2026-04-29T13:59:28.044175	1	30	complete	30
2026-04-29T14:02:37.459303	1	30	complete	30
2026-04-29T14:09:15.300601	1	30	complete	30
2026-04-29T14:19:15.589372	2	30	complete	60
2026-04-29T14:29:15.840979	3	30	complete	90
2026-04-29T14:39:16.211197	4	30	complete	120
2026-04-29T14:48:34.943966	1	30	complete	30
2026-04-29T14:49:16.465167	5	30	complete	150
2026-04-29T14:57:24.622080	1	30	complete	30
2026-04-29T14:58:35.241934	2	30	complete	60
2026-04-29T14:59:16.864483	6	30	complete	180
2026-04-29T15:08:35.515158	3	30	complete	90
2026-04-29T15:09:17.119834	7	30	complete	210
2026-04-29T15:18:35.833012	4	30	complete	120
2026-04-29T15:19:17.439210	8	30	complete	240
2026-04-29T15:28:39.155233	5	30	complete	150
2026-04-29T15:29:21.868616	9	30	complete	270
2026-04-30T06:03:56.436614	1	30	complete	30
2026-04-30T06:05:48.760082	1	30	complete	30
2026-04-30T06:15:48.987988	2	30	complete	60
2026-04-30T06:25:49.197209	3	30	complete	90
2026-04-30T06:35:49.395087	4	30	complete	120
2026-04-30T06:45:49.623108	5	30	complete	150
2026-04-30T06:47:14.954416	1	30	complete	30
2026-04-30T06:55:49.829485	6	30	complete	180
2026-04-30T07:05:50.039759	7	30	complete	210
2026-04-30T07:15:50.270143	8	30	complete	240
2026-04-30T07:25:50.482749	9	30	complete	270
2026-04-30T07:35:50.695993	10	30	complete	300
2026-04-30T07:45:50.930942	11	30	complete	330
2026-04-30T07:50:41.340551	1	30	complete	30
2026-04-30T07:51:01.454333	1	30	complete	30
2026-04-30T07:55:51.152021	12	30	complete	360
2026-04-30T08:00:41.588375	2	30	complete	60
2026-04-30T08:05:51.354905	13	30	complete	390
2026-04-30T08:10:41.838418	3	30	complete	90
2026-04-30T08:15:51.581578	14	30	complete	420
2026-04-30T08:20:42.055990	4	30	complete	120
2026-04-30T08:25:51.838732	15	30	complete	450
2026-04-30T08:30:42.249512	5	30	complete	150
2026-04-30T08:33:56.881624	1	30	complete	30
2026-04-30T08:35:52.072106	16	30	complete	480
2026-04-30T08:40:42.447827	6	30	complete	180
2026-04-30T08:45:52.286931	17	30	complete	510
2026-04-30T08:50:42.648245	7	30	complete	210
2026-04-30T08:55:52.522445	18	30	complete	540
2026-04-30T09:00:42.864764	8	30	complete	240
2026-04-30T09:05:52.741385	19	30	complete	570
2026-04-30T09:10:43.057600	9	30	complete	270
2026-04-30T09:15:52.950860	20	30	complete	600
2026-04-30T09:20:43.287049	10	30	complete	300
2026-04-30T09:25:53.183228	21	30	complete	630
1	2026-04-30T09:28:36.850193	cycle start_time queries_executed items_processed domains_analyzed convergence_signals confidence_scores symbols_found queries	complete	270
2	2026-04-30T09:29:36.911731	cycle start_time queries_executed items_processed domains_analyzed convergence_signals confidence_scores symbols_found queries	complete	270
3	2026-04-30T09:30:36.987761	cycle start_time queries_executed items_processed domains_analyzed convergence_signals confidence_scores symbols_found queries	complete	270
2026-04-30T09:30:43.530186	11	30	complete	330
4	2026-04-30T09:31:37.056732	cycle start_time queries_executed items_processed domains_analyzed convergence_signals confidence_scores symbols_found queries	complete	270
5	2026-04-30T09:32:37.122431	cycle start_time queries_executed items_processed domains_analyzed convergence_signals confidence_scores symbols_found queries	complete	270
6	2026-04-30T09:33:37.188700	cycle start_time queries_executed items_processed domains_analyzed convergence_signals confidence_scores symbols_found queries	complete	270
7	2026-04-30T09:34:37.260762	cycle start_time queries_executed items_processed domains_analyzed convergence_signals confidence_scores symbols_found queries	complete	270
8	2026-04-30T09:35:37.362957	cycle start_time queries_executed items_processed domains_analyzed convergence_signals confidence_scores symbols_found queries	complete	270
2026-04-30T09:35:53.402617	22	30	complete	660
9	2026-04-30T09:36:37.467373	cycle start_time queries_executed items_processed domains_analyzed convergence_signals confidence_scores symbols_found queries	complete	270
10	2026-04-30T09:37:37.551333	cycle start_time queries_executed items_processed domains_analyzed convergence_signals confidence_scores symbols_found queries	complete	270
11	2026-04-30T09:38:37.655607	cycle start_time queries_executed items_processed domains_analyzed convergence_signals confidence_scores symbols_found queries	complete	270
12	2026-04-30T09:39:37.749632	cycle start_time queries_executed items_processed domains_analyzed convergence_signals confidence_scores symbols_found queries	complete	270
13	2026-04-30T09:40:37.846817	cycle start_time queries_executed items_processed domains_analyzed convergence_signals confidence_scores symbols_found queries	complete	270
2026-04-30T09:40:43.776972	12	30	complete	360
14	2026-04-30T09:41:37.982040	cycle start_time queries_executed items_processed domains_analyzed convergence_signals confidence_scores symbols_found queries	complete	270
15	2026-04-30T09:42:38.076702	cycle start_time queries_executed items_processed domains_analyzed convergence_signals confidence_scores symbols_found queries	complete	270
16	2026-04-30T09:43:38.186799	cycle start_time queries_executed items_processed domains_analyzed convergence_signals confidence_scores symbols_found queries	complete	270
17	2026-04-30T09:44:38.283268	cycle start_time queries_executed items_processed domains_analyzed convergence_signals confidence_scores symbols_found queries	complete	270
18	2026-04-30T09:45:38.395618	cycle start_time queries_executed items_processed domains_analyzed convergence_signals confidence_scores symbols_found queries	complete	270
2026-04-30T09:45:53.608922	23	30	complete	690
19	2026-04-30T09:46:38.512208	cycle start_time queries_executed items_processed domains_analyzed convergence_signals confidence_scores symbols_found queries	complete	270
20	2026-04-30T09:47:38.632071	cycle start_time queries_executed items_processed domains_analyzed convergence_signals confidence_scores symbols_found queries	complete	270
21	2026-04-30T09:48:38.824285	cycle start_time queries_executed items_processed domains_analyzed convergence_signals confidence_scores symbols_found queries	complete	270
22	2026-04-30T09:49:38.950605	cycle start_time queries_executed items_processed domains_analyzed convergence_signals confidence_scores symbols_found queries	complete	270
23	2026-04-30T09:50:39.052203	cycle start_time queries_executed items_processed domains_analyzed convergence_signals confidence_scores symbols_found queries	complete	270
2026-04-30T09:50:43.960265	13	30	complete	390
24	2026-04-30T09:51:39.161946	cycle start_time queries_executed items_processed domains_analyzed convergence_signals confidence_scores symbols_found queries	complete	270
25	2026-04-30T09:52:39.498554	cycle start_time queries_executed items_processed domains_analyzed convergence_signals confidence_scores symbols_found queries	complete	270
26	2026-04-30T09:53:39.728509	cycle start_time queries_executed items_processed domains_analyzed convergence_signals confidence_scores symbols_found queries	complete	270
27	2026-04-30T09:54:40.076610	cycle start_time queries_executed items_processed domains_analyzed convergence_signals confidence_scores symbols_found queries	complete	270
28	2026-04-30T09:55:40.212516	cycle start_time queries_executed items_processed domains_analyzed convergence_signals confidence_scores symbols_found queries	complete	270
2026-04-30T09:55:53.836608	24	30	complete	720
29	2026-04-30T09:56:40.514040	cycle start_time queries_executed items_processed domains_analyzed convergence_signals confidence_scores symbols_found queries	complete	270
30	2026-04-30T09:57:40.654826	cycle start_time queries_executed items_processed domains_analyzed convergence_signals confidence_scores symbols_found queries	complete	270
31	2026-04-30T09:58:40.900575	cycle start_time queries_executed items_processed domains_analyzed convergence_signals confidence_scores symbols_found queries	complete	270
32	2026-04-30T09:59:41.059115	cycle start_time queries_executed items_processed domains_analyzed convergence_signals confidence_scores symbols_found queries	complete	270
33	2026-04-30T10:00:41.278044	cycle start_time queries_executed items_processed domains_analyzed convergence_signals confidence_scores symbols_found queries	complete	270
2026-04-30T10:00:44.282656	14	30	complete	420
34	2026-04-30T10:01:41.430188	cycle start_time queries_executed items_processed domains_analyzed convergence_signals confidence_scores symbols_found queries	complete	270
35	2026-04-30T10:02:41.585284	cycle start_time queries_executed items_processed domains_analyzed convergence_signals confidence_scores symbols_found queries	complete	270
36	2026-04-30T10:03:41.753939	cycle start_time queries_executed items_processed domains_analyzed convergence_signals confidence_scores symbols_found queries	complete	270
37	2026-04-30T10:04:41.908580	cycle start_time queries_executed items_processed domains_analyzed convergence_signals confidence_scores symbols_found queries	complete	270
38	2026-04-30T10:05:42.045749	cycle start_time queries_executed items_processed domains_analyzed convergence_signals confidence_scores symbols_found queries	complete	270
2026-04-30T10:05:54.056491	25	30	complete	750
39	2026-04-30T10:06:42.194572	cycle start_time queries_executed items_processed domains_analyzed convergence_signals confidence_scores symbols_found queries	complete	270
40	2026-04-30T10:07:42.358730	cycle start_time queries_executed items_processed domains_analyzed convergence_signals confidence_scores symbols_found queries	complete	270
41	2026-04-30T10:08:42.542537	cycle start_time queries_executed items_processed domains_analyzed convergence_signals confidence_scores symbols_found queries	complete	270
42	2026-04-30T10:09:42.786898	cycle start_time queries_executed items_processed domains_analyzed convergence_signals confidence_scores symbols_found queries	complete	270
43	2026-04-30T10:10:43.370781	cycle start_time queries_executed items_processed domains_analyzed convergence_signals confidence_scores symbols_found queries	complete	270
2026-04-30T10:10:44.717307	15	30	complete	450
44	2026-04-30T10:11:43.549199	cycle start_time queries_executed items_processed domains_analyzed convergence_signals confidence_scores symbols_found queries	complete	270
45	2026-04-30T10:12:43.740580	cycle start_time queries_executed items_processed domains_analyzed convergence_signals confidence_scores symbols_found queries	complete	270
46	2026-04-30T10:13:44.081975	cycle start_time queries_executed items_processed domains_analyzed convergence_signals confidence_scores symbols_found queries	complete	270
47	2026-04-30T10:14:44.288496	cycle start_time queries_executed items_processed domains_analyzed convergence_signals confidence_scores symbols_found queries	complete	270
48	2026-04-30T10:15:44.465477	cycle start_time queries_executed items_processed domains_analyzed convergence_signals confidence_scores symbols_found queries	complete	270
2026-04-30T10:15:54.283975	26	30	complete	780
49	2026-04-30T10:16:44.664768	cycle start_time queries_executed items_processed domains_analyzed convergence_signals confidence_scores symbols_found queries	complete	270
50	2026-04-30T10:17:45.107553	cycle start_time queries_executed items_processed domains_analyzed convergence_signals confidence_scores symbols_found queries	complete	270
51	2026-04-30T10:18:45.290538	cycle start_time queries_executed items_processed domains_analyzed convergence_signals confidence_scores symbols_found queries	complete	270
52	2026-04-30T10:19:45.472692	cycle start_time queries_executed items_processed domains_analyzed convergence_signals confidence_scores symbols_found queries	complete	270
2026-04-30T10:20:45.188673	16	30	complete	480
53	2026-04-30T10:20:45.648505	cycle start_time queries_executed items_processed domains_analyzed convergence_signals confidence_scores symbols_found queries	complete	270
54	2026-04-30T10:21:45.857589	cycle start_time queries_executed items_processed domains_analyzed convergence_signals confidence_scores symbols_found queries	complete	270
55	2026-04-30T10:22:46.090789	cycle start_time queries_executed items_processed domains_analyzed convergence_signals confidence_scores symbols_found queries	complete	270
56	2026-04-30T10:23:46.311050	cycle start_time queries_executed items_processed domains_analyzed convergence_signals confidence_scores symbols_found queries	complete	270
57	2026-04-30T10:24:46.512965	cycle start_time queries_executed items_processed domains_analyzed convergence_signals confidence_scores symbols_found queries	complete	270
58	2026-04-30T10:25:46.768644	cycle start_time queries_executed items_processed domains_analyzed convergence_signals confidence_scores symbols_found queries	complete	270
2026-04-30T10:25:54.502332	27	30	complete	810
59	2026-04-30T10:26:47.026061	cycle start_time queries_executed items_processed domains_analyzed convergence_signals confidence_scores symbols_found queries	complete	270
60	2026-04-30T10:27:47.320677	cycle start_time queries_executed items_processed domains_analyzed convergence_signals confidence_scores symbols_found queries	complete	270
61	2026-04-30T10:28:47.540762	cycle start_time queries_executed items_processed domains_analyzed convergence_signals confidence_scores symbols_found queries	complete	270
1	2026-04-30T10:29:30.039783	cycle start_time queries_executed items_processed domains_analyzed convergence_signals confidence_scores symbols_found queries	complete	270
62	2026-04-30T10:29:47.747351	cycle start_time queries_executed items_processed domains_analyzed convergence_signals confidence_scores symbols_found queries	complete	270
2	2026-04-30T10:30:30.226202	cycle start_time queries_executed items_processed domains_analyzed convergence_signals confidence_scores symbols_found queries	complete	270
2026-04-30T10:30:45.409441	17	30	complete	510
63	2026-04-30T10:30:47.962281	cycle start_time queries_executed items_processed domains_analyzed convergence_signals confidence_scores symbols_found queries	complete	270
3	2026-04-30T10:31:30.458981	cycle start_time queries_executed items_processed domains_analyzed convergence_signals confidence_scores symbols_found queries	complete	270
64	2026-04-30T10:31:48.175726	cycle start_time queries_executed items_processed domains_analyzed convergence_signals confidence_scores symbols_found queries	complete	270
4	2026-04-30T10:32:30.694025	cycle start_time queries_executed items_processed domains_analyzed convergence_signals confidence_scores symbols_found queries	complete	270
65	2026-04-30T10:32:48.381010	cycle start_time queries_executed items_processed domains_analyzed convergence_signals confidence_scores symbols_found queries	complete	270
5	2026-04-30T10:33:30.923816	cycle start_time queries_executed items_processed domains_analyzed convergence_signals confidence_scores symbols_found queries	complete	270
66	2026-04-30T10:33:48.620510	cycle start_time queries_executed items_processed domains_analyzed convergence_signals confidence_scores symbols_found queries	complete	270
1	2026-04-30T10:33:56.707099	cycle start_time queries_executed items_processed domains_analyzed convergence_signals confidence_scores symbols_found queries	complete	270
6	2026-04-30T10:34:31.221801	cycle start_time queries_executed items_processed domains_analyzed convergence_signals confidence_scores symbols_found queries	complete	270
67	2026-04-30T10:34:48.883214	cycle start_time queries_executed items_processed domains_analyzed convergence_signals confidence_scores symbols_found queries	complete	270
7	2026-04-30T10:35:31.510987	cycle start_time queries_executed items_processed domains_analyzed convergence_signals confidence_scores symbols_found queries	complete	270
68	2026-04-30T10:35:49.101431	cycle start_time queries_executed items_processed domains_analyzed convergence_signals confidence_scores symbols_found queries	complete	270
2026-04-30T10:35:54.904057	28	30	complete	840
8	2026-04-30T10:36:31.758030	cycle start_time queries_executed items_processed domains_analyzed convergence_signals confidence_scores symbols_found queries	complete	270
69	2026-04-30T10:36:49.356584	cycle start_time queries_executed items_processed domains_analyzed convergence_signals confidence_scores symbols_found queries	complete	270
9	2026-04-30T10:37:32.124656	cycle start_time queries_executed items_processed domains_analyzed convergence_signals confidence_scores symbols_found queries	complete	270
1	2026-04-30T10:37:34.641579	cycle start_time queries_executed items_processed domains_analyzed convergence_signals confidence_scores symbols_found queries	complete	270
70	2026-04-30T10:37:49.640328	cycle start_time queries_executed items_processed domains_analyzed convergence_signals confidence_scores symbols_found queries	complete	270
10	2026-04-30T10:38:32.383802	cycle start_time queries_executed items_processed domains_analyzed convergence_signals confidence_scores symbols_found queries	complete	270
1	2026-04-30T10:38:46.284081	cycle start_time queries_executed items_processed domains_analyzed convergence_signals confidence_scores symbols_found queries	complete	270
71	2026-04-30T10:38:49.858555	cycle start_time queries_executed items_processed domains_analyzed convergence_signals confidence_scores symbols_found queries	complete	270
11	2026-04-30T10:39:32.689395	cycle start_time queries_executed items_processed domains_analyzed convergence_signals confidence_scores symbols_found queries	complete	270
2	2026-04-30T10:39:46.318675	cycle start_time queries_executed items_processed domains_analyzed convergence_signals confidence_scores symbols_found queries	complete	270
72	2026-04-30T10:39:50.081307	cycle start_time queries_executed items_processed domains_analyzed convergence_signals confidence_scores symbols_found queries	complete	270
12	2026-04-30T10:40:32.951244	cycle start_time queries_executed items_processed domains_analyzed convergence_signals confidence_scores symbols_found queries	complete	270
2026-04-30T10:40:45.613900	18	30	complete	540
3	2026-04-30T10:40:46.360606	cycle start_time queries_executed items_processed domains_analyzed convergence_signals confidence_scores symbols_found queries	complete	270
73	2026-04-30T10:40:50.342746	cycle start_time queries_executed items_processed domains_analyzed convergence_signals confidence_scores symbols_found queries	complete	270
13	2026-04-30T10:41:33.209981	cycle start_time queries_executed items_processed domains_analyzed convergence_signals confidence_scores symbols_found queries	complete	270
4	2026-04-30T10:41:46.373528	cycle start_time queries_executed items_processed domains_analyzed convergence_signals confidence_scores symbols_found queries	complete	270
74	2026-04-30T10:41:50.587344	cycle start_time queries_executed items_processed domains_analyzed convergence_signals confidence_scores symbols_found queries	complete	270
14	2026-04-30T10:42:33.470019	cycle start_time queries_executed items_processed domains_analyzed convergence_signals confidence_scores symbols_found queries	complete	270
5	2026-04-30T10:42:46.420821	cycle start_time queries_executed items_processed domains_analyzed convergence_signals confidence_scores symbols_found queries	complete	270
75	2026-04-30T10:42:50.795928	cycle start_time queries_executed items_processed domains_analyzed convergence_signals confidence_scores symbols_found queries	complete	270
15	2026-04-30T10:43:33.783259	cycle start_time queries_executed items_processed domains_analyzed convergence_signals confidence_scores symbols_found queries	complete	270
6	2026-04-30T10:43:46.461610	cycle start_time queries_executed items_processed domains_analyzed convergence_signals confidence_scores symbols_found queries	complete	270
76	2026-04-30T10:43:51.060058	cycle start_time queries_executed items_processed domains_analyzed convergence_signals confidence_scores symbols_found queries	complete	270
16	2026-04-30T10:44:34.025508	cycle start_time queries_executed items_processed domains_analyzed convergence_signals confidence_scores symbols_found queries	complete	270
7	2026-04-30T10:44:46.661835	cycle start_time queries_executed items_processed domains_analyzed convergence_signals confidence_scores symbols_found queries	complete	270
77	2026-04-30T10:44:51.328049	cycle start_time queries_executed items_processed domains_analyzed convergence_signals confidence_scores symbols_found queries	complete	270
17	2026-04-30T10:45:34.329006	cycle start_time queries_executed items_processed domains_analyzed convergence_signals confidence_scores symbols_found queries	complete	270
8	2026-04-30T10:45:46.707600	cycle start_time queries_executed items_processed domains_analyzed convergence_signals confidence_scores symbols_found queries	complete	270
78	2026-04-30T10:45:51.588401	cycle start_time queries_executed items_processed domains_analyzed convergence_signals confidence_scores symbols_found queries	complete	270
2026-04-30T10:45:55.163044	29	30	complete	870
18	2026-04-30T10:46:34.640343	cycle start_time queries_executed items_processed domains_analyzed convergence_signals confidence_scores symbols_found queries	complete	270
9	2026-04-30T10:46:46.731270	cycle start_time queries_executed items_processed domains_analyzed convergence_signals confidence_scores symbols_found queries	complete	270
79	2026-04-30T10:46:51.849888	cycle start_time queries_executed items_processed domains_analyzed convergence_signals confidence_scores symbols_found queries	complete	270
19	2026-04-30T10:47:34.968893	cycle start_time queries_executed items_processed domains_analyzed convergence_signals confidence_scores symbols_found queries	complete	270
10	2026-04-30T10:47:46.758825	cycle start_time queries_executed items_processed domains_analyzed convergence_signals confidence_scores symbols_found queries	complete	270
80	2026-04-30T10:47:52.160346	cycle start_time queries_executed items_processed domains_analyzed convergence_signals confidence_scores symbols_found queries	complete	270
20	2026-04-30T10:48:35.204976	cycle start_time queries_executed items_processed domains_analyzed convergence_signals confidence_scores symbols_found queries	complete	270
11	2026-04-30T10:48:46.789910	cycle start_time queries_executed items_processed domains_analyzed convergence_signals confidence_scores symbols_found queries	complete	270
81	2026-04-30T10:48:52.435367	cycle start_time queries_executed items_processed domains_analyzed convergence_signals confidence_scores symbols_found queries	complete	270
21	2026-04-30T10:49:35.497113	cycle start_time queries_executed items_processed domains_analyzed convergence_signals confidence_scores symbols_found queries	complete	270
12	2026-04-30T10:49:46.816136	cycle start_time queries_executed items_processed domains_analyzed convergence_signals confidence_scores symbols_found queries	complete	270
82	2026-04-30T10:49:52.731013	cycle start_time queries_executed items_processed domains_analyzed convergence_signals confidence_scores symbols_found queries	complete	270
22	2026-04-30T10:50:35.820772	cycle start_time queries_executed items_processed domains_analyzed convergence_signals confidence_scores symbols_found queries	complete	270
2026-04-30T10:50:45.836042	19	30	complete	570
13	2026-04-30T10:50:46.877843	cycle start_time queries_executed items_processed domains_analyzed convergence_signals confidence_scores symbols_found queries	complete	270
83	2026-04-30T10:50:53.020432	cycle start_time queries_executed items_processed domains_analyzed convergence_signals confidence_scores symbols_found queries	complete	270
23	2026-04-30T10:51:36.142785	cycle start_time queries_executed items_processed domains_analyzed convergence_signals confidence_scores symbols_found queries	complete	270
14	2026-04-30T10:51:46.941224	cycle start_time queries_executed items_processed domains_analyzed convergence_signals confidence_scores symbols_found queries	complete	270
84	2026-04-30T10:51:53.344179	cycle start_time queries_executed items_processed domains_analyzed convergence_signals confidence_scores symbols_found queries	complete	270
24	2026-04-30T10:52:36.385427	cycle start_time queries_executed items_processed domains_analyzed convergence_signals confidence_scores symbols_found queries	complete	270
15	2026-04-30T10:52:46.958451	cycle start_time queries_executed items_processed domains_analyzed convergence_signals confidence_scores symbols_found queries	complete	270
85	2026-04-30T10:52:53.638310	cycle start_time queries_executed items_processed domains_analyzed convergence_signals confidence_scores symbols_found queries	complete	270
25	2026-04-30T10:53:36.676054	cycle start_time queries_executed items_processed domains_analyzed convergence_signals confidence_scores symbols_found queries	complete	270
16	2026-04-30T10:53:46.987435	cycle start_time queries_executed items_processed domains_analyzed convergence_signals confidence_scores symbols_found queries	complete	270
86	2026-04-30T10:53:53.910567	cycle start_time queries_executed items_processed domains_analyzed convergence_signals confidence_scores symbols_found queries	complete	270
26	2026-04-30T10:54:36.963027	cycle start_time queries_executed items_processed domains_analyzed convergence_signals confidence_scores symbols_found queries	complete	270
17	2026-04-30T10:54:47.012823	cycle start_time queries_executed items_processed domains_analyzed convergence_signals confidence_scores symbols_found queries	complete	270
87	2026-04-30T10:54:54.176156	cycle start_time queries_executed items_processed domains_analyzed convergence_signals confidence_scores symbols_found queries	complete	270
27	2026-04-30T10:55:37.212492	cycle start_time queries_executed items_processed domains_analyzed convergence_signals confidence_scores symbols_found queries	complete	270
18	2026-04-30T10:55:47.037339	cycle start_time queries_executed items_processed domains_analyzed convergence_signals confidence_scores symbols_found queries	complete	270
88	2026-04-30T10:55:54.441672	cycle start_time queries_executed items_processed domains_analyzed convergence_signals confidence_scores symbols_found queries	complete	270
2026-04-30T10:55:55.383232	30	30	complete	900
28	2026-04-30T10:56:37.505456	cycle start_time queries_executed items_processed domains_analyzed convergence_signals confidence_scores symbols_found queries	complete	270
19	2026-04-30T10:56:47.064312	cycle start_time queries_executed items_processed domains_analyzed convergence_signals confidence_scores symbols_found queries	complete	270
89	2026-04-30T10:56:54.708648	cycle start_time queries_executed items_processed domains_analyzed convergence_signals confidence_scores symbols_found queries	complete	270
29	2026-04-30T10:57:37.792004	cycle start_time queries_executed items_processed domains_analyzed convergence_signals confidence_scores symbols_found queries	complete	270
20	2026-04-30T10:57:47.088924	cycle start_time queries_executed items_processed domains_analyzed convergence_signals confidence_scores symbols_found queries	complete	270
90	2026-04-30T10:57:55.017041	cycle start_time queries_executed items_processed domains_analyzed convergence_signals confidence_scores symbols_found queries	complete	270
30	2026-04-30T10:58:38.109962	cycle start_time queries_executed items_processed domains_analyzed convergence_signals confidence_scores symbols_found queries	complete	270
21	2026-04-30T10:58:47.117615	cycle start_time queries_executed items_processed domains_analyzed convergence_signals confidence_scores symbols_found queries	complete	270
91	2026-04-30T10:58:55.279555	cycle start_time queries_executed items_processed domains_analyzed convergence_signals confidence_scores symbols_found queries	complete	270
31	2026-04-30T10:59:38.380796	cycle start_time queries_executed items_processed domains_analyzed convergence_signals confidence_scores symbols_found queries	complete	270
22	2026-04-30T10:59:47.144128	cycle start_time queries_executed items_processed domains_analyzed convergence_signals confidence_scores symbols_found queries	complete	270
92	2026-04-30T10:59:55.602489	cycle start_time queries_executed items_processed domains_analyzed convergence_signals confidence_scores symbols_found queries	complete	270
32	2026-04-30T11:00:38.652322	cycle start_time queries_executed items_processed domains_analyzed convergence_signals confidence_scores symbols_found queries	complete	270
2026-04-30T11:00:46.079537	20	30	complete	600
23	2026-04-30T11:00:47.183491	cycle start_time queries_executed items_processed domains_analyzed convergence_signals confidence_scores symbols_found queries	complete	270
93	2026-04-30T11:00:55.871003	cycle start_time queries_executed items_processed domains_analyzed convergence_signals confidence_scores symbols_found queries	complete	270
33	2026-04-30T11:01:38.959471	cycle start_time queries_executed items_processed domains_analyzed convergence_signals confidence_scores symbols_found queries	complete	270
24	2026-04-30T11:01:47.234411	cycle start_time queries_executed items_processed domains_analyzed convergence_signals confidence_scores symbols_found queries	complete	270
94	2026-04-30T11:01:56.132519	cycle start_time queries_executed items_processed domains_analyzed convergence_signals confidence_scores symbols_found queries	complete	270
34	2026-04-30T11:02:39.274805	cycle start_time queries_executed items_processed domains_analyzed convergence_signals confidence_scores symbols_found queries	complete	270
25	2026-04-30T11:02:47.558309	cycle start_time queries_executed items_processed domains_analyzed convergence_signals confidence_scores symbols_found queries	complete	270
95	2026-04-30T11:02:56.432550	cycle start_time queries_executed items_processed domains_analyzed convergence_signals confidence_scores symbols_found queries	complete	270
35	2026-04-30T11:03:39.530163	cycle start_time queries_executed items_processed domains_analyzed convergence_signals confidence_scores symbols_found queries	complete	270
26	2026-04-30T11:03:47.584420	cycle start_time queries_executed items_processed domains_analyzed convergence_signals confidence_scores symbols_found queries	complete	270
96	2026-04-30T11:03:56.726316	cycle start_time queries_executed items_processed domains_analyzed convergence_signals confidence_scores symbols_found queries	complete	270
36	2026-04-30T11:04:39.829290	cycle start_time queries_executed items_processed domains_analyzed convergence_signals confidence_scores symbols_found queries	complete	270
27	2026-04-30T11:04:47.601124	cycle start_time queries_executed items_processed domains_analyzed convergence_signals confidence_scores symbols_found queries	complete	270
97	2026-04-30T11:04:57.041762	cycle start_time queries_executed items_processed domains_analyzed convergence_signals confidence_scores symbols_found queries	complete	270
37	2026-04-30T11:05:40.121118	cycle start_time queries_executed items_processed domains_analyzed convergence_signals confidence_scores symbols_found queries	complete	270
28	2026-04-30T11:05:47.613537	cycle start_time queries_executed items_processed domains_analyzed convergence_signals confidence_scores symbols_found queries	complete	270
2026-04-30T11:05:55.592921	31	30	complete	930
98	2026-04-30T11:05:57.353057	cycle start_time queries_executed items_processed domains_analyzed convergence_signals confidence_scores symbols_found queries	complete	270
38	2026-04-30T11:06:40.305204	cycle start_time queries_executed items_processed domains_analyzed convergence_signals confidence_scores symbols_found queries	complete	270
29	2026-04-30T11:06:47.830526	cycle start_time queries_executed items_processed domains_analyzed convergence_signals confidence_scores symbols_found queries	complete	270
99	2026-04-30T11:06:57.363196	cycle start_time queries_executed items_processed domains_analyzed convergence_signals confidence_scores symbols_found queries	complete	270
39	2026-04-30T11:07:40.312995	cycle start_time queries_executed items_processed domains_analyzed convergence_signals confidence_scores symbols_found queries	complete	270
30	2026-04-30T11:07:48.106439	cycle start_time queries_executed items_processed domains_analyzed convergence_signals confidence_scores symbols_found queries	complete	270
100	2026-04-30T11:07:57.378104	cycle start_time queries_executed items_processed domains_analyzed convergence_signals confidence_scores symbols_found queries	complete	270
40	2026-04-30T11:08:40.320397	cycle start_time queries_executed items_processed domains_analyzed convergence_signals confidence_scores symbols_found queries	complete	270
31	2026-04-30T11:08:48.131600	cycle start_time queries_executed items_processed domains_analyzed convergence_signals confidence_scores symbols_found queries	complete	270
101	2026-04-30T11:08:57.402184	cycle start_time queries_executed items_processed domains_analyzed convergence_signals confidence_scores symbols_found queries	complete	270
41	2026-04-30T11:09:40.328662	cycle start_time queries_executed items_processed domains_analyzed convergence_signals confidence_scores symbols_found queries	complete	270
32	2026-04-30T11:09:48.156695	cycle start_time queries_executed items_processed domains_analyzed convergence_signals confidence_scores symbols_found queries	complete	270
102	2026-04-30T11:09:57.412159	cycle start_time queries_executed items_processed domains_analyzed convergence_signals confidence_scores symbols_found queries	complete	270
42	2026-04-30T11:10:40.338715	cycle start_time queries_executed items_processed domains_analyzed convergence_signals confidence_scores symbols_found queries	complete	270
2026-04-30T11:10:46.277194	21	30	complete	630
33	2026-04-30T11:10:48.185523	cycle start_time queries_executed items_processed domains_analyzed convergence_signals confidence_scores symbols_found queries	complete	270
103	2026-04-30T11:10:57.439388	cycle start_time queries_executed items_processed domains_analyzed convergence_signals confidence_scores symbols_found queries	complete	270
43	2026-04-30T11:11:40.345401	cycle start_time queries_executed items_processed domains_analyzed convergence_signals confidence_scores symbols_found queries	complete	270
34	2026-04-30T11:11:48.205998	cycle start_time queries_executed items_processed domains_analyzed convergence_signals confidence_scores symbols_found queries	complete	270
104	2026-04-30T11:11:57.449123	cycle start_time queries_executed items_processed domains_analyzed convergence_signals confidence_scores symbols_found queries	complete	270
44	2026-04-30T11:12:40.409667	cycle start_time queries_executed items_processed domains_analyzed convergence_signals confidence_scores symbols_found queries	complete	270
35	2026-04-30T11:12:48.290463	cycle start_time queries_executed items_processed domains_analyzed convergence_signals confidence_scores symbols_found queries	complete	270
105	2026-04-30T11:12:57.460981	cycle start_time queries_executed items_processed domains_analyzed convergence_signals confidence_scores symbols_found queries	complete	270
45	2026-04-30T11:13:40.415362	cycle start_time queries_executed items_processed domains_analyzed convergence_signals confidence_scores symbols_found queries	complete	270
36	2026-04-30T11:13:48.315344	cycle start_time queries_executed items_processed domains_analyzed convergence_signals confidence_scores symbols_found queries	complete	270
106	2026-04-30T11:13:57.465618	cycle start_time queries_executed items_processed domains_analyzed convergence_signals confidence_scores symbols_found queries	complete	270
46	2026-04-30T11:14:40.424217	cycle start_time queries_executed items_processed domains_analyzed convergence_signals confidence_scores symbols_found queries	complete	270
37	2026-04-30T11:14:48.335208	cycle start_time queries_executed items_processed domains_analyzed convergence_signals confidence_scores symbols_found queries	complete	270
107	2026-04-30T11:14:57.476947	cycle start_time queries_executed items_processed domains_analyzed convergence_signals confidence_scores symbols_found queries	complete	270
47	2026-04-30T11:15:40.429658	cycle start_time queries_executed items_processed domains_analyzed convergence_signals confidence_scores symbols_found queries	complete	270
38	2026-04-30T11:15:48.445335	cycle start_time queries_executed items_processed domains_analyzed convergence_signals confidence_scores symbols_found queries	complete	270
2026-04-30T11:15:55.844536	32	30	complete	960
108	2026-04-30T11:15:57.499010	cycle start_time queries_executed items_processed domains_analyzed convergence_signals confidence_scores symbols_found queries	complete	270
2026-04-30T11:16:28.793390	1	30	complete	30
48	2026-04-30T11:16:40.495695	cycle start_time queries_executed items_processed domains_analyzed convergence_signals confidence_scores symbols_found queries	complete	270
39	2026-04-30T11:16:48.528624	cycle start_time queries_executed items_processed domains_analyzed convergence_signals confidence_scores symbols_found queries	complete	270
109	2026-04-30T11:16:57.504477	cycle start_time queries_executed items_processed domains_analyzed convergence_signals confidence_scores symbols_found queries	complete	270
1	2026-04-30T11:17:33.297109	cycle start_time queries_executed items_processed domains_analyzed convergence_signals confidence_scores symbols_found queries	complete	270
49	2026-04-30T11:17:40.514572	cycle start_time queries_executed items_processed domains_analyzed convergence_signals confidence_scores symbols_found queries	complete	270
40	2026-04-30T11:17:48.641319	cycle start_time queries_executed items_processed domains_analyzed convergence_signals confidence_scores symbols_found queries	complete	270
110	2026-04-30T11:17:57.509505	cycle start_time queries_executed items_processed domains_analyzed convergence_signals confidence_scores symbols_found queries	complete	270
1	2026-04-30T11:18:19.144376	cycle start_time queries_executed items_processed domains_analyzed convergence_signals confidence_scores symbols_found queries	complete	270
50	2026-04-30T11:18:40.522363	cycle start_time queries_executed items_processed domains_analyzed convergence_signals confidence_scores symbols_found queries	complete	270
41	2026-04-30T11:18:48.739577	cycle start_time queries_executed items_processed domains_analyzed convergence_signals confidence_scores symbols_found queries	complete	270
111	2026-04-30T11:18:57.523419	cycle start_time queries_executed items_processed domains_analyzed convergence_signals confidence_scores symbols_found queries	complete	270
51	2026-04-30T11:19:40.531814	cycle start_time queries_executed items_processed domains_analyzed convergence_signals confidence_scores symbols_found queries	complete	270
42	2026-04-30T11:19:48.802982	cycle start_time queries_executed items_processed domains_analyzed convergence_signals confidence_scores symbols_found queries	complete	270
112	2026-04-30T11:19:57.546942	cycle start_time queries_executed items_processed domains_analyzed convergence_signals confidence_scores symbols_found queries	complete	270
52	2026-04-30T11:20:40.545137	cycle start_time queries_executed items_processed domains_analyzed convergence_signals confidence_scores symbols_found queries	complete	270
2026-04-30T11:20:46.506088	22	30	complete	660
43	2026-04-30T11:20:48.833407	cycle start_time queries_executed items_processed domains_analyzed convergence_signals confidence_scores symbols_found queries	complete	270
113	2026-04-30T11:20:57.554606	cycle start_time queries_executed items_processed domains_analyzed convergence_signals confidence_scores symbols_found queries	complete	270
53	2026-04-30T11:21:40.554026	cycle start_time queries_executed items_processed domains_analyzed convergence_signals confidence_scores symbols_found queries	complete	270
44	2026-04-30T11:21:48.859033	cycle start_time queries_executed items_processed domains_analyzed convergence_signals confidence_scores symbols_found queries	complete	270
114	2026-04-30T11:21:57.570513	cycle start_time queries_executed items_processed domains_analyzed convergence_signals confidence_scores symbols_found queries	complete	270
54	2026-04-30T11:22:40.559946	cycle start_time queries_executed items_processed domains_analyzed convergence_signals confidence_scores symbols_found queries	complete	270
45	2026-04-30T11:22:48.885697	cycle start_time queries_executed items_processed domains_analyzed convergence_signals confidence_scores symbols_found queries	complete	270
115	2026-04-30T11:22:57.579616	cycle start_time queries_executed items_processed domains_analyzed convergence_signals confidence_scores symbols_found queries	complete	270
55	2026-04-30T11:23:40.568825	cycle start_time queries_executed items_processed domains_analyzed convergence_signals confidence_scores symbols_found queries	complete	270
46	2026-04-30T11:23:48.913573	cycle start_time queries_executed items_processed domains_analyzed convergence_signals confidence_scores symbols_found queries	complete	270
116	2026-04-30T11:23:57.589780	cycle start_time queries_executed items_processed domains_analyzed convergence_signals confidence_scores symbols_found queries	complete	270
56	2026-04-30T11:24:40.618061	cycle start_time queries_executed items_processed domains_analyzed convergence_signals confidence_scores symbols_found queries	complete	270
47	2026-04-30T11:24:48.974863	cycle start_time queries_executed items_processed domains_analyzed convergence_signals confidence_scores symbols_found queries	complete	270
117	2026-04-30T11:24:57.603796	cycle start_time queries_executed items_processed domains_analyzed convergence_signals confidence_scores symbols_found queries	complete	270
57	2026-04-30T11:25:40.644767	cycle start_time queries_executed items_processed domains_analyzed convergence_signals confidence_scores symbols_found queries	complete	270
48	2026-04-30T11:25:49.225427	cycle start_time queries_executed items_processed domains_analyzed convergence_signals confidence_scores symbols_found queries	complete	270
2026-04-30T11:25:56.042865	33	30	complete	990
118	2026-04-30T11:25:57.627063	cycle start_time queries_executed items_processed domains_analyzed convergence_signals confidence_scores symbols_found queries	complete	270
58	2026-04-30T11:26:40.699835	cycle start_time queries_executed items_processed domains_analyzed convergence_signals confidence_scores symbols_found queries	complete	270
49	2026-04-30T11:26:49.573233	cycle start_time queries_executed items_processed domains_analyzed convergence_signals confidence_scores symbols_found queries	complete	270
119	2026-04-30T11:26:57.640495	cycle start_time queries_executed items_processed domains_analyzed convergence_signals confidence_scores symbols_found queries	complete	270
59	2026-04-30T11:27:40.709512	cycle start_time queries_executed items_processed domains_analyzed convergence_signals confidence_scores symbols_found queries	complete	270
50	2026-04-30T11:27:49.590902	cycle start_time queries_executed items_processed domains_analyzed convergence_signals confidence_scores symbols_found queries	complete	270
120	2026-04-30T11:27:57.665688	cycle start_time queries_executed items_processed domains_analyzed convergence_signals confidence_scores symbols_found queries	complete	270
60	2026-04-30T11:28:40.715645	cycle start_time queries_executed items_processed domains_analyzed convergence_signals confidence_scores symbols_found queries	complete	270
51	2026-04-30T11:28:49.960255	cycle start_time queries_executed items_processed domains_analyzed convergence_signals confidence_scores symbols_found queries	complete	270
121	2026-04-30T11:28:57.670506	cycle start_time queries_executed items_processed domains_analyzed convergence_signals confidence_scores symbols_found queries	complete	270
61	2026-04-30T11:29:40.763313	cycle start_time queries_executed items_processed domains_analyzed convergence_signals confidence_scores symbols_found queries	complete	270
52	2026-04-30T11:29:50.006015	cycle start_time queries_executed items_processed domains_analyzed convergence_signals confidence_scores symbols_found queries	complete	270
122	2026-04-30T11:29:57.676090	cycle start_time queries_executed items_processed domains_analyzed convergence_signals confidence_scores symbols_found queries	complete	270
62	2026-04-30T11:30:40.771181	cycle start_time queries_executed items_processed domains_analyzed convergence_signals confidence_scores symbols_found queries	complete	270
2026-04-30T11:30:46.799717	23	30	complete	690
53	2026-04-30T11:30:50.034191	cycle start_time queries_executed items_processed domains_analyzed convergence_signals confidence_scores symbols_found queries	complete	270
123	2026-04-30T11:30:57.703336	cycle start_time queries_executed items_processed domains_analyzed convergence_signals confidence_scores symbols_found queries	complete	270
63	2026-04-30T11:31:40.815093	cycle start_time queries_executed items_processed domains_analyzed convergence_signals confidence_scores symbols_found queries	complete	270
54	2026-04-30T11:31:50.383567	cycle start_time queries_executed items_processed domains_analyzed convergence_signals confidence_scores symbols_found queries	complete	270
124	2026-04-30T11:31:57.709129	cycle start_time queries_executed items_processed domains_analyzed convergence_signals confidence_scores symbols_found queries	complete	270
64	2026-04-30T11:32:40.865640	cycle start_time queries_executed items_processed domains_analyzed convergence_signals confidence_scores symbols_found queries	complete	270
55	2026-04-30T11:32:50.393728	cycle start_time queries_executed items_processed domains_analyzed convergence_signals confidence_scores symbols_found queries	complete	270
125	2026-04-30T11:32:57.729099	cycle start_time queries_executed items_processed domains_analyzed convergence_signals confidence_scores symbols_found queries	complete	270
65	2026-04-30T11:33:40.931420	cycle start_time queries_executed items_processed domains_analyzed convergence_signals confidence_scores symbols_found queries	complete	270
56	2026-04-30T11:33:50.407439	cycle start_time queries_executed items_processed domains_analyzed convergence_signals confidence_scores symbols_found queries	complete	270
126	2026-04-30T11:33:57.735477	cycle start_time queries_executed items_processed domains_analyzed convergence_signals confidence_scores symbols_found queries	complete	270
66	2026-04-30T11:34:40.937948	cycle start_time queries_executed items_processed domains_analyzed convergence_signals confidence_scores symbols_found queries	complete	270
57	2026-04-30T11:34:50.442339	cycle start_time queries_executed items_processed domains_analyzed convergence_signals confidence_scores symbols_found queries	complete	270
127	2026-04-30T11:34:57.766974	cycle start_time queries_executed items_processed domains_analyzed convergence_signals confidence_scores symbols_found queries	complete	270
67	2026-04-30T11:35:40.946482	cycle start_time queries_executed items_processed domains_analyzed convergence_signals confidence_scores symbols_found queries	complete	270
58	2026-04-30T11:35:50.472065	cycle start_time queries_executed items_processed domains_analyzed convergence_signals confidence_scores symbols_found queries	complete	270
2026-04-30T11:35:56.226202	34	30	complete	1020
128	2026-04-30T11:35:57.772551	cycle start_time queries_executed items_processed domains_analyzed convergence_signals confidence_scores symbols_found queries	complete	270
68	2026-04-30T11:36:41.003581	cycle start_time queries_executed items_processed domains_analyzed convergence_signals confidence_scores symbols_found queries	complete	270
59	2026-04-30T11:36:50.893292	cycle start_time queries_executed items_processed domains_analyzed convergence_signals confidence_scores symbols_found queries	complete	270
129	2026-04-30T11:36:57.785839	cycle start_time queries_executed items_processed domains_analyzed convergence_signals confidence_scores symbols_found queries	complete	270
69	2026-04-30T11:37:41.020700	cycle start_time queries_executed items_processed domains_analyzed convergence_signals confidence_scores symbols_found queries	complete	270
60	2026-04-30T11:37:50.923652	cycle start_time queries_executed items_processed domains_analyzed convergence_signals confidence_scores symbols_found queries	complete	270
130	2026-04-30T11:37:57.813327	cycle start_time queries_executed items_processed domains_analyzed convergence_signals confidence_scores symbols_found queries	complete	270
70	2026-04-30T11:38:41.079775	cycle start_time queries_executed items_processed domains_analyzed convergence_signals confidence_scores symbols_found queries	complete	270
61	2026-04-30T11:38:50.934325	cycle start_time queries_executed items_processed domains_analyzed convergence_signals confidence_scores symbols_found queries	complete	270
131	2026-04-30T11:38:57.828547	cycle start_time queries_executed items_processed domains_analyzed convergence_signals confidence_scores symbols_found queries	complete	270
71	2026-04-30T11:39:41.088356	cycle start_time queries_executed items_processed domains_analyzed convergence_signals confidence_scores symbols_found queries	complete	270
62	2026-04-30T11:39:50.962770	cycle start_time queries_executed items_processed domains_analyzed convergence_signals confidence_scores symbols_found queries	complete	270
132	2026-04-30T11:39:57.845909	cycle start_time queries_executed items_processed domains_analyzed convergence_signals confidence_scores symbols_found queries	complete	270
72	2026-04-30T11:40:41.094787	cycle start_time queries_executed items_processed domains_analyzed convergence_signals confidence_scores symbols_found queries	complete	270
2026-04-30T11:40:46.998963	24	30	complete	720
63	2026-04-30T11:40:51.072064	cycle start_time queries_executed items_processed domains_analyzed convergence_signals confidence_scores symbols_found queries	complete	270
133	2026-04-30T11:40:57.856684	cycle start_time queries_executed items_processed domains_analyzed convergence_signals confidence_scores symbols_found queries	complete	270
73	2026-04-30T11:41:41.101085	cycle start_time queries_executed items_processed domains_analyzed convergence_signals confidence_scores symbols_found queries	complete	270
64	2026-04-30T11:41:51.104258	cycle start_time queries_executed items_processed domains_analyzed convergence_signals confidence_scores symbols_found queries	complete	270
134	2026-04-30T11:41:57.883818	cycle start_time queries_executed items_processed domains_analyzed convergence_signals confidence_scores symbols_found queries	complete	270
74	2026-04-30T11:42:41.168036	cycle start_time queries_executed items_processed domains_analyzed convergence_signals confidence_scores symbols_found queries	complete	270
65	2026-04-30T11:42:51.390358	cycle start_time queries_executed items_processed domains_analyzed convergence_signals confidence_scores symbols_found queries	complete	270
135	2026-04-30T11:42:57.895400	cycle start_time queries_executed items_processed domains_analyzed convergence_signals confidence_scores symbols_found queries	complete	270
75	2026-04-30T11:43:41.176581	cycle start_time queries_executed items_processed domains_analyzed convergence_signals confidence_scores symbols_found queries	complete	270
66	2026-04-30T11:43:51.410328	cycle start_time queries_executed items_processed domains_analyzed convergence_signals confidence_scores symbols_found queries	complete	270
136	2026-04-30T11:43:57.900294	cycle start_time queries_executed items_processed domains_analyzed convergence_signals confidence_scores symbols_found queries	complete	270
76	2026-04-30T11:44:41.188763	cycle start_time queries_executed items_processed domains_analyzed convergence_signals confidence_scores symbols_found queries	complete	270
67	2026-04-30T11:44:51.443210	cycle start_time queries_executed items_processed domains_analyzed convergence_signals confidence_scores symbols_found queries	complete	270
137	2026-04-30T11:44:57.927990	cycle start_time queries_executed items_processed domains_analyzed convergence_signals confidence_scores symbols_found queries	complete	270
77	2026-04-30T11:45:41.198474	cycle start_time queries_executed items_processed domains_analyzed convergence_signals confidence_scores symbols_found queries	complete	270
68	2026-04-30T11:45:51.867841	cycle start_time queries_executed items_processed domains_analyzed convergence_signals confidence_scores symbols_found queries	complete	270
2026-04-30T11:45:56.731332	35	30	complete	1050
138	2026-04-30T11:45:57.936796	cycle start_time queries_executed items_processed domains_analyzed convergence_signals confidence_scores symbols_found queries	complete	270
78	2026-04-30T11:46:41.205290	cycle start_time queries_executed items_processed domains_analyzed convergence_signals confidence_scores symbols_found queries	complete	270
69	2026-04-30T11:46:52.081135	cycle start_time queries_executed items_processed domains_analyzed convergence_signals confidence_scores symbols_found queries	complete	270
139	2026-04-30T11:46:57.959065	cycle start_time queries_executed items_processed domains_analyzed convergence_signals confidence_scores symbols_found queries	complete	270
79	2026-04-30T11:47:41.213457	cycle start_time queries_executed items_processed domains_analyzed convergence_signals confidence_scores symbols_found queries	complete	270
70	2026-04-30T11:47:52.462798	cycle start_time queries_executed items_processed domains_analyzed convergence_signals confidence_scores symbols_found queries	complete	270
140	2026-04-30T11:47:57.967132	cycle start_time queries_executed items_processed domains_analyzed convergence_signals confidence_scores symbols_found queries	complete	270
80	2026-04-30T11:48:41.272293	cycle start_time queries_executed items_processed domains_analyzed convergence_signals confidence_scores symbols_found queries	complete	270
71	2026-04-30T11:48:52.899982	cycle start_time queries_executed items_processed domains_analyzed convergence_signals confidence_scores symbols_found queries	complete	270
141	2026-04-30T11:48:57.971354	cycle start_time queries_executed items_processed domains_analyzed convergence_signals confidence_scores symbols_found queries	complete	270
81	2026-04-30T11:49:41.281406	cycle start_time queries_executed items_processed domains_analyzed convergence_signals confidence_scores symbols_found queries	complete	270
72	2026-04-30T11:49:52.932152	cycle start_time queries_executed items_processed domains_analyzed convergence_signals confidence_scores symbols_found queries	complete	270
142	2026-04-30T11:49:57.995008	cycle start_time queries_executed items_processed domains_analyzed convergence_signals confidence_scores symbols_found queries	complete	270
82	2026-04-30T11:50:41.290549	cycle start_time queries_executed items_processed domains_analyzed convergence_signals confidence_scores symbols_found queries	complete	270
2026-04-30T11:50:47.193592	25	30	complete	750
73	2026-04-30T11:50:52.954276	cycle start_time queries_executed items_processed domains_analyzed convergence_signals confidence_scores symbols_found queries	complete	270
143	2026-04-30T11:50:58.007916	cycle start_time queries_executed items_processed domains_analyzed convergence_signals confidence_scores symbols_found queries	complete	270
83	2026-04-30T11:51:41.297127	cycle start_time queries_executed items_processed domains_analyzed convergence_signals confidence_scores symbols_found queries	complete	270
74	2026-04-30T11:51:53.236317	cycle start_time queries_executed items_processed domains_analyzed convergence_signals confidence_scores symbols_found queries	complete	270
144	2026-04-30T11:51:58.012570	cycle start_time queries_executed items_processed domains_analyzed convergence_signals confidence_scores symbols_found queries	complete	270
84	2026-04-30T11:52:41.309032	cycle start_time queries_executed items_processed domains_analyzed convergence_signals confidence_scores symbols_found queries	complete	270
75	2026-04-30T11:52:53.272978	cycle start_time queries_executed items_processed domains_analyzed convergence_signals confidence_scores symbols_found queries	complete	270
145	2026-04-30T11:52:58.038310	cycle start_time queries_executed items_processed domains_analyzed convergence_signals confidence_scores symbols_found queries	complete	270
85	2026-04-30T11:53:41.318586	cycle start_time queries_executed items_processed domains_analyzed convergence_signals confidence_scores symbols_found queries	complete	270
76	2026-04-30T11:53:53.294280	cycle start_time queries_executed items_processed domains_analyzed convergence_signals confidence_scores symbols_found queries	complete	270
146	2026-04-30T11:53:58.050286	cycle start_time queries_executed items_processed domains_analyzed convergence_signals confidence_scores symbols_found queries	complete	270
86	2026-04-30T11:54:41.326269	cycle start_time queries_executed items_processed domains_analyzed convergence_signals confidence_scores symbols_found queries	complete	270
77	2026-04-30T11:54:53.329412	cycle start_time queries_executed items_processed domains_analyzed convergence_signals confidence_scores symbols_found queries	complete	270
147	2026-04-30T11:54:58.076427	cycle start_time queries_executed items_processed domains_analyzed convergence_signals confidence_scores symbols_found queries	complete	270
87	2026-04-30T11:55:41.336212	cycle start_time queries_executed items_processed domains_analyzed convergence_signals confidence_scores symbols_found queries	complete	270
78	2026-04-30T11:55:53.352608	cycle start_time queries_executed items_processed domains_analyzed convergence_signals confidence_scores symbols_found queries	complete	270
2026-04-30T11:55:56.952528	36	30	complete	1080
148	2026-04-30T11:55:58.093423	cycle start_time queries_executed items_processed domains_analyzed convergence_signals confidence_scores symbols_found queries	complete	270
88	2026-04-30T11:56:41.341230	cycle start_time queries_executed items_processed domains_analyzed convergence_signals confidence_scores symbols_found queries	complete	270
79	2026-04-30T11:56:53.359200	cycle start_time queries_executed items_processed domains_analyzed convergence_signals confidence_scores symbols_found queries	complete	270
149	2026-04-30T11:56:58.098146	cycle start_time queries_executed items_processed domains_analyzed convergence_signals confidence_scores symbols_found queries	complete	270
89	2026-04-30T11:57:41.346204	cycle start_time queries_executed items_processed domains_analyzed convergence_signals confidence_scores symbols_found queries	complete	270
80	2026-04-30T11:57:53.378060	cycle start_time queries_executed items_processed domains_analyzed convergence_signals confidence_scores symbols_found queries	complete	270
150	2026-04-30T11:57:58.104999	cycle start_time queries_executed items_processed domains_analyzed convergence_signals confidence_scores symbols_found queries	complete	270
90	2026-04-30T11:58:41.392380	cycle start_time queries_executed items_processed domains_analyzed convergence_signals confidence_scores symbols_found queries	complete	270
81	2026-04-30T11:58:53.387709	cycle start_time queries_executed items_processed domains_analyzed convergence_signals confidence_scores symbols_found queries	complete	270
151	2026-04-30T11:58:58.111786	cycle start_time queries_executed items_processed domains_analyzed convergence_signals confidence_scores symbols_found queries	complete	270
91	2026-04-30T11:59:41.397799	cycle start_time queries_executed items_processed domains_analyzed convergence_signals confidence_scores symbols_found queries	complete	270
82	2026-04-30T11:59:53.636783	cycle start_time queries_executed items_processed domains_analyzed convergence_signals confidence_scores symbols_found queries	complete	270
152	2026-04-30T11:59:58.116444	cycle start_time queries_executed items_processed domains_analyzed convergence_signals confidence_scores symbols_found queries	complete	270
92	2026-04-30T12:00:41.493508	cycle start_time queries_executed items_processed domains_analyzed convergence_signals confidence_scores symbols_found queries	complete	270
2026-04-30T12:00:47.405770	26	30	complete	780
83	2026-04-30T12:00:54.095915	cycle start_time queries_executed items_processed domains_analyzed convergence_signals confidence_scores symbols_found queries	complete	270
153	2026-04-30T12:00:58.121265	cycle start_time queries_executed items_processed domains_analyzed convergence_signals confidence_scores symbols_found queries	complete	270
93	2026-04-30T12:01:41.502777	cycle start_time queries_executed items_processed domains_analyzed convergence_signals confidence_scores symbols_found queries	complete	270
84	2026-04-30T12:01:54.131929	cycle start_time queries_executed items_processed domains_analyzed convergence_signals confidence_scores symbols_found queries	complete	270
154	2026-04-30T12:01:58.148191	cycle start_time queries_executed items_processed domains_analyzed convergence_signals confidence_scores symbols_found queries	complete	270
94	2026-04-30T12:02:41.512292	cycle start_time queries_executed items_processed domains_analyzed convergence_signals confidence_scores symbols_found queries	complete	270
85	2026-04-30T12:02:54.188097	cycle start_time queries_executed items_processed domains_analyzed convergence_signals confidence_scores symbols_found queries	complete	270
155	2026-04-30T12:02:58.170968	cycle start_time queries_executed items_processed domains_analyzed convergence_signals confidence_scores symbols_found queries	complete	270
95	2026-04-30T12:03:41.628833	cycle start_time queries_executed items_processed domains_analyzed convergence_signals confidence_scores symbols_found queries	complete	270
86	2026-04-30T12:03:54.611280	cycle start_time queries_executed items_processed domains_analyzed convergence_signals confidence_scores symbols_found queries	complete	270
156	2026-04-30T12:03:58.175543	cycle start_time queries_executed items_processed domains_analyzed convergence_signals confidence_scores symbols_found queries	complete	270
96	2026-04-30T12:04:41.675845	cycle start_time queries_executed items_processed domains_analyzed convergence_signals confidence_scores symbols_found queries	complete	270
87	2026-04-30T12:04:54.660059	cycle start_time queries_executed items_processed domains_analyzed convergence_signals confidence_scores symbols_found queries	complete	270
157	2026-04-30T12:04:58.181617	cycle start_time queries_executed items_processed domains_analyzed convergence_signals confidence_scores symbols_found queries	complete	270
97	2026-04-30T12:05:41.689868	cycle start_time queries_executed items_processed domains_analyzed convergence_signals confidence_scores symbols_found queries	complete	270
88	2026-04-30T12:05:54.687711	cycle start_time queries_executed items_processed domains_analyzed convergence_signals confidence_scores symbols_found queries	complete	270
2026-04-30T12:05:57.330024	37	30	complete	1110
158	2026-04-30T12:05:58.218513	cycle start_time queries_executed items_processed domains_analyzed convergence_signals confidence_scores symbols_found queries	complete	270
98	2026-04-30T12:06:41.699047	cycle start_time queries_executed items_processed domains_analyzed convergence_signals confidence_scores symbols_found queries	complete	270
89	2026-04-30T12:06:54.717764	cycle start_time queries_executed items_processed domains_analyzed convergence_signals confidence_scores symbols_found queries	complete	270
159	2026-04-30T12:06:58.243860	cycle start_time queries_executed items_processed domains_analyzed convergence_signals confidence_scores symbols_found queries	complete	270
99	2026-04-30T12:07:41.705362	cycle start_time queries_executed items_processed domains_analyzed convergence_signals confidence_scores symbols_found queries	complete	270
90	2026-04-30T12:07:55.085957	cycle start_time queries_executed items_processed domains_analyzed convergence_signals confidence_scores symbols_found queries	complete	270
160	2026-04-30T12:07:58.248342	cycle start_time queries_executed items_processed domains_analyzed convergence_signals confidence_scores symbols_found queries	complete	270
100	2026-04-30T12:08:41.711486	cycle start_time queries_executed items_processed domains_analyzed convergence_signals confidence_scores symbols_found queries	complete	270
91	2026-04-30T12:08:55.093491	cycle start_time queries_executed items_processed domains_analyzed convergence_signals confidence_scores symbols_found queries	complete	270
161	2026-04-30T12:08:58.262411	cycle start_time queries_executed items_processed domains_analyzed convergence_signals confidence_scores symbols_found queries	complete	270
101	2026-04-30T12:09:41.715945	cycle start_time queries_executed items_processed domains_analyzed convergence_signals confidence_scores symbols_found queries	complete	270
92	2026-04-30T12:09:55.100267	cycle start_time queries_executed items_processed domains_analyzed convergence_signals confidence_scores symbols_found queries	complete	270
162	2026-04-30T12:09:58.268248	cycle start_time queries_executed items_processed domains_analyzed convergence_signals confidence_scores symbols_found queries	complete	270
102	2026-04-30T12:10:41.722181	cycle start_time queries_executed items_processed domains_analyzed convergence_signals confidence_scores symbols_found queries	complete	270
2026-04-30T12:10:47.633146	27	30	complete	810
93	2026-04-30T12:10:55.139098	cycle start_time queries_executed items_processed domains_analyzed convergence_signals confidence_scores symbols_found queries	complete	270
163	2026-04-30T12:10:58.296539	cycle start_time queries_executed items_processed domains_analyzed convergence_signals confidence_scores symbols_found queries	complete	270
103	2026-04-30T12:11:41.789487	cycle start_time queries_executed items_processed domains_analyzed convergence_signals confidence_scores symbols_found queries	complete	270
94	2026-04-30T12:11:55.167926	cycle start_time queries_executed items_processed domains_analyzed convergence_signals confidence_scores symbols_found queries	complete	270
164	2026-04-30T12:11:58.308695	cycle start_time queries_executed items_processed domains_analyzed convergence_signals confidence_scores symbols_found queries	complete	270
104	2026-04-30T12:12:41.796435	cycle start_time queries_executed items_processed domains_analyzed convergence_signals confidence_scores symbols_found queries	complete	270
95	2026-04-30T12:12:55.193686	cycle start_time queries_executed items_processed domains_analyzed convergence_signals confidence_scores symbols_found queries	complete	270
165	2026-04-30T12:12:58.313636	cycle start_time queries_executed items_processed domains_analyzed convergence_signals confidence_scores symbols_found queries	complete	270
105	2026-04-30T12:13:41.802852	cycle start_time queries_executed items_processed domains_analyzed convergence_signals confidence_scores symbols_found queries	complete	270
96	2026-04-30T12:13:55.240580	cycle start_time queries_executed items_processed domains_analyzed convergence_signals confidence_scores symbols_found queries	complete	270
166	2026-04-30T12:13:58.319409	cycle start_time queries_executed items_processed domains_analyzed convergence_signals confidence_scores symbols_found queries	complete	270
106	2026-04-30T12:14:41.808670	cycle start_time queries_executed items_processed domains_analyzed convergence_signals confidence_scores symbols_found queries	complete	270
97	2026-04-30T12:14:55.707717	cycle start_time queries_executed items_processed domains_analyzed convergence_signals confidence_scores symbols_found queries	complete	270
167	2026-04-30T12:14:58.324228	cycle start_time queries_executed items_processed domains_analyzed convergence_signals confidence_scores symbols_found queries	complete	270
107	2026-04-30T12:15:41.820486	cycle start_time queries_executed items_processed domains_analyzed convergence_signals confidence_scores symbols_found queries	complete	270
98	2026-04-30T12:15:55.762331	cycle start_time queries_executed items_processed domains_analyzed convergence_signals confidence_scores symbols_found queries	complete	270
2026-04-30T12:15:57.545478	38	30	complete	1140
168	2026-04-30T12:15:58.353083	cycle start_time queries_executed items_processed domains_analyzed convergence_signals confidence_scores symbols_found queries	complete	270
108	2026-04-30T12:16:41.884730	cycle start_time queries_executed items_processed domains_analyzed convergence_signals confidence_scores symbols_found queries	complete	270
99	2026-04-30T12:16:55.774468	cycle start_time queries_executed items_processed domains_analyzed convergence_signals confidence_scores symbols_found queries	complete	270
169	2026-04-30T12:16:58.369272	cycle start_time queries_executed items_processed domains_analyzed convergence_signals confidence_scores symbols_found queries	complete	270
109	2026-04-30T12:17:41.892905	cycle start_time queries_executed items_processed domains_analyzed convergence_signals confidence_scores symbols_found queries	complete	270
100	2026-04-30T12:17:55.780443	cycle start_time queries_executed items_processed domains_analyzed convergence_signals confidence_scores symbols_found queries	complete	270
170	2026-04-30T12:17:58.374092	cycle start_time queries_executed items_processed domains_analyzed convergence_signals confidence_scores symbols_found queries	complete	270
110	2026-04-30T12:18:41.901162	cycle start_time queries_executed items_processed domains_analyzed convergence_signals confidence_scores symbols_found queries	complete	270
101	2026-04-30T12:18:55.787980	cycle start_time queries_executed items_processed domains_analyzed convergence_signals confidence_scores symbols_found queries	complete	270
171	2026-04-30T12:18:58.379950	cycle start_time queries_executed items_processed domains_analyzed convergence_signals confidence_scores symbols_found queries	complete	270
111	2026-04-30T12:19:42.013648	cycle start_time queries_executed items_processed domains_analyzed convergence_signals confidence_scores symbols_found queries	complete	270
102	2026-04-30T12:19:55.797559	cycle start_time queries_executed items_processed domains_analyzed convergence_signals confidence_scores symbols_found queries	complete	270
172	2026-04-30T12:19:58.392023	cycle start_time queries_executed items_processed domains_analyzed convergence_signals confidence_scores symbols_found queries	complete	270
112	2026-04-30T12:20:42.023495	cycle start_time queries_executed items_processed domains_analyzed convergence_signals confidence_scores symbols_found queries	complete	270
2026-04-30T12:20:47.925098	28	30	complete	840
103	2026-04-30T12:20:55.824036	cycle start_time queries_executed items_processed domains_analyzed convergence_signals confidence_scores symbols_found queries	complete	270
173	2026-04-30T12:20:58.418077	cycle start_time queries_executed items_processed domains_analyzed convergence_signals confidence_scores symbols_found queries	complete	270
113	2026-04-30T12:21:42.029884	cycle start_time queries_executed items_processed domains_analyzed convergence_signals confidence_scores symbols_found queries	complete	270
104	2026-04-30T12:21:55.831555	cycle start_time queries_executed items_processed domains_analyzed convergence_signals confidence_scores symbols_found queries	complete	270
174	2026-04-30T12:21:58.423531	cycle start_time queries_executed items_processed domains_analyzed convergence_signals confidence_scores symbols_found queries	complete	270
114	2026-04-30T12:22:42.036646	cycle start_time queries_executed items_processed domains_analyzed convergence_signals confidence_scores symbols_found queries	complete	270
105	2026-04-30T12:22:55.837248	cycle start_time queries_executed items_processed domains_analyzed convergence_signals confidence_scores symbols_found queries	complete	270
175	2026-04-30T12:22:58.428563	cycle start_time queries_executed items_processed domains_analyzed convergence_signals confidence_scores symbols_found queries	complete	270
115	2026-04-30T12:23:42.043214	cycle start_time queries_executed items_processed domains_analyzed convergence_signals confidence_scores symbols_found queries	complete	270
106	2026-04-30T12:23:55.864449	cycle start_time queries_executed items_processed domains_analyzed convergence_signals confidence_scores symbols_found queries	complete	270
176	2026-04-30T12:23:58.456166	cycle start_time queries_executed items_processed domains_analyzed convergence_signals confidence_scores symbols_found queries	complete	270
116	2026-04-30T12:24:42.053785	cycle start_time queries_executed items_processed domains_analyzed convergence_signals confidence_scores symbols_found queries	complete	270
107	2026-04-30T12:24:55.872536	cycle start_time queries_executed items_processed domains_analyzed convergence_signals confidence_scores symbols_found queries	complete	270
177	2026-04-30T12:24:58.461584	cycle start_time queries_executed items_processed domains_analyzed convergence_signals confidence_scores symbols_found queries	complete	270
117	2026-04-30T12:25:42.058814	cycle start_time queries_executed items_processed domains_analyzed convergence_signals confidence_scores symbols_found queries	complete	270
108	2026-04-30T12:25:55.879155	cycle start_time queries_executed items_processed domains_analyzed convergence_signals confidence_scores symbols_found queries	complete	270
2026-04-30T12:25:57.784756	39	30	complete	1170
178	2026-04-30T12:25:58.466945	cycle start_time queries_executed items_processed domains_analyzed convergence_signals confidence_scores symbols_found queries	complete	270
118	2026-04-30T12:26:42.065800	cycle start_time queries_executed items_processed domains_analyzed convergence_signals confidence_scores symbols_found queries	complete	270
109	2026-04-30T12:26:55.886196	cycle start_time queries_executed items_processed domains_analyzed convergence_signals confidence_scores symbols_found queries	complete	270
179	2026-04-30T12:26:58.472288	cycle start_time queries_executed items_processed domains_analyzed convergence_signals confidence_scores symbols_found queries	complete	270
119	2026-04-30T12:27:42.074032	cycle start_time queries_executed items_processed domains_analyzed convergence_signals confidence_scores symbols_found queries	complete	270
110	2026-04-30T12:27:55.892971	cycle start_time queries_executed items_processed domains_analyzed convergence_signals confidence_scores symbols_found queries	complete	270
180	2026-04-30T12:27:58.484539	cycle start_time queries_executed items_processed domains_analyzed convergence_signals confidence_scores symbols_found queries	complete	270
120	2026-04-30T12:28:42.084067	cycle start_time queries_executed items_processed domains_analyzed convergence_signals confidence_scores symbols_found queries	complete	270
111	2026-04-30T12:28:56.392458	cycle start_time queries_executed items_processed domains_analyzed convergence_signals confidence_scores symbols_found queries	complete	270
181	2026-04-30T12:28:58.489591	cycle start_time queries_executed items_processed domains_analyzed convergence_signals confidence_scores symbols_found queries	complete	270
121	2026-04-30T12:29:42.090786	cycle start_time queries_executed items_processed domains_analyzed convergence_signals confidence_scores symbols_found queries	complete	270
112	2026-04-30T12:29:56.443493	cycle start_time queries_executed items_processed domains_analyzed convergence_signals confidence_scores symbols_found queries	complete	270
182	2026-04-30T12:29:58.515521	cycle start_time queries_executed items_processed domains_analyzed convergence_signals confidence_scores symbols_found queries	complete	270
122	2026-04-30T12:30:42.099138	cycle start_time queries_executed items_processed domains_analyzed convergence_signals confidence_scores symbols_found queries	complete	270
2026-04-30T12:30:48.198340	29	30	complete	870
113	2026-04-30T12:30:56.466020	cycle start_time queries_executed items_processed domains_analyzed convergence_signals confidence_scores symbols_found queries	complete	270
183	2026-04-30T12:30:58.520894	cycle start_time queries_executed items_processed domains_analyzed convergence_signals confidence_scores symbols_found queries	complete	270
123	2026-04-30T12:31:42.151419	cycle start_time queries_executed items_processed domains_analyzed convergence_signals confidence_scores symbols_found queries	complete	270
114	2026-04-30T12:31:56.472245	cycle start_time queries_executed items_processed domains_analyzed convergence_signals confidence_scores symbols_found queries	complete	270
184	2026-04-30T12:31:58.526638	cycle start_time queries_executed items_processed domains_analyzed convergence_signals confidence_scores symbols_found queries	complete	270
124	2026-04-30T12:32:42.163621	cycle start_time queries_executed items_processed domains_analyzed convergence_signals confidence_scores symbols_found queries	complete	270
115	2026-04-30T12:32:56.499159	cycle start_time queries_executed items_processed domains_analyzed convergence_signals confidence_scores symbols_found queries	complete	270
185	2026-04-30T12:32:58.533860	cycle start_time queries_executed items_processed domains_analyzed convergence_signals confidence_scores symbols_found queries	complete	270
125	2026-04-30T12:33:42.170726	cycle start_time queries_executed items_processed domains_analyzed convergence_signals confidence_scores symbols_found queries	complete	270
116	2026-04-30T12:33:56.540776	cycle start_time queries_executed items_processed domains_analyzed convergence_signals confidence_scores symbols_found queries	complete	270
186	2026-04-30T12:33:58.559987	cycle start_time queries_executed items_processed domains_analyzed convergence_signals confidence_scores symbols_found queries	complete	270
126	2026-04-30T12:34:42.182483	cycle start_time queries_executed items_processed domains_analyzed convergence_signals confidence_scores symbols_found queries	complete	270
117	2026-04-30T12:34:56.548312	cycle start_time queries_executed items_processed domains_analyzed convergence_signals confidence_scores symbols_found queries	complete	270
187	2026-04-30T12:34:58.565315	cycle start_time queries_executed items_processed domains_analyzed convergence_signals confidence_scores symbols_found queries	complete	270
127	2026-04-30T12:35:42.275867	cycle start_time queries_executed items_processed domains_analyzed convergence_signals confidence_scores symbols_found queries	complete	270
118	2026-04-30T12:35:57.074639	cycle start_time queries_executed items_processed domains_analyzed convergence_signals confidence_scores symbols_found queries	complete	270
2026-04-30T12:35:58.073282	40	30	complete	1200
188	2026-04-30T12:35:58.571455	cycle start_time queries_executed items_processed domains_analyzed convergence_signals confidence_scores symbols_found queries	complete	270
128	2026-04-30T12:36:42.283534	cycle start_time queries_executed items_processed domains_analyzed convergence_signals confidence_scores symbols_found queries	complete	270
119	2026-04-30T12:36:57.105765	cycle start_time queries_executed items_processed domains_analyzed convergence_signals confidence_scores symbols_found queries	complete	270
189	2026-04-30T12:36:58.616788	cycle start_time queries_executed items_processed domains_analyzed convergence_signals confidence_scores symbols_found queries	complete	270
129	2026-04-30T12:37:42.303045	cycle start_time queries_executed items_processed domains_analyzed convergence_signals confidence_scores symbols_found queries	complete	270
120	2026-04-30T12:37:57.188127	cycle start_time queries_executed items_processed domains_analyzed convergence_signals confidence_scores symbols_found queries	complete	270
190	2026-04-30T12:37:58.623046	cycle start_time queries_executed items_processed domains_analyzed convergence_signals confidence_scores symbols_found queries	complete	270
130	2026-04-30T12:38:42.365119	cycle start_time queries_executed items_processed domains_analyzed convergence_signals confidence_scores symbols_found queries	complete	270
121	2026-04-30T12:38:57.539200	cycle start_time queries_executed items_processed domains_analyzed convergence_signals confidence_scores symbols_found queries	complete	270
191	2026-04-30T12:38:58.629422	cycle start_time queries_executed items_processed domains_analyzed convergence_signals confidence_scores symbols_found queries	complete	270
131	2026-04-30T12:39:42.377081	cycle start_time queries_executed items_processed domains_analyzed convergence_signals confidence_scores symbols_found queries	complete	270
122	2026-04-30T12:39:57.547442	cycle start_time queries_executed items_processed domains_analyzed convergence_signals confidence_scores symbols_found queries	complete	270
192	2026-04-30T12:39:58.635878	cycle start_time queries_executed items_processed domains_analyzed convergence_signals confidence_scores symbols_found queries	complete	270
132	2026-04-30T12:40:42.388793	cycle start_time queries_executed items_processed domains_analyzed convergence_signals confidence_scores symbols_found queries	complete	270
2026-04-30T12:40:48.842357	30	30	complete	900
123	2026-04-30T12:40:57.862606	cycle start_time queries_executed items_processed domains_analyzed convergence_signals confidence_scores symbols_found queries	complete	270
193	2026-04-30T12:40:58.642041	cycle start_time queries_executed items_processed domains_analyzed convergence_signals confidence_scores symbols_found queries	complete	270
133	2026-04-30T12:41:42.420622	cycle start_time queries_executed items_processed domains_analyzed convergence_signals confidence_scores symbols_found queries	complete	270
124	2026-04-30T12:41:57.870150	cycle start_time queries_executed items_processed domains_analyzed convergence_signals confidence_scores symbols_found queries	complete	270
194	2026-04-30T12:41:58.655985	cycle start_time queries_executed items_processed domains_analyzed convergence_signals confidence_scores symbols_found queries	complete	270
134	2026-04-30T12:42:42.427807	cycle start_time queries_executed items_processed domains_analyzed convergence_signals confidence_scores symbols_found queries	complete	270
125	2026-04-30T12:42:57.903609	cycle start_time queries_executed items_processed domains_analyzed convergence_signals confidence_scores symbols_found queries	complete	270
195	2026-04-30T12:42:58.687106	cycle start_time queries_executed items_processed domains_analyzed convergence_signals confidence_scores symbols_found queries	complete	270
135	2026-04-30T12:43:42.439094	cycle start_time queries_executed items_processed domains_analyzed convergence_signals confidence_scores symbols_found queries	complete	270
126	2026-04-30T12:43:57.969229	cycle start_time queries_executed items_processed domains_analyzed convergence_signals confidence_scores symbols_found queries	complete	270
196	2026-04-30T12:43:58.747421	cycle start_time queries_executed items_processed domains_analyzed convergence_signals confidence_scores symbols_found queries	complete	270
136	2026-04-30T12:44:42.449531	cycle start_time queries_executed items_processed domains_analyzed convergence_signals confidence_scores symbols_found queries	complete	270
127	2026-04-30T12:44:57.996447	cycle start_time queries_executed items_processed domains_analyzed convergence_signals confidence_scores symbols_found queries	complete	270
197	2026-04-30T12:44:58.787186	cycle start_time queries_executed items_processed domains_analyzed convergence_signals confidence_scores symbols_found queries	complete	270
137	2026-04-30T12:45:42.460127	cycle start_time queries_executed items_processed domains_analyzed convergence_signals confidence_scores symbols_found queries	complete	270
128	2026-04-30T12:45:58.020548	cycle start_time queries_executed items_processed domains_analyzed convergence_signals confidence_scores symbols_found queries	complete	270
2026-04-30T12:45:58.360073	41	30	complete	1230
198	2026-04-30T12:45:58.796160	cycle start_time queries_executed items_processed domains_analyzed convergence_signals confidence_scores symbols_found queries	complete	270
138	2026-04-30T12:46:42.470878	cycle start_time queries_executed items_processed domains_analyzed convergence_signals confidence_scores symbols_found queries	complete	270
199	2026-04-30T12:46:58.802424	cycle start_time queries_executed items_processed domains_analyzed convergence_signals confidence_scores symbols_found queries	complete	270
129	2026-04-30T12:46:58.819730	cycle start_time queries_executed items_processed domains_analyzed convergence_signals confidence_scores symbols_found queries	complete	270
139	2026-04-30T12:47:42.485932	cycle start_time queries_executed items_processed domains_analyzed convergence_signals confidence_scores symbols_found queries	complete	270
200	2026-04-30T12:47:58.835422	cycle start_time queries_executed items_processed domains_analyzed convergence_signals confidence_scores symbols_found queries	complete	270
130	2026-04-30T12:47:59.000479	cycle start_time queries_executed items_processed domains_analyzed convergence_signals confidence_scores symbols_found queries	complete	270
140	2026-04-30T12:48:42.499347	cycle start_time queries_executed items_processed domains_analyzed convergence_signals confidence_scores symbols_found queries	complete	270
201	2026-04-30T12:48:58.844754	cycle start_time queries_executed items_processed domains_analyzed convergence_signals confidence_scores symbols_found queries	complete	270
131	2026-04-30T12:48:59.008718	cycle start_time queries_executed items_processed domains_analyzed convergence_signals confidence_scores symbols_found queries	complete	270
141	2026-04-30T12:49:42.557721	cycle start_time queries_executed items_processed domains_analyzed convergence_signals confidence_scores symbols_found queries	complete	270
202	2026-04-30T12:49:58.868934	cycle start_time queries_executed items_processed domains_analyzed convergence_signals confidence_scores symbols_found queries	complete	270
132	2026-04-30T12:49:59.016920	cycle start_time queries_executed items_processed domains_analyzed convergence_signals confidence_scores symbols_found queries	complete	270
142	2026-04-30T12:50:42.564069	cycle start_time queries_executed items_processed domains_analyzed convergence_signals confidence_scores symbols_found queries	complete	270
2026-04-30T12:50:49.278490	31	30	complete	930
203	2026-04-30T12:50:58.895156	cycle start_time queries_executed items_processed domains_analyzed convergence_signals confidence_scores symbols_found queries	complete	270
133	2026-04-30T12:50:59.269743	cycle start_time queries_executed items_processed domains_analyzed convergence_signals confidence_scores symbols_found queries	complete	270
143	2026-04-30T12:51:42.571110	cycle start_time queries_executed items_processed domains_analyzed convergence_signals confidence_scores symbols_found queries	complete	270
204	2026-04-30T12:51:58.914046	cycle start_time queries_executed items_processed domains_analyzed convergence_signals confidence_scores symbols_found queries	complete	270
134	2026-04-30T12:51:59.309024	cycle start_time queries_executed items_processed domains_analyzed convergence_signals confidence_scores symbols_found queries	complete	270
144	2026-04-30T12:52:42.579698	cycle start_time queries_executed items_processed domains_analyzed convergence_signals confidence_scores symbols_found queries	complete	270
205	2026-04-30T12:52:58.919996	cycle start_time queries_executed items_processed domains_analyzed convergence_signals confidence_scores symbols_found queries	complete	270
135	2026-04-30T12:52:59.317302	cycle start_time queries_executed items_processed domains_analyzed convergence_signals confidence_scores symbols_found queries	complete	270
145	2026-04-30T12:53:42.592409	cycle start_time queries_executed items_processed domains_analyzed convergence_signals confidence_scores symbols_found queries	complete	270
206	2026-04-30T12:53:58.953158	cycle start_time queries_executed items_processed domains_analyzed convergence_signals confidence_scores symbols_found queries	complete	270
136	2026-04-30T12:53:59.344338	cycle start_time queries_executed items_processed domains_analyzed convergence_signals confidence_scores symbols_found queries	complete	270
146	2026-04-30T12:54:42.602175	cycle start_time queries_executed items_processed domains_analyzed convergence_signals confidence_scores symbols_found queries	complete	270
207	2026-04-30T12:54:58.959828	cycle start_time queries_executed items_processed domains_analyzed convergence_signals confidence_scores symbols_found queries	complete	270
137	2026-04-30T12:54:59.350744	cycle start_time queries_executed items_processed domains_analyzed convergence_signals confidence_scores symbols_found queries	complete	270
147	2026-04-30T12:55:42.619562	cycle start_time queries_executed items_processed domains_analyzed convergence_signals confidence_scores symbols_found queries	complete	270
2026-04-30T12:55:58.727788	42	30	complete	1260
208	2026-04-30T12:55:58.966095	cycle start_time queries_executed items_processed domains_analyzed convergence_signals confidence_scores symbols_found queries	complete	270
138	2026-04-30T12:56:00.204363	cycle start_time queries_executed items_processed domains_analyzed convergence_signals confidence_scores symbols_found queries	complete	270
148	2026-04-30T12:56:42.632068	cycle start_time queries_executed items_processed domains_analyzed convergence_signals confidence_scores symbols_found queries	complete	270
209	2026-04-30T12:56:58.993338	cycle start_time queries_executed items_processed domains_analyzed convergence_signals confidence_scores symbols_found queries	complete	270
139	2026-04-30T12:57:00.251064	cycle start_time queries_executed items_processed domains_analyzed convergence_signals confidence_scores symbols_found queries	complete	270
149	2026-04-30T12:57:42.648103	cycle start_time queries_executed items_processed domains_analyzed convergence_signals confidence_scores symbols_found queries	complete	270
210	2026-04-30T12:57:59.002953	cycle start_time queries_executed items_processed domains_analyzed convergence_signals confidence_scores symbols_found queries	complete	270
140	2026-04-30T12:58:00.286971	cycle start_time queries_executed items_processed domains_analyzed convergence_signals confidence_scores symbols_found queries	complete	270
150	2026-04-30T12:58:42.656823	cycle start_time queries_executed items_processed domains_analyzed convergence_signals confidence_scores symbols_found queries	complete	270
211	2026-04-30T12:58:59.011153	cycle start_time queries_executed items_processed domains_analyzed convergence_signals confidence_scores symbols_found queries	complete	270
141	2026-04-30T12:59:00.293018	cycle start_time queries_executed items_processed domains_analyzed convergence_signals confidence_scores symbols_found queries	complete	270
151	2026-04-30T12:59:42.666485	cycle start_time queries_executed items_processed domains_analyzed convergence_signals confidence_scores symbols_found queries	complete	270
212	2026-04-30T12:59:59.018803	cycle start_time queries_executed items_processed domains_analyzed convergence_signals confidence_scores symbols_found queries	complete	270
142	2026-04-30T13:00:00.308319	cycle start_time queries_executed items_processed domains_analyzed convergence_signals confidence_scores symbols_found queries	complete	270
152	2026-04-30T13:00:42.736738	cycle start_time queries_executed items_processed domains_analyzed convergence_signals confidence_scores symbols_found queries	complete	270
2026-04-30T13:00:49.653034	32	30	complete	960
213	2026-04-30T13:00:59.050591	cycle start_time queries_executed items_processed domains_analyzed convergence_signals confidence_scores symbols_found queries	complete	270
143	2026-04-30T13:01:00.368312	cycle start_time queries_executed items_processed domains_analyzed convergence_signals confidence_scores symbols_found queries	complete	270
153	2026-04-30T13:01:42.753919	cycle start_time queries_executed items_processed domains_analyzed convergence_signals confidence_scores symbols_found queries	complete	270
214	2026-04-30T13:01:59.060543	cycle start_time queries_executed items_processed domains_analyzed convergence_signals confidence_scores symbols_found queries	complete	270
144	2026-04-30T13:02:00.407327	cycle start_time queries_executed items_processed domains_analyzed convergence_signals confidence_scores symbols_found queries	complete	270
154	2026-04-30T13:02:42.766277	cycle start_time queries_executed items_processed domains_analyzed convergence_signals confidence_scores symbols_found queries	complete	270
215	2026-04-30T13:02:59.067331	cycle start_time queries_executed items_processed domains_analyzed convergence_signals confidence_scores symbols_found queries	complete	270
145	2026-04-30T13:03:00.440522	cycle start_time queries_executed items_processed domains_analyzed convergence_signals confidence_scores symbols_found queries	complete	270
155	2026-04-30T13:03:42.782580	cycle start_time queries_executed items_processed domains_analyzed convergence_signals confidence_scores symbols_found queries	complete	270
216	2026-04-30T13:03:59.078572	cycle start_time queries_executed items_processed domains_analyzed convergence_signals confidence_scores symbols_found queries	complete	270
146	2026-04-30T13:04:00.486886	cycle start_time queries_executed items_processed domains_analyzed convergence_signals confidence_scores symbols_found queries	complete	270
156	2026-04-30T13:04:42.795469	cycle start_time queries_executed items_processed domains_analyzed convergence_signals confidence_scores symbols_found queries	complete	270
217	2026-04-30T13:04:59.087140	cycle start_time queries_executed items_processed domains_analyzed convergence_signals confidence_scores symbols_found queries	complete	270
147	2026-04-30T13:05:00.494244	cycle start_time queries_executed items_processed domains_analyzed convergence_signals confidence_scores symbols_found queries	complete	270
157	2026-04-30T13:05:42.804342	cycle start_time queries_executed items_processed domains_analyzed convergence_signals confidence_scores symbols_found queries	complete	270
2026-04-30T13:05:59.119169	43	30	complete	1290
218	2026-04-30T13:05:59.170528	cycle start_time queries_executed items_processed domains_analyzed convergence_signals confidence_scores symbols_found queries	complete	270
148	2026-04-30T13:06:00.555423	cycle start_time queries_executed items_processed domains_analyzed convergence_signals confidence_scores symbols_found queries	complete	270
158	2026-04-30T13:06:42.816724	cycle start_time queries_executed items_processed domains_analyzed convergence_signals confidence_scores symbols_found queries	complete	270
219	2026-04-30T13:06:59.181352	cycle start_time queries_executed items_processed domains_analyzed convergence_signals confidence_scores symbols_found queries	complete	270
149	2026-04-30T13:07:00.612165	cycle start_time queries_executed items_processed domains_analyzed convergence_signals confidence_scores symbols_found queries	complete	270
159	2026-04-30T13:07:42.826888	cycle start_time queries_executed items_processed domains_analyzed convergence_signals confidence_scores symbols_found queries	complete	270
220	2026-04-30T13:07:59.187743	cycle start_time queries_executed items_processed domains_analyzed convergence_signals confidence_scores symbols_found queries	complete	270
150	2026-04-30T13:08:00.626687	cycle start_time queries_executed items_processed domains_analyzed convergence_signals confidence_scores symbols_found queries	complete	270
160	2026-04-30T13:08:42.837768	cycle start_time queries_executed items_processed domains_analyzed convergence_signals confidence_scores symbols_found queries	complete	270
221	2026-04-30T13:08:59.228829	cycle start_time queries_executed items_processed domains_analyzed convergence_signals confidence_scores symbols_found queries	complete	270
151	2026-04-30T13:09:00.634775	cycle start_time queries_executed items_processed domains_analyzed convergence_signals confidence_scores symbols_found queries	complete	270
161	2026-04-30T13:09:42.849061	cycle start_time queries_executed items_processed domains_analyzed convergence_signals confidence_scores symbols_found queries	complete	270
222	2026-04-30T13:09:59.235428	cycle start_time queries_executed items_processed domains_analyzed convergence_signals confidence_scores symbols_found queries	complete	270
152	2026-04-30T13:10:00.641324	cycle start_time queries_executed items_processed domains_analyzed convergence_signals confidence_scores symbols_found queries	complete	270
162	2026-04-30T13:10:42.856815	cycle start_time queries_executed items_processed domains_analyzed convergence_signals confidence_scores symbols_found queries	complete	270
2026-04-30T13:10:49.988026	33	30	complete	990
223	2026-04-30T13:10:59.242488	cycle start_time queries_executed items_processed domains_analyzed convergence_signals confidence_scores symbols_found queries	complete	270
153	2026-04-30T13:11:00.670485	cycle start_time queries_executed items_processed domains_analyzed convergence_signals confidence_scores symbols_found queries	complete	270
163	2026-04-30T13:11:42.865325	cycle start_time queries_executed items_processed domains_analyzed convergence_signals confidence_scores symbols_found queries	complete	270
224	2026-04-30T13:11:59.314674	cycle start_time queries_executed items_processed domains_analyzed convergence_signals confidence_scores symbols_found queries	complete	270
154	2026-04-30T13:12:00.825202	cycle start_time queries_executed items_processed domains_analyzed convergence_signals confidence_scores symbols_found queries	complete	270
164	2026-04-30T13:12:42.877141	cycle start_time queries_executed items_processed domains_analyzed convergence_signals confidence_scores symbols_found queries	complete	270
225	2026-04-30T13:12:59.321695	cycle start_time queries_executed items_processed domains_analyzed convergence_signals confidence_scores symbols_found queries	complete	270
155	2026-04-30T13:13:00.938299	cycle start_time queries_executed items_processed domains_analyzed convergence_signals confidence_scores symbols_found queries	complete	270
165	2026-04-30T13:13:42.888387	cycle start_time queries_executed items_processed domains_analyzed convergence_signals confidence_scores symbols_found queries	complete	270
226	2026-04-30T13:13:59.360187	cycle start_time queries_executed items_processed domains_analyzed convergence_signals confidence_scores symbols_found queries	complete	270
156	2026-04-30T13:14:01.310012	cycle start_time queries_executed items_processed domains_analyzed convergence_signals confidence_scores symbols_found queries	complete	270
166	2026-04-30T13:14:42.899631	cycle start_time queries_executed items_processed domains_analyzed convergence_signals confidence_scores symbols_found queries	complete	270
227	2026-04-30T13:14:59.368509	cycle start_time queries_executed items_processed domains_analyzed convergence_signals confidence_scores symbols_found queries	complete	270
157	2026-04-30T13:15:01.317180	cycle start_time queries_executed items_processed domains_analyzed convergence_signals confidence_scores symbols_found queries	complete	270
167	2026-04-30T13:15:42.912993	cycle start_time queries_executed items_processed domains_analyzed convergence_signals confidence_scores symbols_found queries	complete	270
2026-04-30T13:15:59.374401	44	30	complete	1320
228	2026-04-30T13:15:59.378593	cycle start_time queries_executed items_processed domains_analyzed convergence_signals confidence_scores symbols_found queries	complete	270
158	2026-04-30T13:16:01.341370	cycle start_time queries_executed items_processed domains_analyzed convergence_signals confidence_scores symbols_found queries	complete	270
168	2026-04-30T13:16:42.929575	cycle start_time queries_executed items_processed domains_analyzed convergence_signals confidence_scores symbols_found queries	complete	270
229	2026-04-30T13:16:59.405576	cycle start_time queries_executed items_processed domains_analyzed convergence_signals confidence_scores symbols_found queries	complete	270
159	2026-04-30T13:17:01.369499	cycle start_time queries_executed items_processed domains_analyzed convergence_signals confidence_scores symbols_found queries	complete	270
169	2026-04-30T13:17:42.942544	cycle start_time queries_executed items_processed domains_analyzed convergence_signals confidence_scores symbols_found queries	complete	270
230	2026-04-30T13:17:59.414113	cycle start_time queries_executed items_processed domains_analyzed convergence_signals confidence_scores symbols_found queries	complete	270
160	2026-04-30T13:18:01.394922	cycle start_time queries_executed items_processed domains_analyzed convergence_signals confidence_scores symbols_found queries	complete	270
170	2026-04-30T13:18:42.950430	cycle start_time queries_executed items_processed domains_analyzed convergence_signals confidence_scores symbols_found queries	complete	270
231	2026-04-30T13:18:59.444585	cycle start_time queries_executed items_processed domains_analyzed convergence_signals confidence_scores symbols_found queries	complete	270
161	2026-04-30T13:19:01.444535	cycle start_time queries_executed items_processed domains_analyzed convergence_signals confidence_scores symbols_found queries	complete	270
171	2026-04-30T13:19:42.967865	cycle start_time queries_executed items_processed domains_analyzed convergence_signals confidence_scores symbols_found queries	complete	270
232	2026-04-30T13:19:59.471933	cycle start_time queries_executed items_processed domains_analyzed convergence_signals confidence_scores symbols_found queries	complete	270
162	2026-04-30T13:20:01.467206	cycle start_time queries_executed items_processed domains_analyzed convergence_signals confidence_scores symbols_found queries	complete	270
172	2026-04-30T13:20:42.978552	cycle start_time queries_executed items_processed domains_analyzed convergence_signals confidence_scores symbols_found queries	complete	270
2026-04-30T13:20:50.337353	34	30	complete	1020
233	2026-04-30T13:20:59.478690	cycle start_time queries_executed items_processed domains_analyzed convergence_signals confidence_scores symbols_found queries	complete	270
163	2026-04-30T13:21:01.479560	cycle start_time queries_executed items_processed domains_analyzed convergence_signals confidence_scores symbols_found queries	complete	270
173	2026-04-30T13:21:42.986774	cycle start_time queries_executed items_processed domains_analyzed convergence_signals confidence_scores symbols_found queries	complete	270
234	2026-04-30T13:21:59.486532	cycle start_time queries_executed items_processed domains_analyzed convergence_signals confidence_scores symbols_found queries	complete	270
164	2026-04-30T13:22:01.508537	cycle start_time queries_executed items_processed domains_analyzed convergence_signals confidence_scores symbols_found queries	complete	270
174	2026-04-30T13:22:43.000354	cycle start_time queries_executed items_processed domains_analyzed convergence_signals confidence_scores symbols_found queries	complete	270
235	2026-04-30T13:22:59.498213	cycle start_time queries_executed items_processed domains_analyzed convergence_signals confidence_scores symbols_found queries	complete	270
165	2026-04-30T13:23:01.547622	cycle start_time queries_executed items_processed domains_analyzed convergence_signals confidence_scores symbols_found queries	complete	270
175	2026-04-30T13:23:43.020644	cycle start_time queries_executed items_processed domains_analyzed convergence_signals confidence_scores symbols_found queries	complete	270
236	2026-04-30T13:23:59.507038	cycle start_time queries_executed items_processed domains_analyzed convergence_signals confidence_scores symbols_found queries	complete	270
166	2026-04-30T13:24:01.658534	cycle start_time queries_executed items_processed domains_analyzed convergence_signals confidence_scores symbols_found queries	complete	270
176	2026-04-30T13:24:43.038461	cycle start_time queries_executed items_processed domains_analyzed convergence_signals confidence_scores symbols_found queries	complete	270
237	2026-04-30T13:24:59.518704	cycle start_time queries_executed items_processed domains_analyzed convergence_signals confidence_scores symbols_found queries	complete	270
167	2026-04-30T13:25:01.699477	cycle start_time queries_executed items_processed domains_analyzed convergence_signals confidence_scores symbols_found queries	complete	270
177	2026-04-30T13:25:43.047758	cycle start_time queries_executed items_processed domains_analyzed convergence_signals confidence_scores symbols_found queries	complete	270
238	2026-04-30T13:25:59.531137	cycle start_time queries_executed items_processed domains_analyzed convergence_signals confidence_scores symbols_found queries	complete	270
2026-04-30T13:25:59.699974	45	30	complete	1350
168	2026-04-30T13:26:01.730299	cycle start_time queries_executed items_processed domains_analyzed convergence_signals confidence_scores symbols_found queries	complete	270
178	2026-04-30T13:26:43.180755	cycle start_time queries_executed items_processed domains_analyzed convergence_signals confidence_scores symbols_found queries	complete	270
239	2026-04-30T13:26:59.554017	cycle start_time queries_executed items_processed domains_analyzed convergence_signals confidence_scores symbols_found queries	complete	270
169	2026-04-30T13:27:01.759831	cycle start_time queries_executed items_processed domains_analyzed convergence_signals confidence_scores symbols_found queries	complete	270
179	2026-04-30T13:27:43.189492	cycle start_time queries_executed items_processed domains_analyzed convergence_signals confidence_scores symbols_found queries	complete	270
240	2026-04-30T13:27:59.565229	cycle start_time queries_executed items_processed domains_analyzed convergence_signals confidence_scores symbols_found queries	complete	270
170	2026-04-30T13:28:01.879335	cycle start_time queries_executed items_processed domains_analyzed convergence_signals confidence_scores symbols_found queries	complete	270
180	2026-04-30T13:28:43.206070	cycle start_time queries_executed items_processed domains_analyzed convergence_signals confidence_scores symbols_found queries	complete	270
241	2026-04-30T13:28:59.587515	cycle start_time queries_executed items_processed domains_analyzed convergence_signals confidence_scores symbols_found queries	complete	270
171	2026-04-30T13:29:01.888077	cycle start_time queries_executed items_processed domains_analyzed convergence_signals confidence_scores symbols_found queries	complete	270
181	2026-04-30T13:29:43.215421	cycle start_time queries_executed items_processed domains_analyzed convergence_signals confidence_scores symbols_found queries	complete	270
242	2026-04-30T13:29:59.635072	cycle start_time queries_executed items_processed domains_analyzed convergence_signals confidence_scores symbols_found queries	complete	270
172	2026-04-30T13:30:01.899015	cycle start_time queries_executed items_processed domains_analyzed convergence_signals confidence_scores symbols_found queries	complete	270
182	2026-04-30T13:30:43.224402	cycle start_time queries_executed items_processed domains_analyzed convergence_signals confidence_scores symbols_found queries	complete	270
2026-04-30T13:30:51.677323	35	30	complete	1050
243	2026-04-30T13:30:59.669085	cycle start_time queries_executed items_processed domains_analyzed convergence_signals confidence_scores symbols_found queries	complete	270
173	2026-04-30T13:31:01.944723	cycle start_time queries_executed items_processed domains_analyzed convergence_signals confidence_scores symbols_found queries	complete	270
183	2026-04-30T13:31:43.238778	cycle start_time queries_executed items_processed domains_analyzed convergence_signals confidence_scores symbols_found queries	complete	270
244	2026-04-30T13:31:59.676262	cycle start_time queries_executed items_processed domains_analyzed convergence_signals confidence_scores symbols_found queries	complete	270
174	2026-04-30T13:32:02.593624	cycle start_time queries_executed items_processed domains_analyzed convergence_signals confidence_scores symbols_found queries	complete	270
184	2026-04-30T13:32:43.253961	cycle start_time queries_executed items_processed domains_analyzed convergence_signals confidence_scores symbols_found queries	complete	270
245	2026-04-30T13:32:59.685203	cycle start_time queries_executed items_processed domains_analyzed convergence_signals confidence_scores symbols_found queries	complete	270
175	2026-04-30T13:33:02.701546	cycle start_time queries_executed items_processed domains_analyzed convergence_signals confidence_scores symbols_found queries	complete	270
185	2026-04-30T13:33:43.301892	cycle start_time queries_executed items_processed domains_analyzed convergence_signals confidence_scores symbols_found queries	complete	270
246	2026-04-30T13:33:59.733433	cycle start_time queries_executed items_processed domains_analyzed convergence_signals confidence_scores symbols_found queries	complete	270
176	2026-04-30T13:34:02.749546	cycle start_time queries_executed items_processed domains_analyzed convergence_signals confidence_scores symbols_found queries	complete	270
186	2026-04-30T13:34:43.311928	cycle start_time queries_executed items_processed domains_analyzed convergence_signals confidence_scores symbols_found queries	complete	270
247	2026-04-30T13:34:59.744242	cycle start_time queries_executed items_processed domains_analyzed convergence_signals confidence_scores symbols_found queries	complete	270
177	2026-04-30T13:35:02.778573	cycle start_time queries_executed items_processed domains_analyzed convergence_signals confidence_scores symbols_found queries	complete	270
187	2026-04-30T13:35:43.325949	cycle start_time queries_executed items_processed domains_analyzed convergence_signals confidence_scores symbols_found queries	complete	270
248	2026-04-30T13:35:59.800950	cycle start_time queries_executed items_processed domains_analyzed convergence_signals confidence_scores symbols_found queries	complete	270
2026-04-30T13:36:00.868400	46	30	complete	1380
178	2026-04-30T13:36:03.110929	cycle start_time queries_executed items_processed domains_analyzed convergence_signals confidence_scores symbols_found queries	complete	270
188	2026-04-30T13:36:43.351979	cycle start_time queries_executed items_processed domains_analyzed convergence_signals confidence_scores symbols_found queries	complete	270
249	2026-04-30T13:36:59.810477	cycle start_time queries_executed items_processed domains_analyzed convergence_signals confidence_scores symbols_found queries	complete	270
179	2026-04-30T13:37:03.120327	cycle start_time queries_executed items_processed domains_analyzed convergence_signals confidence_scores symbols_found queries	complete	270
189	2026-04-30T13:37:43.369491	cycle start_time queries_executed items_processed domains_analyzed convergence_signals confidence_scores symbols_found queries	complete	270
250	2026-04-30T13:37:59.824040	cycle start_time queries_executed items_processed domains_analyzed convergence_signals confidence_scores symbols_found queries	complete	270
180	2026-04-30T13:38:03.155022	cycle start_time queries_executed items_processed domains_analyzed convergence_signals confidence_scores symbols_found queries	complete	270
190	2026-04-30T13:38:43.380934	cycle start_time queries_executed items_processed domains_analyzed convergence_signals confidence_scores symbols_found queries	complete	270
251	2026-04-30T13:38:59.853401	cycle start_time queries_executed items_processed domains_analyzed convergence_signals confidence_scores symbols_found queries	complete	270
181	2026-04-30T13:39:03.205928	cycle start_time queries_executed items_processed domains_analyzed convergence_signals confidence_scores symbols_found queries	complete	270
191	2026-04-30T13:39:43.393902	cycle start_time queries_executed items_processed domains_analyzed convergence_signals confidence_scores symbols_found queries	complete	270
252	2026-04-30T13:39:59.913823	cycle start_time queries_executed items_processed domains_analyzed convergence_signals confidence_scores symbols_found queries	complete	270
182	2026-04-30T13:40:03.218571	cycle start_time queries_executed items_processed domains_analyzed convergence_signals confidence_scores symbols_found queries	complete	270
192	2026-04-30T13:40:43.406174	cycle start_time queries_executed items_processed domains_analyzed convergence_signals confidence_scores symbols_found queries	complete	270
2026-04-30T13:40:52.021379	36	30	complete	1080
253	2026-04-30T13:40:59.988034	cycle start_time queries_executed items_processed domains_analyzed convergence_signals confidence_scores symbols_found queries	complete	270
183	2026-04-30T13:41:03.457599	cycle start_time queries_executed items_processed domains_analyzed convergence_signals confidence_scores symbols_found queries	complete	270
193	2026-04-30T13:41:43.414927	cycle start_time queries_executed items_processed domains_analyzed convergence_signals confidence_scores symbols_found queries	complete	270
254	2026-04-30T13:42:00.014294	cycle start_time queries_executed items_processed domains_analyzed convergence_signals confidence_scores symbols_found queries	complete	270
184	2026-04-30T13:42:03.466894	cycle start_time queries_executed items_processed domains_analyzed convergence_signals confidence_scores symbols_found queries	complete	270
194	2026-04-30T13:42:43.421776	cycle start_time queries_executed items_processed domains_analyzed convergence_signals confidence_scores symbols_found queries	complete	270
255	2026-04-30T13:43:00.023497	cycle start_time queries_executed items_processed domains_analyzed convergence_signals confidence_scores symbols_found queries	complete	270
185	2026-04-30T13:43:03.497672	cycle start_time queries_executed items_processed domains_analyzed convergence_signals confidence_scores symbols_found queries	complete	270
195	2026-04-30T13:43:43.431430	cycle start_time queries_executed items_processed domains_analyzed convergence_signals confidence_scores symbols_found queries	complete	270
256	2026-04-30T13:44:00.033950	cycle start_time queries_executed items_processed domains_analyzed convergence_signals confidence_scores symbols_found queries	complete	270
186	2026-04-30T13:44:03.537606	cycle start_time queries_executed items_processed domains_analyzed convergence_signals confidence_scores symbols_found queries	complete	270
196	2026-04-30T13:44:43.460777	cycle start_time queries_executed items_processed domains_analyzed convergence_signals confidence_scores symbols_found queries	complete	270
257	2026-04-30T13:45:00.086796	cycle start_time queries_executed items_processed domains_analyzed convergence_signals confidence_scores symbols_found queries	complete	270
187	2026-04-30T13:45:03.552187	cycle start_time queries_executed items_processed domains_analyzed convergence_signals confidence_scores symbols_found queries	complete	270
197	2026-04-30T13:45:43.470107	cycle start_time queries_executed items_processed domains_analyzed convergence_signals confidence_scores symbols_found queries	complete	270
258	2026-04-30T13:46:00.094631	cycle start_time queries_executed items_processed domains_analyzed convergence_signals confidence_scores symbols_found queries	complete	270
2026-04-30T13:46:01.087039	47	30	complete	1410
188	2026-04-30T13:46:03.559133	cycle start_time queries_executed items_processed domains_analyzed convergence_signals confidence_scores symbols_found queries	complete	270
198	2026-04-30T13:46:43.483342	cycle start_time queries_executed items_processed domains_analyzed convergence_signals confidence_scores symbols_found queries	complete	270
259	2026-04-30T13:47:00.104871	cycle start_time queries_executed items_processed domains_analyzed convergence_signals confidence_scores symbols_found queries	complete	270
189	2026-04-30T13:47:03.629713	cycle start_time queries_executed items_processed domains_analyzed convergence_signals confidence_scores symbols_found queries	complete	270
199	2026-04-30T13:47:43.497669	cycle start_time queries_executed items_processed domains_analyzed convergence_signals confidence_scores symbols_found queries	complete	270
260	2026-04-30T13:48:00.129098	cycle start_time queries_executed items_processed domains_analyzed convergence_signals confidence_scores symbols_found queries	complete	270
190	2026-04-30T13:48:03.644301	cycle start_time queries_executed items_processed domains_analyzed convergence_signals confidence_scores symbols_found queries	complete	270
200	2026-04-30T13:48:43.508277	cycle start_time queries_executed items_processed domains_analyzed convergence_signals confidence_scores symbols_found queries	complete	270
261	2026-04-30T13:49:00.151984	cycle start_time queries_executed items_processed domains_analyzed convergence_signals confidence_scores symbols_found queries	complete	270
191	2026-04-30T13:49:03.656323	cycle start_time queries_executed items_processed domains_analyzed convergence_signals confidence_scores symbols_found queries	complete	270
201	2026-04-30T13:49:43.522217	cycle start_time queries_executed items_processed domains_analyzed convergence_signals confidence_scores symbols_found queries	complete	270
262	2026-04-30T13:50:00.160663	cycle start_time queries_executed items_processed domains_analyzed convergence_signals confidence_scores symbols_found queries	complete	270
192	2026-04-30T13:50:03.742670	cycle start_time queries_executed items_processed domains_analyzed convergence_signals confidence_scores symbols_found queries	complete	270
202	2026-04-30T13:50:43.535305	cycle start_time queries_executed items_processed domains_analyzed convergence_signals confidence_scores symbols_found queries	complete	270
2026-04-30T13:50:52.359626	37	30	complete	1110
263	2026-04-30T13:51:00.177439	cycle start_time queries_executed items_processed domains_analyzed convergence_signals confidence_scores symbols_found queries	complete	270
193	2026-04-30T13:51:03.782334	cycle start_time queries_executed items_processed domains_analyzed convergence_signals confidence_scores symbols_found queries	complete	270
203	2026-04-30T13:51:43.550943	cycle start_time queries_executed items_processed domains_analyzed convergence_signals confidence_scores symbols_found queries	complete	270
264	2026-04-30T13:52:00.209626	cycle start_time queries_executed items_processed domains_analyzed convergence_signals confidence_scores symbols_found queries	complete	270
194	2026-04-30T13:52:03.820933	cycle start_time queries_executed items_processed domains_analyzed convergence_signals confidence_scores symbols_found queries	complete	270
204	2026-04-30T13:52:43.561566	cycle start_time queries_executed items_processed domains_analyzed convergence_signals confidence_scores symbols_found queries	complete	270
265	2026-04-30T13:53:00.219461	cycle start_time queries_executed items_processed domains_analyzed convergence_signals confidence_scores symbols_found queries	complete	270
195	2026-04-30T13:53:03.884163	cycle start_time queries_executed items_processed domains_analyzed convergence_signals confidence_scores symbols_found queries	complete	270
205	2026-04-30T13:53:43.580854	cycle start_time queries_executed items_processed domains_analyzed convergence_signals confidence_scores symbols_found queries	complete	270
266	2026-04-30T13:54:00.242015	cycle start_time queries_executed items_processed domains_analyzed convergence_signals confidence_scores symbols_found queries	complete	270
196	2026-04-30T13:54:04.216000	cycle start_time queries_executed items_processed domains_analyzed convergence_signals confidence_scores symbols_found queries	complete	270
206	2026-04-30T13:54:43.592137	cycle start_time queries_executed items_processed domains_analyzed convergence_signals confidence_scores symbols_found queries	complete	270
267	2026-04-30T13:55:00.249715	cycle start_time queries_executed items_processed domains_analyzed convergence_signals confidence_scores symbols_found queries	complete	270
197	2026-04-30T13:55:04.256767	cycle start_time queries_executed items_processed domains_analyzed convergence_signals confidence_scores symbols_found queries	complete	270
207	2026-04-30T13:55:43.602577	cycle start_time queries_executed items_processed domains_analyzed convergence_signals confidence_scores symbols_found queries	complete	270
268	2026-04-30T13:56:00.257822	cycle start_time queries_executed items_processed domains_analyzed convergence_signals confidence_scores symbols_found queries	complete	270
2026-04-30T13:56:01.338141	48	30	complete	1440
198	2026-04-30T13:56:04.312897	cycle start_time queries_executed items_processed domains_analyzed convergence_signals confidence_scores symbols_found queries	complete	270
208	2026-04-30T13:56:43.612315	cycle start_time queries_executed items_processed domains_analyzed convergence_signals confidence_scores symbols_found queries	complete	270
269	2026-04-30T13:57:00.270040	cycle start_time queries_executed items_processed domains_analyzed convergence_signals confidence_scores symbols_found queries	complete	270
199	2026-04-30T13:57:04.356374	cycle start_time queries_executed items_processed domains_analyzed convergence_signals confidence_scores symbols_found queries	complete	270
209	2026-04-30T13:57:43.622981	cycle start_time queries_executed items_processed domains_analyzed convergence_signals confidence_scores symbols_found queries	complete	270
270	2026-04-30T13:58:00.278204	cycle start_time queries_executed items_processed domains_analyzed convergence_signals confidence_scores symbols_found queries	complete	270
200	2026-04-30T13:58:04.393835	cycle start_time queries_executed items_processed domains_analyzed convergence_signals confidence_scores symbols_found queries	complete	270
210	2026-04-30T13:58:43.644903	cycle start_time queries_executed items_processed domains_analyzed convergence_signals confidence_scores symbols_found queries	complete	270
271	2026-04-30T13:59:00.305329	cycle start_time queries_executed items_processed domains_analyzed convergence_signals confidence_scores symbols_found queries	complete	270
201	2026-04-30T13:59:04.432941	cycle start_time queries_executed items_processed domains_analyzed convergence_signals confidence_scores symbols_found queries	complete	270
211	2026-04-30T13:59:43.655781	cycle start_time queries_executed items_processed domains_analyzed convergence_signals confidence_scores symbols_found queries	complete	270
272	2026-04-30T14:00:00.340018	cycle start_time queries_executed items_processed domains_analyzed convergence_signals confidence_scores symbols_found queries	complete	270
202	2026-04-30T14:00:04.443063	cycle start_time queries_executed items_processed domains_analyzed convergence_signals confidence_scores symbols_found queries	complete	270
212	2026-04-30T14:00:43.662341	cycle start_time queries_executed items_processed domains_analyzed convergence_signals confidence_scores symbols_found queries	complete	270
2026-04-30T14:00:52.709011	38	30	complete	1140
273	2026-04-30T14:01:00.347686	cycle start_time queries_executed items_processed domains_analyzed convergence_signals confidence_scores symbols_found queries	complete	270
203	2026-04-30T14:01:05.164426	cycle start_time queries_executed items_processed domains_analyzed convergence_signals confidence_scores symbols_found queries	complete	270
213	2026-04-30T14:01:43.675215	cycle start_time queries_executed items_processed domains_analyzed convergence_signals confidence_scores symbols_found queries	complete	270
274	2026-04-30T14:02:00.384888	cycle start_time queries_executed items_processed domains_analyzed convergence_signals confidence_scores symbols_found queries	complete	270
204	2026-04-30T14:02:06.058682	cycle start_time queries_executed items_processed domains_analyzed convergence_signals confidence_scores symbols_found queries	complete	270
214	2026-04-30T14:02:43.723410	cycle start_time queries_executed items_processed domains_analyzed convergence_signals confidence_scores symbols_found queries	complete	270
275	2026-04-30T14:03:00.406366	cycle start_time queries_executed items_processed domains_analyzed convergence_signals confidence_scores symbols_found queries	complete	270
205	2026-04-30T14:03:06.102885	cycle start_time queries_executed items_processed domains_analyzed convergence_signals confidence_scores symbols_found queries	complete	270
215	2026-04-30T14:03:43.737923	cycle start_time queries_executed items_processed domains_analyzed convergence_signals confidence_scores symbols_found queries	complete	270
276	2026-04-30T14:04:00.445081	cycle start_time queries_executed items_processed domains_analyzed convergence_signals confidence_scores symbols_found queries	complete	270
206	2026-04-30T14:04:06.221527	cycle start_time queries_executed items_processed domains_analyzed convergence_signals confidence_scores symbols_found queries	complete	270
216	2026-04-30T14:04:43.756171	cycle start_time queries_executed items_processed domains_analyzed convergence_signals confidence_scores symbols_found queries	complete	270
277	2026-04-30T14:05:00.457907	cycle start_time queries_executed items_processed domains_analyzed convergence_signals confidence_scores symbols_found queries	complete	270
207	2026-04-30T14:05:06.243095	cycle start_time queries_executed items_processed domains_analyzed convergence_signals confidence_scores symbols_found queries	complete	270
217	2026-04-30T14:05:43.775468	cycle start_time queries_executed items_processed domains_analyzed convergence_signals confidence_scores symbols_found queries	complete	270
278	2026-04-30T14:06:00.471754	cycle start_time queries_executed items_processed domains_analyzed convergence_signals confidence_scores symbols_found queries	complete	270
2026-04-30T14:06:01.740075	49	30	complete	1470
208	2026-04-30T14:06:06.292119	cycle start_time queries_executed items_processed domains_analyzed convergence_signals confidence_scores symbols_found queries	complete	270
218	2026-04-30T14:06:43.791505	cycle start_time queries_executed items_processed domains_analyzed convergence_signals confidence_scores symbols_found queries	complete	270
279	2026-04-30T14:07:00.481202	cycle start_time queries_executed items_processed domains_analyzed convergence_signals confidence_scores symbols_found queries	complete	270
209	2026-04-30T14:07:06.332162	cycle start_time queries_executed items_processed domains_analyzed convergence_signals confidence_scores symbols_found queries	complete	270
219	2026-04-30T14:07:43.808586	cycle start_time queries_executed items_processed domains_analyzed convergence_signals confidence_scores symbols_found queries	complete	270
280	2026-04-30T14:08:00.515097	cycle start_time queries_executed items_processed domains_analyzed convergence_signals confidence_scores symbols_found queries	complete	270
210	2026-04-30T14:08:06.342933	cycle start_time queries_executed items_processed domains_analyzed convergence_signals confidence_scores symbols_found queries	complete	270
220	2026-04-30T14:08:43.820094	cycle start_time queries_executed items_processed domains_analyzed convergence_signals confidence_scores symbols_found queries	complete	270
281	2026-04-30T14:09:00.524192	cycle start_time queries_executed items_processed domains_analyzed convergence_signals confidence_scores symbols_found queries	complete	270
211	2026-04-30T14:09:06.355405	cycle start_time queries_executed items_processed domains_analyzed convergence_signals confidence_scores symbols_found queries	complete	270
221	2026-04-30T14:09:43.828880	cycle start_time queries_executed items_processed domains_analyzed convergence_signals confidence_scores symbols_found queries	complete	270
282	2026-04-30T14:10:00.555354	cycle start_time queries_executed items_processed domains_analyzed convergence_signals confidence_scores symbols_found queries	complete	270
212	2026-04-30T14:10:06.455144	cycle start_time queries_executed items_processed domains_analyzed convergence_signals confidence_scores symbols_found queries	complete	270
222	2026-04-30T14:10:43.847742	cycle start_time queries_executed items_processed domains_analyzed convergence_signals confidence_scores symbols_found queries	complete	270
2026-04-30T14:10:53.133735	39	30	complete	1170
283	2026-04-30T14:11:00.622303	cycle start_time queries_executed items_processed domains_analyzed convergence_signals confidence_scores symbols_found queries	complete	270
213	2026-04-30T14:11:06.526225	cycle start_time queries_executed items_processed domains_analyzed convergence_signals confidence_scores symbols_found queries	complete	270
223	2026-04-30T14:11:43.863818	cycle start_time queries_executed items_processed domains_analyzed convergence_signals confidence_scores symbols_found queries	complete	270
284	2026-04-30T14:12:00.696429	cycle start_time queries_executed items_processed domains_analyzed convergence_signals confidence_scores symbols_found queries	complete	270
214	2026-04-30T14:12:06.589117	cycle start_time queries_executed items_processed domains_analyzed convergence_signals confidence_scores symbols_found queries	complete	270
224	2026-04-30T14:12:43.882442	cycle start_time queries_executed items_processed domains_analyzed convergence_signals confidence_scores symbols_found queries	complete	270
285	2026-04-30T14:13:00.708969	cycle start_time queries_executed items_processed domains_analyzed convergence_signals confidence_scores symbols_found queries	complete	270
215	2026-04-30T14:13:06.626270	cycle start_time queries_executed items_processed domains_analyzed convergence_signals confidence_scores symbols_found queries	complete	270
225	2026-04-30T14:13:43.896548	cycle start_time queries_executed items_processed domains_analyzed convergence_signals confidence_scores symbols_found queries	complete	270
286	2026-04-30T14:14:00.715468	cycle start_time queries_executed items_processed domains_analyzed convergence_signals confidence_scores symbols_found queries	complete	270
216	2026-04-30T14:14:06.659223	cycle start_time queries_executed items_processed domains_analyzed convergence_signals confidence_scores symbols_found queries	complete	270
226	2026-04-30T14:14:43.906193	cycle start_time queries_executed items_processed domains_analyzed convergence_signals confidence_scores symbols_found queries	complete	270
287	2026-04-30T14:15:00.751420	cycle start_time queries_executed items_processed domains_analyzed convergence_signals confidence_scores symbols_found queries	complete	270
217	2026-04-30T14:15:06.692661	cycle start_time queries_executed items_processed domains_analyzed convergence_signals confidence_scores symbols_found queries	complete	270
227	2026-04-30T14:15:43.921730	cycle start_time queries_executed items_processed domains_analyzed convergence_signals confidence_scores symbols_found queries	complete	270
288	2026-04-30T14:16:00.791686	cycle start_time queries_executed items_processed domains_analyzed convergence_signals confidence_scores symbols_found queries	complete	270
2026-04-30T14:16:02.052788	50	30	complete	1500
218	2026-04-30T14:16:06.706715	cycle start_time queries_executed items_processed domains_analyzed convergence_signals confidence_scores symbols_found queries	complete	270
228	2026-04-30T14:16:43.997802	cycle start_time queries_executed items_processed domains_analyzed convergence_signals confidence_scores symbols_found queries	complete	270
289	2026-04-30T14:17:00.821049	cycle start_time queries_executed items_processed domains_analyzed convergence_signals confidence_scores symbols_found queries	complete	270
219	2026-04-30T14:17:06.736346	cycle start_time queries_executed items_processed domains_analyzed convergence_signals confidence_scores symbols_found queries	complete	270
229	2026-04-30T14:17:44.016431	cycle start_time queries_executed items_processed domains_analyzed convergence_signals confidence_scores symbols_found queries	complete	270
290	2026-04-30T14:18:00.836388	cycle start_time queries_executed items_processed domains_analyzed convergence_signals confidence_scores symbols_found queries	complete	270
220	2026-04-30T14:18:06.785005	cycle start_time queries_executed items_processed domains_analyzed convergence_signals confidence_scores symbols_found queries	complete	270
230	2026-04-30T14:18:44.032284	cycle start_time queries_executed items_processed domains_analyzed convergence_signals confidence_scores symbols_found queries	complete	270
291	2026-04-30T14:19:00.891531	cycle start_time queries_executed items_processed domains_analyzed convergence_signals confidence_scores symbols_found queries	complete	270
221	2026-04-30T14:19:07.708299	cycle start_time queries_executed items_processed domains_analyzed convergence_signals confidence_scores symbols_found queries	complete	270
231	2026-04-30T14:19:44.055751	cycle start_time queries_executed items_processed domains_analyzed convergence_signals confidence_scores symbols_found queries	complete	270
292	2026-04-30T14:20:00.901345	cycle start_time queries_executed items_processed domains_analyzed convergence_signals confidence_scores symbols_found queries	complete	270
222	2026-04-30T14:20:07.742874	cycle start_time queries_executed items_processed domains_analyzed convergence_signals confidence_scores symbols_found queries	complete	270
232	2026-04-30T14:20:44.081283	cycle start_time queries_executed items_processed domains_analyzed convergence_signals confidence_scores symbols_found queries	complete	270
2026-04-30T14:20:53.548212	40	30	complete	1200
293	2026-04-30T14:21:00.908024	cycle start_time queries_executed items_processed domains_analyzed convergence_signals confidence_scores symbols_found queries	complete	270
223	2026-04-30T14:21:07.757038	cycle start_time queries_executed items_processed domains_analyzed convergence_signals confidence_scores symbols_found queries	complete	270
233	2026-04-30T14:21:44.100492	cycle start_time queries_executed items_processed domains_analyzed convergence_signals confidence_scores symbols_found queries	complete	270
294	2026-04-30T14:22:00.928903	cycle start_time queries_executed items_processed domains_analyzed convergence_signals confidence_scores symbols_found queries	complete	270
224	2026-04-30T14:22:07.788110	cycle start_time queries_executed items_processed domains_analyzed convergence_signals confidence_scores symbols_found queries	complete	270
234	2026-04-30T14:22:44.124680	cycle start_time queries_executed items_processed domains_analyzed convergence_signals confidence_scores symbols_found queries	complete	270
295	2026-04-30T14:23:00.935653	cycle start_time queries_executed items_processed domains_analyzed convergence_signals confidence_scores symbols_found queries	complete	270
225	2026-04-30T14:23:07.839543	cycle start_time queries_executed items_processed domains_analyzed convergence_signals confidence_scores symbols_found queries	complete	270
235	2026-04-30T14:23:44.141939	cycle start_time queries_executed items_processed domains_analyzed convergence_signals confidence_scores symbols_found queries	complete	270
296	2026-04-30T14:24:00.945050	cycle start_time queries_executed items_processed domains_analyzed convergence_signals confidence_scores symbols_found queries	complete	270
226	2026-04-30T14:24:07.854682	cycle start_time queries_executed items_processed domains_analyzed convergence_signals confidence_scores symbols_found queries	complete	270
236	2026-04-30T14:24:44.157460	cycle start_time queries_executed items_processed domains_analyzed convergence_signals confidence_scores symbols_found queries	complete	270
297	2026-04-30T14:25:00.956289	cycle start_time queries_executed items_processed domains_analyzed convergence_signals confidence_scores symbols_found queries	complete	270
227	2026-04-30T14:25:07.875002	cycle start_time queries_executed items_processed domains_analyzed convergence_signals confidence_scores symbols_found queries	complete	270
237	2026-04-30T14:25:44.163957	cycle start_time queries_executed items_processed domains_analyzed convergence_signals confidence_scores symbols_found queries	complete	270
298	2026-04-30T14:26:00.966862	cycle start_time queries_executed items_processed domains_analyzed convergence_signals confidence_scores symbols_found queries	complete	270
2026-04-30T14:26:02.319464	51	30	complete	1530
228	2026-04-30T14:26:07.902305	cycle start_time queries_executed items_processed domains_analyzed convergence_signals confidence_scores symbols_found queries	complete	270
238	2026-04-30T14:26:44.181416	cycle start_time queries_executed items_processed domains_analyzed convergence_signals confidence_scores symbols_found queries	complete	270
299	2026-04-30T14:27:01.036060	cycle start_time queries_executed items_processed domains_analyzed convergence_signals confidence_scores symbols_found queries	complete	270
229	2026-04-30T14:27:07.918865	cycle start_time queries_executed items_processed domains_analyzed convergence_signals confidence_scores symbols_found queries	complete	270
239	2026-04-30T14:27:44.188078	cycle start_time queries_executed items_processed domains_analyzed convergence_signals confidence_scores symbols_found queries	complete	270
300	2026-04-30T14:28:01.041875	cycle start_time queries_executed items_processed domains_analyzed convergence_signals confidence_scores symbols_found queries	complete	270
230	2026-04-30T14:28:07.931414	cycle start_time queries_executed items_processed domains_analyzed convergence_signals confidence_scores symbols_found queries	complete	270
240	2026-04-30T14:28:44.223988	cycle start_time queries_executed items_processed domains_analyzed convergence_signals confidence_scores symbols_found queries	complete	270
301	2026-04-30T14:29:01.049871	cycle start_time queries_executed items_processed domains_analyzed convergence_signals confidence_scores symbols_found queries	complete	270
231	2026-04-30T14:29:08.447056	cycle start_time queries_executed items_processed domains_analyzed convergence_signals confidence_scores symbols_found queries	complete	270
241	2026-04-30T14:29:44.236277	cycle start_time queries_executed items_processed domains_analyzed convergence_signals confidence_scores symbols_found queries	complete	270
302	2026-04-30T14:30:01.060544	cycle start_time queries_executed items_processed domains_analyzed convergence_signals confidence_scores symbols_found queries	complete	270
232	2026-04-30T14:30:08.476451	cycle start_time queries_executed items_processed domains_analyzed convergence_signals confidence_scores symbols_found queries	complete	270
242	2026-04-30T14:30:44.243046	cycle start_time queries_executed items_processed domains_analyzed convergence_signals confidence_scores symbols_found queries	complete	270
2026-04-30T14:30:53.892023	41	30	complete	1230
303	2026-04-30T14:31:01.085872	cycle start_time queries_executed items_processed domains_analyzed convergence_signals confidence_scores symbols_found queries	complete	270
233	2026-04-30T14:31:08.517375	cycle start_time queries_executed items_processed domains_analyzed convergence_signals confidence_scores symbols_found queries	complete	270
243	2026-04-30T14:31:44.264484	cycle start_time queries_executed items_processed domains_analyzed convergence_signals confidence_scores symbols_found queries	complete	270
1	2026-04-30T14:31:49.733760	cycle start_time queries_executed items_processed domains_analyzed convergence_signals confidence_scores symbols_found queries	complete	270
304	2026-04-30T14:32:01.132909	cycle start_time queries_executed items_processed domains_analyzed convergence_signals confidence_scores symbols_found queries	complete	270
234	2026-04-30T14:32:08.530462	cycle start_time queries_executed items_processed domains_analyzed convergence_signals confidence_scores symbols_found queries	complete	270
244	2026-04-30T14:32:44.275916	cycle start_time queries_executed items_processed domains_analyzed convergence_signals confidence_scores symbols_found queries	complete	270
305	2026-04-30T14:33:01.143441	cycle start_time queries_executed items_processed domains_analyzed convergence_signals confidence_scores symbols_found queries	complete	270
235	2026-04-30T14:33:08.540773	cycle start_time queries_executed items_processed domains_analyzed convergence_signals confidence_scores symbols_found queries	complete	270
245	2026-04-30T14:33:44.286170	cycle start_time queries_executed items_processed domains_analyzed convergence_signals confidence_scores symbols_found queries	complete	270
306	2026-04-30T14:34:01.164095	cycle start_time queries_executed items_processed domains_analyzed convergence_signals confidence_scores symbols_found queries	complete	270
236	2026-04-30T14:34:09.727549	cycle start_time queries_executed items_processed domains_analyzed convergence_signals confidence_scores symbols_found queries	complete	270
246	2026-04-30T14:34:44.301895	cycle start_time queries_executed items_processed domains_analyzed convergence_signals confidence_scores symbols_found queries	complete	270
307	2026-04-30T14:35:01.182520	cycle start_time queries_executed items_processed domains_analyzed convergence_signals confidence_scores symbols_found queries	complete	270
237	2026-04-30T14:35:09.744198	cycle start_time queries_executed items_processed domains_analyzed convergence_signals confidence_scores symbols_found queries	complete	270
247	2026-04-30T14:35:44.334589	cycle start_time queries_executed items_processed domains_analyzed convergence_signals confidence_scores symbols_found queries	complete	270
308	2026-04-30T14:36:01.195374	cycle start_time queries_executed items_processed domains_analyzed convergence_signals confidence_scores symbols_found queries	complete	270
2026-04-30T14:36:02.535441	52	30	complete	1560
238	2026-04-30T14:36:09.828750	cycle start_time queries_executed items_processed domains_analyzed convergence_signals confidence_scores symbols_found queries	complete	270
248	2026-04-30T14:36:44.347724	cycle start_time queries_executed items_processed domains_analyzed convergence_signals confidence_scores symbols_found queries	complete	270
309	2026-04-30T14:37:01.221827	cycle start_time queries_executed items_processed domains_analyzed convergence_signals confidence_scores symbols_found queries	complete	270
239	2026-04-30T14:37:09.846926	cycle start_time queries_executed items_processed domains_analyzed convergence_signals confidence_scores symbols_found queries	complete	270
249	2026-04-30T14:37:44.358727	cycle start_time queries_executed items_processed domains_analyzed convergence_signals confidence_scores symbols_found queries	complete	270
310	2026-04-30T14:38:01.233152	cycle start_time queries_executed items_processed domains_analyzed convergence_signals confidence_scores symbols_found queries	complete	270
240	2026-04-30T14:38:09.913851	cycle start_time queries_executed items_processed domains_analyzed convergence_signals confidence_scores symbols_found queries	complete	270
250	2026-04-30T14:38:44.373700	cycle start_time queries_executed items_processed domains_analyzed convergence_signals confidence_scores symbols_found queries	complete	270
311	2026-04-30T14:39:01.266833	cycle start_time queries_executed items_processed domains_analyzed convergence_signals confidence_scores symbols_found queries	complete	270
241	2026-04-30T14:39:09.935064	cycle start_time queries_executed items_processed domains_analyzed convergence_signals confidence_scores symbols_found queries	complete	270
251	2026-04-30T14:39:44.381290	cycle start_time queries_executed items_processed domains_analyzed convergence_signals confidence_scores symbols_found queries	complete	270
312	2026-04-30T14:40:01.278536	cycle start_time queries_executed items_processed domains_analyzed convergence_signals confidence_scores symbols_found queries	complete	270
242	2026-04-30T14:40:09.958872	cycle start_time queries_executed items_processed domains_analyzed convergence_signals confidence_scores symbols_found queries	complete	270
252	2026-04-30T14:40:44.405885	cycle start_time queries_executed items_processed domains_analyzed convergence_signals confidence_scores symbols_found queries	complete	270
2026-04-30T14:40:54.435719	42	30	complete	1260
313	2026-04-30T14:41:01.291627	cycle start_time queries_executed items_processed domains_analyzed convergence_signals confidence_scores symbols_found queries	complete	270
243	2026-04-30T14:41:10.183131	cycle start_time queries_executed items_processed domains_analyzed convergence_signals confidence_scores symbols_found queries	complete	270
253	2026-04-30T14:41:44.415903	cycle start_time queries_executed items_processed domains_analyzed convergence_signals confidence_scores symbols_found queries	complete	270
314	2026-04-30T14:42:01.302095	cycle start_time queries_executed items_processed domains_analyzed convergence_signals confidence_scores symbols_found queries	complete	270
244	2026-04-30T14:42:10.198171	cycle start_time queries_executed items_processed domains_analyzed convergence_signals confidence_scores symbols_found queries	complete	270
254	2026-04-30T14:42:44.426257	cycle start_time queries_executed items_processed domains_analyzed convergence_signals confidence_scores symbols_found queries	complete	270
315	2026-04-30T14:43:01.322380	cycle start_time queries_executed items_processed domains_analyzed convergence_signals confidence_scores symbols_found queries	complete	270
245	2026-04-30T14:43:10.875865	cycle start_time queries_executed items_processed domains_analyzed convergence_signals confidence_scores symbols_found queries	complete	270
255	2026-04-30T14:43:44.443854	cycle start_time queries_executed items_processed domains_analyzed convergence_signals confidence_scores symbols_found queries	complete	270
316	2026-04-30T14:44:01.330208	cycle start_time queries_executed items_processed domains_analyzed convergence_signals confidence_scores symbols_found queries	complete	270
246	2026-04-30T14:44:10.921088	cycle start_time queries_executed items_processed domains_analyzed convergence_signals confidence_scores symbols_found queries	complete	270
256	2026-04-30T14:44:44.463522	cycle start_time queries_executed items_processed domains_analyzed convergence_signals confidence_scores symbols_found queries	complete	270
317	2026-04-30T14:45:01.349673	cycle start_time queries_executed items_processed domains_analyzed convergence_signals confidence_scores symbols_found queries	complete	270
247	2026-04-30T14:45:11.128872	cycle start_time queries_executed items_processed domains_analyzed convergence_signals confidence_scores symbols_found queries	complete	270
257	2026-04-30T14:45:44.481200	cycle start_time queries_executed items_processed domains_analyzed convergence_signals confidence_scores symbols_found queries	complete	270
318	2026-04-30T14:46:01.424811	cycle start_time queries_executed items_processed domains_analyzed convergence_signals confidence_scores symbols_found queries	complete	270
2026-04-30T14:46:02.785603	53	30	complete	1590
248	2026-04-30T14:46:11.166279	cycle start_time queries_executed items_processed domains_analyzed convergence_signals confidence_scores symbols_found queries	complete	270
258	2026-04-30T14:46:44.500616	cycle start_time queries_executed items_processed domains_analyzed convergence_signals confidence_scores symbols_found queries	complete	270
319	2026-04-30T14:47:01.437566	cycle start_time queries_executed items_processed domains_analyzed convergence_signals confidence_scores symbols_found queries	complete	270
249	2026-04-30T14:47:11.216237	cycle start_time queries_executed items_processed domains_analyzed convergence_signals confidence_scores symbols_found queries	complete	270
259	2026-04-30T14:47:44.518112	cycle start_time queries_executed items_processed domains_analyzed convergence_signals confidence_scores symbols_found queries	complete	270
320	2026-04-30T14:48:01.448137	cycle start_time queries_executed items_processed domains_analyzed convergence_signals confidence_scores symbols_found queries	complete	270
250	2026-04-30T14:48:11.327762	cycle start_time queries_executed items_processed domains_analyzed convergence_signals confidence_scores symbols_found queries	complete	270
260	2026-04-30T14:48:44.533158	cycle start_time queries_executed items_processed domains_analyzed convergence_signals confidence_scores symbols_found queries	complete	270
321	2026-04-30T14:49:01.454491	cycle start_time queries_executed items_processed domains_analyzed convergence_signals confidence_scores symbols_found queries	complete	270
251	2026-04-30T14:49:12.437779	cycle start_time queries_executed items_processed domains_analyzed convergence_signals confidence_scores symbols_found queries	complete	270
261	2026-04-30T14:49:44.545444	cycle start_time queries_executed items_processed domains_analyzed convergence_signals confidence_scores symbols_found queries	complete	270
322	2026-04-30T14:50:01.482363	cycle start_time queries_executed items_processed domains_analyzed convergence_signals confidence_scores symbols_found queries	complete	270
252	2026-04-30T14:50:12.575714	cycle start_time queries_executed items_processed domains_analyzed convergence_signals confidence_scores symbols_found queries	complete	270
262	2026-04-30T14:50:44.574479	cycle start_time queries_executed items_processed domains_analyzed convergence_signals confidence_scores symbols_found queries	complete	270
2026-04-30T14:50:54.744706	43	30	complete	1290
323	2026-04-30T14:51:01.526641	cycle start_time queries_executed items_processed domains_analyzed convergence_signals confidence_scores symbols_found queries	complete	270
253	2026-04-30T14:51:12.642025	cycle start_time queries_executed items_processed domains_analyzed convergence_signals confidence_scores symbols_found queries	complete	270
263	2026-04-30T14:51:44.587578	cycle start_time queries_executed items_processed domains_analyzed convergence_signals confidence_scores symbols_found queries	complete	270
324	2026-04-30T14:52:01.557390	cycle start_time queries_executed items_processed domains_analyzed convergence_signals confidence_scores symbols_found queries	complete	270
254	2026-04-30T14:52:12.705318	cycle start_time queries_executed items_processed domains_analyzed convergence_signals confidence_scores symbols_found queries	complete	270
264	2026-04-30T14:52:44.608634	cycle start_time queries_executed items_processed domains_analyzed convergence_signals confidence_scores symbols_found queries	complete	270
325	2026-04-30T14:53:01.567567	cycle start_time queries_executed items_processed domains_analyzed convergence_signals confidence_scores symbols_found queries	complete	270
255	2026-04-30T14:53:12.719305	cycle start_time queries_executed items_processed domains_analyzed convergence_signals confidence_scores symbols_found queries	complete	270
265	2026-04-30T14:53:44.620680	cycle start_time queries_executed items_processed domains_analyzed convergence_signals confidence_scores symbols_found queries	complete	270
326	2026-04-30T14:54:01.578652	cycle start_time queries_executed items_processed domains_analyzed convergence_signals confidence_scores symbols_found queries	complete	270
256	2026-04-30T14:54:12.750557	cycle start_time queries_executed items_processed domains_analyzed convergence_signals confidence_scores symbols_found queries	complete	270
266	2026-04-30T14:54:44.648957	cycle start_time queries_executed items_processed domains_analyzed convergence_signals confidence_scores symbols_found queries	complete	270
327	2026-04-30T14:55:01.591438	cycle start_time queries_executed items_processed domains_analyzed convergence_signals confidence_scores symbols_found queries	complete	270
257	2026-04-30T14:55:12.805232	cycle start_time queries_executed items_processed domains_analyzed convergence_signals confidence_scores symbols_found queries	complete	270
267	2026-04-30T14:55:44.693074	cycle start_time queries_executed items_processed domains_analyzed convergence_signals confidence_scores symbols_found queries	complete	270
328	2026-04-30T14:56:01.607031	cycle start_time queries_executed items_processed domains_analyzed convergence_signals confidence_scores symbols_found queries	complete	270
2026-04-30T14:56:03.047992	54	30	complete	1620
258	2026-04-30T14:56:12.827586	cycle start_time queries_executed items_processed domains_analyzed convergence_signals confidence_scores symbols_found queries	complete	270
268	2026-04-30T14:56:44.706322	cycle start_time queries_executed items_processed domains_analyzed convergence_signals confidence_scores symbols_found queries	complete	270
329	2026-04-30T14:57:01.616142	cycle start_time queries_executed items_processed domains_analyzed convergence_signals confidence_scores symbols_found queries	complete	270
259	2026-04-30T14:57:12.882012	cycle start_time queries_executed items_processed domains_analyzed convergence_signals confidence_scores symbols_found queries	complete	270
269	2026-04-30T14:57:44.718659	cycle start_time queries_executed items_processed domains_analyzed convergence_signals confidence_scores symbols_found queries	complete	270
330	2026-04-30T14:58:01.624081	cycle start_time queries_executed items_processed domains_analyzed convergence_signals confidence_scores symbols_found queries	complete	270
260	2026-04-30T14:58:12.902557	cycle start_time queries_executed items_processed domains_analyzed convergence_signals confidence_scores symbols_found queries	complete	270
270	2026-04-30T14:58:44.735423	cycle start_time queries_executed items_processed domains_analyzed convergence_signals confidence_scores symbols_found queries	complete	270
331	2026-04-30T14:59:01.642463	cycle start_time queries_executed items_processed domains_analyzed convergence_signals confidence_scores symbols_found queries	complete	270
261	2026-04-30T14:59:12.964764	cycle start_time queries_executed items_processed domains_analyzed convergence_signals confidence_scores symbols_found queries	complete	270
271	2026-04-30T14:59:44.740927	cycle start_time queries_executed items_processed domains_analyzed convergence_signals confidence_scores symbols_found queries	complete	270
332	2026-04-30T15:00:01.651716	cycle start_time queries_executed items_processed domains_analyzed convergence_signals confidence_scores symbols_found queries	complete	270
262	2026-04-30T15:00:12.984930	cycle start_time queries_executed items_processed domains_analyzed convergence_signals confidence_scores symbols_found queries	complete	270
272	2026-04-30T15:00:44.757694	cycle start_time queries_executed items_processed domains_analyzed convergence_signals confidence_scores symbols_found queries	complete	270
2026-04-30T15:00:54.967796	44	30	complete	1320
333	2026-04-30T15:01:01.658427	cycle start_time queries_executed items_processed domains_analyzed convergence_signals confidence_scores symbols_found queries	complete	270
263	2026-04-30T15:01:13.055929	cycle start_time queries_executed items_processed domains_analyzed convergence_signals confidence_scores symbols_found queries	complete	270
273	2026-04-30T15:01:44.765733	cycle start_time queries_executed items_processed domains_analyzed convergence_signals confidence_scores symbols_found queries	complete	270
334	2026-04-30T15:02:01.687969	cycle start_time queries_executed items_processed domains_analyzed convergence_signals confidence_scores symbols_found queries	complete	270
264	2026-04-30T15:02:13.074096	cycle start_time queries_executed items_processed domains_analyzed convergence_signals confidence_scores symbols_found queries	complete	270
274	2026-04-30T15:02:44.776981	cycle start_time queries_executed items_processed domains_analyzed convergence_signals confidence_scores symbols_found queries	complete	270
335	2026-04-30T15:03:01.706698	cycle start_time queries_executed items_processed domains_analyzed convergence_signals confidence_scores symbols_found queries	complete	270
265	2026-04-30T15:03:13.101723	cycle start_time queries_executed items_processed domains_analyzed convergence_signals confidence_scores symbols_found queries	complete	270
275	2026-04-30T15:03:44.811299	cycle start_time queries_executed items_processed domains_analyzed convergence_signals confidence_scores symbols_found queries	complete	270
336	2026-04-30T15:04:01.717606	cycle start_time queries_executed items_processed domains_analyzed convergence_signals confidence_scores symbols_found queries	complete	270
266	2026-04-30T15:04:13.529787	cycle start_time queries_executed items_processed domains_analyzed convergence_signals confidence_scores symbols_found queries	complete	270
276	2026-04-30T15:04:44.824986	cycle start_time queries_executed items_processed domains_analyzed convergence_signals confidence_scores symbols_found queries	complete	270
337	2026-04-30T15:05:01.774721	cycle start_time queries_executed items_processed domains_analyzed convergence_signals confidence_scores symbols_found queries	complete	270
267	2026-04-30T15:05:13.586045	cycle start_time queries_executed items_processed domains_analyzed convergence_signals confidence_scores symbols_found queries	complete	270
277	2026-04-30T15:05:44.835600	cycle start_time queries_executed items_processed domains_analyzed convergence_signals confidence_scores symbols_found queries	complete	270
338	2026-04-30T15:06:01.828873	cycle start_time queries_executed items_processed domains_analyzed convergence_signals confidence_scores symbols_found queries	complete	270
268	2026-04-30T15:06:13.651304	cycle start_time queries_executed items_processed domains_analyzed convergence_signals confidence_scores symbols_found queries	complete	270
278	2026-04-30T15:06:44.856848	cycle start_time queries_executed items_processed domains_analyzed convergence_signals confidence_scores symbols_found queries	complete	270
339	2026-04-30T15:07:01.840007	cycle start_time queries_executed items_processed domains_analyzed convergence_signals confidence_scores symbols_found queries	complete	270
269	2026-04-30T15:07:13.759232	cycle start_time queries_executed items_processed domains_analyzed convergence_signals confidence_scores symbols_found queries	complete	270
279	2026-04-30T15:07:44.886835	cycle start_time queries_executed items_processed domains_analyzed convergence_signals confidence_scores symbols_found queries	complete	270
340	2026-04-30T15:08:01.867977	cycle start_time queries_executed items_processed domains_analyzed convergence_signals confidence_scores symbols_found queries	complete	270
270	2026-04-30T15:08:13.775475	cycle start_time queries_executed items_processed domains_analyzed convergence_signals confidence_scores symbols_found queries	complete	270
280	2026-04-30T15:08:44.907857	cycle start_time queries_executed items_processed domains_analyzed convergence_signals confidence_scores symbols_found queries	complete	270
341	2026-04-30T15:09:01.884411	cycle start_time queries_executed items_processed domains_analyzed convergence_signals confidence_scores symbols_found queries	complete	270
271	2026-04-30T15:09:13.789913	cycle start_time queries_executed items_processed domains_analyzed convergence_signals confidence_scores symbols_found queries	complete	270
281	2026-04-30T15:09:44.922973	cycle start_time queries_executed items_processed domains_analyzed convergence_signals confidence_scores symbols_found queries	complete	270
342	2026-04-30T15:10:01.893865	cycle start_time queries_executed items_processed domains_analyzed convergence_signals confidence_scores symbols_found queries	complete	270
272	2026-04-30T15:10:13.815976	cycle start_time queries_executed items_processed domains_analyzed convergence_signals confidence_scores symbols_found queries	complete	270
282	2026-04-30T15:10:44.935707	cycle start_time queries_executed items_processed domains_analyzed convergence_signals confidence_scores symbols_found queries	complete	270
2026-04-30T15:10:55.829872	45	30	complete	1350
343	2026-04-30T15:11:01.952393	cycle start_time queries_executed items_processed domains_analyzed convergence_signals confidence_scores symbols_found queries	complete	270
273	2026-04-30T15:11:13.880302	cycle start_time queries_executed items_processed domains_analyzed convergence_signals confidence_scores symbols_found queries	complete	270
283	2026-04-30T15:11:44.944125	cycle start_time queries_executed items_processed domains_analyzed convergence_signals confidence_scores symbols_found queries	complete	270
344	2026-04-30T15:12:01.966065	cycle start_time queries_executed items_processed domains_analyzed convergence_signals confidence_scores symbols_found queries	complete	270
274	2026-04-30T15:12:13.921932	cycle start_time queries_executed items_processed domains_analyzed convergence_signals confidence_scores symbols_found queries	complete	270
284	2026-04-30T15:12:44.953711	cycle start_time queries_executed items_processed domains_analyzed convergence_signals confidence_scores symbols_found queries	complete	270
345	2026-04-30T15:13:02.004572	cycle start_time queries_executed items_processed domains_analyzed convergence_signals confidence_scores symbols_found queries	complete	270
275	2026-04-30T15:13:14.017534	cycle start_time queries_executed items_processed domains_analyzed convergence_signals confidence_scores symbols_found queries	complete	270
285	2026-04-30T15:13:44.969078	cycle start_time queries_executed items_processed domains_analyzed convergence_signals confidence_scores symbols_found queries	complete	270
346	2026-04-30T15:14:02.033816	cycle start_time queries_executed items_processed domains_analyzed convergence_signals confidence_scores symbols_found queries	complete	270
276	2026-04-30T15:14:14.064811	cycle start_time queries_executed items_processed domains_analyzed convergence_signals confidence_scores symbols_found queries	complete	270
286	2026-04-30T15:14:44.979090	cycle start_time queries_executed items_processed domains_analyzed convergence_signals confidence_scores symbols_found queries	complete	270
347	2026-04-30T15:15:02.043327	cycle start_time queries_executed items_processed domains_analyzed convergence_signals confidence_scores symbols_found queries	complete	270
277	2026-04-30T15:15:14.188425	cycle start_time queries_executed items_processed domains_analyzed convergence_signals confidence_scores symbols_found queries	complete	270
287	2026-04-30T15:15:44.999309	cycle start_time queries_executed items_processed domains_analyzed convergence_signals confidence_scores symbols_found queries	complete	270
348	2026-04-30T15:16:02.054199	cycle start_time queries_executed items_processed domains_analyzed convergence_signals confidence_scores symbols_found queries	complete	270
278	2026-04-30T15:16:14.202749	cycle start_time queries_executed items_processed domains_analyzed convergence_signals confidence_scores symbols_found queries	complete	270
288	2026-04-30T15:16:45.005661	cycle start_time queries_executed items_processed domains_analyzed convergence_signals confidence_scores symbols_found queries	complete	270
349	2026-04-30T15:17:02.116544	cycle start_time queries_executed items_processed domains_analyzed convergence_signals confidence_scores symbols_found queries	complete	270
279	2026-04-30T15:17:14.995441	cycle start_time queries_executed items_processed domains_analyzed convergence_signals confidence_scores symbols_found queries	complete	270
289	2026-04-30T15:17:45.016660	cycle start_time queries_executed items_processed domains_analyzed convergence_signals confidence_scores symbols_found queries	complete	270
350	2026-04-30T15:18:02.124549	cycle start_time queries_executed items_processed domains_analyzed convergence_signals confidence_scores symbols_found queries	complete	270
280	2026-04-30T15:18:15.027042	cycle start_time queries_executed items_processed domains_analyzed convergence_signals confidence_scores symbols_found queries	complete	270
290	2026-04-30T15:18:45.033010	cycle start_time queries_executed items_processed domains_analyzed convergence_signals confidence_scores symbols_found queries	complete	270
351	2026-04-30T15:19:02.130673	cycle start_time queries_executed items_processed domains_analyzed convergence_signals confidence_scores symbols_found queries	complete	270
281	2026-04-30T15:19:15.057532	cycle start_time queries_executed items_processed domains_analyzed convergence_signals confidence_scores symbols_found queries	complete	270
291	2026-04-30T15:19:45.040277	cycle start_time queries_executed items_processed domains_analyzed convergence_signals confidence_scores symbols_found queries	complete	270
352	2026-04-30T15:20:02.140023	cycle start_time queries_executed items_processed domains_analyzed convergence_signals confidence_scores symbols_found queries	complete	270
282	2026-04-30T15:20:15.121222	cycle start_time queries_executed items_processed domains_analyzed convergence_signals confidence_scores symbols_found queries	complete	270
292	2026-04-30T15:20:45.075969	cycle start_time queries_executed items_processed domains_analyzed convergence_signals confidence_scores symbols_found queries	complete	270
2026-04-30T15:20:56.160069	46	30	complete	1380
353	2026-04-30T15:21:02.198270	cycle start_time queries_executed items_processed domains_analyzed convergence_signals confidence_scores symbols_found queries	complete	270
283	2026-04-30T15:21:15.152985	cycle start_time queries_executed items_processed domains_analyzed convergence_signals confidence_scores symbols_found queries	complete	270
293	2026-04-30T15:21:45.082994	cycle start_time queries_executed items_processed domains_analyzed convergence_signals confidence_scores symbols_found queries	complete	270
354	2026-04-30T15:22:02.206433	cycle start_time queries_executed items_processed domains_analyzed convergence_signals confidence_scores symbols_found queries	complete	270
284	2026-04-30T15:22:15.175218	cycle start_time queries_executed items_processed domains_analyzed convergence_signals confidence_scores symbols_found queries	complete	270
294	2026-04-30T15:22:45.092371	cycle start_time queries_executed items_processed domains_analyzed convergence_signals confidence_scores symbols_found queries	complete	270
355	2026-04-30T15:23:02.218416	cycle start_time queries_executed items_processed domains_analyzed convergence_signals confidence_scores symbols_found queries	complete	270
285	2026-04-30T15:23:15.205038	cycle start_time queries_executed items_processed domains_analyzed convergence_signals confidence_scores symbols_found queries	complete	270
295	2026-04-30T15:23:45.123881	cycle start_time queries_executed items_processed domains_analyzed convergence_signals confidence_scores symbols_found queries	complete	270
356	2026-04-30T15:24:02.244137	cycle start_time queries_executed items_processed domains_analyzed convergence_signals confidence_scores symbols_found queries	complete	270
286	2026-04-30T15:24:15.220988	cycle start_time queries_executed items_processed domains_analyzed convergence_signals confidence_scores symbols_found queries	complete	270
296	2026-04-30T15:24:45.132716	cycle start_time queries_executed items_processed domains_analyzed convergence_signals confidence_scores symbols_found queries	complete	270
357	2026-04-30T15:25:02.267544	cycle start_time queries_executed items_processed domains_analyzed convergence_signals confidence_scores symbols_found queries	complete	270
287	2026-04-30T15:25:15.238508	cycle start_time queries_executed items_processed domains_analyzed convergence_signals confidence_scores symbols_found queries	complete	270
297	2026-04-30T15:25:45.142828	cycle start_time queries_executed items_processed domains_analyzed convergence_signals confidence_scores symbols_found queries	complete	270
358	2026-04-30T15:26:02.300465	cycle start_time queries_executed items_processed domains_analyzed convergence_signals confidence_scores symbols_found queries	complete	270
288	2026-04-30T15:26:15.288062	cycle start_time queries_executed items_processed domains_analyzed convergence_signals confidence_scores symbols_found queries	complete	270
298	2026-04-30T15:26:45.164006	cycle start_time queries_executed items_processed domains_analyzed convergence_signals confidence_scores symbols_found queries	complete	270
359	2026-04-30T15:27:02.319773	cycle start_time queries_executed items_processed domains_analyzed convergence_signals confidence_scores symbols_found queries	complete	270
289	2026-04-30T15:27:16.275619	cycle start_time queries_executed items_processed domains_analyzed convergence_signals confidence_scores symbols_found queries	complete	270
299	2026-04-30T15:27:45.181529	cycle start_time queries_executed items_processed domains_analyzed convergence_signals confidence_scores symbols_found queries	complete	270
360	2026-04-30T15:28:02.346564	cycle start_time queries_executed items_processed domains_analyzed convergence_signals confidence_scores symbols_found queries	complete	270
290	2026-04-30T15:28:16.304762	cycle start_time queries_executed items_processed domains_analyzed convergence_signals confidence_scores symbols_found queries	complete	270
300	2026-04-30T15:28:45.233638	cycle start_time queries_executed items_processed domains_analyzed convergence_signals confidence_scores symbols_found queries	complete	270
361	2026-04-30T15:29:02.409609	cycle start_time queries_executed items_processed domains_analyzed convergence_signals confidence_scores symbols_found queries	complete	270
291	2026-04-30T15:29:16.319786	cycle start_time queries_executed items_processed domains_analyzed convergence_signals confidence_scores symbols_found queries	complete	270
301	2026-04-30T15:29:45.239558	cycle start_time queries_executed items_processed domains_analyzed convergence_signals confidence_scores symbols_found queries	complete	270
362	2026-04-30T15:30:02.420068	cycle start_time queries_executed items_processed domains_analyzed convergence_signals confidence_scores symbols_found queries	complete	270
292	2026-04-30T15:30:16.431465	cycle start_time queries_executed items_processed domains_analyzed convergence_signals confidence_scores symbols_found queries	complete	270
302	2026-04-30T15:30:45.279958	cycle start_time queries_executed items_processed domains_analyzed convergence_signals confidence_scores symbols_found queries	complete	270
2026-04-30T15:30:56.748288	47	30	complete	1410
363	2026-04-30T15:31:02.429780	cycle start_time queries_executed items_processed domains_analyzed convergence_signals confidence_scores symbols_found queries	complete	270
293	2026-04-30T15:31:16.444244	cycle start_time queries_executed items_processed domains_analyzed convergence_signals confidence_scores symbols_found queries	complete	270
303	2026-04-30T15:31:45.300550	cycle start_time queries_executed items_processed domains_analyzed convergence_signals confidence_scores symbols_found queries	complete	270
364	2026-04-30T15:32:02.502898	cycle start_time queries_executed items_processed domains_analyzed convergence_signals confidence_scores symbols_found queries	complete	270
294	2026-04-30T15:32:16.497342	cycle start_time queries_executed items_processed domains_analyzed convergence_signals confidence_scores symbols_found queries	complete	270
304	2026-04-30T15:32:45.312830	cycle start_time queries_executed items_processed domains_analyzed convergence_signals confidence_scores symbols_found queries	complete	270
365	2026-04-30T15:33:02.518572	cycle start_time queries_executed items_processed domains_analyzed convergence_signals confidence_scores symbols_found queries	complete	270
295	2026-04-30T15:33:16.518670	cycle start_time queries_executed items_processed domains_analyzed convergence_signals confidence_scores symbols_found queries	complete	270
305	2026-04-30T15:33:45.321412	cycle start_time queries_executed items_processed domains_analyzed convergence_signals confidence_scores symbols_found queries	complete	270
366	2026-04-30T15:34:02.533035	cycle start_time queries_executed items_processed domains_analyzed convergence_signals confidence_scores symbols_found queries	complete	270
296	2026-04-30T15:34:16.530583	cycle start_time queries_executed items_processed domains_analyzed convergence_signals confidence_scores symbols_found queries	complete	270
306	2026-04-30T15:34:45.344334	cycle start_time queries_executed items_processed domains_analyzed convergence_signals confidence_scores symbols_found queries	complete	270
367	2026-04-30T15:35:02.543864	cycle start_time queries_executed items_processed domains_analyzed convergence_signals confidence_scores symbols_found queries	complete	270
297	2026-04-30T15:35:16.541066	cycle start_time queries_executed items_processed domains_analyzed convergence_signals confidence_scores symbols_found queries	complete	270
1	2026-04-30T15:35:40.989365	cycle start_time queries_executed items_processed domains_analyzed convergence_signals confidence_scores symbols_found queries	complete	270
307	2026-04-30T15:35:45.378979	cycle start_time queries_executed items_processed domains_analyzed convergence_signals confidence_scores symbols_found queries	complete	270
368	2026-04-30T15:36:02.569107	cycle start_time queries_executed items_processed domains_analyzed convergence_signals confidence_scores symbols_found queries	complete	270
298	2026-04-30T15:36:16.608177	cycle start_time queries_executed items_processed domains_analyzed convergence_signals confidence_scores symbols_found queries	complete	270
2	2026-04-30T15:36:41.017610	cycle start_time queries_executed items_processed domains_analyzed convergence_signals confidence_scores symbols_found queries	complete	270
308	2026-04-30T15:36:45.399005	cycle start_time queries_executed items_processed domains_analyzed convergence_signals confidence_scores symbols_found queries	complete	270
369	2026-04-30T15:37:02.583606	cycle start_time queries_executed items_processed domains_analyzed convergence_signals confidence_scores symbols_found queries	complete	270
299	2026-04-30T15:37:16.640047	cycle start_time queries_executed items_processed domains_analyzed convergence_signals confidence_scores symbols_found queries	complete	270
3	2026-04-30T15:37:41.043702	cycle start_time queries_executed items_processed domains_analyzed convergence_signals confidence_scores symbols_found queries	complete	270
309	2026-04-30T15:37:45.419210	cycle start_time queries_executed items_processed domains_analyzed convergence_signals confidence_scores symbols_found queries	complete	270
370	2026-04-30T15:38:02.594292	cycle start_time queries_executed items_processed domains_analyzed convergence_signals confidence_scores symbols_found queries	complete	270
300	2026-04-30T15:38:16.656331	cycle start_time queries_executed items_processed domains_analyzed convergence_signals confidence_scores symbols_found queries	complete	270
4	2026-04-30T15:38:41.069468	cycle start_time queries_executed items_processed domains_analyzed convergence_signals confidence_scores symbols_found queries	complete	270
310	2026-04-30T15:38:45.425038	cycle start_time queries_executed items_processed domains_analyzed convergence_signals confidence_scores symbols_found queries	complete	270
371	2026-04-30T15:39:02.606161	cycle start_time queries_executed items_processed domains_analyzed convergence_signals confidence_scores symbols_found queries	complete	270
301	2026-04-30T15:39:16.840607	cycle start_time queries_executed items_processed domains_analyzed convergence_signals confidence_scores symbols_found queries	complete	270
5	2026-04-30T15:39:41.096917	cycle start_time queries_executed items_processed domains_analyzed convergence_signals confidence_scores symbols_found queries	complete	270
311	2026-04-30T15:39:45.448515	cycle start_time queries_executed items_processed domains_analyzed convergence_signals confidence_scores symbols_found queries	complete	270
372	2026-04-30T15:40:02.619601	cycle start_time queries_executed items_processed domains_analyzed convergence_signals confidence_scores symbols_found queries	complete	270
302	2026-04-30T15:40:16.866280	cycle start_time queries_executed items_processed domains_analyzed convergence_signals confidence_scores symbols_found queries	complete	270
6	2026-04-30T15:40:41.127728	cycle start_time queries_executed items_processed domains_analyzed convergence_signals confidence_scores symbols_found queries	complete	270
312	2026-04-30T15:40:45.475833	cycle start_time queries_executed items_processed domains_analyzed convergence_signals confidence_scores symbols_found queries	complete	270
2026-04-30T15:40:57.182623	48	30	complete	1440
373	2026-04-30T15:41:02.631278	cycle start_time queries_executed items_processed domains_analyzed convergence_signals confidence_scores symbols_found queries	complete	270
303	2026-04-30T15:41:16.883509	cycle start_time queries_executed items_processed domains_analyzed convergence_signals confidence_scores symbols_found queries	complete	270
7	2026-04-30T15:41:41.141843	cycle start_time queries_executed items_processed domains_analyzed convergence_signals confidence_scores symbols_found queries	complete	270
313	2026-04-30T15:41:45.482447	cycle start_time queries_executed items_processed domains_analyzed convergence_signals confidence_scores symbols_found queries	complete	270
374	2026-04-30T15:42:02.642801	cycle start_time queries_executed items_processed domains_analyzed convergence_signals confidence_scores symbols_found queries	complete	270
304	2026-04-30T15:42:16.917692	cycle start_time queries_executed items_processed domains_analyzed convergence_signals confidence_scores symbols_found queries	complete	270
8	2026-04-30T15:42:41.171746	cycle start_time queries_executed items_processed domains_analyzed convergence_signals confidence_scores symbols_found queries	complete	270
314	2026-04-30T15:42:45.494493	cycle start_time queries_executed items_processed domains_analyzed convergence_signals confidence_scores symbols_found queries	complete	270
375	2026-04-30T15:43:02.649044	cycle start_time queries_executed items_processed domains_analyzed convergence_signals confidence_scores symbols_found queries	complete	270
305	2026-04-30T15:43:16.942462	cycle start_time queries_executed items_processed domains_analyzed convergence_signals confidence_scores symbols_found queries	complete	270
9	2026-04-30T15:43:41.189064	cycle start_time queries_executed items_processed domains_analyzed convergence_signals confidence_scores symbols_found queries	complete	270
315	2026-04-30T15:43:45.509305	cycle start_time queries_executed items_processed domains_analyzed convergence_signals confidence_scores symbols_found queries	complete	270
376	2026-04-30T15:44:02.659764	cycle start_time queries_executed items_processed domains_analyzed convergence_signals confidence_scores symbols_found queries	complete	270
306	2026-04-30T15:44:16.961536	cycle start_time queries_executed items_processed domains_analyzed convergence_signals confidence_scores symbols_found queries	complete	270
10	2026-04-30T15:44:41.208729	cycle start_time queries_executed items_processed domains_analyzed convergence_signals confidence_scores symbols_found queries	complete	270
316	2026-04-30T15:44:45.515883	cycle start_time queries_executed items_processed domains_analyzed convergence_signals confidence_scores symbols_found queries	complete	270
377	2026-04-30T15:45:02.667877	cycle start_time queries_executed items_processed domains_analyzed convergence_signals confidence_scores symbols_found queries	complete	270
307	2026-04-30T15:45:16.977707	cycle start_time queries_executed items_processed domains_analyzed convergence_signals confidence_scores symbols_found queries	complete	270
11	2026-04-30T15:45:41.224876	cycle start_time queries_executed items_processed domains_analyzed convergence_signals confidence_scores symbols_found queries	complete	270
317	2026-04-30T15:45:45.547476	cycle start_time queries_executed items_processed domains_analyzed convergence_signals confidence_scores symbols_found queries	complete	270
378	2026-04-30T15:46:02.688989	cycle start_time queries_executed items_processed domains_analyzed convergence_signals confidence_scores symbols_found queries	complete	270
308	2026-04-30T15:46:16.991198	cycle start_time queries_executed items_processed domains_analyzed convergence_signals confidence_scores symbols_found queries	complete	270
12	2026-04-30T15:46:41.240459	cycle start_time queries_executed items_processed domains_analyzed convergence_signals confidence_scores symbols_found queries	complete	270
318	2026-04-30T15:46:45.558151	cycle start_time queries_executed items_processed domains_analyzed convergence_signals confidence_scores symbols_found queries	complete	270
379	2026-04-30T15:47:02.698524	cycle start_time queries_executed items_processed domains_analyzed convergence_signals confidence_scores symbols_found queries	complete	270
309	2026-04-30T15:47:17.027079	cycle start_time queries_executed items_processed domains_analyzed convergence_signals confidence_scores symbols_found queries	complete	270
13	2026-04-30T15:47:41.258932	cycle start_time queries_executed items_processed domains_analyzed convergence_signals confidence_scores symbols_found queries	complete	270
319	2026-04-30T15:47:45.580863	cycle start_time queries_executed items_processed domains_analyzed convergence_signals confidence_scores symbols_found queries	complete	270
380	2026-04-30T15:48:02.708224	cycle start_time queries_executed items_processed domains_analyzed convergence_signals confidence_scores symbols_found queries	complete	270
310	2026-04-30T15:48:17.047281	cycle start_time queries_executed items_processed domains_analyzed convergence_signals confidence_scores symbols_found queries	complete	270
14	2026-04-30T15:48:41.275029	cycle start_time queries_executed items_processed domains_analyzed convergence_signals confidence_scores symbols_found queries	complete	270
320	2026-04-30T15:48:45.592794	cycle start_time queries_executed items_processed domains_analyzed convergence_signals confidence_scores symbols_found queries	complete	270
381	2026-04-30T15:49:02.736427	cycle start_time queries_executed items_processed domains_analyzed convergence_signals confidence_scores symbols_found queries	complete	270
311	2026-04-30T15:49:17.064624	cycle start_time queries_executed items_processed domains_analyzed convergence_signals confidence_scores symbols_found queries	complete	270
15	2026-04-30T15:49:41.291121	cycle start_time queries_executed items_processed domains_analyzed convergence_signals confidence_scores symbols_found queries	complete	270
321	2026-04-30T15:49:45.602595	cycle start_time queries_executed items_processed domains_analyzed convergence_signals confidence_scores symbols_found queries	complete	270
382	2026-04-30T15:50:02.809429	cycle start_time queries_executed items_processed domains_analyzed convergence_signals confidence_scores symbols_found queries	complete	270
312	2026-04-30T15:50:17.078228	cycle start_time queries_executed items_processed domains_analyzed convergence_signals confidence_scores symbols_found queries	complete	270
16	2026-04-30T15:50:41.310925	cycle start_time queries_executed items_processed domains_analyzed convergence_signals confidence_scores symbols_found queries	complete	270
322	2026-04-30T15:50:45.616836	cycle start_time queries_executed items_processed domains_analyzed convergence_signals confidence_scores symbols_found queries	complete	270
2026-04-30T15:50:57.445312	49	30	complete	1470
383	2026-04-30T15:51:02.823493	cycle start_time queries_executed items_processed domains_analyzed convergence_signals confidence_scores symbols_found queries	complete	270
313	2026-04-30T15:51:17.092514	cycle start_time queries_executed items_processed domains_analyzed convergence_signals confidence_scores symbols_found queries	complete	270
17	2026-04-30T15:51:41.332375	cycle start_time queries_executed items_processed domains_analyzed convergence_signals confidence_scores symbols_found queries	complete	270
323	2026-04-30T15:51:45.637947	cycle start_time queries_executed items_processed domains_analyzed convergence_signals confidence_scores symbols_found queries	complete	270
384	2026-04-30T15:52:02.900020	cycle start_time queries_executed items_processed domains_analyzed convergence_signals confidence_scores symbols_found queries	complete	270
314	2026-04-30T15:52:17.115333	cycle start_time queries_executed items_processed domains_analyzed convergence_signals confidence_scores symbols_found queries	complete	270
18	2026-04-30T15:52:41.353817	cycle start_time queries_executed items_processed domains_analyzed convergence_signals confidence_scores symbols_found queries	complete	270
324	2026-04-30T15:52:45.649560	cycle start_time queries_executed items_processed domains_analyzed convergence_signals confidence_scores symbols_found queries	complete	270
385	2026-04-30T15:53:02.920357	cycle start_time queries_executed items_processed domains_analyzed convergence_signals confidence_scores symbols_found queries	complete	270
315	2026-04-30T15:53:17.136226	cycle start_time queries_executed items_processed domains_analyzed convergence_signals confidence_scores symbols_found queries	complete	270
19	2026-04-30T15:53:41.375899	cycle start_time queries_executed items_processed domains_analyzed convergence_signals confidence_scores symbols_found queries	complete	270
325	2026-04-30T15:53:45.668644	cycle start_time queries_executed items_processed domains_analyzed convergence_signals confidence_scores symbols_found queries	complete	270
386	2026-04-30T15:54:02.930318	cycle start_time queries_executed items_processed domains_analyzed convergence_signals confidence_scores symbols_found queries	complete	270
316	2026-04-30T15:54:17.199748	cycle start_time queries_executed items_processed domains_analyzed convergence_signals confidence_scores symbols_found queries	complete	270
20	2026-04-30T15:54:41.488533	cycle start_time queries_executed items_processed domains_analyzed convergence_signals confidence_scores symbols_found queries	complete	270
326	2026-04-30T15:54:45.683347	cycle start_time queries_executed items_processed domains_analyzed convergence_signals confidence_scores symbols_found queries	complete	270
387	2026-04-30T15:55:02.939223	cycle start_time queries_executed items_processed domains_analyzed convergence_signals confidence_scores symbols_found queries	complete	270
317	2026-04-30T15:55:17.209375	cycle start_time queries_executed items_processed domains_analyzed convergence_signals confidence_scores symbols_found queries	complete	270
21	2026-04-30T15:55:41.524525	cycle start_time queries_executed items_processed domains_analyzed convergence_signals confidence_scores symbols_found queries	complete	270
327	2026-04-30T15:55:45.701570	cycle start_time queries_executed items_processed domains_analyzed convergence_signals confidence_scores symbols_found queries	complete	270
388	2026-04-30T15:56:02.946128	cycle start_time queries_executed items_processed domains_analyzed convergence_signals confidence_scores symbols_found queries	complete	270
318	2026-04-30T15:56:17.221879	cycle start_time queries_executed items_processed domains_analyzed convergence_signals confidence_scores symbols_found queries	complete	270
22	2026-04-30T15:56:41.856604	cycle start_time queries_executed items_processed domains_analyzed convergence_signals confidence_scores symbols_found queries	complete	270
328	2026-04-30T15:56:45.712784	cycle start_time queries_executed items_processed domains_analyzed convergence_signals confidence_scores symbols_found queries	complete	270
389	2026-04-30T15:57:02.956673	cycle start_time queries_executed items_processed domains_analyzed convergence_signals confidence_scores symbols_found queries	complete	270
319	2026-04-30T15:57:17.236216	cycle start_time queries_executed items_processed domains_analyzed convergence_signals confidence_scores symbols_found queries	complete	270
23	2026-04-30T15:57:41.880823	cycle start_time queries_executed items_processed domains_analyzed convergence_signals confidence_scores symbols_found queries	complete	270
329	2026-04-30T15:57:45.725674	cycle start_time queries_executed items_processed domains_analyzed convergence_signals confidence_scores symbols_found queries	complete	270
390	2026-04-30T15:58:02.974525	cycle start_time queries_executed items_processed domains_analyzed convergence_signals confidence_scores symbols_found queries	complete	270
320	2026-04-30T15:58:17.253752	cycle start_time queries_executed items_processed domains_analyzed convergence_signals confidence_scores symbols_found queries	complete	270
24	2026-04-30T15:58:41.900387	cycle start_time queries_executed items_processed domains_analyzed convergence_signals confidence_scores symbols_found queries	complete	270
330	2026-04-30T15:58:45.731539	cycle start_time queries_executed items_processed domains_analyzed convergence_signals confidence_scores symbols_found queries	complete	270
391	2026-04-30T15:59:02.982614	cycle start_time queries_executed items_processed domains_analyzed convergence_signals confidence_scores symbols_found queries	complete	270
321	2026-04-30T15:59:17.298654	cycle start_time queries_executed items_processed domains_analyzed convergence_signals confidence_scores symbols_found queries	complete	270
25	2026-04-30T15:59:41.916321	cycle start_time queries_executed items_processed domains_analyzed convergence_signals confidence_scores symbols_found queries	complete	270
331	2026-04-30T15:59:45.751697	cycle start_time queries_executed items_processed domains_analyzed convergence_signals confidence_scores symbols_found queries	complete	270
392	2026-04-30T16:00:03.000805	cycle start_time queries_executed items_processed domains_analyzed convergence_signals confidence_scores symbols_found queries	complete	270
322	2026-04-30T16:00:17.354697	cycle start_time queries_executed items_processed domains_analyzed convergence_signals confidence_scores symbols_found queries	complete	270
26	2026-04-30T16:00:41.940345	cycle start_time queries_executed items_processed domains_analyzed convergence_signals confidence_scores symbols_found queries	complete	270
332	2026-04-30T16:00:45.759288	cycle start_time queries_executed items_processed domains_analyzed convergence_signals confidence_scores symbols_found queries	complete	270
2026-04-30T16:00:57.890282	50	30	complete	1500
393	2026-04-30T16:01:03.015564	cycle start_time queries_executed items_processed domains_analyzed convergence_signals confidence_scores symbols_found queries	complete	270
323	2026-04-30T16:01:17.487760	cycle start_time queries_executed items_processed domains_analyzed convergence_signals confidence_scores symbols_found queries	complete	270
27	2026-04-30T16:01:41.959814	cycle start_time queries_executed items_processed domains_analyzed convergence_signals confidence_scores symbols_found queries	complete	270
333	2026-04-30T16:01:45.771755	cycle start_time queries_executed items_processed domains_analyzed convergence_signals confidence_scores symbols_found queries	complete	270
394	2026-04-30T16:02:03.057973	cycle start_time queries_executed items_processed domains_analyzed convergence_signals confidence_scores symbols_found queries	complete	270
324	2026-04-30T16:02:19.375072	cycle start_time queries_executed items_processed domains_analyzed convergence_signals confidence_scores symbols_found queries	complete	270
28	2026-04-30T16:02:41.977232	cycle start_time queries_executed items_processed domains_analyzed convergence_signals confidence_scores symbols_found queries	complete	270
334	2026-04-30T16:02:45.783958	cycle start_time queries_executed items_processed domains_analyzed convergence_signals confidence_scores symbols_found queries	complete	270
395	2026-04-30T16:03:03.068080	cycle start_time queries_executed items_processed domains_analyzed convergence_signals confidence_scores symbols_found queries	complete	270
325	2026-04-30T16:03:19.419737	cycle start_time queries_executed items_processed domains_analyzed convergence_signals confidence_scores symbols_found queries	complete	270
29	2026-04-30T16:03:42.039040	cycle start_time queries_executed items_processed domains_analyzed convergence_signals confidence_scores symbols_found queries	complete	270
335	2026-04-30T16:03:45.788851	cycle start_time queries_executed items_processed domains_analyzed convergence_signals confidence_scores symbols_found queries	complete	270
396	2026-04-30T16:04:03.076219	cycle start_time queries_executed items_processed domains_analyzed convergence_signals confidence_scores symbols_found queries	complete	270
326	2026-04-30T16:04:19.747586	cycle start_time queries_executed items_processed domains_analyzed convergence_signals confidence_scores symbols_found queries	complete	270
30	2026-04-30T16:04:42.065737	cycle start_time queries_executed items_processed domains_analyzed convergence_signals confidence_scores symbols_found queries	complete	270
336	2026-04-30T16:04:45.799906	cycle start_time queries_executed items_processed domains_analyzed convergence_signals confidence_scores symbols_found queries	complete	270
397	2026-04-30T16:05:03.085701	cycle start_time queries_executed items_processed domains_analyzed convergence_signals confidence_scores symbols_found queries	complete	270
327	2026-04-30T16:05:19.824904	cycle start_time queries_executed items_processed domains_analyzed convergence_signals confidence_scores symbols_found queries	complete	270
31	2026-04-30T16:05:42.088479	cycle start_time queries_executed items_processed domains_analyzed convergence_signals confidence_scores symbols_found queries	complete	270
337	2026-04-30T16:05:45.808435	cycle start_time queries_executed items_processed domains_analyzed convergence_signals confidence_scores symbols_found queries	complete	270
398	2026-04-30T16:06:03.110360	cycle start_time queries_executed items_processed domains_analyzed convergence_signals confidence_scores symbols_found queries	complete	270
328	2026-04-30T16:06:19.841421	cycle start_time queries_executed items_processed domains_analyzed convergence_signals confidence_scores symbols_found queries	complete	270
32	2026-04-30T16:06:42.122690	cycle start_time queries_executed items_processed domains_analyzed convergence_signals confidence_scores symbols_found queries	complete	270
338	2026-04-30T16:06:45.816298	cycle start_time queries_executed items_processed domains_analyzed convergence_signals confidence_scores symbols_found queries	complete	270
399	2026-04-30T16:07:03.135687	cycle start_time queries_executed items_processed domains_analyzed convergence_signals confidence_scores symbols_found queries	complete	270
329	2026-04-30T16:07:19.860873	cycle start_time queries_executed items_processed domains_analyzed convergence_signals confidence_scores symbols_found queries	complete	270
33	2026-04-30T16:07:42.138811	cycle start_time queries_executed items_processed domains_analyzed convergence_signals confidence_scores symbols_found queries	complete	270
339	2026-04-30T16:07:45.832887	cycle start_time queries_executed items_processed domains_analyzed convergence_signals confidence_scores symbols_found queries	complete	270
400	2026-04-30T16:08:03.151548	cycle start_time queries_executed items_processed domains_analyzed convergence_signals confidence_scores symbols_found queries	complete	270
330	2026-04-30T16:08:19.898110	cycle start_time queries_executed items_processed domains_analyzed convergence_signals confidence_scores symbols_found queries	complete	270
34	2026-04-30T16:08:42.151495	cycle start_time queries_executed items_processed domains_analyzed convergence_signals confidence_scores symbols_found queries	complete	270
340	2026-04-30T16:08:45.843967	cycle start_time queries_executed items_processed domains_analyzed convergence_signals confidence_scores symbols_found queries	complete	270
401	2026-04-30T16:09:03.164419	cycle start_time queries_executed items_processed domains_analyzed convergence_signals confidence_scores symbols_found queries	complete	270
331	2026-04-30T16:09:19.931510	cycle start_time queries_executed items_processed domains_analyzed convergence_signals confidence_scores symbols_found queries	complete	270
35	2026-04-30T16:09:42.173903	cycle start_time queries_executed items_processed domains_analyzed convergence_signals confidence_scores symbols_found queries	complete	270
341	2026-04-30T16:09:45.856625	cycle start_time queries_executed items_processed domains_analyzed convergence_signals confidence_scores symbols_found queries	complete	270
402	2026-04-30T16:10:03.171126	cycle start_time queries_executed items_processed domains_analyzed convergence_signals confidence_scores symbols_found queries	complete	270
332	2026-04-30T16:10:19.996120	cycle start_time queries_executed items_processed domains_analyzed convergence_signals confidence_scores symbols_found queries	complete	270
36	2026-04-30T16:10:42.192398	cycle start_time queries_executed items_processed domains_analyzed convergence_signals confidence_scores symbols_found queries	complete	270
342	2026-04-30T16:10:45.878511	cycle start_time queries_executed items_processed domains_analyzed convergence_signals confidence_scores symbols_found queries	complete	270
2026-04-30T16:10:58.440084	51	30	complete	1530
403	2026-04-30T16:11:03.182086	cycle start_time queries_executed items_processed domains_analyzed convergence_signals confidence_scores symbols_found queries	complete	270
333	2026-04-30T16:11:20.063908	cycle start_time queries_executed items_processed domains_analyzed convergence_signals confidence_scores symbols_found queries	complete	270
37	2026-04-30T16:11:42.216412	cycle start_time queries_executed items_processed domains_analyzed convergence_signals confidence_scores symbols_found queries	complete	270
343	2026-04-30T16:11:45.885318	cycle start_time queries_executed items_processed domains_analyzed convergence_signals confidence_scores symbols_found queries	complete	270
404	2026-04-30T16:12:03.193058	cycle start_time queries_executed items_processed domains_analyzed convergence_signals confidence_scores symbols_found queries	complete	270
334	2026-04-30T16:12:20.083364	cycle start_time queries_executed items_processed domains_analyzed convergence_signals confidence_scores symbols_found queries	complete	270
38	2026-04-30T16:12:42.247412	cycle start_time queries_executed items_processed domains_analyzed convergence_signals confidence_scores symbols_found queries	complete	270
344	2026-04-30T16:12:45.922630	cycle start_time queries_executed items_processed domains_analyzed convergence_signals confidence_scores symbols_found queries	complete	270
405	2026-04-30T16:13:03.208398	cycle start_time queries_executed items_processed domains_analyzed convergence_signals confidence_scores symbols_found queries	complete	270
335	2026-04-30T16:13:20.108266	cycle start_time queries_executed items_processed domains_analyzed convergence_signals confidence_scores symbols_found queries	complete	270
39	2026-04-30T16:13:42.302734	cycle start_time queries_executed items_processed domains_analyzed convergence_signals confidence_scores symbols_found queries	complete	270
345	2026-04-30T16:13:45.939242	cycle start_time queries_executed items_processed domains_analyzed convergence_signals confidence_scores symbols_found queries	complete	270
406	2026-04-30T16:14:03.226563	cycle start_time queries_executed items_processed domains_analyzed convergence_signals confidence_scores symbols_found queries	complete	270
336	2026-04-30T16:14:20.179847	cycle start_time queries_executed items_processed domains_analyzed convergence_signals confidence_scores symbols_found queries	complete	270
40	2026-04-30T16:14:42.338009	cycle start_time queries_executed items_processed domains_analyzed convergence_signals confidence_scores symbols_found queries	complete	270
346	2026-04-30T16:14:45.965742	cycle start_time queries_executed items_processed domains_analyzed convergence_signals confidence_scores symbols_found queries	complete	270
407	2026-04-30T16:15:03.240717	cycle start_time queries_executed items_processed domains_analyzed convergence_signals confidence_scores symbols_found queries	complete	270
337	2026-04-30T16:15:20.192415	cycle start_time queries_executed items_processed domains_analyzed convergence_signals confidence_scores symbols_found queries	complete	270
41	2026-04-30T16:15:42.358034	cycle start_time queries_executed items_processed domains_analyzed convergence_signals confidence_scores symbols_found queries	complete	270
347	2026-04-30T16:15:45.973996	cycle start_time queries_executed items_processed domains_analyzed convergence_signals confidence_scores symbols_found queries	complete	270
408	2026-04-30T16:16:03.253548	cycle start_time queries_executed items_processed domains_analyzed convergence_signals confidence_scores symbols_found queries	complete	270
338	2026-04-30T16:16:20.218422	cycle start_time queries_executed items_processed domains_analyzed convergence_signals confidence_scores symbols_found queries	complete	270
42	2026-04-30T16:16:42.380256	cycle start_time queries_executed items_processed domains_analyzed convergence_signals confidence_scores symbols_found queries	complete	270
348	2026-04-30T16:16:45.988134	cycle start_time queries_executed items_processed domains_analyzed convergence_signals confidence_scores symbols_found queries	complete	270
409	2026-04-30T16:17:03.340237	cycle start_time queries_executed items_processed domains_analyzed convergence_signals confidence_scores symbols_found queries	complete	270
339	2026-04-30T16:17:20.667553	cycle start_time queries_executed items_processed domains_analyzed convergence_signals confidence_scores symbols_found queries	complete	270
43	2026-04-30T16:17:42.401061	cycle start_time queries_executed items_processed domains_analyzed convergence_signals confidence_scores symbols_found queries	complete	270
349	2026-04-30T16:17:45.999320	cycle start_time queries_executed items_processed domains_analyzed convergence_signals confidence_scores symbols_found queries	complete	270
410	2026-04-30T16:18:03.400654	cycle start_time queries_executed items_processed domains_analyzed convergence_signals confidence_scores symbols_found queries	complete	270
340	2026-04-30T16:18:20.686805	cycle start_time queries_executed items_processed domains_analyzed convergence_signals confidence_scores symbols_found queries	complete	270
44	2026-04-30T16:18:42.429791	cycle start_time queries_executed items_processed domains_analyzed convergence_signals confidence_scores symbols_found queries	complete	270
350	2026-04-30T16:18:46.019473	cycle start_time queries_executed items_processed domains_analyzed convergence_signals confidence_scores symbols_found queries	complete	270
411	2026-04-30T16:19:03.442655	cycle start_time queries_executed items_processed domains_analyzed convergence_signals confidence_scores symbols_found queries	complete	270
341	2026-04-30T16:19:20.728031	cycle start_time queries_executed items_processed domains_analyzed convergence_signals confidence_scores symbols_found queries	complete	270
45	2026-04-30T16:19:42.449178	cycle start_time queries_executed items_processed domains_analyzed convergence_signals confidence_scores symbols_found queries	complete	270
351	2026-04-30T16:19:46.030056	cycle start_time queries_executed items_processed domains_analyzed convergence_signals confidence_scores symbols_found queries	complete	270
412	2026-04-30T16:20:03.453337	cycle start_time queries_executed items_processed domains_analyzed convergence_signals confidence_scores symbols_found queries	complete	270
342	2026-04-30T16:20:20.756602	cycle start_time queries_executed items_processed domains_analyzed convergence_signals confidence_scores symbols_found queries	complete	270
46	2026-04-30T16:20:42.481885	cycle start_time queries_executed items_processed domains_analyzed convergence_signals confidence_scores symbols_found queries	complete	270
352	2026-04-30T16:20:46.130865	cycle start_time queries_executed items_processed domains_analyzed convergence_signals confidence_scores symbols_found queries	complete	270
2026-04-30T16:20:58.802278	52	30	complete	1560
413	2026-04-30T16:21:03.514755	cycle start_time queries_executed items_processed domains_analyzed convergence_signals confidence_scores symbols_found queries	complete	270
343	2026-04-30T16:21:20.796764	cycle start_time queries_executed items_processed domains_analyzed convergence_signals confidence_scores symbols_found queries	complete	270
47	2026-04-30T16:21:42.504719	cycle start_time queries_executed items_processed domains_analyzed convergence_signals confidence_scores symbols_found queries	complete	270
353	2026-04-30T16:21:46.141936	cycle start_time queries_executed items_processed domains_analyzed convergence_signals confidence_scores symbols_found queries	complete	270
414	2026-04-30T16:22:03.525101	cycle start_time queries_executed items_processed domains_analyzed convergence_signals confidence_scores symbols_found queries	complete	270
344	2026-04-30T16:22:20.871863	cycle start_time queries_executed items_processed domains_analyzed convergence_signals confidence_scores symbols_found queries	complete	270
48	2026-04-30T16:22:42.528974	cycle start_time queries_executed items_processed domains_analyzed convergence_signals confidence_scores symbols_found queries	complete	270
354	2026-04-30T16:22:46.152983	cycle start_time queries_executed items_processed domains_analyzed convergence_signals confidence_scores symbols_found queries	complete	270
415	2026-04-30T16:23:03.540714	cycle start_time queries_executed items_processed domains_analyzed convergence_signals confidence_scores symbols_found queries	complete	270
345	2026-04-30T16:23:20.908401	cycle start_time queries_executed items_processed domains_analyzed convergence_signals confidence_scores symbols_found queries	complete	270
49	2026-04-30T16:23:42.545519	cycle start_time queries_executed items_processed domains_analyzed convergence_signals confidence_scores symbols_found queries	complete	270
355	2026-04-30T16:23:46.194125	cycle start_time queries_executed items_processed domains_analyzed convergence_signals confidence_scores symbols_found queries	complete	270
416	2026-04-30T16:24:03.550657	cycle start_time queries_executed items_processed domains_analyzed convergence_signals confidence_scores symbols_found queries	complete	270
346	2026-04-30T16:24:22.900314	cycle start_time queries_executed items_processed domains_analyzed convergence_signals confidence_scores symbols_found queries	complete	270
50	2026-04-30T16:24:42.558165	cycle start_time queries_executed items_processed domains_analyzed convergence_signals confidence_scores symbols_found queries	complete	270
356	2026-04-30T16:24:46.200515	cycle start_time queries_executed items_processed domains_analyzed convergence_signals confidence_scores symbols_found queries	complete	270
417	2026-04-30T16:25:03.563758	cycle start_time queries_executed items_processed domains_analyzed convergence_signals confidence_scores symbols_found queries	complete	270
347	2026-04-30T16:25:22.938675	cycle start_time queries_executed items_processed domains_analyzed convergence_signals confidence_scores symbols_found queries	complete	270
51	2026-04-30T16:25:42.616509	cycle start_time queries_executed items_processed domains_analyzed convergence_signals confidence_scores symbols_found queries	complete	270
357	2026-04-30T16:25:46.259695	cycle start_time queries_executed items_processed domains_analyzed convergence_signals confidence_scores symbols_found queries	complete	270
418	2026-04-30T16:26:03.635393	cycle start_time queries_executed items_processed domains_analyzed convergence_signals confidence_scores symbols_found queries	complete	270
348	2026-04-30T16:26:22.958950	cycle start_time queries_executed items_processed domains_analyzed convergence_signals confidence_scores symbols_found queries	complete	270
52	2026-04-30T16:26:42.633997	cycle start_time queries_executed items_processed domains_analyzed convergence_signals confidence_scores symbols_found queries	complete	270
358	2026-04-30T16:26:46.295934	cycle start_time queries_executed items_processed domains_analyzed convergence_signals confidence_scores symbols_found queries	complete	270
419	2026-04-30T16:27:03.642636	cycle start_time queries_executed items_processed domains_analyzed convergence_signals confidence_scores symbols_found queries	complete	270
349	2026-04-30T16:27:23.000298	cycle start_time queries_executed items_processed domains_analyzed convergence_signals confidence_scores symbols_found queries	complete	270
53	2026-04-30T16:27:42.664735	cycle start_time queries_executed items_processed domains_analyzed convergence_signals confidence_scores symbols_found queries	complete	270
359	2026-04-30T16:27:46.301265	cycle start_time queries_executed items_processed domains_analyzed convergence_signals confidence_scores symbols_found queries	complete	270
420	2026-04-30T16:28:03.664522	cycle start_time queries_executed items_processed domains_analyzed convergence_signals confidence_scores symbols_found queries	complete	270
350	2026-04-30T16:28:23.016460	cycle start_time queries_executed items_processed domains_analyzed convergence_signals confidence_scores symbols_found queries	complete	270
54	2026-04-30T16:28:42.683618	cycle start_time queries_executed items_processed domains_analyzed convergence_signals confidence_scores symbols_found queries	complete	270
360	2026-04-30T16:28:46.334657	cycle start_time queries_executed items_processed domains_analyzed convergence_signals confidence_scores symbols_found queries	complete	270
421	2026-04-30T16:29:03.676624	cycle start_time queries_executed items_processed domains_analyzed convergence_signals confidence_scores symbols_found queries	complete	270
351	2026-04-30T16:29:23.040588	cycle start_time queries_executed items_processed domains_analyzed convergence_signals confidence_scores symbols_found queries	complete	270
55	2026-04-30T16:29:42.700142	cycle start_time queries_executed items_processed domains_analyzed convergence_signals confidence_scores symbols_found queries	complete	270
361	2026-04-30T16:29:46.363469	cycle start_time queries_executed items_processed domains_analyzed convergence_signals confidence_scores symbols_found queries	complete	270
422	2026-04-30T16:30:03.712295	cycle start_time queries_executed items_processed domains_analyzed convergence_signals confidence_scores symbols_found queries	complete	270
352	2026-04-30T16:30:23.058291	cycle start_time queries_executed items_processed domains_analyzed convergence_signals confidence_scores symbols_found queries	complete	270
56	2026-04-30T16:30:42.720306	cycle start_time queries_executed items_processed domains_analyzed convergence_signals confidence_scores symbols_found queries	complete	270
362	2026-04-30T16:30:46.375813	cycle start_time queries_executed items_processed domains_analyzed convergence_signals confidence_scores symbols_found queries	complete	270
2026-04-30T16:30:59.070259	53	30	complete	1590
423	2026-04-30T16:31:03.764137	cycle start_time queries_executed items_processed domains_analyzed convergence_signals confidence_scores symbols_found queries	complete	270
353	2026-04-30T16:31:23.162748	cycle start_time queries_executed items_processed domains_analyzed convergence_signals confidence_scores symbols_found queries	complete	270
57	2026-04-30T16:31:42.786898	cycle start_time queries_executed items_processed domains_analyzed convergence_signals confidence_scores symbols_found queries	complete	270
363	2026-04-30T16:31:46.394224	cycle start_time queries_executed items_processed domains_analyzed convergence_signals confidence_scores symbols_found queries	complete	270
424	2026-04-30T16:32:03.791153	cycle start_time queries_executed items_processed domains_analyzed convergence_signals confidence_scores symbols_found queries	complete	270
354	2026-04-30T16:32:23.175429	cycle start_time queries_executed items_processed domains_analyzed convergence_signals confidence_scores symbols_found queries	complete	270
58	2026-04-30T16:32:42.810421	cycle start_time queries_executed items_processed domains_analyzed convergence_signals confidence_scores symbols_found queries	complete	270
364	2026-04-30T16:32:46.399249	cycle start_time queries_executed items_processed domains_analyzed convergence_signals confidence_scores symbols_found queries	complete	270
425	2026-04-30T16:33:03.812390	cycle start_time queries_executed items_processed domains_analyzed convergence_signals confidence_scores symbols_found queries	complete	270
355	2026-04-30T16:33:23.203931	cycle start_time queries_executed items_processed domains_analyzed convergence_signals confidence_scores symbols_found queries	complete	270
59	2026-04-30T16:33:42.827457	cycle start_time queries_executed items_processed domains_analyzed convergence_signals confidence_scores symbols_found queries	complete	270
365	2026-04-30T16:33:46.408333	cycle start_time queries_executed items_processed domains_analyzed convergence_signals confidence_scores symbols_found queries	complete	270
426	2026-04-30T16:34:03.865510	cycle start_time queries_executed items_processed domains_analyzed convergence_signals confidence_scores symbols_found queries	complete	270
356	2026-04-30T16:34:23.220349	cycle start_time queries_executed items_processed domains_analyzed convergence_signals confidence_scores symbols_found queries	complete	270
60	2026-04-30T16:34:42.865313	cycle start_time queries_executed items_processed domains_analyzed convergence_signals confidence_scores symbols_found queries	complete	270
366	2026-04-30T16:34:46.456378	cycle start_time queries_executed items_processed domains_analyzed convergence_signals confidence_scores symbols_found queries	complete	270
427	2026-04-30T16:35:03.875690	cycle start_time queries_executed items_processed domains_analyzed convergence_signals confidence_scores symbols_found queries	complete	270
357	2026-04-30T16:35:23.301506	cycle start_time queries_executed items_processed domains_analyzed convergence_signals confidence_scores symbols_found queries	complete	270
61	2026-04-30T16:35:42.896387	cycle start_time queries_executed items_processed domains_analyzed convergence_signals confidence_scores symbols_found queries	complete	270
367	2026-04-30T16:35:46.483723	cycle start_time queries_executed items_processed domains_analyzed convergence_signals confidence_scores symbols_found queries	complete	270
428	2026-04-30T16:36:03.897712	cycle start_time queries_executed items_processed domains_analyzed convergence_signals confidence_scores symbols_found queries	complete	270
358	2026-04-30T16:36:23.324348	cycle start_time queries_executed items_processed domains_analyzed convergence_signals confidence_scores symbols_found queries	complete	270
62	2026-04-30T16:36:42.917031	cycle start_time queries_executed items_processed domains_analyzed convergence_signals confidence_scores symbols_found queries	complete	270
368	2026-04-30T16:36:46.504821	cycle start_time queries_executed items_processed domains_analyzed convergence_signals confidence_scores symbols_found queries	complete	270
429	2026-04-30T16:37:03.905852	cycle start_time queries_executed items_processed domains_analyzed convergence_signals confidence_scores symbols_found queries	complete	270
359	2026-04-30T16:37:23.342921	cycle start_time queries_executed items_processed domains_analyzed convergence_signals confidence_scores symbols_found queries	complete	270
63	2026-04-30T16:37:42.972481	cycle start_time queries_executed items_processed domains_analyzed convergence_signals confidence_scores symbols_found queries	complete	270
369	2026-04-30T16:37:46.585493	cycle start_time queries_executed items_processed domains_analyzed convergence_signals confidence_scores symbols_found queries	complete	270
430	2026-04-30T16:38:03.929590	cycle start_time queries_executed items_processed domains_analyzed convergence_signals confidence_scores symbols_found queries	complete	270
360	2026-04-30T16:38:23.360950	cycle start_time queries_executed items_processed domains_analyzed convergence_signals confidence_scores symbols_found queries	complete	270
64	2026-04-30T16:38:42.989770	cycle start_time queries_executed items_processed domains_analyzed convergence_signals confidence_scores symbols_found queries	complete	270
370	2026-04-30T16:38:46.607457	cycle start_time queries_executed items_processed domains_analyzed convergence_signals confidence_scores symbols_found queries	complete	270
431	2026-04-30T16:39:03.939533	cycle start_time queries_executed items_processed domains_analyzed convergence_signals confidence_scores symbols_found queries	complete	270
361	2026-04-30T16:39:23.378421	cycle start_time queries_executed items_processed domains_analyzed convergence_signals confidence_scores symbols_found queries	complete	270
65	2026-04-30T16:39:43.005855	cycle start_time queries_executed items_processed domains_analyzed convergence_signals confidence_scores symbols_found queries	complete	270
371	2026-04-30T16:39:46.621623	cycle start_time queries_executed items_processed domains_analyzed convergence_signals confidence_scores symbols_found queries	complete	270
432	2026-04-30T16:40:03.947240	cycle start_time queries_executed items_processed domains_analyzed convergence_signals confidence_scores symbols_found queries	complete	270
362	2026-04-30T16:40:23.418638	cycle start_time queries_executed items_processed domains_analyzed convergence_signals confidence_scores symbols_found queries	complete	270
66	2026-04-30T16:40:43.021394	cycle start_time queries_executed items_processed domains_analyzed convergence_signals confidence_scores symbols_found queries	complete	270
372	2026-04-30T16:40:46.629295	cycle start_time queries_executed items_processed domains_analyzed convergence_signals confidence_scores symbols_found queries	complete	270
2026-04-30T16:40:59.526376	54	30	complete	1620
433	2026-04-30T16:41:04.021861	cycle start_time queries_executed items_processed domains_analyzed convergence_signals confidence_scores symbols_found queries	complete	270
363	2026-04-30T16:41:23.440501	cycle start_time queries_executed items_processed domains_analyzed convergence_signals confidence_scores symbols_found queries	complete	270
67	2026-04-30T16:41:43.059722	cycle start_time queries_executed items_processed domains_analyzed convergence_signals confidence_scores symbols_found queries	complete	270
373	2026-04-30T16:41:46.649391	cycle start_time queries_executed items_processed domains_analyzed convergence_signals confidence_scores symbols_found queries	complete	270
434	2026-04-30T16:42:04.040179	cycle start_time queries_executed items_processed domains_analyzed convergence_signals confidence_scores symbols_found queries	complete	270
364	2026-04-30T16:42:23.479518	cycle start_time queries_executed items_processed domains_analyzed convergence_signals confidence_scores symbols_found queries	complete	270
68	2026-04-30T16:42:43.087477	cycle start_time queries_executed items_processed domains_analyzed convergence_signals confidence_scores symbols_found queries	complete	270
374	2026-04-30T16:42:46.687622	cycle start_time queries_executed items_processed domains_analyzed convergence_signals confidence_scores symbols_found queries	complete	270
435	2026-04-30T16:43:04.066286	cycle start_time queries_executed items_processed domains_analyzed convergence_signals confidence_scores symbols_found queries	complete	270
365	2026-04-30T16:43:23.524123	cycle start_time queries_executed items_processed domains_analyzed convergence_signals confidence_scores symbols_found queries	complete	270
69	2026-04-30T16:43:45.740820	cycle start_time queries_executed items_processed domains_analyzed convergence_signals confidence_scores symbols_found queries	complete	270
375	2026-04-30T16:43:46.693455	cycle start_time queries_executed items_processed domains_analyzed convergence_signals confidence_scores symbols_found queries	complete	270
436	2026-04-30T16:44:04.077364	cycle start_time queries_executed items_processed domains_analyzed convergence_signals confidence_scores symbols_found queries	complete	270
366	2026-04-30T16:44:23.549879	cycle start_time queries_executed items_processed domains_analyzed convergence_signals confidence_scores symbols_found queries	complete	270
70	2026-04-30T16:44:45.761121	cycle start_time queries_executed items_processed domains_analyzed convergence_signals confidence_scores symbols_found queries	complete	270
376	2026-04-30T16:44:46.706513	cycle start_time queries_executed items_processed domains_analyzed convergence_signals confidence_scores symbols_found queries	complete	270
437	2026-04-30T16:45:04.106830	cycle start_time queries_executed items_processed domains_analyzed convergence_signals confidence_scores symbols_found queries	complete	270
367	2026-04-30T16:45:23.567641	cycle start_time queries_executed items_processed domains_analyzed convergence_signals confidence_scores symbols_found queries	complete	270
71	2026-04-30T16:45:45.780175	cycle start_time queries_executed items_processed domains_analyzed convergence_signals confidence_scores symbols_found queries	complete	270
377	2026-04-30T16:45:46.716341	cycle start_time queries_executed items_processed domains_analyzed convergence_signals confidence_scores symbols_found queries	complete	270
438	2026-04-30T16:46:04.117025	cycle start_time queries_executed items_processed domains_analyzed convergence_signals confidence_scores symbols_found queries	complete	270
368	2026-04-30T16:46:23.582984	cycle start_time queries_executed items_processed domains_analyzed convergence_signals confidence_scores symbols_found queries	complete	270
72	2026-04-30T16:46:45.791754	cycle start_time queries_executed items_processed domains_analyzed convergence_signals confidence_scores symbols_found queries	complete	270
378	2026-04-30T16:46:46.721687	cycle start_time queries_executed items_processed domains_analyzed convergence_signals confidence_scores symbols_found queries	complete	270
439	2026-04-30T16:47:04.144934	cycle start_time queries_executed items_processed domains_analyzed convergence_signals confidence_scores symbols_found queries	complete	270
369	2026-04-30T16:47:23.600001	cycle start_time queries_executed items_processed domains_analyzed convergence_signals confidence_scores symbols_found queries	complete	270
73	2026-04-30T16:47:45.802304	cycle start_time queries_executed items_processed domains_analyzed convergence_signals confidence_scores symbols_found queries	complete	270
379	2026-04-30T16:47:46.729108	cycle start_time queries_executed items_processed domains_analyzed convergence_signals confidence_scores symbols_found queries	complete	270
440	2026-04-30T16:48:04.152225	cycle start_time queries_executed items_processed domains_analyzed convergence_signals confidence_scores symbols_found queries	complete	270
370	2026-04-30T16:48:23.622883	cycle start_time queries_executed items_processed domains_analyzed convergence_signals confidence_scores symbols_found queries	complete	270
74	2026-04-30T16:48:45.816131	cycle start_time queries_executed items_processed domains_analyzed convergence_signals confidence_scores symbols_found queries	complete	270
380	2026-04-30T16:48:46.736530	cycle start_time queries_executed items_processed domains_analyzed convergence_signals confidence_scores symbols_found queries	complete	270
441	2026-04-30T16:49:04.182780	cycle start_time queries_executed items_processed domains_analyzed convergence_signals confidence_scores symbols_found queries	complete	270
371	2026-04-30T16:49:23.642693	cycle start_time queries_executed items_processed domains_analyzed convergence_signals confidence_scores symbols_found queries	complete	270
75	2026-04-30T16:49:45.851609	cycle start_time queries_executed items_processed domains_analyzed convergence_signals confidence_scores symbols_found queries	complete	270
381	2026-04-30T16:49:46.752988	cycle start_time queries_executed items_processed domains_analyzed convergence_signals confidence_scores symbols_found queries	complete	270
442	2026-04-30T16:50:04.193535	cycle start_time queries_executed items_processed domains_analyzed convergence_signals confidence_scores symbols_found queries	complete	270
372	2026-04-30T16:50:23.680664	cycle start_time queries_executed items_processed domains_analyzed convergence_signals confidence_scores symbols_found queries	complete	270
76	2026-04-30T16:50:45.867703	cycle start_time queries_executed items_processed domains_analyzed convergence_signals confidence_scores symbols_found queries	complete	270
382	2026-04-30T16:50:46.763210	cycle start_time queries_executed items_processed domains_analyzed convergence_signals confidence_scores symbols_found queries	complete	270
2026-04-30T16:51:00.053162	55	30	complete	1650
443	2026-04-30T16:51:04.213297	cycle start_time queries_executed items_processed domains_analyzed convergence_signals confidence_scores symbols_found queries	complete	270
373	2026-04-30T16:51:23.699721	cycle start_time queries_executed items_processed domains_analyzed convergence_signals confidence_scores symbols_found queries	complete	270
77	2026-04-30T16:51:45.893172	cycle start_time queries_executed items_processed domains_analyzed convergence_signals confidence_scores symbols_found queries	complete	270
383	2026-04-30T16:51:46.776792	cycle start_time queries_executed items_processed domains_analyzed convergence_signals confidence_scores symbols_found queries	complete	270
444	2026-04-30T16:52:04.249649	cycle start_time queries_executed items_processed domains_analyzed convergence_signals confidence_scores symbols_found queries	complete	270
374	2026-04-30T16:52:23.719677	cycle start_time queries_executed items_processed domains_analyzed convergence_signals confidence_scores symbols_found queries	complete	270
78	2026-04-30T16:52:45.917768	cycle start_time queries_executed items_processed domains_analyzed convergence_signals confidence_scores symbols_found queries	complete	270
384	2026-04-30T16:52:46.783030	cycle start_time queries_executed items_processed domains_analyzed convergence_signals confidence_scores symbols_found queries	complete	270
445	2026-04-30T16:53:04.271379	cycle start_time queries_executed items_processed domains_analyzed convergence_signals confidence_scores symbols_found queries	complete	270
375	2026-04-30T16:53:23.745623	cycle start_time queries_executed items_processed domains_analyzed convergence_signals confidence_scores symbols_found queries	complete	270
79	2026-04-30T16:53:45.933379	cycle start_time queries_executed items_processed domains_analyzed convergence_signals confidence_scores symbols_found queries	complete	270
385	2026-04-30T16:53:46.789227	cycle start_time queries_executed items_processed domains_analyzed convergence_signals confidence_scores symbols_found queries	complete	270
446	2026-04-30T16:54:04.291468	cycle start_time queries_executed items_processed domains_analyzed convergence_signals confidence_scores symbols_found queries	complete	270
376	2026-04-30T16:54:23.760797	cycle start_time queries_executed items_processed domains_analyzed convergence_signals confidence_scores symbols_found queries	complete	270
80	2026-04-30T16:54:45.947408	cycle start_time queries_executed items_processed domains_analyzed convergence_signals confidence_scores symbols_found queries	complete	270
386	2026-04-30T16:54:46.795978	cycle start_time queries_executed items_processed domains_analyzed convergence_signals confidence_scores symbols_found queries	complete	270
447	2026-04-30T16:55:04.304108	cycle start_time queries_executed items_processed domains_analyzed convergence_signals confidence_scores symbols_found queries	complete	270
377	2026-04-30T16:55:23.784691	cycle start_time queries_executed items_processed domains_analyzed convergence_signals confidence_scores symbols_found queries	complete	270
81	2026-04-30T16:55:45.978547	cycle start_time queries_executed items_processed domains_analyzed convergence_signals confidence_scores symbols_found queries	complete	270
387	2026-04-30T16:55:46.815236	cycle start_time queries_executed items_processed domains_analyzed convergence_signals confidence_scores symbols_found queries	complete	270
448	2026-04-30T16:56:04.322369	cycle start_time queries_executed items_processed domains_analyzed convergence_signals confidence_scores symbols_found queries	complete	270
378	2026-04-30T16:56:23.932480	cycle start_time queries_executed items_processed domains_analyzed convergence_signals confidence_scores symbols_found queries	complete	270
82	2026-04-30T16:56:46.004282	cycle start_time queries_executed items_processed domains_analyzed convergence_signals confidence_scores symbols_found queries	complete	270
388	2026-04-30T16:56:46.835342	cycle start_time queries_executed items_processed domains_analyzed convergence_signals confidence_scores symbols_found queries	complete	270
449	2026-04-30T16:57:04.339023	cycle start_time queries_executed items_processed domains_analyzed convergence_signals confidence_scores symbols_found queries	complete	270
379	2026-04-30T16:57:23.984363	cycle start_time queries_executed items_processed domains_analyzed convergence_signals confidence_scores symbols_found queries	complete	270
389	2026-04-30T16:57:46.848211	cycle start_time queries_executed items_processed domains_analyzed convergence_signals confidence_scores symbols_found queries	complete	270
83	2026-04-30T16:57:48.444794	cycle start_time queries_executed items_processed domains_analyzed convergence_signals confidence_scores symbols_found queries	complete	270
450	2026-04-30T16:58:04.348527	cycle start_time queries_executed items_processed domains_analyzed convergence_signals confidence_scores symbols_found queries	complete	270
380	2026-04-30T16:58:24.017288	cycle start_time queries_executed items_processed domains_analyzed convergence_signals confidence_scores symbols_found queries	complete	270
390	2026-04-30T16:58:46.866884	cycle start_time queries_executed items_processed domains_analyzed convergence_signals confidence_scores symbols_found queries	complete	270
84	2026-04-30T16:58:48.472835	cycle start_time queries_executed items_processed domains_analyzed convergence_signals confidence_scores symbols_found queries	complete	270
451	2026-04-30T16:59:04.361361	cycle start_time queries_executed items_processed domains_analyzed convergence_signals confidence_scores symbols_found queries	complete	270
381	2026-04-30T16:59:24.057380	cycle start_time queries_executed items_processed domains_analyzed convergence_signals confidence_scores symbols_found queries	complete	270
391	2026-04-30T16:59:46.882534	cycle start_time queries_executed items_processed domains_analyzed convergence_signals confidence_scores symbols_found queries	complete	270
85	2026-04-30T16:59:48.481128	cycle start_time queries_executed items_processed domains_analyzed convergence_signals confidence_scores symbols_found queries	complete	270
452	2026-04-30T17:00:04.393837	cycle start_time queries_executed items_processed domains_analyzed convergence_signals confidence_scores symbols_found queries	complete	270
382	2026-04-30T17:00:24.142900	cycle start_time queries_executed items_processed domains_analyzed convergence_signals confidence_scores symbols_found queries	complete	270
392	2026-04-30T17:00:46.894354	cycle start_time queries_executed items_processed domains_analyzed convergence_signals confidence_scores symbols_found queries	complete	270
86	2026-04-30T17:00:48.497340	cycle start_time queries_executed items_processed domains_analyzed convergence_signals confidence_scores symbols_found queries	complete	270
2026-04-30T17:01:03.000174	56	30	complete	1680
453	2026-04-30T17:01:04.407858	cycle start_time queries_executed items_processed domains_analyzed convergence_signals confidence_scores symbols_found queries	complete	270
383	2026-04-30T17:01:24.236892	cycle start_time queries_executed items_processed domains_analyzed convergence_signals confidence_scores symbols_found queries	complete	270
393	2026-04-30T17:01:46.931633	cycle start_time queries_executed items_processed domains_analyzed convergence_signals confidence_scores symbols_found queries	complete	270
87	2026-04-30T17:01:48.511448	cycle start_time queries_executed items_processed domains_analyzed convergence_signals confidence_scores symbols_found queries	complete	270
454	2026-04-30T17:02:04.433542	cycle start_time queries_executed items_processed domains_analyzed convergence_signals confidence_scores symbols_found queries	complete	270
384	2026-04-30T17:02:24.251982	cycle start_time queries_executed items_processed domains_analyzed convergence_signals confidence_scores symbols_found queries	complete	270
394	2026-04-30T17:02:46.941730	cycle start_time queries_executed items_processed domains_analyzed convergence_signals confidence_scores symbols_found queries	complete	270
88	2026-04-30T17:02:48.522761	cycle start_time queries_executed items_processed domains_analyzed convergence_signals confidence_scores symbols_found queries	complete	270
455	2026-04-30T17:03:04.484438	cycle start_time queries_executed items_processed domains_analyzed convergence_signals confidence_scores symbols_found queries	complete	270
385	2026-04-30T17:03:24.270730	cycle start_time queries_executed items_processed domains_analyzed convergence_signals confidence_scores symbols_found queries	complete	270
395	2026-04-30T17:03:46.955468	cycle start_time queries_executed items_processed domains_analyzed convergence_signals confidence_scores symbols_found queries	complete	270
89	2026-04-30T17:03:48.552630	cycle start_time queries_executed items_processed domains_analyzed convergence_signals confidence_scores symbols_found queries	complete	270
456	2026-04-30T17:04:04.492851	cycle start_time queries_executed items_processed domains_analyzed convergence_signals confidence_scores symbols_found queries	complete	270
386	2026-04-30T17:04:24.286349	cycle start_time queries_executed items_processed domains_analyzed convergence_signals confidence_scores symbols_found queries	complete	270
396	2026-04-30T17:04:46.967517	cycle start_time queries_executed items_processed domains_analyzed convergence_signals confidence_scores symbols_found queries	complete	270
90	2026-04-30T17:04:48.569813	cycle start_time queries_executed items_processed domains_analyzed convergence_signals confidence_scores symbols_found queries	complete	270
457	2026-04-30T17:05:04.499798	cycle start_time queries_executed items_processed domains_analyzed convergence_signals confidence_scores symbols_found queries	complete	270
387	2026-04-30T17:05:24.305667	cycle start_time queries_executed items_processed domains_analyzed convergence_signals confidence_scores symbols_found queries	complete	270
397	2026-04-30T17:05:46.990795	cycle start_time queries_executed items_processed domains_analyzed convergence_signals confidence_scores symbols_found queries	complete	270
91	2026-04-30T17:05:48.587533	cycle start_time queries_executed items_processed domains_analyzed convergence_signals confidence_scores symbols_found queries	complete	270
458	2026-04-30T17:06:04.519278	cycle start_time queries_executed items_processed domains_analyzed convergence_signals confidence_scores symbols_found queries	complete	270
388	2026-04-30T17:06:24.325551	cycle start_time queries_executed items_processed domains_analyzed convergence_signals confidence_scores symbols_found queries	complete	270
398	2026-04-30T17:06:47.005078	cycle start_time queries_executed items_processed domains_analyzed convergence_signals confidence_scores symbols_found queries	complete	270
92	2026-04-30T17:06:48.597629	cycle start_time queries_executed items_processed domains_analyzed convergence_signals confidence_scores symbols_found queries	complete	270
459	2026-04-30T17:07:04.528657	cycle start_time queries_executed items_processed domains_analyzed convergence_signals confidence_scores symbols_found queries	complete	270
389	2026-04-30T17:07:24.359188	cycle start_time queries_executed items_processed domains_analyzed convergence_signals confidence_scores symbols_found queries	complete	270
399	2026-04-30T17:07:47.016820	cycle start_time queries_executed items_processed domains_analyzed convergence_signals confidence_scores symbols_found queries	complete	270
93	2026-04-30T17:07:48.606407	cycle start_time queries_executed items_processed domains_analyzed convergence_signals confidence_scores symbols_found queries	complete	270
460	2026-04-30T17:08:04.550212	cycle start_time queries_executed items_processed domains_analyzed convergence_signals confidence_scores symbols_found queries	complete	270
390	2026-04-30T17:08:24.376364	cycle start_time queries_executed items_processed domains_analyzed convergence_signals confidence_scores symbols_found queries	complete	270
400	2026-04-30T17:08:47.046245	cycle start_time queries_executed items_processed domains_analyzed convergence_signals confidence_scores symbols_found queries	complete	270
94	2026-04-30T17:08:48.620736	cycle start_time queries_executed items_processed domains_analyzed convergence_signals confidence_scores symbols_found queries	complete	270
461	2026-04-30T17:09:04.614581	cycle start_time queries_executed items_processed domains_analyzed convergence_signals confidence_scores symbols_found queries	complete	270
391	2026-04-30T17:09:24.401819	cycle start_time queries_executed items_processed domains_analyzed convergence_signals confidence_scores symbols_found queries	complete	270
401	2026-04-30T17:09:47.056400	cycle start_time queries_executed items_processed domains_analyzed convergence_signals confidence_scores symbols_found queries	complete	270
95	2026-04-30T17:09:48.632220	cycle start_time queries_executed items_processed domains_analyzed convergence_signals confidence_scores symbols_found queries	complete	270
462	2026-04-30T17:10:04.662141	cycle start_time queries_executed items_processed domains_analyzed convergence_signals confidence_scores symbols_found queries	complete	270
392	2026-04-30T17:10:24.420186	cycle start_time queries_executed items_processed domains_analyzed convergence_signals confidence_scores symbols_found queries	complete	270
402	2026-04-30T17:10:47.077633	cycle start_time queries_executed items_processed domains_analyzed convergence_signals confidence_scores symbols_found queries	complete	270
96	2026-04-30T17:10:48.693487	cycle start_time queries_executed items_processed domains_analyzed convergence_signals confidence_scores symbols_found queries	complete	270
2026-04-30T17:11:03.241475	57	30	complete	1710
463	2026-04-30T17:11:04.710690	cycle start_time queries_executed items_processed domains_analyzed convergence_signals confidence_scores symbols_found queries	complete	270
393	2026-04-30T17:11:24.436940	cycle start_time queries_executed items_processed domains_analyzed convergence_signals confidence_scores symbols_found queries	complete	270
403	2026-04-30T17:11:47.090220	cycle start_time queries_executed items_processed domains_analyzed convergence_signals confidence_scores symbols_found queries	complete	270
97	2026-04-30T17:11:48.705315	cycle start_time queries_executed items_processed domains_analyzed convergence_signals confidence_scores symbols_found queries	complete	270
464	2026-04-30T17:12:04.721854	cycle start_time queries_executed items_processed domains_analyzed convergence_signals confidence_scores symbols_found queries	complete	270
394	2026-04-30T17:12:24.456389	cycle start_time queries_executed items_processed domains_analyzed convergence_signals confidence_scores symbols_found queries	complete	270
404	2026-04-30T17:12:47.113124	cycle start_time queries_executed items_processed domains_analyzed convergence_signals confidence_scores symbols_found queries	complete	270
98	2026-04-30T17:12:48.726878	cycle start_time queries_executed items_processed domains_analyzed convergence_signals confidence_scores symbols_found queries	complete	270
465	2026-04-30T17:13:04.730886	cycle start_time queries_executed items_processed domains_analyzed convergence_signals confidence_scores symbols_found queries	complete	270
395	2026-04-30T17:13:24.475780	cycle start_time queries_executed items_processed domains_analyzed convergence_signals confidence_scores symbols_found queries	complete	270
405	2026-04-30T17:13:47.170931	cycle start_time queries_executed items_processed domains_analyzed convergence_signals confidence_scores symbols_found queries	complete	270
99	2026-04-30T17:13:48.775622	cycle start_time queries_executed items_processed domains_analyzed convergence_signals confidence_scores symbols_found queries	complete	270
466	2026-04-30T17:14:04.748924	cycle start_time queries_executed items_processed domains_analyzed convergence_signals confidence_scores symbols_found queries	complete	270
396	2026-04-30T17:14:24.526086	cycle start_time queries_executed items_processed domains_analyzed convergence_signals confidence_scores symbols_found queries	complete	270
406	2026-04-30T17:14:47.205069	cycle start_time queries_executed items_processed domains_analyzed convergence_signals confidence_scores symbols_found queries	complete	270
100	2026-04-30T17:14:48.807858	cycle start_time queries_executed items_processed domains_analyzed convergence_signals confidence_scores symbols_found queries	complete	270
467	2026-04-30T17:15:04.767788	cycle start_time queries_executed items_processed domains_analyzed convergence_signals confidence_scores symbols_found queries	complete	270
397	2026-04-30T17:15:25.773454	cycle start_time queries_executed items_processed domains_analyzed convergence_signals confidence_scores symbols_found queries	complete	270
407	2026-04-30T17:15:47.238740	cycle start_time queries_executed items_processed domains_analyzed convergence_signals confidence_scores symbols_found queries	complete	270
101	2026-04-30T17:15:48.819028	cycle start_time queries_executed items_processed domains_analyzed convergence_signals confidence_scores symbols_found queries	complete	270
468	2026-04-30T17:16:04.803846	cycle start_time queries_executed items_processed domains_analyzed convergence_signals confidence_scores symbols_found queries	complete	270
398	2026-04-30T17:16:25.792925	cycle start_time queries_executed items_processed domains_analyzed convergence_signals confidence_scores symbols_found queries	complete	270
408	2026-04-30T17:16:47.259403	cycle start_time queries_executed items_processed domains_analyzed convergence_signals confidence_scores symbols_found queries	complete	270
102	2026-04-30T17:16:48.841943	cycle start_time queries_executed items_processed domains_analyzed convergence_signals confidence_scores symbols_found queries	complete	270
469	2026-04-30T17:17:04.810387	cycle start_time queries_executed items_processed domains_analyzed convergence_signals confidence_scores symbols_found queries	complete	270
399	2026-04-30T17:17:25.821700	cycle start_time queries_executed items_processed domains_analyzed convergence_signals confidence_scores symbols_found queries	complete	270
409	2026-04-30T17:17:47.279257	cycle start_time queries_executed items_processed domains_analyzed convergence_signals confidence_scores symbols_found queries	complete	270
103	2026-04-30T17:17:48.868945	cycle start_time queries_executed items_processed domains_analyzed convergence_signals confidence_scores symbols_found queries	complete	270
470	2026-04-30T17:18:04.889638	cycle start_time queries_executed items_processed domains_analyzed convergence_signals confidence_scores symbols_found queries	complete	270
400	2026-04-30T17:18:25.839311	cycle start_time queries_executed items_processed domains_analyzed convergence_signals confidence_scores symbols_found queries	complete	270
410	2026-04-30T17:18:47.309570	cycle start_time queries_executed items_processed domains_analyzed convergence_signals confidence_scores symbols_found queries	complete	270
104	2026-04-30T17:18:48.889288	cycle start_time queries_executed items_processed domains_analyzed convergence_signals confidence_scores symbols_found queries	complete	270
471	2026-04-30T17:19:04.900370	cycle start_time queries_executed items_processed domains_analyzed convergence_signals confidence_scores symbols_found queries	complete	270
401	2026-04-30T17:19:25.877733	cycle start_time queries_executed items_processed domains_analyzed convergence_signals confidence_scores symbols_found queries	complete	270
411	2026-04-30T17:19:47.344126	cycle start_time queries_executed items_processed domains_analyzed convergence_signals confidence_scores symbols_found queries	complete	270
105	2026-04-30T17:19:48.911770	cycle start_time queries_executed items_processed domains_analyzed convergence_signals confidence_scores symbols_found queries	complete	270
472	2026-04-30T17:20:04.927308	cycle start_time queries_executed items_processed domains_analyzed convergence_signals confidence_scores symbols_found queries	complete	270
402	2026-04-30T17:20:25.911981	cycle start_time queries_executed items_processed domains_analyzed convergence_signals confidence_scores symbols_found queries	complete	270
412	2026-04-30T17:20:47.429273	cycle start_time queries_executed items_processed domains_analyzed convergence_signals confidence_scores symbols_found queries	complete	270
106	2026-04-30T17:20:48.939981	cycle start_time queries_executed items_processed domains_analyzed convergence_signals confidence_scores symbols_found queries	complete	270
2026-04-30T17:21:03.531716	58	30	complete	1740
473	2026-04-30T17:21:04.981114	cycle start_time queries_executed items_processed domains_analyzed convergence_signals confidence_scores symbols_found queries	complete	270
403	2026-04-30T17:21:25.931730	cycle start_time queries_executed items_processed domains_analyzed convergence_signals confidence_scores symbols_found queries	complete	270
413	2026-04-30T17:21:47.453855	cycle start_time queries_executed items_processed domains_analyzed convergence_signals confidence_scores symbols_found queries	complete	270
107	2026-04-30T17:21:48.958054	cycle start_time queries_executed items_processed domains_analyzed convergence_signals confidence_scores symbols_found queries	complete	270
474	2026-04-30T17:22:04.999747	cycle start_time queries_executed items_processed domains_analyzed convergence_signals confidence_scores symbols_found queries	complete	270
404	2026-04-30T17:22:25.949106	cycle start_time queries_executed items_processed domains_analyzed convergence_signals confidence_scores symbols_found queries	complete	270
414	2026-04-30T17:22:47.573095	cycle start_time queries_executed items_processed domains_analyzed convergence_signals confidence_scores symbols_found queries	complete	270
108	2026-04-30T17:22:48.970492	cycle start_time queries_executed items_processed domains_analyzed convergence_signals confidence_scores symbols_found queries	complete	270
475	2026-04-30T17:23:05.026705	cycle start_time queries_executed items_processed domains_analyzed convergence_signals confidence_scores symbols_found queries	complete	270
405	2026-04-30T17:23:25.965995	cycle start_time queries_executed items_processed domains_analyzed convergence_signals confidence_scores symbols_found queries	complete	270
415	2026-04-30T17:23:47.600052	cycle start_time queries_executed items_processed domains_analyzed convergence_signals confidence_scores symbols_found queries	complete	270
109	2026-04-30T17:23:48.984164	cycle start_time queries_executed items_processed domains_analyzed convergence_signals confidence_scores symbols_found queries	complete	270
476	2026-04-30T17:24:05.047473	cycle start_time queries_executed items_processed domains_analyzed convergence_signals confidence_scores symbols_found queries	complete	270
406	2026-04-30T17:24:25.995444	cycle start_time queries_executed items_processed domains_analyzed convergence_signals confidence_scores symbols_found queries	complete	270
416	2026-04-30T17:24:47.624178	cycle start_time queries_executed items_processed domains_analyzed convergence_signals confidence_scores symbols_found queries	complete	270
110	2026-04-30T17:24:48.995113	cycle start_time queries_executed items_processed domains_analyzed convergence_signals confidence_scores symbols_found queries	complete	270
477	2026-04-30T17:25:05.080799	cycle start_time queries_executed items_processed domains_analyzed convergence_signals confidence_scores symbols_found queries	complete	270
407	2026-04-30T17:25:26.016486	cycle start_time queries_executed items_processed domains_analyzed convergence_signals confidence_scores symbols_found queries	complete	270
417	2026-04-30T17:25:47.636439	cycle start_time queries_executed items_processed domains_analyzed convergence_signals confidence_scores symbols_found queries	complete	270
111	2026-04-30T17:25:49.014047	cycle start_time queries_executed items_processed domains_analyzed convergence_signals confidence_scores symbols_found queries	complete	270
478	2026-04-30T17:26:05.094474	cycle start_time queries_executed items_processed domains_analyzed convergence_signals confidence_scores symbols_found queries	complete	270
408	2026-04-30T17:26:26.031235	cycle start_time queries_executed items_processed domains_analyzed convergence_signals confidence_scores symbols_found queries	complete	270
418	2026-04-30T17:26:47.648704	cycle start_time queries_executed items_processed domains_analyzed convergence_signals confidence_scores symbols_found queries	complete	270
112	2026-04-30T17:26:49.025752	cycle start_time queries_executed items_processed domains_analyzed convergence_signals confidence_scores symbols_found queries	complete	270
479	2026-04-30T17:27:05.100227	cycle start_time queries_executed items_processed domains_analyzed convergence_signals confidence_scores symbols_found queries	complete	270
409	2026-04-30T17:27:26.061329	cycle start_time queries_executed items_processed domains_analyzed convergence_signals confidence_scores symbols_found queries	complete	270
419	2026-04-30T17:27:47.659508	cycle start_time queries_executed items_processed domains_analyzed convergence_signals confidence_scores symbols_found queries	complete	270
113	2026-04-30T17:27:49.036322	cycle start_time queries_executed items_processed domains_analyzed convergence_signals confidence_scores symbols_found queries	complete	270
480	2026-04-30T17:28:05.118463	cycle start_time queries_executed items_processed domains_analyzed convergence_signals confidence_scores symbols_found queries	complete	270
410	2026-04-30T17:28:26.085098	cycle start_time queries_executed items_processed domains_analyzed convergence_signals confidence_scores symbols_found queries	complete	270
420	2026-04-30T17:28:47.691740	cycle start_time queries_executed items_processed domains_analyzed convergence_signals confidence_scores symbols_found queries	complete	270
114	2026-04-30T17:28:49.058988	cycle start_time queries_executed items_processed domains_analyzed convergence_signals confidence_scores symbols_found queries	complete	270
481	2026-04-30T17:29:05.175184	cycle start_time queries_executed items_processed domains_analyzed convergence_signals confidence_scores symbols_found queries	complete	270
411	2026-04-30T17:29:26.162517	cycle start_time queries_executed items_processed domains_analyzed convergence_signals confidence_scores symbols_found queries	complete	270
421	2026-04-30T17:29:47.698762	cycle start_time queries_executed items_processed domains_analyzed convergence_signals confidence_scores symbols_found queries	complete	270
115	2026-04-30T17:29:49.073193	cycle start_time queries_executed items_processed domains_analyzed convergence_signals confidence_scores symbols_found queries	complete	270
482	2026-04-30T17:30:05.180055	cycle start_time queries_executed items_processed domains_analyzed convergence_signals confidence_scores symbols_found queries	complete	270
412	2026-04-30T17:30:26.229402	cycle start_time queries_executed items_processed domains_analyzed convergence_signals confidence_scores symbols_found queries	complete	270
422	2026-04-30T17:30:47.706188	cycle start_time queries_executed items_processed domains_analyzed convergence_signals confidence_scores symbols_found queries	complete	270
116	2026-04-30T17:30:49.082618	cycle start_time queries_executed items_processed domains_analyzed convergence_signals confidence_scores symbols_found queries	complete	270
2026-04-30T17:31:03.981321	59	30	complete	1770
483	2026-04-30T17:31:05.185678	cycle start_time queries_executed items_processed domains_analyzed convergence_signals confidence_scores symbols_found queries	complete	270
413	2026-04-30T17:31:26.255708	cycle start_time queries_executed items_processed domains_analyzed convergence_signals confidence_scores symbols_found queries	complete	270
423	2026-04-30T17:31:47.713049	cycle start_time queries_executed items_processed domains_analyzed convergence_signals confidence_scores symbols_found queries	complete	270
117	2026-04-30T17:31:49.138704	cycle start_time queries_executed items_processed domains_analyzed convergence_signals confidence_scores symbols_found queries	complete	270
484	2026-04-30T17:32:05.191816	cycle start_time queries_executed items_processed domains_analyzed convergence_signals confidence_scores symbols_found queries	complete	270
414	2026-04-30T17:32:27.900909	cycle start_time queries_executed items_processed domains_analyzed convergence_signals confidence_scores symbols_found queries	complete	270
424	2026-04-30T17:32:47.729273	cycle start_time queries_executed items_processed domains_analyzed convergence_signals confidence_scores symbols_found queries	complete	270
118	2026-04-30T17:32:49.228629	cycle start_time queries_executed items_processed domains_analyzed convergence_signals confidence_scores symbols_found queries	complete	270
485	2026-04-30T17:33:05.198790	cycle start_time queries_executed items_processed domains_analyzed convergence_signals confidence_scores symbols_found queries	complete	270
415	2026-04-30T17:33:27.917340	cycle start_time queries_executed items_processed domains_analyzed convergence_signals confidence_scores symbols_found queries	complete	270
425	2026-04-30T17:33:47.738335	cycle start_time queries_executed items_processed domains_analyzed convergence_signals confidence_scores symbols_found queries	complete	270
119	2026-04-30T17:33:49.246452	cycle start_time queries_executed items_processed domains_analyzed convergence_signals confidence_scores symbols_found queries	complete	270
486	2026-04-30T17:34:05.204478	cycle start_time queries_executed items_processed domains_analyzed convergence_signals confidence_scores symbols_found queries	complete	270
416	2026-04-30T17:34:29.580376	cycle start_time queries_executed items_processed domains_analyzed convergence_signals confidence_scores symbols_found queries	complete	270
426	2026-04-30T17:34:47.744337	cycle start_time queries_executed items_processed domains_analyzed convergence_signals confidence_scores symbols_found queries	complete	270
120	2026-04-30T17:34:49.295529	cycle start_time queries_executed items_processed domains_analyzed convergence_signals confidence_scores symbols_found queries	complete	270
487	2026-04-30T17:35:05.212558	cycle start_time queries_executed items_processed domains_analyzed convergence_signals confidence_scores symbols_found queries	complete	270
417	2026-04-30T17:35:29.715319	cycle start_time queries_executed items_processed domains_analyzed convergence_signals confidence_scores symbols_found queries	complete	270
427	2026-04-30T17:35:47.751349	cycle start_time queries_executed items_processed domains_analyzed convergence_signals confidence_scores symbols_found queries	complete	270
121	2026-04-30T17:35:49.363637	cycle start_time queries_executed items_processed domains_analyzed convergence_signals confidence_scores symbols_found queries	complete	270
488	2026-04-30T17:36:05.217961	cycle start_time queries_executed items_processed domains_analyzed convergence_signals confidence_scores symbols_found queries	complete	270
418	2026-04-30T17:36:29.728276	cycle start_time queries_executed items_processed domains_analyzed convergence_signals confidence_scores symbols_found queries	complete	270
428	2026-04-30T17:36:47.763431	cycle start_time queries_executed items_processed domains_analyzed convergence_signals confidence_scores symbols_found queries	complete	270
122	2026-04-30T17:36:49.374980	cycle start_time queries_executed items_processed domains_analyzed convergence_signals confidence_scores symbols_found queries	complete	270
489	2026-04-30T17:37:05.223032	cycle start_time queries_executed items_processed domains_analyzed convergence_signals confidence_scores symbols_found queries	complete	270
419	2026-04-30T17:37:29.790798	cycle start_time queries_executed items_processed domains_analyzed convergence_signals confidence_scores symbols_found queries	complete	270
429	2026-04-30T17:37:47.769582	cycle start_time queries_executed items_processed domains_analyzed convergence_signals confidence_scores symbols_found queries	complete	270
123	2026-04-30T17:37:49.385915	cycle start_time queries_executed items_processed domains_analyzed convergence_signals confidence_scores symbols_found queries	complete	270
490	2026-04-30T17:38:05.228859	cycle start_time queries_executed items_processed domains_analyzed convergence_signals confidence_scores symbols_found queries	complete	270
420	2026-04-30T17:38:29.800607	cycle start_time queries_executed items_processed domains_analyzed convergence_signals confidence_scores symbols_found queries	complete	270
430	2026-04-30T17:38:47.780529	cycle start_time queries_executed items_processed domains_analyzed convergence_signals confidence_scores symbols_found queries	complete	270
124	2026-04-30T17:38:50.497117	cycle start_time queries_executed items_processed domains_analyzed convergence_signals confidence_scores symbols_found queries	complete	270
491	2026-04-30T17:39:05.234429	cycle start_time queries_executed items_processed domains_analyzed convergence_signals confidence_scores symbols_found queries	complete	270
421	2026-04-30T17:39:29.813968	cycle start_time queries_executed items_processed domains_analyzed convergence_signals confidence_scores symbols_found queries	complete	270
431	2026-04-30T17:39:47.786486	cycle start_time queries_executed items_processed domains_analyzed convergence_signals confidence_scores symbols_found queries	complete	270
125	2026-04-30T17:39:50.550713	cycle start_time queries_executed items_processed domains_analyzed convergence_signals confidence_scores symbols_found queries	complete	270
492	2026-04-30T17:40:05.240677	cycle start_time queries_executed items_processed domains_analyzed convergence_signals confidence_scores symbols_found queries	complete	270
422	2026-04-30T17:40:29.826544	cycle start_time queries_executed items_processed domains_analyzed convergence_signals confidence_scores symbols_found queries	complete	270
432	2026-04-30T17:40:47.792224	cycle start_time queries_executed items_processed domains_analyzed convergence_signals confidence_scores symbols_found queries	complete	270
126	2026-04-30T17:40:50.563471	cycle start_time queries_executed items_processed domains_analyzed convergence_signals confidence_scores symbols_found queries	complete	270
2026-04-30T17:41:04.282956	60	30	complete	1800
493	2026-04-30T17:41:05.246220	cycle start_time queries_executed items_processed domains_analyzed convergence_signals confidence_scores symbols_found queries	complete	270
423	2026-04-30T17:41:30.203516	cycle start_time queries_executed items_processed domains_analyzed convergence_signals confidence_scores symbols_found queries	complete	270
433	2026-04-30T17:41:47.802036	cycle start_time queries_executed items_processed domains_analyzed convergence_signals confidence_scores symbols_found queries	complete	270
127	2026-04-30T17:41:50.574786	cycle start_time queries_executed items_processed domains_analyzed convergence_signals confidence_scores symbols_found queries	complete	270
494	2026-04-30T17:42:05.254855	cycle start_time queries_executed items_processed domains_analyzed convergence_signals confidence_scores symbols_found queries	complete	270
424	2026-04-30T17:42:30.252954	cycle start_time queries_executed items_processed domains_analyzed convergence_signals confidence_scores symbols_found queries	complete	270
434	2026-04-30T17:42:47.810135	cycle start_time queries_executed items_processed domains_analyzed convergence_signals confidence_scores symbols_found queries	complete	270
128	2026-04-30T17:42:50.585964	cycle start_time queries_executed items_processed domains_analyzed convergence_signals confidence_scores symbols_found queries	complete	270
495	2026-04-30T17:43:05.263884	cycle start_time queries_executed items_processed domains_analyzed convergence_signals confidence_scores symbols_found queries	complete	270
425	2026-04-30T17:43:30.266552	cycle start_time queries_executed items_processed domains_analyzed convergence_signals confidence_scores symbols_found queries	complete	270
435	2026-04-30T17:43:47.815947	cycle start_time queries_executed items_processed domains_analyzed convergence_signals confidence_scores symbols_found queries	complete	270
129	2026-04-30T17:43:50.598811	cycle start_time queries_executed items_processed domains_analyzed convergence_signals confidence_scores symbols_found queries	complete	270
496	2026-04-30T17:44:05.272400	cycle start_time queries_executed items_processed domains_analyzed convergence_signals confidence_scores symbols_found queries	complete	270
426	2026-04-30T17:44:30.284769	cycle start_time queries_executed items_processed domains_analyzed convergence_signals confidence_scores symbols_found queries	complete	270
436	2026-04-30T17:44:47.833556	cycle start_time queries_executed items_processed domains_analyzed convergence_signals confidence_scores symbols_found queries	complete	270
130	2026-04-30T17:44:51.179999	cycle start_time queries_executed items_processed domains_analyzed convergence_signals confidence_scores symbols_found queries	complete	270
497	2026-04-30T17:45:05.278516	cycle start_time queries_executed items_processed domains_analyzed convergence_signals confidence_scores symbols_found queries	complete	270
427	2026-04-30T17:45:30.295769	cycle start_time queries_executed items_processed domains_analyzed convergence_signals confidence_scores symbols_found queries	complete	270
437	2026-04-30T17:45:47.844362	cycle start_time queries_executed items_processed domains_analyzed convergence_signals confidence_scores symbols_found queries	complete	270
131	2026-04-30T17:45:51.195570	cycle start_time queries_executed items_processed domains_analyzed convergence_signals confidence_scores symbols_found queries	complete	270
498	2026-04-30T17:46:05.287570	cycle start_time queries_executed items_processed domains_analyzed convergence_signals confidence_scores symbols_found queries	complete	270
428	2026-04-30T17:46:31.424276	cycle start_time queries_executed items_processed domains_analyzed convergence_signals confidence_scores symbols_found queries	complete	270
438	2026-04-30T17:46:47.854511	cycle start_time queries_executed items_processed domains_analyzed convergence_signals confidence_scores symbols_found queries	complete	270
132	2026-04-30T17:46:51.255773	cycle start_time queries_executed items_processed domains_analyzed convergence_signals confidence_scores symbols_found queries	complete	270
499	2026-04-30T17:47:05.299681	cycle start_time queries_executed items_processed domains_analyzed convergence_signals confidence_scores symbols_found queries	complete	270
429	2026-04-30T17:47:31.506039	cycle start_time queries_executed items_processed domains_analyzed convergence_signals confidence_scores symbols_found queries	complete	270
439	2026-04-30T17:47:47.873628	cycle start_time queries_executed items_processed domains_analyzed convergence_signals confidence_scores symbols_found queries	complete	270
133	2026-04-30T17:47:51.712888	cycle start_time queries_executed items_processed domains_analyzed convergence_signals confidence_scores symbols_found queries	complete	270
500	2026-04-30T17:48:05.306426	cycle start_time queries_executed items_processed domains_analyzed convergence_signals confidence_scores symbols_found queries	complete	270
430	2026-04-30T17:48:31.593207	cycle start_time queries_executed items_processed domains_analyzed convergence_signals confidence_scores symbols_found queries	complete	270
440	2026-04-30T17:48:47.895000	cycle start_time queries_executed items_processed domains_analyzed convergence_signals confidence_scores symbols_found queries	complete	270
134	2026-04-30T17:48:51.759606	cycle start_time queries_executed items_processed domains_analyzed convergence_signals confidence_scores symbols_found queries	complete	270
501	2026-04-30T17:49:05.315513	cycle start_time queries_executed items_processed domains_analyzed convergence_signals confidence_scores symbols_found queries	complete	270
431	2026-04-30T17:49:31.610116	cycle start_time queries_executed items_processed domains_analyzed convergence_signals confidence_scores symbols_found queries	complete	270
441	2026-04-30T17:49:47.918756	cycle start_time queries_executed items_processed domains_analyzed convergence_signals confidence_scores symbols_found queries	complete	270
135	2026-04-30T17:49:51.792306	cycle start_time queries_executed items_processed domains_analyzed convergence_signals confidence_scores symbols_found queries	complete	270
502	2026-04-30T17:50:05.322432	cycle start_time queries_executed items_processed domains_analyzed convergence_signals confidence_scores symbols_found queries	complete	270
432	2026-04-30T17:50:31.627123	cycle start_time queries_executed items_processed domains_analyzed convergence_signals confidence_scores symbols_found queries	complete	270
1	2026-04-30T17:50:45.244405	cycle start_time queries_executed items_processed domains_analyzed convergence_signals confidence_scores symbols_found queries	complete	270
442	2026-04-30T17:50:47.945883	cycle start_time queries_executed items_processed domains_analyzed convergence_signals confidence_scores symbols_found queries	complete	270
136	2026-04-30T17:50:51.849897	cycle start_time queries_executed items_processed domains_analyzed convergence_signals confidence_scores symbols_found queries	complete	270
2026-04-30T17:51:04.552915	61	30	complete	1830
503	2026-04-30T17:51:05.330970	cycle start_time queries_executed items_processed domains_analyzed convergence_signals confidence_scores symbols_found queries	complete	270
433	2026-04-30T17:51:31.984920	cycle start_time queries_executed items_processed domains_analyzed convergence_signals confidence_scores symbols_found queries	complete	270
2	2026-04-30T17:51:45.328146	cycle start_time queries_executed items_processed domains_analyzed convergence_signals confidence_scores symbols_found queries	complete	270
443	2026-04-30T17:51:47.958741	cycle start_time queries_executed items_processed domains_analyzed convergence_signals confidence_scores symbols_found queries	complete	270
137	2026-04-30T17:51:51.866050	cycle start_time queries_executed items_processed domains_analyzed convergence_signals confidence_scores symbols_found queries	complete	270
504	2026-04-30T17:52:05.338179	cycle start_time queries_executed items_processed domains_analyzed convergence_signals confidence_scores symbols_found queries	complete	270
434	2026-04-30T17:52:32.028509	cycle start_time queries_executed items_processed domains_analyzed convergence_signals confidence_scores symbols_found queries	complete	270
444	2026-04-30T17:52:47.973116	cycle start_time queries_executed items_processed domains_analyzed convergence_signals confidence_scores symbols_found queries	complete	270
138	2026-04-30T17:52:51.883413	cycle start_time queries_executed items_processed domains_analyzed convergence_signals confidence_scores symbols_found queries	complete	270
505	2026-04-30T17:53:05.350142	cycle start_time queries_executed items_processed domains_analyzed convergence_signals confidence_scores symbols_found queries	complete	270
435	2026-04-30T17:53:33.415174	cycle start_time queries_executed items_processed domains_analyzed convergence_signals confidence_scores symbols_found queries	complete	270
445	2026-04-30T17:53:47.984826	cycle start_time queries_executed items_processed domains_analyzed convergence_signals confidence_scores symbols_found queries	complete	270
139	2026-04-30T17:53:51.902270	cycle start_time queries_executed items_processed domains_analyzed convergence_signals confidence_scores symbols_found queries	complete	270
506	2026-04-30T17:54:05.361620	cycle start_time queries_executed items_processed domains_analyzed convergence_signals confidence_scores symbols_found queries	complete	270
436	2026-04-30T17:54:33.426462	cycle start_time queries_executed items_processed domains_analyzed convergence_signals confidence_scores symbols_found queries	complete	270
446	2026-04-30T17:54:47.995984	cycle start_time queries_executed items_processed domains_analyzed convergence_signals confidence_scores symbols_found queries	complete	270
140	2026-04-30T17:54:51.916842	cycle start_time queries_executed items_processed domains_analyzed convergence_signals confidence_scores symbols_found queries	complete	270
507	2026-04-30T17:55:05.370973	cycle start_time queries_executed items_processed domains_analyzed convergence_signals confidence_scores symbols_found queries	complete	270
437	2026-04-30T17:55:33.439176	cycle start_time queries_executed items_processed domains_analyzed convergence_signals confidence_scores symbols_found queries	complete	270
447	2026-04-30T17:55:48.006333	cycle start_time queries_executed items_processed domains_analyzed convergence_signals confidence_scores symbols_found queries	complete	270
141	2026-04-30T17:55:54.020159	cycle start_time queries_executed items_processed domains_analyzed convergence_signals confidence_scores symbols_found queries	complete	270
508	2026-04-30T17:56:05.378892	cycle start_time queries_executed items_processed domains_analyzed convergence_signals confidence_scores symbols_found queries	complete	270
438	2026-04-30T17:56:33.462595	cycle start_time queries_executed items_processed domains_analyzed convergence_signals confidence_scores symbols_found queries	complete	270
448	2026-04-30T17:56:48.016544	cycle start_time queries_executed items_processed domains_analyzed convergence_signals confidence_scores symbols_found queries	complete	270
142	2026-04-30T17:56:54.045144	cycle start_time queries_executed items_processed domains_analyzed convergence_signals confidence_scores symbols_found queries	complete	270
509	2026-04-30T17:57:05.387367	cycle start_time queries_executed items_processed domains_analyzed convergence_signals confidence_scores symbols_found queries	complete	270
439	2026-04-30T17:57:33.475272	cycle start_time queries_executed items_processed domains_analyzed convergence_signals confidence_scores symbols_found queries	complete	270
449	2026-04-30T17:57:48.030845	cycle start_time queries_executed items_processed domains_analyzed convergence_signals confidence_scores symbols_found queries	complete	270
143	2026-04-30T17:57:54.059276	cycle start_time queries_executed items_processed domains_analyzed convergence_signals confidence_scores symbols_found queries	complete	270
510	2026-04-30T17:58:05.400887	cycle start_time queries_executed items_processed domains_analyzed convergence_signals confidence_scores symbols_found queries	complete	270
440	2026-04-30T17:58:33.496040	cycle start_time queries_executed items_processed domains_analyzed convergence_signals confidence_scores symbols_found queries	complete	270
450	2026-04-30T17:58:48.039432	cycle start_time queries_executed items_processed domains_analyzed convergence_signals confidence_scores symbols_found queries	complete	270
144	2026-04-30T17:58:54.080481	cycle start_time queries_executed items_processed domains_analyzed convergence_signals confidence_scores symbols_found queries	complete	270
511	2026-04-30T17:59:05.410562	cycle start_time queries_executed items_processed domains_analyzed convergence_signals confidence_scores symbols_found queries	complete	270
441	2026-04-30T17:59:33.510967	cycle start_time queries_executed items_processed domains_analyzed convergence_signals confidence_scores symbols_found queries	complete	270
451	2026-04-30T17:59:48.046398	cycle start_time queries_executed items_processed domains_analyzed convergence_signals confidence_scores symbols_found queries	complete	270
145	2026-04-30T17:59:54.095770	cycle start_time queries_executed items_processed domains_analyzed convergence_signals confidence_scores symbols_found queries	complete	270
512	2026-04-30T18:00:05.426814	cycle start_time queries_executed items_processed domains_analyzed convergence_signals confidence_scores symbols_found queries	complete	270
442	2026-04-30T18:00:33.531203	cycle start_time queries_executed items_processed domains_analyzed convergence_signals confidence_scores symbols_found queries	complete	270
452	2026-04-30T18:00:48.055420	cycle start_time queries_executed items_processed domains_analyzed convergence_signals confidence_scores symbols_found queries	complete	270
146	2026-04-30T18:00:54.112746	cycle start_time queries_executed items_processed domains_analyzed convergence_signals confidence_scores symbols_found queries	complete	270
2026-04-30T18:01:05.088519	62	30	complete	1860
513	2026-04-30T18:01:05.456102	cycle start_time queries_executed items_processed domains_analyzed convergence_signals confidence_scores symbols_found queries	complete	270
443	2026-04-30T18:01:33.548157	cycle start_time queries_executed items_processed domains_analyzed convergence_signals confidence_scores symbols_found queries	complete	270
453	2026-04-30T18:01:48.062479	cycle start_time queries_executed items_processed domains_analyzed convergence_signals confidence_scores symbols_found queries	complete	270
147	2026-04-30T18:01:54.133842	cycle start_time queries_executed items_processed domains_analyzed convergence_signals confidence_scores symbols_found queries	complete	270
514	2026-04-30T18:02:05.473000	cycle start_time queries_executed items_processed domains_analyzed convergence_signals confidence_scores symbols_found queries	complete	270
444	2026-04-30T18:02:33.568804	cycle start_time queries_executed items_processed domains_analyzed convergence_signals confidence_scores symbols_found queries	complete	270
454	2026-04-30T18:02:48.071214	cycle start_time queries_executed items_processed domains_analyzed convergence_signals confidence_scores symbols_found queries	complete	270
148	2026-04-30T18:02:54.154749	cycle start_time queries_executed items_processed domains_analyzed convergence_signals confidence_scores symbols_found queries	complete	270
515	2026-04-30T18:03:05.487580	cycle start_time queries_executed items_processed domains_analyzed convergence_signals confidence_scores symbols_found queries	complete	270
445	2026-04-30T18:03:35.704131	cycle start_time queries_executed items_processed domains_analyzed convergence_signals confidence_scores symbols_found queries	complete	270
455	2026-04-30T18:03:48.082974	cycle start_time queries_executed items_processed domains_analyzed convergence_signals confidence_scores symbols_found queries	complete	270
149	2026-04-30T18:03:56.632111	cycle start_time queries_executed items_processed domains_analyzed convergence_signals confidence_scores symbols_found queries	complete	270
516	2026-04-30T18:04:05.498463	cycle start_time queries_executed items_processed domains_analyzed convergence_signals confidence_scores symbols_found queries	complete	270
446	2026-04-30T18:04:35.720440	cycle start_time queries_executed items_processed domains_analyzed convergence_signals confidence_scores symbols_found queries	complete	270
456	2026-04-30T18:04:48.112680	cycle start_time queries_executed items_processed domains_analyzed convergence_signals confidence_scores symbols_found queries	complete	270
150	2026-04-30T18:04:56.647466	cycle start_time queries_executed items_processed domains_analyzed convergence_signals confidence_scores symbols_found queries	complete	270
517	2026-04-30T18:05:05.505098	cycle start_time queries_executed items_processed domains_analyzed convergence_signals confidence_scores symbols_found queries	complete	270
447	2026-04-30T18:05:35.732365	cycle start_time queries_executed items_processed domains_analyzed convergence_signals confidence_scores symbols_found queries	complete	270
457	2026-04-30T18:05:48.134667	cycle start_time queries_executed items_processed domains_analyzed convergence_signals confidence_scores symbols_found queries	complete	270
151	2026-04-30T18:05:56.663646	cycle start_time queries_executed items_processed domains_analyzed convergence_signals confidence_scores symbols_found queries	complete	270
518	2026-04-30T18:06:05.515242	cycle start_time queries_executed items_processed domains_analyzed convergence_signals confidence_scores symbols_found queries	complete	270
448	2026-04-30T18:06:35.755744	cycle start_time queries_executed items_processed domains_analyzed convergence_signals confidence_scores symbols_found queries	complete	270
458	2026-04-30T18:06:48.162633	cycle start_time queries_executed items_processed domains_analyzed convergence_signals confidence_scores symbols_found queries	complete	270
152	2026-04-30T18:06:56.680982	cycle start_time queries_executed items_processed domains_analyzed convergence_signals confidence_scores symbols_found queries	complete	270
519	2026-04-30T18:07:05.527635	cycle start_time queries_executed items_processed domains_analyzed convergence_signals confidence_scores symbols_found queries	complete	270
449	2026-04-30T18:07:35.803736	cycle start_time queries_executed items_processed domains_analyzed convergence_signals confidence_scores symbols_found queries	complete	270
459	2026-04-30T18:07:48.176626	cycle start_time queries_executed items_processed domains_analyzed convergence_signals confidence_scores symbols_found queries	complete	270
153	2026-04-30T18:07:56.700543	cycle start_time queries_executed items_processed domains_analyzed convergence_signals confidence_scores symbols_found queries	complete	270
520	2026-04-30T18:08:05.538248	cycle start_time queries_executed items_processed domains_analyzed convergence_signals confidence_scores symbols_found queries	complete	270
450	2026-04-30T18:08:38.642135	cycle start_time queries_executed items_processed domains_analyzed convergence_signals confidence_scores symbols_found queries	complete	270
460	2026-04-30T18:08:48.201229	cycle start_time queries_executed items_processed domains_analyzed convergence_signals confidence_scores symbols_found queries	complete	270
154	2026-04-30T18:08:56.721282	cycle start_time queries_executed items_processed domains_analyzed convergence_signals confidence_scores symbols_found queries	complete	270
521	2026-04-30T18:09:05.546055	cycle start_time queries_executed items_processed domains_analyzed convergence_signals confidence_scores symbols_found queries	complete	270
451	2026-04-30T18:09:38.880155	cycle start_time queries_executed items_processed domains_analyzed convergence_signals confidence_scores symbols_found queries	complete	270
461	2026-04-30T18:09:48.218454	cycle start_time queries_executed items_processed domains_analyzed convergence_signals confidence_scores symbols_found queries	complete	270
155	2026-04-30T18:09:56.743689	cycle start_time queries_executed items_processed domains_analyzed convergence_signals confidence_scores symbols_found queries	complete	270
522	2026-04-30T18:10:05.557284	cycle start_time queries_executed items_processed domains_analyzed convergence_signals confidence_scores symbols_found queries	complete	270
452	2026-04-30T18:10:38.901948	cycle start_time queries_executed items_processed domains_analyzed convergence_signals confidence_scores symbols_found queries	complete	270
462	2026-04-30T18:10:48.230351	cycle start_time queries_executed items_processed domains_analyzed convergence_signals confidence_scores symbols_found queries	complete	270
156	2026-04-30T18:10:57.116266	cycle start_time queries_executed items_processed domains_analyzed convergence_signals confidence_scores symbols_found queries	complete	270
2026-04-30T18:11:05.540824	63	30	complete	1890
523	2026-04-30T18:11:05.573719	cycle start_time queries_executed items_processed domains_analyzed convergence_signals confidence_scores symbols_found queries	complete	270
453	2026-04-30T18:11:38.919042	cycle start_time queries_executed items_processed domains_analyzed convergence_signals confidence_scores symbols_found queries	complete	270
463	2026-04-30T18:11:48.246084	cycle start_time queries_executed items_processed domains_analyzed convergence_signals confidence_scores symbols_found queries	complete	270
157	2026-04-30T18:11:57.146453	cycle start_time queries_executed items_processed domains_analyzed convergence_signals confidence_scores symbols_found queries	complete	270
524	2026-04-30T18:12:05.585585	cycle start_time queries_executed items_processed domains_analyzed convergence_signals confidence_scores symbols_found queries	complete	270
454	2026-04-30T18:12:38.932234	cycle start_time queries_executed items_processed domains_analyzed convergence_signals confidence_scores symbols_found queries	complete	270
464	2026-04-30T18:12:48.260909	cycle start_time queries_executed items_processed domains_analyzed convergence_signals confidence_scores symbols_found queries	complete	270
158	2026-04-30T18:12:57.172392	cycle start_time queries_executed items_processed domains_analyzed convergence_signals confidence_scores symbols_found queries	complete	270
525	2026-04-30T18:13:05.595695	cycle start_time queries_executed items_processed domains_analyzed convergence_signals confidence_scores symbols_found queries	complete	270
455	2026-04-30T18:13:38.954570	cycle start_time queries_executed items_processed domains_analyzed convergence_signals confidence_scores symbols_found queries	complete	270
465	2026-04-30T18:13:48.269317	cycle start_time queries_executed items_processed domains_analyzed convergence_signals confidence_scores symbols_found queries	complete	270
159	2026-04-30T18:13:57.194776	cycle start_time queries_executed items_processed domains_analyzed convergence_signals confidence_scores symbols_found queries	complete	270
526	2026-04-30T18:14:05.604131	cycle start_time queries_executed items_processed domains_analyzed convergence_signals confidence_scores symbols_found queries	complete	270
456	2026-04-30T18:14:38.974379	cycle start_time queries_executed items_processed domains_analyzed convergence_signals confidence_scores symbols_found queries	complete	270
466	2026-04-30T18:14:48.279953	cycle start_time queries_executed items_processed domains_analyzed convergence_signals confidence_scores symbols_found queries	complete	270
160	2026-04-30T18:14:57.215829	cycle start_time queries_executed items_processed domains_analyzed convergence_signals confidence_scores symbols_found queries	complete	270
527	2026-04-30T18:15:05.613148	cycle start_time queries_executed items_processed domains_analyzed convergence_signals confidence_scores symbols_found queries	complete	270
457	2026-04-30T18:15:38.994958	cycle start_time queries_executed items_processed domains_analyzed convergence_signals confidence_scores symbols_found queries	complete	270
467	2026-04-30T18:15:48.295398	cycle start_time queries_executed items_processed domains_analyzed convergence_signals confidence_scores symbols_found queries	complete	270
161	2026-04-30T18:15:57.235211	cycle start_time queries_executed items_processed domains_analyzed convergence_signals confidence_scores symbols_found queries	complete	270
528	2026-04-30T18:16:05.621781	cycle start_time queries_executed items_processed domains_analyzed convergence_signals confidence_scores symbols_found queries	complete	270
458	2026-04-30T18:16:40.183998	cycle start_time queries_executed items_processed domains_analyzed convergence_signals confidence_scores symbols_found queries	complete	270
468	2026-04-30T18:16:48.314853	cycle start_time queries_executed items_processed domains_analyzed convergence_signals confidence_scores symbols_found queries	complete	270
162	2026-04-30T18:16:58.885767	cycle start_time queries_executed items_processed domains_analyzed convergence_signals confidence_scores symbols_found queries	complete	270
529	2026-04-30T18:17:05.633153	cycle start_time queries_executed items_processed domains_analyzed convergence_signals confidence_scores symbols_found queries	complete	270
459	2026-04-30T18:17:40.208269	cycle start_time queries_executed items_processed domains_analyzed convergence_signals confidence_scores symbols_found queries	complete	270
469	2026-04-30T18:17:48.323678	cycle start_time queries_executed items_processed domains_analyzed convergence_signals confidence_scores symbols_found queries	complete	270
163	2026-04-30T18:17:58.902279	cycle start_time queries_executed items_processed domains_analyzed convergence_signals confidence_scores symbols_found queries	complete	270
530	2026-04-30T18:18:05.644126	cycle start_time queries_executed items_processed domains_analyzed convergence_signals confidence_scores symbols_found queries	complete	270
460	2026-04-30T18:18:40.226728	cycle start_time queries_executed items_processed domains_analyzed convergence_signals confidence_scores symbols_found queries	complete	270
470	2026-04-30T18:18:48.367324	cycle start_time queries_executed items_processed domains_analyzed convergence_signals confidence_scores symbols_found queries	complete	270
164	2026-04-30T18:18:58.921285	cycle start_time queries_executed items_processed domains_analyzed convergence_signals confidence_scores symbols_found queries	complete	270
531	2026-04-30T18:19:05.656248	cycle start_time queries_executed items_processed domains_analyzed convergence_signals confidence_scores symbols_found queries	complete	270
461	2026-04-30T18:19:40.248714	cycle start_time queries_executed items_processed domains_analyzed convergence_signals confidence_scores symbols_found queries	complete	270
471	2026-04-30T18:19:48.381030	cycle start_time queries_executed items_processed domains_analyzed convergence_signals confidence_scores symbols_found queries	complete	270
165	2026-04-30T18:20:00.114279	cycle start_time queries_executed items_processed domains_analyzed convergence_signals confidence_scores symbols_found queries	complete	270
532	2026-04-30T18:20:05.665362	cycle start_time queries_executed items_processed domains_analyzed convergence_signals confidence_scores symbols_found queries	complete	270
462	2026-04-30T18:20:40.260443	cycle start_time queries_executed items_processed domains_analyzed convergence_signals confidence_scores symbols_found queries	complete	270
472	2026-04-30T18:20:48.394027	cycle start_time queries_executed items_processed domains_analyzed convergence_signals confidence_scores symbols_found queries	complete	270
166	2026-04-30T18:21:00.210179	cycle start_time queries_executed items_processed domains_analyzed convergence_signals confidence_scores symbols_found queries	complete	270
533	2026-04-30T18:21:05.687455	cycle start_time queries_executed items_processed domains_analyzed convergence_signals confidence_scores symbols_found queries	complete	270
2026-04-30T18:21:05.819425	64	30	complete	1920
463	2026-04-30T18:21:40.280431	cycle start_time queries_executed items_processed domains_analyzed convergence_signals confidence_scores symbols_found queries	complete	270
473	2026-04-30T18:21:48.403885	cycle start_time queries_executed items_processed domains_analyzed convergence_signals confidence_scores symbols_found queries	complete	270
167	2026-04-30T18:22:00.223543	cycle start_time queries_executed items_processed domains_analyzed convergence_signals confidence_scores symbols_found queries	complete	270
534	2026-04-30T18:22:05.698392	cycle start_time queries_executed items_processed domains_analyzed convergence_signals confidence_scores symbols_found queries	complete	270
464	2026-04-30T18:22:40.295920	cycle start_time queries_executed items_processed domains_analyzed convergence_signals confidence_scores symbols_found queries	complete	270
474	2026-04-30T18:22:48.424340	cycle start_time queries_executed items_processed domains_analyzed convergence_signals confidence_scores symbols_found queries	complete	270
168	2026-04-30T18:23:00.256075	cycle start_time queries_executed items_processed domains_analyzed convergence_signals confidence_scores symbols_found queries	complete	270
535	2026-04-30T18:23:05.729248	cycle start_time queries_executed items_processed domains_analyzed convergence_signals confidence_scores symbols_found queries	complete	270
465	2026-04-30T18:23:40.322995	cycle start_time queries_executed items_processed domains_analyzed convergence_signals confidence_scores symbols_found queries	complete	270
475	2026-04-30T18:23:48.467636	cycle start_time queries_executed items_processed domains_analyzed convergence_signals confidence_scores symbols_found queries	complete	270
169	2026-04-30T18:24:00.278386	cycle start_time queries_executed items_processed domains_analyzed convergence_signals confidence_scores symbols_found queries	complete	270
536	2026-04-30T18:24:05.767476	cycle start_time queries_executed items_processed domains_analyzed convergence_signals confidence_scores symbols_found queries	complete	270
466	2026-04-30T18:24:40.637631	cycle start_time queries_executed items_processed domains_analyzed convergence_signals confidence_scores symbols_found queries	complete	270
476	2026-04-30T18:24:48.480516	cycle start_time queries_executed items_processed domains_analyzed convergence_signals confidence_scores symbols_found queries	complete	270
170	2026-04-30T18:25:00.297082	cycle start_time queries_executed items_processed domains_analyzed convergence_signals confidence_scores symbols_found queries	complete	270
537	2026-04-30T18:25:05.778071	cycle start_time queries_executed items_processed domains_analyzed convergence_signals confidence_scores symbols_found queries	complete	270
467	2026-04-30T18:25:40.659986	cycle start_time queries_executed items_processed domains_analyzed convergence_signals confidence_scores symbols_found queries	complete	270
477	2026-04-30T18:25:48.497457	cycle start_time queries_executed items_processed domains_analyzed convergence_signals confidence_scores symbols_found queries	complete	270
171	2026-04-30T18:26:00.319758	cycle start_time queries_executed items_processed domains_analyzed convergence_signals confidence_scores symbols_found queries	complete	270
538	2026-04-30T18:26:05.801276	cycle start_time queries_executed items_processed domains_analyzed convergence_signals confidence_scores symbols_found queries	complete	270
468	2026-04-30T18:26:40.671548	cycle start_time queries_executed items_processed domains_analyzed convergence_signals confidence_scores symbols_found queries	complete	270
478	2026-04-30T18:26:48.508176	cycle start_time queries_executed items_processed domains_analyzed convergence_signals confidence_scores symbols_found queries	complete	270
172	2026-04-30T18:27:00.333972	cycle start_time queries_executed items_processed domains_analyzed convergence_signals confidence_scores symbols_found queries	complete	270
539	2026-04-30T18:27:05.818140	cycle start_time queries_executed items_processed domains_analyzed convergence_signals confidence_scores symbols_found queries	complete	270
469	2026-04-30T18:27:40.739624	cycle start_time queries_executed items_processed domains_analyzed convergence_signals confidence_scores symbols_found queries	complete	270
479	2026-04-30T18:27:48.519458	cycle start_time queries_executed items_processed domains_analyzed convergence_signals confidence_scores symbols_found queries	complete	270
173	2026-04-30T18:28:00.787795	cycle start_time queries_executed items_processed domains_analyzed convergence_signals confidence_scores symbols_found queries	complete	270
540	2026-04-30T18:28:05.834702	cycle start_time queries_executed items_processed domains_analyzed convergence_signals confidence_scores symbols_found queries	complete	270
470	2026-04-30T18:28:41.265353	cycle start_time queries_executed items_processed domains_analyzed convergence_signals confidence_scores symbols_found queries	complete	270
480	2026-04-30T18:28:48.533134	cycle start_time queries_executed items_processed domains_analyzed convergence_signals confidence_scores symbols_found queries	complete	270
174	2026-04-30T18:29:00.819180	cycle start_time queries_executed items_processed domains_analyzed convergence_signals confidence_scores symbols_found queries	complete	270
541	2026-04-30T18:29:05.844462	cycle start_time queries_executed items_processed domains_analyzed convergence_signals confidence_scores symbols_found queries	complete	270
471	2026-04-30T18:29:41.302562	cycle start_time queries_executed items_processed domains_analyzed convergence_signals confidence_scores symbols_found queries	complete	270
481	2026-04-30T18:29:48.553010	cycle start_time queries_executed items_processed domains_analyzed convergence_signals confidence_scores symbols_found queries	complete	270
175	2026-04-30T18:30:00.841653	cycle start_time queries_executed items_processed domains_analyzed convergence_signals confidence_scores symbols_found queries	complete	270
542	2026-04-30T18:30:05.856656	cycle start_time queries_executed items_processed domains_analyzed convergence_signals confidence_scores symbols_found queries	complete	270
472	2026-04-30T18:30:41.366736	cycle start_time queries_executed items_processed domains_analyzed convergence_signals confidence_scores symbols_found queries	complete	270
482	2026-04-30T18:30:48.571649	cycle start_time queries_executed items_processed domains_analyzed convergence_signals confidence_scores symbols_found queries	complete	270
176	2026-04-30T18:31:00.886881	cycle start_time queries_executed items_processed domains_analyzed convergence_signals confidence_scores symbols_found queries	complete	270
543	2026-04-30T18:31:05.891458	cycle start_time queries_executed items_processed domains_analyzed convergence_signals confidence_scores symbols_found queries	complete	270
2026-04-30T18:31:06.411768	65	30	complete	1950
473	2026-04-30T18:31:41.385471	cycle start_time queries_executed items_processed domains_analyzed convergence_signals confidence_scores symbols_found queries	complete	270
483	2026-04-30T18:31:48.586608	cycle start_time queries_executed items_processed domains_analyzed convergence_signals confidence_scores symbols_found queries	complete	270
177	2026-04-30T18:32:00.916681	cycle start_time queries_executed items_processed domains_analyzed convergence_signals confidence_scores symbols_found queries	complete	270
544	2026-04-30T18:32:05.900458	cycle start_time queries_executed items_processed domains_analyzed convergence_signals confidence_scores symbols_found queries	complete	270
474	2026-04-30T18:32:41.397857	cycle start_time queries_executed items_processed domains_analyzed convergence_signals confidence_scores symbols_found queries	complete	270
484	2026-04-30T18:32:48.599320	cycle start_time queries_executed items_processed domains_analyzed convergence_signals confidence_scores symbols_found queries	complete	270
178	2026-04-30T18:33:00.939571	cycle start_time queries_executed items_processed domains_analyzed convergence_signals confidence_scores symbols_found queries	complete	270
545	2026-04-30T18:33:05.909437	cycle start_time queries_executed items_processed domains_analyzed convergence_signals confidence_scores symbols_found queries	complete	270
475	2026-04-30T18:33:41.411093	cycle start_time queries_executed items_processed domains_analyzed convergence_signals confidence_scores symbols_found queries	complete	270
485	2026-04-30T18:33:48.610170	cycle start_time queries_executed items_processed domains_analyzed convergence_signals confidence_scores symbols_found queries	complete	270
179	2026-04-30T18:34:00.958621	cycle start_time queries_executed items_processed domains_analyzed convergence_signals confidence_scores symbols_found queries	complete	270
546	2026-04-30T18:34:05.918453	cycle start_time queries_executed items_processed domains_analyzed convergence_signals confidence_scores symbols_found queries	complete	270
476	2026-04-30T18:34:41.733445	cycle start_time queries_executed items_processed domains_analyzed convergence_signals confidence_scores symbols_found queries	complete	270
486	2026-04-30T18:34:48.625936	cycle start_time queries_executed items_processed domains_analyzed convergence_signals confidence_scores symbols_found queries	complete	270
180	2026-04-30T18:35:01.006954	cycle start_time queries_executed items_processed domains_analyzed convergence_signals confidence_scores symbols_found queries	complete	270
547	2026-04-30T18:35:05.929335	cycle start_time queries_executed items_processed domains_analyzed convergence_signals confidence_scores symbols_found queries	complete	270
477	2026-04-30T18:35:41.753208	cycle start_time queries_executed items_processed domains_analyzed convergence_signals confidence_scores symbols_found queries	complete	270
487	2026-04-30T18:35:48.641512	cycle start_time queries_executed items_processed domains_analyzed convergence_signals confidence_scores symbols_found queries	complete	270
181	2026-04-30T18:36:01.032018	cycle start_time queries_executed items_processed domains_analyzed convergence_signals confidence_scores symbols_found queries	complete	270
548	2026-04-30T18:36:05.936915	cycle start_time queries_executed items_processed domains_analyzed convergence_signals confidence_scores symbols_found queries	complete	270
478	2026-04-30T18:36:42.921702	cycle start_time queries_executed items_processed domains_analyzed convergence_signals confidence_scores symbols_found queries	complete	270
488	2026-04-30T18:36:48.696560	cycle start_time queries_executed items_processed domains_analyzed convergence_signals confidence_scores symbols_found queries	complete	270
182	2026-04-30T18:37:01.048323	cycle start_time queries_executed items_processed domains_analyzed convergence_signals confidence_scores symbols_found queries	complete	270
549	2026-04-30T18:37:05.952521	cycle start_time queries_executed items_processed domains_analyzed convergence_signals confidence_scores symbols_found queries	complete	270
479	2026-04-30T18:37:42.942956	cycle start_time queries_executed items_processed domains_analyzed convergence_signals confidence_scores symbols_found queries	complete	270
489	2026-04-30T18:37:48.708313	cycle start_time queries_executed items_processed domains_analyzed convergence_signals confidence_scores symbols_found queries	complete	270
183	2026-04-30T18:38:01.069572	cycle start_time queries_executed items_processed domains_analyzed convergence_signals confidence_scores symbols_found queries	complete	270
550	2026-04-30T18:38:05.961551	cycle start_time queries_executed items_processed domains_analyzed convergence_signals confidence_scores symbols_found queries	complete	270
480	2026-04-30T18:38:42.966772	cycle start_time queries_executed items_processed domains_analyzed convergence_signals confidence_scores symbols_found queries	complete	270
490	2026-04-30T18:38:48.724526	cycle start_time queries_executed items_processed domains_analyzed convergence_signals confidence_scores symbols_found queries	complete	270
184	2026-04-30T18:39:01.308525	cycle start_time queries_executed items_processed domains_analyzed convergence_signals confidence_scores symbols_found queries	complete	270
551	2026-04-30T18:39:05.971441	cycle start_time queries_executed items_processed domains_analyzed convergence_signals confidence_scores symbols_found queries	complete	270
481	2026-04-30T18:39:42.984247	cycle start_time queries_executed items_processed domains_analyzed convergence_signals confidence_scores symbols_found queries	complete	270
491	2026-04-30T18:39:48.744589	cycle start_time queries_executed items_processed domains_analyzed convergence_signals confidence_scores symbols_found queries	complete	270
185	2026-04-30T18:40:03.834124	cycle start_time queries_executed items_processed domains_analyzed convergence_signals confidence_scores symbols_found queries	complete	270
552	2026-04-30T18:40:05.989008	cycle start_time queries_executed items_processed domains_analyzed convergence_signals confidence_scores symbols_found queries	complete	270
482	2026-04-30T18:40:43.001342	cycle start_time queries_executed items_processed domains_analyzed convergence_signals confidence_scores symbols_found queries	complete	270
492	2026-04-30T18:40:48.756110	cycle start_time queries_executed items_processed domains_analyzed convergence_signals confidence_scores symbols_found queries	complete	270
186	2026-04-30T18:41:03.853057	cycle start_time queries_executed items_processed domains_analyzed convergence_signals confidence_scores symbols_found queries	complete	270
553	2026-04-30T18:41:06.005978	cycle start_time queries_executed items_processed domains_analyzed convergence_signals confidence_scores symbols_found queries	complete	270
2026-04-30T18:41:06.995766	66	30	complete	1980
483	2026-04-30T18:41:43.073639	cycle start_time queries_executed items_processed domains_analyzed convergence_signals confidence_scores symbols_found queries	complete	270
493	2026-04-30T18:41:48.775388	cycle start_time queries_executed items_processed domains_analyzed convergence_signals confidence_scores symbols_found queries	complete	270
187	2026-04-30T18:42:03.905727	cycle start_time queries_executed items_processed domains_analyzed convergence_signals confidence_scores symbols_found queries	complete	270
554	2026-04-30T18:42:06.059609	cycle start_time queries_executed items_processed domains_analyzed convergence_signals confidence_scores symbols_found queries	complete	270
484	2026-04-30T18:42:43.088502	cycle start_time queries_executed items_processed domains_analyzed convergence_signals confidence_scores symbols_found queries	complete	270
494	2026-04-30T18:42:48.789726	cycle start_time queries_executed items_processed domains_analyzed convergence_signals confidence_scores symbols_found queries	complete	270
188	2026-04-30T18:43:03.924180	cycle start_time queries_executed items_processed domains_analyzed convergence_signals confidence_scores symbols_found queries	complete	270
555	2026-04-30T18:43:06.111924	cycle start_time queries_executed items_processed domains_analyzed convergence_signals confidence_scores symbols_found queries	complete	270
485	2026-04-30T18:43:43.122761	cycle start_time queries_executed items_processed domains_analyzed convergence_signals confidence_scores symbols_found queries	complete	270
495	2026-04-30T18:43:48.807822	cycle start_time queries_executed items_processed domains_analyzed convergence_signals confidence_scores symbols_found queries	complete	270
189	2026-04-30T18:44:04.858577	cycle start_time queries_executed items_processed domains_analyzed convergence_signals confidence_scores symbols_found queries	complete	270
556	2026-04-30T18:44:06.128640	cycle start_time queries_executed items_processed domains_analyzed convergence_signals confidence_scores symbols_found queries	complete	270
486	2026-04-30T18:44:43.152485	cycle start_time queries_executed items_processed domains_analyzed convergence_signals confidence_scores symbols_found queries	complete	270
496	2026-04-30T18:44:48.826523	cycle start_time queries_executed items_processed domains_analyzed convergence_signals confidence_scores symbols_found queries	complete	270
190	2026-04-30T18:45:04.885807	cycle start_time queries_executed items_processed domains_analyzed convergence_signals confidence_scores symbols_found queries	complete	270
557	2026-04-30T18:45:06.146695	cycle start_time queries_executed items_processed domains_analyzed convergence_signals confidence_scores symbols_found queries	complete	270
487	2026-04-30T18:45:43.180067	cycle start_time queries_executed items_processed domains_analyzed convergence_signals confidence_scores symbols_found queries	complete	270
497	2026-04-30T18:45:48.843712	cycle start_time queries_executed items_processed domains_analyzed convergence_signals confidence_scores symbols_found queries	complete	270
191	2026-04-30T18:46:04.951188	cycle start_time queries_executed items_processed domains_analyzed convergence_signals confidence_scores symbols_found queries	complete	270
558	2026-04-30T18:46:06.166728	cycle start_time queries_executed items_processed domains_analyzed convergence_signals confidence_scores symbols_found queries	complete	270
488	2026-04-30T18:46:44.426987	cycle start_time queries_executed items_processed domains_analyzed convergence_signals confidence_scores symbols_found queries	complete	270
498	2026-04-30T18:46:48.862943	cycle start_time queries_executed items_processed domains_analyzed convergence_signals confidence_scores symbols_found queries	complete	270
192	2026-04-30T18:47:04.976113	cycle start_time queries_executed items_processed domains_analyzed convergence_signals confidence_scores symbols_found queries	complete	270
559	2026-04-30T18:47:06.177347	cycle start_time queries_executed items_processed domains_analyzed convergence_signals confidence_scores symbols_found queries	complete	270
489	2026-04-30T18:47:44.440350	cycle start_time queries_executed items_processed domains_analyzed convergence_signals confidence_scores symbols_found queries	complete	270
499	2026-04-30T18:47:48.877644	cycle start_time queries_executed items_processed domains_analyzed convergence_signals confidence_scores symbols_found queries	complete	270
193	2026-04-30T18:48:05.002209	cycle start_time queries_executed items_processed domains_analyzed convergence_signals confidence_scores symbols_found queries	complete	270
560	2026-04-30T18:48:06.216855	cycle start_time queries_executed items_processed domains_analyzed convergence_signals confidence_scores symbols_found queries	complete	270
490	2026-04-30T18:48:44.469016	cycle start_time queries_executed items_processed domains_analyzed convergence_signals confidence_scores symbols_found queries	complete	270
500	2026-04-30T18:48:48.892991	cycle start_time queries_executed items_processed domains_analyzed convergence_signals confidence_scores symbols_found queries	complete	270
194	2026-04-30T18:49:05.932989	cycle start_time queries_executed items_processed domains_analyzed convergence_signals confidence_scores symbols_found queries	complete	270
561	2026-04-30T18:49:06.229693	cycle start_time queries_executed items_processed domains_analyzed convergence_signals confidence_scores symbols_found queries	complete	270
491	2026-04-30T18:49:44.757248	cycle start_time queries_executed items_processed domains_analyzed convergence_signals confidence_scores symbols_found queries	complete	270
501	2026-04-30T18:49:48.904408	cycle start_time queries_executed items_processed domains_analyzed convergence_signals confidence_scores symbols_found queries	complete	270
195	2026-04-30T18:50:05.989812	cycle start_time queries_executed items_processed domains_analyzed convergence_signals confidence_scores symbols_found queries	complete	270
562	2026-04-30T18:50:06.247889	cycle start_time queries_executed items_processed domains_analyzed convergence_signals confidence_scores symbols_found queries	complete	270
492	2026-04-30T18:50:44.773512	cycle start_time queries_executed items_processed domains_analyzed convergence_signals confidence_scores symbols_found queries	complete	270
502	2026-04-30T18:50:48.914567	cycle start_time queries_executed items_processed domains_analyzed convergence_signals confidence_scores symbols_found queries	complete	270
196	2026-04-30T18:51:06.008168	cycle start_time queries_executed items_processed domains_analyzed convergence_signals confidence_scores symbols_found queries	complete	270
563	2026-04-30T18:51:06.263709	cycle start_time queries_executed items_processed domains_analyzed convergence_signals confidence_scores symbols_found queries	complete	270
2026-04-30T18:51:07.252300	67	30	complete	2010
493	2026-04-30T18:51:44.793223	cycle start_time queries_executed items_processed domains_analyzed convergence_signals confidence_scores symbols_found queries	complete	270
503	2026-04-30T18:51:48.924124	cycle start_time queries_executed items_processed domains_analyzed convergence_signals confidence_scores symbols_found queries	complete	270
197	2026-04-30T18:52:06.021333	cycle start_time queries_executed items_processed domains_analyzed convergence_signals confidence_scores symbols_found queries	complete	270
564	2026-04-30T18:52:06.272805	cycle start_time queries_executed items_processed domains_analyzed convergence_signals confidence_scores symbols_found queries	complete	270
494	2026-04-30T18:52:44.807186	cycle start_time queries_executed items_processed domains_analyzed convergence_signals confidence_scores symbols_found queries	complete	270
504	2026-04-30T18:52:48.939387	cycle start_time queries_executed items_processed domains_analyzed convergence_signals confidence_scores symbols_found queries	complete	270
198	2026-04-30T18:53:06.036107	cycle start_time queries_executed items_processed domains_analyzed convergence_signals confidence_scores symbols_found queries	complete	270
565	2026-04-30T18:53:06.281778	cycle start_time queries_executed items_processed domains_analyzed convergence_signals confidence_scores symbols_found queries	complete	270
495	2026-04-30T18:53:44.829665	cycle start_time queries_executed items_processed domains_analyzed convergence_signals confidence_scores symbols_found queries	complete	270
505	2026-04-30T18:53:48.949386	cycle start_time queries_executed items_processed domains_analyzed convergence_signals confidence_scores symbols_found queries	complete	270
199	2026-04-30T18:54:06.119316	cycle start_time queries_executed items_processed domains_analyzed convergence_signals confidence_scores symbols_found queries	complete	270
566	2026-04-30T18:54:06.291961	cycle start_time queries_executed items_processed domains_analyzed convergence_signals confidence_scores symbols_found queries	complete	270
496	2026-04-30T18:54:44.842948	cycle start_time queries_executed items_processed domains_analyzed convergence_signals confidence_scores symbols_found queries	complete	270
506	2026-04-30T18:54:48.958656	cycle start_time queries_executed items_processed domains_analyzed convergence_signals confidence_scores symbols_found queries	complete	270
200	2026-04-30T18:55:06.132128	cycle start_time queries_executed items_processed domains_analyzed convergence_signals confidence_scores symbols_found queries	complete	270
567	2026-04-30T18:55:06.300585	cycle start_time queries_executed items_processed domains_analyzed convergence_signals confidence_scores symbols_found queries	complete	270
497	2026-04-30T18:55:44.868610	cycle start_time queries_executed items_processed domains_analyzed convergence_signals confidence_scores symbols_found queries	complete	270
507	2026-04-30T18:55:48.969320	cycle start_time queries_executed items_processed domains_analyzed convergence_signals confidence_scores symbols_found queries	complete	270
201	2026-04-30T18:56:06.156870	cycle start_time queries_executed items_processed domains_analyzed convergence_signals confidence_scores symbols_found queries	complete	270
568	2026-04-30T18:56:06.316331	cycle start_time queries_executed items_processed domains_analyzed convergence_signals confidence_scores symbols_found queries	complete	270
498	2026-04-30T18:56:44.906148	cycle start_time queries_executed items_processed domains_analyzed convergence_signals confidence_scores symbols_found queries	complete	270
508	2026-04-30T18:56:48.983932	cycle start_time queries_executed items_processed domains_analyzed convergence_signals confidence_scores symbols_found queries	complete	270
569	2026-04-30T18:57:06.333693	cycle start_time queries_executed items_processed domains_analyzed convergence_signals confidence_scores symbols_found queries	complete	270
202	2026-04-30T18:57:08.076681	cycle start_time queries_executed items_processed domains_analyzed convergence_signals confidence_scores symbols_found queries	complete	270
499	2026-04-30T18:57:45.119584	cycle start_time queries_executed items_processed domains_analyzed convergence_signals confidence_scores symbols_found queries	complete	270
509	2026-04-30T18:57:49.002633	cycle start_time queries_executed items_processed domains_analyzed convergence_signals confidence_scores symbols_found queries	complete	270
570	2026-04-30T18:58:06.363437	cycle start_time queries_executed items_processed domains_analyzed convergence_signals confidence_scores symbols_found queries	complete	270
203	2026-04-30T18:58:09.867102	cycle start_time queries_executed items_processed domains_analyzed convergence_signals confidence_scores symbols_found queries	complete	270
500	2026-04-30T18:58:45.865937	cycle start_time queries_executed items_processed domains_analyzed convergence_signals confidence_scores symbols_found queries	complete	270
510	2026-04-30T18:58:49.014433	cycle start_time queries_executed items_processed domains_analyzed convergence_signals confidence_scores symbols_found queries	complete	270
571	2026-04-30T18:59:06.373415	cycle start_time queries_executed items_processed domains_analyzed convergence_signals confidence_scores symbols_found queries	complete	270
204	2026-04-30T18:59:10.782941	cycle start_time queries_executed items_processed domains_analyzed convergence_signals confidence_scores symbols_found queries	complete	270
501	2026-04-30T18:59:45.888690	cycle start_time queries_executed items_processed domains_analyzed convergence_signals confidence_scores symbols_found queries	complete	270
511	2026-04-30T18:59:49.036144	cycle start_time queries_executed items_processed domains_analyzed convergence_signals confidence_scores symbols_found queries	complete	270
572	2026-04-30T19:00:06.392368	cycle start_time queries_executed items_processed domains_analyzed convergence_signals confidence_scores symbols_found queries	complete	270
205	2026-04-30T19:00:10.799970	cycle start_time queries_executed items_processed domains_analyzed convergence_signals confidence_scores symbols_found queries	complete	270
502	2026-04-30T19:00:45.911584	cycle start_time queries_executed items_processed domains_analyzed convergence_signals confidence_scores symbols_found queries	complete	270
512	2026-04-30T19:00:49.050502	cycle start_time queries_executed items_processed domains_analyzed convergence_signals confidence_scores symbols_found queries	complete	270
573	2026-04-30T19:01:06.413369	cycle start_time queries_executed items_processed domains_analyzed convergence_signals confidence_scores symbols_found queries	complete	270
2026-04-30T19:01:07.723493	68	30	complete	2040
206	2026-04-30T19:01:11.769334	cycle start_time queries_executed items_processed domains_analyzed convergence_signals confidence_scores symbols_found queries	complete	270
503	2026-04-30T19:01:45.939119	cycle start_time queries_executed items_processed domains_analyzed convergence_signals confidence_scores symbols_found queries	complete	270
513	2026-04-30T19:01:49.071618	cycle start_time queries_executed items_processed domains_analyzed convergence_signals confidence_scores symbols_found queries	complete	270
574	2026-04-30T19:02:06.426047	cycle start_time queries_executed items_processed domains_analyzed convergence_signals confidence_scores symbols_found queries	complete	270
207	2026-04-30T19:02:11.795711	cycle start_time queries_executed items_processed domains_analyzed convergence_signals confidence_scores symbols_found queries	complete	270
504	2026-04-30T19:02:45.964462	cycle start_time queries_executed items_processed domains_analyzed convergence_signals confidence_scores symbols_found queries	complete	270
514	2026-04-30T19:02:49.087766	cycle start_time queries_executed items_processed domains_analyzed convergence_signals confidence_scores symbols_found queries	complete	270
575	2026-04-30T19:03:06.439657	cycle start_time queries_executed items_processed domains_analyzed convergence_signals confidence_scores symbols_found queries	complete	270
208	2026-04-30T19:03:11.824872	cycle start_time queries_executed items_processed domains_analyzed convergence_signals confidence_scores symbols_found queries	complete	270
505	2026-04-30T19:03:45.984674	cycle start_time queries_executed items_processed domains_analyzed convergence_signals confidence_scores symbols_found queries	complete	270
515	2026-04-30T19:03:49.107247	cycle start_time queries_executed items_processed domains_analyzed convergence_signals confidence_scores symbols_found queries	complete	270
576	2026-04-30T19:04:06.450264	cycle start_time queries_executed items_processed domains_analyzed convergence_signals confidence_scores symbols_found queries	complete	270
209	2026-04-30T19:04:11.853425	cycle start_time queries_executed items_processed domains_analyzed convergence_signals confidence_scores symbols_found queries	complete	270
506	2026-04-30T19:04:46.007892	cycle start_time queries_executed items_processed domains_analyzed convergence_signals confidence_scores symbols_found queries	complete	270
516	2026-04-30T19:04:49.120002	cycle start_time queries_executed items_processed domains_analyzed convergence_signals confidence_scores symbols_found queries	complete	270
577	2026-04-30T19:05:06.463392	cycle start_time queries_executed items_processed domains_analyzed convergence_signals confidence_scores symbols_found queries	complete	270
210	2026-04-30T19:05:11.876917	cycle start_time queries_executed items_processed domains_analyzed convergence_signals confidence_scores symbols_found queries	complete	270
507	2026-04-30T19:05:46.032888	cycle start_time queries_executed items_processed domains_analyzed convergence_signals confidence_scores symbols_found queries	complete	270
517	2026-04-30T19:05:49.131619	cycle start_time queries_executed items_processed domains_analyzed convergence_signals confidence_scores symbols_found queries	complete	270
578	2026-04-30T19:06:06.483781	cycle start_time queries_executed items_processed domains_analyzed convergence_signals confidence_scores symbols_found queries	complete	270
211	2026-04-30T19:06:13.886983	cycle start_time queries_executed items_processed domains_analyzed convergence_signals confidence_scores symbols_found queries	complete	270
508	2026-04-30T19:06:46.048338	cycle start_time queries_executed items_processed domains_analyzed convergence_signals confidence_scores symbols_found queries	complete	270
518	2026-04-30T19:06:49.151179	cycle start_time queries_executed items_processed domains_analyzed convergence_signals confidence_scores symbols_found queries	complete	270
579	2026-04-30T19:07:06.508445	cycle start_time queries_executed items_processed domains_analyzed convergence_signals confidence_scores symbols_found queries	complete	270
212	2026-04-30T19:07:14.335134	cycle start_time queries_executed items_processed domains_analyzed convergence_signals confidence_scores symbols_found queries	complete	270
509	2026-04-30T19:07:46.065374	cycle start_time queries_executed items_processed domains_analyzed convergence_signals confidence_scores symbols_found queries	complete	270
519	2026-04-30T19:07:49.176486	cycle start_time queries_executed items_processed domains_analyzed convergence_signals confidence_scores symbols_found queries	complete	270
580	2026-04-30T19:08:06.531386	cycle start_time queries_executed items_processed domains_analyzed convergence_signals confidence_scores symbols_found queries	complete	270
213	2026-04-30T19:08:14.434910	cycle start_time queries_executed items_processed domains_analyzed convergence_signals confidence_scores symbols_found queries	complete	270
510	2026-04-30T19:08:46.083976	cycle start_time queries_executed items_processed domains_analyzed convergence_signals confidence_scores symbols_found queries	complete	270
520	2026-04-30T19:08:49.201353	cycle start_time queries_executed items_processed domains_analyzed convergence_signals confidence_scores symbols_found queries	complete	270
581	2026-04-30T19:09:06.551189	cycle start_time queries_executed items_processed domains_analyzed convergence_signals confidence_scores symbols_found queries	complete	270
214	2026-04-30T19:09:14.574553	cycle start_time queries_executed items_processed domains_analyzed convergence_signals confidence_scores symbols_found queries	complete	270
511	2026-04-30T19:09:46.130880	cycle start_time queries_executed items_processed domains_analyzed convergence_signals confidence_scores symbols_found queries	complete	270
521	2026-04-30T19:09:49.221742	cycle start_time queries_executed items_processed domains_analyzed convergence_signals confidence_scores symbols_found queries	complete	270
582	2026-04-30T19:10:06.569727	cycle start_time queries_executed items_processed domains_analyzed convergence_signals confidence_scores symbols_found queries	complete	270
215	2026-04-30T19:10:14.598691	cycle start_time queries_executed items_processed domains_analyzed convergence_signals confidence_scores symbols_found queries	complete	270
512	2026-04-30T19:10:46.152967	cycle start_time queries_executed items_processed domains_analyzed convergence_signals confidence_scores symbols_found queries	complete	270
522	2026-04-30T19:10:49.232845	cycle start_time queries_executed items_processed domains_analyzed convergence_signals confidence_scores symbols_found queries	complete	270
583	2026-04-30T19:11:06.627868	cycle start_time queries_executed items_processed domains_analyzed convergence_signals confidence_scores symbols_found queries	complete	270
2026-04-30T19:11:08.037350	69	30	complete	2070
216	2026-04-30T19:11:14.623505	cycle start_time queries_executed items_processed domains_analyzed convergence_signals confidence_scores symbols_found queries	complete	270
513	2026-04-30T19:11:46.170437	cycle start_time queries_executed items_processed domains_analyzed convergence_signals confidence_scores symbols_found queries	complete	270
523	2026-04-30T19:11:49.248749	cycle start_time queries_executed items_processed domains_analyzed convergence_signals confidence_scores symbols_found queries	complete	270
584	2026-04-30T19:12:06.654592	cycle start_time queries_executed items_processed domains_analyzed convergence_signals confidence_scores symbols_found queries	complete	270
217	2026-04-30T19:12:14.647833	cycle start_time queries_executed items_processed domains_analyzed convergence_signals confidence_scores symbols_found queries	complete	270
514	2026-04-30T19:12:46.196439	cycle start_time queries_executed items_processed domains_analyzed convergence_signals confidence_scores symbols_found queries	complete	270
524	2026-04-30T19:12:49.276779	cycle start_time queries_executed items_processed domains_analyzed convergence_signals confidence_scores symbols_found queries	complete	270
585	2026-04-30T19:13:06.674116	cycle start_time queries_executed items_processed domains_analyzed convergence_signals confidence_scores symbols_found queries	complete	270
218	2026-04-30T19:13:14.674265	cycle start_time queries_executed items_processed domains_analyzed convergence_signals confidence_scores symbols_found queries	complete	270
515	2026-04-30T19:13:46.221280	cycle start_time queries_executed items_processed domains_analyzed convergence_signals confidence_scores symbols_found queries	complete	270
525	2026-04-30T19:13:49.301063	cycle start_time queries_executed items_processed domains_analyzed convergence_signals confidence_scores symbols_found queries	complete	270
586	2026-04-30T19:14:06.691881	cycle start_time queries_executed items_processed domains_analyzed convergence_signals confidence_scores symbols_found queries	complete	270
219	2026-04-30T19:14:14.704716	cycle start_time queries_executed items_processed domains_analyzed convergence_signals confidence_scores symbols_found queries	complete	270
516	2026-04-30T19:14:46.242104	cycle start_time queries_executed items_processed domains_analyzed convergence_signals confidence_scores symbols_found queries	complete	270
526	2026-04-30T19:14:49.322754	cycle start_time queries_executed items_processed domains_analyzed convergence_signals confidence_scores symbols_found queries	complete	270
587	2026-04-30T19:15:06.711282	cycle start_time queries_executed items_processed domains_analyzed convergence_signals confidence_scores symbols_found queries	complete	270
220	2026-04-30T19:15:14.723143	cycle start_time queries_executed items_processed domains_analyzed convergence_signals confidence_scores symbols_found queries	complete	270
517	2026-04-30T19:15:46.264564	cycle start_time queries_executed items_processed domains_analyzed convergence_signals confidence_scores symbols_found queries	complete	270
527	2026-04-30T19:15:49.336436	cycle start_time queries_executed items_processed domains_analyzed convergence_signals confidence_scores symbols_found queries	complete	270
588	2026-04-30T19:16:06.728216	cycle start_time queries_executed items_processed domains_analyzed convergence_signals confidence_scores symbols_found queries	complete	270
221	2026-04-30T19:16:17.514298	cycle start_time queries_executed items_processed domains_analyzed convergence_signals confidence_scores symbols_found queries	complete	270
518	2026-04-30T19:16:46.354522	cycle start_time queries_executed items_processed domains_analyzed convergence_signals confidence_scores symbols_found queries	complete	270
528	2026-04-30T19:16:49.355447	cycle start_time queries_executed items_processed domains_analyzed convergence_signals confidence_scores symbols_found queries	complete	270
589	2026-04-30T19:17:06.835960	cycle start_time queries_executed items_processed domains_analyzed convergence_signals confidence_scores symbols_found queries	complete	270
222	2026-04-30T19:17:17.530919	cycle start_time queries_executed items_processed domains_analyzed convergence_signals confidence_scores symbols_found queries	complete	270
519	2026-04-30T19:17:46.860247	cycle start_time queries_executed items_processed domains_analyzed convergence_signals confidence_scores symbols_found queries	complete	270
529	2026-04-30T19:17:49.379430	cycle start_time queries_executed items_processed domains_analyzed convergence_signals confidence_scores symbols_found queries	complete	270
590	2026-04-30T19:18:06.852200	cycle start_time queries_executed items_processed domains_analyzed convergence_signals confidence_scores symbols_found queries	complete	270
223	2026-04-30T19:18:18.890922	cycle start_time queries_executed items_processed domains_analyzed convergence_signals confidence_scores symbols_found queries	complete	270
520	2026-04-30T19:18:46.936383	cycle start_time queries_executed items_processed domains_analyzed convergence_signals confidence_scores symbols_found queries	complete	270
530	2026-04-30T19:18:49.427199	cycle start_time queries_executed items_processed domains_analyzed convergence_signals confidence_scores symbols_found queries	complete	270
591	2026-04-30T19:19:06.876221	cycle start_time queries_executed items_processed domains_analyzed convergence_signals confidence_scores symbols_found queries	complete	270
224	2026-04-30T19:19:18.928314	cycle start_time queries_executed items_processed domains_analyzed convergence_signals confidence_scores symbols_found queries	complete	270
521	2026-04-30T19:19:46.954033	cycle start_time queries_executed items_processed domains_analyzed convergence_signals confidence_scores symbols_found queries	complete	270
531	2026-04-30T19:19:49.450365	cycle start_time queries_executed items_processed domains_analyzed convergence_signals confidence_scores symbols_found queries	complete	270
592	2026-04-30T19:20:06.888956	cycle start_time queries_executed items_processed domains_analyzed convergence_signals confidence_scores symbols_found queries	complete	270
225	2026-04-30T19:20:18.963181	cycle start_time queries_executed items_processed domains_analyzed convergence_signals confidence_scores symbols_found queries	complete	270
522	2026-04-30T19:20:46.972342	cycle start_time queries_executed items_processed domains_analyzed convergence_signals confidence_scores symbols_found queries	complete	270
532	2026-04-30T19:20:49.475041	cycle start_time queries_executed items_processed domains_analyzed convergence_signals confidence_scores symbols_found queries	complete	270
593	2026-04-30T19:21:06.921223	cycle start_time queries_executed items_processed domains_analyzed convergence_signals confidence_scores symbols_found queries	complete	270
2026-04-30T19:21:08.407480	70	30	complete	2100
226	2026-04-30T19:21:19.007684	cycle start_time queries_executed items_processed domains_analyzed convergence_signals confidence_scores symbols_found queries	complete	270
523	2026-04-30T19:21:47.018391	cycle start_time queries_executed items_processed domains_analyzed convergence_signals confidence_scores symbols_found queries	complete	270
533	2026-04-30T19:21:49.489819	cycle start_time queries_executed items_processed domains_analyzed convergence_signals confidence_scores symbols_found queries	complete	270
594	2026-04-30T19:22:06.956967	cycle start_time queries_executed items_processed domains_analyzed convergence_signals confidence_scores symbols_found queries	complete	270
227	2026-04-30T19:22:19.059823	cycle start_time queries_executed items_processed domains_analyzed convergence_signals confidence_scores symbols_found queries	complete	270
524	2026-04-30T19:22:47.044109	cycle start_time queries_executed items_processed domains_analyzed convergence_signals confidence_scores symbols_found queries	complete	270
534	2026-04-30T19:22:49.516760	cycle start_time queries_executed items_processed domains_analyzed convergence_signals confidence_scores symbols_found queries	complete	270
595	2026-04-30T19:23:07.008757	cycle start_time queries_executed items_processed domains_analyzed convergence_signals confidence_scores symbols_found queries	complete	270
228	2026-04-30T19:23:19.091416	cycle start_time queries_executed items_processed domains_analyzed convergence_signals confidence_scores symbols_found queries	complete	270
525	2026-04-30T19:23:47.116346	cycle start_time queries_executed items_processed domains_analyzed convergence_signals confidence_scores symbols_found queries	complete	270
535	2026-04-30T19:23:49.533343	cycle start_time queries_executed items_processed domains_analyzed convergence_signals confidence_scores symbols_found queries	complete	270
596	2026-04-30T19:24:07.035211	cycle start_time queries_executed items_processed domains_analyzed convergence_signals confidence_scores symbols_found queries	complete	270
229	2026-04-30T19:24:19.128662	cycle start_time queries_executed items_processed domains_analyzed convergence_signals confidence_scores symbols_found queries	complete	270
526	2026-04-30T19:24:47.185580	cycle start_time queries_executed items_processed domains_analyzed convergence_signals confidence_scores symbols_found queries	complete	270
536	2026-04-30T19:24:49.553441	cycle start_time queries_executed items_processed domains_analyzed convergence_signals confidence_scores symbols_found queries	complete	270
597	2026-04-30T19:25:07.061694	cycle start_time queries_executed items_processed domains_analyzed convergence_signals confidence_scores symbols_found queries	complete	270
230	2026-04-30T19:25:20.208728	cycle start_time queries_executed items_processed domains_analyzed convergence_signals confidence_scores symbols_found queries	complete	270
527	2026-04-30T19:25:47.241149	cycle start_time queries_executed items_processed domains_analyzed convergence_signals confidence_scores symbols_found queries	complete	270
537	2026-04-30T19:25:49.579601	cycle start_time queries_executed items_processed domains_analyzed convergence_signals confidence_scores symbols_found queries	complete	270
598	2026-04-30T19:26:07.117921	cycle start_time queries_executed items_processed domains_analyzed convergence_signals confidence_scores symbols_found queries	complete	270
231	2026-04-30T19:26:20.246356	cycle start_time queries_executed items_processed domains_analyzed convergence_signals confidence_scores symbols_found queries	complete	270
528	2026-04-30T19:26:47.287748	cycle start_time queries_executed items_processed domains_analyzed convergence_signals confidence_scores symbols_found queries	complete	270
538	2026-04-30T19:26:49.597111	cycle start_time queries_executed items_processed domains_analyzed convergence_signals confidence_scores symbols_found queries	complete	270
599	2026-04-30T19:27:07.141461	cycle start_time queries_executed items_processed domains_analyzed convergence_signals confidence_scores symbols_found queries	complete	270
232	2026-04-30T19:27:21.189712	cycle start_time queries_executed items_processed domains_analyzed convergence_signals confidence_scores symbols_found queries	complete	270
529	2026-04-30T19:27:47.318782	cycle start_time queries_executed items_processed domains_analyzed convergence_signals confidence_scores symbols_found queries	complete	270
539	2026-04-30T19:27:49.622460	cycle start_time queries_executed items_processed domains_analyzed convergence_signals confidence_scores symbols_found queries	complete	270
600	2026-04-30T19:28:07.168261	cycle start_time queries_executed items_processed domains_analyzed convergence_signals confidence_scores symbols_found queries	complete	270
233	2026-04-30T19:28:21.247192	cycle start_time queries_executed items_processed domains_analyzed convergence_signals confidence_scores symbols_found queries	complete	270
530	2026-04-30T19:28:47.374319	cycle start_time queries_executed items_processed domains_analyzed convergence_signals confidence_scores symbols_found queries	complete	270
540	2026-04-30T19:28:49.639520	cycle start_time queries_executed items_processed domains_analyzed convergence_signals confidence_scores symbols_found queries	complete	270
601	2026-04-30T19:29:07.196456	cycle start_time queries_executed items_processed domains_analyzed convergence_signals confidence_scores symbols_found queries	complete	270
234	2026-04-30T19:29:21.289814	cycle start_time queries_executed items_processed domains_analyzed convergence_signals confidence_scores symbols_found queries	complete	270
531	2026-04-30T19:29:48.309182	cycle start_time queries_executed items_processed domains_analyzed convergence_signals confidence_scores symbols_found queries	complete	270
541	2026-04-30T19:29:49.650620	cycle start_time queries_executed items_processed domains_analyzed convergence_signals confidence_scores symbols_found queries	complete	270
602	2026-04-30T19:30:07.222027	cycle start_time queries_executed items_processed domains_analyzed convergence_signals confidence_scores symbols_found queries	complete	270
235	2026-04-30T19:30:23.885736	cycle start_time queries_executed items_processed domains_analyzed convergence_signals confidence_scores symbols_found queries	complete	270
532	2026-04-30T19:30:48.406223	cycle start_time queries_executed items_processed domains_analyzed convergence_signals confidence_scores symbols_found queries	complete	270
542	2026-04-30T19:30:49.666003	cycle start_time queries_executed items_processed domains_analyzed convergence_signals confidence_scores symbols_found queries	complete	270
603	2026-04-30T19:31:07.246481	cycle start_time queries_executed items_processed domains_analyzed convergence_signals confidence_scores symbols_found queries	complete	270
2026-04-30T19:31:08.915875	71	30	complete	2130
236	2026-04-30T19:31:23.910720	cycle start_time queries_executed items_processed domains_analyzed convergence_signals confidence_scores symbols_found queries	complete	270
533	2026-04-30T19:31:48.439694	cycle start_time queries_executed items_processed domains_analyzed convergence_signals confidence_scores symbols_found queries	complete	270
543	2026-04-30T19:31:49.689027	cycle start_time queries_executed items_processed domains_analyzed convergence_signals confidence_scores symbols_found queries	complete	270
604	2026-04-30T19:32:07.259330	cycle start_time queries_executed items_processed domains_analyzed convergence_signals confidence_scores symbols_found queries	complete	270
237	2026-04-30T19:32:24.142626	cycle start_time queries_executed items_processed domains_analyzed convergence_signals confidence_scores symbols_found queries	complete	270
534	2026-04-30T19:32:48.468416	cycle start_time queries_executed items_processed domains_analyzed convergence_signals confidence_scores symbols_found queries	complete	270
544	2026-04-30T19:32:49.704560	cycle start_time queries_executed items_processed domains_analyzed convergence_signals confidence_scores symbols_found queries	complete	270
605	2026-04-30T19:33:07.283216	cycle start_time queries_executed items_processed domains_analyzed convergence_signals confidence_scores symbols_found queries	complete	270
238	2026-04-30T19:33:24.168769	cycle start_time queries_executed items_processed domains_analyzed convergence_signals confidence_scores symbols_found queries	complete	270
535	2026-04-30T19:33:48.488585	cycle start_time queries_executed items_processed domains_analyzed convergence_signals confidence_scores symbols_found queries	complete	270
545	2026-04-30T19:33:49.726234	cycle start_time queries_executed items_processed domains_analyzed convergence_signals confidence_scores symbols_found queries	complete	270
606	2026-04-30T19:34:07.305775	cycle start_time queries_executed items_processed domains_analyzed convergence_signals confidence_scores symbols_found queries	complete	270
239	2026-04-30T19:34:24.307958	cycle start_time queries_executed items_processed domains_analyzed convergence_signals confidence_scores symbols_found queries	complete	270
546	2026-04-30T19:34:49.748176	cycle start_time queries_executed items_processed domains_analyzed convergence_signals confidence_scores symbols_found queries	complete	270
536	2026-04-30T19:34:50.494855	cycle start_time queries_executed items_processed domains_analyzed convergence_signals confidence_scores symbols_found queries	complete	270
607	2026-04-30T19:35:07.322083	cycle start_time queries_executed items_processed domains_analyzed convergence_signals confidence_scores symbols_found queries	complete	270
240	2026-04-30T19:35:24.339874	cycle start_time queries_executed items_processed domains_analyzed convergence_signals confidence_scores symbols_found queries	complete	270
547	2026-04-30T19:35:49.773893	cycle start_time queries_executed items_processed domains_analyzed convergence_signals confidence_scores symbols_found queries	complete	270
537	2026-04-30T19:35:50.523441	cycle start_time queries_executed items_processed domains_analyzed convergence_signals confidence_scores symbols_found queries	complete	270
608	2026-04-30T19:36:07.365183	cycle start_time queries_executed items_processed domains_analyzed convergence_signals confidence_scores symbols_found queries	complete	270
241	2026-04-30T19:36:24.360099	cycle start_time queries_executed items_processed domains_analyzed convergence_signals confidence_scores symbols_found queries	complete	270
548	2026-04-30T19:36:49.799025	cycle start_time queries_executed items_processed domains_analyzed convergence_signals confidence_scores symbols_found queries	complete	270
538	2026-04-30T19:36:50.539949	cycle start_time queries_executed items_processed domains_analyzed convergence_signals confidence_scores symbols_found queries	complete	270
609	2026-04-30T19:37:07.385107	cycle start_time queries_executed items_processed domains_analyzed convergence_signals confidence_scores symbols_found queries	complete	270
242	2026-04-30T19:37:25.990558	cycle start_time queries_executed items_processed domains_analyzed convergence_signals confidence_scores symbols_found queries	complete	270
549	2026-04-30T19:37:49.838466	cycle start_time queries_executed items_processed domains_analyzed convergence_signals confidence_scores symbols_found queries	complete	270
539	2026-04-30T19:37:50.573059	cycle start_time queries_executed items_processed domains_analyzed convergence_signals confidence_scores symbols_found queries	complete	270
610	2026-04-30T19:38:07.398588	cycle start_time queries_executed items_processed domains_analyzed convergence_signals confidence_scores symbols_found queries	complete	270
243	2026-04-30T19:38:26.013010	cycle start_time queries_executed items_processed domains_analyzed convergence_signals confidence_scores symbols_found queries	complete	270
550	2026-04-30T19:38:49.855299	cycle start_time queries_executed items_processed domains_analyzed convergence_signals confidence_scores symbols_found queries	complete	270
540	2026-04-30T19:38:50.683091	cycle start_time queries_executed items_processed domains_analyzed convergence_signals confidence_scores symbols_found queries	complete	270
611	2026-04-30T19:39:07.422487	cycle start_time queries_executed items_processed domains_analyzed convergence_signals confidence_scores symbols_found queries	complete	270
244	2026-04-30T19:39:26.049427	cycle start_time queries_executed items_processed domains_analyzed convergence_signals confidence_scores symbols_found queries	complete	270
551	2026-04-30T19:39:49.868457	cycle start_time queries_executed items_processed domains_analyzed convergence_signals confidence_scores symbols_found queries	complete	270
541	2026-04-30T19:39:50.798342	cycle start_time queries_executed items_processed domains_analyzed convergence_signals confidence_scores symbols_found queries	complete	270
612	2026-04-30T19:40:07.475976	cycle start_time queries_executed items_processed domains_analyzed convergence_signals confidence_scores symbols_found queries	complete	270
245	2026-04-30T19:40:26.151376	cycle start_time queries_executed items_processed domains_analyzed convergence_signals confidence_scores symbols_found queries	complete	270
552	2026-04-30T19:40:49.895854	cycle start_time queries_executed items_processed domains_analyzed convergence_signals confidence_scores symbols_found queries	complete	270
542	2026-04-30T19:40:50.823013	cycle start_time queries_executed items_processed domains_analyzed convergence_signals confidence_scores symbols_found queries	complete	270
613	2026-04-30T19:41:07.512353	cycle start_time queries_executed items_processed domains_analyzed convergence_signals confidence_scores symbols_found queries	complete	270
2026-04-30T19:41:09.283431	72	30	complete	2160
246	2026-04-30T19:41:26.182117	cycle start_time queries_executed items_processed domains_analyzed convergence_signals confidence_scores symbols_found queries	complete	270
553	2026-04-30T19:41:49.919562	cycle start_time queries_executed items_processed domains_analyzed convergence_signals confidence_scores symbols_found queries	complete	270
543	2026-04-30T19:41:52.059562	cycle start_time queries_executed items_processed domains_analyzed convergence_signals confidence_scores symbols_found queries	complete	270
614	2026-04-30T19:42:07.528469	cycle start_time queries_executed items_processed domains_analyzed convergence_signals confidence_scores symbols_found queries	complete	270
247	2026-04-30T19:42:26.201584	cycle start_time queries_executed items_processed domains_analyzed convergence_signals confidence_scores symbols_found queries	complete	270
554	2026-04-30T19:42:49.941438	cycle start_time queries_executed items_processed domains_analyzed convergence_signals confidence_scores symbols_found queries	complete	270
544	2026-04-30T19:42:52.136548	cycle start_time queries_executed items_processed domains_analyzed convergence_signals confidence_scores symbols_found queries	complete	270
615	2026-04-30T19:43:07.547758	cycle start_time queries_executed items_processed domains_analyzed convergence_signals confidence_scores symbols_found queries	complete	270
248	2026-04-30T19:43:26.220625	cycle start_time queries_executed items_processed domains_analyzed convergence_signals confidence_scores symbols_found queries	complete	270
555	2026-04-30T19:43:49.958584	cycle start_time queries_executed items_processed domains_analyzed convergence_signals confidence_scores symbols_found queries	complete	270
545	2026-04-30T19:43:52.171982	cycle start_time queries_executed items_processed domains_analyzed convergence_signals confidence_scores symbols_found queries	complete	270
1	2026-04-30T19:44:03.978069	cycle start_time queries_executed items_processed domains_analyzed convergence_signals confidence_scores symbols_found queries	complete	270
616	2026-04-30T19:44:07.562678	cycle start_time queries_executed items_processed domains_analyzed convergence_signals confidence_scores symbols_found queries	complete	270
249	2026-04-30T19:44:26.237443	cycle start_time queries_executed items_processed domains_analyzed convergence_signals confidence_scores symbols_found queries	complete	270
556	2026-04-30T19:44:49.982296	cycle start_time queries_executed items_processed domains_analyzed convergence_signals confidence_scores symbols_found queries	complete	270
546	2026-04-30T19:44:52.190662	cycle start_time queries_executed items_processed domains_analyzed convergence_signals confidence_scores symbols_found queries	complete	270
2	2026-04-30T19:45:04.002307	cycle start_time queries_executed items_processed domains_analyzed convergence_signals confidence_scores symbols_found queries	complete	270
617	2026-04-30T19:45:07.579953	cycle start_time queries_executed items_processed domains_analyzed convergence_signals confidence_scores symbols_found queries	complete	270
250	2026-04-30T19:45:26.268849	cycle start_time queries_executed items_processed domains_analyzed convergence_signals confidence_scores symbols_found queries	complete	270
557	2026-04-30T19:45:50.020141	cycle start_time queries_executed items_processed domains_analyzed convergence_signals confidence_scores symbols_found queries	complete	270
547	2026-04-30T19:45:52.208533	cycle start_time queries_executed items_processed domains_analyzed convergence_signals confidence_scores symbols_found queries	complete	270
3	2026-04-30T19:46:04.032046	cycle start_time queries_executed items_processed domains_analyzed convergence_signals confidence_scores symbols_found queries	complete	270
618	2026-04-30T19:46:07.607717	cycle start_time queries_executed items_processed domains_analyzed convergence_signals confidence_scores symbols_found queries	complete	270
251	2026-04-30T19:46:26.372121	cycle start_time queries_executed items_processed domains_analyzed convergence_signals confidence_scores symbols_found queries	complete	270
558	2026-04-30T19:46:50.048448	cycle start_time queries_executed items_processed domains_analyzed convergence_signals confidence_scores symbols_found queries	complete	270
548	2026-04-30T19:46:52.719664	cycle start_time queries_executed items_processed domains_analyzed convergence_signals confidence_scores symbols_found queries	complete	270
4	2026-04-30T19:47:04.060534	cycle start_time queries_executed items_processed domains_analyzed convergence_signals confidence_scores symbols_found queries	complete	270
619	2026-04-30T19:47:07.628141	cycle start_time queries_executed items_processed domains_analyzed convergence_signals confidence_scores symbols_found queries	complete	270
252	2026-04-30T19:47:26.409397	cycle start_time queries_executed items_processed domains_analyzed convergence_signals confidence_scores symbols_found queries	complete	270
559	2026-04-30T19:47:50.074843	cycle start_time queries_executed items_processed domains_analyzed convergence_signals confidence_scores symbols_found queries	complete	270
549	2026-04-30T19:47:52.772479	cycle start_time queries_executed items_processed domains_analyzed convergence_signals confidence_scores symbols_found queries	complete	270
5	2026-04-30T19:48:04.092043	cycle start_time queries_executed items_processed domains_analyzed convergence_signals confidence_scores symbols_found queries	complete	270
620	2026-04-30T19:48:07.669975	cycle start_time queries_executed items_processed domains_analyzed convergence_signals confidence_scores symbols_found queries	complete	270
253	2026-04-30T19:48:26.453999	cycle start_time queries_executed items_processed domains_analyzed convergence_signals confidence_scores symbols_found queries	complete	270
560	2026-04-30T19:48:50.110382	cycle start_time queries_executed items_processed domains_analyzed convergence_signals confidence_scores symbols_found queries	complete	270
550	2026-04-30T19:48:52.829383	cycle start_time queries_executed items_processed domains_analyzed convergence_signals confidence_scores symbols_found queries	complete	270
6	2026-04-30T19:49:04.125542	cycle start_time queries_executed items_processed domains_analyzed convergence_signals confidence_scores symbols_found queries	complete	270
621	2026-04-30T19:49:07.691457	cycle start_time queries_executed items_processed domains_analyzed convergence_signals confidence_scores symbols_found queries	complete	270
254	2026-04-30T19:49:26.473503	cycle start_time queries_executed items_processed domains_analyzed convergence_signals confidence_scores symbols_found queries	complete	270
561	2026-04-30T19:49:50.137054	cycle start_time queries_executed items_processed domains_analyzed convergence_signals confidence_scores symbols_found queries	complete	270
551	2026-04-30T19:49:52.937146	cycle start_time queries_executed items_processed domains_analyzed convergence_signals confidence_scores symbols_found queries	complete	270
7	2026-04-30T19:50:04.151487	cycle start_time queries_executed items_processed domains_analyzed convergence_signals confidence_scores symbols_found queries	complete	270
622	2026-04-30T19:50:07.722992	cycle start_time queries_executed items_processed domains_analyzed convergence_signals confidence_scores symbols_found queries	complete	270
255	2026-04-30T19:50:26.572221	cycle start_time queries_executed items_processed domains_analyzed convergence_signals confidence_scores symbols_found queries	complete	270
562	2026-04-30T19:50:50.157611	cycle start_time queries_executed items_processed domains_analyzed convergence_signals confidence_scores symbols_found queries	complete	270
552	2026-04-30T19:50:52.963076	cycle start_time queries_executed items_processed domains_analyzed convergence_signals confidence_scores symbols_found queries	complete	270
8	2026-04-30T19:51:04.167898	cycle start_time queries_executed items_processed domains_analyzed convergence_signals confidence_scores symbols_found queries	complete	270
623	2026-04-30T19:51:07.761888	cycle start_time queries_executed items_processed domains_analyzed convergence_signals confidence_scores symbols_found queries	complete	270
2026-04-30T19:51:09.744470	73	30	complete	2190
256	2026-04-30T19:51:26.972402	cycle start_time queries_executed items_processed domains_analyzed convergence_signals confidence_scores symbols_found queries	complete	270
563	2026-04-30T19:51:50.175884	cycle start_time queries_executed items_processed domains_analyzed convergence_signals confidence_scores symbols_found queries	complete	270
553	2026-04-30T19:51:52.979712	cycle start_time queries_executed items_processed domains_analyzed convergence_signals confidence_scores symbols_found queries	complete	270
9	2026-04-30T19:52:04.188096	cycle start_time queries_executed items_processed domains_analyzed convergence_signals confidence_scores symbols_found queries	complete	270
624	2026-04-30T19:52:07.792980	cycle start_time queries_executed items_processed domains_analyzed convergence_signals confidence_scores symbols_found queries	complete	270
257	2026-04-30T19:52:27.280015	cycle start_time queries_executed items_processed domains_analyzed convergence_signals confidence_scores symbols_found queries	complete	270
564	2026-04-30T19:52:50.193423	cycle start_time queries_executed items_processed domains_analyzed convergence_signals confidence_scores symbols_found queries	complete	270
554	2026-04-30T19:52:53.297773	cycle start_time queries_executed items_processed domains_analyzed convergence_signals confidence_scores symbols_found queries	complete	270
10	2026-04-30T19:53:04.203741	cycle start_time queries_executed items_processed domains_analyzed convergence_signals confidence_scores symbols_found queries	complete	270
625	2026-04-30T19:53:07.819781	cycle start_time queries_executed items_processed domains_analyzed convergence_signals confidence_scores symbols_found queries	complete	270
258	2026-04-30T19:53:27.314399	cycle start_time queries_executed items_processed domains_analyzed convergence_signals confidence_scores symbols_found queries	complete	270
565	2026-04-30T19:53:50.209456	cycle start_time queries_executed items_processed domains_analyzed convergence_signals confidence_scores symbols_found queries	complete	270
555	2026-04-30T19:53:53.328886	cycle start_time queries_executed items_processed domains_analyzed convergence_signals confidence_scores symbols_found queries	complete	270
11	2026-04-30T19:54:04.222489	cycle start_time queries_executed items_processed domains_analyzed convergence_signals confidence_scores symbols_found queries	complete	270
626	2026-04-30T19:54:07.843278	cycle start_time queries_executed items_processed domains_analyzed convergence_signals confidence_scores symbols_found queries	complete	270
259	2026-04-30T19:54:27.335065	cycle start_time queries_executed items_processed domains_analyzed convergence_signals confidence_scores symbols_found queries	complete	270
566	2026-04-30T19:54:50.225102	cycle start_time queries_executed items_processed domains_analyzed convergence_signals confidence_scores symbols_found queries	complete	270
556	2026-04-30T19:54:53.354695	cycle start_time queries_executed items_processed domains_analyzed convergence_signals confidence_scores symbols_found queries	complete	270
12	2026-04-30T19:55:04.267087	cycle start_time queries_executed items_processed domains_analyzed convergence_signals confidence_scores symbols_found queries	complete	270
627	2026-04-30T19:55:07.859141	cycle start_time queries_executed items_processed domains_analyzed convergence_signals confidence_scores symbols_found queries	complete	270
260	2026-04-30T19:55:28.613551	cycle start_time queries_executed items_processed domains_analyzed convergence_signals confidence_scores symbols_found queries	complete	270
567	2026-04-30T19:55:50.248730	cycle start_time queries_executed items_processed domains_analyzed convergence_signals confidence_scores symbols_found queries	complete	270
557	2026-04-30T19:55:53.707464	cycle start_time queries_executed items_processed domains_analyzed convergence_signals confidence_scores symbols_found queries	complete	270
13	2026-04-30T19:56:04.282813	cycle start_time queries_executed items_processed domains_analyzed convergence_signals confidence_scores symbols_found queries	complete	270
628	2026-04-30T19:56:07.879591	cycle start_time queries_executed items_processed domains_analyzed convergence_signals confidence_scores symbols_found queries	complete	270
261	2026-04-30T19:56:28.635710	cycle start_time queries_executed items_processed domains_analyzed convergence_signals confidence_scores symbols_found queries	complete	270
568	2026-04-30T19:56:50.261523	cycle start_time queries_executed items_processed domains_analyzed convergence_signals confidence_scores symbols_found queries	complete	270
558	2026-04-30T19:56:55.623062	cycle start_time queries_executed items_processed domains_analyzed convergence_signals confidence_scores symbols_found queries	complete	270
14	2026-04-30T19:57:04.759900	cycle start_time queries_executed items_processed domains_analyzed convergence_signals confidence_scores symbols_found queries	complete	270
629	2026-04-30T19:57:07.903534	cycle start_time queries_executed items_processed domains_analyzed convergence_signals confidence_scores symbols_found queries	complete	270
262	2026-04-30T19:57:28.987829	cycle start_time queries_executed items_processed domains_analyzed convergence_signals confidence_scores symbols_found queries	complete	270
569	2026-04-30T19:57:50.289331	cycle start_time queries_executed items_processed domains_analyzed convergence_signals confidence_scores symbols_found queries	complete	270
559	2026-04-30T19:57:55.794941	cycle start_time queries_executed items_processed domains_analyzed convergence_signals confidence_scores symbols_found queries	complete	270
15	2026-04-30T19:58:04.801795	cycle start_time queries_executed items_processed domains_analyzed convergence_signals confidence_scores symbols_found queries	complete	270
630	2026-04-30T19:58:07.926306	cycle start_time queries_executed items_processed domains_analyzed convergence_signals confidence_scores symbols_found queries	complete	270
263	2026-04-30T19:58:29.074609	cycle start_time queries_executed items_processed domains_analyzed convergence_signals confidence_scores symbols_found queries	complete	270
570	2026-04-30T19:58:50.319978	cycle start_time queries_executed items_processed domains_analyzed convergence_signals confidence_scores symbols_found queries	complete	270
560	2026-04-30T19:58:55.836669	cycle start_time queries_executed items_processed domains_analyzed convergence_signals confidence_scores symbols_found queries	complete	270
16	2026-04-30T19:59:04.817430	cycle start_time queries_executed items_processed domains_analyzed convergence_signals confidence_scores symbols_found queries	complete	270
631	2026-04-30T19:59:07.953496	cycle start_time queries_executed items_processed domains_analyzed convergence_signals confidence_scores symbols_found queries	complete	270
264	2026-04-30T19:59:29.109162	cycle start_time queries_executed items_processed domains_analyzed convergence_signals confidence_scores symbols_found queries	complete	270
571	2026-04-30T19:59:50.340153	cycle start_time queries_executed items_processed domains_analyzed convergence_signals confidence_scores symbols_found queries	complete	270
561	2026-04-30T19:59:55.862966	cycle start_time queries_executed items_processed domains_analyzed convergence_signals confidence_scores symbols_found queries	complete	270
17	2026-04-30T20:00:04.857752	cycle start_time queries_executed items_processed domains_analyzed convergence_signals confidence_scores symbols_found queries	complete	270
632	2026-04-30T20:00:07.990402	cycle start_time queries_executed items_processed domains_analyzed convergence_signals confidence_scores symbols_found queries	complete	270
265	2026-04-30T20:00:29.141934	cycle start_time queries_executed items_processed domains_analyzed convergence_signals confidence_scores symbols_found queries	complete	270
572	2026-04-30T20:00:50.356884	cycle start_time queries_executed items_processed domains_analyzed convergence_signals confidence_scores symbols_found queries	complete	270
562	2026-04-30T20:00:55.887894	cycle start_time queries_executed items_processed domains_analyzed convergence_signals confidence_scores symbols_found queries	complete	270
18	2026-04-30T20:01:04.892089	cycle start_time queries_executed items_processed domains_analyzed convergence_signals confidence_scores symbols_found queries	complete	270
633	2026-04-30T20:01:08.009237	cycle start_time queries_executed items_processed domains_analyzed convergence_signals confidence_scores symbols_found queries	complete	270
2026-04-30T20:01:10.101547	74	30	complete	2220
266	2026-04-30T20:01:29.172075	cycle start_time queries_executed items_processed domains_analyzed convergence_signals confidence_scores symbols_found queries	complete	270
573	2026-04-30T20:01:50.369569	cycle start_time queries_executed items_processed domains_analyzed convergence_signals confidence_scores symbols_found queries	complete	270
563	2026-04-30T20:01:55.904824	cycle start_time queries_executed items_processed domains_analyzed convergence_signals confidence_scores symbols_found queries	complete	270
19	2026-04-30T20:02:04.919030	cycle start_time queries_executed items_processed domains_analyzed convergence_signals confidence_scores symbols_found queries	complete	270
634	2026-04-30T20:02:08.021987	cycle start_time queries_executed items_processed domains_analyzed convergence_signals confidence_scores symbols_found queries	complete	270
267	2026-04-30T20:02:29.195345	cycle start_time queries_executed items_processed domains_analyzed convergence_signals confidence_scores symbols_found queries	complete	270
574	2026-04-30T20:02:50.381328	cycle start_time queries_executed items_processed domains_analyzed convergence_signals confidence_scores symbols_found queries	complete	270
564	2026-04-30T20:02:55.934097	cycle start_time queries_executed items_processed domains_analyzed convergence_signals confidence_scores symbols_found queries	complete	270
20	2026-04-30T20:03:04.945844	cycle start_time queries_executed items_processed domains_analyzed convergence_signals confidence_scores symbols_found queries	complete	270
635	2026-04-30T20:03:08.034313	cycle start_time queries_executed items_processed domains_analyzed convergence_signals confidence_scores symbols_found queries	complete	270
268	2026-04-30T20:03:29.214135	cycle start_time queries_executed items_processed domains_analyzed convergence_signals confidence_scores symbols_found queries	complete	270
575	2026-04-30T20:03:50.401473	cycle start_time queries_executed items_processed domains_analyzed convergence_signals confidence_scores symbols_found queries	complete	270
565	2026-04-30T20:03:55.952453	cycle start_time queries_executed items_processed domains_analyzed convergence_signals confidence_scores symbols_found queries	complete	270
21	2026-04-30T20:04:04.969151	cycle start_time queries_executed items_processed domains_analyzed convergence_signals confidence_scores symbols_found queries	complete	270
636	2026-04-30T20:04:08.061889	cycle start_time queries_executed items_processed domains_analyzed convergence_signals confidence_scores symbols_found queries	complete	270
269	2026-04-30T20:04:29.245901	cycle start_time queries_executed items_processed domains_analyzed convergence_signals confidence_scores symbols_found queries	complete	270
576	2026-04-30T20:04:50.491005	cycle start_time queries_executed items_processed domains_analyzed convergence_signals confidence_scores symbols_found queries	complete	270
566	2026-04-30T20:04:56.009273	cycle start_time queries_executed items_processed domains_analyzed convergence_signals confidence_scores symbols_found queries	complete	270
22	2026-04-30T20:05:05.002800	cycle start_time queries_executed items_processed domains_analyzed convergence_signals confidence_scores symbols_found queries	complete	270
637	2026-04-30T20:05:08.106969	cycle start_time queries_executed items_processed domains_analyzed convergence_signals confidence_scores symbols_found queries	complete	270
270	2026-04-30T20:05:29.268930	cycle start_time queries_executed items_processed domains_analyzed convergence_signals confidence_scores symbols_found queries	complete	270
577	2026-04-30T20:05:50.504999	cycle start_time queries_executed items_processed domains_analyzed convergence_signals confidence_scores symbols_found queries	complete	270
567	2026-04-30T20:05:56.034246	cycle start_time queries_executed items_processed domains_analyzed convergence_signals confidence_scores symbols_found queries	complete	270
23	2026-04-30T20:06:05.019216	cycle start_time queries_executed items_processed domains_analyzed convergence_signals confidence_scores symbols_found queries	complete	270
638	2026-04-30T20:06:08.124341	cycle start_time queries_executed items_processed domains_analyzed convergence_signals confidence_scores symbols_found queries	complete	270
271	2026-04-30T20:06:29.293585	cycle start_time queries_executed items_processed domains_analyzed convergence_signals confidence_scores symbols_found queries	complete	270
578	2026-04-30T20:06:50.546576	cycle start_time queries_executed items_processed domains_analyzed convergence_signals confidence_scores symbols_found queries	complete	270
568	2026-04-30T20:06:56.065056	cycle start_time queries_executed items_processed domains_analyzed convergence_signals confidence_scores symbols_found queries	complete	270
24	2026-04-30T20:07:05.182975	cycle start_time queries_executed items_processed domains_analyzed convergence_signals confidence_scores symbols_found queries	complete	270
639	2026-04-30T20:07:08.178607	cycle start_time queries_executed items_processed domains_analyzed convergence_signals confidence_scores symbols_found queries	complete	270
272	2026-04-30T20:07:29.342816	cycle start_time queries_executed items_processed domains_analyzed convergence_signals confidence_scores symbols_found queries	complete	270
579	2026-04-30T20:07:50.562552	cycle start_time queries_executed items_processed domains_analyzed convergence_signals confidence_scores symbols_found queries	complete	270
569	2026-04-30T20:07:56.116053	cycle start_time queries_executed items_processed domains_analyzed convergence_signals confidence_scores symbols_found queries	complete	270
25	2026-04-30T20:08:05.219124	cycle start_time queries_executed items_processed domains_analyzed convergence_signals confidence_scores symbols_found queries	complete	270
640	2026-04-30T20:08:08.200905	cycle start_time queries_executed items_processed domains_analyzed convergence_signals confidence_scores symbols_found queries	complete	270
273	2026-04-30T20:08:29.389133	cycle start_time queries_executed items_processed domains_analyzed convergence_signals confidence_scores symbols_found queries	complete	270
580	2026-04-30T20:08:50.577744	cycle start_time queries_executed items_processed domains_analyzed convergence_signals confidence_scores symbols_found queries	complete	270
570	2026-04-30T20:08:56.151002	cycle start_time queries_executed items_processed domains_analyzed convergence_signals confidence_scores symbols_found queries	complete	270
26	2026-04-30T20:09:05.248016	cycle start_time queries_executed items_processed domains_analyzed convergence_signals confidence_scores symbols_found queries	complete	270
641	2026-04-30T20:09:08.216006	cycle start_time queries_executed items_processed domains_analyzed convergence_signals confidence_scores symbols_found queries	complete	270
274	2026-04-30T20:09:29.418037	cycle start_time queries_executed items_processed domains_analyzed convergence_signals confidence_scores symbols_found queries	complete	270
581	2026-04-30T20:09:50.622482	cycle start_time queries_executed items_processed domains_analyzed convergence_signals confidence_scores symbols_found queries	complete	270
571	2026-04-30T20:09:56.218649	cycle start_time queries_executed items_processed domains_analyzed convergence_signals confidence_scores symbols_found queries	complete	270
27	2026-04-30T20:10:06.014408	cycle start_time queries_executed items_processed domains_analyzed convergence_signals confidence_scores symbols_found queries	complete	270
642	2026-04-30T20:10:08.258888	cycle start_time queries_executed items_processed domains_analyzed convergence_signals confidence_scores symbols_found queries	complete	270
275	2026-04-30T20:10:29.457504	cycle start_time queries_executed items_processed domains_analyzed convergence_signals confidence_scores symbols_found queries	complete	270
582	2026-04-30T20:10:50.643890	cycle start_time queries_executed items_processed domains_analyzed convergence_signals confidence_scores symbols_found queries	complete	270
572	2026-04-30T20:10:56.253312	cycle start_time queries_executed items_processed domains_analyzed convergence_signals confidence_scores symbols_found queries	complete	270
28	2026-04-30T20:11:06.047907	cycle start_time queries_executed items_processed domains_analyzed convergence_signals confidence_scores symbols_found queries	complete	270
643	2026-04-30T20:11:08.305830	cycle start_time queries_executed items_processed domains_analyzed convergence_signals confidence_scores symbols_found queries	complete	270
2026-04-30T20:11:10.503362	75	30	complete	2250
276	2026-04-30T20:11:31.686307	cycle start_time queries_executed items_processed domains_analyzed convergence_signals confidence_scores symbols_found queries	complete	270
583	2026-04-30T20:11:50.666484	cycle start_time queries_executed items_processed domains_analyzed convergence_signals confidence_scores symbols_found queries	complete	270
573	2026-04-30T20:11:56.276427	cycle start_time queries_executed items_processed domains_analyzed convergence_signals confidence_scores symbols_found queries	complete	270
29	2026-04-30T20:12:06.592201	cycle start_time queries_executed items_processed domains_analyzed convergence_signals confidence_scores symbols_found queries	complete	270
644	2026-04-30T20:12:08.364004	cycle start_time queries_executed items_processed domains_analyzed convergence_signals confidence_scores symbols_found queries	complete	270
277	2026-04-30T20:12:31.715749	cycle start_time queries_executed items_processed domains_analyzed convergence_signals confidence_scores symbols_found queries	complete	270
584	2026-04-30T20:12:50.693452	cycle start_time queries_executed items_processed domains_analyzed convergence_signals confidence_scores symbols_found queries	complete	270
574	2026-04-30T20:12:56.335051	cycle start_time queries_executed items_processed domains_analyzed convergence_signals confidence_scores symbols_found queries	complete	270
1	2026-05-01T05:57:22.146898	cycle start_time queries_executed items_processed domains_analyzed convergence_signals confidence_scores symbols_found queries	complete	270
2	2026-05-01T05:58:22.230232	cycle start_time queries_executed items_processed domains_analyzed convergence_signals confidence_scores symbols_found queries	complete	270
3	2026-05-01T05:59:22.324836	cycle start_time queries_executed items_processed domains_analyzed convergence_signals confidence_scores symbols_found queries	complete	270
4	2026-05-01T06:00:22.400519	cycle start_time queries_executed items_processed domains_analyzed convergence_signals confidence_scores symbols_found queries	complete	270
5	2026-05-01T06:01:22.484336	cycle start_time queries_executed items_processed domains_analyzed convergence_signals confidence_scores symbols_found queries	complete	270
6	2026-05-01T06:02:22.568379	cycle start_time queries_executed items_processed domains_analyzed convergence_signals confidence_scores symbols_found queries	complete	270
7	2026-05-01T06:03:22.649510	cycle start_time queries_executed items_processed domains_analyzed convergence_signals confidence_scores symbols_found queries	complete	270
8	2026-05-01T06:04:22.730590	cycle start_time queries_executed items_processed domains_analyzed convergence_signals confidence_scores symbols_found queries	complete	270
9	2026-05-01T06:05:22.815695	cycle start_time queries_executed items_processed domains_analyzed convergence_signals confidence_scores symbols_found queries	complete	270
10	2026-05-01T06:06:22.902283	cycle start_time queries_executed items_processed domains_analyzed convergence_signals confidence_scores symbols_found queries	complete	270
11	2026-05-01T06:07:22.986923	cycle start_time queries_executed items_processed domains_analyzed convergence_signals confidence_scores symbols_found queries	complete	270
12	2026-05-01T06:08:23.088386	cycle start_time queries_executed items_processed domains_analyzed convergence_signals confidence_scores symbols_found queries	complete	270
13	2026-05-01T06:09:23.197636	cycle start_time queries_executed items_processed domains_analyzed convergence_signals confidence_scores symbols_found queries	complete	270
14	2026-05-01T06:10:23.275088	cycle start_time queries_executed items_processed domains_analyzed convergence_signals confidence_scores symbols_found queries	complete	270
15	2026-05-01T06:11:23.312874	cycle start_time queries_executed items_processed domains_analyzed convergence_signals confidence_scores symbols_found queries	complete	270
1	2026-05-01T06:29:12.292704	cycle start_time queries_executed items_processed domains_analyzed convergence_signals confidence_scores symbols_found queries	complete	270
1	2026-05-01T06:51:03.006994	cycle start_time queries_executed items_processed domains_analyzed convergence_signals confidence_scores symbols_found queries	complete	270
2	2026-05-01T06:52:03.344922	cycle start_time queries_executed items_processed domains_analyzed convergence_signals confidence_scores symbols_found queries	complete	270
3	2026-05-01T06:53:03.426100	cycle start_time queries_executed items_processed domains_analyzed convergence_signals confidence_scores symbols_found queries	complete	270
4	2026-05-01T06:54:03.510317	cycle start_time queries_executed items_processed domains_analyzed convergence_signals confidence_scores symbols_found queries	complete	270
5	2026-05-01T06:55:03.591597	cycle start_time queries_executed items_processed domains_analyzed convergence_signals confidence_scores symbols_found queries	complete	270
6	2026-05-01T06:56:03.672184	cycle start_time queries_executed items_processed domains_analyzed convergence_signals confidence_scores symbols_found queries	complete	270
7	2026-05-01T06:57:03.754063	cycle start_time queries_executed items_processed domains_analyzed convergence_signals confidence_scores symbols_found queries	complete	270
8	2026-05-01T06:58:03.835887	cycle start_time queries_executed items_processed domains_analyzed convergence_signals confidence_scores symbols_found queries	complete	270
9	2026-05-01T06:59:03.919516	cycle start_time queries_executed items_processed domains_analyzed convergence_signals confidence_scores symbols_found queries	complete	270
10	2026-05-01T07:00:04.002503	cycle start_time queries_executed items_processed domains_analyzed convergence_signals confidence_scores symbols_found queries	complete	270
11	2026-05-01T07:01:04.083673	cycle start_time queries_executed items_processed domains_analyzed convergence_signals confidence_scores symbols_found queries	complete	270
12	2026-05-01T07:02:04.556837	cycle start_time queries_executed items_processed domains_analyzed convergence_signals confidence_scores symbols_found queries	complete	270
13	2026-05-01T07:03:04.641831	cycle start_time queries_executed items_processed domains_analyzed convergence_signals confidence_scores symbols_found queries	complete	270
14	2026-05-01T07:04:04.721790	cycle start_time queries_executed items_processed domains_analyzed convergence_signals confidence_scores symbols_found queries	complete	270
15	2026-05-01T07:05:04.801373	cycle start_time queries_executed items_processed domains_analyzed convergence_signals confidence_scores symbols_found queries	complete	270
16	2026-05-01T07:06:04.878847	cycle start_time queries_executed items_processed domains_analyzed convergence_signals confidence_scores symbols_found queries	complete	270
17	2026-05-01T07:07:04.959396	cycle start_time queries_executed items_processed domains_analyzed convergence_signals confidence_scores symbols_found queries	complete	270
18	2026-05-01T07:08:05.037449	cycle start_time queries_executed items_processed domains_analyzed convergence_signals confidence_scores symbols_found queries	complete	270
19	2026-05-01T07:09:05.870350	cycle start_time queries_executed items_processed domains_analyzed convergence_signals confidence_scores symbols_found queries	complete	270
20	2026-05-01T07:10:06.157579	cycle start_time queries_executed items_processed domains_analyzed convergence_signals confidence_scores symbols_found queries	complete	270
21	2026-05-01T07:11:06.400781	cycle start_time queries_executed items_processed domains_analyzed convergence_signals confidence_scores symbols_found queries	complete	270
22	2026-05-01T07:12:06.479064	cycle start_time queries_executed items_processed domains_analyzed convergence_signals confidence_scores symbols_found queries	complete	270
23	2026-05-01T07:13:06.563063	cycle start_time queries_executed items_processed domains_analyzed convergence_signals confidence_scores symbols_found queries	complete	270
24	2026-05-01T07:14:06.664622	cycle start_time queries_executed items_processed domains_analyzed convergence_signals confidence_scores symbols_found queries	complete	270
25	2026-05-01T07:15:06.743703	cycle start_time queries_executed items_processed domains_analyzed convergence_signals confidence_scores symbols_found queries	complete	270
26	2026-05-01T07:16:06.833683	cycle start_time queries_executed items_processed domains_analyzed convergence_signals confidence_scores symbols_found queries	complete	270
27	2026-05-01T07:17:06.924352	cycle start_time queries_executed items_processed domains_analyzed convergence_signals confidence_scores symbols_found queries	complete	270
28	2026-05-01T07:18:07.000068	cycle start_time queries_executed items_processed domains_analyzed convergence_signals confidence_scores symbols_found queries	complete	270
29	2026-05-01T07:19:07.095008	cycle start_time queries_executed items_processed domains_analyzed convergence_signals confidence_scores symbols_found queries	complete	270
30	2026-05-01T07:20:07.191176	cycle start_time queries_executed items_processed domains_analyzed convergence_signals confidence_scores symbols_found queries	complete	270
31	2026-05-01T07:21:07.276465	cycle start_time queries_executed items_processed domains_analyzed convergence_signals confidence_scores symbols_found queries	complete	270
32	2026-05-01T07:22:07.360670	cycle start_time queries_executed items_processed domains_analyzed convergence_signals confidence_scores symbols_found queries	complete	270
33	2026-05-01T07:23:07.445630	cycle start_time queries_executed items_processed domains_analyzed convergence_signals confidence_scores symbols_found queries	complete	270
34	2026-05-01T07:24:07.823700	cycle start_time queries_executed items_processed domains_analyzed convergence_signals confidence_scores symbols_found queries	complete	270
35	2026-05-01T07:25:07.921059	cycle start_time queries_executed items_processed domains_analyzed convergence_signals confidence_scores symbols_found queries	complete	270
36	2026-05-01T07:26:08.013337	cycle start_time queries_executed items_processed domains_analyzed convergence_signals confidence_scores symbols_found queries	complete	270
37	2026-05-01T07:27:08.302588	cycle start_time queries_executed items_processed domains_analyzed convergence_signals confidence_scores symbols_found queries	complete	270
38	2026-05-01T07:28:08.318865	cycle start_time queries_executed items_processed domains_analyzed convergence_signals confidence_scores symbols_found queries	complete	270
39	2026-05-01T07:29:08.372055	cycle start_time queries_executed items_processed domains_analyzed convergence_signals confidence_scores symbols_found queries	complete	270
40	2026-05-01T07:30:08.456318	cycle start_time queries_executed items_processed domains_analyzed convergence_signals confidence_scores symbols_found queries	complete	270
41	2026-05-01T07:31:08.536515	cycle start_time queries_executed items_processed domains_analyzed convergence_signals confidence_scores symbols_found queries	complete	270
42	2026-05-01T07:32:08.618248	cycle start_time queries_executed items_processed domains_analyzed convergence_signals confidence_scores symbols_found queries	complete	270
43	2026-05-01T07:33:08.729900	cycle start_time queries_executed items_processed domains_analyzed convergence_signals confidence_scores symbols_found queries	complete	270
44	2026-05-01T07:34:08.780744	cycle start_time queries_executed items_processed domains_analyzed convergence_signals confidence_scores symbols_found queries	complete	270
45	2026-05-01T07:35:09.460926	cycle start_time queries_executed items_processed domains_analyzed convergence_signals confidence_scores symbols_found queries	complete	270
46	2026-05-01T07:36:09.550798	cycle start_time queries_executed items_processed domains_analyzed convergence_signals confidence_scores symbols_found queries	complete	270
47	2026-05-01T07:37:09.633128	cycle start_time queries_executed items_processed domains_analyzed convergence_signals confidence_scores symbols_found queries	complete	270
1	2026-05-01T07:37:51.242565	cycle start_time queries_executed items_processed domains_analyzed convergence_signals confidence_scores symbols_found queries	complete	270
48	2026-05-01T07:38:09.713448	cycle start_time queries_executed items_processed domains_analyzed convergence_signals confidence_scores symbols_found queries	complete	270
2	2026-05-01T07:38:51.334548	cycle start_time queries_executed items_processed domains_analyzed convergence_signals confidence_scores symbols_found queries	complete	270
49	2026-05-01T07:39:09.807073	cycle start_time queries_executed items_processed domains_analyzed convergence_signals confidence_scores symbols_found queries	complete	270
3	2026-05-01T07:39:51.455788	cycle start_time queries_executed items_processed domains_analyzed convergence_signals confidence_scores symbols_found queries	complete	270
50	2026-05-01T07:40:09.920198	cycle start_time queries_executed items_processed domains_analyzed convergence_signals confidence_scores symbols_found queries	complete	270
4	2026-05-01T07:40:51.535002	cycle start_time queries_executed items_processed domains_analyzed convergence_signals confidence_scores symbols_found queries	complete	270
51	2026-05-01T07:41:10.016633	cycle start_time queries_executed items_processed domains_analyzed convergence_signals confidence_scores symbols_found queries	complete	270
5	2026-05-01T07:41:51.617826	cycle start_time queries_executed items_processed domains_analyzed convergence_signals confidence_scores symbols_found queries	complete	270
52	2026-05-01T07:42:10.101024	cycle start_time queries_executed items_processed domains_analyzed convergence_signals confidence_scores symbols_found queries	complete	270
6	2026-05-01T07:42:51.703304	cycle start_time queries_executed items_processed domains_analyzed convergence_signals confidence_scores symbols_found queries	complete	270
53	2026-05-01T07:43:10.182494	cycle start_time queries_executed items_processed domains_analyzed convergence_signals confidence_scores symbols_found queries	complete	270
7	2026-05-01T07:43:51.813473	cycle start_time queries_executed items_processed domains_analyzed convergence_signals confidence_scores symbols_found queries	complete	270
54	2026-05-01T07:44:10.266777	cycle start_time queries_executed items_processed domains_analyzed convergence_signals confidence_scores symbols_found queries	complete	270
8	2026-05-01T07:44:51.994599	cycle start_time queries_executed items_processed domains_analyzed convergence_signals confidence_scores symbols_found queries	complete	270
55	2026-05-01T07:45:10.918889	cycle start_time queries_executed items_processed domains_analyzed convergence_signals confidence_scores symbols_found queries	complete	270
9	2026-05-01T07:45:52.071533	cycle start_time queries_executed items_processed domains_analyzed convergence_signals confidence_scores symbols_found queries	complete	270
56	2026-05-01T07:46:10.992628	cycle start_time queries_executed items_processed domains_analyzed convergence_signals confidence_scores symbols_found queries	complete	270
10	2026-05-01T07:46:52.151817	cycle start_time queries_executed items_processed domains_analyzed convergence_signals confidence_scores symbols_found queries	complete	270
57	2026-05-01T07:47:11.080663	cycle start_time queries_executed items_processed domains_analyzed convergence_signals confidence_scores symbols_found queries	complete	270
11	2026-05-01T07:47:52.260748	cycle start_time queries_executed items_processed domains_analyzed convergence_signals confidence_scores symbols_found queries	complete	270
58	2026-05-01T07:48:11.092990	cycle start_time queries_executed items_processed domains_analyzed convergence_signals confidence_scores symbols_found queries	complete	270
12	2026-05-01T07:48:52.355493	cycle start_time queries_executed items_processed domains_analyzed convergence_signals confidence_scores symbols_found queries	complete	270
1	2026-05-01T07:48:57.309626	cycle start_time queries_executed items_processed domains_analyzed convergence_signals confidence_scores symbols_found queries	complete	270
59	2026-05-01T07:49:11.193927	cycle start_time queries_executed items_processed domains_analyzed convergence_signals confidence_scores symbols_found queries	complete	270
13	2026-05-01T07:49:52.450952	cycle start_time queries_executed items_processed domains_analyzed convergence_signals confidence_scores symbols_found queries	complete	270
2	2026-05-01T07:49:57.407345	cycle start_time queries_executed items_processed domains_analyzed convergence_signals confidence_scores symbols_found queries	complete	270
60	2026-05-01T07:50:11.284537	cycle start_time queries_executed items_processed domains_analyzed convergence_signals confidence_scores symbols_found queries	complete	270
14	2026-05-01T07:50:52.537978	cycle start_time queries_executed items_processed domains_analyzed convergence_signals confidence_scores symbols_found queries	complete	270
3	2026-05-01T07:50:57.487995	cycle start_time queries_executed items_processed domains_analyzed convergence_signals confidence_scores symbols_found queries	complete	270
61	2026-05-01T07:51:11.367469	cycle start_time queries_executed items_processed domains_analyzed convergence_signals confidence_scores symbols_found queries	complete	270
15	2026-05-01T07:51:52.589004	cycle start_time queries_executed items_processed domains_analyzed convergence_signals confidence_scores symbols_found queries	complete	270
4	2026-05-01T07:51:57.567599	cycle start_time queries_executed items_processed domains_analyzed convergence_signals confidence_scores symbols_found queries	complete	270
62	2026-05-01T07:52:11.478937	cycle start_time queries_executed items_processed domains_analyzed convergence_signals confidence_scores symbols_found queries	complete	270
16	2026-05-01T07:52:52.673408	cycle start_time queries_executed items_processed domains_analyzed convergence_signals confidence_scores symbols_found queries	complete	270
5	2026-05-01T07:52:57.679189	cycle start_time queries_executed items_processed domains_analyzed convergence_signals confidence_scores symbols_found queries	complete	270
63	2026-05-01T07:53:11.584418	cycle start_time queries_executed items_processed domains_analyzed convergence_signals confidence_scores symbols_found queries	complete	270
17	2026-05-01T07:53:52.757912	cycle start_time queries_executed items_processed domains_analyzed convergence_signals confidence_scores symbols_found queries	complete	270
6	2026-05-01T07:53:57.774967	cycle start_time queries_executed items_processed domains_analyzed convergence_signals confidence_scores symbols_found queries	complete	270
64	2026-05-01T07:54:11.673719	cycle start_time queries_executed items_processed domains_analyzed convergence_signals confidence_scores symbols_found queries	complete	270
18	2026-05-01T07:54:52.842165	cycle start_time queries_executed items_processed domains_analyzed convergence_signals confidence_scores symbols_found queries	complete	270
7	2026-05-01T07:54:57.863792	cycle start_time queries_executed items_processed domains_analyzed convergence_signals confidence_scores symbols_found queries	complete	270
65	2026-05-01T07:55:11.754877	cycle start_time queries_executed items_processed domains_analyzed convergence_signals confidence_scores symbols_found queries	complete	270
19	2026-05-01T07:55:52.934525	cycle start_time queries_executed items_processed domains_analyzed convergence_signals confidence_scores symbols_found queries	complete	270
8	2026-05-01T07:55:57.947419	cycle start_time queries_executed items_processed domains_analyzed convergence_signals confidence_scores symbols_found queries	complete	270
66	2026-05-01T07:56:11.842744	cycle start_time queries_executed items_processed domains_analyzed convergence_signals confidence_scores symbols_found queries	complete	270
20	2026-05-01T07:56:53.019873	cycle start_time queries_executed items_processed domains_analyzed convergence_signals confidence_scores symbols_found queries	complete	270
9	2026-05-01T07:56:58.034345	cycle start_time queries_executed items_processed domains_analyzed convergence_signals confidence_scores symbols_found queries	complete	270
67	2026-05-01T07:57:11.926107	cycle start_time queries_executed items_processed domains_analyzed convergence_signals confidence_scores symbols_found queries	complete	270
21	2026-05-01T07:57:53.106667	cycle start_time queries_executed items_processed domains_analyzed convergence_signals confidence_scores symbols_found queries	complete	270
10	2026-05-01T07:57:58.060371	cycle start_time queries_executed items_processed domains_analyzed convergence_signals confidence_scores symbols_found queries	complete	270
68	2026-05-01T07:58:12.008740	cycle start_time queries_executed items_processed domains_analyzed convergence_signals confidence_scores symbols_found queries	complete	270
22	2026-05-01T07:58:53.240149	cycle start_time queries_executed items_processed domains_analyzed convergence_signals confidence_scores symbols_found queries	complete	270
11	2026-05-01T07:58:58.148206	cycle start_time queries_executed items_processed domains_analyzed convergence_signals confidence_scores symbols_found queries	complete	270
69	2026-05-01T07:59:12.104871	cycle start_time queries_executed items_processed domains_analyzed convergence_signals confidence_scores symbols_found queries	complete	270
23	2026-05-01T07:59:53.323748	cycle start_time queries_executed items_processed domains_analyzed convergence_signals confidence_scores symbols_found queries	complete	270
12	2026-05-01T07:59:58.229065	cycle start_time queries_executed items_processed domains_analyzed convergence_signals confidence_scores symbols_found queries	complete	270
70	2026-05-01T08:00:12.184650	cycle start_time queries_executed items_processed domains_analyzed convergence_signals confidence_scores symbols_found queries	complete	270
24	2026-05-01T08:00:53.395526	cycle start_time queries_executed items_processed domains_analyzed convergence_signals confidence_scores symbols_found queries	complete	270
13	2026-05-01T08:00:58.301166	cycle start_time queries_executed items_processed domains_analyzed convergence_signals confidence_scores symbols_found queries	complete	270
71	2026-05-01T08:01:12.266572	cycle start_time queries_executed items_processed domains_analyzed convergence_signals confidence_scores symbols_found queries	complete	270
25	2026-05-01T08:01:53.471210	cycle start_time queries_executed items_processed domains_analyzed convergence_signals confidence_scores symbols_found queries	complete	270
14	2026-05-01T08:01:58.382108	cycle start_time queries_executed items_processed domains_analyzed convergence_signals confidence_scores symbols_found queries	complete	270
72	2026-05-01T08:02:12.320978	cycle start_time queries_executed items_processed domains_analyzed convergence_signals confidence_scores symbols_found queries	complete	270
26	2026-05-01T08:02:53.551771	cycle start_time queries_executed items_processed domains_analyzed convergence_signals confidence_scores symbols_found queries	complete	270
15	2026-05-01T08:02:58.458100	cycle start_time queries_executed items_processed domains_analyzed convergence_signals confidence_scores symbols_found queries	complete	270
73	2026-05-01T08:03:12.397927	cycle start_time queries_executed items_processed domains_analyzed convergence_signals confidence_scores symbols_found queries	complete	270
27	2026-05-01T08:03:53.635169	cycle start_time queries_executed items_processed domains_analyzed convergence_signals confidence_scores symbols_found queries	complete	270
16	2026-05-01T08:03:58.537478	cycle start_time queries_executed items_processed domains_analyzed convergence_signals confidence_scores symbols_found queries	complete	270
74	2026-05-01T08:04:12.496898	cycle start_time queries_executed items_processed domains_analyzed convergence_signals confidence_scores symbols_found queries	complete	270
28	2026-05-01T08:04:53.725041	cycle start_time queries_executed items_processed domains_analyzed convergence_signals confidence_scores symbols_found queries	complete	270
17	2026-05-01T08:04:58.614604	cycle start_time queries_executed items_processed domains_analyzed convergence_signals confidence_scores symbols_found queries	complete	270
75	2026-05-01T08:05:12.646402	cycle start_time queries_executed items_processed domains_analyzed convergence_signals confidence_scores symbols_found queries	complete	270
29	2026-05-01T08:05:53.812729	cycle start_time queries_executed items_processed domains_analyzed convergence_signals confidence_scores symbols_found queries	complete	270
18	2026-05-01T08:05:58.692876	cycle start_time queries_executed items_processed domains_analyzed convergence_signals confidence_scores symbols_found queries	complete	270
76	2026-05-01T08:06:12.746106	cycle start_time queries_executed items_processed domains_analyzed convergence_signals confidence_scores symbols_found queries	complete	270
30	2026-05-01T08:06:53.888082	cycle start_time queries_executed items_processed domains_analyzed convergence_signals confidence_scores symbols_found queries	complete	270
19	2026-05-01T08:06:58.771233	cycle start_time queries_executed items_processed domains_analyzed convergence_signals confidence_scores symbols_found queries	complete	270
77	2026-05-01T08:07:12.862130	cycle start_time queries_executed items_processed domains_analyzed convergence_signals confidence_scores symbols_found queries	complete	270
31	2026-05-01T08:07:53.972212	cycle start_time queries_executed items_processed domains_analyzed convergence_signals confidence_scores symbols_found queries	complete	270
20	2026-05-01T08:07:58.853081	cycle start_time queries_executed items_processed domains_analyzed convergence_signals confidence_scores symbols_found queries	complete	270
78	2026-05-01T08:08:12.957897	cycle start_time queries_executed items_processed domains_analyzed convergence_signals confidence_scores symbols_found queries	complete	270
32	2026-05-01T08:08:54.087752	cycle start_time queries_executed items_processed domains_analyzed convergence_signals confidence_scores symbols_found queries	complete	270
21	2026-05-01T08:08:58.941005	cycle start_time queries_executed items_processed domains_analyzed convergence_signals confidence_scores symbols_found queries	complete	270
79	2026-05-01T08:09:13.043401	cycle start_time queries_executed items_processed domains_analyzed convergence_signals confidence_scores symbols_found queries	complete	270
33	2026-05-01T08:09:54.168463	cycle start_time queries_executed items_processed domains_analyzed convergence_signals confidence_scores symbols_found queries	complete	270
22	2026-05-01T08:09:59.021005	cycle start_time queries_executed items_processed domains_analyzed convergence_signals confidence_scores symbols_found queries	complete	270
80	2026-05-01T08:10:13.145029	cycle start_time queries_executed items_processed domains_analyzed convergence_signals confidence_scores symbols_found queries	complete	270
34	2026-05-01T08:10:54.273531	cycle start_time queries_executed items_processed domains_analyzed convergence_signals confidence_scores symbols_found queries	complete	270
23	2026-05-01T08:10:59.104055	cycle start_time queries_executed items_processed domains_analyzed convergence_signals confidence_scores symbols_found queries	complete	270
81	2026-05-01T08:11:13.226593	cycle start_time queries_executed items_processed domains_analyzed convergence_signals confidence_scores symbols_found queries	complete	270
35	2026-05-01T08:11:54.352537	cycle start_time queries_executed items_processed domains_analyzed convergence_signals confidence_scores symbols_found queries	complete	270
24	2026-05-01T08:11:59.188082	cycle start_time queries_executed items_processed domains_analyzed convergence_signals confidence_scores symbols_found queries	complete	270
82	2026-05-01T08:12:13.307110	cycle start_time queries_executed items_processed domains_analyzed convergence_signals confidence_scores symbols_found queries	complete	270
36	2026-05-01T08:12:54.730586	cycle start_time queries_executed items_processed domains_analyzed convergence_signals confidence_scores symbols_found queries	complete	270
25	2026-05-01T08:12:59.272219	cycle start_time queries_executed items_processed domains_analyzed convergence_signals confidence_scores symbols_found queries	complete	270
83	2026-05-01T08:13:13.386806	cycle start_time queries_executed items_processed domains_analyzed convergence_signals confidence_scores symbols_found queries	complete	270
37	2026-05-01T08:13:54.810554	cycle start_time queries_executed items_processed domains_analyzed convergence_signals confidence_scores symbols_found queries	complete	270
26	2026-05-01T08:13:59.375375	cycle start_time queries_executed items_processed domains_analyzed convergence_signals confidence_scores symbols_found queries	complete	270
84	2026-05-01T08:14:13.475482	cycle start_time queries_executed items_processed domains_analyzed convergence_signals confidence_scores symbols_found queries	complete	270
38	2026-05-01T08:14:54.862270	cycle start_time queries_executed items_processed domains_analyzed convergence_signals confidence_scores symbols_found queries	complete	270
27	2026-05-01T08:14:59.437814	cycle start_time queries_executed items_processed domains_analyzed convergence_signals confidence_scores symbols_found queries	complete	270
85	2026-05-01T08:15:13.533642	cycle start_time queries_executed items_processed domains_analyzed convergence_signals confidence_scores symbols_found queries	complete	270
39	2026-05-01T08:15:54.879958	cycle start_time queries_executed items_processed domains_analyzed convergence_signals confidence_scores symbols_found queries	complete	270
28	2026-05-01T08:15:59.491948	cycle start_time queries_executed items_processed domains_analyzed convergence_signals confidence_scores symbols_found queries	complete	270
86	2026-05-01T08:16:13.584978	cycle start_time queries_executed items_processed domains_analyzed convergence_signals confidence_scores symbols_found queries	complete	270
40	2026-05-01T08:16:54.942982	cycle start_time queries_executed items_processed domains_analyzed convergence_signals confidence_scores symbols_found queries	complete	270
29	2026-05-01T08:16:59.541908	cycle start_time queries_executed items_processed domains_analyzed convergence_signals confidence_scores symbols_found queries	complete	270
87	2026-05-01T08:17:13.638334	cycle start_time queries_executed items_processed domains_analyzed convergence_signals confidence_scores symbols_found queries	complete	270
41	2026-05-01T08:17:54.994987	cycle start_time queries_executed items_processed domains_analyzed convergence_signals confidence_scores symbols_found queries	complete	270
30	2026-05-01T08:17:59.622946	cycle start_time queries_executed items_processed domains_analyzed convergence_signals confidence_scores symbols_found queries	complete	270
88	2026-05-01T08:18:13.692249	cycle start_time queries_executed items_processed domains_analyzed convergence_signals confidence_scores symbols_found queries	complete	270
42	2026-05-01T08:18:55.048000	cycle start_time queries_executed items_processed domains_analyzed convergence_signals confidence_scores symbols_found queries	complete	270
31	2026-05-01T08:18:59.681839	cycle start_time queries_executed items_processed domains_analyzed convergence_signals confidence_scores symbols_found queries	complete	270
89	2026-05-01T08:19:13.742953	cycle start_time queries_executed items_processed domains_analyzed convergence_signals confidence_scores symbols_found queries	complete	270
43	2026-05-01T08:19:55.099423	cycle start_time queries_executed items_processed domains_analyzed convergence_signals confidence_scores symbols_found queries	complete	270
32	2026-05-01T08:19:59.737864	cycle start_time queries_executed items_processed domains_analyzed convergence_signals confidence_scores symbols_found queries	complete	270
90	2026-05-01T08:20:13.755655	cycle start_time queries_executed items_processed domains_analyzed convergence_signals confidence_scores symbols_found queries	complete	270
44	2026-05-01T08:20:55.147688	cycle start_time queries_executed items_processed domains_analyzed convergence_signals confidence_scores symbols_found queries	complete	270
33	2026-05-01T08:20:59.792973	cycle start_time queries_executed items_processed domains_analyzed convergence_signals confidence_scores symbols_found queries	complete	270
91	2026-05-01T08:21:13.809223	cycle start_time queries_executed items_processed domains_analyzed convergence_signals confidence_scores symbols_found queries	complete	270
45	2026-05-01T08:21:55.198804	cycle start_time queries_executed items_processed domains_analyzed convergence_signals confidence_scores symbols_found queries	complete	270
34	2026-05-01T08:21:59.843681	cycle start_time queries_executed items_processed domains_analyzed convergence_signals confidence_scores symbols_found queries	complete	270
92	2026-05-01T08:22:13.862215	cycle start_time queries_executed items_processed domains_analyzed convergence_signals confidence_scores symbols_found queries	complete	270
46	2026-05-01T08:22:55.259376	cycle start_time queries_executed items_processed domains_analyzed convergence_signals confidence_scores symbols_found queries	complete	270
35	2026-05-01T08:22:59.894938	cycle start_time queries_executed items_processed domains_analyzed convergence_signals confidence_scores symbols_found queries	complete	270
93	2026-05-01T08:23:13.911344	cycle start_time queries_executed items_processed domains_analyzed convergence_signals confidence_scores symbols_found queries	complete	270
47	2026-05-01T08:23:55.310511	cycle start_time queries_executed items_processed domains_analyzed convergence_signals confidence_scores symbols_found queries	complete	270
36	2026-05-01T08:23:59.946084	cycle start_time queries_executed items_processed domains_analyzed convergence_signals confidence_scores symbols_found queries	complete	270
94	2026-05-01T08:24:13.962459	cycle start_time queries_executed items_processed domains_analyzed convergence_signals confidence_scores symbols_found queries	complete	270
48	2026-05-01T08:24:55.363875	cycle start_time queries_executed items_processed domains_analyzed convergence_signals confidence_scores symbols_found queries	complete	270
37	2026-05-01T08:24:59.958956	cycle start_time queries_executed items_processed domains_analyzed convergence_signals confidence_scores symbols_found queries	complete	270
95	2026-05-01T08:25:14.011390	cycle start_time queries_executed items_processed domains_analyzed convergence_signals confidence_scores symbols_found queries	complete	270
49	2026-05-01T08:25:55.418091	cycle start_time queries_executed items_processed domains_analyzed convergence_signals confidence_scores symbols_found queries	complete	270
38	2026-05-01T08:26:00.011310	cycle start_time queries_executed items_processed domains_analyzed convergence_signals confidence_scores symbols_found queries	complete	270
96	2026-05-01T08:26:14.066336	cycle start_time queries_executed items_processed domains_analyzed convergence_signals confidence_scores symbols_found queries	complete	270
50	2026-05-01T08:26:55.465829	cycle start_time queries_executed items_processed domains_analyzed convergence_signals confidence_scores symbols_found queries	complete	270
39	2026-05-01T08:27:00.066854	cycle start_time queries_executed items_processed domains_analyzed convergence_signals confidence_scores symbols_found queries	complete	270
97	2026-05-01T08:27:14.080222	cycle start_time queries_executed items_processed domains_analyzed convergence_signals confidence_scores symbols_found queries	complete	270
51	2026-05-01T08:27:55.525341	cycle start_time queries_executed items_processed domains_analyzed convergence_signals confidence_scores symbols_found queries	complete	270
40	2026-05-01T08:28:00.116460	cycle start_time queries_executed items_processed domains_analyzed convergence_signals confidence_scores symbols_found queries	complete	270
98	2026-05-01T08:28:14.131425	cycle start_time queries_executed items_processed domains_analyzed convergence_signals confidence_scores symbols_found queries	complete	270
52	2026-05-01T08:28:55.581961	cycle start_time queries_executed items_processed domains_analyzed convergence_signals confidence_scores symbols_found queries	complete	270
41	2026-05-01T08:29:00.170825	cycle start_time queries_executed items_processed domains_analyzed convergence_signals confidence_scores symbols_found queries	complete	270
99	2026-05-01T08:29:14.180335	cycle start_time queries_executed items_processed domains_analyzed convergence_signals confidence_scores symbols_found queries	complete	270
53	2026-05-01T08:29:55.630619	cycle start_time queries_executed items_processed domains_analyzed convergence_signals confidence_scores symbols_found queries	complete	270
42	2026-05-01T08:30:00.241439	cycle start_time queries_executed items_processed domains_analyzed convergence_signals confidence_scores symbols_found queries	complete	270
100	2026-05-01T08:30:14.232708	cycle start_time queries_executed items_processed domains_analyzed convergence_signals confidence_scores symbols_found queries	complete	270
54	2026-05-01T08:30:55.682571	cycle start_time queries_executed items_processed domains_analyzed convergence_signals confidence_scores symbols_found queries	complete	270
43	2026-05-01T08:31:00.293398	cycle start_time queries_executed items_processed domains_analyzed convergence_signals confidence_scores symbols_found queries	complete	270
101	2026-05-01T08:31:14.248650	cycle start_time queries_executed items_processed domains_analyzed convergence_signals confidence_scores symbols_found queries	complete	270
55	2026-05-01T08:31:55.738896	cycle start_time queries_executed items_processed domains_analyzed convergence_signals confidence_scores symbols_found queries	complete	270
44	2026-05-01T08:32:00.342204	cycle start_time queries_executed items_processed domains_analyzed convergence_signals confidence_scores symbols_found queries	complete	270
102	2026-05-01T08:32:14.301630	cycle start_time queries_executed items_processed domains_analyzed convergence_signals confidence_scores symbols_found queries	complete	270
56	2026-05-01T08:32:55.809107	cycle start_time queries_executed items_processed domains_analyzed convergence_signals confidence_scores symbols_found queries	complete	270
45	2026-05-01T08:33:00.401652	cycle start_time queries_executed items_processed domains_analyzed convergence_signals confidence_scores symbols_found queries	complete	270
103	2026-05-01T08:33:14.350070	cycle start_time queries_executed items_processed domains_analyzed convergence_signals confidence_scores symbols_found queries	complete	270
57	2026-05-01T08:33:55.863098	cycle start_time queries_executed items_processed domains_analyzed convergence_signals confidence_scores symbols_found queries	complete	270
46	2026-05-01T08:34:00.453610	cycle start_time queries_executed items_processed domains_analyzed convergence_signals confidence_scores symbols_found queries	complete	270
104	2026-05-01T08:34:14.401631	cycle start_time queries_executed items_processed domains_analyzed convergence_signals confidence_scores symbols_found queries	complete	270
58	2026-05-01T08:34:55.917474	cycle start_time queries_executed items_processed domains_analyzed convergence_signals confidence_scores symbols_found queries	complete	270
47	2026-05-01T08:35:00.512193	cycle start_time queries_executed items_processed domains_analyzed convergence_signals confidence_scores symbols_found queries	complete	270
105	2026-05-01T08:35:14.455775	cycle start_time queries_executed items_processed domains_analyzed convergence_signals confidence_scores symbols_found queries	complete	270
59	2026-05-01T08:35:55.971702	cycle start_time queries_executed items_processed domains_analyzed convergence_signals confidence_scores symbols_found queries	complete	270
48	2026-05-01T08:36:00.565095	cycle start_time queries_executed items_processed domains_analyzed convergence_signals confidence_scores symbols_found queries	complete	270
106	2026-05-01T08:36:14.511924	cycle start_time queries_executed items_processed domains_analyzed convergence_signals confidence_scores symbols_found queries	complete	270
60	2026-05-01T08:36:56.038871	cycle start_time queries_executed items_processed domains_analyzed convergence_signals confidence_scores symbols_found queries	complete	270
49	2026-05-01T08:37:00.621512	cycle start_time queries_executed items_processed domains_analyzed convergence_signals confidence_scores symbols_found queries	complete	270
107	2026-05-01T08:37:14.564806	cycle start_time queries_executed items_processed domains_analyzed convergence_signals confidence_scores symbols_found queries	complete	270
61	2026-05-01T08:37:56.106007	cycle start_time queries_executed items_processed domains_analyzed convergence_signals confidence_scores symbols_found queries	complete	270
50	2026-05-01T08:38:00.672752	cycle start_time queries_executed items_processed domains_analyzed convergence_signals confidence_scores symbols_found queries	complete	270
108	2026-05-01T08:38:14.615011	cycle start_time queries_executed items_processed domains_analyzed convergence_signals confidence_scores symbols_found queries	complete	270
62	2026-05-01T08:38:56.158596	cycle start_time queries_executed items_processed domains_analyzed convergence_signals confidence_scores symbols_found queries	complete	270
51	2026-05-01T08:39:00.735372	cycle start_time queries_executed items_processed domains_analyzed convergence_signals confidence_scores symbols_found queries	complete	270
109	2026-05-01T08:39:14.693297	cycle start_time queries_executed items_processed domains_analyzed convergence_signals confidence_scores symbols_found queries	complete	270
63	2026-05-01T08:39:56.212444	cycle start_time queries_executed items_processed domains_analyzed convergence_signals confidence_scores symbols_found queries	complete	270
52	2026-05-01T08:40:00.790910	cycle start_time queries_executed items_processed domains_analyzed convergence_signals confidence_scores symbols_found queries	complete	270
110	2026-05-01T08:40:14.745628	cycle start_time queries_executed items_processed domains_analyzed convergence_signals confidence_scores symbols_found queries	complete	270
64	2026-05-01T08:40:56.265771	cycle start_time queries_executed items_processed domains_analyzed convergence_signals confidence_scores symbols_found queries	complete	270
53	2026-05-01T08:41:00.843447	cycle start_time queries_executed items_processed domains_analyzed convergence_signals confidence_scores symbols_found queries	complete	270
111	2026-05-01T08:41:14.759358	cycle start_time queries_executed items_processed domains_analyzed convergence_signals confidence_scores symbols_found queries	complete	270
1	2026-05-01T08:41:55.329998	cycle start_time queries_executed items_processed domains_analyzed convergence_signals confidence_scores symbols_found queries	complete	270
65	2026-05-01T08:41:56.318728	cycle start_time queries_executed items_processed domains_analyzed convergence_signals confidence_scores symbols_found queries	complete	270
54	2026-05-01T08:42:00.895236	cycle start_time queries_executed items_processed domains_analyzed convergence_signals confidence_scores symbols_found queries	complete	270
112	2026-05-01T08:42:14.812595	cycle start_time queries_executed items_processed domains_analyzed convergence_signals confidence_scores symbols_found queries	complete	270
66	2026-05-01T08:42:56.386073	cycle start_time queries_executed items_processed domains_analyzed convergence_signals confidence_scores symbols_found queries	complete	270
55	2026-05-01T08:43:00.949815	cycle start_time queries_executed items_processed domains_analyzed convergence_signals confidence_scores symbols_found queries	complete	270
113	2026-05-01T08:43:14.862341	cycle start_time queries_executed items_processed domains_analyzed convergence_signals confidence_scores symbols_found queries	complete	270
67	2026-05-01T08:43:56.444422	cycle start_time queries_executed items_processed domains_analyzed convergence_signals confidence_scores symbols_found queries	complete	270
56	2026-05-01T08:44:01.003237	cycle start_time queries_executed items_processed domains_analyzed convergence_signals confidence_scores symbols_found queries	complete	270
114	2026-05-01T08:44:14.880494	cycle start_time queries_executed items_processed domains_analyzed convergence_signals confidence_scores symbols_found queries	complete	270
68	2026-05-01T08:44:56.493680	cycle start_time queries_executed items_processed domains_analyzed convergence_signals confidence_scores symbols_found queries	complete	270
57	2026-05-01T08:45:01.054148	cycle start_time queries_executed items_processed domains_analyzed convergence_signals confidence_scores symbols_found queries	complete	270
115	2026-05-01T08:45:14.928931	cycle start_time queries_executed items_processed domains_analyzed convergence_signals confidence_scores symbols_found queries	complete	270
69	2026-05-01T08:45:56.549195	cycle start_time queries_executed items_processed domains_analyzed convergence_signals confidence_scores symbols_found queries	complete	270
58	2026-05-01T08:46:01.107574	cycle start_time queries_executed items_processed domains_analyzed convergence_signals confidence_scores symbols_found queries	complete	270
116	2026-05-01T08:46:14.982038	cycle start_time queries_executed items_processed domains_analyzed convergence_signals confidence_scores symbols_found queries	complete	270
70	2026-05-01T08:46:56.640217	cycle start_time queries_executed items_processed domains_analyzed convergence_signals confidence_scores symbols_found queries	complete	270
59	2026-05-01T08:47:01.177408	cycle start_time queries_executed items_processed domains_analyzed convergence_signals confidence_scores symbols_found queries	complete	270
117	2026-05-01T08:47:15.054491	cycle start_time queries_executed items_processed domains_analyzed convergence_signals confidence_scores symbols_found queries	complete	270
71	2026-05-01T08:47:56.713381	cycle start_time queries_executed items_processed domains_analyzed convergence_signals confidence_scores symbols_found queries	complete	270
60	2026-05-01T08:48:01.215649	cycle start_time queries_executed items_processed domains_analyzed convergence_signals confidence_scores symbols_found queries	complete	270
118	2026-05-01T08:48:15.198278	cycle start_time queries_executed items_processed domains_analyzed convergence_signals confidence_scores symbols_found queries	complete	270
72	2026-05-01T08:48:56.770347	cycle start_time queries_executed items_processed domains_analyzed convergence_signals confidence_scores symbols_found queries	complete	270
61	2026-05-01T08:49:01.265830	cycle start_time queries_executed items_processed domains_analyzed convergence_signals confidence_scores symbols_found queries	complete	270
119	2026-05-01T08:49:15.252722	cycle start_time queries_executed items_processed domains_analyzed convergence_signals confidence_scores symbols_found queries	complete	270
73	2026-05-01T08:49:56.834430	cycle start_time queries_executed items_processed domains_analyzed convergence_signals confidence_scores symbols_found queries	complete	270
62	2026-05-01T08:50:01.324615	cycle start_time queries_executed items_processed domains_analyzed convergence_signals confidence_scores symbols_found queries	complete	270
120	2026-05-01T08:50:15.314972	cycle start_time queries_executed items_processed domains_analyzed convergence_signals confidence_scores symbols_found queries	complete	270
74	2026-05-01T08:50:56.887795	cycle start_time queries_executed items_processed domains_analyzed convergence_signals confidence_scores symbols_found queries	complete	270
63	2026-05-01T08:51:01.340428	cycle start_time queries_executed items_processed domains_analyzed convergence_signals confidence_scores symbols_found queries	complete	270
121	2026-05-01T08:51:15.368495	cycle start_time queries_executed items_processed domains_analyzed convergence_signals confidence_scores symbols_found queries	complete	270
75	2026-05-01T08:51:56.942429	cycle start_time queries_executed items_processed domains_analyzed convergence_signals confidence_scores symbols_found queries	complete	270
64	2026-05-01T08:52:01.391693	cycle start_time queries_executed items_processed domains_analyzed convergence_signals confidence_scores symbols_found queries	complete	270
122	2026-05-01T08:52:15.421928	cycle start_time queries_executed items_processed domains_analyzed convergence_signals confidence_scores symbols_found queries	complete	270
76	2026-05-01T08:52:57.008454	cycle start_time queries_executed items_processed domains_analyzed convergence_signals confidence_scores symbols_found queries	complete	270
65	2026-05-01T08:53:01.449829	cycle start_time queries_executed items_processed domains_analyzed convergence_signals confidence_scores symbols_found queries	complete	270
123	2026-05-01T08:53:15.437101	cycle start_time queries_executed items_processed domains_analyzed convergence_signals confidence_scores symbols_found queries	complete	270
77	2026-05-01T08:53:57.060182	cycle start_time queries_executed items_processed domains_analyzed convergence_signals confidence_scores symbols_found queries	complete	270
66	2026-05-01T08:54:01.465932	cycle start_time queries_executed items_processed domains_analyzed convergence_signals confidence_scores symbols_found queries	complete	270
124	2026-05-01T08:54:15.504365	cycle start_time queries_executed items_processed domains_analyzed convergence_signals confidence_scores symbols_found queries	complete	270
78	2026-05-01T08:54:57.110645	cycle start_time queries_executed items_processed domains_analyzed convergence_signals confidence_scores symbols_found queries	complete	270
67	2026-05-01T08:55:01.518771	cycle start_time queries_executed items_processed domains_analyzed convergence_signals confidence_scores symbols_found queries	complete	270
125	2026-05-01T08:55:15.541718	cycle start_time queries_executed items_processed domains_analyzed convergence_signals confidence_scores symbols_found queries	complete	270
79	2026-05-01T08:55:57.162168	cycle start_time queries_executed items_processed domains_analyzed convergence_signals confidence_scores symbols_found queries	complete	270
68	2026-05-01T08:56:01.583286	cycle start_time queries_executed items_processed domains_analyzed convergence_signals confidence_scores symbols_found queries	complete	270
126	2026-05-01T08:56:15.592954	cycle start_time queries_executed items_processed domains_analyzed convergence_signals confidence_scores symbols_found queries	complete	270
80	2026-05-01T08:56:57.211621	cycle start_time queries_executed items_processed domains_analyzed convergence_signals confidence_scores symbols_found queries	complete	270
69	2026-05-01T08:57:01.648217	cycle start_time queries_executed items_processed domains_analyzed convergence_signals confidence_scores symbols_found queries	complete	270
127	2026-05-01T08:57:15.640999	cycle start_time queries_executed items_processed domains_analyzed convergence_signals confidence_scores symbols_found queries	complete	270
81	2026-05-01T08:57:57.260420	cycle start_time queries_executed items_processed domains_analyzed convergence_signals confidence_scores symbols_found queries	complete	270
70	2026-05-01T08:58:01.705303	cycle start_time queries_executed items_processed domains_analyzed convergence_signals confidence_scores symbols_found queries	complete	270
128	2026-05-01T08:58:15.706775	cycle start_time queries_executed items_processed domains_analyzed convergence_signals confidence_scores symbols_found queries	complete	270
82	2026-05-01T08:58:57.312812	cycle start_time queries_executed items_processed domains_analyzed convergence_signals confidence_scores symbols_found queries	complete	270
71	2026-05-01T08:59:01.753757	cycle start_time queries_executed items_processed domains_analyzed convergence_signals confidence_scores symbols_found queries	complete	270
129	2026-05-01T08:59:15.755546	cycle start_time queries_executed items_processed domains_analyzed convergence_signals confidence_scores symbols_found queries	complete	270
83	2026-05-01T08:59:57.326767	cycle start_time queries_executed items_processed domains_analyzed convergence_signals confidence_scores symbols_found queries	complete	270
72	2026-05-01T09:00:01.806101	cycle start_time queries_executed items_processed domains_analyzed convergence_signals confidence_scores symbols_found queries	complete	270
130	2026-05-01T09:00:15.804894	cycle start_time queries_executed items_processed domains_analyzed convergence_signals confidence_scores symbols_found queries	complete	270
84	2026-05-01T09:00:57.375548	cycle start_time queries_executed items_processed domains_analyzed convergence_signals confidence_scores symbols_found queries	complete	270
73	2026-05-01T09:01:01.861053	cycle start_time queries_executed items_processed domains_analyzed convergence_signals confidence_scores symbols_found queries	complete	270
131	2026-05-01T09:01:15.854854	cycle start_time queries_executed items_processed domains_analyzed convergence_signals confidence_scores symbols_found queries	complete	270
85	2026-05-01T09:01:57.425396	cycle start_time queries_executed items_processed domains_analyzed convergence_signals confidence_scores symbols_found queries	complete	270
74	2026-05-01T09:02:01.908980	cycle start_time queries_executed items_processed domains_analyzed convergence_signals confidence_scores symbols_found queries	complete	270
132	2026-05-01T09:02:15.906137	cycle start_time queries_executed items_processed domains_analyzed convergence_signals confidence_scores symbols_found queries	complete	270
86	2026-05-01T09:02:57.474977	cycle start_time queries_executed items_processed domains_analyzed convergence_signals confidence_scores symbols_found queries	complete	270
75	2026-05-01T09:03:01.974758	cycle start_time queries_executed items_processed domains_analyzed convergence_signals confidence_scores symbols_found queries	complete	270
133	2026-05-01T09:03:15.956981	cycle start_time queries_executed items_processed domains_analyzed convergence_signals confidence_scores symbols_found queries	complete	270
87	2026-05-01T09:03:57.525031	cycle start_time queries_executed items_processed domains_analyzed convergence_signals confidence_scores symbols_found queries	complete	270
76	2026-05-01T09:04:02.042505	cycle start_time queries_executed items_processed domains_analyzed convergence_signals confidence_scores symbols_found queries	complete	270
134	2026-05-01T09:04:16.008446	cycle start_time queries_executed items_processed domains_analyzed convergence_signals confidence_scores symbols_found queries	complete	270
88	2026-05-01T09:04:57.590754	cycle start_time queries_executed items_processed domains_analyzed convergence_signals confidence_scores symbols_found queries	complete	270
77	2026-05-01T09:05:02.093801	cycle start_time queries_executed items_processed domains_analyzed convergence_signals confidence_scores symbols_found queries	complete	270
135	2026-05-01T09:05:16.056766	cycle start_time queries_executed items_processed domains_analyzed convergence_signals confidence_scores symbols_found queries	complete	270
89	2026-05-01T09:05:57.648383	cycle start_time queries_executed items_processed domains_analyzed convergence_signals confidence_scores symbols_found queries	complete	270
78	2026-05-01T09:06:02.150579	cycle start_time queries_executed items_processed domains_analyzed convergence_signals confidence_scores symbols_found queries	complete	270
136	2026-05-01T09:06:16.109263	cycle start_time queries_executed items_processed domains_analyzed convergence_signals confidence_scores symbols_found queries	complete	270
90	2026-05-01T09:06:57.700292	cycle start_time queries_executed items_processed domains_analyzed convergence_signals confidence_scores symbols_found queries	complete	270
79	2026-05-01T09:07:02.213173	cycle start_time queries_executed items_processed domains_analyzed convergence_signals confidence_scores symbols_found queries	complete	270
137	2026-05-01T09:07:16.161791	cycle start_time queries_executed items_processed domains_analyzed convergence_signals confidence_scores symbols_found queries	complete	270
91	2026-05-01T09:07:57.754118	cycle start_time queries_executed items_processed domains_analyzed convergence_signals confidence_scores symbols_found queries	complete	270
80	2026-05-01T09:08:02.281625	cycle start_time queries_executed items_processed domains_analyzed convergence_signals confidence_scores symbols_found queries	complete	270
138	2026-05-01T09:08:16.175205	cycle start_time queries_executed items_processed domains_analyzed convergence_signals confidence_scores symbols_found queries	complete	270
92	2026-05-01T09:08:57.806304	cycle start_time queries_executed items_processed domains_analyzed convergence_signals confidence_scores symbols_found queries	complete	270
81	2026-05-01T09:09:02.359329	cycle start_time queries_executed items_processed domains_analyzed convergence_signals confidence_scores symbols_found queries	complete	270
139	2026-05-01T09:09:16.232353	cycle start_time queries_executed items_processed domains_analyzed convergence_signals confidence_scores symbols_found queries	complete	270
93	2026-05-01T09:09:57.860665	cycle start_time queries_executed items_processed domains_analyzed convergence_signals confidence_scores symbols_found queries	complete	270
82	2026-05-01T09:10:02.375276	cycle start_time queries_executed items_processed domains_analyzed convergence_signals confidence_scores symbols_found queries	complete	270
140	2026-05-01T09:10:16.282837	cycle start_time queries_executed items_processed domains_analyzed convergence_signals confidence_scores symbols_found queries	complete	270
94	2026-05-01T09:10:57.913082	cycle start_time queries_executed items_processed domains_analyzed convergence_signals confidence_scores symbols_found queries	complete	270
83	2026-05-01T09:11:02.425449	cycle start_time queries_executed items_processed domains_analyzed convergence_signals confidence_scores symbols_found queries	complete	270
141	2026-05-01T09:11:16.334503	cycle start_time queries_executed items_processed domains_analyzed convergence_signals confidence_scores symbols_found queries	complete	270
95	2026-05-01T09:11:57.968679	cycle start_time queries_executed items_processed domains_analyzed convergence_signals confidence_scores symbols_found queries	complete	270
84	2026-05-01T09:12:02.488434	cycle start_time queries_executed items_processed domains_analyzed convergence_signals confidence_scores symbols_found queries	complete	270
142	2026-05-01T09:12:16.384667	cycle start_time queries_executed items_processed domains_analyzed convergence_signals confidence_scores symbols_found queries	complete	270
96	2026-05-01T09:12:58.024457	cycle start_time queries_executed items_processed domains_analyzed convergence_signals confidence_scores symbols_found queries	complete	270
85	2026-05-01T09:13:02.558481	cycle start_time queries_executed items_processed domains_analyzed convergence_signals confidence_scores symbols_found queries	complete	270
143	2026-05-01T09:13:16.432421	cycle start_time queries_executed items_processed domains_analyzed convergence_signals confidence_scores symbols_found queries	complete	270
97	2026-05-01T09:13:58.076031	cycle start_time queries_executed items_processed domains_analyzed convergence_signals confidence_scores symbols_found queries	complete	270
86	2026-05-01T09:14:02.618541	cycle start_time queries_executed items_processed domains_analyzed convergence_signals confidence_scores symbols_found queries	complete	270
144	2026-05-01T09:14:16.483114	cycle start_time queries_executed items_processed domains_analyzed convergence_signals confidence_scores symbols_found queries	complete	270
98	2026-05-01T09:14:58.129223	cycle start_time queries_executed items_processed domains_analyzed convergence_signals confidence_scores symbols_found queries	complete	270
87	2026-05-01T09:15:02.672392	cycle start_time queries_executed items_processed domains_analyzed convergence_signals confidence_scores symbols_found queries	complete	270
145	2026-05-01T09:15:16.534630	cycle start_time queries_executed items_processed domains_analyzed convergence_signals confidence_scores symbols_found queries	complete	270
99	2026-05-01T09:15:58.202758	cycle start_time queries_executed items_processed domains_analyzed convergence_signals confidence_scores symbols_found queries	complete	270
88	2026-05-01T09:16:02.725642	cycle start_time queries_executed items_processed domains_analyzed convergence_signals confidence_scores symbols_found queries	complete	270
146	2026-05-01T09:16:16.584773	cycle start_time queries_executed items_processed domains_analyzed convergence_signals confidence_scores symbols_found queries	complete	270
100	2026-05-01T09:16:58.254802	cycle start_time queries_executed items_processed domains_analyzed convergence_signals confidence_scores symbols_found queries	complete	270
89	2026-05-01T09:17:02.778408	cycle start_time queries_executed items_processed domains_analyzed convergence_signals confidence_scores symbols_found queries	complete	270
147	2026-05-01T09:17:16.637957	cycle start_time queries_executed items_processed domains_analyzed convergence_signals confidence_scores symbols_found queries	complete	270
101	2026-05-01T09:17:58.314027	cycle start_time queries_executed items_processed domains_analyzed convergence_signals confidence_scores symbols_found queries	complete	270
90	2026-05-01T09:18:02.844711	cycle start_time queries_executed items_processed domains_analyzed convergence_signals confidence_scores symbols_found queries	complete	270
148	2026-05-01T09:18:16.689950	cycle start_time queries_executed items_processed domains_analyzed convergence_signals confidence_scores symbols_found queries	complete	270
102	2026-05-01T09:18:58.367879	cycle start_time queries_executed items_processed domains_analyzed convergence_signals confidence_scores symbols_found queries	complete	270
91	2026-05-01T09:19:02.898009	cycle start_time queries_executed items_processed domains_analyzed convergence_signals confidence_scores symbols_found queries	complete	270
149	2026-05-01T09:19:16.759831	cycle start_time queries_executed items_processed domains_analyzed convergence_signals confidence_scores symbols_found queries	complete	270
103	2026-05-01T09:19:58.419628	cycle start_time queries_executed items_processed domains_analyzed convergence_signals confidence_scores symbols_found queries	complete	270
92	2026-05-01T09:20:02.948400	cycle start_time queries_executed items_processed domains_analyzed convergence_signals confidence_scores symbols_found queries	complete	270
150	2026-05-01T09:20:16.814850	cycle start_time queries_executed items_processed domains_analyzed convergence_signals confidence_scores symbols_found queries	complete	270
104	2026-05-01T09:20:58.475946	cycle start_time queries_executed items_processed domains_analyzed convergence_signals confidence_scores symbols_found queries	complete	270
93	2026-05-01T09:21:02.998404	cycle start_time queries_executed items_processed domains_analyzed convergence_signals confidence_scores symbols_found queries	complete	270
151	2026-05-01T09:21:16.865072	cycle start_time queries_executed items_processed domains_analyzed convergence_signals confidence_scores symbols_found queries	complete	270
105	2026-05-01T09:21:58.529394	cycle start_time queries_executed items_processed domains_analyzed convergence_signals confidence_scores symbols_found queries	complete	270
94	2026-05-01T09:22:03.034068	cycle start_time queries_executed items_processed domains_analyzed convergence_signals confidence_scores symbols_found queries	complete	270
152	2026-05-01T09:22:16.920634	cycle start_time queries_executed items_processed domains_analyzed convergence_signals confidence_scores symbols_found queries	complete	270
106	2026-05-01T09:22:58.593519	cycle start_time queries_executed items_processed domains_analyzed convergence_signals confidence_scores symbols_found queries	complete	270
95	2026-05-01T09:23:03.087894	cycle start_time queries_executed items_processed domains_analyzed convergence_signals confidence_scores symbols_found queries	complete	270
153	2026-05-01T09:23:16.987839	cycle start_time queries_executed items_processed domains_analyzed convergence_signals confidence_scores symbols_found queries	complete	270
107	2026-05-01T09:23:58.617455	cycle start_time queries_executed items_processed domains_analyzed convergence_signals confidence_scores symbols_found queries	complete	270
96	2026-05-01T09:24:03.137686	cycle start_time queries_executed items_processed domains_analyzed convergence_signals confidence_scores symbols_found queries	complete	270
154	2026-05-01T09:24:17.041358	cycle start_time queries_executed items_processed domains_analyzed convergence_signals confidence_scores symbols_found queries	complete	270
108	2026-05-01T09:24:58.675247	cycle start_time queries_executed items_processed domains_analyzed convergence_signals confidence_scores symbols_found queries	complete	270
97	2026-05-01T09:25:03.193182	cycle start_time queries_executed items_processed domains_analyzed convergence_signals confidence_scores symbols_found queries	complete	270
155	2026-05-01T09:25:17.204819	cycle start_time queries_executed items_processed domains_analyzed convergence_signals confidence_scores symbols_found queries	complete	270
109	2026-05-01T09:25:58.728631	cycle start_time queries_executed items_processed domains_analyzed convergence_signals confidence_scores symbols_found queries	complete	270
98	2026-05-01T09:26:03.247601	cycle start_time queries_executed items_processed domains_analyzed convergence_signals confidence_scores symbols_found queries	complete	270
156	2026-05-01T09:26:17.256572	cycle start_time queries_executed items_processed domains_analyzed convergence_signals confidence_scores symbols_found queries	complete	270
110	2026-05-01T09:26:58.779376	cycle start_time queries_executed items_processed domains_analyzed convergence_signals confidence_scores symbols_found queries	complete	270
99	2026-05-01T09:27:03.262899	cycle start_time queries_executed items_processed domains_analyzed convergence_signals confidence_scores symbols_found queries	complete	270
157	2026-05-01T09:27:17.308052	cycle start_time queries_executed items_processed domains_analyzed convergence_signals confidence_scores symbols_found queries	complete	270
111	2026-05-01T09:27:58.833079	cycle start_time queries_executed items_processed domains_analyzed convergence_signals confidence_scores symbols_found queries	complete	270
100	2026-05-01T09:28:03.282282	cycle start_time queries_executed items_processed domains_analyzed convergence_signals confidence_scores symbols_found queries	complete	270
158	2026-05-01T09:28:17.358672	cycle start_time queries_executed items_processed domains_analyzed convergence_signals confidence_scores symbols_found queries	complete	270
112	2026-05-01T09:28:58.893177	cycle start_time queries_executed items_processed domains_analyzed convergence_signals confidence_scores symbols_found queries	complete	270
101	2026-05-01T09:29:03.334102	cycle start_time queries_executed items_processed domains_analyzed convergence_signals confidence_scores symbols_found queries	complete	270
159	2026-05-01T09:29:17.425513	cycle start_time queries_executed items_processed domains_analyzed convergence_signals confidence_scores symbols_found queries	complete	270
113	2026-05-01T09:29:58.945232	cycle start_time queries_executed items_processed domains_analyzed convergence_signals confidence_scores symbols_found queries	complete	270
102	2026-05-01T09:30:03.384249	cycle start_time queries_executed items_processed domains_analyzed convergence_signals confidence_scores symbols_found queries	complete	270
160	2026-05-01T09:30:17.477271	cycle start_time queries_executed items_processed domains_analyzed convergence_signals confidence_scores symbols_found queries	complete	270
114	2026-05-01T09:30:59.000490	cycle start_time queries_executed items_processed domains_analyzed convergence_signals confidence_scores symbols_found queries	complete	270
103	2026-05-01T09:31:03.434428	cycle start_time queries_executed items_processed domains_analyzed convergence_signals confidence_scores symbols_found queries	complete	270
161	2026-05-01T09:31:17.555829	cycle start_time queries_executed items_processed domains_analyzed convergence_signals confidence_scores symbols_found queries	complete	270
115	2026-05-01T09:31:59.052103	cycle start_time queries_executed items_processed domains_analyzed convergence_signals confidence_scores symbols_found queries	complete	270
104	2026-05-01T09:32:03.491615	cycle start_time queries_executed items_processed domains_analyzed convergence_signals confidence_scores symbols_found queries	complete	270
162	2026-05-01T09:32:17.607236	cycle start_time queries_executed items_processed domains_analyzed convergence_signals confidence_scores symbols_found queries	complete	270
116	2026-05-01T09:32:59.107737	cycle start_time queries_executed items_processed domains_analyzed convergence_signals confidence_scores symbols_found queries	complete	270
105	2026-05-01T09:33:03.546321	cycle start_time queries_executed items_processed domains_analyzed convergence_signals confidence_scores symbols_found queries	complete	270
163	2026-05-01T09:33:17.660313	cycle start_time queries_executed items_processed domains_analyzed convergence_signals confidence_scores symbols_found queries	complete	270
117	2026-05-01T09:33:59.246295	cycle start_time queries_executed items_processed domains_analyzed convergence_signals confidence_scores symbols_found queries	complete	270
106	2026-05-01T09:34:03.608044	cycle start_time queries_executed items_processed domains_analyzed convergence_signals confidence_scores symbols_found queries	complete	270
164	2026-05-01T09:34:17.716026	cycle start_time queries_executed items_processed domains_analyzed convergence_signals confidence_scores symbols_found queries	complete	270
118	2026-05-01T09:34:59.297052	cycle start_time queries_executed items_processed domains_analyzed convergence_signals confidence_scores symbols_found queries	complete	270
107	2026-05-01T09:35:03.659316	cycle start_time queries_executed items_processed domains_analyzed convergence_signals confidence_scores symbols_found queries	complete	270
165	2026-05-01T09:35:17.775364	cycle start_time queries_executed items_processed domains_analyzed convergence_signals confidence_scores symbols_found queries	complete	270
119	2026-05-01T09:35:59.351211	cycle start_time queries_executed items_processed domains_analyzed convergence_signals confidence_scores symbols_found queries	complete	270
108	2026-05-01T09:36:03.713832	cycle start_time queries_executed items_processed domains_analyzed convergence_signals confidence_scores symbols_found queries	complete	270
166	2026-05-01T09:36:17.830459	cycle start_time queries_executed items_processed domains_analyzed convergence_signals confidence_scores symbols_found queries	complete	270
120	2026-05-01T09:36:59.408150	cycle start_time queries_executed items_processed domains_analyzed convergence_signals confidence_scores symbols_found queries	complete	270
109	2026-05-01T09:37:03.781694	cycle start_time queries_executed items_processed domains_analyzed convergence_signals confidence_scores symbols_found queries	complete	270
167	2026-05-01T09:37:17.903709	cycle start_time queries_executed items_processed domains_analyzed convergence_signals confidence_scores symbols_found queries	complete	270
121	2026-05-01T09:37:59.473014	cycle start_time queries_executed items_processed domains_analyzed convergence_signals confidence_scores symbols_found queries	complete	270
110	2026-05-01T09:38:03.836773	cycle start_time queries_executed items_processed domains_analyzed convergence_signals confidence_scores symbols_found queries	complete	270
168	2026-05-01T09:38:17.990555	cycle start_time queries_executed items_processed domains_analyzed convergence_signals confidence_scores symbols_found queries	complete	270
122	2026-05-01T09:38:59.538474	cycle start_time queries_executed items_processed domains_analyzed convergence_signals confidence_scores symbols_found queries	complete	270
111	2026-05-01T09:39:03.889713	cycle start_time queries_executed items_processed domains_analyzed convergence_signals confidence_scores symbols_found queries	complete	270
169	2026-05-01T09:39:18.041518	cycle start_time queries_executed items_processed domains_analyzed convergence_signals confidence_scores symbols_found queries	complete	270
123	2026-05-01T09:39:59.600465	cycle start_time queries_executed items_processed domains_analyzed convergence_signals confidence_scores symbols_found queries	complete	270
112	2026-05-01T09:40:03.949800	cycle start_time queries_executed items_processed domains_analyzed convergence_signals confidence_scores symbols_found queries	complete	270
170	2026-05-01T09:40:18.060124	cycle start_time queries_executed items_processed domains_analyzed convergence_signals confidence_scores symbols_found queries	complete	270
124	2026-05-01T09:40:59.667548	cycle start_time queries_executed items_processed domains_analyzed convergence_signals confidence_scores symbols_found queries	complete	270
113	2026-05-01T09:41:04.006533	cycle start_time queries_executed items_processed domains_analyzed convergence_signals confidence_scores symbols_found queries	complete	270
171	2026-05-01T09:41:18.089992	cycle start_time queries_executed items_processed domains_analyzed convergence_signals confidence_scores symbols_found queries	complete	270
125	2026-05-01T09:41:59.731562	cycle start_time queries_executed items_processed domains_analyzed convergence_signals confidence_scores symbols_found queries	complete	270
114	2026-05-01T09:42:04.058672	cycle start_time queries_executed items_processed domains_analyzed convergence_signals confidence_scores symbols_found queries	complete	270
172	2026-05-01T09:42:18.158816	cycle start_time queries_executed items_processed domains_analyzed convergence_signals confidence_scores symbols_found queries	complete	270
126	2026-05-01T09:42:59.807189	cycle start_time queries_executed items_processed domains_analyzed convergence_signals confidence_scores symbols_found queries	complete	270
115	2026-05-01T09:43:04.112003	cycle start_time queries_executed items_processed domains_analyzed convergence_signals confidence_scores symbols_found queries	complete	270
173	2026-05-01T09:43:18.214406	cycle start_time queries_executed items_processed domains_analyzed convergence_signals confidence_scores symbols_found queries	complete	270
127	2026-05-01T09:43:59.862389	cycle start_time queries_executed items_processed domains_analyzed convergence_signals confidence_scores symbols_found queries	complete	270
116	2026-05-01T09:44:04.164454	cycle start_time queries_executed items_processed domains_analyzed convergence_signals confidence_scores symbols_found queries	complete	270
174	2026-05-01T09:44:18.267698	cycle start_time queries_executed items_processed domains_analyzed convergence_signals confidence_scores symbols_found queries	complete	270
128	2026-05-01T09:44:59.925567	cycle start_time queries_executed items_processed domains_analyzed convergence_signals confidence_scores symbols_found queries	complete	270
117	2026-05-01T09:45:04.218366	cycle start_time queries_executed items_processed domains_analyzed convergence_signals confidence_scores symbols_found queries	complete	270
175	2026-05-01T09:45:18.322921	cycle start_time queries_executed items_processed domains_analyzed convergence_signals confidence_scores symbols_found queries	complete	270
129	2026-05-01T09:45:59.984135	cycle start_time queries_executed items_processed domains_analyzed convergence_signals confidence_scores symbols_found queries	complete	270
118	2026-05-01T09:46:04.272039	cycle start_time queries_executed items_processed domains_analyzed convergence_signals confidence_scores symbols_found queries	complete	270
176	2026-05-01T09:46:18.392125	cycle start_time queries_executed items_processed domains_analyzed convergence_signals confidence_scores symbols_found queries	complete	270
130	2026-05-01T09:47:00.044581	cycle start_time queries_executed items_processed domains_analyzed convergence_signals confidence_scores symbols_found queries	complete	270
119	2026-05-01T09:47:04.337358	cycle start_time queries_executed items_processed domains_analyzed convergence_signals confidence_scores symbols_found queries	complete	270
177	2026-05-01T09:47:18.444589	cycle start_time queries_executed items_processed domains_analyzed convergence_signals confidence_scores symbols_found queries	complete	270
131	2026-05-01T09:48:00.060462	cycle start_time queries_executed items_processed domains_analyzed convergence_signals confidence_scores symbols_found queries	complete	270
120	2026-05-01T09:48:04.354611	cycle start_time queries_executed items_processed domains_analyzed convergence_signals confidence_scores symbols_found queries	complete	270
178	2026-05-01T09:48:18.500329	cycle start_time queries_executed items_processed domains_analyzed convergence_signals confidence_scores symbols_found queries	complete	270
132	2026-05-01T09:49:00.116396	cycle start_time queries_executed items_processed domains_analyzed convergence_signals confidence_scores symbols_found queries	complete	270
121	2026-05-01T09:49:04.406293	cycle start_time queries_executed items_processed domains_analyzed convergence_signals confidence_scores symbols_found queries	complete	270
179	2026-05-01T09:49:18.554507	cycle start_time queries_executed items_processed domains_analyzed convergence_signals confidence_scores symbols_found queries	complete	270
133	2026-05-01T09:50:00.170292	cycle start_time queries_executed items_processed domains_analyzed convergence_signals confidence_scores symbols_found queries	complete	270
122	2026-05-01T09:50:04.458665	cycle start_time queries_executed items_processed domains_analyzed convergence_signals confidence_scores symbols_found queries	complete	270
180	2026-05-01T09:50:18.609090	cycle start_time queries_executed items_processed domains_analyzed convergence_signals confidence_scores symbols_found queries	complete	270
134	2026-05-01T09:51:00.221351	cycle start_time queries_executed items_processed domains_analyzed convergence_signals confidence_scores symbols_found queries	complete	270
123	2026-05-01T09:51:04.507937	cycle start_time queries_executed items_processed domains_analyzed convergence_signals confidence_scores symbols_found queries	complete	270
181	2026-05-01T09:51:18.660925	cycle start_time queries_executed items_processed domains_analyzed convergence_signals confidence_scores symbols_found queries	complete	270
135	2026-05-01T09:52:00.275812	cycle start_time queries_executed items_processed domains_analyzed convergence_signals confidence_scores symbols_found queries	complete	270
124	2026-05-01T09:52:04.556859	cycle start_time queries_executed items_processed domains_analyzed convergence_signals confidence_scores symbols_found queries	complete	270
182	2026-05-01T09:52:18.714453	cycle start_time queries_executed items_processed domains_analyzed convergence_signals confidence_scores symbols_found queries	complete	270
136	2026-05-01T09:53:00.327858	cycle start_time queries_executed items_processed domains_analyzed convergence_signals confidence_scores symbols_found queries	complete	270
125	2026-05-01T09:53:04.615098	cycle start_time queries_executed items_processed domains_analyzed convergence_signals confidence_scores symbols_found queries	complete	270
183	2026-05-01T09:53:18.770486	cycle start_time queries_executed items_processed domains_analyzed convergence_signals confidence_scores symbols_found queries	complete	270
137	2026-05-01T09:54:00.381047	cycle start_time queries_executed items_processed domains_analyzed convergence_signals confidence_scores symbols_found queries	complete	270
126	2026-05-01T09:54:04.666323	cycle start_time queries_executed items_processed domains_analyzed convergence_signals confidence_scores symbols_found queries	complete	270
184	2026-05-01T09:54:18.821737	cycle start_time queries_executed items_processed domains_analyzed convergence_signals confidence_scores symbols_found queries	complete	270
138	2026-05-01T09:55:00.432690	cycle start_time queries_executed items_processed domains_analyzed convergence_signals confidence_scores symbols_found queries	complete	270
127	2026-05-01T09:55:04.715964	cycle start_time queries_executed items_processed domains_analyzed convergence_signals confidence_scores symbols_found queries	complete	270
185	2026-05-01T09:55:18.891593	cycle start_time queries_executed items_processed domains_analyzed convergence_signals confidence_scores symbols_found queries	complete	270
139	2026-05-01T09:56:00.482006	cycle start_time queries_executed items_processed domains_analyzed convergence_signals confidence_scores symbols_found queries	complete	270
128	2026-05-01T09:56:04.789737	cycle start_time queries_executed items_processed domains_analyzed convergence_signals confidence_scores symbols_found queries	complete	270
186	2026-05-01T09:56:18.942780	cycle start_time queries_executed items_processed domains_analyzed convergence_signals confidence_scores symbols_found queries	complete	270
140	2026-05-01T09:57:00.560148	cycle start_time queries_executed items_processed domains_analyzed convergence_signals confidence_scores symbols_found queries	complete	270
129	2026-05-01T09:57:04.904807	cycle start_time queries_executed items_processed domains_analyzed convergence_signals confidence_scores symbols_found queries	complete	270
187	2026-05-01T09:57:19.041001	cycle start_time queries_executed items_processed domains_analyzed convergence_signals confidence_scores symbols_found queries	complete	270
141	2026-05-01T09:58:00.621429	cycle start_time queries_executed items_processed domains_analyzed convergence_signals confidence_scores symbols_found queries	complete	270
130	2026-05-01T09:58:04.956781	cycle start_time queries_executed items_processed domains_analyzed convergence_signals confidence_scores symbols_found queries	complete	270
188	2026-05-01T09:58:19.092069	cycle start_time queries_executed items_processed domains_analyzed convergence_signals confidence_scores symbols_found queries	complete	270
142	2026-05-01T09:59:00.681877	cycle start_time queries_executed items_processed domains_analyzed convergence_signals confidence_scores symbols_found queries	complete	270
131	2026-05-01T09:59:05.007146	cycle start_time queries_executed items_processed domains_analyzed convergence_signals confidence_scores symbols_found queries	complete	270
189	2026-05-01T09:59:19.144921	cycle start_time queries_executed items_processed domains_analyzed convergence_signals confidence_scores symbols_found queries	complete	270
143	2026-05-01T10:00:00.731884	cycle start_time queries_executed items_processed domains_analyzed convergence_signals confidence_scores symbols_found queries	complete	270
132	2026-05-01T10:00:05.065687	cycle start_time queries_executed items_processed domains_analyzed convergence_signals confidence_scores symbols_found queries	complete	270
190	2026-05-01T10:00:19.196051	cycle start_time queries_executed items_processed domains_analyzed convergence_signals confidence_scores symbols_found queries	complete	270
144	2026-05-01T10:01:00.766695	cycle start_time queries_executed items_processed domains_analyzed convergence_signals confidence_scores symbols_found queries	complete	270
133	2026-05-01T10:01:05.132490	cycle start_time queries_executed items_processed domains_analyzed convergence_signals confidence_scores symbols_found queries	complete	270
191	2026-05-01T10:01:19.251772	cycle start_time queries_executed items_processed domains_analyzed convergence_signals confidence_scores symbols_found queries	complete	270
145	2026-05-01T10:02:00.820367	cycle start_time queries_executed items_processed domains_analyzed convergence_signals confidence_scores symbols_found queries	complete	270
134	2026-05-01T10:02:05.185623	cycle start_time queries_executed items_processed domains_analyzed convergence_signals confidence_scores symbols_found queries	complete	270
192	2026-05-01T10:02:19.302719	cycle start_time queries_executed items_processed domains_analyzed convergence_signals confidence_scores symbols_found queries	complete	270
146	2026-05-01T10:03:00.874169	cycle start_time queries_executed items_processed domains_analyzed convergence_signals confidence_scores symbols_found queries	complete	270
135	2026-05-01T10:03:05.202489	cycle start_time queries_executed items_processed domains_analyzed convergence_signals confidence_scores symbols_found queries	complete	270
193	2026-05-01T10:03:19.354436	cycle start_time queries_executed items_processed domains_analyzed convergence_signals confidence_scores symbols_found queries	complete	270
147	2026-05-01T10:04:00.924054	cycle start_time queries_executed items_processed domains_analyzed convergence_signals confidence_scores symbols_found queries	complete	270
136	2026-05-01T10:04:05.254020	cycle start_time queries_executed items_processed domains_analyzed convergence_signals confidence_scores symbols_found queries	complete	270
194	2026-05-01T10:04:19.412016	cycle start_time queries_executed items_processed domains_analyzed convergence_signals confidence_scores symbols_found queries	complete	270
148	2026-05-01T10:05:01.045921	cycle start_time queries_executed items_processed domains_analyzed convergence_signals confidence_scores symbols_found queries	complete	270
137	2026-05-01T10:05:05.271796	cycle start_time queries_executed items_processed domains_analyzed convergence_signals confidence_scores symbols_found queries	complete	270
195	2026-05-01T10:05:19.454213	cycle start_time queries_executed items_processed domains_analyzed convergence_signals confidence_scores symbols_found queries	complete	270
149	2026-05-01T10:06:01.101406	cycle start_time queries_executed items_processed domains_analyzed convergence_signals confidence_scores symbols_found queries	complete	270
138	2026-05-01T10:06:05.326319	cycle start_time queries_executed items_processed domains_analyzed convergence_signals confidence_scores symbols_found queries	complete	270
196	2026-05-01T10:06:19.505575	cycle start_time queries_executed items_processed domains_analyzed convergence_signals confidence_scores symbols_found queries	complete	270
150	2026-05-01T10:07:01.162047	cycle start_time queries_executed items_processed domains_analyzed convergence_signals confidence_scores symbols_found queries	complete	270
139	2026-05-01T10:07:05.380575	cycle start_time queries_executed items_processed domains_analyzed convergence_signals confidence_scores symbols_found queries	complete	270
197	2026-05-01T10:07:19.557231	cycle start_time queries_executed items_processed domains_analyzed convergence_signals confidence_scores symbols_found queries	complete	270
151	2026-05-01T10:08:01.213448	cycle start_time queries_executed items_processed domains_analyzed convergence_signals confidence_scores symbols_found queries	complete	270
140	2026-05-01T10:08:05.430227	cycle start_time queries_executed items_processed domains_analyzed convergence_signals confidence_scores symbols_found queries	complete	270
198	2026-05-01T10:08:19.573894	cycle start_time queries_executed items_processed domains_analyzed convergence_signals confidence_scores symbols_found queries	complete	270
152	2026-05-01T10:09:01.268262	cycle start_time queries_executed items_processed domains_analyzed convergence_signals confidence_scores symbols_found queries	complete	270
141	2026-05-01T10:09:05.483890	cycle start_time queries_executed items_processed domains_analyzed convergence_signals confidence_scores symbols_found queries	complete	270
199	2026-05-01T10:09:19.629025	cycle start_time queries_executed items_processed domains_analyzed convergence_signals confidence_scores symbols_found queries	complete	270
153	2026-05-01T10:10:01.319777	cycle start_time queries_executed items_processed domains_analyzed convergence_signals confidence_scores symbols_found queries	complete	270
142	2026-05-01T10:10:05.502127	cycle start_time queries_executed items_processed domains_analyzed convergence_signals confidence_scores symbols_found queries	complete	270
200	2026-05-01T10:10:19.650057	cycle start_time queries_executed items_processed domains_analyzed convergence_signals confidence_scores symbols_found queries	complete	270
154	2026-05-01T10:11:01.378141	cycle start_time queries_executed items_processed domains_analyzed convergence_signals confidence_scores symbols_found queries	complete	270
143	2026-05-01T10:11:05.554920	cycle start_time queries_executed items_processed domains_analyzed convergence_signals confidence_scores symbols_found queries	complete	270
201	2026-05-01T10:11:19.700502	cycle start_time queries_executed items_processed domains_analyzed convergence_signals confidence_scores symbols_found queries	complete	270
155	2026-05-01T10:12:01.435035	cycle start_time queries_executed items_processed domains_analyzed convergence_signals confidence_scores symbols_found queries	complete	270
144	2026-05-01T10:12:05.618953	cycle start_time queries_executed items_processed domains_analyzed convergence_signals confidence_scores symbols_found queries	complete	270
202	2026-05-01T10:12:19.716137	cycle start_time queries_executed items_processed domains_analyzed convergence_signals confidence_scores symbols_found queries	complete	270
156	2026-05-01T10:13:01.489719	cycle start_time queries_executed items_processed domains_analyzed convergence_signals confidence_scores symbols_found queries	complete	270
145	2026-05-01T10:13:05.678571	cycle start_time queries_executed items_processed domains_analyzed convergence_signals confidence_scores symbols_found queries	complete	270
203	2026-05-01T10:13:19.768139	cycle start_time queries_executed items_processed domains_analyzed convergence_signals confidence_scores symbols_found queries	complete	270
157	2026-05-01T10:14:01.544073	cycle start_time queries_executed items_processed domains_analyzed convergence_signals confidence_scores symbols_found queries	complete	270
146	2026-05-01T10:14:05.732815	cycle start_time queries_executed items_processed domains_analyzed convergence_signals confidence_scores symbols_found queries	complete	270
204	2026-05-01T10:14:19.833522	cycle start_time queries_executed items_processed domains_analyzed convergence_signals confidence_scores symbols_found queries	complete	270
158	2026-05-01T10:15:01.623042	cycle start_time queries_executed items_processed domains_analyzed convergence_signals confidence_scores symbols_found queries	complete	270
147	2026-05-01T10:15:05.786261	cycle start_time queries_executed items_processed domains_analyzed convergence_signals confidence_scores symbols_found queries	complete	270
205	2026-05-01T10:15:19.884723	cycle start_time queries_executed items_processed domains_analyzed convergence_signals confidence_scores symbols_found queries	complete	270
159	2026-05-01T10:16:01.638838	cycle start_time queries_executed items_processed domains_analyzed convergence_signals confidence_scores symbols_found queries	complete	270
148	2026-05-01T10:16:05.838927	cycle start_time queries_executed items_processed domains_analyzed convergence_signals confidence_scores symbols_found queries	complete	270
206	2026-05-01T10:16:19.955184	cycle start_time queries_executed items_processed domains_analyzed convergence_signals confidence_scores symbols_found queries	complete	270
160	2026-05-01T10:17:01.692923	cycle start_time queries_executed items_processed domains_analyzed convergence_signals confidence_scores symbols_found queries	complete	270
149	2026-05-01T10:17:05.892052	cycle start_time queries_executed items_processed domains_analyzed convergence_signals confidence_scores symbols_found queries	complete	270
207	2026-05-01T10:17:20.030410	cycle start_time queries_executed items_processed domains_analyzed convergence_signals confidence_scores symbols_found queries	complete	270
161	2026-05-01T10:18:01.719850	cycle start_time queries_executed items_processed domains_analyzed convergence_signals confidence_scores symbols_found queries	complete	270
150	2026-05-01T10:18:05.943958	cycle start_time queries_executed items_processed domains_analyzed convergence_signals confidence_scores symbols_found queries	complete	270
208	2026-05-01T10:18:20.085737	cycle start_time queries_executed items_processed domains_analyzed convergence_signals confidence_scores symbols_found queries	complete	270
162	2026-05-01T10:19:01.774950	cycle start_time queries_executed items_processed domains_analyzed convergence_signals confidence_scores symbols_found queries	complete	270
151	2026-05-01T10:19:06.001641	cycle start_time queries_executed items_processed domains_analyzed convergence_signals confidence_scores symbols_found queries	complete	270
209	2026-05-01T10:19:20.149549	cycle start_time queries_executed items_processed domains_analyzed convergence_signals confidence_scores symbols_found queries	complete	270
163	2026-05-01T10:20:01.827858	cycle start_time queries_executed items_processed domains_analyzed convergence_signals confidence_scores symbols_found queries	complete	270
152	2026-05-01T10:20:06.054365	cycle start_time queries_executed items_processed domains_analyzed convergence_signals confidence_scores symbols_found queries	complete	270
210	2026-05-01T10:20:20.210021	cycle start_time queries_executed items_processed domains_analyzed convergence_signals confidence_scores symbols_found queries	complete	270
164	2026-05-01T10:21:01.880360	cycle start_time queries_executed items_processed domains_analyzed convergence_signals confidence_scores symbols_found queries	complete	270
153	2026-05-01T10:21:06.107093	cycle start_time queries_executed items_processed domains_analyzed convergence_signals confidence_scores symbols_found queries	complete	270
211	2026-05-01T10:21:20.266555	cycle start_time queries_executed items_processed domains_analyzed convergence_signals confidence_scores symbols_found queries	complete	270
165	2026-05-01T10:22:01.942843	cycle start_time queries_executed items_processed domains_analyzed convergence_signals confidence_scores symbols_found queries	complete	270
154	2026-05-01T10:22:06.158617	cycle start_time queries_executed items_processed domains_analyzed convergence_signals confidence_scores symbols_found queries	complete	270
212	2026-05-01T10:22:20.326226	cycle start_time queries_executed items_processed domains_analyzed convergence_signals confidence_scores symbols_found queries	complete	270
166	2026-05-01T10:23:01.997950	cycle start_time queries_executed items_processed domains_analyzed convergence_signals confidence_scores symbols_found queries	complete	270
155	2026-05-01T10:23:06.214491	cycle start_time queries_executed items_processed domains_analyzed convergence_signals confidence_scores symbols_found queries	complete	270
213	2026-05-01T10:23:20.377344	cycle start_time queries_executed items_processed domains_analyzed convergence_signals confidence_scores symbols_found queries	complete	270
167	2026-05-01T10:24:02.016395	cycle start_time queries_executed items_processed domains_analyzed convergence_signals confidence_scores symbols_found queries	complete	270
156	2026-05-01T10:24:06.274827	cycle start_time queries_executed items_processed domains_analyzed convergence_signals confidence_scores symbols_found queries	complete	270
214	2026-05-01T10:24:20.452367	cycle start_time queries_executed items_processed domains_analyzed convergence_signals confidence_scores symbols_found queries	complete	270
168	2026-05-01T10:25:02.069650	cycle start_time queries_executed items_processed domains_analyzed convergence_signals confidence_scores symbols_found queries	complete	270
157	2026-05-01T10:25:06.333939	cycle start_time queries_executed items_processed domains_analyzed convergence_signals confidence_scores symbols_found queries	complete	270
215	2026-05-01T10:25:20.507935	cycle start_time queries_executed items_processed domains_analyzed convergence_signals confidence_scores symbols_found queries	complete	270
169	2026-05-01T10:26:02.122289	cycle start_time queries_executed items_processed domains_analyzed convergence_signals confidence_scores symbols_found queries	complete	270
158	2026-05-01T10:26:06.357785	cycle start_time queries_executed items_processed domains_analyzed convergence_signals confidence_scores symbols_found queries	complete	270
216	2026-05-01T10:26:20.561273	cycle start_time queries_executed items_processed domains_analyzed convergence_signals confidence_scores symbols_found queries	complete	270
170	2026-05-01T10:27:02.178282	cycle start_time queries_executed items_processed domains_analyzed convergence_signals confidence_scores symbols_found queries	complete	270
159	2026-05-01T10:27:06.414603	cycle start_time queries_executed items_processed domains_analyzed convergence_signals confidence_scores symbols_found queries	complete	270
217	2026-05-01T10:27:20.621864	cycle start_time queries_executed items_processed domains_analyzed convergence_signals confidence_scores symbols_found queries	complete	270
171	2026-05-01T10:28:02.232631	cycle start_time queries_executed items_processed domains_analyzed convergence_signals confidence_scores symbols_found queries	complete	270
160	2026-05-01T10:28:06.468598	cycle start_time queries_executed items_processed domains_analyzed convergence_signals confidence_scores symbols_found queries	complete	270
218	2026-05-01T10:28:20.681578	cycle start_time queries_executed items_processed domains_analyzed convergence_signals confidence_scores symbols_found queries	complete	270
172	2026-05-01T10:29:02.288686	cycle start_time queries_executed items_processed domains_analyzed convergence_signals confidence_scores symbols_found queries	complete	270
161	2026-05-01T10:29:06.522363	cycle start_time queries_executed items_processed domains_analyzed convergence_signals confidence_scores symbols_found queries	complete	270
219	2026-05-01T10:29:20.739447	cycle start_time queries_executed items_processed domains_analyzed convergence_signals confidence_scores symbols_found queries	complete	270
173	2026-05-01T10:30:02.388772	cycle start_time queries_executed items_processed domains_analyzed convergence_signals confidence_scores symbols_found queries	complete	270
162	2026-05-01T10:30:06.543466	cycle start_time queries_executed items_processed domains_analyzed convergence_signals confidence_scores symbols_found queries	complete	270
220	2026-05-01T10:30:20.794272	cycle start_time queries_executed items_processed domains_analyzed convergence_signals confidence_scores symbols_found queries	complete	270
174	2026-05-01T10:31:02.479679	cycle start_time queries_executed items_processed domains_analyzed convergence_signals confidence_scores symbols_found queries	complete	270
163	2026-05-01T10:31:06.619057	cycle start_time queries_executed items_processed domains_analyzed convergence_signals confidence_scores symbols_found queries	complete	270
221	2026-05-01T10:31:20.848413	cycle start_time queries_executed items_processed domains_analyzed convergence_signals confidence_scores symbols_found queries	complete	270
175	2026-05-01T10:32:02.535760	cycle start_time queries_executed items_processed domains_analyzed convergence_signals confidence_scores symbols_found queries	complete	270
164	2026-05-01T10:32:06.643510	cycle start_time queries_executed items_processed domains_analyzed convergence_signals confidence_scores symbols_found queries	complete	270
222	2026-05-01T10:32:20.908244	cycle start_time queries_executed items_processed domains_analyzed convergence_signals confidence_scores symbols_found queries	complete	270
176	2026-05-01T10:33:02.555782	cycle start_time queries_executed items_processed domains_analyzed convergence_signals confidence_scores symbols_found queries	complete	270
165	2026-05-01T10:33:06.699267	cycle start_time queries_executed items_processed domains_analyzed convergence_signals confidence_scores symbols_found queries	complete	270
223	2026-05-01T10:33:20.928281	cycle start_time queries_executed items_processed domains_analyzed convergence_signals confidence_scores symbols_found queries	complete	270
177	2026-05-01T10:34:02.577476	cycle start_time queries_executed items_processed domains_analyzed convergence_signals confidence_scores symbols_found queries	complete	270
166	2026-05-01T10:34:06.754661	cycle start_time queries_executed items_processed domains_analyzed convergence_signals confidence_scores symbols_found queries	complete	270
224	2026-05-01T10:34:20.982102	cycle start_time queries_executed items_processed domains_analyzed convergence_signals confidence_scores symbols_found queries	complete	270
178	2026-05-01T10:35:02.595050	cycle start_time queries_executed items_processed domains_analyzed convergence_signals confidence_scores symbols_found queries	complete	270
167	2026-05-01T10:35:06.772499	cycle start_time queries_executed items_processed domains_analyzed convergence_signals confidence_scores symbols_found queries	complete	270
225	2026-05-01T10:35:21.003995	cycle start_time queries_executed items_processed domains_analyzed convergence_signals confidence_scores symbols_found queries	complete	270
179	2026-05-01T10:36:02.647139	cycle start_time queries_executed items_processed domains_analyzed convergence_signals confidence_scores symbols_found queries	complete	270
168	2026-05-01T10:36:06.838653	cycle start_time queries_executed items_processed domains_analyzed convergence_signals confidence_scores symbols_found queries	complete	270
226	2026-05-01T10:36:21.054836	cycle start_time queries_executed items_processed domains_analyzed convergence_signals confidence_scores symbols_found queries	complete	270
180	2026-05-01T10:37:02.724982	cycle start_time queries_executed items_processed domains_analyzed convergence_signals confidence_scores symbols_found queries	complete	270
169	2026-05-01T10:37:06.892023	cycle start_time queries_executed items_processed domains_analyzed convergence_signals confidence_scores symbols_found queries	complete	270
227	2026-05-01T10:37:21.115315	cycle start_time queries_executed items_processed domains_analyzed convergence_signals confidence_scores symbols_found queries	complete	270
181	2026-05-01T10:38:02.747644	cycle start_time queries_executed items_processed domains_analyzed convergence_signals confidence_scores symbols_found queries	complete	270
170	2026-05-01T10:38:06.945865	cycle start_time queries_executed items_processed domains_analyzed convergence_signals confidence_scores symbols_found queries	complete	270
228	2026-05-01T10:38:21.170695	cycle start_time queries_executed items_processed domains_analyzed convergence_signals confidence_scores symbols_found queries	complete	270
182	2026-05-01T10:39:02.766412	cycle start_time queries_executed items_processed domains_analyzed convergence_signals confidence_scores symbols_found queries	complete	270
171	2026-05-01T10:39:06.965697	cycle start_time queries_executed items_processed domains_analyzed convergence_signals confidence_scores symbols_found queries	complete	270
229	2026-05-01T10:39:21.239221	cycle start_time queries_executed items_processed domains_analyzed convergence_signals confidence_scores symbols_found queries	complete	270
183	2026-05-01T10:40:02.784659	cycle start_time queries_executed items_processed domains_analyzed convergence_signals confidence_scores symbols_found queries	complete	270
172	2026-05-01T10:40:07.021609	cycle start_time queries_executed items_processed domains_analyzed convergence_signals confidence_scores symbols_found queries	complete	270
230	2026-05-01T10:40:21.293142	cycle start_time queries_executed items_processed domains_analyzed convergence_signals confidence_scores symbols_found queries	complete	270
184	2026-05-01T10:41:02.851753	cycle start_time queries_executed items_processed domains_analyzed convergence_signals confidence_scores symbols_found queries	complete	270
173	2026-05-01T10:41:07.076084	cycle start_time queries_executed items_processed domains_analyzed convergence_signals confidence_scores symbols_found queries	complete	270
231	2026-05-01T10:41:21.369353	cycle start_time queries_executed items_processed domains_analyzed convergence_signals confidence_scores symbols_found queries	complete	270
185	2026-05-01T10:42:02.907534	cycle start_time queries_executed items_processed domains_analyzed convergence_signals confidence_scores symbols_found queries	complete	270
174	2026-05-01T10:42:07.135472	cycle start_time queries_executed items_processed domains_analyzed convergence_signals confidence_scores symbols_found queries	complete	270
232	2026-05-01T10:42:21.438599	cycle start_time queries_executed items_processed domains_analyzed convergence_signals confidence_scores symbols_found queries	complete	270
186	2026-05-01T10:43:02.959814	cycle start_time queries_executed items_processed domains_analyzed convergence_signals confidence_scores symbols_found queries	complete	270
175	2026-05-01T10:43:07.154336	cycle start_time queries_executed items_processed domains_analyzed convergence_signals confidence_scores symbols_found queries	complete	270
233	2026-05-01T10:43:21.494064	cycle start_time queries_executed items_processed domains_analyzed convergence_signals confidence_scores symbols_found queries	complete	270
187	2026-05-01T10:44:03.013451	cycle start_time queries_executed items_processed domains_analyzed convergence_signals confidence_scores symbols_found queries	complete	270
176	2026-05-01T10:44:07.209137	cycle start_time queries_executed items_processed domains_analyzed convergence_signals confidence_scores symbols_found queries	complete	270
234	2026-05-01T10:44:21.547584	cycle start_time queries_executed items_processed domains_analyzed convergence_signals confidence_scores symbols_found queries	complete	270
188	2026-05-01T10:45:03.067779	cycle start_time queries_executed items_processed domains_analyzed convergence_signals confidence_scores symbols_found queries	complete	270
177	2026-05-01T10:45:07.262651	cycle start_time queries_executed items_processed domains_analyzed convergence_signals confidence_scores symbols_found queries	complete	270
235	2026-05-01T10:45:21.602269	cycle start_time queries_executed items_processed domains_analyzed convergence_signals confidence_scores symbols_found queries	complete	270
189	2026-05-01T10:46:03.132558	cycle start_time queries_executed items_processed domains_analyzed convergence_signals confidence_scores symbols_found queries	complete	270
178	2026-05-01T10:46:07.322323	cycle start_time queries_executed items_processed domains_analyzed convergence_signals confidence_scores symbols_found queries	complete	270
236	2026-05-01T10:46:21.622219	cycle start_time queries_executed items_processed domains_analyzed convergence_signals confidence_scores symbols_found queries	complete	270
190	2026-05-01T10:47:03.194204	cycle start_time queries_executed items_processed domains_analyzed convergence_signals confidence_scores symbols_found queries	complete	270
179	2026-05-01T10:47:07.391025	cycle start_time queries_executed items_processed domains_analyzed convergence_signals confidence_scores symbols_found queries	complete	270
237	2026-05-01T10:47:21.678851	cycle start_time queries_executed items_processed domains_analyzed convergence_signals confidence_scores symbols_found queries	complete	270
191	2026-05-01T10:48:03.268553	cycle start_time queries_executed items_processed domains_analyzed convergence_signals confidence_scores symbols_found queries	complete	270
180	2026-05-01T10:48:07.483981	cycle start_time queries_executed items_processed domains_analyzed convergence_signals confidence_scores symbols_found queries	complete	270
238	2026-05-01T10:48:21.737525	cycle start_time queries_executed items_processed domains_analyzed convergence_signals confidence_scores symbols_found queries	complete	270
192	2026-05-01T10:49:03.347396	cycle start_time queries_executed items_processed domains_analyzed convergence_signals confidence_scores symbols_found queries	complete	270
181	2026-05-01T10:49:07.539641	cycle start_time queries_executed items_processed domains_analyzed convergence_signals confidence_scores symbols_found queries	complete	270
239	2026-05-01T10:49:21.800646	cycle start_time queries_executed items_processed domains_analyzed convergence_signals confidence_scores symbols_found queries	complete	270
193	2026-05-01T10:50:03.411592	cycle start_time queries_executed items_processed domains_analyzed convergence_signals confidence_scores symbols_found queries	complete	270
182	2026-05-01T10:50:07.559211	cycle start_time queries_executed items_processed domains_analyzed convergence_signals confidence_scores symbols_found queries	complete	270
240	2026-05-01T10:50:21.854367	cycle start_time queries_executed items_processed domains_analyzed convergence_signals confidence_scores symbols_found queries	complete	270
194	2026-05-01T10:51:03.465737	cycle start_time queries_executed items_processed domains_analyzed convergence_signals confidence_scores symbols_found queries	complete	270
183	2026-05-01T10:51:07.617079	cycle start_time queries_executed items_processed domains_analyzed convergence_signals confidence_scores symbols_found queries	complete	270
241	2026-05-01T10:51:21.919759	cycle start_time queries_executed items_processed domains_analyzed convergence_signals confidence_scores symbols_found queries	complete	270
195	2026-05-01T10:52:03.522297	cycle start_time queries_executed items_processed domains_analyzed convergence_signals confidence_scores symbols_found queries	complete	270
184	2026-05-01T10:52:07.648669	cycle start_time queries_executed items_processed domains_analyzed convergence_signals confidence_scores symbols_found queries	complete	270
242	2026-05-01T10:52:22.005812	cycle start_time queries_executed items_processed domains_analyzed convergence_signals confidence_scores symbols_found queries	complete	270
196	2026-05-01T10:53:03.553620	cycle start_time queries_executed items_processed domains_analyzed convergence_signals confidence_scores symbols_found queries	complete	270
185	2026-05-01T10:53:07.711727	cycle start_time queries_executed items_processed domains_analyzed convergence_signals confidence_scores symbols_found queries	complete	270
243	2026-05-01T10:53:22.062406	cycle start_time queries_executed items_processed domains_analyzed convergence_signals confidence_scores symbols_found queries	complete	270
197	2026-05-01T10:54:03.605661	cycle start_time queries_executed items_processed domains_analyzed convergence_signals confidence_scores symbols_found queries	complete	270
186	2026-05-01T10:54:07.763768	cycle start_time queries_executed items_processed domains_analyzed convergence_signals confidence_scores symbols_found queries	complete	270
244	2026-05-01T10:54:22.079035	cycle start_time queries_executed items_processed domains_analyzed convergence_signals confidence_scores symbols_found queries	complete	270
198	2026-05-01T10:55:03.660518	cycle start_time queries_executed items_processed domains_analyzed convergence_signals confidence_scores symbols_found queries	complete	270
187	2026-05-01T10:55:07.815229	cycle start_time queries_executed items_processed domains_analyzed convergence_signals confidence_scores symbols_found queries	complete	270
245	2026-05-01T10:55:22.145508	cycle start_time queries_executed items_processed domains_analyzed convergence_signals confidence_scores symbols_found queries	complete	270
199	2026-05-01T10:56:03.768505	cycle start_time queries_executed items_processed domains_analyzed convergence_signals confidence_scores symbols_found queries	complete	270
188	2026-05-01T10:56:07.840944	cycle start_time queries_executed items_processed domains_analyzed convergence_signals confidence_scores symbols_found queries	complete	270
246	2026-05-01T10:56:22.179625	cycle start_time queries_executed items_processed domains_analyzed convergence_signals confidence_scores symbols_found queries	complete	270
200	2026-05-01T10:57:03.825554	cycle start_time queries_executed items_processed domains_analyzed convergence_signals confidence_scores symbols_found queries	complete	270
189	2026-05-01T10:57:07.897325	cycle start_time queries_executed items_processed domains_analyzed convergence_signals confidence_scores symbols_found queries	complete	270
247	2026-05-01T10:57:22.214556	cycle start_time queries_executed items_processed domains_analyzed convergence_signals confidence_scores symbols_found queries	complete	270
201	2026-05-01T10:58:03.881979	cycle start_time queries_executed items_processed domains_analyzed convergence_signals confidence_scores symbols_found queries	complete	270
190	2026-05-01T10:58:07.953779	cycle start_time queries_executed items_processed domains_analyzed convergence_signals confidence_scores symbols_found queries	complete	270
248	2026-05-01T10:58:22.300609	cycle start_time queries_executed items_processed domains_analyzed convergence_signals confidence_scores symbols_found queries	complete	270
202	2026-05-01T10:59:03.945693	cycle start_time queries_executed items_processed domains_analyzed convergence_signals confidence_scores symbols_found queries	complete	270
191	2026-05-01T10:59:08.007543	cycle start_time queries_executed items_processed domains_analyzed convergence_signals confidence_scores symbols_found queries	complete	270
249	2026-05-01T10:59:22.322918	cycle start_time queries_executed items_processed domains_analyzed convergence_signals confidence_scores symbols_found queries	complete	270
203	2026-05-01T11:00:04.026658	cycle start_time queries_executed items_processed domains_analyzed convergence_signals confidence_scores symbols_found queries	complete	270
192	2026-05-01T11:00:08.024753	cycle start_time queries_executed items_processed domains_analyzed convergence_signals confidence_scores symbols_found queries	complete	270
250	2026-05-01T11:00:22.340978	cycle start_time queries_executed items_processed domains_analyzed convergence_signals confidence_scores symbols_found queries	complete	270
204	2026-05-01T11:01:04.087380	cycle start_time queries_executed items_processed domains_analyzed convergence_signals confidence_scores symbols_found queries	complete	270
193	2026-05-01T11:01:08.077259	cycle start_time queries_executed items_processed domains_analyzed convergence_signals confidence_scores symbols_found queries	complete	270
251	2026-05-01T11:01:22.362766	cycle start_time queries_executed items_processed domains_analyzed convergence_signals confidence_scores symbols_found queries	complete	270
205	2026-05-01T11:02:04.151946	cycle start_time queries_executed items_processed domains_analyzed convergence_signals confidence_scores symbols_found queries	complete	270
194	2026-05-01T11:02:08.096605	cycle start_time queries_executed items_processed domains_analyzed convergence_signals confidence_scores symbols_found queries	complete	270
252	2026-05-01T11:02:22.428398	cycle start_time queries_executed items_processed domains_analyzed convergence_signals confidence_scores symbols_found queries	complete	270
206	2026-05-01T11:03:04.206872	cycle start_time queries_executed items_processed domains_analyzed convergence_signals confidence_scores symbols_found queries	complete	270
195	2026-05-01T11:03:08.157757	cycle start_time queries_executed items_processed domains_analyzed convergence_signals confidence_scores symbols_found queries	complete	270
253	2026-05-01T11:03:22.538111	cycle start_time queries_executed items_processed domains_analyzed convergence_signals confidence_scores symbols_found queries	complete	270
207	2026-05-01T11:04:04.229928	cycle start_time queries_executed items_processed domains_analyzed convergence_signals confidence_scores symbols_found queries	complete	270
196	2026-05-01T11:04:08.212228	cycle start_time queries_executed items_processed domains_analyzed convergence_signals confidence_scores symbols_found queries	complete	270
254	2026-05-01T11:04:22.600901	cycle start_time queries_executed items_processed domains_analyzed convergence_signals confidence_scores symbols_found queries	complete	270
208	2026-05-01T11:05:04.291889	cycle start_time queries_executed items_processed domains_analyzed convergence_signals confidence_scores symbols_found queries	complete	270
197	2026-05-01T11:05:08.233737	cycle start_time queries_executed items_processed domains_analyzed convergence_signals confidence_scores symbols_found queries	complete	270
255	2026-05-01T11:05:22.664050	cycle start_time queries_executed items_processed domains_analyzed convergence_signals confidence_scores symbols_found queries	complete	270
209	2026-05-01T11:06:04.390089	cycle start_time queries_executed items_processed domains_analyzed convergence_signals confidence_scores symbols_found queries	complete	270
198	2026-05-01T11:06:08.298130	cycle start_time queries_executed items_processed domains_analyzed convergence_signals confidence_scores symbols_found queries	complete	270
256	2026-05-01T11:06:22.741153	cycle start_time queries_executed items_processed domains_analyzed convergence_signals confidence_scores symbols_found queries	complete	270
210	2026-05-01T11:07:04.466916	cycle start_time queries_executed items_processed domains_analyzed convergence_signals confidence_scores symbols_found queries	complete	270
199	2026-05-01T11:07:08.357371	cycle start_time queries_executed items_processed domains_analyzed convergence_signals confidence_scores symbols_found queries	complete	270
257	2026-05-01T11:07:22.799436	cycle start_time queries_executed items_processed domains_analyzed convergence_signals confidence_scores symbols_found queries	complete	270
211	2026-05-01T11:08:04.528256	cycle start_time queries_executed items_processed domains_analyzed convergence_signals confidence_scores symbols_found queries	complete	270
200	2026-05-01T11:08:08.418996	cycle start_time queries_executed items_processed domains_analyzed convergence_signals confidence_scores symbols_found queries	complete	270
258	2026-05-01T11:08:22.865295	cycle start_time queries_executed items_processed domains_analyzed convergence_signals confidence_scores symbols_found queries	complete	270
212	2026-05-01T11:09:04.558397	cycle start_time queries_executed items_processed domains_analyzed convergence_signals confidence_scores symbols_found queries	complete	270
201	2026-05-01T11:09:08.475566	cycle start_time queries_executed items_processed domains_analyzed convergence_signals confidence_scores symbols_found queries	complete	270
259	2026-05-01T11:09:22.919755	cycle start_time queries_executed items_processed domains_analyzed convergence_signals confidence_scores symbols_found queries	complete	270
213	2026-05-01T11:10:04.620629	cycle start_time queries_executed items_processed domains_analyzed convergence_signals confidence_scores symbols_found queries	complete	270
202	2026-05-01T11:10:08.533244	cycle start_time queries_executed items_processed domains_analyzed convergence_signals confidence_scores symbols_found queries	complete	270
260	2026-05-01T11:10:22.948033	cycle start_time queries_executed items_processed domains_analyzed convergence_signals confidence_scores symbols_found queries	complete	270
214	2026-05-01T11:11:04.684209	cycle start_time queries_executed items_processed domains_analyzed convergence_signals confidence_scores symbols_found queries	complete	270
203	2026-05-01T11:11:08.590155	cycle start_time queries_executed items_processed domains_analyzed convergence_signals confidence_scores symbols_found queries	complete	270
261	2026-05-01T11:11:23.005100	cycle start_time queries_executed items_processed domains_analyzed convergence_signals confidence_scores symbols_found queries	complete	270
215	2026-05-01T11:12:04.703577	cycle start_time queries_executed items_processed domains_analyzed convergence_signals confidence_scores symbols_found queries	complete	270
204	2026-05-01T11:12:08.609246	cycle start_time queries_executed items_processed domains_analyzed convergence_signals confidence_scores symbols_found queries	complete	270
262	2026-05-01T11:12:23.068887	cycle start_time queries_executed items_processed domains_analyzed convergence_signals confidence_scores symbols_found queries	complete	270
216	2026-05-01T11:13:04.759999	cycle start_time queries_executed items_processed domains_analyzed convergence_signals confidence_scores symbols_found queries	complete	270
205	2026-05-01T11:13:08.689394	cycle start_time queries_executed items_processed domains_analyzed convergence_signals confidence_scores symbols_found queries	complete	270
263	2026-05-01T11:13:23.132088	cycle start_time queries_executed items_processed domains_analyzed convergence_signals confidence_scores symbols_found queries	complete	270
217	2026-05-01T11:14:04.823794	cycle start_time queries_executed items_processed domains_analyzed convergence_signals confidence_scores symbols_found queries	complete	270
206	2026-05-01T11:14:08.749206	cycle start_time queries_executed items_processed domains_analyzed convergence_signals confidence_scores symbols_found queries	complete	270
264	2026-05-01T11:14:23.158962	cycle start_time queries_executed items_processed domains_analyzed convergence_signals confidence_scores symbols_found queries	complete	270
218	2026-05-01T11:15:04.895711	cycle start_time queries_executed items_processed domains_analyzed convergence_signals confidence_scores symbols_found queries	complete	270
207	2026-05-01T11:15:08.813870	cycle start_time queries_executed items_processed domains_analyzed convergence_signals confidence_scores symbols_found queries	complete	270
265	2026-05-01T11:15:23.216439	cycle start_time queries_executed items_processed domains_analyzed convergence_signals confidence_scores symbols_found queries	complete	270
219	2026-05-01T11:16:04.953383	cycle start_time queries_executed items_processed domains_analyzed convergence_signals confidence_scores symbols_found queries	complete	270
208	2026-05-01T11:16:08.875426	cycle start_time queries_executed items_processed domains_analyzed convergence_signals confidence_scores symbols_found queries	complete	270
266	2026-05-01T11:16:23.278290	cycle start_time queries_executed items_processed domains_analyzed convergence_signals confidence_scores symbols_found queries	complete	270
220	2026-05-01T11:17:05.014496	cycle start_time queries_executed items_processed domains_analyzed convergence_signals confidence_scores symbols_found queries	complete	270
209	2026-05-01T11:17:08.938148	cycle start_time queries_executed items_processed domains_analyzed convergence_signals confidence_scores symbols_found queries	complete	270
267	2026-05-01T11:17:23.350504	cycle start_time queries_executed items_processed domains_analyzed convergence_signals confidence_scores symbols_found queries	complete	270
221	2026-05-01T11:18:05.080082	cycle start_time queries_executed items_processed domains_analyzed convergence_signals confidence_scores symbols_found queries	complete	270
210	2026-05-01T11:18:09.001752	cycle start_time queries_executed items_processed domains_analyzed convergence_signals confidence_scores symbols_found queries	complete	270
268	2026-05-01T11:18:23.374244	cycle start_time queries_executed items_processed domains_analyzed convergence_signals confidence_scores symbols_found queries	complete	270
222	2026-05-01T11:19:05.161910	cycle start_time queries_executed items_processed domains_analyzed convergence_signals confidence_scores symbols_found queries	complete	270
211	2026-05-01T11:19:09.056084	cycle start_time queries_executed items_processed domains_analyzed convergence_signals confidence_scores symbols_found queries	complete	270
269	2026-05-01T11:19:23.428849	cycle start_time queries_executed items_processed domains_analyzed convergence_signals confidence_scores symbols_found queries	complete	270
223	2026-05-01T11:20:05.220097	cycle start_time queries_executed items_processed domains_analyzed convergence_signals confidence_scores symbols_found queries	complete	270
212	2026-05-01T11:20:09.112891	cycle start_time queries_executed items_processed domains_analyzed convergence_signals confidence_scores symbols_found queries	complete	270
270	2026-05-01T11:20:23.458539	cycle start_time queries_executed items_processed domains_analyzed convergence_signals confidence_scores symbols_found queries	complete	270
224	2026-05-01T11:21:05.238896	cycle start_time queries_executed items_processed domains_analyzed convergence_signals confidence_scores symbols_found queries	complete	270
213	2026-05-01T11:21:09.170695	cycle start_time queries_executed items_processed domains_analyzed convergence_signals confidence_scores symbols_found queries	complete	270
271	2026-05-01T11:21:23.517238	cycle start_time queries_executed items_processed domains_analyzed convergence_signals confidence_scores symbols_found queries	complete	270
225	2026-05-01T11:22:05.262594	cycle start_time queries_executed items_processed domains_analyzed convergence_signals confidence_scores symbols_found queries	complete	270
214	2026-05-01T11:22:09.190686	cycle start_time queries_executed items_processed domains_analyzed convergence_signals confidence_scores symbols_found queries	complete	270
272	2026-05-01T11:22:23.572932	cycle start_time queries_executed items_processed domains_analyzed convergence_signals confidence_scores symbols_found queries	complete	270
226	2026-05-01T11:23:05.321833	cycle start_time queries_executed items_processed domains_analyzed convergence_signals confidence_scores symbols_found queries	complete	270
215	2026-05-01T11:23:09.248275	cycle start_time queries_executed items_processed domains_analyzed convergence_signals confidence_scores symbols_found queries	complete	270
273	2026-05-01T11:23:23.598064	cycle start_time queries_executed items_processed domains_analyzed convergence_signals confidence_scores symbols_found queries	complete	270
227	2026-05-01T11:24:05.378194	cycle start_time queries_executed items_processed domains_analyzed convergence_signals confidence_scores symbols_found queries	complete	270
216	2026-05-01T11:24:09.269822	cycle start_time queries_executed items_processed domains_analyzed convergence_signals confidence_scores symbols_found queries	complete	270
274	2026-05-01T11:24:23.657067	cycle start_time queries_executed items_processed domains_analyzed convergence_signals confidence_scores symbols_found queries	complete	270
228	2026-05-01T11:25:05.442444	cycle start_time queries_executed items_processed domains_analyzed convergence_signals confidence_scores symbols_found queries	complete	270
217	2026-05-01T11:25:09.331756	cycle start_time queries_executed items_processed domains_analyzed convergence_signals confidence_scores symbols_found queries	complete	270
275	2026-05-01T11:25:23.711035	cycle start_time queries_executed items_processed domains_analyzed convergence_signals confidence_scores symbols_found queries	complete	270
229	2026-05-01T11:26:05.522048	cycle start_time queries_executed items_processed domains_analyzed convergence_signals confidence_scores symbols_found queries	complete	270
218	2026-05-01T11:26:09.391391	cycle start_time queries_executed items_processed domains_analyzed convergence_signals confidence_scores symbols_found queries	complete	270
276	2026-05-01T11:26:23.776166	cycle start_time queries_executed items_processed domains_analyzed convergence_signals confidence_scores symbols_found queries	complete	270
230	2026-05-01T11:27:05.607025	cycle start_time queries_executed items_processed domains_analyzed convergence_signals confidence_scores symbols_found queries	complete	270
219	2026-05-01T11:27:09.453427	cycle start_time queries_executed items_processed domains_analyzed convergence_signals confidence_scores symbols_found queries	complete	270
277	2026-05-01T11:27:23.842324	cycle start_time queries_executed items_processed domains_analyzed convergence_signals confidence_scores symbols_found queries	complete	270
231	2026-05-01T11:28:05.667286	cycle start_time queries_executed items_processed domains_analyzed convergence_signals confidence_scores symbols_found queries	complete	270
220	2026-05-01T11:28:09.514694	cycle start_time queries_executed items_processed domains_analyzed convergence_signals confidence_scores symbols_found queries	complete	270
278	2026-05-01T11:28:23.900818	cycle start_time queries_executed items_processed domains_analyzed convergence_signals confidence_scores symbols_found queries	complete	270
232	2026-05-01T11:29:05.695453	cycle start_time queries_executed items_processed domains_analyzed convergence_signals confidence_scores symbols_found queries	complete	270
221	2026-05-01T11:29:09.560600	cycle start_time queries_executed items_processed domains_analyzed convergence_signals confidence_scores symbols_found queries	complete	270
279	2026-05-01T11:29:23.976425	cycle start_time queries_executed items_processed domains_analyzed convergence_signals confidence_scores symbols_found queries	complete	270
233	2026-05-01T11:30:05.761982	cycle start_time queries_executed items_processed domains_analyzed convergence_signals confidence_scores symbols_found queries	complete	270
222	2026-05-01T11:30:09.622472	cycle start_time queries_executed items_processed domains_analyzed convergence_signals confidence_scores symbols_found queries	complete	270
280	2026-05-01T11:30:24.039590	cycle start_time queries_executed items_processed domains_analyzed convergence_signals confidence_scores symbols_found queries	complete	270
234	2026-05-01T11:31:05.828516	cycle start_time queries_executed items_processed domains_analyzed convergence_signals confidence_scores symbols_found queries	complete	270
223	2026-05-01T11:31:09.687486	cycle start_time queries_executed items_processed domains_analyzed convergence_signals confidence_scores symbols_found queries	complete	270
281	2026-05-01T11:31:24.095768	cycle start_time queries_executed items_processed domains_analyzed convergence_signals confidence_scores symbols_found queries	complete	270
235	2026-05-01T11:32:05.891996	cycle start_time queries_executed items_processed domains_analyzed convergence_signals confidence_scores symbols_found queries	complete	270
224	2026-05-01T11:32:09.750795	cycle start_time queries_executed items_processed domains_analyzed convergence_signals confidence_scores symbols_found queries	complete	270
282	2026-05-01T11:32:24.159366	cycle start_time queries_executed items_processed domains_analyzed convergence_signals confidence_scores symbols_found queries	complete	270
236	2026-05-01T11:33:05.951803	cycle start_time queries_executed items_processed domains_analyzed convergence_signals confidence_scores symbols_found queries	complete	270
225	2026-05-01T11:33:09.819434	cycle start_time queries_executed items_processed domains_analyzed convergence_signals confidence_scores symbols_found queries	complete	270
283	2026-05-01T11:33:24.225758	cycle start_time queries_executed items_processed domains_analyzed convergence_signals confidence_scores symbols_found queries	complete	270
237	2026-05-01T11:34:05.970075	cycle start_time queries_executed items_processed domains_analyzed convergence_signals confidence_scores symbols_found queries	complete	270
226	2026-05-01T11:34:09.871249	cycle start_time queries_executed items_processed domains_analyzed convergence_signals confidence_scores symbols_found queries	complete	270
284	2026-05-01T11:34:24.272723	cycle start_time queries_executed items_processed domains_analyzed convergence_signals confidence_scores symbols_found queries	complete	270
238	2026-05-01T11:35:06.019041	cycle start_time queries_executed items_processed domains_analyzed convergence_signals confidence_scores symbols_found queries	complete	270
227	2026-05-01T11:35:09.925801	cycle start_time queries_executed items_processed domains_analyzed convergence_signals confidence_scores symbols_found queries	complete	270
285	2026-05-01T11:35:24.325421	cycle start_time queries_executed items_processed domains_analyzed convergence_signals confidence_scores symbols_found queries	complete	270
239	2026-05-01T11:36:06.069481	cycle start_time queries_executed items_processed domains_analyzed convergence_signals confidence_scores symbols_found queries	complete	270
228	2026-05-01T11:36:09.976407	cycle start_time queries_executed items_processed domains_analyzed convergence_signals confidence_scores symbols_found queries	complete	270
286	2026-05-01T11:36:24.376314	cycle start_time queries_executed items_processed domains_analyzed convergence_signals confidence_scores symbols_found queries	complete	270
240	2026-05-01T11:37:06.116091	cycle start_time queries_executed items_processed domains_analyzed convergence_signals confidence_scores symbols_found queries	complete	270
229	2026-05-01T11:37:10.025771	cycle start_time queries_executed items_processed domains_analyzed convergence_signals confidence_scores symbols_found queries	complete	270
287	2026-05-01T11:37:24.423661	cycle start_time queries_executed items_processed domains_analyzed convergence_signals confidence_scores symbols_found queries	complete	270
241	2026-05-01T11:38:06.192882	cycle start_time queries_executed items_processed domains_analyzed convergence_signals confidence_scores symbols_found queries	complete	270
230	2026-05-01T11:38:10.072858	cycle start_time queries_executed items_processed domains_analyzed convergence_signals confidence_scores symbols_found queries	complete	270
288	2026-05-01T11:38:24.476340	cycle start_time queries_executed items_processed domains_analyzed convergence_signals confidence_scores symbols_found queries	complete	270
242	2026-05-01T11:39:06.211693	cycle start_time queries_executed items_processed domains_analyzed convergence_signals confidence_scores symbols_found queries	complete	270
231	2026-05-01T11:39:10.084825	cycle start_time queries_executed items_processed domains_analyzed convergence_signals confidence_scores symbols_found queries	complete	270
289	2026-05-01T11:39:24.530687	cycle start_time queries_executed items_processed domains_analyzed convergence_signals confidence_scores symbols_found queries	complete	270
243	2026-05-01T11:40:06.264849	cycle start_time queries_executed items_processed domains_analyzed convergence_signals confidence_scores symbols_found queries	complete	270
232	2026-05-01T11:40:10.097015	cycle start_time queries_executed items_processed domains_analyzed convergence_signals confidence_scores symbols_found queries	complete	270
290	2026-05-01T11:40:24.584895	cycle start_time queries_executed items_processed domains_analyzed convergence_signals confidence_scores symbols_found queries	complete	270
244	2026-05-01T11:41:06.325875	cycle start_time queries_executed items_processed domains_analyzed convergence_signals confidence_scores symbols_found queries	complete	270
233	2026-05-01T11:41:10.144482	cycle start_time queries_executed items_processed domains_analyzed convergence_signals confidence_scores symbols_found queries	complete	270
291	2026-05-01T11:41:24.636323	cycle start_time queries_executed items_processed domains_analyzed convergence_signals confidence_scores symbols_found queries	complete	270
245	2026-05-01T11:42:06.376959	cycle start_time queries_executed items_processed domains_analyzed convergence_signals confidence_scores symbols_found queries	complete	270
234	2026-05-01T11:42:10.201039	cycle start_time queries_executed items_processed domains_analyzed convergence_signals confidence_scores symbols_found queries	complete	270
292	2026-05-01T11:42:24.688783	cycle start_time queries_executed items_processed domains_analyzed convergence_signals confidence_scores symbols_found queries	complete	270
246	2026-05-01T11:43:06.432284	cycle start_time queries_executed items_processed domains_analyzed convergence_signals confidence_scores symbols_found queries	complete	270
235	2026-05-01T11:43:10.253311	cycle start_time queries_executed items_processed domains_analyzed convergence_signals confidence_scores symbols_found queries	complete	270
293	2026-05-01T11:43:24.712612	cycle start_time queries_executed items_processed domains_analyzed convergence_signals confidence_scores symbols_found queries	complete	270
247	2026-05-01T11:44:06.487653	cycle start_time queries_executed items_processed domains_analyzed convergence_signals confidence_scores symbols_found queries	complete	270
236	2026-05-01T11:44:10.270448	cycle start_time queries_executed items_processed domains_analyzed convergence_signals confidence_scores symbols_found queries	complete	270
294	2026-05-01T11:44:24.766109	cycle start_time queries_executed items_processed domains_analyzed convergence_signals confidence_scores symbols_found queries	complete	270
248	2026-05-01T11:45:06.540014	cycle start_time queries_executed items_processed domains_analyzed convergence_signals confidence_scores symbols_found queries	complete	270
237	2026-05-01T11:45:10.320829	cycle start_time queries_executed items_processed domains_analyzed convergence_signals confidence_scores symbols_found queries	complete	270
295	2026-05-01T11:45:24.821718	cycle start_time queries_executed items_processed domains_analyzed convergence_signals confidence_scores symbols_found queries	complete	270
249	2026-05-01T11:46:06.606453	cycle start_time queries_executed items_processed domains_analyzed convergence_signals confidence_scores symbols_found queries	complete	270
238	2026-05-01T11:46:10.388529	cycle start_time queries_executed items_processed domains_analyzed convergence_signals confidence_scores symbols_found queries	complete	270
296	2026-05-01T11:46:24.879243	cycle start_time queries_executed items_processed domains_analyzed convergence_signals confidence_scores symbols_found queries	complete	270
250	2026-05-01T11:47:06.662002	cycle start_time queries_executed items_processed domains_analyzed convergence_signals confidence_scores symbols_found queries	complete	270
239	2026-05-01T11:47:10.445608	cycle start_time queries_executed items_processed domains_analyzed convergence_signals confidence_scores symbols_found queries	complete	270
297	2026-05-01T11:47:24.898854	cycle start_time queries_executed items_processed domains_analyzed convergence_signals confidence_scores symbols_found queries	complete	270
251	2026-05-01T11:48:06.765948	cycle start_time queries_executed items_processed domains_analyzed convergence_signals confidence_scores symbols_found queries	complete	270
240	2026-05-01T11:48:10.507190	cycle start_time queries_executed items_processed domains_analyzed convergence_signals confidence_scores symbols_found queries	complete	270
298	2026-05-01T11:48:24.956210	cycle start_time queries_executed items_processed domains_analyzed convergence_signals confidence_scores symbols_found queries	complete	270
252	2026-05-01T11:49:06.828357	cycle start_time queries_executed items_processed domains_analyzed convergence_signals confidence_scores symbols_found queries	complete	270
241	2026-05-01T11:49:10.564211	cycle start_time queries_executed items_processed domains_analyzed convergence_signals confidence_scores symbols_found queries	complete	270
299	2026-05-01T11:49:25.019614	cycle start_time queries_executed items_processed domains_analyzed convergence_signals confidence_scores symbols_found queries	complete	270
253	2026-05-01T11:50:06.847834	cycle start_time queries_executed items_processed domains_analyzed convergence_signals confidence_scores symbols_found queries	complete	270
242	2026-05-01T11:50:10.621383	cycle start_time queries_executed items_processed domains_analyzed convergence_signals confidence_scores symbols_found queries	complete	270
300	2026-05-01T11:50:25.081834	cycle start_time queries_executed items_processed domains_analyzed convergence_signals confidence_scores symbols_found queries	complete	270
254	2026-05-01T11:51:06.907902	cycle start_time queries_executed items_processed domains_analyzed convergence_signals confidence_scores symbols_found queries	complete	270
243	2026-05-01T11:51:10.703965	cycle start_time queries_executed items_processed domains_analyzed convergence_signals confidence_scores symbols_found queries	complete	270
301	2026-05-01T11:51:25.150539	cycle start_time queries_executed items_processed domains_analyzed convergence_signals confidence_scores symbols_found queries	complete	270
255	2026-05-01T11:52:06.965570	cycle start_time queries_executed items_processed domains_analyzed convergence_signals confidence_scores symbols_found queries	complete	270
244	2026-05-01T11:52:10.762929	cycle start_time queries_executed items_processed domains_analyzed convergence_signals confidence_scores symbols_found queries	complete	270
302	2026-05-01T11:52:25.172022	cycle start_time queries_executed items_processed domains_analyzed convergence_signals confidence_scores symbols_found queries	complete	270
256	2026-05-01T11:53:07.022004	cycle start_time queries_executed items_processed domains_analyzed convergence_signals confidence_scores symbols_found queries	complete	270
245	2026-05-01T11:53:10.784226	cycle start_time queries_executed items_processed domains_analyzed convergence_signals confidence_scores symbols_found queries	complete	270
303	2026-05-01T11:53:25.228249	cycle start_time queries_executed items_processed domains_analyzed convergence_signals confidence_scores symbols_found queries	complete	270
257	2026-05-01T11:54:07.080937	cycle start_time queries_executed items_processed domains_analyzed convergence_signals confidence_scores symbols_found queries	complete	270
246	2026-05-01T11:54:10.840092	cycle start_time queries_executed items_processed domains_analyzed convergence_signals confidence_scores symbols_found queries	complete	270
304	2026-05-01T11:54:25.253655	cycle start_time queries_executed items_processed domains_analyzed convergence_signals confidence_scores symbols_found queries	complete	270
258	2026-05-01T11:55:07.137333	cycle start_time queries_executed items_processed domains_analyzed convergence_signals confidence_scores symbols_found queries	complete	270
247	2026-05-01T11:55:10.907513	cycle start_time queries_executed items_processed domains_analyzed convergence_signals confidence_scores symbols_found queries	complete	270
305	2026-05-01T11:55:25.332310	cycle start_time queries_executed items_processed domains_analyzed convergence_signals confidence_scores symbols_found queries	complete	270
259	2026-05-01T11:56:07.199665	cycle start_time queries_executed items_processed domains_analyzed convergence_signals confidence_scores symbols_found queries	complete	270
248	2026-05-01T11:56:10.971718	cycle start_time queries_executed items_processed domains_analyzed convergence_signals confidence_scores symbols_found queries	complete	270
306	2026-05-01T11:56:25.390833	cycle start_time queries_executed items_processed domains_analyzed convergence_signals confidence_scores symbols_found queries	complete	270
260	2026-05-01T11:57:07.265658	cycle start_time queries_executed items_processed domains_analyzed convergence_signals confidence_scores symbols_found queries	complete	270
249	2026-05-01T11:57:11.031786	cycle start_time queries_executed items_processed domains_analyzed convergence_signals confidence_scores symbols_found queries	complete	270
307	2026-05-01T11:57:25.414125	cycle start_time queries_executed items_processed domains_analyzed convergence_signals confidence_scores symbols_found queries	complete	270
261	2026-05-01T11:58:07.336367	cycle start_time queries_executed items_processed domains_analyzed convergence_signals confidence_scores symbols_found queries	complete	270
250	2026-05-01T11:58:11.111685	cycle start_time queries_executed items_processed domains_analyzed convergence_signals confidence_scores symbols_found queries	complete	270
308	2026-05-01T11:58:25.502611	cycle start_time queries_executed items_processed domains_analyzed convergence_signals confidence_scores symbols_found queries	complete	270
262	2026-05-01T11:59:07.395800	cycle start_time queries_executed items_processed domains_analyzed convergence_signals confidence_scores symbols_found queries	complete	270
251	2026-05-01T11:59:11.171860	cycle start_time queries_executed items_processed domains_analyzed convergence_signals confidence_scores symbols_found queries	complete	270
309	2026-05-01T11:59:25.563282	cycle start_time queries_executed items_processed domains_analyzed convergence_signals confidence_scores symbols_found queries	complete	270
263	2026-05-01T12:00:07.457557	cycle start_time queries_executed items_processed domains_analyzed convergence_signals confidence_scores symbols_found queries	complete	270
252	2026-05-01T12:00:11.240585	cycle start_time queries_executed items_processed domains_analyzed convergence_signals confidence_scores symbols_found queries	complete	270
310	2026-05-01T12:00:25.629607	cycle start_time queries_executed items_processed domains_analyzed convergence_signals confidence_scores symbols_found queries	complete	270
264	2026-05-01T12:01:07.496570	cycle start_time queries_executed items_processed domains_analyzed convergence_signals confidence_scores symbols_found queries	complete	270
253	2026-05-01T12:01:11.300058	cycle start_time queries_executed items_processed domains_analyzed convergence_signals confidence_scores symbols_found queries	complete	270
311	2026-05-01T12:01:25.658796	cycle start_time queries_executed items_processed domains_analyzed convergence_signals confidence_scores symbols_found queries	complete	270
265	2026-05-01T12:02:07.557358	cycle start_time queries_executed items_processed domains_analyzed convergence_signals confidence_scores symbols_found queries	complete	270
254	2026-05-01T12:02:11.363272	cycle start_time queries_executed items_processed domains_analyzed convergence_signals confidence_scores symbols_found queries	complete	270
312	2026-05-01T12:02:25.722319	cycle start_time queries_executed items_processed domains_analyzed convergence_signals confidence_scores symbols_found queries	complete	270
266	2026-05-01T12:03:07.618653	cycle start_time queries_executed items_processed domains_analyzed convergence_signals confidence_scores symbols_found queries	complete	270
255	2026-05-01T12:03:11.425323	cycle start_time queries_executed items_processed domains_analyzed convergence_signals confidence_scores symbols_found queries	complete	270
313	2026-05-01T12:03:25.800136	cycle start_time queries_executed items_processed domains_analyzed convergence_signals confidence_scores symbols_found queries	complete	270
267	2026-05-01T12:04:07.679386	cycle start_time queries_executed items_processed domains_analyzed convergence_signals confidence_scores symbols_found queries	complete	270
256	2026-05-01T12:04:11.486086	cycle start_time queries_executed items_processed domains_analyzed convergence_signals confidence_scores symbols_found queries	complete	270
314	2026-05-01T12:04:25.864030	cycle start_time queries_executed items_processed domains_analyzed convergence_signals confidence_scores symbols_found queries	complete	270
268	2026-05-01T12:05:07.741873	cycle start_time queries_executed items_processed domains_analyzed convergence_signals confidence_scores symbols_found queries	complete	270
257	2026-05-01T12:05:11.554689	cycle start_time queries_executed items_processed domains_analyzed convergence_signals confidence_scores symbols_found queries	complete	270
315	2026-05-01T12:05:25.933932	cycle start_time queries_executed items_processed domains_analyzed convergence_signals confidence_scores symbols_found queries	complete	270
269	2026-05-01T12:06:10.073016	cycle start_time queries_executed items_processed domains_analyzed convergence_signals confidence_scores symbols_found queries	complete	270
258	2026-05-01T12:06:11.684592	cycle start_time queries_executed items_processed domains_analyzed convergence_signals confidence_scores symbols_found queries	complete	270
316	2026-05-01T12:06:25.993383	cycle start_time queries_executed items_processed domains_analyzed convergence_signals confidence_scores symbols_found queries	complete	270
270	2026-05-01T12:07:10.123061	cycle start_time queries_executed items_processed domains_analyzed convergence_signals confidence_scores symbols_found queries	complete	270
259	2026-05-01T12:07:11.733787	cycle start_time queries_executed items_processed domains_analyzed convergence_signals confidence_scores symbols_found queries	complete	270
317	2026-05-01T12:07:26.041074	cycle start_time queries_executed items_processed domains_analyzed convergence_signals confidence_scores symbols_found queries	complete	270
271	2026-05-01T12:08:10.134544	cycle start_time queries_executed items_processed domains_analyzed convergence_signals confidence_scores symbols_found queries	complete	270
260	2026-05-01T12:08:11.781715	cycle start_time queries_executed items_processed domains_analyzed convergence_signals confidence_scores symbols_found queries	complete	270
318	2026-05-01T12:08:26.089978	cycle start_time queries_executed items_processed domains_analyzed convergence_signals confidence_scores symbols_found queries	complete	270
272	2026-05-01T12:09:10.182478	cycle start_time queries_executed items_processed domains_analyzed convergence_signals confidence_scores symbols_found queries	complete	270
261	2026-05-01T12:09:11.827957	cycle start_time queries_executed items_processed domains_analyzed convergence_signals confidence_scores symbols_found queries	complete	270
319	2026-05-01T12:09:26.140557	cycle start_time queries_executed items_processed domains_analyzed convergence_signals confidence_scores symbols_found queries	complete	270
273	2026-05-01T12:10:10.232400	cycle start_time queries_executed items_processed domains_analyzed convergence_signals confidence_scores symbols_found queries	complete	270
262	2026-05-01T12:10:11.840625	cycle start_time queries_executed items_processed domains_analyzed convergence_signals confidence_scores symbols_found queries	complete	270
320	2026-05-01T12:10:26.190361	cycle start_time queries_executed items_processed domains_analyzed convergence_signals confidence_scores symbols_found queries	complete	270
274	2026-05-01T12:11:10.283089	cycle start_time queries_executed items_processed domains_analyzed convergence_signals confidence_scores symbols_found queries	complete	270
263	2026-05-01T12:11:11.895944	cycle start_time queries_executed items_processed domains_analyzed convergence_signals confidence_scores symbols_found queries	complete	270
321	2026-05-01T12:11:26.240093	cycle start_time queries_executed items_processed domains_analyzed convergence_signals confidence_scores symbols_found queries	complete	270
275	2026-05-01T12:12:10.331992	cycle start_time queries_executed items_processed domains_analyzed convergence_signals confidence_scores symbols_found queries	complete	270
264	2026-05-01T12:12:11.949641	cycle start_time queries_executed items_processed domains_analyzed convergence_signals confidence_scores symbols_found queries	complete	270
322	2026-05-01T12:12:26.291084	cycle start_time queries_executed items_processed domains_analyzed convergence_signals confidence_scores symbols_found queries	complete	270
276	2026-05-01T12:13:10.386327	cycle start_time queries_executed items_processed domains_analyzed convergence_signals confidence_scores symbols_found queries	complete	270
265	2026-05-01T12:13:12.003510	cycle start_time queries_executed items_processed domains_analyzed convergence_signals confidence_scores symbols_found queries	complete	270
323	2026-05-01T12:13:26.344085	cycle start_time queries_executed items_processed domains_analyzed convergence_signals confidence_scores symbols_found queries	complete	270
277	2026-05-01T12:14:10.412645	cycle start_time queries_executed items_processed domains_analyzed convergence_signals confidence_scores symbols_found queries	complete	270
266	2026-05-01T12:14:12.063243	cycle start_time queries_executed items_processed domains_analyzed convergence_signals confidence_scores symbols_found queries	complete	270
324	2026-05-01T12:14:26.363763	cycle start_time queries_executed items_processed domains_analyzed convergence_signals confidence_scores symbols_found queries	complete	270
278	2026-05-01T12:15:10.472711	cycle start_time queries_executed items_processed domains_analyzed convergence_signals confidence_scores symbols_found queries	complete	270
267	2026-05-01T12:15:12.115939	cycle start_time queries_executed items_processed domains_analyzed convergence_signals confidence_scores symbols_found queries	complete	270
325	2026-05-01T12:15:26.434349	cycle start_time queries_executed items_processed domains_analyzed convergence_signals confidence_scores symbols_found queries	complete	270
279	2026-05-01T12:16:10.532433	cycle start_time queries_executed items_processed domains_analyzed convergence_signals confidence_scores symbols_found queries	complete	270
268	2026-05-01T12:16:12.191700	cycle start_time queries_executed items_processed domains_analyzed convergence_signals confidence_scores symbols_found queries	complete	270
326	2026-05-01T12:16:26.491968	cycle start_time queries_executed items_processed domains_analyzed convergence_signals confidence_scores symbols_found queries	complete	270
280	2026-05-01T12:17:10.548183	cycle start_time queries_executed items_processed domains_analyzed convergence_signals confidence_scores symbols_found queries	complete	270
269	2026-05-01T12:17:12.242946	cycle start_time queries_executed items_processed domains_analyzed convergence_signals confidence_scores symbols_found queries	complete	270
327	2026-05-01T12:17:26.545537	cycle start_time queries_executed items_processed domains_analyzed convergence_signals confidence_scores symbols_found queries	complete	270
281	2026-05-01T12:18:10.622874	cycle start_time queries_executed items_processed domains_analyzed convergence_signals confidence_scores symbols_found queries	complete	270
270	2026-05-01T12:18:12.297053	cycle start_time queries_executed items_processed domains_analyzed convergence_signals confidence_scores symbols_found queries	complete	270
328	2026-05-01T12:18:26.601276	cycle start_time queries_executed items_processed domains_analyzed convergence_signals confidence_scores symbols_found queries	complete	270
282	2026-05-01T12:19:10.681117	cycle start_time queries_executed items_processed domains_analyzed convergence_signals confidence_scores symbols_found queries	complete	270
271	2026-05-01T12:19:12.353563	cycle start_time queries_executed items_processed domains_analyzed convergence_signals confidence_scores symbols_found queries	complete	270
329	2026-05-01T12:19:26.688028	cycle start_time queries_executed items_processed domains_analyzed convergence_signals confidence_scores symbols_found queries	complete	270
283	2026-05-01T12:20:10.769687	cycle start_time queries_executed items_processed domains_analyzed convergence_signals confidence_scores symbols_found queries	complete	270
272	2026-05-01T12:20:12.380437	cycle start_time queries_executed items_processed domains_analyzed convergence_signals confidence_scores symbols_found queries	complete	270
330	2026-05-01T12:20:26.744624	cycle start_time queries_executed items_processed domains_analyzed convergence_signals confidence_scores symbols_found queries	complete	270
284	2026-05-01T12:21:10.851730	cycle start_time queries_executed items_processed domains_analyzed convergence_signals confidence_scores symbols_found queries	complete	270
273	2026-05-01T12:21:12.405221	cycle start_time queries_executed items_processed domains_analyzed convergence_signals confidence_scores symbols_found queries	complete	270
331	2026-05-01T12:21:26.801560	cycle start_time queries_executed items_processed domains_analyzed convergence_signals confidence_scores symbols_found queries	complete	270
285	2026-05-01T12:22:10.918531	cycle start_time queries_executed items_processed domains_analyzed convergence_signals confidence_scores symbols_found queries	complete	270
274	2026-05-01T12:22:12.464732	cycle start_time queries_executed items_processed domains_analyzed convergence_signals confidence_scores symbols_found queries	complete	270
332	2026-05-01T12:22:26.856029	cycle start_time queries_executed items_processed domains_analyzed convergence_signals confidence_scores symbols_found queries	complete	270
286	2026-05-01T12:23:10.937776	cycle start_time queries_executed items_processed domains_analyzed convergence_signals confidence_scores symbols_found queries	complete	270
275	2026-05-01T12:23:12.538210	cycle start_time queries_executed items_processed domains_analyzed convergence_signals confidence_scores symbols_found queries	complete	270
333	2026-05-01T12:23:26.891819	cycle start_time queries_executed items_processed domains_analyzed convergence_signals confidence_scores symbols_found queries	complete	270
287	2026-05-01T12:24:10.996805	cycle start_time queries_executed items_processed domains_analyzed convergence_signals confidence_scores symbols_found queries	complete	270
276	2026-05-01T12:24:12.624464	cycle start_time queries_executed items_processed domains_analyzed convergence_signals confidence_scores symbols_found queries	complete	270
334	2026-05-01T12:24:26.948301	cycle start_time queries_executed items_processed domains_analyzed convergence_signals confidence_scores symbols_found queries	complete	270
288	2026-05-01T12:25:11.019579	cycle start_time queries_executed items_processed domains_analyzed convergence_signals confidence_scores symbols_found queries	complete	270
277	2026-05-01T12:25:12.681411	cycle start_time queries_executed items_processed domains_analyzed convergence_signals confidence_scores symbols_found queries	complete	270
335	2026-05-01T12:25:27.013901	cycle start_time queries_executed items_processed domains_analyzed convergence_signals confidence_scores symbols_found queries	complete	270
289	2026-05-01T12:26:11.053581	cycle start_time queries_executed items_processed domains_analyzed convergence_signals confidence_scores symbols_found queries	complete	270
278	2026-05-01T12:26:12.742361	cycle start_time queries_executed items_processed domains_analyzed convergence_signals confidence_scores symbols_found queries	complete	270
336	2026-05-01T12:26:27.080293	cycle start_time queries_executed items_processed domains_analyzed convergence_signals confidence_scores symbols_found queries	complete	270
290	2026-05-01T12:27:11.079076	cycle start_time queries_executed items_processed domains_analyzed convergence_signals confidence_scores symbols_found queries	complete	270
279	2026-05-01T12:27:12.800369	cycle start_time queries_executed items_processed domains_analyzed convergence_signals confidence_scores symbols_found queries	complete	270
337	2026-05-01T12:27:27.144894	cycle start_time queries_executed items_processed domains_analyzed convergence_signals confidence_scores symbols_found queries	complete	270
291	2026-05-01T12:28:11.137692	cycle start_time queries_executed items_processed domains_analyzed convergence_signals confidence_scores symbols_found queries	complete	270
280	2026-05-01T12:28:12.860829	cycle start_time queries_executed items_processed domains_analyzed convergence_signals confidence_scores symbols_found queries	complete	270
338	2026-05-01T12:28:27.168750	cycle start_time queries_executed items_processed domains_analyzed convergence_signals confidence_scores symbols_found queries	complete	270
292	2026-05-01T12:29:11.208121	cycle start_time queries_executed items_processed domains_analyzed convergence_signals confidence_scores symbols_found queries	complete	270
281	2026-05-01T12:29:12.928764	cycle start_time queries_executed items_processed domains_analyzed convergence_signals confidence_scores symbols_found queries	complete	270
339	2026-05-01T12:29:27.191671	cycle start_time queries_executed items_processed domains_analyzed convergence_signals confidence_scores symbols_found queries	complete	270
293	2026-05-01T12:30:11.269153	cycle start_time queries_executed items_processed domains_analyzed convergence_signals confidence_scores symbols_found queries	complete	270
282	2026-05-01T12:30:12.995631	cycle start_time queries_executed items_processed domains_analyzed convergence_signals confidence_scores symbols_found queries	complete	270
340	2026-05-01T12:30:27.214280	cycle start_time queries_executed items_processed domains_analyzed convergence_signals confidence_scores symbols_found queries	complete	270
294	2026-05-01T12:31:11.327291	cycle start_time queries_executed items_processed domains_analyzed convergence_signals confidence_scores symbols_found queries	complete	270
283	2026-05-01T12:31:13.017649	cycle start_time queries_executed items_processed domains_analyzed convergence_signals confidence_scores symbols_found queries	complete	270
341	2026-05-01T12:31:27.280784	cycle start_time queries_executed items_processed domains_analyzed convergence_signals confidence_scores symbols_found queries	complete	270
295	2026-05-01T12:32:11.348994	cycle start_time queries_executed items_processed domains_analyzed convergence_signals confidence_scores symbols_found queries	complete	270
284	2026-05-01T12:32:13.043028	cycle start_time queries_executed items_processed domains_analyzed convergence_signals confidence_scores symbols_found queries	complete	270
342	2026-05-01T12:32:27.368425	cycle start_time queries_executed items_processed domains_analyzed convergence_signals confidence_scores symbols_found queries	complete	270
296	2026-05-01T12:33:11.410696	cycle start_time queries_executed items_processed domains_analyzed convergence_signals confidence_scores symbols_found queries	complete	270
285	2026-05-01T12:33:13.109793	cycle start_time queries_executed items_processed domains_analyzed convergence_signals confidence_scores symbols_found queries	complete	270
343	2026-05-01T12:33:27.443320	cycle start_time queries_executed items_processed domains_analyzed convergence_signals confidence_scores symbols_found queries	complete	270
297	2026-05-01T12:34:11.442671	cycle start_time queries_executed items_processed domains_analyzed convergence_signals confidence_scores symbols_found queries	complete	270
286	2026-05-01T12:34:13.205248	cycle start_time queries_executed items_processed domains_analyzed convergence_signals confidence_scores symbols_found queries	complete	270
344	2026-05-01T12:34:27.536553	cycle start_time queries_executed items_processed domains_analyzed convergence_signals confidence_scores symbols_found queries	complete	270
298	2026-05-01T12:35:11.516716	cycle start_time queries_executed items_processed domains_analyzed convergence_signals confidence_scores symbols_found queries	complete	270
287	2026-05-01T12:35:13.269918	cycle start_time queries_executed items_processed domains_analyzed convergence_signals confidence_scores symbols_found queries	complete	270
345	2026-05-01T12:35:27.599058	cycle start_time queries_executed items_processed domains_analyzed convergence_signals confidence_scores symbols_found queries	complete	270
299	2026-05-01T12:36:11.583905	cycle start_time queries_executed items_processed domains_analyzed convergence_signals confidence_scores symbols_found queries	complete	270
288	2026-05-01T12:36:13.331083	cycle start_time queries_executed items_processed domains_analyzed convergence_signals confidence_scores symbols_found queries	complete	270
346	2026-05-01T12:36:27.665181	cycle start_time queries_executed items_processed domains_analyzed convergence_signals confidence_scores symbols_found queries	complete	270
300	2026-05-01T12:37:11.647011	cycle start_time queries_executed items_processed domains_analyzed convergence_signals confidence_scores symbols_found queries	complete	270
289	2026-05-01T12:37:13.359127	cycle start_time queries_executed items_processed domains_analyzed convergence_signals confidence_scores symbols_found queries	complete	270
347	2026-05-01T12:37:27.688525	cycle start_time queries_executed items_processed domains_analyzed convergence_signals confidence_scores symbols_found queries	complete	270
301	2026-05-01T12:38:11.744379	cycle start_time queries_executed items_processed domains_analyzed convergence_signals confidence_scores symbols_found queries	complete	270
290	2026-05-01T12:38:13.461239	cycle start_time queries_executed items_processed domains_analyzed convergence_signals confidence_scores symbols_found queries	complete	270
348	2026-05-01T12:38:27.725113	cycle start_time queries_executed items_processed domains_analyzed convergence_signals confidence_scores symbols_found queries	complete	270
302	2026-05-01T12:39:11.807827	cycle start_time queries_executed items_processed domains_analyzed convergence_signals confidence_scores symbols_found queries	complete	270
291	2026-05-01T12:39:13.542595	cycle start_time queries_executed items_processed domains_analyzed convergence_signals confidence_scores symbols_found queries	complete	270
349	2026-05-01T12:39:27.791482	cycle start_time queries_executed items_processed domains_analyzed convergence_signals confidence_scores symbols_found queries	complete	270
303	2026-05-01T12:40:11.838115	cycle start_time queries_executed items_processed domains_analyzed convergence_signals confidence_scores symbols_found queries	complete	270
292	2026-05-01T12:40:13.608355	cycle start_time queries_executed items_processed domains_analyzed convergence_signals confidence_scores symbols_found queries	complete	270
350	2026-05-01T12:40:27.857920	cycle start_time queries_executed items_processed domains_analyzed convergence_signals confidence_scores symbols_found queries	complete	270
304	2026-05-01T12:41:11.902572	cycle start_time queries_executed items_processed domains_analyzed convergence_signals confidence_scores symbols_found queries	complete	270
293	2026-05-01T12:41:13.683658	cycle start_time queries_executed items_processed domains_analyzed convergence_signals confidence_scores symbols_found queries	complete	270
351	2026-05-01T12:41:27.933572	cycle start_time queries_executed items_processed domains_analyzed convergence_signals confidence_scores symbols_found queries	complete	270
305	2026-05-01T12:42:11.995992	cycle start_time queries_executed items_processed domains_analyzed convergence_signals confidence_scores symbols_found queries	complete	270
294	2026-05-01T12:42:13.749488	cycle start_time queries_executed items_processed domains_analyzed convergence_signals confidence_scores symbols_found queries	complete	270
352	2026-05-01T12:42:27.995870	cycle start_time queries_executed items_processed domains_analyzed convergence_signals confidence_scores symbols_found queries	complete	270
306	2026-05-01T12:43:12.026544	cycle start_time queries_executed items_processed domains_analyzed convergence_signals confidence_scores symbols_found queries	complete	270
295	2026-05-01T12:43:13.857188	cycle start_time queries_executed items_processed domains_analyzed convergence_signals confidence_scores symbols_found queries	complete	270
353	2026-05-01T12:43:28.060523	cycle start_time queries_executed items_processed domains_analyzed convergence_signals confidence_scores symbols_found queries	complete	270
307	2026-05-01T12:44:12.092363	cycle start_time queries_executed items_processed domains_analyzed convergence_signals confidence_scores symbols_found queries	complete	270
296	2026-05-01T12:44:13.886853	cycle start_time queries_executed items_processed domains_analyzed convergence_signals confidence_scores symbols_found queries	complete	270
354	2026-05-01T12:44:28.127215	cycle start_time queries_executed items_processed domains_analyzed convergence_signals confidence_scores symbols_found queries	complete	270
308	2026-05-01T12:45:12.210293	cycle start_time queries_executed items_processed domains_analyzed convergence_signals confidence_scores symbols_found queries	complete	270
297	2026-05-01T12:45:13.917165	cycle start_time queries_executed items_processed domains_analyzed convergence_signals confidence_scores symbols_found queries	complete	270
355	2026-05-01T12:45:28.197388	cycle start_time queries_executed items_processed domains_analyzed convergence_signals confidence_scores symbols_found queries	complete	270
309	2026-05-01T12:46:12.276222	cycle start_time queries_executed items_processed domains_analyzed convergence_signals confidence_scores symbols_found queries	complete	270
298	2026-05-01T12:46:14.011291	cycle start_time queries_executed items_processed domains_analyzed convergence_signals confidence_scores symbols_found queries	complete	270
356	2026-05-01T12:46:28.658939	cycle start_time queries_executed items_processed domains_analyzed convergence_signals confidence_scores symbols_found queries	complete	270
310	2026-05-01T12:47:12.349419	cycle start_time queries_executed items_processed domains_analyzed convergence_signals confidence_scores symbols_found queries	complete	270
299	2026-05-01T12:47:14.077978	cycle start_time queries_executed items_processed domains_analyzed convergence_signals confidence_scores symbols_found queries	complete	270
357	2026-05-01T12:47:28.727528	cycle start_time queries_executed items_processed domains_analyzed convergence_signals confidence_scores symbols_found queries	complete	270
311	2026-05-01T12:48:12.419085	cycle start_time queries_executed items_processed domains_analyzed convergence_signals confidence_scores symbols_found queries	complete	270
300	2026-05-01T12:48:14.147839	cycle start_time queries_executed items_processed domains_analyzed convergence_signals confidence_scores symbols_found queries	complete	270
358	2026-05-01T12:48:28.810276	cycle start_time queries_executed items_processed domains_analyzed convergence_signals confidence_scores symbols_found queries	complete	270
312	2026-05-01T12:49:12.493818	cycle start_time queries_executed items_processed domains_analyzed convergence_signals confidence_scores symbols_found queries	complete	270
301	2026-05-01T12:49:14.215867	cycle start_time queries_executed items_processed domains_analyzed convergence_signals confidence_scores symbols_found queries	complete	270
359	2026-05-01T12:49:28.880444	cycle start_time queries_executed items_processed domains_analyzed convergence_signals confidence_scores symbols_found queries	complete	270
313	2026-05-01T12:50:12.562216	cycle start_time queries_executed items_processed domains_analyzed convergence_signals confidence_scores symbols_found queries	complete	270
302	2026-05-01T12:50:14.282197	cycle start_time queries_executed items_processed domains_analyzed convergence_signals confidence_scores symbols_found queries	complete	270
360	2026-05-01T12:50:28.953348	cycle start_time queries_executed items_processed domains_analyzed convergence_signals confidence_scores symbols_found queries	complete	270
314	2026-05-01T12:51:12.636487	cycle start_time queries_executed items_processed domains_analyzed convergence_signals confidence_scores symbols_found queries	complete	270
303	2026-05-01T12:51:14.356088	cycle start_time queries_executed items_processed domains_analyzed convergence_signals confidence_scores symbols_found queries	complete	270
361	2026-05-01T12:51:29.024144	cycle start_time queries_executed items_processed domains_analyzed convergence_signals confidence_scores symbols_found queries	complete	270
315	2026-05-01T12:52:12.708810	cycle start_time queries_executed items_processed domains_analyzed convergence_signals confidence_scores symbols_found queries	complete	270
304	2026-05-01T12:52:14.496035	cycle start_time queries_executed items_processed domains_analyzed convergence_signals confidence_scores symbols_found queries	complete	270
362	2026-05-01T12:52:29.070506	cycle start_time queries_executed items_processed domains_analyzed convergence_signals confidence_scores symbols_found queries	complete	270
316	2026-05-01T12:53:12.801501	cycle start_time queries_executed items_processed domains_analyzed convergence_signals confidence_scores symbols_found queries	complete	270
305	2026-05-01T12:53:14.562809	cycle start_time queries_executed items_processed domains_analyzed convergence_signals confidence_scores symbols_found queries	complete	270
363	2026-05-01T12:53:29.142406	cycle start_time queries_executed items_processed domains_analyzed convergence_signals confidence_scores symbols_found queries	complete	270
317	2026-05-01T12:54:12.848435	cycle start_time queries_executed items_processed domains_analyzed convergence_signals confidence_scores symbols_found queries	complete	270
306	2026-05-01T12:54:14.637713	cycle start_time queries_executed items_processed domains_analyzed convergence_signals confidence_scores symbols_found queries	complete	270
364	2026-05-01T12:54:29.221611	cycle start_time queries_executed items_processed domains_analyzed convergence_signals confidence_scores symbols_found queries	complete	270
318	2026-05-01T12:55:12.979644	cycle start_time queries_executed items_processed domains_analyzed convergence_signals confidence_scores symbols_found queries	complete	270
307	2026-05-01T12:55:14.676680	cycle start_time queries_executed items_processed domains_analyzed convergence_signals confidence_scores symbols_found queries	complete	270
365	2026-05-01T12:55:29.258753	cycle start_time queries_executed items_processed domains_analyzed convergence_signals confidence_scores symbols_found queries	complete	270
319	2026-05-01T12:56:13.055213	cycle start_time queries_executed items_processed domains_analyzed convergence_signals confidence_scores symbols_found queries	complete	270
308	2026-05-01T12:56:14.747263	cycle start_time queries_executed items_processed domains_analyzed convergence_signals confidence_scores symbols_found queries	complete	270
366	2026-05-01T12:56:29.330809	cycle start_time queries_executed items_processed domains_analyzed convergence_signals confidence_scores symbols_found queries	complete	270
320	2026-05-01T12:57:13.128380	cycle start_time queries_executed items_processed domains_analyzed convergence_signals confidence_scores symbols_found queries	complete	270
309	2026-05-01T12:57:14.818892	cycle start_time queries_executed items_processed domains_analyzed convergence_signals confidence_scores symbols_found queries	complete	270
367	2026-05-01T12:57:29.346465	cycle start_time queries_executed items_processed domains_analyzed convergence_signals confidence_scores symbols_found queries	complete	270
321	2026-05-01T12:58:13.178927	cycle start_time queries_executed items_processed domains_analyzed convergence_signals confidence_scores symbols_found queries	complete	270
310	2026-05-01T12:58:14.867455	cycle start_time queries_executed items_processed domains_analyzed convergence_signals confidence_scores symbols_found queries	complete	270
368	2026-05-01T12:58:29.404864	cycle start_time queries_executed items_processed domains_analyzed convergence_signals confidence_scores symbols_found queries	complete	270
322	2026-05-01T12:59:13.191449	cycle start_time queries_executed items_processed domains_analyzed convergence_signals confidence_scores symbols_found queries	complete	270
311	2026-05-01T12:59:14.916723	cycle start_time queries_executed items_processed domains_analyzed convergence_signals confidence_scores symbols_found queries	complete	270
369	2026-05-01T12:59:29.466067	cycle start_time queries_executed items_processed domains_analyzed convergence_signals confidence_scores symbols_found queries	complete	270
323	2026-05-01T13:00:13.242322	cycle start_time queries_executed items_processed domains_analyzed convergence_signals confidence_scores symbols_found queries	complete	270
312	2026-05-01T13:00:14.973918	cycle start_time queries_executed items_processed domains_analyzed convergence_signals confidence_scores symbols_found queries	complete	270
370	2026-05-01T13:00:29.532361	cycle start_time queries_executed items_processed domains_analyzed convergence_signals confidence_scores symbols_found queries	complete	270
324	2026-05-01T13:01:13.293775	cycle start_time queries_executed items_processed domains_analyzed convergence_signals confidence_scores symbols_found queries	complete	270
313	2026-05-01T13:01:14.987431	cycle start_time queries_executed items_processed domains_analyzed convergence_signals confidence_scores symbols_found queries	complete	270
371	2026-05-01T13:01:29.584046	cycle start_time queries_executed items_processed domains_analyzed convergence_signals confidence_scores symbols_found queries	complete	270
325	2026-05-01T13:02:13.342979	cycle start_time queries_executed items_processed domains_analyzed convergence_signals confidence_scores symbols_found queries	complete	270
314	2026-05-01T13:02:15.038789	cycle start_time queries_executed items_processed domains_analyzed convergence_signals confidence_scores symbols_found queries	complete	270
372	2026-05-01T13:02:29.637354	cycle start_time queries_executed items_processed domains_analyzed convergence_signals confidence_scores symbols_found queries	complete	270
326	2026-05-01T13:03:13.413260	cycle start_time queries_executed items_processed domains_analyzed convergence_signals confidence_scores symbols_found queries	complete	270
315	2026-05-01T13:03:15.089155	cycle start_time queries_executed items_processed domains_analyzed convergence_signals confidence_scores symbols_found queries	complete	270
373	2026-05-01T13:03:29.657129	cycle start_time queries_executed items_processed domains_analyzed convergence_signals confidence_scores symbols_found queries	complete	270
327	2026-05-01T13:04:13.479440	cycle start_time queries_executed items_processed domains_analyzed convergence_signals confidence_scores symbols_found queries	complete	270
316	2026-05-01T13:04:15.151532	cycle start_time queries_executed items_processed domains_analyzed convergence_signals confidence_scores symbols_found queries	complete	270
374	2026-05-01T13:04:29.715053	cycle start_time queries_executed items_processed domains_analyzed convergence_signals confidence_scores symbols_found queries	complete	270
328	2026-05-01T13:05:13.546603	cycle start_time queries_executed items_processed domains_analyzed convergence_signals confidence_scores symbols_found queries	complete	270
317	2026-05-01T13:05:15.176775	cycle start_time queries_executed items_processed domains_analyzed convergence_signals confidence_scores symbols_found queries	complete	270
375	2026-05-01T13:05:29.729750	cycle start_time queries_executed items_processed domains_analyzed convergence_signals confidence_scores symbols_found queries	complete	270
329	2026-05-01T13:06:13.573025	cycle start_time queries_executed items_processed domains_analyzed convergence_signals confidence_scores symbols_found queries	complete	270
318	2026-05-01T13:06:15.192903	cycle start_time queries_executed items_processed domains_analyzed convergence_signals confidence_scores symbols_found queries	complete	270
376	2026-05-01T13:06:29.748482	cycle start_time queries_executed items_processed domains_analyzed convergence_signals confidence_scores symbols_found queries	complete	270
330	2026-05-01T13:07:13.624548	cycle start_time queries_executed items_processed domains_analyzed convergence_signals confidence_scores symbols_found queries	complete	270
319	2026-05-01T13:07:15.246789	cycle start_time queries_executed items_processed domains_analyzed convergence_signals confidence_scores symbols_found queries	complete	270
377	2026-05-01T13:07:29.763705	cycle start_time queries_executed items_processed domains_analyzed convergence_signals confidence_scores symbols_found queries	complete	270
331	2026-05-01T13:08:13.678686	cycle start_time queries_executed items_processed domains_analyzed convergence_signals confidence_scores symbols_found queries	complete	270
320	2026-05-01T13:08:15.264955	cycle start_time queries_executed items_processed domains_analyzed convergence_signals confidence_scores symbols_found queries	complete	270
378	2026-05-01T13:08:29.783169	cycle start_time queries_executed items_processed domains_analyzed convergence_signals confidence_scores symbols_found queries	complete	270
332	2026-05-01T13:09:13.734461	cycle start_time queries_executed items_processed domains_analyzed convergence_signals confidence_scores symbols_found queries	complete	270
321	2026-05-01T13:09:15.334044	cycle start_time queries_executed items_processed domains_analyzed convergence_signals confidence_scores symbols_found queries	complete	270
379	2026-05-01T13:09:29.799852	cycle start_time queries_executed items_processed domains_analyzed convergence_signals confidence_scores symbols_found queries	complete	270
333	2026-05-01T13:10:13.791070	cycle start_time queries_executed items_processed domains_analyzed convergence_signals confidence_scores symbols_found queries	complete	270
322	2026-05-01T13:10:15.401426	cycle start_time queries_executed items_processed domains_analyzed convergence_signals confidence_scores symbols_found queries	complete	270
380	2026-05-01T13:10:29.875311	cycle start_time queries_executed items_processed domains_analyzed convergence_signals confidence_scores symbols_found queries	complete	270
334	2026-05-01T13:11:13.852928	cycle start_time queries_executed items_processed domains_analyzed convergence_signals confidence_scores symbols_found queries	complete	270
323	2026-05-01T13:11:15.456757	cycle start_time queries_executed items_processed domains_analyzed convergence_signals confidence_scores symbols_found queries	complete	270
381	2026-05-01T13:11:29.929548	cycle start_time queries_executed items_processed domains_analyzed convergence_signals confidence_scores symbols_found queries	complete	270
335	2026-05-01T13:12:13.872672	cycle start_time queries_executed items_processed domains_analyzed convergence_signals confidence_scores symbols_found queries	complete	270
324	2026-05-01T13:12:15.512533	cycle start_time queries_executed items_processed domains_analyzed convergence_signals confidence_scores symbols_found queries	complete	270
382	2026-05-01T13:12:29.947951	cycle start_time queries_executed items_processed domains_analyzed convergence_signals confidence_scores symbols_found queries	complete	270
336	2026-05-01T13:13:13.894624	cycle start_time queries_executed items_processed domains_analyzed convergence_signals confidence_scores symbols_found queries	complete	270
325	2026-05-01T13:13:15.581913	cycle start_time queries_executed items_processed domains_analyzed convergence_signals confidence_scores symbols_found queries	complete	270
383	2026-05-01T13:13:30.016122	cycle start_time queries_executed items_processed domains_analyzed convergence_signals confidence_scores symbols_found queries	complete	270
337	2026-05-01T13:14:13.960453	cycle start_time queries_executed items_processed domains_analyzed convergence_signals confidence_scores symbols_found queries	complete	270
326	2026-05-01T13:14:15.643175	cycle start_time queries_executed items_processed domains_analyzed convergence_signals confidence_scores symbols_found queries	complete	270
384	2026-05-01T13:14:30.075409	cycle start_time queries_executed items_processed domains_analyzed convergence_signals confidence_scores symbols_found queries	complete	270
338	2026-05-01T13:15:14.015640	cycle start_time queries_executed items_processed domains_analyzed convergence_signals confidence_scores symbols_found queries	complete	270
327	2026-05-01T13:15:15.713319	cycle start_time queries_executed items_processed domains_analyzed convergence_signals confidence_scores symbols_found queries	complete	270
385	2026-05-01T13:15:30.130579	cycle start_time queries_executed items_processed domains_analyzed convergence_signals confidence_scores symbols_found queries	complete	270
339	2026-05-01T13:16:14.071632	cycle start_time queries_executed items_processed domains_analyzed convergence_signals confidence_scores symbols_found queries	complete	270
328	2026-05-01T13:16:15.772923	cycle start_time queries_executed items_processed domains_analyzed convergence_signals confidence_scores symbols_found queries	complete	270
386	2026-05-01T13:16:30.190357	cycle start_time queries_executed items_processed domains_analyzed convergence_signals confidence_scores symbols_found queries	complete	270
340	2026-05-01T13:17:14.147102	cycle start_time queries_executed items_processed domains_analyzed convergence_signals confidence_scores symbols_found queries	complete	270
329	2026-05-01T13:17:15.833847	cycle start_time queries_executed items_processed domains_analyzed convergence_signals confidence_scores symbols_found queries	complete	270
387	2026-05-01T13:17:30.249130	cycle start_time queries_executed items_processed domains_analyzed convergence_signals confidence_scores symbols_found queries	complete	270
341	2026-05-01T13:18:14.207246	cycle start_time queries_executed items_processed domains_analyzed convergence_signals confidence_scores symbols_found queries	complete	270
330	2026-05-01T13:18:15.892296	cycle start_time queries_executed items_processed domains_analyzed convergence_signals confidence_scores symbols_found queries	complete	270
388	2026-05-01T13:18:30.311363	cycle start_time queries_executed items_processed domains_analyzed convergence_signals confidence_scores symbols_found queries	complete	270
342	2026-05-01T13:19:14.231972	cycle start_time queries_executed items_processed domains_analyzed convergence_signals confidence_scores symbols_found queries	complete	270
331	2026-05-01T13:19:15.954287	cycle start_time queries_executed items_processed domains_analyzed convergence_signals confidence_scores symbols_found queries	complete	270
389	2026-05-01T13:19:30.370767	cycle start_time queries_executed items_processed domains_analyzed convergence_signals confidence_scores symbols_found queries	complete	270
343	2026-05-01T13:20:14.298675	cycle start_time queries_executed items_processed domains_analyzed convergence_signals confidence_scores symbols_found queries	complete	270
332	2026-05-01T13:20:16.014102	cycle start_time queries_executed items_processed domains_analyzed convergence_signals confidence_scores symbols_found queries	complete	270
390	2026-05-01T13:20:30.433342	cycle start_time queries_executed items_processed domains_analyzed convergence_signals confidence_scores symbols_found queries	complete	270
344	2026-05-01T13:21:14.362610	cycle start_time queries_executed items_processed domains_analyzed convergence_signals confidence_scores symbols_found queries	complete	270
333	2026-05-01T13:21:16.076791	cycle start_time queries_executed items_processed domains_analyzed convergence_signals confidence_scores symbols_found queries	complete	270
391	2026-05-01T13:21:30.504562	cycle start_time queries_executed items_processed domains_analyzed convergence_signals confidence_scores symbols_found queries	complete	270
345	2026-05-01T13:22:14.449299	cycle start_time queries_executed items_processed domains_analyzed convergence_signals confidence_scores symbols_found queries	complete	270
334	2026-05-01T13:22:16.140870	cycle start_time queries_executed items_processed domains_analyzed convergence_signals confidence_scores symbols_found queries	complete	270
392	2026-05-01T13:22:30.529294	cycle start_time queries_executed items_processed domains_analyzed convergence_signals confidence_scores symbols_found queries	complete	270
346	2026-05-01T13:23:14.484912	cycle start_time queries_executed items_processed domains_analyzed convergence_signals confidence_scores symbols_found queries	complete	270
335	2026-05-01T13:23:16.165017	cycle start_time queries_executed items_processed domains_analyzed convergence_signals confidence_scores symbols_found queries	complete	270
393	2026-05-01T13:23:30.590724	cycle start_time queries_executed items_processed domains_analyzed convergence_signals confidence_scores symbols_found queries	complete	270
347	2026-05-01T13:24:14.553073	cycle start_time queries_executed items_processed domains_analyzed convergence_signals confidence_scores symbols_found queries	complete	270
336	2026-05-01T13:24:16.236623	cycle start_time queries_executed items_processed domains_analyzed convergence_signals confidence_scores symbols_found queries	complete	270
394	2026-05-01T13:24:30.616971	cycle start_time queries_executed items_processed domains_analyzed convergence_signals confidence_scores symbols_found queries	complete	270
348	2026-05-01T13:25:14.581071	cycle start_time queries_executed items_processed domains_analyzed convergence_signals confidence_scores symbols_found queries	complete	270
337	2026-05-01T13:25:16.314567	cycle start_time queries_executed items_processed domains_analyzed convergence_signals confidence_scores symbols_found queries	complete	270
395	2026-05-01T13:25:30.649197	cycle start_time queries_executed items_processed domains_analyzed convergence_signals confidence_scores symbols_found queries	complete	270
349	2026-05-01T13:26:14.647379	cycle start_time queries_executed items_processed domains_analyzed convergence_signals confidence_scores symbols_found queries	complete	270
338	2026-05-01T13:26:16.376010	cycle start_time queries_executed items_processed domains_analyzed convergence_signals confidence_scores symbols_found queries	complete	270
396	2026-05-01T13:26:30.721929	cycle start_time queries_executed items_processed domains_analyzed convergence_signals confidence_scores symbols_found queries	complete	270
350	2026-05-01T13:27:14.717148	cycle start_time queries_executed items_processed domains_analyzed convergence_signals confidence_scores symbols_found queries	complete	270
339	2026-05-01T13:27:16.406360	cycle start_time queries_executed items_processed domains_analyzed convergence_signals confidence_scores symbols_found queries	complete	270
397	2026-05-01T13:27:30.789321	cycle start_time queries_executed items_processed domains_analyzed convergence_signals confidence_scores symbols_found queries	complete	270
351	2026-05-01T13:28:14.785390	cycle start_time queries_executed items_processed domains_analyzed convergence_signals confidence_scores symbols_found queries	complete	270
340	2026-05-01T13:28:16.470651	cycle start_time queries_executed items_processed domains_analyzed convergence_signals confidence_scores symbols_found queries	complete	270
398	2026-05-01T13:28:30.819893	cycle start_time queries_executed items_processed domains_analyzed convergence_signals confidence_scores symbols_found queries	complete	270
352	2026-05-01T13:29:14.806021	cycle start_time queries_executed items_processed domains_analyzed convergence_signals confidence_scores symbols_found queries	complete	270
341	2026-05-01T13:29:16.518001	cycle start_time queries_executed items_processed domains_analyzed convergence_signals confidence_scores symbols_found queries	complete	270
399	2026-05-01T13:29:30.881311	cycle start_time queries_executed items_processed domains_analyzed convergence_signals confidence_scores symbols_found queries	complete	270
353	2026-05-01T13:30:14.856202	cycle start_time queries_executed items_processed domains_analyzed convergence_signals confidence_scores symbols_found queries	complete	270
342	2026-05-01T13:30:16.580984	cycle start_time queries_executed items_processed domains_analyzed convergence_signals confidence_scores symbols_found queries	complete	270
400	2026-05-01T13:30:30.894788	cycle start_time queries_executed items_processed domains_analyzed convergence_signals confidence_scores symbols_found queries	complete	270
354	2026-05-01T13:31:14.869092	cycle start_time queries_executed items_processed domains_analyzed convergence_signals confidence_scores symbols_found queries	complete	270
343	2026-05-01T13:31:16.631008	cycle start_time queries_executed items_processed domains_analyzed convergence_signals confidence_scores symbols_found queries	complete	270
401	2026-05-01T13:31:30.911014	cycle start_time queries_executed items_processed domains_analyzed convergence_signals confidence_scores symbols_found queries	complete	270
355	2026-05-01T13:32:14.881789	cycle start_time queries_executed items_processed domains_analyzed convergence_signals confidence_scores symbols_found queries	complete	270
344	2026-05-01T13:32:16.699785	cycle start_time queries_executed items_processed domains_analyzed convergence_signals confidence_scores symbols_found queries	complete	270
402	2026-05-01T13:32:30.963884	cycle start_time queries_executed items_processed domains_analyzed convergence_signals confidence_scores symbols_found queries	complete	270
356	2026-05-01T13:33:14.941193	cycle start_time queries_executed items_processed domains_analyzed convergence_signals confidence_scores symbols_found queries	complete	270
345	2026-05-01T13:33:16.749596	cycle start_time queries_executed items_processed domains_analyzed convergence_signals confidence_scores symbols_found queries	complete	270
403	2026-05-01T13:33:31.019091	cycle start_time queries_executed items_processed domains_analyzed convergence_signals confidence_scores symbols_found queries	complete	270
357	2026-05-01T13:34:15.020460	cycle start_time queries_executed items_processed domains_analyzed convergence_signals confidence_scores symbols_found queries	complete	270
346	2026-05-01T13:34:16.801691	cycle start_time queries_executed items_processed domains_analyzed convergence_signals confidence_scores symbols_found queries	complete	270
404	2026-05-01T13:34:31.072020	cycle start_time queries_executed items_processed domains_analyzed convergence_signals confidence_scores symbols_found queries	complete	270
358	2026-05-01T13:35:15.081377	cycle start_time queries_executed items_processed domains_analyzed convergence_signals confidence_scores symbols_found queries	complete	270
347	2026-05-01T13:35:16.851858	cycle start_time queries_executed items_processed domains_analyzed convergence_signals confidence_scores symbols_found queries	complete	270
405	2026-05-01T13:35:31.136561	cycle start_time queries_executed items_processed domains_analyzed convergence_signals confidence_scores symbols_found queries	complete	270
359	2026-05-01T13:36:15.133808	cycle start_time queries_executed items_processed domains_analyzed convergence_signals confidence_scores symbols_found queries	complete	270
348	2026-05-01T13:36:16.909387	cycle start_time queries_executed items_processed domains_analyzed convergence_signals confidence_scores symbols_found queries	complete	270
406	2026-05-01T13:36:31.190146	cycle start_time queries_executed items_processed domains_analyzed convergence_signals confidence_scores symbols_found queries	complete	270
360	2026-05-01T13:37:15.197437	cycle start_time queries_executed items_processed domains_analyzed convergence_signals confidence_scores symbols_found queries	complete	270
349	2026-05-01T13:37:16.962851	cycle start_time queries_executed items_processed domains_analyzed convergence_signals confidence_scores symbols_found queries	complete	270
407	2026-05-01T13:37:31.251312	cycle start_time queries_executed items_processed domains_analyzed convergence_signals confidence_scores symbols_found queries	complete	270
361	2026-05-01T13:38:15.252254	cycle start_time queries_executed items_processed domains_analyzed convergence_signals confidence_scores symbols_found queries	complete	270
350	2026-05-01T13:38:17.014047	cycle start_time queries_executed items_processed domains_analyzed convergence_signals confidence_scores symbols_found queries	complete	270
408	2026-05-01T13:38:31.269437	cycle start_time queries_executed items_processed domains_analyzed convergence_signals confidence_scores symbols_found queries	complete	270
362	2026-05-01T13:39:15.305959	cycle start_time queries_executed items_processed domains_analyzed convergence_signals confidence_scores symbols_found queries	complete	270
351	2026-05-01T13:39:17.081730	cycle start_time queries_executed items_processed domains_analyzed convergence_signals confidence_scores symbols_found queries	complete	270
409	2026-05-01T13:39:31.322887	cycle start_time queries_executed items_processed domains_analyzed convergence_signals confidence_scores symbols_found queries	complete	270
363	2026-05-01T13:40:15.360880	cycle start_time queries_executed items_processed domains_analyzed convergence_signals confidence_scores symbols_found queries	complete	270
352	2026-05-01T13:40:17.101558	cycle start_time queries_executed items_processed domains_analyzed convergence_signals confidence_scores symbols_found queries	complete	270
410	2026-05-01T13:40:31.380453	cycle start_time queries_executed items_processed domains_analyzed convergence_signals confidence_scores symbols_found queries	complete	270
364	2026-05-01T13:41:15.415402	cycle start_time queries_executed items_processed domains_analyzed convergence_signals confidence_scores symbols_found queries	complete	270
353	2026-05-01T13:41:17.158318	cycle start_time queries_executed items_processed domains_analyzed convergence_signals confidence_scores symbols_found queries	complete	270
411	2026-05-01T13:41:31.441563	cycle start_time queries_executed items_processed domains_analyzed convergence_signals confidence_scores symbols_found queries	complete	270
365	2026-05-01T13:42:15.474726	cycle start_time queries_executed items_processed domains_analyzed convergence_signals confidence_scores symbols_found queries	complete	270
354	2026-05-01T13:42:17.179411	cycle start_time queries_executed items_processed domains_analyzed convergence_signals confidence_scores symbols_found queries	complete	270
412	2026-05-01T13:42:31.501767	cycle start_time queries_executed items_processed domains_analyzed convergence_signals confidence_scores symbols_found queries	complete	270
366	2026-05-01T13:43:15.537514	cycle start_time queries_executed items_processed domains_analyzed convergence_signals confidence_scores symbols_found queries	complete	270
355	2026-05-01T13:43:17.236263	cycle start_time queries_executed items_processed domains_analyzed convergence_signals confidence_scores symbols_found queries	complete	270
413	2026-05-01T13:43:31.565747	cycle start_time queries_executed items_processed domains_analyzed convergence_signals confidence_scores symbols_found queries	complete	270
367	2026-05-01T13:44:15.595180	cycle start_time queries_executed items_processed domains_analyzed convergence_signals confidence_scores symbols_found queries	complete	270
356	2026-05-01T13:44:17.257677	cycle start_time queries_executed items_processed domains_analyzed convergence_signals confidence_scores symbols_found queries	complete	270
414	2026-05-01T13:44:31.643866	cycle start_time queries_executed items_processed domains_analyzed convergence_signals confidence_scores symbols_found queries	complete	270
368	2026-05-01T13:45:15.666274	cycle start_time queries_executed items_processed domains_analyzed convergence_signals confidence_scores symbols_found queries	complete	270
357	2026-05-01T13:45:17.314224	cycle start_time queries_executed items_processed domains_analyzed convergence_signals confidence_scores symbols_found queries	complete	270
415	2026-05-01T13:45:31.711218	cycle start_time queries_executed items_processed domains_analyzed convergence_signals confidence_scores symbols_found queries	complete	270
369	2026-05-01T13:46:15.706223	cycle start_time queries_executed items_processed domains_analyzed convergence_signals confidence_scores symbols_found queries	complete	270
358	2026-05-01T13:46:17.370644	cycle start_time queries_executed items_processed domains_analyzed convergence_signals confidence_scores symbols_found queries	complete	270
416	2026-05-01T13:46:31.802440	cycle start_time queries_executed items_processed domains_analyzed convergence_signals confidence_scores symbols_found queries	complete	270
370	2026-05-01T13:47:15.766686	cycle start_time queries_executed items_processed domains_analyzed convergence_signals confidence_scores symbols_found queries	complete	270
359	2026-05-01T13:47:17.428823	cycle start_time queries_executed items_processed domains_analyzed convergence_signals confidence_scores symbols_found queries	complete	270
417	2026-05-01T13:47:31.876400	cycle start_time queries_executed items_processed domains_analyzed convergence_signals confidence_scores symbols_found queries	complete	270
371	2026-05-01T13:48:15.800678	cycle start_time queries_executed items_processed domains_analyzed convergence_signals confidence_scores symbols_found queries	complete	270
360	2026-05-01T13:48:17.500229	cycle start_time queries_executed items_processed domains_analyzed convergence_signals confidence_scores symbols_found queries	complete	270
418	2026-05-01T13:48:31.941858	cycle start_time queries_executed items_processed domains_analyzed convergence_signals confidence_scores symbols_found queries	complete	270
372	2026-05-01T13:49:15.823011	cycle start_time queries_executed items_processed domains_analyzed convergence_signals confidence_scores symbols_found queries	complete	270
361	2026-05-01T13:49:17.559282	cycle start_time queries_executed items_processed domains_analyzed convergence_signals confidence_scores symbols_found queries	complete	270
419	2026-05-01T13:49:32.016495	cycle start_time queries_executed items_processed domains_analyzed convergence_signals confidence_scores symbols_found queries	complete	270
373	2026-05-01T13:50:15.893976	cycle start_time queries_executed items_processed domains_analyzed convergence_signals confidence_scores symbols_found queries	complete	270
362	2026-05-01T13:50:17.595343	cycle start_time queries_executed items_processed domains_analyzed convergence_signals confidence_scores symbols_found queries	complete	270
420	2026-05-01T13:50:32.080534	cycle start_time queries_executed items_processed domains_analyzed convergence_signals confidence_scores symbols_found queries	complete	270
374	2026-05-01T13:51:15.970119	cycle start_time queries_executed items_processed domains_analyzed convergence_signals confidence_scores symbols_found queries	complete	270
363	2026-05-01T13:51:17.678278	cycle start_time queries_executed items_processed domains_analyzed convergence_signals confidence_scores symbols_found queries	complete	270
421	2026-05-01T13:51:32.112359	cycle start_time queries_executed items_processed domains_analyzed convergence_signals confidence_scores symbols_found queries	complete	270
375	2026-05-01T13:52:16.033883	cycle start_time queries_executed items_processed domains_analyzed convergence_signals confidence_scores symbols_found queries	complete	270
364	2026-05-01T13:52:17.761763	cycle start_time queries_executed items_processed domains_analyzed convergence_signals confidence_scores symbols_found queries	complete	270
422	2026-05-01T13:52:32.184130	cycle start_time queries_executed items_processed domains_analyzed convergence_signals confidence_scores symbols_found queries	complete	270
376	2026-05-01T13:53:16.095216	cycle start_time queries_executed items_processed domains_analyzed convergence_signals confidence_scores symbols_found queries	complete	270
365	2026-05-01T13:53:17.823222	cycle start_time queries_executed items_processed domains_analyzed convergence_signals confidence_scores symbols_found queries	complete	270
423	2026-05-01T13:53:32.213511	cycle start_time queries_executed items_processed domains_analyzed convergence_signals confidence_scores symbols_found queries	complete	270
377	2026-05-01T13:54:16.107772	cycle start_time queries_executed items_processed domains_analyzed convergence_signals confidence_scores symbols_found queries	complete	270
366	2026-05-01T13:54:17.872572	cycle start_time queries_executed items_processed domains_analyzed convergence_signals confidence_scores symbols_found queries	complete	270
424	2026-05-01T13:54:32.264092	cycle start_time queries_executed items_processed domains_analyzed convergence_signals confidence_scores symbols_found queries	complete	270
378	2026-05-01T13:55:16.161927	cycle start_time queries_executed items_processed domains_analyzed convergence_signals confidence_scores symbols_found queries	complete	270
367	2026-05-01T13:55:17.925257	cycle start_time queries_executed items_processed domains_analyzed convergence_signals confidence_scores symbols_found queries	complete	270
425	2026-05-01T13:55:32.317543	cycle start_time queries_executed items_processed domains_analyzed convergence_signals confidence_scores symbols_found queries	complete	270
379	2026-05-01T13:56:16.222261	cycle start_time queries_executed items_processed domains_analyzed convergence_signals confidence_scores symbols_found queries	complete	270
368	2026-05-01T13:56:17.973738	cycle start_time queries_executed items_processed domains_analyzed convergence_signals confidence_scores symbols_found queries	complete	270
426	2026-05-01T13:56:32.368700	cycle start_time queries_executed items_processed domains_analyzed convergence_signals confidence_scores symbols_found queries	complete	270
380	2026-05-01T13:57:16.288679	cycle start_time queries_executed items_processed domains_analyzed convergence_signals confidence_scores symbols_found queries	complete	270
369	2026-05-01T13:57:18.049288	cycle start_time queries_executed items_processed domains_analyzed convergence_signals confidence_scores symbols_found queries	complete	270
427	2026-05-01T13:57:32.472680	cycle start_time queries_executed items_processed domains_analyzed convergence_signals confidence_scores symbols_found queries	complete	270
381	2026-05-01T13:58:16.339680	cycle start_time queries_executed items_processed domains_analyzed convergence_signals confidence_scores symbols_found queries	complete	270
370	2026-05-01T13:58:18.061945	cycle start_time queries_executed items_processed domains_analyzed convergence_signals confidence_scores symbols_found queries	complete	270
428	2026-05-01T13:58:32.525918	cycle start_time queries_executed items_processed domains_analyzed convergence_signals confidence_scores symbols_found queries	complete	270
382	2026-05-01T13:59:16.405275	cycle start_time queries_executed items_processed domains_analyzed convergence_signals confidence_scores symbols_found queries	complete	270
371	2026-05-01T13:59:18.120527	cycle start_time queries_executed items_processed domains_analyzed convergence_signals confidence_scores symbols_found queries	complete	270
429	2026-05-01T13:59:32.582718	cycle start_time queries_executed items_processed domains_analyzed convergence_signals confidence_scores symbols_found queries	complete	270
383	2026-05-01T14:00:16.420613	cycle start_time queries_executed items_processed domains_analyzed convergence_signals confidence_scores symbols_found queries	complete	270
372	2026-05-01T14:00:18.170502	cycle start_time queries_executed items_processed domains_analyzed convergence_signals confidence_scores symbols_found queries	complete	270
430	2026-05-01T14:00:32.636608	cycle start_time queries_executed items_processed domains_analyzed convergence_signals confidence_scores symbols_found queries	complete	270
384	2026-05-01T14:01:16.471120	cycle start_time queries_executed items_processed domains_analyzed convergence_signals confidence_scores symbols_found queries	complete	270
373	2026-05-01T14:01:18.184831	cycle start_time queries_executed items_processed domains_analyzed convergence_signals confidence_scores symbols_found queries	complete	270
431	2026-05-01T14:01:32.691419	cycle start_time queries_executed items_processed domains_analyzed convergence_signals confidence_scores symbols_found queries	complete	270
385	2026-05-01T14:02:16.537274	cycle start_time queries_executed items_processed domains_analyzed convergence_signals confidence_scores symbols_found queries	complete	270
374	2026-05-01T14:02:18.202492	cycle start_time queries_executed items_processed domains_analyzed convergence_signals confidence_scores symbols_found queries	complete	270
432	2026-05-01T14:02:32.743699	cycle start_time queries_executed items_processed domains_analyzed convergence_signals confidence_scores symbols_found queries	complete	270
386	2026-05-01T14:03:16.588157	cycle start_time queries_executed items_processed domains_analyzed convergence_signals confidence_scores symbols_found queries	complete	270
375	2026-05-01T14:03:18.254021	cycle start_time queries_executed items_processed domains_analyzed convergence_signals confidence_scores symbols_found queries	complete	270
433	2026-05-01T14:03:32.820394	cycle start_time queries_executed items_processed domains_analyzed convergence_signals confidence_scores symbols_found queries	complete	270
387	2026-05-01T14:04:16.656161	cycle start_time queries_executed items_processed domains_analyzed convergence_signals confidence_scores symbols_found queries	complete	270
376	2026-05-01T14:04:18.306967	cycle start_time queries_executed items_processed domains_analyzed convergence_signals confidence_scores symbols_found queries	complete	270
434	2026-05-01T14:04:32.890085	cycle start_time queries_executed items_processed domains_analyzed convergence_signals confidence_scores symbols_found queries	complete	270
388	2026-05-01T14:05:16.715986	cycle start_time queries_executed items_processed domains_analyzed convergence_signals confidence_scores symbols_found queries	complete	270
377	2026-05-01T14:05:18.366012	cycle start_time queries_executed items_processed domains_analyzed convergence_signals confidence_scores symbols_found queries	complete	270
435	2026-05-01T14:05:32.937087	cycle start_time queries_executed items_processed domains_analyzed convergence_signals confidence_scores symbols_found queries	complete	270
389	2026-05-01T14:06:16.769047	cycle start_time queries_executed items_processed domains_analyzed convergence_signals confidence_scores symbols_found queries	complete	270
378	2026-05-01T14:06:18.445237	cycle start_time queries_executed items_processed domains_analyzed convergence_signals confidence_scores symbols_found queries	complete	270
436	2026-05-01T14:06:33.046387	cycle start_time queries_executed items_processed domains_analyzed convergence_signals confidence_scores symbols_found queries	complete	270
390	2026-05-01T14:07:16.821943	cycle start_time queries_executed items_processed domains_analyzed convergence_signals confidence_scores symbols_found queries	complete	270
379	2026-05-01T14:07:18.510004	cycle start_time queries_executed items_processed domains_analyzed convergence_signals confidence_scores symbols_found queries	complete	270
437	2026-05-01T14:07:33.063965	cycle start_time queries_executed items_processed domains_analyzed convergence_signals confidence_scores symbols_found queries	complete	270
391	2026-05-01T14:08:16.882718	cycle start_time queries_executed items_processed domains_analyzed convergence_signals confidence_scores symbols_found queries	complete	270
380	2026-05-01T14:08:18.604071	cycle start_time queries_executed items_processed domains_analyzed convergence_signals confidence_scores symbols_found queries	complete	270
438	2026-05-01T14:08:33.213049	cycle start_time queries_executed items_processed domains_analyzed convergence_signals confidence_scores symbols_found queries	complete	270
392	2026-05-01T14:09:16.935352	cycle start_time queries_executed items_processed domains_analyzed convergence_signals confidence_scores symbols_found queries	complete	270
381	2026-05-01T14:09:18.675491	cycle start_time queries_executed items_processed domains_analyzed convergence_signals confidence_scores symbols_found queries	complete	270
439	2026-05-01T14:09:33.265465	cycle start_time queries_executed items_processed domains_analyzed convergence_signals confidence_scores symbols_found queries	complete	270
393	2026-05-01T14:10:17.003507	cycle start_time queries_executed items_processed domains_analyzed convergence_signals confidence_scores symbols_found queries	complete	270
382	2026-05-01T14:10:18.783050	cycle start_time queries_executed items_processed domains_analyzed convergence_signals confidence_scores symbols_found queries	complete	270
440	2026-05-01T14:10:33.345659	cycle start_time queries_executed items_processed domains_analyzed convergence_signals confidence_scores symbols_found queries	complete	270
394	2026-05-01T14:11:17.069859	cycle start_time queries_executed items_processed domains_analyzed convergence_signals confidence_scores symbols_found queries	complete	270
383	2026-05-01T14:11:18.860358	cycle start_time queries_executed items_processed domains_analyzed convergence_signals confidence_scores symbols_found queries	complete	270
441	2026-05-01T14:11:33.371447	cycle start_time queries_executed items_processed domains_analyzed convergence_signals confidence_scores symbols_found queries	complete	270
395	2026-05-01T14:12:17.132423	cycle start_time queries_executed items_processed domains_analyzed convergence_signals confidence_scores symbols_found queries	complete	270
384	2026-05-01T14:12:18.958457	cycle start_time queries_executed items_processed domains_analyzed convergence_signals confidence_scores symbols_found queries	complete	270
442	2026-05-01T14:12:33.434568	cycle start_time queries_executed items_processed domains_analyzed convergence_signals confidence_scores symbols_found queries	complete	270
396	2026-05-01T14:13:17.220341	cycle start_time queries_executed items_processed domains_analyzed convergence_signals confidence_scores symbols_found queries	complete	270
385	2026-05-01T14:13:19.017489	cycle start_time queries_executed items_processed domains_analyzed convergence_signals confidence_scores symbols_found queries	complete	270
443	2026-05-01T14:13:33.468109	cycle start_time queries_executed items_processed domains_analyzed convergence_signals confidence_scores symbols_found queries	complete	270
397	2026-05-01T14:14:17.255077	cycle start_time queries_executed items_processed domains_analyzed convergence_signals confidence_scores symbols_found queries	complete	270
386	2026-05-01T14:14:19.100731	cycle start_time queries_executed items_processed domains_analyzed convergence_signals confidence_scores symbols_found queries	complete	270
444	2026-05-01T14:14:33.537662	cycle start_time queries_executed items_processed domains_analyzed convergence_signals confidence_scores symbols_found queries	complete	270
398	2026-05-01T14:15:17.307266	cycle start_time queries_executed items_processed domains_analyzed convergence_signals confidence_scores symbols_found queries	complete	270
387	2026-05-01T14:15:19.112457	cycle start_time queries_executed items_processed domains_analyzed convergence_signals confidence_scores symbols_found queries	complete	270
445	2026-05-01T14:15:33.590741	cycle start_time queries_executed items_processed domains_analyzed convergence_signals confidence_scores symbols_found queries	complete	270
399	2026-05-01T14:16:17.329127	cycle start_time queries_executed items_processed domains_analyzed convergence_signals confidence_scores symbols_found queries	complete	270
388	2026-05-01T14:16:19.142499	cycle start_time queries_executed items_processed domains_analyzed convergence_signals confidence_scores symbols_found queries	complete	270
446	2026-05-01T14:16:33.643702	cycle start_time queries_executed items_processed domains_analyzed convergence_signals confidence_scores symbols_found queries	complete	270
400	2026-05-01T14:17:17.387197	cycle start_time queries_executed items_processed domains_analyzed convergence_signals confidence_scores symbols_found queries	complete	270
389	2026-05-01T14:17:19.200185	cycle start_time queries_executed items_processed domains_analyzed convergence_signals confidence_scores symbols_found queries	complete	270
447	2026-05-01T14:17:33.706091	cycle start_time queries_executed items_processed domains_analyzed convergence_signals confidence_scores symbols_found queries	complete	270
401	2026-05-01T14:18:17.468667	cycle start_time queries_executed items_processed domains_analyzed convergence_signals confidence_scores symbols_found queries	complete	270
390	2026-05-01T14:18:19.264912	cycle start_time queries_executed items_processed domains_analyzed convergence_signals confidence_scores symbols_found queries	complete	270
448	2026-05-01T14:18:33.775383	cycle start_time queries_executed items_processed domains_analyzed convergence_signals confidence_scores symbols_found queries	complete	270
402	2026-05-01T14:19:17.548508	cycle start_time queries_executed items_processed domains_analyzed convergence_signals confidence_scores symbols_found queries	complete	270
391	2026-05-01T14:19:19.293086	cycle start_time queries_executed items_processed domains_analyzed convergence_signals confidence_scores symbols_found queries	complete	270
449	2026-05-01T14:19:33.828297	cycle start_time queries_executed items_processed domains_analyzed convergence_signals confidence_scores symbols_found queries	complete	270
403	2026-05-01T14:20:17.567213	cycle start_time queries_executed items_processed domains_analyzed convergence_signals confidence_scores symbols_found queries	complete	270
392	2026-05-01T14:20:19.348304	cycle start_time queries_executed items_processed domains_analyzed convergence_signals confidence_scores symbols_found queries	complete	270
450	2026-05-01T14:20:33.889519	cycle start_time queries_executed items_processed domains_analyzed convergence_signals confidence_scores symbols_found queries	complete	270
404	2026-05-01T14:21:17.626594	cycle start_time queries_executed items_processed domains_analyzed convergence_signals confidence_scores symbols_found queries	complete	270
393	2026-05-01T14:21:19.407065	cycle start_time queries_executed items_processed domains_analyzed convergence_signals confidence_scores symbols_found queries	complete	270
451	2026-05-01T14:21:33.956270	cycle start_time queries_executed items_processed domains_analyzed convergence_signals confidence_scores symbols_found queries	complete	270
405	2026-05-01T14:22:17.690410	cycle start_time queries_executed items_processed domains_analyzed convergence_signals confidence_scores symbols_found queries	complete	270
394	2026-05-01T14:22:19.475374	cycle start_time queries_executed items_processed domains_analyzed convergence_signals confidence_scores symbols_found queries	complete	270
452	2026-05-01T14:22:34.034829	cycle start_time queries_executed items_processed domains_analyzed convergence_signals confidence_scores symbols_found queries	complete	270
406	2026-05-01T14:23:17.705248	cycle start_time queries_executed items_processed domains_analyzed convergence_signals confidence_scores symbols_found queries	complete	270
395	2026-05-01T14:23:19.527563	cycle start_time queries_executed items_processed domains_analyzed convergence_signals confidence_scores symbols_found queries	complete	270
453	2026-05-01T14:23:34.049599	cycle start_time queries_executed items_processed domains_analyzed convergence_signals confidence_scores symbols_found queries	complete	270
407	2026-05-01T14:24:17.775762	cycle start_time queries_executed items_processed domains_analyzed convergence_signals confidence_scores symbols_found queries	complete	270
396	2026-05-01T14:24:19.587028	cycle start_time queries_executed items_processed domains_analyzed convergence_signals confidence_scores symbols_found queries	complete	270
454	2026-05-01T14:24:34.070079	cycle start_time queries_executed items_processed domains_analyzed convergence_signals confidence_scores symbols_found queries	complete	270
408	2026-05-01T14:25:17.839839	cycle start_time queries_executed items_processed domains_analyzed convergence_signals confidence_scores symbols_found queries	complete	270
397	2026-05-01T14:25:19.615675	cycle start_time queries_executed items_processed domains_analyzed convergence_signals confidence_scores symbols_found queries	complete	270
455	2026-05-01T14:25:34.096624	cycle start_time queries_executed items_processed domains_analyzed convergence_signals confidence_scores symbols_found queries	complete	270
409	2026-05-01T14:26:17.903917	cycle start_time queries_executed items_processed domains_analyzed convergence_signals confidence_scores symbols_found queries	complete	270
398	2026-05-01T14:26:19.684508	cycle start_time queries_executed items_processed domains_analyzed convergence_signals confidence_scores symbols_found queries	complete	270
456	2026-05-01T14:26:34.173265	cycle start_time queries_executed items_processed domains_analyzed convergence_signals confidence_scores symbols_found queries	complete	270
410	2026-05-01T14:27:17.974929	cycle start_time queries_executed items_processed domains_analyzed convergence_signals confidence_scores symbols_found queries	complete	270
399	2026-05-01T14:27:19.718784	cycle start_time queries_executed items_processed domains_analyzed convergence_signals confidence_scores symbols_found queries	complete	270
457	2026-05-01T14:27:34.247569	cycle start_time queries_executed items_processed domains_analyzed convergence_signals confidence_scores symbols_found queries	complete	270
411	2026-05-01T14:28:18.055390	cycle start_time queries_executed items_processed domains_analyzed convergence_signals confidence_scores symbols_found queries	complete	270
400	2026-05-01T14:28:19.754546	cycle start_time queries_executed items_processed domains_analyzed convergence_signals confidence_scores symbols_found queries	complete	270
458	2026-05-01T14:28:34.329328	cycle start_time queries_executed items_processed domains_analyzed convergence_signals confidence_scores symbols_found queries	complete	270
412	2026-05-01T14:29:18.140037	cycle start_time queries_executed items_processed domains_analyzed convergence_signals confidence_scores symbols_found queries	complete	270
401	2026-05-01T14:29:19.829115	cycle start_time queries_executed items_processed domains_analyzed convergence_signals confidence_scores symbols_found queries	complete	270
459	2026-05-01T14:29:34.412066	cycle start_time queries_executed items_processed domains_analyzed convergence_signals confidence_scores symbols_found queries	complete	270
413	2026-05-01T14:30:18.235448	cycle start_time queries_executed items_processed domains_analyzed convergence_signals confidence_scores symbols_found queries	complete	270
402	2026-05-01T14:30:19.923767	cycle start_time queries_executed items_processed domains_analyzed convergence_signals confidence_scores symbols_found queries	complete	270
460	2026-05-01T14:30:34.502952	cycle start_time queries_executed items_processed domains_analyzed convergence_signals confidence_scores symbols_found queries	complete	270
414	2026-05-01T14:31:18.369490	cycle start_time queries_executed items_processed domains_analyzed convergence_signals confidence_scores symbols_found queries	complete	270
403	2026-05-01T14:31:20.004014	cycle start_time queries_executed items_processed domains_analyzed convergence_signals confidence_scores symbols_found queries	complete	270
461	2026-05-01T14:31:34.624869	cycle start_time queries_executed items_processed domains_analyzed convergence_signals confidence_scores symbols_found queries	complete	270
415	2026-05-01T14:32:18.493794	cycle start_time queries_executed items_processed domains_analyzed convergence_signals confidence_scores symbols_found queries	complete	270
404	2026-05-01T14:32:20.114169	cycle start_time queries_executed items_processed domains_analyzed convergence_signals confidence_scores symbols_found queries	complete	270
462	2026-05-01T14:32:34.713420	cycle start_time queries_executed items_processed domains_analyzed convergence_signals confidence_scores symbols_found queries	complete	270
416	2026-05-01T14:33:18.629714	cycle start_time queries_executed items_processed domains_analyzed convergence_signals confidence_scores symbols_found queries	complete	270
405	2026-05-01T14:33:20.207275	cycle start_time queries_executed items_processed domains_analyzed convergence_signals confidence_scores symbols_found queries	complete	270
463	2026-05-01T14:33:34.806706	cycle start_time queries_executed items_processed domains_analyzed convergence_signals confidence_scores symbols_found queries	complete	270
417	2026-05-01T14:34:18.726586	cycle start_time queries_executed items_processed domains_analyzed convergence_signals confidence_scores symbols_found queries	complete	270
406	2026-05-01T14:34:20.301499	cycle start_time queries_executed items_processed domains_analyzed convergence_signals confidence_scores symbols_found queries	complete	270
464	2026-05-01T14:34:34.935870	cycle start_time queries_executed items_processed domains_analyzed convergence_signals confidence_scores symbols_found queries	complete	270
418	2026-05-01T14:35:18.841112	cycle start_time queries_executed items_processed domains_analyzed convergence_signals confidence_scores symbols_found queries	complete	270
407	2026-05-01T14:35:20.408908	cycle start_time queries_executed items_processed domains_analyzed convergence_signals confidence_scores symbols_found queries	complete	270
465	2026-05-01T14:35:35.104439	cycle start_time queries_executed items_processed domains_analyzed convergence_signals confidence_scores symbols_found queries	complete	270
419	2026-05-01T14:36:19.003405	cycle start_time queries_executed items_processed domains_analyzed convergence_signals confidence_scores symbols_found queries	complete	270
408	2026-05-01T14:36:20.539448	cycle start_time queries_executed items_processed domains_analyzed convergence_signals confidence_scores symbols_found queries	complete	270
466	2026-05-01T14:36:35.251143	cycle start_time queries_executed items_processed domains_analyzed convergence_signals confidence_scores symbols_found queries	complete	270
420	2026-05-01T14:37:19.119741	cycle start_time queries_executed items_processed domains_analyzed convergence_signals confidence_scores symbols_found queries	complete	270
409	2026-05-01T14:37:20.657629	cycle start_time queries_executed items_processed domains_analyzed convergence_signals confidence_scores symbols_found queries	complete	270
467	2026-05-01T14:37:35.379862	cycle start_time queries_executed items_processed domains_analyzed convergence_signals confidence_scores symbols_found queries	complete	270
421	2026-05-01T14:38:19.246073	cycle start_time queries_executed items_processed domains_analyzed convergence_signals confidence_scores symbols_found queries	complete	270
410	2026-05-01T14:38:20.779930	cycle start_time queries_executed items_processed domains_analyzed convergence_signals confidence_scores symbols_found queries	complete	270
468	2026-05-01T14:38:35.509955	cycle start_time queries_executed items_processed domains_analyzed convergence_signals confidence_scores symbols_found queries	complete	270
422	2026-05-01T14:39:19.309224	cycle start_time queries_executed items_processed domains_analyzed convergence_signals confidence_scores symbols_found queries	complete	270
411	2026-05-01T14:39:20.851373	cycle start_time queries_executed items_processed domains_analyzed convergence_signals confidence_scores symbols_found queries	complete	270
469	2026-05-01T14:39:35.570784	cycle start_time queries_executed items_processed domains_analyzed convergence_signals confidence_scores symbols_found queries	complete	270
423	2026-05-01T14:40:19.387994	cycle start_time queries_executed items_processed domains_analyzed convergence_signals confidence_scores symbols_found queries	complete	270
412	2026-05-01T14:40:20.926198	cycle start_time queries_executed items_processed domains_analyzed convergence_signals confidence_scores symbols_found queries	complete	270
470	2026-05-01T14:40:35.589131	cycle start_time queries_executed items_processed domains_analyzed convergence_signals confidence_scores symbols_found queries	complete	270
424	2026-05-01T14:41:19.465590	cycle start_time queries_executed items_processed domains_analyzed convergence_signals confidence_scores symbols_found queries	complete	270
413	2026-05-01T14:41:21.009530	cycle start_time queries_executed items_processed domains_analyzed convergence_signals confidence_scores symbols_found queries	complete	270
471	2026-05-01T14:41:35.658488	cycle start_time queries_executed items_processed domains_analyzed convergence_signals confidence_scores symbols_found queries	complete	270
425	2026-05-01T14:42:19.531427	cycle start_time queries_executed items_processed domains_analyzed convergence_signals confidence_scores symbols_found queries	complete	270
414	2026-05-01T14:42:21.074953	cycle start_time queries_executed items_processed domains_analyzed convergence_signals confidence_scores symbols_found queries	complete	270
472	2026-05-01T14:42:35.725493	cycle start_time queries_executed items_processed domains_analyzed convergence_signals confidence_scores symbols_found queries	complete	270
426	2026-05-01T14:43:19.554954	cycle start_time queries_executed items_processed domains_analyzed convergence_signals confidence_scores symbols_found queries	complete	270
415	2026-05-01T14:43:21.139135	cycle start_time queries_executed items_processed domains_analyzed convergence_signals confidence_scores symbols_found queries	complete	270
473	2026-05-01T14:43:35.746591	cycle start_time queries_executed items_processed domains_analyzed convergence_signals confidence_scores symbols_found queries	complete	270
427	2026-05-01T14:44:19.622884	cycle start_time queries_executed items_processed domains_analyzed convergence_signals confidence_scores symbols_found queries	complete	270
416	2026-05-01T14:44:21.203586	cycle start_time queries_executed items_processed domains_analyzed convergence_signals confidence_scores symbols_found queries	complete	270
474	2026-05-01T14:44:35.829528	cycle start_time queries_executed items_processed domains_analyzed convergence_signals confidence_scores symbols_found queries	complete	270
428	2026-05-01T14:45:19.701618	cycle start_time queries_executed items_processed domains_analyzed convergence_signals confidence_scores symbols_found queries	complete	270
417	2026-05-01T14:45:21.410186	cycle start_time queries_executed items_processed domains_analyzed convergence_signals confidence_scores symbols_found queries	complete	270
475	2026-05-01T14:45:35.903893	cycle start_time queries_executed items_processed domains_analyzed convergence_signals confidence_scores symbols_found queries	complete	270
429	2026-05-01T14:46:19.736604	cycle start_time queries_executed items_processed domains_analyzed convergence_signals confidence_scores symbols_found queries	complete	270
418	2026-05-01T14:46:21.481419	cycle start_time queries_executed items_processed domains_analyzed convergence_signals confidence_scores symbols_found queries	complete	270
476	2026-05-01T14:46:35.976573	cycle start_time queries_executed items_processed domains_analyzed convergence_signals confidence_scores symbols_found queries	complete	270
430	2026-05-01T14:47:19.767008	cycle start_time queries_executed items_processed domains_analyzed convergence_signals confidence_scores symbols_found queries	complete	270
419	2026-05-01T14:47:21.511782	cycle start_time queries_executed items_processed domains_analyzed convergence_signals confidence_scores symbols_found queries	complete	270
477	2026-05-01T14:47:36.013056	cycle start_time queries_executed items_processed domains_analyzed convergence_signals confidence_scores symbols_found queries	complete	270
431	2026-05-01T14:48:19.851130	cycle start_time queries_executed items_processed domains_analyzed convergence_signals confidence_scores symbols_found queries	complete	270
420	2026-05-01T14:48:21.591584	cycle start_time queries_executed items_processed domains_analyzed convergence_signals confidence_scores symbols_found queries	complete	270
478	2026-05-01T14:48:36.101836	cycle start_time queries_executed items_processed domains_analyzed convergence_signals confidence_scores symbols_found queries	complete	270
432	2026-05-01T14:49:19.936845	cycle start_time queries_executed items_processed domains_analyzed convergence_signals confidence_scores symbols_found queries	complete	270
421	2026-05-01T14:49:21.629305	cycle start_time queries_executed items_processed domains_analyzed convergence_signals confidence_scores symbols_found queries	complete	270
479	2026-05-01T14:49:36.132757	cycle start_time queries_executed items_processed domains_analyzed convergence_signals confidence_scores symbols_found queries	complete	270
433	2026-05-01T14:50:19.952260	cycle start_time queries_executed items_processed domains_analyzed convergence_signals confidence_scores symbols_found queries	complete	270
422	2026-05-01T14:50:21.692027	cycle start_time queries_executed items_processed domains_analyzed convergence_signals confidence_scores symbols_found queries	complete	270
480	2026-05-01T14:50:36.203899	cycle start_time queries_executed items_processed domains_analyzed convergence_signals confidence_scores symbols_found queries	complete	270
434	2026-05-01T14:51:19.978513	cycle start_time queries_executed items_processed domains_analyzed convergence_signals confidence_scores symbols_found queries	complete	270
423	2026-05-01T14:51:21.759521	cycle start_time queries_executed items_processed domains_analyzed convergence_signals confidence_scores symbols_found queries	complete	270
481	2026-05-01T14:51:36.221973	cycle start_time queries_executed items_processed domains_analyzed convergence_signals confidence_scores symbols_found queries	complete	270
435	2026-05-01T14:52:20.052547	cycle start_time queries_executed items_processed domains_analyzed convergence_signals confidence_scores symbols_found queries	complete	270
424	2026-05-01T14:52:21.826453	cycle start_time queries_executed items_processed domains_analyzed convergence_signals confidence_scores symbols_found queries	complete	270
482	2026-05-01T14:52:36.291465	cycle start_time queries_executed items_processed domains_analyzed convergence_signals confidence_scores symbols_found queries	complete	270
436	2026-05-01T14:53:20.123872	cycle start_time queries_executed items_processed domains_analyzed convergence_signals confidence_scores symbols_found queries	complete	270
425	2026-05-01T14:53:21.900533	cycle start_time queries_executed items_processed domains_analyzed convergence_signals confidence_scores symbols_found queries	complete	270
483	2026-05-01T14:53:36.364320	cycle start_time queries_executed items_processed domains_analyzed convergence_signals confidence_scores symbols_found queries	complete	270
437	2026-05-01T14:54:20.199856	cycle start_time queries_executed items_processed domains_analyzed convergence_signals confidence_scores symbols_found queries	complete	270
426	2026-05-01T14:54:21.973786	cycle start_time queries_executed items_processed domains_analyzed convergence_signals confidence_scores symbols_found queries	complete	270
484	2026-05-01T14:54:36.450899	cycle start_time queries_executed items_processed domains_analyzed convergence_signals confidence_scores symbols_found queries	complete	270
438	2026-05-01T14:55:20.266562	cycle start_time queries_executed items_processed domains_analyzed convergence_signals confidence_scores symbols_found queries	complete	270
427	2026-05-01T14:55:21.990890	cycle start_time queries_executed items_processed domains_analyzed convergence_signals confidence_scores symbols_found queries	complete	270
485	2026-05-01T14:55:36.515436	cycle start_time queries_executed items_processed domains_analyzed convergence_signals confidence_scores symbols_found queries	complete	270
439	2026-05-01T14:56:20.281830	cycle start_time queries_executed items_processed domains_analyzed convergence_signals confidence_scores symbols_found queries	complete	270
428	2026-05-01T14:56:22.059707	cycle start_time queries_executed items_processed domains_analyzed convergence_signals confidence_scores symbols_found queries	complete	270
486	2026-05-01T14:56:36.599646	cycle start_time queries_executed items_processed domains_analyzed convergence_signals confidence_scores symbols_found queries	complete	270
440	2026-05-01T14:57:20.393701	cycle start_time queries_executed items_processed domains_analyzed convergence_signals confidence_scores symbols_found queries	complete	270
429	2026-05-01T14:57:22.105094	cycle start_time queries_executed items_processed domains_analyzed convergence_signals confidence_scores symbols_found queries	complete	270
487	2026-05-01T14:57:36.627051	cycle start_time queries_executed items_processed domains_analyzed convergence_signals confidence_scores symbols_found queries	complete	270
441	2026-05-01T14:58:20.648266	cycle start_time queries_executed items_processed domains_analyzed convergence_signals confidence_scores symbols_found queries	complete	270
430	2026-05-01T14:58:22.219676	cycle start_time queries_executed items_processed domains_analyzed convergence_signals confidence_scores symbols_found queries	complete	270
488	2026-05-01T14:58:36.658855	cycle start_time queries_executed items_processed domains_analyzed convergence_signals confidence_scores symbols_found queries	complete	270
442	2026-05-01T14:59:20.745119	cycle start_time queries_executed items_processed domains_analyzed convergence_signals confidence_scores symbols_found queries	complete	270
431	2026-05-01T14:59:22.312081	cycle start_time queries_executed items_processed domains_analyzed convergence_signals confidence_scores symbols_found queries	complete	270
489	2026-05-01T14:59:36.723457	cycle start_time queries_executed items_processed domains_analyzed convergence_signals confidence_scores symbols_found queries	complete	270
443	2026-05-01T15:00:20.766353	cycle start_time queries_executed items_processed domains_analyzed convergence_signals confidence_scores symbols_found queries	complete	270
432	2026-05-01T15:00:22.332088	cycle start_time queries_executed items_processed domains_analyzed convergence_signals confidence_scores symbols_found queries	complete	270
490	2026-05-01T15:00:36.747207	cycle start_time queries_executed items_processed domains_analyzed convergence_signals confidence_scores symbols_found queries	complete	270
444	2026-05-01T15:01:20.847964	cycle start_time queries_executed items_processed domains_analyzed convergence_signals confidence_scores symbols_found queries	complete	270
433	2026-05-01T15:01:22.411002	cycle start_time queries_executed items_processed domains_analyzed convergence_signals confidence_scores symbols_found queries	complete	270
491	2026-05-01T15:01:36.825895	cycle start_time queries_executed items_processed domains_analyzed convergence_signals confidence_scores symbols_found queries	complete	270
445	2026-05-01T15:02:20.985733	cycle start_time queries_executed items_processed domains_analyzed convergence_signals confidence_scores symbols_found queries	complete	270
434	2026-05-01T15:02:22.527055	cycle start_time queries_executed items_processed domains_analyzed convergence_signals confidence_scores symbols_found queries	complete	270
492	2026-05-01T15:02:36.911472	cycle start_time queries_executed items_processed domains_analyzed convergence_signals confidence_scores symbols_found queries	complete	270
446	2026-05-01T15:03:21.061094	cycle start_time queries_executed items_processed domains_analyzed convergence_signals confidence_scores symbols_found queries	complete	270
435	2026-05-01T15:03:22.552672	cycle start_time queries_executed items_processed domains_analyzed convergence_signals confidence_scores symbols_found queries	complete	270
493	2026-05-01T15:03:36.983361	cycle start_time queries_executed items_processed domains_analyzed convergence_signals confidence_scores symbols_found queries	complete	270
447	2026-05-01T15:04:21.085231	cycle start_time queries_executed items_processed domains_analyzed convergence_signals confidence_scores symbols_found queries	complete	270
436	2026-05-01T15:04:22.578224	cycle start_time queries_executed items_processed domains_analyzed convergence_signals confidence_scores symbols_found queries	complete	270
494	2026-05-01T15:04:37.064913	cycle start_time queries_executed items_processed domains_analyzed convergence_signals confidence_scores symbols_found queries	complete	270
448	2026-05-01T15:05:21.223072	cycle start_time queries_executed items_processed domains_analyzed convergence_signals confidence_scores symbols_found queries	complete	270
437	2026-05-01T15:05:22.657849	cycle start_time queries_executed items_processed domains_analyzed convergence_signals confidence_scores symbols_found queries	complete	270
495	2026-05-01T15:05:37.107604	cycle start_time queries_executed items_processed domains_analyzed convergence_signals confidence_scores symbols_found queries	complete	270
449	2026-05-01T15:06:21.307982	cycle start_time queries_executed items_processed domains_analyzed convergence_signals confidence_scores symbols_found queries	complete	270
438	2026-05-01T15:06:22.726986	cycle start_time queries_executed items_processed domains_analyzed convergence_signals confidence_scores symbols_found queries	complete	270
496	2026-05-01T15:06:37.179770	cycle start_time queries_executed items_processed domains_analyzed convergence_signals confidence_scores symbols_found queries	complete	270
450	2026-05-01T15:07:21.414092	cycle start_time queries_executed items_processed domains_analyzed convergence_signals confidence_scores symbols_found queries	complete	270
439	2026-05-01T15:07:22.800218	cycle start_time queries_executed items_processed domains_analyzed convergence_signals confidence_scores symbols_found queries	complete	270
497	2026-05-01T15:07:37.257619	cycle start_time queries_executed items_processed domains_analyzed convergence_signals confidence_scores symbols_found queries	complete	270
451	2026-05-01T15:08:21.492448	cycle start_time queries_executed items_processed domains_analyzed convergence_signals confidence_scores symbols_found queries	complete	270
440	2026-05-01T15:08:22.818200	cycle start_time queries_executed items_processed domains_analyzed convergence_signals confidence_scores symbols_found queries	complete	270
498	2026-05-01T15:08:37.327398	cycle start_time queries_executed items_processed domains_analyzed convergence_signals confidence_scores symbols_found queries	complete	270
452	2026-05-01T15:09:21.511327	cycle start_time queries_executed items_processed domains_analyzed convergence_signals confidence_scores symbols_found queries	complete	270
441	2026-05-01T15:09:22.834562	cycle start_time queries_executed items_processed domains_analyzed convergence_signals confidence_scores symbols_found queries	complete	270
499	2026-05-01T15:09:37.343418	cycle start_time queries_executed items_processed domains_analyzed convergence_signals confidence_scores symbols_found queries	complete	270
453	2026-05-01T15:10:21.546476	cycle start_time queries_executed items_processed domains_analyzed convergence_signals confidence_scores symbols_found queries	complete	270
442	2026-05-01T15:10:22.863421	cycle start_time queries_executed items_processed domains_analyzed convergence_signals confidence_scores symbols_found queries	complete	270
500	2026-05-01T15:10:37.458793	cycle start_time queries_executed items_processed domains_analyzed convergence_signals confidence_scores symbols_found queries	complete	270
454	2026-05-01T15:11:21.574235	cycle start_time queries_executed items_processed domains_analyzed convergence_signals confidence_scores symbols_found queries	complete	270
443	2026-05-01T15:11:22.942374	cycle start_time queries_executed items_processed domains_analyzed convergence_signals confidence_scores symbols_found queries	complete	270
501	2026-05-01T15:11:37.548698	cycle start_time queries_executed items_processed domains_analyzed convergence_signals confidence_scores symbols_found queries	complete	270
455	2026-05-01T15:12:21.681444	cycle start_time queries_executed items_processed domains_analyzed convergence_signals confidence_scores symbols_found queries	complete	270
444	2026-05-01T15:12:23.023042	cycle start_time queries_executed items_processed domains_analyzed convergence_signals confidence_scores symbols_found queries	complete	270
502	2026-05-01T15:12:37.635148	cycle start_time queries_executed items_processed domains_analyzed convergence_signals confidence_scores symbols_found queries	complete	270
456	2026-05-01T15:13:21.697456	cycle start_time queries_executed items_processed domains_analyzed convergence_signals confidence_scores symbols_found queries	complete	270
445	2026-05-01T15:13:23.073597	cycle start_time queries_executed items_processed domains_analyzed convergence_signals confidence_scores symbols_found queries	complete	270
503	2026-05-01T15:13:37.705908	cycle start_time queries_executed items_processed domains_analyzed convergence_signals confidence_scores symbols_found queries	complete	270
457	2026-05-01T15:14:21.776594	cycle start_time queries_executed items_processed domains_analyzed convergence_signals confidence_scores symbols_found queries	complete	270
446	2026-05-01T15:14:23.165819	cycle start_time queries_executed items_processed domains_analyzed convergence_signals confidence_scores symbols_found queries	complete	270
504	2026-05-01T15:14:37.782953	cycle start_time queries_executed items_processed domains_analyzed convergence_signals confidence_scores symbols_found queries	complete	270
458	2026-05-01T15:15:21.827497	cycle start_time queries_executed items_processed domains_analyzed convergence_signals confidence_scores symbols_found queries	complete	270
447	2026-05-01T15:15:23.250381	cycle start_time queries_executed items_processed domains_analyzed convergence_signals confidence_scores symbols_found queries	complete	270
505	2026-05-01T15:15:37.870480	cycle start_time queries_executed items_processed domains_analyzed convergence_signals confidence_scores symbols_found queries	complete	270
459	2026-05-01T15:16:21.855508	cycle start_time queries_executed items_processed domains_analyzed convergence_signals confidence_scores symbols_found queries	complete	270
448	2026-05-01T15:16:23.326800	cycle start_time queries_executed items_processed domains_analyzed convergence_signals confidence_scores symbols_found queries	complete	270
506	2026-05-01T15:16:37.887393	cycle start_time queries_executed items_processed domains_analyzed convergence_signals confidence_scores symbols_found queries	complete	270
460	2026-05-01T15:17:21.957628	cycle start_time queries_executed items_processed domains_analyzed convergence_signals confidence_scores symbols_found queries	complete	270
449	2026-05-01T15:17:23.408738	cycle start_time queries_executed items_processed domains_analyzed convergence_signals confidence_scores symbols_found queries	complete	270
507	2026-05-01T15:17:37.962282	cycle start_time queries_executed items_processed domains_analyzed convergence_signals confidence_scores symbols_found queries	complete	270
461	2026-05-01T15:18:21.977907	cycle start_time queries_executed items_processed domains_analyzed convergence_signals confidence_scores symbols_found queries	complete	270
450	2026-05-01T15:18:23.499798	cycle start_time queries_executed items_processed domains_analyzed convergence_signals confidence_scores symbols_found queries	complete	270
508	2026-05-01T15:18:37.996834	cycle start_time queries_executed items_processed domains_analyzed convergence_signals confidence_scores symbols_found queries	complete	270
462	2026-05-01T15:19:22.064859	cycle start_time queries_executed items_processed domains_analyzed convergence_signals confidence_scores symbols_found queries	complete	270
451	2026-05-01T15:19:23.580212	cycle start_time queries_executed items_processed domains_analyzed convergence_signals confidence_scores symbols_found queries	complete	270
509	2026-05-01T15:19:38.082823	cycle start_time queries_executed items_processed domains_analyzed convergence_signals confidence_scores symbols_found queries	complete	270
463	2026-05-01T15:20:22.145638	cycle start_time queries_executed items_processed domains_analyzed convergence_signals confidence_scores symbols_found queries	complete	270
452	2026-05-01T15:20:23.687614	cycle start_time queries_executed items_processed domains_analyzed convergence_signals confidence_scores symbols_found queries	complete	270
510	2026-05-01T15:20:38.120698	cycle start_time queries_executed items_processed domains_analyzed convergence_signals confidence_scores symbols_found queries	complete	270
464	2026-05-01T15:21:22.237071	cycle start_time queries_executed items_processed domains_analyzed convergence_signals confidence_scores symbols_found queries	complete	270
453	2026-05-01T15:21:23.806493	cycle start_time queries_executed items_processed domains_analyzed convergence_signals confidence_scores symbols_found queries	complete	270
511	2026-05-01T15:21:38.212527	cycle start_time queries_executed items_processed domains_analyzed convergence_signals confidence_scores symbols_found queries	complete	270
465	2026-05-01T15:22:22.310152	cycle start_time queries_executed items_processed domains_analyzed convergence_signals confidence_scores symbols_found queries	complete	270
454	2026-05-01T15:22:23.827703	cycle start_time queries_executed items_processed domains_analyzed convergence_signals confidence_scores symbols_found queries	complete	270
512	2026-05-01T15:22:38.295867	cycle start_time queries_executed items_processed domains_analyzed convergence_signals confidence_scores symbols_found queries	complete	270
466	2026-05-01T15:23:22.378907	cycle start_time queries_executed items_processed domains_analyzed convergence_signals confidence_scores symbols_found queries	complete	270
455	2026-05-01T15:23:23.840654	cycle start_time queries_executed items_processed domains_analyzed convergence_signals confidence_scores symbols_found queries	complete	270
513	2026-05-01T15:23:38.308932	cycle start_time queries_executed items_processed domains_analyzed convergence_signals confidence_scores symbols_found queries	complete	270
467	2026-05-01T15:24:22.409918	cycle start_time queries_executed items_processed domains_analyzed convergence_signals confidence_scores symbols_found queries	complete	270
456	2026-05-01T15:24:23.921720	cycle start_time queries_executed items_processed domains_analyzed convergence_signals confidence_scores symbols_found queries	complete	270
514	2026-05-01T15:24:38.328738	cycle start_time queries_executed items_processed domains_analyzed convergence_signals confidence_scores symbols_found queries	complete	270
468	2026-05-01T15:25:22.490175	cycle start_time queries_executed items_processed domains_analyzed convergence_signals confidence_scores symbols_found queries	complete	270
457	2026-05-01T15:25:23.951614	cycle start_time queries_executed items_processed domains_analyzed convergence_signals confidence_scores symbols_found queries	complete	270
515	2026-05-01T15:25:38.402352	cycle start_time queries_executed items_processed domains_analyzed convergence_signals confidence_scores symbols_found queries	complete	270
469	2026-05-01T15:26:22.566837	cycle start_time queries_executed items_processed domains_analyzed convergence_signals confidence_scores symbols_found queries	complete	270
458	2026-05-01T15:26:23.983409	cycle start_time queries_executed items_processed domains_analyzed convergence_signals confidence_scores symbols_found queries	complete	270
516	2026-05-01T15:26:38.428565	cycle start_time queries_executed items_processed domains_analyzed convergence_signals confidence_scores symbols_found queries	complete	270
470	2026-05-01T15:27:22.596703	cycle start_time queries_executed items_processed domains_analyzed convergence_signals confidence_scores symbols_found queries	complete	270
459	2026-05-01T15:27:24.017900	cycle start_time queries_executed items_processed domains_analyzed convergence_signals confidence_scores symbols_found queries	complete	270
517	2026-05-01T15:27:38.464592	cycle start_time queries_executed items_processed domains_analyzed convergence_signals confidence_scores symbols_found queries	complete	270
471	2026-05-01T15:28:22.684504	cycle start_time queries_executed items_processed domains_analyzed convergence_signals confidence_scores symbols_found queries	complete	270
460	2026-05-01T15:28:24.056182	cycle start_time queries_executed items_processed domains_analyzed convergence_signals confidence_scores symbols_found queries	complete	270
518	2026-05-01T15:28:38.555047	cycle start_time queries_executed items_processed domains_analyzed convergence_signals confidence_scores symbols_found queries	complete	270
472	2026-05-01T15:29:22.725834	cycle start_time queries_executed items_processed domains_analyzed convergence_signals confidence_scores symbols_found queries	complete	270
461	2026-05-01T15:29:24.164095	cycle start_time queries_executed items_processed domains_analyzed convergence_signals confidence_scores symbols_found queries	complete	270
519	2026-05-01T15:29:38.655151	cycle start_time queries_executed items_processed domains_analyzed convergence_signals confidence_scores symbols_found queries	complete	270
473	2026-05-01T15:30:22.822542	cycle start_time queries_executed items_processed domains_analyzed convergence_signals confidence_scores symbols_found queries	complete	270
462	2026-05-01T15:30:24.255748	cycle start_time queries_executed items_processed domains_analyzed convergence_signals confidence_scores symbols_found queries	complete	270
520	2026-05-01T15:30:38.755078	cycle start_time queries_executed items_processed domains_analyzed convergence_signals confidence_scores symbols_found queries	complete	270
474	2026-05-01T15:31:23.081123	cycle start_time queries_executed items_processed domains_analyzed convergence_signals confidence_scores symbols_found queries	complete	270
463	2026-05-01T15:31:24.301987	cycle start_time queries_executed items_processed domains_analyzed convergence_signals confidence_scores symbols_found queries	complete	270
521	2026-05-01T15:31:38.887997	cycle start_time queries_executed items_processed domains_analyzed convergence_signals confidence_scores symbols_found queries	complete	270
475	2026-05-01T15:32:23.134336	cycle start_time queries_executed items_processed domains_analyzed convergence_signals confidence_scores symbols_found queries	complete	270
464	2026-05-01T15:32:24.404004	cycle start_time queries_executed items_processed domains_analyzed convergence_signals confidence_scores symbols_found queries	complete	270
522	2026-05-01T15:32:38.997769	cycle start_time queries_executed items_processed domains_analyzed convergence_signals confidence_scores symbols_found queries	complete	270
476	2026-05-01T15:33:23.312582	cycle start_time queries_executed items_processed domains_analyzed convergence_signals confidence_scores symbols_found queries	complete	270
465	2026-05-01T15:33:24.471603	cycle start_time queries_executed items_processed domains_analyzed convergence_signals confidence_scores symbols_found queries	complete	270
523	2026-05-01T15:33:39.103342	cycle start_time queries_executed items_processed domains_analyzed convergence_signals confidence_scores symbols_found queries	complete	270
477	2026-05-01T15:34:23.376568	cycle start_time queries_executed items_processed domains_analyzed convergence_signals confidence_scores symbols_found queries	complete	270
466	2026-05-01T15:34:24.578110	cycle start_time queries_executed items_processed domains_analyzed convergence_signals confidence_scores symbols_found queries	complete	270
524	2026-05-01T15:34:39.205275	cycle start_time queries_executed items_processed domains_analyzed convergence_signals confidence_scores symbols_found queries	complete	270
478	2026-05-01T15:35:23.458840	cycle start_time queries_executed items_processed domains_analyzed convergence_signals confidence_scores symbols_found queries	complete	270
467	2026-05-01T15:35:24.618875	cycle start_time queries_executed items_processed domains_analyzed convergence_signals confidence_scores symbols_found queries	complete	270
525	2026-05-01T15:35:39.326650	cycle start_time queries_executed items_processed domains_analyzed convergence_signals confidence_scores symbols_found queries	complete	270
479	2026-05-01T15:36:23.515330	cycle start_time queries_executed items_processed domains_analyzed convergence_signals confidence_scores symbols_found queries	complete	270
468	2026-05-01T15:36:24.708043	cycle start_time queries_executed items_processed domains_analyzed convergence_signals confidence_scores symbols_found queries	complete	270
526	2026-05-01T15:36:39.445423	cycle start_time queries_executed items_processed domains_analyzed convergence_signals confidence_scores symbols_found queries	complete	270
480	2026-05-01T15:37:23.615374	cycle start_time queries_executed items_processed domains_analyzed convergence_signals confidence_scores symbols_found queries	complete	270
469	2026-05-01T15:37:24.828073	cycle start_time queries_executed items_processed domains_analyzed convergence_signals confidence_scores symbols_found queries	complete	270
527	2026-05-01T15:37:39.509345	cycle start_time queries_executed items_processed domains_analyzed convergence_signals confidence_scores symbols_found queries	complete	270
481	2026-05-01T15:38:23.716659	cycle start_time queries_executed items_processed domains_analyzed convergence_signals confidence_scores symbols_found queries	complete	270
470	2026-05-01T15:38:24.924105	cycle start_time queries_executed items_processed domains_analyzed convergence_signals confidence_scores symbols_found queries	complete	270
528	2026-05-01T15:38:39.566537	cycle start_time queries_executed items_processed domains_analyzed convergence_signals confidence_scores symbols_found queries	complete	270
482	2026-05-01T15:39:23.863474	cycle start_time queries_executed items_processed domains_analyzed convergence_signals confidence_scores symbols_found queries	complete	270
471	2026-05-01T15:39:24.971383	cycle start_time queries_executed items_processed domains_analyzed convergence_signals confidence_scores symbols_found queries	complete	270
529	2026-05-01T15:39:39.725608	cycle start_time queries_executed items_processed domains_analyzed convergence_signals confidence_scores symbols_found queries	complete	270
483	2026-05-01T15:40:23.904935	cycle start_time queries_executed items_processed domains_analyzed convergence_signals confidence_scores symbols_found queries	complete	270
472	2026-05-01T15:40:24.988331	cycle start_time queries_executed items_processed domains_analyzed convergence_signals confidence_scores symbols_found queries	complete	270
530	2026-05-01T15:40:39.814470	cycle start_time queries_executed items_processed domains_analyzed convergence_signals confidence_scores symbols_found queries	complete	270
484	2026-05-01T15:41:24.075052	cycle start_time queries_executed items_processed domains_analyzed convergence_signals confidence_scores symbols_found queries	complete	270
473	2026-05-01T15:41:25.003318	cycle start_time queries_executed items_processed domains_analyzed convergence_signals confidence_scores symbols_found queries	complete	270
531	2026-05-01T15:41:39.836560	cycle start_time queries_executed items_processed domains_analyzed convergence_signals confidence_scores symbols_found queries	complete	270
485	2026-05-01T15:42:24.173521	cycle start_time queries_executed items_processed domains_analyzed convergence_signals confidence_scores symbols_found queries	complete	270
474	2026-05-01T15:42:25.076645	cycle start_time queries_executed items_processed domains_analyzed convergence_signals confidence_scores symbols_found queries	complete	270
532	2026-05-01T15:42:39.866102	cycle start_time queries_executed items_processed domains_analyzed convergence_signals confidence_scores symbols_found queries	complete	270
486	2026-05-01T15:43:24.278898	cycle start_time queries_executed items_processed domains_analyzed convergence_signals confidence_scores symbols_found queries	complete	270
475	2026-05-01T15:43:25.102624	cycle start_time queries_executed items_processed domains_analyzed convergence_signals confidence_scores symbols_found queries	complete	270
533	2026-05-01T15:43:39.902033	cycle start_time queries_executed items_processed domains_analyzed convergence_signals confidence_scores symbols_found queries	complete	270
487	2026-05-01T15:44:24.365263	cycle start_time queries_executed items_processed domains_analyzed convergence_signals confidence_scores symbols_found queries	complete	270
476	2026-05-01T15:44:25.188514	cycle start_time queries_executed items_processed domains_analyzed convergence_signals confidence_scores symbols_found queries	complete	270
534	2026-05-01T15:44:39.992763	cycle start_time queries_executed items_processed domains_analyzed convergence_signals confidence_scores symbols_found queries	complete	270
488	2026-05-01T15:45:24.462446	cycle start_time queries_executed items_processed domains_analyzed convergence_signals confidence_scores symbols_found queries	complete	270
477	2026-05-01T15:45:25.286786	cycle start_time queries_executed items_processed domains_analyzed convergence_signals confidence_scores symbols_found queries	complete	270
535	2026-05-01T15:45:40.098104	cycle start_time queries_executed items_processed domains_analyzed convergence_signals confidence_scores symbols_found queries	complete	270
489	2026-05-01T15:46:24.574671	cycle start_time queries_executed items_processed domains_analyzed convergence_signals confidence_scores symbols_found queries	complete	270
478	2026-05-01T15:46:25.342692	cycle start_time queries_executed items_processed domains_analyzed convergence_signals confidence_scores symbols_found queries	complete	270
536	2026-05-01T15:46:40.196213	cycle start_time queries_executed items_processed domains_analyzed convergence_signals confidence_scores symbols_found queries	complete	270
490	2026-05-01T15:47:24.728657	cycle start_time queries_executed items_processed domains_analyzed convergence_signals confidence_scores symbols_found queries	complete	270
479	2026-05-01T15:47:25.477492	cycle start_time queries_executed items_processed domains_analyzed convergence_signals confidence_scores symbols_found queries	complete	270
537	2026-05-01T15:47:40.245727	cycle start_time queries_executed items_processed domains_analyzed convergence_signals confidence_scores symbols_found queries	complete	270
491	2026-05-01T15:48:24.844369	cycle start_time queries_executed items_processed domains_analyzed convergence_signals confidence_scores symbols_found queries	complete	270
480	2026-05-01T15:48:25.574377	cycle start_time queries_executed items_processed domains_analyzed convergence_signals confidence_scores symbols_found queries	complete	270
538	2026-05-01T15:48:40.346550	cycle start_time queries_executed items_processed domains_analyzed convergence_signals confidence_scores symbols_found queries	complete	270
492	2026-05-01T15:49:24.953431	cycle start_time queries_executed items_processed domains_analyzed convergence_signals confidence_scores symbols_found queries	complete	270
481	2026-05-01T15:49:25.617207	cycle start_time queries_executed items_processed domains_analyzed convergence_signals confidence_scores symbols_found queries	complete	270
539	2026-05-01T15:49:40.451590	cycle start_time queries_executed items_processed domains_analyzed convergence_signals confidence_scores symbols_found queries	complete	270
493	2026-05-01T15:50:25.068559	cycle start_time queries_executed items_processed domains_analyzed convergence_signals confidence_scores symbols_found queries	complete	270
482	2026-05-01T15:50:25.728650	cycle start_time queries_executed items_processed domains_analyzed convergence_signals confidence_scores symbols_found queries	complete	270
540	2026-05-01T15:50:40.483709	cycle start_time queries_executed items_processed domains_analyzed convergence_signals confidence_scores symbols_found queries	complete	270
494	2026-05-01T15:51:25.105012	cycle start_time queries_executed items_processed domains_analyzed convergence_signals confidence_scores symbols_found queries	complete	270
483	2026-05-01T15:51:25.846932	cycle start_time queries_executed items_processed domains_analyzed convergence_signals confidence_scores symbols_found queries	complete	270
541	2026-05-01T15:51:40.513261	cycle start_time queries_executed items_processed domains_analyzed convergence_signals confidence_scores symbols_found queries	complete	270
495	2026-05-01T15:52:25.220734	cycle start_time queries_executed items_processed domains_analyzed convergence_signals confidence_scores symbols_found queries	complete	270
484	2026-05-01T15:52:25.963704	cycle start_time queries_executed items_processed domains_analyzed convergence_signals confidence_scores symbols_found queries	complete	270
542	2026-05-01T15:52:40.628815	cycle start_time queries_executed items_processed domains_analyzed convergence_signals confidence_scores symbols_found queries	complete	270
496	2026-05-01T15:53:25.344618	cycle start_time queries_executed items_processed domains_analyzed convergence_signals confidence_scores symbols_found queries	complete	270
485	2026-05-01T15:53:25.997146	cycle start_time queries_executed items_processed domains_analyzed convergence_signals confidence_scores symbols_found queries	complete	270
543	2026-05-01T15:53:40.748481	cycle start_time queries_executed items_processed domains_analyzed convergence_signals confidence_scores symbols_found queries	complete	270
497	2026-05-01T15:54:25.392833	cycle start_time queries_executed items_processed domains_analyzed convergence_signals confidence_scores symbols_found queries	complete	270
486	2026-05-01T15:54:26.032960	cycle start_time queries_executed items_processed domains_analyzed convergence_signals confidence_scores symbols_found queries	complete	270
544	2026-05-01T15:54:40.870806	cycle start_time queries_executed items_processed domains_analyzed convergence_signals confidence_scores symbols_found queries	complete	270
498	2026-05-01T15:55:25.430851	cycle start_time queries_executed items_processed domains_analyzed convergence_signals confidence_scores symbols_found queries	complete	270
487	2026-05-01T15:55:26.107920	cycle start_time queries_executed items_processed domains_analyzed convergence_signals confidence_scores symbols_found queries	complete	270
545	2026-05-01T15:55:40.920299	cycle start_time queries_executed items_processed domains_analyzed convergence_signals confidence_scores symbols_found queries	complete	270
499	2026-05-01T15:56:25.576636	cycle start_time queries_executed items_processed domains_analyzed convergence_signals confidence_scores symbols_found queries	complete	270
488	2026-05-01T15:56:26.248742	cycle start_time queries_executed items_processed domains_analyzed convergence_signals confidence_scores symbols_found queries	complete	270
546	2026-05-01T15:56:41.060242	cycle start_time queries_executed items_processed domains_analyzed convergence_signals confidence_scores symbols_found queries	complete	270
500	2026-05-01T15:57:25.684076	cycle start_time queries_executed items_processed domains_analyzed convergence_signals confidence_scores symbols_found queries	complete	270
489	2026-05-01T15:57:26.345331	cycle start_time queries_executed items_processed domains_analyzed convergence_signals confidence_scores symbols_found queries	complete	270
547	2026-05-01T15:57:41.078541	cycle start_time queries_executed items_processed domains_analyzed convergence_signals confidence_scores symbols_found queries	complete	270
501	2026-05-01T15:58:25.809379	cycle start_time queries_executed items_processed domains_analyzed convergence_signals confidence_scores symbols_found queries	complete	270
490	2026-05-01T15:58:26.370649	cycle start_time queries_executed items_processed domains_analyzed convergence_signals confidence_scores symbols_found queries	complete	270
548	2026-05-01T15:58:41.190179	cycle start_time queries_executed items_processed domains_analyzed convergence_signals confidence_scores symbols_found queries	complete	270
502	2026-05-01T15:59:25.917438	cycle start_time queries_executed items_processed domains_analyzed convergence_signals confidence_scores symbols_found queries	complete	270
491	2026-05-01T15:59:26.481395	cycle start_time queries_executed items_processed domains_analyzed convergence_signals confidence_scores symbols_found queries	complete	270
549	2026-05-01T15:59:41.354462	cycle start_time queries_executed items_processed domains_analyzed convergence_signals confidence_scores symbols_found queries	complete	270
503	2026-05-01T16:00:26.028399	cycle start_time queries_executed items_processed domains_analyzed convergence_signals confidence_scores symbols_found queries	complete	270
492	2026-05-01T16:00:26.499610	cycle start_time queries_executed items_processed domains_analyzed convergence_signals confidence_scores symbols_found queries	complete	270
550	2026-05-01T16:00:41.462350	cycle start_time queries_executed items_processed domains_analyzed convergence_signals confidence_scores symbols_found queries	complete	270
504	2026-05-01T16:01:26.051338	cycle start_time queries_executed items_processed domains_analyzed convergence_signals confidence_scores symbols_found queries	complete	270
493	2026-05-01T16:01:26.602906	cycle start_time queries_executed items_processed domains_analyzed convergence_signals confidence_scores symbols_found queries	complete	270
551	2026-05-01T16:01:41.575511	cycle start_time queries_executed items_processed domains_analyzed convergence_signals confidence_scores symbols_found queries	complete	270
505	2026-05-01T16:02:26.161342	cycle start_time queries_executed items_processed domains_analyzed convergence_signals confidence_scores symbols_found queries	complete	270
494	2026-05-01T16:02:26.625430	cycle start_time queries_executed items_processed domains_analyzed convergence_signals confidence_scores symbols_found queries	complete	270
552	2026-05-01T16:02:41.625937	cycle start_time queries_executed items_processed domains_analyzed convergence_signals confidence_scores symbols_found queries	complete	270
506	2026-05-01T16:03:26.189977	cycle start_time queries_executed items_processed domains_analyzed convergence_signals confidence_scores symbols_found queries	complete	270
495	2026-05-01T16:03:26.773074	cycle start_time queries_executed items_processed domains_analyzed convergence_signals confidence_scores symbols_found queries	complete	270
553	2026-05-01T16:03:41.907026	cycle start_time queries_executed items_processed domains_analyzed convergence_signals confidence_scores symbols_found queries	complete	270
507	2026-05-01T16:04:26.229049	cycle start_time queries_executed items_processed domains_analyzed convergence_signals confidence_scores symbols_found queries	complete	270
496	2026-05-01T16:04:26.894947	cycle start_time queries_executed items_processed domains_analyzed convergence_signals confidence_scores symbols_found queries	complete	270
554	2026-05-01T16:04:42.037736	cycle start_time queries_executed items_processed domains_analyzed convergence_signals confidence_scores symbols_found queries	complete	270
508	2026-05-01T16:05:26.370927	cycle start_time queries_executed items_processed domains_analyzed convergence_signals confidence_scores symbols_found queries	complete	270
497	2026-05-01T16:05:27.028623	cycle start_time queries_executed items_processed domains_analyzed convergence_signals confidence_scores symbols_found queries	complete	270
555	2026-05-01T16:05:42.159226	cycle start_time queries_executed items_processed domains_analyzed convergence_signals confidence_scores symbols_found queries	complete	270
509	2026-05-01T16:06:26.472850	cycle start_time queries_executed items_processed domains_analyzed convergence_signals confidence_scores symbols_found queries	complete	270
498	2026-05-01T16:06:27.134056	cycle start_time queries_executed items_processed domains_analyzed convergence_signals confidence_scores symbols_found queries	complete	270
556	2026-05-01T16:06:42.261192	cycle start_time queries_executed items_processed domains_analyzed convergence_signals confidence_scores symbols_found queries	complete	270
510	2026-05-01T16:07:26.574380	cycle start_time queries_executed items_processed domains_analyzed convergence_signals confidence_scores symbols_found queries	complete	270
499	2026-05-01T16:07:27.159550	cycle start_time queries_executed items_processed domains_analyzed convergence_signals confidence_scores symbols_found queries	complete	270
557	2026-05-01T16:07:42.281982	cycle start_time queries_executed items_processed domains_analyzed convergence_signals confidence_scores symbols_found queries	complete	270
511	2026-05-01T16:08:26.684290	cycle start_time queries_executed items_processed domains_analyzed convergence_signals confidence_scores symbols_found queries	complete	270
500	2026-05-01T16:08:27.277031	cycle start_time queries_executed items_processed domains_analyzed convergence_signals confidence_scores symbols_found queries	complete	270
558	2026-05-01T16:08:42.424817	cycle start_time queries_executed items_processed domains_analyzed convergence_signals confidence_scores symbols_found queries	complete	270
512	2026-05-01T16:09:26.748610	cycle start_time queries_executed items_processed domains_analyzed convergence_signals confidence_scores symbols_found queries	complete	270
501	2026-05-01T16:09:27.336730	cycle start_time queries_executed items_processed domains_analyzed convergence_signals confidence_scores symbols_found queries	complete	270
559	2026-05-01T16:09:42.467338	cycle start_time queries_executed items_processed domains_analyzed convergence_signals confidence_scores symbols_found queries	complete	270
513	2026-05-01T16:10:26.814758	cycle start_time queries_executed items_processed domains_analyzed convergence_signals confidence_scores symbols_found queries	complete	270
502	2026-05-01T16:10:27.486789	cycle start_time queries_executed items_processed domains_analyzed convergence_signals confidence_scores symbols_found queries	complete	270
560	2026-05-01T16:10:42.502079	cycle start_time queries_executed items_processed domains_analyzed convergence_signals confidence_scores symbols_found queries	complete	270
514	2026-05-01T16:11:26.981574	cycle start_time queries_executed items_processed domains_analyzed convergence_signals confidence_scores symbols_found queries	complete	270
503	2026-05-01T16:11:27.528598	cycle start_time queries_executed items_processed domains_analyzed convergence_signals confidence_scores symbols_found queries	complete	270
561	2026-05-01T16:11:42.663002	cycle start_time queries_executed items_processed domains_analyzed convergence_signals confidence_scores symbols_found queries	complete	270
515	2026-05-01T16:12:27.039895	cycle start_time queries_executed items_processed domains_analyzed convergence_signals confidence_scores symbols_found queries	complete	270
504	2026-05-01T16:12:27.678547	cycle start_time queries_executed items_processed domains_analyzed convergence_signals confidence_scores symbols_found queries	complete	270
562	2026-05-01T16:12:42.791079	cycle start_time queries_executed items_processed domains_analyzed convergence_signals confidence_scores symbols_found queries	complete	270
516	2026-05-01T16:13:27.222454	cycle start_time queries_executed items_processed domains_analyzed convergence_signals confidence_scores symbols_found queries	complete	270
505	2026-05-01T16:13:27.765669	cycle start_time queries_executed items_processed domains_analyzed convergence_signals confidence_scores symbols_found queries	complete	270
563	2026-05-01T16:13:42.837430	cycle start_time queries_executed items_processed domains_analyzed convergence_signals confidence_scores symbols_found queries	complete	270
517	2026-05-01T16:14:27.357115	cycle start_time queries_executed items_processed domains_analyzed convergence_signals confidence_scores symbols_found queries	complete	270
506	2026-05-01T16:14:27.899650	cycle start_time queries_executed items_processed domains_analyzed convergence_signals confidence_scores symbols_found queries	complete	270
564	2026-05-01T16:14:42.891002	cycle start_time queries_executed items_processed domains_analyzed convergence_signals confidence_scores symbols_found queries	complete	270
518	2026-05-01T16:15:27.486663	cycle start_time queries_executed items_processed domains_analyzed convergence_signals confidence_scores symbols_found queries	complete	270
507	2026-05-01T16:15:28.039623	cycle start_time queries_executed items_processed domains_analyzed convergence_signals confidence_scores symbols_found queries	complete	270
565	2026-05-01T16:15:43.068370	cycle start_time queries_executed items_processed domains_analyzed convergence_signals confidence_scores symbols_found queries	complete	270
519	2026-05-01T16:16:27.624779	cycle start_time queries_executed items_processed domains_analyzed convergence_signals confidence_scores symbols_found queries	complete	270
508	2026-05-01T16:16:28.175014	cycle start_time queries_executed items_processed domains_analyzed convergence_signals confidence_scores symbols_found queries	complete	270
566	2026-05-01T16:16:43.231631	cycle start_time queries_executed items_processed domains_analyzed convergence_signals confidence_scores symbols_found queries	complete	270
520	2026-05-01T16:17:27.718440	cycle start_time queries_executed items_processed domains_analyzed convergence_signals confidence_scores symbols_found queries	complete	270
509	2026-05-01T16:17:28.331733	cycle start_time queries_executed items_processed domains_analyzed convergence_signals confidence_scores symbols_found queries	complete	270
567	2026-05-01T16:17:43.411161	cycle start_time queries_executed items_processed domains_analyzed convergence_signals confidence_scores symbols_found queries	complete	270
521	2026-05-01T16:18:27.939293	cycle start_time queries_executed items_processed domains_analyzed convergence_signals confidence_scores symbols_found queries	complete	270
510	2026-05-01T16:18:28.417441	cycle start_time queries_executed items_processed domains_analyzed convergence_signals confidence_scores symbols_found queries	complete	270
568	2026-05-01T16:18:43.648365	cycle start_time queries_executed items_processed domains_analyzed convergence_signals confidence_scores symbols_found queries	complete	270
522	2026-05-01T16:19:28.082911	cycle start_time queries_executed items_processed domains_analyzed convergence_signals confidence_scores symbols_found queries	complete	270
511	2026-05-01T16:19:28.479700	cycle start_time queries_executed items_processed domains_analyzed convergence_signals confidence_scores symbols_found queries	complete	270
569	2026-05-01T16:19:43.730450	cycle start_time queries_executed items_processed domains_analyzed convergence_signals confidence_scores symbols_found queries	complete	270
523	2026-05-01T16:20:28.156918	cycle start_time queries_executed items_processed domains_analyzed convergence_signals confidence_scores symbols_found queries	complete	270
512	2026-05-01T16:20:28.503181	cycle start_time queries_executed items_processed domains_analyzed convergence_signals confidence_scores symbols_found queries	complete	270
570	2026-05-01T16:20:43.747836	cycle start_time queries_executed items_processed domains_analyzed convergence_signals confidence_scores symbols_found queries	complete	270
524	2026-05-01T16:21:28.269775	cycle start_time queries_executed items_processed domains_analyzed convergence_signals confidence_scores symbols_found queries	complete	270
513	2026-05-01T16:21:28.624316	cycle start_time queries_executed items_processed domains_analyzed convergence_signals confidence_scores symbols_found queries	complete	270
571	2026-05-01T16:21:43.771076	cycle start_time queries_executed items_processed domains_analyzed convergence_signals confidence_scores symbols_found queries	complete	270
525	2026-05-01T16:22:28.379439	cycle start_time queries_executed items_processed domains_analyzed convergence_signals confidence_scores symbols_found queries	complete	270
514	2026-05-01T16:22:28.752096	cycle start_time queries_executed items_processed domains_analyzed convergence_signals confidence_scores symbols_found queries	complete	270
572	2026-05-01T16:22:43.797693	cycle start_time queries_executed items_processed domains_analyzed convergence_signals confidence_scores symbols_found queries	complete	270
526	2026-05-01T16:23:28.520055	cycle start_time queries_executed items_processed domains_analyzed convergence_signals confidence_scores symbols_found queries	complete	270
515	2026-05-01T16:23:28.783661	cycle start_time queries_executed items_processed domains_analyzed convergence_signals confidence_scores symbols_found queries	complete	270
573	2026-05-01T16:23:43.937625	cycle start_time queries_executed items_processed domains_analyzed convergence_signals confidence_scores symbols_found queries	complete	270
527	2026-05-01T16:24:28.635738	cycle start_time queries_executed items_processed domains_analyzed convergence_signals confidence_scores symbols_found queries	complete	270
516	2026-05-01T16:24:28.928248	cycle start_time queries_executed items_processed domains_analyzed convergence_signals confidence_scores symbols_found queries	complete	270
574	2026-05-01T16:24:44.098547	cycle start_time queries_executed items_processed domains_analyzed convergence_signals confidence_scores symbols_found queries	complete	270
528	2026-05-01T16:25:28.761247	cycle start_time queries_executed items_processed domains_analyzed convergence_signals confidence_scores symbols_found queries	complete	270
517	2026-05-01T16:25:29.060151	cycle start_time queries_executed items_processed domains_analyzed convergence_signals confidence_scores symbols_found queries	complete	270
575	2026-05-01T16:25:44.149477	cycle start_time queries_executed items_processed domains_analyzed convergence_signals confidence_scores symbols_found queries	complete	270
529	2026-05-01T16:26:28.895028	cycle start_time queries_executed items_processed domains_analyzed convergence_signals confidence_scores symbols_found queries	complete	270
518	2026-05-01T16:26:29.202166	cycle start_time queries_executed items_processed domains_analyzed convergence_signals confidence_scores symbols_found queries	complete	270
576	2026-05-01T16:26:44.198005	cycle start_time queries_executed items_processed domains_analyzed convergence_signals confidence_scores symbols_found queries	complete	270
530	2026-05-01T16:27:28.939421	cycle start_time queries_executed items_processed domains_analyzed convergence_signals confidence_scores symbols_found queries	complete	270
519	2026-05-01T16:27:29.336954	cycle start_time queries_executed items_processed domains_analyzed convergence_signals confidence_scores symbols_found queries	complete	270
577	2026-05-01T16:27:44.329783	cycle start_time queries_executed items_processed domains_analyzed convergence_signals confidence_scores symbols_found queries	complete	270
531	2026-05-01T16:28:29.017238	cycle start_time queries_executed items_processed domains_analyzed convergence_signals confidence_scores symbols_found queries	complete	270
520	2026-05-01T16:28:29.478879	cycle start_time queries_executed items_processed domains_analyzed convergence_signals confidence_scores symbols_found queries	complete	270
578	2026-05-01T16:28:44.383121	cycle start_time queries_executed items_processed domains_analyzed convergence_signals confidence_scores symbols_found queries	complete	270
532	2026-05-01T16:29:29.193054	cycle start_time queries_executed items_processed domains_analyzed convergence_signals confidence_scores symbols_found queries	complete	270
521	2026-05-01T16:29:29.700907	cycle start_time queries_executed items_processed domains_analyzed convergence_signals confidence_scores symbols_found queries	complete	270
579	2026-05-01T16:29:44.484182	cycle start_time queries_executed items_processed domains_analyzed convergence_signals confidence_scores symbols_found queries	complete	270
533	2026-05-01T16:30:29.263747	cycle start_time queries_executed items_processed domains_analyzed convergence_signals confidence_scores symbols_found queries	complete	270
522	2026-05-01T16:30:29.826484	cycle start_time queries_executed items_processed domains_analyzed convergence_signals confidence_scores symbols_found queries	complete	270
580	2026-05-01T16:30:44.611477	cycle start_time queries_executed items_processed domains_analyzed convergence_signals confidence_scores symbols_found queries	complete	270
534	2026-05-01T16:31:29.376711	cycle start_time queries_executed items_processed domains_analyzed convergence_signals confidence_scores symbols_found queries	complete	270
523	2026-05-01T16:31:29.846937	cycle start_time queries_executed items_processed domains_analyzed convergence_signals confidence_scores symbols_found queries	complete	270
581	2026-05-01T16:31:44.731320	cycle start_time queries_executed items_processed domains_analyzed convergence_signals confidence_scores symbols_found queries	complete	270
535	2026-05-01T16:32:29.520460	cycle start_time queries_executed items_processed domains_analyzed convergence_signals confidence_scores symbols_found queries	complete	270
524	2026-05-01T16:32:29.970236	cycle start_time queries_executed items_processed domains_analyzed convergence_signals confidence_scores symbols_found queries	complete	270
582	2026-05-01T16:32:44.872129	cycle start_time queries_executed items_processed domains_analyzed convergence_signals confidence_scores symbols_found queries	complete	270
536	2026-05-01T16:33:29.653231	cycle start_time queries_executed items_processed domains_analyzed convergence_signals confidence_scores symbols_found queries	complete	270
525	2026-05-01T16:33:30.097718	cycle start_time queries_executed items_processed domains_analyzed convergence_signals confidence_scores symbols_found queries	complete	270
583	2026-05-01T16:33:45.010959	cycle start_time queries_executed items_processed domains_analyzed convergence_signals confidence_scores symbols_found queries	complete	270
537	2026-05-01T16:34:29.781500	cycle start_time queries_executed items_processed domains_analyzed convergence_signals confidence_scores symbols_found queries	complete	270
526	2026-05-01T16:34:30.226477	cycle start_time queries_executed items_processed domains_analyzed convergence_signals confidence_scores symbols_found queries	complete	270
584	2026-05-01T16:34:45.050916	cycle start_time queries_executed items_processed domains_analyzed convergence_signals confidence_scores symbols_found queries	complete	270
538	2026-05-01T16:35:29.834967	cycle start_time queries_executed items_processed domains_analyzed convergence_signals confidence_scores symbols_found queries	complete	270
527	2026-05-01T16:35:30.299675	cycle start_time queries_executed items_processed domains_analyzed convergence_signals confidence_scores symbols_found queries	complete	270
585	2026-05-01T16:35:45.191072	cycle start_time queries_executed items_processed domains_analyzed convergence_signals confidence_scores symbols_found queries	complete	270
539	2026-05-01T16:36:29.883298	cycle start_time queries_executed items_processed domains_analyzed convergence_signals confidence_scores symbols_found queries	complete	270
528	2026-05-01T16:36:30.346740	cycle start_time queries_executed items_processed domains_analyzed convergence_signals confidence_scores symbols_found queries	complete	270
586	2026-05-01T16:36:45.365205	cycle start_time queries_executed items_processed domains_analyzed convergence_signals confidence_scores symbols_found queries	complete	270
540	2026-05-01T16:37:30.081291	cycle start_time queries_executed items_processed domains_analyzed convergence_signals confidence_scores symbols_found queries	complete	270
529	2026-05-01T16:37:30.395498	cycle start_time queries_executed items_processed domains_analyzed convergence_signals confidence_scores symbols_found queries	complete	270
587	2026-05-01T16:37:45.499697	cycle start_time queries_executed items_processed domains_analyzed convergence_signals confidence_scores symbols_found queries	complete	270
541	2026-05-01T16:38:30.150964	cycle start_time queries_executed items_processed domains_analyzed convergence_signals confidence_scores symbols_found queries	complete	270
530	2026-05-01T16:38:30.537493	cycle start_time queries_executed items_processed domains_analyzed convergence_signals confidence_scores symbols_found queries	complete	270
588	2026-05-01T16:38:45.562468	cycle start_time queries_executed items_processed domains_analyzed convergence_signals confidence_scores symbols_found queries	complete	270
542	2026-05-01T16:39:30.343661	cycle start_time queries_executed items_processed domains_analyzed convergence_signals confidence_scores symbols_found queries	complete	270
531	2026-05-01T16:39:30.598454	cycle start_time queries_executed items_processed domains_analyzed convergence_signals confidence_scores symbols_found queries	complete	270
589	2026-05-01T16:39:45.631648	cycle start_time queries_executed items_processed domains_analyzed convergence_signals confidence_scores symbols_found queries	complete	270
543	2026-05-01T16:40:30.533582	cycle start_time queries_executed items_processed domains_analyzed convergence_signals confidence_scores symbols_found queries	complete	270
532	2026-05-01T16:40:30.661141	cycle start_time queries_executed items_processed domains_analyzed convergence_signals confidence_scores symbols_found queries	complete	270
590	2026-05-01T16:40:45.686950	cycle start_time queries_executed items_processed domains_analyzed convergence_signals confidence_scores symbols_found queries	complete	270
544	2026-05-01T16:41:30.671207	cycle start_time queries_executed items_processed domains_analyzed convergence_signals confidence_scores symbols_found queries	complete	270
533	2026-05-01T16:41:30.705709	cycle start_time queries_executed items_processed domains_analyzed convergence_signals confidence_scores symbols_found queries	complete	270
591	2026-05-01T16:41:45.863056	cycle start_time queries_executed items_processed domains_analyzed convergence_signals confidence_scores symbols_found queries	complete	270
534	2026-05-01T16:42:30.727627	cycle start_time queries_executed items_processed domains_analyzed convergence_signals confidence_scores symbols_found queries	complete	270
545	2026-05-01T16:42:30.807079	cycle start_time queries_executed items_processed domains_analyzed convergence_signals confidence_scores symbols_found queries	complete	270
592	2026-05-01T16:42:45.979576	cycle start_time queries_executed items_processed domains_analyzed convergence_signals confidence_scores symbols_found queries	complete	270
535	2026-05-01T16:43:30.753749	cycle start_time queries_executed items_processed domains_analyzed convergence_signals confidence_scores symbols_found queries	complete	270
546	2026-05-01T16:43:30.928219	cycle start_time queries_executed items_processed domains_analyzed convergence_signals confidence_scores symbols_found queries	complete	270
593	2026-05-01T16:43:46.003707	cycle start_time queries_executed items_processed domains_analyzed convergence_signals confidence_scores symbols_found queries	complete	270
536	2026-05-01T16:44:30.881588	cycle start_time queries_executed items_processed domains_analyzed convergence_signals confidence_scores symbols_found queries	complete	270
547	2026-05-01T16:44:31.056835	cycle start_time queries_executed items_processed domains_analyzed convergence_signals confidence_scores symbols_found queries	complete	270
594	2026-05-01T16:44:46.052148	cycle start_time queries_executed items_processed domains_analyzed convergence_signals confidence_scores symbols_found queries	complete	270
537	2026-05-01T16:45:30.905756	cycle start_time queries_executed items_processed domains_analyzed convergence_signals confidence_scores symbols_found queries	complete	270
548	2026-05-01T16:45:31.174722	cycle start_time queries_executed items_processed domains_analyzed convergence_signals confidence_scores symbols_found queries	complete	270
595	2026-05-01T16:45:46.164326	cycle start_time queries_executed items_processed domains_analyzed convergence_signals confidence_scores symbols_found queries	complete	270
538	2026-05-01T16:46:31.049370	cycle start_time queries_executed items_processed domains_analyzed convergence_signals confidence_scores symbols_found queries	complete	270
549	2026-05-01T16:46:31.219466	cycle start_time queries_executed items_processed domains_analyzed convergence_signals confidence_scores symbols_found queries	complete	270
596	2026-05-01T16:46:46.239522	cycle start_time queries_executed items_processed domains_analyzed convergence_signals confidence_scores symbols_found queries	complete	270
539	2026-05-01T16:47:31.178173	cycle start_time queries_executed items_processed domains_analyzed convergence_signals confidence_scores symbols_found queries	complete	270
550	2026-05-01T16:47:31.351325	cycle start_time queries_executed items_processed domains_analyzed convergence_signals confidence_scores symbols_found queries	complete	270
597	2026-05-01T16:47:46.355058	cycle start_time queries_executed items_processed domains_analyzed convergence_signals confidence_scores symbols_found queries	complete	270
540	2026-05-01T16:48:31.303461	cycle start_time queries_executed items_processed domains_analyzed convergence_signals confidence_scores symbols_found queries	complete	270
551	2026-05-01T16:48:31.395495	cycle start_time queries_executed items_processed domains_analyzed convergence_signals confidence_scores symbols_found queries	complete	270
598	2026-05-01T16:48:46.426783	cycle start_time queries_executed items_processed domains_analyzed convergence_signals confidence_scores symbols_found queries	complete	270
541	2026-05-01T16:49:31.332282	cycle start_time queries_executed items_processed domains_analyzed convergence_signals confidence_scores symbols_found queries	complete	270
552	2026-05-01T16:49:31.413658	cycle start_time queries_executed items_processed domains_analyzed convergence_signals confidence_scores symbols_found queries	complete	270
599	2026-05-01T16:49:46.537455	cycle start_time queries_executed items_processed domains_analyzed convergence_signals confidence_scores symbols_found queries	complete	270
542	2026-05-01T16:50:31.450507	cycle start_time queries_executed items_processed domains_analyzed convergence_signals confidence_scores symbols_found queries	complete	270
553	2026-05-01T16:50:31.608569	cycle start_time queries_executed items_processed domains_analyzed convergence_signals confidence_scores symbols_found queries	complete	270
600	2026-05-01T16:50:46.592941	cycle start_time queries_executed items_processed domains_analyzed convergence_signals confidence_scores symbols_found queries	complete	270
543	2026-05-01T16:51:31.597793	cycle start_time queries_executed items_processed domains_analyzed convergence_signals confidence_scores symbols_found queries	complete	270
554	2026-05-01T16:51:31.787438	cycle start_time queries_executed items_processed domains_analyzed convergence_signals confidence_scores symbols_found queries	complete	270
601	2026-05-01T16:51:46.623785	cycle start_time queries_executed items_processed domains_analyzed convergence_signals confidence_scores symbols_found queries	complete	270
544	2026-05-01T16:52:31.727451	cycle start_time queries_executed items_processed domains_analyzed convergence_signals confidence_scores symbols_found queries	complete	270
555	2026-05-01T16:52:31.941577	cycle start_time queries_executed items_processed domains_analyzed convergence_signals confidence_scores symbols_found queries	complete	270
602	2026-05-01T16:52:46.670151	cycle start_time queries_executed items_processed domains_analyzed convergence_signals confidence_scores symbols_found queries	complete	270
545	2026-05-01T16:53:31.860794	cycle start_time queries_executed items_processed domains_analyzed convergence_signals confidence_scores symbols_found queries	complete	270
556	2026-05-01T16:53:31.986649	cycle start_time queries_executed items_processed domains_analyzed convergence_signals confidence_scores symbols_found queries	complete	270
603	2026-05-01T16:53:46.811181	cycle start_time queries_executed items_processed domains_analyzed convergence_signals confidence_scores symbols_found queries	complete	270
546	2026-05-01T16:54:31.917450	cycle start_time queries_executed items_processed domains_analyzed convergence_signals confidence_scores symbols_found queries	complete	270
557	2026-05-01T16:54:32.037819	cycle start_time queries_executed items_processed domains_analyzed convergence_signals confidence_scores symbols_found queries	complete	270
604	2026-05-01T16:54:46.860244	cycle start_time queries_executed items_processed domains_analyzed convergence_signals confidence_scores symbols_found queries	complete	270
547	2026-05-01T16:55:31.978099	cycle start_time queries_executed items_processed domains_analyzed convergence_signals confidence_scores symbols_found queries	complete	270
558	2026-05-01T16:55:32.119574	cycle start_time queries_executed items_processed domains_analyzed convergence_signals confidence_scores symbols_found queries	complete	270
605	2026-05-01T16:55:47.082444	cycle start_time queries_executed items_processed domains_analyzed convergence_signals confidence_scores symbols_found queries	complete	270
548	2026-05-01T16:56:32.118921	cycle start_time queries_executed items_processed domains_analyzed convergence_signals confidence_scores symbols_found queries	complete	270
559	2026-05-01T16:56:32.260655	cycle start_time queries_executed items_processed domains_analyzed convergence_signals confidence_scores symbols_found queries	complete	270
606	2026-05-01T16:56:47.240984	cycle start_time queries_executed items_processed domains_analyzed convergence_signals confidence_scores symbols_found queries	complete	270
549	2026-05-01T16:57:32.189295	cycle start_time queries_executed items_processed domains_analyzed convergence_signals confidence_scores symbols_found queries	complete	270
560	2026-05-01T16:57:32.335394	cycle start_time queries_executed items_processed domains_analyzed convergence_signals confidence_scores symbols_found queries	complete	270
607	2026-05-01T16:57:47.384987	cycle start_time queries_executed items_processed domains_analyzed convergence_signals confidence_scores symbols_found queries	complete	270
550	2026-05-01T16:58:32.324841	cycle start_time queries_executed items_processed domains_analyzed convergence_signals confidence_scores symbols_found queries	complete	270
561	2026-05-01T16:58:32.490936	cycle start_time queries_executed items_processed domains_analyzed convergence_signals confidence_scores symbols_found queries	complete	270
608	2026-05-01T16:58:47.535991	cycle start_time queries_executed items_processed domains_analyzed convergence_signals confidence_scores symbols_found queries	complete	270
551	2026-05-01T16:59:32.449762	cycle start_time queries_executed items_processed domains_analyzed convergence_signals confidence_scores symbols_found queries	complete	270
562	2026-05-01T16:59:32.625116	cycle start_time queries_executed items_processed domains_analyzed convergence_signals confidence_scores symbols_found queries	complete	270
609	2026-05-01T16:59:47.651684	cycle start_time queries_executed items_processed domains_analyzed convergence_signals confidence_scores symbols_found queries	complete	270
552	2026-05-01T17:00:32.570138	cycle start_time queries_executed items_processed domains_analyzed convergence_signals confidence_scores symbols_found queries	complete	270
563	2026-05-01T17:00:32.687850	cycle start_time queries_executed items_processed domains_analyzed convergence_signals confidence_scores symbols_found queries	complete	270
610	2026-05-01T17:00:47.681093	cycle start_time queries_executed items_processed domains_analyzed convergence_signals confidence_scores symbols_found queries	complete	270
553	2026-05-01T17:01:32.618699	cycle start_time queries_executed items_processed domains_analyzed convergence_signals confidence_scores symbols_found queries	complete	270
564	2026-05-01T17:01:32.821551	cycle start_time queries_executed items_processed domains_analyzed convergence_signals confidence_scores symbols_found queries	complete	270
611	2026-05-01T17:01:47.805503	cycle start_time queries_executed items_processed domains_analyzed convergence_signals confidence_scores symbols_found queries	complete	270
554	2026-05-01T17:02:32.758956	cycle start_time queries_executed items_processed domains_analyzed convergence_signals confidence_scores symbols_found queries	complete	270
565	2026-05-01T17:02:33.072788	cycle start_time queries_executed items_processed domains_analyzed convergence_signals confidence_scores symbols_found queries	complete	270
612	2026-05-01T17:02:47.856239	cycle start_time queries_executed items_processed domains_analyzed convergence_signals confidence_scores symbols_found queries	complete	270
555	2026-05-01T17:03:32.810727	cycle start_time queries_executed items_processed domains_analyzed convergence_signals confidence_scores symbols_found queries	complete	270
566	2026-05-01T17:03:33.265739	cycle start_time queries_executed items_processed domains_analyzed convergence_signals confidence_scores symbols_found queries	complete	270
613	2026-05-01T17:03:48.023080	cycle start_time queries_executed items_processed domains_analyzed convergence_signals confidence_scores symbols_found queries	complete	270
556	2026-05-01T17:04:32.971301	cycle start_time queries_executed items_processed domains_analyzed convergence_signals confidence_scores symbols_found queries	complete	270
567	2026-05-01T17:04:33.323331	cycle start_time queries_executed items_processed domains_analyzed convergence_signals confidence_scores symbols_found queries	complete	270
614	2026-05-01T17:04:48.174559	cycle start_time queries_executed items_processed domains_analyzed convergence_signals confidence_scores symbols_found queries	complete	270
557	2026-05-01T17:05:33.050570	cycle start_time queries_executed items_processed domains_analyzed convergence_signals confidence_scores symbols_found queries	complete	270
568	2026-05-01T17:05:33.496423	cycle start_time queries_executed items_processed domains_analyzed convergence_signals confidence_scores symbols_found queries	complete	270
615	2026-05-01T17:05:48.329323	cycle start_time queries_executed items_processed domains_analyzed convergence_signals confidence_scores symbols_found queries	complete	270
558	2026-05-01T17:06:33.211560	cycle start_time queries_executed items_processed domains_analyzed convergence_signals confidence_scores symbols_found queries	complete	270
569	2026-05-01T17:06:33.664619	cycle start_time queries_executed items_processed domains_analyzed convergence_signals confidence_scores symbols_found queries	complete	270
616	2026-05-01T17:06:48.424927	cycle start_time queries_executed items_processed domains_analyzed convergence_signals confidence_scores symbols_found queries	complete	270
559	2026-05-01T17:07:33.375497	cycle start_time queries_executed items_processed domains_analyzed convergence_signals confidence_scores symbols_found queries	complete	270
570	2026-05-01T17:07:33.850419	cycle start_time queries_executed items_processed domains_analyzed convergence_signals confidence_scores symbols_found queries	complete	270
617	2026-05-01T17:07:48.597517	cycle start_time queries_executed items_processed domains_analyzed convergence_signals confidence_scores symbols_found queries	complete	270
560	2026-05-01T17:08:33.541030	cycle start_time queries_executed items_processed domains_analyzed convergence_signals confidence_scores symbols_found queries	complete	270
571	2026-05-01T17:08:33.935188	cycle start_time queries_executed items_processed domains_analyzed convergence_signals confidence_scores symbols_found queries	complete	270
618	2026-05-01T17:08:48.686194	cycle start_time queries_executed items_processed domains_analyzed convergence_signals confidence_scores symbols_found queries	complete	270
561	2026-05-01T17:09:33.767197	cycle start_time queries_executed items_processed domains_analyzed convergence_signals confidence_scores symbols_found queries	complete	270
572	2026-05-01T17:09:34.069417	cycle start_time queries_executed items_processed domains_analyzed convergence_signals confidence_scores symbols_found queries	complete	270
619	2026-05-01T17:09:48.806315	cycle start_time queries_executed items_processed domains_analyzed convergence_signals confidence_scores symbols_found queries	complete	270
562	2026-05-01T17:10:33.792020	cycle start_time queries_executed items_processed domains_analyzed convergence_signals confidence_scores symbols_found queries	complete	270
573	2026-05-01T17:10:34.195891	cycle start_time queries_executed items_processed domains_analyzed convergence_signals confidence_scores symbols_found queries	complete	270
620	2026-05-01T17:10:48.832621	cycle start_time queries_executed items_processed domains_analyzed convergence_signals confidence_scores symbols_found queries	complete	270
563	2026-05-01T17:11:33.928062	cycle start_time queries_executed items_processed domains_analyzed convergence_signals confidence_scores symbols_found queries	complete	270
574	2026-05-01T17:11:34.385249	cycle start_time queries_executed items_processed domains_analyzed convergence_signals confidence_scores symbols_found queries	complete	270
621	2026-05-01T17:11:48.878381	cycle start_time queries_executed items_processed domains_analyzed convergence_signals confidence_scores symbols_found queries	complete	270
564	2026-05-01T17:12:33.977489	cycle start_time queries_executed items_processed domains_analyzed convergence_signals confidence_scores symbols_found queries	complete	270
575	2026-05-01T17:12:34.546436	cycle start_time queries_executed items_processed domains_analyzed convergence_signals confidence_scores symbols_found queries	complete	270
622	2026-05-01T17:12:48.916646	cycle start_time queries_executed items_processed domains_analyzed convergence_signals confidence_scores symbols_found queries	complete	270
565	2026-05-01T17:13:34.026734	cycle start_time queries_executed items_processed domains_analyzed convergence_signals confidence_scores symbols_found queries	complete	270
576	2026-05-01T17:13:34.610336	cycle start_time queries_executed items_processed domains_analyzed convergence_signals confidence_scores symbols_found queries	complete	270
623	2026-05-01T17:13:48.984221	cycle start_time queries_executed items_processed domains_analyzed convergence_signals confidence_scores symbols_found queries	complete	270
566	2026-05-01T17:14:34.176856	cycle start_time queries_executed items_processed domains_analyzed convergence_signals confidence_scores symbols_found queries	complete	270
577	2026-05-01T17:14:34.766113	cycle start_time queries_executed items_processed domains_analyzed convergence_signals confidence_scores symbols_found queries	complete	270
624	2026-05-01T17:14:49.190916	cycle start_time queries_executed items_processed domains_analyzed convergence_signals confidence_scores symbols_found queries	complete	270
567	2026-05-01T17:15:34.299120	cycle start_time queries_executed items_processed domains_analyzed convergence_signals confidence_scores symbols_found queries	complete	270
578	2026-05-01T17:15:34.793755	cycle start_time queries_executed items_processed domains_analyzed convergence_signals confidence_scores symbols_found queries	complete	270
625	2026-05-01T17:15:49.346340	cycle start_time queries_executed items_processed domains_analyzed convergence_signals confidence_scores symbols_found queries	complete	270
568	2026-05-01T17:16:34.327243	cycle start_time queries_executed items_processed domains_analyzed convergence_signals confidence_scores symbols_found queries	complete	270
579	2026-05-01T17:16:34.924804	cycle start_time queries_executed items_processed domains_analyzed convergence_signals confidence_scores symbols_found queries	complete	270
626	2026-05-01T17:16:49.485731	cycle start_time queries_executed items_processed domains_analyzed convergence_signals confidence_scores symbols_found queries	complete	270
569	2026-05-01T17:17:34.361190	cycle start_time queries_executed items_processed domains_analyzed convergence_signals confidence_scores symbols_found queries	complete	270
580	2026-05-01T17:17:35.061997	cycle start_time queries_executed items_processed domains_analyzed convergence_signals confidence_scores symbols_found queries	complete	270
627	2026-05-01T17:17:49.520815	cycle start_time queries_executed items_processed domains_analyzed convergence_signals confidence_scores symbols_found queries	complete	270
570	2026-05-01T17:18:34.557349	cycle start_time queries_executed items_processed domains_analyzed convergence_signals confidence_scores symbols_found queries	complete	270
581	2026-05-01T17:18:35.270179	cycle start_time queries_executed items_processed domains_analyzed convergence_signals confidence_scores symbols_found queries	complete	270
628	2026-05-01T17:18:49.724892	cycle start_time queries_executed items_processed domains_analyzed convergence_signals confidence_scores symbols_found queries	complete	270
571	2026-05-01T17:19:34.625745	cycle start_time queries_executed items_processed domains_analyzed convergence_signals confidence_scores symbols_found queries	complete	270
582	2026-05-01T17:19:35.440506	cycle start_time queries_executed items_processed domains_analyzed convergence_signals confidence_scores symbols_found queries	complete	270
629	2026-05-01T17:19:49.799110	cycle start_time queries_executed items_processed domains_analyzed convergence_signals confidence_scores symbols_found queries	complete	270
572	2026-05-01T17:20:34.787522	cycle start_time queries_executed items_processed domains_analyzed convergence_signals confidence_scores symbols_found queries	complete	270
583	2026-05-01T17:20:35.629620	cycle start_time queries_executed items_processed domains_analyzed convergence_signals confidence_scores symbols_found queries	complete	270
630	2026-05-01T17:20:49.958701	cycle start_time queries_executed items_processed domains_analyzed convergence_signals confidence_scores symbols_found queries	complete	270
573	2026-05-01T17:21:34.951349	cycle start_time queries_executed items_processed domains_analyzed convergence_signals confidence_scores symbols_found queries	complete	270
584	2026-05-01T17:21:35.744175	cycle start_time queries_executed items_processed domains_analyzed convergence_signals confidence_scores symbols_found queries	complete	270
631	2026-05-01T17:21:49.991352	cycle start_time queries_executed items_processed domains_analyzed convergence_signals confidence_scores symbols_found queries	complete	270
574	2026-05-01T17:22:34.978466	cycle start_time queries_executed items_processed domains_analyzed convergence_signals confidence_scores symbols_found queries	complete	270
585	2026-05-01T17:22:35.776614	cycle start_time queries_executed items_processed domains_analyzed convergence_signals confidence_scores symbols_found queries	complete	270
632	2026-05-01T17:22:50.320015	cycle start_time queries_executed items_processed domains_analyzed convergence_signals confidence_scores symbols_found queries	complete	270
575	2026-05-01T17:23:35.154302	cycle start_time queries_executed items_processed domains_analyzed convergence_signals confidence_scores symbols_found queries	complete	270
586	2026-05-01T17:23:35.859662	cycle start_time queries_executed items_processed domains_analyzed convergence_signals confidence_scores symbols_found queries	complete	270
633	2026-05-01T17:23:50.385808	cycle start_time queries_executed items_processed domains_analyzed convergence_signals confidence_scores symbols_found queries	complete	270
576	2026-05-01T17:24:35.476753	cycle start_time queries_executed items_processed domains_analyzed convergence_signals confidence_scores symbols_found queries	complete	270
587	2026-05-01T17:24:35.928505	cycle start_time queries_executed items_processed domains_analyzed convergence_signals confidence_scores symbols_found queries	complete	270
634	2026-05-01T17:24:50.563751	cycle start_time queries_executed items_processed domains_analyzed convergence_signals confidence_scores symbols_found queries	complete	270
577	2026-05-01T17:25:35.583234	cycle start_time queries_executed items_processed domains_analyzed convergence_signals confidence_scores symbols_found queries	complete	270
588	2026-05-01T17:25:36.119280	cycle start_time queries_executed items_processed domains_analyzed convergence_signals confidence_scores symbols_found queries	complete	270
635	2026-05-01T17:25:50.633989	cycle start_time queries_executed items_processed domains_analyzed convergence_signals confidence_scores symbols_found queries	complete	270
578	2026-05-01T17:26:35.641408	cycle start_time queries_executed items_processed domains_analyzed convergence_signals confidence_scores symbols_found queries	complete	270
589	2026-05-01T17:26:36.260646	cycle start_time queries_executed items_processed domains_analyzed convergence_signals confidence_scores symbols_found queries	complete	270
636	2026-05-01T17:26:50.703324	cycle start_time queries_executed items_processed domains_analyzed convergence_signals confidence_scores symbols_found queries	complete	270
579	2026-05-01T17:27:35.671668	cycle start_time queries_executed items_processed domains_analyzed convergence_signals confidence_scores symbols_found queries	complete	270
590	2026-05-01T17:27:36.290377	cycle start_time queries_executed items_processed domains_analyzed convergence_signals confidence_scores symbols_found queries	complete	270
637	2026-05-01T17:27:50.728525	cycle start_time queries_executed items_processed domains_analyzed convergence_signals confidence_scores symbols_found queries	complete	270
580	2026-05-01T17:28:35.840574	cycle start_time queries_executed items_processed domains_analyzed convergence_signals confidence_scores symbols_found queries	complete	270
591	2026-05-01T17:28:36.435311	cycle start_time queries_executed items_processed domains_analyzed convergence_signals confidence_scores symbols_found queries	complete	270
638	2026-05-01T17:28:50.886725	cycle start_time queries_executed items_processed domains_analyzed convergence_signals confidence_scores symbols_found queries	complete	270
581	2026-05-01T17:29:35.873132	cycle start_time queries_executed items_processed domains_analyzed convergence_signals confidence_scores symbols_found queries	complete	270
592	2026-05-01T17:29:36.519138	cycle start_time queries_executed items_processed domains_analyzed convergence_signals confidence_scores symbols_found queries	complete	270
639	2026-05-01T17:29:50.928376	cycle start_time queries_executed items_processed domains_analyzed convergence_signals confidence_scores symbols_found queries	complete	270
582	2026-05-01T17:30:36.008418	cycle start_time queries_executed items_processed domains_analyzed convergence_signals confidence_scores symbols_found queries	complete	270
593	2026-05-01T17:30:36.662911	cycle start_time queries_executed items_processed domains_analyzed convergence_signals confidence_scores symbols_found queries	complete	270
640	2026-05-01T17:30:51.017480	cycle start_time queries_executed items_processed domains_analyzed convergence_signals confidence_scores symbols_found queries	complete	270
583	2026-05-01T17:31:36.082065	cycle start_time queries_executed items_processed domains_analyzed convergence_signals confidence_scores symbols_found queries	complete	270
594	2026-05-01T17:31:36.852491	cycle start_time queries_executed items_processed domains_analyzed convergence_signals confidence_scores symbols_found queries	complete	270
641	2026-05-01T17:31:51.163042	cycle start_time queries_executed items_processed domains_analyzed convergence_signals confidence_scores symbols_found queries	complete	270
584	2026-05-01T17:32:36.258513	cycle start_time queries_executed items_processed domains_analyzed convergence_signals confidence_scores symbols_found queries	complete	270
595	2026-05-01T17:32:36.915478	cycle start_time queries_executed items_processed domains_analyzed convergence_signals confidence_scores symbols_found queries	complete	270
642	2026-05-01T17:32:51.226117	cycle start_time queries_executed items_processed domains_analyzed convergence_signals confidence_scores symbols_found queries	complete	270
585	2026-05-01T17:33:36.342858	cycle start_time queries_executed items_processed domains_analyzed convergence_signals confidence_scores symbols_found queries	complete	270
596	2026-05-01T17:33:37.129544	cycle start_time queries_executed items_processed domains_analyzed convergence_signals confidence_scores symbols_found queries	complete	270
643	2026-05-01T17:33:51.396492	cycle start_time queries_executed items_processed domains_analyzed convergence_signals confidence_scores symbols_found queries	complete	270
586	2026-05-01T17:34:36.483462	cycle start_time queries_executed items_processed domains_analyzed convergence_signals confidence_scores symbols_found queries	complete	270
597	2026-05-01T17:34:37.168627	cycle start_time queries_executed items_processed domains_analyzed convergence_signals confidence_scores symbols_found queries	complete	270
644	2026-05-01T17:34:51.444839	cycle start_time queries_executed items_processed domains_analyzed convergence_signals confidence_scores symbols_found queries	complete	270
587	2026-05-01T17:35:36.527215	cycle start_time queries_executed items_processed domains_analyzed convergence_signals confidence_scores symbols_found queries	complete	270
598	2026-05-01T17:35:37.354994	cycle start_time queries_executed items_processed domains_analyzed convergence_signals confidence_scores symbols_found queries	complete	270
645	2026-05-01T17:35:51.480450	cycle start_time queries_executed items_processed domains_analyzed convergence_signals confidence_scores symbols_found queries	complete	270
1	2026-05-01T23:12:53.215086	cycle start_time queries_executed items_processed domains_analyzed convergence_signals confidence_scores symbols_found queries	complete	270
2	2026-05-01T23:13:53.250775	cycle start_time queries_executed items_processed domains_analyzed convergence_signals confidence_scores symbols_found queries	complete	270
3	2026-05-01T23:14:53.303723	cycle start_time queries_executed items_processed domains_analyzed convergence_signals confidence_scores symbols_found queries	complete	270
🌙 STEVE'S GEMATRIA OVERNIGHT RESEARCH PIPELINE - LOOP MODE
======================================================================
🔁 Repeat count: 9999
⏱️ Interval: 10.0 minutes per cycle
⭐ Image-seed bootstrapping: ENABLED
======================================================================
Press Ctrl+C to stop the loop


================================================================================
🌉 STEVE'S GEMATRIA UNIFIED OVERNIGHT RESEARCH PIPELINE
================================================================================
Mode: CONTINUOUS LOOP (repeat=9999 times)
Interval: 0.2 hours between cycles
Start Time: 2026-05-01T21:52:42Z
================================================================================

[2026-05-01T21:52:42Z] [HEADER] ================================================================================
[2026-05-01T21:52:42Z] [INFO] 🔄 OVERNIGHT RESEARCH PIPELINE - CYCLE #2
[2026-05-01T21:52:42Z] [INFO] ================================================================================
[2026-05-01T21:52:42Z] [HEADER] ============================================================
[2026-05-01T21:52:42Z] [INFO] 🌙 STARTING OVERNIGHT RESEARCH CYCLE #2
[2026-05-01T21:52:42Z] [INFO] 🔍 Running overnight research protocol (web scraping + cross-symbol analysis)...
[2026-05-01T21:52:42Z] [INFO] 📊 Cycle duration: 0.24s, Files generated: 0
[2026-05-01T21:52:42Z] [WARNING] ⚠️ Database not initialized for cycle counting
[2026-05-01T21:52:42Z] [INFO] 💾 Database updated with cycle results
[2026-05-01T21:52:42Z] [SECTION] ============================================================
[2026-05-01T21:52:42Z] [INFO] 🔮 PHASE: HIDDEN LAYERING DETECTION
[2026-05-01T21:52:42Z] [INFO] 🔗 Hidden layering detection complete. Connections identified: 2
[2026-05-01T21:52:42Z] [SECTION] ============================================================
[2026-05-01T21:52:42Z] [INFO] 🔬 PHASE: DOMAIN CORRELATION ANALYSIS
[2026-05-01T21:52:43Z] [INFO] 📊 Domain correlation matrices created: 1
[2026-05-01T21:52:43Z] [SECTION] ============================================================
[2026-05-01T21:52:43Z] [INFO] 🖼️  PHASE: IMAGE-SEED ANALYSIS
[2026-05-01T21:52:43Z] [INFO] 📂 Image seed analysis bootstrapping from 0 images...
[2026-05-01T21:52:43Z] [SECTION] ============================================================
[2026-05-01T21:52:43Z] [INFO] 📤 PHASE: PUSH COMPONENTS TO TOLARIA
[2026-05-01T21:52:44Z] [INFO] 📦 Components pushed to Tolaria: 5
[2026-05-01T21:52:44Z] [SECTION] ============================================================
[2026-05-01T21:52:44Z] [INFO] 🧩 PHASE: COMPOSER - DOMAIN INTEGRATION SYNTHESIS
[2026-05-01T21:53:01Z] [INFO] 🎨 Domain integrations synthesized: 0
[2026-05-01T21:53:01Z] [SECTION] ============================================================
[2026-05-01T21:53:01Z] [INFO] 🚀 PHASE: ADVANCED OVERNIGHT LOOP
[2026-05-01T21:53:01Z] [INFO] 🔬 Advanced loop completed cycles: 0
[2026-05-01T21:53:01Z] [WARNING] ⚠️  Git commit skipped or failed (git not initialized?): Command '['git', '-C', '/home/avalonas/.hermes/gematria/unified_overnight_research', 'add', '.']' returned non-zero exit status 128.
[2026-05-01T21:53:01Z] [INFO] 
📊 CYCLE #2 SUMMARY
[2026-05-01T21:53:01Z] [INFO] ✅ Successful tasks: 7/7
[2026-05-01T21:53:01Z] [INFO] ⏱️  Cycle duration: 18.72s
[2026-05-01T21:53:01Z] [INFO]    ⚠️ task: result
[2026-05-01T21:53:01Z] [INFO]    ⚠️ task: result
[2026-05-01T21:53:01Z] [INFO]    ⚠️ task: result
[2026-05-01T21:53:01Z] [INFO]    ⚠️ task: result
[2026-05-01T21:53:01Z] [INFO]    ⚠️ task: result
[2026-05-01T21:53:01Z] [INFO]    ⚠️ task: result
[2026-05-01T21:53:01Z] [INFO]    ⚠️ task: result
[2026-05-01T21:53:01Z] [HEADER] ================================================================================
[2026-05-01T21:53:01Z] [INFO] 🔄 OVERNIGHT RESEARCH PIPELINE - CYCLE #3
[2026-05-01T21:53:01Z] [INFO] ================================================================================
[2026-05-01T21:53:01Z] [HEADER] ============================================================
[2026-05-01T21:53:01Z] [INFO] 🌙 STARTING OVERNIGHT RESEARCH CYCLE #3
[2026-05-01T21:53:01Z] [INFO] 🔍 Running overnight research protocol (web scraping + cross-symbol analysis)...
[2026-05-01T21:53:01Z] [INFO] 📊 Cycle duration: 0.13s, Files generated: 0
[2026-05-01T21:53:01Z] [WARNING] ⚠️ Database not initialized for cycle counting
[2026-05-01T21:53:01Z] [INFO] 💾 Database updated with cycle results
[2026-05-01T21:53:01Z] [SECTION] ============================================================
[2026-05-01T21:53:01Z] [INFO] 🔮 PHASE: HIDDEN LAYERING DETECTION
[2026-05-01T21:53:01Z] [INFO] 🔗 Hidden layering detection complete. Connections identified: 2
[2026-05-01T21:53:01Z] [SECTION] ============================================================
[2026-05-01T21:53:01Z] [INFO] 🔬 PHASE: DOMAIN CORRELATION ANALYSIS
[2026-05-01T21:53:01Z] [INFO] 📊 Domain correlation matrices created: 1
[2026-05-01T21:53:01Z] [SECTION] ============================================================
[2026-05-01T21:53:01Z] [INFO] 🖼️  PHASE: IMAGE-SEED ANALYSIS
[2026-05-01T21:53:01Z] [INFO] 📂 Image seed analysis bootstrapping from 0 images...
[2026-05-01T21:53:01Z] [SECTION] ============================================================
[2026-05-01T21:53:01Z] [INFO] 📤 PHASE: PUSH COMPONENTS TO TOLARIA
[2026-05-01T21:53:02Z] [INFO] 📦 Components pushed to Tolaria: 5
[2026-05-01T21:53:02Z] [SECTION] ============================================================
[2026-05-01T21:53:02Z] [INFO] 🧩 PHASE: COMPOSER - DOMAIN INTEGRATION SYNTHESIS
[2026-05-01T21:53:19Z] [INFO] 🎨 Domain integrations synthesized: 0
[2026-05-01T21:53:19Z] [SECTION] ============================================================
[2026-05-01T21:53:19Z] [INFO] 🚀 PHASE: ADVANCED OVERNIGHT LOOP
[2026-05-01T21:53:19Z] [INFO] 🔬 Advanced loop completed cycles: 0
[2026-05-01T21:53:19Z] [WARNING] ⚠️  Git commit skipped or failed (git not initialized?): Command '['git', '-C', '/home/avalonas/.hermes/gematria/unified_overnight_research', 'add', '.']' returned non-zero exit status 128.
[2026-05-01T21:53:19Z] [INFO] 
📊 CYCLE #3 SUMMARY
[2026-05-01T21:53:19Z] [INFO] ✅ Successful tasks: 7/7
[2026-05-01T21:53:19Z] [INFO] ⏱️  Cycle duration: 18.10s
[2026-05-01T21:53:19Z] [INFO]    ⚠️ task: result
[2026-05-01T21:53:19Z] [INFO]    ⚠️ task: result
[2026-05-01T21:53:19Z] [INFO]    ⚠️ task: result
[2026-05-01T21:53:19Z] [INFO]    ⚠️ task: result
[2026-05-01T21:53:19Z] [INFO]    ⚠️ task: result
[2026-05-01T21:53:19Z] [INFO]    ⚠️ task: result
[2026-05-01T21:53:19Z] [INFO]    ⚠️ task: result
[2026-05-01T21:53:19Z] [HEADER] ================================================================================
[2026-05-01T21:53:19Z] [INFO] 🔄 OVERNIGHT RESEARCH PIPELINE - CYCLE #4
[2026-05-01T21:53:19Z] [INFO] ================================================================================
[2026-05-01T21:53:19Z] [HEADER] ============================================================
[2026-05-01T21:53:19Z] [INFO] 🌙 STARTING OVERNIGHT RESEARCH CYCLE #4
[2026-05-01T21:53:19Z] [INFO] 🔍 Running overnight research protocol (web scraping + cross-symbol analysis)...
[2026-05-01T21:53:19Z] [INFO] 📊 Cycle duration: 0.24s, Files generated: 0
[2026-05-01T21:53:19Z] [WARNING] ⚠️ Database not initialized for cycle counting
[2026-05-01T21:53:19Z] [INFO] 💾 Database updated with cycle results
[2026-05-01T21:53:19Z] [SECTION] ============================================================
[2026-05-01T21:53:19Z] [INFO] 🔮 PHASE: HIDDEN LAYERING DETECTION
[2026-05-01T21:53:19Z] [INFO] 🔗 Hidden layering detection complete. Connections identified: 2
[2026-05-01T21:53:19Z] [SECTION] ============================================================
[2026-05-01T21:53:19Z] [INFO] 🔬 PHASE: DOMAIN CORRELATION ANALYSIS
[2026-05-01T21:53:19Z] [INFO] 📊 Domain correlation matrices created: 1
[2026-05-01T21:53:19Z] [SECTION] ============================================================
[2026-05-01T21:53:19Z] [INFO] 🖼️  PHASE: IMAGE-SEED ANALYSIS
[2026-05-01T21:53:19Z] [INFO] 📂 Image seed analysis bootstrapping from 0 images...
[2026-05-01T21:53:19Z] [SECTION] ============================================================
[2026-05-01T21:53:19Z] [INFO] 📤 PHASE: PUSH COMPONENTS TO TOLARIA
[2026-05-01T21:53:20Z] [INFO] 📦 Components pushed to Tolaria: 5
[2026-05-01T21:53:20Z] [SECTION] ============================================================
[2026-05-01T21:53:20Z] [INFO] 🧩 PHASE: COMPOSER - DOMAIN INTEGRATION SYNTHESIS
[2026-05-01T21:53:34Z] [INFO] 🎨 Domain integrations synthesized: 0
[2026-05-01T21:53:34Z] [SECTION] ============================================================
[2026-05-01T21:53:34Z] [INFO] 🚀 PHASE: ADVANCED OVERNIGHT LOOP
[2026-05-01T21:53:34Z] [INFO] 🔬 Advanced loop completed cycles: 0
[2026-05-01T21:53:34Z] [WARNING] ⚠️  Git commit skipped or failed (git not initialized?): Command '['git', '-C', '/home/avalonas/.hermes/gematria/unified_overnight_research', 'add', '.']' returned non-zero exit status 128.
[2026-05-01T21:53:34Z] [INFO] 
📊 CYCLE #4 SUMMARY
[2026-05-01T21:53:34Z] [INFO] ✅ Successful tasks: 7/7
[2026-05-01T21:53:34Z] [INFO] ⏱️  Cycle duration: 15.12s
[2026-05-01T21:53:34Z] [INFO]    ⚠️ task: result
[2026-05-01T21:53:34Z] [INFO]    ⚠️ task: result
[2026-05-01T21:53:34Z] [INFO]    ⚠️ task: result
[2026-05-01T21:53:34Z] [INFO]    ⚠️ task: result
[2026-05-01T21:53:34Z] [INFO]    ⚠️ task: result
[2026-05-01T21:53:34Z] [INFO]    ⚠️ task: result
[2026-05-01T21:53:34Z] [INFO]    ⚠️ task: result
[2026-05-01T21:53:34Z] [HEADER] ================================================================================
[2026-05-01T21:53:34Z] [INFO] 🔄 OVERNIGHT RESEARCH PIPELINE - CYCLE #5
[2026-05-01T21:53:34Z] [INFO] ================================================================================
[2026-05-01T21:53:34Z] [HEADER] ============================================================
[2026-05-01T21:53:34Z] [INFO] 🌙 STARTING OVERNIGHT RESEARCH CYCLE #5
[2026-05-01T21:53:34Z] [INFO] 🔍 Running overnight research protocol (web scraping + cross-symbol analysis)...
[2026-05-01T21:53:34Z] [INFO] 📊 Cycle duration: 0.23s, Files generated: 0
[2026-05-01T21:53:34Z] [WARNING] ⚠️ Database not initialized for cycle counting
[2026-05-01T21:53:34Z] [INFO] 💾 Database updated with cycle results
[2026-05-01T21:53:34Z] [SECTION] ============================================================
[2026-05-01T21:53:34Z] [INFO] 🔮 PHASE: HIDDEN LAYERING DETECTION
[2026-05-01T21:53:34Z] [INFO] 🔗 Hidden layering detection complete. Connections identified: 2
[2026-05-01T21:53:34Z] [SECTION] ============================================================
[2026-05-01T21:53:34Z] [INFO] 🔬 PHASE: DOMAIN CORRELATION ANALYSIS
[2026-05-01T21:53:34Z] [INFO] 📊 Domain correlation matrices created: 1
[2026-05-01T21:53:34Z] [SECTION] ============================================================
[2026-05-01T21:53:34Z] [INFO] 🖼️  PHASE: IMAGE-SEED ANALYSIS
[2026-05-01T21:53:34Z] [INFO] 📂 Image seed analysis bootstrapping from 0 images...
[2026-05-01T21:53:34Z] [SECTION] ============================================================
[2026-05-01T21:53:34Z] [INFO] 📤 PHASE: PUSH COMPONENTS TO TOLARIA
[2026-05-01T21:53:35Z] [INFO] 📦 Components pushed to Tolaria: 5
[2026-05-01T21:53:35Z] [SECTION] ============================================================
[2026-05-01T21:53:35Z] [INFO] 🧩 PHASE: COMPOSER - DOMAIN INTEGRATION SYNTHESIS
[2026-05-01T21:53:54Z] [INFO] 🎨 Domain integrations synthesized: 0
[2026-05-01T21:53:54Z] [SECTION] ============================================================
[2026-05-01T21:53:54Z] [INFO] 🚀 PHASE: ADVANCED OVERNIGHT LOOP
[2026-05-01T21:53:54Z] [INFO] 🔬 Advanced loop completed cycles: 0
[2026-05-01T21:53:54Z] [WARNING] ⚠️  Git commit skipped or failed (git not initialized?): Command '['git', '-C', '/home/avalonas/.hermes/gematria/unified_overnight_research', 'add', '.']' returned non-zero exit status 128.
[2026-05-01T21:53:54Z] [INFO] 
📊 CYCLE #5 SUMMARY
[2026-05-01T21:53:54Z] [INFO] ✅ Successful tasks: 7/7
[2026-05-01T21:53:54Z] [INFO] ⏱️  Cycle duration: 19.76s
[2026-05-01T21:53:54Z] [INFO]    ⚠️ task: result
[2026-05-01T21:53:54Z] [INFO]    ⚠️ task: result
[2026-05-01T21:53:54Z] [INFO]    ⚠️ task: result
[2026-05-01T21:53:54Z] [INFO]    ⚠️ task: result
[2026-05-01T21:53:54Z] [INFO]    ⚠️ task: result
[2026-05-01T21:53:54Z] [INFO]    ⚠️ task: result
[2026-05-01T21:53:54Z] [INFO]    ⚠️ task: result
[2026-05-01T21:53:54Z] [HEADER] ================================================================================
[2026-05-01T21:53:54Z] [INFO] 🔄 OVERNIGHT RESEARCH PIPELINE - CYCLE #6
[2026-05-01T21:53:54Z] [INFO] ================================================================================
[2026-05-01T21:53:54Z] [HEADER] ============================================================
[2026-05-01T21:53:54Z] [INFO] 🌙 STARTING OVERNIGHT RESEARCH CYCLE #6
[2026-05-01T21:53:54Z] [INFO] 🔍 Running overnight research protocol (web scraping + cross-symbol analysis)...
[2026-05-01T21:53:54Z] [INFO] 📊 Cycle duration: 0.11s, Files generated: 0
[2026-05-01T21:53:54Z] [WARNING] ⚠️ Database not initialized for cycle counting
[2026-05-01T21:53:54Z] [INFO] 💾 Database updated with cycle results
[2026-05-01T21:53:54Z] [SECTION] ============================================================
[2026-05-01T21:53:54Z] [INFO] 🔮 PHASE: HIDDEN LAYERING DETECTION
[2026-05-01T21:53:54Z] [INFO] 🔗 Hidden layering detection complete. Connections identified: 2
[2026-05-01T21:53:54Z] [SECTION] ============================================================
[2026-05-01T21:53:54Z] [INFO] 🔬 PHASE: DOMAIN CORRELATION ANALYSIS
[2026-05-01T21:53:54Z] [INFO] 📊 Domain correlation matrices created: 1
[2026-05-01T21:53:54Z] [SECTION] ============================================================
[2026-05-01T21:53:54Z] [INFO] 🖼️  PHASE: IMAGE-SEED ANALYSIS
[2026-05-01T21:53:54Z] [INFO] 📂 Image seed analysis bootstrapping from 0 images...
[2026-05-01T21:53:54Z] [SECTION] ============================================================
[2026-05-01T21:53:54Z] [INFO] 📤 PHASE: PUSH COMPONENTS TO TOLARIA
[2026-05-01T21:53:55Z] [INFO] 📦 Components pushed to Tolaria: 5
[2026-05-01T21:53:55Z] [SECTION] ============================================================
[2026-05-01T21:53:55Z] [INFO] 🧩 PHASE: COMPOSER - DOMAIN INTEGRATION SYNTHESIS
[2026-05-01T21:54:09Z] [INFO] 🎨 Domain integrations synthesized: 0
[2026-05-01T21:54:09Z] [SECTION] ============================================================
[2026-05-01T21:54:09Z] [INFO] 🚀 PHASE: ADVANCED OVERNIGHT LOOP
[2026-05-01T21:54:09Z] [INFO] 🔬 Advanced loop completed cycles: 0
[2026-05-01T21:54:09Z] [WARNING] ⚠️  Git commit skipped or failed (git not initialized?): Command '['git', '-C', '/home/avalonas/.hermes/gematria/unified_overnight_research', 'add', '.']' returned non-zero exit status 128.
[2026-05-01T21:54:09Z] [INFO] 
📊 CYCLE #6 SUMMARY
[2026-05-01T21:54:09Z] [INFO] ✅ Successful tasks: 7/7
[2026-05-01T21:54:09Z] [INFO] ⏱️  Cycle duration: 15.46s
[2026-05-01T21:54:09Z] [INFO]    ⚠️ task: result
[2026-05-01T21:54:09Z] [INFO]    ⚠️ task: result
[2026-05-01T21:54:09Z] [INFO]    ⚠️ task: result
[2026-05-01T21:54:09Z] [INFO]    ⚠️ task: result
[2026-05-01T21:54:09Z] [INFO]    ⚠️ task: result
[2026-05-01T21:54:09Z] [INFO]    ⚠️ task: result
[2026-05-01T21:54:09Z] [INFO]    ⚠️ task: result
[2026-05-01T21:54:09Z] [HEADER] ================================================================================
[2026-05-01T21:54:09Z] [INFO] 🔄 OVERNIGHT RESEARCH PIPELINE - CYCLE #7
[2026-05-01T21:54:09Z] [INFO] ================================================================================
[2026-05-01T21:54:09Z] [HEADER] ============================================================
[2026-05-01T21:54:09Z] [INFO] 🌙 STARTING OVERNIGHT RESEARCH CYCLE #7
[2026-05-01T21:54:09Z] [INFO] 🔍 Running overnight research protocol (web scraping + cross-symbol analysis)...
[2026-05-01T21:54:09Z] [INFO] 📊 Cycle duration: 0.12s, Files generated: 0
[2026-05-01T21:54:09Z] [WARNING] ⚠️ Database not initialized for cycle counting
[2026-05-01T21:54:09Z] [INFO] 💾 Database updated with cycle results
[2026-05-01T21:54:09Z] [SECTION] ============================================================
[2026-05-01T21:54:09Z] [INFO] 🔮 PHASE: HIDDEN LAYERING DETECTION
[2026-05-01T21:54:10Z] [INFO] 🔗 Hidden layering detection complete. Connections identified: 2
[2026-05-01T21:54:10Z] [SECTION] ============================================================
[2026-05-01T21:54:10Z] [INFO] 🔬 PHASE: DOMAIN CORRELATION ANALYSIS
[2026-05-01T21:54:10Z] [INFO] 📊 Domain correlation matrices created: 1
[2026-05-01T21:54:10Z] [SECTION] ============================================================
[2026-05-01T21:54:10Z] [INFO] 🖼️  PHASE: IMAGE-SEED ANALYSIS
[2026-05-01T21:54:10Z] [INFO] 📂 Image seed analysis bootstrapping from 0 images...
[2026-05-01T21:54:10Z] [SECTION] ============================================================
[2026-05-01T21:54:10Z] [INFO] 📤 PHASE: PUSH COMPONENTS TO TOLARIA
[2026-05-01T21:54:10Z] [INFO] 📦 Components pushed to Tolaria: 5
[2026-05-01T21:54:10Z] [SECTION] ============================================================
[2026-05-01T21:54:10Z] [INFO] 🧩 PHASE: COMPOSER - DOMAIN INTEGRATION SYNTHESIS
[2026-05-01T21:54:28Z] [INFO] 🎨 Domain integrations synthesized: 0
[2026-05-01T21:54:28Z] [SECTION] ============================================================
[2026-05-01T21:54:28Z] [INFO] 🚀 PHASE: ADVANCED OVERNIGHT LOOP
[2026-05-01T21:54:28Z] [INFO] 🔬 Advanced loop completed cycles: 0
[2026-05-01T21:54:28Z] [WARNING] ⚠️  Git commit skipped or failed (git not initialized?): Command '['git', '-C', '/home/avalonas/.hermes/gematria/unified_overnight_research', 'add', '.']' returned non-zero exit status 128.
[2026-05-01T21:54:28Z] [INFO] 
📊 CYCLE #7 SUMMARY
[2026-05-01T21:54:28Z] [INFO] ✅ Successful tasks: 7/7
[2026-05-01T21:54:28Z] [INFO] ⏱️  Cycle duration: 18.94s
[2026-05-01T21:54:28Z] [INFO]    ⚠️ task: result
[2026-05-01T21:54:28Z] [INFO]    ⚠️ task: result
[2026-05-01T21:54:28Z] [INFO]    ⚠️ task: result
[2026-05-01T21:54:28Z] [INFO]    ⚠️ task: result
[2026-05-01T21:54:28Z] [INFO]    ⚠️ task: result
[2026-05-01T21:54:28Z] [INFO]    ⚠️ task: result
[2026-05-01T21:54:28Z] [INFO]    ⚠️ task: result
[2026-05-01T21:54:28Z] [HEADER] ================================================================================
[2026-05-01T21:54:28Z] [INFO] 🔄 OVERNIGHT RESEARCH PIPELINE - CYCLE #8
[2026-05-01T21:54:28Z] [INFO] ================================================================================
[2026-05-01T21:54:28Z] [HEADER] ============================================================
[2026-05-01T21:54:28Z] [INFO] 🌙 STARTING OVERNIGHT RESEARCH CYCLE #8
[2026-05-01T21:54:28Z] [INFO] 🔍 Running overnight research protocol (web scraping + cross-symbol analysis)...
[2026-05-01T21:54:28Z] [INFO] 📊 Cycle duration: 0.12s, Files generated: 0
[2026-05-01T21:54:28Z] [WARNING] ⚠️ Database not initialized for cycle counting
[2026-05-01T21:54:28Z] [INFO] 💾 Database updated with cycle results
[2026-05-01T21:54:28Z] [SECTION] ============================================================
[2026-05-01T21:54:28Z] [INFO] 🔮 PHASE: HIDDEN LAYERING DETECTION
[2026-05-01T21:54:28Z] [INFO] 🔗 Hidden layering detection complete. Connections identified: 2
[2026-05-01T21:54:28Z] [SECTION] ============================================================
[2026-05-01T21:54:28Z] [INFO] 🔬 PHASE: DOMAIN CORRELATION ANALYSIS
[2026-05-01T21:54:28Z] [INFO] 📊 Domain correlation matrices created: 1
[2026-05-01T21:54:28Z] [SECTION] ============================================================
[2026-05-01T21:54:28Z] [INFO] 🖼️  PHASE: IMAGE-SEED ANALYSIS
[2026-05-01T21:54:28Z] [INFO] 📂 Image seed analysis bootstrapping from 0 images...
[2026-05-01T21:54:29Z] [SECTION] ============================================================
[2026-05-01T21:54:29Z] [INFO] 📤 PHASE: PUSH COMPONENTS TO TOLARIA
[2026-05-01T21:54:30Z] [INFO] 📦 Components pushed to Tolaria: 5
[2026-05-01T21:54:30Z] [SECTION] ============================================================
[2026-05-01T21:54:30Z] [INFO] 🧩 PHASE: COMPOSER - DOMAIN INTEGRATION SYNTHESIS
[2026-05-01T21:54:50Z] [INFO] 🎨 Domain integrations synthesized: 0
[2026-05-01T21:54:50Z] [SECTION] ============================================================
[2026-05-01T21:54:50Z] [INFO] 🚀 PHASE: ADVANCED OVERNIGHT LOOP
[2026-05-01T21:54:50Z] [INFO] 🔬 Advanced loop completed cycles: 0
[2026-05-01T21:54:50Z] [WARNING] ⚠️  Git commit skipped or failed (git not initialized?): Command '['git', '-C', '/home/avalonas/.hermes/gematria/unified_overnight_research', 'add', '.']' returned non-zero exit status 128.
[2026-05-01T21:54:50Z] [INFO] 
📊 CYCLE #8 SUMMARY
[2026-05-01T21:54:50Z] [INFO] ✅ Successful tasks: 7/7
[2026-05-01T21:54:50Z] [INFO] ⏱️  Cycle duration: 21.63s
[2026-05-01T21:54:50Z] [INFO]    ⚠️ task: result
[2026-05-01T21:54:50Z] [INFO]    ⚠️ task: result
[2026-05-01T21:54:50Z] [INFO]    ⚠️ task: result
[2026-05-01T21:54:50Z] [INFO]    ⚠️ task: result
[2026-05-01T21:54:50Z] [INFO]    ⚠️ task: result
[2026-05-01T21:54:50Z] [INFO]    ⚠️ task: result
[2026-05-01T21:54:50Z] [INFO]    ⚠️ task: result
[2026-05-01T21:54:50Z] [HEADER] ================================================================================
[2026-05-01T21:54:50Z] [INFO] 🔄 OVERNIGHT RESEARCH PIPELINE - CYCLE #9
[2026-05-01T21:54:50Z] [INFO] ================================================================================
[2026-05-01T21:54:50Z] [HEADER] ============================================================
[2026-05-01T21:54:50Z] [INFO] 🌙 STARTING OVERNIGHT RESEARCH CYCLE #9
[2026-05-01T21:54:50Z] [INFO] 🔍 Running overnight research protocol (web scraping + cross-symbol analysis)...
[2026-05-01T21:54:50Z] [INFO] 📊 Cycle duration: 0.24s, Files generated: 0
[2026-05-01T21:54:50Z] [WARNING] ⚠️ Database not initialized for cycle counting
[2026-05-01T21:54:50Z] [INFO] 💾 Database updated with cycle results
[2026-05-01T21:54:50Z] [SECTION] ============================================================
[2026-05-01T21:54:50Z] [INFO] 🔮 PHASE: HIDDEN LAYERING DETECTION
[2026-05-01T21:54:50Z] [INFO] 🔗 Hidden layering detection complete. Connections identified: 2
[2026-05-01T21:54:50Z] [SECTION] ============================================================
[2026-05-01T21:54:50Z] [INFO] 🔬 PHASE: DOMAIN CORRELATION ANALYSIS
[2026-05-01T21:54:50Z] [INFO] 📊 Domain correlation matrices created: 1
[2026-05-01T21:54:50Z] [SECTION] ============================================================
[2026-05-01T21:54:50Z] [INFO] 🖼️  PHASE: IMAGE-SEED ANALYSIS
[2026-05-01T21:54:50Z] [INFO] 📂 Image seed analysis bootstrapping from 0 images...
[2026-05-01T21:54:50Z] [SECTION] ============================================================
[2026-05-01T21:54:50Z] [INFO] 📤 PHASE: PUSH COMPONENTS TO TOLARIA
[2026-05-01T21:54:51Z] [INFO] 📦 Components pushed to Tolaria: 5
[2026-05-01T21:54:51Z] [SECTION] ============================================================
[2026-05-01T21:54:51Z] [INFO] 🧩 PHASE: COMPOSER - DOMAIN INTEGRATION SYNTHESIS
[2026-05-01T21:55:02Z] [INFO] 🎨 Domain integrations synthesized: 0
[2026-05-01T21:55:02Z] [SECTION] ============================================================
[2026-05-01T21:55:02Z] [INFO] 🚀 PHASE: ADVANCED OVERNIGHT LOOP
[2026-05-01T21:55:02Z] [INFO] 🔬 Advanced loop completed cycles: 0
[2026-05-01T21:55:02Z] [WARNING] ⚠️  Git commit skipped or failed (git not initialized?): Command '['git', '-C', '/home/avalonas/.hermes/gematria/unified_overnight_research', 'add', '.']' returned non-zero exit status 128.
[2026-05-01T21:55:02Z] [INFO] 
📊 CYCLE #9 SUMMARY
[2026-05-01T21:55:02Z] [INFO] ✅ Successful tasks: 7/7
[2026-05-01T21:55:02Z] [INFO] ⏱️  Cycle duration: 11.98s
[2026-05-01T21:55:02Z] [INFO]    ⚠️ task: result
[2026-05-01T21:55:02Z] [INFO]    ⚠️ task: result
[2026-05-01T21:55:02Z] [INFO]    ⚠️ task: result
[2026-05-01T21:55:02Z] [INFO]    ⚠️ task: result
[2026-05-01T21:55:02Z] [INFO]    ⚠️ task: result
[2026-05-01T21:55:02Z] [INFO]    ⚠️ task: result
[2026-05-01T21:55:02Z] [INFO]    ⚠️ task: result
[2026-05-01T21:55:02Z] [HEADER] ================================================================================
[2026-05-01T21:55:02Z] [INFO] 🔄 OVERNIGHT RESEARCH PIPELINE - CYCLE #10
[2026-05-01T21:55:02Z] [INFO] ================================================================================
[2026-05-01T21:55:02Z] [HEADER] ============================================================
[2026-05-01T21:55:02Z] [INFO] 🌙 STARTING OVERNIGHT RESEARCH CYCLE #10
[2026-05-01T21:55:02Z] [INFO] 🔍 Running overnight research protocol (web scraping + cross-symbol analysis)...
[2026-05-01T21:55:02Z] [INFO] 📊 Cycle duration: 0.25s, Files generated: 0
[2026-05-01T21:55:02Z] [WARNING] ⚠️ Database not initialized for cycle counting
[2026-05-01T21:55:02Z] [INFO] 💾 Database updated with cycle results
[2026-05-01T21:55:02Z] [SECTION] ============================================================
[2026-05-01T21:55:02Z] [INFO] 🔮 PHASE: HIDDEN LAYERING DETECTION
[2026-05-01T21:55:02Z] [INFO] 🔗 Hidden layering detection complete. Connections identified: 2
[2026-05-01T21:55:02Z] [SECTION] ============================================================
[2026-05-01T21:55:02Z] [INFO] 🔬 PHASE: DOMAIN CORRELATION ANALYSIS
[2026-05-01T21:55:02Z] [INFO] 📊 Domain correlation matrices created: 1
[2026-05-01T21:55:02Z] [SECTION] ============================================================
[2026-05-01T21:55:02Z] [INFO] 🖼️  PHASE: IMAGE-SEED ANALYSIS
[2026-05-01T21:55:02Z] [INFO] 📂 Image seed analysis bootstrapping from 0 images...
[2026-05-01T21:55:02Z] [SECTION] ============================================================
[2026-05-01T21:55:02Z] [INFO] 📤 PHASE: PUSH COMPONENTS TO TOLARIA
[2026-05-01T21:55:03Z] [INFO] 📦 Components pushed to Tolaria: 5
[2026-05-01T21:55:03Z] [SECTION] ============================================================
[2026-05-01T21:55:03Z] [INFO] 🧩 PHASE: COMPOSER - DOMAIN INTEGRATION SYNTHESIS
[2026-05-01T21:55:20Z] [INFO] 🎨 Domain integrations synthesized: 0
[2026-05-01T21:55:20Z] [SECTION] ============================================================
[2026-05-01T21:55:20Z] [INFO] 🚀 PHASE: ADVANCED OVERNIGHT LOOP
[2026-05-01T21:55:20Z] [INFO] 🔬 Advanced loop completed cycles: 0
[2026-05-01T21:55:20Z] [WARNING] ⚠️  Git commit skipped or failed (git not initialized?): Command '['git', '-C', '/home/avalonas/.hermes/gematria/unified_overnight_research', 'add', '.']' returned non-zero exit status 128.
[2026-05-01T21:55:20Z] [INFO] 
📊 CYCLE #10 SUMMARY
[2026-05-01T21:55:20Z] [INFO] ✅ Successful tasks: 7/7
[2026-05-01T21:55:20Z] [INFO] ⏱️  Cycle duration: 18.39s
[2026-05-01T21:55:20Z] [INFO]    ⚠️ task: result
[2026-05-01T21:55:20Z] [INFO]    ⚠️ task: result
[2026-05-01T21:55:20Z] [INFO]    ⚠️ task: result
[2026-05-01T21:55:20Z] [INFO]    ⚠️ task: result
[2026-05-01T21:55:20Z] [INFO]    ⚠️ task: result
[2026-05-01T21:55:20Z] [INFO]    ⚠️ task: result
[2026-05-01T21:55:20Z] [INFO]    ⚠️ task: result
[2026-05-01T21:55:20Z] [HEADER] ================================================================================
[2026-05-01T21:55:20Z] [INFO] 🔄 OVERNIGHT RESEARCH PIPELINE - CYCLE #11
[2026-05-01T21:55:20Z] [INFO] ================================================================================
[2026-05-01T21:55:20Z] [HEADER] ============================================================
[2026-05-01T21:55:20Z] [INFO] 🌙 STARTING OVERNIGHT RESEARCH CYCLE #11
[2026-05-01T21:55:20Z] [INFO] 🔍 Running overnight research protocol (web scraping + cross-symbol analysis)...
[2026-05-01T21:55:21Z] [INFO] 📊 Cycle duration: 0.23s, Files generated: 0
[2026-05-01T21:55:21Z] [WARNING] ⚠️ Database not initialized for cycle counting
[2026-05-01T21:55:21Z] [INFO] 💾 Database updated with cycle results
[2026-05-01T21:55:21Z] [SECTION] ============================================================
[2026-05-01T21:55:21Z] [INFO] 🔮 PHASE: HIDDEN LAYERING DETECTION
[2026-05-01T21:55:21Z] [INFO] 🔗 Hidden layering detection complete. Connections identified: 2
[2026-05-01T21:55:21Z] [SECTION] ============================================================
[2026-05-01T21:55:21Z] [INFO] 🔬 PHASE: DOMAIN CORRELATION ANALYSIS
[2026-05-01T21:55:21Z] [INFO] 📊 Domain correlation matrices created: 1
[2026-05-01T21:55:21Z] [SECTION] ============================================================
[2026-05-01T21:55:21Z] [INFO] 🖼️  PHASE: IMAGE-SEED ANALYSIS
[2026-05-01T21:55:21Z] [INFO] 📂 Image seed analysis bootstrapping from 0 images...
[2026-05-01T21:55:21Z] [SECTION] ============================================================
[2026-05-01T21:55:21Z] [INFO] 📤 PHASE: PUSH COMPONENTS TO TOLARIA
[2026-05-01T21:55:22Z] [INFO] 📦 Components pushed to Tolaria: 5
[2026-05-01T21:55:22Z] [SECTION] ============================================================
[2026-05-01T21:55:22Z] [INFO] 🧩 PHASE: COMPOSER - DOMAIN INTEGRATION SYNTHESIS
[2026-05-01T21:55:34Z] [INFO] 🎨 Domain integrations synthesized: 0
[2026-05-01T21:55:34Z] [SECTION] ============================================================
[2026-05-01T21:55:34Z] [INFO] 🚀 PHASE: ADVANCED OVERNIGHT LOOP
[2026-05-01T21:55:34Z] [INFO] 🔬 Advanced loop completed cycles: 0
[2026-05-01T21:55:35Z] [WARNING] ⚠️  Git commit skipped or failed (git not initialized?): Command '['git', '-C', '/home/avalonas/.hermes/gematria/unified_overnight_research', 'add', '.']' returned non-zero exit status 128.
[2026-05-01T21:55:35Z] [INFO] 
📊 CYCLE #11 SUMMARY
[2026-05-01T21:55:35Z] [INFO] ✅ Successful tasks: 7/7
[2026-05-01T21:55:35Z] [INFO] ⏱️  Cycle duration: 14.26s
[2026-05-01T21:55:35Z] [INFO]    ⚠️ task: result
[2026-05-01T21:55:35Z] [INFO]    ⚠️ task: result
[2026-05-01T21:55:35Z] [INFO]    ⚠️ task: result
[2026-05-01T21:55:35Z] [INFO]    ⚠️ task: result
[2026-05-01T21:55:35Z] [INFO]    ⚠️ task: result
[2026-05-01T21:55:35Z] [INFO]    ⚠️ task: result
[2026-05-01T21:55:35Z] [INFO]    ⚠️ task: result
[2026-05-01T21:55:35Z] [HEADER] ================================================================================
[2026-05-01T21:55:35Z] [INFO] 🔄 OVERNIGHT RESEARCH PIPELINE - CYCLE #12
[2026-05-01T21:55:35Z] [INFO] ================================================================================
[2026-05-01T21:55:35Z] [HEADER] ============================================================
[2026-05-01T21:55:35Z] [INFO] 🌙 STARTING OVERNIGHT RESEARCH CYCLE #12
[2026-05-01T21:55:35Z] [INFO] 🔍 Running overnight research protocol (web scraping + cross-symbol analysis)...
[2026-05-01T21:55:35Z] [INFO] 📊 Cycle duration: 0.23s, Files generated: 0
[2026-05-01T21:55:35Z] [WARNING] ⚠️ Database not initialized for cycle counting
[2026-05-01T21:55:35Z] [INFO] 💾 Database updated with cycle results
[2026-05-01T21:55:35Z] [SECTION] ============================================================
[2026-05-01T21:55:35Z] [INFO] 🔮 PHASE: HIDDEN LAYERING DETECTION
[2026-05-01T21:55:35Z] [INFO] 🔗 Hidden layering detection complete. Connections identified: 2
[2026-05-01T21:55:35Z] [SECTION] ============================================================
[2026-05-01T21:55:35Z] [INFO] 🔬 PHASE: DOMAIN CORRELATION ANALYSIS
[2026-05-01T21:55:35Z] [INFO] 📊 Domain correlation matrices created: 1
[2026-05-01T21:55:35Z] [SECTION] ============================================================
[2026-05-01T21:55:35Z] [INFO] 🖼️  PHASE: IMAGE-SEED ANALYSIS
[2026-05-01T21:55:35Z] [INFO] 📂 Image seed analysis bootstrapping from 0 images...
[2026-05-01T21:55:35Z] [SECTION] ============================================================
[2026-05-01T21:55:35Z] [INFO] 📤 PHASE: PUSH COMPONENTS TO TOLARIA
[2026-05-01T21:55:36Z] [INFO] 📦 Components pushed to Tolaria: 5
[2026-05-01T21:55:36Z] [SECTION] ============================================================
[2026-05-01T21:55:36Z] [INFO] 🧩 PHASE: COMPOSER - DOMAIN INTEGRATION SYNTHESIS
[2026-05-01T21:55:52Z] [INFO] 🎨 Domain integrations synthesized: 0
[2026-05-01T21:55:52Z] [SECTION] ============================================================
[2026-05-01T21:55:52Z] [INFO] 🚀 PHASE: ADVANCED OVERNIGHT LOOP
[2026-05-01T21:55:52Z] [INFO] 🔬 Advanced loop completed cycles: 0
[2026-05-01T21:55:52Z] [WARNING] ⚠️  Git commit skipped or failed (git not initialized?): Command '['git', '-C', '/home/avalonas/.hermes/gematria/unified_overnight_research', 'add', '.']' returned non-zero exit status 128.
[2026-05-01T21:55:52Z] [INFO] 
📊 CYCLE #12 SUMMARY
[2026-05-01T21:55:52Z] [INFO] ✅ Successful tasks: 7/7
[2026-05-01T21:55:52Z] [INFO] ⏱️  Cycle duration: 17.73s
[2026-05-01T21:55:52Z] [INFO]    ⚠️ task: result
[2026-05-01T21:55:52Z] [INFO]    ⚠️ task: result
[2026-05-01T21:55:52Z] [INFO]    ⚠️ task: result
[2026-05-01T21:55:52Z] [INFO]    ⚠️ task: result
[2026-05-01T21:55:52Z] [INFO]    ⚠️ task: result
[2026-05-01T21:55:52Z] [INFO]    ⚠️ task: result
[2026-05-01T21:55:52Z] [INFO]    ⚠️ task: result
[2026-05-01T21:55:52Z] [HEADER] ================================================================================
[2026-05-01T21:55:52Z] [INFO] 🔄 OVERNIGHT RESEARCH PIPELINE - CYCLE #13
[2026-05-01T21:55:52Z] [INFO] ================================================================================
[2026-05-01T21:55:52Z] [HEADER] ============================================================
[2026-05-01T21:55:52Z] [INFO] 🌙 STARTING OVERNIGHT RESEARCH CYCLE #13
[2026-05-01T21:55:52Z] [INFO] 🔍 Running overnight research protocol (web scraping + cross-symbol analysis)...
[2026-05-01T21:55:53Z] [INFO] 📊 Cycle duration: 0.23s, Files generated: 0
[2026-05-01T21:55:53Z] [WARNING] ⚠️ Database not initialized for cycle counting
[2026-05-01T21:55:53Z] [INFO] 💾 Database updated with cycle results
[2026-05-01T21:55:53Z] [SECTION] ============================================================
[2026-05-01T21:55:53Z] [INFO] 🔮 PHASE: HIDDEN LAYERING DETECTION
[2026-05-01T21:55:53Z] [INFO] 🔗 Hidden layering detection complete. Connections identified: 2
[2026-05-01T21:55:53Z] [SECTION] ============================================================
[2026-05-01T21:55:53Z] [INFO] 🔬 PHASE: DOMAIN CORRELATION ANALYSIS
[2026-05-01T21:55:53Z] [INFO] 📊 Domain correlation matrices created: 1
[2026-05-01T21:55:53Z] [SECTION] ============================================================
[2026-05-01T21:55:53Z] [INFO] 🖼️  PHASE: IMAGE-SEED ANALYSIS
[2026-05-01T21:55:53Z] [INFO] 📂 Image seed analysis bootstrapping from 0 images...
[2026-05-01T21:55:53Z] [SECTION] ============================================================
[2026-05-01T21:55:53Z] [INFO] 📤 PHASE: PUSH COMPONENTS TO TOLARIA
[2026-05-01T21:55:54Z] [INFO] 📦 Components pushed to Tolaria: 5
[2026-05-01T21:55:54Z] [SECTION] ============================================================
[2026-05-01T21:55:54Z] [INFO] 🧩 PHASE: COMPOSER - DOMAIN INTEGRATION SYNTHESIS
[2026-05-01T21:56:10Z] [INFO] 🎨 Domain integrations synthesized: 0
[2026-05-01T21:56:10Z] [SECTION] ============================================================
[2026-05-01T21:56:10Z] [INFO] 🚀 PHASE: ADVANCED OVERNIGHT LOOP
[2026-05-01T21:56:10Z] [INFO] 🔬 Advanced loop completed cycles: 0
[2026-05-01T21:56:10Z] [WARNING] ⚠️  Git commit skipped or failed (git not initialized?): Command '['git', '-C', '/home/avalonas/.hermes/gematria/unified_overnight_research', 'add', '.']' returned non-zero exit status 128.
[2026-05-01T21:56:10Z] [INFO] 
📊 CYCLE #13 SUMMARY
[2026-05-01T21:56:10Z] [INFO] ✅ Successful tasks: 7/7
[2026-05-01T21:56:10Z] [INFO] ⏱️  Cycle duration: 17.80s
[2026-05-01T21:56:10Z] [INFO]    ⚠️ task: result
[2026-05-01T21:56:10Z] [INFO]    ⚠️ task: result
[2026-05-01T21:56:10Z] [INFO]    ⚠️ task: result
[2026-05-01T21:56:10Z] [INFO]    ⚠️ task: result
[2026-05-01T21:56:10Z] [INFO]    ⚠️ task: result
[2026-05-01T21:56:10Z] [INFO]    ⚠️ task: result
[2026-05-01T21:56:10Z] [INFO]    ⚠️ task: result
[2026-05-01T21:56:10Z] [HEADER] ================================================================================
[2026-05-01T21:56:10Z] [INFO] 🔄 OVERNIGHT RESEARCH PIPELINE - CYCLE #14
[2026-05-01T21:56:10Z] [INFO] ================================================================================
[2026-05-01T21:56:10Z] [HEADER] ============================================================
[2026-05-01T21:56:10Z] [INFO] 🌙 STARTING OVERNIGHT RESEARCH CYCLE #14
[2026-05-01T21:56:10Z] [INFO] 🔍 Running overnight research protocol (web scraping + cross-symbol analysis)...
[2026-05-01T21:56:10Z] [INFO] 📊 Cycle duration: 0.23s, Files generated: 0
[2026-05-01T21:56:10Z] [WARNING] ⚠️ Database not initialized for cycle counting
[2026-05-01T21:56:10Z] [INFO] 💾 Database updated with cycle results
[2026-05-01T21:56:10Z] [SECTION] ============================================================
[2026-05-01T21:56:10Z] [INFO] 🔮 PHASE: HIDDEN LAYERING DETECTION
[2026-05-01T21:56:10Z] [INFO] 🔗 Hidden layering detection complete. Connections identified: 2
[2026-05-01T21:56:10Z] [SECTION] ============================================================
[2026-05-01T21:56:10Z] [INFO] 🔬 PHASE: DOMAIN CORRELATION ANALYSIS
[2026-05-01T21:56:10Z] [INFO] 📊 Domain correlation matrices created: 1
[2026-05-01T21:56:10Z] [SECTION] ============================================================
[2026-05-01T21:56:10Z] [INFO] 🖼️  PHASE: IMAGE-SEED ANALYSIS
[2026-05-01T21:56:10Z] [INFO] 📂 Image seed analysis bootstrapping from 0 images...
[2026-05-01T21:56:10Z] [SECTION] ============================================================
[2026-05-01T21:56:10Z] [INFO] 📤 PHASE: PUSH COMPONENTS TO TOLARIA
[2026-05-01T21:56:11Z] [INFO] 📦 Components pushed to Tolaria: 5
[2026-05-01T21:56:11Z] [SECTION] ============================================================
[2026-05-01T21:56:11Z] [INFO] 🧩 PHASE: COMPOSER - DOMAIN INTEGRATION SYNTHESIS
[2026-05-01T21:56:17Z] [INFO] 🎨 Domain integrations synthesized: 0
[2026-05-01T21:56:17Z] [SECTION] ============================================================
[2026-05-01T21:56:17Z] [INFO] 🚀 PHASE: ADVANCED OVERNIGHT LOOP
[2026-05-01T21:56:17Z] [INFO] 🔬 Advanced loop completed cycles: 0
[2026-05-01T21:56:17Z] [WARNING] ⚠️  Git commit skipped or failed (git not initialized?): Command '['git', '-C', '/home/avalonas/.hermes/gematria/unified_overnight_research', 'add', '.']' returned non-zero exit status 128.
[2026-05-01T21:56:17Z] [INFO] 
📊 CYCLE #14 SUMMARY
[2026-05-01T21:56:17Z] [INFO] ✅ Successful tasks: 7/7
[2026-05-01T21:56:17Z] [INFO] ⏱️  Cycle duration: 6.61s
[2026-05-01T21:56:17Z] [INFO]    ⚠️ task: result
[2026-05-01T21:56:17Z] [INFO]    ⚠️ task: result
[2026-05-01T21:56:17Z] [INFO]    ⚠️ task: result
[2026-05-01T21:56:17Z] [INFO]    ⚠️ task: result
[2026-05-01T21:56:17Z] [INFO]    ⚠️ task: result
[2026-05-01T21:56:17Z] [INFO]    ⚠️ task: result
[2026-05-01T21:56:17Z] [INFO]    ⚠️ task: result
[2026-05-01T21:56:17Z] [HEADER] ================================================================================
[2026-05-01T21:56:17Z] [INFO] 🔄 OVERNIGHT RESEARCH PIPELINE - CYCLE #15
[2026-05-01T21:56:17Z] [INFO] ================================================================================
[2026-05-01T21:56:17Z] [HEADER] ============================================================
[2026-05-01T21:56:17Z] [INFO] 🌙 STARTING OVERNIGHT RESEARCH CYCLE #15
[2026-05-01T21:56:17Z] [INFO] 🔍 Running overnight research protocol (web scraping + cross-symbol analysis)...
[2026-05-01T21:56:17Z] [INFO] 📊 Cycle duration: 0.57s, Files generated: 0
[2026-05-01T21:56:17Z] [WARNING] ⚠️ Database not initialized for cycle counting
[2026-05-01T21:56:17Z] [INFO] 💾 Database updated with cycle results
[2026-05-01T21:56:17Z] [SECTION] ============================================================
[2026-05-01T21:56:17Z] [INFO] 🔮 PHASE: HIDDEN LAYERING DETECTION
[2026-05-01T21:56:17Z] [INFO] 🔗 Hidden layering detection complete. Connections identified: 2
[2026-05-01T21:56:17Z] [SECTION] ============================================================
[2026-05-01T21:56:17Z] [INFO] 🔬 PHASE: DOMAIN CORRELATION ANALYSIS
[2026-05-01T21:56:17Z] [INFO] 📊 Domain correlation matrices created: 1
[2026-05-01T21:56:17Z] [SECTION] ============================================================
[2026-05-01T21:56:17Z] [INFO] 🖼️  PHASE: IMAGE-SEED ANALYSIS
[2026-05-01T21:56:17Z] [INFO] 📂 Image seed analysis bootstrapping from 0 images...
[2026-05-01T21:56:17Z] [SECTION] ============================================================
[2026-05-01T21:56:17Z] [INFO] 📤 PHASE: PUSH COMPONENTS TO TOLARIA
[2026-05-01T21:56:18Z] [INFO] 📦 Components pushed to Tolaria: 5
[2026-05-01T21:56:18Z] [SECTION] ============================================================
[2026-05-01T21:56:18Z] [INFO] 🧩 PHASE: COMPOSER - DOMAIN INTEGRATION SYNTHESIS
[2026-05-01T21:56:18Z] [INFO] 🎨 Domain integrations synthesized: 0
[2026-05-01T21:56:18Z] [SECTION] ============================================================
[2026-05-01T21:56:18Z] [INFO] 🚀 PHASE: ADVANCED OVERNIGHT LOOP
[2026-05-01T21:56:19Z] [INFO] 🔬 Advanced loop completed cycles: 0
[2026-05-01T21:56:19Z] [WARNING] ⚠️  Git commit skipped or failed (git not initialized?): Command '['git', '-C', '/home/avalonas/.hermes/gematria/unified_overnight_research', 'add', '.']' returned non-zero exit status 128.
[2026-05-01T21:56:19Z] [INFO] 
📊 CYCLE #15 SUMMARY
[2026-05-01T21:56:19Z] [INFO] ✅ Successful tasks: 7/7
[2026-05-01T21:56:19Z] [INFO] ⏱️  Cycle duration: 1.95s
[2026-05-01T21:56:19Z] [INFO]    ⚠️ task: result
[2026-05-01T21:56:19Z] [INFO]    ⚠️ task: result
[2026-05-01T21:56:19Z] [INFO]    ⚠️ task: result
[2026-05-01T21:56:19Z] [INFO]    ⚠️ task: result
[2026-05-01T21:56:19Z] [INFO]    ⚠️ task: result
[2026-05-01T21:56:19Z] [INFO]    ⚠️ task: result
[2026-05-01T21:56:19Z] [INFO]    ⚠️ task: result
[2026-05-01T21:56:19Z] [HEADER] ================================================================================
[2026-05-01T21:56:19Z] [INFO] 🔄 OVERNIGHT RESEARCH PIPELINE - CYCLE #16
[2026-05-01T21:56:19Z] [INFO] ================================================================================
[2026-05-01T21:56:19Z] [HEADER] ============================================================
[2026-05-01T21:56:19Z] [INFO] 🌙 STARTING OVERNIGHT RESEARCH CYCLE #16
[2026-05-01T21:56:19Z] [INFO] 🔍 Running overnight research protocol (web scraping + cross-symbol analysis)...
[2026-05-01T21:56:19Z] [INFO] 📊 Cycle duration: 0.60s, Files generated: 0
[2026-05-01T21:56:19Z] [WARNING] ⚠️ Database not initialized for cycle counting
[2026-05-01T21:56:19Z] [INFO] 💾 Database updated with cycle results
[2026-05-01T21:56:19Z] [SECTION] ============================================================
[2026-05-01T21:56:19Z] [INFO] 🔮 PHASE: HIDDEN LAYERING DETECTION
[2026-05-01T21:56:19Z] [INFO] 🔗 Hidden layering detection complete. Connections identified: 2
[2026-05-01T21:56:19Z] [SECTION] ============================================================
[2026-05-01T21:56:19Z] [INFO] 🔬 PHASE: DOMAIN CORRELATION ANALYSIS
[2026-05-01T21:56:19Z] [INFO] 📊 Domain correlation matrices created: 1
[2026-05-01T21:56:19Z] [SECTION] ============================================================
[2026-05-01T21:56:19Z] [INFO] 🖼️  PHASE: IMAGE-SEED ANALYSIS
[2026-05-01T21:56:19Z] [INFO] 📂 Image seed analysis bootstrapping from 0 images...
[2026-05-01T21:56:19Z] [SECTION] ============================================================
[2026-05-01T21:56:19Z] [INFO] 📤 PHASE: PUSH COMPONENTS TO TOLARIA
[2026-05-01T21:56:20Z] [INFO] 📦 Components pushed to Tolaria: 5
[2026-05-01T21:56:20Z] [SECTION] ============================================================
[2026-05-01T21:56:20Z] [INFO] 🧩 PHASE: COMPOSER - DOMAIN INTEGRATION SYNTHESIS
[2026-05-01T21:56:20Z] [INFO] 🎨 Domain integrations synthesized: 0
[2026-05-01T21:56:20Z] [SECTION] ============================================================
[2026-05-01T21:56:20Z] [INFO] 🚀 PHASE: ADVANCED OVERNIGHT LOOP
[2026-05-01T21:56:20Z] [INFO] 🔬 Advanced loop completed cycles: 0
[2026-05-01T21:56:20Z] [WARNING] ⚠️  Git commit skipped or failed (git not initialized?): Command '['git', '-C', '/home/avalonas/.hermes/gematria/unified_overnight_research', 'add', '.']' returned non-zero exit status 128.
[2026-05-01T21:56:20Z] [INFO] 
📊 CYCLE #16 SUMMARY
[2026-05-01T21:56:20Z] [INFO] ✅ Successful tasks: 7/7
[2026-05-01T21:56:20Z] [INFO] ⏱️  Cycle duration: 1.75s
[2026-05-01T21:56:20Z] [INFO]    ⚠️ task: result
[2026-05-01T21:56:20Z] [INFO]    ⚠️ task: result
[2026-05-01T21:56:20Z] [INFO]    ⚠️ task: result
[2026-05-01T21:56:20Z] [INFO]    ⚠️ task: result
[2026-05-01T21:56:20Z] [INFO]    ⚠️ task: result
[2026-05-01T21:56:20Z] [INFO]    ⚠️ task: result
[2026-05-01T21:56:20Z] [INFO]    ⚠️ task: result
[2026-05-01T21:56:20Z] [HEADER] ================================================================================
[2026-05-01T21:56:20Z] [INFO] 🔄 OVERNIGHT RESEARCH PIPELINE - CYCLE #17
[2026-05-01T21:56:20Z] [INFO] ================================================================================
[2026-05-01T21:56:20Z] [HEADER] ============================================================
[2026-05-01T21:56:20Z] [INFO] 🌙 STARTING OVERNIGHT RESEARCH CYCLE #17
[2026-05-01T21:56:20Z] [INFO] 🔍 Running overnight research protocol (web scraping + cross-symbol analysis)...
[2026-05-01T21:56:21Z] [INFO] 📊 Cycle duration: 0.59s, Files generated: 0
[2026-05-01T21:56:21Z] [WARNING] ⚠️ Database not initialized for cycle counting
[2026-05-01T21:56:21Z] [INFO] 💾 Database updated with cycle results
[2026-05-01T21:56:21Z] [SECTION] ============================================================
[2026-05-01T21:56:21Z] [INFO] 🔮 PHASE: HIDDEN LAYERING DETECTION
[2026-05-01T21:56:21Z] [INFO] 🔗 Hidden layering detection complete. Connections identified: 2
[2026-05-01T21:56:21Z] [SECTION] ============================================================
[2026-05-01T21:56:21Z] [INFO] 🔬 PHASE: DOMAIN CORRELATION ANALYSIS
[2026-05-01T21:56:21Z] [INFO] 📊 Domain correlation matrices created: 1
[2026-05-01T21:56:21Z] [SECTION] ============================================================
[2026-05-01T21:56:21Z] [INFO] 🖼️  PHASE: IMAGE-SEED ANALYSIS
[2026-05-01T21:56:21Z] [INFO] 📂 Image seed analysis bootstrapping from 0 images...
[2026-05-01T21:56:21Z] [SECTION] ============================================================
[2026-05-01T21:56:21Z] [INFO] 📤 PHASE: PUSH COMPONENTS TO TOLARIA
[2026-05-01T21:56:22Z] [INFO] 📦 Components pushed to Tolaria: 5
[2026-05-01T21:56:22Z] [SECTION] ============================================================
[2026-05-01T21:56:22Z] [INFO] 🧩 PHASE: COMPOSER - DOMAIN INTEGRATION SYNTHESIS
[2026-05-01T21:56:22Z] [INFO] 🎨 Domain integrations synthesized: 0
[2026-05-01T21:56:22Z] [SECTION] ============================================================
[2026-05-01T21:56:22Z] [INFO] 🚀 PHASE: ADVANCED OVERNIGHT LOOP
[2026-05-01T21:56:22Z] [INFO] 🔬 Advanced loop completed cycles: 0
[2026-05-01T21:56:22Z] [WARNING] ⚠️  Git commit skipped or failed (git not initialized?): Command '['git', '-C', '/home/avalonas/.hermes/gematria/unified_overnight_research', 'add', '.']' returned non-zero exit status 128.
[2026-05-01T21:56:22Z] [INFO] 
📊 CYCLE #17 SUMMARY
[2026-05-01T21:56:22Z] [INFO] ✅ Successful tasks: 7/7
[2026-05-01T21:56:22Z] [INFO] ⏱️  Cycle duration: 1.74s
[2026-05-01T21:56:22Z] [INFO]    ⚠️ task: result
[2026-05-01T21:56:22Z] [INFO]    ⚠️ task: result
[2026-05-01T21:56:22Z] [INFO]    ⚠️ task: result
[2026-05-01T21:56:22Z] [INFO]    ⚠️ task: result
[2026-05-01T21:56:22Z] [INFO]    ⚠️ task: result
[2026-05-01T21:56:22Z] [INFO]    ⚠️ task: result
[2026-05-01T21:56:22Z] [INFO]    ⚠️ task: result
[2026-05-01T21:56:22Z] [HEADER] ================================================================================
[2026-05-01T21:56:22Z] [INFO] 🔄 OVERNIGHT RESEARCH PIPELINE - CYCLE #18
[2026-05-01T21:56:22Z] [INFO] ================================================================================
[2026-05-01T21:56:22Z] [HEADER] ============================================================
[2026-05-01T21:56:22Z] [INFO] 🌙 STARTING OVERNIGHT RESEARCH CYCLE #18
[2026-05-01T21:56:22Z] [INFO] 🔍 Running overnight research protocol (web scraping + cross-symbol analysis)...
[2026-05-01T21:56:23Z] [INFO] 📊 Cycle duration: 0.59s, Files generated: 0
[2026-05-01T21:56:23Z] [WARNING] ⚠️ Database not initialized for cycle counting
[2026-05-01T21:56:23Z] [INFO] 💾 Database updated with cycle results
[2026-05-01T21:56:23Z] [SECTION] ============================================================
[2026-05-01T21:56:23Z] [INFO] 🔮 PHASE: HIDDEN LAYERING DETECTION
[2026-05-01T21:56:23Z] [INFO] 🔗 Hidden layering detection complete. Connections identified: 2
[2026-05-01T21:56:23Z] [SECTION] ============================================================
[2026-05-01T21:56:23Z] [INFO] 🔬 PHASE: DOMAIN CORRELATION ANALYSIS
[2026-05-01T21:56:23Z] [INFO] 📊 Domain correlation matrices created: 1
[2026-05-01T21:56:23Z] [SECTION] ============================================================
[2026-05-01T21:56:23Z] [INFO] 🖼️  PHASE: IMAGE-SEED ANALYSIS
[2026-05-01T21:56:23Z] [INFO] 📂 Image seed analysis bootstrapping from 0 images...
[2026-05-01T21:56:23Z] [SECTION] ============================================================
[2026-05-01T21:56:23Z] [INFO] 📤 PHASE: PUSH COMPONENTS TO TOLARIA
[2026-05-01T21:56:24Z] [INFO] 📦 Components pushed to Tolaria: 5
[2026-05-01T21:56:24Z] [SECTION] ============================================================
[2026-05-01T21:56:24Z] [INFO] 🧩 PHASE: COMPOSER - DOMAIN INTEGRATION SYNTHESIS
[2026-05-01T21:56:24Z] [INFO] 🎨 Domain integrations synthesized: 0
[2026-05-01T21:56:24Z] [SECTION] ============================================================
[2026-05-01T21:56:24Z] [INFO] 🚀 PHASE: ADVANCED OVERNIGHT LOOP
[2026-05-01T21:56:24Z] [INFO] 🔬 Advanced loop completed cycles: 0
[2026-05-01T21:56:24Z] [WARNING] ⚠️  Git commit skipped or failed (git not initialized?): Command '['git', '-C', '/home/avalonas/.hermes/gematria/unified_overnight_research', 'add', '.']' returned non-zero exit status 128.
[2026-05-01T21:56:24Z] [INFO] 
📊 CYCLE #18 SUMMARY
[2026-05-01T21:56:24Z] [INFO] ✅ Successful tasks: 7/7
[2026-05-01T21:56:24Z] [INFO] ⏱️  Cycle duration: 1.73s
[2026-05-01T21:56:24Z] [INFO]    ⚠️ task: result
[2026-05-01T21:56:24Z] [INFO]    ⚠️ task: result
[2026-05-01T21:56:24Z] [INFO]    ⚠️ task: result
[2026-05-01T21:56:24Z] [INFO]    ⚠️ task: result
[2026-05-01T21:56:24Z] [INFO]    ⚠️ task: result
[2026-05-01T21:56:24Z] [INFO]    ⚠️ task: result
[2026-05-01T21:56:24Z] [INFO]    ⚠️ task: result
[2026-05-01T21:56:24Z] [HEADER] ================================================================================
[2026-05-01T21:56:24Z] [INFO] 🔄 OVERNIGHT RESEARCH PIPELINE - CYCLE #19
[2026-05-01T21:56:24Z] [INFO] ================================================================================
[2026-05-01T21:56:24Z] [HEADER] ============================================================
[2026-05-01T21:56:24Z] [INFO] 🌙 STARTING OVERNIGHT RESEARCH CYCLE #19
[2026-05-01T21:56:24Z] [INFO] 🔍 Running overnight research protocol (web scraping + cross-symbol analysis)...
[2026-05-01T21:56:24Z] [INFO] 📊 Cycle duration: 0.59s, Files generated: 0
[2026-05-01T21:56:24Z] [WARNING] ⚠️ Database not initialized for cycle counting
[2026-05-01T21:56:24Z] [INFO] 💾 Database updated with cycle results
[2026-05-01T21:56:24Z] [SECTION] ============================================================
[2026-05-01T21:56:24Z] [INFO] 🔮 PHASE: HIDDEN LAYERING DETECTION
[2026-05-01T21:56:25Z] [INFO] 🔗 Hidden layering detection complete. Connections identified: 2
[2026-05-01T21:56:25Z] [SECTION] ============================================================
[2026-05-01T21:56:25Z] [INFO] 🔬 PHASE: DOMAIN CORRELATION ANALYSIS
[2026-05-01T21:56:25Z] [INFO] 📊 Domain correlation matrices created: 1
[2026-05-01T21:56:25Z] [SECTION] ============================================================
[2026-05-01T21:56:25Z] [INFO] 🖼️  PHASE: IMAGE-SEED ANALYSIS
[2026-05-01T21:56:25Z] [INFO] 📂 Image seed analysis bootstrapping from 0 images...
[2026-05-01T21:56:25Z] [SECTION] ============================================================
[2026-05-01T21:56:25Z] [INFO] 📤 PHASE: PUSH COMPONENTS TO TOLARIA
[2026-05-01T21:56:25Z] [INFO] 📦 Components pushed to Tolaria: 5
[2026-05-01T21:56:25Z] [SECTION] ============================================================
[2026-05-01T21:56:25Z] [INFO] 🧩 PHASE: COMPOSER - DOMAIN INTEGRATION SYNTHESIS
[2026-05-01T21:56:25Z] [INFO] 🎨 Domain integrations synthesized: 0
[2026-05-01T21:56:25Z] [SECTION] ============================================================
[2026-05-01T21:56:25Z] [INFO] 🚀 PHASE: ADVANCED OVERNIGHT LOOP
[2026-05-01T21:56:26Z] [INFO] 🔬 Advanced loop completed cycles: 0
[2026-05-01T21:56:26Z] [WARNING] ⚠️  Git commit skipped or failed (git not initialized?): Command '['git', '-C', '/home/avalonas/.hermes/gematria/unified_overnight_research', 'add', '.']' returned non-zero exit status 128.
[2026-05-01T21:56:26Z] [INFO] 
📊 CYCLE #19 SUMMARY
[2026-05-01T21:56:26Z] [INFO] ✅ Successful tasks: 7/7
[2026-05-01T21:56:26Z] [INFO] ⏱️  Cycle duration: 1.81s
[2026-05-01T21:56:26Z] [INFO]    ⚠️ task: result
[2026-05-01T21:56:26Z] [INFO]    ⚠️ task: result
[2026-05-01T21:56:26Z] [INFO]    ⚠️ task: result
[2026-05-01T21:56:26Z] [INFO]    ⚠️ task: result
[2026-05-01T21:56:26Z] [INFO]    ⚠️ task: result
[2026-05-01T21:56:26Z] [INFO]    ⚠️ task: result
[2026-05-01T21:56:26Z] [INFO]    ⚠️ task: result
[2026-05-01T21:56:26Z] [HEADER] ================================================================================
[2026-05-01T21:56:26Z] [INFO] 🔄 OVERNIGHT RESEARCH PIPELINE - CYCLE #20
[2026-05-01T21:56:26Z] [INFO] ================================================================================
[2026-05-01T21:56:26Z] [HEADER] ============================================================
[2026-05-01T21:56:26Z] [INFO] 🌙 STARTING OVERNIGHT RESEARCH CYCLE #20
[2026-05-01T21:56:26Z] [INFO] 🔍 Running overnight research protocol (web scraping + cross-symbol analysis)...
[2026-05-01T21:56:26Z] [INFO] 📊 Cycle duration: 0.59s, Files generated: 0
[2026-05-01T21:56:26Z] [WARNING] ⚠️ Database not initialized for cycle counting
[2026-05-01T21:56:26Z] [INFO] 💾 Database updated with cycle results
[2026-05-01T21:56:26Z] [SECTION] ============================================================
[2026-05-01T21:56:26Z] [INFO] 🔮 PHASE: HIDDEN LAYERING DETECTION
[2026-05-01T21:56:26Z] [INFO] 🔗 Hidden layering detection complete. Connections identified: 2
[2026-05-01T21:56:26Z] [SECTION] ============================================================
[2026-05-01T21:56:26Z] [INFO] 🔬 PHASE: DOMAIN CORRELATION ANALYSIS
[2026-05-01T21:56:26Z] [INFO] 📊 Domain correlation matrices created: 1
[2026-05-01T21:56:26Z] [SECTION] ============================================================
[2026-05-01T21:56:26Z] [INFO] 🖼️  PHASE: IMAGE-SEED ANALYSIS
[2026-05-01T21:56:26Z] [INFO] 📂 Image seed analysis bootstrapping from 0 images...
[2026-05-01T21:56:26Z] [SECTION] ============================================================
[2026-05-01T21:56:26Z] [INFO] 📤 PHASE: PUSH COMPONENTS TO TOLARIA
[2026-05-01T21:56:27Z] [INFO] 📦 Components pushed to Tolaria: 5
[2026-05-01T21:56:27Z] [SECTION] ============================================================
[2026-05-01T21:56:27Z] [INFO] 🧩 PHASE: COMPOSER - DOMAIN INTEGRATION SYNTHESIS
[2026-05-01T21:56:27Z] [INFO] 🎨 Domain integrations synthesized: 0
[2026-05-01T21:56:27Z] [SECTION] ============================================================
[2026-05-01T21:56:27Z] [INFO] 🚀 PHASE: ADVANCED OVERNIGHT LOOP
[2026-05-01T21:56:27Z] [INFO] 🔬 Advanced loop completed cycles: 0
[2026-05-01T21:56:27Z] [WARNING] ⚠️  Git commit skipped or failed (git not initialized?): Command '['git', '-C', '/home/avalonas/.hermes/gematria/unified_overnight_research', 'add', '.']' returned non-zero exit status 128.
[2026-05-01T21:56:27Z] [INFO] 
📊 CYCLE #20 SUMMARY
[2026-05-01T21:56:27Z] [INFO] ✅ Successful tasks: 7/7
[2026-05-01T21:56:27Z] [INFO] ⏱️  Cycle duration: 1.68s
[2026-05-01T21:56:27Z] [INFO]    ⚠️ task: result
[2026-05-01T21:56:27Z] [INFO]    ⚠️ task: result
[2026-05-01T21:56:27Z] [INFO]    ⚠️ task: result
[2026-05-01T21:56:27Z] [INFO]    ⚠️ task: result
[2026-05-01T21:56:27Z] [INFO]    ⚠️ task: result
[2026-05-01T21:56:27Z] [INFO]    ⚠️ task: result
[2026-05-01T21:56:27Z] [INFO]    ⚠️ task: result
[2026-05-01T21:56:27Z] [HEADER] ================================================================================
[2026-05-01T21:56:27Z] [INFO] 🔄 OVERNIGHT RESEARCH PIPELINE - CYCLE #21
[2026-05-01T21:56:27Z] [INFO] ================================================================================
[2026-05-01T21:56:27Z] [HEADER] ============================================================
[2026-05-01T21:56:27Z] [INFO] 🌙 STARTING OVERNIGHT RESEARCH CYCLE #21
[2026-05-01T21:56:27Z] [INFO] 🔍 Running overnight research protocol (web scraping + cross-symbol analysis)...
[2026-05-01T21:56:28Z] [INFO] 📊 Cycle duration: 0.59s, Files generated: 0
[2026-05-01T21:56:28Z] [WARNING] ⚠️ Database not initialized for cycle counting
[2026-05-01T21:56:28Z] [INFO] 💾 Database updated with cycle results
[2026-05-01T21:56:28Z] [SECTION] ============================================================
[2026-05-01T21:56:28Z] [INFO] 🔮 PHASE: HIDDEN LAYERING DETECTION
[2026-05-01T21:56:28Z] [INFO] 🔗 Hidden layering detection complete. Connections identified: 2
[2026-05-01T21:56:28Z] [SECTION] ============================================================
[2026-05-01T21:56:28Z] [INFO] 🔬 PHASE: DOMAIN CORRELATION ANALYSIS
[2026-05-01T21:56:28Z] [INFO] 📊 Domain correlation matrices created: 1
[2026-05-01T21:56:28Z] [SECTION] ============================================================
[2026-05-01T21:56:28Z] [INFO] 🖼️  PHASE: IMAGE-SEED ANALYSIS
[2026-05-01T21:56:28Z] [INFO] 📂 Image seed analysis bootstrapping from 0 images...
[2026-05-01T21:56:28Z] [SECTION] ============================================================
[2026-05-01T21:56:28Z] [INFO] 📤 PHASE: PUSH COMPONENTS TO TOLARIA
[2026-05-01T21:56:29Z] [INFO] 📦 Components pushed to Tolaria: 5
[2026-05-01T21:56:29Z] [SECTION] ============================================================
[2026-05-01T21:56:29Z] [INFO] 🧩 PHASE: COMPOSER - DOMAIN INTEGRATION SYNTHESIS
[2026-05-01T21:56:29Z] [INFO] 🎨 Domain integrations synthesized: 0
[2026-05-01T21:56:29Z] [SECTION] ============================================================
[2026-05-01T21:56:29Z] [INFO] 🚀 PHASE: ADVANCED OVERNIGHT LOOP
[2026-05-01T21:56:29Z] [INFO] 🔬 Advanced loop completed cycles: 0
[2026-05-01T21:56:29Z] [WARNING] ⚠️  Git commit skipped or failed (git not initialized?): Command '['git', '-C', '/home/avalonas/.hermes/gematria/unified_overnight_research', 'add', '.']' returned non-zero exit status 128.
[2026-05-01T21:56:29Z] [INFO] 
📊 CYCLE #21 SUMMARY
[2026-05-01T21:56:29Z] [INFO] ✅ Successful tasks: 7/7
[2026-05-01T21:56:29Z] [INFO] ⏱️  Cycle duration: 1.73s
[2026-05-01T21:56:29Z] [INFO]    ⚠️ task: result
[2026-05-01T21:56:29Z] [INFO]    ⚠️ task: result
[2026-05-01T21:56:29Z] [INFO]    ⚠️ task: result
[2026-05-01T21:56:29Z] [INFO]    ⚠️ task: result
[2026-05-01T21:56:29Z] [INFO]    ⚠️ task: result
[2026-05-01T21:56:29Z] [INFO]    ⚠️ task: result
[2026-05-01T21:56:29Z] [INFO]    ⚠️ task: result
[2026-05-01T21:56:29Z] [HEADER] ================================================================================
[2026-05-01T21:56:29Z] [INFO] 🔄 OVERNIGHT RESEARCH PIPELINE - CYCLE #22
[2026-05-01T21:56:29Z] [INFO] ================================================================================
[2026-05-01T21:56:29Z] [HEADER] ============================================================
[2026-05-01T21:56:29Z] [INFO] 🌙 STARTING OVERNIGHT RESEARCH CYCLE #22
[2026-05-01T21:56:29Z] [INFO] 🔍 Running overnight research protocol (web scraping + cross-symbol analysis)...
[2026-05-01T21:56:30Z] [INFO] 📊 Cycle duration: 0.59s, Files generated: 0
[2026-05-01T21:56:30Z] [WARNING] ⚠️ Database not initialized for cycle counting
[2026-05-01T21:56:30Z] [INFO] 💾 Database updated with cycle results
[2026-05-01T21:56:30Z] [SECTION] ============================================================
[2026-05-01T21:56:30Z] [INFO] 🔮 PHASE: HIDDEN LAYERING DETECTION
[2026-05-01T21:56:30Z] [INFO] 🔗 Hidden layering detection complete. Connections identified: 2
[2026-05-01T21:56:30Z] [SECTION] ============================================================
[2026-05-01T21:56:30Z] [INFO] 🔬 PHASE: DOMAIN CORRELATION ANALYSIS
[2026-05-01T21:56:30Z] [INFO] 📊 Domain correlation matrices created: 1
[2026-05-01T21:56:30Z] [SECTION] ============================================================
[2026-05-01T21:56:30Z] [INFO] 🖼️  PHASE: IMAGE-SEED ANALYSIS
[2026-05-01T21:56:30Z] [INFO] 📂 Image seed analysis bootstrapping from 0 images...
[2026-05-01T21:56:30Z] [SECTION] ============================================================
[2026-05-01T21:56:30Z] [INFO] 📤 PHASE: PUSH COMPONENTS TO TOLARIA
[2026-05-01T21:56:31Z] [INFO] 📦 Components pushed to Tolaria: 5
[2026-05-01T21:56:31Z] [SECTION] ============================================================
[2026-05-01T21:56:31Z] [INFO] 🧩 PHASE: COMPOSER - DOMAIN INTEGRATION SYNTHESIS
[2026-05-01T21:56:31Z] [INFO] 🎨 Domain integrations synthesized: 0
[2026-05-01T21:56:31Z] [SECTION] ============================================================
[2026-05-01T21:56:31Z] [INFO] 🚀 PHASE: ADVANCED OVERNIGHT LOOP
[2026-05-01T21:56:31Z] [INFO] 🔬 Advanced loop completed cycles: 0
[2026-05-01T21:56:31Z] [WARNING] ⚠️  Git commit skipped or failed (git not initialized?): Command '['git', '-C', '/home/avalonas/.hermes/gematria/unified_overnight_research', 'add', '.']' returned non-zero exit status 128.
[2026-05-01T21:56:31Z] [INFO] 
📊 CYCLE #22 SUMMARY
[2026-05-01T21:56:31Z] [INFO] ✅ Successful tasks: 7/7
[2026-05-01T21:56:31Z] [INFO] ⏱️  Cycle duration: 1.74s
[2026-05-01T21:56:31Z] [INFO]    ⚠️ task: result
[2026-05-01T21:56:31Z] [INFO]    ⚠️ task: result
[2026-05-01T21:56:31Z] [INFO]    ⚠️ task: result
[2026-05-01T21:56:31Z] [INFO]    ⚠️ task: result
[2026-05-01T21:56:31Z] [INFO]    ⚠️ task: result
[2026-05-01T21:56:31Z] [INFO]    ⚠️ task: result
[2026-05-01T21:56:31Z] [INFO]    ⚠️ task: result
[2026-05-01T21:56:31Z] [HEADER] ================================================================================
[2026-05-01T21:56:31Z] [INFO] 🔄 OVERNIGHT RESEARCH PIPELINE - CYCLE #23
[2026-05-01T21:56:31Z] [INFO] ================================================================================
[2026-05-01T21:56:31Z] [HEADER] ============================================================
[2026-05-01T21:56:31Z] [INFO] 🌙 STARTING OVERNIGHT RESEARCH CYCLE #23
[2026-05-01T21:56:31Z] [INFO] 🔍 Running overnight research protocol (web scraping + cross-symbol analysis)...
[2026-05-01T21:56:31Z] [INFO] 📊 Cycle duration: 0.59s, Files generated: 0
[2026-05-01T21:56:31Z] [WARNING] ⚠️ Database not initialized for cycle counting
[2026-05-01T21:56:31Z] [INFO] 💾 Database updated with cycle results
[2026-05-01T21:56:31Z] [SECTION] ============================================================
[2026-05-01T21:56:31Z] [INFO] 🔮 PHASE: HIDDEN LAYERING DETECTION
[2026-05-01T21:56:31Z] [INFO] 🔗 Hidden layering detection complete. Connections identified: 2
[2026-05-01T21:56:31Z] [SECTION] ============================================================
[2026-05-01T21:56:31Z] [INFO] 🔬 PHASE: DOMAIN CORRELATION ANALYSIS
[2026-05-01T21:56:32Z] [INFO] 📊 Domain correlation matrices created: 1
[2026-05-01T21:56:32Z] [SECTION] ============================================================
[2026-05-01T21:56:32Z] [INFO] 🖼️  PHASE: IMAGE-SEED ANALYSIS
[2026-05-01T21:56:32Z] [INFO] 📂 Image seed analysis bootstrapping from 0 images...
[2026-05-01T21:56:32Z] [SECTION] ============================================================
[2026-05-01T21:56:32Z] [INFO] 📤 PHASE: PUSH COMPONENTS TO TOLARIA
[2026-05-01T21:56:32Z] [INFO] 📦 Components pushed to Tolaria: 5
[2026-05-01T21:56:32Z] [SECTION] ============================================================
[2026-05-01T21:56:32Z] [INFO] 🧩 PHASE: COMPOSER - DOMAIN INTEGRATION SYNTHESIS
[2026-05-01T21:56:32Z] [INFO] 🎨 Domain integrations synthesized: 0
[2026-05-01T21:56:32Z] [SECTION] ============================================================
[2026-05-01T21:56:32Z] [INFO] 🚀 PHASE: ADVANCED OVERNIGHT LOOP
[2026-05-01T21:56:32Z] [INFO] 🔬 Advanced loop completed cycles: 0
[2026-05-01T21:56:32Z] [WARNING] ⚠️  Git commit skipped or failed (git not initialized?): Command '['git', '-C', '/home/avalonas/.hermes/gematria/unified_overnight_research', 'add', '.']' returned non-zero exit status 128.
[2026-05-01T21:56:32Z] [INFO] 
📊 CYCLE #23 SUMMARY
[2026-05-01T21:56:32Z] [INFO] ✅ Successful tasks: 7/7
[2026-05-01T21:56:32Z] [INFO] ⏱️  Cycle duration: 1.58s
[2026-05-01T21:56:32Z] [INFO]    ⚠️ task: result
[2026-05-01T21:56:32Z] [INFO]    ⚠️ task: result
[2026-05-01T21:56:32Z] [INFO]    ⚠️ task: result
[2026-05-01T21:56:32Z] [INFO]    ⚠️ task: result
[2026-05-01T21:56:32Z] [INFO]    ⚠️ task: result
[2026-05-01T21:56:32Z] [INFO]    ⚠️ task: result
[2026-05-01T21:56:32Z] [INFO]    ⚠️ task: result
[2026-05-01T21:56:32Z] [HEADER] ================================================================================
[2026-05-01T21:56:32Z] [INFO] 🔄 OVERNIGHT RESEARCH PIPELINE - CYCLE #24
[2026-05-01T21:56:32Z] [INFO] ================================================================================
[2026-05-01T21:56:32Z] [HEADER] ============================================================
[2026-05-01T21:56:32Z] [INFO] 🌙 STARTING OVERNIGHT RESEARCH CYCLE #24
[2026-05-01T21:56:32Z] [INFO] 🔍 Running overnight research protocol (web scraping + cross-symbol analysis)...
[2026-05-01T21:56:33Z] [INFO] 📊 Cycle duration: 0.57s, Files generated: 0
[2026-05-01T21:56:33Z] [WARNING] ⚠️ Database not initialized for cycle counting
[2026-05-01T21:56:33Z] [INFO] 💾 Database updated with cycle results
[2026-05-01T21:56:33Z] [SECTION] ============================================================
[2026-05-01T21:56:33Z] [INFO] 🔮 PHASE: HIDDEN LAYERING DETECTION
[2026-05-01T21:56:33Z] [INFO] 🔗 Hidden layering detection complete. Connections identified: 2
[2026-05-01T21:56:33Z] [SECTION] ============================================================
[2026-05-01T21:56:33Z] [INFO] 🔬 PHASE: DOMAIN CORRELATION ANALYSIS
[2026-05-01T21:56:33Z] [INFO] 📊 Domain correlation matrices created: 1
[2026-05-01T21:56:33Z] [SECTION] ============================================================
[2026-05-01T21:56:33Z] [INFO] 🖼️  PHASE: IMAGE-SEED ANALYSIS
[2026-05-01T21:56:33Z] [INFO] 📂 Image seed analysis bootstrapping from 0 images...
[2026-05-01T21:56:33Z] [SECTION] ============================================================
[2026-05-01T21:56:33Z] [INFO] 📤 PHASE: PUSH COMPONENTS TO TOLARIA
[2026-05-01T21:56:34Z] [INFO] 📦 Components pushed to Tolaria: 5
[2026-05-01T21:56:34Z] [SECTION] ============================================================
[2026-05-01T21:56:34Z] [INFO] 🧩 PHASE: COMPOSER - DOMAIN INTEGRATION SYNTHESIS
[2026-05-01T21:56:34Z] [INFO] 🎨 Domain integrations synthesized: 0
[2026-05-01T21:56:34Z] [SECTION] ============================================================
[2026-05-01T21:56:34Z] [INFO] 🚀 PHASE: ADVANCED OVERNIGHT LOOP
[2026-05-01T21:56:34Z] [INFO] 🔬 Advanced loop completed cycles: 0
[2026-05-01T21:56:34Z] [WARNING] ⚠️  Git commit skipped or failed (git not initialized?): Command '['git', '-C', '/home/avalonas/.hermes/gematria/unified_overnight_research', 'add', '.']' returned non-zero exit status 128.
[2026-05-01T21:56:34Z] [INFO] 
📊 CYCLE #24 SUMMARY
[2026-05-01T21:56:34Z] [INFO] ✅ Successful tasks: 7/7
[2026-05-01T21:56:34Z] [INFO] ⏱️  Cycle duration: 1.84s
[2026-05-01T21:56:34Z] [INFO]    ⚠️ task: result
[2026-05-01T21:56:34Z] [INFO]    ⚠️ task: result
[2026-05-01T21:56:34Z] [INFO]    ⚠️ task: result
[2026-05-01T21:56:34Z] [INFO]    ⚠️ task: result
[2026-05-01T21:56:34Z] [INFO]    ⚠️ task: result
[2026-05-01T21:56:34Z] [INFO]    ⚠️ task: result
[2026-05-01T21:56:34Z] [INFO]    ⚠️ task: result
[2026-05-01T21:56:34Z] [HEADER] ================================================================================
[2026-05-01T21:56:34Z] [INFO] 🔄 OVERNIGHT RESEARCH PIPELINE - CYCLE #25
[2026-05-01T21:56:34Z] [INFO] ================================================================================
[2026-05-01T21:56:34Z] [HEADER] ============================================================
[2026-05-01T21:56:34Z] [INFO] 🌙 STARTING OVERNIGHT RESEARCH CYCLE #25
[2026-05-01T21:56:34Z] [INFO] 🔍 Running overnight research protocol (web scraping + cross-symbol analysis)...
[2026-05-01T21:56:35Z] [INFO] 📊 Cycle duration: 0.59s, Files generated: 0
[2026-05-01T21:56:35Z] [WARNING] ⚠️ Database not initialized for cycle counting
[2026-05-01T21:56:35Z] [INFO] 💾 Database updated with cycle results
[2026-05-01T21:56:35Z] [SECTION] ============================================================
[2026-05-01T21:56:35Z] [INFO] 🔮 PHASE: HIDDEN LAYERING DETECTION
[2026-05-01T21:56:35Z] [INFO] 🔗 Hidden layering detection complete. Connections identified: 2
[2026-05-01T21:56:35Z] [SECTION] ============================================================
[2026-05-01T21:56:35Z] [INFO] 🔬 PHASE: DOMAIN CORRELATION ANALYSIS
[2026-05-01T21:56:35Z] [INFO] 📊 Domain correlation matrices created: 1
[2026-05-01T21:56:35Z] [SECTION] ============================================================
[2026-05-01T21:56:35Z] [INFO] 🖼️  PHASE: IMAGE-SEED ANALYSIS
[2026-05-01T21:56:35Z] [INFO] 📂 Image seed analysis bootstrapping from 0 images...
[2026-05-01T21:56:35Z] [SECTION] ============================================================
[2026-05-01T21:56:35Z] [INFO] 📤 PHASE: PUSH COMPONENTS TO TOLARIA
[2026-05-01T21:56:36Z] [INFO] 📦 Components pushed to Tolaria: 5
[2026-05-01T21:56:36Z] [SECTION] ============================================================
[2026-05-01T21:56:36Z] [INFO] 🧩 PHASE: COMPOSER - DOMAIN INTEGRATION SYNTHESIS
[2026-05-01T21:56:36Z] [INFO] 🎨 Domain integrations synthesized: 0
[2026-05-01T21:56:36Z] [SECTION] ============================================================
[2026-05-01T21:56:36Z] [INFO] 🚀 PHASE: ADVANCED OVERNIGHT LOOP
[2026-05-01T21:56:36Z] [INFO] 🔬 Advanced loop completed cycles: 0
[2026-05-01T21:56:36Z] [WARNING] ⚠️  Git commit skipped or failed (git not initialized?): Command '['git', '-C', '/home/avalonas/.hermes/gematria/unified_overnight_research', 'add', '.']' returned non-zero exit status 128.
[2026-05-01T21:56:36Z] [INFO] 
📊 CYCLE #25 SUMMARY
[2026-05-01T21:56:36Z] [INFO] ✅ Successful tasks: 7/7
[2026-05-01T21:56:36Z] [INFO] ⏱️  Cycle duration: 1.78s
[2026-05-01T21:56:36Z] [INFO]    ⚠️ task: result
[2026-05-01T21:56:36Z] [INFO]    ⚠️ task: result
[2026-05-01T21:56:36Z] [INFO]    ⚠️ task: result
[2026-05-01T21:56:36Z] [INFO]    ⚠️ task: result
[2026-05-01T21:56:36Z] [INFO]    ⚠️ task: result
[2026-05-01T21:56:36Z] [INFO]    ⚠️ task: result
[2026-05-01T21:56:36Z] [INFO]    ⚠️ task: result
[2026-05-01T21:56:36Z] [HEADER] ================================================================================
[2026-05-01T21:56:36Z] [INFO] 🔄 OVERNIGHT RESEARCH PIPELINE - CYCLE #26
[2026-05-01T21:56:36Z] [INFO] ================================================================================
[2026-05-01T21:56:36Z] [HEADER] ============================================================
[2026-05-01T21:56:36Z] [INFO] 🌙 STARTING OVERNIGHT RESEARCH CYCLE #26
[2026-05-01T21:56:36Z] [INFO] 🔍 Running overnight research protocol (web scraping + cross-symbol analysis)...
[2026-05-01T21:56:37Z] [INFO] 📊 Cycle duration: 0.59s, Files generated: 0
[2026-05-01T21:56:37Z] [WARNING] ⚠️ Database not initialized for cycle counting
[2026-05-01T21:56:37Z] [INFO] 💾 Database updated with cycle results
[2026-05-01T21:56:37Z] [SECTION] ============================================================
[2026-05-01T21:56:37Z] [INFO] 🔮 PHASE: HIDDEN LAYERING DETECTION
[2026-05-01T21:56:37Z] [INFO] 🔗 Hidden layering detection complete. Connections identified: 2
[2026-05-01T21:56:37Z] [SECTION] ============================================================
[2026-05-01T21:56:37Z] [INFO] 🔬 PHASE: DOMAIN CORRELATION ANALYSIS
[2026-05-01T21:56:37Z] [INFO] 📊 Domain correlation matrices created: 1
[2026-05-01T21:56:37Z] [SECTION] ============================================================
[2026-05-01T21:56:37Z] [INFO] 🖼️  PHASE: IMAGE-SEED ANALYSIS
[2026-05-01T21:56:37Z] [INFO] 📂 Image seed analysis bootstrapping from 0 images...
[2026-05-01T21:56:37Z] [SECTION] ============================================================
[2026-05-01T21:56:37Z] [INFO] 📤 PHASE: PUSH COMPONENTS TO TOLARIA
[2026-05-01T21:56:37Z] [INFO] 📦 Components pushed to Tolaria: 5
[2026-05-01T21:56:37Z] [SECTION] ============================================================
[2026-05-01T21:56:37Z] [INFO] 🧩 PHASE: COMPOSER - DOMAIN INTEGRATION SYNTHESIS
[2026-05-01T21:56:38Z] [INFO] 🎨 Domain integrations synthesized: 0
[2026-05-01T21:56:38Z] [SECTION] ============================================================
[2026-05-01T21:56:38Z] [INFO] 🚀 PHASE: ADVANCED OVERNIGHT LOOP
[2026-05-01T21:56:38Z] [INFO] 🔬 Advanced loop completed cycles: 0
[2026-05-01T21:56:38Z] [WARNING] ⚠️  Git commit skipped or failed (git not initialized?): Command '['git', '-C', '/home/avalonas/.hermes/gematria/unified_overnight_research', 'add', '.']' returned non-zero exit status 128.
[2026-05-01T21:56:38Z] [INFO] 
📊 CYCLE #26 SUMMARY
[2026-05-01T21:56:38Z] [INFO] ✅ Successful tasks: 7/7
[2026-05-01T21:56:38Z] [INFO] ⏱️  Cycle duration: 1.68s
[2026-05-01T21:56:38Z] [INFO]    ⚠️ task: result
[2026-05-01T21:56:38Z] [INFO]    ⚠️ task: result
[2026-05-01T21:56:38Z] [INFO]    ⚠️ task: result
[2026-05-01T21:56:38Z] [INFO]    ⚠️ task: result
[2026-05-01T21:56:38Z] [INFO]    ⚠️ task: result
[2026-05-01T21:56:38Z] [INFO]    ⚠️ task: result
[2026-05-01T21:56:38Z] [INFO]    ⚠️ task: result
[2026-05-01T21:56:38Z] [HEADER] ================================================================================
[2026-05-01T21:56:38Z] [INFO] 🔄 OVERNIGHT RESEARCH PIPELINE - CYCLE #27
[2026-05-01T21:56:38Z] [INFO] ================================================================================
[2026-05-01T21:56:38Z] [HEADER] ============================================================
[2026-05-01T21:56:38Z] [INFO] 🌙 STARTING OVERNIGHT RESEARCH CYCLE #27
[2026-05-01T21:56:38Z] [INFO] 🔍 Running overnight research protocol (web scraping + cross-symbol analysis)...
[2026-05-01T21:56:38Z] [INFO] 📊 Cycle duration: 0.59s, Files generated: 0
[2026-05-01T21:56:38Z] [WARNING] ⚠️ Database not initialized for cycle counting
[2026-05-01T21:56:38Z] [INFO] 💾 Database updated with cycle results
[2026-05-01T21:56:38Z] [SECTION] ============================================================
[2026-05-01T21:56:38Z] [INFO] 🔮 PHASE: HIDDEN LAYERING DETECTION
[2026-05-01T21:56:38Z] [INFO] 🔗 Hidden layering detection complete. Connections identified: 2
[2026-05-01T21:56:38Z] [SECTION] ============================================================
[2026-05-01T21:56:38Z] [INFO] 🔬 PHASE: DOMAIN CORRELATION ANALYSIS
[2026-05-01T21:56:38Z] [INFO] 📊 Domain correlation matrices created: 1
[2026-05-01T21:56:38Z] [SECTION] ============================================================
[2026-05-01T21:56:38Z] [INFO] 🖼️  PHASE: IMAGE-SEED ANALYSIS
[2026-05-01T21:56:38Z] [INFO] 📂 Image seed analysis bootstrapping from 0 images...
[2026-05-01T21:56:38Z] [SECTION] ============================================================
[2026-05-01T21:56:38Z] [INFO] 📤 PHASE: PUSH COMPONENTS TO TOLARIA
[2026-05-01T21:56:39Z] [INFO] 📦 Components pushed to Tolaria: 5
[2026-05-01T21:56:39Z] [SECTION] ============================================================
[2026-05-01T21:56:39Z] [INFO] 🧩 PHASE: COMPOSER - DOMAIN INTEGRATION SYNTHESIS
[2026-05-01T21:56:39Z] [INFO] 🎨 Domain integrations synthesized: 0
[2026-05-01T21:56:39Z] [SECTION] ============================================================
[2026-05-01T21:56:39Z] [INFO] 🚀 PHASE: ADVANCED OVERNIGHT LOOP
[2026-05-01T21:56:39Z] [INFO] 🔬 Advanced loop completed cycles: 0
[2026-05-01T21:56:40Z] [WARNING] ⚠️  Git commit skipped or failed (git not initialized?): Command '['git', '-C', '/home/avalonas/.hermes/gematria/unified_overnight_research', 'add', '.']' returned non-zero exit status 128.
[2026-05-01T21:56:40Z] [INFO] 
📊 CYCLE #27 SUMMARY
[2026-05-01T21:56:40Z] [INFO] ✅ Successful tasks: 7/7
[2026-05-01T21:56:40Z] [INFO] ⏱️  Cycle duration: 1.77s
[2026-05-01T21:56:40Z] [INFO]    ⚠️ task: result
[2026-05-01T21:56:40Z] [INFO]    ⚠️ task: result
[2026-05-01T21:56:40Z] [INFO]    ⚠️ task: result
[2026-05-01T21:56:40Z] [INFO]    ⚠️ task: result
[2026-05-01T21:56:40Z] [INFO]    ⚠️ task: result
[2026-05-01T21:56:40Z] [INFO]    ⚠️ task: result
[2026-05-01T21:56:40Z] [INFO]    ⚠️ task: result
[2026-05-01T21:56:40Z] [HEADER] ================================================================================
[2026-05-01T21:56:40Z] [INFO] 🔄 OVERNIGHT RESEARCH PIPELINE - CYCLE #28
[2026-05-01T21:56:40Z] [INFO] ================================================================================
[2026-05-01T21:56:40Z] [HEADER] ============================================================
[2026-05-01T21:56:40Z] [INFO] 🌙 STARTING OVERNIGHT RESEARCH CYCLE #28
[2026-05-01T21:56:40Z] [INFO] 🔍 Running overnight research protocol (web scraping + cross-symbol analysis)...
[2026-05-01T21:56:40Z] [INFO] 📊 Cycle duration: 0.59s, Files generated: 0
[2026-05-01T21:56:40Z] [WARNING] ⚠️ Database not initialized for cycle counting
[2026-05-01T21:56:40Z] [INFO] 💾 Database updated with cycle results
[2026-05-01T21:56:40Z] [SECTION] ============================================================
[2026-05-01T21:56:40Z] [INFO] 🔮 PHASE: HIDDEN LAYERING DETECTION
[2026-05-01T21:56:40Z] [INFO] 🔗 Hidden layering detection complete. Connections identified: 2
[2026-05-01T21:56:40Z] [SECTION] ============================================================
[2026-05-01T21:56:40Z] [INFO] 🔬 PHASE: DOMAIN CORRELATION ANALYSIS
[2026-05-01T21:56:40Z] [INFO] 📊 Domain correlation matrices created: 1
[2026-05-01T21:56:40Z] [SECTION] ============================================================
[2026-05-01T21:56:40Z] [INFO] 🖼️  PHASE: IMAGE-SEED ANALYSIS
[2026-05-01T21:56:40Z] [INFO] 📂 Image seed analysis bootstrapping from 0 images...
[2026-05-01T21:56:40Z] [SECTION] ============================================================
[2026-05-01T21:56:40Z] [INFO] 📤 PHASE: PUSH COMPONENTS TO TOLARIA
[2026-05-01T21:56:41Z] [INFO] 📦 Components pushed to Tolaria: 5
[2026-05-01T21:56:41Z] [SECTION] ============================================================
[2026-05-01T21:56:41Z] [INFO] 🧩 PHASE: COMPOSER - DOMAIN INTEGRATION SYNTHESIS
[2026-05-01T21:56:41Z] [INFO] 🎨 Domain integrations synthesized: 0
[2026-05-01T21:56:41Z] [SECTION] ============================================================
[2026-05-01T21:56:41Z] [INFO] 🚀 PHASE: ADVANCED OVERNIGHT LOOP
[2026-05-01T21:56:41Z] [INFO] 🔬 Advanced loop completed cycles: 0
[2026-05-01T21:56:41Z] [WARNING] ⚠️  Git commit skipped or failed (git not initialized?): Command '['git', '-C', '/home/avalonas/.hermes/gematria/unified_overnight_research', 'add', '.']' returned non-zero exit status 128.
[2026-05-01T21:56:41Z] [INFO] 
📊 CYCLE #28 SUMMARY
[2026-05-01T21:56:41Z] [INFO] ✅ Successful tasks: 7/7
[2026-05-01T21:56:41Z] [INFO] ⏱️  Cycle duration: 1.74s
[2026-05-01T21:56:41Z] [INFO]    ⚠️ task: result
[2026-05-01T21:56:41Z] [INFO]    ⚠️ task: result
[2026-05-01T21:56:41Z] [INFO]    ⚠️ task: result
[2026-05-01T21:56:41Z] [INFO]    ⚠️ task: result
[2026-05-01T21:56:41Z] [INFO]    ⚠️ task: result
[2026-05-01T21:56:41Z] [INFO]    ⚠️ task: result
[2026-05-01T21:56:41Z] [INFO]    ⚠️ task: result
[2026-05-01T21:56:41Z] [HEADER] ================================================================================
[2026-05-01T21:56:41Z] [INFO] 🔄 OVERNIGHT RESEARCH PIPELINE - CYCLE #29
[2026-05-01T21:56:41Z] [INFO] ================================================================================
[2026-05-01T21:56:41Z] [HEADER] ============================================================
[2026-05-01T21:56:41Z] [INFO] 🌙 STARTING OVERNIGHT RESEARCH CYCLE #29
[2026-05-01T21:56:41Z] [INFO] 🔍 Running overnight research protocol (web scraping + cross-symbol analysis)...
[2026-05-01T21:56:42Z] [INFO] 📊 Cycle duration: 0.59s, Files generated: 0
[2026-05-01T21:56:42Z] [WARNING] ⚠️ Database not initialized for cycle counting
[2026-05-01T21:56:42Z] [INFO] 💾 Database updated with cycle results
[2026-05-01T21:56:42Z] [SECTION] ============================================================
[2026-05-01T21:56:42Z] [INFO] 🔮 PHASE: HIDDEN LAYERING DETECTION
[2026-05-01T21:56:42Z] [INFO] 🔗 Hidden layering detection complete. Connections identified: 2
[2026-05-01T21:56:42Z] [SECTION] ============================================================
[2026-05-01T21:56:42Z] [INFO] 🔬 PHASE: DOMAIN CORRELATION ANALYSIS
[2026-05-01T21:56:42Z] [INFO] 📊 Domain correlation matrices created: 1
[2026-05-01T21:56:42Z] [SECTION] ============================================================
[2026-05-01T21:56:42Z] [INFO] 🖼️  PHASE: IMAGE-SEED ANALYSIS
[2026-05-01T21:56:42Z] [INFO] 📂 Image seed analysis bootstrapping from 0 images...
[2026-05-01T21:56:42Z] [SECTION] ============================================================
[2026-05-01T21:56:42Z] [INFO] 📤 PHASE: PUSH COMPONENTS TO TOLARIA
[2026-05-01T21:56:43Z] [INFO] 📦 Components pushed to Tolaria: 5
[2026-05-01T21:56:43Z] [SECTION] ============================================================
[2026-05-01T21:56:43Z] [INFO] 🧩 PHASE: COMPOSER - DOMAIN INTEGRATION SYNTHESIS
[2026-05-01T21:56:43Z] [INFO] 🎨 Domain integrations synthesized: 0
[2026-05-01T21:56:43Z] [SECTION] ============================================================
[2026-05-01T21:56:43Z] [INFO] 🚀 PHASE: ADVANCED OVERNIGHT LOOP
[2026-05-01T21:56:43Z] [INFO] 🔬 Advanced loop completed cycles: 0
[2026-05-01T21:56:43Z] [WARNING] ⚠️  Git commit skipped or failed (git not initialized?): Command '['git', '-C', '/home/avalonas/.hermes/gematria/unified_overnight_research', 'add', '.']' returned non-zero exit status 128.
[2026-05-01T21:56:43Z] [INFO] 
📊 CYCLE #29 SUMMARY
[2026-05-01T21:56:43Z] [INFO] ✅ Successful tasks: 7/7
[2026-05-01T21:56:43Z] [INFO] ⏱️  Cycle duration: 1.61s
[2026-05-01T21:56:43Z] [INFO]    ⚠️ task: result
[2026-05-01T21:56:43Z] [INFO]    ⚠️ task: result
[2026-05-01T21:56:43Z] [INFO]    ⚠️ task: result
[2026-05-01T21:56:43Z] [INFO]    ⚠️ task: result
[2026-05-01T21:56:43Z] [INFO]    ⚠️ task: result
[2026-05-01T21:56:43Z] [INFO]    ⚠️ task: result
[2026-05-01T21:56:43Z] [INFO]    ⚠️ task: result
[2026-05-01T21:56:43Z] [HEADER] ================================================================================
[2026-05-01T21:56:43Z] [INFO] 🔄 OVERNIGHT RESEARCH PIPELINE - CYCLE #30
[2026-05-01T21:56:43Z] [INFO] ================================================================================
[2026-05-01T21:56:43Z] [HEADER] ============================================================
[2026-05-01T21:56:43Z] [INFO] 🌙 STARTING OVERNIGHT RESEARCH CYCLE #30
[2026-05-01T21:56:43Z] [INFO] 🔍 Running overnight research protocol (web scraping + cross-symbol analysis)...
[2026-05-01T21:56:43Z] [INFO] 📊 Cycle duration: 0.58s, Files generated: 0
[2026-05-01T21:56:43Z] [WARNING] ⚠️ Database not initialized for cycle counting
[2026-05-01T21:56:43Z] [INFO] 💾 Database updated with cycle results
[2026-05-01T21:56:43Z] [SECTION] ============================================================
[2026-05-01T21:56:43Z] [INFO] 🔮 PHASE: HIDDEN LAYERING DETECTION
[2026-05-01T21:56:43Z] [INFO] 🔗 Hidden layering detection complete. Connections identified: 2
[2026-05-01T21:56:43Z] [SECTION] ============================================================
[2026-05-01T21:56:43Z] [INFO] 🔬 PHASE: DOMAIN CORRELATION ANALYSIS
[2026-05-01T21:56:44Z] [INFO] 📊 Domain correlation matrices created: 1
[2026-05-01T21:56:44Z] [SECTION] ============================================================
[2026-05-01T21:56:44Z] [INFO] 🖼️  PHASE: IMAGE-SEED ANALYSIS
[2026-05-01T21:56:44Z] [INFO] 📂 Image seed analysis bootstrapping from 0 images...
[2026-05-01T21:56:44Z] [SECTION] ============================================================
[2026-05-01T21:56:44Z] [INFO] 📤 PHASE: PUSH COMPONENTS TO TOLARIA
[2026-05-01T21:56:44Z] [INFO] 📦 Components pushed to Tolaria: 5
[2026-05-01T21:56:44Z] [SECTION] ============================================================
[2026-05-01T21:56:44Z] [INFO] 🧩 PHASE: COMPOSER - DOMAIN INTEGRATION SYNTHESIS
[2026-05-01T21:56:44Z] [INFO] 🎨 Domain integrations synthesized: 0
[2026-05-01T21:56:44Z] [SECTION] ============================================================
[2026-05-01T21:56:44Z] [INFO] 🚀 PHASE: ADVANCED OVERNIGHT LOOP
[2026-05-01T21:56:45Z] [INFO] 🔬 Advanced loop completed cycles: 0
[2026-05-01T21:56:45Z] [WARNING] ⚠️  Git commit skipped or failed (git not initialized?): Command '['git', '-C', '/home/avalonas/.hermes/gematria/unified_overnight_research', 'add', '.']' returned non-zero exit status 128.
[2026-05-01T21:56:45Z] [INFO] 
📊 CYCLE #30 SUMMARY
[2026-05-01T21:56:45Z] [INFO] ✅ Successful tasks: 7/7
[2026-05-01T21:56:45Z] [INFO] ⏱️  Cycle duration: 1.72s
[2026-05-01T21:56:45Z] [INFO]    ⚠️ task: result
[2026-05-01T21:56:45Z] [INFO]    ⚠️ task: result
[2026-05-01T21:56:45Z] [INFO]    ⚠️ task: result
[2026-05-01T21:56:45Z] [INFO]    ⚠️ task: result
[2026-05-01T21:56:45Z] [INFO]    ⚠️ task: result
[2026-05-01T21:56:45Z] [INFO]    ⚠️ task: result
[2026-05-01T21:56:45Z] [INFO]    ⚠️ task: result
[2026-05-01T21:56:45Z] [HEADER] ================================================================================
[2026-05-01T21:56:45Z] [INFO] 🔄 OVERNIGHT RESEARCH PIPELINE - CYCLE #31
[2026-05-01T21:56:45Z] [INFO] ================================================================================
[2026-05-01T21:56:45Z] [HEADER] ============================================================
[2026-05-01T21:56:45Z] [INFO] 🌙 STARTING OVERNIGHT RESEARCH CYCLE #31
[2026-05-01T21:56:45Z] [INFO] 🔍 Running overnight research protocol (web scraping + cross-symbol analysis)...
[2026-05-01T21:56:45Z] [INFO] 📊 Cycle duration: 0.57s, Files generated: 0
[2026-05-01T21:56:45Z] [WARNING] ⚠️ Database not initialized for cycle counting
[2026-05-01T21:56:45Z] [INFO] 💾 Database updated with cycle results
[2026-05-01T21:56:45Z] [SECTION] ============================================================
[2026-05-01T21:56:45Z] [INFO] 🔮 PHASE: HIDDEN LAYERING DETECTION
[2026-05-01T21:56:45Z] [INFO] 🔗 Hidden layering detection complete. Connections identified: 2
[2026-05-01T21:56:45Z] [SECTION] ============================================================
[2026-05-01T21:56:45Z] [INFO] 🔬 PHASE: DOMAIN CORRELATION ANALYSIS
[2026-05-01T21:56:45Z] [INFO] 📊 Domain correlation matrices created: 1
[2026-05-01T21:56:45Z] [SECTION] ============================================================
[2026-05-01T21:56:45Z] [INFO] 🖼️  PHASE: IMAGE-SEED ANALYSIS
[2026-05-01T21:56:45Z] [INFO] 📂 Image seed analysis bootstrapping from 0 images...
[2026-05-01T21:56:45Z] [SECTION] ============================================================
[2026-05-01T21:56:45Z] [INFO] 📤 PHASE: PUSH COMPONENTS TO TOLARIA
[2026-05-01T21:56:46Z] [INFO] 📦 Components pushed to Tolaria: 5
[2026-05-01T21:56:46Z] [SECTION] ============================================================
[2026-05-01T21:56:46Z] [INFO] 🧩 PHASE: COMPOSER - DOMAIN INTEGRATION SYNTHESIS
[2026-05-01T21:56:46Z] [INFO] 🎨 Domain integrations synthesized: 0
[2026-05-01T21:56:46Z] [SECTION] ============================================================
[2026-05-01T21:56:46Z] [INFO] 🚀 PHASE: ADVANCED OVERNIGHT LOOP
[2026-05-01T21:56:46Z] [INFO] 🔬 Advanced loop completed cycles: 0
[2026-05-01T21:56:46Z] [WARNING] ⚠️  Git commit skipped or failed (git not initialized?): Command '['git', '-C', '/home/avalonas/.hermes/gematria/unified_overnight_research', 'add', '.']' returned non-zero exit status 128.
[2026-05-01T21:56:46Z] [INFO] 
📊 CYCLE #31 SUMMARY
[2026-05-01T21:56:46Z] [INFO] ✅ Successful tasks: 7/7
[2026-05-01T21:56:46Z] [INFO] ⏱️  Cycle duration: 1.65s
[2026-05-01T21:56:46Z] [INFO]    ⚠️ task: result
[2026-05-01T21:56:46Z] [INFO]    ⚠️ task: result
[2026-05-01T21:56:46Z] [INFO]    ⚠️ task: result
[2026-05-01T21:56:46Z] [INFO]    ⚠️ task: result
[2026-05-01T21:56:46Z] [INFO]    ⚠️ task: result
[2026-05-01T21:56:46Z] [INFO]    ⚠️ task: result
[2026-05-01T21:56:46Z] [INFO]    ⚠️ task: result
[2026-05-01T21:56:46Z] [HEADER] ================================================================================
[2026-05-01T21:56:46Z] [INFO] 🔄 OVERNIGHT RESEARCH PIPELINE - CYCLE #32
[2026-05-01T21:56:46Z] [INFO] ================================================================================
[2026-05-01T21:56:46Z] [HEADER] ============================================================
[2026-05-01T21:56:46Z] [INFO] 🌙 STARTING OVERNIGHT RESEARCH CYCLE #32
[2026-05-01T21:56:46Z] [INFO] 🔍 Running overnight research protocol (web scraping + cross-symbol analysis)...
[2026-05-01T21:56:47Z] [INFO] 📊 Cycle duration: 0.57s, Files generated: 0
[2026-05-01T21:56:47Z] [WARNING] ⚠️ Database not initialized for cycle counting
[2026-05-01T21:56:47Z] [INFO] 💾 Database updated with cycle results
[2026-05-01T21:56:47Z] [SECTION] ============================================================
[2026-05-01T21:56:47Z] [INFO] 🔮 PHASE: HIDDEN LAYERING DETECTION
[2026-05-01T21:56:47Z] [INFO] 🔗 Hidden layering detection complete. Connections identified: 2
[2026-05-01T21:56:47Z] [SECTION] ============================================================
[2026-05-01T21:56:47Z] [INFO] 🔬 PHASE: DOMAIN CORRELATION ANALYSIS
[2026-05-01T21:56:47Z] [INFO] 📊 Domain correlation matrices created: 1
[2026-05-01T21:56:47Z] [SECTION] ============================================================
[2026-05-01T21:56:47Z] [INFO] 🖼️  PHASE: IMAGE-SEED ANALYSIS
[2026-05-01T21:56:47Z] [INFO] 📂 Image seed analysis bootstrapping from 0 images...
[2026-05-01T21:56:47Z] [SECTION] ============================================================
[2026-05-01T21:56:47Z] [INFO] 📤 PHASE: PUSH COMPONENTS TO TOLARIA
[2026-05-01T21:56:48Z] [INFO] 📦 Components pushed to Tolaria: 5
[2026-05-01T21:56:48Z] [SECTION] ============================================================
[2026-05-01T21:56:48Z] [INFO] 🧩 PHASE: COMPOSER - DOMAIN INTEGRATION SYNTHESIS
[2026-05-01T21:56:48Z] [INFO] 🎨 Domain integrations synthesized: 0
[2026-05-01T21:56:48Z] [SECTION] ============================================================
[2026-05-01T21:56:48Z] [INFO] 🚀 PHASE: ADVANCED OVERNIGHT LOOP
[2026-05-01T21:56:48Z] [INFO] 🔬 Advanced loop completed cycles: 0
[2026-05-01T21:56:48Z] [WARNING] ⚠️  Git commit skipped or failed (git not initialized?): Command '['git', '-C', '/home/avalonas/.hermes/gematria/unified_overnight_research', 'add', '.']' returned non-zero exit status 128.
[2026-05-01T21:56:48Z] [INFO] 
📊 CYCLE #32 SUMMARY
[2026-05-01T21:56:48Z] [INFO] ✅ Successful tasks: 7/7
[2026-05-01T21:56:48Z] [INFO] ⏱️  Cycle duration: 1.74s
[2026-05-01T21:56:48Z] [INFO]    ⚠️ task: result
[2026-05-01T21:56:48Z] [INFO]    ⚠️ task: result
[2026-05-01T21:56:48Z] [INFO]    ⚠️ task: result
[2026-05-01T21:56:48Z] [INFO]    ⚠️ task: result
[2026-05-01T21:56:48Z] [INFO]    ⚠️ task: result
[2026-05-01T21:56:48Z] [INFO]    ⚠️ task: result
[2026-05-01T21:56:48Z] [INFO]    ⚠️ task: result
[2026-05-01T21:56:48Z] [HEADER] ================================================================================
[2026-05-01T21:56:48Z] [INFO] 🔄 OVERNIGHT RESEARCH PIPELINE - CYCLE #33
[2026-05-01T21:56:48Z] [INFO] ================================================================================
[2026-05-01T21:56:48Z] [HEADER] ============================================================
[2026-05-01T21:56:48Z] [INFO] 🌙 STARTING OVERNIGHT RESEARCH CYCLE #33
[2026-05-01T21:56:48Z] [INFO] 🔍 Running overnight research protocol (web scraping + cross-symbol analysis)...
[2026-05-01T21:56:49Z] [INFO] 📊 Cycle duration: 0.57s, Files generated: 0
[2026-05-01T21:56:49Z] [WARNING] ⚠️ Database not initialized for cycle counting
[2026-05-01T21:56:49Z] [INFO] 💾 Database updated with cycle results
[2026-05-01T21:56:49Z] [SECTION] ============================================================
[2026-05-01T21:56:49Z] [INFO] 🔮 PHASE: HIDDEN LAYERING DETECTION
[2026-05-01T21:56:49Z] [INFO] 🔗 Hidden layering detection complete. Connections identified: 2
[2026-05-01T21:56:49Z] [SECTION] ============================================================
[2026-05-01T21:56:49Z] [INFO] 🔬 PHASE: DOMAIN CORRELATION ANALYSIS
[2026-05-01T21:56:49Z] [INFO] 📊 Domain correlation matrices created: 1
[2026-05-01T21:56:49Z] [SECTION] ============================================================
[2026-05-01T21:56:49Z] [INFO] 🖼️  PHASE: IMAGE-SEED ANALYSIS
[2026-05-01T21:56:49Z] [INFO] 📂 Image seed analysis bootstrapping from 0 images...
[2026-05-01T21:56:49Z] [SECTION] ============================================================
[2026-05-01T21:56:49Z] [INFO] 📤 PHASE: PUSH COMPONENTS TO TOLARIA
[2026-05-01T21:56:49Z] [INFO] 📦 Components pushed to Tolaria: 5
[2026-05-01T21:56:49Z] [SECTION] ============================================================
[2026-05-01T21:56:49Z] [INFO] 🧩 PHASE: COMPOSER - DOMAIN INTEGRATION SYNTHESIS
[2026-05-01T21:56:50Z] [INFO] 🎨 Domain integrations synthesized: 0
[2026-05-01T21:56:50Z] [SECTION] ============================================================
[2026-05-01T21:56:50Z] [INFO] 🚀 PHASE: ADVANCED OVERNIGHT LOOP
[2026-05-01T21:56:50Z] [INFO] 🔬 Advanced loop completed cycles: 0
[2026-05-01T21:56:50Z] [WARNING] ⚠️  Git commit skipped or failed (git not initialized?): Command '['git', '-C', '/home/avalonas/.hermes/gematria/unified_overnight_research', 'add', '.']' returned non-zero exit status 128.
[2026-05-01T21:56:50Z] [INFO] 
📊 CYCLE #33 SUMMARY
[2026-05-01T21:56:50Z] [INFO] ✅ Successful tasks: 7/7
[2026-05-01T21:56:50Z] [INFO] ⏱️  Cycle duration: 1.82s
[2026-05-01T21:56:50Z] [INFO]    ⚠️ task: result
[2026-05-01T21:56:50Z] [INFO]    ⚠️ task: result
[2026-05-01T21:56:50Z] [INFO]    ⚠️ task: result
[2026-05-01T21:56:50Z] [INFO]    ⚠️ task: result
[2026-05-01T21:56:50Z] [INFO]    ⚠️ task: result
[2026-05-01T21:56:50Z] [INFO]    ⚠️ task: result
[2026-05-01T21:56:50Z] [INFO]    ⚠️ task: result
[2026-05-01T21:56:50Z] [HEADER] ================================================================================
[2026-05-01T21:56:50Z] [INFO] 🔄 OVERNIGHT RESEARCH PIPELINE - CYCLE #34
[2026-05-01T21:56:50Z] [INFO] ================================================================================
[2026-05-01T21:56:50Z] [HEADER] ============================================================
[2026-05-01T21:56:50Z] [INFO] 🌙 STARTING OVERNIGHT RESEARCH CYCLE #34
[2026-05-01T21:56:50Z] [INFO] 🔍 Running overnight research protocol (web scraping + cross-symbol analysis)...
[2026-05-01T21:56:50Z] [INFO] 📊 Cycle duration: 0.58s, Files generated: 0
[2026-05-01T21:56:50Z] [WARNING] ⚠️ Database not initialized for cycle counting
[2026-05-01T21:56:50Z] [INFO] 💾 Database updated with cycle results
[2026-05-01T21:56:50Z] [SECTION] ============================================================
[2026-05-01T21:56:50Z] [INFO] 🔮 PHASE: HIDDEN LAYERING DETECTION
[2026-05-01T21:56:50Z] [INFO] 🔗 Hidden layering detection complete. Connections identified: 2
[2026-05-01T21:56:50Z] [SECTION] ============================================================
[2026-05-01T21:56:50Z] [INFO] 🔬 PHASE: DOMAIN CORRELATION ANALYSIS
[2026-05-01T21:56:50Z] [INFO] 📊 Domain correlation matrices created: 1
[2026-05-01T21:56:50Z] [SECTION] ============================================================
[2026-05-01T21:56:50Z] [INFO] 🖼️  PHASE: IMAGE-SEED ANALYSIS
[2026-05-01T21:56:50Z] [INFO] 📂 Image seed analysis bootstrapping from 0 images...
[2026-05-01T21:56:50Z] [SECTION] ============================================================
[2026-05-01T21:56:50Z] [INFO] 📤 PHASE: PUSH COMPONENTS TO TOLARIA
[2026-05-01T21:56:51Z] [INFO] 📦 Components pushed to Tolaria: 5
[2026-05-01T21:56:51Z] [SECTION] ============================================================
[2026-05-01T21:56:51Z] [INFO] 🧩 PHASE: COMPOSER - DOMAIN INTEGRATION SYNTHESIS
[2026-05-01T21:56:51Z] [INFO] 🎨 Domain integrations synthesized: 0
[2026-05-01T21:56:51Z] [SECTION] ============================================================
[2026-05-01T21:56:51Z] [INFO] 🚀 PHASE: ADVANCED OVERNIGHT LOOP
[2026-05-01T21:56:51Z] [INFO] 🔬 Advanced loop completed cycles: 0
[2026-05-01T21:56:52Z] [WARNING] ⚠️  Git commit skipped or failed (git not initialized?): Command '['git', '-C', '/home/avalonas/.hermes/gematria/unified_overnight_research', 'add', '.']' returned non-zero exit status 128.
[2026-05-01T21:56:52Z] [INFO] 
📊 CYCLE #34 SUMMARY
[2026-05-01T21:56:52Z] [INFO] ✅ Successful tasks: 7/7
[2026-05-01T21:56:52Z] [INFO] ⏱️  Cycle duration: 1.73s
[2026-05-01T21:56:52Z] [INFO]    ⚠️ task: result
[2026-05-01T21:56:52Z] [INFO]    ⚠️ task: result
[2026-05-01T21:56:52Z] [INFO]    ⚠️ task: result
[2026-05-01T21:56:52Z] [INFO]    ⚠️ task: result
[2026-05-01T21:56:52Z] [INFO]    ⚠️ task: result
[2026-05-01T21:56:52Z] [INFO]    ⚠️ task: result
[2026-05-01T21:56:52Z] [INFO]    ⚠️ task: result
[2026-05-01T21:56:52Z] [HEADER] ================================================================================
[2026-05-01T21:56:52Z] [INFO] 🔄 OVERNIGHT RESEARCH PIPELINE - CYCLE #35
[2026-05-01T21:56:52Z] [INFO] ================================================================================
[2026-05-01T21:56:52Z] [HEADER] ============================================================
[2026-05-01T21:56:52Z] [INFO] 🌙 STARTING OVERNIGHT RESEARCH CYCLE #35
[2026-05-01T21:56:52Z] [INFO] 🔍 Running overnight research protocol (web scraping + cross-symbol analysis)...
[2026-05-01T21:56:52Z] [INFO] 📊 Cycle duration: 0.57s, Files generated: 0
[2026-05-01T21:56:52Z] [WARNING] ⚠️ Database not initialized for cycle counting
[2026-05-01T21:56:52Z] [INFO] 💾 Database updated with cycle results
[2026-05-01T21:56:52Z] [SECTION] ============================================================
[2026-05-01T21:56:52Z] [INFO] 🔮 PHASE: HIDDEN LAYERING DETECTION
[2026-05-01T21:56:52Z] [INFO] 🔗 Hidden layering detection complete. Connections identified: 2
[2026-05-01T21:56:52Z] [SECTION] ============================================================
[2026-05-01T21:56:52Z] [INFO] 🔬 PHASE: DOMAIN CORRELATION ANALYSIS
[2026-05-01T21:56:52Z] [INFO] 📊 Domain correlation matrices created: 1
[2026-05-01T21:56:52Z] [SECTION] ============================================================
[2026-05-01T21:56:52Z] [INFO] 🖼️  PHASE: IMAGE-SEED ANALYSIS
[2026-05-01T21:56:52Z] [INFO] 📂 Image seed analysis bootstrapping from 0 images...
[2026-05-01T21:56:52Z] [SECTION] ============================================================
[2026-05-01T21:56:52Z] [INFO] 📤 PHASE: PUSH COMPONENTS TO TOLARIA
[2026-05-01T21:56:53Z] [INFO] 📦 Components pushed to Tolaria: 5
[2026-05-01T21:56:53Z] [SECTION] ============================================================
[2026-05-01T21:56:53Z] [INFO] 🧩 PHASE: COMPOSER - DOMAIN INTEGRATION SYNTHESIS
[2026-05-01T21:56:53Z] [INFO] 🎨 Domain integrations synthesized: 0
[2026-05-01T21:56:53Z] [SECTION] ============================================================
[2026-05-01T21:56:53Z] [INFO] 🚀 PHASE: ADVANCED OVERNIGHT LOOP
[2026-05-01T21:56:53Z] [INFO] 🔬 Advanced loop completed cycles: 0
[2026-05-01T21:56:53Z] [WARNING] ⚠️  Git commit skipped or failed (git not initialized?): Command '['git', '-C', '/home/avalonas/.hermes/gematria/unified_overnight_research', 'add', '.']' returned non-zero exit status 128.
[2026-05-01T21:56:53Z] [INFO] 
📊 CYCLE #35 SUMMARY
[2026-05-01T21:56:53Z] [INFO] ✅ Successful tasks: 7/7
[2026-05-01T21:56:53Z] [INFO] ⏱️  Cycle duration: 1.79s
[2026-05-01T21:56:53Z] [INFO]    ⚠️ task: result
[2026-05-01T21:56:53Z] [INFO]    ⚠️ task: result
[2026-05-01T21:56:53Z] [INFO]    ⚠️ task: result
[2026-05-01T21:56:53Z] [INFO]    ⚠️ task: result
[2026-05-01T21:56:53Z] [INFO]    ⚠️ task: result
[2026-05-01T21:56:53Z] [INFO]    ⚠️ task: result
[2026-05-01T21:56:53Z] [INFO]    ⚠️ task: result
[2026-05-01T21:56:53Z] [HEADER] ================================================================================
[2026-05-01T21:56:53Z] [INFO] 🔄 OVERNIGHT RESEARCH PIPELINE - CYCLE #36
[2026-05-01T21:56:53Z] [INFO] ================================================================================
[2026-05-01T21:56:53Z] [HEADER] ============================================================
[2026-05-01T21:56:53Z] [INFO] 🌙 STARTING OVERNIGHT RESEARCH CYCLE #36
[2026-05-01T21:56:53Z] [INFO] 🔍 Running overnight research protocol (web scraping + cross-symbol analysis)...
[2026-05-01T21:56:54Z] [INFO] 📊 Cycle duration: 0.57s, Files generated: 0
[2026-05-01T21:56:54Z] [WARNING] ⚠️ Database not initialized for cycle counting
[2026-05-01T21:56:54Z] [INFO] 💾 Database updated with cycle results
[2026-05-01T21:56:54Z] [SECTION] ============================================================
[2026-05-01T21:56:54Z] [INFO] 🔮 PHASE: HIDDEN LAYERING DETECTION
[2026-05-01T21:56:54Z] [INFO] 🔗 Hidden layering detection complete. Connections identified: 2
[2026-05-01T21:56:54Z] [SECTION] ============================================================
[2026-05-01T21:56:54Z] [INFO] 🔬 PHASE: DOMAIN CORRELATION ANALYSIS
[2026-05-01T21:56:54Z] [INFO] 📊 Domain correlation matrices created: 1
[2026-05-01T21:56:54Z] [SECTION] ============================================================
[2026-05-01T21:56:54Z] [INFO] 🖼️  PHASE: IMAGE-SEED ANALYSIS
[2026-05-01T21:56:54Z] [INFO] 📂 Image seed analysis bootstrapping from 0 images...
[2026-05-01T21:56:54Z] [SECTION] ============================================================
[2026-05-01T21:56:54Z] [INFO] 📤 PHASE: PUSH COMPONENTS TO TOLARIA
[2026-05-01T21:56:55Z] [INFO] 📦 Components pushed to Tolaria: 5
[2026-05-01T21:56:55Z] [SECTION] ============================================================
[2026-05-01T21:56:55Z] [INFO] 🧩 PHASE: COMPOSER - DOMAIN INTEGRATION SYNTHESIS
[2026-05-01T21:56:55Z] [INFO] 🎨 Domain integrations synthesized: 0
[2026-05-01T21:56:55Z] [SECTION] ============================================================
[2026-05-01T21:56:55Z] [INFO] 🚀 PHASE: ADVANCED OVERNIGHT LOOP
[2026-05-01T21:56:55Z] [INFO] 🔬 Advanced loop completed cycles: 0
[2026-05-01T21:56:55Z] [WARNING] ⚠️  Git commit skipped or failed (git not initialized?): Command '['git', '-C', '/home/avalonas/.hermes/gematria/unified_overnight_research', 'add', '.']' returned non-zero exit status 128.
[2026-05-01T21:56:55Z] [INFO] 
📊 CYCLE #36 SUMMARY
[2026-05-01T21:56:55Z] [INFO] ✅ Successful tasks: 7/7
[2026-05-01T21:56:55Z] [INFO] ⏱️  Cycle duration: 1.84s
[2026-05-01T21:56:55Z] [INFO]    ⚠️ task: result
[2026-05-01T21:56:55Z] [INFO]    ⚠️ task: result
[2026-05-01T21:56:55Z] [INFO]    ⚠️ task: result
[2026-05-01T21:56:55Z] [INFO]    ⚠️ task: result
[2026-05-01T21:56:55Z] [INFO]    ⚠️ task: result
[2026-05-01T21:56:55Z] [INFO]    ⚠️ task: result
[2026-05-01T21:56:55Z] [INFO]    ⚠️ task: result
[2026-05-01T21:56:55Z] [HEADER] ================================================================================
[2026-05-01T21:56:55Z] [INFO] 🔄 OVERNIGHT RESEARCH PIPELINE - CYCLE #37
[2026-05-01T21:56:55Z] [INFO] ================================================================================
[2026-05-01T21:56:55Z] [HEADER] ============================================================
[2026-05-01T21:56:55Z] [INFO] 🌙 STARTING OVERNIGHT RESEARCH CYCLE #37
[2026-05-01T21:56:55Z] [INFO] 🔍 Running overnight research protocol (web scraping + cross-symbol analysis)...
[2026-05-01T21:56:56Z] [INFO] 📊 Cycle duration: 0.57s, Files generated: 0
[2026-05-01T21:56:56Z] [WARNING] ⚠️ Database not initialized for cycle counting
[2026-05-01T21:56:56Z] [INFO] 💾 Database updated with cycle results
[2026-05-01T21:56:56Z] [SECTION] ============================================================
[2026-05-01T21:56:56Z] [INFO] 🔮 PHASE: HIDDEN LAYERING DETECTION
[2026-05-01T21:56:56Z] [INFO] 🔗 Hidden layering detection complete. Connections identified: 2
[2026-05-01T21:56:56Z] [SECTION] ============================================================
[2026-05-01T21:56:56Z] [INFO] 🔬 PHASE: DOMAIN CORRELATION ANALYSIS
[2026-05-01T21:56:56Z] [INFO] 📊 Domain correlation matrices created: 1
[2026-05-01T21:56:56Z] [SECTION] ============================================================
[2026-05-01T21:56:56Z] [INFO] 🖼️  PHASE: IMAGE-SEED ANALYSIS
[2026-05-01T21:56:56Z] [INFO] 📂 Image seed analysis bootstrapping from 0 images...
[2026-05-01T21:56:56Z] [SECTION] ============================================================
[2026-05-01T21:56:56Z] [INFO] 📤 PHASE: PUSH COMPONENTS TO TOLARIA
[2026-05-01T21:56:57Z] [INFO] 📦 Components pushed to Tolaria: 5
[2026-05-01T21:56:57Z] [SECTION] ============================================================
[2026-05-01T21:56:57Z] [INFO] 🧩 PHASE: COMPOSER - DOMAIN INTEGRATION SYNTHESIS
[2026-05-01T21:56:57Z] [INFO] 🎨 Domain integrations synthesized: 0
[2026-05-01T21:56:57Z] [SECTION] ============================================================
[2026-05-01T21:56:57Z] [INFO] 🚀 PHASE: ADVANCED OVERNIGHT LOOP
[2026-05-01T21:56:57Z] [INFO] 🔬 Advanced loop completed cycles: 0
[2026-05-01T21:56:57Z] [WARNING] ⚠️  Git commit skipped or failed (git not initialized?): Command '['git', '-C', '/home/avalonas/.hermes/gematria/unified_overnight_research', 'add', '.']' returned non-zero exit status 128.
[2026-05-01T21:56:57Z] [INFO] 
📊 CYCLE #37 SUMMARY
[2026-05-01T21:56:57Z] [INFO] ✅ Successful tasks: 7/7
[2026-05-01T21:56:57Z] [INFO] ⏱️  Cycle duration: 1.77s
[2026-05-01T21:56:57Z] [INFO]    ⚠️ task: result
[2026-05-01T21:56:57Z] [INFO]    ⚠️ task: result
[2026-05-01T21:56:57Z] [INFO]    ⚠️ task: result
[2026-05-01T21:56:57Z] [INFO]    ⚠️ task: result
[2026-05-01T21:56:57Z] [INFO]    ⚠️ task: result
[2026-05-01T21:56:57Z] [INFO]    ⚠️ task: result
[2026-05-01T21:56:57Z] [INFO]    ⚠️ task: result
[2026-05-01T21:56:57Z] [HEADER] ================================================================================
[2026-05-01T21:56:57Z] [INFO] 🔄 OVERNIGHT RESEARCH PIPELINE - CYCLE #38
[2026-05-01T21:56:57Z] [INFO] ================================================================================
[2026-05-01T21:56:57Z] [HEADER] ============================================================
[2026-05-01T21:56:57Z] [INFO] 🌙 STARTING OVERNIGHT RESEARCH CYCLE #38
[2026-05-01T21:56:57Z] [INFO] 🔍 Running overnight research protocol (web scraping + cross-symbol analysis)...
[2026-05-01T21:56:58Z] [INFO] 📊 Cycle duration: 0.56s, Files generated: 0
[2026-05-01T21:56:58Z] [WARNING] ⚠️ Database not initialized for cycle counting
[2026-05-01T21:56:58Z] [INFO] 💾 Database updated with cycle results
[2026-05-01T21:56:58Z] [SECTION] ============================================================
[2026-05-01T21:56:58Z] [INFO] 🔮 PHASE: HIDDEN LAYERING DETECTION
[2026-05-01T21:56:58Z] [INFO] 🔗 Hidden layering detection complete. Connections identified: 2
[2026-05-01T21:56:58Z] [SECTION] ============================================================
[2026-05-01T21:56:58Z] [INFO] 🔬 PHASE: DOMAIN CORRELATION ANALYSIS
[2026-05-01T21:56:58Z] [INFO] 📊 Domain correlation matrices created: 1
[2026-05-01T21:56:58Z] [SECTION] ============================================================
[2026-05-01T21:56:58Z] [INFO] 🖼️  PHASE: IMAGE-SEED ANALYSIS
[2026-05-01T21:56:58Z] [INFO] 📂 Image seed analysis bootstrapping from 0 images...
[2026-05-01T21:56:58Z] [SECTION] ============================================================
[2026-05-01T21:56:58Z] [INFO] 📤 PHASE: PUSH COMPONENTS TO TOLARIA
[2026-05-01T21:56:58Z] [INFO] 📦 Components pushed to Tolaria: 5
[2026-05-01T21:56:58Z] [SECTION] ============================================================
[2026-05-01T21:56:58Z] [INFO] 🧩 PHASE: COMPOSER - DOMAIN INTEGRATION SYNTHESIS
[2026-05-01T21:56:58Z] [INFO] 🎨 Domain integrations synthesized: 0
[2026-05-01T21:56:58Z] [SECTION] ============================================================
[2026-05-01T21:56:58Z] [INFO] 🚀 PHASE: ADVANCED OVERNIGHT LOOP
[2026-05-01T21:56:59Z] [INFO] 🔬 Advanced loop completed cycles: 0
[2026-05-01T21:56:59Z] [WARNING] ⚠️  Git commit skipped or failed (git not initialized?): Command '['git', '-C', '/home/avalonas/.hermes/gematria/unified_overnight_research', 'add', '.']' returned non-zero exit status 128.
[2026-05-01T21:56:59Z] [INFO] 
📊 CYCLE #38 SUMMARY
[2026-05-01T21:56:59Z] [INFO] ✅ Successful tasks: 7/7
[2026-05-01T21:56:59Z] [INFO] ⏱️  Cycle duration: 1.71s
[2026-05-01T21:56:59Z] [INFO]    ⚠️ task: result
[2026-05-01T21:56:59Z] [INFO]    ⚠️ task: result
[2026-05-01T21:56:59Z] [INFO]    ⚠️ task: result
[2026-05-01T21:56:59Z] [INFO]    ⚠️ task: result
[2026-05-01T21:56:59Z] [INFO]    ⚠️ task: result
[2026-05-01T21:56:59Z] [INFO]    ⚠️ task: result
[2026-05-01T21:56:59Z] [INFO]    ⚠️ task: result
[2026-05-01T21:56:59Z] [HEADER] ================================================================================
[2026-05-01T21:56:59Z] [INFO] 🔄 OVERNIGHT RESEARCH PIPELINE - CYCLE #39
[2026-05-01T21:56:59Z] [INFO] ================================================================================
[2026-05-01T21:56:59Z] [HEADER] ============================================================
[2026-05-01T21:56:59Z] [INFO] 🌙 STARTING OVERNIGHT RESEARCH CYCLE #39
[2026-05-01T21:56:59Z] [INFO] 🔍 Running overnight research protocol (web scraping + cross-symbol analysis)...
[2026-05-01T21:56:59Z] [INFO] 📊 Cycle duration: 0.57s, Files generated: 0
[2026-05-01T21:56:59Z] [WARNING] ⚠️ Database not initialized for cycle counting
[2026-05-01T21:56:59Z] [INFO] 💾 Database updated with cycle results
[2026-05-01T21:56:59Z] [SECTION] ============================================================
[2026-05-01T21:56:59Z] [INFO] 🔮 PHASE: HIDDEN LAYERING DETECTION
[2026-05-01T21:56:59Z] [INFO] 🔗 Hidden layering detection complete. Connections identified: 2
[2026-05-01T21:56:59Z] [SECTION] ============================================================
[2026-05-01T21:56:59Z] [INFO] 🔬 PHASE: DOMAIN CORRELATION ANALYSIS
[2026-05-01T21:56:59Z] [INFO] 📊 Domain correlation matrices created: 1
[2026-05-01T21:56:59Z] [SECTION] ============================================================
[2026-05-01T21:56:59Z] [INFO] 🖼️  PHASE: IMAGE-SEED ANALYSIS
[2026-05-01T21:56:59Z] [INFO] 📂 Image seed analysis bootstrapping from 0 images...
[2026-05-01T21:56:59Z] [SECTION] ============================================================
[2026-05-01T21:56:59Z] [INFO] 📤 PHASE: PUSH COMPONENTS TO TOLARIA
[2026-05-01T21:57:00Z] [INFO] 📦 Components pushed to Tolaria: 5
[2026-05-01T21:57:00Z] [SECTION] ============================================================
[2026-05-01T21:57:00Z] [INFO] 🧩 PHASE: COMPOSER - DOMAIN INTEGRATION SYNTHESIS
[2026-05-01T21:57:00Z] [INFO] 🎨 Domain integrations synthesized: 0
[2026-05-01T21:57:00Z] [SECTION] ============================================================
[2026-05-01T21:57:00Z] [INFO] 🚀 PHASE: ADVANCED OVERNIGHT LOOP
[2026-05-01T21:57:00Z] [INFO] 🔬 Advanced loop completed cycles: 0
[2026-05-01T21:57:00Z] [WARNING] ⚠️  Git commit skipped or failed (git not initialized?): Command '['git', '-C', '/home/avalonas/.hermes/gematria/unified_overnight_research', 'add', '.']' returned non-zero exit status 128.
[2026-05-01T21:57:00Z] [INFO] 
📊 CYCLE #39 SUMMARY
[2026-05-01T21:57:00Z] [INFO] ✅ Successful tasks: 7/7
[2026-05-01T21:57:00Z] [INFO] ⏱️  Cycle duration: 1.77s
[2026-05-01T21:57:00Z] [INFO]    ⚠️ task: result
[2026-05-01T21:57:00Z] [INFO]    ⚠️ task: result
[2026-05-01T21:57:00Z] [INFO]    ⚠️ task: result
[2026-05-01T21:57:00Z] [INFO]    ⚠️ task: result
[2026-05-01T21:57:00Z] [INFO]    ⚠️ task: result
[2026-05-01T21:57:00Z] [INFO]    ⚠️ task: result
[2026-05-01T21:57:00Z] [INFO]    ⚠️ task: result
[2026-05-01T21:57:00Z] [HEADER] ================================================================================
[2026-05-01T21:57:00Z] [INFO] 🔄 OVERNIGHT RESEARCH PIPELINE - CYCLE #40
[2026-05-01T21:57:00Z] [INFO] ================================================================================
[2026-05-01T21:57:00Z] [HEADER] ============================================================
[2026-05-01T21:57:00Z] [INFO] 🌙 STARTING OVERNIGHT RESEARCH CYCLE #40
[2026-05-01T21:57:00Z] [INFO] 🔍 Running overnight research protocol (web scraping + cross-symbol analysis)...
[2026-05-01T21:57:01Z] [INFO] 📊 Cycle duration: 0.58s, Files generated: 0
[2026-05-01T21:57:01Z] [WARNING] ⚠️ Database not initialized for cycle counting
[2026-05-01T21:57:01Z] [INFO] 💾 Database updated with cycle results
[2026-05-01T21:57:01Z] [SECTION] ============================================================
[2026-05-01T21:57:01Z] [INFO] 🔮 PHASE: HIDDEN LAYERING DETECTION
[2026-05-01T21:57:01Z] [INFO] 🔗 Hidden layering detection complete. Connections identified: 2
[2026-05-01T21:57:01Z] [SECTION] ============================================================
[2026-05-01T21:57:01Z] [INFO] 🔬 PHASE: DOMAIN CORRELATION ANALYSIS
[2026-05-01T21:57:01Z] [INFO] 📊 Domain correlation matrices created: 1
[2026-05-01T21:57:01Z] [SECTION] ============================================================
[2026-05-01T21:57:01Z] [INFO] 🖼️  PHASE: IMAGE-SEED ANALYSIS
[2026-05-01T21:57:01Z] [INFO] 📂 Image seed analysis bootstrapping from 0 images...
[2026-05-01T21:57:01Z] [SECTION] ============================================================
[2026-05-01T21:57:01Z] [INFO] 📤 PHASE: PUSH COMPONENTS TO TOLARIA
[2026-05-01T21:57:02Z] [INFO] 📦 Components pushed to Tolaria: 5
[2026-05-01T21:57:02Z] [SECTION] ============================================================
[2026-05-01T21:57:02Z] [INFO] 🧩 PHASE: COMPOSER - DOMAIN INTEGRATION SYNTHESIS
[2026-05-01T21:57:02Z] [INFO] 🎨 Domain integrations synthesized: 0
[2026-05-01T21:57:02Z] [SECTION] ============================================================
[2026-05-01T21:57:02Z] [INFO] 🚀 PHASE: ADVANCED OVERNIGHT LOOP
[2026-05-01T21:57:02Z] [INFO] 🔬 Advanced loop completed cycles: 0
[2026-05-01T21:57:02Z] [WARNING] ⚠️  Git commit skipped or failed (git not initialized?): Command '['git', '-C', '/home/avalonas/.hermes/gematria/unified_overnight_research', 'add', '.']' returned non-zero exit status 128.
[2026-05-01T21:57:02Z] [INFO] 
📊 CYCLE #40 SUMMARY
[2026-05-01T21:57:02Z] [INFO] ✅ Successful tasks: 7/7
[2026-05-01T21:57:02Z] [INFO] ⏱️  Cycle duration: 1.71s
[2026-05-01T21:57:02Z] [INFO]    ⚠️ task: result
[2026-05-01T21:57:02Z] [INFO]    ⚠️ task: result
[2026-05-01T21:57:02Z] [INFO]    ⚠️ task: result
[2026-05-01T21:57:02Z] [INFO]    ⚠️ task: result
[2026-05-01T21:57:02Z] [INFO]    ⚠️ task: result
[2026-05-01T21:57:02Z] [INFO]    ⚠️ task: result
[2026-05-01T21:57:02Z] [INFO]    ⚠️ task: result
[2026-05-01T21:57:02Z] [HEADER] ================================================================================
[2026-05-01T21:57:02Z] [INFO] 🔄 OVERNIGHT RESEARCH PIPELINE - CYCLE #41
[2026-05-01T21:57:02Z] [INFO] ================================================================================
[2026-05-01T21:57:02Z] [HEADER] ============================================================
[2026-05-01T21:57:02Z] [INFO] 🌙 STARTING OVERNIGHT RESEARCH CYCLE #41
[2026-05-01T21:57:02Z] [INFO] 🔍 Running overnight research protocol (web scraping + cross-symbol analysis)...
[2026-05-01T21:57:03Z] [INFO] 📊 Cycle duration: 0.57s, Files generated: 0
[2026-05-01T21:57:03Z] [WARNING] ⚠️ Database not initialized for cycle counting
[2026-05-01T21:57:03Z] [INFO] 💾 Database updated with cycle results
[2026-05-01T21:57:03Z] [SECTION] ============================================================
[2026-05-01T21:57:03Z] [INFO] 🔮 PHASE: HIDDEN LAYERING DETECTION
[2026-05-01T21:57:03Z] [INFO] 🔗 Hidden layering detection complete. Connections identified: 2
[2026-05-01T21:57:03Z] [SECTION] ============================================================
[2026-05-01T21:57:03Z] [INFO] 🔬 PHASE: DOMAIN CORRELATION ANALYSIS
[2026-05-01T21:57:03Z] [INFO] 📊 Domain correlation matrices created: 1
[2026-05-01T21:57:03Z] [SECTION] ============================================================
[2026-05-01T21:57:03Z] [INFO] 🖼️  PHASE: IMAGE-SEED ANALYSIS
[2026-05-01T21:57:03Z] [INFO] 📂 Image seed analysis bootstrapping from 0 images...
[2026-05-01T21:57:03Z] [SECTION] ============================================================
[2026-05-01T21:57:03Z] [INFO] 📤 PHASE: PUSH COMPONENTS TO TOLARIA
[2026-05-01T21:57:04Z] [INFO] 📦 Components pushed to Tolaria: 5
[2026-05-01T21:57:04Z] [SECTION] ============================================================
[2026-05-01T21:57:04Z] [INFO] 🧩 PHASE: COMPOSER - DOMAIN INTEGRATION SYNTHESIS
[2026-05-01T21:57:04Z] [INFO] 🎨 Domain integrations synthesized: 0
[2026-05-01T21:57:04Z] [SECTION] ============================================================
[2026-05-01T21:57:04Z] [INFO] 🚀 PHASE: ADVANCED OVERNIGHT LOOP
[2026-05-01T21:57:04Z] [INFO] 🔬 Advanced loop completed cycles: 0
[2026-05-01T21:57:04Z] [WARNING] ⚠️  Git commit skipped or failed (git not initialized?): Command '['git', '-C', '/home/avalonas/.hermes/gematria/unified_overnight_research', 'add', '.']' returned non-zero exit status 128.
[2026-05-01T21:57:04Z] [INFO] 
📊 CYCLE #41 SUMMARY
[2026-05-01T21:57:04Z] [INFO] ✅ Successful tasks: 7/7
[2026-05-01T21:57:04Z] [INFO] ⏱️  Cycle duration: 1.74s
[2026-05-01T21:57:04Z] [INFO]    ⚠️ task: result
[2026-05-01T21:57:04Z] [INFO]    ⚠️ task: result
[2026-05-01T21:57:04Z] [INFO]    ⚠️ task: result
[2026-05-01T21:57:04Z] [INFO]    ⚠️ task: result
[2026-05-01T21:57:04Z] [INFO]    ⚠️ task: result
[2026-05-01T21:57:04Z] [INFO]    ⚠️ task: result
[2026-05-01T21:57:04Z] [INFO]    ⚠️ task: result
[2026-05-01T21:57:04Z] [HEADER] ================================================================================
[2026-05-01T21:57:04Z] [INFO] 🔄 OVERNIGHT RESEARCH PIPELINE - CYCLE #42
[2026-05-01T21:57:04Z] [INFO] ================================================================================
[2026-05-01T21:57:04Z] [HEADER] ============================================================
[2026-05-01T21:57:04Z] [INFO] 🌙 STARTING OVERNIGHT RESEARCH CYCLE #42
[2026-05-01T21:57:04Z] [INFO] 🔍 Running overnight research protocol (web scraping + cross-symbol analysis)...
[2026-05-01T21:57:04Z] [INFO] 📊 Cycle duration: 0.56s, Files generated: 0
[2026-05-01T21:57:04Z] [WARNING] ⚠️ Database not initialized for cycle counting
[2026-05-01T21:57:04Z] [INFO] 💾 Database updated with cycle results
[2026-05-01T21:57:04Z] [SECTION] ============================================================
[2026-05-01T21:57:04Z] [INFO] 🔮 PHASE: HIDDEN LAYERING DETECTION
[2026-05-01T21:57:04Z] [INFO] 🔗 Hidden layering detection complete. Connections identified: 2
[2026-05-01T21:57:04Z] [SECTION] ============================================================
[2026-05-01T21:57:04Z] [INFO] 🔬 PHASE: DOMAIN CORRELATION ANALYSIS
[2026-05-01T21:57:04Z] [INFO] 📊 Domain correlation matrices created: 1
[2026-05-01T21:57:04Z] [SECTION] ============================================================
[2026-05-01T21:57:04Z] [INFO] 🖼️  PHASE: IMAGE-SEED ANALYSIS
[2026-05-01T21:57:04Z] [INFO] 📂 Image seed analysis bootstrapping from 0 images...
[2026-05-01T21:57:05Z] [SECTION] ============================================================
[2026-05-01T21:57:05Z] [INFO] 📤 PHASE: PUSH COMPONENTS TO TOLARIA
[2026-05-01T21:57:05Z] [INFO] 📦 Components pushed to Tolaria: 5
[2026-05-01T21:57:05Z] [SECTION] ============================================================
[2026-05-01T21:57:05Z] [INFO] 🧩 PHASE: COMPOSER - DOMAIN INTEGRATION SYNTHESIS
[2026-05-01T21:57:05Z] [INFO] 🎨 Domain integrations synthesized: 0
[2026-05-01T21:57:05Z] [SECTION] ============================================================
[2026-05-01T21:57:05Z] [INFO] 🚀 PHASE: ADVANCED OVERNIGHT LOOP
[2026-05-01T21:57:05Z] [INFO] 🔬 Advanced loop completed cycles: 0
[2026-05-01T21:57:06Z] [WARNING] ⚠️  Git commit skipped or failed (git not initialized?): Command '['git', '-C', '/home/avalonas/.hermes/gematria/unified_overnight_research', 'add', '.']' returned non-zero exit status 128.
[2026-05-01T21:57:06Z] [INFO] 
📊 CYCLE #42 SUMMARY
[2026-05-01T21:57:06Z] [INFO] ✅ Successful tasks: 7/7
[2026-05-01T21:57:06Z] [INFO] ⏱️  Cycle duration: 1.64s
[2026-05-01T21:57:06Z] [INFO]    ⚠️ task: result
[2026-05-01T21:57:06Z] [INFO]    ⚠️ task: result
[2026-05-01T21:57:06Z] [INFO]    ⚠️ task: result
[2026-05-01T21:57:06Z] [INFO]    ⚠️ task: result
[2026-05-01T21:57:06Z] [INFO]    ⚠️ task: result
[2026-05-01T21:57:06Z] [INFO]    ⚠️ task: result
[2026-05-01T21:57:06Z] [INFO]    ⚠️ task: result
[2026-05-01T21:57:06Z] [HEADER] ================================================================================
[2026-05-01T21:57:06Z] [INFO] 🔄 OVERNIGHT RESEARCH PIPELINE - CYCLE #43
[2026-05-01T21:57:06Z] [INFO] ================================================================================
[2026-05-01T21:57:06Z] [HEADER] ============================================================
[2026-05-01T21:57:06Z] [INFO] 🌙 STARTING OVERNIGHT RESEARCH CYCLE #43
[2026-05-01T21:57:06Z] [INFO] 🔍 Running overnight research protocol (web scraping + cross-symbol analysis)...
[2026-05-01T21:57:06Z] [INFO] 📊 Cycle duration: 0.57s, Files generated: 0
[2026-05-01T21:57:06Z] [WARNING] ⚠️ Database not initialized for cycle counting
[2026-05-01T21:57:06Z] [INFO] 💾 Database updated with cycle results
[2026-05-01T21:57:06Z] [SECTION] ============================================================
[2026-05-01T21:57:06Z] [INFO] 🔮 PHASE: HIDDEN LAYERING DETECTION
[2026-05-01T21:57:06Z] [INFO] 🔗 Hidden layering detection complete. Connections identified: 2
[2026-05-01T21:57:06Z] [SECTION] ============================================================
[2026-05-01T21:57:06Z] [INFO] 🔬 PHASE: DOMAIN CORRELATION ANALYSIS
[2026-05-01T21:57:06Z] [INFO] 📊 Domain correlation matrices created: 1
[2026-05-01T21:57:06Z] [SECTION] ============================================================
[2026-05-01T21:57:06Z] [INFO] 🖼️  PHASE: IMAGE-SEED ANALYSIS
[2026-05-01T21:57:06Z] [INFO] 📂 Image seed analysis bootstrapping from 0 images...
[2026-05-01T21:57:06Z] [SECTION] ============================================================
[2026-05-01T21:57:06Z] [INFO] 📤 PHASE: PUSH COMPONENTS TO TOLARIA
[2026-05-01T21:57:07Z] [INFO] 📦 Components pushed to Tolaria: 5
[2026-05-01T21:57:07Z] [SECTION] ============================================================
[2026-05-01T21:57:07Z] [INFO] 🧩 PHASE: COMPOSER - DOMAIN INTEGRATION SYNTHESIS
[2026-05-01T21:57:07Z] [INFO] 🎨 Domain integrations synthesized: 0
[2026-05-01T21:57:07Z] [SECTION] ============================================================
[2026-05-01T21:57:07Z] [INFO] 🚀 PHASE: ADVANCED OVERNIGHT LOOP
[2026-05-01T21:57:07Z] [INFO] 🔬 Advanced loop completed cycles: 0
[2026-05-01T21:57:07Z] [WARNING] ⚠️  Git commit skipped or failed (git not initialized?): Command '['git', '-C', '/home/avalonas/.hermes/gematria/unified_overnight_research', 'add', '.']' returned non-zero exit status 128.
[2026-05-01T21:57:07Z] [INFO] 
📊 CYCLE #43 SUMMARY
[2026-05-01T21:57:07Z] [INFO] ✅ Successful tasks: 7/7
[2026-05-01T21:57:07Z] [INFO] ⏱️  Cycle duration: 1.74s
[2026-05-01T21:57:07Z] [INFO]    ⚠️ task: result
[2026-05-01T21:57:07Z] [INFO]    ⚠️ task: result
[2026-05-01T21:57:07Z] [INFO]    ⚠️ task: result
[2026-05-01T21:57:07Z] [INFO]    ⚠️ task: result
[2026-05-01T21:57:07Z] [INFO]    ⚠️ task: result
[2026-05-01T21:57:07Z] [INFO]    ⚠️ task: result
[2026-05-01T21:57:07Z] [INFO]    ⚠️ task: result
[2026-05-01T21:57:07Z] [HEADER] ================================================================================
[2026-05-01T21:57:07Z] [INFO] 🔄 OVERNIGHT RESEARCH PIPELINE - CYCLE #44
[2026-05-01T21:57:07Z] [INFO] ================================================================================
[2026-05-01T21:57:07Z] [HEADER] ============================================================
[2026-05-01T21:57:07Z] [INFO] 🌙 STARTING OVERNIGHT RESEARCH CYCLE #44
[2026-05-01T21:57:07Z] [INFO] 🔍 Running overnight research protocol (web scraping + cross-symbol analysis)...
[2026-05-01T21:57:08Z] [INFO] 📊 Cycle duration: 0.63s, Files generated: 0
[2026-05-01T21:57:08Z] [WARNING] ⚠️ Database not initialized for cycle counting
[2026-05-01T21:57:08Z] [INFO] 💾 Database updated with cycle results
[2026-05-01T21:57:08Z] [SECTION] ============================================================
[2026-05-01T21:57:08Z] [INFO] 🔮 PHASE: HIDDEN LAYERING DETECTION
[2026-05-01T21:57:08Z] [INFO] 🔗 Hidden layering detection complete. Connections identified: 2
[2026-05-01T21:57:08Z] [SECTION] ============================================================
[2026-05-01T21:57:08Z] [INFO] 🔬 PHASE: DOMAIN CORRELATION ANALYSIS
[2026-05-01T21:57:08Z] [INFO] 📊 Domain correlation matrices created: 1
[2026-05-01T21:57:08Z] [SECTION] ============================================================
[2026-05-01T21:57:08Z] [INFO] 🖼️  PHASE: IMAGE-SEED ANALYSIS
[2026-05-01T21:57:08Z] [INFO] 📂 Image seed analysis bootstrapping from 0 images...
[2026-05-01T21:57:08Z] [SECTION] ============================================================
[2026-05-01T21:57:08Z] [INFO] 📤 PHASE: PUSH COMPONENTS TO TOLARIA
[2026-05-01T21:57:09Z] [INFO] 📦 Components pushed to Tolaria: 5
[2026-05-01T21:57:09Z] [SECTION] ============================================================
[2026-05-01T21:57:09Z] [INFO] 🧩 PHASE: COMPOSER - DOMAIN INTEGRATION SYNTHESIS
[2026-05-01T21:57:09Z] [INFO] 🎨 Domain integrations synthesized: 0
[2026-05-01T21:57:09Z] [SECTION] ============================================================
[2026-05-01T21:57:09Z] [INFO] 🚀 PHASE: ADVANCED OVERNIGHT LOOP
[2026-05-01T21:57:09Z] [INFO] 🔬 Advanced loop completed cycles: 0
[2026-05-01T21:57:09Z] [WARNING] ⚠️  Git commit skipped or failed (git not initialized?): Command '['git', '-C', '/home/avalonas/.hermes/gematria/unified_overnight_research', 'add', '.']' returned non-zero exit status 128.
[2026-05-01T21:57:09Z] [INFO] 
📊 CYCLE #44 SUMMARY
[2026-05-01T21:57:09Z] [INFO] ✅ Successful tasks: 7/7
[2026-05-01T21:57:09Z] [INFO] ⏱️  Cycle duration: 2.20s
[2026-05-01T21:57:09Z] [INFO]    ⚠️ task: result
[2026-05-01T21:57:09Z] [INFO]    ⚠️ task: result
[2026-05-01T21:57:09Z] [INFO]    ⚠️ task: result
[2026-05-01T21:57:09Z] [INFO]    ⚠️ task: result
[2026-05-01T21:57:09Z] [INFO]    ⚠️ task: result
[2026-05-01T21:57:09Z] [INFO]    ⚠️ task: result
[2026-05-01T21:57:09Z] [INFO]    ⚠️ task: result
[2026-05-01T21:57:09Z] [HEADER] ================================================================================
[2026-05-01T21:57:09Z] [INFO] 🔄 OVERNIGHT RESEARCH PIPELINE - CYCLE #45
[2026-05-01T21:57:09Z] [INFO] ================================================================================
[2026-05-01T21:57:09Z] [HEADER] ============================================================
[2026-05-01T21:57:09Z] [INFO] 🌙 STARTING OVERNIGHT RESEARCH CYCLE #45
[2026-05-01T21:57:09Z] [INFO] 🔍 Running overnight research protocol (web scraping + cross-symbol analysis)...
[2026-05-01T21:57:10Z] [INFO] 📊 Cycle duration: 0.59s, Files generated: 0
[2026-05-01T21:57:10Z] [WARNING] ⚠️ Database not initialized for cycle counting
[2026-05-01T21:57:10Z] [INFO] 💾 Database updated with cycle results
[2026-05-01T21:57:10Z] [SECTION] ============================================================
[2026-05-01T21:57:10Z] [INFO] 🔮 PHASE: HIDDEN LAYERING DETECTION
[2026-05-01T21:57:10Z] [INFO] 🔗 Hidden layering detection complete. Connections identified: 2
[2026-05-01T21:57:10Z] [SECTION] ============================================================
[2026-05-01T21:57:10Z] [INFO] 🔬 PHASE: DOMAIN CORRELATION ANALYSIS
[2026-05-01T21:57:10Z] [INFO] 📊 Domain correlation matrices created: 1
[2026-05-01T21:57:10Z] [SECTION] ============================================================
[2026-05-01T21:57:10Z] [INFO] 🖼️  PHASE: IMAGE-SEED ANALYSIS
[2026-05-01T21:57:10Z] [INFO] 📂 Image seed analysis bootstrapping from 0 images...
[2026-05-01T21:57:10Z] [SECTION] ============================================================
[2026-05-01T21:57:10Z] [INFO] 📤 PHASE: PUSH COMPONENTS TO TOLARIA
[2026-05-01T21:57:11Z] [INFO] 📦 Components pushed to Tolaria: 5
[2026-05-01T21:57:11Z] [SECTION] ============================================================
[2026-05-01T21:57:11Z] [INFO] 🧩 PHASE: COMPOSER - DOMAIN INTEGRATION SYNTHESIS
[2026-05-01T21:57:11Z] [INFO] 🎨 Domain integrations synthesized: 0
[2026-05-01T21:57:11Z] [SECTION] ============================================================
[2026-05-01T21:57:11Z] [INFO] 🚀 PHASE: ADVANCED OVERNIGHT LOOP
[2026-05-01T21:57:11Z] [INFO] 🔬 Advanced loop completed cycles: 0
[2026-05-01T21:57:11Z] [WARNING] ⚠️  Git commit skipped or failed (git not initialized?): Command '['git', '-C', '/home/avalonas/.hermes/gematria/unified_overnight_research', 'add', '.']' returned non-zero exit status 128.
[2026-05-01T21:57:11Z] [INFO] 
📊 CYCLE #45 SUMMARY
[2026-05-01T21:57:11Z] [INFO] ✅ Successful tasks: 7/7
[2026-05-01T21:57:11Z] [INFO] ⏱️  Cycle duration: 1.67s
[2026-05-01T21:57:11Z] [INFO]    ⚠️ task: result
[2026-05-01T21:57:11Z] [INFO]    ⚠️ task: result
[2026-05-01T21:57:11Z] [INFO]    ⚠️ task: result
[2026-05-01T21:57:11Z] [INFO]    ⚠️ task: result
[2026-05-01T21:57:11Z] [INFO]    ⚠️ task: result
[2026-05-01T21:57:11Z] [INFO]    ⚠️ task: result
[2026-05-01T21:57:11Z] [INFO]    ⚠️ task: result
[2026-05-01T21:57:11Z] [HEADER] ================================================================================
[2026-05-01T21:57:11Z] [INFO] 🔄 OVERNIGHT RESEARCH PIPELINE - CYCLE #46
[2026-05-01T21:57:11Z] [INFO] ================================================================================
[2026-05-01T21:57:11Z] [HEADER] ============================================================
[2026-05-01T21:57:11Z] [INFO] 🌙 STARTING OVERNIGHT RESEARCH CYCLE #46
[2026-05-01T21:57:11Z] [INFO] 🔍 Running overnight research protocol (web scraping + cross-symbol analysis)...
[2026-05-01T21:57:12Z] [INFO] 📊 Cycle duration: 0.58s, Files generated: 0
[2026-05-01T21:57:12Z] [WARNING] ⚠️ Database not initialized for cycle counting
[2026-05-01T21:57:12Z] [INFO] 💾 Database updated with cycle results
[2026-05-01T21:57:12Z] [SECTION] ============================================================
[2026-05-01T21:57:12Z] [INFO] 🔮 PHASE: HIDDEN LAYERING DETECTION
[2026-05-01T21:57:12Z] [INFO] 🔗 Hidden layering detection complete. Connections identified: 2
[2026-05-01T21:57:12Z] [SECTION] ============================================================
[2026-05-01T21:57:12Z] [INFO] 🔬 PHASE: DOMAIN CORRELATION ANALYSIS
[2026-05-01T21:57:12Z] [INFO] 📊 Domain correlation matrices created: 1
[2026-05-01T21:57:12Z] [SECTION] ============================================================
[2026-05-01T21:57:12Z] [INFO] 🖼️  PHASE: IMAGE-SEED ANALYSIS
[2026-05-01T21:57:12Z] [INFO] 📂 Image seed analysis bootstrapping from 0 images...
[2026-05-01T21:57:12Z] [SECTION] ============================================================
[2026-05-01T21:57:12Z] [INFO] 📤 PHASE: PUSH COMPONENTS TO TOLARIA
[2026-05-01T21:57:12Z] [INFO] 📦 Components pushed to Tolaria: 5
[2026-05-01T21:57:12Z] [SECTION] ============================================================
[2026-05-01T21:57:12Z] [INFO] 🧩 PHASE: COMPOSER - DOMAIN INTEGRATION SYNTHESIS
[2026-05-01T21:57:13Z] [INFO] 🎨 Domain integrations synthesized: 0
[2026-05-01T21:57:13Z] [SECTION] ============================================================
[2026-05-01T21:57:13Z] [INFO] 🚀 PHASE: ADVANCED OVERNIGHT LOOP
[2026-05-01T21:57:13Z] [INFO] 🔬 Advanced loop completed cycles: 0
[2026-05-01T21:57:13Z] [WARNING] ⚠️  Git commit skipped or failed (git not initialized?): Command '['git', '-C', '/home/avalonas/.hermes/gematria/unified_overnight_research', 'add', '.']' returned non-zero exit status 128.
[2026-05-01T21:57:13Z] [INFO] 
📊 CYCLE #46 SUMMARY
[2026-05-01T21:57:13Z] [INFO] ✅ Successful tasks: 7/7
[2026-05-01T21:57:13Z] [INFO] ⏱️  Cycle duration: 1.58s
[2026-05-01T21:57:13Z] [INFO]    ⚠️ task: result
[2026-05-01T21:57:13Z] [INFO]    ⚠️ task: result
[2026-05-01T21:57:13Z] [INFO]    ⚠️ task: result
[2026-05-01T21:57:13Z] [INFO]    ⚠️ task: result
[2026-05-01T21:57:13Z] [INFO]    ⚠️ task: result
[2026-05-01T21:57:13Z] [INFO]    ⚠️ task: result
[2026-05-01T21:57:13Z] [INFO]    ⚠️ task: result
[2026-05-01T21:57:13Z] [HEADER] ================================================================================
[2026-05-01T21:57:13Z] [INFO] 🔄 OVERNIGHT RESEARCH PIPELINE - CYCLE #47
[2026-05-01T21:57:13Z] [INFO] ================================================================================
[2026-05-01T21:57:13Z] [HEADER] ============================================================
[2026-05-01T21:57:13Z] [INFO] 🌙 STARTING OVERNIGHT RESEARCH CYCLE #47
[2026-05-01T21:57:13Z] [INFO] 🔍 Running overnight research protocol (web scraping + cross-symbol analysis)...
[2026-05-01T21:57:13Z] [INFO] 📊 Cycle duration: 0.57s, Files generated: 0
[2026-05-01T21:57:13Z] [WARNING] ⚠️ Database not initialized for cycle counting
[2026-05-01T21:57:13Z] [INFO] 💾 Database updated with cycle results
[2026-05-01T21:57:13Z] [SECTION] ============================================================
[2026-05-01T21:57:13Z] [INFO] 🔮 PHASE: HIDDEN LAYERING DETECTION
[2026-05-01T21:57:13Z] [INFO] 🔗 Hidden layering detection complete. Connections identified: 2
[2026-05-01T21:57:13Z] [SECTION] ============================================================
[2026-05-01T21:57:13Z] [INFO] 🔬 PHASE: DOMAIN CORRELATION ANALYSIS
[2026-05-01T21:57:13Z] [INFO] 📊 Domain correlation matrices created: 1
[2026-05-01T21:57:13Z] [SECTION] ============================================================
[2026-05-01T21:57:13Z] [INFO] 🖼️  PHASE: IMAGE-SEED ANALYSIS
[2026-05-01T21:57:13Z] [INFO] 📂 Image seed analysis bootstrapping from 0 images...
[2026-05-01T21:57:13Z] [SECTION] ============================================================
[2026-05-01T21:57:13Z] [INFO] 📤 PHASE: PUSH COMPONENTS TO TOLARIA
[2026-05-01T21:57:14Z] [INFO] 📦 Components pushed to Tolaria: 5
[2026-05-01T21:57:14Z] [SECTION] ============================================================
[2026-05-01T21:57:14Z] [INFO] 🧩 PHASE: COMPOSER - DOMAIN INTEGRATION SYNTHESIS
[2026-05-01T21:57:14Z] [INFO] 🎨 Domain integrations synthesized: 0
[2026-05-01T21:57:14Z] [SECTION] ============================================================
[2026-05-01T21:57:14Z] [INFO] 🚀 PHASE: ADVANCED OVERNIGHT LOOP
[2026-05-01T21:57:14Z] [INFO] 🔬 Advanced loop completed cycles: 0
[2026-05-01T21:57:14Z] [WARNING] ⚠️  Git commit skipped or failed (git not initialized?): Command '['git', '-C', '/home/avalonas/.hermes/gematria/unified_overnight_research', 'add', '.']' returned non-zero exit status 128.
[2026-05-01T21:57:14Z] [INFO] 
📊 CYCLE #47 SUMMARY
[2026-05-01T21:57:14Z] [INFO] ✅ Successful tasks: 7/7
[2026-05-01T21:57:14Z] [INFO] ⏱️  Cycle duration: 1.74s
[2026-05-01T21:57:14Z] [INFO]    ⚠️ task: result
[2026-05-01T21:57:14Z] [INFO]    ⚠️ task: result
[2026-05-01T21:57:14Z] [INFO]    ⚠️ task: result
[2026-05-01T21:57:14Z] [INFO]    ⚠️ task: result
[2026-05-01T21:57:14Z] [INFO]    ⚠️ task: result
[2026-05-01T21:57:14Z] [INFO]    ⚠️ task: result
[2026-05-01T21:57:14Z] [INFO]    ⚠️ task: result
[2026-05-01T21:57:14Z] [HEADER] ================================================================================
[2026-05-01T21:57:14Z] [INFO] 🔄 OVERNIGHT RESEARCH PIPELINE - CYCLE #48
[2026-05-01T21:57:14Z] [INFO] ================================================================================
[2026-05-01T21:57:14Z] [HEADER] ============================================================
[2026-05-01T21:57:14Z] [INFO] 🌙 STARTING OVERNIGHT RESEARCH CYCLE #48
[2026-05-01T21:57:14Z] [INFO] 🔍 Running overnight research protocol (web scraping + cross-symbol analysis)...
[2026-05-01T21:57:15Z] [INFO] 📊 Cycle duration: 0.57s, Files generated: 0
[2026-05-01T21:57:15Z] [WARNING] ⚠️ Database not initialized for cycle counting
[2026-05-01T21:57:15Z] [INFO] 💾 Database updated with cycle results
[2026-05-01T21:57:15Z] [SECTION] ============================================================
[2026-05-01T21:57:15Z] [INFO] 🔮 PHASE: HIDDEN LAYERING DETECTION
[2026-05-01T21:57:15Z] [INFO] 🔗 Hidden layering detection complete. Connections identified: 2
[2026-05-01T21:57:15Z] [SECTION] ============================================================
[2026-05-01T21:57:15Z] [INFO] 🔬 PHASE: DOMAIN CORRELATION ANALYSIS
[2026-05-01T21:57:15Z] [INFO] 📊 Domain correlation matrices created: 1
[2026-05-01T21:57:15Z] [SECTION] ============================================================
[2026-05-01T21:57:15Z] [INFO] 🖼️  PHASE: IMAGE-SEED ANALYSIS
[2026-05-01T21:57:15Z] [INFO] 📂 Image seed analysis bootstrapping from 0 images...
[2026-05-01T21:57:15Z] [SECTION] ============================================================
[2026-05-01T21:57:15Z] [INFO] 📤 PHASE: PUSH COMPONENTS TO TOLARIA
[2026-05-01T21:57:16Z] [INFO] 📦 Components pushed to Tolaria: 5
[2026-05-01T21:57:16Z] [SECTION] ============================================================
[2026-05-01T21:57:16Z] [INFO] 🧩 PHASE: COMPOSER - DOMAIN INTEGRATION SYNTHESIS
[2026-05-01T21:57:16Z] [INFO] 🎨 Domain integrations synthesized: 0
[2026-05-01T21:57:16Z] [SECTION] ============================================================
[2026-05-01T21:57:16Z] [INFO] 🚀 PHASE: ADVANCED OVERNIGHT LOOP
[2026-05-01T21:57:16Z] [INFO] 🔬 Advanced loop completed cycles: 0
[2026-05-01T21:57:17Z] [WARNING] ⚠️  Git commit skipped or failed (git not initialized?): Command '['git', '-C', '/home/avalonas/.hermes/gematria/unified_overnight_research', 'add', '.']' returned non-zero exit status 128.
[2026-05-01T21:57:17Z] [INFO] 
📊 CYCLE #48 SUMMARY
[2026-05-01T21:57:17Z] [INFO] ✅ Successful tasks: 7/7
[2026-05-01T21:57:17Z] [INFO] ⏱️  Cycle duration: 2.07s
[2026-05-01T21:57:17Z] [INFO]    ⚠️ task: result
[2026-05-01T21:57:17Z] [INFO]    ⚠️ task: result
[2026-05-01T21:57:17Z] [INFO]    ⚠️ task: result
[2026-05-01T21:57:17Z] [INFO]    ⚠️ task: result
[2026-05-01T21:57:17Z] [INFO]    ⚠️ task: result
[2026-05-01T21:57:17Z] [INFO]    ⚠️ task: result
[2026-05-01T21:57:17Z] [INFO]    ⚠️ task: result
[2026-05-01T21:57:17Z] [HEADER] ================================================================================
[2026-05-01T21:57:17Z] [INFO] 🔄 OVERNIGHT RESEARCH PIPELINE - CYCLE #49
[2026-05-01T21:57:17Z] [INFO] ================================================================================
[2026-05-01T21:57:17Z] [HEADER] ============================================================
[2026-05-01T21:57:17Z] [INFO] 🌙 STARTING OVERNIGHT RESEARCH CYCLE #49
[2026-05-01T21:57:17Z] [INFO] 🔍 Running overnight research protocol (web scraping + cross-symbol analysis)...
[2026-05-01T21:57:17Z] [INFO] 📊 Cycle duration: 0.59s, Files generated: 0
[2026-05-01T21:57:17Z] [WARNING] ⚠️ Database not initialized for cycle counting
[2026-05-01T21:57:17Z] [INFO] 💾 Database updated with cycle results
[2026-05-01T21:57:17Z] [SECTION] ============================================================
[2026-05-01T21:57:17Z] [INFO] 🔮 PHASE: HIDDEN LAYERING DETECTION
[2026-05-01T21:57:17Z] [INFO] 🔗 Hidden layering detection complete. Connections identified: 2
[2026-05-01T21:57:17Z] [SECTION] ============================================================
[2026-05-01T21:57:17Z] [INFO] 🔬 PHASE: DOMAIN CORRELATION ANALYSIS
[2026-05-01T21:57:17Z] [INFO] 📊 Domain correlation matrices created: 1
[2026-05-01T21:57:17Z] [SECTION] ============================================================
[2026-05-01T21:57:17Z] [INFO] 🖼️  PHASE: IMAGE-SEED ANALYSIS
[2026-05-01T21:57:17Z] [INFO] 📂 Image seed analysis bootstrapping from 0 images...
[2026-05-01T21:57:17Z] [SECTION] ============================================================
[2026-05-01T21:57:17Z] [INFO] 📤 PHASE: PUSH COMPONENTS TO TOLARIA
[2026-05-01T21:57:18Z] [INFO] 📦 Components pushed to Tolaria: 5
[2026-05-01T21:57:18Z] [SECTION] ============================================================
[2026-05-01T21:57:18Z] [INFO] 🧩 PHASE: COMPOSER - DOMAIN INTEGRATION SYNTHESIS
[2026-05-01T21:57:18Z] [INFO] 🎨 Domain integrations synthesized: 0
[2026-05-01T21:57:18Z] [SECTION] ============================================================
[2026-05-01T21:57:18Z] [INFO] 🚀 PHASE: ADVANCED OVERNIGHT LOOP
[2026-05-01T21:57:18Z] [INFO] 🔬 Advanced loop completed cycles: 0
[2026-05-01T21:57:18Z] [WARNING] ⚠️  Git commit skipped or failed (git not initialized?): Command '['git', '-C', '/home/avalonas/.hermes/gematria/unified_overnight_research', 'add', '.']' returned non-zero exit status 128.
[2026-05-01T21:57:18Z] [INFO] 
📊 CYCLE #49 SUMMARY
[2026-05-01T21:57:18Z] [INFO] ✅ Successful tasks: 7/7
[2026-05-01T21:57:18Z] [INFO] ⏱️  Cycle duration: 1.70s
[2026-05-01T21:57:18Z] [INFO]    ⚠️ task: result
[2026-05-01T21:57:18Z] [INFO]    ⚠️ task: result
[2026-05-01T21:57:18Z] [INFO]    ⚠️ task: result
[2026-05-01T21:57:18Z] [INFO]    ⚠️ task: result
[2026-05-01T21:57:18Z] [INFO]    ⚠️ task: result
[2026-05-01T21:57:18Z] [INFO]    ⚠️ task: result
[2026-05-01T21:57:18Z] [INFO]    ⚠️ task: result
[2026-05-01T21:57:18Z] [HEADER] ================================================================================
[2026-05-01T21:57:18Z] [INFO] 🔄 OVERNIGHT RESEARCH PIPELINE - CYCLE #50
[2026-05-01T21:57:18Z] [INFO] ================================================================================
[2026-05-01T21:57:18Z] [HEADER] ============================================================
[2026-05-01T21:57:18Z] [INFO] 🌙 STARTING OVERNIGHT RESEARCH CYCLE #50
[2026-05-01T21:57:18Z] [INFO] 🔍 Running overnight research protocol (web scraping + cross-symbol analysis)...
[2026-05-01T21:57:19Z] [INFO] 📊 Cycle duration: 0.57s, Files generated: 0
[2026-05-01T21:57:19Z] [WARNING] ⚠️ Database not initialized for cycle counting
[2026-05-01T21:57:19Z] [INFO] 💾 Database updated with cycle results
[2026-05-01T21:57:19Z] [SECTION] ============================================================
[2026-05-01T21:57:19Z] [INFO] 🔮 PHASE: HIDDEN LAYERING DETECTION
[2026-05-01T21:57:19Z] [INFO] 🔗 Hidden layering detection complete. Connections identified: 2
[2026-05-01T21:57:19Z] [SECTION] ============================================================
[2026-05-01T21:57:19Z] [INFO] 🔬 PHASE: DOMAIN CORRELATION ANALYSIS
[2026-05-01T21:57:19Z] [INFO] 📊 Domain correlation matrices created: 1
[2026-05-01T21:57:19Z] [SECTION] ============================================================
[2026-05-01T21:57:19Z] [INFO] 🖼️  PHASE: IMAGE-SEED ANALYSIS
[2026-05-01T21:57:19Z] [INFO] 📂 Image seed analysis bootstrapping from 0 images...
[2026-05-01T21:57:19Z] [SECTION] ============================================================
[2026-05-01T21:57:19Z] [INFO] 📤 PHASE: PUSH COMPONENTS TO TOLARIA
[2026-05-01T21:57:20Z] [INFO] 📦 Components pushed to Tolaria: 5
[2026-05-01T21:57:20Z] [SECTION] ============================================================
[2026-05-01T21:57:20Z] [INFO] 🧩 PHASE: COMPOSER - DOMAIN INTEGRATION SYNTHESIS
[2026-05-01T21:57:20Z] [INFO] 🎨 Domain integrations synthesized: 0
[2026-05-01T21:57:20Z] [SECTION] ============================================================
[2026-05-01T21:57:20Z] [INFO] 🚀 PHASE: ADVANCED OVERNIGHT LOOP
[2026-05-01T21:57:20Z] [INFO] 🔬 Advanced loop completed cycles: 0
[2026-05-01T21:57:20Z] [WARNING] ⚠️  Git commit skipped or failed (git not initialized?): Command '['git', '-C', '/home/avalonas/.hermes/gematria/unified_overnight_research', 'add', '.']' returned non-zero exit status 128.
[2026-05-01T21:57:20Z] [INFO] 
📊 CYCLE #50 SUMMARY
[2026-05-01T21:57:20Z] [INFO] ✅ Successful tasks: 7/7
[2026-05-01T21:57:20Z] [INFO] ⏱️  Cycle duration: 1.73s
[2026-05-01T21:57:20Z] [INFO]    ⚠️ task: result
[2026-05-01T21:57:20Z] [INFO]    ⚠️ task: result
[2026-05-01T21:57:20Z] [INFO]    ⚠️ task: result
[2026-05-01T21:57:20Z] [INFO]    ⚠️ task: result
[2026-05-01T21:57:20Z] [INFO]    ⚠️ task: result
[2026-05-01T21:57:20Z] [INFO]    ⚠️ task: result
[2026-05-01T21:57:20Z] [INFO]    ⚠️ task: result
[2026-05-01T21:57:20Z] [HEADER] ================================================================================
[2026-05-01T21:57:20Z] [INFO] 🔄 OVERNIGHT RESEARCH PIPELINE - CYCLE #51
[2026-05-01T21:57:20Z] [INFO] ================================================================================
[2026-05-01T21:57:20Z] [HEADER] ============================================================
[2026-05-01T21:57:20Z] [INFO] 🌙 STARTING OVERNIGHT RESEARCH CYCLE #51
[2026-05-01T21:57:20Z] [INFO] 🔍 Running overnight research protocol (web scraping + cross-symbol analysis)...
[2026-05-01T21:57:21Z] [INFO] 📊 Cycle duration: 0.57s, Files generated: 0
[2026-05-01T21:57:21Z] [WARNING] ⚠️ Database not initialized for cycle counting
[2026-05-01T21:57:21Z] [INFO] 💾 Database updated with cycle results
[2026-05-01T21:57:21Z] [SECTION] ============================================================
[2026-05-01T21:57:21Z] [INFO] 🔮 PHASE: HIDDEN LAYERING DETECTION
[2026-05-01T21:57:21Z] [INFO] 🔗 Hidden layering detection complete. Connections identified: 2
[2026-05-01T21:57:21Z] [SECTION] ============================================================
[2026-05-01T21:57:21Z] [INFO] 🔬 PHASE: DOMAIN CORRELATION ANALYSIS
[2026-05-01T21:57:21Z] [INFO] 📊 Domain correlation matrices created: 1
[2026-05-01T21:57:21Z] [SECTION] ============================================================
[2026-05-01T21:57:21Z] [INFO] 🖼️  PHASE: IMAGE-SEED ANALYSIS
[2026-05-01T21:57:21Z] [INFO] 📂 Image seed analysis bootstrapping from 0 images...
[2026-05-01T21:57:21Z] [SECTION] ============================================================
[2026-05-01T21:57:21Z] [INFO] 📤 PHASE: PUSH COMPONENTS TO TOLARIA
[2026-05-01T21:57:21Z] [INFO] 📦 Components pushed to Tolaria: 5
[2026-05-01T21:57:21Z] [SECTION] ============================================================
[2026-05-01T21:57:21Z] [INFO] 🧩 PHASE: COMPOSER - DOMAIN INTEGRATION SYNTHESIS
[2026-05-01T21:57:22Z] [INFO] 🎨 Domain integrations synthesized: 0
[2026-05-01T21:57:22Z] [SECTION] ============================================================
[2026-05-01T21:57:22Z] [INFO] 🚀 PHASE: ADVANCED OVERNIGHT LOOP
[2026-05-01T21:57:22Z] [INFO] 🔬 Advanced loop completed cycles: 0
[2026-05-01T21:57:22Z] [WARNING] ⚠️  Git commit skipped or failed (git not initialized?): Command '['git', '-C', '/home/avalonas/.hermes/gematria/unified_overnight_research', 'add', '.']' returned non-zero exit status 128.
[2026-05-01T21:57:22Z] [INFO] 
📊 CYCLE #51 SUMMARY
[2026-05-01T21:57:22Z] [INFO] ✅ Successful tasks: 7/7
[2026-05-01T21:57:22Z] [INFO] ⏱️  Cycle duration: 1.81s
[2026-05-01T21:57:22Z] [INFO]    ⚠️ task: result
[2026-05-01T21:57:22Z] [INFO]    ⚠️ task: result
[2026-05-01T21:57:22Z] [INFO]    ⚠️ task: result
[2026-05-01T21:57:22Z] [INFO]    ⚠️ task: result
[2026-05-01T21:57:22Z] [INFO]    ⚠️ task: result
[2026-05-01T21:57:22Z] [INFO]    ⚠️ task: result
[2026-05-01T21:57:22Z] [INFO]    ⚠️ task: result
[2026-05-01T21:57:22Z] [HEADER] ================================================================================
[2026-05-01T21:57:22Z] [INFO] 🔄 OVERNIGHT RESEARCH PIPELINE - CYCLE #52
[2026-05-01T21:57:22Z] [INFO] ================================================================================
[2026-05-01T21:57:22Z] [HEADER] ============================================================
[2026-05-01T21:57:22Z] [INFO] 🌙 STARTING OVERNIGHT RESEARCH CYCLE #52
[2026-05-01T21:57:22Z] [INFO] 🔍 Running overnight research protocol (web scraping + cross-symbol analysis)...
[2026-05-01T21:57:22Z] [INFO] 📊 Cycle duration: 0.56s, Files generated: 0
[2026-05-01T21:57:22Z] [WARNING] ⚠️ Database not initialized for cycle counting
[2026-05-01T21:57:22Z] [INFO] 💾 Database updated with cycle results
[2026-05-01T21:57:22Z] [SECTION] ============================================================
[2026-05-01T21:57:22Z] [INFO] 🔮 PHASE: HIDDEN LAYERING DETECTION
[2026-05-01T21:57:22Z] [INFO] 🔗 Hidden layering detection complete. Connections identified: 2
[2026-05-01T21:57:22Z] [SECTION] ============================================================
[2026-05-01T21:57:22Z] [INFO] 🔬 PHASE: DOMAIN CORRELATION ANALYSIS
[2026-05-01T21:57:22Z] [INFO] 📊 Domain correlation matrices created: 1
[2026-05-01T21:57:22Z] [SECTION] ============================================================
[2026-05-01T21:57:22Z] [INFO] 🖼️  PHASE: IMAGE-SEED ANALYSIS
[2026-05-01T21:57:22Z] [INFO] 📂 Image seed analysis bootstrapping from 0 images...
[2026-05-01T21:57:22Z] [SECTION] ============================================================
[2026-05-01T21:57:22Z] [INFO] 📤 PHASE: PUSH COMPONENTS TO TOLARIA
[2026-05-01T21:57:23Z] [INFO] 📦 Components pushed to Tolaria: 5
[2026-05-01T21:57:23Z] [SECTION] ============================================================
[2026-05-01T21:57:23Z] [INFO] 🧩 PHASE: COMPOSER - DOMAIN INTEGRATION SYNTHESIS
[2026-05-01T21:57:23Z] [INFO] 🎨 Domain integrations synthesized: 0
[2026-05-01T21:57:23Z] [SECTION] ============================================================
[2026-05-01T21:57:23Z] [INFO] 🚀 PHASE: ADVANCED OVERNIGHT LOOP
[2026-05-01T21:57:23Z] [INFO] 🔬 Advanced loop completed cycles: 0
[2026-05-01T21:57:23Z] [WARNING] ⚠️  Git commit skipped or failed (git not initialized?): Command '['git', '-C', '/home/avalonas/.hermes/gematria/unified_overnight_research', 'add', '.']' returned non-zero exit status 128.
[2026-05-01T21:57:23Z] [INFO] 
📊 CYCLE #52 SUMMARY
[2026-05-01T21:57:23Z] [INFO] ✅ Successful tasks: 7/7
[2026-05-01T21:57:23Z] [INFO] ⏱️  Cycle duration: 1.66s
[2026-05-01T21:57:23Z] [INFO]    ⚠️ task: result
[2026-05-01T21:57:23Z] [INFO]    ⚠️ task: result
[2026-05-01T21:57:23Z] [INFO]    ⚠️ task: result
[2026-05-01T21:57:23Z] [INFO]    ⚠️ task: result
[2026-05-01T21:57:23Z] [INFO]    ⚠️ task: result
[2026-05-01T21:57:23Z] [INFO]    ⚠️ task: result
[2026-05-01T21:57:23Z] [INFO]    ⚠️ task: result
[2026-05-01T21:57:23Z] [HEADER] ================================================================================
[2026-05-01T21:57:23Z] [INFO] 🔄 OVERNIGHT RESEARCH PIPELINE - CYCLE #53
[2026-05-01T21:57:23Z] [INFO] ================================================================================
[2026-05-01T21:57:23Z] [HEADER] ============================================================
[2026-05-01T21:57:23Z] [INFO] 🌙 STARTING OVERNIGHT RESEARCH CYCLE #53
[2026-05-01T21:57:23Z] [INFO] 🔍 Running overnight research protocol (web scraping + cross-symbol analysis)...
[2026-05-01T21:57:24Z] [INFO] 📊 Cycle duration: 0.56s, Files generated: 0
[2026-05-01T21:57:24Z] [WARNING] ⚠️ Database not initialized for cycle counting
[2026-05-01T21:57:24Z] [INFO] 💾 Database updated with cycle results
[2026-05-01T21:57:24Z] [SECTION] ============================================================
[2026-05-01T21:57:24Z] [INFO] 🔮 PHASE: HIDDEN LAYERING DETECTION
[2026-05-01T21:57:24Z] [INFO] 🔗 Hidden layering detection complete. Connections identified: 2
[2026-05-01T21:57:24Z] [SECTION] ============================================================
[2026-05-01T21:57:24Z] [INFO] 🔬 PHASE: DOMAIN CORRELATION ANALYSIS
[2026-05-01T21:57:24Z] [INFO] 📊 Domain correlation matrices created: 1
[2026-05-01T21:57:24Z] [SECTION] ============================================================
[2026-05-01T21:57:24Z] [INFO] 🖼️  PHASE: IMAGE-SEED ANALYSIS
[2026-05-01T21:57:24Z] [INFO] 📂 Image seed analysis bootstrapping from 0 images...
[2026-05-01T21:57:24Z] [SECTION] ============================================================
[2026-05-01T21:57:24Z] [INFO] 📤 PHASE: PUSH COMPONENTS TO TOLARIA
[2026-05-01T21:57:25Z] [INFO] 📦 Components pushed to Tolaria: 5
[2026-05-01T21:57:25Z] [SECTION] ============================================================
[2026-05-01T21:57:25Z] [INFO] 🧩 PHASE: COMPOSER - DOMAIN INTEGRATION SYNTHESIS
[2026-05-01T21:57:25Z] [INFO] 🎨 Domain integrations synthesized: 0
[2026-05-01T21:57:25Z] [SECTION] ============================================================
[2026-05-01T21:57:25Z] [INFO] 🚀 PHASE: ADVANCED OVERNIGHT LOOP
[2026-05-01T21:57:25Z] [INFO] 🔬 Advanced loop completed cycles: 0
[2026-05-01T21:57:25Z] [WARNING] ⚠️  Git commit skipped or failed (git not initialized?): Command '['git', '-C', '/home/avalonas/.hermes/gematria/unified_overnight_research', 'add', '.']' returned non-zero exit status 128.
[2026-05-01T21:57:25Z] [INFO] 
📊 CYCLE #53 SUMMARY
[2026-05-01T21:57:25Z] [INFO] ✅ Successful tasks: 7/7
[2026-05-01T21:57:25Z] [INFO] ⏱️  Cycle duration: 1.64s
[2026-05-01T21:57:25Z] [INFO]    ⚠️ task: result
[2026-05-01T21:57:25Z] [INFO]    ⚠️ task: result
[2026-05-01T21:57:25Z] [INFO]    ⚠️ task: result
[2026-05-01T21:57:25Z] [INFO]    ⚠️ task: result
[2026-05-01T21:57:25Z] [INFO]    ⚠️ task: result
[2026-05-01T21:57:25Z] [INFO]    ⚠️ task: result
[2026-05-01T21:57:25Z] [INFO]    ⚠️ task: result
[2026-05-01T21:57:25Z] [HEADER] ================================================================================
[2026-05-01T21:57:25Z] [INFO] 🔄 OVERNIGHT RESEARCH PIPELINE - CYCLE #54
[2026-05-01T21:57:25Z] [INFO] ================================================================================
[2026-05-01T21:57:25Z] [HEADER] ============================================================
[2026-05-01T21:57:25Z] [INFO] 🌙 STARTING OVERNIGHT RESEARCH CYCLE #54
[2026-05-01T21:57:25Z] [INFO] 🔍 Running overnight research protocol (web scraping + cross-symbol analysis)...
[2026-05-01T21:57:26Z] [INFO] 📊 Cycle duration: 0.56s, Files generated: 0
[2026-05-01T21:57:26Z] [WARNING] ⚠️ Database not initialized for cycle counting
[2026-05-01T21:57:26Z] [INFO] 💾 Database updated with cycle results
[2026-05-01T21:57:26Z] [SECTION] ============================================================
[2026-05-01T21:57:26Z] [INFO] 🔮 PHASE: HIDDEN LAYERING DETECTION
[2026-05-01T21:57:26Z] [INFO] 🔗 Hidden layering detection complete. Connections identified: 2
[2026-05-01T21:57:26Z] [SECTION] ============================================================
[2026-05-01T21:57:26Z] [INFO] 🔬 PHASE: DOMAIN CORRELATION ANALYSIS
[2026-05-01T21:57:26Z] [INFO] 📊 Domain correlation matrices created: 1
[2026-05-01T21:57:26Z] [SECTION] ============================================================
[2026-05-01T21:57:26Z] [INFO] 🖼️  PHASE: IMAGE-SEED ANALYSIS
[2026-05-01T21:57:26Z] [INFO] 📂 Image seed analysis bootstrapping from 0 images...
[2026-05-01T21:57:26Z] [SECTION] ============================================================
[2026-05-01T21:57:26Z] [INFO] 📤 PHASE: PUSH COMPONENTS TO TOLARIA
[2026-05-01T21:57:26Z] [INFO] 📦 Components pushed to Tolaria: 5
[2026-05-01T21:57:26Z] [SECTION] ============================================================
[2026-05-01T21:57:26Z] [INFO] 🧩 PHASE: COMPOSER - DOMAIN INTEGRATION SYNTHESIS
[2026-05-01T21:57:26Z] [INFO] 🎨 Domain integrations synthesized: 0
[2026-05-01T21:57:26Z] [SECTION] ============================================================
[2026-05-01T21:57:26Z] [INFO] 🚀 PHASE: ADVANCED OVERNIGHT LOOP
[2026-05-01T21:57:27Z] [INFO] 🔬 Advanced loop completed cycles: 0
[2026-05-01T21:57:27Z] [WARNING] ⚠️  Git commit skipped or failed (git not initialized?): Command '['git', '-C', '/home/avalonas/.hermes/gematria/unified_overnight_research', 'add', '.']' returned non-zero exit status 128.
[2026-05-01T21:57:27Z] [INFO] 
📊 CYCLE #54 SUMMARY
[2026-05-01T21:57:27Z] [INFO] ✅ Successful tasks: 7/7
[2026-05-01T21:57:27Z] [INFO] ⏱️  Cycle duration: 1.65s
[2026-05-01T21:57:27Z] [INFO]    ⚠️ task: result
[2026-05-01T21:57:27Z] [INFO]    ⚠️ task: result
[2026-05-01T21:57:27Z] [INFO]    ⚠️ task: result
[2026-05-01T21:57:27Z] [INFO]    ⚠️ task: result
[2026-05-01T21:57:27Z] [INFO]    ⚠️ task: result
[2026-05-01T21:57:27Z] [INFO]    ⚠️ task: result
[2026-05-01T21:57:27Z] [INFO]    ⚠️ task: result
[2026-05-01T21:57:27Z] [HEADER] ================================================================================
[2026-05-01T21:57:27Z] [INFO] 🔄 OVERNIGHT RESEARCH PIPELINE - CYCLE #55
[2026-05-01T21:57:27Z] [INFO] ================================================================================
[2026-05-01T21:57:27Z] [HEADER] ============================================================
[2026-05-01T21:57:27Z] [INFO] 🌙 STARTING OVERNIGHT RESEARCH CYCLE #55
[2026-05-01T21:57:27Z] [INFO] 🔍 Running overnight research protocol (web scraping + cross-symbol analysis)...
[2026-05-01T21:57:27Z] [INFO] 📊 Cycle duration: 0.56s, Files generated: 0
[2026-05-01T21:57:27Z] [WARNING] ⚠️ Database not initialized for cycle counting
[2026-05-01T21:57:27Z] [INFO] 💾 Database updated with cycle results
[2026-05-01T21:57:27Z] [SECTION] ============================================================
[2026-05-01T21:57:27Z] [INFO] 🔮 PHASE: HIDDEN LAYERING DETECTION
[2026-05-01T21:57:27Z] [INFO] 🔗 Hidden layering detection complete. Connections identified: 2
[2026-05-01T21:57:27Z] [SECTION] ============================================================
[2026-05-01T21:57:27Z] [INFO] 🔬 PHASE: DOMAIN CORRELATION ANALYSIS
[2026-05-01T21:57:27Z] [INFO] 📊 Domain correlation matrices created: 1
[2026-05-01T21:57:27Z] [SECTION] ============================================================
[2026-05-01T21:57:27Z] [INFO] 🖼️  PHASE: IMAGE-SEED ANALYSIS
[2026-05-01T21:57:27Z] [INFO] 📂 Image seed analysis bootstrapping from 0 images...
[2026-05-01T21:57:27Z] [SECTION] ============================================================
[2026-05-01T21:57:27Z] [INFO] 📤 PHASE: PUSH COMPONENTS TO TOLARIA
[2026-05-01T21:57:28Z] [INFO] 📦 Components pushed to Tolaria: 5
[2026-05-01T21:57:28Z] [SECTION] ============================================================
[2026-05-01T21:57:28Z] [INFO] 🧩 PHASE: COMPOSER - DOMAIN INTEGRATION SYNTHESIS
[2026-05-01T21:57:28Z] [INFO] 🎨 Domain integrations synthesized: 0
[2026-05-01T21:57:28Z] [SECTION] ============================================================
[2026-05-01T21:57:28Z] [INFO] 🚀 PHASE: ADVANCED OVERNIGHT LOOP
[2026-05-01T21:57:29Z] [INFO] 🔬 Advanced loop completed cycles: 0
[2026-05-01T21:57:29Z] [WARNING] ⚠️  Git commit skipped or failed (git not initialized?): Command '['git', '-C', '/home/avalonas/.hermes/gematria/unified_overnight_research', 'add', '.']' returned non-zero exit status 128.
[2026-05-01T21:57:29Z] [INFO] 
📊 CYCLE #55 SUMMARY
[2026-05-01T21:57:29Z] [INFO] ✅ Successful tasks: 7/7
[2026-05-01T21:57:29Z] [INFO] ⏱️  Cycle duration: 1.92s
[2026-05-01T21:57:29Z] [INFO]    ⚠️ task: result
[2026-05-01T21:57:29Z] [INFO]    ⚠️ task: result
[2026-05-01T21:57:29Z] [INFO]    ⚠️ task: result
[2026-05-01T21:57:29Z] [INFO]    ⚠️ task: result
[2026-05-01T21:57:29Z] [INFO]    ⚠️ task: result
[2026-05-01T21:57:29Z] [INFO]    ⚠️ task: result
[2026-05-01T21:57:29Z] [INFO]    ⚠️ task: result
[2026-05-01T21:57:29Z] [HEADER] ================================================================================
[2026-05-01T21:57:29Z] [INFO] 🔄 OVERNIGHT RESEARCH PIPELINE - CYCLE #56
[2026-05-01T21:57:29Z] [INFO] ================================================================================
[2026-05-01T21:57:29Z] [HEADER] ============================================================
[2026-05-01T21:57:29Z] [INFO] 🌙 STARTING OVERNIGHT RESEARCH CYCLE #56
[2026-05-01T21:57:29Z] [INFO] 🔍 Running overnight research protocol (web scraping + cross-symbol analysis)...
[2026-05-01T21:57:29Z] [INFO] 📊 Cycle duration: 0.57s, Files generated: 0
[2026-05-01T21:57:29Z] [WARNING] ⚠️ Database not initialized for cycle counting
[2026-05-01T21:57:29Z] [INFO] 💾 Database updated with cycle results
[2026-05-01T21:57:29Z] [SECTION] ============================================================
[2026-05-01T21:57:29Z] [INFO] 🔮 PHASE: HIDDEN LAYERING DETECTION
[2026-05-01T21:57:29Z] [INFO] 🔗 Hidden layering detection complete. Connections identified: 2
[2026-05-01T21:57:29Z] [SECTION] ============================================================
[2026-05-01T21:57:29Z] [INFO] 🔬 PHASE: DOMAIN CORRELATION ANALYSIS
[2026-05-01T21:57:29Z] [INFO] 📊 Domain correlation matrices created: 1
[2026-05-01T21:57:29Z] [SECTION] ============================================================
[2026-05-01T21:57:29Z] [INFO] 🖼️  PHASE: IMAGE-SEED ANALYSIS
[2026-05-01T21:57:29Z] [INFO] 📂 Image seed analysis bootstrapping from 0 images...
[2026-05-01T21:57:29Z] [SECTION] ============================================================
[2026-05-01T21:57:29Z] [INFO] 📤 PHASE: PUSH COMPONENTS TO TOLARIA
[2026-05-01T21:57:30Z] [INFO] 📦 Components pushed to Tolaria: 5
[2026-05-01T21:57:30Z] [SECTION] ============================================================
[2026-05-01T21:57:30Z] [INFO] 🧩 PHASE: COMPOSER - DOMAIN INTEGRATION SYNTHESIS
[2026-05-01T21:57:30Z] [INFO] 🎨 Domain integrations synthesized: 0
[2026-05-01T21:57:30Z] [SECTION] ============================================================
[2026-05-01T21:57:30Z] [INFO] 🚀 PHASE: ADVANCED OVERNIGHT LOOP
[2026-05-01T21:57:30Z] [INFO] 🔬 Advanced loop completed cycles: 0
[2026-05-01T21:57:30Z] [WARNING] ⚠️  Git commit skipped or failed (git not initialized?): Command '['git', '-C', '/home/avalonas/.hermes/gematria/unified_overnight_research', 'add', '.']' returned non-zero exit status 128.
[2026-05-01T21:57:30Z] [INFO] 
📊 CYCLE #56 SUMMARY
[2026-05-01T21:57:30Z] [INFO] ✅ Successful tasks: 7/7
[2026-05-01T21:57:30Z] [INFO] ⏱️  Cycle duration: 1.73s
[2026-05-01T21:57:30Z] [INFO]    ⚠️ task: result
[2026-05-01T21:57:30Z] [INFO]    ⚠️ task: result
[2026-05-01T21:57:30Z] [INFO]    ⚠️ task: result
[2026-05-01T21:57:30Z] [INFO]    ⚠️ task: result
[2026-05-01T21:57:30Z] [INFO]    ⚠️ task: result
[2026-05-01T21:57:30Z] [INFO]    ⚠️ task: result
[2026-05-01T21:57:30Z] [INFO]    ⚠️ task: result
[2026-05-01T21:57:30Z] [HEADER] ================================================================================
[2026-05-01T21:57:30Z] [INFO] 🔄 OVERNIGHT RESEARCH PIPELINE - CYCLE #57
[2026-05-01T21:57:30Z] [INFO] ================================================================================
[2026-05-01T21:57:30Z] [HEADER] ============================================================
[2026-05-01T21:57:30Z] [INFO] 🌙 STARTING OVERNIGHT RESEARCH CYCLE #57
[2026-05-01T21:57:30Z] [INFO] 🔍 Running overnight research protocol (web scraping + cross-symbol analysis)...
[2026-05-01T21:57:31Z] [INFO] 📊 Cycle duration: 0.57s, Files generated: 0
[2026-05-01T21:57:31Z] [WARNING] ⚠️ Database not initialized for cycle counting
[2026-05-01T21:57:31Z] [INFO] 💾 Database updated with cycle results
[2026-05-01T21:57:31Z] [SECTION] ============================================================
[2026-05-01T21:57:31Z] [INFO] 🔮 PHASE: HIDDEN LAYERING DETECTION
[2026-05-01T21:57:31Z] [INFO] 🔗 Hidden layering detection complete. Connections identified: 2
[2026-05-01T21:57:31Z] [SECTION] ============================================================
[2026-05-01T21:57:31Z] [INFO] 🔬 PHASE: DOMAIN CORRELATION ANALYSIS
[2026-05-01T21:57:31Z] [INFO] 📊 Domain correlation matrices created: 1
[2026-05-01T21:57:31Z] [SECTION] ============================================================
[2026-05-01T21:57:31Z] [INFO] 🖼️  PHASE: IMAGE-SEED ANALYSIS
[2026-05-01T21:57:31Z] [INFO] 📂 Image seed analysis bootstrapping from 0 images...
[2026-05-01T21:57:31Z] [SECTION] ============================================================
[2026-05-01T21:57:31Z] [INFO] 📤 PHASE: PUSH COMPONENTS TO TOLARIA
[2026-05-01T21:57:32Z] [INFO] 📦 Components pushed to Tolaria: 5
[2026-05-01T21:57:32Z] [SECTION] ============================================================
[2026-05-01T21:57:32Z] [INFO] 🧩 PHASE: COMPOSER - DOMAIN INTEGRATION SYNTHESIS
[2026-05-01T21:57:32Z] [INFO] 🎨 Domain integrations synthesized: 0
[2026-05-01T21:57:32Z] [SECTION] ============================================================
[2026-05-01T21:57:32Z] [INFO] 🚀 PHASE: ADVANCED OVERNIGHT LOOP
[2026-05-01T21:57:32Z] [INFO] 🔬 Advanced loop completed cycles: 0
[2026-05-01T21:57:32Z] [WARNING] ⚠️  Git commit skipped or failed (git not initialized?): Command '['git', '-C', '/home/avalonas/.hermes/gematria/unified_overnight_research', 'add', '.']' returned non-zero exit status 128.
[2026-05-01T21:57:32Z] [INFO] 
📊 CYCLE #57 SUMMARY
[2026-05-01T21:57:32Z] [INFO] ✅ Successful tasks: 7/7
[2026-05-01T21:57:32Z] [INFO] ⏱️  Cycle duration: 1.72s
[2026-05-01T21:57:32Z] [INFO]    ⚠️ task: result
[2026-05-01T21:57:32Z] [INFO]    ⚠️ task: result
[2026-05-01T21:57:32Z] [INFO]    ⚠️ task: result
[2026-05-01T21:57:32Z] [INFO]    ⚠️ task: result
[2026-05-01T21:57:32Z] [INFO]    ⚠️ task: result
[2026-05-01T21:57:32Z] [INFO]    ⚠️ task: result
[2026-05-01T21:57:32Z] [INFO]    ⚠️ task: result
[2026-05-01T21:57:32Z] [HEADER] ================================================================================
[2026-05-01T21:57:32Z] [INFO] 🔄 OVERNIGHT RESEARCH PIPELINE - CYCLE #58
[2026-05-01T21:57:32Z] [INFO] ================================================================================
[2026-05-01T21:57:32Z] [HEADER] ============================================================
[2026-05-01T21:57:32Z] [INFO] 🌙 STARTING OVERNIGHT RESEARCH CYCLE #58
[2026-05-01T21:57:32Z] [INFO] 🔍 Running overnight research protocol (web scraping + cross-symbol analysis)...
[2026-05-01T21:57:33Z] [INFO] 📊 Cycle duration: 0.57s, Files generated: 0
[2026-05-01T21:57:33Z] [WARNING] ⚠️ Database not initialized for cycle counting
[2026-05-01T21:57:33Z] [INFO] 💾 Database updated with cycle results
[2026-05-01T21:57:33Z] [SECTION] ============================================================
[2026-05-01T21:57:33Z] [INFO] 🔮 PHASE: HIDDEN LAYERING DETECTION
[2026-05-01T21:57:33Z] [INFO] 🔗 Hidden layering detection complete. Connections identified: 2
[2026-05-01T21:57:33Z] [SECTION] ============================================================
[2026-05-01T21:57:33Z] [INFO] 🔬 PHASE: DOMAIN CORRELATION ANALYSIS
[2026-05-01T21:57:33Z] [INFO] 📊 Domain correlation matrices created: 1
[2026-05-01T21:57:33Z] [SECTION] ============================================================
[2026-05-01T21:57:33Z] [INFO] 🖼️  PHASE: IMAGE-SEED ANALYSIS
[2026-05-01T21:57:33Z] [INFO] 📂 Image seed analysis bootstrapping from 0 images...
[2026-05-01T21:57:33Z] [SECTION] ============================================================
[2026-05-01T21:57:33Z] [INFO] 📤 PHASE: PUSH COMPONENTS TO TOLARIA
[2026-05-01T21:57:33Z] [INFO] 📦 Components pushed to Tolaria: 5
[2026-05-01T21:57:33Z] [SECTION] ============================================================
[2026-05-01T21:57:33Z] [INFO] 🧩 PHASE: COMPOSER - DOMAIN INTEGRATION SYNTHESIS
[2026-05-01T21:57:34Z] [INFO] 🎨 Domain integrations synthesized: 0
[2026-05-01T21:57:34Z] [SECTION] ============================================================
[2026-05-01T21:57:34Z] [INFO] 🚀 PHASE: ADVANCED OVERNIGHT LOOP
[2026-05-01T21:57:34Z] [INFO] 🔬 Advanced loop completed cycles: 0
[2026-05-01T21:57:34Z] [WARNING] ⚠️  Git commit skipped or failed (git not initialized?): Command '['git', '-C', '/home/avalonas/.hermes/gematria/unified_overnight_research', 'add', '.']' returned non-zero exit status 128.
[2026-05-01T21:57:34Z] [INFO] 
📊 CYCLE #58 SUMMARY
[2026-05-01T21:57:34Z] [INFO] ✅ Successful tasks: 7/7
[2026-05-01T21:57:34Z] [INFO] ⏱️  Cycle duration: 1.70s
[2026-05-01T21:57:34Z] [INFO]    ⚠️ task: result
[2026-05-01T21:57:34Z] [INFO]    ⚠️ task: result
[2026-05-01T21:57:34Z] [INFO]    ⚠️ task: result
[2026-05-01T21:57:34Z] [INFO]    ⚠️ task: result
[2026-05-01T21:57:34Z] [INFO]    ⚠️ task: result
[2026-05-01T21:57:34Z] [INFO]    ⚠️ task: result
[2026-05-01T21:57:34Z] [INFO]    ⚠️ task: result
[2026-05-01T21:57:34Z] [HEADER] ================================================================================
[2026-05-01T21:57:34Z] [INFO] 🔄 OVERNIGHT RESEARCH PIPELINE - CYCLE #59
[2026-05-01T21:57:34Z] [INFO] ================================================================================
[2026-05-01T21:57:34Z] [HEADER] ============================================================
[2026-05-01T21:57:34Z] [INFO] 🌙 STARTING OVERNIGHT RESEARCH CYCLE #59
[2026-05-01T21:57:34Z] [INFO] 🔍 Running overnight research protocol (web scraping + cross-symbol analysis)...
[2026-05-01T21:57:34Z] [INFO] 📊 Cycle duration: 0.57s, Files generated: 0
[2026-05-01T21:57:34Z] [WARNING] ⚠️ Database not initialized for cycle counting
[2026-05-01T21:57:34Z] [INFO] 💾 Database updated with cycle results
[2026-05-01T21:57:34Z] [SECTION] ============================================================
[2026-05-01T21:57:34Z] [INFO] 🔮 PHASE: HIDDEN LAYERING DETECTION
[2026-05-01T21:57:34Z] [INFO] 🔗 Hidden layering detection complete. Connections identified: 2
[2026-05-01T21:57:34Z] [SECTION] ============================================================
[2026-05-01T21:57:34Z] [INFO] 🔬 PHASE: DOMAIN CORRELATION ANALYSIS
[2026-05-01T21:57:34Z] [INFO] 📊 Domain correlation matrices created: 1
[2026-05-01T21:57:34Z] [SECTION] ============================================================
[2026-05-01T21:57:34Z] [INFO] 🖼️  PHASE: IMAGE-SEED ANALYSIS
[2026-05-01T21:57:34Z] [INFO] 📂 Image seed analysis bootstrapping from 0 images...
[2026-05-01T21:57:34Z] [SECTION] ============================================================
[2026-05-01T21:57:34Z] [INFO] 📤 PHASE: PUSH COMPONENTS TO TOLARIA
[2026-05-01T21:57:35Z] [INFO] 📦 Components pushed to Tolaria: 5
[2026-05-01T21:57:35Z] [SECTION] ============================================================
[2026-05-01T21:57:35Z] [INFO] 🧩 PHASE: COMPOSER - DOMAIN INTEGRATION SYNTHESIS
[2026-05-01T21:57:35Z] [INFO] 🎨 Domain integrations synthesized: 0
[2026-05-01T21:57:35Z] [SECTION] ============================================================
[2026-05-01T21:57:35Z] [INFO] 🚀 PHASE: ADVANCED OVERNIGHT LOOP
[2026-05-01T21:57:35Z] [INFO] 🔬 Advanced loop completed cycles: 0
[2026-05-01T21:57:36Z] [WARNING] ⚠️  Git commit skipped or failed (git not initialized?): Command '['git', '-C', '/home/avalonas/.hermes/gematria/unified_overnight_research', 'add', '.']' returned non-zero exit status 128.
[2026-05-01T21:57:36Z] [INFO] 
📊 CYCLE #59 SUMMARY
[2026-05-01T21:57:36Z] [INFO] ✅ Successful tasks: 7/7
[2026-05-01T21:57:36Z] [INFO] ⏱️  Cycle duration: 1.74s
[2026-05-01T21:57:36Z] [INFO]    ⚠️ task: result
[2026-05-01T21:57:36Z] [INFO]    ⚠️ task: result
[2026-05-01T21:57:36Z] [INFO]    ⚠️ task: result
[2026-05-01T21:57:36Z] [INFO]    ⚠️ task: result
[2026-05-01T21:57:36Z] [INFO]    ⚠️ task: result
[2026-05-01T21:57:36Z] [INFO]    ⚠️ task: result
[2026-05-01T21:57:36Z] [INFO]    ⚠️ task: result
[2026-05-01T21:57:36Z] [HEADER] ================================================================================
[2026-05-01T21:57:36Z] [INFO] 🔄 OVERNIGHT RESEARCH PIPELINE - CYCLE #60
[2026-05-01T21:57:36Z] [INFO] ================================================================================
[2026-05-01T21:57:36Z] [HEADER] ============================================================
[2026-05-01T21:57:36Z] [INFO] 🌙 STARTING OVERNIGHT RESEARCH CYCLE #60
[2026-05-01T21:57:36Z] [INFO] 🔍 Running overnight research protocol (web scraping + cross-symbol analysis)...
[2026-05-01T21:57:36Z] [INFO] 📊 Cycle duration: 0.56s, Files generated: 0
[2026-05-01T21:57:36Z] [WARNING] ⚠️ Database not initialized for cycle counting
[2026-05-01T21:57:36Z] [INFO] 💾 Database updated with cycle results
[2026-05-01T21:57:36Z] [SECTION] ============================================================
[2026-05-01T21:57:36Z] [INFO] 🔮 PHASE: HIDDEN LAYERING DETECTION
[2026-05-01T21:57:36Z] [INFO] 🔗 Hidden layering detection complete. Connections identified: 2
[2026-05-01T21:57:36Z] [SECTION] ============================================================
[2026-05-01T21:57:36Z] [INFO] 🔬 PHASE: DOMAIN CORRELATION ANALYSIS
[2026-05-01T21:57:36Z] [INFO] 📊 Domain correlation matrices created: 1
[2026-05-01T21:57:36Z] [SECTION] ============================================================
[2026-05-01T21:57:36Z] [INFO] 🖼️  PHASE: IMAGE-SEED ANALYSIS
[2026-05-01T21:57:36Z] [INFO] 📂 Image seed analysis bootstrapping from 0 images...
[2026-05-01T21:57:36Z] [SECTION] ============================================================
[2026-05-01T21:57:36Z] [INFO] 📤 PHASE: PUSH COMPONENTS TO TOLARIA
[2026-05-01T21:57:37Z] [INFO] 📦 Components pushed to Tolaria: 5
[2026-05-01T21:57:37Z] [SECTION] ============================================================
[2026-05-01T21:57:37Z] [INFO] 🧩 PHASE: COMPOSER - DOMAIN INTEGRATION SYNTHESIS
[2026-05-01T21:57:37Z] [INFO] 🎨 Domain integrations synthesized: 0
[2026-05-01T21:57:37Z] [SECTION] ============================================================
[2026-05-01T21:57:37Z] [INFO] 🚀 PHASE: ADVANCED OVERNIGHT LOOP
[2026-05-01T21:57:37Z] [INFO] 🔬 Advanced loop completed cycles: 0
[2026-05-01T21:57:37Z] [WARNING] ⚠️  Git commit skipped or failed (git not initialized?): Command '['git', '-C', '/home/avalonas/.hermes/gematria/unified_overnight_research', 'add', '.']' returned non-zero exit status 128.
[2026-05-01T21:57:37Z] [INFO] 
📊 CYCLE #60 SUMMARY
[2026-05-01T21:57:37Z] [INFO] ✅ Successful tasks: 7/7
[2026-05-01T21:57:37Z] [INFO] ⏱️  Cycle duration: 1.63s
[2026-05-01T21:57:37Z] [INFO]    ⚠️ task: result
[2026-05-01T21:57:37Z] [INFO]    ⚠️ task: result
[2026-05-01T21:57:37Z] [INFO]    ⚠️ task: result
[2026-05-01T21:57:37Z] [INFO]    ⚠️ task: result
[2026-05-01T21:57:37Z] [INFO]    ⚠️ task: result
[2026-05-01T21:57:37Z] [INFO]    ⚠️ task: result
[2026-05-01T21:57:37Z] [INFO]    ⚠️ task: result
[2026-05-01T21:57:37Z] [HEADER] ================================================================================
[2026-05-01T21:57:37Z] [INFO] 🔄 OVERNIGHT RESEARCH PIPELINE - CYCLE #61
[2026-05-01T21:57:37Z] [INFO] ================================================================================
[2026-05-01T21:57:37Z] [HEADER] ============================================================
[2026-05-01T21:57:37Z] [INFO] 🌙 STARTING OVERNIGHT RESEARCH CYCLE #61
[2026-05-01T21:57:37Z] [INFO] 🔍 Running overnight research protocol (web scraping + cross-symbol analysis)...
[2026-05-01T21:57:38Z] [INFO] 📊 Cycle duration: 0.56s, Files generated: 0
[2026-05-01T21:57:38Z] [WARNING] ⚠️ Database not initialized for cycle counting
[2026-05-01T21:57:38Z] [INFO] 💾 Database updated with cycle results
[2026-05-01T21:57:38Z] [SECTION] ============================================================
[2026-05-01T21:57:38Z] [INFO] 🔮 PHASE: HIDDEN LAYERING DETECTION
[2026-05-01T21:57:38Z] [INFO] 🔗 Hidden layering detection complete. Connections identified: 2
[2026-05-01T21:57:38Z] [SECTION] ============================================================
[2026-05-01T21:57:38Z] [INFO] 🔬 PHASE: DOMAIN CORRELATION ANALYSIS
[2026-05-01T21:57:38Z] [INFO] 📊 Domain correlation matrices created: 1
[2026-05-01T21:57:38Z] [SECTION] ============================================================
[2026-05-01T21:57:38Z] [INFO] 🖼️  PHASE: IMAGE-SEED ANALYSIS
[2026-05-01T21:57:38Z] [INFO] 📂 Image seed analysis bootstrapping from 0 images...
[2026-05-01T21:57:38Z] [SECTION] ============================================================
[2026-05-01T21:57:38Z] [INFO] 📤 PHASE: PUSH COMPONENTS TO TOLARIA
[2026-05-01T21:57:39Z] [INFO] 📦 Components pushed to Tolaria: 5
[2026-05-01T21:57:39Z] [SECTION] ============================================================1	2026-05-02T23:56:05.556177	cycle start_time queries_executed items_processed domains_analyzed convergence_signals confidence_scores symbols_found queries	complete	270
2	2026-05-02T23:57:05.838995	cycle start_time queries_executed items_processed domains_analyzed convergence_signals confidence_scores symbols_found queries	complete	270
1	2026-05-02T23:57:28.180794	cycle start_time queries_executed items_processed domains_analyzed convergence_signals confidence_scores symbols_found queries	complete	270
3	2026-05-02T23:58:06.394045	cycle start_time queries_executed items_processed domains_analyzed convergence_signals confidence_scores symbols_found queries	complete	270
4	2026-05-02T23:59:06.593210	cycle start_time queries_executed items_processed domains_analyzed convergence_signals confidence_scores symbols_found queries	complete	270
5	2026-05-03T00:00:06.934719	cycle start_time queries_executed items_processed domains_analyzed convergence_signals confidence_scores symbols_found queries	complete	270
1	2026-05-03T00:00:13.172232	cycle start_time queries_executed items_processed domains_analyzed convergence_signals confidence_scores symbols_found queries	complete	270
6	2026-05-03T00:01:07.173137	cycle start_time queries_executed items_processed domains_analyzed convergence_signals confidence_scores symbols_found queries	complete	270
2	2026-05-03T00:01:13.417877	cycle start_time queries_executed items_processed domains_analyzed convergence_signals confidence_scores symbols_found queries	complete	270
7	2026-05-03T00:02:07.388655	cycle start_time queries_executed items_processed domains_analyzed convergence_signals confidence_scores symbols_found queries	complete	270
3	2026-05-03T00:02:13.637273	cycle start_time queries_executed items_processed domains_analyzed convergence_signals confidence_scores symbols_found queries	complete	270
8	2026-05-03T00:03:07.627238	cycle start_time queries_executed items_processed domains_analyzed convergence_signals confidence_scores symbols_found queries	complete	270
9	2026-05-03T00:04:07.676442	cycle start_time queries_executed items_processed domains_analyzed convergence_signals confidence_scores symbols_found queries	complete	270
10	2026-05-03T00:05:07.734349	cycle start_time queries_executed items_processed domains_analyzed convergence_signals confidence_scores symbols_found queries	complete	270
11	2026-05-03T00:06:07.873634	cycle start_time queries_executed items_processed domains_analyzed convergence_signals confidence_scores symbols_found queries	complete	270
12	2026-05-03T00:07:08.014284	cycle start_time queries_executed items_processed domains_analyzed convergence_signals confidence_scores symbols_found queries	complete	270
13	2026-05-03T00:08:08.156483	cycle start_time queries_executed items_processed domains_analyzed convergence_signals confidence_scores symbols_found queries	complete	270
14	2026-05-03T00:09:08.297854	cycle start_time queries_executed items_processed domains_analyzed convergence_signals confidence_scores symbols_found queries	complete	270
15	2026-05-03T00:10:08.322545	cycle start_time queries_executed items_processed domains_analyzed convergence_signals confidence_scores symbols_found queries	complete	270
16	2026-05-03T00:11:08.383797	cycle start_time queries_executed items_processed domains_analyzed convergence_signals confidence_scores symbols_found queries	complete	270
17	2026-05-03T00:12:08.467859	cycle start_time queries_executed items_processed domains_analyzed convergence_signals confidence_scores symbols_found queries	complete	270
18	2026-05-03T00:13:08.701206	cycle start_time queries_executed items_processed domains_analyzed convergence_signals confidence_scores symbols_found queries	complete	270
19	2026-05-03T00:14:08.935222	cycle start_time queries_executed items_processed domains_analyzed convergence_signals confidence_scores symbols_found queries	complete	270
20	2026-05-03T00:15:09.188226	cycle start_time queries_executed items_processed domains_analyzed convergence_signals confidence_scores symbols_found queries	complete	270
21	2026-05-03T00:16:09.418295	cycle start_time queries_executed items_processed domains_analyzed convergence_signals confidence_scores symbols_found queries	complete	270
22	2026-05-03T00:17:09.642538	cycle start_time queries_executed items_processed domains_analyzed convergence_signals confidence_scores symbols_found queries	complete	270
23	2026-05-03T00:18:09.890564	cycle start_time queries_executed items_processed domains_analyzed convergence_signals confidence_scores symbols_found queries	complete	270
24	2026-05-03T00:19:10.204819	cycle start_time queries_executed items_processed domains_analyzed convergence_signals confidence_scores symbols_found queries	complete	270
25	2026-05-03T00:20:10.439952	cycle start_time queries_executed items_processed domains_analyzed convergence_signals confidence_scores symbols_found queries	complete	270
26	2026-05-03T00:21:10.670038	cycle start_time queries_executed items_processed domains_analyzed convergence_signals confidence_scores symbols_found queries	complete	270
27	2026-05-03T00:22:10.901490	cycle start_time queries_executed items_processed domains_analyzed convergence_signals confidence_scores symbols_found queries	complete	270
28	2026-05-03T00:23:11.134195	cycle start_time queries_executed items_processed domains_analyzed convergence_signals confidence_scores symbols_found queries	complete	270
29	2026-05-03T00:24:11.361484	cycle start_time queries_executed items_processed domains_analyzed convergence_signals confidence_scores symbols_found queries	complete	270
30	2026-05-03T00:25:11.588153	cycle start_time queries_executed items_processed domains_analyzed convergence_signals confidence_scores symbols_found queries	complete	270
31	2026-05-03T00:26:11.817624	cycle start_time queries_executed items_processed domains_analyzed convergence_signals confidence_scores symbols_found queries	complete	270
32	2026-05-03T00:27:12.048802	cycle start_time queries_executed items_processed domains_analyzed convergence_signals confidence_scores symbols_found queries	complete	270
33	2026-05-03T00:28:12.279132	cycle start_time queries_executed items_processed domains_analyzed convergence_signals confidence_scores symbols_found queries	complete	270
34	2026-05-03T00:29:12.875720	cycle start_time queries_executed items_processed domains_analyzed convergence_signals confidence_scores symbols_found queries	complete	270
35	2026-05-03T00:30:13.106151	cycle start_time queries_executed items_processed domains_analyzed convergence_signals confidence_scores symbols_found queries	complete	270
36	2026-05-03T00:31:13.373172	cycle start_time queries_executed items_processed domains_analyzed convergence_signals confidence_scores symbols_found queries	complete	270
37	2026-05-03T00:32:13.627325	cycle start_time queries_executed items_processed domains_analyzed convergence_signals confidence_scores symbols_found queries	complete	270
38	2026-05-03T00:33:14.030979	cycle start_time queries_executed items_processed domains_analyzed convergence_signals confidence_scores symbols_found queries	complete	270
39	2026-05-03T00:34:14.253953	cycle start_time queries_executed items_processed domains_analyzed convergence_signals confidence_scores symbols_found queries	complete	270
40	2026-05-03T00:35:14.477999	cycle start_time queries_executed items_processed domains_analyzed convergence_signals confidence_scores symbols_found queries	complete	270
41	2026-05-03T00:36:14.620252	cycle start_time queries_executed items_processed domains_analyzed convergence_signals confidence_scores symbols_found queries	complete	270
42	2026-05-03T00:37:14.754736	cycle start_time queries_executed items_processed domains_analyzed convergence_signals confidence_scores symbols_found queries	complete	270
43	2026-05-03T00:38:14.892743	cycle start_time queries_executed items_processed domains_analyzed convergence_signals confidence_scores symbols_found queries	complete	270
44	2026-05-03T00:39:15.033057	cycle start_time queries_executed items_processed domains_analyzed convergence_signals confidence_scores symbols_found queries	complete	270
45	2026-05-03T00:40:15.174169	cycle start_time queries_executed items_processed domains_analyzed convergence_signals confidence_scores symbols_found queries	complete	270
46	2026-05-03T00:41:15.359644	cycle start_time queries_executed items_processed domains_analyzed convergence_signals confidence_scores symbols_found queries	complete	270
47	2026-05-03T00:42:15.502707	cycle start_time queries_executed items_processed domains_analyzed convergence_signals confidence_scores symbols_found queries	complete	270
48	2026-05-03T00:43:15.517007	cycle start_time queries_executed items_processed domains_analyzed convergence_signals confidence_scores symbols_found queries	complete	270
49	2026-05-03T00:44:15.561005	cycle start_time queries_executed items_processed domains_analyzed convergence_signals confidence_scores symbols_found queries	complete	270
50	2026-05-03T00:45:15.735216	cycle start_time queries_executed items_processed domains_analyzed convergence_signals confidence_scores symbols_found queries	complete	270
51	2026-05-03T00:46:15.924901	cycle start_time queries_executed items_processed domains_analyzed convergence_signals confidence_scores symbols_found queries	complete	270
52	2026-05-03T00:47:16.095891	cycle start_time queries_executed items_processed domains_analyzed convergence_signals confidence_scores symbols_found queries	complete	270
53	2026-05-03T00:48:16.268484	cycle start_time queries_executed items_processed domains_analyzed convergence_signals confidence_scores symbols_found queries	complete	270
54	2026-05-03T00:49:16.455106	cycle start_time queries_executed items_processed domains_analyzed convergence_signals confidence_scores symbols_found queries	complete	270
55	2026-05-03T00:50:16.639317	cycle start_time queries_executed items_processed domains_analyzed convergence_signals confidence_scores symbols_found queries	complete	270
56	2026-05-03T00:51:16.815941	cycle start_time queries_executed items_processed domains_analyzed convergence_signals confidence_scores symbols_found queries	complete	270
57	2026-05-03T00:52:16.987292	cycle start_time queries_executed items_processed domains_analyzed convergence_signals confidence_scores symbols_found queries	complete	270
58	2026-05-03T00:53:17.235152	cycle start_time queries_executed items_processed domains_analyzed convergence_signals confidence_scores symbols_found queries	complete	270
59	2026-05-03T00:54:17.618066	cycle start_time queries_executed items_processed domains_analyzed convergence_signals confidence_scores symbols_found queries	complete	270
60	2026-05-03T00:55:17.810954	cycle start_time queries_executed items_processed domains_analyzed convergence_signals confidence_scores symbols_found queries	complete	270
61	2026-05-03T00:56:18.156185	cycle start_time queries_executed items_processed domains_analyzed convergence_signals confidence_scores symbols_found queries	complete	270
62	2026-05-03T00:57:18.340366	cycle start_time queries_executed items_processed domains_analyzed convergence_signals confidence_scores symbols_found queries	complete	270
63	2026-05-03T00:58:18.533684	cycle start_time queries_executed items_processed domains_analyzed convergence_signals confidence_scores symbols_found queries	complete	270
64	2026-05-03T00:59:18.714158	cycle start_time queries_executed items_processed domains_analyzed convergence_signals confidence_scores symbols_found queries	complete	270
65	2026-05-03T01:00:18.890878	cycle start_time queries_executed items_processed domains_analyzed convergence_signals confidence_scores symbols_found queries	complete	270
66	2026-05-03T01:01:19.249069	cycle start_time queries_executed items_processed domains_analyzed convergence_signals confidence_scores symbols_found queries	complete	270
67	2026-05-03T01:02:19.435709	cycle start_time queries_executed items_processed domains_analyzed convergence_signals confidence_scores symbols_found queries	complete	270
68	2026-05-03T01:03:19.607135	cycle start_time queries_executed items_processed domains_analyzed convergence_signals confidence_scores symbols_found queries	complete	270
69	2026-05-03T01:04:19.807458	cycle start_time queries_executed items_processed domains_analyzed convergence_signals confidence_scores symbols_found queries	complete	270
70	2026-05-03T01:05:20.000813	cycle start_time queries_executed items_processed domains_analyzed convergence_signals confidence_scores symbols_found queries	complete	270
71	2026-05-03T01:06:20.041710	cycle start_time queries_executed items_processed domains_analyzed convergence_signals confidence_scores symbols_found queries	complete	270
72	2026-05-03T01:07:20.106804	cycle start_time queries_executed items_processed domains_analyzed convergence_signals confidence_scores symbols_found queries	complete	270
73	2026-05-03T01:08:20.192530	cycle start_time queries_executed items_processed domains_analyzed convergence_signals confidence_scores symbols_found queries	complete	270
74	2026-05-03T01:09:20.428130	cycle start_time queries_executed items_processed domains_analyzed convergence_signals confidence_scores symbols_found queries	complete	270
75	2026-05-03T01:10:20.669723	cycle start_time queries_executed items_processed domains_analyzed convergence_signals confidence_scores symbols_found queries	complete	270
76	2026-05-03T01:11:20.899323	cycle start_time queries_executed items_processed domains_analyzed convergence_signals confidence_scores symbols_found queries	complete	270
77	2026-05-03T01:12:21.139912	cycle start_time queries_executed items_processed domains_analyzed convergence_signals confidence_scores symbols_found queries	complete	270
78	2026-05-03T01:13:21.274485	cycle start_time queries_executed items_processed domains_analyzed convergence_signals confidence_scores symbols_found queries	complete	270
79	2026-05-03T01:14:21.402466	cycle start_time queries_executed items_processed domains_analyzed convergence_signals confidence_scores symbols_found queries	complete	270
80	2026-05-03T01:15:21.437337	cycle start_time queries_executed items_processed domains_analyzed convergence_signals confidence_scores symbols_found queries	complete	270
81	2026-05-03T01:16:21.496353	cycle start_time queries_executed items_processed domains_analyzed convergence_signals confidence_scores symbols_found queries	complete	270
82	2026-05-03T01:17:21.577197	cycle start_time queries_executed items_processed domains_analyzed convergence_signals confidence_scores symbols_found queries	complete	270
83	2026-05-03T01:18:21.806211	cycle start_time queries_executed items_processed domains_analyzed convergence_signals confidence_scores symbols_found queries	complete	270
84	2026-05-03T01:19:22.033293	cycle start_time queries_executed items_processed domains_analyzed convergence_signals confidence_scores symbols_found queries	complete	270
85	2026-05-03T01:20:22.258121	cycle start_time queries_executed items_processed domains_analyzed convergence_signals confidence_scores symbols_found queries	complete	270
86	2026-05-03T01:21:22.501456	cycle start_time queries_executed items_processed domains_analyzed convergence_signals confidence_scores symbols_found queries	complete	270
87	2026-05-03T01:22:22.737206	cycle start_time queries_executed items_processed domains_analyzed convergence_signals confidence_scores symbols_found queries	complete	270
88	2026-05-03T01:23:22.968489	cycle start_time queries_executed items_processed domains_analyzed convergence_signals confidence_scores symbols_found queries	complete	270
89	2026-05-03T01:24:23.197034	cycle start_time queries_executed items_processed domains_analyzed convergence_signals confidence_scores symbols_found queries	complete	270
90	2026-05-03T01:25:23.446068	cycle start_time queries_executed items_processed domains_analyzed convergence_signals confidence_scores symbols_found queries	complete	270
91	2026-05-03T01:26:23.702875	cycle start_time queries_executed items_processed domains_analyzed convergence_signals confidence_scores symbols_found queries	complete	270
92	2026-05-03T01:27:24.142571	cycle start_time queries_executed items_processed domains_analyzed convergence_signals confidence_scores symbols_found queries	complete	270
93	2026-05-03T01:28:24.388638	cycle start_time queries_executed items_processed domains_analyzed convergence_signals confidence_scores symbols_found queries	complete	270
94	2026-05-03T01:29:24.615250	cycle start_time queries_executed items_processed domains_analyzed convergence_signals confidence_scores symbols_found queries	complete	270
95	2026-05-03T01:30:24.842392	cycle start_time queries_executed items_processed domains_analyzed convergence_signals confidence_scores symbols_found queries	complete	270
96	2026-05-03T01:31:25.075102	cycle start_time queries_executed items_processed domains_analyzed convergence_signals confidence_scores symbols_found queries	complete	270
97	2026-05-03T01:32:25.322037	cycle start_time queries_executed items_processed domains_analyzed convergence_signals confidence_scores symbols_found queries	complete	270
98	2026-05-03T01:33:25.552207	cycle start_time queries_executed items_processed domains_analyzed convergence_signals confidence_scores symbols_found queries	complete	270
99	2026-05-03T01:34:25.781928	cycle start_time queries_executed items_processed domains_analyzed convergence_signals confidence_scores symbols_found queries	complete	270
100	2026-05-03T01:35:26.013441	cycle start_time queries_executed items_processed domains_analyzed convergence_signals confidence_scores symbols_found queries	complete	270
101	2026-05-03T01:36:26.238311	cycle start_time queries_executed items_processed domains_analyzed convergence_signals confidence_scores symbols_found queries	complete	270
102	2026-05-03T01:37:26.488178	cycle start_time queries_executed items_processed domains_analyzed convergence_signals confidence_scores symbols_found queries	complete	270
103	2026-05-03T01:38:26.723750	cycle start_time queries_executed items_processed domains_analyzed convergence_signals confidence_scores symbols_found queries	complete	270
104	2026-05-03T01:39:26.954565	cycle start_time queries_executed items_processed domains_analyzed convergence_signals confidence_scores symbols_found queries	complete	270
105	2026-05-03T01:40:27.185164	cycle start_time queries_executed items_processed domains_analyzed convergence_signals confidence_scores symbols_found queries	complete	270
106	2026-05-03T01:41:27.423328	cycle start_time queries_executed items_processed domains_analyzed convergence_signals confidence_scores symbols_found queries	complete	270
107	2026-05-03T01:42:27.664512	cycle start_time queries_executed items_processed domains_analyzed convergence_signals confidence_scores symbols_found queries	complete	270
108	2026-05-03T01:43:27.901354	cycle start_time queries_executed items_processed domains_analyzed convergence_signals confidence_scores symbols_found queries	complete	270
109	2026-05-03T01:44:28.046121	cycle start_time queries_executed items_processed domains_analyzed convergence_signals confidence_scores symbols_found queries	complete	270
110	2026-05-03T01:45:28.180698	cycle start_time queries_executed items_processed domains_analyzed convergence_signals confidence_scores symbols_found queries	complete	270
111	2026-05-03T01:46:28.315933	cycle start_time queries_executed items_processed domains_analyzed convergence_signals confidence_scores symbols_found queries	complete	270
112	2026-05-03T01:47:28.451737	cycle start_time queries_executed items_processed domains_analyzed convergence_signals confidence_scores symbols_found queries	complete	270
113	2026-05-03T01:48:28.460703	cycle start_time queries_executed items_processed domains_analyzed convergence_signals confidence_scores symbols_found queries	complete	270
114	2026-05-03T01:49:28.495955	cycle start_time queries_executed items_processed domains_analyzed convergence_signals confidence_scores symbols_found queries	complete	270
115	2026-05-03T01:50:28.556627	cycle start_time queries_executed items_processed domains_analyzed convergence_signals confidence_scores symbols_found queries	complete	270
116	2026-05-03T01:51:28.766924	cycle start_time queries_executed items_processed domains_analyzed convergence_signals confidence_scores symbols_found queries	complete	270
117	2026-05-03T01:52:28.977563	cycle start_time queries_executed items_processed domains_analyzed convergence_signals confidence_scores symbols_found queries	complete	270
118	2026-05-03T01:53:29.272625	cycle start_time queries_executed items_processed domains_analyzed convergence_signals confidence_scores symbols_found queries	complete	270
119	2026-05-03T01:54:29.500572	cycle start_time queries_executed items_processed domains_analyzed convergence_signals confidence_scores symbols_found queries	complete	270
120	2026-05-03T01:55:29.727392	cycle start_time queries_executed items_processed domains_analyzed convergence_signals confidence_scores symbols_found queries	complete	270
121	2026-05-03T01:56:29.939435	cycle start_time queries_executed items_processed domains_analyzed convergence_signals confidence_scores symbols_found queries	complete	270
122	2026-05-03T01:57:30.196890	cycle start_time queries_executed items_processed domains_analyzed convergence_signals confidence_scores symbols_found queries	complete	270
123	2026-05-03T01:58:30.448474	cycle start_time queries_executed items_processed domains_analyzed convergence_signals confidence_scores symbols_found queries	complete	270
124	2026-05-03T01:59:30.717722	cycle start_time queries_executed items_processed domains_analyzed convergence_signals confidence_scores symbols_found queries	complete	270
125	2026-05-03T02:00:30.966699	cycle start_time queries_executed items_processed domains_analyzed convergence_signals confidence_scores symbols_found queries	complete	270
126	2026-05-03T02:01:31.217234	cycle start_time queries_executed items_processed domains_analyzed convergence_signals confidence_scores symbols_found queries	complete	270
127	2026-05-03T02:02:31.461786	cycle start_time queries_executed items_processed domains_analyzed convergence_signals confidence_scores symbols_found queries	complete	270
128	2026-05-03T02:03:31.728789	cycle start_time queries_executed items_processed domains_analyzed convergence_signals confidence_scores symbols_found queries	complete	270
129	2026-05-03T02:04:31.968732	cycle start_time queries_executed items_processed domains_analyzed convergence_signals confidence_scores symbols_found queries	complete	270
130	2026-05-03T02:05:32.215240	cycle start_time queries_executed items_processed domains_analyzed convergence_signals confidence_scores symbols_found queries	complete	270
131	2026-05-03T02:06:32.479506	cycle start_time queries_executed items_processed domains_analyzed convergence_signals confidence_scores symbols_found queries	complete	270
132	2026-05-03T02:07:32.723067	cycle start_time queries_executed items_processed domains_analyzed convergence_signals confidence_scores symbols_found queries	complete	270
133	2026-05-03T02:08:32.969493	cycle start_time queries_executed items_processed domains_analyzed convergence_signals confidence_scores symbols_found queries	complete	270
134	2026-05-03T02:09:33.051514	cycle start_time queries_executed items_processed domains_analyzed convergence_signals confidence_scores symbols_found queries	complete	270
135	2026-05-03T02:10:33.151211	cycle start_time queries_executed items_processed domains_analyzed convergence_signals confidence_scores symbols_found queries	complete	270
136	2026-05-03T02:11:33.423287	cycle start_time queries_executed items_processed domains_analyzed convergence_signals confidence_scores symbols_found queries	complete	270
137	2026-05-03T02:12:33.693204	cycle start_time queries_executed items_processed domains_analyzed convergence_signals confidence_scores symbols_found queries	complete	270
138	2026-05-03T02:13:33.958384	cycle start_time queries_executed items_processed domains_analyzed convergence_signals confidence_scores symbols_found queries	complete	270
139	2026-05-03T02:14:34.232485	cycle start_time queries_executed items_processed domains_analyzed convergence_signals confidence_scores symbols_found queries	complete	270
140	2026-05-03T02:15:34.498054	cycle start_time queries_executed items_processed domains_analyzed convergence_signals confidence_scores symbols_found queries	complete	270
141	2026-05-03T02:16:34.771990	cycle start_time queries_executed items_processed domains_analyzed convergence_signals confidence_scores symbols_found queries	complete	270
142	2026-05-03T02:17:35.083040	cycle start_time queries_executed items_processed domains_analyzed convergence_signals confidence_scores symbols_found queries	complete	270
143	2026-05-03T02:18:35.361642	cycle start_time queries_executed items_processed domains_analyzed convergence_signals confidence_scores symbols_found queries	complete	270
144	2026-05-03T02:19:35.629197	cycle start_time queries_executed items_processed domains_analyzed convergence_signals confidence_scores symbols_found queries	complete	270
145	2026-05-03T02:20:35.914533	cycle start_time queries_executed items_processed domains_analyzed convergence_signals confidence_scores symbols_found queries	complete	270
146	2026-05-03T02:21:35.930949	cycle start_time queries_executed items_processed domains_analyzed convergence_signals confidence_scores symbols_found queries	complete	270
147	2026-05-03T02:22:35.957946	cycle start_time queries_executed items_processed domains_analyzed convergence_signals confidence_scores symbols_found queries	complete	270
148	2026-05-03T02:23:36.145758	cycle start_time queries_executed items_processed domains_analyzed convergence_signals confidence_scores symbols_found queries	complete	270
149	2026-05-03T02:24:36.314743	cycle start_time queries_executed items_processed domains_analyzed convergence_signals confidence_scores symbols_found queries	complete	270
150	2026-05-03T02:25:36.486938	cycle start_time queries_executed items_processed domains_analyzed convergence_signals confidence_scores symbols_found queries	complete	270
151	2026-05-03T02:26:36.659582	cycle start_time queries_executed items_processed domains_analyzed convergence_signals confidence_scores symbols_found queries	complete	270
152	2026-05-03T02:27:36.852542	cycle start_time queries_executed items_processed domains_analyzed convergence_signals confidence_scores symbols_found queries	complete	270
153	2026-05-03T02:28:37.324558	cycle start_time queries_executed items_processed domains_analyzed convergence_signals confidence_scores symbols_found queries	complete	270
154	2026-05-03T02:29:37.505940	cycle start_time queries_executed items_processed domains_analyzed convergence_signals confidence_scores symbols_found queries	complete	270
155	2026-05-03T02:30:37.675393	cycle start_time queries_executed items_processed domains_analyzed convergence_signals confidence_scores symbols_found queries	complete	270
156	2026-05-03T02:31:37.843556	cycle start_time queries_executed items_processed domains_analyzed convergence_signals confidence_scores symbols_found queries	complete	270
157	2026-05-03T02:32:38.037531	cycle start_time queries_executed items_processed domains_analyzed convergence_signals confidence_scores symbols_found queries	complete	270
158	2026-05-03T02:33:38.608327	cycle start_time queries_executed items_processed domains_analyzed convergence_signals confidence_scores symbols_found queries	complete	270
159	2026-05-03T02:34:38.776453	cycle start_time queries_executed items_processed domains_analyzed convergence_signals confidence_scores symbols_found queries	complete	270
160	2026-05-03T02:35:38.957892	cycle start_time queries_executed items_processed domains_analyzed convergence_signals confidence_scores symbols_found queries	complete	270
161	2026-05-03T02:36:39.257348	cycle start_time queries_executed items_processed domains_analyzed convergence_signals confidence_scores symbols_found queries	complete	270
162	2026-05-03T02:37:39.664477	cycle start_time queries_executed items_processed domains_analyzed convergence_signals confidence_scores symbols_found queries	complete	270
163	2026-05-03T02:38:39.833166	cycle start_time queries_executed items_processed domains_analyzed convergence_signals confidence_scores symbols_found queries	complete	270
164	2026-05-03T02:39:40.004350	cycle start_time queries_executed items_processed domains_analyzed convergence_signals confidence_scores symbols_found queries	complete	270
165	2026-05-03T02:40:40.012486	cycle start_time queries_executed items_processed domains_analyzed convergence_signals confidence_scores symbols_found queries	complete	270
166	2026-05-03T02:41:40.025820	cycle start_time queries_executed items_processed domains_analyzed convergence_signals confidence_scores symbols_found queries	complete	270
167	2026-05-03T02:42:40.052726	cycle start_time queries_executed items_processed domains_analyzed convergence_signals confidence_scores symbols_found queries	complete	270
168	2026-05-03T02:43:40.229285	cycle start_time queries_executed items_processed domains_analyzed convergence_signals confidence_scores symbols_found queries	complete	270
169	2026-05-03T02:44:40.396983	cycle start_time queries_executed items_processed domains_analyzed convergence_signals confidence_scores symbols_found queries	complete	270
170	2026-05-03T02:45:40.572457	cycle start_time queries_executed items_processed domains_analyzed convergence_signals confidence_scores symbols_found queries	complete	270
171	2026-05-03T02:46:40.742745	cycle start_time queries_executed items_processed domains_analyzed convergence_signals confidence_scores symbols_found queries	complete	270
172	2026-05-03T02:47:40.911912	cycle start_time queries_executed items_processed domains_analyzed convergence_signals confidence_scores symbols_found queries	complete	270
173	2026-05-03T02:48:41.083367	cycle start_time queries_executed items_processed domains_analyzed convergence_signals confidence_scores symbols_found queries	complete	270
174	2026-05-03T02:49:41.255869	cycle start_time queries_executed items_processed domains_analyzed convergence_signals confidence_scores symbols_found queries	complete	270
175	2026-05-03T02:50:41.425410	cycle start_time queries_executed items_processed domains_analyzed convergence_signals confidence_scores symbols_found queries	complete	270
176	2026-05-03T02:51:41.607647	cycle start_time queries_executed items_processed domains_analyzed convergence_signals confidence_scores symbols_found queries	complete	270
177	2026-05-03T02:52:41.780664	cycle start_time queries_executed items_processed domains_analyzed convergence_signals confidence_scores symbols_found queries	complete	270
178	2026-05-03T02:53:41.788487	cycle start_time queries_executed items_processed domains_analyzed convergence_signals confidence_scores symbols_found queries	complete	270
179	2026-05-03T02:54:41.822568	cycle start_time queries_executed items_processed domains_analyzed convergence_signals confidence_scores symbols_found queries	complete	270
180	2026-05-03T02:55:41.880707	cycle start_time queries_executed items_processed domains_analyzed convergence_signals confidence_scores symbols_found queries	complete	270
181	2026-05-03T02:56:42.201860	cycle start_time queries_executed items_processed domains_analyzed convergence_signals confidence_scores symbols_found queries	complete	270
182	2026-05-03T02:57:42.437642	cycle start_time queries_executed items_processed domains_analyzed convergence_signals confidence_scores symbols_found queries	complete	270
183	2026-05-03T02:58:42.680677	cycle start_time queries_executed items_processed domains_analyzed convergence_signals confidence_scores symbols_found queries	complete	270
184	2026-05-03T02:59:42.929658	cycle start_time queries_executed items_processed domains_analyzed convergence_signals confidence_scores symbols_found queries	complete	270
185	2026-05-03T03:00:43.170781	cycle start_time queries_executed items_processed domains_analyzed convergence_signals confidence_scores symbols_found queries	complete	270
186	2026-05-03T03:01:43.414045	cycle start_time queries_executed items_processed domains_analyzed convergence_signals confidence_scores symbols_found queries	complete	270
187	2026-05-03T03:02:43.651936	cycle start_time queries_executed items_processed domains_analyzed convergence_signals confidence_scores symbols_found queries	complete	270
188	2026-05-03T03:03:43.886220	cycle start_time queries_executed items_processed domains_analyzed convergence_signals confidence_scores symbols_found queries	complete	270
189	2026-05-03T03:04:44.126825	cycle start_time queries_executed items_processed domains_analyzed convergence_signals confidence_scores symbols_found queries	complete	270
190	2026-05-03T03:05:44.373862	cycle start_time queries_executed items_processed domains_analyzed convergence_signals confidence_scores symbols_found queries	complete	270
191	2026-05-03T03:06:44.619015	cycle start_time queries_executed items_processed domains_analyzed convergence_signals confidence_scores symbols_found queries	complete	270
192	2026-05-03T03:07:44.856919	cycle start_time queries_executed items_processed domains_analyzed convergence_signals confidence_scores symbols_found queries	complete	270
193	2026-05-03T03:08:45.099269	cycle start_time queries_executed items_processed domains_analyzed convergence_signals confidence_scores symbols_found queries	complete	270
194	2026-05-03T03:09:45.335308	cycle start_time queries_executed items_processed domains_analyzed convergence_signals confidence_scores symbols_found queries	complete	270
195	2026-05-03T03:10:45.572788	cycle start_time queries_executed items_processed domains_analyzed convergence_signals confidence_scores symbols_found queries	complete	270
196	2026-05-03T03:11:45.821978	cycle start_time queries_executed items_processed domains_analyzed convergence_signals confidence_scores symbols_found queries	complete	270
197	2026-05-03T03:12:46.063724	cycle start_time queries_executed items_processed domains_analyzed convergence_signals confidence_scores symbols_found queries	complete	270
198	2026-05-03T03:13:46.273692	cycle start_time queries_executed items_processed domains_analyzed convergence_signals confidence_scores symbols_found queries	complete	270
199	2026-05-03T03:14:46.444088	cycle start_time queries_executed items_processed domains_analyzed convergence_signals confidence_scores symbols_found queries	complete	270
200	2026-05-03T03:15:46.616217	cycle start_time queries_executed items_processed domains_analyzed convergence_signals confidence_scores symbols_found queries	complete	270
201	2026-05-03T03:16:46.790034	cycle start_time queries_executed items_processed domains_analyzed convergence_signals confidence_scores symbols_found queries	complete	270
202	2026-05-03T03:17:46.972354	cycle start_time queries_executed items_processed domains_analyzed convergence_signals confidence_scores symbols_found queries	complete	270
203	2026-05-03T03:18:47.158276	cycle start_time queries_executed items_processed domains_analyzed convergence_signals confidence_scores symbols_found queries	complete	270
204	2026-05-03T03:19:47.928391	cycle start_time queries_executed items_processed domains_analyzed convergence_signals confidence_scores symbols_found queries	complete	270
205	2026-05-03T03:20:48.431856	cycle start_time queries_executed items_processed domains_analyzed convergence_signals confidence_scores symbols_found queries	complete	270
206	2026-05-03T03:21:48.902713	cycle start_time queries_executed items_processed domains_analyzed convergence_signals confidence_scores symbols_found queries	complete	270
207	2026-05-03T03:22:49.300532	cycle start_time queries_executed items_processed domains_analyzed convergence_signals confidence_scores symbols_found queries	complete	270
208	2026-05-03T03:23:49.309343	cycle start_time queries_executed items_processed domains_analyzed convergence_signals confidence_scores symbols_found queries	complete	270
209	2026-05-03T03:24:49.341451	cycle start_time queries_executed items_processed domains_analyzed convergence_signals confidence_scores symbols_found queries	complete	270
