[2026-05-01T15:47:12] 

✅ === CYCLE #828 COMPLETE ===

📊 Processed: 2484 items
🔮 Symbols tracked: 124, 666, 963, 55, 279, 111
🌐 Domains active: 9
🔗 Hidden layering detections: 18
💾 Git commit hash: N/A
📝 Obsidian files: 1

⚡ Ready for next cycle in continuous loop mode (repeat: 9999)

[2026-05-01T15:47:12Z] [HEADER] ================================================================================
[2026-05-01T15:47:12Z] [INFO] 🔄 OVERNIGHT RESEARCH PIPELINE - CYCLE #2
[2026-05-01T15:47:12Z] [INFO] ================================================================================
[2026-05-01T15:47:12Z] [HEADER] ============================================================
[2026-05-01T15:47:12Z] [INFO] 🌙 STARTING OVERNIGHT RESEARCH CYCLE #2
[2026-05-01T15:47:12Z] [INFO] 🔍 Running overnight research protocol (web scraping + cross-symbol analysis)...
[2026-05-01T15:47:12Z] [INFO] 📊 Cycle duration: 0.23s, Files generated: 0
[2026-05-01T15:47:12Z] [WARNING] ⚠️ Database not initialized for cycle counting
[2026-05-01T15:47:12Z] [INFO] 💾 Database updated with cycle results
[2026-05-01T15:47:12Z] [SECTION] ============================================================
[2026-05-01T15:47:12Z] [INFO] 🔮 PHASE: HIDDEN LAYERING DETECTION
[2026-05-01T15:47:12Z] [INFO] 🔗 Hidden layering detection complete. Connections identified: 2
[2026-05-01T15:47:12Z] [SECTION] ============================================================
[2026-05-01T15:47:12Z] [INFO] 🔬 PHASE: DOMAIN CORRELATION ANALYSIS
[2026-05-01T15:47:12Z] [INFO] 📊 Domain correlation matrices created: 2
[2026-05-01T15:47:12Z] [SECTION] ============================================================
[2026-05-01T15:47:12Z] [INFO] 🖼️  PHASE: IMAGE-SEED ANALYSIS
[2026-05-01T15:47:12Z] [INFO] 📂 Image seed analysis bootstrapping from 0 images...
[2026-05-01T15:47:12Z] [SECTION] ============================================================
[2026-05-01T15:47:12Z] [INFO] 📤 PHASE: PUSH COMPONENTS TO TOLARIA
[2026-05-01T15:47:13Z] [INFO] 📦 Components pushed to Tolaria: 5
[2026-05-01T15:47:13Z] [SECTION] ============================================================
[2026-05-01T15:47:13Z] [INFO] 🧩 PHASE: COMPOSER - DOMAIN INTEGRATION SYNTHESIS
[2026-05-01T15:47:29Z] [INFO] 🎨 Domain integrations synthesized: 0
[2026-05-01T15:47:29Z] [SECTION] ============================================================
[2026-05-01T15:47:29Z] [INFO] 🚀 PHASE: ADVANCED OVERNIGHT LOOP
[2026-05-01T15:47:29Z] [INFO] 🔬 Advanced loop completed cycles: 0
[2026-05-01T15:47:29Z] [WARNING] ⚠️  Git commit skipped or failed (git not initialized?): Command '['git', '-C', '/home/avalonas/.hermes/gematria/unified_overnight_research', 'commit', '-m', '[2026-05-01T15:47:29Z] Cycle 1: Cycle 2: Web research + hidden layering detection']' returned non-zero exit status 1.
[2026-05-01T15:47:29Z] [INFO] 
📊 CYCLE #2 SUMMARY
[2026-05-01T15:47:29Z] [INFO] ✅ Successful tasks: 7/7
[2026-05-01T15:47:29Z] [INFO] ⏱️  Cycle duration: 16.95s
[2026-05-01T15:47:29Z] [INFO]    ⚠️ task: result
[2026-05-01T15:47:29Z] [INFO]    ⚠️ task: result
[2026-05-01T15:47:29Z] [INFO]    ⚠️ task: result
[2026-05-01T15:47:29Z] [INFO]    ⚠️ task: result
[2026-05-01T15:47:29Z] [INFO]    ⚠️ task: result
[2026-05-01T15:47:29Z] [INFO]    ⚠️ task: result
[2026-05-01T15:47:29Z] [INFO]    ⚠️ task: result
[2026-05-01T15:47:29Z] [HEADER] ================================================================================
[2026-05-01T15:47:29Z] [INFO] 🔄 OVERNIGHT RESEARCH PIPELINE - CYCLE #3
[2026-05-01T15:47:29Z] [INFO] ================================================================================
[2026-05-01T15:47:29Z] [HEADER] ============================================================
[2026-05-01T15:47:29Z] [INFO] 🌙 STARTING OVERNIGHT RESEARCH CYCLE #3
[2026-05-01T15:47:29Z] [INFO] 🔍 Running overnight research protocol (web scraping + cross-symbol analysis)...
[2026-05-01T15:47:29Z] [INFO] 📊 Cycle duration: 0.22s, Files generated: 0
[2026-05-01T15:47:29Z] [WARNING] ⚠️ Database not initialized for cycle counting
[2026-05-01T15:47:29Z] [INFO] 💾 Database updated with cycle results
[2026-05-01T15:47:29Z] [SECTION] ============================================================
[2026-05-01T15:47:29Z] [INFO] 🔮 PHASE: HIDDEN LAYERING DETECTION
[2026-05-01T15:47:29Z] [INFO] 🔗 Hidden layering detection complete. Connections identified: 2
[2026-05-01T15:47:29Z] [SECTION] ============================================================
[2026-05-01T15:47:29Z] [INFO] 🔬 PHASE: DOMAIN CORRELATION ANALYSIS
[2026-05-01T15:47:29Z] [INFO] 📊 Domain correlation matrices created: 2
[2026-05-01T15:47:29Z] [SECTION] ============================================================
[2026-05-01T15:47:29Z] [INFO] 🖼️  PHASE: IMAGE-SEED ANALYSIS
[2026-05-01T15:47:29Z] [INFO] 📂 Image seed analysis bootstrapping from 0 images...
[2026-05-01T15:47:29Z] [SECTION] ============================================================
[2026-05-01T15:47:29Z] [INFO] 📤 PHASE: PUSH COMPONENTS TO TOLARIA
[2026-05-01T15:47:30Z] [INFO] 📦 Components pushed to Tolaria: 5
[2026-05-01T15:47:30Z] [SECTION] ============================================================
[2026-05-01T15:47:30Z] [INFO] 🧩 PHASE: COMPOSER - DOMAIN INTEGRATION SYNTHESIS
[2026-05-01T15:47:51Z] [INFO] 🎨 Domain integrations synthesized: 0
[2026-05-01T15:47:51Z] [SECTION] ============================================================
[2026-05-01T15:47:51Z] [INFO] 🚀 PHASE: ADVANCED OVERNIGHT LOOP
[2026-05-01T15:47:51Z] [INFO] 🔬 Advanced loop completed cycles: 0
[2026-05-01T15:47:51Z] [WARNING] ⚠️  Git commit skipped or failed (git not initialized?): Command '['git', '-C', '/home/avalonas/.hermes/gematria/unified_overnight_research', 'commit', '-m', '[2026-05-01T15:47:51Z] Cycle 2: Cycle 3: Web research + hidden layering detection']' returned non-zero exit status 1.
[2026-05-01T15:47:51Z] [INFO] 
📊 CYCLE #3 SUMMARY
[2026-05-01T15:47:51Z] [INFO] ✅ Successful tasks: 7/7
[2026-05-01T15:47:51Z] [INFO] ⏱️  Cycle duration: 22.46s
[2026-05-01T15:47:51Z] [INFO]    ⚠️ task: result
[2026-05-01T15:47:51Z] [INFO]    ⚠️ task: result
[2026-05-01T15:47:51Z] [INFO]    ⚠️ task: result
[2026-05-01T15:47:51Z] [INFO]    ⚠️ task: result
[2026-05-01T15:47:51Z] [INFO]    ⚠️ task: result
[2026-05-01T15:47:51Z] [INFO]    ⚠️ task: result
[2026-05-01T15:47:51Z] [INFO]    ⚠️ task: result
[2026-05-01T15:47:51Z] [HEADER] ================================================================================
[2026-05-01T15:47:51Z] [INFO] 🔄 OVERNIGHT RESEARCH PIPELINE - CYCLE #4
[2026-05-01T15:47:51Z] [INFO] ================================================================================
[2026-05-01T15:47:51Z] [HEADER] ============================================================
[2026-05-01T15:47:51Z] [INFO] 🌙 STARTING OVERNIGHT RESEARCH CYCLE #4
[2026-05-01T15:47:51Z] [INFO] 🔍 Running overnight research protocol (web scraping + cross-symbol analysis)...
[2026-05-01T15:47:51Z] [INFO] 📊 Cycle duration: 0.23s, Files generated: 0
[2026-05-01T15:47:51Z] [WARNING] ⚠️ Database not initialized for cycle counting
[2026-05-01T15:47:51Z] [INFO] 💾 Database updated with cycle results
[2026-05-01T15:47:51Z] [SECTION] ============================================================
[2026-05-01T15:47:51Z] [INFO] 🔮 PHASE: HIDDEN LAYERING DETECTION
[2026-05-01T15:47:51Z] [INFO] 🔗 Hidden layering detection complete. Connections identified: 2
[2026-05-01T15:47:51Z] [SECTION] ============================================================
[2026-05-01T15:47:51Z] [INFO] 🔬 PHASE: DOMAIN CORRELATION ANALYSIS
[2026-05-01T15:47:52Z] [INFO] 📊 Domain correlation matrices created: 2
[2026-05-01T15:47:52Z] [SECTION] ============================================================
[2026-05-01T15:47:52Z] [INFO] 🖼️  PHASE: IMAGE-SEED ANALYSIS
[2026-05-01T15:47:52Z] [INFO] 📂 Image seed analysis bootstrapping from 0 images...
[2026-05-01T15:47:52Z] [SECTION] ============================================================
[2026-05-01T15:47:52Z] [INFO] 📤 PHASE: PUSH COMPONENTS TO TOLARIA
[2026-05-01T15:47:53Z] [INFO] 📦 Components pushed to Tolaria: 5
[2026-05-01T15:47:53Z] [SECTION] ============================================================
[2026-05-01T15:47:53Z] [INFO] 🧩 PHASE: COMPOSER - DOMAIN INTEGRATION SYNTHESIS
[2026-05-01T15:48:09Z] [INFO] 🎨 Domain integrations synthesized: 0
[2026-05-01T15:48:09Z] [SECTION] ============================================================
[2026-05-01T15:48:09Z] [INFO] 🚀 PHASE: ADVANCED OVERNIGHT LOOP
[2026-05-01T15:48:09Z] [INFO] 🔬 Advanced loop completed cycles: 0
[2026-05-01T15:48:09Z] [WARNING] ⚠️  Git commit skipped or failed (git not initialized?): Command '['git', '-C', '/home/avalonas/.hermes/gematria/unified_overnight_research', 'add', '.']' returned non-zero exit status 128.
[2026-05-01T15:48:09Z] [INFO] 
📊 CYCLE #4 SUMMARY
[2026-05-01T15:48:09Z] [INFO] ✅ Successful tasks: 7/7
[2026-05-01T15:48:09Z] [INFO] ⏱️  Cycle duration: 17.78s
[2026-05-01T15:48:09Z] [INFO]    ⚠️ task: result
[2026-05-01T15:48:09Z] [INFO]    ⚠️ task: result
[2026-05-01T15:48:09Z] [INFO]    ⚠️ task: result
[2026-05-01T15:48:09Z] [INFO]    ⚠️ task: result
[2026-05-01T15:48:09Z] [INFO]    ⚠️ task: result
[2026-05-01T15:48:09Z] [INFO]    ⚠️ task: result
[2026-05-01T15:48:09Z] [INFO]    ⚠️ task: result
[2026-05-01T15:48:09Z] [HEADER] ================================================================================
[2026-05-01T15:48:09Z] [INFO] 🔄 OVERNIGHT RESEARCH PIPELINE - CYCLE #5
[2026-05-01T15:48:09Z] [INFO] ================================================================================
[2026-05-01T15:48:09Z] [HEADER] ============================================================
[2026-05-01T15:48:09Z] [INFO] 🌙 STARTING OVERNIGHT RESEARCH CYCLE #5
[2026-05-01T15:48:09Z] [INFO] 🔍 Running overnight research protocol (web scraping + cross-symbol analysis)...
[2026-05-01T15:48:09Z] [INFO] 📊 Cycle duration: 0.22s, Files generated: 0
[2026-05-01T15:48:09Z] [WARNING] ⚠️ Database not initialized for cycle counting
[2026-05-01T15:48:09Z] [INFO] 💾 Database updated with cycle results
[2026-05-01T15:48:09Z] [SECTION] ============================================================
[2026-05-01T15:48:09Z] [INFO] 🔮 PHASE: HIDDEN LAYERING DETECTION
[2026-05-01T15:48:09Z] [INFO] 🔗 Hidden layering detection complete. Connections identified: 2
[2026-05-01T15:48:09Z] [SECTION] ============================================================
[2026-05-01T15:48:09Z] [INFO] 🔬 PHASE: DOMAIN CORRELATION ANALYSIS
[2026-05-01T15:48:09Z] [INFO] 📊 Domain correlation matrices created: 2
[2026-05-01T15:48:09Z] [SECTION] ============================================================
[2026-05-01T15:48:09Z] [INFO] 🖼️  PHASE: IMAGE-SEED ANALYSIS
[2026-05-01T15:48:09Z] [INFO] 📂 Image seed analysis bootstrapping from 0 images...
[2026-05-01T15:48:09Z] [SECTION] ============================================================
[2026-05-01T15:48:09Z] [INFO] 📤 PHASE: PUSH COMPONENTS TO TOLARIA
[2026-05-01T15:48:10Z] [INFO] 📦 Components pushed to Tolaria: 5
[2026-05-01T15:48:10Z] [SECTION] ============================================================
[2026-05-01T15:48:10Z] [INFO] 🧩 PHASE: COMPOSER - DOMAIN INTEGRATION SYNTHESIS
[2026-05-01T15:48:28Z] [INFO] 🎨 Domain integrations synthesized: 0
[2026-05-01T15:48:28Z] [SECTION] ============================================================
[2026-05-01T15:48:28Z] [INFO] 🚀 PHASE: ADVANCED OVERNIGHT LOOP
[2026-05-01T15:48:28Z] [INFO] 🔬 Advanced loop completed cycles: 0
[2026-05-01T15:48:28Z] [WARNING] ⚠️  Git commit skipped or failed (git not initialized?): Command '['git', '-C', '/home/avalonas/.hermes/gematria/unified_overnight_research', 'commit', '-m', '[2026-05-01T15:48:28Z] Cycle 4: Cycle 5: Web research + hidden layering detection']' returned non-zero exit status 1.
[2026-05-01T15:48:28Z] [INFO] 
📊 CYCLE #5 SUMMARY
[2026-05-01T15:48:28Z] [INFO] ✅ Successful tasks: 7/7
[2026-05-01T15:48:28Z] [INFO] ⏱️  Cycle duration: 19.07s
[2026-05-01T15:48:28Z] [INFO]    ⚠️ task: result
[2026-05-01T15:48:28Z] [INFO]    ⚠️ task: result
[2026-05-01T15:48:28Z] [INFO]    ⚠️ task: result
[2026-05-01T15:48:28Z] [INFO]    ⚠️ task: result
[2026-05-01T15:48:28Z] [INFO]    ⚠️ task: result
[2026-05-01T15:48:28Z] [INFO]    ⚠️ task: result
[2026-05-01T15:48:28Z] [INFO]    ⚠️ task: result
[2026-05-01T15:48:28Z] [HEADER] ================================================================================
[2026-05-01T15:48:28Z] [INFO] 🔄 OVERNIGHT RESEARCH PIPELINE - CYCLE #6
[2026-05-01T15:48:28Z] [INFO] ================================================================================
[2026-05-01T15:48:28Z] [HEADER] ============================================================
[2026-05-01T15:48:28Z] [INFO] 🌙 STARTING OVERNIGHT RESEARCH CYCLE #6
[2026-05-01T15:48:28Z] [INFO] 🔍 Running overnight research protocol (web scraping + cross-symbol analysis)...
[2026-05-01T15:48:28Z] [INFO] 📊 Cycle duration: 0.21s, Files generated: 0
[2026-05-01T15:48:28Z] [WARNING] ⚠️ Database not initialized for cycle counting
[2026-05-01T15:48:28Z] [INFO] 💾 Database updated with cycle results
[2026-05-01T15:48:28Z] [SECTION] ============================================================
[2026-05-01T15:48:28Z] [INFO] 🔮 PHASE: HIDDEN LAYERING DETECTION
[2026-05-01T15:48:28Z] [INFO] 🔗 Hidden layering detection complete. Connections identified: 2
[2026-05-01T15:48:28Z] [SECTION] ============================================================
[2026-05-01T15:48:28Z] [INFO] 🔬 PHASE: DOMAIN CORRELATION ANALYSIS
[2026-05-01T15:48:28Z] [INFO] 📊 Domain correlation matrices created: 2
[2026-05-01T15:48:28Z] [SECTION] ============================================================
[2026-05-01T15:48:28Z] [INFO] 🖼️  PHASE: IMAGE-SEED ANALYSIS
[2026-05-01T15:48:28Z] [INFO] 📂 Image seed analysis bootstrapping from 0 images...
[2026-05-01T15:48:28Z] [SECTION] ============================================================
[2026-05-01T15:48:28Z] [INFO] 📤 PHASE: PUSH COMPONENTS TO TOLARIA
[2026-05-01T15:48:29Z] [INFO] 📦 Components pushed to Tolaria: 5
[2026-05-01T15:48:29Z] [SECTION] ============================================================
[2026-05-01T15:48:29Z] [INFO] 🧩 PHASE: COMPOSER - DOMAIN INTEGRATION SYNTHESIS
[2026-05-01T15:48:46Z] [INFO] 🎨 Domain integrations synthesized: 0
[2026-05-01T15:48:46Z] [SECTION] ============================================================
[2026-05-01T15:48:46Z] [INFO] 🚀 PHASE: ADVANCED OVERNIGHT LOOP
[2026-05-01T15:48:46Z] [INFO] 🔬 Advanced loop completed cycles: 0
[2026-05-01T15:48:46Z] [WARNING] ⚠️  Git commit skipped or failed (git not initialized?): Command '['git', '-C', '/home/avalonas/.hermes/gematria/unified_overnight_research', 'commit', '-m', '[2026-05-01T15:48:46Z] Cycle 5: Cycle 6: Web research + hidden layering detection']' returned non-zero exit status 1.
[2026-05-01T15:48:46Z] [INFO] 
📊 CYCLE #6 SUMMARY
[2026-05-01T15:48:46Z] [INFO] ✅ Successful tasks: 7/7
[2026-05-01T15:48:46Z] [INFO] ⏱️  Cycle duration: 18.07s
[2026-05-01T15:48:46Z] [INFO]    ⚠️ task: result
[2026-05-01T15:48:46Z] [INFO]    ⚠️ task: result
[2026-05-01T15:48:46Z] [INFO]    ⚠️ task: result
[2026-05-01T15:48:46Z] [INFO]    ⚠️ task: result
[2026-05-01T15:48:46Z] [INFO]    ⚠️ task: result
[2026-05-01T15:48:46Z] [INFO]    ⚠️ task: result
[2026-05-01T15:48:46Z] [INFO]    ⚠️ task: result
[2026-05-01T15:48:46Z] [HEADER] ================================================================================
[2026-05-01T15:48:46Z] [INFO] 🔄 OVERNIGHT RESEARCH PIPELINE - CYCLE #7
[2026-05-01T15:48:46Z] [INFO] ================================================================================
[2026-05-01T15:48:46Z] [HEADER] ============================================================
[2026-05-01T15:48:46Z] [INFO] 🌙 STARTING OVERNIGHT RESEARCH CYCLE #7
[2026-05-01T15:48:46Z] [INFO] 🔍 Running overnight research protocol (web scraping + cross-symbol analysis)...
[2026-05-01T15:48:46Z] [INFO] 📊 Cycle duration: 0.21s, Files generated: 0
[2026-05-01T15:48:46Z] [WARNING] ⚠️ Database not initialized for cycle counting
[2026-05-01T15:48:46Z] [INFO] 💾 Database updated with cycle results
[2026-05-01T15:48:46Z] [SECTION] ============================================================
[2026-05-01T15:48:46Z] [INFO] 🔮 PHASE: HIDDEN LAYERING DETECTION
[2026-05-01T15:48:46Z] [INFO] 🔗 Hidden layering detection complete. Connections identified: 2
[2026-05-01T15:48:46Z] [SECTION] ============================================================
[2026-05-01T15:48:46Z] [INFO] 🔬 PHASE: DOMAIN CORRELATION ANALYSIS
[2026-05-01T15:48:46Z] [INFO] 📊 Domain correlation matrices created: 2
[2026-05-01T15:48:46Z] [SECTION] ============================================================
[2026-05-01T15:48:46Z] [INFO] 🖼️  PHASE: IMAGE-SEED ANALYSIS
[2026-05-01T15:48:46Z] [INFO] 📂 Image seed analysis bootstrapping from 0 images...
[2026-05-01T15:48:46Z] [SECTION] ============================================================
[2026-05-01T15:48:46Z] [INFO] 📤 PHASE: PUSH COMPONENTS TO TOLARIA
[2026-05-01T15:48:48Z] [INFO] 📦 Components pushed to Tolaria: 5
[2026-05-01T15:48:48Z] [SECTION] ============================================================
[2026-05-01T15:48:48Z] [INFO] 🧩 PHASE: COMPOSER - DOMAIN INTEGRATION SYNTHESIS
[2026-05-01T15:49:03Z] [INFO] 🎨 Domain integrations synthesized: 0
[2026-05-01T15:49:03Z] [SECTION] ============================================================
[2026-05-01T15:49:03Z] [INFO] 🚀 PHASE: ADVANCED OVERNIGHT LOOP
[2026-05-01T15:49:03Z] [INFO] 🔬 Advanced loop completed cycles: 0
[2026-05-01T15:49:03Z] [WARNING] ⚠️  Git commit skipped or failed (git not initialized?): Command '['git', '-C', '/home/avalonas/.hermes/gematria/unified_overnight_research', 'commit', '-m', '[2026-05-01T15:49:03Z] Cycle 6: Cycle 7: Web research + hidden layering detection']' returned non-zero exit status 1.
[2026-05-01T15:49:03Z] [INFO] 
📊 CYCLE #7 SUMMARY
[2026-05-01T15:49:03Z] [INFO] ✅ Successful tasks: 7/7
[2026-05-01T15:49:03Z] [INFO] ⏱️  Cycle duration: 16.73s
[2026-05-01T15:49:03Z] [INFO]    ⚠️ task: result
[2026-05-01T15:49:03Z] [INFO]    ⚠️ task: result
[2026-05-01T15:49:03Z] [INFO]    ⚠️ task: result
[2026-05-01T15:49:03Z] [INFO]    ⚠️ task: result
[2026-05-01T15:49:03Z] [INFO]    ⚠️ task: result
[2026-05-01T15:49:03Z] [INFO]    ⚠️ task: result
[2026-05-01T15:49:03Z] [INFO]    ⚠️ task: result
[2026-05-01T15:49:03Z] [HEADER] ================================================================================
[2026-05-01T15:49:03Z] [INFO] 🔄 OVERNIGHT RESEARCH PIPELINE - CYCLE #8
[2026-05-01T15:49:03Z] [INFO] ================================================================================
[2026-05-01T15:49:03Z] [HEADER] ============================================================
[2026-05-01T15:49:03Z] [INFO] 🌙 STARTING OVERNIGHT RESEARCH CYCLE #8
[2026-05-01T15:49:03Z] [INFO] 🔍 Running overnight research protocol (web scraping + cross-symbol analysis)...
[2026-05-01T15:49:03Z] [INFO] 📊 Cycle duration: 0.13s, Files generated: 0
[2026-05-01T15:49:03Z] [WARNING] ⚠️ Database not initialized for cycle counting
[2026-05-01T15:49:03Z] [INFO] 💾 Database updated with cycle results
[2026-05-01T15:49:03Z] [SECTION] ============================================================
[2026-05-01T15:49:03Z] [INFO] 🔮 PHASE: HIDDEN LAYERING DETECTION
[2026-05-01T15:49:03Z] [INFO] 🔗 Hidden layering detection complete. Connections identified: 2
[2026-05-01T15:49:03Z] [SECTION] ============================================================
[2026-05-01T15:49:03Z] [INFO] 🔬 PHASE: DOMAIN CORRELATION ANALYSIS
[2026-05-01T15:49:03Z] [INFO] 📊 Domain correlation matrices created: 2
[2026-05-01T15:49:03Z] [SECTION] ============================================================
[2026-05-01T15:49:03Z] [INFO] 🖼️  PHASE: IMAGE-SEED ANALYSIS
[2026-05-01T15:49:03Z] [INFO] 📂 Image seed analysis bootstrapping from 0 images...
[2026-05-01T15:49:03Z] [SECTION] ============================================================
[2026-05-01T15:49:03Z] [INFO] 📤 PHASE: PUSH COMPONENTS TO TOLARIA
[2026-05-01T15:49:04Z] [INFO] 📦 Components pushed to Tolaria: 5
[2026-05-01T15:49:04Z] [SECTION] ============================================================
[2026-05-01T15:49:04Z] [INFO] 🧩 PHASE: COMPOSER - DOMAIN INTEGRATION SYNTHESIS
[2026-05-01T15:49:25Z] [INFO] 🎨 Domain integrations synthesized: 0
[2026-05-01T15:49:25Z] [SECTION] ============================================================
[2026-05-01T15:49:25Z] [INFO] 🚀 PHASE: ADVANCED OVERNIGHT LOOP
[2026-05-01T15:49:25Z] [INFO] 🔬 Advanced loop completed cycles: 0
[2026-05-01T15:49:25Z] [WARNING] ⚠️  Git commit skipped or failed (git not initialized?): Command '['git', '-C', '/home/avalonas/.hermes/gematria/unified_overnight_research', 'add', '.']' returned non-zero exit status 128.
[2026-05-01T15:49:25Z] [INFO] 
📊 CYCLE #8 SUMMARY
[2026-05-01T15:49:25Z] [INFO] ✅ Successful tasks: 7/7
[2026-05-01T15:49:25Z] [INFO] ⏱️  Cycle duration: 22.17s
[2026-05-01T15:49:25Z] [INFO]    ⚠️ task: result
[2026-05-01T15:49:25Z] [INFO]    ⚠️ task: result
[2026-05-01T15:49:25Z] [INFO]    ⚠️ task: result
[2026-05-01T15:49:25Z] [INFO]    ⚠️ task: result
[2026-05-01T15:49:25Z] [INFO]    ⚠️ task: result
[2026-05-01T15:49:25Z] [INFO]    ⚠️ task: result
[2026-05-01T15:49:25Z] [INFO]    ⚠️ task: result
[2026-05-01T15:49:25Z] [HEADER] ================================================================================
[2026-05-01T15:49:25Z] [INFO] 🔄 OVERNIGHT RESEARCH PIPELINE - CYCLE #9
[2026-05-01T15:49:25Z] [INFO] ================================================================================
[2026-05-01T15:49:25Z] [HEADER] ============================================================
[2026-05-01T15:49:25Z] [INFO] 🌙 STARTING OVERNIGHT RESEARCH CYCLE #9
[2026-05-01T15:49:25Z] [INFO] 🔍 Running overnight research protocol (web scraping + cross-symbol analysis)...
[2026-05-01T15:49:25Z] [INFO] 📊 Cycle duration: 0.24s, Files generated: 0
[2026-05-01T15:49:25Z] [WARNING] ⚠️ Database not initialized for cycle counting
[2026-05-01T15:49:25Z] [INFO] 💾 Database updated with cycle results
[2026-05-01T15:49:25Z] [SECTION] ============================================================
[2026-05-01T15:49:25Z] [INFO] 🔮 PHASE: HIDDEN LAYERING DETECTION
[2026-05-01T15:49:25Z] [INFO] 🔗 Hidden layering detection complete. Connections identified: 2
[2026-05-01T15:49:25Z] [SECTION] ============================================================
[2026-05-01T15:49:25Z] [INFO] 🔬 PHASE: DOMAIN CORRELATION ANALYSIS
[2026-05-01T15:49:25Z] [INFO] 📊 Domain correlation matrices created: 2
[2026-05-01T15:49:25Z] [SECTION] ============================================================
[2026-05-01T15:49:25Z] [INFO] 🖼️  PHASE: IMAGE-SEED ANALYSIS
[2026-05-01T15:49:25Z] [INFO] 📂 Image seed analysis bootstrapping from 0 images...
[2026-05-01T15:49:25Z] [SECTION] ============================================================
[2026-05-01T15:49:25Z] [INFO] 📤 PHASE: PUSH COMPONENTS TO TOLARIA
[2026-05-01T15:49:26Z] [INFO] 📦 Components pushed to Tolaria: 5
[2026-05-01T15:49:26Z] [SECTION] ============================================================
[2026-05-01T15:49:26Z] [INFO] 🧩 PHASE: COMPOSER - DOMAIN INTEGRATION SYNTHESIS
[2026-05-01T15:49:44Z] [INFO] 🎨 Domain integrations synthesized: 0
[2026-05-01T15:49:44Z] [SECTION] ============================================================
[2026-05-01T15:49:44Z] [INFO] 🚀 PHASE: ADVANCED OVERNIGHT LOOP
[2026-05-01T15:49:44Z] [INFO] 🔬 Advanced loop completed cycles: 0
[2026-05-01T15:49:44Z] [WARNING] ⚠️  Git commit skipped or failed (git not initialized?): Command '['git', '-C', '/home/avalonas/.hermes/gematria/unified_overnight_research', 'add', '.']' returned non-zero exit status 128.
[2026-05-01T15:49:44Z] [INFO] 
📊 CYCLE #9 SUMMARY
[2026-05-01T15:49:44Z] [INFO] ✅ Successful tasks: 7/7
[2026-05-01T15:49:44Z] [INFO] ⏱️  Cycle duration: 18.63s
[2026-05-01T15:49:44Z] [INFO]    ⚠️ task: result
[2026-05-01T15:49:44Z] [INFO]    ⚠️ task: result
[2026-05-01T15:49:44Z] [INFO]    ⚠️ task: result
[2026-05-01T15:49:44Z] [INFO]    ⚠️ task: result
[2026-05-01T15:49:44Z] [INFO]    ⚠️ task: result
[2026-05-01T15:49:44Z] [INFO]    ⚠️ task: result
[2026-05-01T15:49:44Z] [INFO]    ⚠️ task: result
[2026-05-01T15:49:44Z] [HEADER] ================================================================================
[2026-05-01T15:49:44Z] [INFO] 🔄 OVERNIGHT RESEARCH PIPELINE - CYCLE #10
[2026-05-01T15:49:44Z] [INFO] ================================================================================
[2026-05-01T15:49:44Z] [HEADER] ============================================================
[2026-05-01T15:49:44Z] [INFO] 🌙 STARTING OVERNIGHT RESEARCH CYCLE #10
[2026-05-01T15:49:44Z] [INFO] 🔍 Running overnight research protocol (web scraping + cross-symbol analysis)...
[2026-05-01T15:49:44Z] [INFO] 📊 Cycle duration: 0.23s, Files generated: 0
[2026-05-01T15:49:44Z] [WARNING] ⚠️ Database not initialized for cycle counting
[2026-05-01T15:49:44Z] [INFO] 💾 Database updated with cycle results
[2026-05-01T15:49:44Z] [SECTION] ============================================================
[2026-05-01T15:49:44Z] [INFO] 🔮 PHASE: HIDDEN LAYERING DETECTION
[2026-05-01T15:49:44Z] [INFO] 🔗 Hidden layering detection complete. Connections identified: 2
[2026-05-01T15:49:44Z] [SECTION] ============================================================
[2026-05-01T15:49:44Z] [INFO] 🔬 PHASE: DOMAIN CORRELATION ANALYSIS
[2026-05-01T15:49:44Z] [INFO] 📊 Domain correlation matrices created: 2
[2026-05-01T15:49:44Z] [SECTION] ============================================================
[2026-05-01T15:49:44Z] [INFO] 🖼️  PHASE: IMAGE-SEED ANALYSIS
[2026-05-01T15:49:44Z] [INFO] 📂 Image seed analysis bootstrapping from 0 images...
[2026-05-01T15:49:44Z] [SECTION] ============================================================
[2026-05-01T15:49:44Z] [INFO] 📤 PHASE: PUSH COMPONENTS TO TOLARIA
[2026-05-01T15:49:45Z] [INFO] 📦 Components pushed to Tolaria: 5
[2026-05-01T15:49:45Z] [SECTION] ============================================================
[2026-05-01T15:49:45Z] [INFO] 🧩 PHASE: COMPOSER - DOMAIN INTEGRATION SYNTHESIS
[2026-05-01T15:50:04Z] [INFO] 🎨 Domain integrations synthesized: 0
[2026-05-01T15:50:04Z] [SECTION] ============================================================
[2026-05-01T15:50:04Z] [INFO] 🚀 PHASE: ADVANCED OVERNIGHT LOOP
[2026-05-01T15:50:04Z] [INFO] 🔬 Advanced loop completed cycles: 0
[2026-05-01T15:50:04Z] [WARNING] ⚠️  Git commit skipped or failed (git not initialized?): Command '['git', '-C', '/home/avalonas/.hermes/gematria/unified_overnight_research', 'add', '.']' returned non-zero exit status 128.
[2026-05-01T15:50:04Z] [INFO] 
📊 CYCLE #10 SUMMARY
[2026-05-01T15:50:04Z] [INFO] ✅ Successful tasks: 7/7
[2026-05-01T15:50:04Z] [INFO] ⏱️  Cycle duration: 20.26s
[2026-05-01T15:50:04Z] [INFO]    ⚠️ task: result
[2026-05-01T15:50:04Z] [INFO]    ⚠️ task: result
[2026-05-01T15:50:04Z] [INFO]    ⚠️ task: result
[2026-05-01T15:50:04Z] [INFO]    ⚠️ task: result
[2026-05-01T15:50:04Z] [INFO]    ⚠️ task: result
[2026-05-01T15:50:04Z] [INFO]    ⚠️ task: result
[2026-05-01T15:50:04Z] [INFO]    ⚠️ task: result
[2026-05-01T15:50:04Z] [HEADER] ================================================================================
[2026-05-01T15:50:04Z] [INFO] 🔄 OVERNIGHT RESEARCH PIPELINE - CYCLE #11
[2026-05-01T15:50:04Z] [INFO] ================================================================================
[2026-05-01T15:50:04Z] [HEADER] ============================================================
[2026-05-01T15:50:04Z] [INFO] 🌙 STARTING OVERNIGHT RESEARCH CYCLE #11
[2026-05-01T15:50:04Z] [INFO] 🔍 Running overnight research protocol (web scraping + cross-symbol analysis)...
[2026-05-01T15:50:04Z] [INFO] 📊 Cycle duration: 0.23s, Files generated: 0
[2026-05-01T15:50:04Z] [WARNING] ⚠️ Database not initialized for cycle counting
[2026-05-01T15:50:04Z] [INFO] 💾 Database updated with cycle results
[2026-05-01T15:50:04Z] [SECTION] ============================================================
[2026-05-01T15:50:04Z] [INFO] 🔮 PHASE: HIDDEN LAYERING DETECTION
[2026-05-01T15:50:04Z] [INFO] 🔗 Hidden layering detection complete. Connections identified: 2
[2026-05-01T15:50:04Z] [SECTION] ============================================================
[2026-05-01T15:50:04Z] [INFO] 🔬 PHASE: DOMAIN CORRELATION ANALYSIS
[2026-05-01T15:50:04Z] [INFO] 📊 Domain correlation matrices created: 2
[2026-05-01T15:50:04Z] [SECTION] ============================================================
[2026-05-01T15:50:04Z] [INFO] 🖼️  PHASE: IMAGE-SEED ANALYSIS
[2026-05-01T15:50:04Z] [INFO] 📂 Image seed analysis bootstrapping from 0 images...
[2026-05-01T15:50:05Z] [SECTION] ============================================================
[2026-05-01T15:50:05Z] [INFO] 📤 PHASE: PUSH COMPONENTS TO TOLARIA
[2026-05-01T15:50:05Z] [INFO] 📦 Components pushed to Tolaria: 5
[2026-05-01T15:50:05Z] [SECTION] ============================================================
[2026-05-01T15:50:05Z] [INFO] 🧩 PHASE: COMPOSER - DOMAIN INTEGRATION SYNTHESIS
[2026-05-01T15:50:23Z] [INFO] 🎨 Domain integrations synthesized: 0
[2026-05-01T15:50:23Z] [SECTION] ============================================================
[2026-05-01T15:50:23Z] [INFO] 🚀 PHASE: ADVANCED OVERNIGHT LOOP
[2026-05-01T15:50:23Z] [INFO] 🔬 Advanced loop completed cycles: 0
[2026-05-01T15:50:24Z] [WARNING] ⚠️  Git commit skipped or failed (git not initialized?): Command '['git', '-C', '/home/avalonas/.hermes/gematria/unified_overnight_research', 'commit', '-m', '[2026-05-01T15:50:24Z] Cycle 10: Cycle 11: Web research + hidden layering detection']' returned non-zero exit status 1.
[2026-05-01T15:50:24Z] [INFO] 
📊 CYCLE #11 SUMMARY
[2026-05-01T15:50:24Z] [INFO] ✅ Successful tasks: 7/7
[2026-05-01T15:50:24Z] [INFO] ⏱️  Cycle duration: 19.68s
[2026-05-01T15:50:24Z] [INFO]    ⚠️ task: result
[2026-05-01T15:50:24Z] [INFO]    ⚠️ task: result
[2026-05-01T15:50:24Z] [INFO]    ⚠️ task: result
[2026-05-01T15:50:24Z] [INFO]    ⚠️ task: result
[2026-05-01T15:50:24Z] [INFO]    ⚠️ task: result
[2026-05-01T15:50:24Z] [INFO]    ⚠️ task: result
[2026-05-01T15:50:24Z] [INFO]    ⚠️ task: result
[2026-05-01T15:50:24Z] [HEADER] ================================================================================
[2026-05-01T15:50:24Z] [INFO] 🔄 OVERNIGHT RESEARCH PIPELINE - CYCLE #12
[2026-05-01T15:50:24Z] [INFO] ================================================================================
[2026-05-01T15:50:24Z] [HEADER] ============================================================
[2026-05-01T15:50:24Z] [INFO] 🌙 STARTING OVERNIGHT RESEARCH CYCLE #12
[2026-05-01T15:50:24Z] [INFO] 🔍 Running overnight research protocol (web scraping + cross-symbol analysis)...
[2026-05-01T15:50:24Z] [INFO] 📊 Cycle duration: 0.21s, Files generated: 0
[2026-05-01T15:50:24Z] [WARNING] ⚠️ Database not initialized for cycle counting
[2026-05-01T15:50:24Z] [INFO] 💾 Database updated with cycle results
[2026-05-01T15:50:24Z] [SECTION] ============================================================
[2026-05-01T15:50:24Z] [INFO] 🔮 PHASE: HIDDEN LAYERING DETECTION
[2026-05-01T15:50:24Z] [INFO] 🔗 Hidden layering detection complete. Connections identified: 2
[2026-05-01T15:50:24Z] [SECTION] ============================================================
[2026-05-01T15:50:24Z] [INFO] 🔬 PHASE: DOMAIN CORRELATION ANALYSIS
[2026-05-01T15:50:24Z] [INFO] 📊 Domain correlation matrices created: 2
[2026-05-01T15:50:24Z] [SECTION] ============================================================
[2026-05-01T15:50:24Z] [INFO] 🖼️  PHASE: IMAGE-SEED ANALYSIS
[2026-05-01T15:50:24Z] [INFO] 📂 Image seed analysis bootstrapping from 0 images...
[2026-05-01T15:50:24Z] [SECTION] ============================================================
[2026-05-01T15:50:24Z] [INFO] 📤 PHASE: PUSH COMPONENTS TO TOLARIA
[2026-05-01T15:50:25Z] [INFO] 📦 Components pushed to Tolaria: 5
[2026-05-01T15:50:25Z] [SECTION] ============================================================
[2026-05-01T15:50:25Z] [INFO] 🧩 PHASE: COMPOSER - DOMAIN INTEGRATION SYNTHESIS
[2026-05-01T15:50:45Z] [INFO] 🎨 Domain integrations synthesized: 0
[2026-05-01T15:50:45Z] [SECTION] ============================================================
[2026-05-01T15:50:45Z] [INFO] 🚀 PHASE: ADVANCED OVERNIGHT LOOP
[2026-05-01T15:50:45Z] [INFO] 🔬 Advanced loop completed cycles: 0
[2026-05-01T15:50:45Z] [WARNING] ⚠️  Git commit skipped or failed (git not initialized?): Command '['git', '-C', '/home/avalonas/.hermes/gematria/unified_overnight_research', 'commit', '-m', '[2026-05-01T15:50:45Z] Cycle 11: Cycle 12: Web research + hidden layering detection']' returned non-zero exit status 1.
[2026-05-01T15:50:45Z] [INFO] 
📊 CYCLE #12 SUMMARY
[2026-05-01T15:50:45Z] [INFO] ✅ Successful tasks: 7/7
[2026-05-01T15:50:45Z] [INFO] ⏱️  Cycle duration: 21.85s
[2026-05-01T15:50:45Z] [INFO]    ⚠️ task: result
[2026-05-01T15:50:45Z] [INFO]    ⚠️ task: result
[2026-05-01T15:50:45Z] [INFO]    ⚠️ task: result
[2026-05-01T15:50:45Z] [INFO]    ⚠️ task: result
[2026-05-01T15:50:45Z] [INFO]    ⚠️ task: result
[2026-05-01T15:50:45Z] [INFO]    ⚠️ task: result
[2026-05-01T15:50:45Z] [INFO]    ⚠️ task: result
[2026-05-01T15:50:45Z] [HEADER] ================================================================================
[2026-05-01T15:50:45Z] [INFO] 🔄 OVERNIGHT RESEARCH PIPELINE - CYCLE #13
[2026-05-01T15:50:45Z] [INFO] ================================================================================
[2026-05-01T15:50:45Z] [HEADER] ============================================================
[2026-05-01T15:50:45Z] [INFO] 🌙 STARTING OVERNIGHT RESEARCH CYCLE #13
[2026-05-01T15:50:45Z] [INFO] 🔍 Running overnight research protocol (web scraping + cross-symbol analysis)...
[2026-05-01T15:50:46Z] [INFO] 📊 Cycle duration: 0.22s, Files generated: 0
[2026-05-01T15:50:46Z] [WARNING] ⚠️ Database not initialized for cycle counting
[2026-05-01T15:50:46Z] [INFO] 💾 Database updated with cycle results
[2026-05-01T15:50:46Z] [SECTION] ============================================================
[2026-05-01T15:50:46Z] [INFO] 🔮 PHASE: HIDDEN LAYERING DETECTION
[2026-05-01T15:50:46Z] [INFO] 🔗 Hidden layering detection complete. Connections identified: 2
[2026-05-01T15:50:46Z] [SECTION] ============================================================
[2026-05-01T15:50:46Z] [INFO] 🔬 PHASE: DOMAIN CORRELATION ANALYSIS
[2026-05-01T15:50:46Z] [INFO] 📊 Domain correlation matrices created: 2
[2026-05-01T15:50:46Z] [SECTION] ============================================================
[2026-05-01T15:50:46Z] [INFO] 🖼️  PHASE: IMAGE-SEED ANALYSIS
[2026-05-01T15:50:46Z] [INFO] 📂 Image seed analysis bootstrapping from 0 images...
[2026-05-01T15:50:46Z] [SECTION] ============================================================
[2026-05-01T15:50:46Z] [INFO] 📤 PHASE: PUSH COMPONENTS TO TOLARIA
[2026-05-01T15:50:47Z] [INFO] 📦 Components pushed to Tolaria: 5
[2026-05-01T15:50:47Z] [SECTION] ============================================================
[2026-05-01T15:50:47Z] [INFO] 🧩 PHASE: COMPOSER - DOMAIN INTEGRATION SYNTHESIS
[2026-05-01T15:51:09Z] [INFO] 🎨 Domain integrations synthesized: 0
[2026-05-01T15:51:09Z] [SECTION] ============================================================
[2026-05-01T15:51:09Z] [INFO] 🚀 PHASE: ADVANCED OVERNIGHT LOOP
[2026-05-01T15:51:10Z] [INFO] 🔬 Advanced loop completed cycles: 0
[2026-05-01T15:51:10Z] [WARNING] ⚠️  Git commit skipped or failed (git not initialized?): Command '['git', '-C', '/home/avalonas/.hermes/gematria/unified_overnight_research', 'add', '.']' returned non-zero exit status 128.
[2026-05-01T15:51:10Z] [INFO] 
📊 CYCLE #13 SUMMARY
[2026-05-01T15:51:10Z] [INFO] ✅ Successful tasks: 7/7
[2026-05-01T15:51:10Z] [INFO] ⏱️  Cycle duration: 24.08s
[2026-05-01T15:51:10Z] [INFO]    ⚠️ task: result
[2026-05-01T15:51:10Z] [INFO]    ⚠️ task: result
[2026-05-01T15:51:10Z] [INFO]    ⚠️ task: result
[2026-05-01T15:51:10Z] [INFO]    ⚠️ task: result
[2026-05-01T15:51:10Z] [INFO]    ⚠️ task: result
[2026-05-01T15:51:10Z] [INFO]    ⚠️ task: result
[2026-05-01T15:51:10Z] [INFO]    ⚠️ task: result
[2026-05-01T15:51:10Z] [HEADER] ================================================================================
[2026-05-01T15:51:10Z] [INFO] 🔄 OVERNIGHT RESEARCH PIPELINE - CYCLE #14
[2026-05-01T15:51:10Z] [INFO] ================================================================================
[2026-05-01T15:51:10Z] [HEADER] ============================================================
[2026-05-01T15:51:10Z] [INFO] 🌙 STARTING OVERNIGHT RESEARCH CYCLE #14
[2026-05-01T15:51:10Z] [INFO] 🔍 Running overnight research protocol (web scraping + cross-symbol analysis)...
[2026-05-01T15:51:10Z] [INFO] 📊 Cycle duration: 0.15s, Files generated: 0
[2026-05-01T15:51:10Z] [WARNING] ⚠️ Database not initialized for cycle counting
[2026-05-01T15:51:10Z] [INFO] 💾 Database updated with cycle results
[2026-05-01T15:51:10Z] [SECTION] ============================================================
[2026-05-01T15:51:10Z] [INFO] 🔮 PHASE: HIDDEN LAYERING DETECTION
[2026-05-01T15:51:10Z] [INFO] 🔗 Hidden layering detection complete. Connections identified: 2
[2026-05-01T15:51:10Z] [SECTION] ============================================================
[2026-05-01T15:51:10Z] [INFO] 🔬 PHASE: DOMAIN CORRELATION ANALYSIS
[2026-05-01T15:51:10Z] [INFO] 📊 Domain correlation matrices created: 2
[2026-05-01T15:51:10Z] [SECTION] ============================================================
[2026-05-01T15:51:10Z] [INFO] 🖼️  PHASE: IMAGE-SEED ANALYSIS
[2026-05-01T15:51:10Z] [INFO] 📂 Image seed analysis bootstrapping from 0 images...
[2026-05-01T15:51:10Z] [SECTION] ============================================================
[2026-05-01T15:51:10Z] [INFO] 📤 PHASE: PUSH COMPONENTS TO TOLARIA
[2026-05-01T15:51:11Z] [INFO] 📦 Components pushed to Tolaria: 5
[2026-05-01T15:51:11Z] [SECTION] ============================================================
[2026-05-01T15:51:11Z] [INFO] 🧩 PHASE: COMPOSER - DOMAIN INTEGRATION SYNTHESIS
[2026-05-01T15:51:31Z] [INFO] 🎨 Domain integrations synthesized: 0
[2026-05-01T15:51:31Z] [SECTION] ============================================================
[2026-05-01T15:51:31Z] [INFO] 🚀 PHASE: ADVANCED OVERNIGHT LOOP
[2026-05-01T15:51:32Z] [INFO] 🔬 Advanced loop completed cycles: 0
[2026-05-01T15:51:32Z] [WARNING] ⚠️  Git commit skipped or failed (git not initialized?): Command '['git', '-C', '/home/avalonas/.hermes/gematria/unified_overnight_research', 'add', '.']' returned non-zero exit status 128.
[2026-05-01T15:51:32Z] [INFO] 
📊 CYCLE #14 SUMMARY
[2026-05-01T15:51:32Z] [INFO] ✅ Successful tasks: 7/7
[2026-05-01T15:51:32Z] [INFO] ⏱️  Cycle duration: 21.96s
[2026-05-01T15:51:32Z] [INFO]    ⚠️ task: result
[2026-05-01T15:51:32Z] [INFO]    ⚠️ task: result
[2026-05-01T15:51:32Z] [INFO]    ⚠️ task: result
[2026-05-01T15:51:32Z] [INFO]    ⚠️ task: result
[2026-05-01T15:51:32Z] [INFO]    ⚠️ task: result
[2026-05-01T15:51:32Z] [INFO]    ⚠️ task: result
[2026-05-01T15:51:32Z] [INFO]    ⚠️ task: result
[2026-05-01T15:51:32Z] [HEADER] ================================================================================
[2026-05-01T15:51:32Z] [INFO] 🔄 OVERNIGHT RESEARCH PIPELINE - CYCLE #15
[2026-05-01T15:51:32Z] [INFO] ================================================================================
[2026-05-01T15:51:32Z] [HEADER] ============================================================
[2026-05-01T15:51:32Z] [INFO] 🌙 STARTING OVERNIGHT RESEARCH CYCLE #15
[2026-05-01T15:51:32Z] [INFO] 🔍 Running overnight research protocol (web scraping + cross-symbol analysis)...
[2026-05-01T15:51:32Z] [INFO] 📊 Cycle duration: 0.14s, Files generated: 0
[2026-05-01T15:51:32Z] [WARNING] ⚠️ Database not initialized for cycle counting
[2026-05-01T15:51:32Z] [INFO] 💾 Database updated with cycle results
[2026-05-01T15:51:32Z] [SECTION] ============================================================
[2026-05-01T15:51:32Z] [INFO] 🔮 PHASE: HIDDEN LAYERING DETECTION
[2026-05-01T15:51:32Z] [INFO] 🔗 Hidden layering detection complete. Connections identified: 2
[2026-05-01T15:51:32Z] [SECTION] ============================================================
[2026-05-01T15:51:32Z] [INFO] 🔬 PHASE: DOMAIN CORRELATION ANALYSIS
[2026-05-01T15:51:32Z] [INFO] 📊 Domain correlation matrices created: 2
[2026-05-01T15:51:32Z] [SECTION] ============================================================
[2026-05-01T15:51:32Z] [INFO] 🖼️  PHASE: IMAGE-SEED ANALYSIS
[2026-05-01T15:51:32Z] [INFO] 📂 Image seed analysis bootstrapping from 0 images...
[2026-05-01T15:51:32Z] [SECTION] ============================================================
[2026-05-01T15:51:32Z] [INFO] 📤 PHASE: PUSH COMPONENTS TO TOLARIA
[2026-05-01T15:51:33Z] [INFO] 📦 Components pushed to Tolaria: 5
[2026-05-01T15:51:33Z] [SECTION] ============================================================
[2026-05-01T15:51:33Z] [INFO] 🧩 PHASE: COMPOSER - DOMAIN INTEGRATION SYNTHESIS
[2026-05-01T15:51:52Z] [INFO] 🎨 Domain integrations synthesized: 0
[2026-05-01T15:51:52Z] [SECTION] ============================================================
[2026-05-01T15:51:52Z] [INFO] 🚀 PHASE: ADVANCED OVERNIGHT LOOP
[2026-05-01T15:51:52Z] [INFO] 🔬 Advanced loop completed cycles: 0
[2026-05-01T15:51:52Z] [WARNING] ⚠️  Git commit skipped or failed (git not initialized?): Command '['git', '-C', '/home/avalonas/.hermes/gematria/unified_overnight_research', 'commit', '-m', '[2026-05-01T15:51:52Z] Cycle 14: Cycle 15: Web research + hidden layering detection']' returned non-zero exit status 1.
[2026-05-01T15:51:52Z] [INFO] 
📊 CYCLE #15 SUMMARY
[2026-05-01T15:51:52Z] [INFO] ✅ Successful tasks: 7/7
[2026-05-01T15:51:52Z] [INFO] ⏱️  Cycle duration: 20.26s
[2026-05-01T15:51:52Z] [INFO]    ⚠️ task: result
[2026-05-01T15:51:52Z] [INFO]    ⚠️ task: result
[2026-05-01T15:51:52Z] [INFO]    ⚠️ task: result
[2026-05-01T15:51:52Z] [INFO]    ⚠️ task: result
[2026-05-01T15:51:52Z] [INFO]    ⚠️ task: result
[2026-05-01T15:51:52Z] [INFO]    ⚠️ task: result
[2026-05-01T15:51:52Z] [INFO]    ⚠️ task: result
[2026-05-01T15:51:52Z] [HEADER] ================================================================================
[2026-05-01T15:51:52Z] [INFO] 🔄 OVERNIGHT RESEARCH PIPELINE - CYCLE #16
[2026-05-01T15:51:52Z] [INFO] ================================================================================
[2026-05-01T15:51:52Z] [HEADER] ============================================================
[2026-05-01T15:51:52Z] [INFO] 🌙 STARTING OVERNIGHT RESEARCH CYCLE #16
[2026-05-01T15:51:52Z] [INFO] 🔍 Running overnight research protocol (web scraping + cross-symbol analysis)...
[2026-05-01T15:51:52Z] [INFO] 📊 Cycle duration: 0.22s, Files generated: 0
[2026-05-01T15:51:52Z] [WARNING] ⚠️ Database not initialized for cycle counting
[2026-05-01T15:51:52Z] [INFO] 💾 Database updated with cycle results
[2026-05-01T15:51:52Z] [SECTION] ============================================================
[2026-05-01T15:51:52Z] [INFO] 🔮 PHASE: HIDDEN LAYERING DETECTION
[2026-05-01T15:51:52Z] [INFO] 🔗 Hidden layering detection complete. Connections identified: 2
[2026-05-01T15:51:52Z] [SECTION] ============================================================
[2026-05-01T15:51:52Z] [INFO] 🔬 PHASE: DOMAIN CORRELATION ANALYSIS
[2026-05-01T15:51:52Z] [INFO] 📊 Domain correlation matrices created: 2
[2026-05-01T15:51:52Z] [SECTION] ============================================================
[2026-05-01T15:51:52Z] [INFO] 🖼️  PHASE: IMAGE-SEED ANALYSIS
[2026-05-01T15:51:52Z] [INFO] 📂 Image seed analysis bootstrapping from 0 images...
[2026-05-01T15:51:52Z] [SECTION] ============================================================
[2026-05-01T15:51:52Z] [INFO] 📤 PHASE: PUSH COMPONENTS TO TOLARIA
[2026-05-01T15:51:53Z] [INFO] 📦 Components pushed to Tolaria: 5
[2026-05-01T15:51:53Z] [SECTION] ============================================================
[2026-05-01T15:51:53Z] [INFO] 🧩 PHASE: COMPOSER - DOMAIN INTEGRATION SYNTHESIS
[2026-05-01T15:52:11Z] [INFO] 🎨 Domain integrations synthesized: 0
[2026-05-01T15:52:11Z] [SECTION] ============================================================
[2026-05-01T15:52:11Z] [INFO] 🚀 PHASE: ADVANCED OVERNIGHT LOOP
[2026-05-01T15:52:11Z] [INFO] 🔬 Advanced loop completed cycles: 0
[2026-05-01T15:52:11Z] [WARNING] ⚠️  Git commit skipped or failed (git not initialized?): Command '['git', '-C', '/home/avalonas/.hermes/gematria/unified_overnight_research', 'add', '.']' returned non-zero exit status 128.
[2026-05-01T15:52:11Z] [INFO] 
📊 CYCLE #16 SUMMARY
[2026-05-01T15:52:11Z] [INFO] ✅ Successful tasks: 7/7
[2026-05-01T15:52:11Z] [INFO] ⏱️  Cycle duration: 18.88s
[2026-05-01T15:52:11Z] [INFO]    ⚠️ task: result
[2026-05-01T15:52:11Z] [INFO]    ⚠️ task: result
[2026-05-01T15:52:11Z] [INFO]    ⚠️ task: result
[2026-05-01T15:52:11Z] [INFO]    ⚠️ task: result
[2026-05-01T15:52:11Z] [INFO]    ⚠️ task: result
[2026-05-01T15:52:11Z] [INFO]    ⚠️ task: result
[2026-05-01T15:52:11Z] [INFO]    ⚠️ task: result
[2026-05-01T15:52:11Z] [HEADER] ================================================================================
[2026-05-01T15:52:11Z] [INFO] 🔄 OVERNIGHT RESEARCH PIPELINE - CYCLE #17
[2026-05-01T15:52:11Z] [INFO] ================================================================================
[2026-05-01T15:52:11Z] [HEADER] ============================================================
[2026-05-01T15:52:11Z] [INFO] 🌙 STARTING OVERNIGHT RESEARCH CYCLE #17
[2026-05-01T15:52:11Z] [INFO] 🔍 Running overnight research protocol (web scraping + cross-symbol analysis)...
[2026-05-01T15:52:11Z] [INFO] 📊 Cycle duration: 0.23s, Files generated: 0
[2026-05-01T15:52:11Z] [WARNING] ⚠️ Database not initialized for cycle counting
[2026-05-01T15:52:11Z] [INFO] 💾 Database updated with cycle results
[2026-05-01T15:52:11Z] [SECTION] ============================================================
[2026-05-01T15:52:11Z] [INFO] 🔮 PHASE: HIDDEN LAYERING DETECTION
[2026-05-01T15:52:11Z] [INFO] 🔗 Hidden layering detection complete. Connections identified: 2
[2026-05-01T15:52:11Z] [SECTION] ============================================================
[2026-05-01T15:52:11Z] [INFO] 🔬 PHASE: DOMAIN CORRELATION ANALYSIS
[2026-05-01T15:52:11Z] [INFO] 📊 Domain correlation matrices created: 2
[2026-05-01T15:52:11Z] [SECTION] ============================================================
[2026-05-01T15:52:11Z] [INFO] 🖼️  PHASE: IMAGE-SEED ANALYSIS
[2026-05-01T15:52:11Z] [INFO] 📂 Image seed analysis bootstrapping from 0 images...
[2026-05-01T15:52:11Z] [SECTION] ============================================================
[2026-05-01T15:52:11Z] [INFO] 📤 PHASE: PUSH COMPONENTS TO TOLARIA
[2026-05-01T15:52:12Z] [INFO] 📦 Components pushed to Tolaria: 5
[2026-05-01T15:52:12Z] [SECTION] ============================================================
[2026-05-01T15:52:12Z] [INFO] 🧩 PHASE: COMPOSER - DOMAIN INTEGRATION SYNTHESIS
[2026-05-01T15:52:33Z] [INFO] 🎨 Domain integrations synthesized: 0
[2026-05-01T15:52:33Z] [SECTION] ============================================================
[2026-05-01T15:52:33Z] [INFO] 🚀 PHASE: ADVANCED OVERNIGHT LOOP
[2026-05-01T15:52:33Z] [INFO] 🔬 Advanced loop completed cycles: 0
[2026-05-01T15:52:33Z] [WARNING] ⚠️  Git commit skipped or failed (git not initialized?): Command '['git', '-C', '/home/avalonas/.hermes/gematria/unified_overnight_research', 'commit', '-m', '[2026-05-01T15:52:33Z] Cycle 16: Cycle 17: Web research + hidden layering detection']' returned non-zero exit status 1.
[2026-05-01T15:52:33Z] [INFO] 
📊 CYCLE #17 SUMMARY
[2026-05-01T15:52:33Z] [INFO] ✅ Successful tasks: 7/7
[2026-05-01T15:52:33Z] [INFO] ⏱️  Cycle duration: 22.51s
[2026-05-01T15:52:33Z] [INFO]    ⚠️ task: result
[2026-05-01T15:52:33Z] [INFO]    ⚠️ task: result
[2026-05-01T15:52:33Z] [INFO]    ⚠️ task: result
[2026-05-01T15:52:33Z] [INFO]    ⚠️ task: result
[2026-05-01T15:52:33Z] [INFO]    ⚠️ task: result
[2026-05-01T15:52:33Z] [INFO]    ⚠️ task: result
[2026-05-01T15:52:33Z] [INFO]    ⚠️ task: result
[2026-05-01T15:52:33Z] [HEADER] ================================================================================
[2026-05-01T15:52:33Z] [INFO] 🔄 OVERNIGHT RESEARCH PIPELINE - CYCLE #18
[2026-05-01T15:52:33Z] [INFO] ================================================================================
[2026-05-01T15:52:33Z] [HEADER] ============================================================
[2026-05-01T15:52:33Z] [INFO] 🌙 STARTING OVERNIGHT RESEARCH CYCLE #18
[2026-05-01T15:52:33Z] [INFO] 🔍 Running overnight research protocol (web scraping + cross-symbol analysis)...
[2026-05-01T15:52:33Z] [INFO] 📊 Cycle duration: 0.21s, Files generated: 0
[2026-05-01T15:52:33Z] [WARNING] ⚠️ Database not initialized for cycle counting
[2026-05-01T15:52:33Z] [INFO] 💾 Database updated with cycle results
[2026-05-01T15:52:33Z] [SECTION] ============================================================
[2026-05-01T15:52:33Z] [INFO] 🔮 PHASE: HIDDEN LAYERING DETECTION
[2026-05-01T15:52:33Z] [INFO] 🔗 Hidden layering detection complete. Connections identified: 2
[2026-05-01T15:52:33Z] [SECTION] ============================================================
[2026-05-01T15:52:33Z] [INFO] 🔬 PHASE: DOMAIN CORRELATION ANALYSIS
[2026-05-01T15:52:33Z] [INFO] 📊 Domain correlation matrices created: 2
[2026-05-01T15:52:33Z] [SECTION] ============================================================
[2026-05-01T15:52:33Z] [INFO] 🖼️  PHASE: IMAGE-SEED ANALYSIS
[2026-05-01T15:52:33Z] [INFO] 📂 Image seed analysis bootstrapping from 0 images...
[2026-05-01T15:52:33Z] [SECTION] ============================================================
[2026-05-01T15:52:33Z] [INFO] 📤 PHASE: PUSH COMPONENTS TO TOLARIA
[2026-05-01T15:52:34Z] [INFO] 📦 Components pushed to Tolaria: 5
[2026-05-01T15:52:34Z] [SECTION] ============================================================
[2026-05-01T15:52:34Z] [INFO] 🧩 PHASE: COMPOSER - DOMAIN INTEGRATION SYNTHESIS
[2026-05-01T15:52:53Z] [INFO] 🎨 Domain integrations synthesized: 0
[2026-05-01T15:52:53Z] [SECTION] ============================================================
[2026-05-01T15:52:53Z] [INFO] 🚀 PHASE: ADVANCED OVERNIGHT LOOP
[2026-05-01T15:52:53Z] [INFO] 🔬 Advanced loop completed cycles: 0
[2026-05-01T15:52:53Z] [WARNING] ⚠️  Git commit skipped or failed (git not initialized?): Command '['git', '-C', '/home/avalonas/.hermes/gematria/unified_overnight_research', 'commit', '-m', '[2026-05-01T15:52:53Z] Cycle 17: Cycle 18: Web research + hidden layering detection']' returned non-zero exit status 1.
[2026-05-01T15:52:53Z] [INFO] 
📊 CYCLE #18 SUMMARY
[2026-05-01T15:52:53Z] [INFO] ✅ Successful tasks: 7/7
[2026-05-01T15:52:53Z] [INFO] ⏱️  Cycle duration: 20.31s
[2026-05-01T15:52:53Z] [INFO]    ⚠️ task: result
[2026-05-01T15:52:53Z] [INFO]    ⚠️ task: result
[2026-05-01T15:52:53Z] [INFO]    ⚠️ task: result
[2026-05-01T15:52:53Z] [INFO]    ⚠️ task: result
[2026-05-01T15:52:53Z] [INFO]    ⚠️ task: result
[2026-05-01T15:52:53Z] [INFO]    ⚠️ task: result
[2026-05-01T15:52:53Z] [INFO]    ⚠️ task: result
[2026-05-01T15:52:53Z] [HEADER] ================================================================================
[2026-05-01T15:52:53Z] [INFO] 🔄 OVERNIGHT RESEARCH PIPELINE - CYCLE #19
[2026-05-01T15:52:53Z] [INFO] ================================================================================
[2026-05-01T15:52:53Z] [HEADER] ============================================================
[2026-05-01T15:52:53Z] [INFO] 🌙 STARTING OVERNIGHT RESEARCH CYCLE #19
[2026-05-01T15:52:53Z] [INFO] 🔍 Running overnight research protocol (web scraping + cross-symbol analysis)...
[2026-05-01T15:52:54Z] [INFO] 📊 Cycle duration: 0.22s, Files generated: 0
[2026-05-01T15:52:54Z] [WARNING] ⚠️ Database not initialized for cycle counting
[2026-05-01T15:52:54Z] [INFO] 💾 Database updated with cycle results
[2026-05-01T15:52:54Z] [SECTION] ============================================================
[2026-05-01T15:52:54Z] [INFO] 🔮 PHASE: HIDDEN LAYERING DETECTION
[2026-05-01T15:52:54Z] [INFO] 🔗 Hidden layering detection complete. Connections identified: 2
[2026-05-01T15:52:54Z] [SECTION] ============================================================
[2026-05-01T15:52:54Z] [INFO] 🔬 PHASE: DOMAIN CORRELATION ANALYSIS
[2026-05-01T15:52:54Z] [INFO] 📊 Domain correlation matrices created: 2
[2026-05-01T15:52:54Z] [SECTION] ============================================================
[2026-05-01T15:52:54Z] [INFO] 🖼️  PHASE: IMAGE-SEED ANALYSIS
[2026-05-01T15:52:54Z] [INFO] 📂 Image seed analysis bootstrapping from 0 images...
[2026-05-01T15:52:54Z] [SECTION] ============================================================
[2026-05-01T15:52:54Z] [INFO] 📤 PHASE: PUSH COMPONENTS TO TOLARIA
[2026-05-01T15:52:55Z] [INFO] 📦 Components pushed to Tolaria: 5
[2026-05-01T15:52:55Z] [SECTION] ============================================================
[2026-05-01T15:52:55Z] [INFO] 🧩 PHASE: COMPOSER - DOMAIN INTEGRATION SYNTHESIS
[2026-05-01T15:53:17Z] [INFO] 🎨 Domain integrations synthesized: 0
[2026-05-01T15:53:17Z] [SECTION] ============================================================
[2026-05-01T15:53:17Z] [INFO] 🚀 PHASE: ADVANCED OVERNIGHT LOOP
[2026-05-01T15:53:17Z] [INFO] 🔬 Advanced loop completed cycles: 0
[2026-05-01T15:53:17Z] [WARNING] ⚠️  Git commit skipped or failed (git not initialized?): Command '['git', '-C', '/home/avalonas/.hermes/gematria/unified_overnight_research', 'commit', '-m', '[2026-05-01T15:53:17Z] Cycle 18: Cycle 19: Web research + hidden layering detection']' returned non-zero exit status 128.
[2026-05-01T15:53:17Z] [INFO] 
📊 CYCLE #19 SUMMARY
[2026-05-01T15:53:17Z] [INFO] ✅ Successful tasks: 7/7
[2026-05-01T15:53:17Z] [INFO] ⏱️  Cycle duration: 23.41s
[2026-05-01T15:53:17Z] [INFO]    ⚠️ task: result
[2026-05-01T15:53:17Z] [INFO]    ⚠️ task: result
[2026-05-01T15:53:17Z] [INFO]    ⚠️ task: result
[2026-05-01T15:53:17Z] [INFO]    ⚠️ task: result
[2026-05-01T15:53:17Z] [INFO]    ⚠️ task: result
[2026-05-01T15:53:17Z] [INFO]    ⚠️ task: result
[2026-05-01T15:53:17Z] [INFO]    ⚠️ task: result
[2026-05-01T15:53:17Z] [HEADER] ================================================================================
[2026-05-01T15:53:17Z] [INFO] 🔄 OVERNIGHT RESEARCH PIPELINE - CYCLE #20
[2026-05-01T15:53:17Z] [INFO] ================================================================================
[2026-05-01T15:53:17Z] [HEADER] ============================================================
[2026-05-01T15:53:17Z] [INFO] 🌙 STARTING OVERNIGHT RESEARCH CYCLE #20
[2026-05-01T15:53:17Z] [INFO] 🔍 Running overnight research protocol (web scraping + cross-symbol analysis)...
[2026-05-01T15:53:17Z] [INFO] 📊 Cycle duration: 0.23s, Files generated: 0
[2026-05-01T15:53:17Z] [WARNING] ⚠️ Database not initialized for cycle counting
[2026-05-01T15:53:17Z] [INFO] 💾 Database updated with cycle results
[2026-05-01T15:53:17Z] [SECTION] ============================================================
[2026-05-01T15:53:17Z] [INFO] 🔮 PHASE: HIDDEN LAYERING DETECTION
[2026-05-01T15:53:17Z] [INFO] 🔗 Hidden layering detection complete. Connections identified: 2
[2026-05-01T15:53:17Z] [SECTION] ============================================================
[2026-05-01T15:53:17Z] [INFO] 🔬 PHASE: DOMAIN CORRELATION ANALYSIS
[2026-05-01T15:53:17Z] [INFO] 📊 Domain correlation matrices created: 2
[2026-05-01T15:53:17Z] [SECTION] ============================================================
[2026-05-01T15:53:17Z] [INFO] 🖼️  PHASE: IMAGE-SEED ANALYSIS
[2026-05-01T15:53:17Z] [INFO] 📂 Image seed analysis bootstrapping from 0 images...
[2026-05-01T15:53:17Z] [SECTION] ============================================================
[2026-05-01T15:53:17Z] [INFO] 📤 PHASE: PUSH COMPONENTS TO TOLARIA
[2026-05-01T15:53:18Z] [INFO] 📦 Components pushed to Tolaria: 5
[2026-05-01T15:53:18Z] [SECTION] ============================================================
[2026-05-01T15:53:18Z] [INFO] 🧩 PHASE: COMPOSER - DOMAIN INTEGRATION SYNTHESIS
[2026-05-01T15:53:40Z] [INFO] 🎨 Domain integrations synthesized: 0
[2026-05-01T15:53:40Z] [SECTION] ============================================================
[2026-05-01T15:53:40Z] [INFO] 🚀 PHASE: ADVANCED OVERNIGHT LOOP
[2026-05-01T15:53:40Z] [INFO] 🔬 Advanced loop completed cycles: 0
[2026-05-01T15:53:40Z] [WARNING] ⚠️  Git commit skipped or failed (git not initialized?): Command '['git', '-C', '/home/avalonas/.hermes/gematria/unified_overnight_research', 'commit', '-m', '[2026-05-01T15:53:40Z] Cycle 19: Cycle 20: Web research + hidden layering detection']' returned non-zero exit status 1.
[2026-05-01T15:53:40Z] [INFO] 
📊 CYCLE #20 SUMMARY
[2026-05-01T15:53:40Z] [INFO] ✅ Successful tasks: 7/7
[2026-05-01T15:53:40Z] [INFO] ⏱️  Cycle duration: 22.96s
[2026-05-01T15:53:40Z] [INFO]    ⚠️ task: result
[2026-05-01T15:53:40Z] [INFO]    ⚠️ task: result
[2026-05-01T15:53:40Z] [INFO]    ⚠️ task: result
[2026-05-01T15:53:40Z] [INFO]    ⚠️ task: result
[2026-05-01T15:53:40Z] [INFO]    ⚠️ task: result
[2026-05-01T15:53:40Z] [INFO]    ⚠️ task: result
[2026-05-01T15:53:40Z] [INFO]    ⚠️ task: result
[2026-05-01T15:53:40Z] [HEADER] ================================================================================
[2026-05-01T15:53:40Z] [INFO] 🔄 OVERNIGHT RESEARCH PIPELINE - CYCLE #21
[2026-05-01T15:53:40Z] [INFO] ================================================================================
[2026-05-01T15:53:40Z] [HEADER] ============================================================
[2026-05-01T15:53:40Z] [INFO] 🌙 STARTING OVERNIGHT RESEARCH CYCLE #21
[2026-05-01T15:53:40Z] [INFO] 🔍 Running overnight research protocol (web scraping + cross-symbol analysis)...
[2026-05-01T15:53:40Z] [INFO] 📊 Cycle duration: 0.22s, Files generated: 0
[2026-05-01T15:53:40Z] [WARNING] ⚠️ Database not initialized for cycle counting
[2026-05-01T15:53:40Z] [INFO] 💾 Database updated with cycle results
[2026-05-01T15:53:40Z] [SECTION] ============================================================
[2026-05-01T15:53:40Z] [INFO] 🔮 PHASE: HIDDEN LAYERING DETECTION
[2026-05-01T15:53:40Z] [INFO] 🔗 Hidden layering detection complete. Connections identified: 2
[2026-05-01T15:53:40Z] [SECTION] ============================================================
[2026-05-01T15:53:40Z] [INFO] 🔬 PHASE: DOMAIN CORRELATION ANALYSIS
[2026-05-01T15:53:40Z] [INFO] 📊 Domain correlation matrices created: 2
[2026-05-01T15:53:40Z] [SECTION] ============================================================
[2026-05-01T15:53:40Z] [INFO] 🖼️  PHASE: IMAGE-SEED ANALYSIS
[2026-05-01T15:53:40Z] [INFO] 📂 Image seed analysis bootstrapping from 0 images...
[2026-05-01T15:53:40Z] [SECTION] ============================================================
[2026-05-01T15:53:40Z] [INFO] 📤 PHASE: PUSH COMPONENTS TO TOLARIA
[2026-05-01T15:53:41Z] [INFO] 📦 Components pushed to Tolaria: 5
[2026-05-01T15:53:41Z] [SECTION] ============================================================
[2026-05-01T15:53:41Z] [INFO] 🧩 PHASE: COMPOSER - DOMAIN INTEGRATION SYNTHESIS
[2026-05-01T15:53:58Z] [INFO] 🎨 Domain integrations synthesized: 0
[2026-05-01T15:53:58Z] [SECTION] ============================================================
[2026-05-01T15:53:58Z] [INFO] 🚀 PHASE: ADVANCED OVERNIGHT LOOP
[2026-05-01T15:53:58Z] [INFO] 🔬 Advanced loop completed cycles: 0
[2026-05-01T15:53:58Z] [WARNING] ⚠️  Git commit skipped or failed (git not initialized?): Command '['git', '-C', '/home/avalonas/.hermes/gematria/unified_overnight_research', 'commit', '-m', '[2026-05-01T15:53:58Z] Cycle 20: Cycle 21: Web research + hidden layering detection']' returned non-zero exit status 1.
[2026-05-01T15:53:58Z] [INFO] 
📊 CYCLE #21 SUMMARY
[2026-05-01T15:53:58Z] [INFO] ✅ Successful tasks: 7/7
[2026-05-01T15:53:58Z] [INFO] ⏱️  Cycle duration: 17.96s
[2026-05-01T15:53:58Z] [INFO]    ⚠️ task: result
[2026-05-01T15:53:58Z] [INFO]    ⚠️ task: result
[2026-05-01T15:53:58Z] [INFO]    ⚠️ task: result
[2026-05-01T15:53:58Z] [INFO]    ⚠️ task: result
[2026-05-01T15:53:58Z] [INFO]    ⚠️ task: result
[2026-05-01T15:53:58Z] [INFO]    ⚠️ task: result
[2026-05-01T15:53:58Z] [INFO]    ⚠️ task: result
[2026-05-01T15:53:58Z] [HEADER] ================================================================================
[2026-05-01T15:53:58Z] [INFO] 🔄 OVERNIGHT RESEARCH PIPELINE - CYCLE #22
[2026-05-01T15:53:58Z] [INFO] ================================================================================
[2026-05-01T15:53:58Z] [HEADER] ============================================================
[2026-05-01T15:53:58Z] [INFO] 🌙 STARTING OVERNIGHT RESEARCH CYCLE #22
[2026-05-01T15:53:58Z] [INFO] 🔍 Running overnight research protocol (web scraping + cross-symbol analysis)...
[2026-05-01T15:53:58Z] [INFO] 📊 Cycle duration: 0.24s, Files generated: 0
[2026-05-01T15:53:58Z] [WARNING] ⚠️ Database not initialized for cycle counting
[2026-05-01T15:53:58Z] [INFO] 💾 Database updated with cycle results
[2026-05-01T15:53:58Z] [SECTION] ============================================================
[2026-05-01T15:53:58Z] [INFO] 🔮 PHASE: HIDDEN LAYERING DETECTION
[2026-05-01T15:53:58Z] [INFO] 🔗 Hidden layering detection complete. Connections identified: 2
[2026-05-01T15:53:58Z] [SECTION] ============================================================
[2026-05-01T15:53:58Z] [INFO] 🔬 PHASE: DOMAIN CORRELATION ANALYSIS
[2026-05-01T15:53:58Z] [INFO] 📊 Domain correlation matrices created: 2
[2026-05-01T15:53:58Z] [SECTION] ============================================================
[2026-05-01T15:53:58Z] [INFO] 🖼️  PHASE: IMAGE-SEED ANALYSIS
[2026-05-01T15:53:58Z] [INFO] 📂 Image seed analysis bootstrapping from 0 images...
[2026-05-01T15:53:58Z] [SECTION] ============================================================
[2026-05-01T15:53:58Z] [INFO] 📤 PHASE: PUSH COMPONENTS TO TOLARIA
[2026-05-01T15:53:59Z] [INFO] 📦 Components pushed to Tolaria: 5
[2026-05-01T15:53:59Z] [SECTION] ============================================================
[2026-05-01T15:53:59Z] [INFO] 🧩 PHASE: COMPOSER - DOMAIN INTEGRATION SYNTHESIS
[2026-05-01T15:54:16Z] [INFO] 🎨 Domain integrations synthesized: 0
[2026-05-01T15:54:16Z] [SECTION] ============================================================
[2026-05-01T15:54:16Z] [INFO] 🚀 PHASE: ADVANCED OVERNIGHT LOOP
[2026-05-01T15:54:16Z] [INFO] 🔬 Advanced loop completed cycles: 0
[2026-05-01T15:54:16Z] [WARNING] ⚠️  Git commit skipped or failed (git not initialized?): Command '['git', '-C', '/home/avalonas/.hermes/gematria/unified_overnight_research', 'add', '.']' returned non-zero exit status 128.
[2026-05-01T15:54:16Z] [INFO] 
📊 CYCLE #22 SUMMARY
[2026-05-01T15:54:16Z] [INFO] ✅ Successful tasks: 7/7
[2026-05-01T15:54:16Z] [INFO] ⏱️  Cycle duration: 18.12s
[2026-05-01T15:54:16Z] [INFO]    ⚠️ task: result
[2026-05-01T15:54:16Z] [INFO]    ⚠️ task: result
[2026-05-01T15:54:16Z] [INFO]    ⚠️ task: result
[2026-05-01T15:54:16Z] [INFO]    ⚠️ task: result
[2026-05-01T15:54:16Z] [INFO]    ⚠️ task: result
[2026-05-01T15:54:16Z] [INFO]    ⚠️ task: result
[2026-05-01T15:54:16Z] [INFO]    ⚠️ task: result
[2026-05-01T15:54:16Z] [HEADER] ================================================================================
[2026-05-01T15:54:16Z] [INFO] 🔄 OVERNIGHT RESEARCH PIPELINE - CYCLE #23
[2026-05-01T15:54:16Z] [INFO] ================================================================================
[2026-05-01T15:54:16Z] [HEADER] ============================================================
[2026-05-01T15:54:16Z] [INFO] 🌙 STARTING OVERNIGHT RESEARCH CYCLE #23
[2026-05-01T15:54:16Z] [INFO] 🔍 Running overnight research protocol (web scraping + cross-symbol analysis)...
[2026-05-01T15:54:16Z] [INFO] 📊 Cycle duration: 0.22s, Files generated: 0
[2026-05-01T15:54:16Z] [WARNING] ⚠️ Database not initialized for cycle counting
[2026-05-01T15:54:16Z] [INFO] 💾 Database updated with cycle results
[2026-05-01T15:54:16Z] [SECTION] ============================================================
[2026-05-01T15:54:16Z] [INFO] 🔮 PHASE: HIDDEN LAYERING DETECTION
[2026-05-01T15:54:16Z] [INFO] 🔗 Hidden layering detection complete. Connections identified: 2
[2026-05-01T15:54:16Z] [SECTION] ============================================================
[2026-05-01T15:54:16Z] [INFO] 🔬 PHASE: DOMAIN CORRELATION ANALYSIS
[2026-05-01T15:54:16Z] [INFO] 📊 Domain correlation matrices created: 2
[2026-05-01T15:54:16Z] [SECTION] ============================================================
[2026-05-01T15:54:16Z] [INFO] 🖼️  PHASE: IMAGE-SEED ANALYSIS
[2026-05-01T15:54:16Z] [INFO] 📂 Image seed analysis bootstrapping from 0 images...
[2026-05-01T15:54:16Z] [SECTION] ============================================================
[2026-05-01T15:54:16Z] [INFO] 📤 PHASE: PUSH COMPONENTS TO TOLARIA
[2026-05-01T15:54:17Z] [INFO] 📦 Components pushed to Tolaria: 5
[2026-05-01T15:54:17Z] [SECTION] ============================================================
[2026-05-01T15:54:17Z] [INFO] 🧩 PHASE: COMPOSER - DOMAIN INTEGRATION SYNTHESIS
[2026-05-01T15:54:35Z] [INFO] 🎨 Domain integrations synthesized: 0
[2026-05-01T15:54:35Z] [SECTION] ============================================================
[2026-05-01T15:54:35Z] [INFO] 🚀 PHASE: ADVANCED OVERNIGHT LOOP
[2026-05-01T15:54:35Z] [INFO] 🔬 Advanced loop completed cycles: 0
[2026-05-01T15:54:36Z] [WARNING] ⚠️  Git commit skipped or failed (git not initialized?): Command '['git', '-C', '/home/avalonas/.hermes/gematria/unified_overnight_research', 'commit', '-m', '[2026-05-01T15:54:36Z] Cycle 22: Cycle 23: Web research + hidden layering detection']' returned non-zero exit status 1.
[2026-05-01T15:54:36Z] [INFO] 
📊 CYCLE #23 SUMMARY
[2026-05-01T15:54:36Z] [INFO] ✅ Successful tasks: 7/7
[2026-05-01T15:54:36Z] [INFO] ⏱️  Cycle duration: 19.68s
[2026-05-01T15:54:36Z] [INFO]    ⚠️ task: result
[2026-05-01T15:54:36Z] [INFO]    ⚠️ task: result
[2026-05-01T15:54:36Z] [INFO]    ⚠️ task: result
[2026-05-01T15:54:36Z] [INFO]    ⚠️ task: result
[2026-05-01T15:54:36Z] [INFO]    ⚠️ task: result
[2026-05-01T15:54:36Z] [INFO]    ⚠️ task: result
[2026-05-01T15:54:36Z] [INFO]    ⚠️ task: result
[2026-05-01T15:54:36Z] [HEADER] ================================================================================
[2026-05-01T15:54:36Z] [INFO] 🔄 OVERNIGHT RESEARCH PIPELINE - CYCLE #24
[2026-05-01T15:54:36Z] [INFO] ================================================================================
[2026-05-01T15:54:36Z] [HEADER] ============================================================
[2026-05-01T15:54:36Z] [INFO] 🌙 STARTING OVERNIGHT RESEARCH CYCLE #24
[2026-05-01T15:54:36Z] [INFO] 🔍 Running overnight research protocol (web scraping + cross-symbol analysis)...
[2026-05-01T15:54:36Z] [INFO] 📊 Cycle duration: 0.13s, Files generated: 0
[2026-05-01T15:54:36Z] [WARNING] ⚠️ Database not initialized for cycle counting
[2026-05-01T15:54:36Z] [INFO] 💾 Database updated with cycle results
[2026-05-01T15:54:36Z] [SECTION] ============================================================
[2026-05-01T15:54:36Z] [INFO] 🔮 PHASE: HIDDEN LAYERING DETECTION
[2026-05-01T15:54:36Z] [INFO] 🔗 Hidden layering detection complete. Connections identified: 2
[2026-05-01T15:54:36Z] [SECTION] ============================================================
[2026-05-01T15:54:36Z] [INFO] 🔬 PHASE: DOMAIN CORRELATION ANALYSIS
[2026-05-01T15:54:36Z] [INFO] 📊 Domain correlation matrices created: 2
[2026-05-01T15:54:36Z] [SECTION] ============================================================
[2026-05-01T15:54:36Z] [INFO] 🖼️  PHASE: IMAGE-SEED ANALYSIS
[2026-05-01T15:54:36Z] [INFO] 📂 Image seed analysis bootstrapping from 0 images...
[2026-05-01T15:54:36Z] [SECTION] ============================================================
[2026-05-01T15:54:36Z] [INFO] 📤 PHASE: PUSH COMPONENTS TO TOLARIA
[2026-05-01T15:54:37Z] [INFO] 📦 Components pushed to Tolaria: 5
[2026-05-01T15:54:37Z] [SECTION] ============================================================
[2026-05-01T15:54:37Z] [INFO] 🧩 PHASE: COMPOSER - DOMAIN INTEGRATION SYNTHESIS
[2026-05-01T15:54:59Z] [INFO] 🎨 Domain integrations synthesized: 0
[2026-05-01T15:54:59Z] [SECTION] ============================================================
[2026-05-01T15:54:59Z] [INFO] 🚀 PHASE: ADVANCED OVERNIGHT LOOP
[2026-05-01T15:54:59Z] [INFO] 🔬 Advanced loop completed cycles: 0
[2026-05-01T15:54:59Z] [WARNING] ⚠️  Git commit skipped or failed (git not initialized?): Command '['git', '-C', '/home/avalonas/.hermes/gematria/unified_overnight_research', 'commit', '-m', '[2026-05-01T15:54:59Z] Cycle 23: Cycle 24: Web research + hidden layering detection']' returned non-zero exit status 1.
[2026-05-01T15:54:59Z] [INFO] 
📊 CYCLE #24 SUMMARY
[2026-05-01T15:54:59Z] [INFO] ✅ Successful tasks: 7/7
[2026-05-01T15:54:59Z] [INFO] ⏱️  Cycle duration: 23.58s
[2026-05-01T15:54:59Z] [INFO]    ⚠️ task: result
[2026-05-01T15:54:59Z] [INFO]    ⚠️ task: result
[2026-05-01T15:54:59Z] [INFO]    ⚠️ task: result
[2026-05-01T15:54:59Z] [INFO]    ⚠️ task: result
[2026-05-01T15:54:59Z] [INFO]    ⚠️ task: result
[2026-05-01T15:54:59Z] [INFO]    ⚠️ task: result
[2026-05-01T15:54:59Z] [INFO]    ⚠️ task: result
[2026-05-01T15:54:59Z] [HEADER] ================================================================================
[2026-05-01T15:54:59Z] [INFO] 🔄 OVERNIGHT RESEARCH PIPELINE - CYCLE #25
[2026-05-01T15:54:59Z] [INFO] ================================================================================
[2026-05-01T15:54:59Z] [HEADER] ============================================================
[2026-05-01T15:54:59Z] [INFO] 🌙 STARTING OVERNIGHT RESEARCH CYCLE #25
[2026-05-01T15:54:59Z] [INFO] 🔍 Running overnight research protocol (web scraping + cross-symbol analysis)...
[2026-05-01T15:54:59Z] [INFO] 📊 Cycle duration: 0.13s, Files generated: 0
[2026-05-01T15:54:59Z] [WARNING] ⚠️ Database not initialized for cycle counting
[2026-05-01T15:54:59Z] [INFO] 💾 Database updated with cycle results
[2026-05-01T15:54:59Z] [SECTION] ============================================================
[2026-05-01T15:54:59Z] [INFO] 🔮 PHASE: HIDDEN LAYERING DETECTION
[2026-05-01T15:54:59Z] [INFO] 🔗 Hidden layering detection complete. Connections identified: 2
[2026-05-01T15:54:59Z] [SECTION] ============================================================
[2026-05-01T15:54:59Z] [INFO] 🔬 PHASE: DOMAIN CORRELATION ANALYSIS
[2026-05-01T15:54:59Z] [INFO] 📊 Domain correlation matrices created: 2
[2026-05-01T15:54:59Z] [SECTION] ============================================================
[2026-05-01T15:54:59Z] [INFO] 🖼️  PHASE: IMAGE-SEED ANALYSIS
[2026-05-01T15:54:59Z] [INFO] 📂 Image seed analysis bootstrapping from 0 images...
[2026-05-01T15:54:59Z] [SECTION] ============================================================
[2026-05-01T15:54:59Z] [INFO] 📤 PHASE: PUSH COMPONENTS TO TOLARIA
[2026-05-01T15:55:00Z] [INFO] 📦 Components pushed to Tolaria: 5
[2026-05-01T15:55:00Z] [SECTION] ============================================================
[2026-05-01T15:55:00Z] [INFO] 🧩 PHASE: COMPOSER - DOMAIN INTEGRATION SYNTHESIS
[2026-05-01T15:55:18Z] [INFO] 🎨 Domain integrations synthesized: 0
[2026-05-01T15:55:18Z] [SECTION] ============================================================
[2026-05-01T15:55:18Z] [INFO] 🚀 PHASE: ADVANCED OVERNIGHT LOOP
[2026-05-01T15:55:18Z] [INFO] 🔬 Advanced loop completed cycles: 0
[2026-05-01T15:55:18Z] [WARNING] ⚠️  Git commit skipped or failed (git not initialized?): Command '['git', '-C', '/home/avalonas/.hermes/gematria/unified_overnight_research', 'add', '.']' returned non-zero exit status 128.
[2026-05-01T15:55:18Z] [INFO] 
📊 CYCLE #25 SUMMARY
[2026-05-01T15:55:18Z] [INFO] ✅ Successful tasks: 7/7
[2026-05-01T15:55:18Z] [INFO] ⏱️  Cycle duration: 18.76s
[2026-05-01T15:55:18Z] [INFO]    ⚠️ task: result
[2026-05-01T15:55:18Z] [INFO]    ⚠️ task: result
[2026-05-01T15:55:18Z] [INFO]    ⚠️ task: result
[2026-05-01T15:55:18Z] [INFO]    ⚠️ task: result
[2026-05-01T15:55:18Z] [INFO]    ⚠️ task: result
[2026-05-01T15:55:18Z] [INFO]    ⚠️ task: result
[2026-05-01T15:55:18Z] [INFO]    ⚠️ task: result
[2026-05-01T15:55:18Z] [HEADER] ================================================================================
[2026-05-01T15:55:18Z] [INFO] 🔄 OVERNIGHT RESEARCH PIPELINE - CYCLE #26
[2026-05-01T15:55:18Z] [INFO] ================================================================================
[2026-05-01T15:55:18Z] [HEADER] ============================================================
[2026-05-01T15:55:18Z] [INFO] 🌙 STARTING OVERNIGHT RESEARCH CYCLE #26
[2026-05-01T15:55:18Z] [INFO] 🔍 Running overnight research protocol (web scraping + cross-symbol analysis)...
[2026-05-01T15:55:18Z] [INFO] 📊 Cycle duration: 0.23s, Files generated: 0
[2026-05-01T15:55:18Z] [WARNING] ⚠️ Database not initialized for cycle counting
[2026-05-01T15:55:18Z] [INFO] 💾 Database updated with cycle results
[2026-05-01T15:55:18Z] [SECTION] ============================================================
[2026-05-01T15:55:18Z] [INFO] 🔮 PHASE: HIDDEN LAYERING DETECTION
[2026-05-01T15:55:18Z] [INFO] 🔗 Hidden layering detection complete. Connections identified: 2
[2026-05-01T15:55:18Z] [SECTION] ============================================================
[2026-05-01T15:55:18Z] [INFO] 🔬 PHASE: DOMAIN CORRELATION ANALYSIS
[2026-05-01T15:55:18Z] [INFO] 📊 Domain correlation matrices created: 2
[2026-05-01T15:55:18Z] [SECTION] ============================================================
[2026-05-01T15:55:18Z] [INFO] 🖼️  PHASE: IMAGE-SEED ANALYSIS
[2026-05-01T15:55:18Z] [INFO] 📂 Image seed analysis bootstrapping from 0 images...
[2026-05-01T15:55:18Z] [SECTION] ============================================================
[2026-05-01T15:55:18Z] [INFO] 📤 PHASE: PUSH COMPONENTS TO TOLARIA
[2026-05-01T15:55:19Z] [INFO] 📦 Components pushed to Tolaria: 5
[2026-05-01T15:55:19Z] [SECTION] ============================================================
[2026-05-01T15:55:19Z] [INFO] 🧩 PHASE: COMPOSER - DOMAIN INTEGRATION SYNTHESIS
[2026-05-01T15:55:36Z] [INFO] 🎨 Domain integrations synthesized: 0
[2026-05-01T15:55:36Z] [SECTION] ============================================================
[2026-05-01T15:55:36Z] [INFO] 🚀 PHASE: ADVANCED OVERNIGHT LOOP
[2026-05-01T15:55:36Z] [INFO] 🔬 Advanced loop completed cycles: 0
[2026-05-01T15:55:37Z] [WARNING] ⚠️  Git commit skipped or failed (git not initialized?): Command '['git', '-C', '/home/avalonas/.hermes/gematria/unified_overnight_research', 'commit', '-m', '[2026-05-01T15:55:37Z] Cycle 25: Cycle 26: Web research + hidden layering detection']' returned non-zero exit status 1.
[2026-05-01T15:55:37Z] [INFO] 
📊 CYCLE #26 SUMMARY
[2026-05-01T15:55:37Z] [INFO] ✅ Successful tasks: 7/7
[2026-05-01T15:55:37Z] [INFO] ⏱️  Cycle duration: 18.59s
[2026-05-01T15:55:37Z] [INFO]    ⚠️ task: result
[2026-05-01T15:55:37Z] [INFO]    ⚠️ task: result
[2026-05-01T15:55:37Z] [INFO]    ⚠️ task: result
[2026-05-01T15:55:37Z] [INFO]    ⚠️ task: result
[2026-05-01T15:55:37Z] [INFO]    ⚠️ task: result
[2026-05-01T15:55:37Z] [INFO]    ⚠️ task: result
[2026-05-01T15:55:37Z] [INFO]    ⚠️ task: result
[2026-05-01T15:55:37Z] [HEADER] ================================================================================
[2026-05-01T15:55:37Z] [INFO] 🔄 OVERNIGHT RESEARCH PIPELINE - CYCLE #27
[2026-05-01T15:55:37Z] [INFO] ================================================================================
[2026-05-01T15:55:37Z] [HEADER] ============================================================
[2026-05-01T15:55:37Z] [INFO] 🌙 STARTING OVERNIGHT RESEARCH CYCLE #27
[2026-05-01T15:55:37Z] [INFO] 🔍 Running overnight research protocol (web scraping + cross-symbol analysis)...
[2026-05-01T15:55:37Z] [INFO] 📊 Cycle duration: 0.21s, Files generated: 0
[2026-05-01T15:55:37Z] [WARNING] ⚠️ Database not initialized for cycle counting
[2026-05-01T15:55:37Z] [INFO] 💾 Database updated with cycle results
[2026-05-01T15:55:37Z] [SECTION] ============================================================
[2026-05-01T15:55:37Z] [INFO] 🔮 PHASE: HIDDEN LAYERING DETECTION
[2026-05-01T15:55:37Z] [INFO] 🔗 Hidden layering detection complete. Connections identified: 2
[2026-05-01T15:55:37Z] [SECTION] ============================================================
[2026-05-01T15:55:37Z] [INFO] 🔬 PHASE: DOMAIN CORRELATION ANALYSIS
[2026-05-01T15:55:37Z] [INFO] 📊 Domain correlation matrices created: 2
[2026-05-01T15:55:37Z] [SECTION] ============================================================
[2026-05-01T15:55:37Z] [INFO] 🖼️  PHASE: IMAGE-SEED ANALYSIS
[2026-05-01T15:55:37Z] [INFO] 📂 Image seed analysis bootstrapping from 0 images...
[2026-05-01T15:55:37Z] [SECTION] ============================================================
[2026-05-01T15:55:37Z] [INFO] 📤 PHASE: PUSH COMPONENTS TO TOLARIA
[2026-05-01T15:55:38Z] [INFO] 📦 Components pushed to Tolaria: 5
[2026-05-01T15:55:38Z] [SECTION] ============================================================
[2026-05-01T15:55:38Z] [INFO] 🧩 PHASE: COMPOSER - DOMAIN INTEGRATION SYNTHESIS
[2026-05-01T15:55:56Z] [INFO] 🎨 Domain integrations synthesized: 0
[2026-05-01T15:55:56Z] [SECTION] ============================================================
[2026-05-01T15:55:56Z] [INFO] 🚀 PHASE: ADVANCED OVERNIGHT LOOP
[2026-05-01T15:55:56Z] [INFO] 🔬 Advanced loop completed cycles: 0
[2026-05-01T15:55:56Z] [WARNING] ⚠️  Git commit skipped or failed (git not initialized?): Command '['git', '-C', '/home/avalonas/.hermes/gematria/unified_overnight_research', 'commit', '-m', '[2026-05-01T15:55:56Z] Cycle 26: Cycle 27: Web research + hidden layering detection']' returned non-zero exit status 1.
[2026-05-01T15:55:56Z] [INFO] 
📊 CYCLE #27 SUMMARY
[2026-05-01T15:55:56Z] [INFO] ✅ Successful tasks: 7/7
[2026-05-01T15:55:56Z] [INFO] ⏱️  Cycle duration: 19.43s
[2026-05-01T15:55:56Z] [INFO]    ⚠️ task: result
[2026-05-01T15:55:56Z] [INFO]    ⚠️ task: result
[2026-05-01T15:55:56Z] [INFO]    ⚠️ task: result
[2026-05-01T15:55:56Z] [INFO]    ⚠️ task: result
[2026-05-01T15:55:56Z] [INFO]    ⚠️ task: result
[2026-05-01T15:55:56Z] [INFO]    ⚠️ task: result
[2026-05-01T15:55:56Z] [INFO]    ⚠️ task: result
[2026-05-01T15:55:56Z] [HEADER] ================================================================================
[2026-05-01T15:55:56Z] [INFO] 🔄 OVERNIGHT RESEARCH PIPELINE - CYCLE #28
[2026-05-01T15:55:56Z] [INFO] ================================================================================
[2026-05-01T15:55:56Z] [HEADER] ============================================================
[2026-05-01T15:55:56Z] [INFO] 🌙 STARTING OVERNIGHT RESEARCH CYCLE #28
[2026-05-01T15:55:56Z] [INFO] 🔍 Running overnight research protocol (web scraping + cross-symbol analysis)...
[2026-05-01T15:55:56Z] [INFO] 📊 Cycle duration: 0.22s, Files generated: 0
[2026-05-01T15:55:56Z] [WARNING] ⚠️ Database not initialized for cycle counting
[2026-05-01T15:55:56Z] [INFO] 💾 Database updated with cycle results
[2026-05-01T15:55:56Z] [SECTION] ============================================================
[2026-05-01T15:55:56Z] [INFO] 🔮 PHASE: HIDDEN LAYERING DETECTION
[2026-05-01T15:55:56Z] [INFO] 🔗 Hidden layering detection complete. Connections identified: 2
[2026-05-01T15:55:56Z] [SECTION] ============================================================
[2026-05-01T15:55:56Z] [INFO] 🔬 PHASE: DOMAIN CORRELATION ANALYSIS
[2026-05-01T15:55:56Z] [INFO] 📊 Domain correlation matrices created: 2
[2026-05-01T15:55:56Z] [SECTION] ============================================================
[2026-05-01T15:55:56Z] [INFO] 🖼️  PHASE: IMAGE-SEED ANALYSIS
[2026-05-01T15:55:56Z] [INFO] 📂 Image seed analysis bootstrapping from 0 images...
[2026-05-01T15:55:56Z] [SECTION] ============================================================
[2026-05-01T15:55:56Z] [INFO] 📤 PHASE: PUSH COMPONENTS TO TOLARIA
[2026-05-01T15:55:57Z] [INFO] 📦 Components pushed to Tolaria: 5
[2026-05-01T15:55:57Z] [SECTION] ============================================================
[2026-05-01T15:55:57Z] [INFO] 🧩 PHASE: COMPOSER - DOMAIN INTEGRATION SYNTHESIS
[2026-05-01T15:56:16Z] [INFO] 🎨 Domain integrations synthesized: 0
[2026-05-01T15:56:16Z] [SECTION] ============================================================
[2026-05-01T15:56:16Z] [INFO] 🚀 PHASE: ADVANCED OVERNIGHT LOOP
[2026-05-01T15:56:16Z] [INFO] 🔬 Advanced loop completed cycles: 0
[2026-05-01T15:56:16Z] [WARNING] ⚠️  Git commit skipped or failed (git not initialized?): Command '['git', '-C', '/home/avalonas/.hermes/gematria/unified_overnight_research', 'add', '.']' returned non-zero exit status 128.
[2026-05-01T15:56:16Z] [INFO] 
📊 CYCLE #28 SUMMARY
[2026-05-01T15:56:16Z] [INFO] ✅ Successful tasks: 7/7
[2026-05-01T15:56:16Z] [INFO] ⏱️  Cycle duration: 19.91s
[2026-05-01T15:56:16Z] [INFO]    ⚠️ task: result
[2026-05-01T15:56:16Z] [INFO]    ⚠️ task: result
[2026-05-01T15:56:16Z] [INFO]    ⚠️ task: result
[2026-05-01T15:56:16Z] [INFO]    ⚠️ task: result
[2026-05-01T15:56:16Z] [INFO]    ⚠️ task: result
[2026-05-01T15:56:16Z] [INFO]    ⚠️ task: result
[2026-05-01T15:56:16Z] [INFO]    ⚠️ task: result
[2026-05-01T15:56:16Z] [HEADER] ================================================================================
[2026-05-01T15:56:16Z] [INFO] 🔄 OVERNIGHT RESEARCH PIPELINE - CYCLE #29
[2026-05-01T15:56:16Z] [INFO] ================================================================================
[2026-05-01T15:56:16Z] [HEADER] ============================================================
[2026-05-01T15:56:16Z] [INFO] 🌙 STARTING OVERNIGHT RESEARCH CYCLE #29
[2026-05-01T15:56:16Z] [INFO] 🔍 Running overnight research protocol (web scraping + cross-symbol analysis)...
[2026-05-01T15:56:16Z] [INFO] 📊 Cycle duration: 0.27s, Files generated: 0
[2026-05-01T15:56:16Z] [WARNING] ⚠️ Database not initialized for cycle counting
[2026-05-01T15:56:16Z] [INFO] 💾 Database updated with cycle results
[2026-05-01T15:56:16Z] [SECTION] ============================================================
[2026-05-01T15:56:16Z] [INFO] 🔮 PHASE: HIDDEN LAYERING DETECTION
[2026-05-01T15:56:16Z] [INFO] 🔗 Hidden layering detection complete. Connections identified: 2
[2026-05-01T15:56:16Z] [SECTION] ============================================================
[2026-05-01T15:56:16Z] [INFO] 🔬 PHASE: DOMAIN CORRELATION ANALYSIS
[2026-05-01T15:56:16Z] [INFO] 📊 Domain correlation matrices created: 2
[2026-05-01T15:56:16Z] [SECTION] ============================================================
[2026-05-01T15:56:16Z] [INFO] 🖼️  PHASE: IMAGE-SEED ANALYSIS
[2026-05-01T15:56:16Z] [INFO] 📂 Image seed analysis bootstrapping from 0 images...
[2026-05-01T15:56:16Z] [SECTION] ============================================================
[2026-05-01T15:56:16Z] [INFO] 📤 PHASE: PUSH COMPONENTS TO TOLARIA
[2026-05-01T15:56:17Z] [INFO] 📦 Components pushed to Tolaria: 5
[2026-05-01T15:56:17Z] [SECTION] ============================================================
[2026-05-01T15:56:17Z] [INFO] 🧩 PHASE: COMPOSER - DOMAIN INTEGRATION SYNTHESIS
[2026-05-01T15:56:35Z] [INFO] 🎨 Domain integrations synthesized: 0
[2026-05-01T15:56:35Z] [SECTION] ============================================================
[2026-05-01T15:56:35Z] [INFO] 🚀 PHASE: ADVANCED OVERNIGHT LOOP
[2026-05-01T15:56:35Z] [INFO] 🔬 Advanced loop completed cycles: 0
[2026-05-01T15:56:35Z] [WARNING] ⚠️  Git commit skipped or failed (git not initialized?): Command '['git', '-C', '/home/avalonas/.hermes/gematria/unified_overnight_research', 'commit', '-m', '[2026-05-01T15:56:35Z] Cycle 28: Cycle 29: Web research + hidden layering detection']' returned non-zero exit status 128.
[2026-05-01T15:56:35Z] [INFO] 
📊 CYCLE #29 SUMMARY
[2026-05-01T15:56:35Z] [INFO] ✅ Successful tasks: 7/7
[2026-05-01T15:56:35Z] [INFO] ⏱️  Cycle duration: 19.14s
[2026-05-01T15:56:35Z] [INFO]    ⚠️ task: result
[2026-05-01T15:56:35Z] [INFO]    ⚠️ task: result
[2026-05-01T15:56:35Z] [INFO]    ⚠️ task: result
[2026-05-01T15:56:35Z] [INFO]    ⚠️ task: result
[2026-05-01T15:56:35Z] [INFO]    ⚠️ task: result
[2026-05-01T15:56:35Z] [INFO]    ⚠️ task: result
[2026-05-01T15:56:35Z] [INFO]    ⚠️ task: result
[2026-05-01T15:56:35Z] [HEADER] ================================================================================
[2026-05-01T15:56:35Z] [INFO] 🔄 OVERNIGHT RESEARCH PIPELINE - CYCLE #30
[2026-05-01T15:56:35Z] [INFO] ================================================================================
[2026-05-01T15:56:35Z] [HEADER] ============================================================
[2026-05-01T15:56:35Z] [INFO] 🌙 STARTING OVERNIGHT RESEARCH CYCLE #30
[2026-05-01T15:56:35Z] [INFO] 🔍 Running overnight research protocol (web scraping + cross-symbol analysis)...
[2026-05-01T15:56:35Z] [INFO] 📊 Cycle duration: 0.22s, Files generated: 0
[2026-05-01T15:56:35Z] [WARNING] ⚠️ Database not initialized for cycle counting
[2026-05-01T15:56:35Z] [INFO] 💾 Database updated with cycle results
[2026-05-01T15:56:35Z] [SECTION] ============================================================
[2026-05-01T15:56:35Z] [INFO] 🔮 PHASE: HIDDEN LAYERING DETECTION
[2026-05-01T15:56:35Z] [INFO] 🔗 Hidden layering detection complete. Connections identified: 2
[2026-05-01T15:56:35Z] [SECTION] ============================================================
[2026-05-01T15:56:35Z] [INFO] 🔬 PHASE: DOMAIN CORRELATION ANALYSIS
[2026-05-01T15:56:35Z] [INFO] 📊 Domain correlation matrices created: 2
[2026-05-01T15:56:35Z] [SECTION] ============================================================
[2026-05-01T15:56:35Z] [INFO] 🖼️  PHASE: IMAGE-SEED ANALYSIS
[2026-05-01T15:56:35Z] [INFO] 📂 Image seed analysis bootstrapping from 0 images...
[2026-05-01T15:56:35Z] [SECTION] ============================================================
[2026-05-01T15:56:35Z] [INFO] 📤 PHASE: PUSH COMPONENTS TO TOLARIA
[2026-05-01T15:56:36Z] [INFO] 📦 Components pushed to Tolaria: 5
[2026-05-01T15:56:36Z] [SECTION] ============================================================
[2026-05-01T15:56:36Z] [INFO] 🧩 PHASE: COMPOSER - DOMAIN INTEGRATION SYNTHESIS
[2026-05-01T15:56:53Z] [INFO] 🎨 Domain integrations synthesized: 0
[2026-05-01T15:56:53Z] [SECTION] ============================================================
[2026-05-01T15:56:53Z] [INFO] 🚀 PHASE: ADVANCED OVERNIGHT LOOP
[2026-05-01T15:56:53Z] [INFO] 🔬 Advanced loop completed cycles: 0
[2026-05-01T15:56:53Z] [WARNING] ⚠️  Git commit skipped or failed (git not initialized?): Command '['git', '-C', '/home/avalonas/.hermes/gematria/unified_overnight_research', 'commit', '-m', '[2026-05-01T15:56:53Z] Cycle 29: Cycle 30: Web research + hidden layering detection']' returned non-zero exit status 1.
[2026-05-01T15:56:53Z] [INFO] 
📊 CYCLE #30 SUMMARY
[2026-05-01T15:56:53Z] [INFO] ✅ Successful tasks: 7/7
[2026-05-01T15:56:53Z] [INFO] ⏱️  Cycle duration: 17.94s
[2026-05-01T15:56:53Z] [INFO]    ⚠️ task: result
[2026-05-01T15:56:53Z] [INFO]    ⚠️ task: result
[2026-05-01T15:56:53Z] [INFO]    ⚠️ task: result
[2026-05-01T15:56:53Z] [INFO]    ⚠️ task: result
[2026-05-01T15:56:53Z] [INFO]    ⚠️ task: result
[2026-05-01T15:56:53Z] [INFO]    ⚠️ task: result
[2026-05-01T15:56:53Z] [INFO]    ⚠️ task: result
[2026-05-01T15:56:53Z] [HEADER] ================================================================================
[2026-05-01T15:56:53Z] [INFO] 🔄 OVERNIGHT RESEARCH PIPELINE - CYCLE #31
[2026-05-01T15:56:53Z] [INFO] ================================================================================
[2026-05-01T15:56:53Z] [HEADER] ============================================================
[2026-05-01T15:56:53Z] [INFO] 🌙 STARTING OVERNIGHT RESEARCH CYCLE #31
[2026-05-01T15:56:53Z] [INFO] 🔍 Running overnight research protocol (web scraping + cross-symbol analysis)...
[2026-05-01T15:56:53Z] [INFO] 📊 Cycle duration: 0.24s, Files generated: 0
[2026-05-01T15:56:53Z] [WARNING] ⚠️ Database not initialized for cycle counting
[2026-05-01T15:56:53Z] [INFO] 💾 Database updated with cycle results
[2026-05-01T15:56:53Z] [SECTION] ============================================================
[2026-05-01T15:56:53Z] [INFO] 🔮 PHASE: HIDDEN LAYERING DETECTION
[2026-05-01T15:56:53Z] [INFO] 🔗 Hidden layering detection complete. Connections identified: 2
[2026-05-01T15:56:53Z] [SECTION] ============================================================
[2026-05-01T15:56:53Z] [INFO] 🔬 PHASE: DOMAIN CORRELATION ANALYSIS
[2026-05-01T15:56:53Z] [INFO] 📊 Domain correlation matrices created: 2
[2026-05-01T15:56:53Z] [SECTION] ============================================================
[2026-05-01T15:56:53Z] [INFO] 🖼️  PHASE: IMAGE-SEED ANALYSIS
[2026-05-01T15:56:53Z] [INFO] 📂 Image seed analysis bootstrapping from 0 images...
[2026-05-01T15:56:53Z] [SECTION] ============================================================
[2026-05-01T15:56:53Z] [INFO] 📤 PHASE: PUSH COMPONENTS TO TOLARIA
[2026-05-01T15:56:54Z] [INFO] 📦 Components pushed to Tolaria: 5
[2026-05-01T15:56:54Z] [SECTION] ============================================================
[2026-05-01T15:56:54Z] [INFO] 🧩 PHASE: COMPOSER - DOMAIN INTEGRATION SYNTHESIS
[2026-05-01T15:57:09Z] [INFO] 🎨 Domain integrations synthesized: 0
[2026-05-01T15:57:09Z] [SECTION] ============================================================
[2026-05-01T15:57:09Z] [INFO] 🚀 PHASE: ADVANCED OVERNIGHT LOOP
[2026-05-01T15:57:09Z] [INFO] 🔬 Advanced loop completed cycles: 0
[2026-05-01T15:57:09Z] [WARNING] ⚠️  Git commit skipped or failed (git not initialized?): Command '['git', '-C', '/home/avalonas/.hermes/gematria/unified_overnight_research', 'commit', '-m', '[2026-05-01T15:57:09Z] Cycle 30: Cycle 31: Web research + hidden layering detection']' returned non-zero exit status 1.
[2026-05-01T15:57:09Z] [INFO] 
📊 CYCLE #31 SUMMARY
[2026-05-01T15:57:09Z] [INFO] ✅ Successful tasks: 7/7
[2026-05-01T15:57:09Z] [INFO] ⏱️  Cycle duration: 16.39s
[2026-05-01T15:57:09Z] [INFO]    ⚠️ task: result
[2026-05-01T15:57:09Z] [INFO]    ⚠️ task: result
[2026-05-01T15:57:09Z] [INFO]    ⚠️ task: result
[2026-05-01T15:57:09Z] [INFO]    ⚠️ task: result
[2026-05-01T15:57:09Z] [INFO]    ⚠️ task: result
[2026-05-01T15:57:09Z] [INFO]    ⚠️ task: result
[2026-05-01T15:57:09Z] [INFO]    ⚠️ task: result
[2026-05-01T15:57:09Z] [HEADER] ================================================================================
[2026-05-01T15:57:09Z] [INFO] 🔄 OVERNIGHT RESEARCH PIPELINE - CYCLE #32
[2026-05-01T15:57:09Z] [INFO] ================================================================================
[2026-05-01T15:57:09Z] [HEADER] ============================================================
[2026-05-01T15:57:09Z] [INFO] 🌙 STARTING OVERNIGHT RESEARCH CYCLE #32
[2026-05-01T15:57:09Z] [INFO] 🔍 Running overnight research protocol (web scraping + cross-symbol analysis)...
[2026-05-01T15:57:10Z] [INFO] 📊 Cycle duration: 0.22s, Files generated: 0
[2026-05-01T15:57:10Z] [WARNING] ⚠️ Database not initialized for cycle counting
[2026-05-01T15:57:10Z] [INFO] 💾 Database updated with cycle results
[2026-05-01T15:57:10Z] [SECTION] ============================================================
[2026-05-01T15:57:10Z] [INFO] 🔮 PHASE: HIDDEN LAYERING DETECTION
[2026-05-01T15:57:10Z] [INFO] 🔗 Hidden layering detection complete. Connections identified: 2
[2026-05-01T15:57:10Z] [SECTION] ============================================================
[2026-05-01T15:57:10Z] [INFO] 🔬 PHASE: DOMAIN CORRELATION ANALYSIS
[2026-05-01T15:57:10Z] [INFO] 📊 Domain correlation matrices created: 2
[2026-05-01T15:57:10Z] [SECTION] ============================================================
[2026-05-01T15:57:10Z] [INFO] 🖼️  PHASE: IMAGE-SEED ANALYSIS
[2026-05-01T15:57:10Z] [INFO] 📂 Image seed analysis bootstrapping from 0 images...
[2026-05-01T15:57:10Z] [SECTION] ============================================================
[2026-05-01T15:57:10Z] [INFO] 📤 PHASE: PUSH COMPONENTS TO TOLARIA
[2026-05-01T15:57:11Z] [INFO] 📦 Components pushed to Tolaria: 5
[2026-05-01T15:57:11Z] [SECTION] ============================================================
[2026-05-01T15:57:11Z] [INFO] 🧩 PHASE: COMPOSER - DOMAIN INTEGRATION SYNTHESIS
[2026-05-01T15:57:28Z] [INFO] 🎨 Domain integrations synthesized: 0
[2026-05-01T15:57:28Z] [SECTION] ============================================================
[2026-05-01T15:57:28Z] [INFO] 🚀 PHASE: ADVANCED OVERNIGHT LOOP
[2026-05-01T15:57:28Z] [INFO] 🔬 Advanced loop completed cycles: 0
[2026-05-01T15:57:28Z] [WARNING] ⚠️  Git commit skipped or failed (git not initialized?): Command '['git', '-C', '/home/avalonas/.hermes/gematria/unified_overnight_research', 'commit', '-m', '[2026-05-01T15:57:28Z] Cycle 31: Cycle 32: Web research + hidden layering detection']' returned non-zero exit status 1.
[2026-05-01T15:57:28Z] [INFO] 
📊 CYCLE #32 SUMMARY
[2026-05-01T15:57:28Z] [INFO] ✅ Successful tasks: 7/7
[2026-05-01T15:57:28Z] [INFO] ⏱️  Cycle duration: 18.65s
[2026-05-01T15:57:28Z] [INFO]    ⚠️ task: result
[2026-05-01T15:57:28Z] [INFO]    ⚠️ task: result
[2026-05-01T15:57:28Z] [INFO]    ⚠️ task: result
[2026-05-01T15:57:28Z] [INFO]    ⚠️ task: result
[2026-05-01T15:57:28Z] [INFO]    ⚠️ task: result
[2026-05-01T15:57:28Z] [INFO]    ⚠️ task: result
[2026-05-01T15:57:28Z] [INFO]    ⚠️ task: result
[2026-05-01T15:57:28Z] [HEADER] ================================================================================
[2026-05-01T15:57:28Z] [INFO] 🔄 OVERNIGHT RESEARCH PIPELINE - CYCLE #33
[2026-05-01T15:57:28Z] [INFO] ================================================================================
[2026-05-01T15:57:28Z] [HEADER] ============================================================
[2026-05-01T15:57:28Z] [INFO] 🌙 STARTING OVERNIGHT RESEARCH CYCLE #33
[2026-05-01T15:57:28Z] [INFO] 🔍 Running overnight research protocol (web scraping + cross-symbol analysis)...
[2026-05-01T15:57:28Z] [INFO] 📊 Cycle duration: 0.13s, Files generated: 0
[2026-05-01T15:57:28Z] [WARNING] ⚠️ Database not initialized for cycle counting
[2026-05-01T15:57:28Z] [INFO] 💾 Database updated with cycle results
[2026-05-01T15:57:28Z] [SECTION] ============================================================
[2026-05-01T15:57:28Z] [INFO] 🔮 PHASE: HIDDEN LAYERING DETECTION
[2026-05-01T15:57:28Z] [INFO] 🔗 Hidden layering detection complete. Connections identified: 2
[2026-05-01T15:57:28Z] [SECTION] ============================================================
[2026-05-01T15:57:28Z] [INFO] 🔬 PHASE: DOMAIN CORRELATION ANALYSIS
[2026-05-01T15:57:28Z] [INFO] 📊 Domain correlation matrices created: 2
[2026-05-01T15:57:28Z] [SECTION] ============================================================
[2026-05-01T15:57:28Z] [INFO] 🖼️  PHASE: IMAGE-SEED ANALYSIS
[2026-05-01T15:57:28Z] [INFO] 📂 Image seed analysis bootstrapping from 0 images...
[2026-05-01T15:57:28Z] [SECTION] ============================================================
[2026-05-01T15:57:28Z] [INFO] 📤 PHASE: PUSH COMPONENTS TO TOLARIA
[2026-05-01T15:57:29Z] [INFO] 📦 Components pushed to Tolaria: 5
[2026-05-01T15:57:29Z] [SECTION] ============================================================
[2026-05-01T15:57:29Z] [INFO] 🧩 PHASE: COMPOSER - DOMAIN INTEGRATION SYNTHESIS
[2026-05-01T15:57:47Z] [INFO] 🎨 Domain integrations synthesized: 0
[2026-05-01T15:57:47Z] [SECTION] ============================================================
[2026-05-01T15:57:47Z] [INFO] 🚀 PHASE: ADVANCED OVERNIGHT LOOP
[2026-05-01T15:57:47Z] [INFO] 🔬 Advanced loop completed cycles: 0
[2026-05-01T15:57:47Z] [WARNING] ⚠️  Git commit skipped or failed (git not initialized?): Command '['git', '-C', '/home/avalonas/.hermes/gematria/unified_overnight_research', 'commit', '-m', '[2026-05-01T15:57:47Z] Cycle 32: Cycle 33: Web research + hidden layering detection']' returned non-zero exit status 1.
[2026-05-01T15:57:47Z] [INFO] 
📊 CYCLE #33 SUMMARY
[2026-05-01T15:57:47Z] [INFO] ✅ Successful tasks: 7/7
[2026-05-01T15:57:47Z] [INFO] ⏱️  Cycle duration: 18.97s
[2026-05-01T15:57:47Z] [INFO]    ⚠️ task: result
[2026-05-01T15:57:47Z] [INFO]    ⚠️ task: result
[2026-05-01T15:57:47Z] [INFO]    ⚠️ task: result
[2026-05-01T15:57:47Z] [INFO]    ⚠️ task: result
[2026-05-01T15:57:47Z] [INFO]    ⚠️ task: result
[2026-05-01T15:57:47Z] [INFO]    ⚠️ task: result
[2026-05-01T15:57:47Z] [INFO]    ⚠️ task: result
[2026-05-01T15:57:47Z] [HEADER] ================================================================================
[2026-05-01T15:57:47Z] [INFO] 🔄 OVERNIGHT RESEARCH PIPELINE - CYCLE #34
[2026-05-01T15:57:47Z] [INFO] ================================================================================
[2026-05-01T15:57:47Z] [HEADER] ============================================================
[2026-05-01T15:57:47Z] [INFO] 🌙 STARTING OVERNIGHT RESEARCH CYCLE #34
[2026-05-01T15:57:47Z] [INFO] 🔍 Running overnight research protocol (web scraping + cross-symbol analysis)...
[2026-05-01T15:57:47Z] [INFO] 📊 Cycle duration: 0.13s, Files generated: 0
[2026-05-01T15:57:47Z] [WARNING] ⚠️ Database not initialized for cycle counting
[2026-05-01T15:57:47Z] [INFO] 💾 Database updated with cycle results
[2026-05-01T15:57:47Z] [SECTION] ============================================================
[2026-05-01T15:57:47Z] [INFO] 🔮 PHASE: HIDDEN LAYERING DETECTION
[2026-05-01T15:57:47Z] [INFO] 🔗 Hidden layering detection complete. Connections identified: 2
[2026-05-01T15:57:47Z] [SECTION] ============================================================
[2026-05-01T15:57:47Z] [INFO] 🔬 PHASE: DOMAIN CORRELATION ANALYSIS
[2026-05-01T15:57:47Z] [INFO] 📊 Domain correlation matrices created: 2
[2026-05-01T15:57:47Z] [SECTION] ============================================================
[2026-05-01T15:57:47Z] [INFO] 🖼️  PHASE: IMAGE-SEED ANALYSIS
[2026-05-01T15:57:47Z] [INFO] 📂 Image seed analysis bootstrapping from 0 images...
[2026-05-01T15:57:47Z] [SECTION] ============================================================
[2026-05-01T15:57:47Z] [INFO] 📤 PHASE: PUSH COMPONENTS TO TOLARIA
[2026-05-01T15:57:48Z] [INFO] 📦 Components pushed to Tolaria: 5
[2026-05-01T15:57:48Z] [SECTION] ============================================================
[2026-05-01T15:57:48Z] [INFO] 🧩 PHASE: COMPOSER - DOMAIN INTEGRATION SYNTHESIS
[2026-05-01T15:58:05Z] [INFO] 🎨 Domain integrations synthesized: 0
[2026-05-01T15:58:05Z] [SECTION] ============================================================
[2026-05-01T15:58:05Z] [INFO] 🚀 PHASE: ADVANCED OVERNIGHT LOOP
[2026-05-01T15:58:05Z] [INFO] 🔬 Advanced loop completed cycles: 0
[2026-05-01T15:58:05Z] [WARNING] ⚠️  Git commit skipped or failed (git not initialized?): Command '['git', '-C', '/home/avalonas/.hermes/gematria/unified_overnight_research', 'add', '.']' returned non-zero exit status 128.
[2026-05-01T15:58:05Z] [INFO] 
📊 CYCLE #34 SUMMARY
[2026-05-01T15:58:05Z] [INFO] ✅ Successful tasks: 7/7
[2026-05-01T15:58:05Z] [INFO] ⏱️  Cycle duration: 18.08s
[2026-05-01T15:58:05Z] [INFO]    ⚠️ task: result
[2026-05-01T15:58:05Z] [INFO]    ⚠️ task: result
[2026-05-01T15:58:05Z] [INFO]    ⚠️ task: result
[2026-05-01T15:58:05Z] [INFO]    ⚠️ task: result
[2026-05-01T15:58:05Z] [INFO]    ⚠️ task: result
[2026-05-01T15:58:05Z] [INFO]    ⚠️ task: result
[2026-05-01T15:58:05Z] [INFO]    ⚠️ task: result
[2026-05-01T15:58:05Z] [HEADER] ================================================================================
[2026-05-01T15:58:05Z] [INFO] 🔄 OVERNIGHT RESEARCH PIPELINE - CYCLE #35
[2026-05-01T15:58:05Z] [INFO] ================================================================================
[2026-05-01T15:58:05Z] [HEADER] ============================================================
[2026-05-01T15:58:05Z] [INFO] 🌙 STARTING OVERNIGHT RESEARCH CYCLE #35
[2026-05-01T15:58:05Z] [INFO] 🔍 Running overnight research protocol (web scraping + cross-symbol analysis)...
[2026-05-01T15:58:05Z] [INFO] 📊 Cycle duration: 0.24s, Files generated: 0
[2026-05-01T15:58:05Z] [WARNING] ⚠️ Database not initialized for cycle counting
[2026-05-01T15:58:05Z] [INFO] 💾 Database updated with cycle results
[2026-05-01T15:58:05Z] [SECTION] ============================================================
[2026-05-01T15:58:05Z] [INFO] 🔮 PHASE: HIDDEN LAYERING DETECTION
[2026-05-01T15:58:05Z] [INFO] 🔗 Hidden layering detection complete. Connections identified: 2
[2026-05-01T15:58:05Z] [SECTION] ============================================================
[2026-05-01T15:58:05Z] [INFO] 🔬 PHASE: DOMAIN CORRELATION ANALYSIS
[2026-05-01T15:58:05Z] [INFO] 📊 Domain correlation matrices created: 2
[2026-05-01T15:58:05Z] [SECTION] ============================================================
[2026-05-01T15:58:05Z] [INFO] 🖼️  PHASE: IMAGE-SEED ANALYSIS
[2026-05-01T15:58:05Z] [INFO] 📂 Image seed analysis bootstrapping from 0 images...
[2026-05-01T15:58:05Z] [SECTION] ============================================================
[2026-05-01T15:58:05Z] [INFO] 📤 PHASE: PUSH COMPONENTS TO TOLARIA
[2026-05-01T15:58:06Z] [INFO] 📦 Components pushed to Tolaria: 5
[2026-05-01T15:58:06Z] [SECTION] ============================================================
[2026-05-01T15:58:06Z] [INFO] 🧩 PHASE: COMPOSER - DOMAIN INTEGRATION SYNTHESIS
[2026-05-01T15:58:25Z] [INFO] 🎨 Domain integrations synthesized: 0
[2026-05-01T15:58:25Z] [SECTION] ============================================================
[2026-05-01T15:58:25Z] [INFO] 🚀 PHASE: ADVANCED OVERNIGHT LOOP
[2026-05-01T15:58:25Z] [INFO] 🔬 Advanced loop completed cycles: 0
[2026-05-01T15:58:25Z] [WARNING] ⚠️  Git commit skipped or failed (git not initialized?): Command '['git', '-C', '/home/avalonas/.hermes/gematria/unified_overnight_research', 'add', '.']' returned non-zero exit status 128.
[2026-05-01T15:58:25Z] [INFO] 
📊 CYCLE #35 SUMMARY
[2026-05-01T15:58:25Z] [INFO] ✅ Successful tasks: 7/7
[2026-05-01T15:58:25Z] [INFO] ⏱️  Cycle duration: 20.04s
[2026-05-01T15:58:25Z] [INFO]    ⚠️ task: result
[2026-05-01T15:58:25Z] [INFO]    ⚠️ task: result
[2026-05-01T15:58:25Z] [INFO]    ⚠️ task: result
[2026-05-01T15:58:25Z] [INFO]    ⚠️ task: result
[2026-05-01T15:58:25Z] [INFO]    ⚠️ task: result
[2026-05-01T15:58:25Z] [INFO]    ⚠️ task: result
[2026-05-01T15:58:25Z] [INFO]    ⚠️ task: result
[2026-05-01T15:58:25Z] [HEADER] ================================================================================
[2026-05-01T15:58:25Z] [INFO] 🔄 OVERNIGHT RESEARCH PIPELINE - CYCLE #36
[2026-05-01T15:58:25Z] [INFO] ================================================================================
[2026-05-01T15:58:25Z] [HEADER] ============================================================
[2026-05-01T15:58:25Z] [INFO] 🌙 STARTING OVERNIGHT RESEARCH CYCLE #36
[2026-05-01T15:58:25Z] [INFO] 🔍 Running overnight research protocol (web scraping + cross-symbol analysis)...
[2026-05-01T15:58:25Z] [INFO] 📊 Cycle duration: 0.13s, Files generated: 0
[2026-05-01T15:58:25Z] [WARNING] ⚠️ Database not initialized for cycle counting
[2026-05-01T15:58:25Z] [INFO] 💾 Database updated with cycle results
[2026-05-01T15:58:25Z] [SECTION] ============================================================
[2026-05-01T15:58:25Z] [INFO] 🔮 PHASE: HIDDEN LAYERING DETECTION
[2026-05-01T15:58:25Z] [INFO] 🔗 Hidden layering detection complete. Connections identified: 2
[2026-05-01T15:58:25Z] [SECTION] ============================================================
[2026-05-01T15:58:25Z] [INFO] 🔬 PHASE: DOMAIN CORRELATION ANALYSIS
[2026-05-01T15:58:25Z] [INFO] 📊 Domain correlation matrices created: 2
[2026-05-01T15:58:25Z] [SECTION] ============================================================
[2026-05-01T15:58:25Z] [INFO] 🖼️  PHASE: IMAGE-SEED ANALYSIS
[2026-05-01T15:58:25Z] [INFO] 📂 Image seed analysis bootstrapping from 0 images...
[2026-05-01T15:58:25Z] [SECTION] ============================================================
[2026-05-01T15:58:25Z] [INFO] 📤 PHASE: PUSH COMPONENTS TO TOLARIA
[2026-05-01T15:58:26Z] [INFO] 📦 Components pushed to Tolaria: 5
[2026-05-01T15:58:26Z] [SECTION] ============================================================
[2026-05-01T15:58:26Z] [INFO] 🧩 PHASE: COMPOSER - DOMAIN INTEGRATION SYNTHESIS
[2026-05-01T15:58:44Z] [INFO] 🎨 Domain integrations synthesized: 0
[2026-05-01T15:58:44Z] [SECTION] ============================================================
[2026-05-01T15:58:44Z] [INFO] 🚀 PHASE: ADVANCED OVERNIGHT LOOP
[2026-05-01T15:58:44Z] [INFO] 🔬 Advanced loop completed cycles: 0
[2026-05-01T15:58:44Z] [WARNING] ⚠️  Git commit skipped or failed (git not initialized?): Command '['git', '-C', '/home/avalonas/.hermes/gematria/unified_overnight_research', 'commit', '-m', '[2026-05-01T15:58:44Z] Cycle 35: Cycle 36: Web research + hidden layering detection']' returned non-zero exit status 1.
[2026-05-01T15:58:44Z] [INFO] 
📊 CYCLE #36 SUMMARY
[2026-05-01T15:58:44Z] [INFO] ✅ Successful tasks: 7/7
[2026-05-01T15:58:44Z] [INFO] ⏱️  Cycle duration: 19.25s
[2026-05-01T15:58:44Z] [INFO]    ⚠️ task: result
[2026-05-01T15:58:44Z] [INFO]    ⚠️ task: result
[2026-05-01T15:58:44Z] [INFO]    ⚠️ task: result
[2026-05-01T15:58:44Z] [INFO]    ⚠️ task: result
[2026-05-01T15:58:44Z] [INFO]    ⚠️ task: result
[2026-05-01T15:58:44Z] [INFO]    ⚠️ task: result
[2026-05-01T15:58:44Z] [INFO]    ⚠️ task: result
[2026-05-01T15:58:44Z] [HEADER] ================================================================================
[2026-05-01T15:58:44Z] [INFO] 🔄 OVERNIGHT RESEARCH PIPELINE - CYCLE #37
[2026-05-01T15:58:44Z] [INFO] ================================================================================
[2026-05-01T15:58:44Z] [HEADER] ============================================================
[2026-05-01T15:58:44Z] [INFO] 🌙 STARTING OVERNIGHT RESEARCH CYCLE #37
[2026-05-01T15:58:44Z] [INFO] 🔍 Running overnight research protocol (web scraping + cross-symbol analysis)...
[2026-05-01T15:58:45Z] [INFO] 📊 Cycle duration: 0.16s, Files generated: 0
[2026-05-01T15:58:45Z] [WARNING] ⚠️ Database not initialized for cycle counting
[2026-05-01T15:58:45Z] [INFO] 💾 Database updated with cycle results
[2026-05-01T15:58:45Z] [SECTION] ============================================================
[2026-05-01T15:58:45Z] [INFO] 🔮 PHASE: HIDDEN LAYERING DETECTION
[2026-05-01T15:58:45Z] [INFO] 🔗 Hidden layering detection complete. Connections identified: 2
[2026-05-01T15:58:45Z] [SECTION] ============================================================
[2026-05-01T15:58:45Z] [INFO] 🔬 PHASE: DOMAIN CORRELATION ANALYSIS
[2026-05-01T15:58:45Z] [INFO] 📊 Domain correlation matrices created: 2
[2026-05-01T15:58:45Z] [SECTION] ============================================================
[2026-05-01T15:58:45Z] [INFO] 🖼️  PHASE: IMAGE-SEED ANALYSIS
[2026-05-01T15:58:45Z] [INFO] 📂 Image seed analysis bootstrapping from 0 images...
[2026-05-01T15:58:45Z] [SECTION] ============================================================
[2026-05-01T15:58:45Z] [INFO] 📤 PHASE: PUSH COMPONENTS TO TOLARIA
[2026-05-01T15:58:46Z] [INFO] 📦 Components pushed to Tolaria: 5
[2026-05-01T15:58:46Z] [SECTION] ============================================================
[2026-05-01T15:58:46Z] [INFO] 🧩 PHASE: COMPOSER - DOMAIN INTEGRATION SYNTHESIS
[2026-05-01T15:59:03Z] [INFO] 🎨 Domain integrations synthesized: 0
[2026-05-01T15:59:03Z] [SECTION] ============================================================
[2026-05-01T15:59:03Z] [INFO] 🚀 PHASE: ADVANCED OVERNIGHT LOOP
[2026-05-01T15:59:03Z] [INFO] 🔬 Advanced loop completed cycles: 0
[2026-05-01T15:59:03Z] [WARNING] ⚠️  Git commit skipped or failed (git not initialized?): Command '['git', '-C', '/home/avalonas/.hermes/gematria/unified_overnight_research', 'commit', '-m', '[2026-05-01T15:59:03Z] Cycle 36: Cycle 37: Web research + hidden layering detection']' returned non-zero exit status 1.
[2026-05-01T15:59:03Z] [INFO] 
📊 CYCLE #37 SUMMARY
[2026-05-01T15:59:03Z] [INFO] ✅ Successful tasks: 7/7
[2026-05-01T15:59:03Z] [INFO] ⏱️  Cycle duration: 18.85s
[2026-05-01T15:59:03Z] [INFO]    ⚠️ task: result
[2026-05-01T15:59:03Z] [INFO]    ⚠️ task: result
[2026-05-01T15:59:03Z] [INFO]    ⚠️ task: result
[2026-05-01T15:59:03Z] [INFO]    ⚠️ task: result
[2026-05-01T15:59:03Z] [INFO]    ⚠️ task: result
[2026-05-01T15:59:03Z] [INFO]    ⚠️ task: result
[2026-05-01T15:59:03Z] [INFO]    ⚠️ task: result
[2026-05-01T15:59:03Z] [HEADER] ================================================================================
[2026-05-01T15:59:03Z] [INFO] 🔄 OVERNIGHT RESEARCH PIPELINE - CYCLE #38
[2026-05-01T15:59:03Z] [INFO] ================================================================================
[2026-05-01T15:59:03Z] [HEADER] ============================================================
[2026-05-01T15:59:03Z] [INFO] 🌙 STARTING OVERNIGHT RESEARCH CYCLE #38
[2026-05-01T15:59:03Z] [INFO] 🔍 Running overnight research protocol (web scraping + cross-symbol analysis)...
[2026-05-01T15:59:03Z] [INFO] 📊 Cycle duration: 0.12s, Files generated: 0
[2026-05-01T15:59:03Z] [WARNING] ⚠️ Database not initialized for cycle counting
[2026-05-01T15:59:03Z] [INFO] 💾 Database updated with cycle results
[2026-05-01T15:59:03Z] [SECTION] ============================================================
[2026-05-01T15:59:03Z] [INFO] 🔮 PHASE: HIDDEN LAYERING DETECTION
[2026-05-01T15:59:03Z] [INFO] 🔗 Hidden layering detection complete. Connections identified: 2
[2026-05-01T15:59:03Z] [SECTION] ============================================================
[2026-05-01T15:59:03Z] [INFO] 🔬 PHASE: DOMAIN CORRELATION ANALYSIS
[2026-05-01T15:59:03Z] [INFO] 📊 Domain correlation matrices created: 2
[2026-05-01T15:59:03Z] [SECTION] ============================================================
[2026-05-01T15:59:03Z] [INFO] 🖼️  PHASE: IMAGE-SEED ANALYSIS
[2026-05-01T15:59:03Z] [INFO] 📂 Image seed analysis bootstrapping from 0 images...
[2026-05-01T15:59:03Z] [SECTION] ============================================================
[2026-05-01T15:59:03Z] [INFO] 📤 PHASE: PUSH COMPONENTS TO TOLARIA
[2026-05-01T15:59:04Z] [INFO] 📦 Components pushed to Tolaria: 5
[2026-05-01T15:59:04Z] [SECTION] ============================================================
[2026-05-01T15:59:04Z] [INFO] 🧩 PHASE: COMPOSER - DOMAIN INTEGRATION SYNTHESIS
[2026-05-01T15:59:21Z] [INFO] 🎨 Domain integrations synthesized: 0
[2026-05-01T15:59:21Z] [SECTION] ============================================================
[2026-05-01T15:59:21Z] [INFO] 🚀 PHASE: ADVANCED OVERNIGHT LOOP
[2026-05-01T15:59:21Z] [INFO] 🔬 Advanced loop completed cycles: 0
[2026-05-01T15:59:21Z] [WARNING] ⚠️  Git commit skipped or failed (git not initialized?): Command '['git', '-C', '/home/avalonas/.hermes/gematria/unified_overnight_research', 'commit', '-m', '[2026-05-01T15:59:21Z] Cycle 37: Cycle 38: Web research + hidden layering detection']' returned non-zero exit status 128.
[2026-05-01T15:59:21Z] [INFO] 
📊 CYCLE #38 SUMMARY
[2026-05-01T15:59:21Z] [INFO] ✅ Successful tasks: 7/7
[2026-05-01T15:59:21Z] [INFO] ⏱️  Cycle duration: 17.77s
[2026-05-01T15:59:21Z] [INFO]    ⚠️ task: result
[2026-05-01T15:59:21Z] [INFO]    ⚠️ task: result
[2026-05-01T15:59:21Z] [INFO]    ⚠️ task: result
[2026-05-01T15:59:21Z] [INFO]    ⚠️ task: result
[2026-05-01T15:59:21Z] [INFO]    ⚠️ task: result
[2026-05-01T15:59:21Z] [INFO]    ⚠️ task: result
[2026-05-01T15:59:21Z] [INFO]    ⚠️ task: result
[2026-05-01T15:59:21Z] [HEADER] ================================================================================
[2026-05-01T15:59:21Z] [INFO] 🔄 OVERNIGHT RESEARCH PIPELINE - CYCLE #39
[2026-05-01T15:59:21Z] [INFO] ================================================================================
[2026-05-01T15:59:21Z] [HEADER] ============================================================
[2026-05-01T15:59:21Z] [INFO] 🌙 STARTING OVERNIGHT RESEARCH CYCLE #39
[2026-05-01T15:59:21Z] [INFO] 🔍 Running overnight research protocol (web scraping + cross-symbol analysis)...
[2026-05-01T15:59:21Z] [INFO] 📊 Cycle duration: 0.15s, Files generated: 0
[2026-05-01T15:59:21Z] [WARNING] ⚠️ Database not initialized for cycle counting
[2026-05-01T15:59:21Z] [INFO] 💾 Database updated with cycle results
[2026-05-01T15:59:21Z] [SECTION] ============================================================
[2026-05-01T15:59:21Z] [INFO] 🔮 PHASE: HIDDEN LAYERING DETECTION
[2026-05-01T15:59:21Z] [INFO] 🔗 Hidden layering detection complete. Connections identified: 2
[2026-05-01T15:59:21Z] [SECTION] ============================================================
[2026-05-01T15:59:21Z] [INFO] 🔬 PHASE: DOMAIN CORRELATION ANALYSIS
[2026-05-01T15:59:21Z] [INFO] 📊 Domain correlation matrices created: 2
[2026-05-01T15:59:21Z] [SECTION] ============================================================
[2026-05-01T15:59:21Z] [INFO] 🖼️  PHASE: IMAGE-SEED ANALYSIS
[2026-05-01T15:59:21Z] [INFO] 📂 Image seed analysis bootstrapping from 0 images...
[2026-05-01T15:59:21Z] [SECTION] ============================================================
[2026-05-01T15:59:21Z] [INFO] 📤 PHASE: PUSH COMPONENTS TO TOLARIA
[2026-05-01T15:59:22Z] [INFO] 📦 Components pushed to Tolaria: 5
[2026-05-01T15:59:22Z] [SECTION] ============================================================
[2026-05-01T15:59:22Z] [INFO] 🧩 PHASE: COMPOSER - DOMAIN INTEGRATION SYNTHESIS
[2026-05-01T15:59:40Z] [INFO] 🎨 Domain integrations synthesized: 0
[2026-05-01T15:59:40Z] [SECTION] ============================================================
[2026-05-01T15:59:40Z] [INFO] 🚀 PHASE: ADVANCED OVERNIGHT LOOP
[2026-05-01T15:59:40Z] [INFO] 🔬 Advanced loop completed cycles: 0
[2026-05-01T15:59:41Z] [WARNING] ⚠️  Git commit skipped or failed (git not initialized?): Command '['git', '-C', '/home/avalonas/.hermes/gematria/unified_overnight_research', 'commit', '-m', '[2026-05-01T15:59:41Z] Cycle 38: Cycle 39: Web research + hidden layering detection']' returned non-zero exit status 1.
[2026-05-01T15:59:41Z] [INFO] 
📊 CYCLE #39 SUMMARY
[2026-05-01T15:59:41Z] [INFO] ✅ Successful tasks: 7/7
[2026-05-01T15:59:41Z] [INFO] ⏱️  Cycle duration: 19.60s
[2026-05-01T15:59:41Z] [INFO]    ⚠️ task: result
[2026-05-01T15:59:41Z] [INFO]    ⚠️ task: result
[2026-05-01T15:59:41Z] [INFO]    ⚠️ task: result
[2026-05-01T15:59:41Z] [INFO]    ⚠️ task: result
[2026-05-01T15:59:41Z] [INFO]    ⚠️ task: result
[2026-05-01T15:59:41Z] [INFO]    ⚠️ task: result
[2026-05-01T15:59:41Z] [INFO]    ⚠️ task: result
[2026-05-01T15:59:41Z] [HEADER] ================================================================================
[2026-05-01T15:59:41Z] [INFO] 🔄 OVERNIGHT RESEARCH PIPELINE - CYCLE #40
[2026-05-01T15:59:41Z] [INFO] ================================================================================
[2026-05-01T15:59:41Z] [HEADER] ============================================================
[2026-05-01T15:59:41Z] [INFO] 🌙 STARTING OVERNIGHT RESEARCH CYCLE #40
[2026-05-01T15:59:41Z] [INFO] 🔍 Running overnight research protocol (web scraping + cross-symbol analysis)...
[2026-05-01T15:59:41Z] [INFO] 📊 Cycle duration: 0.23s, Files generated: 0
[2026-05-01T15:59:41Z] [WARNING] ⚠️ Database not initialized for cycle counting
[2026-05-01T15:59:41Z] [INFO] 💾 Database updated with cycle results
[2026-05-01T15:59:41Z] [SECTION] ============================================================
[2026-05-01T15:59:41Z] [INFO] 🔮 PHASE: HIDDEN LAYERING DETECTION
[2026-05-01T15:59:41Z] [INFO] 🔗 Hidden layering detection complete. Connections identified: 2
[2026-05-01T15:59:41Z] [SECTION] ============================================================
[2026-05-01T15:59:41Z] [INFO] 🔬 PHASE: DOMAIN CORRELATION ANALYSIS
[2026-05-01T15:59:41Z] [INFO] 📊 Domain correlation matrices created: 2
[2026-05-01T15:59:41Z] [SECTION] ============================================================
[2026-05-01T15:59:41Z] [INFO] 🖼️  PHASE: IMAGE-SEED ANALYSIS
[2026-05-01T15:59:41Z] [INFO] 📂 Image seed analysis bootstrapping from 0 images...
[2026-05-01T15:59:41Z] [SECTION] ============================================================
[2026-05-01T15:59:41Z] [INFO] 📤 PHASE: PUSH COMPONENTS TO TOLARIA
[2026-05-01T15:59:42Z] [INFO] 📦 Components pushed to Tolaria: 5
[2026-05-01T15:59:42Z] [SECTION] ============================================================
[2026-05-01T15:59:42Z] [INFO] 🧩 PHASE: COMPOSER - DOMAIN INTEGRATION SYNTHESIS
[2026-05-01T15:59:56Z] [INFO] 🎨 Domain integrations synthesized: 0
[2026-05-01T15:59:56Z] [SECTION] ============================================================
[2026-05-01T15:59:56Z] [INFO] 🚀 PHASE: ADVANCED OVERNIGHT LOOP
[2026-05-01T15:59:56Z] [INFO] 🔬 Advanced loop completed cycles: 0
[2026-05-01T15:59:56Z] [WARNING] ⚠️  Git commit skipped or failed (git not initialized?): Command '['git', '-C', '/home/avalonas/.hermes/gematria/unified_overnight_research', 'add', '.']' returned non-zero exit status 128.
[2026-05-01T15:59:56Z] [INFO] 
📊 CYCLE #40 SUMMARY
[2026-05-01T15:59:56Z] [INFO] ✅ Successful tasks: 7/7
[2026-05-01T15:59:56Z] [INFO] ⏱️  Cycle duration: 15.55s
[2026-05-01T15:59:56Z] [INFO]    ⚠️ task: result
[2026-05-01T15:59:56Z] [INFO]    ⚠️ task: result
[2026-05-01T15:59:56Z] [INFO]    ⚠️ task: result
[2026-05-01T15:59:56Z] [INFO]    ⚠️ task: result
[2026-05-01T15:59:56Z] [INFO]    ⚠️ task: result
[2026-05-01T15:59:56Z] [INFO]    ⚠️ task: result
[2026-05-01T15:59:56Z] [INFO]    ⚠️ task: result
[2026-05-01T15:59:56Z] [HEADER] ================================================================================
[2026-05-01T15:59:56Z] [INFO] 🔄 OVERNIGHT RESEARCH PIPELINE - CYCLE #41
[2026-05-01T15:59:56Z] [INFO] ================================================================================
[2026-05-01T15:59:56Z] [HEADER] ============================================================
[2026-05-01T15:59:56Z] [INFO] 🌙 STARTING OVERNIGHT RESEARCH CYCLE #41
[2026-05-01T15:59:56Z] [INFO] 🔍 Running overnight research protocol (web scraping + cross-symbol analysis)...
[2026-05-01T15:59:56Z] [INFO] 📊 Cycle duration: 0.22s, Files generated: 0
[2026-05-01T15:59:56Z] [WARNING] ⚠️ Database not initialized for cycle counting
[2026-05-01T15:59:56Z] [INFO] 💾 Database updated with cycle results
[2026-05-01T15:59:56Z] [SECTION] ============================================================
[2026-05-01T15:59:56Z] [INFO] 🔮 PHASE: HIDDEN LAYERING DETECTION
[2026-05-01T15:59:56Z] [INFO] 🔗 Hidden layering detection complete. Connections identified: 2
[2026-05-01T15:59:56Z] [SECTION] ============================================================
[2026-05-01T15:59:56Z] [INFO] 🔬 PHASE: DOMAIN CORRELATION ANALYSIS
[2026-05-01T15:59:56Z] [INFO] 📊 Domain correlation matrices created: 2
[2026-05-01T15:59:56Z] [SECTION] ============================================================
[2026-05-01T15:59:56Z] [INFO] 🖼️  PHASE: IMAGE-SEED ANALYSIS
[2026-05-01T15:59:56Z] [INFO] 📂 Image seed analysis bootstrapping from 0 images...
[2026-05-01T15:59:56Z] [SECTION] ============================================================
[2026-05-01T15:59:56Z] [INFO] 📤 PHASE: PUSH COMPONENTS TO TOLARIA
[2026-05-01T15:59:57Z] [INFO] 📦 Components pushed to Tolaria: 5
[2026-05-01T15:59:57Z] [SECTION] ============================================================
[2026-05-01T15:59:57Z] [INFO] 🧩 PHASE: COMPOSER - DOMAIN INTEGRATION SYNTHESIS
[2026-05-01T16:00:14Z] [INFO] 🎨 Domain integrations synthesized: 0
[2026-05-01T16:00:14Z] [SECTION] ============================================================
[2026-05-01T16:00:14Z] [INFO] 🚀 PHASE: ADVANCED OVERNIGHT LOOP
[2026-05-01T16:00:14Z] [INFO] 🔬 Advanced loop completed cycles: 0
[2026-05-01T16:00:14Z] [WARNING] ⚠️  Git commit skipped or failed (git not initialized?): Command '['git', '-C', '/home/avalonas/.hermes/gematria/unified_overnight_research', 'commit', '-m', '[2026-05-01T16:00:14Z] Cycle 40: Cycle 41: Web research + hidden layering detection']' returned non-zero exit status 128.
[2026-05-01T16:00:14Z] [INFO] 
📊 CYCLE #41 SUMMARY
[2026-05-01T16:00:14Z] [INFO] ✅ Successful tasks: 7/7
[2026-05-01T16:00:14Z] [INFO] ⏱️  Cycle duration: 17.94s
[2026-05-01T16:00:14Z] [INFO]    ⚠️ task: result
[2026-05-01T16:00:14Z] [INFO]    ⚠️ task: result
[2026-05-01T16:00:14Z] [INFO]    ⚠️ task: result
[2026-05-01T16:00:14Z] [INFO]    ⚠️ task: result
[2026-05-01T16:00:14Z] [INFO]    ⚠️ task: result
[2026-05-01T16:00:14Z] [INFO]    ⚠️ task: result
[2026-05-01T16:00:14Z] [INFO]    ⚠️ task: result
[2026-05-01T16:00:14Z] [HEADER] ================================================================================
[2026-05-01T16:00:14Z] [INFO] 🔄 OVERNIGHT RESEARCH PIPELINE - CYCLE #42
[2026-05-01T16:00:14Z] [INFO] ================================================================================
[2026-05-01T16:00:14Z] [HEADER] ============================================================
[2026-05-01T16:00:14Z] [INFO] 🌙 STARTING OVERNIGHT RESEARCH CYCLE #42
[2026-05-01T16:00:14Z] [INFO] 🔍 Running overnight research protocol (web scraping + cross-symbol analysis)...
[2026-05-01T16:00:14Z] [INFO] 📊 Cycle duration: 0.22s, Files generated: 0
[2026-05-01T16:00:14Z] [WARNING] ⚠️ Database not initialized for cycle counting
[2026-05-01T16:00:14Z] [INFO] 💾 Database updated with cycle results
[2026-05-01T16:00:14Z] [SECTION] ============================================================
[2026-05-01T16:00:14Z] [INFO] 🔮 PHASE: HIDDEN LAYERING DETECTION
[2026-05-01T16:00:14Z] [INFO] 🔗 Hidden layering detection complete. Connections identified: 2
[2026-05-01T16:00:14Z] [SECTION] ============================================================
[2026-05-01T16:00:14Z] [INFO] 🔬 PHASE: DOMAIN CORRELATION ANALYSIS
[2026-05-01T16:00:14Z] [INFO] 📊 Domain correlation matrices created: 2
[2026-05-01T16:00:14Z] [SECTION] ============================================================
[2026-05-01T16:00:14Z] [INFO] 🖼️  PHASE: IMAGE-SEED ANALYSIS
[2026-05-01T16:00:14Z] [INFO] 📂 Image seed analysis bootstrapping from 0 images...
[2026-05-01T16:00:14Z] [SECTION] ============================================================
[2026-05-01T16:00:14Z] [INFO] 📤 PHASE: PUSH COMPONENTS TO TOLARIA
[2026-05-01T16:00:16Z] [INFO] 📦 Components pushed to Tolaria: 5
[2026-05-01T16:00:16Z] [SECTION] ============================================================
[2026-05-01T16:00:16Z] [INFO] 🧩 PHASE: COMPOSER - DOMAIN INTEGRATION SYNTHESIS
[2026-05-01T16:00:33Z] [INFO] 🎨 Domain integrations synthesized: 0
[2026-05-01T16:00:33Z] [SECTION] ============================================================
[2026-05-01T16:00:33Z] [INFO] 🚀 PHASE: ADVANCED OVERNIGHT LOOP
[2026-05-01T16:00:33Z] [INFO] 🔬 Advanced loop completed cycles: 0
[2026-05-01T16:00:33Z] [WARNING] ⚠️  Git commit skipped or failed (git not initialized?): Command '['git', '-C', '/home/avalonas/.hermes/gematria/unified_overnight_research', 'add', '.']' returned non-zero exit status 128.
[2026-05-01T16:00:33Z] [INFO] 
📊 CYCLE #42 SUMMARY
[2026-05-01T16:00:33Z] [INFO] ✅ Successful tasks: 7/7
[2026-05-01T16:00:33Z] [INFO] ⏱️  Cycle duration: 19.03s
[2026-05-01T16:00:33Z] [INFO]    ⚠️ task: result
[2026-05-01T16:00:33Z] [INFO]    ⚠️ task: result
[2026-05-01T16:00:33Z] [INFO]    ⚠️ task: result
[2026-05-01T16:00:33Z] [INFO]    ⚠️ task: result
[2026-05-01T16:00:33Z] [INFO]    ⚠️ task: result
[2026-05-01T16:00:33Z] [INFO]    ⚠️ task: result
[2026-05-01T16:00:33Z] [INFO]    ⚠️ task: result
[2026-05-01T16:00:33Z] [HEADER] ================================================================================
[2026-05-01T16:00:33Z] [INFO] 🔄 OVERNIGHT RESEARCH PIPELINE - CYCLE #43
[2026-05-01T16:00:33Z] [INFO] ================================================================================
[2026-05-01T16:00:33Z] [HEADER] ============================================================
[2026-05-01T16:00:33Z] [INFO] 🌙 STARTING OVERNIGHT RESEARCH CYCLE #43
[2026-05-01T16:00:33Z] [INFO] 🔍 Running overnight research protocol (web scraping + cross-symbol analysis)...
[2026-05-01T16:00:33Z] [INFO] 📊 Cycle duration: 0.23s, Files generated: 0
[2026-05-01T16:00:33Z] [WARNING] ⚠️ Database not initialized for cycle counting
[2026-05-01T16:00:33Z] [INFO] 💾 Database updated with cycle results
[2026-05-01T16:00:33Z] [SECTION] ============================================================
[2026-05-01T16:00:33Z] [INFO] 🔮 PHASE: HIDDEN LAYERING DETECTION
[2026-05-01T16:00:33Z] [INFO] 🔗 Hidden layering detection complete. Connections identified: 2
[2026-05-01T16:00:33Z] [SECTION] ============================================================
[2026-05-01T16:00:33Z] [INFO] 🔬 PHASE: DOMAIN CORRELATION ANALYSIS
[2026-05-01T16:00:33Z] [INFO] 📊 Domain correlation matrices created: 2
[2026-05-01T16:00:33Z] [SECTION] ============================================================
[2026-05-01T16:00:33Z] [INFO] 🖼️  PHASE: IMAGE-SEED ANALYSIS
[2026-05-01T16:00:33Z] [INFO] 📂 Image seed analysis bootstrapping from 0 images...
[2026-05-01T16:00:33Z] [SECTION] ============================================================
[2026-05-01T16:00:33Z] [INFO] 📤 PHASE: PUSH COMPONENTS TO TOLARIA
[2026-05-01T16:00:34Z] [INFO] 📦 Components pushed to Tolaria: 5
[2026-05-01T16:00:34Z] [SECTION] ============================================================
[2026-05-01T16:00:34Z] [INFO] 🧩 PHASE: COMPOSER - DOMAIN INTEGRATION SYNTHESIS
[2026-05-01T16:00:51Z] [INFO] 🎨 Domain integrations synthesized: 0
[2026-05-01T16:00:51Z] [SECTION] ============================================================
[2026-05-01T16:00:51Z] [INFO] 🚀 PHASE: ADVANCED OVERNIGHT LOOP
[2026-05-01T16:00:51Z] [INFO] 🔬 Advanced loop completed cycles: 0
[2026-05-01T16:00:51Z] [WARNING] ⚠️  Git commit skipped or failed (git not initialized?): Command '['git', '-C', '/home/avalonas/.hermes/gematria/unified_overnight_research', 'commit', '-m', '[2026-05-01T16:00:51Z] Cycle 42: Cycle 43: Web research + hidden layering detection']' returned non-zero exit status 1.
[2026-05-01T16:00:51Z] [INFO] 
📊 CYCLE #43 SUMMARY
[2026-05-01T16:00:51Z] [INFO] ✅ Successful tasks: 7/7
[2026-05-01T16:00:51Z] [INFO] ⏱️  Cycle duration: 18.22s
[2026-05-01T16:00:51Z] [INFO]    ⚠️ task: result
[2026-05-01T16:00:51Z] [INFO]    ⚠️ task: result
[2026-05-01T16:00:51Z] [INFO]    ⚠️ task: result
[2026-05-01T16:00:51Z] [INFO]    ⚠️ task: result
[2026-05-01T16:00:51Z] [INFO]    ⚠️ task: result
[2026-05-01T16:00:51Z] [INFO]    ⚠️ task: result
[2026-05-01T16:00:51Z] [INFO]    ⚠️ task: result
[2026-05-01T16:00:51Z] [HEADER] ================================================================================
[2026-05-01T16:00:51Z] [INFO] 🔄 OVERNIGHT RESEARCH PIPELINE - CYCLE #44
[2026-05-01T16:00:51Z] [INFO] ================================================================================
[2026-05-01T16:00:51Z] [HEADER] ============================================================
[2026-05-01T16:00:51Z] [INFO] 🌙 STARTING OVERNIGHT RESEARCH CYCLE #44
[2026-05-01T16:00:51Z] [INFO] 🔍 Running overnight research protocol (web scraping + cross-symbol analysis)...
[2026-05-01T16:00:52Z] [INFO] 📊 Cycle duration: 0.21s, Files generated: 0
[2026-05-01T16:00:52Z] [WARNING] ⚠️ Database not initialized for cycle counting
[2026-05-01T16:00:52Z] [INFO] 💾 Database updated with cycle results
[2026-05-01T16:00:52Z] [SECTION] ============================================================
[2026-05-01T16:00:52Z] [INFO] 🔮 PHASE: HIDDEN LAYERING DETECTION
[2026-05-01T16:00:52Z] [INFO] 🔗 Hidden layering detection complete. Connections identified: 2
[2026-05-01T16:00:52Z] [SECTION] ============================================================
[2026-05-01T16:00:52Z] [INFO] 🔬 PHASE: DOMAIN CORRELATION ANALYSIS
[2026-05-01T16:00:52Z] [INFO] 📊 Domain correlation matrices created: 2
[2026-05-01T16:00:52Z] [SECTION] ============================================================
[2026-05-01T16:00:52Z] [INFO] 🖼️  PHASE: IMAGE-SEED ANALYSIS
[2026-05-01T16:00:52Z] [INFO] 📂 Image seed analysis bootstrapping from 0 images...
[2026-05-01T16:00:52Z] [SECTION] ============================================================
[2026-05-01T16:00:52Z] [INFO] 📤 PHASE: PUSH COMPONENTS TO TOLARIA
[2026-05-01T16:00:53Z] [INFO] 📦 Components pushed to Tolaria: 5
[2026-05-01T16:00:53Z] [SECTION] ============================================================
[2026-05-01T16:00:53Z] [INFO] 🧩 PHASE: COMPOSER - DOMAIN INTEGRATION SYNTHESIS
[2026-05-01T16:01:07Z] [INFO] 🎨 Domain integrations synthesized: 0
[2026-05-01T16:01:07Z] [SECTION] ============================================================
[2026-05-01T16:01:07Z] [INFO] 🚀 PHASE: ADVANCED OVERNIGHT LOOP
[2026-05-01T16:01:07Z] [INFO] 🔬 Advanced loop completed cycles: 0
[2026-05-01T16:01:07Z] [WARNING] ⚠️  Git commit skipped or failed (git not initialized?): Command '['git', '-C', '/home/avalonas/.hermes/gematria/unified_overnight_research', 'commit', '-m', '[2026-05-01T16:01:07Z] Cycle 43: Cycle 44: Web research + hidden layering detection']' returned non-zero exit status 1.
[2026-05-01T16:01:07Z] [INFO] 
📊 CYCLE #44 SUMMARY
[2026-05-01T16:01:07Z] [INFO] ✅ Successful tasks: 7/7
[2026-05-01T16:01:07Z] [INFO] ⏱️  Cycle duration: 15.99s
[2026-05-01T16:01:07Z] [INFO]    ⚠️ task: result
[2026-05-01T16:01:07Z] [INFO]    ⚠️ task: result
[2026-05-01T16:01:07Z] [INFO]    ⚠️ task: result
[2026-05-01T16:01:07Z] [INFO]    ⚠️ task: result
[2026-05-01T16:01:07Z] [INFO]    ⚠️ task: result
[2026-05-01T16:01:07Z] [INFO]    ⚠️ task: result
[2026-05-01T16:01:07Z] [INFO]    ⚠️ task: result
[2026-05-01T16:01:07Z] [HEADER] ================================================================================
[2026-05-01T16:01:07Z] [INFO] 🔄 OVERNIGHT RESEARCH PIPELINE - CYCLE #45
[2026-05-01T16:01:07Z] [INFO] ================================================================================
[2026-05-01T16:01:07Z] [HEADER] ============================================================
[2026-05-01T16:01:07Z] [INFO] 🌙 STARTING OVERNIGHT RESEARCH CYCLE #45
[2026-05-01T16:01:07Z] [INFO] 🔍 Running overnight research protocol (web scraping + cross-symbol analysis)...
[2026-05-01T16:01:07Z] [INFO] 📊 Cycle duration: 0.12s, Files generated: 0
[2026-05-01T16:01:07Z] [WARNING] ⚠️ Database not initialized for cycle counting
[2026-05-01T16:01:07Z] [INFO] 💾 Database updated with cycle results
[2026-05-01T16:01:07Z] [SECTION] ============================================================
[2026-05-01T16:01:07Z] [INFO] 🔮 PHASE: HIDDEN LAYERING DETECTION
[2026-05-01T16:01:07Z] [INFO] 🔗 Hidden layering detection complete. Connections identified: 2
[2026-05-01T16:01:07Z] [SECTION] ============================================================
[2026-05-01T16:01:07Z] [INFO] 🔬 PHASE: DOMAIN CORRELATION ANALYSIS
[2026-05-01T16:01:07Z] [INFO] 📊 Domain correlation matrices created: 2
[2026-05-01T16:01:07Z] [SECTION] ============================================================
[2026-05-01T16:01:07Z] [INFO] 🖼️  PHASE: IMAGE-SEED ANALYSIS
[2026-05-01T16:01:07Z] [INFO] 📂 Image seed analysis bootstrapping from 0 images...
[2026-05-01T16:01:08Z] [SECTION] ============================================================
[2026-05-01T16:01:08Z] [INFO] 📤 PHASE: PUSH COMPONENTS TO TOLARIA
[2026-05-01T16:01:08Z] [INFO] 📦 Components pushed to Tolaria: 5
[2026-05-01T16:01:08Z] [SECTION] ============================================================
[2026-05-01T16:01:08Z] [INFO] 🧩 PHASE: COMPOSER - DOMAIN INTEGRATION SYNTHESIS
[2026-05-01T16:01:27Z] [INFO] 🎨 Domain integrations synthesized: 0
[2026-05-01T16:01:27Z] [SECTION] ============================================================
[2026-05-01T16:01:27Z] [INFO] 🚀 PHASE: ADVANCED OVERNIGHT LOOP
[2026-05-01T16:01:27Z] [INFO] 🔬 Advanced loop completed cycles: 0
[2026-05-01T16:01:27Z] [WARNING] ⚠️  Git commit skipped or failed (git not initialized?): Command '['git', '-C', '/home/avalonas/.hermes/gematria/unified_overnight_research', 'commit', '-m', '[2026-05-01T16:01:27Z] Cycle 44: Cycle 45: Web research + hidden layering detection']' returned non-zero exit status 1.
[2026-05-01T16:01:27Z] [INFO] 
📊 CYCLE #45 SUMMARY
[2026-05-01T16:01:27Z] [INFO] ✅ Successful tasks: 7/7
[2026-05-01T16:01:27Z] [INFO] ⏱️  Cycle duration: 19.55s
[2026-05-01T16:01:27Z] [INFO]    ⚠️ task: result
[2026-05-01T16:01:27Z] [INFO]    ⚠️ task: result
[2026-05-01T16:01:27Z] [INFO]    ⚠️ task: result
[2026-05-01T16:01:27Z] [INFO]    ⚠️ task: result
[2026-05-01T16:01:27Z] [INFO]    ⚠️ task: result
[2026-05-01T16:01:27Z] [INFO]    ⚠️ task: result
[2026-05-01T16:01:27Z] [INFO]    ⚠️ task: result
[2026-05-01T16:01:27Z] [HEADER] ================================================================================
[2026-05-01T16:01:27Z] [INFO] 🔄 OVERNIGHT RESEARCH PIPELINE - CYCLE #46
[2026-05-01T16:01:27Z] [INFO] ================================================================================
[2026-05-01T16:01:27Z] [HEADER] ============================================================
[2026-05-01T16:01:27Z] [INFO] 🌙 STARTING OVERNIGHT RESEARCH CYCLE #46
[2026-05-01T16:01:27Z] [INFO] 🔍 Running overnight research protocol (web scraping + cross-symbol analysis)...
[2026-05-01T16:01:27Z] [INFO] 📊 Cycle duration: 0.13s, Files generated: 0
[2026-05-01T16:01:27Z] [WARNING] ⚠️ Database not initialized for cycle counting
[2026-05-01T16:01:27Z] [INFO] 💾 Database updated with cycle results
[2026-05-01T16:01:27Z] [SECTION] ============================================================
[2026-05-01T16:01:27Z] [INFO] 🔮 PHASE: HIDDEN LAYERING DETECTION
[2026-05-01T16:01:27Z] [INFO] 🔗 Hidden layering detection complete. Connections identified: 2
[2026-05-01T16:01:27Z] [SECTION] ============================================================
[2026-05-01T16:01:27Z] [INFO] 🔬 PHASE: DOMAIN CORRELATION ANALYSIS
[2026-05-01T16:01:27Z] [INFO] 📊 Domain correlation matrices created: 2
[2026-05-01T16:01:27Z] [SECTION] ============================================================
[2026-05-01T16:01:27Z] [INFO] 🖼️  PHASE: IMAGE-SEED ANALYSIS
[2026-05-01T16:01:27Z] [INFO] 📂 Image seed analysis bootstrapping from 0 images...
[2026-05-01T16:01:27Z] [SECTION] ============================================================
[2026-05-01T16:01:27Z] [INFO] 📤 PHASE: PUSH COMPONENTS TO TOLARIA
[2026-05-01T16:01:28Z] [INFO] 📦 Components pushed to Tolaria: 5
[2026-05-01T16:01:28Z] [SECTION] ============================================================
[2026-05-01T16:01:28Z] [INFO] 🧩 PHASE: COMPOSER - DOMAIN INTEGRATION SYNTHESIS
[2026-05-01T16:01:44Z] [INFO] 🎨 Domain integrations synthesized: 0
[2026-05-01T16:01:44Z] [SECTION] ============================================================
[2026-05-01T16:01:44Z] [INFO] 🚀 PHASE: ADVANCED OVERNIGHT LOOP
[2026-05-01T16:01:44Z] [INFO] 🔬 Advanced loop completed cycles: 0
[2026-05-01T16:01:44Z] [WARNING] ⚠️  Git commit skipped or failed (git not initialized?): Command '['git', '-C', '/home/avalonas/.hermes/gematria/unified_overnight_research', 'add', '.']' returned non-zero exit status 128.
[2026-05-01T16:01:44Z] [INFO] 
📊 CYCLE #46 SUMMARY
[2026-05-01T16:01:44Z] [INFO] ✅ Successful tasks: 7/7
[2026-05-01T16:01:44Z] [INFO] ⏱️  Cycle duration: 17.29s
[2026-05-01T16:01:44Z] [INFO]    ⚠️ task: result
[2026-05-01T16:01:44Z] [INFO]    ⚠️ task: result
[2026-05-01T16:01:44Z] [INFO]    ⚠️ task: result
[2026-05-01T16:01:44Z] [INFO]    ⚠️ task: result
[2026-05-01T16:01:44Z] [INFO]    ⚠️ task: result
[2026-05-01T16:01:44Z] [INFO]    ⚠️ task: result
[2026-05-01T16:01:44Z] [INFO]    ⚠️ task: result
[2026-05-01T16:01:44Z] [HEADER] ================================================================================
[2026-05-01T16:01:44Z] [INFO] 🔄 OVERNIGHT RESEARCH PIPELINE - CYCLE #47
[2026-05-01T16:01:44Z] [INFO] ================================================================================
[2026-05-01T16:01:44Z] [HEADER] ============================================================
[2026-05-01T16:01:44Z] [INFO] 🌙 STARTING OVERNIGHT RESEARCH CYCLE #47
[2026-05-01T16:01:44Z] [INFO] 🔍 Running overnight research protocol (web scraping + cross-symbol analysis)...
[2026-05-01T16:01:44Z] [INFO] 📊 Cycle duration: 0.12s, Files generated: 0
[2026-05-01T16:01:44Z] [WARNING] ⚠️ Database not initialized for cycle counting
[2026-05-01T16:01:44Z] [INFO] 💾 Database updated with cycle results
[2026-05-01T16:01:44Z] [SECTION] ============================================================
[2026-05-01T16:01:44Z] [INFO] 🔮 PHASE: HIDDEN LAYERING DETECTION
[2026-05-01T16:01:44Z] [INFO] 🔗 Hidden layering detection complete. Connections identified: 2
[2026-05-01T16:01:44Z] [SECTION] ============================================================
[2026-05-01T16:01:44Z] [INFO] 🔬 PHASE: DOMAIN CORRELATION ANALYSIS
[2026-05-01T16:01:44Z] [INFO] 📊 Domain correlation matrices created: 2
[2026-05-01T16:01:44Z] [SECTION] ============================================================
[2026-05-01T16:01:44Z] [INFO] 🖼️  PHASE: IMAGE-SEED ANALYSIS
[2026-05-01T16:01:44Z] [INFO] 📂 Image seed analysis bootstrapping from 0 images...
[2026-05-01T16:01:44Z] [SECTION] ============================================================
[2026-05-01T16:01:44Z] [INFO] 📤 PHASE: PUSH COMPONENTS TO TOLARIA
[2026-05-01T16:01:45Z] [INFO] 📦 Components pushed to Tolaria: 5
[2026-05-01T16:01:45Z] [SECTION] ============================================================
[2026-05-01T16:01:45Z] [INFO] 🧩 PHASE: COMPOSER - DOMAIN INTEGRATION SYNTHESIS
[2026-05-01T16:01:59Z] [INFO] 🎨 Domain integrations synthesized: 0
[2026-05-01T16:01:59Z] [SECTION] ============================================================
[2026-05-01T16:01:59Z] [INFO] 🚀 PHASE: ADVANCED OVERNIGHT LOOP
[2026-05-01T16:01:59Z] [INFO] 🔬 Advanced loop completed cycles: 0
[2026-05-01T16:01:59Z] [WARNING] ⚠️  Git commit skipped or failed (git not initialized?): Command '['git', '-C', '/home/avalonas/.hermes/gematria/unified_overnight_research', 'commit', '-m', '[2026-05-01T16:01:59Z] Cycle 46: Cycle 47: Web research + hidden layering detection']' returned non-zero exit status 1.
[2026-05-01T16:01:59Z] [INFO] 
📊 CYCLE #47 SUMMARY
[2026-05-01T16:01:59Z] [INFO] ✅ Successful tasks: 7/7
[2026-05-01T16:01:59Z] [INFO] ⏱️  Cycle duration: 15.23s
[2026-05-01T16:01:59Z] [INFO]    ⚠️ task: result
[2026-05-01T16:01:59Z] [INFO]    ⚠️ task: result
[2026-05-01T16:01:59Z] [INFO]    ⚠️ task: result
[2026-05-01T16:01:59Z] [INFO]    ⚠️ task: result
[2026-05-01T16:01:59Z] [INFO]    ⚠️ task: result
[2026-05-01T16:01:59Z] [INFO]    ⚠️ task: result
[2026-05-01T16:01:59Z] [INFO]    ⚠️ task: result
[2026-05-01T16:01:59Z] [HEADER] ================================================================================
[2026-05-01T16:01:59Z] [INFO] 🔄 OVERNIGHT RESEARCH PIPELINE - CYCLE #48
[2026-05-01T16:01:59Z] [INFO] ================================================================================
[2026-05-01T16:01:59Z] [HEADER] ============================================================
[2026-05-01T16:01:59Z] [INFO] 🌙 STARTING OVERNIGHT RESEARCH CYCLE #48
[2026-05-01T16:01:59Z] [INFO] 🔍 Running overnight research protocol (web scraping + cross-symbol analysis)...
[2026-05-01T16:02:00Z] [INFO] 📊 Cycle duration: 0.26s, Files generated: 0
[2026-05-01T16:02:00Z] [WARNING] ⚠️ Database not initialized for cycle counting
[2026-05-01T16:02:00Z] [INFO] 💾 Database updated with cycle results
[2026-05-01T16:02:00Z] [SECTION] ============================================================
[2026-05-01T16:02:00Z] [INFO] 🔮 PHASE: HIDDEN LAYERING DETECTION
[2026-05-01T16:02:00Z] [INFO] 🔗 Hidden layering detection complete. Connections identified: 2
[2026-05-01T16:02:00Z] [SECTION] ============================================================
[2026-05-01T16:02:00Z] [INFO] 🔬 PHASE: DOMAIN CORRELATION ANALYSIS
[2026-05-01T16:02:00Z] [INFO] 📊 Domain correlation matrices created: 2
[2026-05-01T16:02:00Z] [SECTION] ============================================================
[2026-05-01T16:02:00Z] [INFO] 🖼️  PHASE: IMAGE-SEED ANALYSIS
[2026-05-01T16:02:00Z] [INFO] 📂 Image seed analysis bootstrapping from 0 images...
[2026-05-01T16:02:00Z] [SECTION] ============================================================
[2026-05-01T16:02:00Z] [INFO] 📤 PHASE: PUSH COMPONENTS TO TOLARIA
[2026-05-01T16:02:01Z] [INFO] 📦 Components pushed to Tolaria: 5
[2026-05-01T16:02:01Z] [SECTION] ============================================================
[2026-05-01T16:02:01Z] [INFO] 🧩 PHASE: COMPOSER - DOMAIN INTEGRATION SYNTHESIS
[2026-05-01T16:02:20Z] [INFO] 🎨 Domain integrations synthesized: 0
[2026-05-01T16:02:20Z] [SECTION] ============================================================
[2026-05-01T16:02:20Z] [INFO] 🚀 PHASE: ADVANCED OVERNIGHT LOOP
[2026-05-01T16:02:20Z] [INFO] 🔬 Advanced loop completed cycles: 0
[2026-05-01T16:02:20Z] [WARNING] ⚠️  Git commit skipped or failed (git not initialized?): Command '['git', '-C', '/home/avalonas/.hermes/gematria/unified_overnight_research', 'add', '.']' returned non-zero exit status 128.
[2026-05-01T16:02:20Z] [INFO] 
📊 CYCLE #48 SUMMARY
[2026-05-01T16:02:20Z] [INFO] ✅ Successful tasks: 7/7
[2026-05-01T16:02:20Z] [INFO] ⏱️  Cycle duration: 20.61s
[2026-05-01T16:02:20Z] [INFO]    ⚠️ task: result
[2026-05-01T16:02:20Z] [INFO]    ⚠️ task: result
[2026-05-01T16:02:20Z] [INFO]    ⚠️ task: result
[2026-05-01T16:02:20Z] [INFO]    ⚠️ task: result
[2026-05-01T16:02:20Z] [INFO]    ⚠️ task: result
[2026-05-01T16:02:20Z] [INFO]    ⚠️ task: result
[2026-05-01T16:02:20Z] [INFO]    ⚠️ task: result
[2026-05-01T16:02:20Z] [HEADER] ================================================================================
[2026-05-01T16:02:20Z] [INFO] 🔄 OVERNIGHT RESEARCH PIPELINE - CYCLE #49
[2026-05-01T16:02:20Z] [INFO] ================================================================================
[2026-05-01T16:02:20Z] [HEADER] ============================================================
[2026-05-01T16:02:20Z] [INFO] 🌙 STARTING OVERNIGHT RESEARCH CYCLE #49
[2026-05-01T16:02:20Z] [INFO] 🔍 Running overnight research protocol (web scraping + cross-symbol analysis)...
[2026-05-01T16:02:20Z] [INFO] 📊 Cycle duration: 0.22s, Files generated: 0
[2026-05-01T16:02:20Z] [WARNING] ⚠️ Database not initialized for cycle counting
[2026-05-01T16:02:20Z] [INFO] 💾 Database updated with cycle results
[2026-05-01T16:02:20Z] [SECTION] ============================================================
[2026-05-01T16:02:20Z] [INFO] 🔮 PHASE: HIDDEN LAYERING DETECTION
[2026-05-01T16:02:20Z] [INFO] 🔗 Hidden layering detection complete. Connections identified: 2
[2026-05-01T16:02:20Z] [SECTION] ============================================================
[2026-05-01T16:02:20Z] [INFO] 🔬 PHASE: DOMAIN CORRELATION ANALYSIS
[2026-05-01T16:02:20Z] [INFO] 📊 Domain correlation matrices created: 2
[2026-05-01T16:02:20Z] [SECTION] ============================================================
[2026-05-01T16:02:20Z] [INFO] 🖼️  PHASE: IMAGE-SEED ANALYSIS
[2026-05-01T16:02:20Z] [INFO] 📂 Image seed analysis bootstrapping from 0 images...
[2026-05-01T16:02:20Z] [SECTION] ============================================================
[2026-05-01T16:02:20Z] [INFO] 📤 PHASE: PUSH COMPONENTS TO TOLARIA
[2026-05-01T16:02:21Z] [INFO] 📦 Components pushed to Tolaria: 5
[2026-05-01T16:02:21Z] [SECTION] ============================================================
[2026-05-01T16:02:21Z] [INFO] 🧩 PHASE: COMPOSER - DOMAIN INTEGRATION SYNTHESIS
[2026-05-01T16:02:36Z] [INFO] 🎨 Domain integrations synthesized: 0
[2026-05-01T16:02:36Z] [SECTION] ============================================================
[2026-05-01T16:02:36Z] [INFO] 🚀 PHASE: ADVANCED OVERNIGHT LOOP
[2026-05-01T16:02:36Z] [INFO] 🔬 Advanced loop completed cycles: 0
[2026-05-01T16:02:36Z] [WARNING] ⚠️  Git commit skipped or failed (git not initialized?): Command '['git', '-C', '/home/avalonas/.hermes/gematria/unified_overnight_research', 'add', '.']' returned non-zero exit status 128.
[2026-05-01T16:02:36Z] [INFO] 
📊 CYCLE #49 SUMMARY
[2026-05-01T16:02:36Z] [INFO] ✅ Successful tasks: 7/7
[2026-05-01T16:02:36Z] [INFO] ⏱️  Cycle duration: 15.72s
[2026-05-01T16:02:36Z] [INFO]    ⚠️ task: result
[2026-05-01T16:02:36Z] [INFO]    ⚠️ task: result
[2026-05-01T16:02:36Z] [INFO]    ⚠️ task: result
[2026-05-01T16:02:36Z] [INFO]    ⚠️ task: result
[2026-05-01T16:02:36Z] [INFO]    ⚠️ task: result
[2026-05-01T16:02:36Z] [INFO]    ⚠️ task: result
[2026-05-01T16:02:36Z] [INFO]    ⚠️ task: result
[2026-05-01T16:02:36Z] [HEADER] ================================================================================
[2026-05-01T16:02:36Z] [INFO] 🔄 OVERNIGHT RESEARCH PIPELINE - CYCLE #50
[2026-05-01T16:02:36Z] [INFO] ================================================================================
[2026-05-01T16:02:36Z] [HEADER] ============================================================
[2026-05-01T16:02:36Z] [INFO] 🌙 STARTING OVERNIGHT RESEARCH CYCLE #50
[2026-05-01T16:02:36Z] [INFO] 🔍 Running overnight research protocol (web scraping + cross-symbol analysis)...
[2026-05-01T16:02:36Z] [INFO] 📊 Cycle duration: 0.22s, Files generated: 0
[2026-05-01T16:02:36Z] [WARNING] ⚠️ Database not initialized for cycle counting
[2026-05-01T16:02:36Z] [INFO] 💾 Database updated with cycle results
[2026-05-01T16:02:36Z] [SECTION] ============================================================
[2026-05-01T16:02:36Z] [INFO] 🔮 PHASE: HIDDEN LAYERING DETECTION
[2026-05-01T16:02:36Z] [INFO] 🔗 Hidden layering detection complete. Connections identified: 2
[2026-05-01T16:02:36Z] [SECTION] ============================================================
[2026-05-01T16:02:36Z] [INFO] 🔬 PHASE: DOMAIN CORRELATION ANALYSIS
[2026-05-01T16:02:36Z] [INFO] 📊 Domain correlation matrices created: 2
[2026-05-01T16:02:36Z] [SECTION] ============================================================
[2026-05-01T16:02:36Z] [INFO] 🖼️  PHASE: IMAGE-SEED ANALYSIS
[2026-05-01T16:02:36Z] [INFO] 📂 Image seed analysis bootstrapping from 0 images...
[2026-05-01T16:02:36Z] [SECTION] ============================================================
[2026-05-01T16:02:36Z] [INFO] 📤 PHASE: PUSH COMPONENTS TO TOLARIA
[2026-05-01T16:02:37Z] [INFO] 📦 Components pushed to Tolaria: 5
[2026-05-01T16:02:37Z] [SECTION] ============================================================
[2026-05-01T16:02:37Z] [INFO] 🧩 PHASE: COMPOSER - DOMAIN INTEGRATION SYNTHESIS
[2026-05-01T16:02:56Z] [INFO] 🎨 Domain integrations synthesized: 0
[2026-05-01T16:02:56Z] [SECTION] ============================================================
[2026-05-01T16:02:56Z] [INFO] 🚀 PHASE: ADVANCED OVERNIGHT LOOP
[2026-05-01T16:02:56Z] [INFO] 🔬 Advanced loop completed cycles: 0
[2026-05-01T16:02:56Z] [WARNING] ⚠️  Git commit skipped or failed (git not initialized?): Command '['git', '-C', '/home/avalonas/.hermes/gematria/unified_overnight_research', 'add', '.']' returned non-zero exit status 128.
[2026-05-01T16:02:56Z] [INFO] 
📊 CYCLE #50 SUMMARY
[2026-05-01T16:02:56Z] [INFO] ✅ Successful tasks: 7/7
[2026-05-01T16:02:56Z] [INFO] ⏱️  Cycle duration: 20.60s
[2026-05-01T16:02:56Z] [INFO]    ⚠️ task: result
[2026-05-01T16:02:56Z] [INFO]    ⚠️ task: result
[2026-05-01T16:02:56Z] [INFO]    ⚠️ task: result
[2026-05-01T16:02:56Z] [INFO]    ⚠️ task: result
[2026-05-01T16:02:56Z] [INFO]    ⚠️ task: result
[2026-05-01T16:02:56Z] [INFO]    ⚠️ task: result
[2026-05-01T16:02:56Z] [INFO]    ⚠️ task: result
[2026-05-01T16:02:56Z] [HEADER] ================================================================================
[2026-05-01T16:02:56Z] [INFO] 🔄 OVERNIGHT RESEARCH PIPELINE - CYCLE #51
[2026-05-01T16:02:56Z] [INFO] ================================================================================
[2026-05-01T16:02:56Z] [HEADER] ============================================================
[2026-05-01T16:02:56Z] [INFO] 🌙 STARTING OVERNIGHT RESEARCH CYCLE #51
[2026-05-01T16:02:56Z] [INFO] 🔍 Running overnight research protocol (web scraping + cross-symbol analysis)...
[2026-05-01T16:02:57Z] [INFO] 📊 Cycle duration: 0.29s, Files generated: 0
[2026-05-01T16:02:57Z] [WARNING] ⚠️ Database not initialized for cycle counting
[2026-05-01T16:02:57Z] [INFO] 💾 Database updated with cycle results
[2026-05-01T16:02:57Z] [SECTION] ============================================================
[2026-05-01T16:02:57Z] [INFO] 🔮 PHASE: HIDDEN LAYERING DETECTION
[2026-05-01T16:02:57Z] [INFO] 🔗 Hidden layering detection complete. Connections identified: 2
[2026-05-01T16:02:57Z] [SECTION] ============================================================
[2026-05-01T16:02:57Z] [INFO] 🔬 PHASE: DOMAIN CORRELATION ANALYSIS
[2026-05-01T16:02:57Z] [INFO] 📊 Domain correlation matrices created: 2
[2026-05-01T16:02:57Z] [SECTION] ============================================================
[2026-05-01T16:02:57Z] [INFO] 🖼️  PHASE: IMAGE-SEED ANALYSIS
[2026-05-01T16:02:57Z] [INFO] 📂 Image seed analysis bootstrapping from 0 images...
[2026-05-01T16:02:57Z] [SECTION] ============================================================
[2026-05-01T16:02:57Z] [INFO] 📤 PHASE: PUSH COMPONENTS TO TOLARIA
[2026-05-01T16:02:58Z] [INFO] 📦 Components pushed to Tolaria: 5
[2026-05-01T16:02:58Z] [SECTION] ============================================================
[2026-05-01T16:02:58Z] [INFO] 🧩 PHASE: COMPOSER - DOMAIN INTEGRATION SYNTHESIS
[2026-05-01T16:03:17Z] [INFO] 🎨 Domain integrations synthesized: 0
[2026-05-01T16:03:17Z] [SECTION] ============================================================
[2026-05-01T16:03:17Z] [INFO] 🚀 PHASE: ADVANCED OVERNIGHT LOOP
[2026-05-01T16:03:17Z] [INFO] 🔬 Advanced loop completed cycles: 0
[2026-05-01T16:03:17Z] [WARNING] ⚠️  Git commit skipped or failed (git not initialized?): Command '['git', '-C', '/home/avalonas/.hermes/gematria/unified_overnight_research', 'add', '.']' returned non-zero exit status 128.
[2026-05-01T16:03:17Z] [INFO] 
📊 CYCLE #51 SUMMARY
[2026-05-01T16:03:17Z] [INFO] ✅ Successful tasks: 7/7
[2026-05-01T16:03:17Z] [INFO] ⏱️  Cycle duration: 20.56s
[2026-05-01T16:03:17Z] [INFO]    ⚠️ task: result
[2026-05-01T16:03:17Z] [INFO]    ⚠️ task: result
[2026-05-01T16:03:17Z] [INFO]    ⚠️ task: result
[2026-05-01T16:03:17Z] [INFO]    ⚠️ task: result
[2026-05-01T16:03:17Z] [INFO]    ⚠️ task: result
[2026-05-01T16:03:17Z] [INFO]    ⚠️ task: result
[2026-05-01T16:03:17Z] [INFO]    ⚠️ task: result
[2026-05-01T16:03:17Z] [HEADER] ================================================================================
[2026-05-01T16:03:17Z] [INFO] 🔄 OVERNIGHT RESEARCH PIPELINE - CYCLE #52
[2026-05-01T16:03:17Z] [INFO] ================================================================================
[2026-05-01T16:03:17Z] [HEADER] ============================================================
[2026-05-01T16:03:17Z] [INFO] 🌙 STARTING OVERNIGHT RESEARCH CYCLE #52
[2026-05-01T16:03:17Z] [INFO] 🔍 Running overnight research protocol (web scraping + cross-symbol analysis)...
[2026-05-01T16:03:17Z] [INFO] 📊 Cycle duration: 0.15s, Files generated: 0
[2026-05-01T16:03:17Z] [WARNING] ⚠️ Database not initialized for cycle counting
[2026-05-01T16:03:17Z] [INFO] 💾 Database updated with cycle results
[2026-05-01T16:03:17Z] [SECTION] ============================================================
[2026-05-01T16:03:17Z] [INFO] 🔮 PHASE: HIDDEN LAYERING DETECTION
[2026-05-01T16:03:17Z] [INFO] 🔗 Hidden layering detection complete. Connections identified: 2
[2026-05-01T16:03:17Z] [SECTION] ============================================================
[2026-05-01T16:03:17Z] [INFO] 🔬 PHASE: DOMAIN CORRELATION ANALYSIS
[2026-05-01T16:03:17Z] [INFO] 📊 Domain correlation matrices created: 2
[2026-05-01T16:03:17Z] [SECTION] ============================================================
[2026-05-01T16:03:17Z] [INFO] 🖼️  PHASE: IMAGE-SEED ANALYSIS
[2026-05-01T16:03:17Z] [INFO] 📂 Image seed analysis bootstrapping from 0 images...
[2026-05-01T16:03:17Z] [SECTION] ============================================================
[2026-05-01T16:03:17Z] [INFO] 📤 PHASE: PUSH COMPONENTS TO TOLARIA
[2026-05-01T16:03:18Z] [INFO] 📦 Components pushed to Tolaria: 5
[2026-05-01T16:03:18Z] [SECTION] ============================================================
[2026-05-01T16:03:18Z] [INFO] 🧩 PHASE: COMPOSER - DOMAIN INTEGRATION SYNTHESIS
[2026-05-01T16:03:37Z] [INFO] 🎨 Domain integrations synthesized: 0
[2026-05-01T16:03:37Z] [SECTION] ============================================================
[2026-05-01T16:03:37Z] [INFO] 🚀 PHASE: ADVANCED OVERNIGHT LOOP
[2026-05-01T16:03:37Z] [INFO] 🔬 Advanced loop completed cycles: 0
[2026-05-01T16:03:37Z] [WARNING] ⚠️  Git commit skipped or failed (git not initialized?): Command '['git', '-C', '/home/avalonas/.hermes/gematria/unified_overnight_research', 'commit', '-m', '[2026-05-01T16:03:37Z] Cycle 51: Cycle 52: Web research + hidden layering detection']' returned non-zero exit status 1.
[2026-05-01T16:03:37Z] [INFO] 
📊 CYCLE #52 SUMMARY
[2026-05-01T16:03:37Z] [INFO] ✅ Successful tasks: 7/7
[2026-05-01T16:03:37Z] [INFO] ⏱️  Cycle duration: 20.29s
[2026-05-01T16:03:37Z] [INFO]    ⚠️ task: result
[2026-05-01T16:03:37Z] [INFO]    ⚠️ task: result
[2026-05-01T16:03:37Z] [INFO]    ⚠️ task: result
[2026-05-01T16:03:37Z] [INFO]    ⚠️ task: result
[2026-05-01T16:03:37Z] [INFO]    ⚠️ task: result
[2026-05-01T16:03:37Z] [INFO]    ⚠️ task: result
[2026-05-01T16:03:37Z] [INFO]    ⚠️ task: result
[2026-05-01T16:03:37Z] [HEADER] ================================================================================
[2026-05-01T16:03:37Z] [INFO] 🔄 OVERNIGHT RESEARCH PIPELINE - CYCLE #53
[2026-05-01T16:03:37Z] [INFO] ================================================================================
[2026-05-01T16:03:37Z] [HEADER] ============================================================
[2026-05-01T16:03:37Z] [INFO] 🌙 STARTING OVERNIGHT RESEARCH CYCLE #53
[2026-05-01T16:03:37Z] [INFO] 🔍 Running overnight research protocol (web scraping + cross-symbol analysis)...
[2026-05-01T16:03:37Z] [INFO] 📊 Cycle duration: 0.21s, Files generated: 0
[2026-05-01T16:03:37Z] [WARNING] ⚠️ Database not initialized for cycle counting
[2026-05-01T16:03:37Z] [INFO] 💾 Database updated with cycle results
[2026-05-01T16:03:37Z] [SECTION] ============================================================
[2026-05-01T16:03:37Z] [INFO] 🔮 PHASE: HIDDEN LAYERING DETECTION
[2026-05-01T16:03:37Z] [INFO] 🔗 Hidden layering detection complete. Connections identified: 2
[2026-05-01T16:03:37Z] [SECTION] ============================================================
[2026-05-01T16:03:37Z] [INFO] 🔬 PHASE: DOMAIN CORRELATION ANALYSIS
[2026-05-01T16:03:37Z] [INFO] 📊 Domain correlation matrices created: 2
[2026-05-01T16:03:37Z] [SECTION] ============================================================
[2026-05-01T16:03:37Z] [INFO] 🖼️  PHASE: IMAGE-SEED ANALYSIS
[2026-05-01T16:03:37Z] [INFO] 📂 Image seed analysis bootstrapping from 0 images...
[2026-05-01T16:03:37Z] [SECTION] ============================================================
[2026-05-01T16:03:37Z] [INFO] 📤 PHASE: PUSH COMPONENTS TO TOLARIA
[2026-05-01T16:03:38Z] [INFO] 📦 Components pushed to Tolaria: 5
[2026-05-01T16:03:38Z] [SECTION] ============================================================
[2026-05-01T16:03:38Z] [INFO] 🧩 PHASE: COMPOSER - DOMAIN INTEGRATION SYNTHESIS
[2026-05-01T16:03:57Z] [INFO] 🎨 Domain integrations synthesized: 0
[2026-05-01T16:03:57Z] [SECTION] ============================================================
[2026-05-01T16:03:57Z] [INFO] 🚀 PHASE: ADVANCED OVERNIGHT LOOP
[2026-05-01T16:03:57Z] [INFO] 🔬 Advanced loop completed cycles: 0
[2026-05-01T16:03:57Z] [WARNING] ⚠️  Git commit skipped or failed (git not initialized?): Command '['git', '-C', '/home/avalonas/.hermes/gematria/unified_overnight_research', 'commit', '-m', '[2026-05-01T16:03:57Z] Cycle 52: Cycle 53: Web research + hidden layering detection']' returned non-zero exit status 1.
[2026-05-01T16:03:57Z] [INFO] 
📊 CYCLE #53 SUMMARY
[2026-05-01T16:03:57Z] [INFO] ✅ Successful tasks: 7/7
[2026-05-01T16:03:57Z] [INFO] ⏱️  Cycle duration: 20.09s
[2026-05-01T16:03:57Z] [INFO]    ⚠️ task: result
[2026-05-01T16:03:57Z] [INFO]    ⚠️ task: result
[2026-05-01T16:03:57Z] [INFO]    ⚠️ task: result
[2026-05-01T16:03:57Z] [INFO]    ⚠️ task: result
[2026-05-01T16:03:57Z] [INFO]    ⚠️ task: result
[2026-05-01T16:03:57Z] [INFO]    ⚠️ task: result
[2026-05-01T16:03:57Z] [INFO]    ⚠️ task: result
[2026-05-01T16:03:57Z] [HEADER] ================================================================================
[2026-05-01T16:03:57Z] [INFO] 🔄 OVERNIGHT RESEARCH PIPELINE - CYCLE #54
[2026-05-01T16:03:57Z] [INFO] ================================================================================
[2026-05-01T16:03:57Z] [HEADER] ============================================================
[2026-05-01T16:03:57Z] [INFO] 🌙 STARTING OVERNIGHT RESEARCH CYCLE #54
[2026-05-01T16:03:57Z] [INFO] 🔍 Running overnight research protocol (web scraping + cross-symbol analysis)...
[2026-05-01T16:03:57Z] [INFO] 📊 Cycle duration: 0.16s, Files generated: 0
[2026-05-01T16:03:57Z] [WARNING] ⚠️ Database not initialized for cycle counting
[2026-05-01T16:03:57Z] [INFO] 💾 Database updated with cycle results
[2026-05-01T16:03:57Z] [SECTION] ============================================================
[2026-05-01T16:03:57Z] [INFO] 🔮 PHASE: HIDDEN LAYERING DETECTION
[2026-05-01T16:03:57Z] [INFO] 🔗 Hidden layering detection complete. Connections identified: 2
[2026-05-01T16:03:57Z] [SECTION] ============================================================
[2026-05-01T16:03:57Z] [INFO] 🔬 PHASE: DOMAIN CORRELATION ANALYSIS
[2026-05-01T16:03:57Z] [INFO] 📊 Domain correlation matrices created: 2
[2026-05-01T16:03:57Z] [SECTION] ============================================================
[2026-05-01T16:03:57Z] [INFO] 🖼️  PHASE: IMAGE-SEED ANALYSIS
[2026-05-01T16:03:57Z] [INFO] 📂 Image seed analysis bootstrapping from 0 images...
[2026-05-01T16:03:58Z] [SECTION] ============================================================
[2026-05-01T16:03:58Z] [INFO] 📤 PHASE: PUSH COMPONENTS TO TOLARIA
[2026-05-01T16:03:58Z] [INFO] 📦 Components pushed to Tolaria: 5
[2026-05-01T16:03:58Z] [SECTION] ============================================================
[2026-05-01T16:03:58Z] [INFO] 🧩 PHASE: COMPOSER - DOMAIN INTEGRATION SYNTHESIS
[2026-05-01T16:04:20Z] [INFO] 🎨 Domain integrations synthesized: 0
[2026-05-01T16:04:20Z] [SECTION] ============================================================
[2026-05-01T16:04:20Z] [INFO] 🚀 PHASE: ADVANCED OVERNIGHT LOOP
[2026-05-01T16:04:20Z] [INFO] 🔬 Advanced loop completed cycles: 0
[2026-05-01T16:04:20Z] [WARNING] ⚠️  Git commit skipped or failed (git not initialized?): Command '['git', '-C', '/home/avalonas/.hermes/gematria/unified_overnight_research', 'commit', '-m', '[2026-05-01T16:04:20Z] Cycle 53: Cycle 54: Web research + hidden layering detection']' returned non-zero exit status 1.
[2026-05-01T16:04:20Z] [INFO] 
📊 CYCLE #54 SUMMARY
[2026-05-01T16:04:20Z] [INFO] ✅ Successful tasks: 7/7
[2026-05-01T16:04:20Z] [INFO] ⏱️  Cycle duration: 22.69s
[2026-05-01T16:04:20Z] [INFO]    ⚠️ task: result
[2026-05-01T16:04:20Z] [INFO]    ⚠️ task: result
[2026-05-01T16:04:20Z] [INFO]    ⚠️ task: result
[2026-05-01T16:04:20Z] [INFO]    ⚠️ task: result
[2026-05-01T16:04:20Z] [INFO]    ⚠️ task: result
[2026-05-01T16:04:20Z] [INFO]    ⚠️ task: result
[2026-05-01T16:04:20Z] [INFO]    ⚠️ task: result
[2026-05-01T16:04:20Z] [HEADER] ================================================================================
[2026-05-01T16:04:20Z] [INFO] 🔄 OVERNIGHT RESEARCH PIPELINE - CYCLE #55
[2026-05-01T16:04:20Z] [INFO] ================================================================================
[2026-05-01T16:04:20Z] [HEADER] ============================================================
[2026-05-01T16:04:20Z] [INFO] 🌙 STARTING OVERNIGHT RESEARCH CYCLE #55
[2026-05-01T16:04:20Z] [INFO] 🔍 Running overnight research protocol (web scraping + cross-symbol analysis)...
[2026-05-01T16:04:20Z] [INFO] 📊 Cycle duration: 0.22s, Files generated: 0
[2026-05-01T16:04:20Z] [WARNING] ⚠️ Database not initialized for cycle counting
[2026-05-01T16:04:20Z] [INFO] 💾 Database updated with cycle results
[2026-05-01T16:04:20Z] [SECTION] ============================================================
[2026-05-01T16:04:20Z] [INFO] 🔮 PHASE: HIDDEN LAYERING DETECTION
[2026-05-01T16:04:20Z] [INFO] 🔗 Hidden layering detection complete. Connections identified: 2
[2026-05-01T16:04:20Z] [SECTION] ============================================================
[2026-05-01T16:04:20Z] [INFO] 🔬 PHASE: DOMAIN CORRELATION ANALYSIS
[2026-05-01T16:04:20Z] [INFO] 📊 Domain correlation matrices created: 2
[2026-05-01T16:04:20Z] [SECTION] ============================================================
[2026-05-01T16:04:20Z] [INFO] 🖼️  PHASE: IMAGE-SEED ANALYSIS
[2026-05-01T16:04:20Z] [INFO] 📂 Image seed analysis bootstrapping from 0 images...
[2026-05-01T16:04:20Z] [SECTION] ============================================================
[2026-05-01T16:04:20Z] [INFO] 📤 PHASE: PUSH COMPONENTS TO TOLARIA
[2026-05-01T16:04:21Z] [INFO] 📦 Components pushed to Tolaria: 5
[2026-05-01T16:04:21Z] [SECTION] ============================================================
[2026-05-01T16:04:21Z] [INFO] 🧩 PHASE: COMPOSER - DOMAIN INTEGRATION SYNTHESIS
[2026-05-01T16:04:40Z] [INFO] 🎨 Domain integrations synthesized: 0
[2026-05-01T16:04:40Z] [SECTION] ============================================================
[2026-05-01T16:04:40Z] [INFO] 🚀 PHASE: ADVANCED OVERNIGHT LOOP
[2026-05-01T16:04:40Z] [INFO] 🔬 Advanced loop completed cycles: 0
[2026-05-01T16:04:40Z] [WARNING] ⚠️  Git commit skipped or failed (git not initialized?): Command '['git', '-C', '/home/avalonas/.hermes/gematria/unified_overnight_research', 'commit', '-m', '[2026-05-01T16:04:40Z] Cycle 54: Cycle 55: Web research + hidden layering detection']' returned non-zero exit status 1.
[2026-05-01T16:04:40Z] [INFO] 
📊 CYCLE #55 SUMMARY
[2026-05-01T16:04:40Z] [INFO] ✅ Successful tasks: 7/7
[2026-05-01T16:04:40Z] [INFO] ⏱️  Cycle duration: 20.55s
[2026-05-01T16:04:40Z] [INFO]    ⚠️ task: result
[2026-05-01T16:04:40Z] [INFO]    ⚠️ task: result
[2026-05-01T16:04:40Z] [INFO]    ⚠️ task: result
[2026-05-01T16:04:40Z] [INFO]    ⚠️ task: result
[2026-05-01T16:04:40Z] [INFO]    ⚠️ task: result
[2026-05-01T16:04:40Z] [INFO]    ⚠️ task: result
[2026-05-01T16:04:40Z] [INFO]    ⚠️ task: result
[2026-05-01T16:04:40Z] [HEADER] ================================================================================
[2026-05-01T16:04:40Z] [INFO] 🔄 OVERNIGHT RESEARCH PIPELINE - CYCLE #56
[2026-05-01T16:04:40Z] [INFO] ================================================================================
[2026-05-01T16:04:40Z] [HEADER] ============================================================
[2026-05-01T16:04:40Z] [INFO] 🌙 STARTING OVERNIGHT RESEARCH CYCLE #56
[2026-05-01T16:04:40Z] [INFO] 🔍 Running overnight research protocol (web scraping + cross-symbol analysis)...
[2026-05-01T16:04:41Z] [INFO] 📊 Cycle duration: 0.16s, Files generated: 0
[2026-05-01T16:04:41Z] [WARNING] ⚠️ Database not initialized for cycle counting
[2026-05-01T16:04:41Z] [INFO] 💾 Database updated with cycle results
[2026-05-01T16:04:41Z] [SECTION] ============================================================
[2026-05-01T16:04:41Z] [INFO] 🔮 PHASE: HIDDEN LAYERING DETECTION
[2026-05-01T16:04:41Z] [INFO] 🔗 Hidden layering detection complete. Connections identified: 2
[2026-05-01T16:04:41Z] [SECTION] ============================================================
[2026-05-01T16:04:41Z] [INFO] 🔬 PHASE: DOMAIN CORRELATION ANALYSIS
[2026-05-01T16:04:41Z] [INFO] 📊 Domain correlation matrices created: 2
[2026-05-01T16:04:41Z] [SECTION] ============================================================
[2026-05-01T16:04:41Z] [INFO] 🖼️  PHASE: IMAGE-SEED ANALYSIS
[2026-05-01T16:04:41Z] [INFO] 📂 Image seed analysis bootstrapping from 0 images...
[2026-05-01T16:04:41Z] [SECTION] ============================================================
[2026-05-01T16:04:41Z] [INFO] 📤 PHASE: PUSH COMPONENTS TO TOLARIA
[2026-05-01T16:04:42Z] [INFO] 📦 Components pushed to Tolaria: 5
[2026-05-01T16:04:42Z] [SECTION] ============================================================
[2026-05-01T16:04:42Z] [INFO] 🧩 PHASE: COMPOSER - DOMAIN INTEGRATION SYNTHESIS
[2026-05-01T16:05:02Z] [INFO] 🎨 Domain integrations synthesized: 0
[2026-05-01T16:05:02Z] [SECTION] ============================================================
[2026-05-01T16:05:02Z] [INFO] 🚀 PHASE: ADVANCED OVERNIGHT LOOP
[2026-05-01T16:05:02Z] [INFO] 🔬 Advanced loop completed cycles: 0
[2026-05-01T16:05:02Z] [WARNING] ⚠️  Git commit skipped or failed (git not initialized?): Command '['git', '-C', '/home/avalonas/.hermes/gematria/unified_overnight_research', 'commit', '-m', '[2026-05-01T16:05:02Z] Cycle 55: Cycle 56: Web research + hidden layering detection']' returned non-zero exit status 1.
[2026-05-01T16:05:02Z] [INFO] 
📊 CYCLE #56 SUMMARY
[2026-05-01T16:05:02Z] [INFO] ✅ Successful tasks: 7/7
[2026-05-01T16:05:02Z] [INFO] ⏱️  Cycle duration: 21.31s
[2026-05-01T16:05:02Z] [INFO]    ⚠️ task: result
[2026-05-01T16:05:02Z] [INFO]    ⚠️ task: result
[2026-05-01T16:05:02Z] [INFO]    ⚠️ task: result
[2026-05-01T16:05:02Z] [INFO]    ⚠️ task: result
[2026-05-01T16:05:02Z] [INFO]    ⚠️ task: result
[2026-05-01T16:05:02Z] [INFO]    ⚠️ task: result
[2026-05-01T16:05:02Z] [INFO]    ⚠️ task: result
[2026-05-01T16:05:02Z] [HEADER] ================================================================================
[2026-05-01T16:05:02Z] [INFO] 🔄 OVERNIGHT RESEARCH PIPELINE - CYCLE #57
[2026-05-01T16:05:02Z] [INFO] ================================================================================
[2026-05-01T16:05:02Z] [HEADER] ============================================================
[2026-05-01T16:05:02Z] [INFO] 🌙 STARTING OVERNIGHT RESEARCH CYCLE #57
[2026-05-01T16:05:02Z] [INFO] 🔍 Running overnight research protocol (web scraping + cross-symbol analysis)...
[2026-05-01T16:05:02Z] [INFO] 📊 Cycle duration: 0.25s, Files generated: 0
[2026-05-01T16:05:02Z] [WARNING] ⚠️ Database not initialized for cycle counting
[2026-05-01T16:05:02Z] [INFO] 💾 Database updated with cycle results
[2026-05-01T16:05:02Z] [SECTION] ============================================================
[2026-05-01T16:05:02Z] [INFO] 🔮 PHASE: HIDDEN LAYERING DETECTION
[2026-05-01T16:05:02Z] [INFO] 🔗 Hidden layering detection complete. Connections identified: 2
[2026-05-01T16:05:02Z] [SECTION] ============================================================
[2026-05-01T16:05:02Z] [INFO] 🔬 PHASE: DOMAIN CORRELATION ANALYSIS
[2026-05-01T16:05:02Z] [INFO] 📊 Domain correlation matrices created: 2
[2026-05-01T16:05:02Z] [SECTION] ============================================================
[2026-05-01T16:05:02Z] [INFO] 🖼️  PHASE: IMAGE-SEED ANALYSIS
[2026-05-01T16:05:02Z] [INFO] 📂 Image seed analysis bootstrapping from 0 images...
[2026-05-01T16:05:02Z] [SECTION] ============================================================
[2026-05-01T16:05:02Z] [INFO] 📤 PHASE: PUSH COMPONENTS TO TOLARIA
[2026-05-01T16:05:03Z] [INFO] 📦 Components pushed to Tolaria: 5
[2026-05-01T16:05:03Z] [SECTION] ============================================================
[2026-05-01T16:05:03Z] [INFO] 🧩 PHASE: COMPOSER - DOMAIN INTEGRATION SYNTHESIS
[2026-05-01T16:05:22Z] [INFO] 🎨 Domain integrations synthesized: 0
[2026-05-01T16:05:22Z] [SECTION] ============================================================
[2026-05-01T16:05:22Z] [INFO] 🚀 PHASE: ADVANCED OVERNIGHT LOOP
[2026-05-01T16:05:22Z] [INFO] 🔬 Advanced loop completed cycles: 0
[2026-05-01T16:05:23Z] [WARNING] ⚠️  Git commit skipped or failed (git not initialized?): Command '['git', '-C', '/home/avalonas/.hermes/gematria/unified_overnight_research', 'commit', '-m', '[2026-05-01T16:05:23Z] Cycle 56: Cycle 57: Web research + hidden layering detection']' returned non-zero exit status 1.
[2026-05-01T16:05:23Z] [INFO] 
📊 CYCLE #57 SUMMARY
[2026-05-01T16:05:23Z] [INFO] ✅ Successful tasks: 7/7
[2026-05-01T16:05:23Z] [INFO] ⏱️  Cycle duration: 20.77s
[2026-05-01T16:05:23Z] [INFO]    ⚠️ task: result
[2026-05-01T16:05:23Z] [INFO]    ⚠️ task: result
[2026-05-01T16:05:23Z] [INFO]    ⚠️ task: result
[2026-05-01T16:05:23Z] [INFO]    ⚠️ task: result
[2026-05-01T16:05:23Z] [INFO]    ⚠️ task: result
[2026-05-01T16:05:23Z] [INFO]    ⚠️ task: result
[2026-05-01T16:05:23Z] [INFO]    ⚠️ task: result
[2026-05-01T16:05:23Z] [HEADER] ================================================================================
[2026-05-01T16:05:23Z] [INFO] 🔄 OVERNIGHT RESEARCH PIPELINE - CYCLE #58
[2026-05-01T16:05:23Z] [INFO] ================================================================================
[2026-05-01T16:05:23Z] [HEADER] ============================================================
[2026-05-01T16:05:23Z] [INFO] 🌙 STARTING OVERNIGHT RESEARCH CYCLE #58
[2026-05-01T16:05:23Z] [INFO] 🔍 Running overnight research protocol (web scraping + cross-symbol analysis)...
[2026-05-01T16:05:23Z] [INFO] 📊 Cycle duration: 0.14s, Files generated: 0
[2026-05-01T16:05:23Z] [WARNING] ⚠️ Database not initialized for cycle counting
[2026-05-01T16:05:23Z] [INFO] 💾 Database updated with cycle results
[2026-05-01T16:05:23Z] [SECTION] ============================================================
[2026-05-01T16:05:23Z] [INFO] 🔮 PHASE: HIDDEN LAYERING DETECTION
[2026-05-01T16:05:23Z] [INFO] 🔗 Hidden layering detection complete. Connections identified: 2
[2026-05-01T16:05:23Z] [SECTION] ============================================================
[2026-05-01T16:05:23Z] [INFO] 🔬 PHASE: DOMAIN CORRELATION ANALYSIS
[2026-05-01T16:05:23Z] [INFO] 📊 Domain correlation matrices created: 2
[2026-05-01T16:05:23Z] [SECTION] ============================================================
[2026-05-01T16:05:23Z] [INFO] 🖼️  PHASE: IMAGE-SEED ANALYSIS
[2026-05-01T16:05:23Z] [INFO] 📂 Image seed analysis bootstrapping from 0 images...
[2026-05-01T16:05:23Z] [SECTION] ============================================================
[2026-05-01T16:05:23Z] [INFO] 📤 PHASE: PUSH COMPONENTS TO TOLARIA
[2026-05-01T16:05:24Z] [INFO] 📦 Components pushed to Tolaria: 5
[2026-05-01T16:05:24Z] [SECTION] ============================================================
[2026-05-01T16:05:24Z] [INFO] 🧩 PHASE: COMPOSER - DOMAIN INTEGRATION SYNTHESIS
[2026-05-01T16:05:43Z] [INFO] 🎨 Domain integrations synthesized: 0
[2026-05-01T16:05:43Z] [SECTION] ============================================================
[2026-05-01T16:05:43Z] [INFO] 🚀 PHASE: ADVANCED OVERNIGHT LOOP
[2026-05-01T16:06:41Z] [INFO] 🔬 Advanced loop completed cycles: 0
[2026-05-01T16:06:41Z] [WARNING] ⚠️  Git commit skipped or failed (git not initialized?): Command '['git', '-C', '/home/avalonas/.hermes/gematria/unified_overnight_research', 'add', '.']' returned non-zero exit status 128.
[2026-05-01T16:06:41Z] [INFO] 
📊 CYCLE #58 SUMMARY
[2026-05-01T16:06:41Z] [INFO] ✅ Successful tasks: 7/7
[2026-05-01T16:06:41Z] [INFO] ⏱️  Cycle duration: 78.62s
[2026-05-01T16:06:41Z] [INFO]    ⚠️ task: result
[2026-05-01T16:06:41Z] [INFO]    ⚠️ task: result
[2026-05-01T16:06:41Z] [INFO]    ⚠️ task: result
[2026-05-01T16:06:41Z] [INFO]    ⚠️ task: result
[2026-05-01T16:06:41Z] [INFO]    ⚠️ task: result
[2026-05-01T16:06:41Z] [INFO]    ⚠️ task: result
[2026-05-01T16:06:41Z] [INFO]    ⚠️ task: result
[2026-05-01T16:06:41Z] [HEADER] ================================================================================
[2026-05-01T16:06:41Z] [INFO] 🔄 OVERNIGHT RESEARCH PIPELINE - CYCLE #59
[2026-05-01T16:06:41Z] [INFO] ================================================================================
[2026-05-01T16:06:41Z] [HEADER] ============================================================
[2026-05-01T16:06:41Z] [INFO] 🌙 STARTING OVERNIGHT RESEARCH CYCLE #59
[2026-05-01T16:06:41Z] [INFO] 🔍 Running overnight research protocol (web scraping + cross-symbol analysis)...
[2026-05-01T16:06:41Z] [INFO] 📊 Cycle duration: 0.14s, Files generated: 1
[2026-05-01T16:06:41Z] [WARNING] ⚠️ Database not initialized for cycle counting
[2026-05-01T16:06:41Z] [INFO] 💾 Database updated with cycle results
[2026-05-01T16:06:41Z] [SECTION] ============================================================
[2026-05-01T16:06:41Z] [INFO] 🔮 PHASE: HIDDEN LAYERING DETECTION
[2026-05-01T16:06:41Z] [INFO] 🔗 Hidden layering detection complete. Connections identified: 2
[2026-05-01T16:06:41Z] [SECTION] ============================================================
[2026-05-01T16:06:41Z] [INFO] 🔬 PHASE: DOMAIN CORRELATION ANALYSIS
[2026-05-01T16:06:41Z] [INFO] 📊 Domain correlation matrices created: 2
[2026-05-01T16:06:41Z] [SECTION] ============================================================
[2026-05-01T16:06:41Z] [INFO] 🖼️  PHASE: IMAGE-SEED ANALYSIS
[2026-05-01T16:06:41Z] [INFO] 📂 Image seed analysis bootstrapping from 0 images...
[2026-05-01T16:06:41Z] [SECTION] ============================================================
[2026-05-01T16:06:41Z] [INFO] 📤 PHASE: PUSH COMPONENTS TO TOLARIA
[2026-05-01T16:06:42Z] [INFO] 📦 Components pushed to Tolaria: 5
[2026-05-01T16:06:42Z] [SECTION] ============================================================
[2026-05-01T16:06:42Z] [INFO] 🧩 PHASE: COMPOSER - DOMAIN INTEGRATION SYNTHESIS
[2026-05-01T16:07:05Z] [INFO] 🎨 Domain integrations synthesized: 0
[2026-05-01T16:07:05Z] [SECTION] ============================================================
[2026-05-01T16:07:05Z] [INFO] 🚀 PHASE: ADVANCED OVERNIGHT LOOP
[2026-05-01T16:08:02Z] [INFO] 🔬 Advanced loop completed cycles: 0
[2026-05-01T16:08:02Z] [WARNING] ⚠️  Git commit skipped or failed (git not initialized?): Command '['git', '-C', '/home/avalonas/.hermes/gematria/unified_overnight_research', 'commit', '-m', '[2026-05-01T16:08:02Z] Cycle 58: Cycle 59: Web research + hidden layering detection']' returned non-zero exit status 1.
[2026-05-01T16:08:02Z] [INFO] 
📊 CYCLE #59 SUMMARY
[2026-05-01T16:08:02Z] [INFO] ✅ Successful tasks: 7/7
[2026-05-01T16:08:02Z] [INFO] ⏱️  Cycle duration: 80.65s
[2026-05-01T16:08:02Z] [INFO]    ⚠️ task: result
[2026-05-01T16:08:02Z] [INFO]    ⚠️ task: result
[2026-05-01T16:08:02Z] [INFO]    ⚠️ task: result
[2026-05-01T16:08:02Z] [INFO]    ⚠️ task: result
[2026-05-01T16:08:02Z] [INFO]    ⚠️ task: result
[2026-05-01T16:08:02Z] [INFO]    ⚠️ task: result
[2026-05-01T16:08:02Z] [INFO]    ⚠️ task: result
[2026-05-01T16:08:02Z] [HEADER] ================================================================================
[2026-05-01T16:08:02Z] [INFO] 🔄 OVERNIGHT RESEARCH PIPELINE - CYCLE #60
[2026-05-01T16:08:02Z] [INFO] ================================================================================
[2026-05-01T16:08:02Z] [HEADER] ============================================================
[2026-05-01T16:08:02Z] [INFO] 🌙 STARTING OVERNIGHT RESEARCH CYCLE #60
[2026-05-01T16:08:02Z] [INFO] 🔍 Running overnight research protocol (web scraping + cross-symbol analysis)...
[2026-05-01T16:08:02Z] [INFO] 📊 Cycle duration: 0.17s, Files generated: 1
[2026-05-01T16:08:02Z] [WARNING] ⚠️ Database not initialized for cycle counting
[2026-05-01T16:08:02Z] [INFO] 💾 Database updated with cycle results
[2026-05-01T16:08:02Z] [SECTION] ============================================================
[2026-05-01T16:08:02Z] [INFO] 🔮 PHASE: HIDDEN LAYERING DETECTION
[2026-05-01T16:08:02Z] [INFO] 🔗 Hidden layering detection complete. Connections identified: 2
[2026-05-01T16:08:02Z] [SECTION] ============================================================
[2026-05-01T16:08:02Z] [INFO] 🔬 PHASE: DOMAIN CORRELATION ANALYSIS
[2026-05-01T16:08:02Z] [INFO] 📊 Domain correlation matrices created: 2
[2026-05-01T16:08:02Z] [SECTION] ============================================================
[2026-05-01T16:08:02Z] [INFO] 🖼️  PHASE: IMAGE-SEED ANALYSIS
[2026-05-01T16:08:02Z] [INFO] 📂 Image seed analysis bootstrapping from 0 images...
[2026-05-01T16:08:02Z] [SECTION] ============================================================
[2026-05-01T16:08:02Z] [INFO] 📤 PHASE: PUSH COMPONENTS TO TOLARIA
[2026-05-01T16:08:04Z] [INFO] 📦 Components pushed to Tolaria: 5
[2026-05-01T16:08:04Z] [SECTION] ============================================================
[2026-05-01T16:08:04Z] [INFO] 🧩 PHASE: COMPOSER - DOMAIN INTEGRATION SYNTHESIS
[2026-05-01T16:08:23Z] [INFO] 🎨 Domain integrations synthesized: 0
[2026-05-01T16:08:23Z] [SECTION] ============================================================
[2026-05-01T16:08:23Z] [INFO] 🚀 PHASE: ADVANCED OVERNIGHT LOOP
[2026-05-01T16:09:16Z] [INFO] 🔬 Advanced loop completed cycles: 0
[2026-05-01T16:09:16Z] [WARNING] ⚠️  Git commit skipped or failed (git not initialized?): Command '['git', '-C', '/home/avalonas/.hermes/gematria/unified_overnight_research', 'commit', '-m', '[2026-05-01T16:09:16Z] Cycle 59: Cycle 60: Web research + hidden layering detection']' returned non-zero exit status 1.
[2026-05-01T16:09:16Z] [INFO] 
📊 CYCLE #60 SUMMARY
[2026-05-01T16:09:16Z] [INFO] ✅ Successful tasks: 7/7
[2026-05-01T16:09:16Z] [INFO] ⏱️  Cycle duration: 74.09s
[2026-05-01T16:09:16Z] [INFO]    ⚠️ task: result
[2026-05-01T16:09:16Z] [INFO]    ⚠️ task: result
[2026-05-01T16:09:16Z] [INFO]    ⚠️ task: result
[2026-05-01T16:09:16Z] [INFO]    ⚠️ task: result
[2026-05-01T16:09:16Z] [INFO]    ⚠️ task: result
[2026-05-01T16:09:16Z] [INFO]    ⚠️ task: result
[2026-05-01T16:09:16Z] [INFO]    ⚠️ task: result
[2026-05-01T16:09:16Z] [HEADER] ================================================================================
[2026-05-01T16:09:16Z] [INFO] 🔄 OVERNIGHT RESEARCH PIPELINE - CYCLE #61
[2026-05-01T16:09:16Z] [INFO] ================================================================================
[2026-05-01T16:09:16Z] [HEADER] ============================================================
[2026-05-01T16:09:16Z] [INFO] 🌙 STARTING OVERNIGHT RESEARCH CYCLE #61
[2026-05-01T16:09:16Z] [INFO] 🔍 Running overnight research protocol (web scraping + cross-symbol analysis)...
[2026-05-01T16:09:16Z] [INFO] 📊 Cycle duration: 0.25s, Files generated: 1
[2026-05-01T16:09:16Z] [WARNING] ⚠️ Database not initialized for cycle counting
[2026-05-01T16:09:16Z] [INFO] 💾 Database updated with cycle results
[2026-05-01T16:09:16Z] [SECTION] ============================================================
[2026-05-01T16:09:16Z] [INFO] 🔮 PHASE: HIDDEN LAYERING DETECTION
[2026-05-01T16:09:16Z] [INFO] 🔗 Hidden layering detection complete. Connections identified: 2
[2026-05-01T16:09:16Z] [SECTION] ============================================================
[2026-05-01T16:09:16Z] [INFO] 🔬 PHASE: DOMAIN CORRELATION ANALYSIS
[2026-05-01T16:09:16Z] [INFO] 📊 Domain correlation matrices created: 2
[2026-05-01T16:09:16Z] [SECTION] ============================================================
[2026-05-01T16:09:16Z] [INFO] 🖼️  PHASE: IMAGE-SEED ANALYSIS
[2026-05-01T16:09:16Z] [INFO] 📂 Image seed analysis bootstrapping from 0 images...
[2026-05-01T16:09:16Z] [SECTION] ============================================================
[2026-05-01T16:09:16Z] [INFO] 📤 PHASE: PUSH COMPONENTS TO TOLARIA
[2026-05-01T16:09:17Z] [INFO] 📦 Components pushed to Tolaria: 5
[2026-05-01T16:09:17Z] [SECTION] ============================================================
[2026-05-01T16:09:17Z] [INFO] 🧩 PHASE: COMPOSER - DOMAIN INTEGRATION SYNTHESIS
[2026-05-01T16:09:37Z] [INFO] 🎨 Domain integrations synthesized: 0
[2026-05-01T16:09:37Z] [SECTION] ============================================================
[2026-05-01T16:09:37Z] [INFO] 🚀 PHASE: ADVANCED OVERNIGHT LOOP
[2026-05-01T16:10:29Z] [INFO] 🔬 Advanced loop completed cycles: 0
[2026-05-01T16:10:29Z] [WARNING] ⚠️  Git commit skipped or failed (git not initialized?): Command '['git', '-C', '/home/avalonas/.hermes/gematria/unified_overnight_research', 'commit', '-m', '[2026-05-01T16:10:29Z] Cycle 60: Cycle 61: Web research + hidden layering detection']' returned non-zero exit status 1.
[2026-05-01T16:10:29Z] [INFO] 
📊 CYCLE #61 SUMMARY
[2026-05-01T16:10:29Z] [INFO] ✅ Successful tasks: 7/7
[2026-05-01T16:10:29Z] [INFO] ⏱️  Cycle duration: 73.53s
[2026-05-01T16:10:29Z] [INFO]    ⚠️ task: result
[2026-05-01T16:10:29Z] [INFO]    ⚠️ task: result
[2026-05-01T16:10:29Z] [INFO]    ⚠️ task: result
[2026-05-01T16:10:29Z] [INFO]    ⚠️ task: result
[2026-05-01T16:10:29Z] [INFO]    ⚠️ task: result
[2026-05-01T16:10:29Z] [INFO]    ⚠️ task: result
[2026-05-01T16:10:29Z] [INFO]    ⚠️ task: result
[2026-05-01T16:10:29Z] [HEADER] ================================================================================
[2026-05-01T16:10:29Z] [INFO] 🔄 OVERNIGHT RESEARCH PIPELINE - CYCLE #62
[2026-05-01T16:10:29Z] [INFO] ================================================================================
[2026-05-01T16:10:29Z] [HEADER] ============================================================
[2026-05-01T16:10:29Z] [INFO] 🌙 STARTING OVERNIGHT RESEARCH CYCLE #62
[2026-05-01T16:10:29Z] [INFO] 🔍 Running overnight research protocol (web scraping + cross-symbol analysis)...
[2026-05-01T16:10:30Z] [INFO] 📊 Cycle duration: 0.28s, Files generated: 1
[2026-05-01T16:10:30Z] [WARNING] ⚠️ Database not initialized for cycle counting
[2026-05-01T16:10:30Z] [INFO] 💾 Database updated with cycle results
[2026-05-01T16:10:30Z] [SECTION] ============================================================
[2026-05-01T16:10:30Z] [INFO] 🔮 PHASE: HIDDEN LAYERING DETECTION
[2026-05-01T16:10:30Z] [INFO] 🔗 Hidden layering detection complete. Connections identified: 2
[2026-05-01T16:10:30Z] [SECTION] ============================================================
[2026-05-01T16:10:30Z] [INFO] 🔬 PHASE: DOMAIN CORRELATION ANALYSIS
[2026-05-01T16:10:30Z] [INFO] 📊 Domain correlation matrices created: 2
[2026-05-01T16:10:30Z] [SECTION] ============================================================
[2026-05-01T16:10:30Z] [INFO] 🖼️  PHASE: IMAGE-SEED ANALYSIS
[2026-05-01T16:10:30Z] [INFO] 📂 Image seed analysis bootstrapping from 0 images...
[2026-05-01T16:10:30Z] [SECTION] ============================================================
[2026-05-01T16:10:30Z] [INFO] 📤 PHASE: PUSH COMPONENTS TO TOLARIA
[2026-05-01T16:10:31Z] [INFO] 📦 Components pushed to Tolaria: 5
[2026-05-01T16:10:31Z] [SECTION] ============================================================
[2026-05-01T16:10:31Z] [INFO] 🧩 PHASE: COMPOSER - DOMAIN INTEGRATION SYNTHESIS
[2026-05-01T16:10:50Z] [INFO] 🎨 Domain integrations synthesized: 0
[2026-05-01T16:10:50Z] [SECTION] ============================================================
[2026-05-01T16:10:50Z] [INFO] 🚀 PHASE: ADVANCED OVERNIGHT LOOP
[2026-05-01T16:11:47Z] [INFO] 🔬 Advanced loop completed cycles: 0
[2026-05-01T16:11:47Z] [WARNING] ⚠️  Git commit skipped or failed (git not initialized?): Command '['git', '-C', '/home/avalonas/.hermes/gematria/unified_overnight_research', 'add', '.']' returned non-zero exit status 128.
[2026-05-01T16:11:47Z] [INFO] 
📊 CYCLE #62 SUMMARY
[2026-05-01T16:11:47Z] [INFO] ✅ Successful tasks: 7/7
[2026-05-01T16:11:47Z] [INFO] ⏱️  Cycle duration: 77.88s
[2026-05-01T16:11:47Z] [INFO]    ⚠️ task: result
[2026-05-01T16:11:47Z] [INFO]    ⚠️ task: result
[2026-05-01T16:11:47Z] [INFO]    ⚠️ task: result
[2026-05-01T16:11:47Z] [INFO]    ⚠️ task: result
[2026-05-01T16:11:47Z] [INFO]    ⚠️ task: result
[2026-05-01T16:11:47Z] [INFO]    ⚠️ task: result
[2026-05-01T16:11:47Z] [INFO]    ⚠️ task: result
[2026-05-01T16:11:47Z] [HEADER] ================================================================================
[2026-05-01T16:11:47Z] [INFO] 🔄 OVERNIGHT RESEARCH PIPELINE - CYCLE #63
[2026-05-01T16:11:47Z] [INFO] ================================================================================
[2026-05-01T16:11:47Z] [HEADER] ============================================================
[2026-05-01T16:11:47Z] [INFO] 🌙 STARTING OVERNIGHT RESEARCH CYCLE #63
[2026-05-01T16:11:47Z] [INFO] 🔍 Running overnight research protocol (web scraping + cross-symbol analysis)...
[2026-05-01T16:11:48Z] [INFO] 📊 Cycle duration: 0.25s, Files generated: 1
[2026-05-01T16:11:48Z] [WARNING] ⚠️ Database not initialized for cycle counting
[2026-05-01T16:11:48Z] [INFO] 💾 Database updated with cycle results
[2026-05-01T16:11:48Z] [SECTION] ============================================================
[2026-05-01T16:11:48Z] [INFO] 🔮 PHASE: HIDDEN LAYERING DETECTION
[2026-05-01T16:11:48Z] [INFO] 🔗 Hidden layering detection complete. Connections identified: 2
[2026-05-01T16:11:48Z] [SECTION] ============================================================
[2026-05-01T16:11:48Z] [INFO] 🔬 PHASE: DOMAIN CORRELATION ANALYSIS
[2026-05-01T16:11:48Z] [INFO] 📊 Domain correlation matrices created: 2
[2026-05-01T16:11:48Z] [SECTION] ============================================================
[2026-05-01T16:11:48Z] [INFO] 🖼️  PHASE: IMAGE-SEED ANALYSIS
[2026-05-01T16:11:48Z] [INFO] 📂 Image seed analysis bootstrapping from 0 images...
[2026-05-01T16:11:48Z] [SECTION] ============================================================
[2026-05-01T16:11:48Z] [INFO] 📤 PHASE: PUSH COMPONENTS TO TOLARIA
[2026-05-01T16:11:49Z] [INFO] 📦 Components pushed to Tolaria: 5
[2026-05-01T16:11:49Z] [SECTION] ============================================================
[2026-05-01T16:11:49Z] [INFO] 🧩 PHASE: COMPOSER - DOMAIN INTEGRATION SYNTHESIS
[2026-05-01T16:12:07Z] [INFO] 🎨 Domain integrations synthesized: 0
[2026-05-01T16:12:07Z] [SECTION] ============================================================
[2026-05-01T16:12:07Z] [INFO] 🚀 PHASE: ADVANCED OVERNIGHT LOOP
[2026-05-01T16:13:03Z] [INFO] 🔬 Advanced loop completed cycles: 0
[2026-05-01T16:13:03Z] [WARNING] ⚠️  Git commit skipped or failed (git not initialized?): Command '['git', '-C', '/home/avalonas/.hermes/gematria/unified_overnight_research', 'commit', '-m', '[2026-05-01T16:13:03Z] Cycle 62: Cycle 63: Web research + hidden layering detection']' returned non-zero exit status 1.
[2026-05-01T16:13:03Z] [INFO] 
📊 CYCLE #63 SUMMARY
[2026-05-01T16:13:03Z] [INFO] ✅ Successful tasks: 7/7
[2026-05-01T16:13:03Z] [INFO] ⏱️  Cycle duration: 75.34s
[2026-05-01T16:13:03Z] [INFO]    ⚠️ task: result
[2026-05-01T16:13:03Z] [INFO]    ⚠️ task: result
[2026-05-01T16:13:03Z] [INFO]    ⚠️ task: result
[2026-05-01T16:13:03Z] [INFO]    ⚠️ task: result
[2026-05-01T16:13:03Z] [INFO]    ⚠️ task: result
[2026-05-01T16:13:03Z] [INFO]    ⚠️ task: result
[2026-05-01T16:13:03Z] [INFO]    ⚠️ task: result
[2026-05-01T16:13:03Z] [HEADER] ================================================================================
[2026-05-01T16:13:03Z] [INFO] 🔄 OVERNIGHT RESEARCH PIPELINE - CYCLE #64
[2026-05-01T16:13:03Z] [INFO] ================================================================================
[2026-05-01T16:13:03Z] [HEADER] ============================================================
[2026-05-01T16:13:03Z] [INFO] 🌙 STARTING OVERNIGHT RESEARCH CYCLE #64
[2026-05-01T16:13:03Z] [INFO] 🔍 Running overnight research protocol (web scraping + cross-symbol analysis)...
[2026-05-01T16:13:03Z] [INFO] 📊 Cycle duration: 0.32s, Files generated: 1
[2026-05-01T16:13:03Z] [WARNING] ⚠️ Database not initialized for cycle counting
[2026-05-01T16:13:03Z] [INFO] 💾 Database updated with cycle results
[2026-05-01T16:13:03Z] [SECTION] ============================================================
[2026-05-01T16:13:03Z] [INFO] 🔮 PHASE: HIDDEN LAYERING DETECTION
[2026-05-01T16:13:03Z] [INFO] 🔗 Hidden layering detection complete. Connections identified: 2
[2026-05-01T16:13:03Z] [SECTION] ============================================================
[2026-05-01T16:13:03Z] [INFO] 🔬 PHASE: DOMAIN CORRELATION ANALYSIS
[2026-05-01T16:13:03Z] [INFO] 📊 Domain correlation matrices created: 2
[2026-05-01T16:13:03Z] [SECTION] ============================================================
[2026-05-01T16:13:03Z] [INFO] 🖼️  PHASE: IMAGE-SEED ANALYSIS
[2026-05-01T16:13:03Z] [INFO] 📂 Image seed analysis bootstrapping from 0 images...
[2026-05-01T16:13:03Z] [SECTION] ============================================================
[2026-05-01T16:13:03Z] [INFO] 📤 PHASE: PUSH COMPONENTS TO TOLARIA
[2026-05-01T16:13:04Z] [INFO] 📦 Components pushed to Tolaria: 5
[2026-05-01T16:13:04Z] [SECTION] ============================================================
[2026-05-01T16:13:04Z] [INFO] 🧩 PHASE: COMPOSER - DOMAIN INTEGRATION SYNTHESIS
[2026-05-01T16:13:22Z] [INFO] 🎨 Domain integrations synthesized: 0
[2026-05-01T16:13:22Z] [SECTION] ============================================================
[2026-05-01T16:13:22Z] [INFO] 🚀 PHASE: ADVANCED OVERNIGHT LOOP
[2026-05-01T16:14:20Z] [INFO] 🔬 Advanced loop completed cycles: 0
[2026-05-01T16:14:20Z] [WARNING] ⚠️  Git commit skipped or failed (git not initialized?): Command '['git', '-C', '/home/avalonas/.hermes/gematria/unified_overnight_research', 'add', '.']' returned non-zero exit status 128.
[2026-05-01T16:14:20Z] [INFO] 
📊 CYCLE #64 SUMMARY
[2026-05-01T16:14:20Z] [INFO] ✅ Successful tasks: 7/7
[2026-05-01T16:14:20Z] [INFO] ⏱️  Cycle duration: 77.00s
[2026-05-01T16:14:20Z] [INFO]    ⚠️ task: result
[2026-05-01T16:14:20Z] [INFO]    ⚠️ task: result
[2026-05-01T16:14:20Z] [INFO]    ⚠️ task: result
[2026-05-01T16:14:20Z] [INFO]    ⚠️ task: result
[2026-05-01T16:14:20Z] [INFO]    ⚠️ task: result
[2026-05-01T16:14:20Z] [INFO]    ⚠️ task: result
[2026-05-01T16:14:20Z] [INFO]    ⚠️ task: result
[2026-05-01T16:14:20Z] [HEADER] ================================================================================
[2026-05-01T16:14:20Z] [INFO] 🔄 OVERNIGHT RESEARCH PIPELINE - CYCLE #65
[2026-05-01T16:14:20Z] [INFO] ================================================================================
[2026-05-01T16:14:20Z] [HEADER] ============================================================
[2026-05-01T16:14:20Z] [INFO] 🌙 STARTING OVERNIGHT RESEARCH CYCLE #65
[2026-05-01T16:14:20Z] [INFO] 🔍 Running overnight research protocol (web scraping + cross-symbol analysis)...
[2026-05-01T16:14:20Z] [INFO] 📊 Cycle duration: 0.29s, Files generated: 1
[2026-05-01T16:14:20Z] [WARNING] ⚠️ Database not initialized for cycle counting
[2026-05-01T16:14:20Z] [INFO] 💾 Database updated with cycle results
[2026-05-01T16:14:20Z] [SECTION] ============================================================
[2026-05-01T16:14:20Z] [INFO] 🔮 PHASE: HIDDEN LAYERING DETECTION
[2026-05-01T16:14:20Z] [INFO] 🔗 Hidden layering detection complete. Connections identified: 2
[2026-05-01T16:14:20Z] [SECTION] ============================================================
[2026-05-01T16:14:20Z] [INFO] 🔬 PHASE: DOMAIN CORRELATION ANALYSIS
[2026-05-01T16:14:20Z] [INFO] 📊 Domain correlation matrices created: 2
[2026-05-01T16:14:20Z] [SECTION] ============================================================
[2026-05-01T16:14:20Z] [INFO] 🖼️  PHASE: IMAGE-SEED ANALYSIS
[2026-05-01T16:14:20Z] [INFO] 📂 Image seed analysis bootstrapping from 0 images...
[2026-05-01T16:14:20Z] [SECTION] ============================================================
[2026-05-01T16:14:20Z] [INFO] 📤 PHASE: PUSH COMPONENTS TO TOLARIA
[2026-05-01T16:14:21Z] [INFO] 📦 Components pushed to Tolaria: 5
[2026-05-01T16:14:21Z] [SECTION] ============================================================
[2026-05-01T16:14:21Z] [INFO] 🧩 PHASE: COMPOSER - DOMAIN INTEGRATION SYNTHESIS
[2026-05-01T16:14:39Z] [INFO] 🎨 Domain integrations synthesized: 0
[2026-05-01T16:14:39Z] [SECTION] ============================================================
[2026-05-01T16:14:39Z] [INFO] 🚀 PHASE: ADVANCED OVERNIGHT LOOP
[2026-05-01T16:15:33Z] [INFO] 🔬 Advanced loop completed cycles: 0
[2026-05-01T16:15:33Z] [WARNING] ⚠️  Git commit skipped or failed (git not initialized?): Command '['git', '-C', '/home/avalonas/.hermes/gematria/unified_overnight_research', 'commit', '-m', '[2026-05-01T16:15:33Z] Cycle 64: Cycle 65: Web research + hidden layering detection']' returned non-zero exit status 1.
[2026-05-01T16:15:33Z] [INFO] 
📊 CYCLE #65 SUMMARY
[2026-05-01T16:15:33Z] [INFO] ✅ Successful tasks: 7/7
[2026-05-01T16:15:33Z] [INFO] ⏱️  Cycle duration: 73.49s
[2026-05-01T16:15:33Z] [INFO]    ⚠️ task: result
[2026-05-01T16:15:33Z] [INFO]    ⚠️ task: result
[2026-05-01T16:15:33Z] [INFO]    ⚠️ task: result
[2026-05-01T16:15:33Z] [INFO]    ⚠️ task: result
[2026-05-01T16:15:33Z] [INFO]    ⚠️ task: result
[2026-05-01T16:15:33Z] [INFO]    ⚠️ task: result
[2026-05-01T16:15:33Z] [INFO]    ⚠️ task: result
[2026-05-01T16:15:33Z] [HEADER] ================================================================================
[2026-05-01T16:15:33Z] [INFO] 🔄 OVERNIGHT RESEARCH PIPELINE - CYCLE #66
[2026-05-01T16:15:33Z] [INFO] ================================================================================
[2026-05-01T16:15:33Z] [HEADER] ============================================================
[2026-05-01T16:15:33Z] [INFO] 🌙 STARTING OVERNIGHT RESEARCH CYCLE #66
[2026-05-01T16:15:33Z] [INFO] 🔍 Running overnight research protocol (web scraping + cross-symbol analysis)...
[2026-05-01T16:15:33Z] [INFO] 📊 Cycle duration: 0.25s, Files generated: 1
[2026-05-01T16:15:33Z] [WARNING] ⚠️ Database not initialized for cycle counting
[2026-05-01T16:15:33Z] [INFO] 💾 Database updated with cycle results
[2026-05-01T16:15:33Z] [SECTION] ============================================================
[2026-05-01T16:15:33Z] [INFO] 🔮 PHASE: HIDDEN LAYERING DETECTION
[2026-05-01T16:15:33Z] [INFO] 🔗 Hidden layering detection complete. Connections identified: 2
[2026-05-01T16:15:33Z] [SECTION] ============================================================
[2026-05-01T16:15:33Z] [INFO] 🔬 PHASE: DOMAIN CORRELATION ANALYSIS
[2026-05-01T16:15:34Z] [INFO] 📊 Domain correlation matrices created: 2
[2026-05-01T16:15:34Z] [SECTION] ============================================================
[2026-05-01T16:15:34Z] [INFO] 🖼️  PHASE: IMAGE-SEED ANALYSIS
[2026-05-01T16:15:34Z] [INFO] 📂 Image seed analysis bootstrapping from 0 images...
[2026-05-01T16:15:34Z] [SECTION] ============================================================
[2026-05-01T16:15:34Z] [INFO] 📤 PHASE: PUSH COMPONENTS TO TOLARIA
[2026-05-01T16:15:34Z] [INFO] 📦 Components pushed to Tolaria: 5
[2026-05-01T16:15:34Z] [SECTION] ============================================================
[2026-05-01T16:15:34Z] [INFO] 🧩 PHASE: COMPOSER - DOMAIN INTEGRATION SYNTHESIS
[2026-05-01T16:15:53Z] [INFO] 🎨 Domain integrations synthesized: 0
[2026-05-01T16:15:53Z] [SECTION] ============================================================
[2026-05-01T16:15:53Z] [INFO] 🚀 PHASE: ADVANCED OVERNIGHT LOOP
[2026-05-01T16:16:46Z] [INFO] 🔬 Advanced loop completed cycles: 0
[2026-05-01T16:16:46Z] [WARNING] ⚠️  Git commit skipped or failed (git not initialized?): Command '['git', '-C', '/home/avalonas/.hermes/gematria/unified_overnight_research', 'commit', '-m', '[2026-05-01T16:16:46Z] Cycle 65: Cycle 66: Web research + hidden layering detection']' returned non-zero exit status 1.
[2026-05-01T16:16:46Z] [INFO] 
📊 CYCLE #66 SUMMARY
[2026-05-01T16:16:46Z] [INFO] ✅ Successful tasks: 7/7
[2026-05-01T16:16:46Z] [INFO] ⏱️  Cycle duration: 73.32s
[2026-05-01T16:16:46Z] [INFO]    ⚠️ task: result
[2026-05-01T16:16:46Z] [INFO]    ⚠️ task: result
[2026-05-01T16:16:46Z] [INFO]    ⚠️ task: result
[2026-05-01T16:16:46Z] [INFO]    ⚠️ task: result
[2026-05-01T16:16:46Z] [INFO]    ⚠️ task: result
[2026-05-01T16:16:46Z] [INFO]    ⚠️ task: result
[2026-05-01T16:16:46Z] [INFO]    ⚠️ task: result
[2026-05-01T16:16:46Z] [HEADER] ================================================================================
[2026-05-01T16:16:46Z] [INFO] 🔄 OVERNIGHT RESEARCH PIPELINE - CYCLE #67
[2026-05-01T16:16:46Z] [INFO] ================================================================================
[2026-05-01T16:16:46Z] [HEADER] ============================================================
[2026-05-01T16:16:46Z] [INFO] 🌙 STARTING OVERNIGHT RESEARCH CYCLE #67
[2026-05-01T16:16:46Z] [INFO] 🔍 Running overnight research protocol (web scraping + cross-symbol analysis)...
[2026-05-01T16:16:47Z] [INFO] 📊 Cycle duration: 0.15s, Files generated: 0
[2026-05-01T16:16:47Z] [WARNING] ⚠️ Database not initialized for cycle counting
[2026-05-01T16:16:47Z] [INFO] 💾 Database updated with cycle results
[2026-05-01T16:16:47Z] [SECTION] ============================================================
[2026-05-01T16:16:47Z] [INFO] 🔮 PHASE: HIDDEN LAYERING DETECTION
[2026-05-01T16:16:47Z] [INFO] 🔗 Hidden layering detection complete. Connections identified: 2
[2026-05-01T16:16:47Z] [SECTION] ============================================================
[2026-05-01T16:16:47Z] [INFO] 🔬 PHASE: DOMAIN CORRELATION ANALYSIS
[2026-05-01T16:16:47Z] [INFO] 📊 Domain correlation matrices created: 2
[2026-05-01T16:16:47Z] [SECTION] ============================================================
[2026-05-01T16:16:47Z] [INFO] 🖼️  PHASE: IMAGE-SEED ANALYSIS
[2026-05-01T16:16:47Z] [INFO] 📂 Image seed analysis bootstrapping from 0 images...
[2026-05-01T16:16:47Z] [SECTION] ============================================================
[2026-05-01T16:16:47Z] [INFO] 📤 PHASE: PUSH COMPONENTS TO TOLARIA
[2026-05-01T16:16:48Z] [INFO] 📦 Components pushed to Tolaria: 5
[2026-05-01T16:16:48Z] [SECTION] ============================================================
[2026-05-01T16:16:48Z] [INFO] 🧩 PHASE: COMPOSER - DOMAIN INTEGRATION SYNTHESIS
[2026-05-01T16:17:07Z] [INFO] 🎨 Domain integrations synthesized: 0
[2026-05-01T16:17:07Z] [SECTION] ============================================================
[2026-05-01T16:17:07Z] [INFO] 🚀 PHASE: ADVANCED OVERNIGHT LOOP
[2026-05-01T16:18:11Z] [INFO] 🔬 Advanced loop completed cycles: 0
[2026-05-01T16:18:11Z] [WARNING] ⚠️  Git commit skipped or failed (git not initialized?): Command '['git', '-C', '/home/avalonas/.hermes/gematria/unified_overnight_research', 'add', '.']' returned non-zero exit status 128.
[2026-05-01T16:18:11Z] [INFO] 
📊 CYCLE #67 SUMMARY
[2026-05-01T16:18:11Z] [INFO] ✅ Successful tasks: 7/7
[2026-05-01T16:18:11Z] [INFO] ⏱️  Cycle duration: 84.73s
[2026-05-01T16:18:11Z] [INFO]    ⚠️ task: result
[2026-05-01T16:18:11Z] [INFO]    ⚠️ task: result
[2026-05-01T16:18:11Z] [INFO]    ⚠️ task: result
[2026-05-01T16:18:11Z] [INFO]    ⚠️ task: result
[2026-05-01T16:18:11Z] [INFO]    ⚠️ task: result
[2026-05-01T16:18:11Z] [INFO]    ⚠️ task: result
[2026-05-01T16:18:11Z] [INFO]    ⚠️ task: result
[2026-05-01T16:18:11Z] [HEADER] ================================================================================
[2026-05-01T16:18:11Z] [INFO] 🔄 OVERNIGHT RESEARCH PIPELINE - CYCLE #68
[2026-05-01T16:18:11Z] [INFO] ================================================================================
[2026-05-01T16:18:11Z] [HEADER] ============================================================
[2026-05-01T16:18:11Z] [INFO] 🌙 STARTING OVERNIGHT RESEARCH CYCLE #68
[2026-05-01T16:18:11Z] [INFO] 🔍 Running overnight research protocol (web scraping + cross-symbol analysis)...
[2026-05-01T16:18:11Z] [INFO] 📊 Cycle duration: 0.20s, Files generated: 1
[2026-05-01T16:18:11Z] [WARNING] ⚠️ Database not initialized for cycle counting
[2026-05-01T16:18:11Z] [INFO] 💾 Database updated with cycle results
[2026-05-01T16:18:11Z] [SECTION] ============================================================
[2026-05-01T16:18:11Z] [INFO] 🔮 PHASE: HIDDEN LAYERING DETECTION
[2026-05-01T16:18:12Z] [INFO] 🔗 Hidden layering detection complete. Connections identified: 2
[2026-05-01T16:18:12Z] [SECTION] ============================================================
[2026-05-01T16:18:12Z] [INFO] 🔬 PHASE: DOMAIN CORRELATION ANALYSIS
[2026-05-01T16:18:12Z] [INFO] 📊 Domain correlation matrices created: 2
[2026-05-01T16:18:12Z] [SECTION] ============================================================
[2026-05-01T16:18:12Z] [INFO] 🖼️  PHASE: IMAGE-SEED ANALYSIS
[2026-05-01T16:18:12Z] [INFO] 📂 Image seed analysis bootstrapping from 0 images...
[2026-05-01T16:18:12Z] [SECTION] ============================================================
[2026-05-01T16:18:12Z] [INFO] 📤 PHASE: PUSH COMPONENTS TO TOLARIA
[2026-05-01T16:18:13Z] [INFO] 📦 Components pushed to Tolaria: 5
[2026-05-01T16:18:13Z] [SECTION] ============================================================
[2026-05-01T16:18:13Z] [INFO] 🧩 PHASE: COMPOSER - DOMAIN INTEGRATION SYNTHESIS
[2026-05-01T16:18:32Z] [INFO] 🎨 Domain integrations synthesized: 0
[2026-05-01T16:18:32Z] [SECTION] ============================================================
[2026-05-01T16:18:32Z] [INFO] 🚀 PHASE: ADVANCED OVERNIGHT LOOP
[2026-05-01T16:19:13Z] [INFO] 🔬 Advanced loop completed cycles: 0
[2026-05-01T16:19:13Z] [WARNING] ⚠️  Git commit skipped or failed (git not initialized?): Command '['git', '-C', '/home/avalonas/.hermes/gematria/unified_overnight_research', 'add', '.']' returned non-zero exit status 128.
[2026-05-01T16:19:13Z] [INFO] 
📊 CYCLE #68 SUMMARY
[2026-05-01T16:19:13Z] [INFO] ✅ Successful tasks: 7/7
[2026-05-01T16:19:13Z] [INFO] ⏱️  Cycle duration: 62.26s
[2026-05-01T16:19:13Z] [INFO]    ⚠️ task: result
[2026-05-01T16:19:13Z] [INFO]    ⚠️ task: result
[2026-05-01T16:19:13Z] [INFO]    ⚠️ task: result
[2026-05-01T16:19:13Z] [INFO]    ⚠️ task: result
[2026-05-01T16:19:13Z] [INFO]    ⚠️ task: result
[2026-05-01T16:19:13Z] [INFO]    ⚠️ task: result
[2026-05-01T16:19:13Z] [INFO]    ⚠️ task: result
[2026-05-01T16:19:13Z] [HEADER] ================================================================================
[2026-05-01T16:19:13Z] [INFO] 🔄 OVERNIGHT RESEARCH PIPELINE - CYCLE #69
[2026-05-01T16:19:13Z] [INFO] ================================================================================
[2026-05-01T16:19:13Z] [HEADER] ============================================================
[2026-05-01T16:19:13Z] [INFO] 🌙 STARTING OVERNIGHT RESEARCH CYCLE #69
[2026-05-01T16:19:13Z] [INFO] 🔍 Running overnight research protocol (web scraping + cross-symbol analysis)...
[2026-05-01T16:19:14Z] [INFO] 📊 Cycle duration: 0.26s, Files generated: 1
[2026-05-01T16:19:14Z] [WARNING] ⚠️ Database not initialized for cycle counting
[2026-05-01T16:19:14Z] [INFO] 💾 Database updated with cycle results
[2026-05-01T16:19:14Z] [SECTION] ============================================================
[2026-05-01T16:19:14Z] [INFO] 🔮 PHASE: HIDDEN LAYERING DETECTION
[2026-05-01T16:19:14Z] [INFO] 🔗 Hidden layering detection complete. Connections identified: 2
[2026-05-01T16:19:14Z] [SECTION] ============================================================
[2026-05-01T16:19:14Z] [INFO] 🔬 PHASE: DOMAIN CORRELATION ANALYSIS
[2026-05-01T16:19:14Z] [INFO] 📊 Domain correlation matrices created: 2
[2026-05-01T16:19:14Z] [SECTION] ============================================================
[2026-05-01T16:19:14Z] [INFO] 🖼️  PHASE: IMAGE-SEED ANALYSIS
[2026-05-01T16:19:14Z] [INFO] 📂 Image seed analysis bootstrapping from 0 images...
[2026-05-01T16:19:14Z] [SECTION] ============================================================
[2026-05-01T16:19:14Z] [INFO] 📤 PHASE: PUSH COMPONENTS TO TOLARIA
[2026-05-01T16:19:15Z] [INFO] 📦 Components pushed to Tolaria: 5
[2026-05-01T16:19:15Z] [SECTION] ============================================================
[2026-05-01T16:19:15Z] [INFO] 🧩 PHASE: COMPOSER - DOMAIN INTEGRATION SYNTHESIS
[2026-05-01T16:19:34Z] [INFO] 🎨 Domain integrations synthesized: 0
[2026-05-01T16:19:34Z] [SECTION] ============================================================
[2026-05-01T16:19:34Z] [INFO] 🚀 PHASE: ADVANCED OVERNIGHT LOOP
[2026-05-01T16:20:27Z] [INFO] 🔬 Advanced loop completed cycles: 0
[2026-05-01T16:20:27Z] [WARNING] ⚠️  Git commit skipped or failed (git not initialized?): Command '['git', '-C', '/home/avalonas/.hermes/gematria/unified_overnight_research', 'add', '.']' returned non-zero exit status 128.
[2026-05-01T16:20:27Z] [INFO] 
📊 CYCLE #69 SUMMARY
[2026-05-01T16:20:27Z] [INFO] ✅ Successful tasks: 7/7
[2026-05-01T16:20:27Z] [INFO] ⏱️  Cycle duration: 73.20s
[2026-05-01T16:20:27Z] [INFO]    ⚠️ task: result
[2026-05-01T16:20:27Z] [INFO]    ⚠️ task: result
[2026-05-01T16:20:27Z] [INFO]    ⚠️ task: result
[2026-05-01T16:20:27Z] [INFO]    ⚠️ task: result
[2026-05-01T16:20:27Z] [INFO]    ⚠️ task: result
[2026-05-01T16:20:27Z] [INFO]    ⚠️ task: result
[2026-05-01T16:20:27Z] [INFO]    ⚠️ task: result
[2026-05-01T16:20:27Z] [HEADER] ================================================================================
[2026-05-01T16:20:27Z] [INFO] 🔄 OVERNIGHT RESEARCH PIPELINE - CYCLE #70
[2026-05-01T16:20:27Z] [INFO] ================================================================================
[2026-05-01T16:20:27Z] [HEADER] ============================================================
[2026-05-01T16:20:27Z] [INFO] 🌙 STARTING OVERNIGHT RESEARCH CYCLE #70
[2026-05-01T16:20:27Z] [INFO] 🔍 Running overnight research protocol (web scraping + cross-symbol analysis)...
[2026-05-01T16:20:27Z] [INFO] 📊 Cycle duration: 0.30s, Files generated: 1
[2026-05-01T16:20:27Z] [WARNING] ⚠️ Database not initialized for cycle counting
[2026-05-01T16:20:27Z] [INFO] 💾 Database updated with cycle results
[2026-05-01T16:20:27Z] [SECTION] ============================================================
[2026-05-01T16:20:27Z] [INFO] 🔮 PHASE: HIDDEN LAYERING DETECTION
[2026-05-01T16:20:27Z] [INFO] 🔗 Hidden layering detection complete. Connections identified: 2
[2026-05-01T16:20:27Z] [SECTION] ============================================================
[2026-05-01T16:20:27Z] [INFO] 🔬 PHASE: DOMAIN CORRELATION ANALYSIS
[2026-05-01T16:20:27Z] [INFO] 📊 Domain correlation matrices created: 2
[2026-05-01T16:20:27Z] [SECTION] ============================================================
[2026-05-01T16:20:27Z] [INFO] 🖼️  PHASE: IMAGE-SEED ANALYSIS
[2026-05-01T16:20:27Z] [INFO] 📂 Image seed analysis bootstrapping from 0 images...
[2026-05-01T16:20:27Z] [SECTION] ============================================================
[2026-05-01T16:20:27Z] [INFO] 📤 PHASE: PUSH COMPONENTS TO TOLARIA
[2026-05-01T16:20:28Z] [INFO] 📦 Components pushed to Tolaria: 5
[2026-05-01T16:20:28Z] [SECTION] ============================================================
[2026-05-01T16:20:28Z] [INFO] 🧩 PHASE: COMPOSER - DOMAIN INTEGRATION SYNTHESIS
[2026-05-01T16:20:50Z] [INFO] 🎨 Domain integrations synthesized: 0
[2026-05-01T16:20:50Z] [SECTION] ============================================================
[2026-05-01T16:20:50Z] [INFO] 🚀 PHASE: ADVANCED OVERNIGHT LOOP
[2026-05-01T16:21:34Z] [INFO] 🔬 Advanced loop completed cycles: 0
[2026-05-01T16:21:34Z] [WARNING] ⚠️  Git commit skipped or failed (git not initialized?): Command '['git', '-C', '/home/avalonas/.hermes/gematria/unified_overnight_research', 'commit', '-m', '[2026-05-01T16:21:34Z] Cycle 69: Cycle 70: Web research + hidden layering detection']' returned non-zero exit status 1.
[2026-05-01T16:21:34Z] [INFO] 
📊 CYCLE #70 SUMMARY
[2026-05-01T16:21:34Z] [INFO] ✅ Successful tasks: 7/7
[2026-05-01T16:21:34Z] [INFO] ⏱️  Cycle duration: 67.10s
[2026-05-01T16:21:34Z] [INFO]    ⚠️ task: result
[2026-05-01T16:21:34Z] [INFO]    ⚠️ task: result
[2026-05-01T16:21:34Z] [INFO]    ⚠️ task: result
[2026-05-01T16:21:34Z] [INFO]    ⚠️ task: result
[2026-05-01T16:21:34Z] [INFO]    ⚠️ task: result
[2026-05-01T16:21:34Z] [INFO]    ⚠️ task: result
[2026-05-01T16:21:34Z] [INFO]    ⚠️ task: result
[2026-05-01T16:21:34Z] [HEADER] ================================================================================
[2026-05-01T16:21:34Z] [INFO] 🔄 OVERNIGHT RESEARCH PIPELINE - CYCLE #71
[2026-05-01T16:21:34Z] [INFO] ================================================================================
[2026-05-01T16:21:34Z] [HEADER] ============================================================
[2026-05-01T16:21:34Z] [INFO] 🌙 STARTING OVERNIGHT RESEARCH CYCLE #71
[2026-05-01T16:21:34Z] [INFO] 🔍 Running overnight research protocol (web scraping + cross-symbol analysis)...
[2026-05-01T16:21:34Z] [INFO] 📊 Cycle duration: 0.15s, Files generated: 1
[2026-05-01T16:21:34Z] [WARNING] ⚠️ Database not initialized for cycle counting
[2026-05-01T16:21:34Z] [INFO] 💾 Database updated with cycle results
[2026-05-01T16:21:34Z] [SECTION] ============================================================
[2026-05-01T16:21:34Z] [INFO] 🔮 PHASE: HIDDEN LAYERING DETECTION
[2026-05-01T16:21:34Z] [INFO] 🔗 Hidden layering detection complete. Connections identified: 2
[2026-05-01T16:21:34Z] [SECTION] ============================================================
[2026-05-01T16:21:34Z] [INFO] 🔬 PHASE: DOMAIN CORRELATION ANALYSIS
[2026-05-01T16:21:34Z] [INFO] 📊 Domain correlation matrices created: 2
[2026-05-01T16:21:34Z] [SECTION] ============================================================
[2026-05-01T16:21:34Z] [INFO] 🖼️  PHASE: IMAGE-SEED ANALYSIS
[2026-05-01T16:21:34Z] [INFO] 📂 Image seed analysis bootstrapping from 0 images...
[2026-05-01T16:21:34Z] [SECTION] ============================================================
[2026-05-01T16:21:34Z] [INFO] 📤 PHASE: PUSH COMPONENTS TO TOLARIA
[2026-05-01T16:21:35Z] [INFO] 📦 Components pushed to Tolaria: 5
[2026-05-01T16:21:35Z] [SECTION] ============================================================
[2026-05-01T16:21:35Z] [INFO] 🧩 PHASE: COMPOSER - DOMAIN INTEGRATION SYNTHESIS
[2026-05-01T16:21:52Z] [INFO] 🎨 Domain integrations synthesized: 0
[2026-05-01T16:21:52Z] [SECTION] ============================================================
[2026-05-01T16:21:52Z] [INFO] 🚀 PHASE: ADVANCED OVERNIGHT LOOP
[2026-05-01T16:22:48Z] [INFO] 🔬 Advanced loop completed cycles: 0
[2026-05-01T16:22:48Z] [WARNING] ⚠️  Git commit skipped or failed (git not initialized?): Command '['git', '-C', '/home/avalonas/.hermes/gematria/unified_overnight_research', 'add', '.']' returned non-zero exit status 128.
[2026-05-01T16:22:48Z] [INFO] 
📊 CYCLE #71 SUMMARY
[2026-05-01T16:22:48Z] [INFO] ✅ Successful tasks: 7/7
[2026-05-01T16:22:48Z] [INFO] ⏱️  Cycle duration: 74.74s
[2026-05-01T16:22:48Z] [INFO]    ⚠️ task: result
[2026-05-01T16:22:48Z] [INFO]    ⚠️ task: result
[2026-05-01T16:22:48Z] [INFO]    ⚠️ task: result
[2026-05-01T16:22:48Z] [INFO]    ⚠️ task: result
[2026-05-01T16:22:48Z] [INFO]    ⚠️ task: result
[2026-05-01T16:22:48Z] [INFO]    ⚠️ task: result
[2026-05-01T16:22:48Z] [INFO]    ⚠️ task: result
[2026-05-01T16:22:48Z] [HEADER] ================================================================================
[2026-05-01T16:22:48Z] [INFO] 🔄 OVERNIGHT RESEARCH PIPELINE - CYCLE #72
[2026-05-01T16:22:48Z] [INFO] ================================================================================
[2026-05-01T16:22:48Z] [HEADER] ============================================================
[2026-05-01T16:22:48Z] [INFO] 🌙 STARTING OVERNIGHT RESEARCH CYCLE #72
[2026-05-01T16:22:48Z] [INFO] 🔍 Running overnight research protocol (web scraping + cross-symbol analysis)...
[2026-05-01T16:22:49Z] [INFO] 📊 Cycle duration: 0.25s, Files generated: 1
[2026-05-01T16:22:49Z] [WARNING] ⚠️ Database not initialized for cycle counting
[2026-05-01T16:22:49Z] [INFO] 💾 Database updated with cycle results
[2026-05-01T16:22:49Z] [SECTION] ============================================================
[2026-05-01T16:22:49Z] [INFO] 🔮 PHASE: HIDDEN LAYERING DETECTION
[2026-05-01T16:22:49Z] [INFO] 🔗 Hidden layering detection complete. Connections identified: 2
[2026-05-01T16:22:49Z] [SECTION] ============================================================
[2026-05-01T16:22:49Z] [INFO] 🔬 PHASE: DOMAIN CORRELATION ANALYSIS
[2026-05-01T16:22:49Z] [INFO] 📊 Domain correlation matrices created: 2
[2026-05-01T16:22:49Z] [SECTION] ============================================================
[2026-05-01T16:22:49Z] [INFO] 🖼️  PHASE: IMAGE-SEED ANALYSIS
[2026-05-01T16:22:49Z] [INFO] 📂 Image seed analysis bootstrapping from 0 images...
[2026-05-01T16:22:49Z] [SECTION] ============================================================
[2026-05-01T16:22:49Z] [INFO] 📤 PHASE: PUSH COMPONENTS TO TOLARIA
[2026-05-01T16:22:50Z] [INFO] 📦 Components pushed to Tolaria: 5
[2026-05-01T16:22:50Z] [SECTION] ============================================================
[2026-05-01T16:22:50Z] [INFO] 🧩 PHASE: COMPOSER - DOMAIN INTEGRATION SYNTHESIS
[2026-05-01T16:23:09Z] [INFO] 🎨 Domain integrations synthesized: 0
[2026-05-01T16:23:09Z] [SECTION] ============================================================
[2026-05-01T16:23:09Z] [INFO] 🚀 PHASE: ADVANCED OVERNIGHT LOOP
[2026-05-01T16:24:01Z] [INFO] 🔬 Advanced loop completed cycles: 0
[2026-05-01T16:24:01Z] [WARNING] ⚠️  Git commit skipped or failed (git not initialized?): Command '['git', '-C', '/home/avalonas/.hermes/gematria/unified_overnight_research', 'commit', '-m', '[2026-05-01T16:24:01Z] Cycle 71: Cycle 72: Web research + hidden layering detection']' returned non-zero exit status 1.
[2026-05-01T16:24:01Z] [INFO] 
📊 CYCLE #72 SUMMARY
[2026-05-01T16:24:01Z] [INFO] ✅ Successful tasks: 7/7
[2026-05-01T16:24:01Z] [INFO] ⏱️  Cycle duration: 72.38s
[2026-05-01T16:24:01Z] [INFO]    ⚠️ task: result
[2026-05-01T16:24:01Z] [INFO]    ⚠️ task: result
[2026-05-01T16:24:01Z] [INFO]    ⚠️ task: result
[2026-05-01T16:24:01Z] [INFO]    ⚠️ task: result
[2026-05-01T16:24:01Z] [INFO]    ⚠️ task: result
[2026-05-01T16:24:01Z] [INFO]    ⚠️ task: result
[2026-05-01T16:24:01Z] [INFO]    ⚠️ task: result
[2026-05-01T16:24:01Z] [HEADER] ================================================================================
[2026-05-01T16:24:01Z] [INFO] 🔄 OVERNIGHT RESEARCH PIPELINE - CYCLE #73
[2026-05-01T16:24:01Z] [INFO] ================================================================================
[2026-05-01T16:24:01Z] [HEADER] ============================================================
[2026-05-01T16:24:01Z] [INFO] 🌙 STARTING OVERNIGHT RESEARCH CYCLE #73
[2026-05-01T16:24:01Z] [INFO] 🔍 Running overnight research protocol (web scraping + cross-symbol analysis)...
[2026-05-01T16:24:01Z] [INFO] 📊 Cycle duration: 0.16s, Files generated: 1
[2026-05-01T16:24:01Z] [WARNING] ⚠️ Database not initialized for cycle counting
[2026-05-01T16:24:01Z] [INFO] 💾 Database updated with cycle results
[2026-05-01T16:24:01Z] [SECTION] ============================================================
[2026-05-01T16:24:01Z] [INFO] 🔮 PHASE: HIDDEN LAYERING DETECTION
[2026-05-01T16:24:01Z] [INFO] 🔗 Hidden layering detection complete. Connections identified: 2
[2026-05-01T16:24:01Z] [SECTION] ============================================================
[2026-05-01T16:24:01Z] [INFO] 🔬 PHASE: DOMAIN CORRELATION ANALYSIS
[2026-05-01T16:24:01Z] [INFO] 📊 Domain correlation matrices created: 2
[2026-05-01T16:24:01Z] [SECTION] ============================================================
[2026-05-01T16:24:01Z] [INFO] 🖼️  PHASE: IMAGE-SEED ANALYSIS
[2026-05-01T16:24:01Z] [INFO] 📂 Image seed analysis bootstrapping from 0 images...
[2026-05-01T16:24:01Z] [SECTION] ============================================================
[2026-05-01T16:24:01Z] [INFO] 📤 PHASE: PUSH COMPONENTS TO TOLARIA
[2026-05-01T16:24:03Z] [INFO] 📦 Components pushed to Tolaria: 5
[2026-05-01T16:24:03Z] [SECTION] ============================================================
[2026-05-01T16:24:03Z] [INFO] 🧩 PHASE: COMPOSER - DOMAIN INTEGRATION SYNTHESIS
[2026-05-01T16:24:15Z] [INFO] 🎨 Domain integrations synthesized: 0
[2026-05-01T16:24:15Z] [SECTION] ============================================================
[2026-05-01T16:24:15Z] [INFO] 🚀 PHASE: ADVANCED OVERNIGHT LOOP
[2026-05-01T16:25:05Z] [INFO] 🔬 Advanced loop completed cycles: 0
[2026-05-01T16:25:05Z] [WARNING] ⚠️  Git commit skipped or failed (git not initialized?): Command '['git', '-C', '/home/avalonas/.hermes/gematria/unified_overnight_research', 'commit', '-m', '[2026-05-01T16:25:05Z] Cycle 72: Cycle 73: Web research + hidden layering detection']' returned non-zero exit status 1.
[2026-05-01T16:25:05Z] [INFO] 
📊 CYCLE #73 SUMMARY
[2026-05-01T16:25:05Z] [INFO] ✅ Successful tasks: 7/7
[2026-05-01T16:25:05Z] [INFO] ⏱️  Cycle duration: 64.42s
[2026-05-01T16:25:05Z] [INFO]    ⚠️ task: result
[2026-05-01T16:25:05Z] [INFO]    ⚠️ task: result
[2026-05-01T16:25:05Z] [INFO]    ⚠️ task: result
[2026-05-01T16:25:05Z] [INFO]    ⚠️ task: result
[2026-05-01T16:25:05Z] [INFO]    ⚠️ task: result
[2026-05-01T16:25:05Z] [INFO]    ⚠️ task: result
[2026-05-01T16:25:05Z] [INFO]    ⚠️ task: result
[2026-05-01T16:25:05Z] [HEADER] ================================================================================
[2026-05-01T16:25:05Z] [INFO] 🔄 OVERNIGHT RESEARCH PIPELINE - CYCLE #74
[2026-05-01T16:25:05Z] [INFO] ================================================================================
[2026-05-01T16:25:05Z] [HEADER] ============================================================
[2026-05-01T16:25:05Z] [INFO] 🌙 STARTING OVERNIGHT RESEARCH CYCLE #74
[2026-05-01T16:25:05Z] [INFO] 🔍 Running overnight research protocol (web scraping + cross-symbol analysis)...
[2026-05-01T16:25:05Z] [INFO] 📊 Cycle duration: 0.14s, Files generated: 1
[2026-05-01T16:25:05Z] [WARNING] ⚠️ Database not initialized for cycle counting
[2026-05-01T16:25:05Z] [INFO] 💾 Database updated with cycle results
[2026-05-01T16:25:05Z] [SECTION] ============================================================
[2026-05-01T16:25:05Z] [INFO] 🔮 PHASE: HIDDEN LAYERING DETECTION
[2026-05-01T16:25:06Z] [INFO] 🔗 Hidden layering detection complete. Connections identified: 2
[2026-05-01T16:25:06Z] [SECTION] ============================================================
[2026-05-01T16:25:06Z] [INFO] 🔬 PHASE: DOMAIN CORRELATION ANALYSIS
[2026-05-01T16:25:06Z] [INFO] 📊 Domain correlation matrices created: 2
[2026-05-01T16:25:06Z] [SECTION] ============================================================
[2026-05-01T16:25:06Z] [INFO] 🖼️  PHASE: IMAGE-SEED ANALYSIS
[2026-05-01T16:25:06Z] [INFO] 📂 Image seed analysis bootstrapping from 0 images...
[2026-05-01T16:25:06Z] [SECTION] ============================================================
[2026-05-01T16:25:06Z] [INFO] 📤 PHASE: PUSH COMPONENTS TO TOLARIA
[2026-05-01T16:25:07Z] [INFO] 📦 Components pushed to Tolaria: 5
[2026-05-01T16:25:07Z] [SECTION] ============================================================
[2026-05-01T16:25:07Z] [INFO] 🧩 PHASE: COMPOSER - DOMAIN INTEGRATION SYNTHESIS
[2026-05-01T16:25:25Z] [INFO] 🎨 Domain integrations synthesized: 0
[2026-05-01T16:25:25Z] [SECTION] ============================================================
[2026-05-01T16:25:25Z] [INFO] 🚀 PHASE: ADVANCED OVERNIGHT LOOP
[2026-05-01T16:26:21Z] [INFO] 🔬 Advanced loop completed cycles: 0
[2026-05-01T16:26:21Z] [WARNING] ⚠️  Git commit skipped or failed (git not initialized?): Command '['git', '-C', '/home/avalonas/.hermes/gematria/unified_overnight_research', 'commit', '-m', '[2026-05-01T16:26:21Z] Cycle 73: Cycle 74: Web research + hidden layering detection']' returned non-zero exit status 1.
[2026-05-01T16:26:21Z] [INFO] 
📊 CYCLE #74 SUMMARY
[2026-05-01T16:26:21Z] [INFO] ✅ Successful tasks: 7/7
[2026-05-01T16:26:21Z] [INFO] ⏱️  Cycle duration: 75.79s
[2026-05-01T16:26:21Z] [INFO]    ⚠️ task: result
[2026-05-01T16:26:21Z] [INFO]    ⚠️ task: result
[2026-05-01T16:26:21Z] [INFO]    ⚠️ task: result
[2026-05-01T16:26:21Z] [INFO]    ⚠️ task: result
[2026-05-01T16:26:21Z] [INFO]    ⚠️ task: result
[2026-05-01T16:26:21Z] [INFO]    ⚠️ task: result
[2026-05-01T16:26:21Z] [INFO]    ⚠️ task: result
[2026-05-01T16:26:21Z] [HEADER] ================================================================================
[2026-05-01T16:26:21Z] [INFO] 🔄 OVERNIGHT RESEARCH PIPELINE - CYCLE #75
[2026-05-01T16:26:21Z] [INFO] ================================================================================
[2026-05-01T16:26:21Z] [HEADER] ============================================================
[2026-05-01T16:26:21Z] [INFO] 🌙 STARTING OVERNIGHT RESEARCH CYCLE #75
[2026-05-01T16:26:21Z] [INFO] 🔍 Running overnight research protocol (web scraping + cross-symbol analysis)...
[2026-05-01T16:26:21Z] [INFO] 📊 Cycle duration: 0.27s, Files generated: 1
[2026-05-01T16:26:21Z] [WARNING] ⚠️ Database not initialized for cycle counting
[2026-05-01T16:26:21Z] [INFO] 💾 Database updated with cycle results
[2026-05-01T16:26:21Z] [SECTION] ============================================================
[2026-05-01T16:26:21Z] [INFO] 🔮 PHASE: HIDDEN LAYERING DETECTION
[2026-05-01T16:26:22Z] [INFO] 🔗 Hidden layering detection complete. Connections identified: 2
[2026-05-01T16:26:22Z] [SECTION] ============================================================
[2026-05-01T16:26:22Z] [INFO] 🔬 PHASE: DOMAIN CORRELATION ANALYSIS
[2026-05-01T16:26:22Z] [INFO] 📊 Domain correlation matrices created: 2
[2026-05-01T16:26:22Z] [SECTION] ============================================================
[2026-05-01T16:26:22Z] [INFO] 🖼️  PHASE: IMAGE-SEED ANALYSIS
[2026-05-01T16:26:22Z] [INFO] 📂 Image seed analysis bootstrapping from 0 images...
[2026-05-01T16:26:22Z] [SECTION] ============================================================
[2026-05-01T16:26:22Z] [INFO] 📤 PHASE: PUSH COMPONENTS TO TOLARIA
[2026-05-01T16:26:23Z] [INFO] 📦 Components pushed to Tolaria: 5
[2026-05-01T16:26:23Z] [SECTION] ============================================================
[2026-05-01T16:26:23Z] [INFO] 🧩 PHASE: COMPOSER - DOMAIN INTEGRATION SYNTHESIS
[2026-05-01T16:26:42Z] [INFO] 🎨 Domain integrations synthesized: 0
[2026-05-01T16:26:42Z] [SECTION] ============================================================
[2026-05-01T16:26:42Z] [INFO] 🚀 PHASE: ADVANCED OVERNIGHT LOOP
[2026-05-01T16:27:47Z] [INFO] 🔬 Advanced loop completed cycles: 0
[2026-05-01T16:27:47Z] [WARNING] ⚠️  Git commit skipped or failed (git not initialized?): Command '['git', '-C', '/home/avalonas/.hermes/gematria/unified_overnight_research', 'add', '.']' returned non-zero exit status 128.
[2026-05-01T16:27:47Z] [INFO] 
📊 CYCLE #75 SUMMARY
[2026-05-01T16:27:47Z] [INFO] ✅ Successful tasks: 7/7
[2026-05-01T16:27:47Z] [INFO] ⏱️  Cycle duration: 85.84s
[2026-05-01T16:27:47Z] [INFO]    ⚠️ task: result
[2026-05-01T16:27:47Z] [INFO]    ⚠️ task: result
[2026-05-01T16:27:47Z] [INFO]    ⚠️ task: result
[2026-05-01T16:27:47Z] [INFO]    ⚠️ task: result
[2026-05-01T16:27:47Z] [INFO]    ⚠️ task: result
[2026-05-01T16:27:47Z] [INFO]    ⚠️ task: result
[2026-05-01T16:27:47Z] [INFO]    ⚠️ task: result
[2026-05-01T16:27:47Z] [HEADER] ================================================================================
[2026-05-01T16:27:47Z] [INFO] 🔄 OVERNIGHT RESEARCH PIPELINE - CYCLE #76
[2026-05-01T16:27:47Z] [INFO] ================================================================================
[2026-05-01T16:27:47Z] [HEADER] ============================================================
[2026-05-01T16:27:47Z] [INFO] 🌙 STARTING OVERNIGHT RESEARCH CYCLE #76
[2026-05-01T16:27:47Z] [INFO] 🔍 Running overnight research protocol (web scraping + cross-symbol analysis)...
[2026-05-01T16:27:47Z] [INFO] 📊 Cycle duration: 0.19s, Files generated: 1
[2026-05-01T16:27:47Z] [WARNING] ⚠️ Database not initialized for cycle counting
[2026-05-01T16:27:47Z] [INFO] 💾 Database updated with cycle results
[2026-05-01T16:27:47Z] [SECTION] ============================================================
[2026-05-01T16:27:47Z] [INFO] 🔮 PHASE: HIDDEN LAYERING DETECTION
[2026-05-01T16:27:47Z] [INFO] 🔗 Hidden layering detection complete. Connections identified: 2
[2026-05-01T16:27:47Z] [SECTION] ============================================================
[2026-05-01T16:27:47Z] [INFO] 🔬 PHASE: DOMAIN CORRELATION ANALYSIS
[2026-05-01T16:27:47Z] [INFO] 📊 Domain correlation matrices created: 2
[2026-05-01T16:27:47Z] [SECTION] ============================================================
[2026-05-01T16:27:47Z] [INFO] 🖼️  PHASE: IMAGE-SEED ANALYSIS
[2026-05-01T16:27:47Z] [INFO] 📂 Image seed analysis bootstrapping from 0 images...
[2026-05-01T16:27:47Z] [SECTION] ============================================================
[2026-05-01T16:27:47Z] [INFO] 📤 PHASE: PUSH COMPONENTS TO TOLARIA
[2026-05-01T16:27:48Z] [INFO] 📦 Components pushed to Tolaria: 5
[2026-05-01T16:27:48Z] [SECTION] ============================================================
[2026-05-01T16:27:48Z] [INFO] 🧩 PHASE: COMPOSER - DOMAIN INTEGRATION SYNTHESIS
[2026-05-01T16:28:08Z] [INFO] 🎨 Domain integrations synthesized: 0
[2026-05-01T16:28:08Z] [SECTION] ============================================================
[2026-05-01T16:28:08Z] [INFO] 🚀 PHASE: ADVANCED OVERNIGHT LOOP
[2026-05-01T16:29:01Z] [INFO] 🔬 Advanced loop completed cycles: 0
[2026-05-01T16:29:01Z] [WARNING] ⚠️  Git commit skipped or failed (git not initialized?): Command '['git', '-C', '/home/avalonas/.hermes/gematria/unified_overnight_research', 'add', '.']' returned non-zero exit status 128.
[2026-05-01T16:29:01Z] [INFO] 
📊 CYCLE #76 SUMMARY
[2026-05-01T16:29:01Z] [INFO] ✅ Successful tasks: 7/7
[2026-05-01T16:29:01Z] [INFO] ⏱️  Cycle duration: 74.04s
[2026-05-01T16:29:01Z] [INFO]    ⚠️ task: result
[2026-05-01T16:29:01Z] [INFO]    ⚠️ task: result
[2026-05-01T16:29:01Z] [INFO]    ⚠️ task: result
[2026-05-01T16:29:01Z] [INFO]    ⚠️ task: result
[2026-05-01T16:29:01Z] [INFO]    ⚠️ task: result
[2026-05-01T16:29:01Z] [INFO]    ⚠️ task: result
[2026-05-01T16:29:01Z] [INFO]    ⚠️ task: result
[2026-05-01T16:29:01Z] [HEADER] ================================================================================
[2026-05-01T16:29:01Z] [INFO] 🔄 OVERNIGHT RESEARCH PIPELINE - CYCLE #77
[2026-05-01T16:29:01Z] [INFO] ================================================================================
[2026-05-01T16:29:01Z] [HEADER] ============================================================
[2026-05-01T16:29:01Z] [INFO] 🌙 STARTING OVERNIGHT RESEARCH CYCLE #77
[2026-05-01T16:29:01Z] [INFO] 🔍 Running overnight research protocol (web scraping + cross-symbol analysis)...
[2026-05-01T16:29:01Z] [INFO] 📊 Cycle duration: 0.24s, Files generated: 1
[2026-05-01T16:29:01Z] [WARNING] ⚠️ Database not initialized for cycle counting
[2026-05-01T16:29:01Z] [INFO] 💾 Database updated with cycle results
[2026-05-01T16:29:01Z] [SECTION] ============================================================
[2026-05-01T16:29:01Z] [INFO] 🔮 PHASE: HIDDEN LAYERING DETECTION
[2026-05-01T16:29:01Z] [INFO] 🔗 Hidden layering detection complete. Connections identified: 2
[2026-05-01T16:29:01Z] [SECTION] ============================================================
[2026-05-01T16:29:01Z] [INFO] 🔬 PHASE: DOMAIN CORRELATION ANALYSIS
[2026-05-01T16:29:01Z] [INFO] 📊 Domain correlation matrices created: 2
[2026-05-01T16:29:01Z] [SECTION] ============================================================
[2026-05-01T16:29:01Z] [INFO] 🖼️  PHASE: IMAGE-SEED ANALYSIS
[2026-05-01T16:29:01Z] [INFO] 📂 Image seed analysis bootstrapping from 0 images...
[2026-05-01T16:29:01Z] [SECTION] ============================================================
[2026-05-01T16:29:01Z] [INFO] 📤 PHASE: PUSH COMPONENTS TO TOLARIA
[2026-05-01T16:29:02Z] [INFO] 📦 Components pushed to Tolaria: 5
[2026-05-01T16:29:02Z] [SECTION] ============================================================
[2026-05-01T16:29:02Z] [INFO] 🧩 PHASE: COMPOSER - DOMAIN INTEGRATION SYNTHESIS
[2026-05-01T16:29:22Z] [INFO] 🎨 Domain integrations synthesized: 0
[2026-05-01T16:29:22Z] [SECTION] ============================================================
[2026-05-01T16:29:22Z] [INFO] 🚀 PHASE: ADVANCED OVERNIGHT LOOP
[2026-05-01T16:30:15Z] [INFO] 🔬 Advanced loop completed cycles: 0
[2026-05-01T16:30:15Z] [WARNING] ⚠️  Git commit skipped or failed (git not initialized?): Command '['git', '-C', '/home/avalonas/.hermes/gematria/unified_overnight_research', 'add', '.']' returned non-zero exit status 128.
[2026-05-01T16:30:15Z] [INFO] 
📊 CYCLE #77 SUMMARY
[2026-05-01T16:30:15Z] [INFO] ✅ Successful tasks: 7/7
[2026-05-01T16:30:15Z] [INFO] ⏱️  Cycle duration: 74.13s
[2026-05-01T16:30:15Z] [INFO]    ⚠️ task: result
[2026-05-01T16:30:15Z] [INFO]    ⚠️ task: result
[2026-05-01T16:30:15Z] [INFO]    ⚠️ task: result
[2026-05-01T16:30:15Z] [INFO]    ⚠️ task: result
[2026-05-01T16:30:15Z] [INFO]    ⚠️ task: result
[2026-05-01T16:30:15Z] [INFO]    ⚠️ task: result
[2026-05-01T16:30:15Z] [INFO]    ⚠️ task: result
[2026-05-01T16:30:15Z] [HEADER] ================================================================================
[2026-05-01T16:30:15Z] [INFO] 🔄 OVERNIGHT RESEARCH PIPELINE - CYCLE #78
[2026-05-01T16:30:15Z] [INFO] ================================================================================
[2026-05-01T16:30:15Z] [HEADER] ============================================================
[2026-05-01T16:30:15Z] [INFO] 🌙 STARTING OVERNIGHT RESEARCH CYCLE #78
[2026-05-01T16:30:15Z] [INFO] 🔍 Running overnight research protocol (web scraping + cross-symbol analysis)...
[2026-05-01T16:30:15Z] [INFO] 📊 Cycle duration: 0.28s, Files generated: 1
[2026-05-01T16:30:15Z] [WARNING] ⚠️ Database not initialized for cycle counting
[2026-05-01T16:30:15Z] [INFO] 💾 Database updated with cycle results
[2026-05-01T16:30:15Z] [SECTION] ============================================================
[2026-05-01T16:30:15Z] [INFO] 🔮 PHASE: HIDDEN LAYERING DETECTION
[2026-05-01T16:30:15Z] [INFO] 🔗 Hidden layering detection complete. Connections identified: 2
[2026-05-01T16:30:15Z] [SECTION] ============================================================
[2026-05-01T16:30:15Z] [INFO] 🔬 PHASE: DOMAIN CORRELATION ANALYSIS
[2026-05-01T16:30:15Z] [INFO] 📊 Domain correlation matrices created: 2
[2026-05-01T16:30:15Z] [SECTION] ============================================================
[2026-05-01T16:30:15Z] [INFO] 🖼️  PHASE: IMAGE-SEED ANALYSIS
[2026-05-01T16:30:15Z] [INFO] 📂 Image seed analysis bootstrapping from 0 images...
[2026-05-01T16:30:16Z] [SECTION] ============================================================
[2026-05-01T16:30:16Z] [INFO] 📤 PHASE: PUSH COMPONENTS TO TOLARIA
[2026-05-01T16:30:17Z] [INFO] 📦 Components pushed to Tolaria: 5
[2026-05-01T16:30:17Z] [SECTION] ============================================================
[2026-05-01T16:30:17Z] [INFO] 🧩 PHASE: COMPOSER - DOMAIN INTEGRATION SYNTHESIS
[2026-05-01T16:30:36Z] [INFO] 🎨 Domain integrations synthesized: 0
[2026-05-01T16:30:36Z] [SECTION] ============================================================
[2026-05-01T16:30:36Z] [INFO] 🚀 PHASE: ADVANCED OVERNIGHT LOOP
[2026-05-01T16:31:29Z] [INFO] 🔬 Advanced loop completed cycles: 0
[2026-05-01T16:31:29Z] [WARNING] ⚠️  Git commit skipped or failed (git not initialized?): Command '['git', '-C', '/home/avalonas/.hermes/gematria/unified_overnight_research', 'commit', '-m', '[2026-05-01T16:31:29Z] Cycle 77: Cycle 78: Web research + hidden layering detection']' returned non-zero exit status 1.
[2026-05-01T16:31:29Z] [INFO] 
📊 CYCLE #78 SUMMARY
[2026-05-01T16:31:29Z] [INFO] ✅ Successful tasks: 7/7
[2026-05-01T16:31:29Z] [INFO] ⏱️  Cycle duration: 73.96s
[2026-05-01T16:31:29Z] [INFO]    ⚠️ task: result
[2026-05-01T16:31:29Z] [INFO]    ⚠️ task: result
[2026-05-01T16:31:29Z] [INFO]    ⚠️ task: result
[2026-05-01T16:31:29Z] [INFO]    ⚠️ task: result
[2026-05-01T16:31:29Z] [INFO]    ⚠️ task: result
[2026-05-01T16:31:29Z] [INFO]    ⚠️ task: result
[2026-05-01T16:31:29Z] [INFO]    ⚠️ task: result
[2026-05-01T16:31:29Z] [HEADER] ================================================================================
[2026-05-01T16:31:29Z] [INFO] 🔄 OVERNIGHT RESEARCH PIPELINE - CYCLE #79
[2026-05-01T16:31:29Z] [INFO] ================================================================================
[2026-05-01T16:31:29Z] [HEADER] ============================================================
[2026-05-01T16:31:29Z] [INFO] 🌙 STARTING OVERNIGHT RESEARCH CYCLE #79
[2026-05-01T16:31:29Z] [INFO] 🔍 Running overnight research protocol (web scraping + cross-symbol analysis)...
[2026-05-01T16:31:29Z] [INFO] 📊 Cycle duration: 0.24s, Files generated: 1
[2026-05-01T16:31:29Z] [WARNING] ⚠️ Database not initialized for cycle counting
[2026-05-01T16:31:29Z] [INFO] 💾 Database updated with cycle results
[2026-05-01T16:31:29Z] [SECTION] ============================================================
[2026-05-01T16:31:29Z] [INFO] 🔮 PHASE: HIDDEN LAYERING DETECTION
[2026-05-01T16:31:29Z] [INFO] 🔗 Hidden layering detection complete. Connections identified: 2
[2026-05-01T16:31:29Z] [SECTION] ============================================================
[2026-05-01T16:31:29Z] [INFO] 🔬 PHASE: DOMAIN CORRELATION ANALYSIS
[2026-05-01T16:31:29Z] [INFO] 📊 Domain correlation matrices created: 2
[2026-05-01T16:31:29Z] [SECTION] ============================================================
[2026-05-01T16:31:29Z] [INFO] 🖼️  PHASE: IMAGE-SEED ANALYSIS
[2026-05-01T16:31:29Z] [INFO] 📂 Image seed analysis bootstrapping from 0 images...
[2026-05-01T16:31:30Z] [SECTION] ============================================================
[2026-05-01T16:31:30Z] [INFO] 📤 PHASE: PUSH COMPONENTS TO TOLARIA
[2026-05-01T16:31:30Z] [INFO] 📦 Components pushed to Tolaria: 5
[2026-05-01T16:31:30Z] [SECTION] ============================================================
[2026-05-01T16:31:30Z] [INFO] 🧩 PHASE: COMPOSER - DOMAIN INTEGRATION SYNTHESIS
[2026-05-01T16:31:49Z] [INFO] 🎨 Domain integrations synthesized: 0
[2026-05-01T16:31:49Z] [SECTION] ============================================================
[2026-05-01T16:31:49Z] [INFO] 🚀 PHASE: ADVANCED OVERNIGHT LOOP
[2026-05-01T16:32:42Z] [INFO] 🔬 Advanced loop completed cycles: 0
[2026-05-01T16:32:42Z] [WARNING] ⚠️  Git commit skipped or failed (git not initialized?): Command '['git', '-C', '/home/avalonas/.hermes/gematria/unified_overnight_research', 'add', '.']' returned non-zero exit status 128.
[2026-05-01T16:32:42Z] [INFO] 
📊 CYCLE #79 SUMMARY
[2026-05-01T16:32:42Z] [INFO] ✅ Successful tasks: 7/7
[2026-05-01T16:32:42Z] [INFO] ⏱️  Cycle duration: 72.90s
[2026-05-01T16:32:42Z] [INFO]    ⚠️ task: result
[2026-05-01T16:32:42Z] [INFO]    ⚠️ task: result
[2026-05-01T16:32:42Z] [INFO]    ⚠️ task: result
[2026-05-01T16:32:42Z] [INFO]    ⚠️ task: result
[2026-05-01T16:32:42Z] [INFO]    ⚠️ task: result
[2026-05-01T16:32:42Z] [INFO]    ⚠️ task: result
[2026-05-01T16:32:42Z] [INFO]    ⚠️ task: result
[2026-05-01T16:32:42Z] [HEADER] ================================================================================
[2026-05-01T16:32:42Z] [INFO] 🔄 OVERNIGHT RESEARCH PIPELINE - CYCLE #80
[2026-05-01T16:32:42Z] [INFO] ================================================================================
[2026-05-01T16:32:42Z] [HEADER] ============================================================
[2026-05-01T16:32:42Z] [INFO] 🌙 STARTING OVERNIGHT RESEARCH CYCLE #80
[2026-05-01T16:32:42Z] [INFO] 🔍 Running overnight research protocol (web scraping + cross-symbol analysis)...
[2026-05-01T16:32:42Z] [INFO] 📊 Cycle duration: 0.25s, Files generated: 1
[2026-05-01T16:32:42Z] [WARNING] ⚠️ Database not initialized for cycle counting
[2026-05-01T16:32:42Z] [INFO] 💾 Database updated with cycle results
[2026-05-01T16:32:42Z] [SECTION] ============================================================
[2026-05-01T16:32:42Z] [INFO] 🔮 PHASE: HIDDEN LAYERING DETECTION
[2026-05-01T16:32:42Z] [INFO] 🔗 Hidden layering detection complete. Connections identified: 2
[2026-05-01T16:32:42Z] [SECTION] ============================================================
[2026-05-01T16:32:42Z] [INFO] 🔬 PHASE: DOMAIN CORRELATION ANALYSIS
[2026-05-01T16:32:42Z] [INFO] 📊 Domain correlation matrices created: 2
[2026-05-01T16:32:42Z] [SECTION] ============================================================
[2026-05-01T16:32:42Z] [INFO] 🖼️  PHASE: IMAGE-SEED ANALYSIS
[2026-05-01T16:32:42Z] [INFO] 📂 Image seed analysis bootstrapping from 0 images...
[2026-05-01T16:32:42Z] [SECTION] ============================================================
[2026-05-01T16:32:42Z] [INFO] 📤 PHASE: PUSH COMPONENTS TO TOLARIA
[2026-05-01T16:32:44Z] [INFO] 📦 Components pushed to Tolaria: 5
[2026-05-01T16:32:44Z] [SECTION] ============================================================
[2026-05-01T16:32:44Z] [INFO] 🧩 PHASE: COMPOSER - DOMAIN INTEGRATION SYNTHESIS
[2026-05-01T16:33:02Z] [INFO] 🎨 Domain integrations synthesized: 0
[2026-05-01T16:33:02Z] [SECTION] ============================================================
[2026-05-01T16:33:02Z] [INFO] 🚀 PHASE: ADVANCED OVERNIGHT LOOP
[2026-05-01T16:33:57Z] [INFO] 🔬 Advanced loop completed cycles: 0
[2026-05-01T16:33:57Z] [WARNING] ⚠️  Git commit skipped or failed (git not initialized?): Command '['git', '-C', '/home/avalonas/.hermes/gematria/unified_overnight_research', 'commit', '-m', '[2026-05-01T16:33:57Z] Cycle 79: Cycle 80: Web research + hidden layering detection']' returned non-zero exit status 1.
[2026-05-01T16:33:57Z] [INFO] 
📊 CYCLE #80 SUMMARY
[2026-05-01T16:33:57Z] [INFO] ✅ Successful tasks: 7/7
[2026-05-01T16:33:57Z] [INFO] ⏱️  Cycle duration: 75.36s
[2026-05-01T16:33:57Z] [INFO]    ⚠️ task: result
[2026-05-01T16:33:57Z] [INFO]    ⚠️ task: result
[2026-05-01T16:33:57Z] [INFO]    ⚠️ task: result
[2026-05-01T16:33:57Z] [INFO]    ⚠️ task: result
[2026-05-01T16:33:57Z] [INFO]    ⚠️ task: result
[2026-05-01T16:33:57Z] [INFO]    ⚠️ task: result
[2026-05-01T16:33:57Z] [INFO]    ⚠️ task: result
[2026-05-01T16:33:57Z] [HEADER] ================================================================================
[2026-05-01T16:33:57Z] [INFO] 🔄 OVERNIGHT RESEARCH PIPELINE - CYCLE #81
[2026-05-01T16:33:57Z] [INFO] ================================================================================
[2026-05-01T16:33:57Z] [HEADER] ============================================================
[2026-05-01T16:33:57Z] [INFO] 🌙 STARTING OVERNIGHT RESEARCH CYCLE #81
[2026-05-01T16:33:57Z] [INFO] 🔍 Running overnight research protocol (web scraping + cross-symbol analysis)...
[2026-05-01T16:33:58Z] [INFO] 📊 Cycle duration: 0.26s, Files generated: 1
[2026-05-01T16:33:58Z] [WARNING] ⚠️ Database not initialized for cycle counting
[2026-05-01T16:33:58Z] [INFO] 💾 Database updated with cycle results
[2026-05-01T16:33:58Z] [SECTION] ============================================================
[2026-05-01T16:33:58Z] [INFO] 🔮 PHASE: HIDDEN LAYERING DETECTION
[2026-05-01T16:33:58Z] [INFO] 🔗 Hidden layering detection complete. Connections identified: 2
[2026-05-01T16:33:58Z] [SECTION] ============================================================
[2026-05-01T16:33:58Z] [INFO] 🔬 PHASE: DOMAIN CORRELATION ANALYSIS
[2026-05-01T16:33:58Z] [INFO] 📊 Domain correlation matrices created: 2
[2026-05-01T16:33:58Z] [SECTION] ============================================================
[2026-05-01T16:33:58Z] [INFO] 🖼️  PHASE: IMAGE-SEED ANALYSIS
[2026-05-01T16:33:58Z] [INFO] 📂 Image seed analysis bootstrapping from 0 images...
[2026-05-01T16:33:58Z] [SECTION] ============================================================
[2026-05-01T16:33:58Z] [INFO] 📤 PHASE: PUSH COMPONENTS TO TOLARIA
[2026-05-01T16:33:59Z] [INFO] 📦 Components pushed to Tolaria: 5
[2026-05-01T16:33:59Z] [SECTION] ============================================================
[2026-05-01T16:33:59Z] [INFO] 🧩 PHASE: COMPOSER - DOMAIN INTEGRATION SYNTHESIS
[2026-05-01T16:34:17Z] [INFO] 🎨 Domain integrations synthesized: 0
[2026-05-01T16:34:17Z] [SECTION] ============================================================
[2026-05-01T16:34:17Z] [INFO] 🚀 PHASE: ADVANCED OVERNIGHT LOOP
[2026-05-01T16:35:15Z] [INFO] 🔬 Advanced loop completed cycles: 0
[2026-05-01T16:35:15Z] [WARNING] ⚠️  Git commit skipped or failed (git not initialized?): Command '['git', '-C', '/home/avalonas/.hermes/gematria/unified_overnight_research', 'commit', '-m', '[2026-05-01T16:35:15Z] Cycle 80: Cycle 81: Web research + hidden layering detection']' returned non-zero exit status 128.
[2026-05-01T16:35:15Z] [INFO] 
📊 CYCLE #81 SUMMARY
[2026-05-01T16:35:15Z] [INFO] ✅ Successful tasks: 7/7
[2026-05-01T16:35:15Z] [INFO] ⏱️  Cycle duration: 78.06s
[2026-05-01T16:35:15Z] [INFO]    ⚠️ task: result
[2026-05-01T16:35:15Z] [INFO]    ⚠️ task: result
[2026-05-01T16:35:15Z] [INFO]    ⚠️ task: result
[2026-05-01T16:35:15Z] [INFO]    ⚠️ task: result
[2026-05-01T16:35:15Z] [INFO]    ⚠️ task: result
[2026-05-01T16:35:15Z] [INFO]    ⚠️ task: result
[2026-05-01T16:35:15Z] [INFO]    ⚠️ task: result
[2026-05-01T16:35:15Z] [HEADER] ================================================================================
[2026-05-01T16:35:15Z] [INFO] 🔄 OVERNIGHT RESEARCH PIPELINE - CYCLE #82
[2026-05-01T16:35:15Z] [INFO] ================================================================================
[2026-05-01T16:35:15Z] [HEADER] ============================================================
[2026-05-01T16:35:15Z] [INFO] 🌙 STARTING OVERNIGHT RESEARCH CYCLE #82
[2026-05-01T16:35:15Z] [INFO] 🔍 Running overnight research protocol (web scraping + cross-symbol analysis)...
[2026-05-01T16:35:16Z] [INFO] 📊 Cycle duration: 0.25s, Files generated: 1
[2026-05-01T16:35:16Z] [WARNING] ⚠️ Database not initialized for cycle counting
[2026-05-01T16:35:16Z] [INFO] 💾 Database updated with cycle results
[2026-05-01T16:35:16Z] [SECTION] ============================================================
[2026-05-01T16:35:16Z] [INFO] 🔮 PHASE: HIDDEN LAYERING DETECTION
[2026-05-01T16:35:16Z] [INFO] 🔗 Hidden layering detection complete. Connections identified: 2
[2026-05-01T16:35:16Z] [SECTION] ============================================================
[2026-05-01T16:35:16Z] [INFO] 🔬 PHASE: DOMAIN CORRELATION ANALYSIS
[2026-05-01T16:35:16Z] [INFO] 📊 Domain correlation matrices created: 2
[2026-05-01T16:35:16Z] [SECTION] ============================================================
[2026-05-01T16:35:16Z] [INFO] 🖼️  PHASE: IMAGE-SEED ANALYSIS
[2026-05-01T16:35:16Z] [INFO] 📂 Image seed analysis bootstrapping from 0 images...
[2026-05-01T16:35:16Z] [SECTION] ============================================================
[2026-05-01T16:35:16Z] [INFO] 📤 PHASE: PUSH COMPONENTS TO TOLARIA
[2026-05-01T16:35:17Z] [INFO] 📦 Components pushed to Tolaria: 5
[2026-05-01T16:35:17Z] [SECTION] ============================================================
[2026-05-01T16:35:17Z] [INFO] 🧩 PHASE: COMPOSER - DOMAIN INTEGRATION SYNTHESIS
[2026-05-01T16:35:33Z] [INFO] 🎨 Domain integrations synthesized: 0
[2026-05-01T16:35:33Z] [SECTION] ============================================================
[2026-05-01T16:35:33Z] [INFO] 🚀 PHASE: ADVANCED OVERNIGHT LOOP
[2026-05-01T16:36:27Z] [INFO] 🔬 Advanced loop completed cycles: 0
[2026-05-01T16:36:27Z] [WARNING] ⚠️  Git commit skipped or failed (git not initialized?): Command '['git', '-C', '/home/avalonas/.hermes/gematria/unified_overnight_research', 'commit', '-m', '[2026-05-01T16:36:27Z] Cycle 81: Cycle 82: Web research + hidden layering detection']' returned non-zero exit status 1.
[2026-05-01T16:36:27Z] [INFO] 
📊 CYCLE #82 SUMMARY
[2026-05-01T16:36:27Z] [INFO] ✅ Successful tasks: 7/7
[2026-05-01T16:36:27Z] [INFO] ⏱️  Cycle duration: 71.72s
[2026-05-01T16:36:27Z] [INFO]    ⚠️ task: result
[2026-05-01T16:36:27Z] [INFO]    ⚠️ task: result
[2026-05-01T16:36:27Z] [INFO]    ⚠️ task: result
[2026-05-01T16:36:27Z] [INFO]    ⚠️ task: result
[2026-05-01T16:36:27Z] [INFO]    ⚠️ task: result
[2026-05-01T16:36:27Z] [INFO]    ⚠️ task: result
[2026-05-01T16:36:27Z] [INFO]    ⚠️ task: result
[2026-05-01T16:36:27Z] [HEADER] ================================================================================
[2026-05-01T16:36:27Z] [INFO] 🔄 OVERNIGHT RESEARCH PIPELINE - CYCLE #83
[2026-05-01T16:36:27Z] [INFO] ================================================================================
[2026-05-01T16:36:27Z] [HEADER] ============================================================
[2026-05-01T16:36:27Z] [INFO] 🌙 STARTING OVERNIGHT RESEARCH CYCLE #83
[2026-05-01T16:36:27Z] [INFO] 🔍 Running overnight research protocol (web scraping + cross-symbol analysis)...
[2026-05-01T16:36:27Z] [INFO] 📊 Cycle duration: 0.16s, Files generated: 1
[2026-05-01T16:36:27Z] [WARNING] ⚠️ Database not initialized for cycle counting
[2026-05-01T16:36:27Z] [INFO] 💾 Database updated with cycle results
[2026-05-01T16:36:27Z] [SECTION] ============================================================
[2026-05-01T16:36:27Z] [INFO] 🔮 PHASE: HIDDEN LAYERING DETECTION
[2026-05-01T16:36:27Z] [INFO] 🔗 Hidden layering detection complete. Connections identified: 2
[2026-05-01T16:36:27Z] [SECTION] ============================================================
[2026-05-01T16:36:27Z] [INFO] 🔬 PHASE: DOMAIN CORRELATION ANALYSIS
[2026-05-01T16:36:27Z] [INFO] 📊 Domain correlation matrices created: 2
[2026-05-01T16:36:27Z] [SECTION] ============================================================
[2026-05-01T16:36:27Z] [INFO] 🖼️  PHASE: IMAGE-SEED ANALYSIS
[2026-05-01T16:36:27Z] [INFO] 📂 Image seed analysis bootstrapping from 0 images...
[2026-05-01T16:36:27Z] [SECTION] ============================================================
[2026-05-01T16:36:27Z] [INFO] 📤 PHASE: PUSH COMPONENTS TO TOLARIA
[2026-05-01T16:36:28Z] [INFO] 📦 Components pushed to Tolaria: 5
[2026-05-01T16:36:28Z] [SECTION] ============================================================
[2026-05-01T16:36:28Z] [INFO] 🧩 PHASE: COMPOSER - DOMAIN INTEGRATION SYNTHESIS
[2026-05-01T16:36:46Z] [INFO] 🎨 Domain integrations synthesized: 0
[2026-05-01T16:36:46Z] [SECTION] ============================================================
[2026-05-01T16:36:46Z] [INFO] 🚀 PHASE: ADVANCED OVERNIGHT LOOP
[2026-05-01T16:37:42Z] [INFO] 🔬 Advanced loop completed cycles: 0
[2026-05-01T16:37:42Z] [WARNING] ⚠️  Git commit skipped or failed (git not initialized?): Command '['git', '-C', '/home/avalonas/.hermes/gematria/unified_overnight_research', 'add', '.']' returned non-zero exit status 128.
[2026-05-01T16:37:42Z] [INFO] 
📊 CYCLE #83 SUMMARY
[2026-05-01T16:37:42Z] [INFO] ✅ Successful tasks: 7/7
[2026-05-01T16:37:42Z] [INFO] ⏱️  Cycle duration: 74.64s
[2026-05-01T16:37:42Z] [INFO]    ⚠️ task: result
[2026-05-01T16:37:42Z] [INFO]    ⚠️ task: result
[2026-05-01T16:37:42Z] [INFO]    ⚠️ task: result
[2026-05-01T16:37:42Z] [INFO]    ⚠️ task: result
[2026-05-01T16:37:42Z] [INFO]    ⚠️ task: result
[2026-05-01T16:37:42Z] [INFO]    ⚠️ task: result
[2026-05-01T16:37:42Z] [INFO]    ⚠️ task: result
[2026-05-01T16:37:42Z] [HEADER] ================================================================================
[2026-05-01T16:37:42Z] [INFO] 🔄 OVERNIGHT RESEARCH PIPELINE - CYCLE #84
[2026-05-01T16:37:42Z] [INFO] ================================================================================
[2026-05-01T16:37:42Z] [HEADER] ============================================================
[2026-05-01T16:37:42Z] [INFO] 🌙 STARTING OVERNIGHT RESEARCH CYCLE #84
[2026-05-01T16:37:42Z] [INFO] 🔍 Running overnight research protocol (web scraping + cross-symbol analysis)...
[2026-05-01T16:37:42Z] [INFO] 📊 Cycle duration: 0.26s, Files generated: 1
[2026-05-01T16:37:42Z] [WARNING] ⚠️ Database not initialized for cycle counting
[2026-05-01T16:37:42Z] [INFO] 💾 Database updated with cycle results
[2026-05-01T16:37:42Z] [SECTION] ============================================================
[2026-05-01T16:37:42Z] [INFO] 🔮 PHASE: HIDDEN LAYERING DETECTION
[2026-05-01T16:37:42Z] [INFO] 🔗 Hidden layering detection complete. Connections identified: 2
[2026-05-01T16:37:42Z] [SECTION] ============================================================
[2026-05-01T16:37:42Z] [INFO] 🔬 PHASE: DOMAIN CORRELATION ANALYSIS
[2026-05-01T16:37:42Z] [INFO] 📊 Domain correlation matrices created: 2
[2026-05-01T16:37:42Z] [SECTION] ============================================================
[2026-05-01T16:37:42Z] [INFO] 🖼️  PHASE: IMAGE-SEED ANALYSIS
[2026-05-01T16:37:42Z] [INFO] 📂 Image seed analysis bootstrapping from 0 images...
[2026-05-01T16:37:42Z] [SECTION] ============================================================
[2026-05-01T16:37:42Z] [INFO] 📤 PHASE: PUSH COMPONENTS TO TOLARIA
[2026-05-01T16:37:43Z] [INFO] 📦 Components pushed to Tolaria: 5
[2026-05-01T16:37:43Z] [SECTION] ============================================================
[2026-05-01T16:37:43Z] [INFO] 🧩 PHASE: COMPOSER - DOMAIN INTEGRATION SYNTHESIS
[2026-05-01T16:38:02Z] [INFO] 🎨 Domain integrations synthesized: 0
[2026-05-01T16:38:02Z] [SECTION] ============================================================
[2026-05-01T16:38:02Z] [INFO] 🚀 PHASE: ADVANCED OVERNIGHT LOOP
[2026-05-01T16:38:53Z] [INFO] 🔬 Advanced loop completed cycles: 0
[2026-05-01T16:38:53Z] [WARNING] ⚠️  Git commit skipped or failed (git not initialized?): Command '['git', '-C', '/home/avalonas/.hermes/gematria/unified_overnight_research', 'add', '.']' returned non-zero exit status 128.
[2026-05-01T16:38:53Z] [INFO] 
📊 CYCLE #84 SUMMARY
[2026-05-01T16:38:53Z] [INFO] ✅ Successful tasks: 7/7
[2026-05-01T16:38:53Z] [INFO] ⏱️  Cycle duration: 71.73s
[2026-05-01T16:38:53Z] [INFO]    ⚠️ task: result
[2026-05-01T16:38:53Z] [INFO]    ⚠️ task: result
[2026-05-01T16:38:53Z] [INFO]    ⚠️ task: result
[2026-05-01T16:38:53Z] [INFO]    ⚠️ task: result
[2026-05-01T16:38:53Z] [INFO]    ⚠️ task: result
[2026-05-01T16:38:53Z] [INFO]    ⚠️ task: result
[2026-05-01T16:38:53Z] [INFO]    ⚠️ task: result
[2026-05-01T16:38:53Z] [HEADER] ================================================================================
[2026-05-01T16:38:53Z] [INFO] 🔄 OVERNIGHT RESEARCH PIPELINE - CYCLE #85
[2026-05-01T16:38:53Z] [INFO] ================================================================================
[2026-05-01T16:38:53Z] [HEADER] ============================================================
[2026-05-01T16:38:53Z] [INFO] 🌙 STARTING OVERNIGHT RESEARCH CYCLE #85
[2026-05-01T16:38:53Z] [INFO] 🔍 Running overnight research protocol (web scraping + cross-symbol analysis)...
[2026-05-01T16:38:54Z] [INFO] 📊 Cycle duration: 0.15s, Files generated: 1
[2026-05-01T16:38:54Z] [WARNING] ⚠️ Database not initialized for cycle counting
[2026-05-01T16:38:54Z] [INFO] 💾 Database updated with cycle results
[2026-05-01T16:38:54Z] [SECTION] ============================================================
[2026-05-01T16:38:54Z] [INFO] 🔮 PHASE: HIDDEN LAYERING DETECTION
[2026-05-01T16:38:54Z] [INFO] 🔗 Hidden layering detection complete. Connections identified: 2
[2026-05-01T16:38:54Z] [SECTION] ============================================================
[2026-05-01T16:38:54Z] [INFO] 🔬 PHASE: DOMAIN CORRELATION ANALYSIS
[2026-05-01T16:38:54Z] [INFO] 📊 Domain correlation matrices created: 2
[2026-05-01T16:38:54Z] [SECTION] ============================================================
[2026-05-01T16:38:54Z] [INFO] 🖼️  PHASE: IMAGE-SEED ANALYSIS
[2026-05-01T16:38:54Z] [INFO] 📂 Image seed analysis bootstrapping from 0 images...
[2026-05-01T16:38:54Z] [SECTION] ============================================================
[2026-05-01T16:38:54Z] [INFO] 📤 PHASE: PUSH COMPONENTS TO TOLARIA
[2026-05-01T16:38:55Z] [INFO] 📦 Components pushed to Tolaria: 5
[2026-05-01T16:38:55Z] [SECTION] ============================================================
[2026-05-01T16:38:55Z] [INFO] 🧩 PHASE: COMPOSER - DOMAIN INTEGRATION SYNTHESIS
[2026-05-01T16:39:13Z] [INFO] 🎨 Domain integrations synthesized: 0
[2026-05-01T16:39:13Z] [SECTION] ============================================================
[2026-05-01T16:39:13Z] [INFO] 🚀 PHASE: ADVANCED OVERNIGHT LOOP
[2026-05-01T16:40:05Z] [INFO] 🔬 Advanced loop completed cycles: 0
[2026-05-01T16:40:06Z] [WARNING] ⚠️  Git commit skipped or failed (git not initialized?): Command '['git', '-C', '/home/avalonas/.hermes/gematria/unified_overnight_research', 'commit', '-m', '[2026-05-01T16:40:06Z] Cycle 84: Cycle 85: Web research + hidden layering detection']' returned non-zero exit status 128.
[2026-05-01T16:40:06Z] [INFO] 
📊 CYCLE #85 SUMMARY
[2026-05-01T16:40:06Z] [INFO] ✅ Successful tasks: 7/7
[2026-05-01T16:40:06Z] [INFO] ⏱️  Cycle duration: 72.18s
[2026-05-01T16:40:06Z] [INFO]    ⚠️ task: result
[2026-05-01T16:40:06Z] [INFO]    ⚠️ task: result
[2026-05-01T16:40:06Z] [INFO]    ⚠️ task: result
[2026-05-01T16:40:06Z] [INFO]    ⚠️ task: result
[2026-05-01T16:40:06Z] [INFO]    ⚠️ task: result
[2026-05-01T16:40:06Z] [INFO]    ⚠️ task: result
[2026-05-01T16:40:06Z] [INFO]    ⚠️ task: result
[2026-05-01T16:40:06Z] [HEADER] ================================================================================
[2026-05-01T16:40:06Z] [INFO] 🔄 OVERNIGHT RESEARCH PIPELINE - CYCLE #86
[2026-05-01T16:40:06Z] [INFO] ================================================================================
[2026-05-01T16:40:06Z] [HEADER] ============================================================
[2026-05-01T16:40:06Z] [INFO] 🌙 STARTING OVERNIGHT RESEARCH CYCLE #86
[2026-05-01T16:40:06Z] [INFO] 🔍 Running overnight research protocol (web scraping + cross-symbol analysis)...
[2026-05-01T16:40:06Z] [INFO] 📊 Cycle duration: 0.27s, Files generated: 1
[2026-05-01T16:40:06Z] [WARNING] ⚠️ Database not initialized for cycle counting
[2026-05-01T16:40:06Z] [INFO] 💾 Database updated with cycle results
[2026-05-01T16:40:06Z] [SECTION] ============================================================
[2026-05-01T16:40:06Z] [INFO] 🔮 PHASE: HIDDEN LAYERING DETECTION
[2026-05-01T16:40:06Z] [INFO] 🔗 Hidden layering detection complete. Connections identified: 2
[2026-05-01T16:40:06Z] [SECTION] ============================================================
[2026-05-01T16:40:06Z] [INFO] 🔬 PHASE: DOMAIN CORRELATION ANALYSIS
[2026-05-01T16:40:06Z] [INFO] 📊 Domain correlation matrices created: 2
[2026-05-01T16:40:06Z] [SECTION] ============================================================
[2026-05-01T16:40:06Z] [INFO] 🖼️  PHASE: IMAGE-SEED ANALYSIS
[2026-05-01T16:40:06Z] [INFO] 📂 Image seed analysis bootstrapping from 0 images...
[2026-05-01T16:40:06Z] [SECTION] ============================================================
[2026-05-01T16:40:06Z] [INFO] 📤 PHASE: PUSH COMPONENTS TO TOLARIA
[2026-05-01T16:40:07Z] [INFO] 📦 Components pushed to Tolaria: 5
[2026-05-01T16:40:07Z] [SECTION] ============================================================
[2026-05-01T16:40:07Z] [INFO] 🧩 PHASE: COMPOSER - DOMAIN INTEGRATION SYNTHESIS
[2026-05-01T16:40:21Z] [INFO] 🎨 Domain integrations synthesized: 0
[2026-05-01T16:40:21Z] [SECTION] ============================================================
[2026-05-01T16:40:21Z] [INFO] 🚀 PHASE: ADVANCED OVERNIGHT LOOP
[2026-05-01T16:41:09Z] [INFO] 🔬 Advanced loop completed cycles: 0
[2026-05-01T16:41:09Z] [WARNING] ⚠️  Git commit skipped or failed (git not initialized?): Command '['git', '-C', '/home/avalonas/.hermes/gematria/unified_overnight_research', 'commit', '-m', '[2026-05-01T16:41:09Z] Cycle 85: Cycle 86: Web research + hidden layering detection']' returned non-zero exit status 1.
[2026-05-01T16:41:09Z] [INFO] 
📊 CYCLE #86 SUMMARY
[2026-05-01T16:41:09Z] [INFO] ✅ Successful tasks: 7/7
[2026-05-01T16:41:09Z] [INFO] ⏱️  Cycle duration: 63.12s
[2026-05-01T16:41:09Z] [INFO]    ⚠️ task: result
[2026-05-01T16:41:09Z] [INFO]    ⚠️ task: result
[2026-05-01T16:41:09Z] [INFO]    ⚠️ task: result
[2026-05-01T16:41:09Z] [INFO]    ⚠️ task: result
[2026-05-01T16:41:09Z] [INFO]    ⚠️ task: result
[2026-05-01T16:41:09Z] [INFO]    ⚠️ task: result
[2026-05-01T16:41:09Z] [INFO]    ⚠️ task: result
[2026-05-01T16:41:09Z] [HEADER] ================================================================================
[2026-05-01T16:41:09Z] [INFO] 🔄 OVERNIGHT RESEARCH PIPELINE - CYCLE #87
[2026-05-01T16:41:09Z] [INFO] ================================================================================
[2026-05-01T16:41:09Z] [HEADER] ============================================================
[2026-05-01T16:41:09Z] [INFO] 🌙 STARTING OVERNIGHT RESEARCH CYCLE #87
[2026-05-01T16:41:09Z] [INFO] 🔍 Running overnight research protocol (web scraping + cross-symbol analysis)...
[2026-05-01T16:41:09Z] [INFO] 📊 Cycle duration: 0.30s, Files generated: 1
[2026-05-01T16:41:09Z] [WARNING] ⚠️ Database not initialized for cycle counting
[2026-05-01T16:41:09Z] [INFO] 💾 Database updated with cycle results
[2026-05-01T16:41:09Z] [SECTION] ============================================================
[2026-05-01T16:41:09Z] [INFO] 🔮 PHASE: HIDDEN LAYERING DETECTION
[2026-05-01T16:41:09Z] [INFO] 🔗 Hidden layering detection complete. Connections identified: 2
[2026-05-01T16:41:09Z] [SECTION] ============================================================
[2026-05-01T16:41:09Z] [INFO] 🔬 PHASE: DOMAIN CORRELATION ANALYSIS
[2026-05-01T16:41:09Z] [INFO] 📊 Domain correlation matrices created: 2
[2026-05-01T16:41:09Z] [SECTION] ============================================================
[2026-05-01T16:41:09Z] [INFO] 🖼️  PHASE: IMAGE-SEED ANALYSIS
[2026-05-01T16:41:09Z] [INFO] 📂 Image seed analysis bootstrapping from 0 images...
[2026-05-01T16:41:09Z] [SECTION] ============================================================
[2026-05-01T16:41:09Z] [INFO] 📤 PHASE: PUSH COMPONENTS TO TOLARIA
[2026-05-01T16:41:10Z] [INFO] 📦 Components pushed to Tolaria: 5
[2026-05-01T16:41:10Z] [SECTION] ============================================================
[2026-05-01T16:41:10Z] [INFO] 🧩 PHASE: COMPOSER - DOMAIN INTEGRATION SYNTHESIS
[2026-05-01T16:41:30Z] [INFO] 🎨 Domain integrations synthesized: 0
[2026-05-01T16:41:30Z] [SECTION] ============================================================
[2026-05-01T16:41:30Z] [INFO] 🚀 PHASE: ADVANCED OVERNIGHT LOOP
[2026-05-01T16:42:16Z] [INFO] 🔬 Advanced loop completed cycles: 0
[2026-05-01T16:42:16Z] [WARNING] ⚠️  Git commit skipped or failed (git not initialized?): Command '['git', '-C', '/home/avalonas/.hermes/gematria/unified_overnight_research', 'add', '.']' returned non-zero exit status 128.
[2026-05-01T16:42:16Z] [INFO] 
📊 CYCLE #87 SUMMARY
[2026-05-01T16:42:16Z] [INFO] ✅ Successful tasks: 7/7
[2026-05-01T16:42:16Z] [INFO] ⏱️  Cycle duration: 67.68s
[2026-05-01T16:42:16Z] [INFO]    ⚠️ task: result
[2026-05-01T16:42:16Z] [INFO]    ⚠️ task: result
[2026-05-01T16:42:16Z] [INFO]    ⚠️ task: result
[2026-05-01T16:42:16Z] [INFO]    ⚠️ task: result
[2026-05-01T16:42:16Z] [INFO]    ⚠️ task: result
[2026-05-01T16:42:16Z] [INFO]    ⚠️ task: result
[2026-05-01T16:42:16Z] [INFO]    ⚠️ task: result
[2026-05-01T16:42:16Z] [HEADER] ================================================================================
[2026-05-01T16:42:16Z] [INFO] 🔄 OVERNIGHT RESEARCH PIPELINE - CYCLE #88
[2026-05-01T16:42:16Z] [INFO] ================================================================================
[2026-05-01T16:42:16Z] [HEADER] ============================================================
[2026-05-01T16:42:16Z] [INFO] 🌙 STARTING OVERNIGHT RESEARCH CYCLE #88
[2026-05-01T16:42:16Z] [INFO] 🔍 Running overnight research protocol (web scraping + cross-symbol analysis)...
[2026-05-01T16:42:17Z] [INFO] 📊 Cycle duration: 0.15s, Files generated: 1
[2026-05-01T16:42:17Z] [WARNING] ⚠️ Database not initialized for cycle counting
[2026-05-01T16:42:17Z] [INFO] 💾 Database updated with cycle results
[2026-05-01T16:42:17Z] [SECTION] ============================================================
[2026-05-01T16:42:17Z] [INFO] 🔮 PHASE: HIDDEN LAYERING DETECTION
[2026-05-01T16:42:17Z] [INFO] 🔗 Hidden layering detection complete. Connections identified: 2
[2026-05-01T16:42:17Z] [SECTION] ============================================================
[2026-05-01T16:42:17Z] [INFO] 🔬 PHASE: DOMAIN CORRELATION ANALYSIS
[2026-05-01T16:42:17Z] [INFO] 📊 Domain correlation matrices created: 2
[2026-05-01T16:42:17Z] [SECTION] ============================================================
[2026-05-01T16:42:17Z] [INFO] 🖼️  PHASE: IMAGE-SEED ANALYSIS
[2026-05-01T16:42:17Z] [INFO] 📂 Image seed analysis bootstrapping from 0 images...
[2026-05-01T16:42:17Z] [SECTION] ============================================================
[2026-05-01T16:42:17Z] [INFO] 📤 PHASE: PUSH COMPONENTS TO TOLARIA
[2026-05-01T16:42:18Z] [INFO] 📦 Components pushed to Tolaria: 5
[2026-05-01T16:42:18Z] [SECTION] ============================================================
[2026-05-01T16:42:18Z] [INFO] 🧩 PHASE: COMPOSER - DOMAIN INTEGRATION SYNTHESIS
[2026-05-01T16:42:37Z] [INFO] 🎨 Domain integrations synthesized: 0
[2026-05-01T16:42:37Z] [SECTION] ============================================================
[2026-05-01T16:42:37Z] [INFO] 🚀 PHASE: ADVANCED OVERNIGHT LOOP
[2026-05-01T16:43:32Z] [INFO] 🔬 Advanced loop completed cycles: 0
[2026-05-01T16:43:32Z] [WARNING] ⚠️  Git commit skipped or failed (git not initialized?): Command '['git', '-C', '/home/avalonas/.hermes/gematria/unified_overnight_research', 'commit', '-m', '[2026-05-01T16:43:32Z] Cycle 87: Cycle 88: Web research + hidden layering detection']' returned non-zero exit status 1.
[2026-05-01T16:43:32Z] [INFO] 
📊 CYCLE #88 SUMMARY
[2026-05-01T16:43:32Z] [INFO] ✅ Successful tasks: 7/7
[2026-05-01T16:43:32Z] [INFO] ⏱️  Cycle duration: 76.00s
[2026-05-01T16:43:32Z] [INFO]    ⚠️ task: result
[2026-05-01T16:43:32Z] [INFO]    ⚠️ task: result
[2026-05-01T16:43:32Z] [INFO]    ⚠️ task: result
[2026-05-01T16:43:32Z] [INFO]    ⚠️ task: result
[2026-05-01T16:43:32Z] [INFO]    ⚠️ task: result
[2026-05-01T16:43:32Z] [INFO]    ⚠️ task: result
[2026-05-01T16:43:32Z] [INFO]    ⚠️ task: result
[2026-05-01T16:43:32Z] [HEADER] ================================================================================
[2026-05-01T16:43:32Z] [INFO] 🔄 OVERNIGHT RESEARCH PIPELINE - CYCLE #89
[2026-05-01T16:43:32Z] [INFO] ================================================================================
[2026-05-01T16:43:32Z] [HEADER] ============================================================
[2026-05-01T16:43:32Z] [INFO] 🌙 STARTING OVERNIGHT RESEARCH CYCLE #89
[2026-05-01T16:43:32Z] [INFO] 🔍 Running overnight research protocol (web scraping + cross-symbol analysis)...
[2026-05-01T16:43:33Z] [INFO] 📊 Cycle duration: 0.19s, Files generated: 1
[2026-05-01T16:43:33Z] [WARNING] ⚠️ Database not initialized for cycle counting
[2026-05-01T16:43:33Z] [INFO] 💾 Database updated with cycle results
[2026-05-01T16:43:33Z] [SECTION] ============================================================
[2026-05-01T16:43:33Z] [INFO] 🔮 PHASE: HIDDEN LAYERING DETECTION
[2026-05-01T16:43:33Z] [INFO] 🔗 Hidden layering detection complete. Connections identified: 2
[2026-05-01T16:43:33Z] [SECTION] ============================================================
[2026-05-01T16:43:33Z] [INFO] 🔬 PHASE: DOMAIN CORRELATION ANALYSIS
[2026-05-01T16:43:33Z] [INFO] 📊 Domain correlation matrices created: 2
[2026-05-01T16:43:33Z] [SECTION] ============================================================
[2026-05-01T16:43:33Z] [INFO] 🖼️  PHASE: IMAGE-SEED ANALYSIS
[2026-05-01T16:43:33Z] [INFO] 📂 Image seed analysis bootstrapping from 0 images...
[2026-05-01T16:43:33Z] [SECTION] ============================================================
[2026-05-01T16:43:33Z] [INFO] 📤 PHASE: PUSH COMPONENTS TO TOLARIA
[2026-05-01T16:43:34Z] [INFO] 📦 Components pushed to Tolaria: 5
[2026-05-01T16:43:34Z] [SECTION] ============================================================
[2026-05-01T16:43:34Z] [INFO] 🧩 PHASE: COMPOSER - DOMAIN INTEGRATION SYNTHESIS
[2026-05-01T16:43:53Z] [INFO] 🎨 Domain integrations synthesized: 0
[2026-05-01T16:43:53Z] [SECTION] ============================================================
[2026-05-01T16:43:53Z] [INFO] 🚀 PHASE: ADVANCED OVERNIGHT LOOP
[2026-05-01T16:44:46Z] [INFO] 🔬 Advanced loop completed cycles: 0
[2026-05-01T16:44:46Z] [WARNING] ⚠️  Git commit skipped or failed (git not initialized?): Command '['git', '-C', '/home/avalonas/.hermes/gematria/unified_overnight_research', 'add', '.']' returned non-zero exit status 128.
[2026-05-01T16:44:46Z] [INFO] 
📊 CYCLE #89 SUMMARY
[2026-05-01T16:44:46Z] [INFO] ✅ Successful tasks: 7/7
[2026-05-01T16:44:46Z] [INFO] ⏱️  Cycle duration: 73.77s
[2026-05-01T16:44:46Z] [INFO]    ⚠️ task: result
[2026-05-01T16:44:46Z] [INFO]    ⚠️ task: result
[2026-05-01T16:44:46Z] [INFO]    ⚠️ task: result
[2026-05-01T16:44:46Z] [INFO]    ⚠️ task: result
[2026-05-01T16:44:46Z] [INFO]    ⚠️ task: result
[2026-05-01T16:44:46Z] [INFO]    ⚠️ task: result
[2026-05-01T16:44:46Z] [INFO]    ⚠️ task: result
[2026-05-01T16:44:46Z] [HEADER] ================================================================================
[2026-05-01T16:44:46Z] [INFO] 🔄 OVERNIGHT RESEARCH PIPELINE - CYCLE #90
[2026-05-01T16:44:46Z] [INFO] ================================================================================
[2026-05-01T16:44:46Z] [HEADER] ============================================================
[2026-05-01T16:44:46Z] [INFO] 🌙 STARTING OVERNIGHT RESEARCH CYCLE #90
[2026-05-01T16:44:46Z] [INFO] 🔍 Running overnight research protocol (web scraping + cross-symbol analysis)...
[2026-05-01T16:44:46Z] [INFO] 📊 Cycle duration: 0.23s, Files generated: 1
[2026-05-01T16:44:46Z] [WARNING] ⚠️ Database not initialized for cycle counting
[2026-05-01T16:44:46Z] [INFO] 💾 Database updated with cycle results
[2026-05-01T16:44:46Z] [SECTION] ============================================================
[2026-05-01T16:44:46Z] [INFO] 🔮 PHASE: HIDDEN LAYERING DETECTION
[2026-05-01T16:44:47Z] [INFO] 🔗 Hidden layering detection complete. Connections identified: 2
[2026-05-01T16:44:47Z] [SECTION] ============================================================
[2026-05-01T16:44:47Z] [INFO] 🔬 PHASE: DOMAIN CORRELATION ANALYSIS
[2026-05-01T16:44:47Z] [INFO] 📊 Domain correlation matrices created: 2
[2026-05-01T16:44:47Z] [SECTION] ============================================================
[2026-05-01T16:44:47Z] [INFO] 🖼️  PHASE: IMAGE-SEED ANALYSIS
[2026-05-01T16:44:47Z] [INFO] 📂 Image seed analysis bootstrapping from 0 images...
[2026-05-01T16:44:47Z] [SECTION] ============================================================
[2026-05-01T16:44:47Z] [INFO] 📤 PHASE: PUSH COMPONENTS TO TOLARIA
[2026-05-01T16:44:48Z] [INFO] 📦 Components pushed to Tolaria: 5
[2026-05-01T16:44:48Z] [SECTION] ============================================================
[2026-05-01T16:44:48Z] [INFO] 🧩 PHASE: COMPOSER - DOMAIN INTEGRATION SYNTHESIS
[2026-05-01T16:45:05Z] [INFO] 🎨 Domain integrations synthesized: 0
[2026-05-01T16:45:05Z] [SECTION] ============================================================
[2026-05-01T16:45:05Z] [INFO] 🚀 PHASE: ADVANCED OVERNIGHT LOOP
[2026-05-01T16:45:52Z] [INFO] 🔬 Advanced loop completed cycles: 0
[2026-05-01T16:45:52Z] [WARNING] ⚠️  Git commit skipped or failed (git not initialized?): Command '['git', '-C', '/home/avalonas/.hermes/gematria/unified_overnight_research', 'commit', '-m', '[2026-05-01T16:45:52Z] Cycle 89: Cycle 90: Web research + hidden layering detection']' returned non-zero exit status 1.
[2026-05-01T16:45:52Z] [INFO] 
📊 CYCLE #90 SUMMARY
[2026-05-01T16:45:52Z] [INFO] ✅ Successful tasks: 7/7
[2026-05-01T16:45:52Z] [INFO] ⏱️  Cycle duration: 66.11s
[2026-05-01T16:45:52Z] [INFO]    ⚠️ task: result
[2026-05-01T16:45:52Z] [INFO]    ⚠️ task: result
[2026-05-01T16:45:52Z] [INFO]    ⚠️ task: result
[2026-05-01T16:45:52Z] [INFO]    ⚠️ task: result
[2026-05-01T16:45:52Z] [INFO]    ⚠️ task: result
[2026-05-01T16:45:52Z] [INFO]    ⚠️ task: result
[2026-05-01T16:45:52Z] [INFO]    ⚠️ task: result
[2026-05-01T16:45:52Z] [HEADER] ================================================================================
[2026-05-01T16:45:52Z] [INFO] 🔄 OVERNIGHT RESEARCH PIPELINE - CYCLE #91
[2026-05-01T16:45:52Z] [INFO] ================================================================================
[2026-05-01T16:45:52Z] [HEADER] ============================================================
[2026-05-01T16:45:52Z] [INFO] 🌙 STARTING OVERNIGHT RESEARCH CYCLE #91
[2026-05-01T16:45:52Z] [INFO] 🔍 Running overnight research protocol (web scraping + cross-symbol analysis)...
[2026-05-01T16:45:53Z] [INFO] 📊 Cycle duration: 0.24s, Files generated: 1
[2026-05-01T16:45:53Z] [WARNING] ⚠️ Database not initialized for cycle counting
[2026-05-01T16:45:53Z] [INFO] 💾 Database updated with cycle results
[2026-05-01T16:45:53Z] [SECTION] ============================================================
[2026-05-01T16:45:53Z] [INFO] 🔮 PHASE: HIDDEN LAYERING DETECTION
[2026-05-01T16:45:53Z] [INFO] 🔗 Hidden layering detection complete. Connections identified: 2
[2026-05-01T16:45:53Z] [SECTION] ============================================================
[2026-05-01T16:45:53Z] [INFO] 🔬 PHASE: DOMAIN CORRELATION ANALYSIS
[2026-05-01T16:45:53Z] [INFO] 📊 Domain correlation matrices created: 2
[2026-05-01T16:45:53Z] [SECTION] ============================================================
[2026-05-01T16:45:53Z] [INFO] 🖼️  PHASE: IMAGE-SEED ANALYSIS
[2026-05-01T16:45:53Z] [INFO] 📂 Image seed analysis bootstrapping from 0 images...
[2026-05-01T16:45:53Z] [SECTION] ============================================================
[2026-05-01T16:45:53Z] [INFO] 📤 PHASE: PUSH COMPONENTS TO TOLARIA
[2026-05-01T16:45:54Z] [INFO] 📦 Components pushed to Tolaria: 5
[2026-05-01T16:45:54Z] [SECTION] ============================================================
[2026-05-01T16:45:54Z] [INFO] 🧩 PHASE: COMPOSER - DOMAIN INTEGRATION SYNTHESIS
[2026-05-01T16:46:14Z] [INFO] 🎨 Domain integrations synthesized: 0
[2026-05-01T16:46:14Z] [SECTION] ============================================================
[2026-05-01T16:46:14Z] [INFO] 🚀 PHASE: ADVANCED OVERNIGHT LOOP
[2026-05-01T16:47:06Z] [INFO] 🔬 Advanced loop completed cycles: 0
[2026-05-01T16:47:06Z] [WARNING] ⚠️  Git commit skipped or failed (git not initialized?): Command '['git', '-C', '/home/avalonas/.hermes/gematria/unified_overnight_research', 'add', '.']' returned non-zero exit status 128.
[2026-05-01T16:47:06Z] [INFO] 
📊 CYCLE #91 SUMMARY
[2026-05-01T16:47:06Z] [INFO] ✅ Successful tasks: 7/7
[2026-05-01T16:47:06Z] [INFO] ⏱️  Cycle duration: 73.45s
[2026-05-01T16:47:06Z] [INFO]    ⚠️ task: result
[2026-05-01T16:47:06Z] [INFO]    ⚠️ task: result
[2026-05-01T16:47:06Z] [INFO]    ⚠️ task: result
[2026-05-01T16:47:06Z] [INFO]    ⚠️ task: result
[2026-05-01T16:47:06Z] [INFO]    ⚠️ task: result
[2026-05-01T16:47:06Z] [INFO]    ⚠️ task: result
[2026-05-01T16:47:06Z] [INFO]    ⚠️ task: result
[2026-05-01T16:47:06Z] [HEADER] ================================================================================
[2026-05-01T16:47:06Z] [INFO] 🔄 OVERNIGHT RESEARCH PIPELINE - CYCLE #92
[2026-05-01T16:47:06Z] [INFO] ================================================================================
[2026-05-01T16:47:06Z] [HEADER] ============================================================
[2026-05-01T16:47:06Z] [INFO] 🌙 STARTING OVERNIGHT RESEARCH CYCLE #92
[2026-05-01T16:47:06Z] [INFO] 🔍 Running overnight research protocol (web scraping + cross-symbol analysis)...
[2026-05-01T16:47:06Z] [INFO] 📊 Cycle duration: 0.25s, Files generated: 1
[2026-05-01T16:47:06Z] [WARNING] ⚠️ Database not initialized for cycle counting
[2026-05-01T16:47:06Z] [INFO] 💾 Database updated with cycle results
[2026-05-01T16:47:06Z] [SECTION] ============================================================
[2026-05-01T16:47:06Z] [INFO] 🔮 PHASE: HIDDEN LAYERING DETECTION
[2026-05-01T16:47:06Z] [INFO] 🔗 Hidden layering detection complete. Connections identified: 2
[2026-05-01T16:47:06Z] [SECTION] ============================================================
[2026-05-01T16:47:06Z] [INFO] 🔬 PHASE: DOMAIN CORRELATION ANALYSIS
[2026-05-01T16:47:06Z] [INFO] 📊 Domain correlation matrices created: 2
[2026-05-01T16:47:06Z] [SECTION] ============================================================
[2026-05-01T16:47:06Z] [INFO] 🖼️  PHASE: IMAGE-SEED ANALYSIS
[2026-05-01T16:47:06Z] [INFO] 📂 Image seed analysis bootstrapping from 0 images...
[2026-05-01T16:47:06Z] [SECTION] ============================================================
[2026-05-01T16:47:06Z] [INFO] 📤 PHASE: PUSH COMPONENTS TO TOLARIA
[2026-05-01T16:47:07Z] [INFO] 📦 Components pushed to Tolaria: 5
[2026-05-01T16:47:07Z] [SECTION] ============================================================
[2026-05-01T16:47:07Z] [INFO] 🧩 PHASE: COMPOSER - DOMAIN INTEGRATION SYNTHESIS
[2026-05-01T16:47:22Z] [INFO] 🎨 Domain integrations synthesized: 0
[2026-05-01T16:47:22Z] [SECTION] ============================================================
[2026-05-01T16:47:22Z] [INFO] 🚀 PHASE: ADVANCED OVERNIGHT LOOP
[2026-05-01T16:48:19Z] [INFO] 🔬 Advanced loop completed cycles: 0
[2026-05-01T16:48:20Z] [WARNING] ⚠️  Git commit skipped or failed (git not initialized?): Command '['git', '-C', '/home/avalonas/.hermes/gematria/unified_overnight_research', 'commit', '-m', '[2026-05-01T16:48:19Z] Cycle 91: Cycle 92: Web research + hidden layering detection']' returned non-zero exit status 1.
[2026-05-01T16:48:20Z] [INFO] 
📊 CYCLE #92 SUMMARY
[2026-05-01T16:48:20Z] [INFO] ✅ Successful tasks: 7/7
[2026-05-01T16:48:20Z] [INFO] ⏱️  Cycle duration: 73.73s
[2026-05-01T16:48:20Z] [INFO]    ⚠️ task: result
[2026-05-01T16:48:20Z] [INFO]    ⚠️ task: result
[2026-05-01T16:48:20Z] [INFO]    ⚠️ task: result
[2026-05-01T16:48:20Z] [INFO]    ⚠️ task: result
[2026-05-01T16:48:20Z] [INFO]    ⚠️ task: result
[2026-05-01T16:48:20Z] [INFO]    ⚠️ task: result
[2026-05-01T16:48:20Z] [INFO]    ⚠️ task: result
[2026-05-01T16:48:20Z] [HEADER] ================================================================================
[2026-05-01T16:48:20Z] [INFO] 🔄 OVERNIGHT RESEARCH PIPELINE - CYCLE #93
[2026-05-01T16:48:20Z] [INFO] ================================================================================
[2026-05-01T16:48:20Z] [HEADER] ============================================================
[2026-05-01T16:48:20Z] [INFO] 🌙 STARTING OVERNIGHT RESEARCH CYCLE #93
[2026-05-01T16:48:20Z] [INFO] 🔍 Running overnight research protocol (web scraping + cross-symbol analysis)...
[2026-05-01T16:48:20Z] [INFO] 📊 Cycle duration: 0.25s, Files generated: 1
[2026-05-01T16:48:20Z] [WARNING] ⚠️ Database not initialized for cycle counting
[2026-05-01T16:48:20Z] [INFO] 💾 Database updated with cycle results
[2026-05-01T16:48:20Z] [SECTION] ============================================================
[2026-05-01T16:48:20Z] [INFO] 🔮 PHASE: HIDDEN LAYERING DETECTION
[2026-05-01T16:48:20Z] [INFO] 🔗 Hidden layering detection complete. Connections identified: 2
[2026-05-01T16:48:20Z] [SECTION] ============================================================
[2026-05-01T16:48:20Z] [INFO] 🔬 PHASE: DOMAIN CORRELATION ANALYSIS
[2026-05-01T16:48:20Z] [INFO] 📊 Domain correlation matrices created: 2
[2026-05-01T16:48:20Z] [SECTION] ============================================================
[2026-05-01T16:48:20Z] [INFO] 🖼️  PHASE: IMAGE-SEED ANALYSIS
[2026-05-01T16:48:20Z] [INFO] 📂 Image seed analysis bootstrapping from 0 images...
[2026-05-01T16:48:20Z] [SECTION] ============================================================
[2026-05-01T16:48:20Z] [INFO] 📤 PHASE: PUSH COMPONENTS TO TOLARIA
[2026-05-01T16:48:21Z] [INFO] 📦 Components pushed to Tolaria: 5
[2026-05-01T16:48:21Z] [SECTION] ============================================================
[2026-05-01T16:48:21Z] [INFO] 🧩 PHASE: COMPOSER - DOMAIN INTEGRATION SYNTHESIS
[2026-05-01T16:48:40Z] [INFO] 🎨 Domain integrations synthesized: 0
[2026-05-01T16:48:40Z] [SECTION] ============================================================
[2026-05-01T16:48:40Z] [INFO] 🚀 PHASE: ADVANCED OVERNIGHT LOOP
[2026-05-01T16:49:28Z] [INFO] 🔬 Advanced loop completed cycles: 0
[2026-05-01T16:49:28Z] [WARNING] ⚠️  Git commit skipped or failed (git not initialized?): Command '['git', '-C', '/home/avalonas/.hermes/gematria/unified_overnight_research', 'add', '.']' returned non-zero exit status 128.
[2026-05-01T16:49:28Z] [INFO] 
📊 CYCLE #93 SUMMARY
[2026-05-01T16:49:28Z] [INFO] ✅ Successful tasks: 7/7
[2026-05-01T16:49:28Z] [INFO] ⏱️  Cycle duration: 68.61s
[2026-05-01T16:49:28Z] [INFO]    ⚠️ task: result
[2026-05-01T16:49:28Z] [INFO]    ⚠️ task: result
[2026-05-01T16:49:28Z] [INFO]    ⚠️ task: result
[2026-05-01T16:49:28Z] [INFO]    ⚠️ task: result
[2026-05-01T16:49:28Z] [INFO]    ⚠️ task: result
[2026-05-01T16:49:28Z] [INFO]    ⚠️ task: result
[2026-05-01T16:49:28Z] [INFO]    ⚠️ task: result
[2026-05-01T16:49:28Z] [HEADER] ================================================================================
[2026-05-01T16:49:28Z] [INFO] 🔄 OVERNIGHT RESEARCH PIPELINE - CYCLE #94
[2026-05-01T16:49:28Z] [INFO] ================================================================================
[2026-05-01T16:49:28Z] [HEADER] ============================================================
[2026-05-01T16:49:28Z] [INFO] 🌙 STARTING OVERNIGHT RESEARCH CYCLE #94
[2026-05-01T16:49:28Z] [INFO] 🔍 Running overnight research protocol (web scraping + cross-symbol analysis)...
[2026-05-01T16:49:28Z] [INFO] 📊 Cycle duration: 0.30s, Files generated: 1
[2026-05-01T16:49:28Z] [WARNING] ⚠️ Database not initialized for cycle counting
[2026-05-01T16:49:28Z] [INFO] 💾 Database updated with cycle results
[2026-05-01T16:49:28Z] [SECTION] ============================================================
[2026-05-01T16:49:28Z] [INFO] 🔮 PHASE: HIDDEN LAYERING DETECTION
[2026-05-01T16:49:29Z] [INFO] 🔗 Hidden layering detection complete. Connections identified: 2
[2026-05-01T16:49:29Z] [SECTION] ============================================================
[2026-05-01T16:49:29Z] [INFO] 🔬 PHASE: DOMAIN CORRELATION ANALYSIS
[2026-05-01T16:49:29Z] [INFO] 📊 Domain correlation matrices created: 2
[2026-05-01T16:49:29Z] [SECTION] ============================================================
[2026-05-01T16:49:29Z] [INFO] 🖼️  PHASE: IMAGE-SEED ANALYSIS
[2026-05-01T16:49:29Z] [INFO] 📂 Image seed analysis bootstrapping from 0 images...
[2026-05-01T16:49:29Z] [SECTION] ============================================================
[2026-05-01T16:49:29Z] [INFO] 📤 PHASE: PUSH COMPONENTS TO TOLARIA
[2026-05-01T16:49:30Z] [INFO] 📦 Components pushed to Tolaria: 5
[2026-05-01T16:49:30Z] [SECTION] ============================================================
[2026-05-01T16:49:30Z] [INFO] 🧩 PHASE: COMPOSER - DOMAIN INTEGRATION SYNTHESIS
[2026-05-01T16:49:49Z] [INFO] 🎨 Domain integrations synthesized: 0
[2026-05-01T16:49:49Z] [SECTION] ============================================================
[2026-05-01T16:49:49Z] [INFO] 🚀 PHASE: ADVANCED OVERNIGHT LOOP
[2026-05-01T16:50:42Z] [INFO] 🔬 Advanced loop completed cycles: 0
[2026-05-01T16:50:42Z] [WARNING] ⚠️  Git commit skipped or failed (git not initialized?): Command '['git', '-C', '/home/avalonas/.hermes/gematria/unified_overnight_research', 'commit', '-m', '[2026-05-01T16:50:42Z] Cycle 93: Cycle 94: Web research + hidden layering detection']' returned non-zero exit status 1.
[2026-05-01T16:50:42Z] [INFO] 
📊 CYCLE #94 SUMMARY
[2026-05-01T16:50:42Z] [INFO] ✅ Successful tasks: 7/7
[2026-05-01T16:50:42Z] [INFO] ⏱️  Cycle duration: 74.02s
[2026-05-01T16:50:42Z] [INFO]    ⚠️ task: result
[2026-05-01T16:50:42Z] [INFO]    ⚠️ task: result
[2026-05-01T16:50:42Z] [INFO]    ⚠️ task: result
[2026-05-01T16:50:42Z] [INFO]    ⚠️ task: result
[2026-05-01T16:50:42Z] [INFO]    ⚠️ task: result
[2026-05-01T16:50:42Z] [INFO]    ⚠️ task: result
[2026-05-01T16:50:42Z] [INFO]    ⚠️ task: result
[2026-05-01T16:50:42Z] [HEADER] ================================================================================
[2026-05-01T16:50:42Z] [INFO] 🔄 OVERNIGHT RESEARCH PIPELINE - CYCLE #95
[2026-05-01T16:50:42Z] [INFO] ================================================================================
[2026-05-01T16:50:42Z] [HEADER] ============================================================
[2026-05-01T16:50:42Z] [INFO] 🌙 STARTING OVERNIGHT RESEARCH CYCLE #95
[2026-05-01T16:50:42Z] [INFO] 🔍 Running overnight research protocol (web scraping + cross-symbol analysis)...
[2026-05-01T16:50:42Z] [INFO] 📊 Cycle duration: 0.23s, Files generated: 1
[2026-05-01T16:50:42Z] [WARNING] ⚠️ Database not initialized for cycle counting
[2026-05-01T16:50:42Z] [INFO] 💾 Database updated with cycle results
[2026-05-01T16:50:42Z] [SECTION] ============================================================
[2026-05-01T16:50:42Z] [INFO] 🔮 PHASE: HIDDEN LAYERING DETECTION
[2026-05-01T16:50:43Z] [INFO] 🔗 Hidden layering detection complete. Connections identified: 2
[2026-05-01T16:50:43Z] [SECTION] ============================================================
[2026-05-01T16:50:43Z] [INFO] 🔬 PHASE: DOMAIN CORRELATION ANALYSIS
[2026-05-01T16:50:43Z] [INFO] 📊 Domain correlation matrices created: 2
[2026-05-01T16:50:43Z] [SECTION] ============================================================
[2026-05-01T16:50:43Z] [INFO] 🖼️  PHASE: IMAGE-SEED ANALYSIS
[2026-05-01T16:50:43Z] [INFO] 📂 Image seed analysis bootstrapping from 0 images...
[2026-05-01T16:50:43Z] [SECTION] ============================================================
[2026-05-01T16:50:43Z] [INFO] 📤 PHASE: PUSH COMPONENTS TO TOLARIA
[2026-05-01T16:50:44Z] [INFO] 📦 Components pushed to Tolaria: 5
[2026-05-01T16:50:44Z] [SECTION] ============================================================
[2026-05-01T16:50:44Z] [INFO] 🧩 PHASE: COMPOSER - DOMAIN INTEGRATION SYNTHESIS
[2026-05-01T16:51:03Z] [INFO] 🎨 Domain integrations synthesized: 0
[2026-05-01T16:51:03Z] [SECTION] ============================================================
[2026-05-01T16:51:03Z] [INFO] 🚀 PHASE: ADVANCED OVERNIGHT LOOP
[2026-05-01T16:51:52Z] [INFO] 🔬 Advanced loop completed cycles: 0
[2026-05-01T16:51:52Z] [WARNING] ⚠️  Git commit skipped or failed (git not initialized?): Command '['git', '-C', '/home/avalonas/.hermes/gematria/unified_overnight_research', 'commit', '-m', '[2026-05-01T16:51:52Z] Cycle 94: Cycle 95: Web research + hidden layering detection']' returned non-zero exit status 1.
[2026-05-01T16:51:52Z] [INFO] 
📊 CYCLE #95 SUMMARY
[2026-05-01T16:51:52Z] [INFO] ✅ Successful tasks: 7/7
[2026-05-01T16:51:52Z] [INFO] ⏱️  Cycle duration: 69.84s
[2026-05-01T16:51:52Z] [INFO]    ⚠️ task: result
[2026-05-01T16:51:52Z] [INFO]    ⚠️ task: result
[2026-05-01T16:51:52Z] [INFO]    ⚠️ task: result
[2026-05-01T16:51:52Z] [INFO]    ⚠️ task: result
[2026-05-01T16:51:52Z] [INFO]    ⚠️ task: result
[2026-05-01T16:51:52Z] [INFO]    ⚠️ task: result
[2026-05-01T16:51:52Z] [INFO]    ⚠️ task: result
[2026-05-01T16:51:52Z] [HEADER] ================================================================================
[2026-05-01T16:51:52Z] [INFO] 🔄 OVERNIGHT RESEARCH PIPELINE - CYCLE #96
[2026-05-01T16:51:52Z] [INFO] ================================================================================
[2026-05-01T16:51:52Z] [HEADER] ============================================================
[2026-05-01T16:51:52Z] [INFO] 🌙 STARTING OVERNIGHT RESEARCH CYCLE #96
[2026-05-01T16:51:52Z] [INFO] 🔍 Running overnight research protocol (web scraping + cross-symbol analysis)...
[2026-05-01T16:51:52Z] [INFO] 📊 Cycle duration: 0.15s, Files generated: 1
[2026-05-01T16:51:52Z] [WARNING] ⚠️ Database not initialized for cycle counting
[2026-05-01T16:51:52Z] [INFO] 💾 Database updated with cycle results
[2026-05-01T16:51:52Z] [SECTION] ============================================================
[2026-05-01T16:51:52Z] [INFO] 🔮 PHASE: HIDDEN LAYERING DETECTION
[2026-05-01T16:51:52Z] [INFO] 🔗 Hidden layering detection complete. Connections identified: 2
[2026-05-01T16:51:52Z] [SECTION] ============================================================
[2026-05-01T16:51:52Z] [INFO] 🔬 PHASE: DOMAIN CORRELATION ANALYSIS
[2026-05-01T16:51:52Z] [INFO] 📊 Domain correlation matrices created: 2
[2026-05-01T16:51:52Z] [SECTION] ============================================================
[2026-05-01T16:51:52Z] [INFO] 🖼️  PHASE: IMAGE-SEED ANALYSIS
[2026-05-01T16:51:52Z] [INFO] 📂 Image seed analysis bootstrapping from 0 images...
[2026-05-01T16:51:52Z] [SECTION] ============================================================
[2026-05-01T16:51:52Z] [INFO] 📤 PHASE: PUSH COMPONENTS TO TOLARIA
[2026-05-01T16:51:53Z] [INFO] 📦 Components pushed to Tolaria: 5
[2026-05-01T16:51:53Z] [SECTION] ============================================================
[2026-05-01T16:51:53Z] [INFO] 🧩 PHASE: COMPOSER - DOMAIN INTEGRATION SYNTHESIS
[2026-05-01T16:52:13Z] [INFO] 🎨 Domain integrations synthesized: 0
[2026-05-01T16:52:13Z] [SECTION] ============================================================
[2026-05-01T16:52:13Z] [INFO] 🚀 PHASE: ADVANCED OVERNIGHT LOOP
[2026-05-01T16:53:14Z] [INFO] 🔬 Advanced loop completed cycles: 0
[2026-05-01T16:53:14Z] [WARNING] ⚠️  Git commit skipped or failed (git not initialized?): Command '['git', '-C', '/home/avalonas/.hermes/gematria/unified_overnight_research', 'add', '.']' returned non-zero exit status 128.
[2026-05-01T16:53:14Z] [INFO] 
📊 CYCLE #96 SUMMARY
[2026-05-01T16:53:14Z] [INFO] ✅ Successful tasks: 7/7
[2026-05-01T16:53:14Z] [INFO] ⏱️  Cycle duration: 81.69s
[2026-05-01T16:53:14Z] [INFO]    ⚠️ task: result
[2026-05-01T16:53:14Z] [INFO]    ⚠️ task: result
[2026-05-01T16:53:14Z] [INFO]    ⚠️ task: result
[2026-05-01T16:53:14Z] [INFO]    ⚠️ task: result
[2026-05-01T16:53:14Z] [INFO]    ⚠️ task: result
[2026-05-01T16:53:14Z] [INFO]    ⚠️ task: result
[2026-05-01T16:53:14Z] [INFO]    ⚠️ task: result
[2026-05-01T16:53:14Z] [HEADER] ================================================================================
[2026-05-01T16:53:14Z] [INFO] 🔄 OVERNIGHT RESEARCH PIPELINE - CYCLE #97
[2026-05-01T16:53:14Z] [INFO] ================================================================================
[2026-05-01T16:53:14Z] [HEADER] ============================================================
[2026-05-01T16:53:14Z] [INFO] 🌙 STARTING OVERNIGHT RESEARCH CYCLE #97
[2026-05-01T16:53:14Z] [INFO] 🔍 Running overnight research protocol (web scraping + cross-symbol analysis)...
[2026-05-01T16:53:14Z] [INFO] 📊 Cycle duration: 0.25s, Files generated: 1
[2026-05-01T16:53:14Z] [WARNING] ⚠️ Database not initialized for cycle counting
[2026-05-01T16:53:14Z] [INFO] 💾 Database updated with cycle results
[2026-05-01T16:53:14Z] [SECTION] ============================================================
[2026-05-01T16:53:14Z] [INFO] 🔮 PHASE: HIDDEN LAYERING DETECTION
[2026-05-01T16:53:14Z] [INFO] 🔗 Hidden layering detection complete. Connections identified: 2
[2026-05-01T16:53:14Z] [SECTION] ============================================================
[2026-05-01T16:53:14Z] [INFO] 🔬 PHASE: DOMAIN CORRELATION ANALYSIS
[2026-05-01T16:53:14Z] [INFO] 📊 Domain correlation matrices created: 2
[2026-05-01T16:53:14Z] [SECTION] ============================================================
[2026-05-01T16:53:14Z] [INFO] 🖼️  PHASE: IMAGE-SEED ANALYSIS
[2026-05-01T16:53:14Z] [INFO] 📂 Image seed analysis bootstrapping from 0 images...
[2026-05-01T16:53:14Z] [SECTION] ============================================================
[2026-05-01T16:53:14Z] [INFO] 📤 PHASE: PUSH COMPONENTS TO TOLARIA
[2026-05-01T16:53:15Z] [INFO] 📦 Components pushed to Tolaria: 5
[2026-05-01T16:53:15Z] [SECTION] ============================================================
[2026-05-01T16:53:15Z] [INFO] 🧩 PHASE: COMPOSER - DOMAIN INTEGRATION SYNTHESIS
[2026-05-01T16:53:37Z] [INFO] 🎨 Domain integrations synthesized: 0
[2026-05-01T16:53:37Z] [SECTION] ============================================================
[2026-05-01T16:53:37Z] [INFO] 🚀 PHASE: ADVANCED OVERNIGHT LOOP
[2026-05-01T16:54:32Z] [INFO] 🔬 Advanced loop completed cycles: 0
[2026-05-01T16:54:32Z] [WARNING] ⚠️  Git commit skipped or failed (git not initialized?): Command '['git', '-C', '/home/avalonas/.hermes/gematria/unified_overnight_research', 'commit', '-m', '[2026-05-01T16:54:32Z] Cycle 96: Cycle 97: Web research + hidden layering detection']' returned non-zero exit status 1.
[2026-05-01T16:54:32Z] [INFO] 
📊 CYCLE #97 SUMMARY
[2026-05-01T16:54:32Z] [INFO] ✅ Successful tasks: 7/7
[2026-05-01T16:54:32Z] [INFO] ⏱️  Cycle duration: 78.29s
[2026-05-01T16:54:32Z] [INFO]    ⚠️ task: result
[2026-05-01T16:54:32Z] [INFO]    ⚠️ task: result
[2026-05-01T16:54:32Z] [INFO]    ⚠️ task: result
[2026-05-01T16:54:32Z] [INFO]    ⚠️ task: result
[2026-05-01T16:54:32Z] [INFO]    ⚠️ task: result
[2026-05-01T16:54:32Z] [INFO]    ⚠️ task: result
[2026-05-01T16:54:32Z] [INFO]    ⚠️ task: result
[2026-05-01T16:54:32Z] [HEADER] ================================================================================
[2026-05-01T16:54:32Z] [INFO] 🔄 OVERNIGHT RESEARCH PIPELINE - CYCLE #98
[2026-05-01T16:54:32Z] [INFO] ================================================================================
[2026-05-01T16:54:32Z] [HEADER] ============================================================
[2026-05-01T16:54:32Z] [INFO] 🌙 STARTING OVERNIGHT RESEARCH CYCLE #98
[2026-05-01T16:54:32Z] [INFO] 🔍 Running overnight research protocol (web scraping + cross-symbol analysis)...
[2026-05-01T16:54:32Z] [INFO] 📊 Cycle duration: 0.27s, Files generated: 1
[2026-05-01T16:54:32Z] [WARNING] ⚠️ Database not initialized for cycle counting
[2026-05-01T16:54:32Z] [INFO] 💾 Database updated with cycle results
[2026-05-01T16:54:32Z] [SECTION] ============================================================
[2026-05-01T16:54:32Z] [INFO] 🔮 PHASE: HIDDEN LAYERING DETECTION
[2026-05-01T16:54:32Z] [INFO] 🔗 Hidden layering detection complete. Connections identified: 2
[2026-05-01T16:54:32Z] [SECTION] ============================================================
[2026-05-01T16:54:32Z] [INFO] 🔬 PHASE: DOMAIN CORRELATION ANALYSIS
[2026-05-01T16:54:32Z] [INFO] 📊 Domain correlation matrices created: 2
[2026-05-01T16:54:32Z] [SECTION] ============================================================
[2026-05-01T16:54:32Z] [INFO] 🖼️  PHASE: IMAGE-SEED ANALYSIS
[2026-05-01T16:54:32Z] [INFO] 📂 Image seed analysis bootstrapping from 0 images...
[2026-05-01T16:54:32Z] [SECTION] ============================================================
[2026-05-01T16:54:32Z] [INFO] 📤 PHASE: PUSH COMPONENTS TO TOLARIA
[2026-05-01T16:54:33Z] [INFO] 📦 Components pushed to Tolaria: 5
[2026-05-01T16:54:33Z] [SECTION] ============================================================
[2026-05-01T16:54:33Z] [INFO] 🧩 PHASE: COMPOSER - DOMAIN INTEGRATION SYNTHESIS
[2026-05-01T16:54:48Z] [INFO] 🎨 Domain integrations synthesized: 0
[2026-05-01T16:54:48Z] [SECTION] ============================================================
[2026-05-01T16:54:48Z] [INFO] 🚀 PHASE: ADVANCED OVERNIGHT LOOP
[2026-05-01T16:55:45Z] [INFO] 🔬 Advanced loop completed cycles: 0
[2026-05-01T16:55:45Z] [WARNING] ⚠️  Git commit skipped or failed (git not initialized?): Command '['git', '-C', '/home/avalonas/.hermes/gematria/unified_overnight_research', 'commit', '-m', '[2026-05-01T16:55:45Z] Cycle 97: Cycle 98: Web research + hidden layering detection']' returned non-zero exit status 1.
[2026-05-01T16:55:45Z] [INFO] 
📊 CYCLE #98 SUMMARY
[2026-05-01T16:55:45Z] [INFO] ✅ Successful tasks: 7/7
[2026-05-01T16:55:45Z] [INFO] ⏱️  Cycle duration: 72.70s
[2026-05-01T16:55:45Z] [INFO]    ⚠️ task: result
[2026-05-01T16:55:45Z] [INFO]    ⚠️ task: result
[2026-05-01T16:55:45Z] [INFO]    ⚠️ task: result
[2026-05-01T16:55:45Z] [INFO]    ⚠️ task: result
[2026-05-01T16:55:45Z] [INFO]    ⚠️ task: result
[2026-05-01T16:55:45Z] [INFO]    ⚠️ task: result
[2026-05-01T16:55:45Z] [INFO]    ⚠️ task: result
[2026-05-01T16:55:45Z] [HEADER] ================================================================================
[2026-05-01T16:55:45Z] [INFO] 🔄 OVERNIGHT RESEARCH PIPELINE - CYCLE #99
[2026-05-01T16:55:45Z] [INFO] ================================================================================
[2026-05-01T16:55:45Z] [HEADER] ============================================================
[2026-05-01T16:55:45Z] [INFO] 🌙 STARTING OVERNIGHT RESEARCH CYCLE #99
[2026-05-01T16:55:45Z] [INFO] 🔍 Running overnight research protocol (web scraping + cross-symbol analysis)...
[2026-05-01T16:55:45Z] [INFO] 📊 Cycle duration: 0.33s, Files generated: 1
[2026-05-01T16:55:45Z] [WARNING] ⚠️ Database not initialized for cycle counting
[2026-05-01T16:55:45Z] [INFO] 💾 Database updated with cycle results
[2026-05-01T16:55:45Z] [SECTION] ============================================================
[2026-05-01T16:55:45Z] [INFO] 🔮 PHASE: HIDDEN LAYERING DETECTION
[2026-05-01T16:55:45Z] [INFO] 🔗 Hidden layering detection complete. Connections identified: 2
[2026-05-01T16:55:45Z] [SECTION] ============================================================
[2026-05-01T16:55:45Z] [INFO] 🔬 PHASE: DOMAIN CORRELATION ANALYSIS
[2026-05-01T16:55:45Z] [INFO] 📊 Domain correlation matrices created: 2
[2026-05-01T16:55:45Z] [SECTION] ============================================================
[2026-05-01T16:55:45Z] [INFO] 🖼️  PHASE: IMAGE-SEED ANALYSIS
[2026-05-01T16:55:45Z] [INFO] 📂 Image seed analysis bootstrapping from 0 images...
[2026-05-01T16:55:45Z] [SECTION] ============================================================
[2026-05-01T16:55:45Z] [INFO] 📤 PHASE: PUSH COMPONENTS TO TOLARIA
[2026-05-01T16:55:46Z] [INFO] 📦 Components pushed to Tolaria: 5
[2026-05-01T16:55:46Z] [SECTION] ============================================================
[2026-05-01T16:55:46Z] [INFO] 🧩 PHASE: COMPOSER - DOMAIN INTEGRATION SYNTHESIS
[2026-05-01T16:56:08Z] [INFO] 🎨 Domain integrations synthesized: 0
[2026-05-01T16:56:08Z] [SECTION] ============================================================
[2026-05-01T16:56:08Z] [INFO] 🚀 PHASE: ADVANCED OVERNIGHT LOOP
[2026-05-01T16:56:58Z] [INFO] 🔬 Advanced loop completed cycles: 0
[2026-05-01T16:56:59Z] [WARNING] ⚠️  Git commit skipped or failed (git not initialized?): Command '['git', '-C', '/home/avalonas/.hermes/gematria/unified_overnight_research', 'commit', '-m', '[2026-05-01T16:56:59Z] Cycle 98: Cycle 99: Web research + hidden layering detection']' returned non-zero exit status 1.
[2026-05-01T16:56:59Z] [INFO] 
📊 CYCLE #99 SUMMARY
[2026-05-01T16:56:59Z] [INFO] ✅ Successful tasks: 7/7
[2026-05-01T16:56:59Z] [INFO] ⏱️  Cycle duration: 73.87s
[2026-05-01T16:56:59Z] [INFO]    ⚠️ task: result
[2026-05-01T16:56:59Z] [INFO]    ⚠️ task: result
[2026-05-01T16:56:59Z] [INFO]    ⚠️ task: result
[2026-05-01T16:56:59Z] [INFO]    ⚠️ task: result
[2026-05-01T16:56:59Z] [INFO]    ⚠️ task: result
[2026-05-01T16:56:59Z] [INFO]    ⚠️ task: result
[2026-05-01T16:56:59Z] [INFO]    ⚠️ task: result
[2026-05-01T16:56:59Z] [HEADER] ================================================================================
[2026-05-01T16:56:59Z] [INFO] 🔄 OVERNIGHT RESEARCH PIPELINE - CYCLE #100
[2026-05-01T16:56:59Z] [INFO] ================================================================================
[2026-05-01T16:56:59Z] [HEADER] ============================================================
[2026-05-01T16:56:59Z] [INFO] 🌙 STARTING OVERNIGHT RESEARCH CYCLE #100
[2026-05-01T16:56:59Z] [INFO] 🔍 Running overnight research protocol (web scraping + cross-symbol analysis)...
[2026-05-01T16:56:59Z] [INFO] 📊 Cycle duration: 0.15s, Files generated: 1
[2026-05-01T16:56:59Z] [WARNING] ⚠️ Database not initialized for cycle counting
[2026-05-01T16:56:59Z] [INFO] 💾 Database updated with cycle results
[2026-05-01T16:56:59Z] [SECTION] ============================================================
[2026-05-01T16:56:59Z] [INFO] 🔮 PHASE: HIDDEN LAYERING DETECTION
[2026-05-01T16:56:59Z] [INFO] 🔗 Hidden layering detection complete. Connections identified: 2
[2026-05-01T16:56:59Z] [SECTION] ============================================================
[2026-05-01T16:56:59Z] [INFO] 🔬 PHASE: DOMAIN CORRELATION ANALYSIS
[2026-05-01T16:56:59Z] [INFO] 📊 Domain correlation matrices created: 2
[2026-05-01T16:56:59Z] [SECTION] ============================================================
[2026-05-01T16:56:59Z] [INFO] 🖼️  PHASE: IMAGE-SEED ANALYSIS
[2026-05-01T16:56:59Z] [INFO] 📂 Image seed analysis bootstrapping from 0 images...
[2026-05-01T16:56:59Z] [SECTION] ============================================================
[2026-05-01T16:56:59Z] [INFO] 📤 PHASE: PUSH COMPONENTS TO TOLARIA
[2026-05-01T16:57:00Z] [INFO] 📦 Components pushed to Tolaria: 5
[2026-05-01T16:57:00Z] [SECTION] ============================================================
[2026-05-01T16:57:00Z] [INFO] 🧩 PHASE: COMPOSER - DOMAIN INTEGRATION SYNTHESIS
[2026-05-01T16:57:18Z] [INFO] 🎨 Domain integrations synthesized: 0
[2026-05-01T16:57:18Z] [SECTION] ============================================================
[2026-05-01T16:57:18Z] [INFO] 🚀 PHASE: ADVANCED OVERNIGHT LOOP
[2026-05-01T16:58:08Z] [INFO] 🔬 Advanced loop completed cycles: 0
[2026-05-01T16:58:08Z] [WARNING] ⚠️  Git commit skipped or failed (git not initialized?): Command '['git', '-C', '/home/avalonas/.hermes/gematria/unified_overnight_research', 'commit', '-m', '[2026-05-01T16:58:08Z] Cycle 99: Cycle 100: Web research + hidden layering detection']' returned non-zero exit status 1.
[2026-05-01T16:58:08Z] [INFO] 
📊 CYCLE #100 SUMMARY
[2026-05-01T16:58:08Z] [INFO] ✅ Successful tasks: 7/7
[2026-05-01T16:58:08Z] [INFO] ⏱️  Cycle duration: 69.27s
[2026-05-01T16:58:08Z] [INFO]    ⚠️ task: result
[2026-05-01T16:58:08Z] [INFO]    ⚠️ task: result
[2026-05-01T16:58:08Z] [INFO]    ⚠️ task: result
[2026-05-01T16:58:08Z] [INFO]    ⚠️ task: result
[2026-05-01T16:58:08Z] [INFO]    ⚠️ task: result
[2026-05-01T16:58:08Z] [INFO]    ⚠️ task: result
[2026-05-01T16:58:08Z] [INFO]    ⚠️ task: result
[2026-05-01T16:58:08Z] [HEADER] ================================================================================
[2026-05-01T16:58:08Z] [INFO] 🔄 OVERNIGHT RESEARCH PIPELINE - CYCLE #101
[2026-05-01T16:58:08Z] [INFO] ================================================================================
[2026-05-01T16:58:08Z] [HEADER] ============================================================
[2026-05-01T16:58:08Z] [INFO] 🌙 STARTING OVERNIGHT RESEARCH CYCLE #101
[2026-05-01T16:58:08Z] [INFO] 🔍 Running overnight research protocol (web scraping + cross-symbol analysis)...
[2026-05-01T16:58:08Z] [INFO] 📊 Cycle duration: 0.16s, Files generated: 1
[2026-05-01T16:58:08Z] [WARNING] ⚠️ Database not initialized for cycle counting
[2026-05-01T16:58:08Z] [INFO] 💾 Database updated with cycle results
[2026-05-01T16:58:08Z] [SECTION] ============================================================
[2026-05-01T16:58:08Z] [INFO] 🔮 PHASE: HIDDEN LAYERING DETECTION
[2026-05-01T16:58:08Z] [INFO] 🔗 Hidden layering detection complete. Connections identified: 2
[2026-05-01T16:58:08Z] [SECTION] ============================================================
[2026-05-01T16:58:08Z] [INFO] 🔬 PHASE: DOMAIN CORRELATION ANALYSIS
[2026-05-01T16:58:08Z] [INFO] 📊 Domain correlation matrices created: 2
[2026-05-01T16:58:08Z] [SECTION] ============================================================
[2026-05-01T16:58:08Z] [INFO] 🖼️  PHASE: IMAGE-SEED ANALYSIS
[2026-05-01T16:58:08Z] [INFO] 📂 Image seed analysis bootstrapping from 0 images...
[2026-05-01T16:58:08Z] [SECTION] ============================================================
[2026-05-01T16:58:08Z] [INFO] 📤 PHASE: PUSH COMPONENTS TO TOLARIA
[2026-05-01T16:58:09Z] [INFO] 📦 Components pushed to Tolaria: 5
[2026-05-01T16:58:09Z] [SECTION] ============================================================
[2026-05-01T16:58:09Z] [INFO] 🧩 PHASE: COMPOSER - DOMAIN INTEGRATION SYNTHESIS
[2026-05-01T16:58:28Z] [INFO] 🎨 Domain integrations synthesized: 0
[2026-05-01T16:58:28Z] [SECTION] ============================================================
[2026-05-01T16:58:28Z] [INFO] 🚀 PHASE: ADVANCED OVERNIGHT LOOP
[2026-05-01T16:59:18Z] [INFO] 🔬 Advanced loop completed cycles: 0
[2026-05-01T16:59:19Z] [WARNING] ⚠️  Git commit skipped or failed (git not initialized?): Command '['git', '-C', '/home/avalonas/.hermes/gematria/unified_overnight_research', 'commit', '-m', '[2026-05-01T16:59:19Z] Cycle 100: Cycle 101: Web research + hidden layering detection']' returned non-zero exit status 1.
[2026-05-01T16:59:19Z] [INFO] 
📊 CYCLE #101 SUMMARY
[2026-05-01T16:59:19Z] [INFO] ✅ Successful tasks: 7/7
[2026-05-01T16:59:19Z] [INFO] ⏱️  Cycle duration: 70.73s
[2026-05-01T16:59:19Z] [INFO]    ⚠️ task: result
[2026-05-01T16:59:19Z] [INFO]    ⚠️ task: result
[2026-05-01T16:59:19Z] [INFO]    ⚠️ task: result
[2026-05-01T16:59:19Z] [INFO]    ⚠️ task: result
[2026-05-01T16:59:19Z] [INFO]    ⚠️ task: result
[2026-05-01T16:59:19Z] [INFO]    ⚠️ task: result
[2026-05-01T16:59:19Z] [INFO]    ⚠️ task: result
[2026-05-01T16:59:19Z] [HEADER] ================================================================================
[2026-05-01T16:59:19Z] [INFO] 🔄 OVERNIGHT RESEARCH PIPELINE - CYCLE #102
[2026-05-01T16:59:19Z] [INFO] ================================================================================
[2026-05-01T16:59:19Z] [HEADER] ============================================================
[2026-05-01T16:59:19Z] [INFO] 🌙 STARTING OVERNIGHT RESEARCH CYCLE #102
[2026-05-01T16:59:19Z] [INFO] 🔍 Running overnight research protocol (web scraping + cross-symbol analysis)...
[2026-05-01T16:59:19Z] [INFO] 📊 Cycle duration: 0.15s, Files generated: 1
[2026-05-01T16:59:19Z] [WARNING] ⚠️ Database not initialized for cycle counting
[2026-05-01T16:59:19Z] [INFO] 💾 Database updated with cycle results
[2026-05-01T16:59:19Z] [SECTION] ============================================================
[2026-05-01T16:59:19Z] [INFO] 🔮 PHASE: HIDDEN LAYERING DETECTION
[2026-05-01T16:59:19Z] [INFO] 🔗 Hidden layering detection complete. Connections identified: 2
[2026-05-01T16:59:19Z] [SECTION] ============================================================
[2026-05-01T16:59:19Z] [INFO] 🔬 PHASE: DOMAIN CORRELATION ANALYSIS
[2026-05-01T16:59:19Z] [INFO] 📊 Domain correlation matrices created: 2
[2026-05-01T16:59:19Z] [SECTION] ============================================================
[2026-05-01T16:59:19Z] [INFO] 🖼️  PHASE: IMAGE-SEED ANALYSIS
[2026-05-01T16:59:19Z] [INFO] 📂 Image seed analysis bootstrapping from 0 images...
[2026-05-01T16:59:19Z] [SECTION] ============================================================
[2026-05-01T16:59:19Z] [INFO] 📤 PHASE: PUSH COMPONENTS TO TOLARIA
[2026-05-01T16:59:20Z] [INFO] 📦 Components pushed to Tolaria: 5
[2026-05-01T16:59:20Z] [SECTION] ============================================================
[2026-05-01T16:59:20Z] [INFO] 🧩 PHASE: COMPOSER - DOMAIN INTEGRATION SYNTHESIS
[2026-05-01T16:59:38Z] [INFO] 🎨 Domain integrations synthesized: 0
[2026-05-01T16:59:38Z] [SECTION] ============================================================
[2026-05-01T16:59:38Z] [INFO] 🚀 PHASE: ADVANCED OVERNIGHT LOOP
[2026-05-01T17:00:32Z] [INFO] 🔬 Advanced loop completed cycles: 0
[2026-05-01T17:00:32Z] [WARNING] ⚠️  Git commit skipped or failed (git not initialized?): Command '['git', '-C', '/home/avalonas/.hermes/gematria/unified_overnight_research', 'commit', '-m', '[2026-05-01T17:00:32Z] Cycle 101: Cycle 102: Web research + hidden layering detection']' returned non-zero exit status 1.
[2026-05-01T17:00:32Z] [INFO] 
📊 CYCLE #102 SUMMARY
[2026-05-01T17:00:32Z] [INFO] ✅ Successful tasks: 7/7
[2026-05-01T17:00:32Z] [INFO] ⏱️  Cycle duration: 73.73s
[2026-05-01T17:00:32Z] [INFO]    ⚠️ task: result
[2026-05-01T17:00:32Z] [INFO]    ⚠️ task: result
[2026-05-01T17:00:32Z] [INFO]    ⚠️ task: result
[2026-05-01T17:00:32Z] [INFO]    ⚠️ task: result
[2026-05-01T17:00:32Z] [INFO]    ⚠️ task: result
[2026-05-01T17:00:32Z] [INFO]    ⚠️ task: result
[2026-05-01T17:00:32Z] [INFO]    ⚠️ task: result
[2026-05-01T17:00:32Z] [HEADER] ================================================================================
[2026-05-01T17:00:32Z] [INFO] 🔄 OVERNIGHT RESEARCH PIPELINE - CYCLE #103
[2026-05-01T17:00:32Z] [INFO] ================================================================================
[2026-05-01T17:00:32Z] [HEADER] ============================================================
[2026-05-01T17:00:32Z] [INFO] 🌙 STARTING OVERNIGHT RESEARCH CYCLE #103
[2026-05-01T17:00:32Z] [INFO] 🔍 Running overnight research protocol (web scraping + cross-symbol analysis)...
[2026-05-01T17:00:32Z] [INFO] 📊 Cycle duration: 0.21s, Files generated: 1
[2026-05-01T17:00:32Z] [WARNING] ⚠️ Database not initialized for cycle counting
[2026-05-01T17:00:32Z] [INFO] 💾 Database updated with cycle results
[2026-05-01T17:00:32Z] [SECTION] ============================================================
[2026-05-01T17:00:32Z] [INFO] 🔮 PHASE: HIDDEN LAYERING DETECTION
[2026-05-01T17:00:33Z] [INFO] 🔗 Hidden layering detection complete. Connections identified: 2
[2026-05-01T17:00:33Z] [SECTION] ============================================================
[2026-05-01T17:00:33Z] [INFO] 🔬 PHASE: DOMAIN CORRELATION ANALYSIS
[2026-05-01T17:00:33Z] [INFO] 📊 Domain correlation matrices created: 2
[2026-05-01T17:00:33Z] [SECTION] ============================================================
[2026-05-01T17:00:33Z] [INFO] 🖼️  PHASE: IMAGE-SEED ANALYSIS
[2026-05-01T17:00:33Z] [INFO] 📂 Image seed analysis bootstrapping from 0 images...
[2026-05-01T17:00:33Z] [SECTION] ============================================================
[2026-05-01T17:00:33Z] [INFO] 📤 PHASE: PUSH COMPONENTS TO TOLARIA
[2026-05-01T17:00:34Z] [INFO] 📦 Components pushed to Tolaria: 5
[2026-05-01T17:00:34Z] [SECTION] ============================================================
[2026-05-01T17:00:34Z] [INFO] 🧩 PHASE: COMPOSER - DOMAIN INTEGRATION SYNTHESIS
[2026-05-01T17:00:53Z] [INFO] 🎨 Domain integrations synthesized: 0
[2026-05-01T17:00:53Z] [SECTION] ============================================================
[2026-05-01T17:00:53Z] [INFO] 🚀 PHASE: ADVANCED OVERNIGHT LOOP
[2026-05-01T17:01:45Z] [INFO] 🔬 Advanced loop completed cycles: 0
[2026-05-01T17:01:45Z] [WARNING] ⚠️  Git commit skipped or failed (git not initialized?): Command '['git', '-C', '/home/avalonas/.hermes/gematria/unified_overnight_research', 'add', '.']' returned non-zero exit status 128.
[2026-05-01T17:01:45Z] [INFO] 
📊 CYCLE #103 SUMMARY
[2026-05-01T17:01:45Z] [INFO] ✅ Successful tasks: 7/7
[2026-05-01T17:01:45Z] [INFO] ⏱️  Cycle duration: 73.17s
[2026-05-01T17:01:45Z] [INFO]    ⚠️ task: result
[2026-05-01T17:01:45Z] [INFO]    ⚠️ task: result
[2026-05-01T17:01:45Z] [INFO]    ⚠️ task: result
[2026-05-01T17:01:45Z] [INFO]    ⚠️ task: result
[2026-05-01T17:01:45Z] [INFO]    ⚠️ task: result
[2026-05-01T17:01:45Z] [INFO]    ⚠️ task: result
[2026-05-01T17:01:45Z] [INFO]    ⚠️ task: result
[2026-05-01T17:01:45Z] [HEADER] ================================================================================
[2026-05-01T17:01:45Z] [INFO] 🔄 OVERNIGHT RESEARCH PIPELINE - CYCLE #104
[2026-05-01T17:01:45Z] [INFO] ================================================================================
[2026-05-01T17:01:45Z] [HEADER] ============================================================
[2026-05-01T17:01:45Z] [INFO] 🌙 STARTING OVERNIGHT RESEARCH CYCLE #104
[2026-05-01T17:01:45Z] [INFO] 🔍 Running overnight research protocol (web scraping + cross-symbol analysis)...
[2026-05-01T17:01:46Z] [INFO] 📊 Cycle duration: 0.15s, Files generated: 1
[2026-05-01T17:01:46Z] [WARNING] ⚠️ Database not initialized for cycle counting
[2026-05-01T17:01:46Z] [INFO] 💾 Database updated with cycle results
[2026-05-01T17:01:46Z] [SECTION] ============================================================
[2026-05-01T17:01:46Z] [INFO] 🔮 PHASE: HIDDEN LAYERING DETECTION
[2026-05-01T17:01:46Z] [INFO] 🔗 Hidden layering detection complete. Connections identified: 2
[2026-05-01T17:01:46Z] [SECTION] ============================================================
[2026-05-01T17:01:46Z] [INFO] 🔬 PHASE: DOMAIN CORRELATION ANALYSIS
[2026-05-01T17:01:46Z] [INFO] 📊 Domain correlation matrices created: 2
[2026-05-01T17:01:46Z] [SECTION] ============================================================
[2026-05-01T17:01:46Z] [INFO] 🖼️  PHASE: IMAGE-SEED ANALYSIS
[2026-05-01T17:01:46Z] [INFO] 📂 Image seed analysis bootstrapping from 0 images...
[2026-05-01T17:01:46Z] [SECTION] ============================================================
[2026-05-01T17:01:46Z] [INFO] 📤 PHASE: PUSH COMPONENTS TO TOLARIA
[2026-05-01T17:01:47Z] [INFO] 📦 Components pushed to Tolaria: 5
[2026-05-01T17:01:47Z] [SECTION] ============================================================
[2026-05-01T17:01:47Z] [INFO] 🧩 PHASE: COMPOSER - DOMAIN INTEGRATION SYNTHESIS
[2026-05-01T17:02:06Z] [INFO] 🎨 Domain integrations synthesized: 0
[2026-05-01T17:02:06Z] [SECTION] ============================================================
[2026-05-01T17:02:06Z] [INFO] 🚀 PHASE: ADVANCED OVERNIGHT LOOP
[2026-05-01T17:03:00Z] [INFO] 🔬 Advanced loop completed cycles: 0
[2026-05-01T17:03:00Z] [WARNING] ⚠️  Git commit skipped or failed (git not initialized?): Command '['git', '-C', '/home/avalonas/.hermes/gematria/unified_overnight_research', 'commit', '-m', '[2026-05-01T17:03:00Z] Cycle 103: Cycle 104: Web research + hidden layering detection']' returned non-zero exit status 1.
[2026-05-01T17:03:00Z] [INFO] 
📊 CYCLE #104 SUMMARY
[2026-05-01T17:03:00Z] [INFO] ✅ Successful tasks: 7/7
[2026-05-01T17:03:00Z] [INFO] ⏱️  Cycle duration: 74.25s
[2026-05-01T17:03:00Z] [INFO]    ⚠️ task: result
[2026-05-01T17:03:00Z] [INFO]    ⚠️ task: result
[2026-05-01T17:03:00Z] [INFO]    ⚠️ task: result
[2026-05-01T17:03:00Z] [INFO]    ⚠️ task: result
[2026-05-01T17:03:00Z] [INFO]    ⚠️ task: result
[2026-05-01T17:03:00Z] [INFO]    ⚠️ task: result
[2026-05-01T17:03:00Z] [INFO]    ⚠️ task: result
[2026-05-01T17:03:00Z] [HEADER] ================================================================================
[2026-05-01T17:03:00Z] [INFO] 🔄 OVERNIGHT RESEARCH PIPELINE - CYCLE #105
[2026-05-01T17:03:00Z] [INFO] ================================================================================
[2026-05-01T17:03:00Z] [HEADER] ============================================================
[2026-05-01T17:03:00Z] [INFO] 🌙 STARTING OVERNIGHT RESEARCH CYCLE #105
[2026-05-01T17:03:00Z] [INFO] 🔍 Running overnight research protocol (web scraping + cross-symbol analysis)...
[2026-05-01T17:03:00Z] [INFO] 📊 Cycle duration: 0.20s, Files generated: 1
[2026-05-01T17:03:00Z] [WARNING] ⚠️ Database not initialized for cycle counting
[2026-05-01T17:03:00Z] [INFO] 💾 Database updated with cycle results
[2026-05-01T17:03:00Z] [SECTION] ============================================================
[2026-05-01T17:03:00Z] [INFO] 🔮 PHASE: HIDDEN LAYERING DETECTION
[2026-05-01T17:03:00Z] [INFO] 🔗 Hidden layering detection complete. Connections identified: 2
[2026-05-01T17:03:00Z] [SECTION] ============================================================
[2026-05-01T17:03:00Z] [INFO] 🔬 PHASE: DOMAIN CORRELATION ANALYSIS
[2026-05-01T17:03:00Z] [INFO] 📊 Domain correlation matrices created: 2
[2026-05-01T17:03:00Z] [SECTION] ============================================================
[2026-05-01T17:03:00Z] [INFO] 🖼️  PHASE: IMAGE-SEED ANALYSIS
[2026-05-01T17:03:00Z] [INFO] 📂 Image seed analysis bootstrapping from 0 images...
[2026-05-01T17:03:00Z] [SECTION] ============================================================
[2026-05-01T17:03:00Z] [INFO] 📤 PHASE: PUSH COMPONENTS TO TOLARIA
[2026-05-01T17:03:01Z] [INFO] 📦 Components pushed to Tolaria: 5
[2026-05-01T17:03:01Z] [SECTION] ============================================================
[2026-05-01T17:03:01Z] [INFO] 🧩 PHASE: COMPOSER - DOMAIN INTEGRATION SYNTHESIS
[2026-05-01T17:03:20Z] [INFO] 🎨 Domain integrations synthesized: 0
[2026-05-01T17:03:20Z] [SECTION] ============================================================
[2026-05-01T17:03:20Z] [INFO] 🚀 PHASE: ADVANCED OVERNIGHT LOOP
[2026-05-01T17:04:06Z] [INFO] 🔬 Advanced loop completed cycles: 0
[2026-05-01T17:04:06Z] [WARNING] ⚠️  Git commit skipped or failed (git not initialized?): Command '['git', '-C', '/home/avalonas/.hermes/gematria/unified_overnight_research', 'commit', '-m', '[2026-05-01T17:04:06Z] Cycle 104: Cycle 105: Web research + hidden layering detection']' returned non-zero exit status 1.
[2026-05-01T17:04:06Z] [INFO] 
📊 CYCLE #105 SUMMARY
[2026-05-01T17:04:06Z] [INFO] ✅ Successful tasks: 7/7
[2026-05-01T17:04:06Z] [INFO] ⏱️  Cycle duration: 66.28s
[2026-05-01T17:04:06Z] [INFO]    ⚠️ task: result
[2026-05-01T17:04:06Z] [INFO]    ⚠️ task: result
[2026-05-01T17:04:06Z] [INFO]    ⚠️ task: result
[2026-05-01T17:04:06Z] [INFO]    ⚠️ task: result
[2026-05-01T17:04:06Z] [INFO]    ⚠️ task: result
[2026-05-01T17:04:06Z] [INFO]    ⚠️ task: result
[2026-05-01T17:04:06Z] [INFO]    ⚠️ task: result
[2026-05-01T17:04:06Z] [HEADER] ================================================================================
[2026-05-01T17:04:06Z] [INFO] 🔄 OVERNIGHT RESEARCH PIPELINE - CYCLE #106
[2026-05-01T17:04:06Z] [INFO] ================================================================================
[2026-05-01T17:04:06Z] [HEADER] ============================================================
[2026-05-01T17:04:06Z] [INFO] 🌙 STARTING OVERNIGHT RESEARCH CYCLE #106
[2026-05-01T17:04:06Z] [INFO] 🔍 Running overnight research protocol (web scraping + cross-symbol analysis)...
[2026-05-01T17:04:06Z] [INFO] 📊 Cycle duration: 0.22s, Files generated: 1
[2026-05-01T17:04:06Z] [WARNING] ⚠️ Database not initialized for cycle counting
[2026-05-01T17:04:06Z] [INFO] 💾 Database updated with cycle results
[2026-05-01T17:04:06Z] [SECTION] ============================================================
[2026-05-01T17:04:06Z] [INFO] 🔮 PHASE: HIDDEN LAYERING DETECTION
[2026-05-01T17:04:06Z] [INFO] 🔗 Hidden layering detection complete. Connections identified: 2
[2026-05-01T17:04:06Z] [SECTION] ============================================================
[2026-05-01T17:04:06Z] [INFO] 🔬 PHASE: DOMAIN CORRELATION ANALYSIS
[2026-05-01T17:04:06Z] [INFO] 📊 Domain correlation matrices created: 2
[2026-05-01T17:04:06Z] [SECTION] ============================================================
[2026-05-01T17:04:06Z] [INFO] 🖼️  PHASE: IMAGE-SEED ANALYSIS
[2026-05-01T17:04:06Z] [INFO] 📂 Image seed analysis bootstrapping from 0 images...
[2026-05-01T17:04:06Z] [SECTION] ============================================================
[2026-05-01T17:04:06Z] [INFO] 📤 PHASE: PUSH COMPONENTS TO TOLARIA
[2026-05-01T17:04:07Z] [INFO] 📦 Components pushed to Tolaria: 5
[2026-05-01T17:04:07Z] [SECTION] ============================================================
[2026-05-01T17:04:07Z] [INFO] 🧩 PHASE: COMPOSER - DOMAIN INTEGRATION SYNTHESIS
[2026-05-01T17:04:27Z] [INFO] 🎨 Domain integrations synthesized: 0
[2026-05-01T17:04:27Z] [SECTION] ============================================================
[2026-05-01T17:04:27Z] [INFO] 🚀 PHASE: ADVANCED OVERNIGHT LOOP
[2026-05-01T17:05:23Z] [INFO] 🔬 Advanced loop completed cycles: 0
[2026-05-01T17:05:23Z] [WARNING] ⚠️  Git commit skipped or failed (git not initialized?): Command '['git', '-C', '/home/avalonas/.hermes/gematria/unified_overnight_research', 'add', '.']' returned non-zero exit status 128.
[2026-05-01T17:05:23Z] [INFO] 
📊 CYCLE #106 SUMMARY
[2026-05-01T17:05:23Z] [INFO] ✅ Successful tasks: 7/7
[2026-05-01T17:05:23Z] [INFO] ⏱️  Cycle duration: 77.04s
[2026-05-01T17:05:23Z] [INFO]    ⚠️ task: result
[2026-05-01T17:05:23Z] [INFO]    ⚠️ task: result
[2026-05-01T17:05:23Z] [INFO]    ⚠️ task: result
[2026-05-01T17:05:23Z] [INFO]    ⚠️ task: result
[2026-05-01T17:05:23Z] [INFO]    ⚠️ task: result
[2026-05-01T17:05:23Z] [INFO]    ⚠️ task: result
[2026-05-01T17:05:23Z] [INFO]    ⚠️ task: result
[2026-05-01T17:05:23Z] [HEADER] ================================================================================
[2026-05-01T17:05:23Z] [INFO] 🔄 OVERNIGHT RESEARCH PIPELINE - CYCLE #107
[2026-05-01T17:05:23Z] [INFO] ================================================================================
[2026-05-01T17:05:23Z] [HEADER] ============================================================
[2026-05-01T17:05:23Z] [INFO] 🌙 STARTING OVERNIGHT RESEARCH CYCLE #107
[2026-05-01T17:05:23Z] [INFO] 🔍 Running overnight research protocol (web scraping + cross-symbol analysis)...
[2026-05-01T17:05:23Z] [INFO] 📊 Cycle duration: 0.24s, Files generated: 1
[2026-05-01T17:05:23Z] [WARNING] ⚠️ Database not initialized for cycle counting
[2026-05-01T17:05:23Z] [INFO] 💾 Database updated with cycle results
[2026-05-01T17:05:23Z] [SECTION] ============================================================
[2026-05-01T17:05:23Z] [INFO] 🔮 PHASE: HIDDEN LAYERING DETECTION
[2026-05-01T17:05:23Z] [INFO] 🔗 Hidden layering detection complete. Connections identified: 2
[2026-05-01T17:05:23Z] [SECTION] ============================================================
[2026-05-01T17:05:23Z] [INFO] 🔬 PHASE: DOMAIN CORRELATION ANALYSIS
[2026-05-01T17:05:23Z] [INFO] 📊 Domain correlation matrices created: 2
[2026-05-01T17:05:23Z] [SECTION] ============================================================
[2026-05-01T17:05:23Z] [INFO] 🖼️  PHASE: IMAGE-SEED ANALYSIS
[2026-05-01T17:05:23Z] [INFO] 📂 Image seed analysis bootstrapping from 0 images...
[2026-05-01T17:05:23Z] [SECTION] ============================================================
[2026-05-01T17:05:23Z] [INFO] 📤 PHASE: PUSH COMPONENTS TO TOLARIA
[2026-05-01T17:05:24Z] [INFO] 📦 Components pushed to Tolaria: 5
[2026-05-01T17:05:24Z] [SECTION] ============================================================
[2026-05-01T17:05:24Z] [INFO] 🧩 PHASE: COMPOSER - DOMAIN INTEGRATION SYNTHESIS
[2026-05-01T17:05:43Z] [INFO] 🎨 Domain integrations synthesized: 0
[2026-05-01T17:05:43Z] [SECTION] ============================================================
[2026-05-01T17:05:43Z] [INFO] 🚀 PHASE: ADVANCED OVERNIGHT LOOP
[2026-05-01T17:06:41Z] [INFO] 🔬 Advanced loop completed cycles: 0
[2026-05-01T17:06:41Z] [WARNING] ⚠️  Git commit skipped or failed (git not initialized?): Command '['git', '-C', '/home/avalonas/.hermes/gematria/unified_overnight_research', 'add', '.']' returned non-zero exit status 128.
[2026-05-01T17:06:41Z] [INFO] 
📊 CYCLE #107 SUMMARY
[2026-05-01T17:06:41Z] [INFO] ✅ Successful tasks: 7/7
[2026-05-01T17:06:41Z] [INFO] ⏱️  Cycle duration: 78.25s
[2026-05-01T17:06:41Z] [INFO]    ⚠️ task: result
[2026-05-01T17:06:41Z] [INFO]    ⚠️ task: result
[2026-05-01T17:06:41Z] [INFO]    ⚠️ task: result
[2026-05-01T17:06:41Z] [INFO]    ⚠️ task: result
[2026-05-01T17:06:41Z] [INFO]    ⚠️ task: result
[2026-05-01T17:06:41Z] [INFO]    ⚠️ task: result
[2026-05-01T17:06:41Z] [INFO]    ⚠️ task: result
[2026-05-01T17:06:41Z] [HEADER] ================================================================================
[2026-05-01T17:06:41Z] [INFO] 🔄 OVERNIGHT RESEARCH PIPELINE - CYCLE #108
[2026-05-01T17:06:41Z] [INFO] ================================================================================
[2026-05-01T17:06:41Z] [HEADER] ============================================================
[2026-05-01T17:06:41Z] [INFO] 🌙 STARTING OVERNIGHT RESEARCH CYCLE #108
[2026-05-01T17:06:41Z] [INFO] 🔍 Running overnight research protocol (web scraping + cross-symbol analysis)...
[2026-05-01T17:06:41Z] [INFO] 📊 Cycle duration: 0.21s, Files generated: 0
[2026-05-01T17:06:41Z] [WARNING] ⚠️ Database not initialized for cycle counting
[2026-05-01T17:06:41Z] [INFO] 💾 Database updated with cycle results
[2026-05-01T17:06:41Z] [SECTION] ============================================================
[2026-05-01T17:06:41Z] [INFO] 🔮 PHASE: HIDDEN LAYERING DETECTION
[2026-05-01T17:06:42Z] [INFO] 🔗 Hidden layering detection complete. Connections identified: 2
[2026-05-01T17:06:42Z] [SECTION] ============================================================
[2026-05-01T17:06:42Z] [INFO] 🔬 PHASE: DOMAIN CORRELATION ANALYSIS
[2026-05-01T17:06:42Z] [INFO] 📊 Domain correlation matrices created: 2
[2026-05-01T17:06:42Z] [SECTION] ============================================================
[2026-05-01T17:06:42Z] [INFO] 🖼️  PHASE: IMAGE-SEED ANALYSIS
[2026-05-01T17:06:42Z] [INFO] 📂 Image seed analysis bootstrapping from 0 images...
[2026-05-01T17:06:42Z] [SECTION] ============================================================
[2026-05-01T17:06:42Z] [INFO] 📤 PHASE: PUSH COMPONENTS TO TOLARIA
[2026-05-01T17:06:43Z] [INFO] 📦 Components pushed to Tolaria: 5
[2026-05-01T17:06:43Z] [SECTION] ============================================================
[2026-05-01T17:06:43Z] [INFO] 🧩 PHASE: COMPOSER - DOMAIN INTEGRATION SYNTHESIS
[2026-05-01T17:07:05Z] [INFO] 🎨 Domain integrations synthesized: 0
[2026-05-01T17:07:05Z] [SECTION] ============================================================
[2026-05-01T17:07:05Z] [INFO] 🚀 PHASE: ADVANCED OVERNIGHT LOOP
[2026-05-01T17:08:02Z] [INFO] 🔬 Advanced loop completed cycles: 0
[2026-05-01T17:08:02Z] [WARNING] ⚠️  Git commit skipped or failed (git not initialized?): Command '['git', '-C', '/home/avalonas/.hermes/gematria/unified_overnight_research', 'add', '.']' returned non-zero exit status 128.
[2026-05-01T17:08:02Z] [INFO] 
📊 CYCLE #108 SUMMARY
[2026-05-01T17:08:02Z] [INFO] ✅ Successful tasks: 7/7
[2026-05-01T17:08:02Z] [INFO] ⏱️  Cycle duration: 81.05s
[2026-05-01T17:08:02Z] [INFO]    ⚠️ task: result
[2026-05-01T17:08:02Z] [INFO]    ⚠️ task: result
[2026-05-01T17:08:02Z] [INFO]    ⚠️ task: result
[2026-05-01T17:08:02Z] [INFO]    ⚠️ task: result
[2026-05-01T17:08:02Z] [INFO]    ⚠️ task: result
[2026-05-01T17:08:02Z] [INFO]    ⚠️ task: result
[2026-05-01T17:08:02Z] [INFO]    ⚠️ task: result
[2026-05-01T17:08:02Z] [HEADER] ================================================================================
[2026-05-01T17:08:02Z] [INFO] 🔄 OVERNIGHT RESEARCH PIPELINE - CYCLE #109
[2026-05-01T17:08:02Z] [INFO] ================================================================================
[2026-05-01T17:08:02Z] [HEADER] ============================================================
[2026-05-01T17:08:02Z] [INFO] 🌙 STARTING OVERNIGHT RESEARCH CYCLE #109
[2026-05-01T17:08:02Z] [INFO] 🔍 Running overnight research protocol (web scraping + cross-symbol analysis)...
[2026-05-01T17:08:03Z] [INFO] 📊 Cycle duration: 0.25s, Files generated: 1
[2026-05-01T17:08:03Z] [WARNING] ⚠️ Database not initialized for cycle counting
[2026-05-01T17:08:03Z] [INFO] 💾 Database updated with cycle results
[2026-05-01T17:08:03Z] [SECTION] ============================================================
[2026-05-01T17:08:03Z] [INFO] 🔮 PHASE: HIDDEN LAYERING DETECTION
[2026-05-01T17:08:03Z] [INFO] 🔗 Hidden layering detection complete. Connections identified: 2
[2026-05-01T17:08:03Z] [SECTION] ============================================================
[2026-05-01T17:08:03Z] [INFO] 🔬 PHASE: DOMAIN CORRELATION ANALYSIS
[2026-05-01T17:08:03Z] [INFO] 📊 Domain correlation matrices created: 2
[2026-05-01T17:08:03Z] [SECTION] ============================================================
[2026-05-01T17:08:03Z] [INFO] 🖼️  PHASE: IMAGE-SEED ANALYSIS
[2026-05-01T17:08:03Z] [INFO] 📂 Image seed analysis bootstrapping from 0 images...
[2026-05-01T17:08:03Z] [SECTION] ============================================================
[2026-05-01T17:08:03Z] [INFO] 📤 PHASE: PUSH COMPONENTS TO TOLARIA
[2026-05-01T17:08:04Z] [INFO] 📦 Components pushed to Tolaria: 5
[2026-05-01T17:08:04Z] [SECTION] ============================================================
[2026-05-01T17:08:04Z] [INFO] 🧩 PHASE: COMPOSER - DOMAIN INTEGRATION SYNTHESIS
[2026-05-01T17:08:23Z] [INFO] 🎨 Domain integrations synthesized: 0
[2026-05-01T17:08:23Z] [SECTION] ============================================================
[2026-05-01T17:08:23Z] [INFO] 🚀 PHASE: ADVANCED OVERNIGHT LOOP
[2026-05-01T17:09:18Z] [INFO] 🔬 Advanced loop completed cycles: 0
[2026-05-01T17:09:18Z] [WARNING] ⚠️  Git commit skipped or failed (git not initialized?): Command '['git', '-C', '/home/avalonas/.hermes/gematria/unified_overnight_research', 'commit', '-m', '[2026-05-01T17:09:18Z] Cycle 108: Cycle 109: Web research + hidden layering detection']' returned non-zero exit status 1.
[2026-05-01T17:09:18Z] [INFO] 
📊 CYCLE #109 SUMMARY
[2026-05-01T17:09:18Z] [INFO] ✅ Successful tasks: 7/7
[2026-05-01T17:09:18Z] [INFO] ⏱️  Cycle duration: 75.63s
[2026-05-01T17:09:18Z] [INFO]    ⚠️ task: result
[2026-05-01T17:09:18Z] [INFO]    ⚠️ task: result
[2026-05-01T17:09:18Z] [INFO]    ⚠️ task: result
[2026-05-01T17:09:18Z] [INFO]    ⚠️ task: result
[2026-05-01T17:09:18Z] [INFO]    ⚠️ task: result
[2026-05-01T17:09:18Z] [INFO]    ⚠️ task: result
[2026-05-01T17:09:18Z] [INFO]    ⚠️ task: result
[2026-05-01T17:09:18Z] [HEADER] ================================================================================
[2026-05-01T17:09:18Z] [INFO] 🔄 OVERNIGHT RESEARCH PIPELINE - CYCLE #110
[2026-05-01T17:09:18Z] [INFO] ================================================================================
[2026-05-01T17:09:18Z] [HEADER] ============================================================
[2026-05-01T17:09:18Z] [INFO] 🌙 STARTING OVERNIGHT RESEARCH CYCLE #110
[2026-05-01T17:09:18Z] [INFO] 🔍 Running overnight research protocol (web scraping + cross-symbol analysis)...
[2026-05-01T17:09:18Z] [INFO] 📊 Cycle duration: 0.17s, Files generated: 1
[2026-05-01T17:09:18Z] [WARNING] ⚠️ Database not initialized for cycle counting
[2026-05-01T17:09:18Z] [INFO] 💾 Database updated with cycle results
[2026-05-01T17:09:18Z] [SECTION] ============================================================
[2026-05-01T17:09:18Z] [INFO] 🔮 PHASE: HIDDEN LAYERING DETECTION
[2026-05-01T17:09:18Z] [INFO] 🔗 Hidden layering detection complete. Connections identified: 2
[2026-05-01T17:09:18Z] [SECTION] ============================================================
[2026-05-01T17:09:18Z] [INFO] 🔬 PHASE: DOMAIN CORRELATION ANALYSIS
[2026-05-01T17:09:18Z] [INFO] 📊 Domain correlation matrices created: 2
[2026-05-01T17:09:18Z] [SECTION] ============================================================
[2026-05-01T17:09:18Z] [INFO] 🖼️  PHASE: IMAGE-SEED ANALYSIS
[2026-05-01T17:09:18Z] [INFO] 📂 Image seed analysis bootstrapping from 0 images...
[2026-05-01T17:09:18Z] [SECTION] ============================================================
[2026-05-01T17:09:18Z] [INFO] 📤 PHASE: PUSH COMPONENTS TO TOLARIA
[2026-05-01T17:09:19Z] [INFO] 📦 Components pushed to Tolaria: 5
[2026-05-01T17:09:19Z] [SECTION] ============================================================
[2026-05-01T17:09:19Z] [INFO] 🧩 PHASE: COMPOSER - DOMAIN INTEGRATION SYNTHESIS
[2026-05-01T17:09:36Z] [INFO] 🎨 Domain integrations synthesized: 0
[2026-05-01T17:09:36Z] [SECTION] ============================================================
[2026-05-01T17:09:36Z] [INFO] 🚀 PHASE: ADVANCED OVERNIGHT LOOP
[2026-05-01T17:10:31Z] [INFO] 🔬 Advanced loop completed cycles: 0
[2026-05-01T17:10:31Z] [WARNING] ⚠️  Git commit skipped or failed (git not initialized?): Command '['git', '-C', '/home/avalonas/.hermes/gematria/unified_overnight_research', 'commit', '-m', '[2026-05-01T17:10:31Z] Cycle 109: Cycle 110: Web research + hidden layering detection']' returned non-zero exit status 1.
[2026-05-01T17:10:31Z] [INFO] 
📊 CYCLE #110 SUMMARY
[2026-05-01T17:10:31Z] [INFO] ✅ Successful tasks: 7/7
[2026-05-01T17:10:31Z] [INFO] ⏱️  Cycle duration: 73.33s
[2026-05-01T17:10:31Z] [INFO]    ⚠️ task: result
[2026-05-01T17:10:31Z] [INFO]    ⚠️ task: result
[2026-05-01T17:10:31Z] [INFO]    ⚠️ task: result
[2026-05-01T17:10:31Z] [INFO]    ⚠️ task: result
[2026-05-01T17:10:31Z] [INFO]    ⚠️ task: result
[2026-05-01T17:10:31Z] [INFO]    ⚠️ task: result
[2026-05-01T17:10:31Z] [INFO]    ⚠️ task: result
[2026-05-01T17:10:31Z] [HEADER] ================================================================================
[2026-05-01T17:10:31Z] [INFO] 🔄 OVERNIGHT RESEARCH PIPELINE - CYCLE #111
[2026-05-01T17:10:31Z] [INFO] ================================================================================
[2026-05-01T17:10:31Z] [HEADER] ============================================================
[2026-05-01T17:10:31Z] [INFO] 🌙 STARTING OVERNIGHT RESEARCH CYCLE #111
[2026-05-01T17:10:31Z] [INFO] 🔍 Running overnight research protocol (web scraping + cross-symbol analysis)...
[2026-05-01T17:10:32Z] [INFO] 📊 Cycle duration: 0.22s, Files generated: 1
[2026-05-01T17:10:32Z] [WARNING] ⚠️ Database not initialized for cycle counting
[2026-05-01T17:10:32Z] [INFO] 💾 Database updated with cycle results
[2026-05-01T17:10:32Z] [SECTION] ============================================================
[2026-05-01T17:10:32Z] [INFO] 🔮 PHASE: HIDDEN LAYERING DETECTION
[2026-05-01T17:10:32Z] [INFO] 🔗 Hidden layering detection complete. Connections identified: 2
[2026-05-01T17:10:32Z] [SECTION] ============================================================
[2026-05-01T17:10:32Z] [INFO] 🔬 PHASE: DOMAIN CORRELATION ANALYSIS
[2026-05-01T17:10:32Z] [INFO] 📊 Domain correlation matrices created: 2
[2026-05-01T17:10:32Z] [SECTION] ============================================================
[2026-05-01T17:10:32Z] [INFO] 🖼️  PHASE: IMAGE-SEED ANALYSIS
[2026-05-01T17:10:32Z] [INFO] 📂 Image seed analysis bootstrapping from 0 images...
[2026-05-01T17:10:32Z] [SECTION] ============================================================
[2026-05-01T17:10:32Z] [INFO] 📤 PHASE: PUSH COMPONENTS TO TOLARIA
[2026-05-01T17:10:33Z] [INFO] 📦 Components pushed to Tolaria: 5
[2026-05-01T17:10:33Z] [SECTION] ============================================================
[2026-05-01T17:10:33Z] [INFO] 🧩 PHASE: COMPOSER - DOMAIN INTEGRATION SYNTHESIS
[2026-05-01T17:10:51Z] [INFO] 🎨 Domain integrations synthesized: 0
[2026-05-01T17:10:51Z] [SECTION] ============================================================
[2026-05-01T17:10:51Z] [INFO] 🚀 PHASE: ADVANCED OVERNIGHT LOOP
[2026-05-01T17:11:45Z] [INFO] 🔬 Advanced loop completed cycles: 0
[2026-05-01T17:11:45Z] [WARNING] ⚠️  Git commit skipped or failed (git not initialized?): Command '['git', '-C', '/home/avalonas/.hermes/gematria/unified_overnight_research', 'commit', '-m', '[2026-05-01T17:11:45Z] Cycle 110: Cycle 111: Web research + hidden layering detection']' returned non-zero exit status 1.
[2026-05-01T17:11:45Z] [INFO] 
📊 CYCLE #111 SUMMARY
[2026-05-01T17:11:45Z] [INFO] ✅ Successful tasks: 7/7
[2026-05-01T17:11:45Z] [INFO] ⏱️  Cycle duration: 73.94s
[2026-05-01T17:11:45Z] [INFO]    ⚠️ task: result
[2026-05-01T17:11:45Z] [INFO]    ⚠️ task: result
[2026-05-01T17:11:45Z] [INFO]    ⚠️ task: result
[2026-05-01T17:11:45Z] [INFO]    ⚠️ task: result
[2026-05-01T17:11:45Z] [INFO]    ⚠️ task: result
[2026-05-01T17:11:45Z] [INFO]    ⚠️ task: result
[2026-05-01T17:11:45Z] [INFO]    ⚠️ task: result
[2026-05-01T17:11:45Z] [HEADER] ================================================================================
[2026-05-01T17:11:45Z] [INFO] 🔄 OVERNIGHT RESEARCH PIPELINE - CYCLE #112
[2026-05-01T17:11:45Z] [INFO] ================================================================================
[2026-05-01T17:11:45Z] [HEADER] ============================================================
[2026-05-01T17:11:45Z] [INFO] 🌙 STARTING OVERNIGHT RESEARCH CYCLE #112
[2026-05-01T17:11:45Z] [INFO] 🔍 Running overnight research protocol (web scraping + cross-symbol analysis)...
[2026-05-01T17:11:45Z] [INFO] 📊 Cycle duration: 0.20s, Files generated: 1
[2026-05-01T17:11:45Z] [WARNING] ⚠️ Database not initialized for cycle counting
[2026-05-01T17:11:45Z] [INFO] 💾 Database updated with cycle results
[2026-05-01T17:11:45Z] [SECTION] ============================================================
[2026-05-01T17:11:45Z] [INFO] 🔮 PHASE: HIDDEN LAYERING DETECTION
[2026-05-01T17:11:46Z] [INFO] 🔗 Hidden layering detection complete. Connections identified: 2
[2026-05-01T17:11:46Z] [SECTION] ============================================================
[2026-05-01T17:11:46Z] [INFO] 🔬 PHASE: DOMAIN CORRELATION ANALYSIS
[2026-05-01T17:11:46Z] [INFO] 📊 Domain correlation matrices created: 2
[2026-05-01T17:11:46Z] [SECTION] ============================================================
[2026-05-01T17:11:46Z] [INFO] 🖼️  PHASE: IMAGE-SEED ANALYSIS
[2026-05-01T17:11:46Z] [INFO] 📂 Image seed analysis bootstrapping from 0 images...
[2026-05-01T17:11:46Z] [SECTION] ============================================================
[2026-05-01T17:11:46Z] [INFO] 📤 PHASE: PUSH COMPONENTS TO TOLARIA
[2026-05-01T17:11:47Z] [INFO] 📦 Components pushed to Tolaria: 5
[2026-05-01T17:11:47Z] [SECTION] ============================================================
[2026-05-01T17:11:47Z] [INFO] 🧩 PHASE: COMPOSER - DOMAIN INTEGRATION SYNTHESIS
[2026-05-01T17:12:06Z] [INFO] 🎨 Domain integrations synthesized: 0
[2026-05-01T17:12:06Z] [SECTION] ============================================================
[2026-05-01T17:12:06Z] [INFO] 🚀 PHASE: ADVANCED OVERNIGHT LOOP
[2026-05-01T17:12:59Z] [INFO] 🔬 Advanced loop completed cycles: 0
[2026-05-01T17:12:59Z] [WARNING] ⚠️  Git commit skipped or failed (git not initialized?): Command '['git', '-C', '/home/avalonas/.hermes/gematria/unified_overnight_research', 'add', '.']' returned non-zero exit status 128.
[2026-05-01T17:12:59Z] [INFO] 
📊 CYCLE #112 SUMMARY
[2026-05-01T17:12:59Z] [INFO] ✅ Successful tasks: 7/7
[2026-05-01T17:12:59Z] [INFO] ⏱️  Cycle duration: 74.24s
[2026-05-01T17:12:59Z] [INFO]    ⚠️ task: result
[2026-05-01T17:12:59Z] [INFO]    ⚠️ task: result
[2026-05-01T17:12:59Z] [INFO]    ⚠️ task: result
[2026-05-01T17:12:59Z] [INFO]    ⚠️ task: result
[2026-05-01T17:12:59Z] [INFO]    ⚠️ task: result
[2026-05-01T17:12:59Z] [INFO]    ⚠️ task: result
[2026-05-01T17:12:59Z] [INFO]    ⚠️ task: result
[2026-05-01T17:12:59Z] [HEADER] ================================================================================
[2026-05-01T17:12:59Z] [INFO] 🔄 OVERNIGHT RESEARCH PIPELINE - CYCLE #113
[2026-05-01T17:12:59Z] [INFO] ================================================================================
[2026-05-01T17:12:59Z] [HEADER] ============================================================
[2026-05-01T17:12:59Z] [INFO] 🌙 STARTING OVERNIGHT RESEARCH CYCLE #113
[2026-05-01T17:12:59Z] [INFO] 🔍 Running overnight research protocol (web scraping + cross-symbol analysis)...
[2026-05-01T17:13:00Z] [INFO] 📊 Cycle duration: 0.27s, Files generated: 0
[2026-05-01T17:13:00Z] [WARNING] ⚠️ Database not initialized for cycle counting
[2026-05-01T17:13:00Z] [INFO] 💾 Database updated with cycle results
[2026-05-01T17:13:00Z] [SECTION] ============================================================
[2026-05-01T17:13:00Z] [INFO] 🔮 PHASE: HIDDEN LAYERING DETECTION
[2026-05-01T17:13:00Z] [INFO] 🔗 Hidden layering detection complete. Connections identified: 2
[2026-05-01T17:13:00Z] [SECTION] ============================================================
[2026-05-01T17:13:00Z] [INFO] 🔬 PHASE: DOMAIN CORRELATION ANALYSIS
[2026-05-01T17:13:00Z] [INFO] 📊 Domain correlation matrices created: 2
[2026-05-01T17:13:00Z] [SECTION] ============================================================
[2026-05-01T17:13:00Z] [INFO] 🖼️  PHASE: IMAGE-SEED ANALYSIS
[2026-05-01T17:13:00Z] [INFO] 📂 Image seed analysis bootstrapping from 0 images...
[2026-05-01T17:13:00Z] [SECTION] ============================================================
[2026-05-01T17:13:00Z] [INFO] 📤 PHASE: PUSH COMPONENTS TO TOLARIA
[2026-05-01T17:13:01Z] [INFO] 📦 Components pushed to Tolaria: 5
[2026-05-01T17:13:01Z] [SECTION] ============================================================
[2026-05-01T17:13:01Z] [INFO] 🧩 PHASE: COMPOSER - DOMAIN INTEGRATION SYNTHESIS
[2026-05-01T17:13:19Z] [INFO] 🎨 Domain integrations synthesized: 0
[2026-05-01T17:13:19Z] [SECTION] ============================================================
[2026-05-01T17:13:19Z] [INFO] 🚀 PHASE: ADVANCED OVERNIGHT LOOP
[2026-05-01T17:14:06Z] [INFO] 🔬 Advanced loop completed cycles: 0
[2026-05-01T17:14:06Z] [WARNING] ⚠️  Git commit skipped or failed (git not initialized?): Command '['git', '-C', '/home/avalonas/.hermes/gematria/unified_overnight_research', 'commit', '-m', '[2026-05-01T17:14:06Z] Cycle 112: Cycle 113: Web research + hidden layering detection']' returned non-zero exit status 1.
[2026-05-01T17:14:06Z] [INFO] 
📊 CYCLE #113 SUMMARY
[2026-05-01T17:14:06Z] [INFO] ✅ Successful tasks: 7/7
[2026-05-01T17:14:06Z] [INFO] ⏱️  Cycle duration: 66.85s
[2026-05-01T17:14:06Z] [INFO]    ⚠️ task: result
[2026-05-01T17:14:06Z] [INFO]    ⚠️ task: result
[2026-05-01T17:14:06Z] [INFO]    ⚠️ task: result
[2026-05-01T17:14:06Z] [INFO]    ⚠️ task: result
[2026-05-01T17:14:06Z] [INFO]    ⚠️ task: result
[2026-05-01T17:14:06Z] [INFO]    ⚠️ task: result
[2026-05-01T17:14:06Z] [INFO]    ⚠️ task: result
[2026-05-01T17:14:06Z] [HEADER] ================================================================================
[2026-05-01T17:14:06Z] [INFO] 🔄 OVERNIGHT RESEARCH PIPELINE - CYCLE #114
[2026-05-01T17:14:06Z] [INFO] ================================================================================
[2026-05-01T17:14:06Z] [HEADER] ============================================================
[2026-05-01T17:14:06Z] [INFO] 🌙 STARTING OVERNIGHT RESEARCH CYCLE #114
[2026-05-01T17:14:06Z] [INFO] 🔍 Running overnight research protocol (web scraping + cross-symbol analysis)...
[2026-05-01T17:14:07Z] [INFO] 📊 Cycle duration: 0.22s, Files generated: 1
[2026-05-01T17:14:07Z] [WARNING] ⚠️ Database not initialized for cycle counting
[2026-05-01T17:14:07Z] [INFO] 💾 Database updated with cycle results
[2026-05-01T17:14:07Z] [SECTION] ============================================================
[2026-05-01T17:14:07Z] [INFO] 🔮 PHASE: HIDDEN LAYERING DETECTION
[2026-05-01T17:14:07Z] [INFO] 🔗 Hidden layering detection complete. Connections identified: 2
[2026-05-01T17:14:07Z] [SECTION] ============================================================
[2026-05-01T17:14:07Z] [INFO] 🔬 PHASE: DOMAIN CORRELATION ANALYSIS
[2026-05-01T17:14:07Z] [INFO] 📊 Domain correlation matrices created: 2
[2026-05-01T17:14:07Z] [SECTION] ============================================================
[2026-05-01T17:14:07Z] [INFO] 🖼️  PHASE: IMAGE-SEED ANALYSIS
[2026-05-01T17:14:07Z] [INFO] 📂 Image seed analysis bootstrapping from 0 images...
[2026-05-01T17:14:07Z] [SECTION] ============================================================
[2026-05-01T17:14:07Z] [INFO] 📤 PHASE: PUSH COMPONENTS TO TOLARIA
[2026-05-01T17:14:08Z] [INFO] 📦 Components pushed to Tolaria: 5
[2026-05-01T17:14:08Z] [SECTION] ============================================================
[2026-05-01T17:14:08Z] [INFO] 🧩 PHASE: COMPOSER - DOMAIN INTEGRATION SYNTHESIS
[2026-05-01T17:14:25Z] [INFO] 🎨 Domain integrations synthesized: 0
[2026-05-01T17:14:25Z] [SECTION] ============================================================
[2026-05-01T17:14:25Z] [INFO] 🚀 PHASE: ADVANCED OVERNIGHT LOOP
[2026-05-01T17:15:15Z] [INFO] 🔬 Advanced loop completed cycles: 0
[2026-05-01T17:15:15Z] [WARNING] ⚠️  Git commit skipped or failed (git not initialized?): Command '['git', '-C', '/home/avalonas/.hermes/gematria/unified_overnight_research', 'commit', '-m', '[2026-05-01T17:15:15Z] Cycle 113: Cycle 114: Web research + hidden layering detection']' returned non-zero exit status 1.
[2026-05-01T17:15:15Z] [INFO] 
📊 CYCLE #114 SUMMARY
[2026-05-01T17:15:15Z] [INFO] ✅ Successful tasks: 7/7
[2026-05-01T17:15:15Z] [INFO] ⏱️  Cycle duration: 68.50s
[2026-05-01T17:15:15Z] [INFO]    ⚠️ task: result
[2026-05-01T17:15:15Z] [INFO]    ⚠️ task: result
[2026-05-01T17:15:15Z] [INFO]    ⚠️ task: result
[2026-05-01T17:15:15Z] [INFO]    ⚠️ task: result
[2026-05-01T17:15:15Z] [INFO]    ⚠️ task: result
[2026-05-01T17:15:15Z] [INFO]    ⚠️ task: result
[2026-05-01T17:15:15Z] [INFO]    ⚠️ task: result
[2026-05-01T17:15:15Z] [HEADER] ================================================================================
[2026-05-01T17:15:15Z] [INFO] 🔄 OVERNIGHT RESEARCH PIPELINE - CYCLE #115
[2026-05-01T17:15:15Z] [INFO] ================================================================================
[2026-05-01T17:15:15Z] [HEADER] ============================================================
[2026-05-01T17:15:15Z] [INFO] 🌙 STARTING OVERNIGHT RESEARCH CYCLE #115
[2026-05-01T17:15:15Z] [INFO] 🔍 Running overnight research protocol (web scraping + cross-symbol analysis)...
[2026-05-01T17:15:15Z] [INFO] 📊 Cycle duration: 0.21s, Files generated: 1
[2026-05-01T17:15:15Z] [WARNING] ⚠️ Database not initialized for cycle counting
[2026-05-01T17:15:15Z] [INFO] 💾 Database updated with cycle results
[2026-05-01T17:15:15Z] [SECTION] ============================================================
[2026-05-01T17:15:15Z] [INFO] 🔮 PHASE: HIDDEN LAYERING DETECTION
[2026-05-01T17:15:15Z] [INFO] 🔗 Hidden layering detection complete. Connections identified: 2
[2026-05-01T17:15:15Z] [SECTION] ============================================================
[2026-05-01T17:15:15Z] [INFO] 🔬 PHASE: DOMAIN CORRELATION ANALYSIS
[2026-05-01T17:15:15Z] [INFO] 📊 Domain correlation matrices created: 2
[2026-05-01T17:15:15Z] [SECTION] ============================================================
[2026-05-01T17:15:15Z] [INFO] 🖼️  PHASE: IMAGE-SEED ANALYSIS
[2026-05-01T17:15:15Z] [INFO] 📂 Image seed analysis bootstrapping from 0 images...
[2026-05-01T17:15:15Z] [SECTION] ============================================================
[2026-05-01T17:15:15Z] [INFO] 📤 PHASE: PUSH COMPONENTS TO TOLARIA
[2026-05-01T17:15:16Z] [INFO] 📦 Components pushed to Tolaria: 5
[2026-05-01T17:15:16Z] [SECTION] ============================================================
[2026-05-01T17:15:16Z] [INFO] 🧩 PHASE: COMPOSER - DOMAIN INTEGRATION SYNTHESIS
[2026-05-01T17:15:33Z] [INFO] 🎨 Domain integrations synthesized: 0
[2026-05-01T17:15:33Z] [SECTION] ============================================================
[2026-05-01T17:15:33Z] [INFO] 🚀 PHASE: ADVANCED OVERNIGHT LOOP
[2026-05-01T17:16:22Z] [INFO] 🔬 Advanced loop completed cycles: 0
[2026-05-01T17:16:22Z] [WARNING] ⚠️  Git commit skipped or failed (git not initialized?): Command '['git', '-C', '/home/avalonas/.hermes/gematria/unified_overnight_research', 'commit', '-m', '[2026-05-01T17:16:22Z] Cycle 114: Cycle 115: Web research + hidden layering detection']' returned non-zero exit status 1.
[2026-05-01T17:16:22Z] [INFO] 
📊 CYCLE #115 SUMMARY
[2026-05-01T17:16:22Z] [INFO] ✅ Successful tasks: 7/7
[2026-05-01T17:16:22Z] [INFO] ⏱️  Cycle duration: 66.98s
[2026-05-01T17:16:22Z] [INFO]    ⚠️ task: result
[2026-05-01T17:16:22Z] [INFO]    ⚠️ task: result
[2026-05-01T17:16:22Z] [INFO]    ⚠️ task: result
[2026-05-01T17:16:22Z] [INFO]    ⚠️ task: result
[2026-05-01T17:16:22Z] [INFO]    ⚠️ task: result
[2026-05-01T17:16:22Z] [INFO]    ⚠️ task: result
[2026-05-01T17:16:22Z] [INFO]    ⚠️ task: result
[2026-05-01T17:16:22Z] [HEADER] ================================================================================
[2026-05-01T17:16:22Z] [INFO] 🔄 OVERNIGHT RESEARCH PIPELINE - CYCLE #116
[2026-05-01T17:16:22Z] [INFO] ================================================================================
[2026-05-01T17:16:22Z] [HEADER] ============================================================
[2026-05-01T17:16:22Z] [INFO] 🌙 STARTING OVERNIGHT RESEARCH CYCLE #116
[2026-05-01T17:16:22Z] [INFO] 🔍 Running overnight research protocol (web scraping + cross-symbol analysis)...
[2026-05-01T17:16:22Z] [INFO] 📊 Cycle duration: 0.17s, Files generated: 1
[2026-05-01T17:16:22Z] [WARNING] ⚠️ Database not initialized for cycle counting
[2026-05-01T17:16:22Z] [INFO] 💾 Database updated with cycle results
[2026-05-01T17:16:22Z] [SECTION] ============================================================
[2026-05-01T17:16:22Z] [INFO] 🔮 PHASE: HIDDEN LAYERING DETECTION
[2026-05-01T17:16:22Z] [INFO] 🔗 Hidden layering detection complete. Connections identified: 2
[2026-05-01T17:16:22Z] [SECTION] ============================================================
[2026-05-01T17:16:22Z] [INFO] 🔬 PHASE: DOMAIN CORRELATION ANALYSIS
[2026-05-01T17:16:22Z] [INFO] 📊 Domain correlation matrices created: 2
[2026-05-01T17:16:22Z] [SECTION] ============================================================
[2026-05-01T17:16:22Z] [INFO] 🖼️  PHASE: IMAGE-SEED ANALYSIS
[2026-05-01T17:16:22Z] [INFO] 📂 Image seed analysis bootstrapping from 0 images...
[2026-05-01T17:16:22Z] [SECTION] ============================================================
[2026-05-01T17:16:22Z] [INFO] 📤 PHASE: PUSH COMPONENTS TO TOLARIA
[2026-05-01T17:16:23Z] [INFO] 📦 Components pushed to Tolaria: 5
[2026-05-01T17:16:23Z] [SECTION] ============================================================
[2026-05-01T17:16:23Z] [INFO] 🧩 PHASE: COMPOSER - DOMAIN INTEGRATION SYNTHESIS
[2026-05-01T17:16:42Z] [INFO] 🎨 Domain integrations synthesized: 0
[2026-05-01T17:16:42Z] [SECTION] ============================================================
[2026-05-01T17:16:42Z] [INFO] 🚀 PHASE: ADVANCED OVERNIGHT LOOP
[2026-05-01T17:17:33Z] [INFO] 🔬 Advanced loop completed cycles: 0
[2026-05-01T17:17:33Z] [WARNING] ⚠️  Git commit skipped or failed (git not initialized?): Command '['git', '-C', '/home/avalonas/.hermes/gematria/unified_overnight_research', 'commit', '-m', '[2026-05-01T17:17:33Z] Cycle 115: Cycle 116: Web research + hidden layering detection']' returned non-zero exit status 1.
[2026-05-01T17:17:33Z] [INFO] 
📊 CYCLE #116 SUMMARY
[2026-05-01T17:17:33Z] [INFO] ✅ Successful tasks: 7/7
[2026-05-01T17:17:33Z] [INFO] ⏱️  Cycle duration: 71.24s
[2026-05-01T17:17:33Z] [INFO]    ⚠️ task: result
[2026-05-01T17:17:33Z] [INFO]    ⚠️ task: result
[2026-05-01T17:17:33Z] [INFO]    ⚠️ task: result
[2026-05-01T17:17:33Z] [INFO]    ⚠️ task: result
[2026-05-01T17:17:33Z] [INFO]    ⚠️ task: result
[2026-05-01T17:17:33Z] [INFO]    ⚠️ task: result
[2026-05-01T17:17:33Z] [INFO]    ⚠️ task: result
[2026-05-01T17:17:33Z] [HEADER] ================================================================================
[2026-05-01T17:17:33Z] [INFO] 🔄 OVERNIGHT RESEARCH PIPELINE - CYCLE #117
[2026-05-01T17:17:33Z] [INFO] ================================================================================
[2026-05-01T17:17:33Z] [HEADER] ============================================================
[2026-05-01T17:17:33Z] [INFO] 🌙 STARTING OVERNIGHT RESEARCH CYCLE #117
[2026-05-01T17:17:33Z] [INFO] 🔍 Running overnight research protocol (web scraping + cross-symbol analysis)...
[2026-05-01T17:17:33Z] [INFO] 📊 Cycle duration: 0.17s, Files generated: 1
[2026-05-01T17:17:33Z] [WARNING] ⚠️ Database not initialized for cycle counting
[2026-05-01T17:17:33Z] [INFO] 💾 Database updated with cycle results
[2026-05-01T17:17:33Z] [SECTION] ============================================================
[2026-05-01T17:17:33Z] [INFO] 🔮 PHASE: HIDDEN LAYERING DETECTION
[2026-05-01T17:17:33Z] [INFO] 🔗 Hidden layering detection complete. Connections identified: 2
[2026-05-01T17:17:33Z] [SECTION] ============================================================
[2026-05-01T17:17:33Z] [INFO] 🔬 PHASE: DOMAIN CORRELATION ANALYSIS
[2026-05-01T17:17:33Z] [INFO] 📊 Domain correlation matrices created: 2
[2026-05-01T17:17:33Z] [SECTION] ============================================================
[2026-05-01T17:17:33Z] [INFO] 🖼️  PHASE: IMAGE-SEED ANALYSIS
[2026-05-01T17:17:33Z] [INFO] 📂 Image seed analysis bootstrapping from 0 images...
[2026-05-01T17:17:33Z] [SECTION] ============================================================
[2026-05-01T17:17:33Z] [INFO] 📤 PHASE: PUSH COMPONENTS TO TOLARIA
[2026-05-01T17:17:34Z] [INFO] 📦 Components pushed to Tolaria: 5
[2026-05-01T17:17:34Z] [SECTION] ============================================================
[2026-05-01T17:17:34Z] [INFO] 🧩 PHASE: COMPOSER - DOMAIN INTEGRATION SYNTHESIS
[2026-05-01T17:17:55Z] [INFO] 🎨 Domain integrations synthesized: 0
[2026-05-01T17:17:55Z] [SECTION] ============================================================
[2026-05-01T17:17:55Z] [INFO] 🚀 PHASE: ADVANCED OVERNIGHT LOOP
[2026-05-01T17:18:49Z] [INFO] 🔬 Advanced loop completed cycles: 0
[2026-05-01T17:18:49Z] [WARNING] ⚠️  Git commit skipped or failed (git not initialized?): Command '['git', '-C', '/home/avalonas/.hermes/gematria/unified_overnight_research', 'commit', '-m', '[2026-05-01T17:18:49Z] Cycle 116: Cycle 117: Web research + hidden layering detection']' returned non-zero exit status 1.
[2026-05-01T17:18:49Z] [INFO] 
📊 CYCLE #117 SUMMARY
[2026-05-01T17:18:49Z] [INFO] ✅ Successful tasks: 7/7
[2026-05-01T17:18:49Z] [INFO] ⏱️  Cycle duration: 75.72s
[2026-05-01T17:18:49Z] [INFO]    ⚠️ task: result
[2026-05-01T17:18:49Z] [INFO]    ⚠️ task: result
[2026-05-01T17:18:49Z] [INFO]    ⚠️ task: result
[2026-05-01T17:18:49Z] [INFO]    ⚠️ task: result
[2026-05-01T17:18:49Z] [INFO]    ⚠️ task: result
[2026-05-01T17:18:49Z] [INFO]    ⚠️ task: result
[2026-05-01T17:18:49Z] [INFO]    ⚠️ task: result
[2026-05-01T17:18:49Z] [HEADER] ================================================================================
[2026-05-01T17:18:49Z] [INFO] 🔄 OVERNIGHT RESEARCH PIPELINE - CYCLE #118
[2026-05-01T17:18:49Z] [INFO] ================================================================================
[2026-05-01T17:18:49Z] [HEADER] ============================================================
[2026-05-01T17:18:49Z] [INFO] 🌙 STARTING OVERNIGHT RESEARCH CYCLE #118
[2026-05-01T17:18:49Z] [INFO] 🔍 Running overnight research protocol (web scraping + cross-symbol analysis)...
[2026-05-01T17:18:49Z] [INFO] 📊 Cycle duration: 0.26s, Files generated: 1
[2026-05-01T17:18:49Z] [WARNING] ⚠️ Database not initialized for cycle counting
[2026-05-01T17:18:49Z] [INFO] 💾 Database updated with cycle results
[2026-05-01T17:18:49Z] [SECTION] ============================================================
[2026-05-01T17:18:49Z] [INFO] 🔮 PHASE: HIDDEN LAYERING DETECTION
[2026-05-01T17:18:49Z] [INFO] 🔗 Hidden layering detection complete. Connections identified: 2
[2026-05-01T17:18:49Z] [SECTION] ============================================================
[2026-05-01T17:18:49Z] [INFO] 🔬 PHASE: DOMAIN CORRELATION ANALYSIS
[2026-05-01T17:18:49Z] [INFO] 📊 Domain correlation matrices created: 2
[2026-05-01T17:18:49Z] [SECTION] ============================================================
[2026-05-01T17:18:49Z] [INFO] 🖼️  PHASE: IMAGE-SEED ANALYSIS
[2026-05-01T17:18:49Z] [INFO] 📂 Image seed analysis bootstrapping from 0 images...
[2026-05-01T17:18:49Z] [SECTION] ============================================================
[2026-05-01T17:18:49Z] [INFO] 📤 PHASE: PUSH COMPONENTS TO TOLARIA
[2026-05-01T17:18:50Z] [INFO] 📦 Components pushed to Tolaria: 5
[2026-05-01T17:18:50Z] [SECTION] ============================================================
[2026-05-01T17:18:50Z] [INFO] 🧩 PHASE: COMPOSER - DOMAIN INTEGRATION SYNTHESIS
[2026-05-01T17:19:11Z] [INFO] 🎨 Domain integrations synthesized: 0
[2026-05-01T17:19:11Z] [SECTION] ============================================================
[2026-05-01T17:19:11Z] [INFO] 🚀 PHASE: ADVANCED OVERNIGHT LOOP
[2026-05-01T17:20:11Z] [INFO] 🔬 Advanced loop completed cycles: 0
[2026-05-01T17:20:11Z] [WARNING] ⚠️  Git commit skipped or failed (git not initialized?): Command '['git', '-C', '/home/avalonas/.hermes/gematria/unified_overnight_research', 'add', '.']' returned non-zero exit status 128.
[2026-05-01T17:20:11Z] [INFO] 
📊 CYCLE #118 SUMMARY
[2026-05-01T17:20:11Z] [INFO] ✅ Successful tasks: 7/7
[2026-05-01T17:20:11Z] [INFO] ⏱️  Cycle duration: 82.50s
[2026-05-01T17:20:11Z] [INFO]    ⚠️ task: result
[2026-05-01T17:20:11Z] [INFO]    ⚠️ task: result
[2026-05-01T17:20:11Z] [INFO]    ⚠️ task: result
[2026-05-01T17:20:11Z] [INFO]    ⚠️ task: result
[2026-05-01T17:20:11Z] [INFO]    ⚠️ task: result
[2026-05-01T17:20:11Z] [INFO]    ⚠️ task: result
[2026-05-01T17:20:11Z] [INFO]    ⚠️ task: result
[2026-05-01T17:20:11Z] [HEADER] ================================================================================
[2026-05-01T17:20:11Z] [INFO] 🔄 OVERNIGHT RESEARCH PIPELINE - CYCLE #119
[2026-05-01T17:20:11Z] [INFO] ================================================================================
[2026-05-01T17:20:11Z] [HEADER] ============================================================
[2026-05-01T17:20:11Z] [INFO] 🌙 STARTING OVERNIGHT RESEARCH CYCLE #119
[2026-05-01T17:20:11Z] [INFO] 🔍 Running overnight research protocol (web scraping + cross-symbol analysis)...
[2026-05-01T17:20:12Z] [INFO] 📊 Cycle duration: 0.30s, Files generated: 1
[2026-05-01T17:20:12Z] [WARNING] ⚠️ Database not initialized for cycle counting
[2026-05-01T17:20:12Z] [INFO] 💾 Database updated with cycle results
[2026-05-01T17:20:12Z] [SECTION] ============================================================
[2026-05-01T17:20:12Z] [INFO] 🔮 PHASE: HIDDEN LAYERING DETECTION
[2026-05-01T17:20:12Z] [INFO] 🔗 Hidden layering detection complete. Connections identified: 2
[2026-05-01T17:20:12Z] [SECTION] ============================================================
[2026-05-01T17:20:12Z] [INFO] 🔬 PHASE: DOMAIN CORRELATION ANALYSIS
[2026-05-01T17:20:12Z] [INFO] 📊 Domain correlation matrices created: 2
[2026-05-01T17:20:12Z] [SECTION] ============================================================
[2026-05-01T17:20:12Z] [INFO] 🖼️  PHASE: IMAGE-SEED ANALYSIS
[2026-05-01T17:20:12Z] [INFO] 📂 Image seed analysis bootstrapping from 0 images...
[2026-05-01T17:20:12Z] [SECTION] ============================================================
[2026-05-01T17:20:12Z] [INFO] 📤 PHASE: PUSH COMPONENTS TO TOLARIA
[2026-05-01T17:20:13Z] [INFO] 📦 Components pushed to Tolaria: 5
[2026-05-01T17:20:13Z] [SECTION] ============================================================
[2026-05-01T17:20:13Z] [INFO] 🧩 PHASE: COMPOSER - DOMAIN INTEGRATION SYNTHESIS
[2026-05-01T17:20:32Z] [INFO] 🎨 Domain integrations synthesized: 0
[2026-05-01T17:20:32Z] [SECTION] ============================================================
[2026-05-01T17:20:32Z] [INFO] 🚀 PHASE: ADVANCED OVERNIGHT LOOP
[2026-05-01T17:21:24Z] [INFO] 🔬 Advanced loop completed cycles: 0
[2026-05-01T17:21:24Z] [WARNING] ⚠️  Git commit skipped or failed (git not initialized?): Command '['git', '-C', '/home/avalonas/.hermes/gematria/unified_overnight_research', 'add', '.']' returned non-zero exit status 128.
[2026-05-01T17:21:24Z] [INFO] 
📊 CYCLE #119 SUMMARY
[2026-05-01T17:21:24Z] [INFO] ✅ Successful tasks: 7/7
[2026-05-01T17:21:24Z] [INFO] ⏱️  Cycle duration: 72.97s
[2026-05-01T17:21:24Z] [INFO]    ⚠️ task: result
[2026-05-01T17:21:24Z] [INFO]    ⚠️ task: result
[2026-05-01T17:21:24Z] [INFO]    ⚠️ task: result
[2026-05-01T17:21:24Z] [INFO]    ⚠️ task: result
[2026-05-01T17:21:24Z] [INFO]    ⚠️ task: result
[2026-05-01T17:21:24Z] [INFO]    ⚠️ task: result
[2026-05-01T17:21:24Z] [INFO]    ⚠️ task: result
[2026-05-01T17:21:24Z] [HEADER] ================================================================================
[2026-05-01T17:21:24Z] [INFO] 🔄 OVERNIGHT RESEARCH PIPELINE - CYCLE #120
[2026-05-01T17:21:24Z] [INFO] ================================================================================
[2026-05-01T17:21:24Z] [HEADER] ============================================================
[2026-05-01T17:21:24Z] [INFO] 🌙 STARTING OVERNIGHT RESEARCH CYCLE #120
[2026-05-01T17:21:24Z] [INFO] 🔍 Running overnight research protocol (web scraping + cross-symbol analysis)...
[2026-05-01T17:21:24Z] [INFO] 📊 Cycle duration: 0.23s, Files generated: 0
[2026-05-01T17:21:24Z] [WARNING] ⚠️ Database not initialized for cycle counting
[2026-05-01T17:21:24Z] [INFO] 💾 Database updated with cycle results
[2026-05-01T17:21:24Z] [SECTION] ============================================================
[2026-05-01T17:21:24Z] [INFO] 🔮 PHASE: HIDDEN LAYERING DETECTION
[2026-05-01T17:21:25Z] [INFO] 🔗 Hidden layering detection complete. Connections identified: 2
[2026-05-01T17:21:25Z] [SECTION] ============================================================
[2026-05-01T17:21:25Z] [INFO] 🔬 PHASE: DOMAIN CORRELATION ANALYSIS
[2026-05-01T17:21:25Z] [INFO] 📊 Domain correlation matrices created: 2
[2026-05-01T17:21:25Z] [SECTION] ============================================================
[2026-05-01T17:21:25Z] [INFO] 🖼️  PHASE: IMAGE-SEED ANALYSIS
[2026-05-01T17:21:25Z] [INFO] 📂 Image seed analysis bootstrapping from 0 images...
[2026-05-01T17:21:25Z] [SECTION] ============================================================
[2026-05-01T17:21:25Z] [INFO] 📤 PHASE: PUSH COMPONENTS TO TOLARIA
[2026-05-01T17:21:25Z] [INFO] 📦 Components pushed to Tolaria: 5
[2026-05-01T17:21:25Z] [SECTION] ============================================================
[2026-05-01T17:21:25Z] [INFO] 🧩 PHASE: COMPOSER - DOMAIN INTEGRATION SYNTHESIS
[2026-05-01T17:21:46Z] [INFO] 🎨 Domain integrations synthesized: 0
[2026-05-01T17:21:46Z] [SECTION] ============================================================
[2026-05-01T17:21:46Z] [INFO] 🚀 PHASE: ADVANCED OVERNIGHT LOOP
[2026-05-01T17:22:49Z] [INFO] 🔬 Advanced loop completed cycles: 0
[2026-05-01T17:22:49Z] [WARNING] ⚠️  Git commit skipped or failed (git not initialized?): Command '['git', '-C', '/home/avalonas/.hermes/gematria/unified_overnight_research', 'commit', '-m', '[2026-05-01T17:22:49Z] Cycle 119: Cycle 120: Web research + hidden layering detection']' returned non-zero exit status 1.
[2026-05-01T17:22:49Z] [INFO] 
📊 CYCLE #120 SUMMARY
[2026-05-01T17:22:49Z] [INFO] ✅ Successful tasks: 7/7
[2026-05-01T17:22:49Z] [INFO] ⏱️  Cycle duration: 84.54s
[2026-05-01T17:22:49Z] [INFO]    ⚠️ task: result
[2026-05-01T17:22:49Z] [INFO]    ⚠️ task: result
[2026-05-01T17:22:49Z] [INFO]    ⚠️ task: result
[2026-05-01T17:22:49Z] [INFO]    ⚠️ task: result
[2026-05-01T17:22:49Z] [INFO]    ⚠️ task: result
[2026-05-01T17:22:49Z] [INFO]    ⚠️ task: result
[2026-05-01T17:22:49Z] [INFO]    ⚠️ task: result
[2026-05-01T17:22:49Z] [HEADER] ================================================================================
[2026-05-01T17:22:49Z] [INFO] 🔄 OVERNIGHT RESEARCH PIPELINE - CYCLE #121
[2026-05-01T17:22:49Z] [INFO] ================================================================================
[2026-05-01T17:22:49Z] [HEADER] ============================================================
[2026-05-01T17:22:49Z] [INFO] 🌙 STARTING OVERNIGHT RESEARCH CYCLE #121
[2026-05-01T17:22:49Z] [INFO] 🔍 Running overnight research protocol (web scraping + cross-symbol analysis)...
[2026-05-01T17:22:49Z] [INFO] 📊 Cycle duration: 0.28s, Files generated: 1
[2026-05-01T17:22:49Z] [WARNING] ⚠️ Database not initialized for cycle counting
[2026-05-01T17:22:49Z] [INFO] 💾 Database updated with cycle results
[2026-05-01T17:22:49Z] [SECTION] ============================================================
[2026-05-01T17:22:49Z] [INFO] 🔮 PHASE: HIDDEN LAYERING DETECTION
[2026-05-01T17:22:49Z] [INFO] 🔗 Hidden layering detection complete. Connections identified: 2
[2026-05-01T17:22:49Z] [SECTION] ============================================================
[2026-05-01T17:22:49Z] [INFO] 🔬 PHASE: DOMAIN CORRELATION ANALYSIS
[2026-05-01T17:22:49Z] [INFO] 📊 Domain correlation matrices created: 2
[2026-05-01T17:22:49Z] [SECTION] ============================================================
[2026-05-01T17:22:49Z] [INFO] 🖼️  PHASE: IMAGE-SEED ANALYSIS
[2026-05-01T17:22:49Z] [INFO] 📂 Image seed analysis bootstrapping from 0 images...
[2026-05-01T17:22:49Z] [SECTION] ============================================================
[2026-05-01T17:22:49Z] [INFO] 📤 PHASE: PUSH COMPONENTS TO TOLARIA
[2026-05-01T17:22:50Z] [INFO] 📦 Components pushed to Tolaria: 5
[2026-05-01T17:22:50Z] [SECTION] ============================================================
[2026-05-01T17:22:50Z] [INFO] 🧩 PHASE: COMPOSER - DOMAIN INTEGRATION SYNTHESIS
[2026-05-01T17:23:06Z] [INFO] 🎨 Domain integrations synthesized: 0
[2026-05-01T17:23:06Z] [SECTION] ============================================================
[2026-05-01T17:23:06Z] [INFO] 🚀 PHASE: ADVANCED OVERNIGHT LOOP
[2026-05-01T17:24:07Z] [INFO] 🔬 Advanced loop completed cycles: 0
[2026-05-01T17:24:07Z] [WARNING] ⚠️  Git commit skipped or failed (git not initialized?): Command '['git', '-C', '/home/avalonas/.hermes/gematria/unified_overnight_research', 'add', '.']' returned non-zero exit status 128.
[2026-05-01T17:24:07Z] [INFO] 
📊 CYCLE #121 SUMMARY
[2026-05-01T17:24:07Z] [INFO] ✅ Successful tasks: 7/7
[2026-05-01T17:24:07Z] [INFO] ⏱️  Cycle duration: 77.93s
[2026-05-01T17:24:07Z] [INFO]    ⚠️ task: result
[2026-05-01T17:24:07Z] [INFO]    ⚠️ task: result
[2026-05-01T17:24:07Z] [INFO]    ⚠️ task: result
[2026-05-01T17:24:07Z] [INFO]    ⚠️ task: result
[2026-05-01T17:24:07Z] [INFO]    ⚠️ task: result
[2026-05-01T17:24:07Z] [INFO]    ⚠️ task: result
[2026-05-01T17:24:07Z] [INFO]    ⚠️ task: result
[2026-05-01T17:24:07Z] [HEADER] ================================================================================
[2026-05-01T17:24:07Z] [INFO] 🔄 OVERNIGHT RESEARCH PIPELINE - CYCLE #122
[2026-05-01T17:24:07Z] [INFO] ================================================================================
[2026-05-01T17:24:07Z] [HEADER] ============================================================
[2026-05-01T17:24:07Z] [INFO] 🌙 STARTING OVERNIGHT RESEARCH CYCLE #122
[2026-05-01T17:24:07Z] [INFO] 🔍 Running overnight research protocol (web scraping + cross-symbol analysis)...
[2026-05-01T17:24:07Z] [INFO] 📊 Cycle duration: 0.19s, Files generated: 0
[2026-05-01T17:24:07Z] [WARNING] ⚠️ Database not initialized for cycle counting
[2026-05-01T17:24:07Z] [INFO] 💾 Database updated with cycle results
[2026-05-01T17:24:07Z] [SECTION] ============================================================
[2026-05-01T17:24:07Z] [INFO] 🔮 PHASE: HIDDEN LAYERING DETECTION
[2026-05-01T17:24:07Z] [INFO] 🔗 Hidden layering detection complete. Connections identified: 2
[2026-05-01T17:24:07Z] [SECTION] ============================================================
[2026-05-01T17:24:07Z] [INFO] 🔬 PHASE: DOMAIN CORRELATION ANALYSIS
[2026-05-01T17:24:07Z] [INFO] 📊 Domain correlation matrices created: 2
[2026-05-01T17:24:07Z] [SECTION] ============================================================
[2026-05-01T17:24:07Z] [INFO] 🖼️  PHASE: IMAGE-SEED ANALYSIS
[2026-05-01T17:24:07Z] [INFO] 📂 Image seed analysis bootstrapping from 0 images...
[2026-05-01T17:24:07Z] [SECTION] ============================================================
[2026-05-01T17:24:07Z] [INFO] 📤 PHASE: PUSH COMPONENTS TO TOLARIA
[2026-05-01T17:24:08Z] [INFO] 📦 Components pushed to Tolaria: 5
[2026-05-01T17:24:08Z] [SECTION] ============================================================
[2026-05-01T17:24:08Z] [INFO] 🧩 PHASE: COMPOSER - DOMAIN INTEGRATION SYNTHESIS
[2026-05-01T17:24:31Z] [INFO] 🎨 Domain integrations synthesized: 0
[2026-05-01T17:24:31Z] [SECTION] ============================================================
[2026-05-01T17:24:31Z] [INFO] 🚀 PHASE: ADVANCED OVERNIGHT LOOP
[2026-05-01T17:25:22Z] [INFO] 🔬 Advanced loop completed cycles: 0
[2026-05-01T17:25:22Z] [WARNING] ⚠️  Git commit skipped or failed (git not initialized?): Command '['git', '-C', '/home/avalonas/.hermes/gematria/unified_overnight_research', 'add', '.']' returned non-zero exit status 128.
[2026-05-01T17:25:22Z] [INFO] 
📊 CYCLE #122 SUMMARY
[2026-05-01T17:25:22Z] [INFO] ✅ Successful tasks: 7/7
[2026-05-01T17:25:22Z] [INFO] ⏱️  Cycle duration: 75.63s
[2026-05-01T17:25:22Z] [INFO]    ⚠️ task: result
[2026-05-01T17:25:22Z] [INFO]    ⚠️ task: result
[2026-05-01T17:25:22Z] [INFO]    ⚠️ task: result
[2026-05-01T17:25:22Z] [INFO]    ⚠️ task: result
[2026-05-01T17:25:22Z] [INFO]    ⚠️ task: result
[2026-05-01T17:25:22Z] [INFO]    ⚠️ task: result
[2026-05-01T17:25:22Z] [INFO]    ⚠️ task: result
[2026-05-01T17:25:22Z] [HEADER] ================================================================================
[2026-05-01T17:25:22Z] [INFO] 🔄 OVERNIGHT RESEARCH PIPELINE - CYCLE #123
[2026-05-01T17:25:22Z] [INFO] ================================================================================
[2026-05-01T17:25:22Z] [HEADER] ============================================================
[2026-05-01T17:25:22Z] [INFO] 🌙 STARTING OVERNIGHT RESEARCH CYCLE #123
[2026-05-01T17:25:22Z] [INFO] 🔍 Running overnight research protocol (web scraping + cross-symbol analysis)...
[2026-05-01T17:25:23Z] [INFO] 📊 Cycle duration: 0.27s, Files generated: 1
[2026-05-01T17:25:23Z] [WARNING] ⚠️ Database not initialized for cycle counting
[2026-05-01T17:25:23Z] [INFO] 💾 Database updated with cycle results
[2026-05-01T17:25:23Z] [SECTION] ============================================================
[2026-05-01T17:25:23Z] [INFO] 🔮 PHASE: HIDDEN LAYERING DETECTION
[2026-05-01T17:25:23Z] [INFO] 🔗 Hidden layering detection complete. Connections identified: 2
[2026-05-01T17:25:23Z] [SECTION] ============================================================
[2026-05-01T17:25:23Z] [INFO] 🔬 PHASE: DOMAIN CORRELATION ANALYSIS
[2026-05-01T17:25:23Z] [INFO] 📊 Domain correlation matrices created: 2
[2026-05-01T17:25:23Z] [SECTION] ============================================================
[2026-05-01T17:25:23Z] [INFO] 🖼️  PHASE: IMAGE-SEED ANALYSIS
[2026-05-01T17:25:23Z] [INFO] 📂 Image seed analysis bootstrapping from 0 images...
[2026-05-01T17:25:23Z] [SECTION] ============================================================
[2026-05-01T17:25:23Z] [INFO] 📤 PHASE: PUSH COMPONENTS TO TOLARIA
[2026-05-01T17:25:24Z] [INFO] 📦 Components pushed to Tolaria: 5
[2026-05-01T17:25:24Z] [SECTION] ============================================================
[2026-05-01T17:25:24Z] [INFO] 🧩 PHASE: COMPOSER - DOMAIN INTEGRATION SYNTHESIS
[2026-05-01T17:25:41Z] [INFO] 🎨 Domain integrations synthesized: 0
[2026-05-01T17:25:41Z] [SECTION] ============================================================
[2026-05-01T17:25:41Z] [INFO] 🚀 PHASE: ADVANCED OVERNIGHT LOOP
[2026-05-01T17:26:36Z] [INFO] 🔬 Advanced loop completed cycles: 0
[2026-05-01T17:26:36Z] [WARNING] ⚠️  Git commit skipped or failed (git not initialized?): Command '['git', '-C', '/home/avalonas/.hermes/gematria/unified_overnight_research', 'commit', '-m', '[2026-05-01T17:26:36Z] Cycle 122: Cycle 123: Web research + hidden layering detection']' returned non-zero exit status 128.
[2026-05-01T17:26:36Z] [INFO] 
📊 CYCLE #123 SUMMARY
[2026-05-01T17:26:36Z] [INFO] ✅ Successful tasks: 7/7
[2026-05-01T17:26:36Z] [INFO] ⏱️  Cycle duration: 73.87s
[2026-05-01T17:26:36Z] [INFO]    ⚠️ task: result
[2026-05-01T17:26:36Z] [INFO]    ⚠️ task: result
[2026-05-01T17:26:36Z] [INFO]    ⚠️ task: result
[2026-05-01T17:26:36Z] [INFO]    ⚠️ task: result
[2026-05-01T17:26:36Z] [INFO]    ⚠️ task: result
[2026-05-01T17:26:36Z] [INFO]    ⚠️ task: result
[2026-05-01T17:26:36Z] [INFO]    ⚠️ task: result
[2026-05-01T17:26:36Z] [HEADER] ================================================================================
[2026-05-01T17:26:36Z] [INFO] 🔄 OVERNIGHT RESEARCH PIPELINE - CYCLE #124
[2026-05-01T17:26:36Z] [INFO] ================================================================================
[2026-05-01T17:26:36Z] [HEADER] ============================================================
[2026-05-01T17:26:36Z] [INFO] 🌙 STARTING OVERNIGHT RESEARCH CYCLE #124
[2026-05-01T17:26:36Z] [INFO] 🔍 Running overnight research protocol (web scraping + cross-symbol analysis)...
[2026-05-01T17:26:36Z] [INFO] 📊 Cycle duration: 0.21s, Files generated: 0
[2026-05-01T17:26:36Z] [WARNING] ⚠️ Database not initialized for cycle counting
[2026-05-01T17:26:36Z] [INFO] 💾 Database updated with cycle results
[2026-05-01T17:26:36Z] [SECTION] ============================================================
[2026-05-01T17:26:36Z] [INFO] 🔮 PHASE: HIDDEN LAYERING DETECTION
[2026-05-01T17:26:37Z] [INFO] 🔗 Hidden layering detection complete. Connections identified: 2
[2026-05-01T17:26:37Z] [SECTION] ============================================================
[2026-05-01T17:26:37Z] [INFO] 🔬 PHASE: DOMAIN CORRELATION ANALYSIS
[2026-05-01T17:26:37Z] [INFO] 📊 Domain correlation matrices created: 2
[2026-05-01T17:26:37Z] [SECTION] ============================================================
[2026-05-01T17:26:37Z] [INFO] 🖼️  PHASE: IMAGE-SEED ANALYSIS
[2026-05-01T17:26:37Z] [INFO] 📂 Image seed analysis bootstrapping from 0 images...
[2026-05-01T17:26:37Z] [SECTION] ============================================================
[2026-05-01T17:26:37Z] [INFO] 📤 PHASE: PUSH COMPONENTS TO TOLARIA
[2026-05-01T17:26:38Z] [INFO] 📦 Components pushed to Tolaria: 5
[2026-05-01T17:26:38Z] [SECTION] ============================================================
[2026-05-01T17:26:38Z] [INFO] 🧩 PHASE: COMPOSER - DOMAIN INTEGRATION SYNTHESIS
[2026-05-01T17:26:57Z] [INFO] 🎨 Domain integrations synthesized: 0
[2026-05-01T17:26:57Z] [SECTION] ============================================================
[2026-05-01T17:26:57Z] [INFO] 🚀 PHASE: ADVANCED OVERNIGHT LOOP
[2026-05-01T17:27:44Z] [INFO] 🔬 Advanced loop completed cycles: 0
[2026-05-01T17:27:44Z] [WARNING] ⚠️  Git commit skipped or failed (git not initialized?): Command '['git', '-C', '/home/avalonas/.hermes/gematria/unified_overnight_research', 'commit', '-m', '[2026-05-01T17:27:44Z] Cycle 123: Cycle 124: Web research + hidden layering detection']' returned non-zero exit status 1.
[2026-05-01T17:27:44Z] [INFO] 
📊 CYCLE #124 SUMMARY
[2026-05-01T17:27:44Z] [INFO] ✅ Successful tasks: 7/7
[2026-05-01T17:27:44Z] [INFO] ⏱️  Cycle duration: 67.42s
[2026-05-01T17:27:44Z] [INFO]    ⚠️ task: result
[2026-05-01T17:27:44Z] [INFO]    ⚠️ task: result
[2026-05-01T17:27:44Z] [INFO]    ⚠️ task: result
[2026-05-01T17:27:44Z] [INFO]    ⚠️ task: result
[2026-05-01T17:27:44Z] [INFO]    ⚠️ task: result
[2026-05-01T17:27:44Z] [INFO]    ⚠️ task: result
[2026-05-01T17:27:44Z] [INFO]    ⚠️ task: result
[2026-05-01T17:27:44Z] [HEADER] ================================================================================
[2026-05-01T17:27:44Z] [INFO] 🔄 OVERNIGHT RESEARCH PIPELINE - CYCLE #125
[2026-05-01T17:27:44Z] [INFO] ================================================================================
[2026-05-01T17:27:44Z] [HEADER] ============================================================
[2026-05-01T17:27:44Z] [INFO] 🌙 STARTING OVERNIGHT RESEARCH CYCLE #125
[2026-05-01T17:27:44Z] [INFO] 🔍 Running overnight research protocol (web scraping + cross-symbol analysis)...
[2026-05-01T17:27:44Z] [INFO] 📊 Cycle duration: 0.27s, Files generated: 0
[2026-05-01T17:27:44Z] [WARNING] ⚠️ Database not initialized for cycle counting
[2026-05-01T17:27:44Z] [INFO] 💾 Database updated with cycle results
[2026-05-01T17:27:44Z] [SECTION] ============================================================
[2026-05-01T17:27:44Z] [INFO] 🔮 PHASE: HIDDEN LAYERING DETECTION
[2026-05-01T17:27:44Z] [INFO] 🔗 Hidden layering detection complete. Connections identified: 2
[2026-05-01T17:27:44Z] [SECTION] ============================================================
[2026-05-01T17:27:44Z] [INFO] 🔬 PHASE: DOMAIN CORRELATION ANALYSIS
[2026-05-01T17:27:44Z] [INFO] 📊 Domain correlation matrices created: 2
[2026-05-01T17:27:44Z] [SECTION] ============================================================
[2026-05-01T17:27:44Z] [INFO] 🖼️  PHASE: IMAGE-SEED ANALYSIS
[2026-05-01T17:27:44Z] [INFO] 📂 Image seed analysis bootstrapping from 0 images...
[2026-05-01T17:27:44Z] [SECTION] ============================================================
[2026-05-01T17:27:44Z] [INFO] 📤 PHASE: PUSH COMPONENTS TO TOLARIA
[2026-05-01T17:27:45Z] [INFO] 📦 Components pushed to Tolaria: 5
[2026-05-01T17:27:45Z] [SECTION] ============================================================
[2026-05-01T17:27:45Z] [INFO] 🧩 PHASE: COMPOSER - DOMAIN INTEGRATION SYNTHESIS
[2026-05-01T17:28:04Z] [INFO] 🎨 Domain integrations synthesized: 0
[2026-05-01T17:28:04Z] [SECTION] ============================================================
[2026-05-01T17:28:04Z] [INFO] 🚀 PHASE: ADVANCED OVERNIGHT LOOP
[2026-05-01T17:28:55Z] [INFO] 🔬 Advanced loop completed cycles: 0
[2026-05-01T17:28:56Z] [WARNING] ⚠️  Git commit skipped or failed (git not initialized?): Command '['git', '-C', '/home/avalonas/.hermes/gematria/unified_overnight_research', 'commit', '-m', '[2026-05-01T17:28:56Z] Cycle 124: Cycle 125: Web research + hidden layering detection']' returned non-zero exit status 1.
[2026-05-01T17:28:56Z] [INFO] 
📊 CYCLE #125 SUMMARY
[2026-05-01T17:28:56Z] [INFO] ✅ Successful tasks: 7/7
[2026-05-01T17:28:56Z] [INFO] ⏱️  Cycle duration: 71.91s
[2026-05-01T17:28:56Z] [INFO]    ⚠️ task: result
[2026-05-01T17:28:56Z] [INFO]    ⚠️ task: result
[2026-05-01T17:28:56Z] [INFO]    ⚠️ task: result
[2026-05-01T17:28:56Z] [INFO]    ⚠️ task: result
[2026-05-01T17:28:56Z] [INFO]    ⚠️ task: result
[2026-05-01T17:28:56Z] [INFO]    ⚠️ task: result
[2026-05-01T17:28:56Z] [INFO]    ⚠️ task: result
[2026-05-01T17:28:56Z] [HEADER] ================================================================================
[2026-05-01T17:28:56Z] [INFO] 🔄 OVERNIGHT RESEARCH PIPELINE - CYCLE #126
[2026-05-01T17:28:56Z] [INFO] ================================================================================
[2026-05-01T17:28:56Z] [HEADER] ============================================================
[2026-05-01T17:28:56Z] [INFO] 🌙 STARTING OVERNIGHT RESEARCH CYCLE #126
[2026-05-01T17:28:56Z] [INFO] 🔍 Running overnight research protocol (web scraping + cross-symbol analysis)...
[2026-05-01T17:28:56Z] [INFO] 📊 Cycle duration: 0.20s, Files generated: 0
[2026-05-01T17:28:56Z] [WARNING] ⚠️ Database not initialized for cycle counting
[2026-05-01T17:28:56Z] [INFO] 💾 Database updated with cycle results
[2026-05-01T17:28:56Z] [SECTION] ============================================================
[2026-05-01T17:28:56Z] [INFO] 🔮 PHASE: HIDDEN LAYERING DETECTION
[2026-05-01T17:28:56Z] [INFO] 🔗 Hidden layering detection complete. Connections identified: 2
[2026-05-01T17:28:56Z] [SECTION] ============================================================
[2026-05-01T17:28:56Z] [INFO] 🔬 PHASE: DOMAIN CORRELATION ANALYSIS
[2026-05-01T17:28:56Z] [INFO] 📊 Domain correlation matrices created: 1
[2026-05-01T17:28:56Z] [SECTION] ============================================================
[2026-05-01T17:28:56Z] [INFO] 🖼️  PHASE: IMAGE-SEED ANALYSIS
[2026-05-01T17:28:56Z] [INFO] 📂 Image seed analysis bootstrapping from 0 images...
[2026-05-01T17:28:56Z] [SECTION] ============================================================
[2026-05-01T17:28:56Z] [INFO] 📤 PHASE: PUSH COMPONENTS TO TOLARIA
[2026-05-01T17:28:57Z] [INFO] 📦 Components pushed to Tolaria: 5
[2026-05-01T17:28:57Z] [SECTION] ============================================================
[2026-05-01T17:28:57Z] [INFO] 🧩 PHASE: COMPOSER - DOMAIN INTEGRATION SYNTHESIS
[2026-05-01T17:29:10Z] [INFO] 🎨 Domain integrations synthesized: 0
[2026-05-01T17:29:10Z] [SECTION] ============================================================
[2026-05-01T17:29:10Z] [INFO] 🚀 PHASE: ADVANCED OVERNIGHT LOOP
[2026-05-01T17:30:04Z] [INFO] 🔬 Advanced loop completed cycles: 0
[2026-05-01T17:30:04Z] [WARNING] ⚠️  Git commit skipped or failed (git not initialized?): Command '['git', '-C', '/home/avalonas/.hermes/gematria/unified_overnight_research', 'commit', '-m', '[2026-05-01T17:30:04Z] Cycle 125: Cycle 126: Web research + hidden layering detection']' returned non-zero exit status 1.
[2026-05-01T17:30:04Z] [INFO] 
📊 CYCLE #126 SUMMARY
[2026-05-01T17:30:04Z] [INFO] ✅ Successful tasks: 7/7
[2026-05-01T17:30:04Z] [INFO] ⏱️  Cycle duration: 68.09s
[2026-05-01T17:30:04Z] [INFO]    ⚠️ task: result
[2026-05-01T17:30:04Z] [INFO]    ⚠️ task: result
[2026-05-01T17:30:04Z] [INFO]    ⚠️ task: result
[2026-05-01T17:30:04Z] [INFO]    ⚠️ task: result
[2026-05-01T17:30:04Z] [INFO]    ⚠️ task: result
[2026-05-01T17:30:04Z] [INFO]    ⚠️ task: result
[2026-05-01T17:30:04Z] [INFO]    ⚠️ task: result
[2026-05-01T17:30:04Z] [HEADER] ================================================================================
[2026-05-01T17:30:04Z] [INFO] 🔄 OVERNIGHT RESEARCH PIPELINE - CYCLE #127
[2026-05-01T17:30:04Z] [INFO] ================================================================================
[2026-05-01T17:30:04Z] [HEADER] ============================================================
[2026-05-01T17:30:04Z] [INFO] 🌙 STARTING OVERNIGHT RESEARCH CYCLE #127
[2026-05-01T17:30:04Z] [INFO] 🔍 Running overnight research protocol (web scraping + cross-symbol analysis)...
[2026-05-01T17:30:04Z] [INFO] 📊 Cycle duration: 0.20s, Files generated: 1
[2026-05-01T17:30:04Z] [WARNING] ⚠️ Database not initialized for cycle counting
[2026-05-01T17:30:04Z] [INFO] 💾 Database updated with cycle results
[2026-05-01T17:30:04Z] [SECTION] ============================================================
[2026-05-01T17:30:04Z] [INFO] 🔮 PHASE: HIDDEN LAYERING DETECTION
[2026-05-01T17:30:04Z] [INFO] 🔗 Hidden layering detection complete. Connections identified: 2
[2026-05-01T17:30:04Z] [SECTION] ============================================================
[2026-05-01T17:30:04Z] [INFO] 🔬 PHASE: DOMAIN CORRELATION ANALYSIS
[2026-05-01T17:30:04Z] [INFO] 📊 Domain correlation matrices created: 1
[2026-05-01T17:30:04Z] [SECTION] ============================================================
[2026-05-01T17:30:04Z] [INFO] 🖼️  PHASE: IMAGE-SEED ANALYSIS
[2026-05-01T17:30:04Z] [INFO] 📂 Image seed analysis bootstrapping from 0 images...
[2026-05-01T17:30:04Z] [SECTION] ============================================================
[2026-05-01T17:30:04Z] [INFO] 📤 PHASE: PUSH COMPONENTS TO TOLARIA
[2026-05-01T17:30:05Z] [INFO] 📦 Components pushed to Tolaria: 5
[2026-05-01T17:30:05Z] [SECTION] ============================================================
[2026-05-01T17:30:05Z] [INFO] 🧩 PHASE: COMPOSER - DOMAIN INTEGRATION SYNTHESIS
[2026-05-01T17:30:23Z] [INFO] 🎨 Domain integrations synthesized: 0
[2026-05-01T17:30:23Z] [SECTION] ============================================================
[2026-05-01T17:30:23Z] [INFO] 🚀 PHASE: ADVANCED OVERNIGHT LOOP
[2026-05-01T17:31:10Z] [INFO] 🔬 Advanced loop completed cycles: 0
[2026-05-01T17:31:11Z] [WARNING] ⚠️  Git commit skipped or failed (git not initialized?): Command '['git', '-C', '/home/avalonas/.hermes/gematria/unified_overnight_research', 'add', '.']' returned non-zero exit status 128.
[2026-05-01T17:31:11Z] [INFO] 
📊 CYCLE #127 SUMMARY
[2026-05-01T17:31:11Z] [INFO] ✅ Successful tasks: 7/7
[2026-05-01T17:31:11Z] [INFO] ⏱️  Cycle duration: 66.88s
[2026-05-01T17:31:11Z] [INFO]    ⚠️ task: result
[2026-05-01T17:31:11Z] [INFO]    ⚠️ task: result
[2026-05-01T17:31:11Z] [INFO]    ⚠️ task: result
[2026-05-01T17:31:11Z] [INFO]    ⚠️ task: result
[2026-05-01T17:31:11Z] [INFO]    ⚠️ task: result
[2026-05-01T17:31:11Z] [INFO]    ⚠️ task: result
[2026-05-01T17:31:11Z] [INFO]    ⚠️ task: result
[2026-05-01T17:31:11Z] [HEADER] ================================================================================
[2026-05-01T17:31:11Z] [INFO] 🔄 OVERNIGHT RESEARCH PIPELINE - CYCLE #128
[2026-05-01T17:31:11Z] [INFO] ================================================================================
[2026-05-01T17:31:11Z] [HEADER] ============================================================
[2026-05-01T17:31:11Z] [INFO] 🌙 STARTING OVERNIGHT RESEARCH CYCLE #128
[2026-05-01T17:31:11Z] [INFO] 🔍 Running overnight research protocol (web scraping + cross-symbol analysis)...
[2026-05-01T17:31:11Z] [INFO] 📊 Cycle duration: 0.30s, Files generated: 1
[2026-05-01T17:31:11Z] [WARNING] ⚠️ Database not initialized for cycle counting
[2026-05-01T17:31:11Z] [INFO] 💾 Database updated with cycle results
[2026-05-01T17:31:11Z] [SECTION] ============================================================
[2026-05-01T17:31:11Z] [INFO] 🔮 PHASE: HIDDEN LAYERING DETECTION
[2026-05-01T17:31:11Z] [INFO] 🔗 Hidden layering detection complete. Connections identified: 2
[2026-05-01T17:31:11Z] [SECTION] ============================================================
[2026-05-01T17:31:11Z] [INFO] 🔬 PHASE: DOMAIN CORRELATION ANALYSIS
[2026-05-01T17:31:11Z] [INFO] 📊 Domain correlation matrices created: 1
[2026-05-01T17:31:11Z] [SECTION] ============================================================
[2026-05-01T17:31:11Z] [INFO] 🖼️  PHASE: IMAGE-SEED ANALYSIS
[2026-05-01T17:31:11Z] [INFO] 📂 Image seed analysis bootstrapping from 0 images...
[2026-05-01T17:31:11Z] [SECTION] ============================================================
[2026-05-01T17:31:11Z] [INFO] 📤 PHASE: PUSH COMPONENTS TO TOLARIA
[2026-05-01T17:31:12Z] [INFO] 📦 Components pushed to Tolaria: 5
[2026-05-01T17:31:12Z] [SECTION] ============================================================
[2026-05-01T17:31:12Z] [INFO] 🧩 PHASE: COMPOSER - DOMAIN INTEGRATION SYNTHESIS
[2026-05-01T17:31:32Z] [INFO] 🎨 Domain integrations synthesized: 0
[2026-05-01T17:31:32Z] [SECTION] ============================================================
[2026-05-01T17:31:32Z] [INFO] 🚀 PHASE: ADVANCED OVERNIGHT LOOP
[2026-05-01T17:32:24Z] [INFO] 🔬 Advanced loop completed cycles: 0
[2026-05-01T17:32:24Z] [WARNING] ⚠️  Git commit skipped or failed (git not initialized?): Command '['git', '-C', '/home/avalonas/.hermes/gematria/unified_overnight_research', 'commit', '-m', '[2026-05-01T17:32:24Z] Cycle 127: Cycle 128: Web research + hidden layering detection']' returned non-zero exit status 1.
[2026-05-01T17:32:24Z] [INFO] 
📊 CYCLE #128 SUMMARY
[2026-05-01T17:32:24Z] [INFO] ✅ Successful tasks: 7/7
[2026-05-01T17:32:24Z] [INFO] ⏱️  Cycle duration: 73.53s
[2026-05-01T17:32:24Z] [INFO]    ⚠️ task: result
[2026-05-01T17:32:24Z] [INFO]    ⚠️ task: result
[2026-05-01T17:32:24Z] [INFO]    ⚠️ task: result
[2026-05-01T17:32:24Z] [INFO]    ⚠️ task: result
[2026-05-01T17:32:24Z] [INFO]    ⚠️ task: result
[2026-05-01T17:32:24Z] [INFO]    ⚠️ task: result
[2026-05-01T17:32:24Z] [INFO]    ⚠️ task: result
[2026-05-01T17:32:24Z] [HEADER] ================================================================================
[2026-05-01T17:32:24Z] [INFO] 🔄 OVERNIGHT RESEARCH PIPELINE - CYCLE #129
[2026-05-01T17:32:24Z] [INFO] ================================================================================
[2026-05-01T17:32:24Z] [HEADER] ============================================================
[2026-05-01T17:32:24Z] [INFO] 🌙 STARTING OVERNIGHT RESEARCH CYCLE #129
[2026-05-01T17:32:24Z] [INFO] 🔍 Running overnight research protocol (web scraping + cross-symbol analysis)...
[2026-05-01T17:32:24Z] [INFO] 📊 Cycle duration: 0.24s, Files generated: 1
[2026-05-01T17:32:24Z] [WARNING] ⚠️ Database not initialized for cycle counting
[2026-05-01T17:32:24Z] [INFO] 💾 Database updated with cycle results
[2026-05-01T17:32:24Z] [SECTION] ============================================================
[2026-05-01T17:32:24Z] [INFO] 🔮 PHASE: HIDDEN LAYERING DETECTION
[2026-05-01T17:32:24Z] [INFO] 🔗 Hidden layering detection complete. Connections identified: 2
[2026-05-01T17:32:24Z] [SECTION] ============================================================
[2026-05-01T17:32:24Z] [INFO] 🔬 PHASE: DOMAIN CORRELATION ANALYSIS
[2026-05-01T17:32:24Z] [INFO] 📊 Domain correlation matrices created: 1
[2026-05-01T17:32:24Z] [SECTION] ============================================================
[2026-05-01T17:32:24Z] [INFO] 🖼️  PHASE: IMAGE-SEED ANALYSIS
[2026-05-01T17:32:24Z] [INFO] 📂 Image seed analysis bootstrapping from 0 images...
[2026-05-01T17:32:25Z] [SECTION] ============================================================
[2026-05-01T17:32:25Z] [INFO] 📤 PHASE: PUSH COMPONENTS TO TOLARIA
[2026-05-01T17:32:26Z] [INFO] 📦 Components pushed to Tolaria: 5
[2026-05-01T17:32:26Z] [SECTION] ============================================================
[2026-05-01T17:32:26Z] [INFO] 🧩 PHASE: COMPOSER - DOMAIN INTEGRATION SYNTHESIS
[2026-05-01T17:32:45Z] [INFO] 🎨 Domain integrations synthesized: 0
[2026-05-01T17:32:45Z] [SECTION] ============================================================
[2026-05-01T17:32:45Z] [INFO] 🚀 PHASE: ADVANCED OVERNIGHT LOOP
[2026-05-01T17:33:46Z] [INFO] 🔬 Advanced loop completed cycles: 0
[2026-05-01T17:33:46Z] [WARNING] ⚠️  Git commit skipped or failed (git not initialized?): Command '['git', '-C', '/home/avalonas/.hermes/gematria/unified_overnight_research', 'commit', '-m', '[2026-05-01T17:33:46Z] Cycle 128: Cycle 129: Web research + hidden layering detection']' returned non-zero exit status 1.
[2026-05-01T17:33:46Z] [INFO] 
📊 CYCLE #129 SUMMARY
[2026-05-01T17:33:46Z] [INFO] ✅ Successful tasks: 7/7
[2026-05-01T17:33:46Z] [INFO] ⏱️  Cycle duration: 82.27s
[2026-05-01T17:33:46Z] [INFO]    ⚠️ task: result
[2026-05-01T17:33:46Z] [INFO]    ⚠️ task: result
[2026-05-01T17:33:46Z] [INFO]    ⚠️ task: result
[2026-05-01T17:33:46Z] [INFO]    ⚠️ task: result
[2026-05-01T17:33:46Z] [INFO]    ⚠️ task: result
[2026-05-01T17:33:46Z] [INFO]    ⚠️ task: result
[2026-05-01T17:33:46Z] [INFO]    ⚠️ task: result
[2026-05-01T17:33:46Z] [HEADER] ================================================================================
[2026-05-01T17:33:46Z] [INFO] 🔄 OVERNIGHT RESEARCH PIPELINE - CYCLE #130
[2026-05-01T17:33:46Z] [INFO] ================================================================================
[2026-05-01T17:33:46Z] [HEADER] ============================================================
[2026-05-01T17:33:46Z] [INFO] 🌙 STARTING OVERNIGHT RESEARCH CYCLE #130
[2026-05-01T17:33:46Z] [INFO] 🔍 Running overnight research protocol (web scraping + cross-symbol analysis)...
[2026-05-01T17:33:47Z] [INFO] 📊 Cycle duration: 0.24s, Files generated: 1
[2026-05-01T17:33:47Z] [WARNING] ⚠️ Database not initialized for cycle counting
[2026-05-01T17:33:47Z] [INFO] 💾 Database updated with cycle results
[2026-05-01T17:33:47Z] [SECTION] ============================================================
[2026-05-01T17:33:47Z] [INFO] 🔮 PHASE: HIDDEN LAYERING DETECTION
[2026-05-01T17:33:47Z] [INFO] 🔗 Hidden layering detection complete. Connections identified: 2
[2026-05-01T17:33:47Z] [SECTION] ============================================================
[2026-05-01T17:33:47Z] [INFO] 🔬 PHASE: DOMAIN CORRELATION ANALYSIS
[2026-05-01T17:33:47Z] [INFO] 📊 Domain correlation matrices created: 1
[2026-05-01T17:33:47Z] [SECTION] ============================================================
[2026-05-01T17:33:47Z] [INFO] 🖼️  PHASE: IMAGE-SEED ANALYSIS
[2026-05-01T17:33:47Z] [INFO] 📂 Image seed analysis bootstrapping from 0 images...
[2026-05-01T17:33:47Z] [SECTION] ============================================================
[2026-05-01T17:33:47Z] [INFO] 📤 PHASE: PUSH COMPONENTS TO TOLARIA
[2026-05-01T17:33:48Z] [INFO] 📦 Components pushed to Tolaria: 5
[2026-05-01T17:33:48Z] [SECTION] ============================================================
[2026-05-01T17:33:48Z] [INFO] 🧩 PHASE: COMPOSER - DOMAIN INTEGRATION SYNTHESIS
[2026-05-01T17:34:10Z] [INFO] 🎨 Domain integrations synthesized: 0
[2026-05-01T17:34:10Z] [SECTION] ============================================================
[2026-05-01T17:34:10Z] [INFO] 🚀 PHASE: ADVANCED OVERNIGHT LOOP
[2026-05-01T17:34:10Z] [INFO] 🔬 Advanced loop completed cycles: 0
[2026-05-01T17:34:10Z] [WARNING] ⚠️  Git commit skipped or failed (git not initialized?): Command '['git', '-C', '/home/avalonas/.hermes/gematria/unified_overnight_research', 'commit', '-m', '[2026-05-01T17:34:10Z] Cycle 129: Cycle 130: Web research + hidden layering detection']' returned non-zero exit status 1.
[2026-05-01T17:34:10Z] [INFO] 
📊 CYCLE #130 SUMMARY
[2026-05-01T17:34:10Z] [INFO] ✅ Successful tasks: 7/7
[2026-05-01T17:34:10Z] [INFO] ⏱️  Cycle duration: 23.72s
[2026-05-01T17:34:10Z] [INFO]    ⚠️ task: result
[2026-05-01T17:34:10Z] [INFO]    ⚠️ task: result
[2026-05-01T17:34:10Z] [INFO]    ⚠️ task: result
[2026-05-01T17:34:10Z] [INFO]    ⚠️ task: result
[2026-05-01T17:34:10Z] [INFO]    ⚠️ task: result
[2026-05-01T17:34:10Z] [INFO]    ⚠️ task: result
[2026-05-01T17:34:10Z] [INFO]    ⚠️ task: result
[2026-05-01T17:34:10Z] [HEADER] ================================================================================
[2026-05-01T17:34:10Z] [INFO] 🔄 OVERNIGHT RESEARCH PIPELINE - CYCLE #131
[2026-05-01T17:34:10Z] [INFO] ================================================================================
[2026-05-01T17:34:10Z] [HEADER] ============================================================
[2026-05-01T17:34:10Z] [INFO] 🌙 STARTING OVERNIGHT RESEARCH CYCLE #131
[2026-05-01T17:34:10Z] [INFO] 🔍 Running overnight research protocol (web scraping + cross-symbol analysis)...
[2026-05-01T17:34:10Z] [INFO] 📊 Cycle duration: 0.20s, Files generated: 0
[2026-05-01T17:34:10Z] [WARNING] ⚠️ Database not initialized for cycle counting
[2026-05-01T17:34:10Z] [INFO] 💾 Database updated with cycle results
[2026-05-01T17:34:10Z] [SECTION] ============================================================
[2026-05-01T17:34:10Z] [INFO] 🔮 PHASE: HIDDEN LAYERING DETECTION
[2026-05-01T17:34:10Z] [INFO] 🔗 Hidden layering detection complete. Connections identified: 2
[2026-05-01T17:34:10Z] [SECTION] ============================================================
[2026-05-01T17:34:10Z] [INFO] 🔬 PHASE: DOMAIN CORRELATION ANALYSIS
[2026-05-01T17:34:10Z] [INFO] 📊 Domain correlation matrices created: 1
[2026-05-01T17:34:10Z] [SECTION] ============================================================
[2026-05-01T17:34:10Z] [INFO] 🖼️  PHASE: IMAGE-SEED ANALYSIS
[2026-05-01T17:34:10Z] [INFO] 📂 Image seed analysis bootstrapping from 0 images...
[2026-05-01T17:34:10Z] [SECTION] ============================================================
[2026-05-01T17:34:10Z] [INFO] 📤 PHASE: PUSH COMPONENTS TO TOLARIA
[2026-05-01T17:34:11Z] [INFO] 📦 Components pushed to Tolaria: 5
[2026-05-01T17:34:11Z] [SECTION] ============================================================
[2026-05-01T17:34:11Z] [INFO] 🧩 PHASE: COMPOSER - DOMAIN INTEGRATION SYNTHESIS
[2026-05-01T17:34:30Z] [INFO] 🎨 Domain integrations synthesized: 0
[2026-05-01T17:34:30Z] [SECTION] ============================================================
[2026-05-01T17:34:30Z] [INFO] 🚀 PHASE: ADVANCED OVERNIGHT LOOP
[2026-05-01T17:34:31Z] [INFO] 🔬 Advanced loop completed cycles: 0
[2026-05-01T17:34:31Z] [WARNING] ⚠️  Git commit skipped or failed (git not initialized?): Command '['git', '-C', '/home/avalonas/.hermes/gematria/unified_overnight_research', 'add', '.']' returned non-zero exit status 128.
[2026-05-01T17:34:31Z] [INFO] 
📊 CYCLE #131 SUMMARY
[2026-05-01T17:34:31Z] [INFO] ✅ Successful tasks: 7/7
[2026-05-01T17:34:31Z] [INFO] ⏱️  Cycle duration: 20.53s
[2026-05-01T17:34:31Z] [INFO]    ⚠️ task: result
[2026-05-01T17:34:31Z] [INFO]    ⚠️ task: result
[2026-05-01T17:34:31Z] [INFO]    ⚠️ task: result
[2026-05-01T17:34:31Z] [INFO]    ⚠️ task: result
[2026-05-01T17:34:31Z] [INFO]    ⚠️ task: result
[2026-05-01T17:34:31Z] [INFO]    ⚠️ task: result
[2026-05-01T17:34:31Z] [INFO]    ⚠️ task: result
[2026-05-01T17:34:31Z] [HEADER] ================================================================================
[2026-05-01T17:34:31Z] [INFO] 🔄 OVERNIGHT RESEARCH PIPELINE - CYCLE #132
[2026-05-01T17:34:31Z] [INFO] ================================================================================
[2026-05-01T17:34:31Z] [HEADER] ============================================================
[2026-05-01T17:34:31Z] [INFO] 🌙 STARTING OVERNIGHT RESEARCH CYCLE #132
[2026-05-01T17:34:31Z] [INFO] 🔍 Running overnight research protocol (web scraping + cross-symbol analysis)...
[2026-05-01T17:34:31Z] [INFO] 📊 Cycle duration: 0.19s, Files generated: 0
[2026-05-01T17:34:31Z] [WARNING] ⚠️ Database not initialized for cycle counting
[2026-05-01T17:34:31Z] [INFO] 💾 Database updated with cycle results
[2026-05-01T17:34:31Z] [SECTION] ============================================================
[2026-05-01T17:34:31Z] [INFO] 🔮 PHASE: HIDDEN LAYERING DETECTION
[2026-05-01T17:34:31Z] [INFO] 🔗 Hidden layering detection complete. Connections identified: 2
[2026-05-01T17:34:31Z] [SECTION] ============================================================
[2026-05-01T17:34:31Z] [INFO] 🔬 PHASE: DOMAIN CORRELATION ANALYSIS
[2026-05-01T17:34:31Z] [INFO] 📊 Domain correlation matrices created: 1
[2026-05-01T17:34:31Z] [SECTION] ============================================================
[2026-05-01T17:34:31Z] [INFO] 🖼️  PHASE: IMAGE-SEED ANALYSIS
[2026-05-01T17:34:31Z] [INFO] 📂 Image seed analysis bootstrapping from 0 images...
[2026-05-01T17:34:31Z] [SECTION] ============================================================
[2026-05-01T17:34:31Z] [INFO] 📤 PHASE: PUSH COMPONENTS TO TOLARIA
[2026-05-01T17:34:32Z] [INFO] 📦 Components pushed to Tolaria: 5
[2026-05-01T17:34:32Z] [SECTION] ============================================================
[2026-05-01T17:34:32Z] [INFO] 🧩 PHASE: COMPOSER - DOMAIN INTEGRATION SYNTHESIS
[2026-05-01T17:34:47Z] [INFO] 🎨 Domain integrations synthesized: 0
[2026-05-01T17:34:47Z] [SECTION] ============================================================
[2026-05-01T17:34:47Z] [INFO] 🚀 PHASE: ADVANCED OVERNIGHT LOOP
[2026-05-01T17:34:47Z] [INFO] 🔬 Advanced loop completed cycles: 0
[2026-05-01T17:34:47Z] [WARNING] ⚠️  Git commit skipped or failed (git not initialized?): Command '['git', '-C', '/home/avalonas/.hermes/gematria/unified_overnight_research', 'commit', '-m', '[2026-05-01T17:34:47Z] Cycle 131: Cycle 132: Web research + hidden layering detection']' returned non-zero exit status 1.
[2026-05-01T17:34:47Z] [INFO] 
📊 CYCLE #132 SUMMARY
[2026-05-01T17:34:47Z] [INFO] ✅ Successful tasks: 7/7
[2026-05-01T17:34:47Z] [INFO] ⏱️  Cycle duration: 16.67s
[2026-05-01T17:34:47Z] [INFO]    ⚠️ task: result
[2026-05-01T17:34:47Z] [INFO]    ⚠️ task: result
[2026-05-01T17:34:47Z] [INFO]    ⚠️ task: result
[2026-05-01T17:34:47Z] [INFO]    ⚠️ task: result
[2026-05-01T17:34:47Z] [INFO]    ⚠️ task: result
[2026-05-01T17:34:47Z] [INFO]    ⚠️ task: result
[2026-05-01T17:34:47Z] [INFO]    ⚠️ task: result
[2026-05-01T17:34:47Z] [HEADER] ================================================================================
[2026-05-01T17:34:47Z] [INFO] 🔄 OVERNIGHT RESEARCH PIPELINE - CYCLE #133
[2026-05-01T17:34:47Z] [INFO] ================================================================================
[2026-05-01T17:34:47Z] [HEADER] ============================================================
[2026-05-01T17:34:47Z] [INFO] 🌙 STARTING OVERNIGHT RESEARCH CYCLE #133
[2026-05-01T17:34:47Z] [INFO] 🔍 Running overnight research protocol (web scraping + cross-symbol analysis)...
[2026-05-01T17:34:47Z] [INFO] 📊 Cycle duration: 0.21s, Files generated: 0
[2026-05-01T17:34:47Z] [WARNING] ⚠️ Database not initialized for cycle counting
[2026-05-01T17:34:47Z] [INFO] 💾 Database updated with cycle results
[2026-05-01T17:34:47Z] [SECTION] ============================================================
[2026-05-01T17:34:47Z] [INFO] 🔮 PHASE: HIDDEN LAYERING DETECTION
[2026-05-01T17:34:47Z] [INFO] 🔗 Hidden layering detection complete. Connections identified: 2
[2026-05-01T17:34:47Z] [SECTION] ============================================================
[2026-05-01T17:34:47Z] [INFO] 🔬 PHASE: DOMAIN CORRELATION ANALYSIS
[2026-05-01T17:34:48Z] [INFO] 📊 Domain correlation matrices created: 1
[2026-05-01T17:34:48Z] [SECTION] ============================================================
[2026-05-01T17:34:48Z] [INFO] 🖼️  PHASE: IMAGE-SEED ANALYSIS
[2026-05-01T17:34:48Z] [INFO] 📂 Image seed analysis bootstrapping from 0 images...
[2026-05-01T17:34:48Z] [SECTION] ============================================================
[2026-05-01T17:34:48Z] [INFO] 📤 PHASE: PUSH COMPONENTS TO TOLARIA
[2026-05-01T17:34:49Z] [INFO] 📦 Components pushed to Tolaria: 5
[2026-05-01T17:34:49Z] [SECTION] ============================================================
[2026-05-01T17:34:49Z] [INFO] 🧩 PHASE: COMPOSER - DOMAIN INTEGRATION SYNTHESIS
[2026-05-01T17:35:08Z] [INFO] 🎨 Domain integrations synthesized: 0
[2026-05-01T17:35:08Z] [SECTION] ============================================================
[2026-05-01T17:35:08Z] [INFO] 🚀 PHASE: ADVANCED OVERNIGHT LOOP
[2026-05-01T17:35:08Z] [INFO] 🔬 Advanced loop completed cycles: 0
[2026-05-01T17:35:08Z] [WARNING] ⚠️  Git commit skipped or failed (git not initialized?): Command '['git', '-C', '/home/avalonas/.hermes/gematria/unified_overnight_research', 'commit', '-m', '[2026-05-01T17:35:08Z] Cycle 132: Cycle 133: Web research + hidden layering detection']' returned non-zero exit status 1.
[2026-05-01T17:35:08Z] [INFO] 
📊 CYCLE #133 SUMMARY
[2026-05-01T17:35:08Z] [INFO] ✅ Successful tasks: 7/7
[2026-05-01T17:35:08Z] [INFO] ⏱️  Cycle duration: 20.72s
[2026-05-01T17:35:08Z] [INFO]    ⚠️ task: result
[2026-05-01T17:35:08Z] [INFO]    ⚠️ task: result
[2026-05-01T17:35:08Z] [INFO]    ⚠️ task: result
[2026-05-01T17:35:08Z] [INFO]    ⚠️ task: result
[2026-05-01T17:35:08Z] [INFO]    ⚠️ task: result
[2026-05-01T17:35:08Z] [INFO]    ⚠️ task: result
[2026-05-01T17:35:08Z] [INFO]    ⚠️ task: result
[2026-05-01T17:35:08Z] [HEADER] ================================================================================
[2026-05-01T17:35:08Z] [INFO] 🔄 OVERNIGHT RESEARCH PIPELINE - CYCLE #134
[2026-05-01T17:35:08Z] [INFO] ================================================================================
[2026-05-01T17:35:08Z] [HEADER] ============================================================
[2026-05-01T17:35:08Z] [INFO] 🌙 STARTING OVERNIGHT RESEARCH CYCLE #134
[2026-05-01T17:35:08Z] [INFO] 🔍 Running overnight research protocol (web scraping + cross-symbol analysis)...
[2026-05-01T17:35:08Z] [INFO] 📊 Cycle duration: 0.21s, Files generated: 0
[2026-05-01T17:35:08Z] [WARNING] ⚠️ Database not initialized for cycle counting
[2026-05-01T17:35:08Z] [INFO] 💾 Database updated with cycle results
[2026-05-01T17:35:08Z] [SECTION] ============================================================
[2026-05-01T17:35:08Z] [INFO] 🔮 PHASE: HIDDEN LAYERING DETECTION
[2026-05-01T17:35:08Z] [INFO] 🔗 Hidden layering detection complete. Connections identified: 2
[2026-05-01T17:35:08Z] [SECTION] ============================================================
[2026-05-01T17:35:08Z] [INFO] 🔬 PHASE: DOMAIN CORRELATION ANALYSIS
[2026-05-01T17:35:08Z] [INFO] 📊 Domain correlation matrices created: 1
[2026-05-01T17:35:08Z] [SECTION] ============================================================
[2026-05-01T17:35:08Z] [INFO] 🖼️  PHASE: IMAGE-SEED ANALYSIS
[2026-05-01T17:35:08Z] [INFO] 📂 Image seed analysis bootstrapping from 0 images...
[2026-05-01T17:35:08Z] [SECTION] ============================================================
[2026-05-01T17:35:08Z] [INFO] 📤 PHASE: PUSH COMPONENTS TO TOLARIA
[2026-05-01T17:35:09Z] [INFO] 📦 Components pushed to Tolaria: 5
[2026-05-01T17:35:09Z] [SECTION] ============================================================
[2026-05-01T17:35:09Z] [INFO] 🧩 PHASE: COMPOSER - DOMAIN INTEGRATION SYNTHESIS
[2026-05-01T17:35:29Z] [INFO] 🎨 Domain integrations synthesized: 0
[2026-05-01T17:35:29Z] [SECTION] ============================================================
[2026-05-01T17:35:29Z] [INFO] 🚀 PHASE: ADVANCED OVERNIGHT LOOP
[2026-05-01T17:35:29Z] [INFO] 🔬 Advanced loop completed cycles: 0
[2026-05-01T17:35:29Z] [WARNING] ⚠️  Git commit skipped or failed (git not initialized?): Command '['git', '-C', '/home/avalonas/.hermes/gematria/unified_overnight_research', 'add', '.']' returned non-zero exit status 128.
[2026-05-01T17:35:29Z] [INFO] 
📊 CYCLE #134 SUMMARY
[2026-05-01T17:35:29Z] [INFO] ✅ Successful tasks: 7/7
[2026-05-01T17:35:29Z] [INFO] ⏱️  Cycle duration: 21.17s
[2026-05-01T17:35:29Z] [INFO]    ⚠️ task: result
[2026-05-01T17:35:29Z] [INFO]    ⚠️ task: result
[2026-05-01T17:35:29Z] [INFO]    ⚠️ task: result
[2026-05-01T17:35:29Z] [INFO]    ⚠️ task: result
[2026-05-01T17:35:29Z] [INFO]    ⚠️ task: result
[2026-05-01T17:35:29Z] [INFO]    ⚠️ task: result
[2026-05-01T17:35:29Z] [INFO]    ⚠️ task: result
[2026-05-01T17:35:29Z] [HEADER] ================================================================================
[2026-05-01T17:35:29Z] [INFO] 🔄 OVERNIGHT RESEARCH PIPELINE - CYCLE #135
[2026-05-01T17:35:29Z] [INFO] ================================================================================
[2026-05-01T17:35:29Z] [HEADER] ============================================================
[2026-05-01T17:35:29Z] [INFO] 🌙 STARTING OVERNIGHT RESEARCH CYCLE #135
[2026-05-01T17:35:29Z] [INFO] 🔍 Running overnight research protocol (web scraping + cross-symbol analysis)...
[2026-05-01T17:35:29Z] [INFO] 📊 Cycle duration: 0.25s, Files generated: 0
[2026-05-01T17:35:29Z] [WARNING] ⚠️ Database not initialized for cycle counting
[2026-05-01T17:35:29Z] [INFO] 💾 Database updated with cycle results
[2026-05-01T17:35:29Z] [SECTION] ============================================================
[2026-05-01T17:35:29Z] [INFO] 🔮 PHASE: HIDDEN LAYERING DETECTION
[2026-05-01T17:35:29Z] [INFO] 🔗 Hidden layering detection complete. Connections identified: 2
[2026-05-01T17:35:29Z] [SECTION] ============================================================
[2026-05-01T17:35:29Z] [INFO] 🔬 PHASE: DOMAIN CORRELATION ANALYSIS
[2026-05-01T17:35:29Z] [INFO] 📊 Domain correlation matrices created: 1
[2026-05-01T17:35:29Z] [SECTION] ============================================================
[2026-05-01T17:35:29Z] [INFO] 🖼️  PHASE: IMAGE-SEED ANALYSIS
[2026-05-01T17:35:29Z] [INFO] 📂 Image seed analysis bootstrapping from 0 images...
[2026-05-01T17:35:30Z] [SECTION] ============================================================
[2026-05-01T17:35:30Z] [INFO] 📤 PHASE: PUSH COMPONENTS TO TOLARIA
[2026-05-01T17:35:31Z] [INFO] 📦 Components pushed to Tolaria: 5
[2026-05-01T17:35:31Z] [SECTION] ============================================================
[2026-05-01T17:35:31Z] [INFO] 🧩 PHASE: COMPOSER - DOMAIN INTEGRATION SYNTHESIS
[2026-05-01T17:35:49Z] [INFO] 🎨 Domain integrations synthesized: 0
[2026-05-01T17:35:49Z] [SECTION] ============================================================
[2026-05-01T17:35:49Z] [INFO] 🚀 PHASE: ADVANCED OVERNIGHT LOOP
[2026-05-01T17:35:49Z] [INFO] 🔬 Advanced loop completed cycles: 0
[2026-05-01T17:35:49Z] [WARNING] ⚠️  Git commit skipped or failed (git not initialized?): Command '['git', '-C', '/home/avalonas/.hermes/gematria/unified_overnight_research', 'commit', '-m', '[2026-05-01T17:35:49Z] Cycle 134: Cycle 135: Web research + hidden layering detection']' returned non-zero exit status 1.
[2026-05-01T17:35:49Z] [INFO] 
📊 CYCLE #135 SUMMARY
[2026-05-01T17:35:49Z] [INFO] ✅ Successful tasks: 7/7
[2026-05-01T17:35:49Z] [INFO] ⏱️  Cycle duration: 20.35s
[2026-05-01T17:35:49Z] [INFO]    ⚠️ task: result
[2026-05-01T17:35:49Z] [INFO]    ⚠️ task: result
[2026-05-01T17:35:49Z] [INFO]    ⚠️ task: result
[2026-05-01T17:35:49Z] [INFO]    ⚠️ task: result
[2026-05-01T17:35:49Z] [INFO]    ⚠️ task: result
[2026-05-01T17:35:49Z] [INFO]    ⚠️ task: result
[2026-05-01T17:35:49Z] [INFO]    ⚠️ task: result
[2026-05-01T17:35:49Z] [HEADER] ================================================================================
[2026-05-01T17:35:49Z] [INFO] 🔄 OVERNIGHT RESEARCH PIPELINE - CYCLE #136
[2026-05-01T17:35:49Z] [INFO] ================================================================================
[2026-05-01T17:35:49Z] [HEADER] ============================================================
[2026-05-01T17:35:49Z] [INFO] 🌙 STARTING OVERNIGHT RESEARCH CYCLE #136
[2026-05-01T17:35:49Z] [INFO] 🔍 Running overnight research protocol (web scraping + cross-symbol analysis)...
[2026-05-01T17:35:50Z] [INFO] 📊 Cycle duration: 0.21s, Files generated: 0
[2026-05-01T17:35:50Z] [WARNING] ⚠️ Database not initialized for cycle counting
[2026-05-01T17:35:50Z] [INFO] 💾 Database updated with cycle results
[2026-05-01T17:35:50Z] [SECTION] ============================================================
[2026-05-01T17:35:50Z] [INFO] 🔮 PHASE: HIDDEN LAYERING DETECTION
[2026-05-01T17:35:50Z] [INFO] 🔗 Hidden layering detection complete. Connections identified: 2
[2026-05-01T17:35:50Z] [SECTION] ============================================================
[2026-05-01T17:35:50Z] [INFO] 🔬 PHASE: DOMAIN CORRELATION ANALYSIS
[2026-05-01T17:35:50Z] [INFO] 📊 Domain correlation matrices created: 1
[2026-05-01T17:35:50Z] [SECTION] ============================================================
[2026-05-01T17:35:50Z] [INFO] 🖼️  PHASE: IMAGE-SEED ANALYSIS
[2026-05-01T17:35:50Z] [INFO] 📂 Image seed analysis bootstrapping from 0 images...
[2026-05-01T17:35:50Z] [SECTION] ============================================================
[2026-05-01T17:35:50Z] [INFO] 📤 PHASE: PUSH COMPONENTS TO TOLARIA
[2026-05-01T17:35:51Z] [INFO] 📦 Components pushed to Tolaria: 5
[2026-05-01T17:35:51Z] [SECTION] ============================================================
[2026-05-01T17:35:51Z] [INFO] 🧩 PHASE: COMPOSER - DOMAIN INTEGRATION SYNTHESIS
[2026-05-01T17:36:09Z] [INFO] 🎨 Domain integrations synthesized: 0
[2026-05-01T17:36:09Z] [SECTION] ============================================================
[2026-05-01T17:36:09Z] [INFO] 🚀 PHASE: ADVANCED OVERNIGHT LOOP
[2026-05-01T17:36:09Z] [INFO] 🔬 Advanced loop completed cycles: 0
[2026-05-01T17:36:09Z] [WARNING] ⚠️  Git commit skipped or failed (git not initialized?): Command '['git', '-C', '/home/avalonas/.hermes/gematria/unified_overnight_research', 'commit', '-m', '[2026-05-01T17:36:09Z] Cycle 135: Cycle 136: Web research + hidden layering detection']' returned non-zero exit status 1.
[2026-05-01T17:36:09Z] [INFO] 
📊 CYCLE #136 SUMMARY
[2026-05-01T17:36:09Z] [INFO] ✅ Successful tasks: 7/7
[2026-05-01T17:36:09Z] [INFO] ⏱️  Cycle duration: 19.43s
[2026-05-01T17:36:09Z] [INFO]    ⚠️ task: result
[2026-05-01T17:36:09Z] [INFO]    ⚠️ task: result
[2026-05-01T17:36:09Z] [INFO]    ⚠️ task: result
[2026-05-01T17:36:09Z] [INFO]    ⚠️ task: result
[2026-05-01T17:36:09Z] [INFO]    ⚠️ task: result
[2026-05-01T17:36:09Z] [INFO]    ⚠️ task: result
[2026-05-01T17:36:09Z] [INFO]    ⚠️ task: result
[2026-05-01T17:36:09Z] [HEADER] ================================================================================
[2026-05-01T17:36:09Z] [INFO] 🔄 OVERNIGHT RESEARCH PIPELINE - CYCLE #137
[2026-05-01T17:36:09Z] [INFO] ================================================================================
[2026-05-01T17:36:09Z] [HEADER] ============================================================
[2026-05-01T17:36:09Z] [INFO] 🌙 STARTING OVERNIGHT RESEARCH CYCLE #137
[2026-05-01T17:36:09Z] [INFO] 🔍 Running overnight research protocol (web scraping + cross-symbol analysis)...
[2026-05-01T17:36:09Z] [INFO] 📊 Cycle duration: 0.16s, Files generated: 0
[2026-05-01T17:36:09Z] [WARNING] ⚠️ Database not initialized for cycle counting
[2026-05-01T17:36:09Z] [INFO] 💾 Database updated with cycle results
[2026-05-01T17:36:09Z] [SECTION] ============================================================
[2026-05-01T17:36:09Z] [INFO] 🔮 PHASE: HIDDEN LAYERING DETECTION
[2026-05-01T17:36:09Z] [INFO] 🔗 Hidden layering detection complete. Connections identified: 2
[2026-05-01T17:36:09Z] [SECTION] ============================================================
[2026-05-01T17:36:09Z] [INFO] 🔬 PHASE: DOMAIN CORRELATION ANALYSIS
[2026-05-01T17:36:09Z] [INFO] 📊 Domain correlation matrices created: 1
[2026-05-01T17:36:09Z] [SECTION] ============================================================
[2026-05-01T17:36:09Z] [INFO] 🖼️  PHASE: IMAGE-SEED ANALYSIS
[2026-05-01T17:36:09Z] [INFO] 📂 Image seed analysis bootstrapping from 0 images...
[2026-05-01T17:36:09Z] [SECTION] ============================================================
[2026-05-01T17:36:09Z] [INFO] 📤 PHASE: PUSH COMPONENTS TO TOLARIA
[2026-05-01T17:36:10Z] [INFO] 📦 Components pushed to Tolaria: 5
[2026-05-01T17:36:10Z] [SECTION] ============================================================
[2026-05-01T17:36:10Z] [INFO] 🧩 PHASE: COMPOSER - DOMAIN INTEGRATION SYNTHESIS
[2026-05-01T17:36:28Z] [INFO] 🎨 Domain integrations synthesized: 0
[2026-05-01T17:36:28Z] [SECTION] ============================================================
[2026-05-01T17:36:28Z] [INFO] 🚀 PHASE: ADVANCED OVERNIGHT LOOP
[2026-05-01T17:36:28Z] [INFO] 🔬 Advanced loop completed cycles: 0
[2026-05-01T17:36:28Z] [WARNING] ⚠️  Git commit skipped or failed (git not initialized?): Command '['git', '-C', '/home/avalonas/.hermes/gematria/unified_overnight_research', 'add', '.']' returned non-zero exit status 128.
[2026-05-01T17:36:28Z] [INFO] 
📊 CYCLE #137 SUMMARY
[2026-05-01T17:36:28Z] [INFO] ✅ Successful tasks: 7/7
[2026-05-01T17:36:28Z] [INFO] ⏱️  Cycle duration: 19.05s
[2026-05-01T17:36:28Z] [INFO]    ⚠️ task: result
[2026-05-01T17:36:28Z] [INFO]    ⚠️ task: result
[2026-05-01T17:36:28Z] [INFO]    ⚠️ task: result
[2026-05-01T17:36:28Z] [INFO]    ⚠️ task: result
[2026-05-01T17:36:28Z] [INFO]    ⚠️ task: result
[2026-05-01T17:36:28Z] [INFO]    ⚠️ task: result
[2026-05-01T17:36:28Z] [INFO]    ⚠️ task: result
[2026-05-01T17:36:28Z] [HEADER] ================================================================================
[2026-05-01T17:36:28Z] [INFO] 🔄 OVERNIGHT RESEARCH PIPELINE - CYCLE #138
[2026-05-01T17:36:28Z] [INFO] ================================================================================
[2026-05-01T17:36:28Z] [HEADER] ============================================================
[2026-05-01T17:36:28Z] [INFO] 🌙 STARTING OVERNIGHT RESEARCH CYCLE #138
[2026-05-01T17:36:28Z] [INFO] 🔍 Running overnight research protocol (web scraping + cross-symbol analysis)...
[2026-05-01T17:36:28Z] [INFO] 📊 Cycle duration: 0.16s, Files generated: 0
[2026-05-01T17:36:28Z] [WARNING] ⚠️ Database not initialized for cycle counting
[2026-05-01T17:36:28Z] [INFO] 💾 Database updated with cycle results
[2026-05-01T17:36:28Z] [SECTION] ============================================================
[2026-05-01T17:36:28Z] [INFO] 🔮 PHASE: HIDDEN LAYERING DETECTION
[2026-05-01T17:36:28Z] [INFO] 🔗 Hidden layering detection complete. Connections identified: 2
[2026-05-01T17:36:28Z] [SECTION] ============================================================
[2026-05-01T17:36:28Z] [INFO] 🔬 PHASE: DOMAIN CORRELATION ANALYSIS
[2026-05-01T17:36:28Z] [INFO] 📊 Domain correlation matrices created: 1
[2026-05-01T17:36:28Z] [SECTION] ============================================================
[2026-05-01T17:36:28Z] [INFO] 🖼️  PHASE: IMAGE-SEED ANALYSIS
[2026-05-01T17:36:28Z] [INFO] 📂 Image seed analysis bootstrapping from 0 images...
[2026-05-01T17:36:28Z] [SECTION] ============================================================
[2026-05-01T17:36:28Z] [INFO] 📤 PHASE: PUSH COMPONENTS TO TOLARIA
[2026-05-01T17:36:29Z] [INFO] 📦 Components pushed to Tolaria: 5
[2026-05-01T17:36:29Z] [SECTION] ============================================================
[2026-05-01T17:36:29Z] [INFO] 🧩 PHASE: COMPOSER - DOMAIN INTEGRATION SYNTHESIS
[2026-05-01T17:36:47Z] [INFO] 🎨 Domain integrations synthesized: 0
[2026-05-01T17:36:47Z] [SECTION] ============================================================
[2026-05-01T17:36:47Z] [INFO] 🚀 PHASE: ADVANCED OVERNIGHT LOOP
[2026-05-01T17:36:47Z] [INFO] 🔬 Advanced loop completed cycles: 0
[2026-05-01T17:36:47Z] [WARNING] ⚠️  Git commit skipped or failed (git not initialized?): Command '['git', '-C', '/home/avalonas/.hermes/gematria/unified_overnight_research', 'commit', '-m', '[2026-05-01T17:36:47Z] Cycle 137: Cycle 138: Web research + hidden layering detection']' returned non-zero exit status 1.
[2026-05-01T17:36:47Z] [INFO] 
📊 CYCLE #138 SUMMARY
[2026-05-01T17:36:47Z] [INFO] ✅ Successful tasks: 7/7
[2026-05-01T17:36:47Z] [INFO] ⏱️  Cycle duration: 19.40s
[2026-05-01T17:36:47Z] [INFO]    ⚠️ task: result
[2026-05-01T17:36:47Z] [INFO]    ⚠️ task: result
[2026-05-01T17:36:47Z] [INFO]    ⚠️ task: result
[2026-05-01T17:36:47Z] [INFO]    ⚠️ task: result
[2026-05-01T17:36:47Z] [INFO]    ⚠️ task: result
[2026-05-01T17:36:47Z] [INFO]    ⚠️ task: result
[2026-05-01T17:36:47Z] [INFO]    ⚠️ task: result
[2026-05-01T17:36:47Z] [HEADER] ================================================================================
[2026-05-01T17:36:47Z] [INFO] 🔄 OVERNIGHT RESEARCH PIPELINE - CYCLE #139
[2026-05-01T17:36:47Z] [INFO] ================================================================================
[2026-05-01T17:36:47Z] [HEADER] ============================================================
[2026-05-01T17:36:47Z] [INFO] 🌙 STARTING OVERNIGHT RESEARCH CYCLE #139
[2026-05-01T17:36:47Z] [INFO] 🔍 Running overnight research protocol (web scraping + cross-symbol analysis)...
[2026-05-01T17:36:48Z] [INFO] 📊 Cycle duration: 0.17s, Files generated: 0
[2026-05-01T17:36:48Z] [WARNING] ⚠️ Database not initialized for cycle counting
[2026-05-01T17:36:48Z] [INFO] 💾 Database updated with cycle results
[2026-05-01T17:36:48Z] [SECTION] ============================================================
[2026-05-01T17:36:48Z] [INFO] 🔮 PHASE: HIDDEN LAYERING DETECTION
[2026-05-01T17:36:48Z] [INFO] 🔗 Hidden layering detection complete. Connections identified: 2
[2026-05-01T17:36:48Z] [SECTION] ============================================================
[2026-05-01T17:36:48Z] [INFO] 🔬 PHASE: DOMAIN CORRELATION ANALYSIS
[2026-05-01T17:36:48Z] [INFO] 📊 Domain correlation matrices created: 1
[2026-05-01T17:36:48Z] [SECTION] ============================================================
[2026-05-01T17:36:48Z] [INFO] 🖼️  PHASE: IMAGE-SEED ANALYSIS
[2026-05-01T17:36:48Z] [INFO] 📂 Image seed analysis bootstrapping from 0 images...
[2026-05-01T17:36:48Z] [SECTION] ============================================================
[2026-05-01T17:36:48Z] [INFO] 📤 PHASE: PUSH COMPONENTS TO TOLARIA
[2026-05-01T17:36:49Z] [INFO] 📦 Components pushed to Tolaria: 5
[2026-05-01T17:36:49Z] [SECTION] ============================================================
[2026-05-01T17:36:49Z] [INFO] 🧩 PHASE: COMPOSER - DOMAIN INTEGRATION SYNTHESIS
[2026-05-01T17:37:06Z] [INFO] 🎨 Domain integrations synthesized: 0
[2026-05-01T17:37:06Z] [SECTION] ============================================================
[2026-05-01T17:37:06Z] [INFO] 🚀 PHASE: ADVANCED OVERNIGHT LOOP
[2026-05-01T17:37:06Z] [INFO] 🔬 Advanced loop completed cycles: 0
[2026-05-01T17:37:06Z] [WARNING] ⚠️  Git commit skipped or failed (git not initialized?): Command '['git', '-C', '/home/avalonas/.hermes/gematria/unified_overnight_research', 'commit', '-m', '[2026-05-01T17:37:06Z] Cycle 138: Cycle 139: Web research + hidden layering detection']' returned non-zero exit status 1.
[2026-05-01T17:37:06Z] [INFO] 
📊 CYCLE #139 SUMMARY
[2026-05-01T17:37:06Z] [INFO] ✅ Successful tasks: 7/7
[2026-05-01T17:37:06Z] [INFO] ⏱️  Cycle duration: 18.46s
[2026-05-01T17:37:06Z] [INFO]    ⚠️ task: result
[2026-05-01T17:37:06Z] [INFO]    ⚠️ task: result
[2026-05-01T17:37:06Z] [INFO]    ⚠️ task: result
[2026-05-01T17:37:06Z] [INFO]    ⚠️ task: result
[2026-05-01T17:37:06Z] [INFO]    ⚠️ task: result
[2026-05-01T17:37:06Z] [INFO]    ⚠️ task: result
[2026-05-01T17:37:06Z] [INFO]    ⚠️ task: result
[2026-05-01T17:37:06Z] [HEADER] ================================================================================
[2026-05-01T17:37:06Z] [INFO] 🔄 OVERNIGHT RESEARCH PIPELINE - CYCLE #140
[2026-05-01T17:37:06Z] [INFO] ================================================================================
[2026-05-01T17:37:06Z] [HEADER] ============================================================
[2026-05-01T17:37:06Z] [INFO] 🌙 STARTING OVERNIGHT RESEARCH CYCLE #140
[2026-05-01T17:37:06Z] [INFO] 🔍 Running overnight research protocol (web scraping + cross-symbol analysis)...
[2026-05-01T17:37:06Z] [INFO] 📊 Cycle duration: 0.20s, Files generated: 0
[2026-05-01T17:37:06Z] [WARNING] ⚠️ Database not initialized for cycle counting
[2026-05-01T17:37:06Z] [INFO] 💾 Database updated with cycle results
[2026-05-01T17:37:06Z] [SECTION] ============================================================
[2026-05-01T17:37:06Z] [INFO] 🔮 PHASE: HIDDEN LAYERING DETECTION
[2026-05-01T17:37:06Z] [INFO] 🔗 Hidden layering detection complete. Connections identified: 2
[2026-05-01T17:37:06Z] [SECTION] ============================================================
[2026-05-01T17:37:06Z] [INFO] 🔬 PHASE: DOMAIN CORRELATION ANALYSIS
[2026-05-01T17:37:06Z] [INFO] 📊 Domain correlation matrices created: 1
[2026-05-01T17:37:06Z] [SECTION] ============================================================
[2026-05-01T17:37:06Z] [INFO] 🖼️  PHASE: IMAGE-SEED ANALYSIS
[2026-05-01T17:37:06Z] [INFO] 📂 Image seed analysis bootstrapping from 0 images...
[2026-05-01T17:37:06Z] [SECTION] ============================================================
[2026-05-01T17:37:06Z] [INFO] 📤 PHASE: PUSH COMPONENTS TO TOLARIA
[2026-05-01T17:37:07Z] [INFO] 📦 Components pushed to Tolaria: 5
[2026-05-01T17:37:07Z] [SECTION] ============================================================
[2026-05-01T17:37:07Z] [INFO] 🧩 PHASE: COMPOSER - DOMAIN INTEGRATION SYNTHESIS
[2026-05-01T17:37:25Z] [INFO] 🎨 Domain integrations synthesized: 0
[2026-05-01T17:37:25Z] [SECTION] ============================================================
[2026-05-01T17:37:25Z] [INFO] 🚀 PHASE: ADVANCED OVERNIGHT LOOP
[2026-05-01T17:37:25Z] [INFO] 🔬 Advanced loop completed cycles: 0
[2026-05-01T17:37:25Z] [WARNING] ⚠️  Git commit skipped or failed (git not initialized?): Command '['git', '-C', '/home/avalonas/.hermes/gematria/unified_overnight_research', 'commit', '-m', '[2026-05-01T17:37:25Z] Cycle 139: Cycle 140: Web research + hidden layering detection']' returned non-zero exit status 1.
[2026-05-01T17:37:25Z] [INFO] 
📊 CYCLE #140 SUMMARY
[2026-05-01T17:37:25Z] [INFO] ✅ Successful tasks: 7/7
[2026-05-01T17:37:25Z] [INFO] ⏱️  Cycle duration: 19.49s
[2026-05-01T17:37:25Z] [INFO]    ⚠️ task: result
[2026-05-01T17:37:25Z] [INFO]    ⚠️ task: result
[2026-05-01T17:37:25Z] [INFO]    ⚠️ task: result
[2026-05-01T17:37:25Z] [INFO]    ⚠️ task: result
[2026-05-01T17:37:25Z] [INFO]    ⚠️ task: result
[2026-05-01T17:37:25Z] [INFO]    ⚠️ task: result
[2026-05-01T17:37:25Z] [INFO]    ⚠️ task: result
[2026-05-01T17:37:25Z] [HEADER] ================================================================================
[2026-05-01T17:37:25Z] [INFO] 🔄 OVERNIGHT RESEARCH PIPELINE - CYCLE #141
[2026-05-01T17:37:25Z] [INFO] ================================================================================
[2026-05-01T17:37:25Z] [HEADER] ============================================================
[2026-05-01T17:37:25Z] [INFO] 🌙 STARTING OVERNIGHT RESEARCH CYCLE #141
[2026-05-01T17:37:25Z] [INFO] 🔍 Running overnight research protocol (web scraping + cross-symbol analysis)...
[2026-05-01T17:37:25Z] [INFO] 📊 Cycle duration: 0.16s, Files generated: 0
[2026-05-01T17:37:25Z] [WARNING] ⚠️ Database not initialized for cycle counting
[2026-05-01T17:37:25Z] [INFO] 💾 Database updated with cycle results
[2026-05-01T17:37:25Z] [SECTION] ============================================================
[2026-05-01T17:37:25Z] [INFO] 🔮 PHASE: HIDDEN LAYERING DETECTION
[2026-05-01T17:37:26Z] [INFO] 🔗 Hidden layering detection complete. Connections identified: 2
[2026-05-01T17:37:26Z] [SECTION] ============================================================
[2026-05-01T17:37:26Z] [INFO] 🔬 PHASE: DOMAIN CORRELATION ANALYSIS
[2026-05-01T17:37:26Z] [INFO] 📊 Domain correlation matrices created: 1
[2026-05-01T17:37:26Z] [SECTION] ============================================================
[2026-05-01T17:37:26Z] [INFO] 🖼️  PHASE: IMAGE-SEED ANALYSIS
[2026-05-01T17:37:26Z] [INFO] 📂 Image seed analysis bootstrapping from 0 images...
[2026-05-01T17:37:26Z] [SECTION] ============================================================
[2026-05-01T17:37:26Z] [INFO] 📤 PHASE: PUSH COMPONENTS TO TOLARIA
[2026-05-01T17:37:26Z] [INFO] 📦 Components pushed to Tolaria: 5
[2026-05-01T17:37:26Z] [SECTION] ============================================================
[2026-05-01T17:37:26Z] [INFO] 🧩 PHASE: COMPOSER - DOMAIN INTEGRATION SYNTHESIS
[2026-05-01T17:37:46Z] [INFO] 🎨 Domain integrations synthesized: 0
[2026-05-01T17:37:46Z] [SECTION] ============================================================
[2026-05-01T17:37:46Z] [INFO] 🚀 PHASE: ADVANCED OVERNIGHT LOOP
[2026-05-01T17:37:46Z] [INFO] 🔬 Advanced loop completed cycles: 0
[2026-05-01T17:37:46Z] [WARNING] ⚠️  Git commit skipped or failed (git not initialized?): Command '['git', '-C', '/home/avalonas/.hermes/gematria/unified_overnight_research', 'add', '.']' returned non-zero exit status 128.
[2026-05-01T17:37:46Z] [INFO] 
📊 CYCLE #141 SUMMARY
[2026-05-01T17:37:46Z] [INFO] ✅ Successful tasks: 7/7
[2026-05-01T17:37:46Z] [INFO] ⏱️  Cycle duration: 20.40s
[2026-05-01T17:37:46Z] [INFO]    ⚠️ task: result
[2026-05-01T17:37:46Z] [INFO]    ⚠️ task: result
[2026-05-01T17:37:46Z] [INFO]    ⚠️ task: result
[2026-05-01T17:37:46Z] [INFO]    ⚠️ task: result
[2026-05-01T17:37:46Z] [INFO]    ⚠️ task: result
[2026-05-01T17:37:46Z] [INFO]    ⚠️ task: result
[2026-05-01T17:37:46Z] [INFO]    ⚠️ task: result
[2026-05-01T17:37:46Z] [HEADER] ================================================================================
[2026-05-01T17:37:46Z] [INFO] 🔄 OVERNIGHT RESEARCH PIPELINE - CYCLE #142
[2026-05-01T17:37:46Z] [INFO] ================================================================================
[2026-05-01T17:37:46Z] [HEADER] ============================================================
[2026-05-01T17:37:46Z] [INFO] 🌙 STARTING OVERNIGHT RESEARCH CYCLE #142
[2026-05-01T17:37:46Z] [INFO] 🔍 Running overnight research protocol (web scraping + cross-symbol analysis)...
[2026-05-01T17:37:46Z] [INFO] 📊 Cycle duration: 0.16s, Files generated: 0
[2026-05-01T17:37:46Z] [WARNING] ⚠️ Database not initialized for cycle counting
[2026-05-01T17:37:46Z] [INFO] 💾 Database updated with cycle results
[2026-05-01T17:37:46Z] [SECTION] ============================================================
[2026-05-01T17:37:46Z] [INFO] 🔮 PHASE: HIDDEN LAYERING DETECTION
[2026-05-01T17:37:46Z] [INFO] 🔗 Hidden layering detection complete. Connections identified: 2
[2026-05-01T17:37:46Z] [SECTION] ============================================================
[2026-05-01T17:37:46Z] [INFO] 🔬 PHASE: DOMAIN CORRELATION ANALYSIS
[2026-05-01T17:37:46Z] [INFO] 📊 Domain correlation matrices created: 1
[2026-05-01T17:37:46Z] [SECTION] ============================================================
[2026-05-01T17:37:46Z] [INFO] 🖼️  PHASE: IMAGE-SEED ANALYSIS
[2026-05-01T17:37:46Z] [INFO] 📂 Image seed analysis bootstrapping from 0 images...
[2026-05-01T17:37:46Z] [SECTION] ============================================================
[2026-05-01T17:37:46Z] [INFO] 📤 PHASE: PUSH COMPONENTS TO TOLARIA
[2026-05-01T17:37:47Z] [INFO] 📦 Components pushed to Tolaria: 5
[2026-05-01T17:37:47Z] [SECTION] ============================================================
[2026-05-01T17:37:47Z] [INFO] 🧩 PHASE: COMPOSER - DOMAIN INTEGRATION SYNTHESIS
[2026-05-01T17:38:03Z] [INFO] 🎨 Domain integrations synthesized: 0
[2026-05-01T17:38:03Z] [SECTION] ============================================================
[2026-05-01T17:38:03Z] [INFO] 🚀 PHASE: ADVANCED OVERNIGHT LOOP
[2026-05-01T17:38:04Z] [INFO] 🔬 Advanced loop completed cycles: 0
[2026-05-01T17:38:04Z] [WARNING] ⚠️  Git commit skipped or failed (git not initialized?): Command '['git', '-C', '/home/avalonas/.hermes/gematria/unified_overnight_research', 'commit', '-m', '[2026-05-01T17:38:04Z] Cycle 141: Cycle 142: Web research + hidden layering detection']' returned non-zero exit status 1.
[2026-05-01T17:38:04Z] [INFO] 
📊 CYCLE #142 SUMMARY
[2026-05-01T17:38:04Z] [INFO] ✅ Successful tasks: 7/7
[2026-05-01T17:38:04Z] [INFO] ⏱️  Cycle duration: 17.85s
[2026-05-01T17:38:04Z] [INFO]    ⚠️ task: result
[2026-05-01T17:38:04Z] [INFO]    ⚠️ task: result
[2026-05-01T17:38:04Z] [INFO]    ⚠️ task: result
[2026-05-01T17:38:04Z] [INFO]    ⚠️ task: result
[2026-05-01T17:38:04Z] [INFO]    ⚠️ task: result
[2026-05-01T17:38:04Z] [INFO]    ⚠️ task: result
[2026-05-01T17:38:04Z] [INFO]    ⚠️ task: result
[2026-05-01T17:38:04Z] [HEADER] ================================================================================
[2026-05-01T17:38:04Z] [INFO] 🔄 OVERNIGHT RESEARCH PIPELINE - CYCLE #143
[2026-05-01T17:38:04Z] [INFO] ================================================================================
[2026-05-01T17:38:04Z] [HEADER] ============================================================
[2026-05-01T17:38:04Z] [INFO] 🌙 STARTING OVERNIGHT RESEARCH CYCLE #143
[2026-05-01T17:38:04Z] [INFO] 🔍 Running overnight research protocol (web scraping + cross-symbol analysis)...
[2026-05-01T17:38:04Z] [INFO] 📊 Cycle duration: 0.19s, Files generated: 0
[2026-05-01T17:38:04Z] [WARNING] ⚠️ Database not initialized for cycle counting
[2026-05-01T17:38:04Z] [INFO] 💾 Database updated with cycle results
[2026-05-01T17:38:04Z] [SECTION] ============================================================
[2026-05-01T17:38:04Z] [INFO] 🔮 PHASE: HIDDEN LAYERING DETECTION
[2026-05-01T17:38:04Z] [INFO] 🔗 Hidden layering detection complete. Connections identified: 2
[2026-05-01T17:38:04Z] [SECTION] ============================================================
[2026-05-01T17:38:04Z] [INFO] 🔬 PHASE: DOMAIN CORRELATION ANALYSIS
[2026-05-01T17:38:04Z] [INFO] 📊 Domain correlation matrices created: 1
[2026-05-01T17:38:04Z] [SECTION] ============================================================
[2026-05-01T17:38:04Z] [INFO] 🖼️  PHASE: IMAGE-SEED ANALYSIS
[2026-05-01T17:38:04Z] [INFO] 📂 Image seed analysis bootstrapping from 0 images...
[2026-05-01T17:38:04Z] [SECTION] ============================================================
[2026-05-01T17:38:04Z] [INFO] 📤 PHASE: PUSH COMPONENTS TO TOLARIA
[2026-05-01T17:38:05Z] [INFO] 📦 Components pushed to Tolaria: 5
[2026-05-01T17:38:05Z] [SECTION] ============================================================
[2026-05-01T17:38:05Z] [INFO] 🧩 PHASE: COMPOSER - DOMAIN INTEGRATION SYNTHESIS
[2026-05-01T17:38:23Z] [INFO] 🎨 Domain integrations synthesized: 0
[2026-05-01T17:38:23Z] [SECTION] ============================================================
[2026-05-01T17:38:23Z] [INFO] 🚀 PHASE: ADVANCED OVERNIGHT LOOP
[2026-05-01T17:38:23Z] [INFO] 🔬 Advanced loop completed cycles: 0
[2026-05-01T17:38:23Z] [WARNING] ⚠️  Git commit skipped or failed (git not initialized?): Command '['git', '-C', '/home/avalonas/.hermes/gematria/unified_overnight_research', 'add', '.']' returned non-zero exit status 128.
[2026-05-01T17:38:23Z] [INFO] 
📊 CYCLE #143 SUMMARY
[2026-05-01T17:38:23Z] [INFO] ✅ Successful tasks: 7/7
[2026-05-01T17:38:23Z] [INFO] ⏱️  Cycle duration: 19.89s
[2026-05-01T17:38:23Z] [INFO]    ⚠️ task: result
[2026-05-01T17:38:23Z] [INFO]    ⚠️ task: result
[2026-05-01T17:38:23Z] [INFO]    ⚠️ task: result
[2026-05-01T17:38:23Z] [INFO]    ⚠️ task: result
[2026-05-01T17:38:23Z] [INFO]    ⚠️ task: result
[2026-05-01T17:38:23Z] [INFO]    ⚠️ task: result
[2026-05-01T17:38:23Z] [INFO]    ⚠️ task: result
[2026-05-01T17:38:23Z] [HEADER] ================================================================================
[2026-05-01T17:38:23Z] [INFO] 🔄 OVERNIGHT RESEARCH PIPELINE - CYCLE #144
[2026-05-01T17:38:23Z] [INFO] ================================================================================
[2026-05-01T17:38:23Z] [HEADER] ============================================================
[2026-05-01T17:38:23Z] [INFO] 🌙 STARTING OVERNIGHT RESEARCH CYCLE #144
[2026-05-01T17:38:23Z] [INFO] 🔍 Running overnight research protocol (web scraping + cross-symbol analysis)...
[2026-05-01T17:38:24Z] [INFO] 📊 Cycle duration: 0.23s, Files generated: 0
[2026-05-01T17:38:24Z] [WARNING] ⚠️ Database not initialized for cycle counting
[2026-05-01T17:38:24Z] [INFO] 💾 Database updated with cycle results
[2026-05-01T17:38:24Z] [SECTION] ============================================================
[2026-05-01T17:38:24Z] [INFO] 🔮 PHASE: HIDDEN LAYERING DETECTION
[2026-05-01T17:38:24Z] [INFO] 🔗 Hidden layering detection complete. Connections identified: 2
[2026-05-01T17:38:24Z] [SECTION] ============================================================
[2026-05-01T17:38:24Z] [INFO] 🔬 PHASE: DOMAIN CORRELATION ANALYSIS
[2026-05-01T17:38:24Z] [INFO] 📊 Domain correlation matrices created: 1
[2026-05-01T17:38:24Z] [SECTION] ============================================================
[2026-05-01T17:38:24Z] [INFO] 🖼️  PHASE: IMAGE-SEED ANALYSIS
[2026-05-01T17:38:24Z] [INFO] 📂 Image seed analysis bootstrapping from 0 images...
[2026-05-01T17:38:24Z] [SECTION] ============================================================
[2026-05-01T17:38:24Z] [INFO] 📤 PHASE: PUSH COMPONENTS TO TOLARIA
[2026-05-01T17:38:25Z] [INFO] 📦 Components pushed to Tolaria: 5
[2026-05-01T17:38:25Z] [SECTION] ============================================================
[2026-05-01T17:38:25Z] [INFO] 🧩 PHASE: COMPOSER - DOMAIN INTEGRATION SYNTHESIS
[2026-05-01T17:38:47Z] [INFO] 🎨 Domain integrations synthesized: 0
[2026-05-01T17:38:47Z] [SECTION] ============================================================
[2026-05-01T17:38:47Z] [INFO] 🚀 PHASE: ADVANCED OVERNIGHT LOOP
[2026-05-01T17:38:47Z] [INFO] 🔬 Advanced loop completed cycles: 0
[2026-05-01T17:38:47Z] [WARNING] ⚠️  Git commit skipped or failed (git not initialized?): Command '['git', '-C', '/home/avalonas/.hermes/gematria/unified_overnight_research', 'commit', '-m', '[2026-05-01T17:38:47Z] Cycle 143: Cycle 144: Web research + hidden layering detection']' returned non-zero exit status 1.
[2026-05-01T17:38:47Z] [INFO] 
📊 CYCLE #144 SUMMARY
[2026-05-01T17:38:47Z] [INFO] ✅ Successful tasks: 7/7
[2026-05-01T17:38:47Z] [INFO] ⏱️  Cycle duration: 23.43s
[2026-05-01T17:38:47Z] [INFO]    ⚠️ task: result
[2026-05-01T17:38:47Z] [INFO]    ⚠️ task: result
[2026-05-01T17:38:47Z] [INFO]    ⚠️ task: result
[2026-05-01T17:38:47Z] [INFO]    ⚠️ task: result
[2026-05-01T17:38:47Z] [INFO]    ⚠️ task: result
[2026-05-01T17:38:47Z] [INFO]    ⚠️ task: result
[2026-05-01T17:38:47Z] [INFO]    ⚠️ task: result
[2026-05-01T17:38:47Z] [HEADER] ================================================================================
[2026-05-01T17:38:47Z] [INFO] 🔄 OVERNIGHT RESEARCH PIPELINE - CYCLE #145
[2026-05-01T17:38:47Z] [INFO] ================================================================================
[2026-05-01T17:38:47Z] [HEADER] ============================================================
[2026-05-01T17:38:47Z] [INFO] 🌙 STARTING OVERNIGHT RESEARCH CYCLE #145
[2026-05-01T17:38:47Z] [INFO] 🔍 Running overnight research protocol (web scraping + cross-symbol analysis)...
[2026-05-01T17:38:47Z] [INFO] 📊 Cycle duration: 0.20s, Files generated: 0
[2026-05-01T17:38:47Z] [WARNING] ⚠️ Database not initialized for cycle counting
[2026-05-01T17:38:47Z] [INFO] 💾 Database updated with cycle results
[2026-05-01T17:38:47Z] [SECTION] ============================================================
[2026-05-01T17:38:47Z] [INFO] 🔮 PHASE: HIDDEN LAYERING DETECTION
[2026-05-01T17:38:47Z] [INFO] 🔗 Hidden layering detection complete. Connections identified: 2
[2026-05-01T17:38:47Z] [SECTION] ============================================================
[2026-05-01T17:38:47Z] [INFO] 🔬 PHASE: DOMAIN CORRELATION ANALYSIS
[2026-05-01T17:38:47Z] [INFO] 📊 Domain correlation matrices created: 1
[2026-05-01T17:38:47Z] [SECTION] ============================================================
[2026-05-01T17:38:47Z] [INFO] 🖼️  PHASE: IMAGE-SEED ANALYSIS
[2026-05-01T17:38:47Z] [INFO] 📂 Image seed analysis bootstrapping from 0 images...
[2026-05-01T17:38:47Z] [SECTION] ============================================================
[2026-05-01T17:38:47Z] [INFO] 📤 PHASE: PUSH COMPONENTS TO TOLARIA
[2026-05-01T17:38:48Z] [INFO] 📦 Components pushed to Tolaria: 5
[2026-05-01T17:38:48Z] [SECTION] ============================================================
[2026-05-01T17:38:48Z] [INFO] 🧩 PHASE: COMPOSER - DOMAIN INTEGRATION SYNTHESIS
[2026-05-01T17:39:09Z] [INFO] 🎨 Domain integrations synthesized: 0
[2026-05-01T17:39:09Z] [SECTION] ============================================================
[2026-05-01T17:39:09Z] [INFO] 🚀 PHASE: ADVANCED OVERNIGHT LOOP
[2026-05-01T17:39:09Z] [INFO] 🔬 Advanced loop completed cycles: 0
[2026-05-01T17:39:09Z] [WARNING] ⚠️  Git commit skipped or failed (git not initialized?): Command '['git', '-C', '/home/avalonas/.hermes/gematria/unified_overnight_research', 'add', '.']' returned non-zero exit status 128.
[2026-05-01T17:39:09Z] [INFO] 
📊 CYCLE #145 SUMMARY
[2026-05-01T17:39:09Z] [INFO] ✅ Successful tasks: 7/7
[2026-05-01T17:39:09Z] [INFO] ⏱️  Cycle duration: 22.43s
[2026-05-01T17:39:09Z] [INFO]    ⚠️ task: result
[2026-05-01T17:39:09Z] [INFO]    ⚠️ task: result
[2026-05-01T17:39:09Z] [INFO]    ⚠️ task: result
[2026-05-01T17:39:09Z] [INFO]    ⚠️ task: result
[2026-05-01T17:39:09Z] [INFO]    ⚠️ task: result
[2026-05-01T17:39:09Z] [INFO]    ⚠️ task: result
[2026-05-01T17:39:09Z] [INFO]    ⚠️ task: result
[2026-05-01T17:39:09Z] [HEADER] ================================================================================
[2026-05-01T17:39:09Z] [INFO] 🔄 OVERNIGHT RESEARCH PIPELINE - CYCLE #146
[2026-05-01T17:39:09Z] [INFO] ================================================================================
[2026-05-01T17:39:09Z] [HEADER] ============================================================
[2026-05-01T17:39:09Z] [INFO] 🌙 STARTING OVERNIGHT RESEARCH CYCLE #146
[2026-05-01T17:39:09Z] [INFO] 🔍 Running overnight research protocol (web scraping + cross-symbol analysis)...
[2026-05-01T17:39:09Z] [INFO] 📊 Cycle duration: 0.15s, Files generated: 0
[2026-05-01T17:39:09Z] [WARNING] ⚠️ Database not initialized for cycle counting
[2026-05-01T17:39:09Z] [INFO] 💾 Database updated with cycle results
[2026-05-01T17:39:09Z] [SECTION] ============================================================
[2026-05-01T17:39:09Z] [INFO] 🔮 PHASE: HIDDEN LAYERING DETECTION
[2026-05-01T17:39:10Z] [INFO] 🔗 Hidden layering detection complete. Connections identified: 2
[2026-05-01T17:39:10Z] [SECTION] ============================================================
[2026-05-01T17:39:10Z] [INFO] 🔬 PHASE: DOMAIN CORRELATION ANALYSIS
[2026-05-01T17:39:10Z] [INFO] 📊 Domain correlation matrices created: 1
[2026-05-01T17:39:10Z] [SECTION] ============================================================
[2026-05-01T17:39:10Z] [INFO] 🖼️  PHASE: IMAGE-SEED ANALYSIS
[2026-05-01T17:39:10Z] [INFO] 📂 Image seed analysis bootstrapping from 0 images...
[2026-05-01T17:39:10Z] [SECTION] ============================================================
[2026-05-01T17:39:10Z] [INFO] 📤 PHASE: PUSH COMPONENTS TO TOLARIA
[2026-05-01T17:39:11Z] [INFO] 📦 Components pushed to Tolaria: 5
[2026-05-01T17:39:11Z] [SECTION] ============================================================
[2026-05-01T17:39:11Z] [INFO] 🧩 PHASE: COMPOSER - DOMAIN INTEGRATION SYNTHESIS
[2026-05-01T17:39:30Z] [INFO] 🎨 Domain integrations synthesized: 0
[2026-05-01T17:39:30Z] [SECTION] ============================================================
[2026-05-01T17:39:30Z] [INFO] 🚀 PHASE: ADVANCED OVERNIGHT LOOP
[2026-05-01T17:39:30Z] [INFO] 🔬 Advanced loop completed cycles: 0
[2026-05-01T17:39:30Z] [WARNING] ⚠️  Git commit skipped or failed (git not initialized?): Command '['git', '-C', '/home/avalonas/.hermes/gematria/unified_overnight_research', 'commit', '-m', '[2026-05-01T17:39:30Z] Cycle 145: Cycle 146: Web research + hidden layering detection']' returned non-zero exit status 1.
[2026-05-01T17:39:30Z] [INFO] 
📊 CYCLE #146 SUMMARY
[2026-05-01T17:39:30Z] [INFO] ✅ Successful tasks: 7/7
[2026-05-01T17:39:30Z] [INFO] ⏱️  Cycle duration: 20.93s
[2026-05-01T17:39:30Z] [INFO]    ⚠️ task: result
[2026-05-01T17:39:30Z] [INFO]    ⚠️ task: result
[2026-05-01T17:39:30Z] [INFO]    ⚠️ task: result
[2026-05-01T17:39:30Z] [INFO]    ⚠️ task: result
[2026-05-01T17:39:30Z] [INFO]    ⚠️ task: result
[2026-05-01T17:39:30Z] [INFO]    ⚠️ task: result
[2026-05-01T17:39:30Z] [INFO]    ⚠️ task: result
[2026-05-01T17:39:30Z] [HEADER] ================================================================================
[2026-05-01T17:39:30Z] [INFO] 🔄 OVERNIGHT RESEARCH PIPELINE - CYCLE #147
[2026-05-01T17:39:30Z] [INFO] ================================================================================
[2026-05-01T17:39:30Z] [HEADER] ============================================================
[2026-05-01T17:39:30Z] [INFO] 🌙 STARTING OVERNIGHT RESEARCH CYCLE #147
[2026-05-01T17:39:30Z] [INFO] 🔍 Running overnight research protocol (web scraping + cross-symbol analysis)...
[2026-05-01T17:39:30Z] [INFO] 📊 Cycle duration: 0.18s, Files generated: 0
[2026-05-01T17:39:30Z] [WARNING] ⚠️ Database not initialized for cycle counting
[2026-05-01T17:39:30Z] [INFO] 💾 Database updated with cycle results
[2026-05-01T17:39:30Z] [SECTION] ============================================================
[2026-05-01T17:39:30Z] [INFO] 🔮 PHASE: HIDDEN LAYERING DETECTION
[2026-05-01T17:39:30Z] [INFO] 🔗 Hidden layering detection complete. Connections identified: 2
[2026-05-01T17:39:30Z] [SECTION] ============================================================
[2026-05-01T17:39:30Z] [INFO] 🔬 PHASE: DOMAIN CORRELATION ANALYSIS
[2026-05-01T17:39:31Z] [INFO] 📊 Domain correlation matrices created: 1
[2026-05-01T17:39:31Z] [SECTION] ============================================================
[2026-05-01T17:39:31Z] [INFO] 🖼️  PHASE: IMAGE-SEED ANALYSIS
[2026-05-01T17:39:31Z] [INFO] 📂 Image seed analysis bootstrapping from 0 images...
[2026-05-01T17:39:31Z] [SECTION] ============================================================
[2026-05-01T17:39:31Z] [INFO] 📤 PHASE: PUSH COMPONENTS TO TOLARIA
[2026-05-01T17:39:32Z] [INFO] 📦 Components pushed to Tolaria: 5
[2026-05-01T17:39:32Z] [SECTION] ============================================================
[2026-05-01T17:39:32Z] [INFO] 🧩 PHASE: COMPOSER - DOMAIN INTEGRATION SYNTHESIS
[2026-05-01T17:39:51Z] [INFO] 🎨 Domain integrations synthesized: 0
[2026-05-01T17:39:51Z] [SECTION] ============================================================
[2026-05-01T17:39:51Z] [INFO] 🚀 PHASE: ADVANCED OVERNIGHT LOOP
[2026-05-01T17:39:51Z] [INFO] 🔬 Advanced loop completed cycles: 0
[2026-05-01T17:39:51Z] [WARNING] ⚠️  Git commit skipped or failed (git not initialized?): Command '['git', '-C', '/home/avalonas/.hermes/gematria/unified_overnight_research', 'add', '.']' returned non-zero exit status 128.
[2026-05-01T17:39:51Z] [INFO] 
📊 CYCLE #147 SUMMARY
[2026-05-01T17:39:51Z] [INFO] ✅ Successful tasks: 7/7
[2026-05-01T17:39:51Z] [INFO] ⏱️  Cycle duration: 20.42s
[2026-05-01T17:39:51Z] [INFO]    ⚠️ task: result
[2026-05-01T17:39:51Z] [INFO]    ⚠️ task: result
[2026-05-01T17:39:51Z] [INFO]    ⚠️ task: result
[2026-05-01T17:39:51Z] [INFO]    ⚠️ task: result
[2026-05-01T17:39:51Z] [INFO]    ⚠️ task: result
[2026-05-01T17:39:51Z] [INFO]    ⚠️ task: result
[2026-05-01T17:39:51Z] [INFO]    ⚠️ task: result
[2026-05-01T17:39:51Z] [HEADER] ================================================================================
[2026-05-01T17:39:51Z] [INFO] 🔄 OVERNIGHT RESEARCH PIPELINE - CYCLE #148
[2026-05-01T17:39:51Z] [INFO] ================================================================================
[2026-05-01T17:39:51Z] [HEADER] ============================================================
[2026-05-01T17:39:51Z] [INFO] 🌙 STARTING OVERNIGHT RESEARCH CYCLE #148
[2026-05-01T17:39:51Z] [INFO] 🔍 Running overnight research protocol (web scraping + cross-symbol analysis)...
[2026-05-01T17:39:51Z] [INFO] 📊 Cycle duration: 0.21s, Files generated: 0
[2026-05-01T17:39:51Z] [WARNING] ⚠️ Database not initialized for cycle counting
[2026-05-01T17:39:51Z] [INFO] 💾 Database updated with cycle results
[2026-05-01T17:39:51Z] [SECTION] ============================================================
[2026-05-01T17:39:51Z] [INFO] 🔮 PHASE: HIDDEN LAYERING DETECTION
[2026-05-01T17:39:51Z] [INFO] 🔗 Hidden layering detection complete. Connections identified: 2
[2026-05-01T17:39:51Z] [SECTION] ============================================================
[2026-05-01T17:39:51Z] [INFO] 🔬 PHASE: DOMAIN CORRELATION ANALYSIS
[2026-05-01T17:39:51Z] [INFO] 📊 Domain correlation matrices created: 1
[2026-05-01T17:39:51Z] [SECTION] ============================================================
[2026-05-01T17:39:51Z] [INFO] 🖼️  PHASE: IMAGE-SEED ANALYSIS
[2026-05-01T17:39:51Z] [INFO] 📂 Image seed analysis bootstrapping from 0 images...
[2026-05-01T17:39:51Z] [SECTION] ============================================================
[2026-05-01T17:39:51Z] [INFO] 📤 PHASE: PUSH COMPONENTS TO TOLARIA
[2026-05-01T17:39:52Z] [INFO] 📦 Components pushed to Tolaria: 5
[2026-05-01T17:39:52Z] [SECTION] ============================================================
[2026-05-01T17:39:52Z] [INFO] 🧩 PHASE: COMPOSER - DOMAIN INTEGRATION SYNTHESIS
[2026-05-01T17:40:10Z] [INFO] 🎨 Domain integrations synthesized: 0
[2026-05-01T17:40:10Z] [SECTION] ============================================================
[2026-05-01T17:40:10Z] [INFO] 🚀 PHASE: ADVANCED OVERNIGHT LOOP
[2026-05-01T17:40:10Z] [INFO] 🔬 Advanced loop completed cycles: 0
[2026-05-01T17:40:10Z] [WARNING] ⚠️  Git commit skipped or failed (git not initialized?): Command '['git', '-C', '/home/avalonas/.hermes/gematria/unified_overnight_research', 'commit', '-m', '[2026-05-01T17:40:10Z] Cycle 147: Cycle 148: Web research + hidden layering detection']' returned non-zero exit status 1.
[2026-05-01T17:40:10Z] [INFO] 
📊 CYCLE #148 SUMMARY
[2026-05-01T17:40:10Z] [INFO] ✅ Successful tasks: 7/7
[2026-05-01T17:40:10Z] [INFO] ⏱️  Cycle duration: 19.50s
[2026-05-01T17:40:10Z] [INFO]    ⚠️ task: result
[2026-05-01T17:40:10Z] [INFO]    ⚠️ task: result
[2026-05-01T17:40:10Z] [INFO]    ⚠️ task: result
[2026-05-01T17:40:10Z] [INFO]    ⚠️ task: result
[2026-05-01T17:40:10Z] [INFO]    ⚠️ task: result
[2026-05-01T17:40:10Z] [INFO]    ⚠️ task: result
[2026-05-01T17:40:10Z] [INFO]    ⚠️ task: result
[2026-05-01T17:40:10Z] [HEADER] ================================================================================
[2026-05-01T17:40:10Z] [INFO] 🔄 OVERNIGHT RESEARCH PIPELINE - CYCLE #149
[2026-05-01T17:40:10Z] [INFO] ================================================================================
[2026-05-01T17:40:10Z] [HEADER] ============================================================
[2026-05-01T17:40:10Z] [INFO] 🌙 STARTING OVERNIGHT RESEARCH CYCLE #149
[2026-05-01T17:40:10Z] [INFO] 🔍 Running overnight research protocol (web scraping + cross-symbol analysis)...
[2026-05-01T17:40:10Z] [INFO] 📊 Cycle duration: 0.15s, Files generated: 0
[2026-05-01T17:40:10Z] [WARNING] ⚠️ Database not initialized for cycle counting
[2026-05-01T17:40:10Z] [INFO] 💾 Database updated with cycle results
[2026-05-01T17:40:10Z] [SECTION] ============================================================
[2026-05-01T17:40:10Z] [INFO] 🔮 PHASE: HIDDEN LAYERING DETECTION
[2026-05-01T17:40:10Z] [INFO] 🔗 Hidden layering detection complete. Connections identified: 2
[2026-05-01T17:40:10Z] [SECTION] ============================================================
[2026-05-01T17:40:10Z] [INFO] 🔬 PHASE: DOMAIN CORRELATION ANALYSIS
[2026-05-01T17:40:10Z] [INFO] 📊 Domain correlation matrices created: 1
[2026-05-01T17:40:10Z] [SECTION] ============================================================
[2026-05-01T17:40:10Z] [INFO] 🖼️  PHASE: IMAGE-SEED ANALYSIS
[2026-05-01T17:40:10Z] [INFO] 📂 Image seed analysis bootstrapping from 0 images...
[2026-05-01T17:40:10Z] [SECTION] ============================================================
[2026-05-01T17:40:10Z] [INFO] 📤 PHASE: PUSH COMPONENTS TO TOLARIA
[2026-05-01T17:40:11Z] [INFO] 📦 Components pushed to Tolaria: 5
[2026-05-01T17:40:11Z] [SECTION] ============================================================
[2026-05-01T17:40:11Z] [INFO] 🧩 PHASE: COMPOSER - DOMAIN INTEGRATION SYNTHESIS
[2026-05-01T17:40:31Z] [INFO] 🎨 Domain integrations synthesized: 0
[2026-05-01T17:40:31Z] [SECTION] ============================================================
[2026-05-01T17:40:31Z] [INFO] 🚀 PHASE: ADVANCED OVERNIGHT LOOP
[2026-05-01T17:40:31Z] [INFO] 🔬 Advanced loop completed cycles: 0
[2026-05-01T17:40:31Z] [WARNING] ⚠️  Git commit skipped or failed (git not initialized?): Command '['git', '-C', '/home/avalonas/.hermes/gematria/unified_overnight_research', 'commit', '-m', '[2026-05-01T17:40:31Z] Cycle 148: Cycle 149: Web research + hidden layering detection']' returned non-zero exit status 1.
[2026-05-01T17:40:31Z] [INFO] 
📊 CYCLE #149 SUMMARY
[2026-05-01T17:40:31Z] [INFO] ✅ Successful tasks: 7/7
[2026-05-01T17:40:31Z] [INFO] ⏱️  Cycle duration: 21.05s
[2026-05-01T17:40:31Z] [INFO]    ⚠️ task: result
[2026-05-01T17:40:31Z] [INFO]    ⚠️ task: result
[2026-05-01T17:40:31Z] [INFO]    ⚠️ task: result
[2026-05-01T17:40:31Z] [INFO]    ⚠️ task: result
[2026-05-01T17:40:31Z] [INFO]    ⚠️ task: result
[2026-05-01T17:40:31Z] [INFO]    ⚠️ task: result
[2026-05-01T17:40:31Z] [INFO]    ⚠️ task: result
[2026-05-01T17:40:31Z] [HEADER] ================================================================================
[2026-05-01T17:40:31Z] [INFO] 🔄 OVERNIGHT RESEARCH PIPELINE - CYCLE #150
[2026-05-01T17:40:31Z] [INFO] ================================================================================
[2026-05-01T17:40:31Z] [HEADER] ============================================================
[2026-05-01T17:40:31Z] [INFO] 🌙 STARTING OVERNIGHT RESEARCH CYCLE #150
[2026-05-01T17:40:31Z] [INFO] 🔍 Running overnight research protocol (web scraping + cross-symbol analysis)...
[2026-05-01T17:40:31Z] [INFO] 📊 Cycle duration: 0.25s, Files generated: 0
[2026-05-01T17:40:31Z] [WARNING] ⚠️ Database not initialized for cycle counting
[2026-05-01T17:40:31Z] [INFO] 💾 Database updated with cycle results
[2026-05-01T17:40:31Z] [SECTION] ============================================================
[2026-05-01T17:40:31Z] [INFO] 🔮 PHASE: HIDDEN LAYERING DETECTION
[2026-05-01T17:40:32Z] [INFO] 🔗 Hidden layering detection complete. Connections identified: 2
[2026-05-01T17:40:32Z] [SECTION] ============================================================
[2026-05-01T17:40:32Z] [INFO] 🔬 PHASE: DOMAIN CORRELATION ANALYSIS
[2026-05-01T17:40:32Z] [INFO] 📊 Domain correlation matrices created: 1
[2026-05-01T17:40:32Z] [SECTION] ============================================================
[2026-05-01T17:40:32Z] [INFO] 🖼️  PHASE: IMAGE-SEED ANALYSIS
[2026-05-01T17:40:32Z] [INFO] 📂 Image seed analysis bootstrapping from 0 images...
[2026-05-01T17:40:32Z] [SECTION] ============================================================
[2026-05-01T17:40:32Z] [INFO] 📤 PHASE: PUSH COMPONENTS TO TOLARIA
[2026-05-01T17:40:33Z] [INFO] 📦 Components pushed to Tolaria: 5
[2026-05-01T17:40:33Z] [SECTION] ============================================================
[2026-05-01T17:40:33Z] [INFO] 🧩 PHASE: COMPOSER - DOMAIN INTEGRATION SYNTHESIS
[2026-05-01T17:40:51Z] [INFO] 🎨 Domain integrations synthesized: 0
[2026-05-01T17:40:51Z] [SECTION] ============================================================
[2026-05-01T17:40:51Z] [INFO] 🚀 PHASE: ADVANCED OVERNIGHT LOOP
[2026-05-01T17:40:52Z] [INFO] 🔬 Advanced loop completed cycles: 0
[2026-05-01T17:40:52Z] [WARNING] ⚠️  Git commit skipped or failed (git not initialized?): Command '['git', '-C', '/home/avalonas/.hermes/gematria/unified_overnight_research', 'add', '.']' returned non-zero exit status 128.
[2026-05-01T17:40:52Z] [INFO] 
📊 CYCLE #150 SUMMARY
[2026-05-01T17:40:52Z] [INFO] ✅ Successful tasks: 7/7
[2026-05-01T17:40:52Z] [INFO] ⏱️  Cycle duration: 20.36s
[2026-05-01T17:40:52Z] [INFO]    ⚠️ task: result
[2026-05-01T17:40:52Z] [INFO]    ⚠️ task: result
[2026-05-01T17:40:52Z] [INFO]    ⚠️ task: result
[2026-05-01T17:40:52Z] [INFO]    ⚠️ task: result
[2026-05-01T17:40:52Z] [INFO]    ⚠️ task: result
[2026-05-01T17:40:52Z] [INFO]    ⚠️ task: result
[2026-05-01T17:40:52Z] [INFO]    ⚠️ task: result
[2026-05-01T17:40:52Z] [HEADER] ================================================================================
[2026-05-01T17:40:52Z] [INFO] 🔄 OVERNIGHT RESEARCH PIPELINE - CYCLE #151
[2026-05-01T17:40:52Z] [INFO] ================================================================================
[2026-05-01T17:40:52Z] [HEADER] ============================================================
[2026-05-01T17:40:52Z] [INFO] 🌙 STARTING OVERNIGHT RESEARCH CYCLE #151
[2026-05-01T17:40:52Z] [INFO] 🔍 Running overnight research protocol (web scraping + cross-symbol analysis)...
[2026-05-01T17:40:52Z] [INFO] 📊 Cycle duration: 0.20s, Files generated: 0
[2026-05-01T17:40:52Z] [WARNING] ⚠️ Database not initialized for cycle counting
[2026-05-01T17:40:52Z] [INFO] 💾 Database updated with cycle results
[2026-05-01T17:40:52Z] [SECTION] ============================================================
[2026-05-01T17:40:52Z] [INFO] 🔮 PHASE: HIDDEN LAYERING DETECTION
[2026-05-01T17:40:52Z] [INFO] 🔗 Hidden layering detection complete. Connections identified: 2
[2026-05-01T17:40:52Z] [SECTION] ============================================================
[2026-05-01T17:40:52Z] [INFO] 🔬 PHASE: DOMAIN CORRELATION ANALYSIS
[2026-05-01T17:40:52Z] [INFO] 📊 Domain correlation matrices created: 1
[2026-05-01T17:40:52Z] [SECTION] ============================================================
[2026-05-01T17:40:52Z] [INFO] 🖼️  PHASE: IMAGE-SEED ANALYSIS
[2026-05-01T17:40:52Z] [INFO] 📂 Image seed analysis bootstrapping from 0 images...
[2026-05-01T17:40:52Z] [SECTION] ============================================================
[2026-05-01T17:40:52Z] [INFO] 📤 PHASE: PUSH COMPONENTS TO TOLARIA
[2026-05-01T17:40:53Z] [INFO] 📦 Components pushed to Tolaria: 5
[2026-05-01T17:40:53Z] [SECTION] ============================================================
[2026-05-01T17:40:53Z] [INFO] 🧩 PHASE: COMPOSER - DOMAIN INTEGRATION SYNTHESIS
[2026-05-01T17:41:13Z] [INFO] 🎨 Domain integrations synthesized: 0
[2026-05-01T17:41:13Z] [SECTION] ============================================================
[2026-05-01T17:41:13Z] [INFO] 🚀 PHASE: ADVANCED OVERNIGHT LOOP
[2026-05-01T17:41:13Z] [INFO] 🔬 Advanced loop completed cycles: 0
[2026-05-01T17:41:13Z] [WARNING] ⚠️  Git commit skipped or failed (git not initialized?): Command '['git', '-C', '/home/avalonas/.hermes/gematria/unified_overnight_research', 'commit', '-m', '[2026-05-01T17:41:13Z] Cycle 150: Cycle 151: Web research + hidden layering detection']' returned non-zero exit status 1.
[2026-05-01T17:41:13Z] [INFO] 
📊 CYCLE #151 SUMMARY
[2026-05-01T17:41:13Z] [INFO] ✅ Successful tasks: 7/7
[2026-05-01T17:41:13Z] [INFO] ⏱️  Cycle duration: 21.30s
[2026-05-01T17:41:13Z] [INFO]    ⚠️ task: result
[2026-05-01T17:41:13Z] [INFO]    ⚠️ task: result
[2026-05-01T17:41:13Z] [INFO]    ⚠️ task: result
[2026-05-01T17:41:13Z] [INFO]    ⚠️ task: result
[2026-05-01T17:41:13Z] [INFO]    ⚠️ task: result
[2026-05-01T17:41:13Z] [INFO]    ⚠️ task: result
[2026-05-01T17:41:13Z] [INFO]    ⚠️ task: result
[2026-05-01T17:41:13Z] [HEADER] ================================================================================
[2026-05-01T17:41:13Z] [INFO] 🔄 OVERNIGHT RESEARCH PIPELINE - CYCLE #152
[2026-05-01T17:41:13Z] [INFO] ================================================================================
[2026-05-01T17:41:13Z] [HEADER] ============================================================
[2026-05-01T17:41:13Z] [INFO] 🌙 STARTING OVERNIGHT RESEARCH CYCLE #152
[2026-05-01T17:41:13Z] [INFO] 🔍 Running overnight research protocol (web scraping + cross-symbol analysis)...
[2026-05-01T17:41:13Z] [INFO] 📊 Cycle duration: 0.15s, Files generated: 0
[2026-05-01T17:41:13Z] [WARNING] ⚠️ Database not initialized for cycle counting
[2026-05-01T17:41:13Z] [INFO] 💾 Database updated with cycle results
[2026-05-01T17:41:13Z] [SECTION] ============================================================
[2026-05-01T17:41:13Z] [INFO] 🔮 PHASE: HIDDEN LAYERING DETECTION
[2026-05-01T17:41:13Z] [INFO] 🔗 Hidden layering detection complete. Connections identified: 2
[2026-05-01T17:41:13Z] [SECTION] ============================================================
[2026-05-01T17:41:13Z] [INFO] 🔬 PHASE: DOMAIN CORRELATION ANALYSIS
[2026-05-01T17:41:13Z] [INFO] 📊 Domain correlation matrices created: 1
[2026-05-01T17:41:13Z] [SECTION] ============================================================
[2026-05-01T17:41:13Z] [INFO] 🖼️  PHASE: IMAGE-SEED ANALYSIS
[2026-05-01T17:41:13Z] [INFO] 📂 Image seed analysis bootstrapping from 0 images...
[2026-05-01T17:41:13Z] [SECTION] ============================================================
[2026-05-01T17:41:13Z] [INFO] 📤 PHASE: PUSH COMPONENTS TO TOLARIA
[2026-05-01T17:41:14Z] [INFO] 📦 Components pushed to Tolaria: 5
[2026-05-01T17:41:14Z] [SECTION] ============================================================
[2026-05-01T17:41:14Z] [INFO] 🧩 PHASE: COMPOSER - DOMAIN INTEGRATION SYNTHESIS
[2026-05-01T17:41:33Z] [INFO] 🎨 Domain integrations synthesized: 0
[2026-05-01T17:41:33Z] [SECTION] ============================================================
[2026-05-01T17:41:33Z] [INFO] 🚀 PHASE: ADVANCED OVERNIGHT LOOP
[2026-05-01T17:41:34Z] [INFO] 🔬 Advanced loop completed cycles: 0
[2026-05-01T17:41:34Z] [WARNING] ⚠️  Git commit skipped or failed (git not initialized?): Command '['git', '-C', '/home/avalonas/.hermes/gematria/unified_overnight_research', 'add', '.']' returned non-zero exit status 128.
[2026-05-01T17:41:34Z] [INFO] 
📊 CYCLE #152 SUMMARY
[2026-05-01T17:41:34Z] [INFO] ✅ Successful tasks: 7/7
[2026-05-01T17:41:34Z] [INFO] ⏱️  Cycle duration: 20.64s
[2026-05-01T17:41:34Z] [INFO]    ⚠️ task: result
[2026-05-01T17:41:34Z] [INFO]    ⚠️ task: result
[2026-05-01T17:41:34Z] [INFO]    ⚠️ task: result
[2026-05-01T17:41:34Z] [INFO]    ⚠️ task: result
[2026-05-01T17:41:34Z] [INFO]    ⚠️ task: result
[2026-05-01T17:41:34Z] [INFO]    ⚠️ task: result
[2026-05-01T17:41:34Z] [INFO]    ⚠️ task: result
[2026-05-01T17:41:34Z] [HEADER] ================================================================================
[2026-05-01T17:41:34Z] [INFO] 🔄 OVERNIGHT RESEARCH PIPELINE - CYCLE #153
[2026-05-01T17:41:34Z] [INFO] ================================================================================
[2026-05-01T17:41:34Z] [HEADER] ============================================================
[2026-05-01T17:41:34Z] [INFO] 🌙 STARTING OVERNIGHT RESEARCH CYCLE #153
[2026-05-01T17:41:34Z] [INFO] 🔍 Running overnight research protocol (web scraping + cross-symbol analysis)...
[2026-05-01T17:41:34Z] [INFO] 📊 Cycle duration: 0.21s, Files generated: 0
[2026-05-01T17:41:34Z] [WARNING] ⚠️ Database not initialized for cycle counting
[2026-05-01T17:41:34Z] [INFO] 💾 Database updated with cycle results
[2026-05-01T17:41:34Z] [SECTION] ============================================================
[2026-05-01T17:41:34Z] [INFO] 🔮 PHASE: HIDDEN LAYERING DETECTION
[2026-05-01T17:41:34Z] [INFO] 🔗 Hidden layering detection complete. Connections identified: 2
[2026-05-01T17:41:34Z] [SECTION] ============================================================
[2026-05-01T17:41:34Z] [INFO] 🔬 PHASE: DOMAIN CORRELATION ANALYSIS
[2026-05-01T17:41:34Z] [INFO] 📊 Domain correlation matrices created: 1
[2026-05-01T17:41:34Z] [SECTION] ============================================================
[2026-05-01T17:41:34Z] [INFO] 🖼️  PHASE: IMAGE-SEED ANALYSIS
[2026-05-01T17:41:34Z] [INFO] 📂 Image seed analysis bootstrapping from 0 images...
[2026-05-01T17:41:34Z] [SECTION] ============================================================
[2026-05-01T17:41:34Z] [INFO] 📤 PHASE: PUSH COMPONENTS TO TOLARIA
[2026-05-01T17:41:35Z] [INFO] 📦 Components pushed to Tolaria: 5
[2026-05-01T17:41:35Z] [SECTION] ============================================================
[2026-05-01T17:41:35Z] [INFO] 🧩 PHASE: COMPOSER - DOMAIN INTEGRATION SYNTHESIS
[2026-05-01T17:41:54Z] [INFO] 🎨 Domain integrations synthesized: 0
[2026-05-01T17:41:54Z] [SECTION] ============================================================
[2026-05-01T17:41:54Z] [INFO] 🚀 PHASE: ADVANCED OVERNIGHT LOOP
[2026-05-01T17:41:54Z] [INFO] 🔬 Advanced loop completed cycles: 0
[2026-05-01T17:41:54Z] [WARNING] ⚠️  Git commit skipped or failed (git not initialized?): Command '['git', '-C', '/home/avalonas/.hermes/gematria/unified_overnight_research', 'add', '.']' returned non-zero exit status 128.
[2026-05-01T17:41:54Z] [INFO] 
📊 CYCLE #153 SUMMARY
[2026-05-01T17:41:54Z] [INFO] ✅ Successful tasks: 7/7
[2026-05-01T17:41:54Z] [INFO] ⏱️  Cycle duration: 20.66s
[2026-05-01T17:41:54Z] [INFO]    ⚠️ task: result
[2026-05-01T17:41:54Z] [INFO]    ⚠️ task: result
[2026-05-01T17:41:54Z] [INFO]    ⚠️ task: result
[2026-05-01T17:41:54Z] [INFO]    ⚠️ task: result
[2026-05-01T17:41:54Z] [INFO]    ⚠️ task: result
[2026-05-01T17:41:54Z] [INFO]    ⚠️ task: result
[2026-05-01T17:41:54Z] [INFO]    ⚠️ task: result
[2026-05-01T17:41:54Z] [HEADER] ================================================================================
[2026-05-01T17:41:54Z] [INFO] 🔄 OVERNIGHT RESEARCH PIPELINE - CYCLE #154
[2026-05-01T17:41:54Z] [INFO] ================================================================================
[2026-05-01T17:41:54Z] [HEADER] ============================================================
[2026-05-01T17:41:54Z] [INFO] 🌙 STARTING OVERNIGHT RESEARCH CYCLE #154
[2026-05-01T17:41:54Z] [INFO] 🔍 Running overnight research protocol (web scraping + cross-symbol analysis)...
[2026-05-01T17:41:54Z] [INFO] 📊 Cycle duration: 0.15s, Files generated: 0
[2026-05-01T17:41:54Z] [WARNING] ⚠️ Database not initialized for cycle counting
[2026-05-01T17:41:54Z] [INFO] 💾 Database updated with cycle results
[2026-05-01T17:41:54Z] [SECTION] ============================================================
[2026-05-01T17:41:54Z] [INFO] 🔮 PHASE: HIDDEN LAYERING DETECTION
[2026-05-01T17:41:54Z] [INFO] 🔗 Hidden layering detection complete. Connections identified: 2
[2026-05-01T17:41:54Z] [SECTION] ============================================================
[2026-05-01T17:41:54Z] [INFO] 🔬 PHASE: DOMAIN CORRELATION ANALYSIS
[2026-05-01T17:41:54Z] [INFO] 📊 Domain correlation matrices created: 1
[2026-05-01T17:41:54Z] [SECTION] ============================================================
[2026-05-01T17:41:54Z] [INFO] 🖼️  PHASE: IMAGE-SEED ANALYSIS
[2026-05-01T17:41:54Z] [INFO] 📂 Image seed analysis bootstrapping from 0 images...
[2026-05-01T17:41:54Z] [SECTION] ============================================================
[2026-05-01T17:41:54Z] [INFO] 📤 PHASE: PUSH COMPONENTS TO TOLARIA
[2026-05-01T17:41:55Z] [INFO] 📦 Components pushed to Tolaria: 5
[2026-05-01T17:41:55Z] [SECTION] ============================================================
[2026-05-01T17:41:55Z] [INFO] 🧩 PHASE: COMPOSER - DOMAIN INTEGRATION SYNTHESIS
[2026-05-01T17:42:11Z] [INFO] 🎨 Domain integrations synthesized: 0
[2026-05-01T17:42:11Z] [SECTION] ============================================================
[2026-05-01T17:42:11Z] [INFO] 🚀 PHASE: ADVANCED OVERNIGHT LOOP
[2026-05-01T17:42:11Z] [INFO] 🔬 Advanced loop completed cycles: 0
[2026-05-01T17:42:11Z] [WARNING] ⚠️  Git commit skipped or failed (git not initialized?): Command '['git', '-C', '/home/avalonas/.hermes/gematria/unified_overnight_research', 'commit', '-m', '[2026-05-01T17:42:11Z] Cycle 153: Cycle 154: Web research + hidden layering detection']' returned non-zero exit status 1.
[2026-05-01T17:42:11Z] [INFO] 
📊 CYCLE #154 SUMMARY
[2026-05-01T17:42:11Z] [INFO] ✅ Successful tasks: 7/7
[2026-05-01T17:42:11Z] [INFO] ⏱️  Cycle duration: 16.74s
[2026-05-01T17:42:11Z] [INFO]    ⚠️ task: result
[2026-05-01T17:42:11Z] [INFO]    ⚠️ task: result
[2026-05-01T17:42:11Z] [INFO]    ⚠️ task: result
[2026-05-01T17:42:11Z] [INFO]    ⚠️ task: result
[2026-05-01T17:42:11Z] [INFO]    ⚠️ task: result
[2026-05-01T17:42:11Z] [INFO]    ⚠️ task: result
[2026-05-01T17:42:11Z] [INFO]    ⚠️ task: result
[2026-05-01T17:42:11Z] [HEADER] ================================================================================
[2026-05-01T17:42:11Z] [INFO] 🔄 OVERNIGHT RESEARCH PIPELINE - CYCLE #155
[2026-05-01T17:42:11Z] [INFO] ================================================================================
[2026-05-01T17:42:11Z] [HEADER] ============================================================
[2026-05-01T17:42:11Z] [INFO] 🌙 STARTING OVERNIGHT RESEARCH CYCLE #155
[2026-05-01T17:42:11Z] [INFO] 🔍 Running overnight research protocol (web scraping + cross-symbol analysis)...
[2026-05-01T17:42:11Z] [INFO] 📊 Cycle duration: 0.15s, Files generated: 0
[2026-05-01T17:42:11Z] [WARNING] ⚠️ Database not initialized for cycle counting
[2026-05-01T17:42:11Z] [INFO] 💾 Database updated with cycle results
[2026-05-01T17:42:11Z] [SECTION] ============================================================
[2026-05-01T17:42:11Z] [INFO] 🔮 PHASE: HIDDEN LAYERING DETECTION
[2026-05-01T17:42:11Z] [INFO] 🔗 Hidden layering detection complete. Connections identified: 2
[2026-05-01T17:42:11Z] [SECTION] ============================================================
[2026-05-01T17:42:11Z] [INFO] 🔬 PHASE: DOMAIN CORRELATION ANALYSIS
[2026-05-01T17:42:11Z] [INFO] 📊 Domain correlation matrices created: 1
[2026-05-01T17:42:11Z] [SECTION] ============================================================
[2026-05-01T17:42:11Z] [INFO] 🖼️  PHASE: IMAGE-SEED ANALYSIS
[2026-05-01T17:42:11Z] [INFO] 📂 Image seed analysis bootstrapping from 0 images...
[2026-05-01T17:42:11Z] [SECTION] ============================================================
[2026-05-01T17:42:11Z] [INFO] 📤 PHASE: PUSH COMPONENTS TO TOLARIA
[2026-05-01T17:42:12Z] [INFO] 📦 Components pushed to Tolaria: 5
[2026-05-01T17:42:12Z] [SECTION] ============================================================
[2026-05-01T17:42:12Z] [INFO] 🧩 PHASE: COMPOSER - DOMAIN INTEGRATION SYNTHESIS
[2026-05-01T17:42:31Z] [INFO] 🎨 Domain integrations synthesized: 0
[2026-05-01T17:42:31Z] [SECTION] ============================================================
[2026-05-01T17:42:31Z] [INFO] 🚀 PHASE: ADVANCED OVERNIGHT LOOP
[2026-05-01T17:42:32Z] [INFO] 🔬 Advanced loop completed cycles: 0
[2026-05-01T17:42:32Z] [WARNING] ⚠️  Git commit skipped or failed (git not initialized?): Command '['git', '-C', '/home/avalonas/.hermes/gematria/unified_overnight_research', 'commit', '-m', '[2026-05-01T17:42:32Z] Cycle 154: Cycle 155: Web research + hidden layering detection']' returned non-zero exit status 1.
[2026-05-01T17:42:32Z] [INFO] 
📊 CYCLE #155 SUMMARY
[2026-05-01T17:42:32Z] [INFO] ✅ Successful tasks: 7/7
[2026-05-01T17:42:32Z] [INFO] ⏱️  Cycle duration: 20.66s
[2026-05-01T17:42:32Z] [INFO]    ⚠️ task: result
[2026-05-01T17:42:32Z] [INFO]    ⚠️ task: result
[2026-05-01T17:42:32Z] [INFO]    ⚠️ task: result
[2026-05-01T17:42:32Z] [INFO]    ⚠️ task: result
[2026-05-01T17:42:32Z] [INFO]    ⚠️ task: result
[2026-05-01T17:42:32Z] [INFO]    ⚠️ task: result
[2026-05-01T17:42:32Z] [INFO]    ⚠️ task: result
[2026-05-01T17:42:32Z] [HEADER] ================================================================================
[2026-05-01T17:42:32Z] [INFO] 🔄 OVERNIGHT RESEARCH PIPELINE - CYCLE #156
[2026-05-01T17:42:32Z] [INFO] ================================================================================
[2026-05-01T17:42:32Z] [HEADER] ============================================================
[2026-05-01T17:42:32Z] [INFO] 🌙 STARTING OVERNIGHT RESEARCH CYCLE #156
[2026-05-01T17:42:32Z] [INFO] 🔍 Running overnight research protocol (web scraping + cross-symbol analysis)...
[2026-05-01T17:42:32Z] [INFO] 📊 Cycle duration: 0.21s, Files generated: 0
[2026-05-01T17:42:32Z] [WARNING] ⚠️ Database not initialized for cycle counting
[2026-05-01T17:42:32Z] [INFO] 💾 Database updated with cycle results
[2026-05-01T17:42:32Z] [SECTION] ============================================================
[2026-05-01T17:42:32Z] [INFO] 🔮 PHASE: HIDDEN LAYERING DETECTION
[2026-05-01T17:42:32Z] [INFO] 🔗 Hidden layering detection complete. Connections identified: 2
[2026-05-01T17:42:32Z] [SECTION] ============================================================
[2026-05-01T17:42:32Z] [INFO] 🔬 PHASE: DOMAIN CORRELATION ANALYSIS
[2026-05-01T17:42:32Z] [INFO] 📊 Domain correlation matrices created: 1
[2026-05-01T17:42:32Z] [SECTION] ============================================================
[2026-05-01T17:42:32Z] [INFO] 🖼️  PHASE: IMAGE-SEED ANALYSIS
[2026-05-01T17:42:32Z] [INFO] 📂 Image seed analysis bootstrapping from 0 images...
[2026-05-01T17:42:32Z] [SECTION] ============================================================
[2026-05-01T17:42:32Z] [INFO] 📤 PHASE: PUSH COMPONENTS TO TOLARIA
[2026-05-01T17:42:33Z] [INFO] 📦 Components pushed to Tolaria: 5
[2026-05-01T17:42:33Z] [SECTION] ============================================================
[2026-05-01T17:42:33Z] [INFO] 🧩 PHASE: COMPOSER - DOMAIN INTEGRATION SYNTHESIS
[2026-05-01T17:42:51Z] [INFO] 🎨 Domain integrations synthesized: 0
[2026-05-01T17:42:51Z] [SECTION] ============================================================
[2026-05-01T17:42:51Z] [INFO] 🚀 PHASE: ADVANCED OVERNIGHT LOOP
[2026-05-01T17:42:51Z] [INFO] 🔬 Advanced loop completed cycles: 0
[2026-05-01T17:42:52Z] [WARNING] ⚠️  Git commit skipped or failed (git not initialized?): Command '['git', '-C', '/home/avalonas/.hermes/gematria/unified_overnight_research', 'commit', '-m', '[2026-05-01T17:42:52Z] Cycle 155: Cycle 156: Web research + hidden layering detection']' returned non-zero exit status 1.
[2026-05-01T17:42:52Z] [INFO] 
📊 CYCLE #156 SUMMARY
[2026-05-01T17:42:52Z] [INFO] ✅ Successful tasks: 7/7
[2026-05-01T17:42:52Z] [INFO] ⏱️  Cycle duration: 19.95s
[2026-05-01T17:42:52Z] [INFO]    ⚠️ task: result
[2026-05-01T17:42:52Z] [INFO]    ⚠️ task: result
[2026-05-01T17:42:52Z] [INFO]    ⚠️ task: result
[2026-05-01T17:42:52Z] [INFO]    ⚠️ task: result
[2026-05-01T17:42:52Z] [INFO]    ⚠️ task: result
[2026-05-01T17:42:52Z] [INFO]    ⚠️ task: result
[2026-05-01T17:42:52Z] [INFO]    ⚠️ task: result
[2026-05-01T17:42:52Z] [HEADER] ================================================================================
[2026-05-01T17:42:52Z] [INFO] 🔄 OVERNIGHT RESEARCH PIPELINE - CYCLE #157
[2026-05-01T17:42:52Z] [INFO] ================================================================================
[2026-05-01T17:42:52Z] [HEADER] ============================================================
[2026-05-01T17:42:52Z] [INFO] 🌙 STARTING OVERNIGHT RESEARCH CYCLE #157
[2026-05-01T17:42:52Z] [INFO] 🔍 Running overnight research protocol (web scraping + cross-symbol analysis)...
[2026-05-01T17:42:52Z] [INFO] 📊 Cycle duration: 0.19s, Files generated: 0
[2026-05-01T17:42:52Z] [WARNING] ⚠️ Database not initialized for cycle counting
[2026-05-01T17:42:52Z] [INFO] 💾 Database updated with cycle results
[2026-05-01T17:42:52Z] [SECTION] ============================================================
[2026-05-01T17:42:52Z] [INFO] 🔮 PHASE: HIDDEN LAYERING DETECTION
[2026-05-01T17:42:52Z] [INFO] 🔗 Hidden layering detection complete. Connections identified: 2
[2026-05-01T17:42:52Z] [SECTION] ============================================================
[2026-05-01T17:42:52Z] [INFO] 🔬 PHASE: DOMAIN CORRELATION ANALYSIS
[2026-05-01T17:42:52Z] [INFO] 📊 Domain correlation matrices created: 1
[2026-05-01T17:42:52Z] [SECTION] ============================================================
[2026-05-01T17:42:52Z] [INFO] 🖼️  PHASE: IMAGE-SEED ANALYSIS
[2026-05-01T17:42:52Z] [INFO] 📂 Image seed analysis bootstrapping from 0 images...
[2026-05-01T17:42:52Z] [SECTION] ============================================================
[2026-05-01T17:42:52Z] [INFO] 📤 PHASE: PUSH COMPONENTS TO TOLARIA
[2026-05-01T17:42:53Z] [INFO] 📦 Components pushed to Tolaria: 5
[2026-05-01T17:42:53Z] [SECTION] ============================================================
[2026-05-01T17:42:53Z] [INFO] 🧩 PHASE: COMPOSER - DOMAIN INTEGRATION SYNTHESIS
[2026-05-01T17:43:12Z] [INFO] 🎨 Domain integrations synthesized: 0
[2026-05-01T17:43:12Z] [SECTION] ============================================================
[2026-05-01T17:43:12Z] [INFO] 🚀 PHASE: ADVANCED OVERNIGHT LOOP
[2026-05-01T17:43:13Z] [INFO] 🔬 Advanced loop completed cycles: 0
[2026-05-01T17:43:13Z] [WARNING] ⚠️  Git commit skipped or failed (git not initialized?): Command '['git', '-C', '/home/avalonas/.hermes/gematria/unified_overnight_research', 'commit', '-m', '[2026-05-01T17:43:13Z] Cycle 156: Cycle 157: Web research + hidden layering detection']' returned non-zero exit status 1.
[2026-05-01T17:43:13Z] [INFO] 
📊 CYCLE #157 SUMMARY
[2026-05-01T17:43:13Z] [INFO] ✅ Successful tasks: 7/7
[2026-05-01T17:43:13Z] [INFO] ⏱️  Cycle duration: 21.09s
[2026-05-01T17:43:13Z] [INFO]    ⚠️ task: result
[2026-05-01T17:43:13Z] [INFO]    ⚠️ task: result
[2026-05-01T17:43:13Z] [INFO]    ⚠️ task: result
[2026-05-01T17:43:13Z] [INFO]    ⚠️ task: result
[2026-05-01T17:43:13Z] [INFO]    ⚠️ task: result
[2026-05-01T17:43:13Z] [INFO]    ⚠️ task: result
[2026-05-01T17:43:13Z] [INFO]    ⚠️ task: result
[2026-05-01T17:43:13Z] [HEADER] ================================================================================
[2026-05-01T17:43:13Z] [INFO] 🔄 OVERNIGHT RESEARCH PIPELINE - CYCLE #158
[2026-05-01T17:43:13Z] [INFO] ================================================================================
[2026-05-01T17:43:13Z] [HEADER] ============================================================
[2026-05-01T17:43:13Z] [INFO] 🌙 STARTING OVERNIGHT RESEARCH CYCLE #158
[2026-05-01T17:43:13Z] [INFO] 🔍 Running overnight research protocol (web scraping + cross-symbol analysis)...
[2026-05-01T17:43:13Z] [INFO] 📊 Cycle duration: 0.21s, Files generated: 0
[2026-05-01T17:43:13Z] [WARNING] ⚠️ Database not initialized for cycle counting
[2026-05-01T17:43:13Z] [INFO] 💾 Database updated with cycle results
[2026-05-01T17:43:13Z] [SECTION] ============================================================
[2026-05-01T17:43:13Z] [INFO] 🔮 PHASE: HIDDEN LAYERING DETECTION
[2026-05-01T17:43:13Z] [INFO] 🔗 Hidden layering detection complete. Connections identified: 2
[2026-05-01T17:43:13Z] [SECTION] ============================================================
[2026-05-01T17:43:13Z] [INFO] 🔬 PHASE: DOMAIN CORRELATION ANALYSIS
[2026-05-01T17:43:13Z] [INFO] 📊 Domain correlation matrices created: 1
[2026-05-01T17:43:13Z] [SECTION] ============================================================
[2026-05-01T17:43:13Z] [INFO] 🖼️  PHASE: IMAGE-SEED ANALYSIS
[2026-05-01T17:43:13Z] [INFO] 📂 Image seed analysis bootstrapping from 0 images...
[2026-05-01T17:43:13Z] [SECTION] ============================================================
[2026-05-01T17:43:13Z] [INFO] 📤 PHASE: PUSH COMPONENTS TO TOLARIA
[2026-05-01T17:43:14Z] [INFO] 📦 Components pushed to Tolaria: 5
[2026-05-01T17:43:14Z] [SECTION] ============================================================
[2026-05-01T17:43:14Z] [INFO] 🧩 PHASE: COMPOSER - DOMAIN INTEGRATION SYNTHESIS
[2026-05-01T17:43:36Z] [INFO] 🎨 Domain integrations synthesized: 0
[2026-05-01T17:43:36Z] [SECTION] ============================================================
[2026-05-01T17:43:36Z] [INFO] 🚀 PHASE: ADVANCED OVERNIGHT LOOP
[2026-05-01T17:43:36Z] [INFO] 🔬 Advanced loop completed cycles: 0
[2026-05-01T17:43:36Z] [WARNING] ⚠️  Git commit skipped or failed (git not initialized?): Command '['git', '-C', '/home/avalonas/.hermes/gematria/unified_overnight_research', 'commit', '-m', '[2026-05-01T17:43:36Z] Cycle 157: Cycle 158: Web research + hidden layering detection']' returned non-zero exit status 1.
[2026-05-01T17:43:36Z] [INFO] 
📊 CYCLE #158 SUMMARY
[2026-05-01T17:43:36Z] [INFO] ✅ Successful tasks: 7/7
[2026-05-01T17:43:36Z] [INFO] ⏱️  Cycle duration: 23.80s
[2026-05-01T17:43:36Z] [INFO]    ⚠️ task: result
[2026-05-01T17:43:36Z] [INFO]    ⚠️ task: result
[2026-05-01T17:43:36Z] [INFO]    ⚠️ task: result
[2026-05-01T17:43:36Z] [INFO]    ⚠️ task: result
[2026-05-01T17:43:36Z] [INFO]    ⚠️ task: result
[2026-05-01T17:43:36Z] [INFO]    ⚠️ task: result
[2026-05-01T17:43:36Z] [INFO]    ⚠️ task: result
[2026-05-01T17:43:36Z] [HEADER] ================================================================================
[2026-05-01T17:43:36Z] [INFO] 🔄 OVERNIGHT RESEARCH PIPELINE - CYCLE #159
[2026-05-01T17:43:36Z] [INFO] ================================================================================
[2026-05-01T17:43:36Z] [HEADER] ============================================================
[2026-05-01T17:43:36Z] [INFO] 🌙 STARTING OVERNIGHT RESEARCH CYCLE #159
[2026-05-01T17:43:36Z] [INFO] 🔍 Running overnight research protocol (web scraping + cross-symbol analysis)...
[2026-05-01T17:43:37Z] [INFO] 📊 Cycle duration: 0.24s, Files generated: 0
[2026-05-01T17:43:37Z] [WARNING] ⚠️ Database not initialized for cycle counting
[2026-05-01T17:43:37Z] [INFO] 💾 Database updated with cycle results
[2026-05-01T17:43:37Z] [SECTION] ============================================================
[2026-05-01T17:43:37Z] [INFO] 🔮 PHASE: HIDDEN LAYERING DETECTION
[2026-05-01T17:43:37Z] [INFO] 🔗 Hidden layering detection complete. Connections identified: 2
[2026-05-01T17:43:37Z] [SECTION] ============================================================
[2026-05-01T17:43:37Z] [INFO] 🔬 PHASE: DOMAIN CORRELATION ANALYSIS
[2026-05-01T17:43:37Z] [INFO] 📊 Domain correlation matrices created: 1
[2026-05-01T17:43:37Z] [SECTION] ============================================================
[2026-05-01T17:43:37Z] [INFO] 🖼️  PHASE: IMAGE-SEED ANALYSIS
[2026-05-01T17:43:37Z] [INFO] 📂 Image seed analysis bootstrapping from 0 images...
[2026-05-01T17:43:37Z] [SECTION] ============================================================
[2026-05-01T17:43:37Z] [INFO] 📤 PHASE: PUSH COMPONENTS TO TOLARIA
[2026-05-01T17:43:38Z] [INFO] 📦 Components pushed to Tolaria: 5
[2026-05-01T17:43:38Z] [SECTION] ============================================================
[2026-05-01T17:43:38Z] [INFO] 🧩 PHASE: COMPOSER - DOMAIN INTEGRATION SYNTHESIS
[2026-05-01T17:44:00Z] [INFO] 🎨 Domain integrations synthesized: 0
[2026-05-01T17:44:00Z] [SECTION] ============================================================
[2026-05-01T17:44:00Z] [INFO] 🚀 PHASE: ADVANCED OVERNIGHT LOOP
[2026-05-01T17:44:00Z] [INFO] 🔬 Advanced loop completed cycles: 0
[2026-05-01T17:44:00Z] [WARNING] ⚠️  Git commit skipped or failed (git not initialized?): Command '['git', '-C', '/home/avalonas/.hermes/gematria/unified_overnight_research', 'add', '.']' returned non-zero exit status 128.
[2026-05-01T17:44:00Z] [INFO] 
📊 CYCLE #159 SUMMARY
[2026-05-01T17:44:00Z] [INFO] ✅ Successful tasks: 7/7
[2026-05-01T17:44:00Z] [INFO] ⏱️  Cycle duration: 23.90s
[2026-05-01T17:44:00Z] [INFO]    ⚠️ task: result
[2026-05-01T17:44:00Z] [INFO]    ⚠️ task: result
[2026-05-01T17:44:00Z] [INFO]    ⚠️ task: result
[2026-05-01T17:44:00Z] [INFO]    ⚠️ task: result
[2026-05-01T17:44:00Z] [INFO]    ⚠️ task: result
[2026-05-01T17:44:00Z] [INFO]    ⚠️ task: result
[2026-05-01T17:44:00Z] [INFO]    ⚠️ task: result
[2026-05-01T17:44:00Z] [HEADER] ================================================================================
[2026-05-01T17:44:00Z] [INFO] 🔄 OVERNIGHT RESEARCH PIPELINE - CYCLE #160
[2026-05-01T17:44:00Z] [INFO] ================================================================================
[2026-05-01T17:44:00Z] [HEADER] ============================================================
[2026-05-01T17:44:00Z] [INFO] 🌙 STARTING OVERNIGHT RESEARCH CYCLE #160
[2026-05-01T17:44:00Z] [INFO] 🔍 Running overnight research protocol (web scraping + cross-symbol analysis)...
[2026-05-01T17:44:00Z] [INFO] 📊 Cycle duration: 0.16s, Files generated: 0
[2026-05-01T17:44:00Z] [WARNING] ⚠️ Database not initialized for cycle counting
[2026-05-01T17:44:00Z] [INFO] 💾 Database updated with cycle results
[2026-05-01T17:44:00Z] [SECTION] ============================================================
[2026-05-01T17:44:00Z] [INFO] 🔮 PHASE: HIDDEN LAYERING DETECTION
[2026-05-01T17:44:01Z] [INFO] 🔗 Hidden layering detection complete. Connections identified: 2
[2026-05-01T17:44:01Z] [SECTION] ============================================================
[2026-05-01T17:44:01Z] [INFO] 🔬 PHASE: DOMAIN CORRELATION ANALYSIS
[2026-05-01T17:44:01Z] [INFO] 📊 Domain correlation matrices created: 1
[2026-05-01T17:44:01Z] [SECTION] ============================================================
[2026-05-01T17:44:01Z] [INFO] 🖼️  PHASE: IMAGE-SEED ANALYSIS
[2026-05-01T17:44:01Z] [INFO] 📂 Image seed analysis bootstrapping from 0 images...
[2026-05-01T17:44:01Z] [SECTION] ============================================================
[2026-05-01T17:44:01Z] [INFO] 📤 PHASE: PUSH COMPONENTS TO TOLARIA
[2026-05-01T17:44:02Z] [INFO] 📦 Components pushed to Tolaria: 5
[2026-05-01T17:44:02Z] [SECTION] ============================================================
[2026-05-01T17:44:02Z] [INFO] 🧩 PHASE: COMPOSER - DOMAIN INTEGRATION SYNTHESIS
[2026-05-01T17:44:22Z] [INFO] 🎨 Domain integrations synthesized: 0
[2026-05-01T17:44:22Z] [SECTION] ============================================================
[2026-05-01T17:44:22Z] [INFO] 🚀 PHASE: ADVANCED OVERNIGHT LOOP
[2026-05-01T17:44:22Z] [INFO] 🔬 Advanced loop completed cycles: 0
[2026-05-01T17:44:22Z] [WARNING] ⚠️  Git commit skipped or failed (git not initialized?): Command '['git', '-C', '/home/avalonas/.hermes/gematria/unified_overnight_research', 'commit', '-m', '[2026-05-01T17:44:22Z] Cycle 159: Cycle 160: Web research + hidden layering detection']' returned non-zero exit status 1.
[2026-05-01T17:44:22Z] [INFO] 
📊 CYCLE #160 SUMMARY
[2026-05-01T17:44:22Z] [INFO] ✅ Successful tasks: 7/7
[2026-05-01T17:44:22Z] [INFO] ⏱️  Cycle duration: 22.04s
[2026-05-01T17:44:22Z] [INFO]    ⚠️ task: result
[2026-05-01T17:44:22Z] [INFO]    ⚠️ task: result
[2026-05-01T17:44:22Z] [INFO]    ⚠️ task: result
[2026-05-01T17:44:22Z] [INFO]    ⚠️ task: result
[2026-05-01T17:44:22Z] [INFO]    ⚠️ task: result
[2026-05-01T17:44:22Z] [INFO]    ⚠️ task: result
[2026-05-01T17:44:22Z] [INFO]    ⚠️ task: result
[2026-05-01T17:44:22Z] [HEADER] ================================================================================
[2026-05-01T17:44:22Z] [INFO] 🔄 OVERNIGHT RESEARCH PIPELINE - CYCLE #161
[2026-05-01T17:44:22Z] [INFO] ================================================================================
[2026-05-01T17:44:22Z] [HEADER] ============================================================
[2026-05-01T17:44:22Z] [INFO] 🌙 STARTING OVERNIGHT RESEARCH CYCLE #161
[2026-05-01T17:44:22Z] [INFO] 🔍 Running overnight research protocol (web scraping + cross-symbol analysis)...
[2026-05-01T17:44:23Z] [INFO] 📊 Cycle duration: 0.23s, Files generated: 0
[2026-05-01T17:44:23Z] [WARNING] ⚠️ Database not initialized for cycle counting
[2026-05-01T17:44:23Z] [INFO] 💾 Database updated with cycle results
[2026-05-01T17:44:23Z] [SECTION] ============================================================
[2026-05-01T17:44:23Z] [INFO] 🔮 PHASE: HIDDEN LAYERING DETECTION
[2026-05-01T17:44:23Z] [INFO] 🔗 Hidden layering detection complete. Connections identified: 2
[2026-05-01T17:44:23Z] [SECTION] ============================================================
[2026-05-01T17:44:23Z] [INFO] 🔬 PHASE: DOMAIN CORRELATION ANALYSIS
[2026-05-01T17:44:23Z] [INFO] 📊 Domain correlation matrices created: 1
[2026-05-01T17:44:23Z] [SECTION] ============================================================
[2026-05-01T17:44:23Z] [INFO] 🖼️  PHASE: IMAGE-SEED ANALYSIS
[2026-05-01T17:44:23Z] [INFO] 📂 Image seed analysis bootstrapping from 0 images...
[2026-05-01T17:44:23Z] [SECTION] ============================================================
[2026-05-01T17:44:23Z] [INFO] 📤 PHASE: PUSH COMPONENTS TO TOLARIA
[2026-05-01T17:44:24Z] [INFO] 📦 Components pushed to Tolaria: 5
[2026-05-01T17:44:24Z] [SECTION] ============================================================
[2026-05-01T17:44:24Z] [INFO] 🧩 PHASE: COMPOSER - DOMAIN INTEGRATION SYNTHESIS
[2026-05-01T17:44:43Z] [INFO] 🎨 Domain integrations synthesized: 0
[2026-05-01T17:44:43Z] [SECTION] ============================================================
[2026-05-01T17:44:43Z] [INFO] 🚀 PHASE: ADVANCED OVERNIGHT LOOP
[2026-05-01T17:44:43Z] [INFO] 🔬 Advanced loop completed cycles: 0
[2026-05-01T17:44:43Z] [WARNING] ⚠️  Git commit skipped or failed (git not initialized?): Command '['git', '-C', '/home/avalonas/.hermes/gematria/unified_overnight_research', 'commit', '-m', '[2026-05-01T17:44:43Z] Cycle 160: Cycle 161: Web research + hidden layering detection']' returned non-zero exit status 1.
[2026-05-01T17:44:43Z] [INFO] 
📊 CYCLE #161 SUMMARY
[2026-05-01T17:44:43Z] [INFO] ✅ Successful tasks: 7/7
[2026-05-01T17:44:43Z] [INFO] ⏱️  Cycle duration: 20.83s
[2026-05-01T17:44:43Z] [INFO]    ⚠️ task: result
[2026-05-01T17:44:43Z] [INFO]    ⚠️ task: result
[2026-05-01T17:44:43Z] [INFO]    ⚠️ task: result
[2026-05-01T17:44:43Z] [INFO]    ⚠️ task: result
[2026-05-01T17:44:43Z] [INFO]    ⚠️ task: result
[2026-05-01T17:44:43Z] [INFO]    ⚠️ task: result
[2026-05-01T17:44:43Z] [INFO]    ⚠️ task: result
[2026-05-01T17:44:43Z] [HEADER] ================================================================================
[2026-05-01T17:44:43Z] [INFO] 🔄 OVERNIGHT RESEARCH PIPELINE - CYCLE #162
[2026-05-01T17:44:43Z] [INFO] ================================================================================
[2026-05-01T17:44:43Z] [HEADER] ============================================================
[2026-05-01T17:44:43Z] [INFO] 🌙 STARTING OVERNIGHT RESEARCH CYCLE #162
[2026-05-01T17:44:43Z] [INFO] 🔍 Running overnight research protocol (web scraping + cross-symbol analysis)...
[2026-05-01T17:44:43Z] [INFO] 📊 Cycle duration: 0.29s, Files generated: 0
[2026-05-01T17:44:43Z] [WARNING] ⚠️ Database not initialized for cycle counting
[2026-05-01T17:44:43Z] [INFO] 💾 Database updated with cycle results
[2026-05-01T17:44:43Z] [SECTION] ============================================================
[2026-05-01T17:44:43Z] [INFO] 🔮 PHASE: HIDDEN LAYERING DETECTION
[2026-05-01T17:44:44Z] [INFO] 🔗 Hidden layering detection complete. Connections identified: 2
[2026-05-01T17:44:44Z] [SECTION] ============================================================
[2026-05-01T17:44:44Z] [INFO] 🔬 PHASE: DOMAIN CORRELATION ANALYSIS
[2026-05-01T17:44:44Z] [INFO] 📊 Domain correlation matrices created: 1
[2026-05-01T17:44:44Z] [SECTION] ============================================================
[2026-05-01T17:44:44Z] [INFO] 🖼️  PHASE: IMAGE-SEED ANALYSIS
[2026-05-01T17:44:44Z] [INFO] 📂 Image seed analysis bootstrapping from 0 images...
[2026-05-01T17:44:44Z] [SECTION] ============================================================
[2026-05-01T17:44:44Z] [INFO] 📤 PHASE: PUSH COMPONENTS TO TOLARIA
[2026-05-01T17:44:45Z] [INFO] 📦 Components pushed to Tolaria: 5
[2026-05-01T17:44:45Z] [SECTION] ============================================================
[2026-05-01T17:44:45Z] [INFO] 🧩 PHASE: COMPOSER - DOMAIN INTEGRATION SYNTHESIS
[2026-05-01T17:45:04Z] [INFO] 🎨 Domain integrations synthesized: 0
[2026-05-01T17:45:04Z] [SECTION] ============================================================
[2026-05-01T17:45:04Z] [INFO] 🚀 PHASE: ADVANCED OVERNIGHT LOOP
[2026-05-01T17:45:56Z] [INFO] 🔬 Advanced loop completed cycles: 0
[2026-05-01T17:45:57Z] [WARNING] ⚠️  Git commit skipped or failed (git not initialized?): Command '['git', '-C', '/home/avalonas/.hermes/gematria/unified_overnight_research', 'commit', '-m', '[2026-05-01T17:45:57Z] Cycle 161: Cycle 162: Web research + hidden layering detection']' returned non-zero exit status 128.
[2026-05-01T17:45:57Z] [INFO] 
📊 CYCLE #162 SUMMARY
[2026-05-01T17:45:57Z] [INFO] ✅ Successful tasks: 7/7
[2026-05-01T17:45:57Z] [INFO] ⏱️  Cycle duration: 73.33s
[2026-05-01T17:45:57Z] [INFO]    ⚠️ task: result
[2026-05-01T17:45:57Z] [INFO]    ⚠️ task: result
[2026-05-01T17:45:57Z] [INFO]    ⚠️ task: result
[2026-05-01T17:45:57Z] [INFO]    ⚠️ task: result
[2026-05-01T17:45:57Z] [INFO]    ⚠️ task: result
[2026-05-01T17:45:57Z] [INFO]    ⚠️ task: result
[2026-05-01T17:45:57Z] [INFO]    ⚠️ task: result
[2026-05-01T17:45:57Z] [HEADER] ================================================================================
[2026-05-01T17:45:57Z] [INFO] 🔄 OVERNIGHT RESEARCH PIPELINE - CYCLE #163
[2026-05-01T17:45:57Z] [INFO] ================================================================================
[2026-05-01T17:45:57Z] [HEADER] ============================================================
[2026-05-01T17:45:57Z] [INFO] 🌙 STARTING OVERNIGHT RESEARCH CYCLE #163
[2026-05-01T17:45:57Z] [INFO] 🔍 Running overnight research protocol (web scraping + cross-symbol analysis)...
[2026-05-01T17:45:57Z] [INFO] 📊 Cycle duration: 0.22s, Files generated: 1
[2026-05-01T17:45:57Z] [WARNING] ⚠️ Database not initialized for cycle counting
[2026-05-01T17:45:57Z] [INFO] 💾 Database updated with cycle results
[2026-05-01T17:45:57Z] [SECTION] ============================================================
[2026-05-01T17:45:57Z] [INFO] 🔮 PHASE: HIDDEN LAYERING DETECTION
[2026-05-01T17:45:57Z] [INFO] 🔗 Hidden layering detection complete. Connections identified: 2
[2026-05-01T17:45:57Z] [SECTION] ============================================================
[2026-05-01T17:45:57Z] [INFO] 🔬 PHASE: DOMAIN CORRELATION ANALYSIS
[2026-05-01T17:45:57Z] [INFO] 📊 Domain correlation matrices created: 1
[2026-05-01T17:45:57Z] [SECTION] ============================================================
[2026-05-01T17:45:57Z] [INFO] 🖼️  PHASE: IMAGE-SEED ANALYSIS
[2026-05-01T17:45:57Z] [INFO] 📂 Image seed analysis bootstrapping from 0 images...
[2026-05-01T17:45:57Z] [SECTION] ============================================================
[2026-05-01T17:45:57Z] [INFO] 📤 PHASE: PUSH COMPONENTS TO TOLARIA
[2026-05-01T17:45:58Z] [INFO] 📦 Components pushed to Tolaria: 5
[2026-05-01T17:45:58Z] [SECTION] ============================================================
[2026-05-01T17:45:58Z] [INFO] 🧩 PHASE: COMPOSER - DOMAIN INTEGRATION SYNTHESIS
[2026-05-01T17:46:17Z] [INFO] 🎨 Domain integrations synthesized: 0
[2026-05-01T17:46:17Z] [SECTION] ============================================================
[2026-05-01T17:46:17Z] [INFO] 🚀 PHASE: ADVANCED OVERNIGHT LOOP
[2026-05-01T17:47:08Z] [INFO] 🔬 Advanced loop completed cycles: 0
[2026-05-01T17:47:08Z] [WARNING] ⚠️  Git commit skipped or failed (git not initialized?): Command '['git', '-C', '/home/avalonas/.hermes/gematria/unified_overnight_research', 'add', '.']' returned non-zero exit status 128.
[2026-05-01T17:47:08Z] [INFO] 
📊 CYCLE #163 SUMMARY
[2026-05-01T17:47:08Z] [INFO] ✅ Successful tasks: 7/7
[2026-05-01T17:47:08Z] [INFO] ⏱️  Cycle duration: 71.48s
[2026-05-01T17:47:08Z] [INFO]    ⚠️ task: result
[2026-05-01T17:47:08Z] [INFO]    ⚠️ task: result
[2026-05-01T17:47:08Z] [INFO]    ⚠️ task: result
[2026-05-01T17:47:08Z] [INFO]    ⚠️ task: result
[2026-05-01T17:47:08Z] [INFO]    ⚠️ task: result
[2026-05-01T17:47:08Z] [INFO]    ⚠️ task: result
[2026-05-01T17:47:08Z] [INFO]    ⚠️ task: result
[2026-05-01T17:47:08Z] [HEADER] ================================================================================
[2026-05-01T17:47:08Z] [INFO] 🔄 OVERNIGHT RESEARCH PIPELINE - CYCLE #164
[2026-05-01T17:47:08Z] [INFO] ================================================================================
[2026-05-01T17:47:08Z] [HEADER] ============================================================
[2026-05-01T17:47:08Z] [INFO] 🌙 STARTING OVERNIGHT RESEARCH CYCLE #164
[2026-05-01T17:47:08Z] [INFO] 🔍 Running overnight research protocol (web scraping + cross-symbol analysis)...
[2026-05-01T17:47:08Z] [INFO] 📊 Cycle duration: 0.14s, Files generated: 1
[2026-05-01T17:47:08Z] [WARNING] ⚠️ Database not initialized for cycle counting
[2026-05-01T17:47:08Z] [INFO] 💾 Database updated with cycle results
[2026-05-01T17:47:08Z] [SECTION] ============================================================
[2026-05-01T17:47:08Z] [INFO] 🔮 PHASE: HIDDEN LAYERING DETECTION
[2026-05-01T17:47:08Z] [INFO] 🔗 Hidden layering detection complete. Connections identified: 2
[2026-05-01T17:47:08Z] [SECTION] ============================================================
[2026-05-01T17:47:08Z] [INFO] 🔬 PHASE: DOMAIN CORRELATION ANALYSIS
[2026-05-01T17:47:08Z] [INFO] 📊 Domain correlation matrices created: 1
[2026-05-01T17:47:08Z] [SECTION] ============================================================
[2026-05-01T17:47:08Z] [INFO] 🖼️  PHASE: IMAGE-SEED ANALYSIS
[2026-05-01T17:47:08Z] [INFO] 📂 Image seed analysis bootstrapping from 0 images...
[2026-05-01T17:47:08Z] [SECTION] ============================================================
[2026-05-01T17:47:08Z] [INFO] 📤 PHASE: PUSH COMPONENTS TO TOLARIA
[2026-05-01T17:47:09Z] [INFO] 📦 Components pushed to Tolaria: 5
[2026-05-01T17:47:09Z] [SECTION] ============================================================
[2026-05-01T17:47:09Z] [INFO] 🧩 PHASE: COMPOSER - DOMAIN INTEGRATION SYNTHESIS
[2026-05-01T17:47:27Z] [INFO] 🎨 Domain integrations synthesized: 0
[2026-05-01T17:47:27Z] [SECTION] ============================================================
[2026-05-01T17:47:27Z] [INFO] 🚀 PHASE: ADVANCED OVERNIGHT LOOP
[2026-05-01T17:48:19Z] [INFO] 🔬 Advanced loop completed cycles: 0
[2026-05-01T17:48:19Z] [WARNING] ⚠️  Git commit skipped or failed (git not initialized?): Command '['git', '-C', '/home/avalonas/.hermes/gematria/unified_overnight_research', 'add', '.']' returned non-zero exit status 128.
[2026-05-01T17:48:19Z] [INFO] 
📊 CYCLE #164 SUMMARY
[2026-05-01T17:48:19Z] [INFO] ✅ Successful tasks: 7/7
[2026-05-01T17:48:19Z] [INFO] ⏱️  Cycle duration: 70.66s
[2026-05-01T17:48:19Z] [INFO]    ⚠️ task: result
[2026-05-01T17:48:19Z] [INFO]    ⚠️ task: result
[2026-05-01T17:48:19Z] [INFO]    ⚠️ task: result
[2026-05-01T17:48:19Z] [INFO]    ⚠️ task: result
[2026-05-01T17:48:19Z] [INFO]    ⚠️ task: result
[2026-05-01T17:48:19Z] [INFO]    ⚠️ task: result
[2026-05-01T17:48:19Z] [INFO]    ⚠️ task: result
[2026-05-01T17:48:19Z] [HEADER] ================================================================================
[2026-05-01T17:48:19Z] [INFO] 🔄 OVERNIGHT RESEARCH PIPELINE - CYCLE #165
[2026-05-01T17:48:19Z] [INFO] ================================================================================
[2026-05-01T17:48:19Z] [HEADER] ============================================================
[2026-05-01T17:48:19Z] [INFO] 🌙 STARTING OVERNIGHT RESEARCH CYCLE #165
[2026-05-01T17:48:19Z] [INFO] 🔍 Running overnight research protocol (web scraping + cross-symbol analysis)...
[2026-05-01T17:48:19Z] [INFO] 📊 Cycle duration: 0.21s, Files generated: 1
[2026-05-01T17:48:19Z] [WARNING] ⚠️ Database not initialized for cycle counting
[2026-05-01T17:48:19Z] [INFO] 💾 Database updated with cycle results
[2026-05-01T17:48:19Z] [SECTION] ============================================================
[2026-05-01T17:48:19Z] [INFO] 🔮 PHASE: HIDDEN LAYERING DETECTION
[2026-05-01T17:48:19Z] [INFO] 🔗 Hidden layering detection complete. Connections identified: 2
[2026-05-01T17:48:19Z] [SECTION] ============================================================
[2026-05-01T17:48:19Z] [INFO] 🔬 PHASE: DOMAIN CORRELATION ANALYSIS
[2026-05-01T17:48:19Z] [INFO] 📊 Domain correlation matrices created: 1
[2026-05-01T17:48:19Z] [SECTION] ============================================================
[2026-05-01T17:48:19Z] [INFO] 🖼️  PHASE: IMAGE-SEED ANALYSIS
[2026-05-01T17:48:19Z] [INFO] 📂 Image seed analysis bootstrapping from 0 images...
[2026-05-01T17:48:19Z] [SECTION] ============================================================
[2026-05-01T17:48:19Z] [INFO] 📤 PHASE: PUSH COMPONENTS TO TOLARIA
[2026-05-01T17:48:20Z] [INFO] 📦 Components pushed to Tolaria: 5
[2026-05-01T17:48:20Z] [SECTION] ============================================================
[2026-05-01T17:48:20Z] [INFO] 🧩 PHASE: COMPOSER - DOMAIN INTEGRATION SYNTHESIS
[2026-05-01T17:48:39Z] [INFO] 🎨 Domain integrations synthesized: 0
[2026-05-01T17:48:39Z] [SECTION] ============================================================
[2026-05-01T17:48:39Z] [INFO] 🚀 PHASE: ADVANCED OVERNIGHT LOOP
[2026-05-01T17:49:30Z] [INFO] 🔬 Advanced loop completed cycles: 0
[2026-05-01T17:49:30Z] [WARNING] ⚠️  Git commit skipped or failed (git not initialized?): Command '['git', '-C', '/home/avalonas/.hermes/gematria/unified_overnight_research', 'commit', '-m', '[2026-05-01T17:49:30Z] Cycle 164: Cycle 165: Web research + hidden layering detection']' returned non-zero exit status 1.
[2026-05-01T17:49:30Z] [INFO] 
📊 CYCLE #165 SUMMARY
[2026-05-01T17:49:30Z] [INFO] ✅ Successful tasks: 7/7
[2026-05-01T17:49:30Z] [INFO] ⏱️  Cycle duration: 71.14s
[2026-05-01T17:49:30Z] [INFO]    ⚠️ task: result
[2026-05-01T17:49:30Z] [INFO]    ⚠️ task: result
[2026-05-01T17:49:30Z] [INFO]    ⚠️ task: result
[2026-05-01T17:49:30Z] [INFO]    ⚠️ task: result
[2026-05-01T17:49:30Z] [INFO]    ⚠️ task: result
[2026-05-01T17:49:30Z] [INFO]    ⚠️ task: result
[2026-05-01T17:49:30Z] [INFO]    ⚠️ task: result
[2026-05-01T17:49:30Z] [HEADER] ================================================================================
[2026-05-01T17:49:30Z] [INFO] 🔄 OVERNIGHT RESEARCH PIPELINE - CYCLE #166
[2026-05-01T17:49:30Z] [INFO] ================================================================================
[2026-05-01T17:49:30Z] [HEADER] ============================================================
[2026-05-01T17:49:30Z] [INFO] 🌙 STARTING OVERNIGHT RESEARCH CYCLE #166
[2026-05-01T17:49:30Z] [INFO] 🔍 Running overnight research protocol (web scraping + cross-symbol analysis)...
[2026-05-01T17:49:30Z] [INFO] 📊 Cycle duration: 0.14s, Files generated: 1
[2026-05-01T17:49:30Z] [WARNING] ⚠️ Database not initialized for cycle counting
[2026-05-01T17:49:30Z] [INFO] 💾 Database updated with cycle results
[2026-05-01T17:49:30Z] [SECTION] ============================================================
[2026-05-01T17:49:30Z] [INFO] 🔮 PHASE: HIDDEN LAYERING DETECTION
[2026-05-01T17:49:30Z] [INFO] 🔗 Hidden layering detection complete. Connections identified: 2
[2026-05-01T17:49:30Z] [SECTION] ============================================================
[2026-05-01T17:49:30Z] [INFO] 🔬 PHASE: DOMAIN CORRELATION ANALYSIS
[2026-05-01T17:49:30Z] [INFO] 📊 Domain correlation matrices created: 1
[2026-05-01T17:49:30Z] [SECTION] ============================================================
[2026-05-01T17:49:30Z] [INFO] 🖼️  PHASE: IMAGE-SEED ANALYSIS
[2026-05-01T17:49:30Z] [INFO] 📂 Image seed analysis bootstrapping from 0 images...
[2026-05-01T17:49:30Z] [SECTION] ============================================================
[2026-05-01T17:49:30Z] [INFO] 📤 PHASE: PUSH COMPONENTS TO TOLARIA
[2026-05-01T17:49:31Z] [INFO] 📦 Components pushed to Tolaria: 5
[2026-05-01T17:49:31Z] [SECTION] ============================================================
[2026-05-01T17:49:31Z] [INFO] 🧩 PHASE: COMPOSER - DOMAIN INTEGRATION SYNTHESIS
[2026-05-01T17:49:51Z] [INFO] 🎨 Domain integrations synthesized: 0
[2026-05-01T17:49:51Z] [SECTION] ============================================================
[2026-05-01T17:49:51Z] [INFO] 🚀 PHASE: ADVANCED OVERNIGHT LOOP
[2026-05-01T17:50:48Z] [INFO] 🔬 Advanced loop completed cycles: 0
[2026-05-01T17:50:48Z] [WARNING] ⚠️  Git commit skipped or failed (git not initialized?): Command '['git', '-C', '/home/avalonas/.hermes/gematria/unified_overnight_research', 'commit', '-m', '[2026-05-01T17:50:48Z] Cycle 165: Cycle 166: Web research + hidden layering detection']' returned non-zero exit status 128.
[2026-05-01T17:50:48Z] [INFO] 
📊 CYCLE #166 SUMMARY
[2026-05-01T17:50:48Z] [INFO] ✅ Successful tasks: 7/7
[2026-05-01T17:50:48Z] [INFO] ⏱️  Cycle duration: 78.47s
[2026-05-01T17:50:48Z] [INFO]    ⚠️ task: result
[2026-05-01T17:50:48Z] [INFO]    ⚠️ task: result
[2026-05-01T17:50:48Z] [INFO]    ⚠️ task: result
[2026-05-01T17:50:48Z] [INFO]    ⚠️ task: result
[2026-05-01T17:50:48Z] [INFO]    ⚠️ task: result
[2026-05-01T17:50:48Z] [INFO]    ⚠️ task: result
[2026-05-01T17:50:48Z] [INFO]    ⚠️ task: result
[2026-05-01T17:50:48Z] [HEADER] ================================================================================
[2026-05-01T17:50:48Z] [INFO] 🔄 OVERNIGHT RESEARCH PIPELINE - CYCLE #167
[2026-05-01T17:50:48Z] [INFO] ================================================================================
[2026-05-01T17:50:48Z] [HEADER] ============================================================
[2026-05-01T17:50:48Z] [INFO] 🌙 STARTING OVERNIGHT RESEARCH CYCLE #167
[2026-05-01T17:50:48Z] [INFO] 🔍 Running overnight research protocol (web scraping + cross-symbol analysis)...
[2026-05-01T17:50:48Z] [INFO] 📊 Cycle duration: 0.19s, Files generated: 1
[2026-05-01T17:50:48Z] [WARNING] ⚠️ Database not initialized for cycle counting
[2026-05-01T17:50:48Z] [INFO] 💾 Database updated with cycle results
[2026-05-01T17:50:48Z] [SECTION] ============================================================
[2026-05-01T17:50:48Z] [INFO] 🔮 PHASE: HIDDEN LAYERING DETECTION
[2026-05-01T17:50:49Z] [INFO] 🔗 Hidden layering detection complete. Connections identified: 2
[2026-05-01T17:50:49Z] [SECTION] ============================================================
[2026-05-01T17:50:49Z] [INFO] 🔬 PHASE: DOMAIN CORRELATION ANALYSIS
[2026-05-01T17:50:49Z] [INFO] 📊 Domain correlation matrices created: 1
[2026-05-01T17:50:49Z] [SECTION] ============================================================
[2026-05-01T17:50:49Z] [INFO] 🖼️  PHASE: IMAGE-SEED ANALYSIS
[2026-05-01T17:50:49Z] [INFO] 📂 Image seed analysis bootstrapping from 0 images...
[2026-05-01T17:50:49Z] [SECTION] ============================================================
[2026-05-01T17:50:49Z] [INFO] 📤 PHASE: PUSH COMPONENTS TO TOLARIA
[2026-05-01T17:50:50Z] [INFO] 📦 Components pushed to Tolaria: 5
[2026-05-01T17:50:50Z] [SECTION] ============================================================
[2026-05-01T17:50:50Z] [INFO] 🧩 PHASE: COMPOSER - DOMAIN INTEGRATION SYNTHESIS
[2026-05-01T17:51:10Z] [INFO] 🎨 Domain integrations synthesized: 0
[2026-05-01T17:51:10Z] [SECTION] ============================================================
[2026-05-01T17:51:10Z] [INFO] 🚀 PHASE: ADVANCED OVERNIGHT LOOP
[2026-05-01T17:52:04Z] [INFO] 🔬 Advanced loop completed cycles: 0
[2026-05-01T17:52:04Z] [WARNING] ⚠️  Git commit skipped or failed (git not initialized?): Command '['git', '-C', '/home/avalonas/.hermes/gematria/unified_overnight_research', 'commit', '-m', '[2026-05-01T17:52:04Z] Cycle 166: Cycle 167: Web research + hidden layering detection']' returned non-zero exit status 1.
[2026-05-01T17:52:04Z] [INFO] 
📊 CYCLE #167 SUMMARY
[2026-05-01T17:52:04Z] [INFO] ✅ Successful tasks: 7/7
[2026-05-01T17:52:04Z] [INFO] ⏱️  Cycle duration: 76.18s
[2026-05-01T17:52:04Z] [INFO]    ⚠️ task: result
[2026-05-01T17:52:04Z] [INFO]    ⚠️ task: result
[2026-05-01T17:52:04Z] [INFO]    ⚠️ task: result
[2026-05-01T17:52:04Z] [INFO]    ⚠️ task: result
[2026-05-01T17:52:04Z] [INFO]    ⚠️ task: result
[2026-05-01T17:52:04Z] [INFO]    ⚠️ task: result
[2026-05-01T17:52:04Z] [INFO]    ⚠️ task: result
[2026-05-01T17:52:04Z] [HEADER] ================================================================================
[2026-05-01T17:52:04Z] [INFO] 🔄 OVERNIGHT RESEARCH PIPELINE - CYCLE #168
[2026-05-01T17:52:04Z] [INFO] ================================================================================
[2026-05-01T17:52:04Z] [HEADER] ============================================================
[2026-05-01T17:52:04Z] [INFO] 🌙 STARTING OVERNIGHT RESEARCH CYCLE #168
[2026-05-01T17:52:04Z] [INFO] 🔍 Running overnight research protocol (web scraping + cross-symbol analysis)...
[2026-05-01T17:52:05Z] [INFO] 📊 Cycle duration: 0.22s, Files generated: 1
[2026-05-01T17:52:05Z] [WARNING] ⚠️ Database not initialized for cycle counting
[2026-05-01T17:52:05Z] [INFO] 💾 Database updated with cycle results
[2026-05-01T17:52:05Z] [SECTION] ============================================================
[2026-05-01T17:52:05Z] [INFO] 🔮 PHASE: HIDDEN LAYERING DETECTION
[2026-05-01T17:52:05Z] [INFO] 🔗 Hidden layering detection complete. Connections identified: 2
[2026-05-01T17:52:05Z] [SECTION] ============================================================
[2026-05-01T17:52:05Z] [INFO] 🔬 PHASE: DOMAIN CORRELATION ANALYSIS
[2026-05-01T17:52:05Z] [INFO] 📊 Domain correlation matrices created: 1
[2026-05-01T17:52:05Z] [SECTION] ============================================================
[2026-05-01T17:52:05Z] [INFO] 🖼️  PHASE: IMAGE-SEED ANALYSIS
[2026-05-01T17:52:05Z] [INFO] 📂 Image seed analysis bootstrapping from 0 images...
[2026-05-01T17:52:05Z] [SECTION] ============================================================
[2026-05-01T17:52:05Z] [INFO] 📤 PHASE: PUSH COMPONENTS TO TOLARIA
[2026-05-01T17:52:06Z] [INFO] 📦 Components pushed to Tolaria: 5
[2026-05-01T17:52:06Z] [SECTION] ============================================================
[2026-05-01T17:52:06Z] [INFO] 🧩 PHASE: COMPOSER - DOMAIN INTEGRATION SYNTHESIS
[2026-05-01T17:52:23Z] [INFO] 🎨 Domain integrations synthesized: 0
[2026-05-01T17:52:23Z] [SECTION] ============================================================
[2026-05-01T17:52:23Z] [INFO] 🚀 PHASE: ADVANCED OVERNIGHT LOOP
[2026-05-01T17:52:55Z] [INFO] 🔬 Advanced loop completed cycles: 0
[2026-05-01T17:52:55Z] [WARNING] ⚠️  Git commit skipped or failed (git not initialized?): Command '['git', '-C', '/home/avalonas/.hermes/gematria/unified_overnight_research', 'add', '.']' returned non-zero exit status 128.
[2026-05-01T17:52:55Z] [INFO] 
📊 CYCLE #168 SUMMARY
[2026-05-01T17:52:55Z] [INFO] ✅ Successful tasks: 7/7
[2026-05-01T17:52:55Z] [INFO] ⏱️  Cycle duration: 50.86s
[2026-05-01T17:52:55Z] [INFO]    ⚠️ task: result
[2026-05-01T17:52:55Z] [INFO]    ⚠️ task: result
[2026-05-01T17:52:55Z] [INFO]    ⚠️ task: result
[2026-05-01T17:52:55Z] [INFO]    ⚠️ task: result
[2026-05-01T17:52:55Z] [INFO]    ⚠️ task: result
[2026-05-01T17:52:55Z] [INFO]    ⚠️ task: result
[2026-05-01T17:52:55Z] [INFO]    ⚠️ task: result
[2026-05-01T17:52:55Z] [HEADER] ================================================================================
[2026-05-01T17:52:55Z] [INFO] 🔄 OVERNIGHT RESEARCH PIPELINE - CYCLE #169
[2026-05-01T17:52:55Z] [INFO] ================================================================================
[2026-05-01T17:52:55Z] [HEADER] ============================================================
[2026-05-01T17:52:55Z] [INFO] 🌙 STARTING OVERNIGHT RESEARCH CYCLE #169
[2026-05-01T17:52:55Z] [INFO] 🔍 Running overnight research protocol (web scraping + cross-symbol analysis)...
