[2026-05-01T21:52:42Z] [HEADER] ================================================================================
[2026-05-01T21:52:42Z] [INFO] 🔄 OVERNIGHT RESEARCH PIPELINE - CYCLE #2
[2026-05-01T21:52:42Z] [INFO] ================================================================================
[2026-05-01T21:52:42Z] [HEADER] ============================================================
[2026-05-01T21:52:42Z] [INFO] 🌙 STARTING OVERNIGHT RESEARCH CYCLE #2
[2026-05-01T21:52:42Z] [INFO] 🔍 Running overnight research protocol (web scraping + cross-symbol analysis)...
[2026-05-01T21:52:42Z] [INFO] 📊 Cycle duration: 0.24s, Files generated: 0
[2026-05-01T21:52:42Z] [WARNING] ⚠️ Database not initialized for cycle counting
[2026-05-01T21:52:42Z] [INFO] 💾 Database updated with cycle results
[2026-05-01T21:52:42Z] [SECTION] ============================================================
[2026-05-01T21:52:42Z] [INFO] 🔮 PHASE: HIDDEN LAYERING DETECTION
[2026-05-01T21:52:42Z] [INFO] 🔗 Hidden layering detection complete. Connections identified: 2
[2026-05-01T21:52:42Z] [SECTION] ============================================================
[2026-05-01T21:52:42Z] [INFO] 🔬 PHASE: DOMAIN CORRELATION ANALYSIS
[2026-05-01T21:52:43Z] [INFO] 📊 Domain correlation matrices created: 1
[2026-05-01T21:52:43Z] [SECTION] ============================================================
[2026-05-01T21:52:43Z] [INFO] 🖼️  PHASE: IMAGE-SEED ANALYSIS
[2026-05-01T21:52:43Z] [INFO] 📂 Image seed analysis bootstrapping from 0 images...
[2026-05-01T21:52:43Z] [SECTION] ============================================================
[2026-05-01T21:52:43Z] [INFO] 📤 PHASE: PUSH COMPONENTS TO TOLARIA
[2026-05-01T21:52:44Z] [INFO] 📦 Components pushed to Tolaria: 5
[2026-05-01T21:52:44Z] [SECTION] ============================================================
[2026-05-01T21:52:44Z] [INFO] 🧩 PHASE: COMPOSER - DOMAIN INTEGRATION SYNTHESIS
[2026-05-01T21:53:01Z] [INFO] 🎨 Domain integrations synthesized: 0
[2026-05-01T21:53:01Z] [SECTION] ============================================================
[2026-05-01T21:53:01Z] [INFO] 🚀 PHASE: ADVANCED OVERNIGHT LOOP
[2026-05-01T21:53:01Z] [INFO] 🔬 Advanced loop completed cycles: 0
[2026-05-01T21:53:01Z] [WARNING] ⚠️  Git commit skipped or failed (git not initialized?): Command '['git', '-C', '/home/avalonas/.hermes/gematria/unified_overnight_research', 'add', '.']' returned non-zero exit status 128.
[2026-05-01T21:53:01Z] [INFO] 
📊 CYCLE #2 SUMMARY
[2026-05-01T21:53:01Z] [INFO] ✅ Successful tasks: 7/7
[2026-05-01T21:53:01Z] [INFO] ⏱️  Cycle duration: 18.72s
[2026-05-01T21:53:01Z] [INFO]    ⚠️ task: result
[2026-05-01T21:53:01Z] [INFO]    ⚠️ task: result
[2026-05-01T21:53:01Z] [INFO]    ⚠️ task: result
[2026-05-01T21:53:01Z] [INFO]    ⚠️ task: result
[2026-05-01T21:53:01Z] [INFO]    ⚠️ task: result
[2026-05-01T21:53:01Z] [INFO]    ⚠️ task: result
[2026-05-01T21:53:01Z] [INFO]    ⚠️ task: result
[2026-05-01T21:53:01Z] [HEADER] ================================================================================
[2026-05-01T21:53:01Z] [INFO] 🔄 OVERNIGHT RESEARCH PIPELINE - CYCLE #3
[2026-05-01T21:53:01Z] [INFO] ================================================================================
[2026-05-01T21:53:01Z] [HEADER] ============================================================
[2026-05-01T21:53:01Z] [INFO] 🌙 STARTING OVERNIGHT RESEARCH CYCLE #3
[2026-05-01T21:53:01Z] [INFO] 🔍 Running overnight research protocol (web scraping + cross-symbol analysis)...
[2026-05-01T21:53:01Z] [INFO] 📊 Cycle duration: 0.13s, Files generated: 0
[2026-05-01T21:53:01Z] [WARNING] ⚠️ Database not initialized for cycle counting
[2026-05-01T21:53:01Z] [INFO] 💾 Database updated with cycle results
[2026-05-01T21:53:01Z] [SECTION] ============================================================
[2026-05-01T21:53:01Z] [INFO] 🔮 PHASE: HIDDEN LAYERING DETECTION
[2026-05-01T21:53:01Z] [INFO] 🔗 Hidden layering detection complete. Connections identified: 2
[2026-05-01T21:53:01Z] [SECTION] ============================================================
[2026-05-01T21:53:01Z] [INFO] 🔬 PHASE: DOMAIN CORRELATION ANALYSIS
[2026-05-01T21:53:01Z] [INFO] 📊 Domain correlation matrices created: 1
[2026-05-01T21:53:01Z] [SECTION] ============================================================
[2026-05-01T21:53:01Z] [INFO] 🖼️  PHASE: IMAGE-SEED ANALYSIS
[2026-05-01T21:53:01Z] [INFO] 📂 Image seed analysis bootstrapping from 0 images...
[2026-05-01T21:53:01Z] [SECTION] ============================================================
[2026-05-01T21:53:01Z] [INFO] 📤 PHASE: PUSH COMPONENTS TO TOLARIA
[2026-05-01T21:53:02Z] [INFO] 📦 Components pushed to Tolaria: 5
[2026-05-01T21:53:02Z] [SECTION] ============================================================
[2026-05-01T21:53:02Z] [INFO] 🧩 PHASE: COMPOSER - DOMAIN INTEGRATION SYNTHESIS
[2026-05-01T21:53:19Z] [INFO] 🎨 Domain integrations synthesized: 0
[2026-05-01T21:53:19Z] [SECTION] ============================================================
[2026-05-01T21:53:19Z] [INFO] 🚀 PHASE: ADVANCED OVERNIGHT LOOP
[2026-05-01T21:53:19Z] [INFO] 🔬 Advanced loop completed cycles: 0
[2026-05-01T21:53:19Z] [WARNING] ⚠️  Git commit skipped or failed (git not initialized?): Command '['git', '-C', '/home/avalonas/.hermes/gematria/unified_overnight_research', 'add', '.']' returned non-zero exit status 128.
[2026-05-01T21:53:19Z] [INFO] 
📊 CYCLE #3 SUMMARY
[2026-05-01T21:53:19Z] [INFO] ✅ Successful tasks: 7/7
[2026-05-01T21:53:19Z] [INFO] ⏱️  Cycle duration: 18.10s
[2026-05-01T21:53:19Z] [INFO]    ⚠️ task: result
[2026-05-01T21:53:19Z] [INFO]    ⚠️ task: result
[2026-05-01T21:53:19Z] [INFO]    ⚠️ task: result
[2026-05-01T21:53:19Z] [INFO]    ⚠️ task: result
[2026-05-01T21:53:19Z] [INFO]    ⚠️ task: result
[2026-05-01T21:53:19Z] [INFO]    ⚠️ task: result
[2026-05-01T21:53:19Z] [INFO]    ⚠️ task: result
[2026-05-01T21:53:19Z] [HEADER] ================================================================================
[2026-05-01T21:53:19Z] [INFO] 🔄 OVERNIGHT RESEARCH PIPELINE - CYCLE #4
[2026-05-01T21:53:19Z] [INFO] ================================================================================
[2026-05-01T21:53:19Z] [HEADER] ============================================================
[2026-05-01T21:53:19Z] [INFO] 🌙 STARTING OVERNIGHT RESEARCH CYCLE #4
[2026-05-01T21:53:19Z] [INFO] 🔍 Running overnight research protocol (web scraping + cross-symbol analysis)...
[2026-05-01T21:53:19Z] [INFO] 📊 Cycle duration: 0.24s, Files generated: 0
[2026-05-01T21:53:19Z] [WARNING] ⚠️ Database not initialized for cycle counting
[2026-05-01T21:53:19Z] [INFO] 💾 Database updated with cycle results
[2026-05-01T21:53:19Z] [SECTION] ============================================================
[2026-05-01T21:53:19Z] [INFO] 🔮 PHASE: HIDDEN LAYERING DETECTION
[2026-05-01T21:53:19Z] [INFO] 🔗 Hidden layering detection complete. Connections identified: 2
[2026-05-01T21:53:19Z] [SECTION] ============================================================
[2026-05-01T21:53:19Z] [INFO] 🔬 PHASE: DOMAIN CORRELATION ANALYSIS
[2026-05-01T21:53:19Z] [INFO] 📊 Domain correlation matrices created: 1
[2026-05-01T21:53:19Z] [SECTION] ============================================================
[2026-05-01T21:53:19Z] [INFO] 🖼️  PHASE: IMAGE-SEED ANALYSIS
[2026-05-01T21:53:19Z] [INFO] 📂 Image seed analysis bootstrapping from 0 images...
[2026-05-01T21:53:19Z] [SECTION] ============================================================
[2026-05-01T21:53:19Z] [INFO] 📤 PHASE: PUSH COMPONENTS TO TOLARIA
[2026-05-01T21:53:20Z] [INFO] 📦 Components pushed to Tolaria: 5
[2026-05-01T21:53:20Z] [SECTION] ============================================================
[2026-05-01T21:53:20Z] [INFO] 🧩 PHASE: COMPOSER - DOMAIN INTEGRATION SYNTHESIS
[2026-05-01T21:53:34Z] [INFO] 🎨 Domain integrations synthesized: 0
[2026-05-01T21:53:34Z] [SECTION] ============================================================
[2026-05-01T21:53:34Z] [INFO] 🚀 PHASE: ADVANCED OVERNIGHT LOOP
[2026-05-01T21:53:34Z] [INFO] 🔬 Advanced loop completed cycles: 0
[2026-05-01T21:53:34Z] [WARNING] ⚠️  Git commit skipped or failed (git not initialized?): Command '['git', '-C', '/home/avalonas/.hermes/gematria/unified_overnight_research', 'add', '.']' returned non-zero exit status 128.
[2026-05-01T21:53:34Z] [INFO] 
📊 CYCLE #4 SUMMARY
[2026-05-01T21:53:34Z] [INFO] ✅ Successful tasks: 7/7
[2026-05-01T21:53:34Z] [INFO] ⏱️  Cycle duration: 15.12s
[2026-05-01T21:53:34Z] [INFO]    ⚠️ task: result
[2026-05-01T21:53:34Z] [INFO]    ⚠️ task: result
[2026-05-01T21:53:34Z] [INFO]    ⚠️ task: result
[2026-05-01T21:53:34Z] [INFO]    ⚠️ task: result
[2026-05-01T21:53:34Z] [INFO]    ⚠️ task: result
[2026-05-01T21:53:34Z] [INFO]    ⚠️ task: result
[2026-05-01T21:53:34Z] [INFO]    ⚠️ task: result
[2026-05-01T21:53:34Z] [HEADER] ================================================================================
[2026-05-01T21:53:34Z] [INFO] 🔄 OVERNIGHT RESEARCH PIPELINE - CYCLE #5
[2026-05-01T21:53:34Z] [INFO] ================================================================================
[2026-05-01T21:53:34Z] [HEADER] ============================================================
[2026-05-01T21:53:34Z] [INFO] 🌙 STARTING OVERNIGHT RESEARCH CYCLE #5
[2026-05-01T21:53:34Z] [INFO] 🔍 Running overnight research protocol (web scraping + cross-symbol analysis)...
[2026-05-01T21:53:34Z] [INFO] 📊 Cycle duration: 0.23s, Files generated: 0
[2026-05-01T21:53:34Z] [WARNING] ⚠️ Database not initialized for cycle counting
[2026-05-01T21:53:34Z] [INFO] 💾 Database updated with cycle results
[2026-05-01T21:53:34Z] [SECTION] ============================================================
[2026-05-01T21:53:34Z] [INFO] 🔮 PHASE: HIDDEN LAYERING DETECTION
[2026-05-01T21:53:34Z] [INFO] 🔗 Hidden layering detection complete. Connections identified: 2
[2026-05-01T21:53:34Z] [SECTION] ============================================================
[2026-05-01T21:53:34Z] [INFO] 🔬 PHASE: DOMAIN CORRELATION ANALYSIS
[2026-05-01T21:53:34Z] [INFO] 📊 Domain correlation matrices created: 1
[2026-05-01T21:53:34Z] [SECTION] ============================================================
[2026-05-01T21:53:34Z] [INFO] 🖼️  PHASE: IMAGE-SEED ANALYSIS
[2026-05-01T21:53:34Z] [INFO] 📂 Image seed analysis bootstrapping from 0 images...
[2026-05-01T21:53:34Z] [SECTION] ============================================================
[2026-05-01T21:53:34Z] [INFO] 📤 PHASE: PUSH COMPONENTS TO TOLARIA
[2026-05-01T21:53:35Z] [INFO] 📦 Components pushed to Tolaria: 5
[2026-05-01T21:53:35Z] [SECTION] ============================================================
[2026-05-01T21:53:35Z] [INFO] 🧩 PHASE: COMPOSER - DOMAIN INTEGRATION SYNTHESIS
[2026-05-01T21:53:54Z] [INFO] 🎨 Domain integrations synthesized: 0
[2026-05-01T21:53:54Z] [SECTION] ============================================================
[2026-05-01T21:53:54Z] [INFO] 🚀 PHASE: ADVANCED OVERNIGHT LOOP
[2026-05-01T21:53:54Z] [INFO] 🔬 Advanced loop completed cycles: 0
[2026-05-01T21:53:54Z] [WARNING] ⚠️  Git commit skipped or failed (git not initialized?): Command '['git', '-C', '/home/avalonas/.hermes/gematria/unified_overnight_research', 'add', '.']' returned non-zero exit status 128.
[2026-05-01T21:53:54Z] [INFO] 
📊 CYCLE #5 SUMMARY
[2026-05-01T21:53:54Z] [INFO] ✅ Successful tasks: 7/7
[2026-05-01T21:53:54Z] [INFO] ⏱️  Cycle duration: 19.76s
[2026-05-01T21:53:54Z] [INFO]    ⚠️ task: result
[2026-05-01T21:53:54Z] [INFO]    ⚠️ task: result
[2026-05-01T21:53:54Z] [INFO]    ⚠️ task: result
[2026-05-01T21:53:54Z] [INFO]    ⚠️ task: result
[2026-05-01T21:53:54Z] [INFO]    ⚠️ task: result
[2026-05-01T21:53:54Z] [INFO]    ⚠️ task: result
[2026-05-01T21:53:54Z] [INFO]    ⚠️ task: result
[2026-05-01T21:53:54Z] [HEADER] ================================================================================
[2026-05-01T21:53:54Z] [INFO] 🔄 OVERNIGHT RESEARCH PIPELINE - CYCLE #6
[2026-05-01T21:53:54Z] [INFO] ================================================================================
[2026-05-01T21:53:54Z] [HEADER] ============================================================
[2026-05-01T21:53:54Z] [INFO] 🌙 STARTING OVERNIGHT RESEARCH CYCLE #6
[2026-05-01T21:53:54Z] [INFO] 🔍 Running overnight research protocol (web scraping + cross-symbol analysis)...
[2026-05-01T21:53:54Z] [INFO] 📊 Cycle duration: 0.11s, Files generated: 0
[2026-05-01T21:53:54Z] [WARNING] ⚠️ Database not initialized for cycle counting
[2026-05-01T21:53:54Z] [INFO] 💾 Database updated with cycle results
[2026-05-01T21:53:54Z] [SECTION] ============================================================
[2026-05-01T21:53:54Z] [INFO] 🔮 PHASE: HIDDEN LAYERING DETECTION
[2026-05-01T21:53:54Z] [INFO] 🔗 Hidden layering detection complete. Connections identified: 2
[2026-05-01T21:53:54Z] [SECTION] ============================================================
[2026-05-01T21:53:54Z] [INFO] 🔬 PHASE: DOMAIN CORRELATION ANALYSIS
[2026-05-01T21:53:54Z] [INFO] 📊 Domain correlation matrices created: 1
[2026-05-01T21:53:54Z] [SECTION] ============================================================
[2026-05-01T21:53:54Z] [INFO] 🖼️  PHASE: IMAGE-SEED ANALYSIS
[2026-05-01T21:53:54Z] [INFO] 📂 Image seed analysis bootstrapping from 0 images...
[2026-05-01T21:53:54Z] [SECTION] ============================================================
[2026-05-01T21:53:54Z] [INFO] 📤 PHASE: PUSH COMPONENTS TO TOLARIA
[2026-05-01T21:53:55Z] [INFO] 📦 Components pushed to Tolaria: 5
[2026-05-01T21:53:55Z] [SECTION] ============================================================
[2026-05-01T21:53:55Z] [INFO] 🧩 PHASE: COMPOSER - DOMAIN INTEGRATION SYNTHESIS
[2026-05-01T21:54:09Z] [INFO] 🎨 Domain integrations synthesized: 0
[2026-05-01T21:54:09Z] [SECTION] ============================================================
[2026-05-01T21:54:09Z] [INFO] 🚀 PHASE: ADVANCED OVERNIGHT LOOP
[2026-05-01T21:54:09Z] [INFO] 🔬 Advanced loop completed cycles: 0
[2026-05-01T21:54:09Z] [WARNING] ⚠️  Git commit skipped or failed (git not initialized?): Command '['git', '-C', '/home/avalonas/.hermes/gematria/unified_overnight_research', 'add', '.']' returned non-zero exit status 128.
[2026-05-01T21:54:09Z] [INFO] 
📊 CYCLE #6 SUMMARY
[2026-05-01T21:54:09Z] [INFO] ✅ Successful tasks: 7/7
[2026-05-01T21:54:09Z] [INFO] ⏱️  Cycle duration: 15.46s
[2026-05-01T21:54:09Z] [INFO]    ⚠️ task: result
[2026-05-01T21:54:09Z] [INFO]    ⚠️ task: result
[2026-05-01T21:54:09Z] [INFO]    ⚠️ task: result
[2026-05-01T21:54:09Z] [INFO]    ⚠️ task: result
[2026-05-01T21:54:09Z] [INFO]    ⚠️ task: result
[2026-05-01T21:54:09Z] [INFO]    ⚠️ task: result
[2026-05-01T21:54:09Z] [INFO]    ⚠️ task: result
[2026-05-01T21:54:09Z] [HEADER] ================================================================================
[2026-05-01T21:54:09Z] [INFO] 🔄 OVERNIGHT RESEARCH PIPELINE - CYCLE #7
[2026-05-01T21:54:09Z] [INFO] ================================================================================
[2026-05-01T21:54:09Z] [HEADER] ============================================================
[2026-05-01T21:54:09Z] [INFO] 🌙 STARTING OVERNIGHT RESEARCH CYCLE #7
[2026-05-01T21:54:09Z] [INFO] 🔍 Running overnight research protocol (web scraping + cross-symbol analysis)...
[2026-05-01T21:54:09Z] [INFO] 📊 Cycle duration: 0.12s, Files generated: 0
[2026-05-01T21:54:09Z] [WARNING] ⚠️ Database not initialized for cycle counting
[2026-05-01T21:54:09Z] [INFO] 💾 Database updated with cycle results
[2026-05-01T21:54:09Z] [SECTION] ============================================================
[2026-05-01T21:54:09Z] [INFO] 🔮 PHASE: HIDDEN LAYERING DETECTION
[2026-05-01T21:54:10Z] [INFO] 🔗 Hidden layering detection complete. Connections identified: 2
[2026-05-01T21:54:10Z] [SECTION] ============================================================
[2026-05-01T21:54:10Z] [INFO] 🔬 PHASE: DOMAIN CORRELATION ANALYSIS
[2026-05-01T21:54:10Z] [INFO] 📊 Domain correlation matrices created: 1
[2026-05-01T21:54:10Z] [SECTION] ============================================================
[2026-05-01T21:54:10Z] [INFO] 🖼️  PHASE: IMAGE-SEED ANALYSIS
[2026-05-01T21:54:10Z] [INFO] 📂 Image seed analysis bootstrapping from 0 images...
[2026-05-01T21:54:10Z] [SECTION] ============================================================
[2026-05-01T21:54:10Z] [INFO] 📤 PHASE: PUSH COMPONENTS TO TOLARIA
[2026-05-01T21:54:10Z] [INFO] 📦 Components pushed to Tolaria: 5
[2026-05-01T21:54:10Z] [SECTION] ============================================================
[2026-05-01T21:54:10Z] [INFO] 🧩 PHASE: COMPOSER - DOMAIN INTEGRATION SYNTHESIS
[2026-05-01T21:54:28Z] [INFO] 🎨 Domain integrations synthesized: 0
[2026-05-01T21:54:28Z] [SECTION] ============================================================
[2026-05-01T21:54:28Z] [INFO] 🚀 PHASE: ADVANCED OVERNIGHT LOOP
[2026-05-01T21:54:28Z] [INFO] 🔬 Advanced loop completed cycles: 0
[2026-05-01T21:54:28Z] [WARNING] ⚠️  Git commit skipped or failed (git not initialized?): Command '['git', '-C', '/home/avalonas/.hermes/gematria/unified_overnight_research', 'add', '.']' returned non-zero exit status 128.
[2026-05-01T21:54:28Z] [INFO] 
📊 CYCLE #7 SUMMARY
[2026-05-01T21:54:28Z] [INFO] ✅ Successful tasks: 7/7
[2026-05-01T21:54:28Z] [INFO] ⏱️  Cycle duration: 18.94s
[2026-05-01T21:54:28Z] [INFO]    ⚠️ task: result
[2026-05-01T21:54:28Z] [INFO]    ⚠️ task: result
[2026-05-01T21:54:28Z] [INFO]    ⚠️ task: result
[2026-05-01T21:54:28Z] [INFO]    ⚠️ task: result
[2026-05-01T21:54:28Z] [INFO]    ⚠️ task: result
[2026-05-01T21:54:28Z] [INFO]    ⚠️ task: result
[2026-05-01T21:54:28Z] [INFO]    ⚠️ task: result
[2026-05-01T21:54:28Z] [HEADER] ================================================================================
[2026-05-01T21:54:28Z] [INFO] 🔄 OVERNIGHT RESEARCH PIPELINE - CYCLE #8
[2026-05-01T21:54:28Z] [INFO] ================================================================================
[2026-05-01T21:54:28Z] [HEADER] ============================================================
[2026-05-01T21:54:28Z] [INFO] 🌙 STARTING OVERNIGHT RESEARCH CYCLE #8
[2026-05-01T21:54:28Z] [INFO] 🔍 Running overnight research protocol (web scraping + cross-symbol analysis)...
[2026-05-01T21:54:28Z] [INFO] 📊 Cycle duration: 0.12s, Files generated: 0
[2026-05-01T21:54:28Z] [WARNING] ⚠️ Database not initialized for cycle counting
[2026-05-01T21:54:28Z] [INFO] 💾 Database updated with cycle results
[2026-05-01T21:54:28Z] [SECTION] ============================================================
[2026-05-01T21:54:28Z] [INFO] 🔮 PHASE: HIDDEN LAYERING DETECTION
[2026-05-01T21:54:28Z] [INFO] 🔗 Hidden layering detection complete. Connections identified: 2
[2026-05-01T21:54:28Z] [SECTION] ============================================================
[2026-05-01T21:54:28Z] [INFO] 🔬 PHASE: DOMAIN CORRELATION ANALYSIS
[2026-05-01T21:54:28Z] [INFO] 📊 Domain correlation matrices created: 1
[2026-05-01T21:54:28Z] [SECTION] ============================================================
[2026-05-01T21:54:28Z] [INFO] 🖼️  PHASE: IMAGE-SEED ANALYSIS
[2026-05-01T21:54:28Z] [INFO] 📂 Image seed analysis bootstrapping from 0 images...
[2026-05-01T21:54:29Z] [SECTION] ============================================================
[2026-05-01T21:54:29Z] [INFO] 📤 PHASE: PUSH COMPONENTS TO TOLARIA
[2026-05-01T21:54:30Z] [INFO] 📦 Components pushed to Tolaria: 5
[2026-05-01T21:54:30Z] [SECTION] ============================================================
[2026-05-01T21:54:30Z] [INFO] 🧩 PHASE: COMPOSER - DOMAIN INTEGRATION SYNTHESIS
[2026-05-01T21:54:50Z] [INFO] 🎨 Domain integrations synthesized: 0
[2026-05-01T21:54:50Z] [SECTION] ============================================================
[2026-05-01T21:54:50Z] [INFO] 🚀 PHASE: ADVANCED OVERNIGHT LOOP
[2026-05-01T21:54:50Z] [INFO] 🔬 Advanced loop completed cycles: 0
[2026-05-01T21:54:50Z] [WARNING] ⚠️  Git commit skipped or failed (git not initialized?): Command '['git', '-C', '/home/avalonas/.hermes/gematria/unified_overnight_research', 'add', '.']' returned non-zero exit status 128.
[2026-05-01T21:54:50Z] [INFO] 
📊 CYCLE #8 SUMMARY
[2026-05-01T21:54:50Z] [INFO] ✅ Successful tasks: 7/7
[2026-05-01T21:54:50Z] [INFO] ⏱️  Cycle duration: 21.63s
[2026-05-01T21:54:50Z] [INFO]    ⚠️ task: result
[2026-05-01T21:54:50Z] [INFO]    ⚠️ task: result
[2026-05-01T21:54:50Z] [INFO]    ⚠️ task: result
[2026-05-01T21:54:50Z] [INFO]    ⚠️ task: result
[2026-05-01T21:54:50Z] [INFO]    ⚠️ task: result
[2026-05-01T21:54:50Z] [INFO]    ⚠️ task: result
[2026-05-01T21:54:50Z] [INFO]    ⚠️ task: result
[2026-05-01T21:54:50Z] [HEADER] ================================================================================
[2026-05-01T21:54:50Z] [INFO] 🔄 OVERNIGHT RESEARCH PIPELINE - CYCLE #9
[2026-05-01T21:54:50Z] [INFO] ================================================================================
[2026-05-01T21:54:50Z] [HEADER] ============================================================
[2026-05-01T21:54:50Z] [INFO] 🌙 STARTING OVERNIGHT RESEARCH CYCLE #9
[2026-05-01T21:54:50Z] [INFO] 🔍 Running overnight research protocol (web scraping + cross-symbol analysis)...
[2026-05-01T21:54:50Z] [INFO] 📊 Cycle duration: 0.24s, Files generated: 0
[2026-05-01T21:54:50Z] [WARNING] ⚠️ Database not initialized for cycle counting
[2026-05-01T21:54:50Z] [INFO] 💾 Database updated with cycle results
[2026-05-01T21:54:50Z] [SECTION] ============================================================
[2026-05-01T21:54:50Z] [INFO] 🔮 PHASE: HIDDEN LAYERING DETECTION
[2026-05-01T21:54:50Z] [INFO] 🔗 Hidden layering detection complete. Connections identified: 2
[2026-05-01T21:54:50Z] [SECTION] ============================================================
[2026-05-01T21:54:50Z] [INFO] 🔬 PHASE: DOMAIN CORRELATION ANALYSIS
[2026-05-01T21:54:50Z] [INFO] 📊 Domain correlation matrices created: 1
[2026-05-01T21:54:50Z] [SECTION] ============================================================
[2026-05-01T21:54:50Z] [INFO] 🖼️  PHASE: IMAGE-SEED ANALYSIS
[2026-05-01T21:54:50Z] [INFO] 📂 Image seed analysis bootstrapping from 0 images...
[2026-05-01T21:54:50Z] [SECTION] ============================================================
[2026-05-01T21:54:50Z] [INFO] 📤 PHASE: PUSH COMPONENTS TO TOLARIA
[2026-05-01T21:54:51Z] [INFO] 📦 Components pushed to Tolaria: 5
[2026-05-01T21:54:51Z] [SECTION] ============================================================
[2026-05-01T21:54:51Z] [INFO] 🧩 PHASE: COMPOSER - DOMAIN INTEGRATION SYNTHESIS
[2026-05-01T21:55:02Z] [INFO] 🎨 Domain integrations synthesized: 0
[2026-05-01T21:55:02Z] [SECTION] ============================================================
[2026-05-01T21:55:02Z] [INFO] 🚀 PHASE: ADVANCED OVERNIGHT LOOP
[2026-05-01T21:55:02Z] [INFO] 🔬 Advanced loop completed cycles: 0
[2026-05-01T21:55:02Z] [WARNING] ⚠️  Git commit skipped or failed (git not initialized?): Command '['git', '-C', '/home/avalonas/.hermes/gematria/unified_overnight_research', 'add', '.']' returned non-zero exit status 128.
[2026-05-01T21:55:02Z] [INFO] 
📊 CYCLE #9 SUMMARY
[2026-05-01T21:55:02Z] [INFO] ✅ Successful tasks: 7/7
[2026-05-01T21:55:02Z] [INFO] ⏱️  Cycle duration: 11.98s
[2026-05-01T21:55:02Z] [INFO]    ⚠️ task: result
[2026-05-01T21:55:02Z] [INFO]    ⚠️ task: result
[2026-05-01T21:55:02Z] [INFO]    ⚠️ task: result
[2026-05-01T21:55:02Z] [INFO]    ⚠️ task: result
[2026-05-01T21:55:02Z] [INFO]    ⚠️ task: result
[2026-05-01T21:55:02Z] [INFO]    ⚠️ task: result
[2026-05-01T21:55:02Z] [INFO]    ⚠️ task: result
[2026-05-01T21:55:02Z] [HEADER] ================================================================================
[2026-05-01T21:55:02Z] [INFO] 🔄 OVERNIGHT RESEARCH PIPELINE - CYCLE #10
[2026-05-01T21:55:02Z] [INFO] ================================================================================
[2026-05-01T21:55:02Z] [HEADER] ============================================================
[2026-05-01T21:55:02Z] [INFO] 🌙 STARTING OVERNIGHT RESEARCH CYCLE #10
[2026-05-01T21:55:02Z] [INFO] 🔍 Running overnight research protocol (web scraping + cross-symbol analysis)...
[2026-05-01T21:55:02Z] [INFO] 📊 Cycle duration: 0.25s, Files generated: 0
[2026-05-01T21:55:02Z] [WARNING] ⚠️ Database not initialized for cycle counting
[2026-05-01T21:55:02Z] [INFO] 💾 Database updated with cycle results
[2026-05-01T21:55:02Z] [SECTION] ============================================================
[2026-05-01T21:55:02Z] [INFO] 🔮 PHASE: HIDDEN LAYERING DETECTION
[2026-05-01T21:55:02Z] [INFO] 🔗 Hidden layering detection complete. Connections identified: 2
[2026-05-01T21:55:02Z] [SECTION] ============================================================
[2026-05-01T21:55:02Z] [INFO] 🔬 PHASE: DOMAIN CORRELATION ANALYSIS
[2026-05-01T21:55:02Z] [INFO] 📊 Domain correlation matrices created: 1
[2026-05-01T21:55:02Z] [SECTION] ============================================================
[2026-05-01T21:55:02Z] [INFO] 🖼️  PHASE: IMAGE-SEED ANALYSIS
[2026-05-01T21:55:02Z] [INFO] 📂 Image seed analysis bootstrapping from 0 images...
[2026-05-01T21:55:02Z] [SECTION] ============================================================
[2026-05-01T21:55:02Z] [INFO] 📤 PHASE: PUSH COMPONENTS TO TOLARIA
[2026-05-01T21:55:03Z] [INFO] 📦 Components pushed to Tolaria: 5
[2026-05-01T21:55:03Z] [SECTION] ============================================================
[2026-05-01T21:55:03Z] [INFO] 🧩 PHASE: COMPOSER - DOMAIN INTEGRATION SYNTHESIS
[2026-05-01T21:55:20Z] [INFO] 🎨 Domain integrations synthesized: 0
[2026-05-01T21:55:20Z] [SECTION] ============================================================
[2026-05-01T21:55:20Z] [INFO] 🚀 PHASE: ADVANCED OVERNIGHT LOOP
[2026-05-01T21:55:20Z] [INFO] 🔬 Advanced loop completed cycles: 0
[2026-05-01T21:55:20Z] [WARNING] ⚠️  Git commit skipped or failed (git not initialized?): Command '['git', '-C', '/home/avalonas/.hermes/gematria/unified_overnight_research', 'add', '.']' returned non-zero exit status 128.
[2026-05-01T21:55:20Z] [INFO] 
📊 CYCLE #10 SUMMARY
[2026-05-01T21:55:20Z] [INFO] ✅ Successful tasks: 7/7
[2026-05-01T21:55:20Z] [INFO] ⏱️  Cycle duration: 18.39s
[2026-05-01T21:55:20Z] [INFO]    ⚠️ task: result
[2026-05-01T21:55:20Z] [INFO]    ⚠️ task: result
[2026-05-01T21:55:20Z] [INFO]    ⚠️ task: result
[2026-05-01T21:55:20Z] [INFO]    ⚠️ task: result
[2026-05-01T21:55:20Z] [INFO]    ⚠️ task: result
[2026-05-01T21:55:20Z] [INFO]    ⚠️ task: result
[2026-05-01T21:55:20Z] [INFO]    ⚠️ task: result
[2026-05-01T21:55:20Z] [HEADER] ================================================================================
[2026-05-01T21:55:20Z] [INFO] 🔄 OVERNIGHT RESEARCH PIPELINE - CYCLE #11
[2026-05-01T21:55:20Z] [INFO] ================================================================================
[2026-05-01T21:55:20Z] [HEADER] ============================================================
[2026-05-01T21:55:20Z] [INFO] 🌙 STARTING OVERNIGHT RESEARCH CYCLE #11
[2026-05-01T21:55:20Z] [INFO] 🔍 Running overnight research protocol (web scraping + cross-symbol analysis)...
[2026-05-01T21:55:21Z] [INFO] 📊 Cycle duration: 0.23s, Files generated: 0
[2026-05-01T21:55:21Z] [WARNING] ⚠️ Database not initialized for cycle counting
[2026-05-01T21:55:21Z] [INFO] 💾 Database updated with cycle results
[2026-05-01T21:55:21Z] [SECTION] ============================================================
[2026-05-01T21:55:21Z] [INFO] 🔮 PHASE: HIDDEN LAYERING DETECTION
[2026-05-01T21:55:21Z] [INFO] 🔗 Hidden layering detection complete. Connections identified: 2
[2026-05-01T21:55:21Z] [SECTION] ============================================================
[2026-05-01T21:55:21Z] [INFO] 🔬 PHASE: DOMAIN CORRELATION ANALYSIS
[2026-05-01T21:55:21Z] [INFO] 📊 Domain correlation matrices created: 1
[2026-05-01T21:55:21Z] [SECTION] ============================================================
[2026-05-01T21:55:21Z] [INFO] 🖼️  PHASE: IMAGE-SEED ANALYSIS
[2026-05-01T21:55:21Z] [INFO] 📂 Image seed analysis bootstrapping from 0 images...
[2026-05-01T21:55:21Z] [SECTION] ============================================================
[2026-05-01T21:55:21Z] [INFO] 📤 PHASE: PUSH COMPONENTS TO TOLARIA
[2026-05-01T21:55:22Z] [INFO] 📦 Components pushed to Tolaria: 5
[2026-05-01T21:55:22Z] [SECTION] ============================================================
[2026-05-01T21:55:22Z] [INFO] 🧩 PHASE: COMPOSER - DOMAIN INTEGRATION SYNTHESIS
[2026-05-01T21:55:34Z] [INFO] 🎨 Domain integrations synthesized: 0
[2026-05-01T21:55:34Z] [SECTION] ============================================================
[2026-05-01T21:55:34Z] [INFO] 🚀 PHASE: ADVANCED OVERNIGHT LOOP
[2026-05-01T21:55:34Z] [INFO] 🔬 Advanced loop completed cycles: 0
[2026-05-01T21:55:35Z] [WARNING] ⚠️  Git commit skipped or failed (git not initialized?): Command '['git', '-C', '/home/avalonas/.hermes/gematria/unified_overnight_research', 'add', '.']' returned non-zero exit status 128.
[2026-05-01T21:55:35Z] [INFO] 
📊 CYCLE #11 SUMMARY
[2026-05-01T21:55:35Z] [INFO] ✅ Successful tasks: 7/7
[2026-05-01T21:55:35Z] [INFO] ⏱️  Cycle duration: 14.26s
[2026-05-01T21:55:35Z] [INFO]    ⚠️ task: result
[2026-05-01T21:55:35Z] [INFO]    ⚠️ task: result
[2026-05-01T21:55:35Z] [INFO]    ⚠️ task: result
[2026-05-01T21:55:35Z] [INFO]    ⚠️ task: result
[2026-05-01T21:55:35Z] [INFO]    ⚠️ task: result
[2026-05-01T21:55:35Z] [INFO]    ⚠️ task: result
[2026-05-01T21:55:35Z] [INFO]    ⚠️ task: result
[2026-05-01T21:55:35Z] [HEADER] ================================================================================
[2026-05-01T21:55:35Z] [INFO] 🔄 OVERNIGHT RESEARCH PIPELINE - CYCLE #12
[2026-05-01T21:55:35Z] [INFO] ================================================================================
[2026-05-01T21:55:35Z] [HEADER] ============================================================
[2026-05-01T21:55:35Z] [INFO] 🌙 STARTING OVERNIGHT RESEARCH CYCLE #12
[2026-05-01T21:55:35Z] [INFO] 🔍 Running overnight research protocol (web scraping + cross-symbol analysis)...
[2026-05-01T21:55:35Z] [INFO] 📊 Cycle duration: 0.23s, Files generated: 0
[2026-05-01T21:55:35Z] [WARNING] ⚠️ Database not initialized for cycle counting
[2026-05-01T21:55:35Z] [INFO] 💾 Database updated with cycle results
[2026-05-01T21:55:35Z] [SECTION] ============================================================
[2026-05-01T21:55:35Z] [INFO] 🔮 PHASE: HIDDEN LAYERING DETECTION
[2026-05-01T21:55:35Z] [INFO] 🔗 Hidden layering detection complete. Connections identified: 2
[2026-05-01T21:55:35Z] [SECTION] ============================================================
[2026-05-01T21:55:35Z] [INFO] 🔬 PHASE: DOMAIN CORRELATION ANALYSIS
[2026-05-01T21:55:35Z] [INFO] 📊 Domain correlation matrices created: 1
[2026-05-01T21:55:35Z] [SECTION] ============================================================
[2026-05-01T21:55:35Z] [INFO] 🖼️  PHASE: IMAGE-SEED ANALYSIS
[2026-05-01T21:55:35Z] [INFO] 📂 Image seed analysis bootstrapping from 0 images...
[2026-05-01T21:55:35Z] [SECTION] ============================================================
[2026-05-01T21:55:35Z] [INFO] 📤 PHASE: PUSH COMPONENTS TO TOLARIA
[2026-05-01T21:55:36Z] [INFO] 📦 Components pushed to Tolaria: 5
[2026-05-01T21:55:36Z] [SECTION] ============================================================
[2026-05-01T21:55:36Z] [INFO] 🧩 PHASE: COMPOSER - DOMAIN INTEGRATION SYNTHESIS
[2026-05-01T21:55:52Z] [INFO] 🎨 Domain integrations synthesized: 0
[2026-05-01T21:55:52Z] [SECTION] ============================================================
[2026-05-01T21:55:52Z] [INFO] 🚀 PHASE: ADVANCED OVERNIGHT LOOP
[2026-05-01T21:55:52Z] [INFO] 🔬 Advanced loop completed cycles: 0
[2026-05-01T21:55:52Z] [WARNING] ⚠️  Git commit skipped or failed (git not initialized?): Command '['git', '-C', '/home/avalonas/.hermes/gematria/unified_overnight_research', 'add', '.']' returned non-zero exit status 128.
[2026-05-01T21:55:52Z] [INFO] 
📊 CYCLE #12 SUMMARY
[2026-05-01T21:55:52Z] [INFO] ✅ Successful tasks: 7/7
[2026-05-01T21:55:52Z] [INFO] ⏱️  Cycle duration: 17.73s
[2026-05-01T21:55:52Z] [INFO]    ⚠️ task: result
[2026-05-01T21:55:52Z] [INFO]    ⚠️ task: result
[2026-05-01T21:55:52Z] [INFO]    ⚠️ task: result
[2026-05-01T21:55:52Z] [INFO]    ⚠️ task: result
[2026-05-01T21:55:52Z] [INFO]    ⚠️ task: result
[2026-05-01T21:55:52Z] [INFO]    ⚠️ task: result
[2026-05-01T21:55:52Z] [INFO]    ⚠️ task: result
[2026-05-01T21:55:52Z] [HEADER] ================================================================================
[2026-05-01T21:55:52Z] [INFO] 🔄 OVERNIGHT RESEARCH PIPELINE - CYCLE #13
[2026-05-01T21:55:52Z] [INFO] ================================================================================
[2026-05-01T21:55:52Z] [HEADER] ============================================================
[2026-05-01T21:55:52Z] [INFO] 🌙 STARTING OVERNIGHT RESEARCH CYCLE #13
[2026-05-01T21:55:52Z] [INFO] 🔍 Running overnight research protocol (web scraping + cross-symbol analysis)...
[2026-05-01T21:55:53Z] [INFO] 📊 Cycle duration: 0.23s, Files generated: 0
[2026-05-01T21:55:53Z] [WARNING] ⚠️ Database not initialized for cycle counting
[2026-05-01T21:55:53Z] [INFO] 💾 Database updated with cycle results
[2026-05-01T21:55:53Z] [SECTION] ============================================================
[2026-05-01T21:55:53Z] [INFO] 🔮 PHASE: HIDDEN LAYERING DETECTION
[2026-05-01T21:55:53Z] [INFO] 🔗 Hidden layering detection complete. Connections identified: 2
[2026-05-01T21:55:53Z] [SECTION] ============================================================
[2026-05-01T21:55:53Z] [INFO] 🔬 PHASE: DOMAIN CORRELATION ANALYSIS
[2026-05-01T21:55:53Z] [INFO] 📊 Domain correlation matrices created: 1
[2026-05-01T21:55:53Z] [SECTION] ============================================================
[2026-05-01T21:55:53Z] [INFO] 🖼️  PHASE: IMAGE-SEED ANALYSIS
[2026-05-01T21:55:53Z] [INFO] 📂 Image seed analysis bootstrapping from 0 images...
[2026-05-01T21:55:53Z] [SECTION] ============================================================
[2026-05-01T21:55:53Z] [INFO] 📤 PHASE: PUSH COMPONENTS TO TOLARIA
[2026-05-01T21:55:54Z] [INFO] 📦 Components pushed to Tolaria: 5
[2026-05-01T21:55:54Z] [SECTION] ============================================================
[2026-05-01T21:55:54Z] [INFO] 🧩 PHASE: COMPOSER - DOMAIN INTEGRATION SYNTHESIS
[2026-05-01T21:56:10Z] [INFO] 🎨 Domain integrations synthesized: 0
[2026-05-01T21:56:10Z] [SECTION] ============================================================
[2026-05-01T21:56:10Z] [INFO] 🚀 PHASE: ADVANCED OVERNIGHT LOOP
[2026-05-01T21:56:10Z] [INFO] 🔬 Advanced loop completed cycles: 0
[2026-05-01T21:56:10Z] [WARNING] ⚠️  Git commit skipped or failed (git not initialized?): Command '['git', '-C', '/home/avalonas/.hermes/gematria/unified_overnight_research', 'add', '.']' returned non-zero exit status 128.
[2026-05-01T21:56:10Z] [INFO] 
📊 CYCLE #13 SUMMARY
[2026-05-01T21:56:10Z] [INFO] ✅ Successful tasks: 7/7
[2026-05-01T21:56:10Z] [INFO] ⏱️  Cycle duration: 17.80s
[2026-05-01T21:56:10Z] [INFO]    ⚠️ task: result
[2026-05-01T21:56:10Z] [INFO]    ⚠️ task: result
[2026-05-01T21:56:10Z] [INFO]    ⚠️ task: result
[2026-05-01T21:56:10Z] [INFO]    ⚠️ task: result
[2026-05-01T21:56:10Z] [INFO]    ⚠️ task: result
[2026-05-01T21:56:10Z] [INFO]    ⚠️ task: result
[2026-05-01T21:56:10Z] [INFO]    ⚠️ task: result
[2026-05-01T21:56:10Z] [HEADER] ================================================================================
[2026-05-01T21:56:10Z] [INFO] 🔄 OVERNIGHT RESEARCH PIPELINE - CYCLE #14
[2026-05-01T21:56:10Z] [INFO] ================================================================================
[2026-05-01T21:56:10Z] [HEADER] ============================================================
[2026-05-01T21:56:10Z] [INFO] 🌙 STARTING OVERNIGHT RESEARCH CYCLE #14
[2026-05-01T21:56:10Z] [INFO] 🔍 Running overnight research protocol (web scraping + cross-symbol analysis)...
[2026-05-01T21:56:10Z] [INFO] 📊 Cycle duration: 0.23s, Files generated: 0
[2026-05-01T21:56:10Z] [WARNING] ⚠️ Database not initialized for cycle counting
[2026-05-01T21:56:10Z] [INFO] 💾 Database updated with cycle results
[2026-05-01T21:56:10Z] [SECTION] ============================================================
[2026-05-01T21:56:10Z] [INFO] 🔮 PHASE: HIDDEN LAYERING DETECTION
[2026-05-01T21:56:10Z] [INFO] 🔗 Hidden layering detection complete. Connections identified: 2
[2026-05-01T21:56:10Z] [SECTION] ============================================================
[2026-05-01T21:56:10Z] [INFO] 🔬 PHASE: DOMAIN CORRELATION ANALYSIS
[2026-05-01T21:56:10Z] [INFO] 📊 Domain correlation matrices created: 1
[2026-05-01T21:56:10Z] [SECTION] ============================================================
[2026-05-01T21:56:10Z] [INFO] 🖼️  PHASE: IMAGE-SEED ANALYSIS
[2026-05-01T21:56:10Z] [INFO] 📂 Image seed analysis bootstrapping from 0 images...
[2026-05-01T21:56:10Z] [SECTION] ============================================================
[2026-05-01T21:56:10Z] [INFO] 📤 PHASE: PUSH COMPONENTS TO TOLARIA
[2026-05-01T21:56:11Z] [INFO] 📦 Components pushed to Tolaria: 5
[2026-05-01T21:56:11Z] [SECTION] ============================================================
[2026-05-01T21:56:11Z] [INFO] 🧩 PHASE: COMPOSER - DOMAIN INTEGRATION SYNTHESIS
[2026-05-01T21:56:17Z] [INFO] 🎨 Domain integrations synthesized: 0
[2026-05-01T21:56:17Z] [SECTION] ============================================================
[2026-05-01T21:56:17Z] [INFO] 🚀 PHASE: ADVANCED OVERNIGHT LOOP
[2026-05-01T21:56:17Z] [INFO] 🔬 Advanced loop completed cycles: 0
[2026-05-01T21:56:17Z] [WARNING] ⚠️  Git commit skipped or failed (git not initialized?): Command '['git', '-C', '/home/avalonas/.hermes/gematria/unified_overnight_research', 'add', '.']' returned non-zero exit status 128.
[2026-05-01T21:56:17Z] [INFO] 
📊 CYCLE #14 SUMMARY
[2026-05-01T21:56:17Z] [INFO] ✅ Successful tasks: 7/7
[2026-05-01T21:56:17Z] [INFO] ⏱️  Cycle duration: 6.61s
[2026-05-01T21:56:17Z] [INFO]    ⚠️ task: result
[2026-05-01T21:56:17Z] [INFO]    ⚠️ task: result
[2026-05-01T21:56:17Z] [INFO]    ⚠️ task: result
[2026-05-01T21:56:17Z] [INFO]    ⚠️ task: result
[2026-05-01T21:56:17Z] [INFO]    ⚠️ task: result
[2026-05-01T21:56:17Z] [INFO]    ⚠️ task: result
[2026-05-01T21:56:17Z] [INFO]    ⚠️ task: result
[2026-05-01T21:56:17Z] [HEADER] ================================================================================
[2026-05-01T21:56:17Z] [INFO] 🔄 OVERNIGHT RESEARCH PIPELINE - CYCLE #15
[2026-05-01T21:56:17Z] [INFO] ================================================================================
[2026-05-01T21:56:17Z] [HEADER] ============================================================
[2026-05-01T21:56:17Z] [INFO] 🌙 STARTING OVERNIGHT RESEARCH CYCLE #15
[2026-05-01T21:56:17Z] [INFO] 🔍 Running overnight research protocol (web scraping + cross-symbol analysis)...
[2026-05-01T21:56:17Z] [INFO] 📊 Cycle duration: 0.57s, Files generated: 0
[2026-05-01T21:56:17Z] [WARNING] ⚠️ Database not initialized for cycle counting
[2026-05-01T21:56:17Z] [INFO] 💾 Database updated with cycle results
[2026-05-01T21:56:17Z] [SECTION] ============================================================
[2026-05-01T21:56:17Z] [INFO] 🔮 PHASE: HIDDEN LAYERING DETECTION
[2026-05-01T21:56:17Z] [INFO] 🔗 Hidden layering detection complete. Connections identified: 2
[2026-05-01T21:56:17Z] [SECTION] ============================================================
[2026-05-01T21:56:17Z] [INFO] 🔬 PHASE: DOMAIN CORRELATION ANALYSIS
[2026-05-01T21:56:17Z] [INFO] 📊 Domain correlation matrices created: 1
[2026-05-01T21:56:17Z] [SECTION] ============================================================
[2026-05-01T21:56:17Z] [INFO] 🖼️  PHASE: IMAGE-SEED ANALYSIS
[2026-05-01T21:56:17Z] [INFO] 📂 Image seed analysis bootstrapping from 0 images...
[2026-05-01T21:56:17Z] [SECTION] ============================================================
[2026-05-01T21:56:17Z] [INFO] 📤 PHASE: PUSH COMPONENTS TO TOLARIA
[2026-05-01T21:56:18Z] [INFO] 📦 Components pushed to Tolaria: 5
[2026-05-01T21:56:18Z] [SECTION] ============================================================
[2026-05-01T21:56:18Z] [INFO] 🧩 PHASE: COMPOSER - DOMAIN INTEGRATION SYNTHESIS
[2026-05-01T21:56:18Z] [INFO] 🎨 Domain integrations synthesized: 0
[2026-05-01T21:56:18Z] [SECTION] ============================================================
[2026-05-01T21:56:18Z] [INFO] 🚀 PHASE: ADVANCED OVERNIGHT LOOP
[2026-05-01T21:56:19Z] [INFO] 🔬 Advanced loop completed cycles: 0
[2026-05-01T21:56:19Z] [WARNING] ⚠️  Git commit skipped or failed (git not initialized?): Command '['git', '-C', '/home/avalonas/.hermes/gematria/unified_overnight_research', 'add', '.']' returned non-zero exit status 128.
[2026-05-01T21:56:19Z] [INFO] 
📊 CYCLE #15 SUMMARY
[2026-05-01T21:56:19Z] [INFO] ✅ Successful tasks: 7/7
[2026-05-01T21:56:19Z] [INFO] ⏱️  Cycle duration: 1.95s
[2026-05-01T21:56:19Z] [INFO]    ⚠️ task: result
[2026-05-01T21:56:19Z] [INFO]    ⚠️ task: result
[2026-05-01T21:56:19Z] [INFO]    ⚠️ task: result
[2026-05-01T21:56:19Z] [INFO]    ⚠️ task: result
[2026-05-01T21:56:19Z] [INFO]    ⚠️ task: result
[2026-05-01T21:56:19Z] [INFO]    ⚠️ task: result
[2026-05-01T21:56:19Z] [INFO]    ⚠️ task: result
[2026-05-01T21:56:19Z] [HEADER] ================================================================================
[2026-05-01T21:56:19Z] [INFO] 🔄 OVERNIGHT RESEARCH PIPELINE - CYCLE #16
[2026-05-01T21:56:19Z] [INFO] ================================================================================
[2026-05-01T21:56:19Z] [HEADER] ============================================================
[2026-05-01T21:56:19Z] [INFO] 🌙 STARTING OVERNIGHT RESEARCH CYCLE #16
[2026-05-01T21:56:19Z] [INFO] 🔍 Running overnight research protocol (web scraping + cross-symbol analysis)...
[2026-05-01T21:56:19Z] [INFO] 📊 Cycle duration: 0.60s, Files generated: 0
[2026-05-01T21:56:19Z] [WARNING] ⚠️ Database not initialized for cycle counting
[2026-05-01T21:56:19Z] [INFO] 💾 Database updated with cycle results
[2026-05-01T21:56:19Z] [SECTION] ============================================================
[2026-05-01T21:56:19Z] [INFO] 🔮 PHASE: HIDDEN LAYERING DETECTION
[2026-05-01T21:56:19Z] [INFO] 🔗 Hidden layering detection complete. Connections identified: 2
[2026-05-01T21:56:19Z] [SECTION] ============================================================
[2026-05-01T21:56:19Z] [INFO] 🔬 PHASE: DOMAIN CORRELATION ANALYSIS
[2026-05-01T21:56:19Z] [INFO] 📊 Domain correlation matrices created: 1
[2026-05-01T21:56:19Z] [SECTION] ============================================================
[2026-05-01T21:56:19Z] [INFO] 🖼️  PHASE: IMAGE-SEED ANALYSIS
[2026-05-01T21:56:19Z] [INFO] 📂 Image seed analysis bootstrapping from 0 images...
[2026-05-01T21:56:19Z] [SECTION] ============================================================
[2026-05-01T21:56:19Z] [INFO] 📤 PHASE: PUSH COMPONENTS TO TOLARIA
[2026-05-01T21:56:20Z] [INFO] 📦 Components pushed to Tolaria: 5
[2026-05-01T21:56:20Z] [SECTION] ============================================================
[2026-05-01T21:56:20Z] [INFO] 🧩 PHASE: COMPOSER - DOMAIN INTEGRATION SYNTHESIS
[2026-05-01T21:56:20Z] [INFO] 🎨 Domain integrations synthesized: 0
[2026-05-01T21:56:20Z] [SECTION] ============================================================
[2026-05-01T21:56:20Z] [INFO] 🚀 PHASE: ADVANCED OVERNIGHT LOOP
[2026-05-01T21:56:20Z] [INFO] 🔬 Advanced loop completed cycles: 0
[2026-05-01T21:56:20Z] [WARNING] ⚠️  Git commit skipped or failed (git not initialized?): Command '['git', '-C', '/home/avalonas/.hermes/gematria/unified_overnight_research', 'add', '.']' returned non-zero exit status 128.
[2026-05-01T21:56:20Z] [INFO] 
📊 CYCLE #16 SUMMARY
[2026-05-01T21:56:20Z] [INFO] ✅ Successful tasks: 7/7
[2026-05-01T21:56:20Z] [INFO] ⏱️  Cycle duration: 1.75s
[2026-05-01T21:56:20Z] [INFO]    ⚠️ task: result
[2026-05-01T21:56:20Z] [INFO]    ⚠️ task: result
[2026-05-01T21:56:20Z] [INFO]    ⚠️ task: result
[2026-05-01T21:56:20Z] [INFO]    ⚠️ task: result
[2026-05-01T21:56:20Z] [INFO]    ⚠️ task: result
[2026-05-01T21:56:20Z] [INFO]    ⚠️ task: result
[2026-05-01T21:56:20Z] [INFO]    ⚠️ task: result
[2026-05-01T21:56:20Z] [HEADER] ================================================================================
[2026-05-01T21:56:20Z] [INFO] 🔄 OVERNIGHT RESEARCH PIPELINE - CYCLE #17
[2026-05-01T21:56:20Z] [INFO] ================================================================================
[2026-05-01T21:56:20Z] [HEADER] ============================================================
[2026-05-01T21:56:20Z] [INFO] 🌙 STARTING OVERNIGHT RESEARCH CYCLE #17
[2026-05-01T21:56:20Z] [INFO] 🔍 Running overnight research protocol (web scraping + cross-symbol analysis)...
[2026-05-01T21:56:21Z] [INFO] 📊 Cycle duration: 0.59s, Files generated: 0
[2026-05-01T21:56:21Z] [WARNING] ⚠️ Database not initialized for cycle counting
[2026-05-01T21:56:21Z] [INFO] 💾 Database updated with cycle results
[2026-05-01T21:56:21Z] [SECTION] ============================================================
[2026-05-01T21:56:21Z] [INFO] 🔮 PHASE: HIDDEN LAYERING DETECTION
[2026-05-01T21:56:21Z] [INFO] 🔗 Hidden layering detection complete. Connections identified: 2
[2026-05-01T21:56:21Z] [SECTION] ============================================================
[2026-05-01T21:56:21Z] [INFO] 🔬 PHASE: DOMAIN CORRELATION ANALYSIS
[2026-05-01T21:56:21Z] [INFO] 📊 Domain correlation matrices created: 1
[2026-05-01T21:56:21Z] [SECTION] ============================================================
[2026-05-01T21:56:21Z] [INFO] 🖼️  PHASE: IMAGE-SEED ANALYSIS
[2026-05-01T21:56:21Z] [INFO] 📂 Image seed analysis bootstrapping from 0 images...
[2026-05-01T21:56:21Z] [SECTION] ============================================================
[2026-05-01T21:56:21Z] [INFO] 📤 PHASE: PUSH COMPONENTS TO TOLARIA
[2026-05-01T21:56:22Z] [INFO] 📦 Components pushed to Tolaria: 5
[2026-05-01T21:56:22Z] [SECTION] ============================================================
[2026-05-01T21:56:22Z] [INFO] 🧩 PHASE: COMPOSER - DOMAIN INTEGRATION SYNTHESIS
[2026-05-01T21:56:22Z] [INFO] 🎨 Domain integrations synthesized: 0
[2026-05-01T21:56:22Z] [SECTION] ============================================================
[2026-05-01T21:56:22Z] [INFO] 🚀 PHASE: ADVANCED OVERNIGHT LOOP
[2026-05-01T21:56:22Z] [INFO] 🔬 Advanced loop completed cycles: 0
[2026-05-01T21:56:22Z] [WARNING] ⚠️  Git commit skipped or failed (git not initialized?): Command '['git', '-C', '/home/avalonas/.hermes/gematria/unified_overnight_research', 'add', '.']' returned non-zero exit status 128.
[2026-05-01T21:56:22Z] [INFO] 
📊 CYCLE #17 SUMMARY
[2026-05-01T21:56:22Z] [INFO] ✅ Successful tasks: 7/7
[2026-05-01T21:56:22Z] [INFO] ⏱️  Cycle duration: 1.74s
[2026-05-01T21:56:22Z] [INFO]    ⚠️ task: result
[2026-05-01T21:56:22Z] [INFO]    ⚠️ task: result
[2026-05-01T21:56:22Z] [INFO]    ⚠️ task: result
[2026-05-01T21:56:22Z] [INFO]    ⚠️ task: result
[2026-05-01T21:56:22Z] [INFO]    ⚠️ task: result
[2026-05-01T21:56:22Z] [INFO]    ⚠️ task: result
[2026-05-01T21:56:22Z] [INFO]    ⚠️ task: result
[2026-05-01T21:56:22Z] [HEADER] ================================================================================
[2026-05-01T21:56:22Z] [INFO] 🔄 OVERNIGHT RESEARCH PIPELINE - CYCLE #18
[2026-05-01T21:56:22Z] [INFO] ================================================================================
[2026-05-01T21:56:22Z] [HEADER] ============================================================
[2026-05-01T21:56:22Z] [INFO] 🌙 STARTING OVERNIGHT RESEARCH CYCLE #18
[2026-05-01T21:56:22Z] [INFO] 🔍 Running overnight research protocol (web scraping + cross-symbol analysis)...
[2026-05-01T21:56:23Z] [INFO] 📊 Cycle duration: 0.59s, Files generated: 0
[2026-05-01T21:56:23Z] [WARNING] ⚠️ Database not initialized for cycle counting
[2026-05-01T21:56:23Z] [INFO] 💾 Database updated with cycle results
[2026-05-01T21:56:23Z] [SECTION] ============================================================
[2026-05-01T21:56:23Z] [INFO] 🔮 PHASE: HIDDEN LAYERING DETECTION
[2026-05-01T21:56:23Z] [INFO] 🔗 Hidden layering detection complete. Connections identified: 2
[2026-05-01T21:56:23Z] [SECTION] ============================================================
[2026-05-01T21:56:23Z] [INFO] 🔬 PHASE: DOMAIN CORRELATION ANALYSIS
[2026-05-01T21:56:23Z] [INFO] 📊 Domain correlation matrices created: 1
[2026-05-01T21:56:23Z] [SECTION] ============================================================
[2026-05-01T21:56:23Z] [INFO] 🖼️  PHASE: IMAGE-SEED ANALYSIS
[2026-05-01T21:56:23Z] [INFO] 📂 Image seed analysis bootstrapping from 0 images...
[2026-05-01T21:56:23Z] [SECTION] ============================================================
[2026-05-01T21:56:23Z] [INFO] 📤 PHASE: PUSH COMPONENTS TO TOLARIA
[2026-05-01T21:56:24Z] [INFO] 📦 Components pushed to Tolaria: 5
[2026-05-01T21:56:24Z] [SECTION] ============================================================
[2026-05-01T21:56:24Z] [INFO] 🧩 PHASE: COMPOSER - DOMAIN INTEGRATION SYNTHESIS
[2026-05-01T21:56:24Z] [INFO] 🎨 Domain integrations synthesized: 0
[2026-05-01T21:56:24Z] [SECTION] ============================================================
[2026-05-01T21:56:24Z] [INFO] 🚀 PHASE: ADVANCED OVERNIGHT LOOP
[2026-05-01T21:56:24Z] [INFO] 🔬 Advanced loop completed cycles: 0
[2026-05-01T21:56:24Z] [WARNING] ⚠️  Git commit skipped or failed (git not initialized?): Command '['git', '-C', '/home/avalonas/.hermes/gematria/unified_overnight_research', 'add', '.']' returned non-zero exit status 128.
[2026-05-01T21:56:24Z] [INFO] 
📊 CYCLE #18 SUMMARY
[2026-05-01T21:56:24Z] [INFO] ✅ Successful tasks: 7/7
[2026-05-01T21:56:24Z] [INFO] ⏱️  Cycle duration: 1.73s
[2026-05-01T21:56:24Z] [INFO]    ⚠️ task: result
[2026-05-01T21:56:24Z] [INFO]    ⚠️ task: result
[2026-05-01T21:56:24Z] [INFO]    ⚠️ task: result
[2026-05-01T21:56:24Z] [INFO]    ⚠️ task: result
[2026-05-01T21:56:24Z] [INFO]    ⚠️ task: result
[2026-05-01T21:56:24Z] [INFO]    ⚠️ task: result
[2026-05-01T21:56:24Z] [INFO]    ⚠️ task: result
[2026-05-01T21:56:24Z] [HEADER] ================================================================================
[2026-05-01T21:56:24Z] [INFO] 🔄 OVERNIGHT RESEARCH PIPELINE - CYCLE #19
[2026-05-01T21:56:24Z] [INFO] ================================================================================
[2026-05-01T21:56:24Z] [HEADER] ============================================================
[2026-05-01T21:56:24Z] [INFO] 🌙 STARTING OVERNIGHT RESEARCH CYCLE #19
[2026-05-01T21:56:24Z] [INFO] 🔍 Running overnight research protocol (web scraping + cross-symbol analysis)...
[2026-05-01T21:56:24Z] [INFO] 📊 Cycle duration: 0.59s, Files generated: 0
[2026-05-01T21:56:24Z] [WARNING] ⚠️ Database not initialized for cycle counting
[2026-05-01T21:56:24Z] [INFO] 💾 Database updated with cycle results
[2026-05-01T21:56:24Z] [SECTION] ============================================================
[2026-05-01T21:56:24Z] [INFO] 🔮 PHASE: HIDDEN LAYERING DETECTION
[2026-05-01T21:56:25Z] [INFO] 🔗 Hidden layering detection complete. Connections identified: 2
[2026-05-01T21:56:25Z] [SECTION] ============================================================
[2026-05-01T21:56:25Z] [INFO] 🔬 PHASE: DOMAIN CORRELATION ANALYSIS
[2026-05-01T21:56:25Z] [INFO] 📊 Domain correlation matrices created: 1
[2026-05-01T21:56:25Z] [SECTION] ============================================================
[2026-05-01T21:56:25Z] [INFO] 🖼️  PHASE: IMAGE-SEED ANALYSIS
[2026-05-01T21:56:25Z] [INFO] 📂 Image seed analysis bootstrapping from 0 images...
[2026-05-01T21:56:25Z] [SECTION] ============================================================
[2026-05-01T21:56:25Z] [INFO] 📤 PHASE: PUSH COMPONENTS TO TOLARIA
[2026-05-01T21:56:25Z] [INFO] 📦 Components pushed to Tolaria: 5
[2026-05-01T21:56:25Z] [SECTION] ============================================================
[2026-05-01T21:56:25Z] [INFO] 🧩 PHASE: COMPOSER - DOMAIN INTEGRATION SYNTHESIS
[2026-05-01T21:56:25Z] [INFO] 🎨 Domain integrations synthesized: 0
[2026-05-01T21:56:25Z] [SECTION] ============================================================
[2026-05-01T21:56:25Z] [INFO] 🚀 PHASE: ADVANCED OVERNIGHT LOOP
[2026-05-01T21:56:26Z] [INFO] 🔬 Advanced loop completed cycles: 0
[2026-05-01T21:56:26Z] [WARNING] ⚠️  Git commit skipped or failed (git not initialized?): Command '['git', '-C', '/home/avalonas/.hermes/gematria/unified_overnight_research', 'add', '.']' returned non-zero exit status 128.
[2026-05-01T21:56:26Z] [INFO] 
📊 CYCLE #19 SUMMARY
[2026-05-01T21:56:26Z] [INFO] ✅ Successful tasks: 7/7
[2026-05-01T21:56:26Z] [INFO] ⏱️  Cycle duration: 1.81s
[2026-05-01T21:56:26Z] [INFO]    ⚠️ task: result
[2026-05-01T21:56:26Z] [INFO]    ⚠️ task: result
[2026-05-01T21:56:26Z] [INFO]    ⚠️ task: result
[2026-05-01T21:56:26Z] [INFO]    ⚠️ task: result
[2026-05-01T21:56:26Z] [INFO]    ⚠️ task: result
[2026-05-01T21:56:26Z] [INFO]    ⚠️ task: result
[2026-05-01T21:56:26Z] [INFO]    ⚠️ task: result
[2026-05-01T21:56:26Z] [HEADER] ================================================================================
[2026-05-01T21:56:26Z] [INFO] 🔄 OVERNIGHT RESEARCH PIPELINE - CYCLE #20
[2026-05-01T21:56:26Z] [INFO] ================================================================================
[2026-05-01T21:56:26Z] [HEADER] ============================================================
[2026-05-01T21:56:26Z] [INFO] 🌙 STARTING OVERNIGHT RESEARCH CYCLE #20
[2026-05-01T21:56:26Z] [INFO] 🔍 Running overnight research protocol (web scraping + cross-symbol analysis)...
[2026-05-01T21:56:26Z] [INFO] 📊 Cycle duration: 0.59s, Files generated: 0
[2026-05-01T21:56:26Z] [WARNING] ⚠️ Database not initialized for cycle counting
[2026-05-01T21:56:26Z] [INFO] 💾 Database updated with cycle results
[2026-05-01T21:56:26Z] [SECTION] ============================================================
[2026-05-01T21:56:26Z] [INFO] 🔮 PHASE: HIDDEN LAYERING DETECTION
[2026-05-01T21:56:26Z] [INFO] 🔗 Hidden layering detection complete. Connections identified: 2
[2026-05-01T21:56:26Z] [SECTION] ============================================================
[2026-05-01T21:56:26Z] [INFO] 🔬 PHASE: DOMAIN CORRELATION ANALYSIS
[2026-05-01T21:56:26Z] [INFO] 📊 Domain correlation matrices created: 1
[2026-05-01T21:56:26Z] [SECTION] ============================================================
[2026-05-01T21:56:26Z] [INFO] 🖼️  PHASE: IMAGE-SEED ANALYSIS
[2026-05-01T21:56:26Z] [INFO] 📂 Image seed analysis bootstrapping from 0 images...
[2026-05-01T21:56:26Z] [SECTION] ============================================================
[2026-05-01T21:56:26Z] [INFO] 📤 PHASE: PUSH COMPONENTS TO TOLARIA
[2026-05-01T21:56:27Z] [INFO] 📦 Components pushed to Tolaria: 5
[2026-05-01T21:56:27Z] [SECTION] ============================================================
[2026-05-01T21:56:27Z] [INFO] 🧩 PHASE: COMPOSER - DOMAIN INTEGRATION SYNTHESIS
[2026-05-01T21:56:27Z] [INFO] 🎨 Domain integrations synthesized: 0
[2026-05-01T21:56:27Z] [SECTION] ============================================================
[2026-05-01T21:56:27Z] [INFO] 🚀 PHASE: ADVANCED OVERNIGHT LOOP
[2026-05-01T21:56:27Z] [INFO] 🔬 Advanced loop completed cycles: 0
[2026-05-01T21:56:27Z] [WARNING] ⚠️  Git commit skipped or failed (git not initialized?): Command '['git', '-C', '/home/avalonas/.hermes/gematria/unified_overnight_research', 'add', '.']' returned non-zero exit status 128.
[2026-05-01T21:56:27Z] [INFO] 
📊 CYCLE #20 SUMMARY
[2026-05-01T21:56:27Z] [INFO] ✅ Successful tasks: 7/7
[2026-05-01T21:56:27Z] [INFO] ⏱️  Cycle duration: 1.68s
[2026-05-01T21:56:27Z] [INFO]    ⚠️ task: result
[2026-05-01T21:56:27Z] [INFO]    ⚠️ task: result
[2026-05-01T21:56:27Z] [INFO]    ⚠️ task: result
[2026-05-01T21:56:27Z] [INFO]    ⚠️ task: result
[2026-05-01T21:56:27Z] [INFO]    ⚠️ task: result
[2026-05-01T21:56:27Z] [INFO]    ⚠️ task: result
[2026-05-01T21:56:27Z] [INFO]    ⚠️ task: result
[2026-05-01T21:56:27Z] [HEADER] ================================================================================
[2026-05-01T21:56:27Z] [INFO] 🔄 OVERNIGHT RESEARCH PIPELINE - CYCLE #21
[2026-05-01T21:56:27Z] [INFO] ================================================================================
[2026-05-01T21:56:27Z] [HEADER] ============================================================
[2026-05-01T21:56:27Z] [INFO] 🌙 STARTING OVERNIGHT RESEARCH CYCLE #21
[2026-05-01T21:56:27Z] [INFO] 🔍 Running overnight research protocol (web scraping + cross-symbol analysis)...
[2026-05-01T21:56:28Z] [INFO] 📊 Cycle duration: 0.59s, Files generated: 0
[2026-05-01T21:56:28Z] [WARNING] ⚠️ Database not initialized for cycle counting
[2026-05-01T21:56:28Z] [INFO] 💾 Database updated with cycle results
[2026-05-01T21:56:28Z] [SECTION] ============================================================
[2026-05-01T21:56:28Z] [INFO] 🔮 PHASE: HIDDEN LAYERING DETECTION
[2026-05-01T21:56:28Z] [INFO] 🔗 Hidden layering detection complete. Connections identified: 2
[2026-05-01T21:56:28Z] [SECTION] ============================================================
[2026-05-01T21:56:28Z] [INFO] 🔬 PHASE: DOMAIN CORRELATION ANALYSIS
[2026-05-01T21:56:28Z] [INFO] 📊 Domain correlation matrices created: 1
[2026-05-01T21:56:28Z] [SECTION] ============================================================
[2026-05-01T21:56:28Z] [INFO] 🖼️  PHASE: IMAGE-SEED ANALYSIS
[2026-05-01T21:56:28Z] [INFO] 📂 Image seed analysis bootstrapping from 0 images...
[2026-05-01T21:56:28Z] [SECTION] ============================================================
[2026-05-01T21:56:28Z] [INFO] 📤 PHASE: PUSH COMPONENTS TO TOLARIA
[2026-05-01T21:56:29Z] [INFO] 📦 Components pushed to Tolaria: 5
[2026-05-01T21:56:29Z] [SECTION] ============================================================
[2026-05-01T21:56:29Z] [INFO] 🧩 PHASE: COMPOSER - DOMAIN INTEGRATION SYNTHESIS
[2026-05-01T21:56:29Z] [INFO] 🎨 Domain integrations synthesized: 0
[2026-05-01T21:56:29Z] [SECTION] ============================================================
[2026-05-01T21:56:29Z] [INFO] 🚀 PHASE: ADVANCED OVERNIGHT LOOP
[2026-05-01T21:56:29Z] [INFO] 🔬 Advanced loop completed cycles: 0
[2026-05-01T21:56:29Z] [WARNING] ⚠️  Git commit skipped or failed (git not initialized?): Command '['git', '-C', '/home/avalonas/.hermes/gematria/unified_overnight_research', 'add', '.']' returned non-zero exit status 128.
[2026-05-01T21:56:29Z] [INFO] 
📊 CYCLE #21 SUMMARY
[2026-05-01T21:56:29Z] [INFO] ✅ Successful tasks: 7/7
[2026-05-01T21:56:29Z] [INFO] ⏱️  Cycle duration: 1.73s
[2026-05-01T21:56:29Z] [INFO]    ⚠️ task: result
[2026-05-01T21:56:29Z] [INFO]    ⚠️ task: result
[2026-05-01T21:56:29Z] [INFO]    ⚠️ task: result
[2026-05-01T21:56:29Z] [INFO]    ⚠️ task: result
[2026-05-01T21:56:29Z] [INFO]    ⚠️ task: result
[2026-05-01T21:56:29Z] [INFO]    ⚠️ task: result
[2026-05-01T21:56:29Z] [INFO]    ⚠️ task: result
[2026-05-01T21:56:29Z] [HEADER] ================================================================================
[2026-05-01T21:56:29Z] [INFO] 🔄 OVERNIGHT RESEARCH PIPELINE - CYCLE #22
[2026-05-01T21:56:29Z] [INFO] ================================================================================
[2026-05-01T21:56:29Z] [HEADER] ============================================================
[2026-05-01T21:56:29Z] [INFO] 🌙 STARTING OVERNIGHT RESEARCH CYCLE #22
[2026-05-01T21:56:29Z] [INFO] 🔍 Running overnight research protocol (web scraping + cross-symbol analysis)...
[2026-05-01T21:56:30Z] [INFO] 📊 Cycle duration: 0.59s, Files generated: 0
[2026-05-01T21:56:30Z] [WARNING] ⚠️ Database not initialized for cycle counting
[2026-05-01T21:56:30Z] [INFO] 💾 Database updated with cycle results
[2026-05-01T21:56:30Z] [SECTION] ============================================================
[2026-05-01T21:56:30Z] [INFO] 🔮 PHASE: HIDDEN LAYERING DETECTION
[2026-05-01T21:56:30Z] [INFO] 🔗 Hidden layering detection complete. Connections identified: 2
[2026-05-01T21:56:30Z] [SECTION] ============================================================
[2026-05-01T21:56:30Z] [INFO] 🔬 PHASE: DOMAIN CORRELATION ANALYSIS
[2026-05-01T21:56:30Z] [INFO] 📊 Domain correlation matrices created: 1
[2026-05-01T21:56:30Z] [SECTION] ============================================================
[2026-05-01T21:56:30Z] [INFO] 🖼️  PHASE: IMAGE-SEED ANALYSIS
[2026-05-01T21:56:30Z] [INFO] 📂 Image seed analysis bootstrapping from 0 images...
[2026-05-01T21:56:30Z] [SECTION] ============================================================
[2026-05-01T21:56:30Z] [INFO] 📤 PHASE: PUSH COMPONENTS TO TOLARIA
[2026-05-01T21:56:31Z] [INFO] 📦 Components pushed to Tolaria: 5
[2026-05-01T21:56:31Z] [SECTION] ============================================================
[2026-05-01T21:56:31Z] [INFO] 🧩 PHASE: COMPOSER - DOMAIN INTEGRATION SYNTHESIS
[2026-05-01T21:56:31Z] [INFO] 🎨 Domain integrations synthesized: 0
[2026-05-01T21:56:31Z] [SECTION] ============================================================
[2026-05-01T21:56:31Z] [INFO] 🚀 PHASE: ADVANCED OVERNIGHT LOOP
[2026-05-01T21:56:31Z] [INFO] 🔬 Advanced loop completed cycles: 0
[2026-05-01T21:56:31Z] [WARNING] ⚠️  Git commit skipped or failed (git not initialized?): Command '['git', '-C', '/home/avalonas/.hermes/gematria/unified_overnight_research', 'add', '.']' returned non-zero exit status 128.
[2026-05-01T21:56:31Z] [INFO] 
📊 CYCLE #22 SUMMARY
[2026-05-01T21:56:31Z] [INFO] ✅ Successful tasks: 7/7
[2026-05-01T21:56:31Z] [INFO] ⏱️  Cycle duration: 1.74s
[2026-05-01T21:56:31Z] [INFO]    ⚠️ task: result
[2026-05-01T21:56:31Z] [INFO]    ⚠️ task: result
[2026-05-01T21:56:31Z] [INFO]    ⚠️ task: result
[2026-05-01T21:56:31Z] [INFO]    ⚠️ task: result
[2026-05-01T21:56:31Z] [INFO]    ⚠️ task: result
[2026-05-01T21:56:31Z] [INFO]    ⚠️ task: result
[2026-05-01T21:56:31Z] [INFO]    ⚠️ task: result
[2026-05-01T21:56:31Z] [HEADER] ================================================================================
[2026-05-01T21:56:31Z] [INFO] 🔄 OVERNIGHT RESEARCH PIPELINE - CYCLE #23
[2026-05-01T21:56:31Z] [INFO] ================================================================================
[2026-05-01T21:56:31Z] [HEADER] ============================================================
[2026-05-01T21:56:31Z] [INFO] 🌙 STARTING OVERNIGHT RESEARCH CYCLE #23
[2026-05-01T21:56:31Z] [INFO] 🔍 Running overnight research protocol (web scraping + cross-symbol analysis)...
[2026-05-01T21:56:31Z] [INFO] 📊 Cycle duration: 0.59s, Files generated: 0
[2026-05-01T21:56:31Z] [WARNING] ⚠️ Database not initialized for cycle counting
[2026-05-01T21:56:31Z] [INFO] 💾 Database updated with cycle results
[2026-05-01T21:56:31Z] [SECTION] ============================================================
[2026-05-01T21:56:31Z] [INFO] 🔮 PHASE: HIDDEN LAYERING DETECTION
[2026-05-01T21:56:31Z] [INFO] 🔗 Hidden layering detection complete. Connections identified: 2
[2026-05-01T21:56:31Z] [SECTION] ============================================================
[2026-05-01T21:56:31Z] [INFO] 🔬 PHASE: DOMAIN CORRELATION ANALYSIS
[2026-05-01T21:56:32Z] [INFO] 📊 Domain correlation matrices created: 1
[2026-05-01T21:56:32Z] [SECTION] ============================================================
[2026-05-01T21:56:32Z] [INFO] 🖼️  PHASE: IMAGE-SEED ANALYSIS
[2026-05-01T21:56:32Z] [INFO] 📂 Image seed analysis bootstrapping from 0 images...
[2026-05-01T21:56:32Z] [SECTION] ============================================================
[2026-05-01T21:56:32Z] [INFO] 📤 PHASE: PUSH COMPONENTS TO TOLARIA
[2026-05-01T21:56:32Z] [INFO] 📦 Components pushed to Tolaria: 5
[2026-05-01T21:56:32Z] [SECTION] ============================================================
[2026-05-01T21:56:32Z] [INFO] 🧩 PHASE: COMPOSER - DOMAIN INTEGRATION SYNTHESIS
[2026-05-01T21:56:32Z] [INFO] 🎨 Domain integrations synthesized: 0
[2026-05-01T21:56:32Z] [SECTION] ============================================================
[2026-05-01T21:56:32Z] [INFO] 🚀 PHASE: ADVANCED OVERNIGHT LOOP
[2026-05-01T21:56:32Z] [INFO] 🔬 Advanced loop completed cycles: 0
[2026-05-01T21:56:32Z] [WARNING] ⚠️  Git commit skipped or failed (git not initialized?): Command '['git', '-C', '/home/avalonas/.hermes/gematria/unified_overnight_research', 'add', '.']' returned non-zero exit status 128.
[2026-05-01T21:56:32Z] [INFO] 
📊 CYCLE #23 SUMMARY
[2026-05-01T21:56:32Z] [INFO] ✅ Successful tasks: 7/7
[2026-05-01T21:56:32Z] [INFO] ⏱️  Cycle duration: 1.58s
[2026-05-01T21:56:32Z] [INFO]    ⚠️ task: result
[2026-05-01T21:56:32Z] [INFO]    ⚠️ task: result
[2026-05-01T21:56:32Z] [INFO]    ⚠️ task: result
[2026-05-01T21:56:32Z] [INFO]    ⚠️ task: result
[2026-05-01T21:56:32Z] [INFO]    ⚠️ task: result
[2026-05-01T21:56:32Z] [INFO]    ⚠️ task: result
[2026-05-01T21:56:32Z] [INFO]    ⚠️ task: result
[2026-05-01T21:56:32Z] [HEADER] ================================================================================
[2026-05-01T21:56:32Z] [INFO] 🔄 OVERNIGHT RESEARCH PIPELINE - CYCLE #24
[2026-05-01T21:56:32Z] [INFO] ================================================================================
[2026-05-01T21:56:32Z] [HEADER] ============================================================
[2026-05-01T21:56:32Z] [INFO] 🌙 STARTING OVERNIGHT RESEARCH CYCLE #24
[2026-05-01T21:56:32Z] [INFO] 🔍 Running overnight research protocol (web scraping + cross-symbol analysis)...
[2026-05-01T21:56:33Z] [INFO] 📊 Cycle duration: 0.57s, Files generated: 0
[2026-05-01T21:56:33Z] [WARNING] ⚠️ Database not initialized for cycle counting
[2026-05-01T21:56:33Z] [INFO] 💾 Database updated with cycle results
[2026-05-01T21:56:33Z] [SECTION] ============================================================
[2026-05-01T21:56:33Z] [INFO] 🔮 PHASE: HIDDEN LAYERING DETECTION
[2026-05-01T21:56:33Z] [INFO] 🔗 Hidden layering detection complete. Connections identified: 2
[2026-05-01T21:56:33Z] [SECTION] ============================================================
[2026-05-01T21:56:33Z] [INFO] 🔬 PHASE: DOMAIN CORRELATION ANALYSIS
[2026-05-01T21:56:33Z] [INFO] 📊 Domain correlation matrices created: 1
[2026-05-01T21:56:33Z] [SECTION] ============================================================
[2026-05-01T21:56:33Z] [INFO] 🖼️  PHASE: IMAGE-SEED ANALYSIS
[2026-05-01T21:56:33Z] [INFO] 📂 Image seed analysis bootstrapping from 0 images...
[2026-05-01T21:56:33Z] [SECTION] ============================================================
[2026-05-01T21:56:33Z] [INFO] 📤 PHASE: PUSH COMPONENTS TO TOLARIA
[2026-05-01T21:56:34Z] [INFO] 📦 Components pushed to Tolaria: 5
[2026-05-01T21:56:34Z] [SECTION] ============================================================
[2026-05-01T21:56:34Z] [INFO] 🧩 PHASE: COMPOSER - DOMAIN INTEGRATION SYNTHESIS
[2026-05-01T21:56:34Z] [INFO] 🎨 Domain integrations synthesized: 0
[2026-05-01T21:56:34Z] [SECTION] ============================================================
[2026-05-01T21:56:34Z] [INFO] 🚀 PHASE: ADVANCED OVERNIGHT LOOP
[2026-05-01T21:56:34Z] [INFO] 🔬 Advanced loop completed cycles: 0
[2026-05-01T21:56:34Z] [WARNING] ⚠️  Git commit skipped or failed (git not initialized?): Command '['git', '-C', '/home/avalonas/.hermes/gematria/unified_overnight_research', 'add', '.']' returned non-zero exit status 128.
[2026-05-01T21:56:34Z] [INFO] 
📊 CYCLE #24 SUMMARY
[2026-05-01T21:56:34Z] [INFO] ✅ Successful tasks: 7/7
[2026-05-01T21:56:34Z] [INFO] ⏱️  Cycle duration: 1.84s
[2026-05-01T21:56:34Z] [INFO]    ⚠️ task: result
[2026-05-01T21:56:34Z] [INFO]    ⚠️ task: result
[2026-05-01T21:56:34Z] [INFO]    ⚠️ task: result
[2026-05-01T21:56:34Z] [INFO]    ⚠️ task: result
[2026-05-01T21:56:34Z] [INFO]    ⚠️ task: result
[2026-05-01T21:56:34Z] [INFO]    ⚠️ task: result
[2026-05-01T21:56:34Z] [INFO]    ⚠️ task: result
[2026-05-01T21:56:34Z] [HEADER] ================================================================================
[2026-05-01T21:56:34Z] [INFO] 🔄 OVERNIGHT RESEARCH PIPELINE - CYCLE #25
[2026-05-01T21:56:34Z] [INFO] ================================================================================
[2026-05-01T21:56:34Z] [HEADER] ============================================================
[2026-05-01T21:56:34Z] [INFO] 🌙 STARTING OVERNIGHT RESEARCH CYCLE #25
[2026-05-01T21:56:34Z] [INFO] 🔍 Running overnight research protocol (web scraping + cross-symbol analysis)...
[2026-05-01T21:56:35Z] [INFO] 📊 Cycle duration: 0.59s, Files generated: 0
[2026-05-01T21:56:35Z] [WARNING] ⚠️ Database not initialized for cycle counting
[2026-05-01T21:56:35Z] [INFO] 💾 Database updated with cycle results
[2026-05-01T21:56:35Z] [SECTION] ============================================================
[2026-05-01T21:56:35Z] [INFO] 🔮 PHASE: HIDDEN LAYERING DETECTION
[2026-05-01T21:56:35Z] [INFO] 🔗 Hidden layering detection complete. Connections identified: 2
[2026-05-01T21:56:35Z] [SECTION] ============================================================
[2026-05-01T21:56:35Z] [INFO] 🔬 PHASE: DOMAIN CORRELATION ANALYSIS
[2026-05-01T21:56:35Z] [INFO] 📊 Domain correlation matrices created: 1
[2026-05-01T21:56:35Z] [SECTION] ============================================================
[2026-05-01T21:56:35Z] [INFO] 🖼️  PHASE: IMAGE-SEED ANALYSIS
[2026-05-01T21:56:35Z] [INFO] 📂 Image seed analysis bootstrapping from 0 images...
[2026-05-01T21:56:35Z] [SECTION] ============================================================
[2026-05-01T21:56:35Z] [INFO] 📤 PHASE: PUSH COMPONENTS TO TOLARIA
[2026-05-01T21:56:36Z] [INFO] 📦 Components pushed to Tolaria: 5
[2026-05-01T21:56:36Z] [SECTION] ============================================================
[2026-05-01T21:56:36Z] [INFO] 🧩 PHASE: COMPOSER - DOMAIN INTEGRATION SYNTHESIS
[2026-05-01T21:56:36Z] [INFO] 🎨 Domain integrations synthesized: 0
[2026-05-01T21:56:36Z] [SECTION] ============================================================
[2026-05-01T21:56:36Z] [INFO] 🚀 PHASE: ADVANCED OVERNIGHT LOOP
[2026-05-01T21:56:36Z] [INFO] 🔬 Advanced loop completed cycles: 0
[2026-05-01T21:56:36Z] [WARNING] ⚠️  Git commit skipped or failed (git not initialized?): Command '['git', '-C', '/home/avalonas/.hermes/gematria/unified_overnight_research', 'add', '.']' returned non-zero exit status 128.
[2026-05-01T21:56:36Z] [INFO] 
📊 CYCLE #25 SUMMARY
[2026-05-01T21:56:36Z] [INFO] ✅ Successful tasks: 7/7
[2026-05-01T21:56:36Z] [INFO] ⏱️  Cycle duration: 1.78s
[2026-05-01T21:56:36Z] [INFO]    ⚠️ task: result
[2026-05-01T21:56:36Z] [INFO]    ⚠️ task: result
[2026-05-01T21:56:36Z] [INFO]    ⚠️ task: result
[2026-05-01T21:56:36Z] [INFO]    ⚠️ task: result
[2026-05-01T21:56:36Z] [INFO]    ⚠️ task: result
[2026-05-01T21:56:36Z] [INFO]    ⚠️ task: result
[2026-05-01T21:56:36Z] [INFO]    ⚠️ task: result
[2026-05-01T21:56:36Z] [HEADER] ================================================================================
[2026-05-01T21:56:36Z] [INFO] 🔄 OVERNIGHT RESEARCH PIPELINE - CYCLE #26
[2026-05-01T21:56:36Z] [INFO] ================================================================================
[2026-05-01T21:56:36Z] [HEADER] ============================================================
[2026-05-01T21:56:36Z] [INFO] 🌙 STARTING OVERNIGHT RESEARCH CYCLE #26
[2026-05-01T21:56:36Z] [INFO] 🔍 Running overnight research protocol (web scraping + cross-symbol analysis)...
[2026-05-01T21:56:37Z] [INFO] 📊 Cycle duration: 0.59s, Files generated: 0
[2026-05-01T21:56:37Z] [WARNING] ⚠️ Database not initialized for cycle counting
[2026-05-01T21:56:37Z] [INFO] 💾 Database updated with cycle results
[2026-05-01T21:56:37Z] [SECTION] ============================================================
[2026-05-01T21:56:37Z] [INFO] 🔮 PHASE: HIDDEN LAYERING DETECTION
[2026-05-01T21:56:37Z] [INFO] 🔗 Hidden layering detection complete. Connections identified: 2
[2026-05-01T21:56:37Z] [SECTION] ============================================================
[2026-05-01T21:56:37Z] [INFO] 🔬 PHASE: DOMAIN CORRELATION ANALYSIS
[2026-05-01T21:56:37Z] [INFO] 📊 Domain correlation matrices created: 1
[2026-05-01T21:56:37Z] [SECTION] ============================================================
[2026-05-01T21:56:37Z] [INFO] 🖼️  PHASE: IMAGE-SEED ANALYSIS
[2026-05-01T21:56:37Z] [INFO] 📂 Image seed analysis bootstrapping from 0 images...
[2026-05-01T21:56:37Z] [SECTION] ============================================================
[2026-05-01T21:56:37Z] [INFO] 📤 PHASE: PUSH COMPONENTS TO TOLARIA
[2026-05-01T21:56:37Z] [INFO] 📦 Components pushed to Tolaria: 5
[2026-05-01T21:56:37Z] [SECTION] ============================================================
[2026-05-01T21:56:37Z] [INFO] 🧩 PHASE: COMPOSER - DOMAIN INTEGRATION SYNTHESIS
[2026-05-01T21:56:38Z] [INFO] 🎨 Domain integrations synthesized: 0
[2026-05-01T21:56:38Z] [SECTION] ============================================================
[2026-05-01T21:56:38Z] [INFO] 🚀 PHASE: ADVANCED OVERNIGHT LOOP
[2026-05-01T21:56:38Z] [INFO] 🔬 Advanced loop completed cycles: 0
[2026-05-01T21:56:38Z] [WARNING] ⚠️  Git commit skipped or failed (git not initialized?): Command '['git', '-C', '/home/avalonas/.hermes/gematria/unified_overnight_research', 'add', '.']' returned non-zero exit status 128.
[2026-05-01T21:56:38Z] [INFO] 
📊 CYCLE #26 SUMMARY
[2026-05-01T21:56:38Z] [INFO] ✅ Successful tasks: 7/7
[2026-05-01T21:56:38Z] [INFO] ⏱️  Cycle duration: 1.68s
[2026-05-01T21:56:38Z] [INFO]    ⚠️ task: result
[2026-05-01T21:56:38Z] [INFO]    ⚠️ task: result
[2026-05-01T21:56:38Z] [INFO]    ⚠️ task: result
[2026-05-01T21:56:38Z] [INFO]    ⚠️ task: result
[2026-05-01T21:56:38Z] [INFO]    ⚠️ task: result
[2026-05-01T21:56:38Z] [INFO]    ⚠️ task: result
[2026-05-01T21:56:38Z] [INFO]    ⚠️ task: result
[2026-05-01T21:56:38Z] [HEADER] ================================================================================
[2026-05-01T21:56:38Z] [INFO] 🔄 OVERNIGHT RESEARCH PIPELINE - CYCLE #27
[2026-05-01T21:56:38Z] [INFO] ================================================================================
[2026-05-01T21:56:38Z] [HEADER] ============================================================
[2026-05-01T21:56:38Z] [INFO] 🌙 STARTING OVERNIGHT RESEARCH CYCLE #27
[2026-05-01T21:56:38Z] [INFO] 🔍 Running overnight research protocol (web scraping + cross-symbol analysis)...
[2026-05-01T21:56:38Z] [INFO] 📊 Cycle duration: 0.59s, Files generated: 0
[2026-05-01T21:56:38Z] [WARNING] ⚠️ Database not initialized for cycle counting
[2026-05-01T21:56:38Z] [INFO] 💾 Database updated with cycle results
[2026-05-01T21:56:38Z] [SECTION] ============================================================
[2026-05-01T21:56:38Z] [INFO] 🔮 PHASE: HIDDEN LAYERING DETECTION
[2026-05-01T21:56:38Z] [INFO] 🔗 Hidden layering detection complete. Connections identified: 2
[2026-05-01T21:56:38Z] [SECTION] ============================================================
[2026-05-01T21:56:38Z] [INFO] 🔬 PHASE: DOMAIN CORRELATION ANALYSIS
[2026-05-01T21:56:38Z] [INFO] 📊 Domain correlation matrices created: 1
[2026-05-01T21:56:38Z] [SECTION] ============================================================
[2026-05-01T21:56:38Z] [INFO] 🖼️  PHASE: IMAGE-SEED ANALYSIS
[2026-05-01T21:56:38Z] [INFO] 📂 Image seed analysis bootstrapping from 0 images...
[2026-05-01T21:56:38Z] [SECTION] ============================================================
[2026-05-01T21:56:38Z] [INFO] 📤 PHASE: PUSH COMPONENTS TO TOLARIA
[2026-05-01T21:56:39Z] [INFO] 📦 Components pushed to Tolaria: 5
[2026-05-01T21:56:39Z] [SECTION] ============================================================
[2026-05-01T21:56:39Z] [INFO] 🧩 PHASE: COMPOSER - DOMAIN INTEGRATION SYNTHESIS
[2026-05-01T21:56:39Z] [INFO] 🎨 Domain integrations synthesized: 0
[2026-05-01T21:56:39Z] [SECTION] ============================================================
[2026-05-01T21:56:39Z] [INFO] 🚀 PHASE: ADVANCED OVERNIGHT LOOP
[2026-05-01T21:56:39Z] [INFO] 🔬 Advanced loop completed cycles: 0
[2026-05-01T21:56:40Z] [WARNING] ⚠️  Git commit skipped or failed (git not initialized?): Command '['git', '-C', '/home/avalonas/.hermes/gematria/unified_overnight_research', 'add', '.']' returned non-zero exit status 128.
[2026-05-01T21:56:40Z] [INFO] 
📊 CYCLE #27 SUMMARY
[2026-05-01T21:56:40Z] [INFO] ✅ Successful tasks: 7/7
[2026-05-01T21:56:40Z] [INFO] ⏱️  Cycle duration: 1.77s
[2026-05-01T21:56:40Z] [INFO]    ⚠️ task: result
[2026-05-01T21:56:40Z] [INFO]    ⚠️ task: result
[2026-05-01T21:56:40Z] [INFO]    ⚠️ task: result
[2026-05-01T21:56:40Z] [INFO]    ⚠️ task: result
[2026-05-01T21:56:40Z] [INFO]    ⚠️ task: result
[2026-05-01T21:56:40Z] [INFO]    ⚠️ task: result
[2026-05-01T21:56:40Z] [INFO]    ⚠️ task: result
[2026-05-01T21:56:40Z] [HEADER] ================================================================================
[2026-05-01T21:56:40Z] [INFO] 🔄 OVERNIGHT RESEARCH PIPELINE - CYCLE #28
[2026-05-01T21:56:40Z] [INFO] ================================================================================
[2026-05-01T21:56:40Z] [HEADER] ============================================================
[2026-05-01T21:56:40Z] [INFO] 🌙 STARTING OVERNIGHT RESEARCH CYCLE #28
[2026-05-01T21:56:40Z] [INFO] 🔍 Running overnight research protocol (web scraping + cross-symbol analysis)...
[2026-05-01T21:56:40Z] [INFO] 📊 Cycle duration: 0.59s, Files generated: 0
[2026-05-01T21:56:40Z] [WARNING] ⚠️ Database not initialized for cycle counting
[2026-05-01T21:56:40Z] [INFO] 💾 Database updated with cycle results
[2026-05-01T21:56:40Z] [SECTION] ============================================================
[2026-05-01T21:56:40Z] [INFO] 🔮 PHASE: HIDDEN LAYERING DETECTION
[2026-05-01T21:56:40Z] [INFO] 🔗 Hidden layering detection complete. Connections identified: 2
[2026-05-01T21:56:40Z] [SECTION] ============================================================
[2026-05-01T21:56:40Z] [INFO] 🔬 PHASE: DOMAIN CORRELATION ANALYSIS
[2026-05-01T21:56:40Z] [INFO] 📊 Domain correlation matrices created: 1
[2026-05-01T21:56:40Z] [SECTION] ============================================================
[2026-05-01T21:56:40Z] [INFO] 🖼️  PHASE: IMAGE-SEED ANALYSIS
[2026-05-01T21:56:40Z] [INFO] 📂 Image seed analysis bootstrapping from 0 images...
[2026-05-01T21:56:40Z] [SECTION] ============================================================
[2026-05-01T21:56:40Z] [INFO] 📤 PHASE: PUSH COMPONENTS TO TOLARIA
[2026-05-01T21:56:41Z] [INFO] 📦 Components pushed to Tolaria: 5
[2026-05-01T21:56:41Z] [SECTION] ============================================================
[2026-05-01T21:56:41Z] [INFO] 🧩 PHASE: COMPOSER - DOMAIN INTEGRATION SYNTHESIS
[2026-05-01T21:56:41Z] [INFO] 🎨 Domain integrations synthesized: 0
[2026-05-01T21:56:41Z] [SECTION] ============================================================
[2026-05-01T21:56:41Z] [INFO] 🚀 PHASE: ADVANCED OVERNIGHT LOOP
[2026-05-01T21:56:41Z] [INFO] 🔬 Advanced loop completed cycles: 0
[2026-05-01T21:56:41Z] [WARNING] ⚠️  Git commit skipped or failed (git not initialized?): Command '['git', '-C', '/home/avalonas/.hermes/gematria/unified_overnight_research', 'add', '.']' returned non-zero exit status 128.
[2026-05-01T21:56:41Z] [INFO] 
📊 CYCLE #28 SUMMARY
[2026-05-01T21:56:41Z] [INFO] ✅ Successful tasks: 7/7
[2026-05-01T21:56:41Z] [INFO] ⏱️  Cycle duration: 1.74s
[2026-05-01T21:56:41Z] [INFO]    ⚠️ task: result
[2026-05-01T21:56:41Z] [INFO]    ⚠️ task: result
[2026-05-01T21:56:41Z] [INFO]    ⚠️ task: result
[2026-05-01T21:56:41Z] [INFO]    ⚠️ task: result
[2026-05-01T21:56:41Z] [INFO]    ⚠️ task: result
[2026-05-01T21:56:41Z] [INFO]    ⚠️ task: result
[2026-05-01T21:56:41Z] [INFO]    ⚠️ task: result
[2026-05-01T21:56:41Z] [HEADER] ================================================================================
[2026-05-01T21:56:41Z] [INFO] 🔄 OVERNIGHT RESEARCH PIPELINE - CYCLE #29
[2026-05-01T21:56:41Z] [INFO] ================================================================================
[2026-05-01T21:56:41Z] [HEADER] ============================================================
[2026-05-01T21:56:41Z] [INFO] 🌙 STARTING OVERNIGHT RESEARCH CYCLE #29
[2026-05-01T21:56:41Z] [INFO] 🔍 Running overnight research protocol (web scraping + cross-symbol analysis)...
[2026-05-01T21:56:42Z] [INFO] 📊 Cycle duration: 0.59s, Files generated: 0
[2026-05-01T21:56:42Z] [WARNING] ⚠️ Database not initialized for cycle counting
[2026-05-01T21:56:42Z] [INFO] 💾 Database updated with cycle results
[2026-05-01T21:56:42Z] [SECTION] ============================================================
[2026-05-01T21:56:42Z] [INFO] 🔮 PHASE: HIDDEN LAYERING DETECTION
[2026-05-01T21:56:42Z] [INFO] 🔗 Hidden layering detection complete. Connections identified: 2
[2026-05-01T21:56:42Z] [SECTION] ============================================================
[2026-05-01T21:56:42Z] [INFO] 🔬 PHASE: DOMAIN CORRELATION ANALYSIS
[2026-05-01T21:56:42Z] [INFO] 📊 Domain correlation matrices created: 1
[2026-05-01T21:56:42Z] [SECTION] ============================================================
[2026-05-01T21:56:42Z] [INFO] 🖼️  PHASE: IMAGE-SEED ANALYSIS
[2026-05-01T21:56:42Z] [INFO] 📂 Image seed analysis bootstrapping from 0 images...
[2026-05-01T21:56:42Z] [SECTION] ============================================================
[2026-05-01T21:56:42Z] [INFO] 📤 PHASE: PUSH COMPONENTS TO TOLARIA
[2026-05-01T21:56:43Z] [INFO] 📦 Components pushed to Tolaria: 5
[2026-05-01T21:56:43Z] [SECTION] ============================================================
[2026-05-01T21:56:43Z] [INFO] 🧩 PHASE: COMPOSER - DOMAIN INTEGRATION SYNTHESIS
[2026-05-01T21:56:43Z] [INFO] 🎨 Domain integrations synthesized: 0
[2026-05-01T21:56:43Z] [SECTION] ============================================================
[2026-05-01T21:56:43Z] [INFO] 🚀 PHASE: ADVANCED OVERNIGHT LOOP
[2026-05-01T21:56:43Z] [INFO] 🔬 Advanced loop completed cycles: 0
[2026-05-01T21:56:43Z] [WARNING] ⚠️  Git commit skipped or failed (git not initialized?): Command '['git', '-C', '/home/avalonas/.hermes/gematria/unified_overnight_research', 'add', '.']' returned non-zero exit status 128.
[2026-05-01T21:56:43Z] [INFO] 
📊 CYCLE #29 SUMMARY
[2026-05-01T21:56:43Z] [INFO] ✅ Successful tasks: 7/7
[2026-05-01T21:56:43Z] [INFO] ⏱️  Cycle duration: 1.61s
[2026-05-01T21:56:43Z] [INFO]    ⚠️ task: result
[2026-05-01T21:56:43Z] [INFO]    ⚠️ task: result
[2026-05-01T21:56:43Z] [INFO]    ⚠️ task: result
[2026-05-01T21:56:43Z] [INFO]    ⚠️ task: result
[2026-05-01T21:56:43Z] [INFO]    ⚠️ task: result
[2026-05-01T21:56:43Z] [INFO]    ⚠️ task: result
[2026-05-01T21:56:43Z] [INFO]    ⚠️ task: result
[2026-05-01T21:56:43Z] [HEADER] ================================================================================
[2026-05-01T21:56:43Z] [INFO] 🔄 OVERNIGHT RESEARCH PIPELINE - CYCLE #30
[2026-05-01T21:56:43Z] [INFO] ================================================================================
[2026-05-01T21:56:43Z] [HEADER] ============================================================
[2026-05-01T21:56:43Z] [INFO] 🌙 STARTING OVERNIGHT RESEARCH CYCLE #30
[2026-05-01T21:56:43Z] [INFO] 🔍 Running overnight research protocol (web scraping + cross-symbol analysis)...
[2026-05-01T21:56:43Z] [INFO] 📊 Cycle duration: 0.58s, Files generated: 0
[2026-05-01T21:56:43Z] [WARNING] ⚠️ Database not initialized for cycle counting
[2026-05-01T21:56:43Z] [INFO] 💾 Database updated with cycle results
[2026-05-01T21:56:43Z] [SECTION] ============================================================
[2026-05-01T21:56:43Z] [INFO] 🔮 PHASE: HIDDEN LAYERING DETECTION
[2026-05-01T21:56:43Z] [INFO] 🔗 Hidden layering detection complete. Connections identified: 2
[2026-05-01T21:56:43Z] [SECTION] ============================================================
[2026-05-01T21:56:43Z] [INFO] 🔬 PHASE: DOMAIN CORRELATION ANALYSIS
[2026-05-01T21:56:44Z] [INFO] 📊 Domain correlation matrices created: 1
[2026-05-01T21:56:44Z] [SECTION] ============================================================
[2026-05-01T21:56:44Z] [INFO] 🖼️  PHASE: IMAGE-SEED ANALYSIS
[2026-05-01T21:56:44Z] [INFO] 📂 Image seed analysis bootstrapping from 0 images...
[2026-05-01T21:56:44Z] [SECTION] ============================================================
[2026-05-01T21:56:44Z] [INFO] 📤 PHASE: PUSH COMPONENTS TO TOLARIA
[2026-05-01T21:56:44Z] [INFO] 📦 Components pushed to Tolaria: 5
[2026-05-01T21:56:44Z] [SECTION] ============================================================
[2026-05-01T21:56:44Z] [INFO] 🧩 PHASE: COMPOSER - DOMAIN INTEGRATION SYNTHESIS
[2026-05-01T21:56:44Z] [INFO] 🎨 Domain integrations synthesized: 0
[2026-05-01T21:56:44Z] [SECTION] ============================================================
[2026-05-01T21:56:44Z] [INFO] 🚀 PHASE: ADVANCED OVERNIGHT LOOP
[2026-05-01T21:56:45Z] [INFO] 🔬 Advanced loop completed cycles: 0
[2026-05-01T21:56:45Z] [WARNING] ⚠️  Git commit skipped or failed (git not initialized?): Command '['git', '-C', '/home/avalonas/.hermes/gematria/unified_overnight_research', 'add', '.']' returned non-zero exit status 128.
[2026-05-01T21:56:45Z] [INFO] 
📊 CYCLE #30 SUMMARY
[2026-05-01T21:56:45Z] [INFO] ✅ Successful tasks: 7/7
[2026-05-01T21:56:45Z] [INFO] ⏱️  Cycle duration: 1.72s
[2026-05-01T21:56:45Z] [INFO]    ⚠️ task: result
[2026-05-01T21:56:45Z] [INFO]    ⚠️ task: result
[2026-05-01T21:56:45Z] [INFO]    ⚠️ task: result
[2026-05-01T21:56:45Z] [INFO]    ⚠️ task: result
[2026-05-01T21:56:45Z] [INFO]    ⚠️ task: result
[2026-05-01T21:56:45Z] [INFO]    ⚠️ task: result
[2026-05-01T21:56:45Z] [INFO]    ⚠️ task: result
[2026-05-01T21:56:45Z] [HEADER] ================================================================================
[2026-05-01T21:56:45Z] [INFO] 🔄 OVERNIGHT RESEARCH PIPELINE - CYCLE #31
[2026-05-01T21:56:45Z] [INFO] ================================================================================
[2026-05-01T21:56:45Z] [HEADER] ============================================================
[2026-05-01T21:56:45Z] [INFO] 🌙 STARTING OVERNIGHT RESEARCH CYCLE #31
[2026-05-01T21:56:45Z] [INFO] 🔍 Running overnight research protocol (web scraping + cross-symbol analysis)...
[2026-05-01T21:56:45Z] [INFO] 📊 Cycle duration: 0.57s, Files generated: 0
[2026-05-01T21:56:45Z] [WARNING] ⚠️ Database not initialized for cycle counting
[2026-05-01T21:56:45Z] [INFO] 💾 Database updated with cycle results
[2026-05-01T21:56:45Z] [SECTION] ============================================================
[2026-05-01T21:56:45Z] [INFO] 🔮 PHASE: HIDDEN LAYERING DETECTION
[2026-05-01T21:56:45Z] [INFO] 🔗 Hidden layering detection complete. Connections identified: 2
[2026-05-01T21:56:45Z] [SECTION] ============================================================
[2026-05-01T21:56:45Z] [INFO] 🔬 PHASE: DOMAIN CORRELATION ANALYSIS
[2026-05-01T21:56:45Z] [INFO] 📊 Domain correlation matrices created: 1
[2026-05-01T21:56:45Z] [SECTION] ============================================================
[2026-05-01T21:56:45Z] [INFO] 🖼️  PHASE: IMAGE-SEED ANALYSIS
[2026-05-01T21:56:45Z] [INFO] 📂 Image seed analysis bootstrapping from 0 images...
[2026-05-01T21:56:45Z] [SECTION] ============================================================
[2026-05-01T21:56:45Z] [INFO] 📤 PHASE: PUSH COMPONENTS TO TOLARIA
[2026-05-01T21:56:46Z] [INFO] 📦 Components pushed to Tolaria: 5
[2026-05-01T21:56:46Z] [SECTION] ============================================================
[2026-05-01T21:56:46Z] [INFO] 🧩 PHASE: COMPOSER - DOMAIN INTEGRATION SYNTHESIS
[2026-05-01T21:56:46Z] [INFO] 🎨 Domain integrations synthesized: 0
[2026-05-01T21:56:46Z] [SECTION] ============================================================
[2026-05-01T21:56:46Z] [INFO] 🚀 PHASE: ADVANCED OVERNIGHT LOOP
[2026-05-01T21:56:46Z] [INFO] 🔬 Advanced loop completed cycles: 0
[2026-05-01T21:56:46Z] [WARNING] ⚠️  Git commit skipped or failed (git not initialized?): Command '['git', '-C', '/home/avalonas/.hermes/gematria/unified_overnight_research', 'add', '.']' returned non-zero exit status 128.
[2026-05-01T21:56:46Z] [INFO] 
📊 CYCLE #31 SUMMARY
[2026-05-01T21:56:46Z] [INFO] ✅ Successful tasks: 7/7
[2026-05-01T21:56:46Z] [INFO] ⏱️  Cycle duration: 1.65s
[2026-05-01T21:56:46Z] [INFO]    ⚠️ task: result
[2026-05-01T21:56:46Z] [INFO]    ⚠️ task: result
[2026-05-01T21:56:46Z] [INFO]    ⚠️ task: result
[2026-05-01T21:56:46Z] [INFO]    ⚠️ task: result
[2026-05-01T21:56:46Z] [INFO]    ⚠️ task: result
[2026-05-01T21:56:46Z] [INFO]    ⚠️ task: result
[2026-05-01T21:56:46Z] [INFO]    ⚠️ task: result
[2026-05-01T21:56:46Z] [HEADER] ================================================================================
[2026-05-01T21:56:46Z] [INFO] 🔄 OVERNIGHT RESEARCH PIPELINE - CYCLE #32
[2026-05-01T21:56:46Z] [INFO] ================================================================================
[2026-05-01T21:56:46Z] [HEADER] ============================================================
[2026-05-01T21:56:46Z] [INFO] 🌙 STARTING OVERNIGHT RESEARCH CYCLE #32
[2026-05-01T21:56:46Z] [INFO] 🔍 Running overnight research protocol (web scraping + cross-symbol analysis)...
[2026-05-01T21:56:47Z] [INFO] 📊 Cycle duration: 0.57s, Files generated: 0
[2026-05-01T21:56:47Z] [WARNING] ⚠️ Database not initialized for cycle counting
[2026-05-01T21:56:47Z] [INFO] 💾 Database updated with cycle results
[2026-05-01T21:56:47Z] [SECTION] ============================================================
[2026-05-01T21:56:47Z] [INFO] 🔮 PHASE: HIDDEN LAYERING DETECTION
[2026-05-01T21:56:47Z] [INFO] 🔗 Hidden layering detection complete. Connections identified: 2
[2026-05-01T21:56:47Z] [SECTION] ============================================================
[2026-05-01T21:56:47Z] [INFO] 🔬 PHASE: DOMAIN CORRELATION ANALYSIS
[2026-05-01T21:56:47Z] [INFO] 📊 Domain correlation matrices created: 1
[2026-05-01T21:56:47Z] [SECTION] ============================================================
[2026-05-01T21:56:47Z] [INFO] 🖼️  PHASE: IMAGE-SEED ANALYSIS
[2026-05-01T21:56:47Z] [INFO] 📂 Image seed analysis bootstrapping from 0 images...
[2026-05-01T21:56:47Z] [SECTION] ============================================================
[2026-05-01T21:56:47Z] [INFO] 📤 PHASE: PUSH COMPONENTS TO TOLARIA
[2026-05-01T21:56:48Z] [INFO] 📦 Components pushed to Tolaria: 5
[2026-05-01T21:56:48Z] [SECTION] ============================================================
[2026-05-01T21:56:48Z] [INFO] 🧩 PHASE: COMPOSER - DOMAIN INTEGRATION SYNTHESIS
[2026-05-01T21:56:48Z] [INFO] 🎨 Domain integrations synthesized: 0
[2026-05-01T21:56:48Z] [SECTION] ============================================================
[2026-05-01T21:56:48Z] [INFO] 🚀 PHASE: ADVANCED OVERNIGHT LOOP
[2026-05-01T21:56:48Z] [INFO] 🔬 Advanced loop completed cycles: 0
[2026-05-01T21:56:48Z] [WARNING] ⚠️  Git commit skipped or failed (git not initialized?): Command '['git', '-C', '/home/avalonas/.hermes/gematria/unified_overnight_research', 'add', '.']' returned non-zero exit status 128.
[2026-05-01T21:56:48Z] [INFO] 
📊 CYCLE #32 SUMMARY
[2026-05-01T21:56:48Z] [INFO] ✅ Successful tasks: 7/7
[2026-05-01T21:56:48Z] [INFO] ⏱️  Cycle duration: 1.74s
[2026-05-01T21:56:48Z] [INFO]    ⚠️ task: result
[2026-05-01T21:56:48Z] [INFO]    ⚠️ task: result
[2026-05-01T21:56:48Z] [INFO]    ⚠️ task: result
[2026-05-01T21:56:48Z] [INFO]    ⚠️ task: result
[2026-05-01T21:56:48Z] [INFO]    ⚠️ task: result
[2026-05-01T21:56:48Z] [INFO]    ⚠️ task: result
[2026-05-01T21:56:48Z] [INFO]    ⚠️ task: result
[2026-05-01T21:56:48Z] [HEADER] ================================================================================
[2026-05-01T21:56:48Z] [INFO] 🔄 OVERNIGHT RESEARCH PIPELINE - CYCLE #33
[2026-05-01T21:56:48Z] [INFO] ================================================================================
[2026-05-01T21:56:48Z] [HEADER] ============================================================
[2026-05-01T21:56:48Z] [INFO] 🌙 STARTING OVERNIGHT RESEARCH CYCLE #33
[2026-05-01T21:56:48Z] [INFO] 🔍 Running overnight research protocol (web scraping + cross-symbol analysis)...
[2026-05-01T21:56:49Z] [INFO] 📊 Cycle duration: 0.57s, Files generated: 0
[2026-05-01T21:56:49Z] [WARNING] ⚠️ Database not initialized for cycle counting
[2026-05-01T21:56:49Z] [INFO] 💾 Database updated with cycle results
[2026-05-01T21:56:49Z] [SECTION] ============================================================
[2026-05-01T21:56:49Z] [INFO] 🔮 PHASE: HIDDEN LAYERING DETECTION
[2026-05-01T21:56:49Z] [INFO] 🔗 Hidden layering detection complete. Connections identified: 2
[2026-05-01T21:56:49Z] [SECTION] ============================================================
[2026-05-01T21:56:49Z] [INFO] 🔬 PHASE: DOMAIN CORRELATION ANALYSIS
[2026-05-01T21:56:49Z] [INFO] 📊 Domain correlation matrices created: 1
[2026-05-01T21:56:49Z] [SECTION] ============================================================
[2026-05-01T21:56:49Z] [INFO] 🖼️  PHASE: IMAGE-SEED ANALYSIS
[2026-05-01T21:56:49Z] [INFO] 📂 Image seed analysis bootstrapping from 0 images...
[2026-05-01T21:56:49Z] [SECTION] ============================================================
[2026-05-01T21:56:49Z] [INFO] 📤 PHASE: PUSH COMPONENTS TO TOLARIA
[2026-05-01T21:56:49Z] [INFO] 📦 Components pushed to Tolaria: 5
[2026-05-01T21:56:49Z] [SECTION] ============================================================
[2026-05-01T21:56:49Z] [INFO] 🧩 PHASE: COMPOSER - DOMAIN INTEGRATION SYNTHESIS
[2026-05-01T21:56:50Z] [INFO] 🎨 Domain integrations synthesized: 0
[2026-05-01T21:56:50Z] [SECTION] ============================================================
[2026-05-01T21:56:50Z] [INFO] 🚀 PHASE: ADVANCED OVERNIGHT LOOP
[2026-05-01T21:56:50Z] [INFO] 🔬 Advanced loop completed cycles: 0
[2026-05-01T21:56:50Z] [WARNING] ⚠️  Git commit skipped or failed (git not initialized?): Command '['git', '-C', '/home/avalonas/.hermes/gematria/unified_overnight_research', 'add', '.']' returned non-zero exit status 128.
[2026-05-01T21:56:50Z] [INFO] 
📊 CYCLE #33 SUMMARY
[2026-05-01T21:56:50Z] [INFO] ✅ Successful tasks: 7/7
[2026-05-01T21:56:50Z] [INFO] ⏱️  Cycle duration: 1.82s
[2026-05-01T21:56:50Z] [INFO]    ⚠️ task: result
[2026-05-01T21:56:50Z] [INFO]    ⚠️ task: result
[2026-05-01T21:56:50Z] [INFO]    ⚠️ task: result
[2026-05-01T21:56:50Z] [INFO]    ⚠️ task: result
[2026-05-01T21:56:50Z] [INFO]    ⚠️ task: result
[2026-05-01T21:56:50Z] [INFO]    ⚠️ task: result
[2026-05-01T21:56:50Z] [INFO]    ⚠️ task: result
[2026-05-01T21:56:50Z] [HEADER] ================================================================================
[2026-05-01T21:56:50Z] [INFO] 🔄 OVERNIGHT RESEARCH PIPELINE - CYCLE #34
[2026-05-01T21:56:50Z] [INFO] ================================================================================
[2026-05-01T21:56:50Z] [HEADER] ============================================================
[2026-05-01T21:56:50Z] [INFO] 🌙 STARTING OVERNIGHT RESEARCH CYCLE #34
[2026-05-01T21:56:50Z] [INFO] 🔍 Running overnight research protocol (web scraping + cross-symbol analysis)...
[2026-05-01T21:56:50Z] [INFO] 📊 Cycle duration: 0.58s, Files generated: 0
[2026-05-01T21:56:50Z] [WARNING] ⚠️ Database not initialized for cycle counting
[2026-05-01T21:56:50Z] [INFO] 💾 Database updated with cycle results
[2026-05-01T21:56:50Z] [SECTION] ============================================================
[2026-05-01T21:56:50Z] [INFO] 🔮 PHASE: HIDDEN LAYERING DETECTION
[2026-05-01T21:56:50Z] [INFO] 🔗 Hidden layering detection complete. Connections identified: 2
[2026-05-01T21:56:50Z] [SECTION] ============================================================
[2026-05-01T21:56:50Z] [INFO] 🔬 PHASE: DOMAIN CORRELATION ANALYSIS
[2026-05-01T21:56:50Z] [INFO] 📊 Domain correlation matrices created: 1
[2026-05-01T21:56:50Z] [SECTION] ============================================================
[2026-05-01T21:56:50Z] [INFO] 🖼️  PHASE: IMAGE-SEED ANALYSIS
[2026-05-01T21:56:50Z] [INFO] 📂 Image seed analysis bootstrapping from 0 images...
[2026-05-01T21:56:50Z] [SECTION] ============================================================
[2026-05-01T21:56:50Z] [INFO] 📤 PHASE: PUSH COMPONENTS TO TOLARIA
[2026-05-01T21:56:51Z] [INFO] 📦 Components pushed to Tolaria: 5
[2026-05-01T21:56:51Z] [SECTION] ============================================================
[2026-05-01T21:56:51Z] [INFO] 🧩 PHASE: COMPOSER - DOMAIN INTEGRATION SYNTHESIS
[2026-05-01T21:56:51Z] [INFO] 🎨 Domain integrations synthesized: 0
[2026-05-01T21:56:51Z] [SECTION] ============================================================
[2026-05-01T21:56:51Z] [INFO] 🚀 PHASE: ADVANCED OVERNIGHT LOOP
[2026-05-01T21:56:51Z] [INFO] 🔬 Advanced loop completed cycles: 0
[2026-05-01T21:56:52Z] [WARNING] ⚠️  Git commit skipped or failed (git not initialized?): Command '['git', '-C', '/home/avalonas/.hermes/gematria/unified_overnight_research', 'add', '.']' returned non-zero exit status 128.
[2026-05-01T21:56:52Z] [INFO] 
📊 CYCLE #34 SUMMARY
[2026-05-01T21:56:52Z] [INFO] ✅ Successful tasks: 7/7
[2026-05-01T21:56:52Z] [INFO] ⏱️  Cycle duration: 1.73s
[2026-05-01T21:56:52Z] [INFO]    ⚠️ task: result
[2026-05-01T21:56:52Z] [INFO]    ⚠️ task: result
[2026-05-01T21:56:52Z] [INFO]    ⚠️ task: result
[2026-05-01T21:56:52Z] [INFO]    ⚠️ task: result
[2026-05-01T21:56:52Z] [INFO]    ⚠️ task: result
[2026-05-01T21:56:52Z] [INFO]    ⚠️ task: result
[2026-05-01T21:56:52Z] [INFO]    ⚠️ task: result
[2026-05-01T21:56:52Z] [HEADER] ================================================================================
[2026-05-01T21:56:52Z] [INFO] 🔄 OVERNIGHT RESEARCH PIPELINE - CYCLE #35
[2026-05-01T21:56:52Z] [INFO] ================================================================================
[2026-05-01T21:56:52Z] [HEADER] ============================================================
[2026-05-01T21:56:52Z] [INFO] 🌙 STARTING OVERNIGHT RESEARCH CYCLE #35
[2026-05-01T21:56:52Z] [INFO] 🔍 Running overnight research protocol (web scraping + cross-symbol analysis)...
[2026-05-01T21:56:52Z] [INFO] 📊 Cycle duration: 0.57s, Files generated: 0
[2026-05-01T21:56:52Z] [WARNING] ⚠️ Database not initialized for cycle counting
[2026-05-01T21:56:52Z] [INFO] 💾 Database updated with cycle results
[2026-05-01T21:56:52Z] [SECTION] ============================================================
[2026-05-01T21:56:52Z] [INFO] 🔮 PHASE: HIDDEN LAYERING DETECTION
[2026-05-01T21:56:52Z] [INFO] 🔗 Hidden layering detection complete. Connections identified: 2
[2026-05-01T21:56:52Z] [SECTION] ============================================================
[2026-05-01T21:56:52Z] [INFO] 🔬 PHASE: DOMAIN CORRELATION ANALYSIS
[2026-05-01T21:56:52Z] [INFO] 📊 Domain correlation matrices created: 1
[2026-05-01T21:56:52Z] [SECTION] ============================================================
[2026-05-01T21:56:52Z] [INFO] 🖼️  PHASE: IMAGE-SEED ANALYSIS
[2026-05-01T21:56:52Z] [INFO] 📂 Image seed analysis bootstrapping from 0 images...
[2026-05-01T21:56:52Z] [SECTION] ============================================================
[2026-05-01T21:56:52Z] [INFO] 📤 PHASE: PUSH COMPONENTS TO TOLARIA
[2026-05-01T21:56:53Z] [INFO] 📦 Components pushed to Tolaria: 5
[2026-05-01T21:56:53Z] [SECTION] ============================================================
[2026-05-01T21:56:53Z] [INFO] 🧩 PHASE: COMPOSER - DOMAIN INTEGRATION SYNTHESIS
[2026-05-01T21:56:53Z] [INFO] 🎨 Domain integrations synthesized: 0
[2026-05-01T21:56:53Z] [SECTION] ============================================================
[2026-05-01T21:56:53Z] [INFO] 🚀 PHASE: ADVANCED OVERNIGHT LOOP
[2026-05-01T21:56:53Z] [INFO] 🔬 Advanced loop completed cycles: 0
[2026-05-01T21:56:53Z] [WARNING] ⚠️  Git commit skipped or failed (git not initialized?): Command '['git', '-C', '/home/avalonas/.hermes/gematria/unified_overnight_research', 'add', '.']' returned non-zero exit status 128.
[2026-05-01T21:56:53Z] [INFO] 
📊 CYCLE #35 SUMMARY
[2026-05-01T21:56:53Z] [INFO] ✅ Successful tasks: 7/7
[2026-05-01T21:56:53Z] [INFO] ⏱️  Cycle duration: 1.79s
[2026-05-01T21:56:53Z] [INFO]    ⚠️ task: result
[2026-05-01T21:56:53Z] [INFO]    ⚠️ task: result
[2026-05-01T21:56:53Z] [INFO]    ⚠️ task: result
[2026-05-01T21:56:53Z] [INFO]    ⚠️ task: result
[2026-05-01T21:56:53Z] [INFO]    ⚠️ task: result
[2026-05-01T21:56:53Z] [INFO]    ⚠️ task: result
[2026-05-01T21:56:53Z] [INFO]    ⚠️ task: result
[2026-05-01T21:56:53Z] [HEADER] ================================================================================
[2026-05-01T21:56:53Z] [INFO] 🔄 OVERNIGHT RESEARCH PIPELINE - CYCLE #36
[2026-05-01T21:56:53Z] [INFO] ================================================================================
[2026-05-01T21:56:53Z] [HEADER] ============================================================
[2026-05-01T21:56:53Z] [INFO] 🌙 STARTING OVERNIGHT RESEARCH CYCLE #36
[2026-05-01T21:56:53Z] [INFO] 🔍 Running overnight research protocol (web scraping + cross-symbol analysis)...
[2026-05-01T21:56:54Z] [INFO] 📊 Cycle duration: 0.57s, Files generated: 0
[2026-05-01T21:56:54Z] [WARNING] ⚠️ Database not initialized for cycle counting
[2026-05-01T21:56:54Z] [INFO] 💾 Database updated with cycle results
[2026-05-01T21:56:54Z] [SECTION] ============================================================
[2026-05-01T21:56:54Z] [INFO] 🔮 PHASE: HIDDEN LAYERING DETECTION
[2026-05-01T21:56:54Z] [INFO] 🔗 Hidden layering detection complete. Connections identified: 2
[2026-05-01T21:56:54Z] [SECTION] ============================================================
[2026-05-01T21:56:54Z] [INFO] 🔬 PHASE: DOMAIN CORRELATION ANALYSIS
[2026-05-01T21:56:54Z] [INFO] 📊 Domain correlation matrices created: 1
[2026-05-01T21:56:54Z] [SECTION] ============================================================
[2026-05-01T21:56:54Z] [INFO] 🖼️  PHASE: IMAGE-SEED ANALYSIS
[2026-05-01T21:56:54Z] [INFO] 📂 Image seed analysis bootstrapping from 0 images...
[2026-05-01T21:56:54Z] [SECTION] ============================================================
[2026-05-01T21:56:54Z] [INFO] 📤 PHASE: PUSH COMPONENTS TO TOLARIA
[2026-05-01T21:56:55Z] [INFO] 📦 Components pushed to Tolaria: 5
[2026-05-01T21:56:55Z] [SECTION] ============================================================
[2026-05-01T21:56:55Z] [INFO] 🧩 PHASE: COMPOSER - DOMAIN INTEGRATION SYNTHESIS
[2026-05-01T21:56:55Z] [INFO] 🎨 Domain integrations synthesized: 0
[2026-05-01T21:56:55Z] [SECTION] ============================================================
[2026-05-01T21:56:55Z] [INFO] 🚀 PHASE: ADVANCED OVERNIGHT LOOP
[2026-05-01T21:56:55Z] [INFO] 🔬 Advanced loop completed cycles: 0
[2026-05-01T21:56:55Z] [WARNING] ⚠️  Git commit skipped or failed (git not initialized?): Command '['git', '-C', '/home/avalonas/.hermes/gematria/unified_overnight_research', 'add', '.']' returned non-zero exit status 128.
[2026-05-01T21:56:55Z] [INFO] 
📊 CYCLE #36 SUMMARY
[2026-05-01T21:56:55Z] [INFO] ✅ Successful tasks: 7/7
[2026-05-01T21:56:55Z] [INFO] ⏱️  Cycle duration: 1.84s
[2026-05-01T21:56:55Z] [INFO]    ⚠️ task: result
[2026-05-01T21:56:55Z] [INFO]    ⚠️ task: result
[2026-05-01T21:56:55Z] [INFO]    ⚠️ task: result
[2026-05-01T21:56:55Z] [INFO]    ⚠️ task: result
[2026-05-01T21:56:55Z] [INFO]    ⚠️ task: result
[2026-05-01T21:56:55Z] [INFO]    ⚠️ task: result
[2026-05-01T21:56:55Z] [INFO]    ⚠️ task: result
[2026-05-01T21:56:55Z] [HEADER] ================================================================================
[2026-05-01T21:56:55Z] [INFO] 🔄 OVERNIGHT RESEARCH PIPELINE - CYCLE #37
[2026-05-01T21:56:55Z] [INFO] ================================================================================
[2026-05-01T21:56:55Z] [HEADER] ============================================================
[2026-05-01T21:56:55Z] [INFO] 🌙 STARTING OVERNIGHT RESEARCH CYCLE #37
[2026-05-01T21:56:55Z] [INFO] 🔍 Running overnight research protocol (web scraping + cross-symbol analysis)...
[2026-05-01T21:56:56Z] [INFO] 📊 Cycle duration: 0.57s, Files generated: 0
[2026-05-01T21:56:56Z] [WARNING] ⚠️ Database not initialized for cycle counting
[2026-05-01T21:56:56Z] [INFO] 💾 Database updated with cycle results
[2026-05-01T21:56:56Z] [SECTION] ============================================================
[2026-05-01T21:56:56Z] [INFO] 🔮 PHASE: HIDDEN LAYERING DETECTION
[2026-05-01T21:56:56Z] [INFO] 🔗 Hidden layering detection complete. Connections identified: 2
[2026-05-01T21:56:56Z] [SECTION] ============================================================
[2026-05-01T21:56:56Z] [INFO] 🔬 PHASE: DOMAIN CORRELATION ANALYSIS
[2026-05-01T21:56:56Z] [INFO] 📊 Domain correlation matrices created: 1
[2026-05-01T21:56:56Z] [SECTION] ============================================================
[2026-05-01T21:56:56Z] [INFO] 🖼️  PHASE: IMAGE-SEED ANALYSIS
[2026-05-01T21:56:56Z] [INFO] 📂 Image seed analysis bootstrapping from 0 images...
[2026-05-01T21:56:56Z] [SECTION] ============================================================
[2026-05-01T21:56:56Z] [INFO] 📤 PHASE: PUSH COMPONENTS TO TOLARIA
[2026-05-01T21:56:57Z] [INFO] 📦 Components pushed to Tolaria: 5
[2026-05-01T21:56:57Z] [SECTION] ============================================================
[2026-05-01T21:56:57Z] [INFO] 🧩 PHASE: COMPOSER - DOMAIN INTEGRATION SYNTHESIS
[2026-05-01T21:56:57Z] [INFO] 🎨 Domain integrations synthesized: 0
[2026-05-01T21:56:57Z] [SECTION] ============================================================
[2026-05-01T21:56:57Z] [INFO] 🚀 PHASE: ADVANCED OVERNIGHT LOOP
[2026-05-01T21:56:57Z] [INFO] 🔬 Advanced loop completed cycles: 0
[2026-05-01T21:56:57Z] [WARNING] ⚠️  Git commit skipped or failed (git not initialized?): Command '['git', '-C', '/home/avalonas/.hermes/gematria/unified_overnight_research', 'add', '.']' returned non-zero exit status 128.
[2026-05-01T21:56:57Z] [INFO] 
📊 CYCLE #37 SUMMARY
[2026-05-01T21:56:57Z] [INFO] ✅ Successful tasks: 7/7
[2026-05-01T21:56:57Z] [INFO] ⏱️  Cycle duration: 1.77s
[2026-05-01T21:56:57Z] [INFO]    ⚠️ task: result
[2026-05-01T21:56:57Z] [INFO]    ⚠️ task: result
[2026-05-01T21:56:57Z] [INFO]    ⚠️ task: result
[2026-05-01T21:56:57Z] [INFO]    ⚠️ task: result
[2026-05-01T21:56:57Z] [INFO]    ⚠️ task: result
[2026-05-01T21:56:57Z] [INFO]    ⚠️ task: result
[2026-05-01T21:56:57Z] [INFO]    ⚠️ task: result
[2026-05-01T21:56:57Z] [HEADER] ================================================================================
[2026-05-01T21:56:57Z] [INFO] 🔄 OVERNIGHT RESEARCH PIPELINE - CYCLE #38
[2026-05-01T21:56:57Z] [INFO] ================================================================================
[2026-05-01T21:56:57Z] [HEADER] ============================================================
[2026-05-01T21:56:57Z] [INFO] 🌙 STARTING OVERNIGHT RESEARCH CYCLE #38
[2026-05-01T21:56:57Z] [INFO] 🔍 Running overnight research protocol (web scraping + cross-symbol analysis)...
[2026-05-01T21:56:58Z] [INFO] 📊 Cycle duration: 0.56s, Files generated: 0
[2026-05-01T21:56:58Z] [WARNING] ⚠️ Database not initialized for cycle counting
[2026-05-01T21:56:58Z] [INFO] 💾 Database updated with cycle results
[2026-05-01T21:56:58Z] [SECTION] ============================================================
[2026-05-01T21:56:58Z] [INFO] 🔮 PHASE: HIDDEN LAYERING DETECTION
[2026-05-01T21:56:58Z] [INFO] 🔗 Hidden layering detection complete. Connections identified: 2
[2026-05-01T21:56:58Z] [SECTION] ============================================================
[2026-05-01T21:56:58Z] [INFO] 🔬 PHASE: DOMAIN CORRELATION ANALYSIS
[2026-05-01T21:56:58Z] [INFO] 📊 Domain correlation matrices created: 1
[2026-05-01T21:56:58Z] [SECTION] ============================================================
[2026-05-01T21:56:58Z] [INFO] 🖼️  PHASE: IMAGE-SEED ANALYSIS
[2026-05-01T21:56:58Z] [INFO] 📂 Image seed analysis bootstrapping from 0 images...
[2026-05-01T21:56:58Z] [SECTION] ============================================================
[2026-05-01T21:56:58Z] [INFO] 📤 PHASE: PUSH COMPONENTS TO TOLARIA
[2026-05-01T21:56:58Z] [INFO] 📦 Components pushed to Tolaria: 5
[2026-05-01T21:56:58Z] [SECTION] ============================================================
[2026-05-01T21:56:58Z] [INFO] 🧩 PHASE: COMPOSER - DOMAIN INTEGRATION SYNTHESIS
[2026-05-01T21:56:58Z] [INFO] 🎨 Domain integrations synthesized: 0
[2026-05-01T21:56:58Z] [SECTION] ============================================================
[2026-05-01T21:56:58Z] [INFO] 🚀 PHASE: ADVANCED OVERNIGHT LOOP
[2026-05-01T21:56:59Z] [INFO] 🔬 Advanced loop completed cycles: 0
[2026-05-01T21:56:59Z] [WARNING] ⚠️  Git commit skipped or failed (git not initialized?): Command '['git', '-C', '/home/avalonas/.hermes/gematria/unified_overnight_research', 'add', '.']' returned non-zero exit status 128.
[2026-05-01T21:56:59Z] [INFO] 
📊 CYCLE #38 SUMMARY
[2026-05-01T21:56:59Z] [INFO] ✅ Successful tasks: 7/7
[2026-05-01T21:56:59Z] [INFO] ⏱️  Cycle duration: 1.71s
[2026-05-01T21:56:59Z] [INFO]    ⚠️ task: result
[2026-05-01T21:56:59Z] [INFO]    ⚠️ task: result
[2026-05-01T21:56:59Z] [INFO]    ⚠️ task: result
[2026-05-01T21:56:59Z] [INFO]    ⚠️ task: result
[2026-05-01T21:56:59Z] [INFO]    ⚠️ task: result
[2026-05-01T21:56:59Z] [INFO]    ⚠️ task: result
[2026-05-01T21:56:59Z] [INFO]    ⚠️ task: result
[2026-05-01T21:56:59Z] [HEADER] ================================================================================
[2026-05-01T21:56:59Z] [INFO] 🔄 OVERNIGHT RESEARCH PIPELINE - CYCLE #39
[2026-05-01T21:56:59Z] [INFO] ================================================================================
[2026-05-01T21:56:59Z] [HEADER] ============================================================
[2026-05-01T21:56:59Z] [INFO] 🌙 STARTING OVERNIGHT RESEARCH CYCLE #39
[2026-05-01T21:56:59Z] [INFO] 🔍 Running overnight research protocol (web scraping + cross-symbol analysis)...
[2026-05-01T21:56:59Z] [INFO] 📊 Cycle duration: 0.57s, Files generated: 0
[2026-05-01T21:56:59Z] [WARNING] ⚠️ Database not initialized for cycle counting
[2026-05-01T21:56:59Z] [INFO] 💾 Database updated with cycle results
[2026-05-01T21:56:59Z] [SECTION] ============================================================
[2026-05-01T21:56:59Z] [INFO] 🔮 PHASE: HIDDEN LAYERING DETECTION
[2026-05-01T21:56:59Z] [INFO] 🔗 Hidden layering detection complete. Connections identified: 2
[2026-05-01T21:56:59Z] [SECTION] ============================================================
[2026-05-01T21:56:59Z] [INFO] 🔬 PHASE: DOMAIN CORRELATION ANALYSIS
[2026-05-01T21:56:59Z] [INFO] 📊 Domain correlation matrices created: 1
[2026-05-01T21:56:59Z] [SECTION] ============================================================
[2026-05-01T21:56:59Z] [INFO] 🖼️  PHASE: IMAGE-SEED ANALYSIS
[2026-05-01T21:56:59Z] [INFO] 📂 Image seed analysis bootstrapping from 0 images...
[2026-05-01T21:56:59Z] [SECTION] ============================================================
[2026-05-01T21:56:59Z] [INFO] 📤 PHASE: PUSH COMPONENTS TO TOLARIA
[2026-05-01T21:57:00Z] [INFO] 📦 Components pushed to Tolaria: 5
[2026-05-01T21:57:00Z] [SECTION] ============================================================
[2026-05-01T21:57:00Z] [INFO] 🧩 PHASE: COMPOSER - DOMAIN INTEGRATION SYNTHESIS
[2026-05-01T21:57:00Z] [INFO] 🎨 Domain integrations synthesized: 0
[2026-05-01T21:57:00Z] [SECTION] ============================================================
[2026-05-01T21:57:00Z] [INFO] 🚀 PHASE: ADVANCED OVERNIGHT LOOP
[2026-05-01T21:57:00Z] [INFO] 🔬 Advanced loop completed cycles: 0
[2026-05-01T21:57:00Z] [WARNING] ⚠️  Git commit skipped or failed (git not initialized?): Command '['git', '-C', '/home/avalonas/.hermes/gematria/unified_overnight_research', 'add', '.']' returned non-zero exit status 128.
[2026-05-01T21:57:00Z] [INFO] 
📊 CYCLE #39 SUMMARY
[2026-05-01T21:57:00Z] [INFO] ✅ Successful tasks: 7/7
[2026-05-01T21:57:00Z] [INFO] ⏱️  Cycle duration: 1.77s
[2026-05-01T21:57:00Z] [INFO]    ⚠️ task: result
[2026-05-01T21:57:00Z] [INFO]    ⚠️ task: result
[2026-05-01T21:57:00Z] [INFO]    ⚠️ task: result
[2026-05-01T21:57:00Z] [INFO]    ⚠️ task: result
[2026-05-01T21:57:00Z] [INFO]    ⚠️ task: result
[2026-05-01T21:57:00Z] [INFO]    ⚠️ task: result
[2026-05-01T21:57:00Z] [INFO]    ⚠️ task: result
[2026-05-01T21:57:00Z] [HEADER] ================================================================================
[2026-05-01T21:57:00Z] [INFO] 🔄 OVERNIGHT RESEARCH PIPELINE - CYCLE #40
[2026-05-01T21:57:00Z] [INFO] ================================================================================
[2026-05-01T21:57:00Z] [HEADER] ============================================================
[2026-05-01T21:57:00Z] [INFO] 🌙 STARTING OVERNIGHT RESEARCH CYCLE #40
[2026-05-01T21:57:00Z] [INFO] 🔍 Running overnight research protocol (web scraping + cross-symbol analysis)...
[2026-05-01T21:57:01Z] [INFO] 📊 Cycle duration: 0.58s, Files generated: 0
[2026-05-01T21:57:01Z] [WARNING] ⚠️ Database not initialized for cycle counting
[2026-05-01T21:57:01Z] [INFO] 💾 Database updated with cycle results
[2026-05-01T21:57:01Z] [SECTION] ============================================================
[2026-05-01T21:57:01Z] [INFO] 🔮 PHASE: HIDDEN LAYERING DETECTION
[2026-05-01T21:57:01Z] [INFO] 🔗 Hidden layering detection complete. Connections identified: 2
[2026-05-01T21:57:01Z] [SECTION] ============================================================
[2026-05-01T21:57:01Z] [INFO] 🔬 PHASE: DOMAIN CORRELATION ANALYSIS
[2026-05-01T21:57:01Z] [INFO] 📊 Domain correlation matrices created: 1
[2026-05-01T21:57:01Z] [SECTION] ============================================================
[2026-05-01T21:57:01Z] [INFO] 🖼️  PHASE: IMAGE-SEED ANALYSIS
[2026-05-01T21:57:01Z] [INFO] 📂 Image seed analysis bootstrapping from 0 images...
[2026-05-01T21:57:01Z] [SECTION] ============================================================
[2026-05-01T21:57:01Z] [INFO] 📤 PHASE: PUSH COMPONENTS TO TOLARIA
[2026-05-01T21:57:02Z] [INFO] 📦 Components pushed to Tolaria: 5
[2026-05-01T21:57:02Z] [SECTION] ============================================================
[2026-05-01T21:57:02Z] [INFO] 🧩 PHASE: COMPOSER - DOMAIN INTEGRATION SYNTHESIS
[2026-05-01T21:57:02Z] [INFO] 🎨 Domain integrations synthesized: 0
[2026-05-01T21:57:02Z] [SECTION] ============================================================
[2026-05-01T21:57:02Z] [INFO] 🚀 PHASE: ADVANCED OVERNIGHT LOOP
[2026-05-01T21:57:02Z] [INFO] 🔬 Advanced loop completed cycles: 0
[2026-05-01T21:57:02Z] [WARNING] ⚠️  Git commit skipped or failed (git not initialized?): Command '['git', '-C', '/home/avalonas/.hermes/gematria/unified_overnight_research', 'add', '.']' returned non-zero exit status 128.
[2026-05-01T21:57:02Z] [INFO] 
📊 CYCLE #40 SUMMARY
[2026-05-01T21:57:02Z] [INFO] ✅ Successful tasks: 7/7
[2026-05-01T21:57:02Z] [INFO] ⏱️  Cycle duration: 1.71s
[2026-05-01T21:57:02Z] [INFO]    ⚠️ task: result
[2026-05-01T21:57:02Z] [INFO]    ⚠️ task: result
[2026-05-01T21:57:02Z] [INFO]    ⚠️ task: result
[2026-05-01T21:57:02Z] [INFO]    ⚠️ task: result
[2026-05-01T21:57:02Z] [INFO]    ⚠️ task: result
[2026-05-01T21:57:02Z] [INFO]    ⚠️ task: result
[2026-05-01T21:57:02Z] [INFO]    ⚠️ task: result
[2026-05-01T21:57:02Z] [HEADER] ================================================================================
[2026-05-01T21:57:02Z] [INFO] 🔄 OVERNIGHT RESEARCH PIPELINE - CYCLE #41
[2026-05-01T21:57:02Z] [INFO] ================================================================================
[2026-05-01T21:57:02Z] [HEADER] ============================================================
[2026-05-01T21:57:02Z] [INFO] 🌙 STARTING OVERNIGHT RESEARCH CYCLE #41
[2026-05-01T21:57:02Z] [INFO] 🔍 Running overnight research protocol (web scraping + cross-symbol analysis)...
[2026-05-01T21:57:03Z] [INFO] 📊 Cycle duration: 0.57s, Files generated: 0
[2026-05-01T21:57:03Z] [WARNING] ⚠️ Database not initialized for cycle counting
[2026-05-01T21:57:03Z] [INFO] 💾 Database updated with cycle results
[2026-05-01T21:57:03Z] [SECTION] ============================================================
[2026-05-01T21:57:03Z] [INFO] 🔮 PHASE: HIDDEN LAYERING DETECTION
[2026-05-01T21:57:03Z] [INFO] 🔗 Hidden layering detection complete. Connections identified: 2
[2026-05-01T21:57:03Z] [SECTION] ============================================================
[2026-05-01T21:57:03Z] [INFO] 🔬 PHASE: DOMAIN CORRELATION ANALYSIS
[2026-05-01T21:57:03Z] [INFO] 📊 Domain correlation matrices created: 1
[2026-05-01T21:57:03Z] [SECTION] ============================================================
[2026-05-01T21:57:03Z] [INFO] 🖼️  PHASE: IMAGE-SEED ANALYSIS
[2026-05-01T21:57:03Z] [INFO] 📂 Image seed analysis bootstrapping from 0 images...
[2026-05-01T21:57:03Z] [SECTION] ============================================================
[2026-05-01T21:57:03Z] [INFO] 📤 PHASE: PUSH COMPONENTS TO TOLARIA
[2026-05-01T21:57:04Z] [INFO] 📦 Components pushed to Tolaria: 5
[2026-05-01T21:57:04Z] [SECTION] ============================================================
[2026-05-01T21:57:04Z] [INFO] 🧩 PHASE: COMPOSER - DOMAIN INTEGRATION SYNTHESIS
[2026-05-01T21:57:04Z] [INFO] 🎨 Domain integrations synthesized: 0
[2026-05-01T21:57:04Z] [SECTION] ============================================================
[2026-05-01T21:57:04Z] [INFO] 🚀 PHASE: ADVANCED OVERNIGHT LOOP
[2026-05-01T21:57:04Z] [INFO] 🔬 Advanced loop completed cycles: 0
[2026-05-01T21:57:04Z] [WARNING] ⚠️  Git commit skipped or failed (git not initialized?): Command '['git', '-C', '/home/avalonas/.hermes/gematria/unified_overnight_research', 'add', '.']' returned non-zero exit status 128.
[2026-05-01T21:57:04Z] [INFO] 
📊 CYCLE #41 SUMMARY
[2026-05-01T21:57:04Z] [INFO] ✅ Successful tasks: 7/7
[2026-05-01T21:57:04Z] [INFO] ⏱️  Cycle duration: 1.74s
[2026-05-01T21:57:04Z] [INFO]    ⚠️ task: result
[2026-05-01T21:57:04Z] [INFO]    ⚠️ task: result
[2026-05-01T21:57:04Z] [INFO]    ⚠️ task: result
[2026-05-01T21:57:04Z] [INFO]    ⚠️ task: result
[2026-05-01T21:57:04Z] [INFO]    ⚠️ task: result
[2026-05-01T21:57:04Z] [INFO]    ⚠️ task: result
[2026-05-01T21:57:04Z] [INFO]    ⚠️ task: result
[2026-05-01T21:57:04Z] [HEADER] ================================================================================
[2026-05-01T21:57:04Z] [INFO] 🔄 OVERNIGHT RESEARCH PIPELINE - CYCLE #42
[2026-05-01T21:57:04Z] [INFO] ================================================================================
[2026-05-01T21:57:04Z] [HEADER] ============================================================
[2026-05-01T21:57:04Z] [INFO] 🌙 STARTING OVERNIGHT RESEARCH CYCLE #42
[2026-05-01T21:57:04Z] [INFO] 🔍 Running overnight research protocol (web scraping + cross-symbol analysis)...
[2026-05-01T21:57:04Z] [INFO] 📊 Cycle duration: 0.56s, Files generated: 0
[2026-05-01T21:57:04Z] [WARNING] ⚠️ Database not initialized for cycle counting
[2026-05-01T21:57:04Z] [INFO] 💾 Database updated with cycle results
[2026-05-01T21:57:04Z] [SECTION] ============================================================
[2026-05-01T21:57:04Z] [INFO] 🔮 PHASE: HIDDEN LAYERING DETECTION
[2026-05-01T21:57:04Z] [INFO] 🔗 Hidden layering detection complete. Connections identified: 2
[2026-05-01T21:57:04Z] [SECTION] ============================================================
[2026-05-01T21:57:04Z] [INFO] 🔬 PHASE: DOMAIN CORRELATION ANALYSIS
[2026-05-01T21:57:04Z] [INFO] 📊 Domain correlation matrices created: 1
[2026-05-01T21:57:04Z] [SECTION] ============================================================
[2026-05-01T21:57:04Z] [INFO] 🖼️  PHASE: IMAGE-SEED ANALYSIS
[2026-05-01T21:57:04Z] [INFO] 📂 Image seed analysis bootstrapping from 0 images...
[2026-05-01T21:57:05Z] [SECTION] ============================================================
[2026-05-01T21:57:05Z] [INFO] 📤 PHASE: PUSH COMPONENTS TO TOLARIA
[2026-05-01T21:57:05Z] [INFO] 📦 Components pushed to Tolaria: 5
[2026-05-01T21:57:05Z] [SECTION] ============================================================
[2026-05-01T21:57:05Z] [INFO] 🧩 PHASE: COMPOSER - DOMAIN INTEGRATION SYNTHESIS
[2026-05-01T21:57:05Z] [INFO] 🎨 Domain integrations synthesized: 0
[2026-05-01T21:57:05Z] [SECTION] ============================================================
[2026-05-01T21:57:05Z] [INFO] 🚀 PHASE: ADVANCED OVERNIGHT LOOP
[2026-05-01T21:57:05Z] [INFO] 🔬 Advanced loop completed cycles: 0
[2026-05-01T21:57:06Z] [WARNING] ⚠️  Git commit skipped or failed (git not initialized?): Command '['git', '-C', '/home/avalonas/.hermes/gematria/unified_overnight_research', 'add', '.']' returned non-zero exit status 128.
[2026-05-01T21:57:06Z] [INFO] 
📊 CYCLE #42 SUMMARY
[2026-05-01T21:57:06Z] [INFO] ✅ Successful tasks: 7/7
[2026-05-01T21:57:06Z] [INFO] ⏱️  Cycle duration: 1.64s
[2026-05-01T21:57:06Z] [INFO]    ⚠️ task: result
[2026-05-01T21:57:06Z] [INFO]    ⚠️ task: result
[2026-05-01T21:57:06Z] [INFO]    ⚠️ task: result
[2026-05-01T21:57:06Z] [INFO]    ⚠️ task: result
[2026-05-01T21:57:06Z] [INFO]    ⚠️ task: result
[2026-05-01T21:57:06Z] [INFO]    ⚠️ task: result
[2026-05-01T21:57:06Z] [INFO]    ⚠️ task: result
[2026-05-01T21:57:06Z] [HEADER] ================================================================================
[2026-05-01T21:57:06Z] [INFO] 🔄 OVERNIGHT RESEARCH PIPELINE - CYCLE #43
[2026-05-01T21:57:06Z] [INFO] ================================================================================
[2026-05-01T21:57:06Z] [HEADER] ============================================================
[2026-05-01T21:57:06Z] [INFO] 🌙 STARTING OVERNIGHT RESEARCH CYCLE #43
[2026-05-01T21:57:06Z] [INFO] 🔍 Running overnight research protocol (web scraping + cross-symbol analysis)...
[2026-05-01T21:57:06Z] [INFO] 📊 Cycle duration: 0.57s, Files generated: 0
[2026-05-01T21:57:06Z] [WARNING] ⚠️ Database not initialized for cycle counting
[2026-05-01T21:57:06Z] [INFO] 💾 Database updated with cycle results
[2026-05-01T21:57:06Z] [SECTION] ============================================================
[2026-05-01T21:57:06Z] [INFO] 🔮 PHASE: HIDDEN LAYERING DETECTION
[2026-05-01T21:57:06Z] [INFO] 🔗 Hidden layering detection complete. Connections identified: 2
[2026-05-01T21:57:06Z] [SECTION] ============================================================
[2026-05-01T21:57:06Z] [INFO] 🔬 PHASE: DOMAIN CORRELATION ANALYSIS
[2026-05-01T21:57:06Z] [INFO] 📊 Domain correlation matrices created: 1
[2026-05-01T21:57:06Z] [SECTION] ============================================================
[2026-05-01T21:57:06Z] [INFO] 🖼️  PHASE: IMAGE-SEED ANALYSIS
[2026-05-01T21:57:06Z] [INFO] 📂 Image seed analysis bootstrapping from 0 images...
[2026-05-01T21:57:06Z] [SECTION] ============================================================
[2026-05-01T21:57:06Z] [INFO] 📤 PHASE: PUSH COMPONENTS TO TOLARIA
[2026-05-01T21:57:07Z] [INFO] 📦 Components pushed to Tolaria: 5
[2026-05-01T21:57:07Z] [SECTION] ============================================================
[2026-05-01T21:57:07Z] [INFO] 🧩 PHASE: COMPOSER - DOMAIN INTEGRATION SYNTHESIS
[2026-05-01T21:57:07Z] [INFO] 🎨 Domain integrations synthesized: 0
[2026-05-01T21:57:07Z] [SECTION] ============================================================
[2026-05-01T21:57:07Z] [INFO] 🚀 PHASE: ADVANCED OVERNIGHT LOOP
[2026-05-01T21:57:07Z] [INFO] 🔬 Advanced loop completed cycles: 0
[2026-05-01T21:57:07Z] [WARNING] ⚠️  Git commit skipped or failed (git not initialized?): Command '['git', '-C', '/home/avalonas/.hermes/gematria/unified_overnight_research', 'add', '.']' returned non-zero exit status 128.
[2026-05-01T21:57:07Z] [INFO] 
📊 CYCLE #43 SUMMARY
[2026-05-01T21:57:07Z] [INFO] ✅ Successful tasks: 7/7
[2026-05-01T21:57:07Z] [INFO] ⏱️  Cycle duration: 1.74s
[2026-05-01T21:57:07Z] [INFO]    ⚠️ task: result
[2026-05-01T21:57:07Z] [INFO]    ⚠️ task: result
[2026-05-01T21:57:07Z] [INFO]    ⚠️ task: result
[2026-05-01T21:57:07Z] [INFO]    ⚠️ task: result
[2026-05-01T21:57:07Z] [INFO]    ⚠️ task: result
[2026-05-01T21:57:07Z] [INFO]    ⚠️ task: result
[2026-05-01T21:57:07Z] [INFO]    ⚠️ task: result
[2026-05-01T21:57:07Z] [HEADER] ================================================================================
[2026-05-01T21:57:07Z] [INFO] 🔄 OVERNIGHT RESEARCH PIPELINE - CYCLE #44
[2026-05-01T21:57:07Z] [INFO] ================================================================================
[2026-05-01T21:57:07Z] [HEADER] ============================================================
[2026-05-01T21:57:07Z] [INFO] 🌙 STARTING OVERNIGHT RESEARCH CYCLE #44
[2026-05-01T21:57:07Z] [INFO] 🔍 Running overnight research protocol (web scraping + cross-symbol analysis)...
[2026-05-01T21:57:08Z] [INFO] 📊 Cycle duration: 0.63s, Files generated: 0
[2026-05-01T21:57:08Z] [WARNING] ⚠️ Database not initialized for cycle counting
[2026-05-01T21:57:08Z] [INFO] 💾 Database updated with cycle results
[2026-05-01T21:57:08Z] [SECTION] ============================================================
[2026-05-01T21:57:08Z] [INFO] 🔮 PHASE: HIDDEN LAYERING DETECTION
[2026-05-01T21:57:08Z] [INFO] 🔗 Hidden layering detection complete. Connections identified: 2
[2026-05-01T21:57:08Z] [SECTION] ============================================================
[2026-05-01T21:57:08Z] [INFO] 🔬 PHASE: DOMAIN CORRELATION ANALYSIS
[2026-05-01T21:57:08Z] [INFO] 📊 Domain correlation matrices created: 1
[2026-05-01T21:57:08Z] [SECTION] ============================================================
[2026-05-01T21:57:08Z] [INFO] 🖼️  PHASE: IMAGE-SEED ANALYSIS
[2026-05-01T21:57:08Z] [INFO] 📂 Image seed analysis bootstrapping from 0 images...
[2026-05-01T21:57:08Z] [SECTION] ============================================================
[2026-05-01T21:57:08Z] [INFO] 📤 PHASE: PUSH COMPONENTS TO TOLARIA
[2026-05-01T21:57:09Z] [INFO] 📦 Components pushed to Tolaria: 5
[2026-05-01T21:57:09Z] [SECTION] ============================================================
[2026-05-01T21:57:09Z] [INFO] 🧩 PHASE: COMPOSER - DOMAIN INTEGRATION SYNTHESIS
[2026-05-01T21:57:09Z] [INFO] 🎨 Domain integrations synthesized: 0
[2026-05-01T21:57:09Z] [SECTION] ============================================================
[2026-05-01T21:57:09Z] [INFO] 🚀 PHASE: ADVANCED OVERNIGHT LOOP
[2026-05-01T21:57:09Z] [INFO] 🔬 Advanced loop completed cycles: 0
[2026-05-01T21:57:09Z] [WARNING] ⚠️  Git commit skipped or failed (git not initialized?): Command '['git', '-C', '/home/avalonas/.hermes/gematria/unified_overnight_research', 'add', '.']' returned non-zero exit status 128.
[2026-05-01T21:57:09Z] [INFO] 
📊 CYCLE #44 SUMMARY
[2026-05-01T21:57:09Z] [INFO] ✅ Successful tasks: 7/7
[2026-05-01T21:57:09Z] [INFO] ⏱️  Cycle duration: 2.20s
[2026-05-01T21:57:09Z] [INFO]    ⚠️ task: result
[2026-05-01T21:57:09Z] [INFO]    ⚠️ task: result
[2026-05-01T21:57:09Z] [INFO]    ⚠️ task: result
[2026-05-01T21:57:09Z] [INFO]    ⚠️ task: result
[2026-05-01T21:57:09Z] [INFO]    ⚠️ task: result
[2026-05-01T21:57:09Z] [INFO]    ⚠️ task: result
[2026-05-01T21:57:09Z] [INFO]    ⚠️ task: result
[2026-05-01T21:57:09Z] [HEADER] ================================================================================
[2026-05-01T21:57:09Z] [INFO] 🔄 OVERNIGHT RESEARCH PIPELINE - CYCLE #45
[2026-05-01T21:57:09Z] [INFO] ================================================================================
[2026-05-01T21:57:09Z] [HEADER] ============================================================
[2026-05-01T21:57:09Z] [INFO] 🌙 STARTING OVERNIGHT RESEARCH CYCLE #45
[2026-05-01T21:57:09Z] [INFO] 🔍 Running overnight research protocol (web scraping + cross-symbol analysis)...
[2026-05-01T21:57:10Z] [INFO] 📊 Cycle duration: 0.59s, Files generated: 0
[2026-05-01T21:57:10Z] [WARNING] ⚠️ Database not initialized for cycle counting
[2026-05-01T21:57:10Z] [INFO] 💾 Database updated with cycle results
[2026-05-01T21:57:10Z] [SECTION] ============================================================
[2026-05-01T21:57:10Z] [INFO] 🔮 PHASE: HIDDEN LAYERING DETECTION
[2026-05-01T21:57:10Z] [INFO] 🔗 Hidden layering detection complete. Connections identified: 2
[2026-05-01T21:57:10Z] [SECTION] ============================================================
[2026-05-01T21:57:10Z] [INFO] 🔬 PHASE: DOMAIN CORRELATION ANALYSIS
[2026-05-01T21:57:10Z] [INFO] 📊 Domain correlation matrices created: 1
[2026-05-01T21:57:10Z] [SECTION] ============================================================
[2026-05-01T21:57:10Z] [INFO] 🖼️  PHASE: IMAGE-SEED ANALYSIS
[2026-05-01T21:57:10Z] [INFO] 📂 Image seed analysis bootstrapping from 0 images...
[2026-05-01T21:57:10Z] [SECTION] ============================================================
[2026-05-01T21:57:10Z] [INFO] 📤 PHASE: PUSH COMPONENTS TO TOLARIA
[2026-05-01T21:57:11Z] [INFO] 📦 Components pushed to Tolaria: 5
[2026-05-01T21:57:11Z] [SECTION] ============================================================
[2026-05-01T21:57:11Z] [INFO] 🧩 PHASE: COMPOSER - DOMAIN INTEGRATION SYNTHESIS
[2026-05-01T21:57:11Z] [INFO] 🎨 Domain integrations synthesized: 0
[2026-05-01T21:57:11Z] [SECTION] ============================================================
[2026-05-01T21:57:11Z] [INFO] 🚀 PHASE: ADVANCED OVERNIGHT LOOP
[2026-05-01T21:57:11Z] [INFO] 🔬 Advanced loop completed cycles: 0
[2026-05-01T21:57:11Z] [WARNING] ⚠️  Git commit skipped or failed (git not initialized?): Command '['git', '-C', '/home/avalonas/.hermes/gematria/unified_overnight_research', 'add', '.']' returned non-zero exit status 128.
[2026-05-01T21:57:11Z] [INFO] 
📊 CYCLE #45 SUMMARY
[2026-05-01T21:57:11Z] [INFO] ✅ Successful tasks: 7/7
[2026-05-01T21:57:11Z] [INFO] ⏱️  Cycle duration: 1.67s
[2026-05-01T21:57:11Z] [INFO]    ⚠️ task: result
[2026-05-01T21:57:11Z] [INFO]    ⚠️ task: result
[2026-05-01T21:57:11Z] [INFO]    ⚠️ task: result
[2026-05-01T21:57:11Z] [INFO]    ⚠️ task: result
[2026-05-01T21:57:11Z] [INFO]    ⚠️ task: result
[2026-05-01T21:57:11Z] [INFO]    ⚠️ task: result
[2026-05-01T21:57:11Z] [INFO]    ⚠️ task: result
[2026-05-01T21:57:11Z] [HEADER] ================================================================================
[2026-05-01T21:57:11Z] [INFO] 🔄 OVERNIGHT RESEARCH PIPELINE - CYCLE #46
[2026-05-01T21:57:11Z] [INFO] ================================================================================
[2026-05-01T21:57:11Z] [HEADER] ============================================================
[2026-05-01T21:57:11Z] [INFO] 🌙 STARTING OVERNIGHT RESEARCH CYCLE #46
[2026-05-01T21:57:11Z] [INFO] 🔍 Running overnight research protocol (web scraping + cross-symbol analysis)...
[2026-05-01T21:57:12Z] [INFO] 📊 Cycle duration: 0.58s, Files generated: 0
[2026-05-01T21:57:12Z] [WARNING] ⚠️ Database not initialized for cycle counting
[2026-05-01T21:57:12Z] [INFO] 💾 Database updated with cycle results
[2026-05-01T21:57:12Z] [SECTION] ============================================================
[2026-05-01T21:57:12Z] [INFO] 🔮 PHASE: HIDDEN LAYERING DETECTION
[2026-05-01T21:57:12Z] [INFO] 🔗 Hidden layering detection complete. Connections identified: 2
[2026-05-01T21:57:12Z] [SECTION] ============================================================
[2026-05-01T21:57:12Z] [INFO] 🔬 PHASE: DOMAIN CORRELATION ANALYSIS
[2026-05-01T21:57:12Z] [INFO] 📊 Domain correlation matrices created: 1
[2026-05-01T21:57:12Z] [SECTION] ============================================================
[2026-05-01T21:57:12Z] [INFO] 🖼️  PHASE: IMAGE-SEED ANALYSIS
[2026-05-01T21:57:12Z] [INFO] 📂 Image seed analysis bootstrapping from 0 images...
[2026-05-01T21:57:12Z] [SECTION] ============================================================
[2026-05-01T21:57:12Z] [INFO] 📤 PHASE: PUSH COMPONENTS TO TOLARIA
[2026-05-01T21:57:12Z] [INFO] 📦 Components pushed to Tolaria: 5
[2026-05-01T21:57:12Z] [SECTION] ============================================================
[2026-05-01T21:57:12Z] [INFO] 🧩 PHASE: COMPOSER - DOMAIN INTEGRATION SYNTHESIS
[2026-05-01T21:57:13Z] [INFO] 🎨 Domain integrations synthesized: 0
[2026-05-01T21:57:13Z] [SECTION] ============================================================
[2026-05-01T21:57:13Z] [INFO] 🚀 PHASE: ADVANCED OVERNIGHT LOOP
[2026-05-01T21:57:13Z] [INFO] 🔬 Advanced loop completed cycles: 0
[2026-05-01T21:57:13Z] [WARNING] ⚠️  Git commit skipped or failed (git not initialized?): Command '['git', '-C', '/home/avalonas/.hermes/gematria/unified_overnight_research', 'add', '.']' returned non-zero exit status 128.
[2026-05-01T21:57:13Z] [INFO] 
📊 CYCLE #46 SUMMARY
[2026-05-01T21:57:13Z] [INFO] ✅ Successful tasks: 7/7
[2026-05-01T21:57:13Z] [INFO] ⏱️  Cycle duration: 1.58s
[2026-05-01T21:57:13Z] [INFO]    ⚠️ task: result
[2026-05-01T21:57:13Z] [INFO]    ⚠️ task: result
[2026-05-01T21:57:13Z] [INFO]    ⚠️ task: result
[2026-05-01T21:57:13Z] [INFO]    ⚠️ task: result
[2026-05-01T21:57:13Z] [INFO]    ⚠️ task: result
[2026-05-01T21:57:13Z] [INFO]    ⚠️ task: result
[2026-05-01T21:57:13Z] [INFO]    ⚠️ task: result
[2026-05-01T21:57:13Z] [HEADER] ================================================================================
[2026-05-01T21:57:13Z] [INFO] 🔄 OVERNIGHT RESEARCH PIPELINE - CYCLE #47
[2026-05-01T21:57:13Z] [INFO] ================================================================================
[2026-05-01T21:57:13Z] [HEADER] ============================================================
[2026-05-01T21:57:13Z] [INFO] 🌙 STARTING OVERNIGHT RESEARCH CYCLE #47
[2026-05-01T21:57:13Z] [INFO] 🔍 Running overnight research protocol (web scraping + cross-symbol analysis)...
[2026-05-01T21:57:13Z] [INFO] 📊 Cycle duration: 0.57s, Files generated: 0
[2026-05-01T21:57:13Z] [WARNING] ⚠️ Database not initialized for cycle counting
[2026-05-01T21:57:13Z] [INFO] 💾 Database updated with cycle results
[2026-05-01T21:57:13Z] [SECTION] ============================================================
[2026-05-01T21:57:13Z] [INFO] 🔮 PHASE: HIDDEN LAYERING DETECTION
[2026-05-01T21:57:13Z] [INFO] 🔗 Hidden layering detection complete. Connections identified: 2
[2026-05-01T21:57:13Z] [SECTION] ============================================================
[2026-05-01T21:57:13Z] [INFO] 🔬 PHASE: DOMAIN CORRELATION ANALYSIS
[2026-05-01T21:57:13Z] [INFO] 📊 Domain correlation matrices created: 1
[2026-05-01T21:57:13Z] [SECTION] ============================================================
[2026-05-01T21:57:13Z] [INFO] 🖼️  PHASE: IMAGE-SEED ANALYSIS
[2026-05-01T21:57:13Z] [INFO] 📂 Image seed analysis bootstrapping from 0 images...
[2026-05-01T21:57:13Z] [SECTION] ============================================================
[2026-05-01T21:57:13Z] [INFO] 📤 PHASE: PUSH COMPONENTS TO TOLARIA
[2026-05-01T21:57:14Z] [INFO] 📦 Components pushed to Tolaria: 5
[2026-05-01T21:57:14Z] [SECTION] ============================================================
[2026-05-01T21:57:14Z] [INFO] 🧩 PHASE: COMPOSER - DOMAIN INTEGRATION SYNTHESIS
[2026-05-01T21:57:14Z] [INFO] 🎨 Domain integrations synthesized: 0
[2026-05-01T21:57:14Z] [SECTION] ============================================================
[2026-05-01T21:57:14Z] [INFO] 🚀 PHASE: ADVANCED OVERNIGHT LOOP
[2026-05-01T21:57:14Z] [INFO] 🔬 Advanced loop completed cycles: 0
[2026-05-01T21:57:14Z] [WARNING] ⚠️  Git commit skipped or failed (git not initialized?): Command '['git', '-C', '/home/avalonas/.hermes/gematria/unified_overnight_research', 'add', '.']' returned non-zero exit status 128.
[2026-05-01T21:57:14Z] [INFO] 
📊 CYCLE #47 SUMMARY
[2026-05-01T21:57:14Z] [INFO] ✅ Successful tasks: 7/7
[2026-05-01T21:57:14Z] [INFO] ⏱️  Cycle duration: 1.74s
[2026-05-01T21:57:14Z] [INFO]    ⚠️ task: result
[2026-05-01T21:57:14Z] [INFO]    ⚠️ task: result
[2026-05-01T21:57:14Z] [INFO]    ⚠️ task: result
[2026-05-01T21:57:14Z] [INFO]    ⚠️ task: result
[2026-05-01T21:57:14Z] [INFO]    ⚠️ task: result
[2026-05-01T21:57:14Z] [INFO]    ⚠️ task: result
[2026-05-01T21:57:14Z] [INFO]    ⚠️ task: result
[2026-05-01T21:57:14Z] [HEADER] ================================================================================
[2026-05-01T21:57:14Z] [INFO] 🔄 OVERNIGHT RESEARCH PIPELINE - CYCLE #48
[2026-05-01T21:57:14Z] [INFO] ================================================================================
[2026-05-01T21:57:14Z] [HEADER] ============================================================
[2026-05-01T21:57:14Z] [INFO] 🌙 STARTING OVERNIGHT RESEARCH CYCLE #48
[2026-05-01T21:57:14Z] [INFO] 🔍 Running overnight research protocol (web scraping + cross-symbol analysis)...
[2026-05-01T21:57:15Z] [INFO] 📊 Cycle duration: 0.57s, Files generated: 0
[2026-05-01T21:57:15Z] [WARNING] ⚠️ Database not initialized for cycle counting
[2026-05-01T21:57:15Z] [INFO] 💾 Database updated with cycle results
[2026-05-01T21:57:15Z] [SECTION] ============================================================
[2026-05-01T21:57:15Z] [INFO] 🔮 PHASE: HIDDEN LAYERING DETECTION
[2026-05-01T21:57:15Z] [INFO] 🔗 Hidden layering detection complete. Connections identified: 2
[2026-05-01T21:57:15Z] [SECTION] ============================================================
[2026-05-01T21:57:15Z] [INFO] 🔬 PHASE: DOMAIN CORRELATION ANALYSIS
[2026-05-01T21:57:15Z] [INFO] 📊 Domain correlation matrices created: 1
[2026-05-01T21:57:15Z] [SECTION] ============================================================
[2026-05-01T21:57:15Z] [INFO] 🖼️  PHASE: IMAGE-SEED ANALYSIS
[2026-05-01T21:57:15Z] [INFO] 📂 Image seed analysis bootstrapping from 0 images...
[2026-05-01T21:57:15Z] [SECTION] ============================================================
[2026-05-01T21:57:15Z] [INFO] 📤 PHASE: PUSH COMPONENTS TO TOLARIA
[2026-05-01T21:57:16Z] [INFO] 📦 Components pushed to Tolaria: 5
[2026-05-01T21:57:16Z] [SECTION] ============================================================
[2026-05-01T21:57:16Z] [INFO] 🧩 PHASE: COMPOSER - DOMAIN INTEGRATION SYNTHESIS
[2026-05-01T21:57:16Z] [INFO] 🎨 Domain integrations synthesized: 0
[2026-05-01T21:57:16Z] [SECTION] ============================================================
[2026-05-01T21:57:16Z] [INFO] 🚀 PHASE: ADVANCED OVERNIGHT LOOP
[2026-05-01T21:57:16Z] [INFO] 🔬 Advanced loop completed cycles: 0
[2026-05-01T21:57:17Z] [WARNING] ⚠️  Git commit skipped or failed (git not initialized?): Command '['git', '-C', '/home/avalonas/.hermes/gematria/unified_overnight_research', 'add', '.']' returned non-zero exit status 128.
[2026-05-01T21:57:17Z] [INFO] 
📊 CYCLE #48 SUMMARY
[2026-05-01T21:57:17Z] [INFO] ✅ Successful tasks: 7/7
[2026-05-01T21:57:17Z] [INFO] ⏱️  Cycle duration: 2.07s
[2026-05-01T21:57:17Z] [INFO]    ⚠️ task: result
[2026-05-01T21:57:17Z] [INFO]    ⚠️ task: result
[2026-05-01T21:57:17Z] [INFO]    ⚠️ task: result
[2026-05-01T21:57:17Z] [INFO]    ⚠️ task: result
[2026-05-01T21:57:17Z] [INFO]    ⚠️ task: result
[2026-05-01T21:57:17Z] [INFO]    ⚠️ task: result
[2026-05-01T21:57:17Z] [INFO]    ⚠️ task: result
[2026-05-01T21:57:17Z] [HEADER] ================================================================================
[2026-05-01T21:57:17Z] [INFO] 🔄 OVERNIGHT RESEARCH PIPELINE - CYCLE #49
[2026-05-01T21:57:17Z] [INFO] ================================================================================
[2026-05-01T21:57:17Z] [HEADER] ============================================================
[2026-05-01T21:57:17Z] [INFO] 🌙 STARTING OVERNIGHT RESEARCH CYCLE #49
[2026-05-01T21:57:17Z] [INFO] 🔍 Running overnight research protocol (web scraping + cross-symbol analysis)...
[2026-05-01T21:57:17Z] [INFO] 📊 Cycle duration: 0.59s, Files generated: 0
[2026-05-01T21:57:17Z] [WARNING] ⚠️ Database not initialized for cycle counting
[2026-05-01T21:57:17Z] [INFO] 💾 Database updated with cycle results
[2026-05-01T21:57:17Z] [SECTION] ============================================================
[2026-05-01T21:57:17Z] [INFO] 🔮 PHASE: HIDDEN LAYERING DETECTION
[2026-05-01T21:57:17Z] [INFO] 🔗 Hidden layering detection complete. Connections identified: 2
[2026-05-01T21:57:17Z] [SECTION] ============================================================
[2026-05-01T21:57:17Z] [INFO] 🔬 PHASE: DOMAIN CORRELATION ANALYSIS
[2026-05-01T21:57:17Z] [INFO] 📊 Domain correlation matrices created: 1
[2026-05-01T21:57:17Z] [SECTION] ============================================================
[2026-05-01T21:57:17Z] [INFO] 🖼️  PHASE: IMAGE-SEED ANALYSIS
[2026-05-01T21:57:17Z] [INFO] 📂 Image seed analysis bootstrapping from 0 images...
[2026-05-01T21:57:17Z] [SECTION] ============================================================
[2026-05-01T21:57:17Z] [INFO] 📤 PHASE: PUSH COMPONENTS TO TOLARIA
[2026-05-01T21:57:18Z] [INFO] 📦 Components pushed to Tolaria: 5
[2026-05-01T21:57:18Z] [SECTION] ============================================================
[2026-05-01T21:57:18Z] [INFO] 🧩 PHASE: COMPOSER - DOMAIN INTEGRATION SYNTHESIS
[2026-05-01T21:57:18Z] [INFO] 🎨 Domain integrations synthesized: 0
[2026-05-01T21:57:18Z] [SECTION] ============================================================
[2026-05-01T21:57:18Z] [INFO] 🚀 PHASE: ADVANCED OVERNIGHT LOOP
[2026-05-01T21:57:18Z] [INFO] 🔬 Advanced loop completed cycles: 0
[2026-05-01T21:57:18Z] [WARNING] ⚠️  Git commit skipped or failed (git not initialized?): Command '['git', '-C', '/home/avalonas/.hermes/gematria/unified_overnight_research', 'add', '.']' returned non-zero exit status 128.
[2026-05-01T21:57:18Z] [INFO] 
📊 CYCLE #49 SUMMARY
[2026-05-01T21:57:18Z] [INFO] ✅ Successful tasks: 7/7
[2026-05-01T21:57:18Z] [INFO] ⏱️  Cycle duration: 1.70s
[2026-05-01T21:57:18Z] [INFO]    ⚠️ task: result
[2026-05-01T21:57:18Z] [INFO]    ⚠️ task: result
[2026-05-01T21:57:18Z] [INFO]    ⚠️ task: result
[2026-05-01T21:57:18Z] [INFO]    ⚠️ task: result
[2026-05-01T21:57:18Z] [INFO]    ⚠️ task: result
[2026-05-01T21:57:18Z] [INFO]    ⚠️ task: result
[2026-05-01T21:57:18Z] [INFO]    ⚠️ task: result
[2026-05-01T21:57:18Z] [HEADER] ================================================================================
[2026-05-01T21:57:18Z] [INFO] 🔄 OVERNIGHT RESEARCH PIPELINE - CYCLE #50
[2026-05-01T21:57:18Z] [INFO] ================================================================================
[2026-05-01T21:57:18Z] [HEADER] ============================================================
[2026-05-01T21:57:18Z] [INFO] 🌙 STARTING OVERNIGHT RESEARCH CYCLE #50
[2026-05-01T21:57:18Z] [INFO] 🔍 Running overnight research protocol (web scraping + cross-symbol analysis)...
[2026-05-01T21:57:19Z] [INFO] 📊 Cycle duration: 0.57s, Files generated: 0
[2026-05-01T21:57:19Z] [WARNING] ⚠️ Database not initialized for cycle counting
[2026-05-01T21:57:19Z] [INFO] 💾 Database updated with cycle results
[2026-05-01T21:57:19Z] [SECTION] ============================================================
[2026-05-01T21:57:19Z] [INFO] 🔮 PHASE: HIDDEN LAYERING DETECTION
[2026-05-01T21:57:19Z] [INFO] 🔗 Hidden layering detection complete. Connections identified: 2
[2026-05-01T21:57:19Z] [SECTION] ============================================================
[2026-05-01T21:57:19Z] [INFO] 🔬 PHASE: DOMAIN CORRELATION ANALYSIS
[2026-05-01T21:57:19Z] [INFO] 📊 Domain correlation matrices created: 1
[2026-05-01T21:57:19Z] [SECTION] ============================================================
[2026-05-01T21:57:19Z] [INFO] 🖼️  PHASE: IMAGE-SEED ANALYSIS
[2026-05-01T21:57:19Z] [INFO] 📂 Image seed analysis bootstrapping from 0 images...
[2026-05-01T21:57:19Z] [SECTION] ============================================================
[2026-05-01T21:57:19Z] [INFO] 📤 PHASE: PUSH COMPONENTS TO TOLARIA
[2026-05-01T21:57:20Z] [INFO] 📦 Components pushed to Tolaria: 5
[2026-05-01T21:57:20Z] [SECTION] ============================================================
[2026-05-01T21:57:20Z] [INFO] 🧩 PHASE: COMPOSER - DOMAIN INTEGRATION SYNTHESIS
[2026-05-01T21:57:20Z] [INFO] 🎨 Domain integrations synthesized: 0
[2026-05-01T21:57:20Z] [SECTION] ============================================================
[2026-05-01T21:57:20Z] [INFO] 🚀 PHASE: ADVANCED OVERNIGHT LOOP
[2026-05-01T21:57:20Z] [INFO] 🔬 Advanced loop completed cycles: 0
[2026-05-01T21:57:20Z] [WARNING] ⚠️  Git commit skipped or failed (git not initialized?): Command '['git', '-C', '/home/avalonas/.hermes/gematria/unified_overnight_research', 'add', '.']' returned non-zero exit status 128.
[2026-05-01T21:57:20Z] [INFO] 
📊 CYCLE #50 SUMMARY
[2026-05-01T21:57:20Z] [INFO] ✅ Successful tasks: 7/7
[2026-05-01T21:57:20Z] [INFO] ⏱️  Cycle duration: 1.73s
[2026-05-01T21:57:20Z] [INFO]    ⚠️ task: result
[2026-05-01T21:57:20Z] [INFO]    ⚠️ task: result
[2026-05-01T21:57:20Z] [INFO]    ⚠️ task: result
[2026-05-01T21:57:20Z] [INFO]    ⚠️ task: result
[2026-05-01T21:57:20Z] [INFO]    ⚠️ task: result
[2026-05-01T21:57:20Z] [INFO]    ⚠️ task: result
[2026-05-01T21:57:20Z] [INFO]    ⚠️ task: result
[2026-05-01T21:57:20Z] [HEADER] ================================================================================
[2026-05-01T21:57:20Z] [INFO] 🔄 OVERNIGHT RESEARCH PIPELINE - CYCLE #51
[2026-05-01T21:57:20Z] [INFO] ================================================================================
[2026-05-01T21:57:20Z] [HEADER] ============================================================
[2026-05-01T21:57:20Z] [INFO] 🌙 STARTING OVERNIGHT RESEARCH CYCLE #51
[2026-05-01T21:57:20Z] [INFO] 🔍 Running overnight research protocol (web scraping + cross-symbol analysis)...
[2026-05-01T21:57:21Z] [INFO] 📊 Cycle duration: 0.57s, Files generated: 0
[2026-05-01T21:57:21Z] [WARNING] ⚠️ Database not initialized for cycle counting
[2026-05-01T21:57:21Z] [INFO] 💾 Database updated with cycle results
[2026-05-01T21:57:21Z] [SECTION] ============================================================
[2026-05-01T21:57:21Z] [INFO] 🔮 PHASE: HIDDEN LAYERING DETECTION
[2026-05-01T21:57:21Z] [INFO] 🔗 Hidden layering detection complete. Connections identified: 2
[2026-05-01T21:57:21Z] [SECTION] ============================================================
[2026-05-01T21:57:21Z] [INFO] 🔬 PHASE: DOMAIN CORRELATION ANALYSIS
[2026-05-01T21:57:21Z] [INFO] 📊 Domain correlation matrices created: 1
[2026-05-01T21:57:21Z] [SECTION] ============================================================
[2026-05-01T21:57:21Z] [INFO] 🖼️  PHASE: IMAGE-SEED ANALYSIS
[2026-05-01T21:57:21Z] [INFO] 📂 Image seed analysis bootstrapping from 0 images...
[2026-05-01T21:57:21Z] [SECTION] ============================================================
[2026-05-01T21:57:21Z] [INFO] 📤 PHASE: PUSH COMPONENTS TO TOLARIA
[2026-05-01T21:57:21Z] [INFO] 📦 Components pushed to Tolaria: 5
[2026-05-01T21:57:21Z] [SECTION] ============================================================
[2026-05-01T21:57:21Z] [INFO] 🧩 PHASE: COMPOSER - DOMAIN INTEGRATION SYNTHESIS
[2026-05-01T21:57:22Z] [INFO] 🎨 Domain integrations synthesized: 0
[2026-05-01T21:57:22Z] [SECTION] ============================================================
[2026-05-01T21:57:22Z] [INFO] 🚀 PHASE: ADVANCED OVERNIGHT LOOP
[2026-05-01T21:57:22Z] [INFO] 🔬 Advanced loop completed cycles: 0
[2026-05-01T21:57:22Z] [WARNING] ⚠️  Git commit skipped or failed (git not initialized?): Command '['git', '-C', '/home/avalonas/.hermes/gematria/unified_overnight_research', 'add', '.']' returned non-zero exit status 128.
[2026-05-01T21:57:22Z] [INFO] 
📊 CYCLE #51 SUMMARY
[2026-05-01T21:57:22Z] [INFO] ✅ Successful tasks: 7/7
[2026-05-01T21:57:22Z] [INFO] ⏱️  Cycle duration: 1.81s
[2026-05-01T21:57:22Z] [INFO]    ⚠️ task: result
[2026-05-01T21:57:22Z] [INFO]    ⚠️ task: result
[2026-05-01T21:57:22Z] [INFO]    ⚠️ task: result
[2026-05-01T21:57:22Z] [INFO]    ⚠️ task: result
[2026-05-01T21:57:22Z] [INFO]    ⚠️ task: result
[2026-05-01T21:57:22Z] [INFO]    ⚠️ task: result
[2026-05-01T21:57:22Z] [INFO]    ⚠️ task: result
[2026-05-01T21:57:22Z] [HEADER] ================================================================================
[2026-05-01T21:57:22Z] [INFO] 🔄 OVERNIGHT RESEARCH PIPELINE - CYCLE #52
[2026-05-01T21:57:22Z] [INFO] ================================================================================
[2026-05-01T21:57:22Z] [HEADER] ============================================================
[2026-05-01T21:57:22Z] [INFO] 🌙 STARTING OVERNIGHT RESEARCH CYCLE #52
[2026-05-01T21:57:22Z] [INFO] 🔍 Running overnight research protocol (web scraping + cross-symbol analysis)...
[2026-05-01T21:57:22Z] [INFO] 📊 Cycle duration: 0.56s, Files generated: 0
[2026-05-01T21:57:22Z] [WARNING] ⚠️ Database not initialized for cycle counting
[2026-05-01T21:57:22Z] [INFO] 💾 Database updated with cycle results
[2026-05-01T21:57:22Z] [SECTION] ============================================================
[2026-05-01T21:57:22Z] [INFO] 🔮 PHASE: HIDDEN LAYERING DETECTION
[2026-05-01T21:57:22Z] [INFO] 🔗 Hidden layering detection complete. Connections identified: 2
[2026-05-01T21:57:22Z] [SECTION] ============================================================
[2026-05-01T21:57:22Z] [INFO] 🔬 PHASE: DOMAIN CORRELATION ANALYSIS
[2026-05-01T21:57:22Z] [INFO] 📊 Domain correlation matrices created: 1
[2026-05-01T21:57:22Z] [SECTION] ============================================================
[2026-05-01T21:57:22Z] [INFO] 🖼️  PHASE: IMAGE-SEED ANALYSIS
[2026-05-01T21:57:22Z] [INFO] 📂 Image seed analysis bootstrapping from 0 images...
[2026-05-01T21:57:22Z] [SECTION] ============================================================
[2026-05-01T21:57:22Z] [INFO] 📤 PHASE: PUSH COMPONENTS TO TOLARIA
[2026-05-01T21:57:23Z] [INFO] 📦 Components pushed to Tolaria: 5
[2026-05-01T21:57:23Z] [SECTION] ============================================================
[2026-05-01T21:57:23Z] [INFO] 🧩 PHASE: COMPOSER - DOMAIN INTEGRATION SYNTHESIS
[2026-05-01T21:57:23Z] [INFO] 🎨 Domain integrations synthesized: 0
[2026-05-01T21:57:23Z] [SECTION] ============================================================
[2026-05-01T21:57:23Z] [INFO] 🚀 PHASE: ADVANCED OVERNIGHT LOOP
[2026-05-01T21:57:23Z] [INFO] 🔬 Advanced loop completed cycles: 0
[2026-05-01T21:57:23Z] [WARNING] ⚠️  Git commit skipped or failed (git not initialized?): Command '['git', '-C', '/home/avalonas/.hermes/gematria/unified_overnight_research', 'add', '.']' returned non-zero exit status 128.
[2026-05-01T21:57:23Z] [INFO] 
📊 CYCLE #52 SUMMARY
[2026-05-01T21:57:23Z] [INFO] ✅ Successful tasks: 7/7
[2026-05-01T21:57:23Z] [INFO] ⏱️  Cycle duration: 1.66s
[2026-05-01T21:57:23Z] [INFO]    ⚠️ task: result
[2026-05-01T21:57:23Z] [INFO]    ⚠️ task: result
[2026-05-01T21:57:23Z] [INFO]    ⚠️ task: result
[2026-05-01T21:57:23Z] [INFO]    ⚠️ task: result
[2026-05-01T21:57:23Z] [INFO]    ⚠️ task: result
[2026-05-01T21:57:23Z] [INFO]    ⚠️ task: result
[2026-05-01T21:57:23Z] [INFO]    ⚠️ task: result
[2026-05-01T21:57:23Z] [HEADER] ================================================================================
[2026-05-01T21:57:23Z] [INFO] 🔄 OVERNIGHT RESEARCH PIPELINE - CYCLE #53
[2026-05-01T21:57:23Z] [INFO] ================================================================================
[2026-05-01T21:57:23Z] [HEADER] ============================================================
[2026-05-01T21:57:23Z] [INFO] 🌙 STARTING OVERNIGHT RESEARCH CYCLE #53
[2026-05-01T21:57:23Z] [INFO] 🔍 Running overnight research protocol (web scraping + cross-symbol analysis)...
[2026-05-01T21:57:24Z] [INFO] 📊 Cycle duration: 0.56s, Files generated: 0
[2026-05-01T21:57:24Z] [WARNING] ⚠️ Database not initialized for cycle counting
[2026-05-01T21:57:24Z] [INFO] 💾 Database updated with cycle results
[2026-05-01T21:57:24Z] [SECTION] ============================================================
[2026-05-01T21:57:24Z] [INFO] 🔮 PHASE: HIDDEN LAYERING DETECTION
[2026-05-01T21:57:24Z] [INFO] 🔗 Hidden layering detection complete. Connections identified: 2
[2026-05-01T21:57:24Z] [SECTION] ============================================================
[2026-05-01T21:57:24Z] [INFO] 🔬 PHASE: DOMAIN CORRELATION ANALYSIS
[2026-05-01T21:57:24Z] [INFO] 📊 Domain correlation matrices created: 1
[2026-05-01T21:57:24Z] [SECTION] ============================================================
[2026-05-01T21:57:24Z] [INFO] 🖼️  PHASE: IMAGE-SEED ANALYSIS
[2026-05-01T21:57:24Z] [INFO] 📂 Image seed analysis bootstrapping from 0 images...
[2026-05-01T21:57:24Z] [SECTION] ============================================================
[2026-05-01T21:57:24Z] [INFO] 📤 PHASE: PUSH COMPONENTS TO TOLARIA
[2026-05-01T21:57:25Z] [INFO] 📦 Components pushed to Tolaria: 5
[2026-05-01T21:57:25Z] [SECTION] ============================================================
[2026-05-01T21:57:25Z] [INFO] 🧩 PHASE: COMPOSER - DOMAIN INTEGRATION SYNTHESIS
[2026-05-01T21:57:25Z] [INFO] 🎨 Domain integrations synthesized: 0
[2026-05-01T21:57:25Z] [SECTION] ============================================================
[2026-05-01T21:57:25Z] [INFO] 🚀 PHASE: ADVANCED OVERNIGHT LOOP
[2026-05-01T21:57:25Z] [INFO] 🔬 Advanced loop completed cycles: 0
[2026-05-01T21:57:25Z] [WARNING] ⚠️  Git commit skipped or failed (git not initialized?): Command '['git', '-C', '/home/avalonas/.hermes/gematria/unified_overnight_research', 'add', '.']' returned non-zero exit status 128.
[2026-05-01T21:57:25Z] [INFO] 
📊 CYCLE #53 SUMMARY
[2026-05-01T21:57:25Z] [INFO] ✅ Successful tasks: 7/7
[2026-05-01T21:57:25Z] [INFO] ⏱️  Cycle duration: 1.64s
[2026-05-01T21:57:25Z] [INFO]    ⚠️ task: result
[2026-05-01T21:57:25Z] [INFO]    ⚠️ task: result
[2026-05-01T21:57:25Z] [INFO]    ⚠️ task: result
[2026-05-01T21:57:25Z] [INFO]    ⚠️ task: result
[2026-05-01T21:57:25Z] [INFO]    ⚠️ task: result
[2026-05-01T21:57:25Z] [INFO]    ⚠️ task: result
[2026-05-01T21:57:25Z] [INFO]    ⚠️ task: result
[2026-05-01T21:57:25Z] [HEADER] ================================================================================
[2026-05-01T21:57:25Z] [INFO] 🔄 OVERNIGHT RESEARCH PIPELINE - CYCLE #54
[2026-05-01T21:57:25Z] [INFO] ================================================================================
[2026-05-01T21:57:25Z] [HEADER] ============================================================
[2026-05-01T21:57:25Z] [INFO] 🌙 STARTING OVERNIGHT RESEARCH CYCLE #54
[2026-05-01T21:57:25Z] [INFO] 🔍 Running overnight research protocol (web scraping + cross-symbol analysis)...
[2026-05-01T21:57:26Z] [INFO] 📊 Cycle duration: 0.56s, Files generated: 0
[2026-05-01T21:57:26Z] [WARNING] ⚠️ Database not initialized for cycle counting
[2026-05-01T21:57:26Z] [INFO] 💾 Database updated with cycle results
[2026-05-01T21:57:26Z] [SECTION] ============================================================
[2026-05-01T21:57:26Z] [INFO] 🔮 PHASE: HIDDEN LAYERING DETECTION
[2026-05-01T21:57:26Z] [INFO] 🔗 Hidden layering detection complete. Connections identified: 2
[2026-05-01T21:57:26Z] [SECTION] ============================================================
[2026-05-01T21:57:26Z] [INFO] 🔬 PHASE: DOMAIN CORRELATION ANALYSIS
[2026-05-01T21:57:26Z] [INFO] 📊 Domain correlation matrices created: 1
[2026-05-01T21:57:26Z] [SECTION] ============================================================
[2026-05-01T21:57:26Z] [INFO] 🖼️  PHASE: IMAGE-SEED ANALYSIS
[2026-05-01T21:57:26Z] [INFO] 📂 Image seed analysis bootstrapping from 0 images...
[2026-05-01T21:57:26Z] [SECTION] ============================================================
[2026-05-01T21:57:26Z] [INFO] 📤 PHASE: PUSH COMPONENTS TO TOLARIA
[2026-05-01T21:57:26Z] [INFO] 📦 Components pushed to Tolaria: 5
[2026-05-01T21:57:26Z] [SECTION] ============================================================
[2026-05-01T21:57:26Z] [INFO] 🧩 PHASE: COMPOSER - DOMAIN INTEGRATION SYNTHESIS
[2026-05-01T21:57:26Z] [INFO] 🎨 Domain integrations synthesized: 0
[2026-05-01T21:57:26Z] [SECTION] ============================================================
[2026-05-01T21:57:26Z] [INFO] 🚀 PHASE: ADVANCED OVERNIGHT LOOP
[2026-05-01T21:57:27Z] [INFO] 🔬 Advanced loop completed cycles: 0
[2026-05-01T21:57:27Z] [WARNING] ⚠️  Git commit skipped or failed (git not initialized?): Command '['git', '-C', '/home/avalonas/.hermes/gematria/unified_overnight_research', 'add', '.']' returned non-zero exit status 128.
[2026-05-01T21:57:27Z] [INFO] 
📊 CYCLE #54 SUMMARY
[2026-05-01T21:57:27Z] [INFO] ✅ Successful tasks: 7/7
[2026-05-01T21:57:27Z] [INFO] ⏱️  Cycle duration: 1.65s
[2026-05-01T21:57:27Z] [INFO]    ⚠️ task: result
[2026-05-01T21:57:27Z] [INFO]    ⚠️ task: result
[2026-05-01T21:57:27Z] [INFO]    ⚠️ task: result
[2026-05-01T21:57:27Z] [INFO]    ⚠️ task: result
[2026-05-01T21:57:27Z] [INFO]    ⚠️ task: result
[2026-05-01T21:57:27Z] [INFO]    ⚠️ task: result
[2026-05-01T21:57:27Z] [INFO]    ⚠️ task: result
[2026-05-01T21:57:27Z] [HEADER] ================================================================================
[2026-05-01T21:57:27Z] [INFO] 🔄 OVERNIGHT RESEARCH PIPELINE - CYCLE #55
[2026-05-01T21:57:27Z] [INFO] ================================================================================
[2026-05-01T21:57:27Z] [HEADER] ============================================================
[2026-05-01T21:57:27Z] [INFO] 🌙 STARTING OVERNIGHT RESEARCH CYCLE #55
[2026-05-01T21:57:27Z] [INFO] 🔍 Running overnight research protocol (web scraping + cross-symbol analysis)...
[2026-05-01T21:57:27Z] [INFO] 📊 Cycle duration: 0.56s, Files generated: 0
[2026-05-01T21:57:27Z] [WARNING] ⚠️ Database not initialized for cycle counting
[2026-05-01T21:57:27Z] [INFO] 💾 Database updated with cycle results
[2026-05-01T21:57:27Z] [SECTION] ============================================================
[2026-05-01T21:57:27Z] [INFO] 🔮 PHASE: HIDDEN LAYERING DETECTION
[2026-05-01T21:57:27Z] [INFO] 🔗 Hidden layering detection complete. Connections identified: 2
[2026-05-01T21:57:27Z] [SECTION] ============================================================
[2026-05-01T21:57:27Z] [INFO] 🔬 PHASE: DOMAIN CORRELATION ANALYSIS
[2026-05-01T21:57:27Z] [INFO] 📊 Domain correlation matrices created: 1
[2026-05-01T21:57:27Z] [SECTION] ============================================================
[2026-05-01T21:57:27Z] [INFO] 🖼️  PHASE: IMAGE-SEED ANALYSIS
[2026-05-01T21:57:27Z] [INFO] 📂 Image seed analysis bootstrapping from 0 images...
[2026-05-01T21:57:27Z] [SECTION] ============================================================
[2026-05-01T21:57:27Z] [INFO] 📤 PHASE: PUSH COMPONENTS TO TOLARIA
[2026-05-01T21:57:28Z] [INFO] 📦 Components pushed to Tolaria: 5
[2026-05-01T21:57:28Z] [SECTION] ============================================================
[2026-05-01T21:57:28Z] [INFO] 🧩 PHASE: COMPOSER - DOMAIN INTEGRATION SYNTHESIS
[2026-05-01T21:57:28Z] [INFO] 🎨 Domain integrations synthesized: 0
[2026-05-01T21:57:28Z] [SECTION] ============================================================
[2026-05-01T21:57:28Z] [INFO] 🚀 PHASE: ADVANCED OVERNIGHT LOOP
[2026-05-01T21:57:29Z] [INFO] 🔬 Advanced loop completed cycles: 0
[2026-05-01T21:57:29Z] [WARNING] ⚠️  Git commit skipped or failed (git not initialized?): Command '['git', '-C', '/home/avalonas/.hermes/gematria/unified_overnight_research', 'add', '.']' returned non-zero exit status 128.
[2026-05-01T21:57:29Z] [INFO] 
📊 CYCLE #55 SUMMARY
[2026-05-01T21:57:29Z] [INFO] ✅ Successful tasks: 7/7
[2026-05-01T21:57:29Z] [INFO] ⏱️  Cycle duration: 1.92s
[2026-05-01T21:57:29Z] [INFO]    ⚠️ task: result
[2026-05-01T21:57:29Z] [INFO]    ⚠️ task: result
[2026-05-01T21:57:29Z] [INFO]    ⚠️ task: result
[2026-05-01T21:57:29Z] [INFO]    ⚠️ task: result
[2026-05-01T21:57:29Z] [INFO]    ⚠️ task: result
[2026-05-01T21:57:29Z] [INFO]    ⚠️ task: result
[2026-05-01T21:57:29Z] [INFO]    ⚠️ task: result
[2026-05-01T21:57:29Z] [HEADER] ================================================================================
[2026-05-01T21:57:29Z] [INFO] 🔄 OVERNIGHT RESEARCH PIPELINE - CYCLE #56
[2026-05-01T21:57:29Z] [INFO] ================================================================================
[2026-05-01T21:57:29Z] [HEADER] ============================================================
[2026-05-01T21:57:29Z] [INFO] 🌙 STARTING OVERNIGHT RESEARCH CYCLE #56
[2026-05-01T21:57:29Z] [INFO] 🔍 Running overnight research protocol (web scraping + cross-symbol analysis)...
[2026-05-01T21:57:29Z] [INFO] 📊 Cycle duration: 0.57s, Files generated: 0
[2026-05-01T21:57:29Z] [WARNING] ⚠️ Database not initialized for cycle counting
[2026-05-01T21:57:29Z] [INFO] 💾 Database updated with cycle results
[2026-05-01T21:57:29Z] [SECTION] ============================================================
[2026-05-01T21:57:29Z] [INFO] 🔮 PHASE: HIDDEN LAYERING DETECTION
[2026-05-01T21:57:29Z] [INFO] 🔗 Hidden layering detection complete. Connections identified: 2
[2026-05-01T21:57:29Z] [SECTION] ============================================================
[2026-05-01T21:57:29Z] [INFO] 🔬 PHASE: DOMAIN CORRELATION ANALYSIS
[2026-05-01T21:57:29Z] [INFO] 📊 Domain correlation matrices created: 1
[2026-05-01T21:57:29Z] [SECTION] ============================================================
[2026-05-01T21:57:29Z] [INFO] 🖼️  PHASE: IMAGE-SEED ANALYSIS
[2026-05-01T21:57:29Z] [INFO] 📂 Image seed analysis bootstrapping from 0 images...
[2026-05-01T21:57:29Z] [SECTION] ============================================================
[2026-05-01T21:57:29Z] [INFO] 📤 PHASE: PUSH COMPONENTS TO TOLARIA
[2026-05-01T21:57:30Z] [INFO] 📦 Components pushed to Tolaria: 5
[2026-05-01T21:57:30Z] [SECTION] ============================================================
[2026-05-01T21:57:30Z] [INFO] 🧩 PHASE: COMPOSER - DOMAIN INTEGRATION SYNTHESIS
[2026-05-01T21:57:30Z] [INFO] 🎨 Domain integrations synthesized: 0
[2026-05-01T21:57:30Z] [SECTION] ============================================================
[2026-05-01T21:57:30Z] [INFO] 🚀 PHASE: ADVANCED OVERNIGHT LOOP
[2026-05-01T21:57:30Z] [INFO] 🔬 Advanced loop completed cycles: 0
[2026-05-01T21:57:30Z] [WARNING] ⚠️  Git commit skipped or failed (git not initialized?): Command '['git', '-C', '/home/avalonas/.hermes/gematria/unified_overnight_research', 'add', '.']' returned non-zero exit status 128.
[2026-05-01T21:57:30Z] [INFO] 
📊 CYCLE #56 SUMMARY
[2026-05-01T21:57:30Z] [INFO] ✅ Successful tasks: 7/7
[2026-05-01T21:57:30Z] [INFO] ⏱️  Cycle duration: 1.73s
[2026-05-01T21:57:30Z] [INFO]    ⚠️ task: result
[2026-05-01T21:57:30Z] [INFO]    ⚠️ task: result
[2026-05-01T21:57:30Z] [INFO]    ⚠️ task: result
[2026-05-01T21:57:30Z] [INFO]    ⚠️ task: result
[2026-05-01T21:57:30Z] [INFO]    ⚠️ task: result
[2026-05-01T21:57:30Z] [INFO]    ⚠️ task: result
[2026-05-01T21:57:30Z] [INFO]    ⚠️ task: result
[2026-05-01T21:57:30Z] [HEADER] ================================================================================
[2026-05-01T21:57:30Z] [INFO] 🔄 OVERNIGHT RESEARCH PIPELINE - CYCLE #57
[2026-05-01T21:57:30Z] [INFO] ================================================================================
[2026-05-01T21:57:30Z] [HEADER] ============================================================
[2026-05-01T21:57:30Z] [INFO] 🌙 STARTING OVERNIGHT RESEARCH CYCLE #57
[2026-05-01T21:57:30Z] [INFO] 🔍 Running overnight research protocol (web scraping + cross-symbol analysis)...
[2026-05-01T21:57:31Z] [INFO] 📊 Cycle duration: 0.57s, Files generated: 0
[2026-05-01T21:57:31Z] [WARNING] ⚠️ Database not initialized for cycle counting
[2026-05-01T21:57:31Z] [INFO] 💾 Database updated with cycle results
[2026-05-01T21:57:31Z] [SECTION] ============================================================
[2026-05-01T21:57:31Z] [INFO] 🔮 PHASE: HIDDEN LAYERING DETECTION
[2026-05-01T21:57:31Z] [INFO] 🔗 Hidden layering detection complete. Connections identified: 2
[2026-05-01T21:57:31Z] [SECTION] ============================================================
[2026-05-01T21:57:31Z] [INFO] 🔬 PHASE: DOMAIN CORRELATION ANALYSIS
[2026-05-01T21:57:31Z] [INFO] 📊 Domain correlation matrices created: 1
[2026-05-01T21:57:31Z] [SECTION] ============================================================
[2026-05-01T21:57:31Z] [INFO] 🖼️  PHASE: IMAGE-SEED ANALYSIS
[2026-05-01T21:57:31Z] [INFO] 📂 Image seed analysis bootstrapping from 0 images...
[2026-05-01T21:57:31Z] [SECTION] ============================================================
[2026-05-01T21:57:31Z] [INFO] 📤 PHASE: PUSH COMPONENTS TO TOLARIA
[2026-05-01T21:57:32Z] [INFO] 📦 Components pushed to Tolaria: 5
[2026-05-01T21:57:32Z] [SECTION] ============================================================
[2026-05-01T21:57:32Z] [INFO] 🧩 PHASE: COMPOSER - DOMAIN INTEGRATION SYNTHESIS
[2026-05-01T21:57:32Z] [INFO] 🎨 Domain integrations synthesized: 0
[2026-05-01T21:57:32Z] [SECTION] ============================================================
[2026-05-01T21:57:32Z] [INFO] 🚀 PHASE: ADVANCED OVERNIGHT LOOP
[2026-05-01T21:57:32Z] [INFO] 🔬 Advanced loop completed cycles: 0
[2026-05-01T21:57:32Z] [WARNING] ⚠️  Git commit skipped or failed (git not initialized?): Command '['git', '-C', '/home/avalonas/.hermes/gematria/unified_overnight_research', 'add', '.']' returned non-zero exit status 128.
[2026-05-01T21:57:32Z] [INFO] 
📊 CYCLE #57 SUMMARY
[2026-05-01T21:57:32Z] [INFO] ✅ Successful tasks: 7/7
[2026-05-01T21:57:32Z] [INFO] ⏱️  Cycle duration: 1.72s
[2026-05-01T21:57:32Z] [INFO]    ⚠️ task: result
[2026-05-01T21:57:32Z] [INFO]    ⚠️ task: result
[2026-05-01T21:57:32Z] [INFO]    ⚠️ task: result
[2026-05-01T21:57:32Z] [INFO]    ⚠️ task: result
[2026-05-01T21:57:32Z] [INFO]    ⚠️ task: result
[2026-05-01T21:57:32Z] [INFO]    ⚠️ task: result
[2026-05-01T21:57:32Z] [INFO]    ⚠️ task: result
[2026-05-01T21:57:32Z] [HEADER] ================================================================================
[2026-05-01T21:57:32Z] [INFO] 🔄 OVERNIGHT RESEARCH PIPELINE - CYCLE #58
[2026-05-01T21:57:32Z] [INFO] ================================================================================
[2026-05-01T21:57:32Z] [HEADER] ============================================================
[2026-05-01T21:57:32Z] [INFO] 🌙 STARTING OVERNIGHT RESEARCH CYCLE #58
[2026-05-01T21:57:32Z] [INFO] 🔍 Running overnight research protocol (web scraping + cross-symbol analysis)...
[2026-05-01T21:57:33Z] [INFO] 📊 Cycle duration: 0.57s, Files generated: 0
[2026-05-01T21:57:33Z] [WARNING] ⚠️ Database not initialized for cycle counting
[2026-05-01T21:57:33Z] [INFO] 💾 Database updated with cycle results
[2026-05-01T21:57:33Z] [SECTION] ============================================================
[2026-05-01T21:57:33Z] [INFO] 🔮 PHASE: HIDDEN LAYERING DETECTION
[2026-05-01T21:57:33Z] [INFO] 🔗 Hidden layering detection complete. Connections identified: 2
[2026-05-01T21:57:33Z] [SECTION] ============================================================
[2026-05-01T21:57:33Z] [INFO] 🔬 PHASE: DOMAIN CORRELATION ANALYSIS
[2026-05-01T21:57:33Z] [INFO] 📊 Domain correlation matrices created: 1
[2026-05-01T21:57:33Z] [SECTION] ============================================================
[2026-05-01T21:57:33Z] [INFO] 🖼️  PHASE: IMAGE-SEED ANALYSIS
[2026-05-01T21:57:33Z] [INFO] 📂 Image seed analysis bootstrapping from 0 images...
[2026-05-01T21:57:33Z] [SECTION] ============================================================
[2026-05-01T21:57:33Z] [INFO] 📤 PHASE: PUSH COMPONENTS TO TOLARIA
[2026-05-01T21:57:33Z] [INFO] 📦 Components pushed to Tolaria: 5
[2026-05-01T21:57:33Z] [SECTION] ============================================================
[2026-05-01T21:57:33Z] [INFO] 🧩 PHASE: COMPOSER - DOMAIN INTEGRATION SYNTHESIS
[2026-05-01T21:57:34Z] [INFO] 🎨 Domain integrations synthesized: 0
[2026-05-01T21:57:34Z] [SECTION] ============================================================
[2026-05-01T21:57:34Z] [INFO] 🚀 PHASE: ADVANCED OVERNIGHT LOOP
[2026-05-01T21:57:34Z] [INFO] 🔬 Advanced loop completed cycles: 0
[2026-05-01T21:57:34Z] [WARNING] ⚠️  Git commit skipped or failed (git not initialized?): Command '['git', '-C', '/home/avalonas/.hermes/gematria/unified_overnight_research', 'add', '.']' returned non-zero exit status 128.
[2026-05-01T21:57:34Z] [INFO] 
📊 CYCLE #58 SUMMARY
[2026-05-01T21:57:34Z] [INFO] ✅ Successful tasks: 7/7
[2026-05-01T21:57:34Z] [INFO] ⏱️  Cycle duration: 1.70s
[2026-05-01T21:57:34Z] [INFO]    ⚠️ task: result
[2026-05-01T21:57:34Z] [INFO]    ⚠️ task: result
[2026-05-01T21:57:34Z] [INFO]    ⚠️ task: result
[2026-05-01T21:57:34Z] [INFO]    ⚠️ task: result
[2026-05-01T21:57:34Z] [INFO]    ⚠️ task: result
[2026-05-01T21:57:34Z] [INFO]    ⚠️ task: result
[2026-05-01T21:57:34Z] [INFO]    ⚠️ task: result
[2026-05-01T21:57:34Z] [HEADER] ================================================================================
[2026-05-01T21:57:34Z] [INFO] 🔄 OVERNIGHT RESEARCH PIPELINE - CYCLE #59
[2026-05-01T21:57:34Z] [INFO] ================================================================================
[2026-05-01T21:57:34Z] [HEADER] ============================================================
[2026-05-01T21:57:34Z] [INFO] 🌙 STARTING OVERNIGHT RESEARCH CYCLE #59
[2026-05-01T21:57:34Z] [INFO] 🔍 Running overnight research protocol (web scraping + cross-symbol analysis)...
[2026-05-01T21:57:34Z] [INFO] 📊 Cycle duration: 0.57s, Files generated: 0
[2026-05-01T21:57:34Z] [WARNING] ⚠️ Database not initialized for cycle counting
[2026-05-01T21:57:34Z] [INFO] 💾 Database updated with cycle results
[2026-05-01T21:57:34Z] [SECTION] ============================================================
[2026-05-01T21:57:34Z] [INFO] 🔮 PHASE: HIDDEN LAYERING DETECTION
[2026-05-01T21:57:34Z] [INFO] 🔗 Hidden layering detection complete. Connections identified: 2
[2026-05-01T21:57:34Z] [SECTION] ============================================================
[2026-05-01T21:57:34Z] [INFO] 🔬 PHASE: DOMAIN CORRELATION ANALYSIS
[2026-05-01T21:57:34Z] [INFO] 📊 Domain correlation matrices created: 1
[2026-05-01T21:57:34Z] [SECTION] ============================================================
[2026-05-01T21:57:34Z] [INFO] 🖼️  PHASE: IMAGE-SEED ANALYSIS
[2026-05-01T21:57:34Z] [INFO] 📂 Image seed analysis bootstrapping from 0 images...
[2026-05-01T21:57:34Z] [SECTION] ============================================================
[2026-05-01T21:57:34Z] [INFO] 📤 PHASE: PUSH COMPONENTS TO TOLARIA
[2026-05-01T21:57:35Z] [INFO] 📦 Components pushed to Tolaria: 5
[2026-05-01T21:57:35Z] [SECTION] ============================================================
[2026-05-01T21:57:35Z] [INFO] 🧩 PHASE: COMPOSER - DOMAIN INTEGRATION SYNTHESIS
[2026-05-01T21:57:35Z] [INFO] 🎨 Domain integrations synthesized: 0
[2026-05-01T21:57:35Z] [SECTION] ============================================================
[2026-05-01T21:57:35Z] [INFO] 🚀 PHASE: ADVANCED OVERNIGHT LOOP
[2026-05-01T21:57:35Z] [INFO] 🔬 Advanced loop completed cycles: 0
[2026-05-01T21:57:36Z] [WARNING] ⚠️  Git commit skipped or failed (git not initialized?): Command '['git', '-C', '/home/avalonas/.hermes/gematria/unified_overnight_research', 'add', '.']' returned non-zero exit status 128.
[2026-05-01T21:57:36Z] [INFO] 
📊 CYCLE #59 SUMMARY
[2026-05-01T21:57:36Z] [INFO] ✅ Successful tasks: 7/7
[2026-05-01T21:57:36Z] [INFO] ⏱️  Cycle duration: 1.74s
[2026-05-01T21:57:36Z] [INFO]    ⚠️ task: result
[2026-05-01T21:57:36Z] [INFO]    ⚠️ task: result
[2026-05-01T21:57:36Z] [INFO]    ⚠️ task: result
[2026-05-01T21:57:36Z] [INFO]    ⚠️ task: result
[2026-05-01T21:57:36Z] [INFO]    ⚠️ task: result
[2026-05-01T21:57:36Z] [INFO]    ⚠️ task: result
[2026-05-01T21:57:36Z] [INFO]    ⚠️ task: result
[2026-05-01T21:57:36Z] [HEADER] ================================================================================
[2026-05-01T21:57:36Z] [INFO] 🔄 OVERNIGHT RESEARCH PIPELINE - CYCLE #60
[2026-05-01T21:57:36Z] [INFO] ================================================================================
[2026-05-01T21:57:36Z] [HEADER] ============================================================
[2026-05-01T21:57:36Z] [INFO] 🌙 STARTING OVERNIGHT RESEARCH CYCLE #60
[2026-05-01T21:57:36Z] [INFO] 🔍 Running overnight research protocol (web scraping + cross-symbol analysis)...
[2026-05-01T21:57:36Z] [INFO] 📊 Cycle duration: 0.56s, Files generated: 0
[2026-05-01T21:57:36Z] [WARNING] ⚠️ Database not initialized for cycle counting
[2026-05-01T21:57:36Z] [INFO] 💾 Database updated with cycle results
[2026-05-01T21:57:36Z] [SECTION] ============================================================
[2026-05-01T21:57:36Z] [INFO] 🔮 PHASE: HIDDEN LAYERING DETECTION
[2026-05-01T21:57:36Z] [INFO] 🔗 Hidden layering detection complete. Connections identified: 2
[2026-05-01T21:57:36Z] [SECTION] ============================================================
[2026-05-01T21:57:36Z] [INFO] 🔬 PHASE: DOMAIN CORRELATION ANALYSIS
[2026-05-01T21:57:36Z] [INFO] 📊 Domain correlation matrices created: 1
[2026-05-01T21:57:36Z] [SECTION] ============================================================
[2026-05-01T21:57:36Z] [INFO] 🖼️  PHASE: IMAGE-SEED ANALYSIS
[2026-05-01T21:57:36Z] [INFO] 📂 Image seed analysis bootstrapping from 0 images...
[2026-05-01T21:57:36Z] [SECTION] ============================================================
[2026-05-01T21:57:36Z] [INFO] 📤 PHASE: PUSH COMPONENTS TO TOLARIA
[2026-05-01T21:57:37Z] [INFO] 📦 Components pushed to Tolaria: 5
[2026-05-01T21:57:37Z] [SECTION] ============================================================
[2026-05-01T21:57:37Z] [INFO] 🧩 PHASE: COMPOSER - DOMAIN INTEGRATION SYNTHESIS
[2026-05-01T21:57:37Z] [INFO] 🎨 Domain integrations synthesized: 0
[2026-05-01T21:57:37Z] [SECTION] ============================================================
[2026-05-01T21:57:37Z] [INFO] 🚀 PHASE: ADVANCED OVERNIGHT LOOP
[2026-05-01T21:57:37Z] [INFO] 🔬 Advanced loop completed cycles: 0
[2026-05-01T21:57:37Z] [WARNING] ⚠️  Git commit skipped or failed (git not initialized?): Command '['git', '-C', '/home/avalonas/.hermes/gematria/unified_overnight_research', 'add', '.']' returned non-zero exit status 128.
[2026-05-01T21:57:37Z] [INFO] 
📊 CYCLE #60 SUMMARY
[2026-05-01T21:57:37Z] [INFO] ✅ Successful tasks: 7/7
[2026-05-01T21:57:37Z] [INFO] ⏱️  Cycle duration: 1.63s
[2026-05-01T21:57:37Z] [INFO]    ⚠️ task: result
[2026-05-01T21:57:37Z] [INFO]    ⚠️ task: result
[2026-05-01T21:57:37Z] [INFO]    ⚠️ task: result
[2026-05-01T21:57:37Z] [INFO]    ⚠️ task: result
[2026-05-01T21:57:37Z] [INFO]    ⚠️ task: result
[2026-05-01T21:57:37Z] [INFO]    ⚠️ task: result
[2026-05-01T21:57:37Z] [INFO]    ⚠️ task: result
[2026-05-01T21:57:37Z] [HEADER] ================================================================================
[2026-05-01T21:57:37Z] [INFO] 🔄 OVERNIGHT RESEARCH PIPELINE - CYCLE #61
[2026-05-01T21:57:37Z] [INFO] ================================================================================
[2026-05-01T21:57:37Z] [HEADER] ============================================================
[2026-05-01T21:57:37Z] [INFO] 🌙 STARTING OVERNIGHT RESEARCH CYCLE #61
[2026-05-01T21:57:37Z] [INFO] 🔍 Running overnight research protocol (web scraping + cross-symbol analysis)...
[2026-05-01T21:57:38Z] [INFO] 📊 Cycle duration: 0.56s, Files generated: 0
[2026-05-01T21:57:38Z] [WARNING] ⚠️ Database not initialized for cycle counting
[2026-05-01T21:57:38Z] [INFO] 💾 Database updated with cycle results
[2026-05-01T21:57:38Z] [SECTION] ============================================================
[2026-05-01T21:57:38Z] [INFO] 🔮 PHASE: HIDDEN LAYERING DETECTION
[2026-05-01T21:57:38Z] [INFO] 🔗 Hidden layering detection complete. Connections identified: 2
[2026-05-01T21:57:38Z] [SECTION] ============================================================
[2026-05-01T21:57:38Z] [INFO] 🔬 PHASE: DOMAIN CORRELATION ANALYSIS
[2026-05-01T21:57:38Z] [INFO] 📊 Domain correlation matrices created: 1
[2026-05-01T21:57:38Z] [SECTION] ============================================================
[2026-05-01T21:57:38Z] [INFO] 🖼️  PHASE: IMAGE-SEED ANALYSIS
[2026-05-01T21:57:38Z] [INFO] 📂 Image seed analysis bootstrapping from 0 images...
[2026-05-01T21:57:38Z] [SECTION] ============================================================
[2026-05-01T21:57:38Z] [INFO] 📤 PHASE: PUSH COMPONENTS TO TOLARIA
[2026-05-01T21:57:39Z] [INFO] 📦 Components pushed to Tolaria: 5
[2026-05-01T21:57:39Z] [SECTION] ============================================================
[2026-05-01T21:57:39Z] [INFO] 🧩 PHASE: COMPOSER - DOMAIN INTEGRATION SYNTHESIS
[2026-05-01T21:57:39Z] [INFO] 🎨 Domain integrations synthesized: 0
[2026-05-01T21:57:39Z] [SECTION] ============================================================
[2026-05-01T21:57:39Z] [INFO] 🚀 PHASE: ADVANCED OVERNIGHT LOOP
[2026-05-01T21:57:39Z] [INFO] 🔬 Advanced loop completed cycles: 0
[2026-05-01T21:57:39Z] [WARNING] ⚠️  Git commit skipped or failed (git not initialized?): Command '['git', '-C', '/home/avalonas/.hermes/gematria/unified_overnight_research', 'add', '.']' returned non-zero exit status 128.
[2026-05-01T21:57:39Z] [INFO] 
📊 CYCLE #61 SUMMARY
[2026-05-01T21:57:39Z] [INFO] ✅ Successful tasks: 7/7
[2026-05-01T21:57:39Z] [INFO] ⏱️  Cycle duration: 1.97s
[2026-05-01T21:57:39Z] [INFO]    ⚠️ task: result
[2026-05-01T21:57:39Z] [INFO]    ⚠️ task: result
[2026-05-01T21:57:39Z] [INFO]    ⚠️ task: result
[2026-05-01T21:57:39Z] [INFO]    ⚠️ task: result
[2026-05-01T21:57:39Z] [INFO]    ⚠️ task: result
[2026-05-01T21:57:39Z] [INFO]    ⚠️ task: result
[2026-05-01T21:57:39Z] [INFO]    ⚠️ task: result
[2026-05-01T21:57:39Z] [HEADER] ================================================================================
[2026-05-01T21:57:39Z] [INFO] 🔄 OVERNIGHT RESEARCH PIPELINE - CYCLE #62
[2026-05-01T21:57:39Z] [INFO] ================================================================================
[2026-05-01T21:57:39Z] [HEADER] ============================================================
[2026-05-01T21:57:39Z] [INFO] 🌙 STARTING OVERNIGHT RESEARCH CYCLE #62
[2026-05-01T21:57:39Z] [INFO] 🔍 Running overnight research protocol (web scraping + cross-symbol analysis)...
[2026-05-01T21:57:40Z] [INFO] 📊 Cycle duration: 0.57s, Files generated: 0
[2026-05-01T21:57:40Z] [WARNING] ⚠️ Database not initialized for cycle counting
[2026-05-01T21:57:40Z] [INFO] 💾 Database updated with cycle results
[2026-05-01T21:57:40Z] [SECTION] ============================================================
[2026-05-01T21:57:40Z] [INFO] 🔮 PHASE: HIDDEN LAYERING DETECTION
[2026-05-01T21:57:40Z] [INFO] 🔗 Hidden layering detection complete. Connections identified: 2
[2026-05-01T21:57:40Z] [SECTION] ============================================================
[2026-05-01T21:57:40Z] [INFO] 🔬 PHASE: DOMAIN CORRELATION ANALYSIS
[2026-05-01T21:57:40Z] [INFO] 📊 Domain correlation matrices created: 1
[2026-05-01T21:57:40Z] [SECTION] ============================================================
[2026-05-01T21:57:40Z] [INFO] 🖼️  PHASE: IMAGE-SEED ANALYSIS
[2026-05-01T21:57:40Z] [INFO] 📂 Image seed analysis bootstrapping from 0 images...
[2026-05-01T21:57:40Z] [SECTION] ============================================================
[2026-05-01T21:57:40Z] [INFO] 📤 PHASE: PUSH COMPONENTS TO TOLARIA
[2026-05-01T21:57:41Z] [INFO] 📦 Components pushed to Tolaria: 5
[2026-05-01T21:57:41Z] [SECTION] ============================================================
[2026-05-01T21:57:41Z] [INFO] 🧩 PHASE: COMPOSER - DOMAIN INTEGRATION SYNTHESIS
[2026-05-01T21:57:41Z] [INFO] 🎨 Domain integrations synthesized: 0
[2026-05-01T21:57:41Z] [SECTION] ============================================================
[2026-05-01T21:57:41Z] [INFO] 🚀 PHASE: ADVANCED OVERNIGHT LOOP
[2026-05-01T21:57:41Z] [INFO] 🔬 Advanced loop completed cycles: 0
[2026-05-01T21:57:41Z] [WARNING] ⚠️  Git commit skipped or failed (git not initialized?): Command '['git', '-C', '/home/avalonas/.hermes/gematria/unified_overnight_research', 'add', '.']' returned non-zero exit status 128.
[2026-05-01T21:57:41Z] [INFO] 
📊 CYCLE #62 SUMMARY
[2026-05-01T21:57:41Z] [INFO] ✅ Successful tasks: 7/7
[2026-05-01T21:57:41Z] [INFO] ⏱️  Cycle duration: 1.74s
[2026-05-01T21:57:41Z] [INFO]    ⚠️ task: result
[2026-05-01T21:57:41Z] [INFO]    ⚠️ task: result
[2026-05-01T21:57:41Z] [INFO]    ⚠️ task: result
[2026-05-01T21:57:41Z] [INFO]    ⚠️ task: result
[2026-05-01T21:57:41Z] [INFO]    ⚠️ task: result
[2026-05-01T21:57:41Z] [INFO]    ⚠️ task: result
[2026-05-01T21:57:41Z] [INFO]    ⚠️ task: result
[2026-05-01T21:57:41Z] [HEADER] ================================================================================
[2026-05-01T21:57:41Z] [INFO] 🔄 OVERNIGHT RESEARCH PIPELINE - CYCLE #63
[2026-05-01T21:57:41Z] [INFO] ================================================================================
[2026-05-01T21:57:41Z] [HEADER] ============================================================
[2026-05-01T21:57:41Z] [INFO] 🌙 STARTING OVERNIGHT RESEARCH CYCLE #63
[2026-05-01T21:57:41Z] [INFO] 🔍 Running overnight research protocol (web scraping + cross-symbol analysis)...
[2026-05-01T21:57:41Z] [INFO] 📊 Cycle duration: 0.57s, Files generated: 0
[2026-05-01T21:57:41Z] [WARNING] ⚠️ Database not initialized for cycle counting
[2026-05-01T21:57:41Z] [INFO] 💾 Database updated with cycle results
[2026-05-01T21:57:41Z] [SECTION] ============================================================
[2026-05-01T21:57:41Z] [INFO] 🔮 PHASE: HIDDEN LAYERING DETECTION
[2026-05-01T21:57:41Z] [INFO] 🔗 Hidden layering detection complete. Connections identified: 2
[2026-05-01T21:57:41Z] [SECTION] ============================================================
[2026-05-01T21:57:41Z] [INFO] 🔬 PHASE: DOMAIN CORRELATION ANALYSIS
[2026-05-01T21:57:41Z] [INFO] 📊 Domain correlation matrices created: 1
[2026-05-01T21:57:41Z] [SECTION] ============================================================
[2026-05-01T21:57:41Z] [INFO] 🖼️  PHASE: IMAGE-SEED ANALYSIS
[2026-05-01T21:57:41Z] [INFO] 📂 Image seed analysis bootstrapping from 0 images...
[2026-05-01T21:57:42Z] [SECTION] ============================================================
[2026-05-01T21:57:42Z] [INFO] 📤 PHASE: PUSH COMPONENTS TO TOLARIA
