[2026-05-02T02:33:50Z] [HEADER] ================================================================================
[2026-05-02T02:33:50Z] [INFO] 🔄 OVERNIGHT RESEARCH PIPELINE - CYCLE #2
[2026-05-02T02:33:50Z] [INFO] ================================================================================
[2026-05-02T02:33:50Z] [HEADER] ============================================================
[2026-05-02T02:33:50Z] [INFO] 🌙 STARTING OVERNIGHT RESEARCH CYCLE #2
[2026-05-02T02:33:50Z] [INFO] 🔍 Running overnight research protocol (web scraping + cross-symbol analysis)...
[2026-05-02T02:33:50Z] [INFO] 📊 Cycle duration: 0.25s, Files generated: 0
[2026-05-02T02:33:50Z] [WARNING] ⚠️ Database not initialized for cycle counting
[2026-05-02T02:33:50Z] [INFO] 💾 Database updated with cycle results
[2026-05-02T02:33:50Z] [SECTION] ============================================================
[2026-05-02T02:33:50Z] [INFO] 🔮 PHASE: HIDDEN LAYERING DETECTION
[2026-05-02T02:33:50Z] [INFO] 🔗 Hidden layering detection complete. Connections identified: 2
[2026-05-02T02:33:50Z] [SECTION] ============================================================
[2026-05-02T02:33:50Z] [INFO] 🔬 PHASE: DOMAIN CORRELATION ANALYSIS
[2026-05-02T02:33:50Z] [INFO] 📊 Domain correlation matrices created: 1
[2026-05-02T02:33:50Z] [SECTION] ============================================================
[2026-05-02T02:33:50Z] [INFO] 🖼️  PHASE: IMAGE-SEED ANALYSIS
[2026-05-02T02:33:50Z] [INFO] 📂 Image seed analysis bootstrapping from 5 images...
[2026-05-02T02:33:50Z] [SECTION] ============================================================
[2026-05-02T02:33:50Z] [INFO] 📤 PHASE: PUSH COMPONENTS TO TOLARIA
[2026-05-02T02:33:51Z] [INFO] 📦 Components pushed to Tolaria: 5
[2026-05-02T02:33:51Z] [SECTION] ============================================================
[2026-05-02T02:33:51Z] [INFO] 🧩 PHASE: COMPOSER - DOMAIN INTEGRATION SYNTHESIS
[2026-05-02T02:34:03Z] [INFO] 🎨 Domain integrations synthesized: 0
[2026-05-02T02:34:03Z] [SECTION] ============================================================
[2026-05-02T02:34:03Z] [INFO] 🚀 PHASE: ADVANCED OVERNIGHT LOOP
[2026-05-02T02:34:03Z] [INFO] 🔬 Advanced loop completed cycles: 0
[2026-05-02T02:34:04Z] [WARNING] ⚠️  Git commit skipped or failed (git not initialized?): Command '['git', '-C', '/home/avalonas/.hermes/gematria/unified_overnight_research', 'add', '.']' returned non-zero exit status 128.
[2026-05-02T02:34:04Z] [INFO] 
📊 CYCLE #2 SUMMARY
[2026-05-02T02:34:04Z] [INFO] ✅ Successful tasks: 7/7
[2026-05-02T02:34:04Z] [INFO] ⏱️  Cycle duration: 13.90s
[2026-05-02T02:34:04Z] [INFO]    ⚠️ task: result
[2026-05-02T02:34:04Z] [INFO]    ⚠️ task: result
[2026-05-02T02:34:04Z] [INFO]    ⚠️ task: result
[2026-05-02T02:34:04Z] [INFO]    ⚠️ task: result
[2026-05-02T02:34:04Z] [INFO]    ⚠️ task: result
[2026-05-02T02:34:04Z] [INFO]    ⚠️ task: result
[2026-05-02T02:34:04Z] [INFO]    ⚠️ task: result
[2026-05-02T02:34:04Z] [HEADER] ================================================================================
[2026-05-02T02:34:04Z] [INFO] 🔄 OVERNIGHT RESEARCH PIPELINE - CYCLE #3
[2026-05-02T02:34:04Z] [INFO] ================================================================================
[2026-05-02T02:34:04Z] [HEADER] ============================================================
[2026-05-02T02:34:04Z] [INFO] 🌙 STARTING OVERNIGHT RESEARCH CYCLE #3
[2026-05-02T02:34:04Z] [INFO] 🔍 Running overnight research protocol (web scraping + cross-symbol analysis)...
[2026-05-02T02:34:04Z] [INFO] 📊 Cycle duration: 0.24s, Files generated: 0
[2026-05-02T02:34:04Z] [WARNING] ⚠️ Database not initialized for cycle counting
[2026-05-02T02:34:04Z] [INFO] 💾 Database updated with cycle results
[2026-05-02T02:34:04Z] [SECTION] ============================================================
[2026-05-02T02:34:04Z] [INFO] 🔮 PHASE: HIDDEN LAYERING DETECTION
[2026-05-02T02:34:04Z] [INFO] 🔗 Hidden layering detection complete. Connections identified: 2
[2026-05-02T02:34:04Z] [SECTION] ============================================================
[2026-05-02T02:34:04Z] [INFO] 🔬 PHASE: DOMAIN CORRELATION ANALYSIS
[2026-05-02T02:34:04Z] [INFO] 📊 Domain correlation matrices created: 1
[2026-05-02T02:34:04Z] [SECTION] ============================================================
[2026-05-02T02:34:04Z] [INFO] 🖼️  PHASE: IMAGE-SEED ANALYSIS
[2026-05-02T02:34:04Z] [INFO] 📂 Image seed analysis bootstrapping from 5 images...
[2026-05-02T02:34:04Z] [SECTION] ============================================================
[2026-05-02T02:34:04Z] [INFO] 📤 PHASE: PUSH COMPONENTS TO TOLARIA
[2026-05-02T02:34:05Z] [INFO] 📦 Components pushed to Tolaria: 5
[2026-05-02T02:34:05Z] [SECTION] ============================================================
[2026-05-02T02:34:05Z] [INFO] 🧩 PHASE: COMPOSER - DOMAIN INTEGRATION SYNTHESIS
[2026-05-02T02:34:18Z] [INFO] 🎨 Domain integrations synthesized: 0
[2026-05-02T02:34:18Z] [SECTION] ============================================================
[2026-05-02T02:34:18Z] [INFO] 🚀 PHASE: ADVANCED OVERNIGHT LOOP
[2026-05-02T02:34:19Z] [INFO] 🔬 Advanced loop completed cycles: 0
[2026-05-02T02:34:19Z] [WARNING] ⚠️  Git commit skipped or failed (git not initialized?): Command '['git', '-C', '/home/avalonas/.hermes/gematria/unified_overnight_research', 'add', '.']' returned non-zero exit status 128.
[2026-05-02T02:34:19Z] [INFO] 
📊 CYCLE #3 SUMMARY
[2026-05-02T02:34:19Z] [INFO] ✅ Successful tasks: 7/7
[2026-05-02T02:34:19Z] [INFO] ⏱️  Cycle duration: 15.07s
[2026-05-02T02:34:19Z] [INFO]    ⚠️ task: result
[2026-05-02T02:34:19Z] [INFO]    ⚠️ task: result
[2026-05-02T02:34:19Z] [INFO]    ⚠️ task: result
[2026-05-02T02:34:19Z] [INFO]    ⚠️ task: result
[2026-05-02T02:34:19Z] [INFO]    ⚠️ task: result
[2026-05-02T02:34:19Z] [INFO]    ⚠️ task: result
[2026-05-02T02:34:19Z] [INFO]    ⚠️ task: result
[2026-05-02T02:34:19Z] [HEADER] ================================================================================
[2026-05-02T02:34:19Z] [INFO] 🔄 OVERNIGHT RESEARCH PIPELINE - CYCLE #4
[2026-05-02T02:34:19Z] [INFO] ================================================================================
[2026-05-02T02:34:19Z] [HEADER] ============================================================
[2026-05-02T02:34:19Z] [INFO] 🌙 STARTING OVERNIGHT RESEARCH CYCLE #4
[2026-05-02T02:34:19Z] [INFO] 🔍 Running overnight research protocol (web scraping + cross-symbol analysis)...
[2026-05-02T02:34:19Z] [INFO] 📊 Cycle duration: 0.13s, Files generated: 0
[2026-05-02T02:34:19Z] [WARNING] ⚠️ Database not initialized for cycle counting
[2026-05-02T02:34:19Z] [INFO] 💾 Database updated with cycle results
[2026-05-02T02:34:19Z] [SECTION] ============================================================
[2026-05-02T02:34:19Z] [INFO] 🔮 PHASE: HIDDEN LAYERING DETECTION
[2026-05-02T02:34:19Z] [INFO] 🔗 Hidden layering detection complete. Connections identified: 2
[2026-05-02T02:34:19Z] [SECTION] ============================================================
[2026-05-02T02:34:19Z] [INFO] 🔬 PHASE: DOMAIN CORRELATION ANALYSIS
[2026-05-02T02:34:19Z] [INFO] 📊 Domain correlation matrices created: 1
[2026-05-02T02:34:19Z] [SECTION] ============================================================
[2026-05-02T02:34:19Z] [INFO] 🖼️  PHASE: IMAGE-SEED ANALYSIS
[2026-05-02T02:34:19Z] [INFO] 📂 Image seed analysis bootstrapping from 5 images...
[2026-05-02T02:34:19Z] [SECTION] ============================================================
[2026-05-02T02:34:19Z] [INFO] 📤 PHASE: PUSH COMPONENTS TO TOLARIA
[2026-05-02T02:34:20Z] [INFO] 📦 Components pushed to Tolaria: 5
[2026-05-02T02:34:20Z] [SECTION] ============================================================
[2026-05-02T02:34:20Z] [INFO] 🧩 PHASE: COMPOSER - DOMAIN INTEGRATION SYNTHESIS
[2026-05-02T02:34:34Z] [INFO] 🎨 Domain integrations synthesized: 0
[2026-05-02T02:34:34Z] [SECTION] ============================================================
[2026-05-02T02:34:34Z] [INFO] 🚀 PHASE: ADVANCED OVERNIGHT LOOP
[2026-05-02T02:34:34Z] [INFO] 🔬 Advanced loop completed cycles: 0
[2026-05-02T02:34:34Z] [WARNING] ⚠️  Git commit skipped or failed (git not initialized?): Command '['git', '-C', '/home/avalonas/.hermes/gematria/unified_overnight_research', 'add', '.']' returned non-zero exit status 128.
[2026-05-02T02:34:34Z] [INFO] 
📊 CYCLE #4 SUMMARY
[2026-05-02T02:34:34Z] [INFO] ✅ Successful tasks: 7/7
[2026-05-02T02:34:34Z] [INFO] ⏱️  Cycle duration: 15.57s
[2026-05-02T02:34:34Z] [INFO]    ⚠️ task: result
[2026-05-02T02:34:34Z] [INFO]    ⚠️ task: result
[2026-05-02T02:34:34Z] [INFO]    ⚠️ task: result
[2026-05-02T02:34:34Z] [INFO]    ⚠️ task: result
[2026-05-02T02:34:34Z] [INFO]    ⚠️ task: result
[2026-05-02T02:34:34Z] [INFO]    ⚠️ task: result
[2026-05-02T02:34:34Z] [INFO]    ⚠️ task: result
[2026-05-02T02:34:34Z] [HEADER] ================================================================================
[2026-05-02T02:34:34Z] [INFO] 🔄 OVERNIGHT RESEARCH PIPELINE - CYCLE #5
[2026-05-02T02:34:34Z] [INFO] ================================================================================
[2026-05-02T02:34:34Z] [HEADER] ============================================================
[2026-05-02T02:34:34Z] [INFO] 🌙 STARTING OVERNIGHT RESEARCH CYCLE #5
[2026-05-02T02:34:34Z] [INFO] 🔍 Running overnight research protocol (web scraping + cross-symbol analysis)...
[2026-05-02T02:34:34Z] [INFO] 📊 Cycle duration: 0.15s, Files generated: 0
[2026-05-02T02:34:34Z] [WARNING] ⚠️ Database not initialized for cycle counting
[2026-05-02T02:34:34Z] [INFO] 💾 Database updated with cycle results
[2026-05-02T02:34:34Z] [SECTION] ============================================================
[2026-05-02T02:34:34Z] [INFO] 🔮 PHASE: HIDDEN LAYERING DETECTION
[2026-05-02T02:34:34Z] [INFO] 🔗 Hidden layering detection complete. Connections identified: 2
[2026-05-02T02:34:34Z] [SECTION] ============================================================
[2026-05-02T02:34:34Z] [INFO] 🔬 PHASE: DOMAIN CORRELATION ANALYSIS
[2026-05-02T02:34:34Z] [INFO] 📊 Domain correlation matrices created: 1
[2026-05-02T02:34:34Z] [SECTION] ============================================================
[2026-05-02T02:34:34Z] [INFO] 🖼️  PHASE: IMAGE-SEED ANALYSIS
[2026-05-02T02:34:34Z] [INFO] 📂 Image seed analysis bootstrapping from 5 images...
[2026-05-02T02:34:34Z] [SECTION] ============================================================
[2026-05-02T02:34:34Z] [INFO] 📤 PHASE: PUSH COMPONENTS TO TOLARIA
[2026-05-02T02:34:35Z] [INFO] 📦 Components pushed to Tolaria: 5
[2026-05-02T02:34:35Z] [SECTION] ============================================================
[2026-05-02T02:34:35Z] [INFO] 🧩 PHASE: COMPOSER - DOMAIN INTEGRATION SYNTHESIS
[2026-05-02T02:34:48Z] [INFO] 🎨 Domain integrations synthesized: 0
[2026-05-02T02:34:48Z] [SECTION] ============================================================
[2026-05-02T02:34:48Z] [INFO] 🚀 PHASE: ADVANCED OVERNIGHT LOOP
[2026-05-02T02:34:49Z] [INFO] 🔬 Advanced loop completed cycles: 0
[2026-05-02T02:34:49Z] [WARNING] ⚠️  Git commit skipped or failed (git not initialized?): Command '['git', '-C', '/home/avalonas/.hermes/gematria/unified_overnight_research', 'add', '.']' returned non-zero exit status 128.
[2026-05-02T02:34:49Z] [INFO] 
📊 CYCLE #5 SUMMARY
[2026-05-02T02:34:49Z] [INFO] ✅ Successful tasks: 7/7
[2026-05-02T02:34:49Z] [INFO] ⏱️  Cycle duration: 14.44s
[2026-05-02T02:34:49Z] [INFO]    ⚠️ task: result
[2026-05-02T02:34:49Z] [INFO]    ⚠️ task: result
[2026-05-02T02:34:49Z] [INFO]    ⚠️ task: result
[2026-05-02T02:34:49Z] [INFO]    ⚠️ task: result
[2026-05-02T02:34:49Z] [INFO]    ⚠️ task: result
[2026-05-02T02:34:49Z] [INFO]    ⚠️ task: result
[2026-05-02T02:34:49Z] [INFO]    ⚠️ task: result
[2026-05-02T02:34:49Z] [HEADER] ================================================================================
[2026-05-02T02:34:49Z] [INFO] 🔄 OVERNIGHT RESEARCH PIPELINE - CYCLE #6
[2026-05-02T02:34:49Z] [INFO] ================================================================================
[2026-05-02T02:34:49Z] [HEADER] ============================================================
[2026-05-02T02:34:49Z] [INFO] 🌙 STARTING OVERNIGHT RESEARCH CYCLE #6
[2026-05-02T02:34:49Z] [INFO] 🔍 Running overnight research protocol (web scraping + cross-symbol analysis)...
[2026-05-02T02:34:49Z] [INFO] 📊 Cycle duration: 0.12s, Files generated: 0
[2026-05-02T02:34:49Z] [WARNING] ⚠️ Database not initialized for cycle counting
[2026-05-02T02:34:49Z] [INFO] 💾 Database updated with cycle results
[2026-05-02T02:34:49Z] [SECTION] ============================================================
[2026-05-02T02:34:49Z] [INFO] 🔮 PHASE: HIDDEN LAYERING DETECTION
[2026-05-02T02:34:49Z] [INFO] 🔗 Hidden layering detection complete. Connections identified: 2
[2026-05-02T02:34:49Z] [SECTION] ============================================================
[2026-05-02T02:34:49Z] [INFO] 🔬 PHASE: DOMAIN CORRELATION ANALYSIS
[2026-05-02T02:34:49Z] [INFO] 📊 Domain correlation matrices created: 1
[2026-05-02T02:34:49Z] [SECTION] ============================================================
[2026-05-02T02:34:49Z] [INFO] 🖼️  PHASE: IMAGE-SEED ANALYSIS
[2026-05-02T02:34:49Z] [INFO] 📂 Image seed analysis bootstrapping from 5 images...
[2026-05-02T02:34:49Z] [SECTION] ============================================================
[2026-05-02T02:34:49Z] [INFO] 📤 PHASE: PUSH COMPONENTS TO TOLARIA
[2026-05-02T02:34:50Z] [INFO] 📦 Components pushed to Tolaria: 5
[2026-05-02T02:34:50Z] [SECTION] ============================================================
[2026-05-02T02:34:50Z] [INFO] 🧩 PHASE: COMPOSER - DOMAIN INTEGRATION SYNTHESIS
[2026-05-02T02:35:09Z] [INFO] 🎨 Domain integrations synthesized: 0
[2026-05-02T02:35:09Z] [SECTION] ============================================================
[2026-05-02T02:35:09Z] [INFO] 🚀 PHASE: ADVANCED OVERNIGHT LOOP
[2026-05-02T02:35:09Z] [INFO] 🔬 Advanced loop completed cycles: 0
[2026-05-02T02:35:09Z] [WARNING] ⚠️  Git commit skipped or failed (git not initialized?): Command '['git', '-C', '/home/avalonas/.hermes/gematria/unified_overnight_research', 'add', '.']' returned non-zero exit status 128.
[2026-05-02T02:35:09Z] [INFO] 
📊 CYCLE #6 SUMMARY
[2026-05-02T02:35:09Z] [INFO] ✅ Successful tasks: 7/7
[2026-05-02T02:35:09Z] [INFO] ⏱️  Cycle duration: 20.61s
[2026-05-02T02:35:09Z] [INFO]    ⚠️ task: result
[2026-05-02T02:35:09Z] [INFO]    ⚠️ task: result
[2026-05-02T02:35:09Z] [INFO]    ⚠️ task: result
[2026-05-02T02:35:09Z] [INFO]    ⚠️ task: result
[2026-05-02T02:35:09Z] [INFO]    ⚠️ task: result
[2026-05-02T02:35:09Z] [INFO]    ⚠️ task: result
[2026-05-02T02:35:09Z] [INFO]    ⚠️ task: result
[2026-05-02T02:35:09Z] [HEADER] ================================================================================
[2026-05-02T02:35:09Z] [INFO] 🔄 OVERNIGHT RESEARCH PIPELINE - CYCLE #7
[2026-05-02T02:35:09Z] [INFO] ================================================================================
[2026-05-02T02:35:09Z] [HEADER] ============================================================
[2026-05-02T02:35:09Z] [INFO] 🌙 STARTING OVERNIGHT RESEARCH CYCLE #7
[2026-05-02T02:35:09Z] [INFO] 🔍 Running overnight research protocol (web scraping + cross-symbol analysis)...
[2026-05-02T02:35:09Z] [INFO] 📊 Cycle duration: 0.23s, Files generated: 0
[2026-05-02T02:35:09Z] [WARNING] ⚠️ Database not initialized for cycle counting
[2026-05-02T02:35:09Z] [INFO] 💾 Database updated with cycle results
[2026-05-02T02:35:09Z] [SECTION] ============================================================
[2026-05-02T02:35:09Z] [INFO] 🔮 PHASE: HIDDEN LAYERING DETECTION
[2026-05-02T02:35:09Z] [INFO] 🔗 Hidden layering detection complete. Connections identified: 2
[2026-05-02T02:35:09Z] [SECTION] ============================================================
[2026-05-02T02:35:09Z] [INFO] 🔬 PHASE: DOMAIN CORRELATION ANALYSIS
[2026-05-02T02:35:09Z] [INFO] 📊 Domain correlation matrices created: 1
[2026-05-02T02:35:09Z] [SECTION] ============================================================
[2026-05-02T02:35:09Z] [INFO] 🖼️  PHASE: IMAGE-SEED ANALYSIS
[2026-05-02T02:35:09Z] [INFO] 📂 Image seed analysis bootstrapping from 5 images...
[2026-05-02T02:35:10Z] [SECTION] ============================================================
[2026-05-02T02:35:10Z] [INFO] 📤 PHASE: PUSH COMPONENTS TO TOLARIA
[2026-05-02T02:35:11Z] [INFO] 📦 Components pushed to Tolaria: 5
[2026-05-02T02:35:11Z] [SECTION] ============================================================
[2026-05-02T02:35:11Z] [INFO] 🧩 PHASE: COMPOSER - DOMAIN INTEGRATION SYNTHESIS
[2026-05-02T02:35:21Z] [INFO] 🎨 Domain integrations synthesized: 0
[2026-05-02T02:35:21Z] [SECTION] ============================================================
[2026-05-02T02:35:21Z] [INFO] 🚀 PHASE: ADVANCED OVERNIGHT LOOP
[2026-05-02T02:35:21Z] [INFO] 🔬 Advanced loop completed cycles: 0
[2026-05-02T02:35:21Z] [WARNING] ⚠️  Git commit skipped or failed (git not initialized?): Command '['git', '-C', '/home/avalonas/.hermes/gematria/unified_overnight_research', 'add', '.']' returned non-zero exit status 128.
[2026-05-02T02:35:21Z] [INFO] 
📊 CYCLE #7 SUMMARY
[2026-05-02T02:35:21Z] [INFO] ✅ Successful tasks: 7/7
[2026-05-02T02:35:21Z] [INFO] ⏱️  Cycle duration: 11.97s
[2026-05-02T02:35:21Z] [INFO]    ⚠️ task: result
[2026-05-02T02:35:21Z] [INFO]    ⚠️ task: result
[2026-05-02T02:35:21Z] [INFO]    ⚠️ task: result
[2026-05-02T02:35:21Z] [INFO]    ⚠️ task: result
[2026-05-02T02:35:21Z] [INFO]    ⚠️ task: result
[2026-05-02T02:35:21Z] [INFO]    ⚠️ task: result
[2026-05-02T02:35:21Z] [INFO]    ⚠️ task: result
[2026-05-02T02:35:21Z] [HEADER] ================================================================================
[2026-05-02T02:35:21Z] [INFO] 🔄 OVERNIGHT RESEARCH PIPELINE - CYCLE #8
[2026-05-02T02:35:21Z] [INFO] ================================================================================
[2026-05-02T02:35:21Z] [HEADER] ============================================================
[2026-05-02T02:35:21Z] [INFO] 🌙 STARTING OVERNIGHT RESEARCH CYCLE #8
[2026-05-02T02:35:21Z] [INFO] 🔍 Running overnight research protocol (web scraping + cross-symbol analysis)...
[2026-05-02T02:35:21Z] [INFO] 📊 Cycle duration: 0.23s, Files generated: 0
[2026-05-02T02:35:21Z] [WARNING] ⚠️ Database not initialized for cycle counting
[2026-05-02T02:35:21Z] [INFO] 💾 Database updated with cycle results
[2026-05-02T02:35:21Z] [SECTION] ============================================================
[2026-05-02T02:35:21Z] [INFO] 🔮 PHASE: HIDDEN LAYERING DETECTION
[2026-05-02T02:35:21Z] [INFO] 🔗 Hidden layering detection complete. Connections identified: 2
[2026-05-02T02:35:21Z] [SECTION] ============================================================
[2026-05-02T02:35:21Z] [INFO] 🔬 PHASE: DOMAIN CORRELATION ANALYSIS
[2026-05-02T02:35:21Z] [INFO] 📊 Domain correlation matrices created: 1
[2026-05-02T02:35:21Z] [SECTION] ============================================================
[2026-05-02T02:35:21Z] [INFO] 🖼️  PHASE: IMAGE-SEED ANALYSIS
[2026-05-02T02:35:21Z] [INFO] 📂 Image seed analysis bootstrapping from 5 images...
[2026-05-02T02:35:21Z] [SECTION] ============================================================
[2026-05-02T02:35:21Z] [INFO] 📤 PHASE: PUSH COMPONENTS TO TOLARIA
[2026-05-02T02:35:22Z] [INFO] 📦 Components pushed to Tolaria: 5
[2026-05-02T02:35:22Z] [SECTION] ============================================================
[2026-05-02T02:35:22Z] [INFO] 🧩 PHASE: COMPOSER - DOMAIN INTEGRATION SYNTHESIS
[2026-05-02T02:35:39Z] [INFO] 🎨 Domain integrations synthesized: 0
[2026-05-02T02:35:39Z] [SECTION] ============================================================
[2026-05-02T02:35:39Z] [INFO] 🚀 PHASE: ADVANCED OVERNIGHT LOOP
[2026-05-02T02:35:39Z] [INFO] 🔬 Advanced loop completed cycles: 0
[2026-05-02T02:35:39Z] [WARNING] ⚠️  Git commit skipped or failed (git not initialized?): Command '['git', '-C', '/home/avalonas/.hermes/gematria/unified_overnight_research', 'add', '.']' returned non-zero exit status 128.
[2026-05-02T02:35:39Z] [INFO] 
📊 CYCLE #8 SUMMARY
[2026-05-02T02:35:39Z] [INFO] ✅ Successful tasks: 7/7
[2026-05-02T02:35:39Z] [INFO] ⏱️  Cycle duration: 18.02s
[2026-05-02T02:35:39Z] [INFO]    ⚠️ task: result
[2026-05-02T02:35:39Z] [INFO]    ⚠️ task: result
[2026-05-02T02:35:39Z] [INFO]    ⚠️ task: result
[2026-05-02T02:35:39Z] [INFO]    ⚠️ task: result
[2026-05-02T02:35:39Z] [INFO]    ⚠️ task: result
[2026-05-02T02:35:39Z] [INFO]    ⚠️ task: result
[2026-05-02T02:35:39Z] [INFO]    ⚠️ task: result
[2026-05-02T02:35:39Z] [HEADER] ================================================================================
[2026-05-02T02:35:39Z] [INFO] 🔄 OVERNIGHT RESEARCH PIPELINE - CYCLE #9
[2026-05-02T02:35:39Z] [INFO] ================================================================================
[2026-05-02T02:35:39Z] [HEADER] ============================================================
[2026-05-02T02:35:39Z] [INFO] 🌙 STARTING OVERNIGHT RESEARCH CYCLE #9
[2026-05-02T02:35:39Z] [INFO] 🔍 Running overnight research protocol (web scraping + cross-symbol analysis)...
[2026-05-02T02:35:39Z] [INFO] 📊 Cycle duration: 0.23s, Files generated: 0
[2026-05-02T02:35:39Z] [WARNING] ⚠️ Database not initialized for cycle counting
[2026-05-02T02:35:39Z] [INFO] 💾 Database updated with cycle results
[2026-05-02T02:35:39Z] [SECTION] ============================================================
[2026-05-02T02:35:39Z] [INFO] 🔮 PHASE: HIDDEN LAYERING DETECTION
[2026-05-02T02:35:39Z] [INFO] 🔗 Hidden layering detection complete. Connections identified: 2
[2026-05-02T02:35:39Z] [SECTION] ============================================================
[2026-05-02T02:35:39Z] [INFO] 🔬 PHASE: DOMAIN CORRELATION ANALYSIS
[2026-05-02T02:35:39Z] [INFO] 📊 Domain correlation matrices created: 1
[2026-05-02T02:35:39Z] [SECTION] ============================================================
[2026-05-02T02:35:39Z] [INFO] 🖼️  PHASE: IMAGE-SEED ANALYSIS
[2026-05-02T02:35:39Z] [INFO] 📂 Image seed analysis bootstrapping from 5 images...
[2026-05-02T02:35:40Z] [SECTION] ============================================================
[2026-05-02T02:35:40Z] [INFO] 📤 PHASE: PUSH COMPONENTS TO TOLARIA
[2026-05-02T02:35:40Z] [INFO] 📦 Components pushed to Tolaria: 5
[2026-05-02T02:35:40Z] [SECTION] ============================================================
[2026-05-02T02:35:40Z] [INFO] 🧩 PHASE: COMPOSER - DOMAIN INTEGRATION SYNTHESIS
[2026-05-02T02:35:58Z] [INFO] 🎨 Domain integrations synthesized: 0
[2026-05-02T02:35:58Z] [SECTION] ============================================================
[2026-05-02T02:35:58Z] [INFO] 🚀 PHASE: ADVANCED OVERNIGHT LOOP
[2026-05-02T02:35:58Z] [INFO] 🔬 Advanced loop completed cycles: 0
[2026-05-02T02:35:58Z] [WARNING] ⚠️  Git commit skipped or failed (git not initialized?): Command '['git', '-C', '/home/avalonas/.hermes/gematria/unified_overnight_research', 'add', '.']' returned non-zero exit status 128.
[2026-05-02T02:35:58Z] [INFO] 
📊 CYCLE #9 SUMMARY
[2026-05-02T02:35:58Z] [INFO] ✅ Successful tasks: 7/7
[2026-05-02T02:35:58Z] [INFO] ⏱️  Cycle duration: 18.76s
[2026-05-02T02:35:58Z] [INFO]    ⚠️ task: result
[2026-05-02T02:35:58Z] [INFO]    ⚠️ task: result
[2026-05-02T02:35:58Z] [INFO]    ⚠️ task: result
[2026-05-02T02:35:58Z] [INFO]    ⚠️ task: result
[2026-05-02T02:35:58Z] [INFO]    ⚠️ task: result
[2026-05-02T02:35:58Z] [INFO]    ⚠️ task: result
[2026-05-02T02:35:58Z] [INFO]    ⚠️ task: result
[2026-05-02T02:35:58Z] [HEADER] ================================================================================
[2026-05-02T02:35:58Z] [INFO] 🔄 OVERNIGHT RESEARCH PIPELINE - CYCLE #10
[2026-05-02T02:35:58Z] [INFO] ================================================================================
[2026-05-02T02:35:58Z] [HEADER] ============================================================
[2026-05-02T02:35:58Z] [INFO] 🌙 STARTING OVERNIGHT RESEARCH CYCLE #10
[2026-05-02T02:35:58Z] [INFO] 🔍 Running overnight research protocol (web scraping + cross-symbol analysis)...
[2026-05-02T02:35:58Z] [INFO] 📊 Cycle duration: 0.25s, Files generated: 0
[2026-05-02T02:35:58Z] [WARNING] ⚠️ Database not initialized for cycle counting
[2026-05-02T02:35:58Z] [INFO] 💾 Database updated with cycle results
[2026-05-02T02:35:58Z] [SECTION] ============================================================
[2026-05-02T02:35:58Z] [INFO] 🔮 PHASE: HIDDEN LAYERING DETECTION
[2026-05-02T02:35:58Z] [INFO] 🔗 Hidden layering detection complete. Connections identified: 2
[2026-05-02T02:35:58Z] [SECTION] ============================================================
[2026-05-02T02:35:58Z] [INFO] 🔬 PHASE: DOMAIN CORRELATION ANALYSIS
[2026-05-02T02:35:58Z] [INFO] 📊 Domain correlation matrices created: 1
[2026-05-02T02:35:58Z] [SECTION] ============================================================
[2026-05-02T02:35:58Z] [INFO] 🖼️  PHASE: IMAGE-SEED ANALYSIS
[2026-05-02T02:35:58Z] [INFO] 📂 Image seed analysis bootstrapping from 5 images...
[2026-05-02T02:35:58Z] [SECTION] ============================================================
[2026-05-02T02:35:58Z] [INFO] 📤 PHASE: PUSH COMPONENTS TO TOLARIA
[2026-05-02T02:35:59Z] [INFO] 📦 Components pushed to Tolaria: 5
[2026-05-02T02:35:59Z] [SECTION] ============================================================
[2026-05-02T02:35:59Z] [INFO] 🧩 PHASE: COMPOSER - DOMAIN INTEGRATION SYNTHESIS
[2026-05-02T02:36:12Z] [INFO] 🎨 Domain integrations synthesized: 0
[2026-05-02T02:36:12Z] [SECTION] ============================================================
[2026-05-02T02:36:12Z] [INFO] 🚀 PHASE: ADVANCED OVERNIGHT LOOP
[2026-05-02T02:36:12Z] [INFO] 🔬 Advanced loop completed cycles: 0
[2026-05-02T02:36:12Z] [WARNING] ⚠️  Git commit skipped or failed (git not initialized?): Command '['git', '-C', '/home/avalonas/.hermes/gematria/unified_overnight_research', 'add', '.']' returned non-zero exit status 128.
[2026-05-02T02:36:12Z] [INFO] 
📊 CYCLE #10 SUMMARY
[2026-05-02T02:36:12Z] [INFO] ✅ Successful tasks: 7/7
[2026-05-02T02:36:12Z] [INFO] ⏱️  Cycle duration: 14.09s
[2026-05-02T02:36:12Z] [INFO]    ⚠️ task: result
[2026-05-02T02:36:12Z] [INFO]    ⚠️ task: result
[2026-05-02T02:36:12Z] [INFO]    ⚠️ task: result
[2026-05-02T02:36:12Z] [INFO]    ⚠️ task: result
[2026-05-02T02:36:12Z] [INFO]    ⚠️ task: result
[2026-05-02T02:36:12Z] [INFO]    ⚠️ task: result
[2026-05-02T02:36:12Z] [INFO]    ⚠️ task: result
[2026-05-02T02:36:12Z] [HEADER] ================================================================================
[2026-05-02T02:36:12Z] [INFO] 🔄 OVERNIGHT RESEARCH PIPELINE - CYCLE #11
[2026-05-02T02:36:12Z] [INFO] ================================================================================
[2026-05-02T02:36:12Z] [HEADER] ============================================================
[2026-05-02T02:36:12Z] [INFO] 🌙 STARTING OVERNIGHT RESEARCH CYCLE #11
[2026-05-02T02:36:12Z] [INFO] 🔍 Running overnight research protocol (web scraping + cross-symbol analysis)...
[2026-05-02T02:36:12Z] [INFO] 📊 Cycle duration: 0.23s, Files generated: 0
[2026-05-02T02:36:12Z] [WARNING] ⚠️ Database not initialized for cycle counting
[2026-05-02T02:36:12Z] [INFO] 💾 Database updated with cycle results
[2026-05-02T02:36:12Z] [SECTION] ============================================================
[2026-05-02T02:36:12Z] [INFO] 🔮 PHASE: HIDDEN LAYERING DETECTION
[2026-05-02T02:36:12Z] [INFO] 🔗 Hidden layering detection complete. Connections identified: 2
[2026-05-02T02:36:12Z] [SECTION] ============================================================
[2026-05-02T02:36:12Z] [INFO] 🔬 PHASE: DOMAIN CORRELATION ANALYSIS
[2026-05-02T02:36:12Z] [INFO] 📊 Domain correlation matrices created: 1
[2026-05-02T02:36:12Z] [SECTION] ============================================================
[2026-05-02T02:36:12Z] [INFO] 🖼️  PHASE: IMAGE-SEED ANALYSIS
[2026-05-02T02:36:12Z] [INFO] 📂 Image seed analysis bootstrapping from 5 images...
[2026-05-02T02:36:12Z] [SECTION] ============================================================
[2026-05-02T02:36:12Z] [INFO] 📤 PHASE: PUSH COMPONENTS TO TOLARIA
[2026-05-02T02:36:13Z] [INFO] 📦 Components pushed to Tolaria: 5
[2026-05-02T02:36:13Z] [SECTION] ============================================================
[2026-05-02T02:36:13Z] [INFO] 🧩 PHASE: COMPOSER - DOMAIN INTEGRATION SYNTHESIS
[2026-05-02T02:36:26Z] [INFO] 🎨 Domain integrations synthesized: 0
[2026-05-02T02:36:26Z] [SECTION] ============================================================
[2026-05-02T02:36:26Z] [INFO] 🚀 PHASE: ADVANCED OVERNIGHT LOOP
[2026-05-02T02:36:26Z] [INFO] 🔬 Advanced loop completed cycles: 0
[2026-05-02T02:36:26Z] [WARNING] ⚠️  Git commit skipped or failed (git not initialized?): Command '['git', '-C', '/home/avalonas/.hermes/gematria/unified_overnight_research', 'add', '.']' returned non-zero exit status 128.
[2026-05-02T02:36:26Z] [INFO] 
📊 CYCLE #11 SUMMARY
[2026-05-02T02:36:26Z] [INFO] ✅ Successful tasks: 7/7
[2026-05-02T02:36:26Z] [INFO] ⏱️  Cycle duration: 14.11s
[2026-05-02T02:36:26Z] [INFO]    ⚠️ task: result
[2026-05-02T02:36:26Z] [INFO]    ⚠️ task: result
[2026-05-02T02:36:26Z] [INFO]    ⚠️ task: result
[2026-05-02T02:36:26Z] [INFO]    ⚠️ task: result
[2026-05-02T02:36:26Z] [INFO]    ⚠️ task: result
[2026-05-02T02:36:26Z] [INFO]    ⚠️ task: result
[2026-05-02T02:36:26Z] [INFO]    ⚠️ task: result
[2026-05-02T02:36:26Z] [HEADER] ================================================================================
[2026-05-02T02:36:26Z] [INFO] 🔄 OVERNIGHT RESEARCH PIPELINE - CYCLE #12
[2026-05-02T02:36:26Z] [INFO] ================================================================================
[2026-05-02T02:36:26Z] [HEADER] ============================================================
[2026-05-02T02:36:26Z] [INFO] 🌙 STARTING OVERNIGHT RESEARCH CYCLE #12
[2026-05-02T02:36:26Z] [INFO] 🔍 Running overnight research protocol (web scraping + cross-symbol analysis)...
[2026-05-02T02:36:26Z] [INFO] 📊 Cycle duration: 0.13s, Files generated: 0
[2026-05-02T02:36:26Z] [WARNING] ⚠️ Database not initialized for cycle counting
[2026-05-02T02:36:26Z] [INFO] 💾 Database updated with cycle results
[2026-05-02T02:36:26Z] [SECTION] ============================================================
[2026-05-02T02:36:26Z] [INFO] 🔮 PHASE: HIDDEN LAYERING DETECTION
[2026-05-02T02:36:26Z] [INFO] 🔗 Hidden layering detection complete. Connections identified: 2
[2026-05-02T02:36:26Z] [SECTION] ============================================================
[2026-05-02T02:36:26Z] [INFO] 🔬 PHASE: DOMAIN CORRELATION ANALYSIS
[2026-05-02T02:36:26Z] [INFO] 📊 Domain correlation matrices created: 1
[2026-05-02T02:36:26Z] [SECTION] ============================================================
[2026-05-02T02:36:26Z] [INFO] 🖼️  PHASE: IMAGE-SEED ANALYSIS
[2026-05-02T02:36:26Z] [INFO] 📂 Image seed analysis bootstrapping from 5 images...
[2026-05-02T02:36:26Z] [SECTION] ============================================================
[2026-05-02T02:36:26Z] [INFO] 📤 PHASE: PUSH COMPONENTS TO TOLARIA
[2026-05-02T02:36:27Z] [INFO] 📦 Components pushed to Tolaria: 5
[2026-05-02T02:36:27Z] [SECTION] ============================================================
[2026-05-02T02:36:27Z] [INFO] 🧩 PHASE: COMPOSER - DOMAIN INTEGRATION SYNTHESIS
[2026-05-02T02:36:48Z] [INFO] 🎨 Domain integrations synthesized: 0
[2026-05-02T02:36:48Z] [SECTION] ============================================================
[2026-05-02T02:36:48Z] [INFO] 🚀 PHASE: ADVANCED OVERNIGHT LOOP
[2026-05-02T02:36:48Z] [INFO] 🔬 Advanced loop completed cycles: 0
[2026-05-02T02:36:48Z] [WARNING] ⚠️  Git commit skipped or failed (git not initialized?): Command '['git', '-C', '/home/avalonas/.hermes/gematria/unified_overnight_research', 'add', '.']' returned non-zero exit status 128.
[2026-05-02T02:36:48Z] [INFO] 
📊 CYCLE #12 SUMMARY
[2026-05-02T02:36:48Z] [INFO] ✅ Successful tasks: 7/7
[2026-05-02T02:36:48Z] [INFO] ⏱️  Cycle duration: 21.69s
[2026-05-02T02:36:48Z] [INFO]    ⚠️ task: result
[2026-05-02T02:36:48Z] [INFO]    ⚠️ task: result
[2026-05-02T02:36:48Z] [INFO]    ⚠️ task: result
[2026-05-02T02:36:48Z] [INFO]    ⚠️ task: result
[2026-05-02T02:36:48Z] [INFO]    ⚠️ task: result
[2026-05-02T02:36:48Z] [INFO]    ⚠️ task: result
[2026-05-02T02:36:48Z] [INFO]    ⚠️ task: result
[2026-05-02T02:36:48Z] [HEADER] ================================================================================
[2026-05-02T02:36:48Z] [INFO] 🔄 OVERNIGHT RESEARCH PIPELINE - CYCLE #13
[2026-05-02T02:36:48Z] [INFO] ================================================================================
[2026-05-02T02:36:48Z] [HEADER] ============================================================
[2026-05-02T02:36:48Z] [INFO] 🌙 STARTING OVERNIGHT RESEARCH CYCLE #13
[2026-05-02T02:36:48Z] [INFO] 🔍 Running overnight research protocol (web scraping + cross-symbol analysis)...
[2026-05-02T02:36:48Z] [INFO] 📊 Cycle duration: 0.11s, Files generated: 0
[2026-05-02T02:36:48Z] [WARNING] ⚠️ Database not initialized for cycle counting
[2026-05-02T02:36:48Z] [INFO] 💾 Database updated with cycle results
[2026-05-02T02:36:48Z] [SECTION] ============================================================
[2026-05-02T02:36:48Z] [INFO] 🔮 PHASE: HIDDEN LAYERING DETECTION
[2026-05-02T02:36:48Z] [INFO] 🔗 Hidden layering detection complete. Connections identified: 2
[2026-05-02T02:36:48Z] [SECTION] ============================================================
[2026-05-02T02:36:48Z] [INFO] 🔬 PHASE: DOMAIN CORRELATION ANALYSIS
[2026-05-02T02:36:48Z] [INFO] 📊 Domain correlation matrices created: 1
[2026-05-02T02:36:48Z] [SECTION] ============================================================
[2026-05-02T02:36:48Z] [INFO] 🖼️  PHASE: IMAGE-SEED ANALYSIS
[2026-05-02T02:36:48Z] [INFO] 📂 Image seed analysis bootstrapping from 5 images...
[2026-05-02T02:36:48Z] [SECTION] ============================================================
[2026-05-02T02:36:48Z] [INFO] 📤 PHASE: PUSH COMPONENTS TO TOLARIA
[2026-05-02T02:36:49Z] [INFO] 📦 Components pushed to Tolaria: 5
[2026-05-02T02:36:49Z] [SECTION] ============================================================
[2026-05-02T02:36:49Z] [INFO] 🧩 PHASE: COMPOSER - DOMAIN INTEGRATION SYNTHESIS
[2026-05-02T02:37:00Z] [INFO] 🎨 Domain integrations synthesized: 0
[2026-05-02T02:37:00Z] [SECTION] ============================================================
[2026-05-02T02:37:00Z] [INFO] 🚀 PHASE: ADVANCED OVERNIGHT LOOP
[2026-05-02T02:37:00Z] [INFO] 🔬 Advanced loop completed cycles: 0
[2026-05-02T02:37:00Z] [WARNING] ⚠️  Git commit skipped or failed (git not initialized?): Command '['git', '-C', '/home/avalonas/.hermes/gematria/unified_overnight_research', 'add', '.']' returned non-zero exit status 128.
[2026-05-02T02:37:00Z] [INFO] 
📊 CYCLE #13 SUMMARY
[2026-05-02T02:37:00Z] [INFO] ✅ Successful tasks: 7/7
[2026-05-02T02:37:00Z] [INFO] ⏱️  Cycle duration: 12.04s
[2026-05-02T02:37:00Z] [INFO]    ⚠️ task: result
[2026-05-02T02:37:00Z] [INFO]    ⚠️ task: result
[2026-05-02T02:37:00Z] [INFO]    ⚠️ task: result
[2026-05-02T02:37:00Z] [INFO]    ⚠️ task: result
[2026-05-02T02:37:00Z] [INFO]    ⚠️ task: result
[2026-05-02T02:37:00Z] [INFO]    ⚠️ task: result
[2026-05-02T02:37:00Z] [INFO]    ⚠️ task: result
[2026-05-02T02:37:00Z] [HEADER] ================================================================================
[2026-05-02T02:37:00Z] [INFO] 🔄 OVERNIGHT RESEARCH PIPELINE - CYCLE #14
[2026-05-02T02:37:00Z] [INFO] ================================================================================
[2026-05-02T02:37:00Z] [HEADER] ============================================================
[2026-05-02T02:37:00Z] [INFO] 🌙 STARTING OVERNIGHT RESEARCH CYCLE #14
[2026-05-02T02:37:00Z] [INFO] 🔍 Running overnight research protocol (web scraping + cross-symbol analysis)...
[2026-05-02T02:37:00Z] [INFO] 📊 Cycle duration: 0.24s, Files generated: 0
[2026-05-02T02:37:00Z] [WARNING] ⚠️ Database not initialized for cycle counting
[2026-05-02T02:37:00Z] [INFO] 💾 Database updated with cycle results
[2026-05-02T02:37:00Z] [SECTION] ============================================================
[2026-05-02T02:37:00Z] [INFO] 🔮 PHASE: HIDDEN LAYERING DETECTION
[2026-05-02T02:37:00Z] [INFO] 🔗 Hidden layering detection complete. Connections identified: 2
[2026-05-02T02:37:00Z] [SECTION] ============================================================
[2026-05-02T02:37:00Z] [INFO] 🔬 PHASE: DOMAIN CORRELATION ANALYSIS
[2026-05-02T02:37:00Z] [INFO] 📊 Domain correlation matrices created: 1
[2026-05-02T02:37:00Z] [SECTION] ============================================================
[2026-05-02T02:37:00Z] [INFO] 🖼️  PHASE: IMAGE-SEED ANALYSIS
[2026-05-02T02:37:00Z] [INFO] 📂 Image seed analysis bootstrapping from 5 images...
[2026-05-02T02:37:00Z] [SECTION] ============================================================
[2026-05-02T02:37:00Z] [INFO] 📤 PHASE: PUSH COMPONENTS TO TOLARIA
[2026-05-02T02:37:01Z] [INFO] 📦 Components pushed to Tolaria: 5
[2026-05-02T02:37:01Z] [SECTION] ============================================================
[2026-05-02T02:37:01Z] [INFO] 🧩 PHASE: COMPOSER - DOMAIN INTEGRATION SYNTHESIS
[2026-05-02T02:37:18Z] [INFO] 🎨 Domain integrations synthesized: 0
[2026-05-02T02:37:18Z] [SECTION] ============================================================
[2026-05-02T02:37:18Z] [INFO] 🚀 PHASE: ADVANCED OVERNIGHT LOOP
[2026-05-02T02:37:18Z] [INFO] 🔬 Advanced loop completed cycles: 0
[2026-05-02T02:37:18Z] [WARNING] ⚠️  Git commit skipped or failed (git not initialized?): Command '['git', '-C', '/home/avalonas/.hermes/gematria/unified_overnight_research', 'add', '.']' returned non-zero exit status 128.
[2026-05-02T02:37:18Z] [INFO] 
📊 CYCLE #14 SUMMARY
[2026-05-02T02:37:18Z] [INFO] ✅ Successful tasks: 7/7
[2026-05-02T02:37:18Z] [INFO] ⏱️  Cycle duration: 17.75s
[2026-05-02T02:37:18Z] [INFO]    ⚠️ task: result
[2026-05-02T02:37:18Z] [INFO]    ⚠️ task: result
[2026-05-02T02:37:18Z] [INFO]    ⚠️ task: result
[2026-05-02T02:37:18Z] [INFO]    ⚠️ task: result
[2026-05-02T02:37:18Z] [INFO]    ⚠️ task: result
[2026-05-02T02:37:18Z] [INFO]    ⚠️ task: result
[2026-05-02T02:37:18Z] [INFO]    ⚠️ task: result
[2026-05-02T02:37:18Z] [HEADER] ================================================================================
[2026-05-02T02:37:18Z] [INFO] 🔄 OVERNIGHT RESEARCH PIPELINE - CYCLE #15
[2026-05-02T02:37:18Z] [INFO] ================================================================================
[2026-05-02T02:37:18Z] [HEADER] ============================================================
[2026-05-02T02:37:18Z] [INFO] 🌙 STARTING OVERNIGHT RESEARCH CYCLE #15
[2026-05-02T02:37:18Z] [INFO] 🔍 Running overnight research protocol (web scraping + cross-symbol analysis)...
[2026-05-02T02:37:18Z] [INFO] 📊 Cycle duration: 0.28s, Files generated: 0
[2026-05-02T02:37:18Z] [WARNING] ⚠️ Database not initialized for cycle counting
[2026-05-02T02:37:18Z] [INFO] 💾 Database updated with cycle results
[2026-05-02T02:37:18Z] [SECTION] ============================================================
[2026-05-02T02:37:18Z] [INFO] 🔮 PHASE: HIDDEN LAYERING DETECTION
[2026-05-02T02:37:18Z] [INFO] 🔗 Hidden layering detection complete. Connections identified: 2
[2026-05-02T02:37:18Z] [SECTION] ============================================================
[2026-05-02T02:37:18Z] [INFO] 🔬 PHASE: DOMAIN CORRELATION ANALYSIS
[2026-05-02T02:37:18Z] [INFO] 📊 Domain correlation matrices created: 1
[2026-05-02T02:37:18Z] [SECTION] ============================================================
[2026-05-02T02:37:18Z] [INFO] 🖼️  PHASE: IMAGE-SEED ANALYSIS
[2026-05-02T02:37:18Z] [INFO] 📂 Image seed analysis bootstrapping from 5 images...
[2026-05-02T02:37:18Z] [SECTION] ============================================================
[2026-05-02T02:37:18Z] [INFO] 📤 PHASE: PUSH COMPONENTS TO TOLARIA
[2026-05-02T02:37:19Z] [INFO] 📦 Components pushed to Tolaria: 5
[2026-05-02T02:37:19Z] [SECTION] ============================================================
[2026-05-02T02:37:19Z] [INFO] 🧩 PHASE: COMPOSER - DOMAIN INTEGRATION SYNTHESIS
[2026-05-02T02:37:32Z] [INFO] 🎨 Domain integrations synthesized: 0
[2026-05-02T02:37:32Z] [SECTION] ============================================================
[2026-05-02T02:37:32Z] [INFO] 🚀 PHASE: ADVANCED OVERNIGHT LOOP
[2026-05-02T02:37:32Z] [INFO] 🔬 Advanced loop completed cycles: 0
[2026-05-02T02:37:32Z] [WARNING] ⚠️  Git commit skipped or failed (git not initialized?): Command '['git', '-C', '/home/avalonas/.hermes/gematria/unified_overnight_research', 'add', '.']' returned non-zero exit status 128.
[2026-05-02T02:37:32Z] [INFO] 
📊 CYCLE #15 SUMMARY
[2026-05-02T02:37:32Z] [INFO] ✅ Successful tasks: 7/7
[2026-05-02T02:37:32Z] [INFO] ⏱️  Cycle duration: 14.05s
[2026-05-02T02:37:32Z] [INFO]    ⚠️ task: result
[2026-05-02T02:37:32Z] [INFO]    ⚠️ task: result
[2026-05-02T02:37:32Z] [INFO]    ⚠️ task: result
[2026-05-02T02:37:32Z] [INFO]    ⚠️ task: result
[2026-05-02T02:37:32Z] [INFO]    ⚠️ task: result
[2026-05-02T02:37:32Z] [INFO]    ⚠️ task: result
[2026-05-02T02:37:32Z] [INFO]    ⚠️ task: result
[2026-05-02T02:37:32Z] [HEADER] ================================================================================
[2026-05-02T02:37:32Z] [INFO] 🔄 OVERNIGHT RESEARCH PIPELINE - CYCLE #16
[2026-05-02T02:37:32Z] [INFO] ================================================================================
[2026-05-02T02:37:32Z] [HEADER] ============================================================
[2026-05-02T02:37:32Z] [INFO] 🌙 STARTING OVERNIGHT RESEARCH CYCLE #16
[2026-05-02T02:37:32Z] [INFO] 🔍 Running overnight research protocol (web scraping + cross-symbol analysis)...
[2026-05-02T02:37:32Z] [INFO] 📊 Cycle duration: 0.12s, Files generated: 0
[2026-05-02T02:37:32Z] [WARNING] ⚠️ Database not initialized for cycle counting
[2026-05-02T02:37:32Z] [INFO] 💾 Database updated with cycle results
[2026-05-02T02:37:32Z] [SECTION] ============================================================
[2026-05-02T02:37:32Z] [INFO] 🔮 PHASE: HIDDEN LAYERING DETECTION
[2026-05-02T02:37:32Z] [INFO] 🔗 Hidden layering detection complete. Connections identified: 2
[2026-05-02T02:37:32Z] [SECTION] ============================================================
[2026-05-02T02:37:32Z] [INFO] 🔬 PHASE: DOMAIN CORRELATION ANALYSIS
[2026-05-02T02:37:32Z] [INFO] 📊 Domain correlation matrices created: 1
[2026-05-02T02:37:32Z] [SECTION] ============================================================
[2026-05-02T02:37:32Z] [INFO] 🖼️  PHASE: IMAGE-SEED ANALYSIS
[2026-05-02T02:37:32Z] [INFO] 📂 Image seed analysis bootstrapping from 5 images...
[2026-05-02T02:37:32Z] [SECTION] ============================================================
[2026-05-02T02:37:32Z] [INFO] 📤 PHASE: PUSH COMPONENTS TO TOLARIA
[2026-05-02T02:37:33Z] [INFO] 📦 Components pushed to Tolaria: 5
[2026-05-02T02:37:33Z] [SECTION] ============================================================
[2026-05-02T02:37:33Z] [INFO] 🧩 PHASE: COMPOSER - DOMAIN INTEGRATION SYNTHESIS
[2026-05-02T02:37:50Z] [INFO] 🎨 Domain integrations synthesized: 0
[2026-05-02T02:37:50Z] [SECTION] ============================================================
[2026-05-02T02:37:50Z] [INFO] 🚀 PHASE: ADVANCED OVERNIGHT LOOP
[2026-05-02T02:37:50Z] [INFO] 🔬 Advanced loop completed cycles: 0
[2026-05-02T02:37:50Z] [WARNING] ⚠️  Git commit skipped or failed (git not initialized?): Command '['git', '-C', '/home/avalonas/.hermes/gematria/unified_overnight_research', 'add', '.']' returned non-zero exit status 128.
[2026-05-02T02:37:50Z] [INFO] 
📊 CYCLE #16 SUMMARY
[2026-05-02T02:37:50Z] [INFO] ✅ Successful tasks: 7/7
[2026-05-02T02:37:50Z] [INFO] ⏱️  Cycle duration: 18.34s
[2026-05-02T02:37:50Z] [INFO]    ⚠️ task: result
[2026-05-02T02:37:50Z] [INFO]    ⚠️ task: result
[2026-05-02T02:37:50Z] [INFO]    ⚠️ task: result
[2026-05-02T02:37:50Z] [INFO]    ⚠️ task: result
[2026-05-02T02:37:50Z] [INFO]    ⚠️ task: result
[2026-05-02T02:37:50Z] [INFO]    ⚠️ task: result
[2026-05-02T02:37:50Z] [INFO]    ⚠️ task: result
[2026-05-02T02:37:50Z] [HEADER] ================================================================================
[2026-05-02T02:37:50Z] [INFO] 🔄 OVERNIGHT RESEARCH PIPELINE - CYCLE #17
[2026-05-02T02:37:50Z] [INFO] ================================================================================
[2026-05-02T02:37:50Z] [HEADER] ============================================================
[2026-05-02T02:37:50Z] [INFO] 🌙 STARTING OVERNIGHT RESEARCH CYCLE #17
[2026-05-02T02:37:50Z] [INFO] 🔍 Running overnight research protocol (web scraping + cross-symbol analysis)...
[2026-05-02T02:37:50Z] [INFO] 📊 Cycle duration: 0.11s, Files generated: 0
[2026-05-02T02:37:50Z] [WARNING] ⚠️ Database not initialized for cycle counting
[2026-05-02T02:37:50Z] [INFO] 💾 Database updated with cycle results
[2026-05-02T02:37:50Z] [SECTION] ============================================================
[2026-05-02T02:37:50Z] [INFO] 🔮 PHASE: HIDDEN LAYERING DETECTION
[2026-05-02T02:37:50Z] [INFO] 🔗 Hidden layering detection complete. Connections identified: 2
[2026-05-02T02:37:50Z] [SECTION] ============================================================
[2026-05-02T02:37:50Z] [INFO] 🔬 PHASE: DOMAIN CORRELATION ANALYSIS
[2026-05-02T02:37:50Z] [INFO] 📊 Domain correlation matrices created: 1
[2026-05-02T02:37:50Z] [SECTION] ============================================================
[2026-05-02T02:37:50Z] [INFO] 🖼️  PHASE: IMAGE-SEED ANALYSIS
[2026-05-02T02:37:50Z] [INFO] 📂 Image seed analysis bootstrapping from 5 images...
[2026-05-02T02:37:50Z] [SECTION] ============================================================
[2026-05-02T02:37:50Z] [INFO] 📤 PHASE: PUSH COMPONENTS TO TOLARIA
[2026-05-02T02:37:51Z] [INFO] 📦 Components pushed to Tolaria: 5
[2026-05-02T02:37:51Z] [SECTION] ============================================================
[2026-05-02T02:37:51Z] [INFO] 🧩 PHASE: COMPOSER - DOMAIN INTEGRATION SYNTHESIS
[2026-05-02T02:38:04Z] [INFO] 🎨 Domain integrations synthesized: 0
[2026-05-02T02:38:04Z] [SECTION] ============================================================
[2026-05-02T02:38:04Z] [INFO] 🚀 PHASE: ADVANCED OVERNIGHT LOOP
[2026-05-02T02:38:04Z] [INFO] 🔬 Advanced loop completed cycles: 0
[2026-05-02T02:38:04Z] [WARNING] ⚠️  Git commit skipped or failed (git not initialized?): Command '['git', '-C', '/home/avalonas/.hermes/gematria/unified_overnight_research', 'add', '.']' returned non-zero exit status 128.
[2026-05-02T02:38:04Z] [INFO] 
📊 CYCLE #17 SUMMARY
[2026-05-02T02:38:04Z] [INFO] ✅ Successful tasks: 7/7
[2026-05-02T02:38:04Z] [INFO] ⏱️  Cycle duration: 14.35s
[2026-05-02T02:38:04Z] [INFO]    ⚠️ task: result
[2026-05-02T02:38:04Z] [INFO]    ⚠️ task: result
[2026-05-02T02:38:04Z] [INFO]    ⚠️ task: result
[2026-05-02T02:38:04Z] [INFO]    ⚠️ task: result
[2026-05-02T02:38:04Z] [INFO]    ⚠️ task: result
[2026-05-02T02:38:04Z] [INFO]    ⚠️ task: result
[2026-05-02T02:38:04Z] [INFO]    ⚠️ task: result
[2026-05-02T02:38:04Z] [HEADER] ================================================================================
[2026-05-02T02:38:04Z] [INFO] 🔄 OVERNIGHT RESEARCH PIPELINE - CYCLE #18
[2026-05-02T02:38:04Z] [INFO] ================================================================================
[2026-05-02T02:38:04Z] [HEADER] ============================================================
[2026-05-02T02:38:04Z] [INFO] 🌙 STARTING OVERNIGHT RESEARCH CYCLE #18
[2026-05-02T02:38:04Z] [INFO] 🔍 Running overnight research protocol (web scraping + cross-symbol analysis)...
[2026-05-02T02:38:05Z] [INFO] 📊 Cycle duration: 0.23s, Files generated: 0
[2026-05-02T02:38:05Z] [WARNING] ⚠️ Database not initialized for cycle counting
[2026-05-02T02:38:05Z] [INFO] 💾 Database updated with cycle results
[2026-05-02T02:38:05Z] [SECTION] ============================================================
[2026-05-02T02:38:05Z] [INFO] 🔮 PHASE: HIDDEN LAYERING DETECTION
[2026-05-02T02:38:05Z] [INFO] 🔗 Hidden layering detection complete. Connections identified: 2
[2026-05-02T02:38:05Z] [SECTION] ============================================================
[2026-05-02T02:38:05Z] [INFO] 🔬 PHASE: DOMAIN CORRELATION ANALYSIS
[2026-05-02T02:38:05Z] [INFO] 📊 Domain correlation matrices created: 1
[2026-05-02T02:38:05Z] [SECTION] ============================================================
[2026-05-02T02:38:05Z] [INFO] 🖼️  PHASE: IMAGE-SEED ANALYSIS
[2026-05-02T02:38:05Z] [INFO] 📂 Image seed analysis bootstrapping from 5 images...
[2026-05-02T02:38:05Z] [SECTION] ============================================================
[2026-05-02T02:38:05Z] [INFO] 📤 PHASE: PUSH COMPONENTS TO TOLARIA
[2026-05-02T02:38:06Z] [INFO] 📦 Components pushed to Tolaria: 5
[2026-05-02T02:38:06Z] [SECTION] ============================================================
[2026-05-02T02:38:06Z] [INFO] 🧩 PHASE: COMPOSER - DOMAIN INTEGRATION SYNTHESIS
[2026-05-02T02:38:20Z] [INFO] 🎨 Domain integrations synthesized: 0
[2026-05-02T02:38:20Z] [SECTION] ============================================================
[2026-05-02T02:38:20Z] [INFO] 🚀 PHASE: ADVANCED OVERNIGHT LOOP
[2026-05-02T02:38:20Z] [INFO] 🔬 Advanced loop completed cycles: 0
[2026-05-02T02:38:20Z] [WARNING] ⚠️  Git commit skipped or failed (git not initialized?): Command '['git', '-C', '/home/avalonas/.hermes/gematria/unified_overnight_research', 'add', '.']' returned non-zero exit status 128.
[2026-05-02T02:38:20Z] [INFO] 
📊 CYCLE #18 SUMMARY
[2026-05-02T02:38:20Z] [INFO] ✅ Successful tasks: 7/7
[2026-05-02T02:38:20Z] [INFO] ⏱️  Cycle duration: 16.12s
[2026-05-02T02:38:20Z] [INFO]    ⚠️ task: result
[2026-05-02T02:38:20Z] [INFO]    ⚠️ task: result
[2026-05-02T02:38:20Z] [INFO]    ⚠️ task: result
[2026-05-02T02:38:20Z] [INFO]    ⚠️ task: result
[2026-05-02T02:38:20Z] [INFO]    ⚠️ task: result
[2026-05-02T02:38:20Z] [INFO]    ⚠️ task: result
[2026-05-02T02:38:20Z] [INFO]    ⚠️ task: result
[2026-05-02T02:38:20Z] [HEADER] ================================================================================
[2026-05-02T02:38:20Z] [INFO] 🔄 OVERNIGHT RESEARCH PIPELINE - CYCLE #19
[2026-05-02T02:38:20Z] [INFO] ================================================================================
[2026-05-02T02:38:20Z] [HEADER] ============================================================
[2026-05-02T02:38:20Z] [INFO] 🌙 STARTING OVERNIGHT RESEARCH CYCLE #19
[2026-05-02T02:38:20Z] [INFO] 🔍 Running overnight research protocol (web scraping + cross-symbol analysis)...
[2026-05-02T02:38:21Z] [INFO] 📊 Cycle duration: 0.24s, Files generated: 0
[2026-05-02T02:38:21Z] [WARNING] ⚠️ Database not initialized for cycle counting
[2026-05-02T02:38:21Z] [INFO] 💾 Database updated with cycle results
[2026-05-02T02:38:21Z] [SECTION] ============================================================
[2026-05-02T02:38:21Z] [INFO] 🔮 PHASE: HIDDEN LAYERING DETECTION
[2026-05-02T02:38:21Z] [INFO] 🔗 Hidden layering detection complete. Connections identified: 2
[2026-05-02T02:38:21Z] [SECTION] ============================================================
[2026-05-02T02:38:21Z] [INFO] 🔬 PHASE: DOMAIN CORRELATION ANALYSIS
[2026-05-02T02:38:21Z] [INFO] 📊 Domain correlation matrices created: 1
[2026-05-02T02:38:21Z] [SECTION] ============================================================
[2026-05-02T02:38:21Z] [INFO] 🖼️  PHASE: IMAGE-SEED ANALYSIS
[2026-05-02T02:38:21Z] [INFO] 📂 Image seed analysis bootstrapping from 5 images...
[2026-05-02T02:38:21Z] [SECTION] ============================================================
[2026-05-02T02:38:21Z] [INFO] 📤 PHASE: PUSH COMPONENTS TO TOLARIA
[2026-05-02T02:38:22Z] [INFO] 📦 Components pushed to Tolaria: 5
[2026-05-02T02:38:22Z] [SECTION] ============================================================
[2026-05-02T02:38:22Z] [INFO] 🧩 PHASE: COMPOSER - DOMAIN INTEGRATION SYNTHESIS
[2026-05-02T02:38:38Z] [INFO] 🎨 Domain integrations synthesized: 0
[2026-05-02T02:38:38Z] [SECTION] ============================================================
[2026-05-02T02:38:38Z] [INFO] 🚀 PHASE: ADVANCED OVERNIGHT LOOP
[2026-05-02T02:38:38Z] [INFO] 🔬 Advanced loop completed cycles: 0
[2026-05-02T02:38:38Z] [WARNING] ⚠️  Git commit skipped or failed (git not initialized?): Command '['git', '-C', '/home/avalonas/.hermes/gematria/unified_overnight_research', 'add', '.']' returned non-zero exit status 128.
[2026-05-02T02:38:38Z] [INFO] 
📊 CYCLE #19 SUMMARY
[2026-05-02T02:38:38Z] [INFO] ✅ Successful tasks: 7/7
[2026-05-02T02:38:38Z] [INFO] ⏱️  Cycle duration: 17.88s
[2026-05-02T02:38:38Z] [INFO]    ⚠️ task: result
[2026-05-02T02:38:38Z] [INFO]    ⚠️ task: result
[2026-05-02T02:38:38Z] [INFO]    ⚠️ task: result
[2026-05-02T02:38:38Z] [INFO]    ⚠️ task: result
[2026-05-02T02:38:38Z] [INFO]    ⚠️ task: result
[2026-05-02T02:38:38Z] [INFO]    ⚠️ task: result
[2026-05-02T02:38:38Z] [INFO]    ⚠️ task: result
[2026-05-02T02:38:38Z] [HEADER] ================================================================================
[2026-05-02T02:38:38Z] [INFO] 🔄 OVERNIGHT RESEARCH PIPELINE - CYCLE #20
[2026-05-02T02:38:38Z] [INFO] ================================================================================
[2026-05-02T02:38:38Z] [HEADER] ============================================================
[2026-05-02T02:38:38Z] [INFO] 🌙 STARTING OVERNIGHT RESEARCH CYCLE #20
[2026-05-02T02:38:38Z] [INFO] 🔍 Running overnight research protocol (web scraping + cross-symbol analysis)...
[2026-05-02T02:38:39Z] [INFO] 📊 Cycle duration: 0.23s, Files generated: 0
[2026-05-02T02:38:39Z] [WARNING] ⚠️ Database not initialized for cycle counting
[2026-05-02T02:38:39Z] [INFO] 💾 Database updated with cycle results
[2026-05-02T02:38:39Z] [SECTION] ============================================================
[2026-05-02T02:38:39Z] [INFO] 🔮 PHASE: HIDDEN LAYERING DETECTION
[2026-05-02T02:38:39Z] [INFO] 🔗 Hidden layering detection complete. Connections identified: 2
[2026-05-02T02:38:39Z] [SECTION] ============================================================
[2026-05-02T02:38:39Z] [INFO] 🔬 PHASE: DOMAIN CORRELATION ANALYSIS
[2026-05-02T02:38:39Z] [INFO] 📊 Domain correlation matrices created: 1
[2026-05-02T02:38:39Z] [SECTION] ============================================================
[2026-05-02T02:38:39Z] [INFO] 🖼️  PHASE: IMAGE-SEED ANALYSIS
[2026-05-02T02:38:39Z] [INFO] 📂 Image seed analysis bootstrapping from 5 images...
[2026-05-02T02:38:39Z] [SECTION] ============================================================
[2026-05-02T02:38:39Z] [INFO] 📤 PHASE: PUSH COMPONENTS TO TOLARIA
[2026-05-02T02:38:39Z] [INFO] 📦 Components pushed to Tolaria: 5
[2026-05-02T02:38:39Z] [SECTION] ============================================================
[2026-05-02T02:38:39Z] [INFO] 🧩 PHASE: COMPOSER - DOMAIN INTEGRATION SYNTHESIS
[2026-05-02T02:38:52Z] [INFO] 🎨 Domain integrations synthesized: 0
[2026-05-02T02:38:52Z] [SECTION] ============================================================
[2026-05-02T02:38:52Z] [INFO] 🚀 PHASE: ADVANCED OVERNIGHT LOOP
[2026-05-02T02:38:52Z] [INFO] 🔬 Advanced loop completed cycles: 0
[2026-05-02T02:38:52Z] [WARNING] ⚠️  Git commit skipped or failed (git not initialized?): Command '['git', '-C', '/home/avalonas/.hermes/gematria/unified_overnight_research', 'add', '.']' returned non-zero exit status 128.
[2026-05-02T02:38:52Z] [INFO] 
📊 CYCLE #20 SUMMARY
[2026-05-02T02:38:52Z] [INFO] ✅ Successful tasks: 7/7
[2026-05-02T02:38:52Z] [INFO] ⏱️  Cycle duration: 13.38s
[2026-05-02T02:38:52Z] [INFO]    ⚠️ task: result
[2026-05-02T02:38:52Z] [INFO]    ⚠️ task: result
[2026-05-02T02:38:52Z] [INFO]    ⚠️ task: result
[2026-05-02T02:38:52Z] [INFO]    ⚠️ task: result
[2026-05-02T02:38:52Z] [INFO]    ⚠️ task: result
[2026-05-02T02:38:52Z] [INFO]    ⚠️ task: result
[2026-05-02T02:38:52Z] [INFO]    ⚠️ task: result
[2026-05-02T02:38:52Z] [HEADER] ================================================================================
[2026-05-02T02:38:52Z] [INFO] 🔄 OVERNIGHT RESEARCH PIPELINE - CYCLE #21
[2026-05-02T02:38:52Z] [INFO] ================================================================================
[2026-05-02T02:38:52Z] [HEADER] ============================================================
[2026-05-02T02:38:52Z] [INFO] 🌙 STARTING OVERNIGHT RESEARCH CYCLE #21
[2026-05-02T02:38:52Z] [INFO] 🔍 Running overnight research protocol (web scraping + cross-symbol analysis)...
[2026-05-02T02:38:52Z] [INFO] 📊 Cycle duration: 0.23s, Files generated: 0
[2026-05-02T02:38:52Z] [WARNING] ⚠️ Database not initialized for cycle counting
[2026-05-02T02:38:52Z] [INFO] 💾 Database updated with cycle results
[2026-05-02T02:38:52Z] [SECTION] ============================================================
[2026-05-02T02:38:52Z] [INFO] 🔮 PHASE: HIDDEN LAYERING DETECTION
[2026-05-02T02:38:52Z] [INFO] 🔗 Hidden layering detection complete. Connections identified: 2
[2026-05-02T02:38:52Z] [SECTION] ============================================================
[2026-05-02T02:38:52Z] [INFO] 🔬 PHASE: DOMAIN CORRELATION ANALYSIS
[2026-05-02T02:38:52Z] [INFO] 📊 Domain correlation matrices created: 1
[2026-05-02T02:38:52Z] [SECTION] ============================================================
[2026-05-02T02:38:52Z] [INFO] 🖼️  PHASE: IMAGE-SEED ANALYSIS
[2026-05-02T02:38:52Z] [INFO] 📂 Image seed analysis bootstrapping from 5 images...
[2026-05-02T02:38:52Z] [SECTION] ============================================================
[2026-05-02T02:38:52Z] [INFO] 📤 PHASE: PUSH COMPONENTS TO TOLARIA
[2026-05-02T02:38:53Z] [INFO] 📦 Components pushed to Tolaria: 5
[2026-05-02T02:38:53Z] [SECTION] ============================================================
[2026-05-02T02:38:53Z] [INFO] 🧩 PHASE: COMPOSER - DOMAIN INTEGRATION SYNTHESIS
[2026-05-02T02:39:07Z] [INFO] 🎨 Domain integrations synthesized: 0
[2026-05-02T02:39:07Z] [SECTION] ============================================================
[2026-05-02T02:39:07Z] [INFO] 🚀 PHASE: ADVANCED OVERNIGHT LOOP
[2026-05-02T02:39:07Z] [INFO] 🔬 Advanced loop completed cycles: 0
[2026-05-02T02:39:07Z] [WARNING] ⚠️  Git commit skipped or failed (git not initialized?): Command '['git', '-C', '/home/avalonas/.hermes/gematria/unified_overnight_research', 'add', '.']' returned non-zero exit status 128.
[2026-05-02T02:39:07Z] [INFO] 
📊 CYCLE #21 SUMMARY
[2026-05-02T02:39:07Z] [INFO] ✅ Successful tasks: 7/7
[2026-05-02T02:39:07Z] [INFO] ⏱️  Cycle duration: 15.42s
[2026-05-02T02:39:07Z] [INFO]    ⚠️ task: result
[2026-05-02T02:39:07Z] [INFO]    ⚠️ task: result
[2026-05-02T02:39:07Z] [INFO]    ⚠️ task: result
[2026-05-02T02:39:07Z] [INFO]    ⚠️ task: result
[2026-05-02T02:39:07Z] [INFO]    ⚠️ task: result
[2026-05-02T02:39:07Z] [INFO]    ⚠️ task: result
[2026-05-02T02:39:07Z] [INFO]    ⚠️ task: result
[2026-05-02T02:39:07Z] [HEADER] ================================================================================
[2026-05-02T02:39:07Z] [INFO] 🔄 OVERNIGHT RESEARCH PIPELINE - CYCLE #22
[2026-05-02T02:39:07Z] [INFO] ================================================================================
[2026-05-02T02:39:07Z] [HEADER] ============================================================
[2026-05-02T02:39:07Z] [INFO] 🌙 STARTING OVERNIGHT RESEARCH CYCLE #22
[2026-05-02T02:39:07Z] [INFO] 🔍 Running overnight research protocol (web scraping + cross-symbol analysis)...
[2026-05-02T02:39:07Z] [INFO] 📊 Cycle duration: 0.23s, Files generated: 0
[2026-05-02T02:39:07Z] [WARNING] ⚠️ Database not initialized for cycle counting
[2026-05-02T02:39:07Z] [INFO] 💾 Database updated with cycle results
[2026-05-02T02:39:07Z] [SECTION] ============================================================
[2026-05-02T02:39:07Z] [INFO] 🔮 PHASE: HIDDEN LAYERING DETECTION
[2026-05-02T02:39:07Z] [INFO] 🔗 Hidden layering detection complete. Connections identified: 2
[2026-05-02T02:39:07Z] [SECTION] ============================================================
[2026-05-02T02:39:07Z] [INFO] 🔬 PHASE: DOMAIN CORRELATION ANALYSIS
[2026-05-02T02:39:07Z] [INFO] 📊 Domain correlation matrices created: 1
[2026-05-02T02:39:07Z] [SECTION] ============================================================
[2026-05-02T02:39:07Z] [INFO] 🖼️  PHASE: IMAGE-SEED ANALYSIS
[2026-05-02T02:39:07Z] [INFO] 📂 Image seed analysis bootstrapping from 5 images...
[2026-05-02T02:39:07Z] [SECTION] ============================================================
[2026-05-02T02:39:07Z] [INFO] 📤 PHASE: PUSH COMPONENTS TO TOLARIA
[2026-05-02T02:39:08Z] [INFO] 📦 Components pushed to Tolaria: 5
[2026-05-02T02:39:08Z] [SECTION] ============================================================
[2026-05-02T02:39:08Z] [INFO] 🧩 PHASE: COMPOSER - DOMAIN INTEGRATION SYNTHESIS
[2026-05-02T02:39:26Z] [INFO] 🎨 Domain integrations synthesized: 0
[2026-05-02T02:39:26Z] [SECTION] ============================================================
[2026-05-02T02:39:26Z] [INFO] 🚀 PHASE: ADVANCED OVERNIGHT LOOP
[2026-05-02T02:39:27Z] [INFO] 🔬 Advanced loop completed cycles: 0
[2026-05-02T02:39:27Z] [WARNING] ⚠️  Git commit skipped or failed (git not initialized?): Command '['git', '-C', '/home/avalonas/.hermes/gematria/unified_overnight_research', 'add', '.']' returned non-zero exit status 128.
[2026-05-02T02:39:27Z] [INFO] 
📊 CYCLE #22 SUMMARY
[2026-05-02T02:39:27Z] [INFO] ✅ Successful tasks: 7/7
[2026-05-02T02:39:27Z] [INFO] ⏱️  Cycle duration: 19.40s
[2026-05-02T02:39:27Z] [INFO]    ⚠️ task: result
[2026-05-02T02:39:27Z] [INFO]    ⚠️ task: result
[2026-05-02T02:39:27Z] [INFO]    ⚠️ task: result
[2026-05-02T02:39:27Z] [INFO]    ⚠️ task: result
[2026-05-02T02:39:27Z] [INFO]    ⚠️ task: result
[2026-05-02T02:39:27Z] [INFO]    ⚠️ task: result
[2026-05-02T02:39:27Z] [INFO]    ⚠️ task: result
[2026-05-02T02:39:27Z] [HEADER] ================================================================================
[2026-05-02T02:39:27Z] [INFO] 🔄 OVERNIGHT RESEARCH PIPELINE - CYCLE #23
[2026-05-02T02:39:27Z] [INFO] ================================================================================
[2026-05-02T02:39:27Z] [HEADER] ============================================================
[2026-05-02T02:39:27Z] [INFO] 🌙 STARTING OVERNIGHT RESEARCH CYCLE #23
[2026-05-02T02:39:27Z] [INFO] 🔍 Running overnight research protocol (web scraping + cross-symbol analysis)...
[2026-05-02T02:39:27Z] [INFO] 📊 Cycle duration: 0.11s, Files generated: 0
[2026-05-02T02:39:27Z] [WARNING] ⚠️ Database not initialized for cycle counting
[2026-05-02T02:39:27Z] [INFO] 💾 Database updated with cycle results
[2026-05-02T02:39:27Z] [SECTION] ============================================================
[2026-05-02T02:39:27Z] [INFO] 🔮 PHASE: HIDDEN LAYERING DETECTION
[2026-05-02T02:39:27Z] [INFO] 🔗 Hidden layering detection complete. Connections identified: 2
[2026-05-02T02:39:27Z] [SECTION] ============================================================
[2026-05-02T02:39:27Z] [INFO] 🔬 PHASE: DOMAIN CORRELATION ANALYSIS
[2026-05-02T02:39:27Z] [INFO] 📊 Domain correlation matrices created: 1
[2026-05-02T02:39:27Z] [SECTION] ============================================================
[2026-05-02T02:39:27Z] [INFO] 🖼️  PHASE: IMAGE-SEED ANALYSIS
[2026-05-02T02:39:27Z] [INFO] 📂 Image seed analysis bootstrapping from 5 images...
[2026-05-02T02:39:27Z] [SECTION] ============================================================
[2026-05-02T02:39:27Z] [INFO] 📤 PHASE: PUSH COMPONENTS TO TOLARIA
[2026-05-02T02:39:28Z] [INFO] 📦 Components pushed to Tolaria: 5
[2026-05-02T02:39:28Z] [SECTION] ============================================================
[2026-05-02T02:39:28Z] [INFO] 🧩 PHASE: COMPOSER - DOMAIN INTEGRATION SYNTHESIS
[2026-05-02T02:39:42Z] [INFO] 🎨 Domain integrations synthesized: 0
[2026-05-02T02:39:42Z] [SECTION] ============================================================
[2026-05-02T02:39:42Z] [INFO] 🚀 PHASE: ADVANCED OVERNIGHT LOOP
[2026-05-02T02:39:42Z] [INFO] 🔬 Advanced loop completed cycles: 0
[2026-05-02T02:39:42Z] [WARNING] ⚠️  Git commit skipped or failed (git not initialized?): Command '['git', '-C', '/home/avalonas/.hermes/gematria/unified_overnight_research', 'add', '.']' returned non-zero exit status 128.
[2026-05-02T02:39:42Z] [INFO] 
📊 CYCLE #23 SUMMARY
[2026-05-02T02:39:42Z] [INFO] ✅ Successful tasks: 7/7
[2026-05-02T02:39:42Z] [INFO] ⏱️  Cycle duration: 15.89s
[2026-05-02T02:39:42Z] [INFO]    ⚠️ task: result
[2026-05-02T02:39:42Z] [INFO]    ⚠️ task: result
[2026-05-02T02:39:42Z] [INFO]    ⚠️ task: result
[2026-05-02T02:39:42Z] [INFO]    ⚠️ task: result
[2026-05-02T02:39:42Z] [INFO]    ⚠️ task: result
[2026-05-02T02:39:42Z] [INFO]    ⚠️ task: result
[2026-05-02T02:39:42Z] [INFO]    ⚠️ task: result
[2026-05-02T02:39:42Z] [HEADER] ================================================================================
[2026-05-02T02:39:42Z] [INFO] 🔄 OVERNIGHT RESEARCH PIPELINE - CYCLE #24
[2026-05-02T02:39:42Z] [INFO] ================================================================================
[2026-05-02T02:39:42Z] [HEADER] ============================================================
[2026-05-02T02:39:42Z] [INFO] 🌙 STARTING OVERNIGHT RESEARCH CYCLE #24
[2026-05-02T02:39:42Z] [INFO] 🔍 Running overnight research protocol (web scraping + cross-symbol analysis)...
[2026-05-02T02:39:43Z] [INFO] 📊 Cycle duration: 0.11s, Files generated: 0
[2026-05-02T02:39:43Z] [WARNING] ⚠️ Database not initialized for cycle counting
[2026-05-02T02:39:43Z] [INFO] 💾 Database updated with cycle results
[2026-05-02T02:39:43Z] [SECTION] ============================================================
[2026-05-02T02:39:43Z] [INFO] 🔮 PHASE: HIDDEN LAYERING DETECTION
[2026-05-02T02:39:43Z] [INFO] 🔗 Hidden layering detection complete. Connections identified: 2
[2026-05-02T02:39:43Z] [SECTION] ============================================================
[2026-05-02T02:39:43Z] [INFO] 🔬 PHASE: DOMAIN CORRELATION ANALYSIS
[2026-05-02T02:39:43Z] [INFO] 📊 Domain correlation matrices created: 1
[2026-05-02T02:39:43Z] [SECTION] ============================================================
[2026-05-02T02:39:43Z] [INFO] 🖼️  PHASE: IMAGE-SEED ANALYSIS
[2026-05-02T02:39:43Z] [INFO] 📂 Image seed analysis bootstrapping from 5 images...
[2026-05-02T02:39:43Z] [SECTION] ============================================================
[2026-05-02T02:39:43Z] [INFO] 📤 PHASE: PUSH COMPONENTS TO TOLARIA
[2026-05-02T02:39:43Z] [INFO] 📦 Components pushed to Tolaria: 5
[2026-05-02T02:39:43Z] [SECTION] ============================================================
[2026-05-02T02:39:43Z] [INFO] 🧩 PHASE: COMPOSER - DOMAIN INTEGRATION SYNTHESIS
[2026-05-02T02:39:57Z] [INFO] 🎨 Domain integrations synthesized: 0
[2026-05-02T02:39:57Z] [SECTION] ============================================================
[2026-05-02T02:39:57Z] [INFO] 🚀 PHASE: ADVANCED OVERNIGHT LOOP
[2026-05-02T02:39:57Z] [INFO] 🔬 Advanced loop completed cycles: 0
[2026-05-02T02:39:57Z] [WARNING] ⚠️  Git commit skipped or failed (git not initialized?): Command '['git', '-C', '/home/avalonas/.hermes/gematria/unified_overnight_research', 'add', '.']' returned non-zero exit status 128.
[2026-05-02T02:39:57Z] [INFO] 
📊 CYCLE #24 SUMMARY
[2026-05-02T02:39:57Z] [INFO] ✅ Successful tasks: 7/7
[2026-05-02T02:39:57Z] [INFO] ⏱️  Cycle duration: 14.30s
[2026-05-02T02:39:57Z] [INFO]    ⚠️ task: result
[2026-05-02T02:39:57Z] [INFO]    ⚠️ task: result
[2026-05-02T02:39:57Z] [INFO]    ⚠️ task: result
[2026-05-02T02:39:57Z] [INFO]    ⚠️ task: result
[2026-05-02T02:39:57Z] [INFO]    ⚠️ task: result
[2026-05-02T02:39:57Z] [INFO]    ⚠️ task: result
[2026-05-02T02:39:57Z] [INFO]    ⚠️ task: result
[2026-05-02T02:39:57Z] [HEADER] ================================================================================
[2026-05-02T02:39:57Z] [INFO] 🔄 OVERNIGHT RESEARCH PIPELINE - CYCLE #25
[2026-05-02T02:39:57Z] [INFO] ================================================================================
[2026-05-02T02:39:57Z] [HEADER] ============================================================
[2026-05-02T02:39:57Z] [INFO] 🌙 STARTING OVERNIGHT RESEARCH CYCLE #25
[2026-05-02T02:39:57Z] [INFO] 🔍 Running overnight research protocol (web scraping + cross-symbol analysis)...
[2026-05-02T02:39:57Z] [INFO] 📊 Cycle duration: 0.10s, Files generated: 0
[2026-05-02T02:39:57Z] [WARNING] ⚠️ Database not initialized for cycle counting
[2026-05-02T02:39:57Z] [INFO] 💾 Database updated with cycle results
[2026-05-02T02:39:57Z] [SECTION] ============================================================
[2026-05-02T02:39:57Z] [INFO] 🔮 PHASE: HIDDEN LAYERING DETECTION
[2026-05-02T02:39:57Z] [INFO] 🔗 Hidden layering detection complete. Connections identified: 2
[2026-05-02T02:39:57Z] [SECTION] ============================================================
[2026-05-02T02:39:57Z] [INFO] 🔬 PHASE: DOMAIN CORRELATION ANALYSIS
[2026-05-02T02:39:57Z] [INFO] 📊 Domain correlation matrices created: 1
[2026-05-02T02:39:57Z] [SECTION] ============================================================
[2026-05-02T02:39:57Z] [INFO] 🖼️  PHASE: IMAGE-SEED ANALYSIS
[2026-05-02T02:39:57Z] [INFO] 📂 Image seed analysis bootstrapping from 5 images...
[2026-05-02T02:39:57Z] [SECTION] ============================================================
[2026-05-02T02:39:57Z] [INFO] 📤 PHASE: PUSH COMPONENTS TO TOLARIA
[2026-05-02T02:39:58Z] [INFO] 📦 Components pushed to Tolaria: 5
[2026-05-02T02:39:58Z] [SECTION] ============================================================
[2026-05-02T02:39:58Z] [INFO] 🧩 PHASE: COMPOSER - DOMAIN INTEGRATION SYNTHESIS
[2026-05-02T02:40:13Z] [INFO] 🎨 Domain integrations synthesized: 0
[2026-05-02T02:40:13Z] [SECTION] ============================================================
[2026-05-02T02:40:13Z] [INFO] 🚀 PHASE: ADVANCED OVERNIGHT LOOP
[2026-05-02T02:40:13Z] [INFO] 🔬 Advanced loop completed cycles: 0
[2026-05-02T02:40:13Z] [WARNING] ⚠️  Git commit skipped or failed (git not initialized?): Command '['git', '-C', '/home/avalonas/.hermes/gematria/unified_overnight_research', 'add', '.']' returned non-zero exit status 128.
[2026-05-02T02:40:13Z] [INFO] 
📊 CYCLE #25 SUMMARY
[2026-05-02T02:40:13Z] [INFO] ✅ Successful tasks: 7/7
[2026-05-02T02:40:13Z] [INFO] ⏱️  Cycle duration: 16.14s
[2026-05-02T02:40:13Z] [INFO]    ⚠️ task: result
[2026-05-02T02:40:13Z] [INFO]    ⚠️ task: result
[2026-05-02T02:40:13Z] [INFO]    ⚠️ task: result
[2026-05-02T02:40:13Z] [INFO]    ⚠️ task: result
[2026-05-02T02:40:13Z] [INFO]    ⚠️ task: result
[2026-05-02T02:40:13Z] [INFO]    ⚠️ task: result
[2026-05-02T02:40:13Z] [INFO]    ⚠️ task: result
[2026-05-02T02:40:13Z] [HEADER] ================================================================================
[2026-05-02T02:40:13Z] [INFO] 🔄 OVERNIGHT RESEARCH PIPELINE - CYCLE #26
[2026-05-02T02:40:13Z] [INFO] ================================================================================
[2026-05-02T02:40:13Z] [HEADER] ============================================================
[2026-05-02T02:40:13Z] [INFO] 🌙 STARTING OVERNIGHT RESEARCH CYCLE #26
[2026-05-02T02:40:13Z] [INFO] 🔍 Running overnight research protocol (web scraping + cross-symbol analysis)...
[2026-05-02T02:40:13Z] [INFO] 📊 Cycle duration: 0.11s, Files generated: 0
[2026-05-02T02:40:13Z] [WARNING] ⚠️ Database not initialized for cycle counting
[2026-05-02T02:40:13Z] [INFO] 💾 Database updated with cycle results
[2026-05-02T02:40:13Z] [SECTION] ============================================================
[2026-05-02T02:40:13Z] [INFO] 🔮 PHASE: HIDDEN LAYERING DETECTION
[2026-05-02T02:40:13Z] [INFO] 🔗 Hidden layering detection complete. Connections identified: 2
[2026-05-02T02:40:13Z] [SECTION] ============================================================
[2026-05-02T02:40:13Z] [INFO] 🔬 PHASE: DOMAIN CORRELATION ANALYSIS
[2026-05-02T02:40:13Z] [INFO] 📊 Domain correlation matrices created: 1
[2026-05-02T02:40:13Z] [SECTION] ============================================================
[2026-05-02T02:40:13Z] [INFO] 🖼️  PHASE: IMAGE-SEED ANALYSIS
[2026-05-02T02:40:13Z] [INFO] 📂 Image seed analysis bootstrapping from 5 images...
[2026-05-02T02:40:13Z] [SECTION] ============================================================
[2026-05-02T02:40:13Z] [INFO] 📤 PHASE: PUSH COMPONENTS TO TOLARIA
[2026-05-02T02:40:14Z] [INFO] 📦 Components pushed to Tolaria: 5
[2026-05-02T02:40:14Z] [SECTION] ============================================================
[2026-05-02T02:40:14Z] [INFO] 🧩 PHASE: COMPOSER - DOMAIN INTEGRATION SYNTHESIS
[2026-05-02T02:40:26Z] [INFO] 🎨 Domain integrations synthesized: 0
[2026-05-02T02:40:26Z] [SECTION] ============================================================
[2026-05-02T02:40:26Z] [INFO] 🚀 PHASE: ADVANCED OVERNIGHT LOOP
[2026-05-02T02:40:26Z] [INFO] 🔬 Advanced loop completed cycles: 0
[2026-05-02T02:40:26Z] [WARNING] ⚠️  Git commit skipped or failed (git not initialized?): Command '['git', '-C', '/home/avalonas/.hermes/gematria/unified_overnight_research', 'add', '.']' returned non-zero exit status 128.
[2026-05-02T02:40:26Z] [INFO] 
📊 CYCLE #26 SUMMARY
[2026-05-02T02:40:26Z] [INFO] ✅ Successful tasks: 7/7
[2026-05-02T02:40:26Z] [INFO] ⏱️  Cycle duration: 13.53s
[2026-05-02T02:40:26Z] [INFO]    ⚠️ task: result
[2026-05-02T02:40:26Z] [INFO]    ⚠️ task: result
[2026-05-02T02:40:26Z] [INFO]    ⚠️ task: result
[2026-05-02T02:40:26Z] [INFO]    ⚠️ task: result
[2026-05-02T02:40:26Z] [INFO]    ⚠️ task: result
[2026-05-02T02:40:26Z] [INFO]    ⚠️ task: result
[2026-05-02T02:40:26Z] [INFO]    ⚠️ task: result
[2026-05-02T02:40:26Z] [HEADER] ================================================================================
[2026-05-02T02:40:26Z] [INFO] 🔄 OVERNIGHT RESEARCH PIPELINE - CYCLE #27
[2026-05-02T02:40:26Z] [INFO] ================================================================================
[2026-05-02T02:40:26Z] [HEADER] ============================================================
[2026-05-02T02:40:26Z] [INFO] 🌙 STARTING OVERNIGHT RESEARCH CYCLE #27
[2026-05-02T02:40:26Z] [INFO] 🔍 Running overnight research protocol (web scraping + cross-symbol analysis)...
[2026-05-02T02:40:27Z] [INFO] 📊 Cycle duration: 0.10s, Files generated: 0
[2026-05-02T02:40:27Z] [WARNING] ⚠️ Database not initialized for cycle counting
[2026-05-02T02:40:27Z] [INFO] 💾 Database updated with cycle results
[2026-05-02T02:40:27Z] [SECTION] ============================================================
[2026-05-02T02:40:27Z] [INFO] 🔮 PHASE: HIDDEN LAYERING DETECTION
[2026-05-02T02:40:27Z] [INFO] 🔗 Hidden layering detection complete. Connections identified: 2
[2026-05-02T02:40:27Z] [SECTION] ============================================================
[2026-05-02T02:40:27Z] [INFO] 🔬 PHASE: DOMAIN CORRELATION ANALYSIS
[2026-05-02T02:40:27Z] [INFO] 📊 Domain correlation matrices created: 1
[2026-05-02T02:40:27Z] [SECTION] ============================================================
[2026-05-02T02:40:27Z] [INFO] 🖼️  PHASE: IMAGE-SEED ANALYSIS
[2026-05-02T02:40:27Z] [INFO] 📂 Image seed analysis bootstrapping from 5 images...
[2026-05-02T02:40:27Z] [SECTION] ============================================================
[2026-05-02T02:40:27Z] [INFO] 📤 PHASE: PUSH COMPONENTS TO TOLARIA
[2026-05-02T02:40:27Z] [INFO] 📦 Components pushed to Tolaria: 5
[2026-05-02T02:40:27Z] [SECTION] ============================================================
[2026-05-02T02:40:27Z] [INFO] 🧩 PHASE: COMPOSER - DOMAIN INTEGRATION SYNTHESIS
[2026-05-02T02:40:42Z] [INFO] 🎨 Domain integrations synthesized: 0
[2026-05-02T02:40:42Z] [SECTION] ============================================================
[2026-05-02T02:40:42Z] [INFO] 🚀 PHASE: ADVANCED OVERNIGHT LOOP
[2026-05-02T02:40:42Z] [INFO] 🔬 Advanced loop completed cycles: 0
[2026-05-02T02:40:43Z] [WARNING] ⚠️  Git commit skipped or failed (git not initialized?): Command '['git', '-C', '/home/avalonas/.hermes/gematria/unified_overnight_research', 'add', '.']' returned non-zero exit status 128.
[2026-05-02T02:40:43Z] [INFO] 
📊 CYCLE #27 SUMMARY
[2026-05-02T02:40:43Z] [INFO] ✅ Successful tasks: 7/7
[2026-05-02T02:40:43Z] [INFO] ⏱️  Cycle duration: 16.09s
[2026-05-02T02:40:43Z] [INFO]    ⚠️ task: result
[2026-05-02T02:40:43Z] [INFO]    ⚠️ task: result
[2026-05-02T02:40:43Z] [INFO]    ⚠️ task: result
[2026-05-02T02:40:43Z] [INFO]    ⚠️ task: result
[2026-05-02T02:40:43Z] [INFO]    ⚠️ task: result
[2026-05-02T02:40:43Z] [INFO]    ⚠️ task: result
[2026-05-02T02:40:43Z] [INFO]    ⚠️ task: result
[2026-05-02T02:40:43Z] [HEADER] ================================================================================
[2026-05-02T02:40:43Z] [INFO] 🔄 OVERNIGHT RESEARCH PIPELINE - CYCLE #28
[2026-05-02T02:40:43Z] [INFO] ================================================================================
[2026-05-02T02:40:43Z] [HEADER] ============================================================
[2026-05-02T02:40:43Z] [INFO] 🌙 STARTING OVERNIGHT RESEARCH CYCLE #28
[2026-05-02T02:40:43Z] [INFO] 🔍 Running overnight research protocol (web scraping + cross-symbol analysis)...
[2026-05-02T02:40:43Z] [INFO] 📊 Cycle duration: 0.11s, Files generated: 0
[2026-05-02T02:40:43Z] [WARNING] ⚠️ Database not initialized for cycle counting
[2026-05-02T02:40:43Z] [INFO] 💾 Database updated with cycle results
[2026-05-02T02:40:43Z] [SECTION] ============================================================
[2026-05-02T02:40:43Z] [INFO] 🔮 PHASE: HIDDEN LAYERING DETECTION
[2026-05-02T02:40:43Z] [INFO] 🔗 Hidden layering detection complete. Connections identified: 2
[2026-05-02T02:40:43Z] [SECTION] ============================================================
[2026-05-02T02:40:43Z] [INFO] 🔬 PHASE: DOMAIN CORRELATION ANALYSIS
[2026-05-02T02:40:43Z] [INFO] 📊 Domain correlation matrices created: 1
[2026-05-02T02:40:43Z] [SECTION] ============================================================
[2026-05-02T02:40:43Z] [INFO] 🖼️  PHASE: IMAGE-SEED ANALYSIS
[2026-05-02T02:40:43Z] [INFO] 📂 Image seed analysis bootstrapping from 5 images...
[2026-05-02T02:40:43Z] [SECTION] ============================================================
[2026-05-02T02:40:43Z] [INFO] 📤 PHASE: PUSH COMPONENTS TO TOLARIA
[2026-05-02T02:40:44Z] [INFO] 📦 Components pushed to Tolaria: 5
[2026-05-02T02:40:44Z] [SECTION] ============================================================
[2026-05-02T02:40:44Z] [INFO] 🧩 PHASE: COMPOSER - DOMAIN INTEGRATION SYNTHESIS
[2026-05-02T02:40:55Z] [INFO] 🎨 Domain integrations synthesized: 0
[2026-05-02T02:40:55Z] [SECTION] ============================================================
[2026-05-02T02:40:55Z] [INFO] 🚀 PHASE: ADVANCED OVERNIGHT LOOP
[2026-05-02T02:40:55Z] [INFO] 🔬 Advanced loop completed cycles: 0
[2026-05-02T02:40:55Z] [WARNING] ⚠️  Git commit skipped or failed (git not initialized?): Command '['git', '-C', '/home/avalonas/.hermes/gematria/unified_overnight_research', 'add', '.']' returned non-zero exit status 128.
[2026-05-02T02:40:55Z] [INFO] 
📊 CYCLE #28 SUMMARY
[2026-05-02T02:40:55Z] [INFO] ✅ Successful tasks: 7/7
[2026-05-02T02:40:55Z] [INFO] ⏱️  Cycle duration: 12.90s
[2026-05-02T02:40:55Z] [INFO]    ⚠️ task: result
[2026-05-02T02:40:55Z] [INFO]    ⚠️ task: result
[2026-05-02T02:40:55Z] [INFO]    ⚠️ task: result
[2026-05-02T02:40:55Z] [INFO]    ⚠️ task: result
[2026-05-02T02:40:55Z] [INFO]    ⚠️ task: result
[2026-05-02T02:40:55Z] [INFO]    ⚠️ task: result
[2026-05-02T02:40:55Z] [INFO]    ⚠️ task: result
[2026-05-02T02:40:55Z] [HEADER] ================================================================================
[2026-05-02T02:40:55Z] [INFO] 🔄 OVERNIGHT RESEARCH PIPELINE - CYCLE #29
[2026-05-02T02:40:55Z] [INFO] ================================================================================
[2026-05-02T02:40:55Z] [HEADER] ============================================================
[2026-05-02T02:40:55Z] [INFO] 🌙 STARTING OVERNIGHT RESEARCH CYCLE #29
[2026-05-02T02:40:55Z] [INFO] 🔍 Running overnight research protocol (web scraping + cross-symbol analysis)...
[2026-05-02T02:40:56Z] [INFO] 📊 Cycle duration: 0.11s, Files generated: 0
[2026-05-02T02:40:56Z] [WARNING] ⚠️ Database not initialized for cycle counting
[2026-05-02T02:40:56Z] [INFO] 💾 Database updated with cycle results
[2026-05-02T02:40:56Z] [SECTION] ============================================================
[2026-05-02T02:40:56Z] [INFO] 🔮 PHASE: HIDDEN LAYERING DETECTION
[2026-05-02T02:40:56Z] [INFO] 🔗 Hidden layering detection complete. Connections identified: 2
[2026-05-02T02:40:56Z] [SECTION] ============================================================
[2026-05-02T02:40:56Z] [INFO] 🔬 PHASE: DOMAIN CORRELATION ANALYSIS
[2026-05-02T02:40:56Z] [INFO] 📊 Domain correlation matrices created: 1
[2026-05-02T02:40:56Z] [SECTION] ============================================================
[2026-05-02T02:40:56Z] [INFO] 🖼️  PHASE: IMAGE-SEED ANALYSIS
[2026-05-02T02:40:56Z] [INFO] 📂 Image seed analysis bootstrapping from 5 images...
[2026-05-02T02:40:56Z] [SECTION] ============================================================
[2026-05-02T02:40:56Z] [INFO] 📤 PHASE: PUSH COMPONENTS TO TOLARIA
[2026-05-02T02:40:56Z] [INFO] 📦 Components pushed to Tolaria: 5
[2026-05-02T02:40:56Z] [SECTION] ============================================================
[2026-05-02T02:40:56Z] [INFO] 🧩 PHASE: COMPOSER - DOMAIN INTEGRATION SYNTHESIS
[2026-05-02T02:41:12Z] [INFO] 🎨 Domain integrations synthesized: 0
[2026-05-02T02:41:12Z] [SECTION] ============================================================
[2026-05-02T02:41:12Z] [INFO] 🚀 PHASE: ADVANCED OVERNIGHT LOOP
[2026-05-02T02:41:12Z] [INFO] 🔬 Advanced loop completed cycles: 0
[2026-05-02T02:41:12Z] [WARNING] ⚠️  Git commit skipped or failed (git not initialized?): Command '['git', '-C', '/home/avalonas/.hermes/gematria/unified_overnight_research', 'add', '.']' returned non-zero exit status 128.
[2026-05-02T02:41:12Z] [INFO] 
📊 CYCLE #29 SUMMARY
[2026-05-02T02:41:12Z] [INFO] ✅ Successful tasks: 7/7
[2026-05-02T02:41:12Z] [INFO] ⏱️  Cycle duration: 16.60s
[2026-05-02T02:41:12Z] [INFO]    ⚠️ task: result
[2026-05-02T02:41:12Z] [INFO]    ⚠️ task: result
[2026-05-02T02:41:12Z] [INFO]    ⚠️ task: result
[2026-05-02T02:41:12Z] [INFO]    ⚠️ task: result
[2026-05-02T02:41:12Z] [INFO]    ⚠️ task: result
[2026-05-02T02:41:12Z] [INFO]    ⚠️ task: result
[2026-05-02T02:41:12Z] [INFO]    ⚠️ task: result
[2026-05-02T02:41:12Z] [HEADER] ================================================================================
[2026-05-02T02:41:12Z] [INFO] 🔄 OVERNIGHT RESEARCH PIPELINE - CYCLE #30
[2026-05-02T02:41:12Z] [INFO] ================================================================================
[2026-05-02T02:41:12Z] [HEADER] ============================================================
[2026-05-02T02:41:12Z] [INFO] 🌙 STARTING OVERNIGHT RESEARCH CYCLE #30
[2026-05-02T02:41:12Z] [INFO] 🔍 Running overnight research protocol (web scraping + cross-symbol analysis)...
[2026-05-02T02:41:12Z] [INFO] 📊 Cycle duration: 0.11s, Files generated: 0
[2026-05-02T02:41:12Z] [WARNING] ⚠️ Database not initialized for cycle counting
[2026-05-02T02:41:12Z] [INFO] 💾 Database updated with cycle results
[2026-05-02T02:41:12Z] [SECTION] ============================================================
[2026-05-02T02:41:12Z] [INFO] 🔮 PHASE: HIDDEN LAYERING DETECTION
[2026-05-02T02:41:12Z] [INFO] 🔗 Hidden layering detection complete. Connections identified: 2
[2026-05-02T02:41:12Z] [SECTION] ============================================================
[2026-05-02T02:41:12Z] [INFO] 🔬 PHASE: DOMAIN CORRELATION ANALYSIS
[2026-05-02T02:41:12Z] [INFO] 📊 Domain correlation matrices created: 1
[2026-05-02T02:41:12Z] [SECTION] ============================================================
[2026-05-02T02:41:12Z] [INFO] 🖼️  PHASE: IMAGE-SEED ANALYSIS
[2026-05-02T02:41:12Z] [INFO] 📂 Image seed analysis bootstrapping from 5 images...
[2026-05-02T02:41:12Z] [SECTION] ============================================================
[2026-05-02T02:41:12Z] [INFO] 📤 PHASE: PUSH COMPONENTS TO TOLARIA
[2026-05-02T02:41:13Z] [INFO] 📦 Components pushed to Tolaria: 5
[2026-05-02T02:41:13Z] [SECTION] ============================================================
[2026-05-02T02:41:13Z] [INFO] 🧩 PHASE: COMPOSER - DOMAIN INTEGRATION SYNTHESIS
[2026-05-02T02:41:32Z] [INFO] 🎨 Domain integrations synthesized: 0
[2026-05-02T02:41:32Z] [SECTION] ============================================================
[2026-05-02T02:41:32Z] [INFO] 🚀 PHASE: ADVANCED OVERNIGHT LOOP
[2026-05-02T02:41:32Z] [INFO] 🔬 Advanced loop completed cycles: 0
[2026-05-02T02:41:32Z] [WARNING] ⚠️  Git commit skipped or failed (git not initialized?): Command '['git', '-C', '/home/avalonas/.hermes/gematria/unified_overnight_research', 'add', '.']' returned non-zero exit status 128.
[2026-05-02T02:41:32Z] [INFO] 
📊 CYCLE #30 SUMMARY
[2026-05-02T02:41:32Z] [INFO] ✅ Successful tasks: 7/7
[2026-05-02T02:41:32Z] [INFO] ⏱️  Cycle duration: 20.18s
[2026-05-02T02:41:32Z] [INFO]    ⚠️ task: result
[2026-05-02T02:41:32Z] [INFO]    ⚠️ task: result
[2026-05-02T02:41:32Z] [INFO]    ⚠️ task: result
[2026-05-02T02:41:32Z] [INFO]    ⚠️ task: result
[2026-05-02T02:41:32Z] [INFO]    ⚠️ task: result
[2026-05-02T02:41:32Z] [INFO]    ⚠️ task: result
[2026-05-02T02:41:32Z] [INFO]    ⚠️ task: result
[2026-05-02T02:41:32Z] [HEADER] ================================================================================
[2026-05-02T02:41:32Z] [INFO] 🔄 OVERNIGHT RESEARCH PIPELINE - CYCLE #31
[2026-05-02T02:41:32Z] [INFO] ================================================================================
[2026-05-02T02:41:32Z] [HEADER] ============================================================
[2026-05-02T02:41:32Z] [INFO] 🌙 STARTING OVERNIGHT RESEARCH CYCLE #31
[2026-05-02T02:41:32Z] [INFO] 🔍 Running overnight research protocol (web scraping + cross-symbol analysis)...
[2026-05-02T02:41:32Z] [INFO] 📊 Cycle duration: 0.10s, Files generated: 0
[2026-05-02T02:41:32Z] [WARNING] ⚠️ Database not initialized for cycle counting
[2026-05-02T02:41:32Z] [INFO] 💾 Database updated with cycle results
[2026-05-02T02:41:32Z] [SECTION] ============================================================
[2026-05-02T02:41:32Z] [INFO] 🔮 PHASE: HIDDEN LAYERING DETECTION
[2026-05-02T02:41:32Z] [INFO] 🔗 Hidden layering detection complete. Connections identified: 2
[2026-05-02T02:41:32Z] [SECTION] ============================================================
[2026-05-02T02:41:32Z] [INFO] 🔬 PHASE: DOMAIN CORRELATION ANALYSIS
[2026-05-02T02:41:32Z] [INFO] 📊 Domain correlation matrices created: 1
[2026-05-02T02:41:32Z] [SECTION] ============================================================
[2026-05-02T02:41:32Z] [INFO] 🖼️  PHASE: IMAGE-SEED ANALYSIS
[2026-05-02T02:41:32Z] [INFO] 📂 Image seed analysis bootstrapping from 5 images...
[2026-05-02T02:41:32Z] [SECTION] ============================================================
[2026-05-02T02:41:32Z] [INFO] 📤 PHASE: PUSH COMPONENTS TO TOLARIA
[2026-05-02T02:41:33Z] [INFO] 📦 Components pushed to Tolaria: 5
[2026-05-02T02:41:33Z] [SECTION] ============================================================
[2026-05-02T02:41:33Z] [INFO] 🧩 PHASE: COMPOSER - DOMAIN INTEGRATION SYNTHESIS
[2026-05-02T02:41:48Z] [INFO] 🎨 Domain integrations synthesized: 0
[2026-05-02T02:41:48Z] [SECTION] ============================================================
[2026-05-02T02:41:48Z] [INFO] 🚀 PHASE: ADVANCED OVERNIGHT LOOP
[2026-05-02T02:41:48Z] [INFO] 🔬 Advanced loop completed cycles: 0
[2026-05-02T02:41:48Z] [WARNING] ⚠️  Git commit skipped or failed (git not initialized?): Command '['git', '-C', '/home/avalonas/.hermes/gematria/unified_overnight_research', 'add', '.']' returned non-zero exit status 128.
[2026-05-02T02:41:48Z] [INFO] 
📊 CYCLE #31 SUMMARY
[2026-05-02T02:41:48Z] [INFO] ✅ Successful tasks: 7/7
[2026-05-02T02:41:48Z] [INFO] ⏱️  Cycle duration: 15.75s
[2026-05-02T02:41:48Z] [INFO]    ⚠️ task: result
[2026-05-02T02:41:48Z] [INFO]    ⚠️ task: result
[2026-05-02T02:41:48Z] [INFO]    ⚠️ task: result
[2026-05-02T02:41:48Z] [INFO]    ⚠️ task: result
[2026-05-02T02:41:48Z] [INFO]    ⚠️ task: result
[2026-05-02T02:41:48Z] [INFO]    ⚠️ task: result
[2026-05-02T02:41:48Z] [INFO]    ⚠️ task: result
[2026-05-02T02:41:48Z] [HEADER] ================================================================================
[2026-05-02T02:41:48Z] [INFO] 🔄 OVERNIGHT RESEARCH PIPELINE - CYCLE #32
[2026-05-02T02:41:48Z] [INFO] ================================================================================
[2026-05-02T02:41:48Z] [HEADER] ============================================================
[2026-05-02T02:41:48Z] [INFO] 🌙 STARTING OVERNIGHT RESEARCH CYCLE #32
[2026-05-02T02:41:48Z] [INFO] 🔍 Running overnight research protocol (web scraping + cross-symbol analysis)...
[2026-05-02T02:41:48Z] [INFO] 📊 Cycle duration: 0.10s, Files generated: 0
[2026-05-02T02:41:48Z] [WARNING] ⚠️ Database not initialized for cycle counting
[2026-05-02T02:41:48Z] [INFO] 💾 Database updated with cycle results
[2026-05-02T02:41:48Z] [SECTION] ============================================================
[2026-05-02T02:41:48Z] [INFO] 🔮 PHASE: HIDDEN LAYERING DETECTION
[2026-05-02T02:41:48Z] [INFO] 🔗 Hidden layering detection complete. Connections identified: 2
[2026-05-02T02:41:48Z] [SECTION] ============================================================
[2026-05-02T02:41:48Z] [INFO] 🔬 PHASE: DOMAIN CORRELATION ANALYSIS
[2026-05-02T02:41:48Z] [INFO] 📊 Domain correlation matrices created: 1
[2026-05-02T02:41:48Z] [SECTION] ============================================================
[2026-05-02T02:41:48Z] [INFO] 🖼️  PHASE: IMAGE-SEED ANALYSIS
[2026-05-02T02:41:48Z] [INFO] 📂 Image seed analysis bootstrapping from 5 images...
[2026-05-02T02:41:48Z] [SECTION] ============================================================
[2026-05-02T02:41:48Z] [INFO] 📤 PHASE: PUSH COMPONENTS TO TOLARIA
[2026-05-02T02:41:49Z] [INFO] 📦 Components pushed to Tolaria: 5
[2026-05-02T02:41:49Z] [SECTION] ============================================================
[2026-05-02T02:41:49Z] [INFO] 🧩 PHASE: COMPOSER - DOMAIN INTEGRATION SYNTHESIS
[2026-05-02T02:42:00Z] [INFO] 🎨 Domain integrations synthesized: 0
[2026-05-02T02:42:00Z] [SECTION] ============================================================
[2026-05-02T02:42:00Z] [INFO] 🚀 PHASE: ADVANCED OVERNIGHT LOOP
[2026-05-02T02:42:00Z] [INFO] 🔬 Advanced loop completed cycles: 0
[2026-05-02T02:42:00Z] [WARNING] ⚠️  Git commit skipped or failed (git not initialized?): Command '['git', '-C', '/home/avalonas/.hermes/gematria/unified_overnight_research', 'add', '.']' returned non-zero exit status 128.
[2026-05-02T02:42:00Z] [INFO] 
📊 CYCLE #32 SUMMARY
[2026-05-02T02:42:00Z] [INFO] ✅ Successful tasks: 7/7
[2026-05-02T02:42:00Z] [INFO] ⏱️  Cycle duration: 12.14s
[2026-05-02T02:42:00Z] [INFO]    ⚠️ task: result
[2026-05-02T02:42:00Z] [INFO]    ⚠️ task: result
[2026-05-02T02:42:00Z] [INFO]    ⚠️ task: result
[2026-05-02T02:42:00Z] [INFO]    ⚠️ task: result
[2026-05-02T02:42:00Z] [INFO]    ⚠️ task: result
[2026-05-02T02:42:00Z] [INFO]    ⚠️ task: result
[2026-05-02T02:42:00Z] [INFO]    ⚠️ task: result
[2026-05-02T02:42:00Z] [HEADER] ================================================================================
[2026-05-02T02:42:00Z] [INFO] 🔄 OVERNIGHT RESEARCH PIPELINE - CYCLE #33
[2026-05-02T02:42:00Z] [INFO] ================================================================================
[2026-05-02T02:42:00Z] [HEADER] ============================================================
[2026-05-02T02:42:00Z] [INFO] 🌙 STARTING OVERNIGHT RESEARCH CYCLE #33
[2026-05-02T02:42:00Z] [INFO] 🔍 Running overnight research protocol (web scraping + cross-symbol analysis)...
[2026-05-02T02:42:00Z] [INFO] 📊 Cycle duration: 0.13s, Files generated: 0
[2026-05-02T02:42:00Z] [WARNING] ⚠️ Database not initialized for cycle counting
[2026-05-02T02:42:00Z] [INFO] 💾 Database updated with cycle results
[2026-05-02T02:42:00Z] [SECTION] ============================================================
[2026-05-02T02:42:00Z] [INFO] 🔮 PHASE: HIDDEN LAYERING DETECTION
[2026-05-02T02:42:00Z] [INFO] 🔗 Hidden layering detection complete. Connections identified: 2
[2026-05-02T02:42:00Z] [SECTION] ============================================================
[2026-05-02T02:42:00Z] [INFO] 🔬 PHASE: DOMAIN CORRELATION ANALYSIS
[2026-05-02T02:42:00Z] [INFO] 📊 Domain correlation matrices created: 1
[2026-05-02T02:42:00Z] [SECTION] ============================================================
[2026-05-02T02:42:00Z] [INFO] 🖼️  PHASE: IMAGE-SEED ANALYSIS
[2026-05-02T02:42:00Z] [INFO] 📂 Image seed analysis bootstrapping from 5 images...
[2026-05-02T02:42:00Z] [SECTION] ============================================================
[2026-05-02T02:42:00Z] [INFO] 📤 PHASE: PUSH COMPONENTS TO TOLARIA
[2026-05-02T02:42:01Z] [INFO] 📦 Components pushed to Tolaria: 5
[2026-05-02T02:42:01Z] [SECTION] ============================================================
[2026-05-02T02:42:01Z] [INFO] 🧩 PHASE: COMPOSER - DOMAIN INTEGRATION SYNTHESIS
[2026-05-02T02:42:17Z] [INFO] 🎨 Domain integrations synthesized: 0
[2026-05-02T02:42:17Z] [SECTION] ============================================================
[2026-05-02T02:42:17Z] [INFO] 🚀 PHASE: ADVANCED OVERNIGHT LOOP
[2026-05-02T02:43:07Z] [INFO] 🔬 Advanced loop completed cycles: 0
[2026-05-02T02:43:07Z] [WARNING] ⚠️  Git commit skipped or failed (git not initialized?): Command '['git', '-C', '/home/avalonas/.hermes/gematria/unified_overnight_research', 'add', '.']' returned non-zero exit status 128.
[2026-05-02T02:43:07Z] [INFO] 
📊 CYCLE #33 SUMMARY
[2026-05-02T02:43:07Z] [INFO] ✅ Successful tasks: 7/7
[2026-05-02T02:43:07Z] [INFO] ⏱️  Cycle duration: 66.79s
[2026-05-02T02:43:07Z] [INFO]    ⚠️ task: result
[2026-05-02T02:43:07Z] [INFO]    ⚠️ task: result
[2026-05-02T02:43:07Z] [INFO]    ⚠️ task: result
[2026-05-02T02:43:07Z] [INFO]    ⚠️ task: result
[2026-05-02T02:43:07Z] [INFO]    ⚠️ task: result
[2026-05-02T02:43:07Z] [INFO]    ⚠️ task: result
[2026-05-02T02:43:07Z] [INFO]    ⚠️ task: result
[2026-05-02T02:43:07Z] [HEADER] ================================================================================
[2026-05-02T02:43:07Z] [INFO] 🔄 OVERNIGHT RESEARCH PIPELINE - CYCLE #34
[2026-05-02T02:43:07Z] [INFO] ================================================================================
[2026-05-02T02:43:07Z] [HEADER] ============================================================
[2026-05-02T02:43:07Z] [INFO] 🌙 STARTING OVERNIGHT RESEARCH CYCLE #34
[2026-05-02T02:43:07Z] [INFO] 🔍 Running overnight research protocol (web scraping + cross-symbol analysis)...
[2026-05-02T02:43:07Z] [INFO] 📊 Cycle duration: 0.13s, Files generated: 0
[2026-05-02T02:43:07Z] [WARNING] ⚠️ Database not initialized for cycle counting
[2026-05-02T02:43:07Z] [INFO] 💾 Database updated with cycle results
[2026-05-02T02:43:07Z] [SECTION] ============================================================
[2026-05-02T02:43:07Z] [INFO] 🔮 PHASE: HIDDEN LAYERING DETECTION
[2026-05-02T02:43:07Z] [INFO] 🔗 Hidden layering detection complete. Connections identified: 2
[2026-05-02T02:43:07Z] [SECTION] ============================================================
[2026-05-02T02:43:07Z] [INFO] 🔬 PHASE: DOMAIN CORRELATION ANALYSIS
[2026-05-02T02:43:07Z] [INFO] 📊 Domain correlation matrices created: 1
[2026-05-02T02:43:07Z] [SECTION] ============================================================
[2026-05-02T02:43:07Z] [INFO] 🖼️  PHASE: IMAGE-SEED ANALYSIS
[2026-05-02T02:43:07Z] [INFO] 📂 Image seed analysis bootstrapping from 5 images...
[2026-05-02T02:43:07Z] [SECTION] ============================================================
[2026-05-02T02:43:07Z] [INFO] 📤 PHASE: PUSH COMPONENTS TO TOLARIA
[2026-05-02T02:43:08Z] [INFO] 📦 Components pushed to Tolaria: 5
[2026-05-02T02:43:08Z] [SECTION] ============================================================
[2026-05-02T02:43:08Z] [INFO] 🧩 PHASE: COMPOSER - DOMAIN INTEGRATION SYNTHESIS
[2026-05-02T02:43:21Z] [INFO] 🎨 Domain integrations synthesized: 0
[2026-05-02T02:43:21Z] [SECTION] ============================================================
[2026-05-02T02:43:21Z] [INFO] 🚀 PHASE: ADVANCED OVERNIGHT LOOP
[2026-05-02T02:44:11Z] [INFO] 🔬 Advanced loop completed cycles: 0
[2026-05-02T02:44:11Z] [WARNING] ⚠️  Git commit skipped or failed (git not initialized?): Command '['git', '-C', '/home/avalonas/.hermes/gematria/unified_overnight_research', 'add', '.']' returned non-zero exit status 128.
[2026-05-02T02:44:11Z] [INFO] 
📊 CYCLE #34 SUMMARY
[2026-05-02T02:44:11Z] [INFO] ✅ Successful tasks: 7/7
[2026-05-02T02:44:11Z] [INFO] ⏱️  Cycle duration: 64.29s
[2026-05-02T02:44:11Z] [INFO]    ⚠️ task: result
[2026-05-02T02:44:11Z] [INFO]    ⚠️ task: result
[2026-05-02T02:44:11Z] [INFO]    ⚠️ task: result
[2026-05-02T02:44:11Z] [INFO]    ⚠️ task: result
[2026-05-02T02:44:11Z] [INFO]    ⚠️ task: result
[2026-05-02T02:44:11Z] [INFO]    ⚠️ task: result
[2026-05-02T02:44:11Z] [INFO]    ⚠️ task: result
[2026-05-02T02:44:11Z] [HEADER] ================================================================================
[2026-05-02T02:44:11Z] [INFO] 🔄 OVERNIGHT RESEARCH PIPELINE - CYCLE #35
[2026-05-02T02:44:11Z] [INFO] ================================================================================
[2026-05-02T02:44:11Z] [HEADER] ============================================================
[2026-05-02T02:44:11Z] [INFO] 🌙 STARTING OVERNIGHT RESEARCH CYCLE #35
[2026-05-02T02:44:11Z] [INFO] 🔍 Running overnight research protocol (web scraping + cross-symbol analysis)...
[2026-05-02T02:44:11Z] [INFO] 📊 Cycle duration: 0.10s, Files generated: 0
[2026-05-02T02:44:11Z] [WARNING] ⚠️ Database not initialized for cycle counting
[2026-05-02T02:44:11Z] [INFO] 💾 Database updated with cycle results
[2026-05-02T02:44:11Z] [SECTION] ============================================================
[2026-05-02T02:44:11Z] [INFO] 🔮 PHASE: HIDDEN LAYERING DETECTION
[2026-05-02T02:44:11Z] [INFO] 🔗 Hidden layering detection complete. Connections identified: 2
[2026-05-02T02:44:11Z] [SECTION] ============================================================
[2026-05-02T02:44:11Z] [INFO] 🔬 PHASE: DOMAIN CORRELATION ANALYSIS
[2026-05-02T02:44:11Z] [INFO] 📊 Domain correlation matrices created: 1
[2026-05-02T02:44:11Z] [SECTION] ============================================================
[2026-05-02T02:44:11Z] [INFO] 🖼️  PHASE: IMAGE-SEED ANALYSIS
[2026-05-02T02:44:11Z] [INFO] 📂 Image seed analysis bootstrapping from 5 images...
[2026-05-02T02:44:11Z] [SECTION] ============================================================
[2026-05-02T02:44:11Z] [INFO] 📤 PHASE: PUSH COMPONENTS TO TOLARIA
[2026-05-02T02:44:12Z] [INFO] 📦 Components pushed to Tolaria: 5
[2026-05-02T02:44:12Z] [SECTION] ============================================================
[2026-05-02T02:44:12Z] [INFO] 🧩 PHASE: COMPOSER - DOMAIN INTEGRATION SYNTHESIS
[2026-05-02T02:44:25Z] [INFO] 🎨 Domain integrations synthesized: 0
[2026-05-02T02:44:25Z] [SECTION] ============================================================
[2026-05-02T02:44:25Z] [INFO] 🚀 PHASE: ADVANCED OVERNIGHT LOOP
[2026-05-02T02:45:17Z] [INFO] 🔬 Advanced loop completed cycles: 0
[2026-05-02T02:45:17Z] [WARNING] ⚠️  Git commit skipped or failed (git not initialized?): Command '['git', '-C', '/home/avalonas/.hermes/gematria/unified_overnight_research', 'add', '.']' returned non-zero exit status 128.
[2026-05-02T02:45:17Z] [INFO] 
📊 CYCLE #35 SUMMARY
[2026-05-02T02:45:17Z] [INFO] ✅ Successful tasks: 7/7
[2026-05-02T02:45:17Z] [INFO] ⏱️  Cycle duration: 65.77s
[2026-05-02T02:45:17Z] [INFO]    ⚠️ task: result
[2026-05-02T02:45:17Z] [INFO]    ⚠️ task: result
[2026-05-02T02:45:17Z] [INFO]    ⚠️ task: result
[2026-05-02T02:45:17Z] [INFO]    ⚠️ task: result
[2026-05-02T02:45:17Z] [INFO]    ⚠️ task: result
[2026-05-02T02:45:17Z] [INFO]    ⚠️ task: result
[2026-05-02T02:45:17Z] [INFO]    ⚠️ task: result
[2026-05-02T02:45:17Z] [HEADER] ================================================================================
[2026-05-02T02:45:17Z] [INFO] 🔄 OVERNIGHT RESEARCH PIPELINE - CYCLE #36
[2026-05-02T02:45:17Z] [INFO] ================================================================================
[2026-05-02T02:45:17Z] [HEADER] ============================================================
[2026-05-02T02:45:17Z] [INFO] 🌙 STARTING OVERNIGHT RESEARCH CYCLE #36
[2026-05-02T02:45:17Z] [INFO] 🔍 Running overnight research protocol (web scraping + cross-symbol analysis)...
[2026-05-02T02:45:17Z] [INFO] 📊 Cycle duration: 0.11s, Files generated: 0
[2026-05-02T02:45:17Z] [WARNING] ⚠️ Database not initialized for cycle counting
[2026-05-02T02:45:17Z] [INFO] 💾 Database updated with cycle results
[2026-05-02T02:45:17Z] [SECTION] ============================================================
[2026-05-02T02:45:17Z] [INFO] 🔮 PHASE: HIDDEN LAYERING DETECTION
[2026-05-02T02:45:17Z] [INFO] 🔗 Hidden layering detection complete. Connections identified: 2
[2026-05-02T02:45:17Z] [SECTION] ============================================================
[2026-05-02T02:45:17Z] [INFO] 🔬 PHASE: DOMAIN CORRELATION ANALYSIS
[2026-05-02T02:45:17Z] [INFO] 📊 Domain correlation matrices created: 1
[2026-05-02T02:45:17Z] [SECTION] ============================================================
[2026-05-02T02:45:17Z] [INFO] 🖼️  PHASE: IMAGE-SEED ANALYSIS
[2026-05-02T02:45:17Z] [INFO] 📂 Image seed analysis bootstrapping from 5 images...
[2026-05-02T02:45:17Z] [SECTION] ============================================================
[2026-05-02T02:45:17Z] [INFO] 📤 PHASE: PUSH COMPONENTS TO TOLARIA
[2026-05-02T02:45:18Z] [INFO] 📦 Components pushed to Tolaria: 5
[2026-05-02T02:45:18Z] [SECTION] ============================================================
[2026-05-02T02:45:18Z] [INFO] 🧩 PHASE: COMPOSER - DOMAIN INTEGRATION SYNTHESIS
[2026-05-02T02:45:32Z] [INFO] 🎨 Domain integrations synthesized: 0
[2026-05-02T02:45:32Z] [SECTION] ============================================================
[2026-05-02T02:45:32Z] [INFO] 🚀 PHASE: ADVANCED OVERNIGHT LOOP
[2026-05-02T02:46:20Z] [INFO] 🔬 Advanced loop completed cycles: 0
[2026-05-02T02:46:20Z] [WARNING] ⚠️  Git commit skipped or failed (git not initialized?): Command '['git', '-C', '/home/avalonas/.hermes/gematria/unified_overnight_research', 'add', '.']' returned non-zero exit status 128.
[2026-05-02T02:46:20Z] [INFO] 
📊 CYCLE #36 SUMMARY
[2026-05-02T02:46:20Z] [INFO] ✅ Successful tasks: 7/7
[2026-05-02T02:46:20Z] [INFO] ⏱️  Cycle duration: 63.28s
[2026-05-02T02:46:20Z] [INFO]    ⚠️ task: result
[2026-05-02T02:46:20Z] [INFO]    ⚠️ task: result
[2026-05-02T02:46:20Z] [INFO]    ⚠️ task: result
[2026-05-02T02:46:20Z] [INFO]    ⚠️ task: result
[2026-05-02T02:46:20Z] [INFO]    ⚠️ task: result
[2026-05-02T02:46:20Z] [INFO]    ⚠️ task: result
[2026-05-02T02:46:20Z] [INFO]    ⚠️ task: result
[2026-05-02T02:46:20Z] [HEADER] ================================================================================
[2026-05-02T02:46:20Z] [INFO] 🔄 OVERNIGHT RESEARCH PIPELINE - CYCLE #37
[2026-05-02T02:46:20Z] [INFO] ================================================================================
[2026-05-02T02:46:20Z] [HEADER] ============================================================
[2026-05-02T02:46:20Z] [INFO] 🌙 STARTING OVERNIGHT RESEARCH CYCLE #37
[2026-05-02T02:46:20Z] [INFO] 🔍 Running overnight research protocol (web scraping + cross-symbol analysis)...
[2026-05-02T02:46:20Z] [INFO] 📊 Cycle duration: 0.10s, Files generated: 0
[2026-05-02T02:46:20Z] [WARNING] ⚠️ Database not initialized for cycle counting
[2026-05-02T02:46:20Z] [INFO] 💾 Database updated with cycle results
[2026-05-02T02:46:20Z] [SECTION] ============================================================
[2026-05-02T02:46:20Z] [INFO] 🔮 PHASE: HIDDEN LAYERING DETECTION
[2026-05-02T02:46:20Z] [INFO] 🔗 Hidden layering detection complete. Connections identified: 2
[2026-05-02T02:46:20Z] [SECTION] ============================================================
[2026-05-02T02:46:20Z] [INFO] 🔬 PHASE: DOMAIN CORRELATION ANALYSIS
[2026-05-02T02:46:20Z] [INFO] 📊 Domain correlation matrices created: 1
[2026-05-02T02:46:20Z] [SECTION] ============================================================
[2026-05-02T02:46:20Z] [INFO] 🖼️  PHASE: IMAGE-SEED ANALYSIS
[2026-05-02T02:46:20Z] [INFO] 📂 Image seed analysis bootstrapping from 5 images...
[2026-05-02T02:46:20Z] [SECTION] ============================================================
[2026-05-02T02:46:20Z] [INFO] 📤 PHASE: PUSH COMPONENTS TO TOLARIA
[2026-05-02T02:46:21Z] [INFO] 📦 Components pushed to Tolaria: 5
[2026-05-02T02:46:21Z] [SECTION] ============================================================
[2026-05-02T02:46:21Z] [INFO] 🧩 PHASE: COMPOSER - DOMAIN INTEGRATION SYNTHESIS
[2026-05-02T02:46:36Z] [INFO] 🎨 Domain integrations synthesized: 0
[2026-05-02T02:46:36Z] [SECTION] ============================================================
[2026-05-02T02:46:36Z] [INFO] 🚀 PHASE: ADVANCED OVERNIGHT LOOP
[2026-05-02T02:47:18Z] [INFO] 🔬 Advanced loop completed cycles: 0
[2026-05-02T02:47:18Z] [WARNING] ⚠️  Git commit skipped or failed (git not initialized?): Command '['git', '-C', '/home/avalonas/.hermes/gematria/unified_overnight_research', 'add', '.']' returned non-zero exit status 128.
[2026-05-02T02:47:18Z] [INFO] 
📊 CYCLE #37 SUMMARY
[2026-05-02T02:47:18Z] [INFO] ✅ Successful tasks: 7/7
[2026-05-02T02:47:18Z] [INFO] ⏱️  Cycle duration: 57.69s
[2026-05-02T02:47:18Z] [INFO]    ⚠️ task: result
[2026-05-02T02:47:18Z] [INFO]    ⚠️ task: result
[2026-05-02T02:47:18Z] [INFO]    ⚠️ task: result
[2026-05-02T02:47:18Z] [INFO]    ⚠️ task: result
[2026-05-02T02:47:18Z] [INFO]    ⚠️ task: result
[2026-05-02T02:47:18Z] [INFO]    ⚠️ task: result
[2026-05-02T02:47:18Z] [INFO]    ⚠️ task: result
[2026-05-02T02:47:18Z] [HEADER] ================================================================================
[2026-05-02T02:47:18Z] [INFO] 🔄 OVERNIGHT RESEARCH PIPELINE - CYCLE #38
[2026-05-02T02:47:18Z] [INFO] ================================================================================
[2026-05-02T02:47:18Z] [HEADER] ============================================================
[2026-05-02T02:47:18Z] [INFO] 🌙 STARTING OVERNIGHT RESEARCH CYCLE #38
[2026-05-02T02:47:18Z] [INFO] 🔍 Running overnight research protocol (web scraping + cross-symbol analysis)...
[2026-05-02T02:47:18Z] [INFO] 📊 Cycle duration: 0.10s, Files generated: 0
[2026-05-02T02:47:18Z] [WARNING] ⚠️ Database not initialized for cycle counting
[2026-05-02T02:47:18Z] [INFO] 💾 Database updated with cycle results
[2026-05-02T02:47:18Z] [SECTION] ============================================================
[2026-05-02T02:47:18Z] [INFO] 🔮 PHASE: HIDDEN LAYERING DETECTION
[2026-05-02T02:47:18Z] [INFO] 🔗 Hidden layering detection complete. Connections identified: 2
[2026-05-02T02:47:18Z] [SECTION] ============================================================
[2026-05-02T02:47:18Z] [INFO] 🔬 PHASE: DOMAIN CORRELATION ANALYSIS
[2026-05-02T02:47:18Z] [INFO] 📊 Domain correlation matrices created: 1
[2026-05-02T02:47:18Z] [SECTION] ============================================================
[2026-05-02T02:47:18Z] [INFO] 🖼️  PHASE: IMAGE-SEED ANALYSIS
[2026-05-02T02:47:18Z] [INFO] 📂 Image seed analysis bootstrapping from 5 images...
[2026-05-02T02:47:18Z] [SECTION] ============================================================
[2026-05-02T02:47:18Z] [INFO] 📤 PHASE: PUSH COMPONENTS TO TOLARIA
[2026-05-02T02:47:19Z] [INFO] 📦 Components pushed to Tolaria: 5
[2026-05-02T02:47:19Z] [SECTION] ============================================================
[2026-05-02T02:47:19Z] [INFO] 🧩 PHASE: COMPOSER - DOMAIN INTEGRATION SYNTHESIS
[2026-05-02T02:47:36Z] [INFO] 🎨 Domain integrations synthesized: 0
[2026-05-02T02:47:36Z] [SECTION] ============================================================
[2026-05-02T02:47:36Z] [INFO] 🚀 PHASE: ADVANCED OVERNIGHT LOOP
[2026-05-02T02:48:21Z] [INFO] 🔬 Advanced loop completed cycles: 0
[2026-05-02T02:48:21Z] [WARNING] ⚠️  Git commit skipped or failed (git not initialized?): Command '['git', '-C', '/home/avalonas/.hermes/gematria/unified_overnight_research', 'add', '.']' returned non-zero exit status 128.
[2026-05-02T02:48:21Z] [INFO] 
📊 CYCLE #38 SUMMARY
[2026-05-02T02:48:21Z] [INFO] ✅ Successful tasks: 7/7
[2026-05-02T02:48:21Z] [INFO] ⏱️  Cycle duration: 63.16s
[2026-05-02T02:48:21Z] [INFO]    ⚠️ task: result
[2026-05-02T02:48:21Z] [INFO]    ⚠️ task: result
[2026-05-02T02:48:21Z] [INFO]    ⚠️ task: result
[2026-05-02T02:48:21Z] [INFO]    ⚠️ task: result
[2026-05-02T02:48:21Z] [INFO]    ⚠️ task: result
[2026-05-02T02:48:21Z] [INFO]    ⚠️ task: result
[2026-05-02T02:48:21Z] [INFO]    ⚠️ task: result
[2026-05-02T02:48:21Z] [HEADER] ================================================================================
[2026-05-02T02:48:21Z] [INFO] 🔄 OVERNIGHT RESEARCH PIPELINE - CYCLE #39
[2026-05-02T02:48:21Z] [INFO] ================================================================================
[2026-05-02T02:48:21Z] [HEADER] ============================================================
[2026-05-02T02:48:21Z] [INFO] 🌙 STARTING OVERNIGHT RESEARCH CYCLE #39
[2026-05-02T02:48:21Z] [INFO] 🔍 Running overnight research protocol (web scraping + cross-symbol analysis)...
[2026-05-02T02:48:21Z] [INFO] 📊 Cycle duration: 0.10s, Files generated: 0
[2026-05-02T02:48:21Z] [WARNING] ⚠️ Database not initialized for cycle counting
[2026-05-02T02:48:21Z] [INFO] 💾 Database updated with cycle results
[2026-05-02T02:48:21Z] [SECTION] ============================================================
[2026-05-02T02:48:21Z] [INFO] 🔮 PHASE: HIDDEN LAYERING DETECTION
[2026-05-02T02:48:21Z] [INFO] 🔗 Hidden layering detection complete. Connections identified: 2
[2026-05-02T02:48:21Z] [SECTION] ============================================================
[2026-05-02T02:48:21Z] [INFO] 🔬 PHASE: DOMAIN CORRELATION ANALYSIS
[2026-05-02T02:48:21Z] [INFO] 📊 Domain correlation matrices created: 1
[2026-05-02T02:48:21Z] [SECTION] ============================================================
[2026-05-02T02:48:21Z] [INFO] 🖼️  PHASE: IMAGE-SEED ANALYSIS
[2026-05-02T02:48:21Z] [INFO] 📂 Image seed analysis bootstrapping from 5 images...
[2026-05-02T02:48:21Z] [SECTION] ============================================================
[2026-05-02T02:48:21Z] [INFO] 📤 PHASE: PUSH COMPONENTS TO TOLARIA
[2026-05-02T02:48:22Z] [INFO] 📦 Components pushed to Tolaria: 5
[2026-05-02T02:48:22Z] [SECTION] ============================================================
[2026-05-02T02:48:22Z] [INFO] 🧩 PHASE: COMPOSER - DOMAIN INTEGRATION SYNTHESIS
[2026-05-02T02:48:39Z] [INFO] 🎨 Domain integrations synthesized: 0
[2026-05-02T02:48:39Z] [SECTION] ============================================================
[2026-05-02T02:48:39Z] [INFO] 🚀 PHASE: ADVANCED OVERNIGHT LOOP
[2026-05-02T02:49:21Z] [INFO] 🔬 Advanced loop completed cycles: 0
[2026-05-02T02:49:21Z] [WARNING] ⚠️  Git commit skipped or failed (git not initialized?): Command '['git', '-C', '/home/avalonas/.hermes/gematria/unified_overnight_research', 'add', '.']' returned non-zero exit status 128.
[2026-05-02T02:49:21Z] [INFO] 
📊 CYCLE #39 SUMMARY
[2026-05-02T02:49:21Z] [INFO] ✅ Successful tasks: 7/7
[2026-05-02T02:49:21Z] [INFO] ⏱️  Cycle duration: 59.61s
[2026-05-02T02:49:21Z] [INFO]    ⚠️ task: result
[2026-05-02T02:49:21Z] [INFO]    ⚠️ task: result
[2026-05-02T02:49:21Z] [INFO]    ⚠️ task: result
[2026-05-02T02:49:21Z] [INFO]    ⚠️ task: result
[2026-05-02T02:49:21Z] [INFO]    ⚠️ task: result
[2026-05-02T02:49:21Z] [INFO]    ⚠️ task: result
[2026-05-02T02:49:21Z] [INFO]    ⚠️ task: result
[2026-05-02T02:49:21Z] [HEADER] ================================================================================
[2026-05-02T02:49:21Z] [INFO] 🔄 OVERNIGHT RESEARCH PIPELINE - CYCLE #40
[2026-05-02T02:49:21Z] [INFO] ================================================================================
[2026-05-02T02:49:21Z] [HEADER] ============================================================
[2026-05-02T02:49:21Z] [INFO] 🌙 STARTING OVERNIGHT RESEARCH CYCLE #40
[2026-05-02T02:49:21Z] [INFO] 🔍 Running overnight research protocol (web scraping + cross-symbol analysis)...
[2026-05-02T02:49:21Z] [INFO] 📊 Cycle duration: 0.10s, Files generated: 0
[2026-05-02T02:49:21Z] [WARNING] ⚠️ Database not initialized for cycle counting
[2026-05-02T02:49:21Z] [INFO] 💾 Database updated with cycle results
[2026-05-02T02:49:21Z] [SECTION] ============================================================
[2026-05-02T02:49:21Z] [INFO] 🔮 PHASE: HIDDEN LAYERING DETECTION
[2026-05-02T02:49:21Z] [INFO] 🔗 Hidden layering detection complete. Connections identified: 2
[2026-05-02T02:49:21Z] [SECTION] ============================================================
[2026-05-02T02:49:21Z] [INFO] 🔬 PHASE: DOMAIN CORRELATION ANALYSIS
[2026-05-02T02:49:21Z] [INFO] 📊 Domain correlation matrices created: 1
[2026-05-02T02:49:21Z] [SECTION] ============================================================
[2026-05-02T02:49:21Z] [INFO] 🖼️  PHASE: IMAGE-SEED ANALYSIS
[2026-05-02T02:49:21Z] [INFO] 📂 Image seed analysis bootstrapping from 5 images...
[2026-05-02T02:49:21Z] [SECTION] ============================================================
[2026-05-02T02:49:21Z] [INFO] 📤 PHASE: PUSH COMPONENTS TO TOLARIA
[2026-05-02T02:49:22Z] [INFO] 📦 Components pushed to Tolaria: 5
[2026-05-02T02:49:22Z] [SECTION] ============================================================
[2026-05-02T02:49:22Z] [INFO] 🧩 PHASE: COMPOSER - DOMAIN INTEGRATION SYNTHESIS
[2026-05-02T02:49:33Z] [INFO] 🎨 Domain integrations synthesized: 0
[2026-05-02T02:49:33Z] [SECTION] ============================================================
[2026-05-02T02:49:33Z] [INFO] 🚀 PHASE: ADVANCED OVERNIGHT LOOP
[2026-05-02T02:50:24Z] [INFO] 🔬 Advanced loop completed cycles: 0
[2026-05-02T02:50:25Z] [WARNING] ⚠️  Git commit skipped or failed (git not initialized?): Command '['git', '-C', '/home/avalonas/.hermes/gematria/unified_overnight_research', 'add', '.']' returned non-zero exit status 128.
[2026-05-02T02:50:25Z] [INFO] 
📊 CYCLE #40 SUMMARY
[2026-05-02T02:50:25Z] [INFO] ✅ Successful tasks: 7/7
[2026-05-02T02:50:25Z] [INFO] ⏱️  Cycle duration: 63.91s
[2026-05-02T02:50:25Z] [INFO]    ⚠️ task: result
[2026-05-02T02:50:25Z] [INFO]    ⚠️ task: result
[2026-05-02T02:50:25Z] [INFO]    ⚠️ task: result
[2026-05-02T02:50:25Z] [INFO]    ⚠️ task: result
[2026-05-02T02:50:25Z] [INFO]    ⚠️ task: result
[2026-05-02T02:50:25Z] [INFO]    ⚠️ task: result
[2026-05-02T02:50:25Z] [INFO]    ⚠️ task: result
[2026-05-02T02:50:25Z] [HEADER] ================================================================================
[2026-05-02T02:50:25Z] [INFO] 🔄 OVERNIGHT RESEARCH PIPELINE - CYCLE #41
[2026-05-02T02:50:25Z] [INFO] ================================================================================
[2026-05-02T02:50:25Z] [HEADER] ============================================================
[2026-05-02T02:50:25Z] [INFO] 🌙 STARTING OVERNIGHT RESEARCH CYCLE #41
[2026-05-02T02:50:25Z] [INFO] 🔍 Running overnight research protocol (web scraping + cross-symbol analysis)...
[2026-05-02T02:50:25Z] [INFO] 📊 Cycle duration: 0.10s, Files generated: 0
[2026-05-02T02:50:25Z] [WARNING] ⚠️ Database not initialized for cycle counting
[2026-05-02T02:50:25Z] [INFO] 💾 Database updated with cycle results
[2026-05-02T02:50:25Z] [SECTION] ============================================================
[2026-05-02T02:50:25Z] [INFO] 🔮 PHASE: HIDDEN LAYERING DETECTION
[2026-05-02T02:50:25Z] [INFO] 🔗 Hidden layering detection complete. Connections identified: 2
[2026-05-02T02:50:25Z] [SECTION] ============================================================
[2026-05-02T02:50:25Z] [INFO] 🔬 PHASE: DOMAIN CORRELATION ANALYSIS
[2026-05-02T02:50:25Z] [INFO] 📊 Domain correlation matrices created: 1
[2026-05-02T02:50:25Z] [SECTION] ============================================================
[2026-05-02T02:50:25Z] [INFO] 🖼️  PHASE: IMAGE-SEED ANALYSIS
[2026-05-02T02:50:25Z] [INFO] 📂 Image seed analysis bootstrapping from 5 images...
[2026-05-02T02:50:25Z] [SECTION] ============================================================
[2026-05-02T02:50:25Z] [INFO] 📤 PHASE: PUSH COMPONENTS TO TOLARIA
[2026-05-02T02:50:26Z] [INFO] 📦 Components pushed to Tolaria: 5
[2026-05-02T02:50:26Z] [SECTION] ============================================================
[2026-05-02T02:50:26Z] [INFO] 🧩 PHASE: COMPOSER - DOMAIN INTEGRATION SYNTHESIS
[2026-05-02T02:50:42Z] [INFO] 🎨 Domain integrations synthesized: 0
[2026-05-02T02:50:42Z] [SECTION] ============================================================
[2026-05-02T02:50:42Z] [INFO] 🚀 PHASE: ADVANCED OVERNIGHT LOOP
[2026-05-02T02:51:32Z] [INFO] 🔬 Advanced loop completed cycles: 0
[2026-05-02T02:51:32Z] [WARNING] ⚠️  Git commit skipped or failed (git not initialized?): Command '['git', '-C', '/home/avalonas/.hermes/gematria/unified_overnight_research', 'add', '.']' returned non-zero exit status 128.
[2026-05-02T02:51:32Z] [INFO] 
📊 CYCLE #41 SUMMARY
[2026-05-02T02:51:32Z] [INFO] ✅ Successful tasks: 7/7
[2026-05-02T02:51:32Z] [INFO] ⏱️  Cycle duration: 67.81s
[2026-05-02T02:51:32Z] [INFO]    ⚠️ task: result
[2026-05-02T02:51:32Z] [INFO]    ⚠️ task: result
[2026-05-02T02:51:32Z] [INFO]    ⚠️ task: result
[2026-05-02T02:51:32Z] [INFO]    ⚠️ task: result
[2026-05-02T02:51:32Z] [INFO]    ⚠️ task: result
[2026-05-02T02:51:32Z] [INFO]    ⚠️ task: result
[2026-05-02T02:51:32Z] [INFO]    ⚠️ task: result
[2026-05-02T02:51:32Z] [HEADER] ================================================================================
[2026-05-02T02:51:32Z] [INFO] 🔄 OVERNIGHT RESEARCH PIPELINE - CYCLE #42
[2026-05-02T02:51:32Z] [INFO] ================================================================================
[2026-05-02T02:51:32Z] [HEADER] ============================================================
[2026-05-02T02:51:32Z] [INFO] 🌙 STARTING OVERNIGHT RESEARCH CYCLE #42
[2026-05-02T02:51:32Z] [INFO] 🔍 Running overnight research protocol (web scraping + cross-symbol analysis)...
[2026-05-02T02:51:32Z] [INFO] 📊 Cycle duration: 0.10s, Files generated: 0
[2026-05-02T02:51:33Z] [WARNING] ⚠️ Database not initialized for cycle counting
[2026-05-02T02:51:33Z] [INFO] 💾 Database updated with cycle results
[2026-05-02T02:51:33Z] [SECTION] ============================================================
[2026-05-02T02:51:33Z] [INFO] 🔮 PHASE: HIDDEN LAYERING DETECTION
[2026-05-02T02:51:33Z] [INFO] 🔗 Hidden layering detection complete. Connections identified: 2
[2026-05-02T02:51:33Z] [SECTION] ============================================================
[2026-05-02T02:51:33Z] [INFO] 🔬 PHASE: DOMAIN CORRELATION ANALYSIS
[2026-05-02T02:51:33Z] [INFO] 📊 Domain correlation matrices created: 1
[2026-05-02T02:51:33Z] [SECTION] ============================================================
[2026-05-02T02:51:33Z] [INFO] 🖼️  PHASE: IMAGE-SEED ANALYSIS
[2026-05-02T02:51:33Z] [INFO] 📂 Image seed analysis bootstrapping from 5 images...
[2026-05-02T02:51:33Z] [SECTION] ============================================================
[2026-05-02T02:51:33Z] [INFO] 📤 PHASE: PUSH COMPONENTS TO TOLARIA
[2026-05-02T02:51:34Z] [INFO] 📦 Components pushed to Tolaria: 5
[2026-05-02T02:51:34Z] [SECTION] ============================================================
[2026-05-02T02:51:34Z] [INFO] 🧩 PHASE: COMPOSER - DOMAIN INTEGRATION SYNTHESIS
[2026-05-02T02:51:56Z] [INFO] 🎨 Domain integrations synthesized: 0
[2026-05-02T02:51:56Z] [SECTION] ============================================================
[2026-05-02T02:51:56Z] [INFO] 🚀 PHASE: ADVANCED OVERNIGHT LOOP
[2026-05-02T02:52:41Z] [INFO] 🔬 Advanced loop completed cycles: 0
[2026-05-02T02:52:41Z] [WARNING] ⚠️  Git commit skipped or failed (git not initialized?): Command '['git', '-C', '/home/avalonas/.hermes/gematria/unified_overnight_research', 'add', '.']' returned non-zero exit status 128.
[2026-05-02T02:52:41Z] [INFO] 
📊 CYCLE #42 SUMMARY
[2026-05-02T02:52:41Z] [INFO] ✅ Successful tasks: 7/7
[2026-05-02T02:52:41Z] [INFO] ⏱️  Cycle duration: 68.98s
[2026-05-02T02:52:41Z] [INFO]    ⚠️ task: result
[2026-05-02T02:52:41Z] [INFO]    ⚠️ task: result
[2026-05-02T02:52:41Z] [INFO]    ⚠️ task: result
[2026-05-02T02:52:41Z] [INFO]    ⚠️ task: result
[2026-05-02T02:52:41Z] [INFO]    ⚠️ task: result
[2026-05-02T02:52:41Z] [INFO]    ⚠️ task: result
[2026-05-02T02:52:41Z] [INFO]    ⚠️ task: result
[2026-05-02T02:52:41Z] [HEADER] ================================================================================
[2026-05-02T02:52:41Z] [INFO] 🔄 OVERNIGHT RESEARCH PIPELINE - CYCLE #43
[2026-05-02T02:52:41Z] [INFO] ================================================================================
[2026-05-02T02:52:41Z] [HEADER] ============================================================
[2026-05-02T02:52:41Z] [INFO] 🌙 STARTING OVERNIGHT RESEARCH CYCLE #43
[2026-05-02T02:52:41Z] [INFO] 🔍 Running overnight research protocol (web scraping + cross-symbol analysis)...
[2026-05-02T02:52:41Z] [INFO] 📊 Cycle duration: 0.10s, Files generated: 0
[2026-05-02T02:52:41Z] [WARNING] ⚠️ Database not initialized for cycle counting
[2026-05-02T02:52:41Z] [INFO] 💾 Database updated with cycle results
[2026-05-02T02:52:41Z] [SECTION] ============================================================
[2026-05-02T02:52:41Z] [INFO] 🔮 PHASE: HIDDEN LAYERING DETECTION
[2026-05-02T02:52:42Z] [INFO] 🔗 Hidden layering detection complete. Connections identified: 2
[2026-05-02T02:52:42Z] [SECTION] ============================================================
[2026-05-02T02:52:42Z] [INFO] 🔬 PHASE: DOMAIN CORRELATION ANALYSIS
[2026-05-02T02:52:42Z] [INFO] 📊 Domain correlation matrices created: 1
[2026-05-02T02:52:42Z] [SECTION] ============================================================
[2026-05-02T02:52:42Z] [INFO] 🖼️  PHASE: IMAGE-SEED ANALYSIS
[2026-05-02T02:52:42Z] [INFO] 📂 Image seed analysis bootstrapping from 5 images...
[2026-05-02T02:52:42Z] [SECTION] ============================================================
[2026-05-02T02:52:42Z] [INFO] 📤 PHASE: PUSH COMPONENTS TO TOLARIA
[2026-05-02T02:52:43Z] [INFO] 📦 Components pushed to Tolaria: 5
[2026-05-02T02:52:43Z] [SECTION] ============================================================
[2026-05-02T02:52:43Z] [INFO] 🧩 PHASE: COMPOSER - DOMAIN INTEGRATION SYNTHESIS
[2026-05-02T02:53:03Z] [INFO] 🎨 Domain integrations synthesized: 0
[2026-05-02T02:53:03Z] [SECTION] ============================================================
[2026-05-02T02:53:03Z] [INFO] 🚀 PHASE: ADVANCED OVERNIGHT LOOP
[2026-05-02T02:53:46Z] [INFO] 🔬 Advanced loop completed cycles: 0
[2026-05-02T02:53:46Z] [WARNING] ⚠️  Git commit skipped or failed (git not initialized?): Command '['git', '-C', '/home/avalonas/.hermes/gematria/unified_overnight_research', 'add', '.']' returned non-zero exit status 128.
[2026-05-02T02:53:46Z] [INFO] 
📊 CYCLE #43 SUMMARY
[2026-05-02T02:53:46Z] [INFO] ✅ Successful tasks: 7/7
[2026-05-02T02:53:46Z] [INFO] ⏱️  Cycle duration: 64.26s
[2026-05-02T02:53:46Z] [INFO]    ⚠️ task: result
[2026-05-02T02:53:46Z] [INFO]    ⚠️ task: result
[2026-05-02T02:53:46Z] [INFO]    ⚠️ task: result
[2026-05-02T02:53:46Z] [INFO]    ⚠️ task: result
[2026-05-02T02:53:46Z] [INFO]    ⚠️ task: result
[2026-05-02T02:53:46Z] [INFO]    ⚠️ task: result
[2026-05-02T02:53:46Z] [INFO]    ⚠️ task: result
[2026-05-02T02:53:46Z] [HEADER] ================================================================================
[2026-05-02T02:53:46Z] [INFO] 🔄 OVERNIGHT RESEARCH PIPELINE - CYCLE #44
[2026-05-02T02:53:46Z] [INFO] ================================================================================
[2026-05-02T02:53:46Z] [HEADER] ============================================================
[2026-05-02T02:53:46Z] [INFO] 🌙 STARTING OVERNIGHT RESEARCH CYCLE #44
[2026-05-02T02:53:46Z] [INFO] 🔍 Running overnight research protocol (web scraping + cross-symbol analysis)...
[2026-05-02T02:53:46Z] [INFO] 📊 Cycle duration: 0.10s, Files generated: 0
[2026-05-02T02:53:46Z] [WARNING] ⚠️ Database not initialized for cycle counting
[2026-05-02T02:53:46Z] [INFO] 💾 Database updated with cycle results
[2026-05-02T02:53:46Z] [SECTION] ============================================================
[2026-05-02T02:53:46Z] [INFO] 🔮 PHASE: HIDDEN LAYERING DETECTION
[2026-05-02T02:53:46Z] [INFO] 🔗 Hidden layering detection complete. Connections identified: 2
[2026-05-02T02:53:46Z] [SECTION] ============================================================
[2026-05-02T02:53:46Z] [INFO] 🔬 PHASE: DOMAIN CORRELATION ANALYSIS
[2026-05-02T02:53:46Z] [INFO] 📊 Domain correlation matrices created: 1
[2026-05-02T02:53:46Z] [SECTION] ============================================================
[2026-05-02T02:53:46Z] [INFO] 🖼️  PHASE: IMAGE-SEED ANALYSIS
[2026-05-02T02:53:46Z] [INFO] 📂 Image seed analysis bootstrapping from 5 images...
[2026-05-02T02:53:46Z] [SECTION] ============================================================
[2026-05-02T02:53:46Z] [INFO] 📤 PHASE: PUSH COMPONENTS TO TOLARIA
[2026-05-02T02:53:47Z] [INFO] 📦 Components pushed to Tolaria: 5
[2026-05-02T02:53:47Z] [SECTION] ============================================================
[2026-05-02T02:53:47Z] [INFO] 🧩 PHASE: COMPOSER - DOMAIN INTEGRATION SYNTHESIS
[2026-05-02T02:54:07Z] [INFO] 🎨 Domain integrations synthesized: 0
[2026-05-02T02:54:07Z] [SECTION] ============================================================
[2026-05-02T02:54:07Z] [INFO] 🚀 PHASE: ADVANCED OVERNIGHT LOOP
[2026-05-02T02:54:53Z] [INFO] 🔬 Advanced loop completed cycles: 0
[2026-05-02T02:54:53Z] [WARNING] ⚠️  Git commit skipped or failed (git not initialized?): Command '['git', '-C', '/home/avalonas/.hermes/gematria/unified_overnight_research', 'add', '.']' returned non-zero exit status 128.
[2026-05-02T02:54:53Z] [INFO] 
📊 CYCLE #44 SUMMARY
[2026-05-02T02:54:53Z] [INFO] ✅ Successful tasks: 7/7
[2026-05-02T02:54:53Z] [INFO] ⏱️  Cycle duration: 67.18s
[2026-05-02T02:54:53Z] [INFO]    ⚠️ task: result
[2026-05-02T02:54:53Z] [INFO]    ⚠️ task: result
[2026-05-02T02:54:53Z] [INFO]    ⚠️ task: result
[2026-05-02T02:54:53Z] [INFO]    ⚠️ task: result
[2026-05-02T02:54:53Z] [INFO]    ⚠️ task: result
[2026-05-02T02:54:53Z] [INFO]    ⚠️ task: result
[2026-05-02T02:54:53Z] [INFO]    ⚠️ task: result
[2026-05-02T02:54:53Z] [HEADER] ================================================================================
[2026-05-02T02:54:53Z] [INFO] 🔄 OVERNIGHT RESEARCH PIPELINE - CYCLE #45
[2026-05-02T02:54:53Z] [INFO] ================================================================================
[2026-05-02T02:54:53Z] [HEADER] ============================================================
[2026-05-02T02:54:53Z] [INFO] 🌙 STARTING OVERNIGHT RESEARCH CYCLE #45
[2026-05-02T02:54:53Z] [INFO] 🔍 Running overnight research protocol (web scraping + cross-symbol analysis)...
[2026-05-02T02:54:53Z] [INFO] 📊 Cycle duration: 0.10s, Files generated: 0
[2026-05-02T02:54:53Z] [WARNING] ⚠️ Database not initialized for cycle counting
[2026-05-02T02:54:53Z] [INFO] 💾 Database updated with cycle results
[2026-05-02T02:54:53Z] [SECTION] ============================================================
[2026-05-02T02:54:53Z] [INFO] 🔮 PHASE: HIDDEN LAYERING DETECTION
[2026-05-02T02:54:53Z] [INFO] 🔗 Hidden layering detection complete. Connections identified: 2
[2026-05-02T02:54:53Z] [SECTION] ============================================================
[2026-05-02T02:54:53Z] [INFO] 🔬 PHASE: DOMAIN CORRELATION ANALYSIS
[2026-05-02T02:54:53Z] [INFO] 📊 Domain correlation matrices created: 1
[2026-05-02T02:54:53Z] [SECTION] ============================================================
[2026-05-02T02:54:53Z] [INFO] 🖼️  PHASE: IMAGE-SEED ANALYSIS
[2026-05-02T02:54:53Z] [INFO] 📂 Image seed analysis bootstrapping from 5 images...
[2026-05-02T02:54:53Z] [SECTION] ============================================================
[2026-05-02T02:54:53Z] [INFO] 📤 PHASE: PUSH COMPONENTS TO TOLARIA
[2026-05-02T02:54:54Z] [INFO] 📦 Components pushed to Tolaria: 5
[2026-05-02T02:54:54Z] [SECTION] ============================================================
[2026-05-02T02:54:54Z] [INFO] 🧩 PHASE: COMPOSER - DOMAIN INTEGRATION SYNTHESIS
[2026-05-02T02:55:09Z] [INFO] 🎨 Domain integrations synthesized: 0
[2026-05-02T02:55:09Z] [SECTION] ============================================================
[2026-05-02T02:55:09Z] [INFO] 🚀 PHASE: ADVANCED OVERNIGHT LOOP
[2026-05-02T02:55:50Z] [INFO] 🔬 Advanced loop completed cycles: 0
[2026-05-02T02:55:50Z] [WARNING] ⚠️  Git commit skipped or failed (git not initialized?): Command '['git', '-C', '/home/avalonas/.hermes/gematria/unified_overnight_research', 'add', '.']' returned non-zero exit status 128.
[2026-05-02T02:55:50Z] [INFO] 
📊 CYCLE #45 SUMMARY
[2026-05-02T02:55:50Z] [INFO] ✅ Successful tasks: 7/7
[2026-05-02T02:55:50Z] [INFO] ⏱️  Cycle duration: 57.09s
[2026-05-02T02:55:50Z] [INFO]    ⚠️ task: result
[2026-05-02T02:55:50Z] [INFO]    ⚠️ task: result
[2026-05-02T02:55:50Z] [INFO]    ⚠️ task: result
[2026-05-02T02:55:50Z] [INFO]    ⚠️ task: result
[2026-05-02T02:55:50Z] [INFO]    ⚠️ task: result
[2026-05-02T02:55:50Z] [INFO]    ⚠️ task: result
[2026-05-02T02:55:50Z] [INFO]    ⚠️ task: result
[2026-05-02T02:55:50Z] [HEADER] ================================================================================
[2026-05-02T02:55:50Z] [INFO] 🔄 OVERNIGHT RESEARCH PIPELINE - CYCLE #46
[2026-05-02T02:55:50Z] [INFO] ================================================================================
[2026-05-02T02:55:50Z] [HEADER] ============================================================
[2026-05-02T02:55:50Z] [INFO] 🌙 STARTING OVERNIGHT RESEARCH CYCLE #46
[2026-05-02T02:55:50Z] [INFO] 🔍 Running overnight research protocol (web scraping + cross-symbol analysis)...
[2026-05-02T02:55:50Z] [INFO] 📊 Cycle duration: 0.10s, Files generated: 0
[2026-05-02T02:55:50Z] [WARNING] ⚠️ Database not initialized for cycle counting
[2026-05-02T02:55:50Z] [INFO] 💾 Database updated with cycle results
[2026-05-02T02:55:50Z] [SECTION] ============================================================
[2026-05-02T02:55:50Z] [INFO] 🔮 PHASE: HIDDEN LAYERING DETECTION
[2026-05-02T02:55:50Z] [INFO] 🔗 Hidden layering detection complete. Connections identified: 2
[2026-05-02T02:55:50Z] [SECTION] ============================================================
[2026-05-02T02:55:50Z] [INFO] 🔬 PHASE: DOMAIN CORRELATION ANALYSIS
[2026-05-02T02:55:50Z] [INFO] 📊 Domain correlation matrices created: 1
[2026-05-02T02:55:50Z] [SECTION] ============================================================
[2026-05-02T02:55:50Z] [INFO] 🖼️  PHASE: IMAGE-SEED ANALYSIS
[2026-05-02T02:55:50Z] [INFO] 📂 Image seed analysis bootstrapping from 5 images...
[2026-05-02T02:55:50Z] [SECTION] ============================================================
[2026-05-02T02:55:50Z] [INFO] 📤 PHASE: PUSH COMPONENTS TO TOLARIA
[2026-05-02T02:55:51Z] [INFO] 📦 Components pushed to Tolaria: 5
[2026-05-02T02:55:51Z] [SECTION] ============================================================
[2026-05-02T02:55:51Z] [INFO] 🧩 PHASE: COMPOSER - DOMAIN INTEGRATION SYNTHESIS
[2026-05-02T02:56:07Z] [INFO] 🎨 Domain integrations synthesized: 0
[2026-05-02T02:56:07Z] [SECTION] ============================================================
[2026-05-02T02:56:07Z] [INFO] 🚀 PHASE: ADVANCED OVERNIGHT LOOP
[2026-05-02T02:56:53Z] [INFO] 🔬 Advanced loop completed cycles: 0
[2026-05-02T02:56:53Z] [WARNING] ⚠️  Git commit skipped or failed (git not initialized?): Command '['git', '-C', '/home/avalonas/.hermes/gematria/unified_overnight_research', 'add', '.']' returned non-zero exit status 128.
[2026-05-02T02:56:53Z] [INFO] 
📊 CYCLE #46 SUMMARY
[2026-05-02T02:56:53Z] [INFO] ✅ Successful tasks: 7/7
[2026-05-02T02:56:53Z] [INFO] ⏱️  Cycle duration: 63.49s
[2026-05-02T02:56:53Z] [INFO]    ⚠️ task: result
[2026-05-02T02:56:53Z] [INFO]    ⚠️ task: result
[2026-05-02T02:56:53Z] [INFO]    ⚠️ task: result
[2026-05-02T02:56:53Z] [INFO]    ⚠️ task: result
[2026-05-02T02:56:53Z] [INFO]    ⚠️ task: result
[2026-05-02T02:56:53Z] [INFO]    ⚠️ task: result
[2026-05-02T02:56:53Z] [INFO]    ⚠️ task: result
[2026-05-02T02:56:53Z] [HEADER] ================================================================================
[2026-05-02T02:56:53Z] [INFO] 🔄 OVERNIGHT RESEARCH PIPELINE - CYCLE #47
[2026-05-02T02:56:53Z] [INFO] ================================================================================
[2026-05-02T02:56:53Z] [HEADER] ============================================================
[2026-05-02T02:56:53Z] [INFO] 🌙 STARTING OVERNIGHT RESEARCH CYCLE #47
[2026-05-02T02:56:53Z] [INFO] 🔍 Running overnight research protocol (web scraping + cross-symbol analysis)...
[2026-05-02T02:56:53Z] [INFO] 📊 Cycle duration: 0.10s, Files generated: 0
[2026-05-02T02:56:54Z] [WARNING] ⚠️ Database not initialized for cycle counting
[2026-05-02T02:56:54Z] [INFO] 💾 Database updated with cycle results
[2026-05-02T02:56:54Z] [SECTION] ============================================================
[2026-05-02T02:56:54Z] [INFO] 🔮 PHASE: HIDDEN LAYERING DETECTION
[2026-05-02T02:56:54Z] [INFO] 🔗 Hidden layering detection complete. Connections identified: 2
[2026-05-02T02:56:54Z] [SECTION] ============================================================
[2026-05-02T02:56:54Z] [INFO] 🔬 PHASE: DOMAIN CORRELATION ANALYSIS
[2026-05-02T02:56:54Z] [INFO] 📊 Domain correlation matrices created: 1
[2026-05-02T02:56:54Z] [SECTION] ============================================================
[2026-05-02T02:56:54Z] [INFO] 🖼️  PHASE: IMAGE-SEED ANALYSIS
[2026-05-02T02:56:54Z] [INFO] 📂 Image seed analysis bootstrapping from 5 images...
[2026-05-02T02:56:54Z] [SECTION] ============================================================
[2026-05-02T02:56:54Z] [INFO] 📤 PHASE: PUSH COMPONENTS TO TOLARIA
[2026-05-02T02:56:54Z] [INFO] 📦 Components pushed to Tolaria: 5
[2026-05-02T02:56:54Z] [SECTION] ============================================================
[2026-05-02T02:56:54Z] [INFO] 🧩 PHASE: COMPOSER - DOMAIN INTEGRATION SYNTHESIS
[2026-05-02T02:57:10Z] [INFO] 🎨 Domain integrations synthesized: 0
[2026-05-02T02:57:10Z] [SECTION] ============================================================
[2026-05-02T02:57:10Z] [INFO] 🚀 PHASE: ADVANCED OVERNIGHT LOOP
[2026-05-02T02:57:50Z] [INFO] 🔬 Advanced loop completed cycles: 0
[2026-05-02T02:57:50Z] [WARNING] ⚠️  Git commit skipped or failed (git not initialized?): Command '['git', '-C', '/home/avalonas/.hermes/gematria/unified_overnight_research', 'add', '.']' returned non-zero exit status 128.
[2026-05-02T02:57:50Z] [INFO] 
📊 CYCLE #47 SUMMARY
[2026-05-02T02:57:50Z] [INFO] ✅ Successful tasks: 7/7
[2026-05-02T02:57:50Z] [INFO] ⏱️  Cycle duration: 56.59s
[2026-05-02T02:57:50Z] [INFO]    ⚠️ task: result
[2026-05-02T02:57:50Z] [INFO]    ⚠️ task: result
[2026-05-02T02:57:50Z] [INFO]    ⚠️ task: result
[2026-05-02T02:57:50Z] [INFO]    ⚠️ task: result
[2026-05-02T02:57:50Z] [INFO]    ⚠️ task: result
[2026-05-02T02:57:50Z] [INFO]    ⚠️ task: result
[2026-05-02T02:57:50Z] [INFO]    ⚠️ task: result
[2026-05-02T02:57:50Z] [HEADER] ================================================================================
[2026-05-02T02:57:50Z] [INFO] 🔄 OVERNIGHT RESEARCH PIPELINE - CYCLE #48
[2026-05-02T02:57:50Z] [INFO] ================================================================================
[2026-05-02T02:57:50Z] [HEADER] ============================================================
[2026-05-02T02:57:50Z] [INFO] 🌙 STARTING OVERNIGHT RESEARCH CYCLE #48
[2026-05-02T02:57:50Z] [INFO] 🔍 Running overnight research protocol (web scraping + cross-symbol analysis)...
[2026-05-02T02:57:50Z] [INFO] 📊 Cycle duration: 0.13s, Files generated: 0
[2026-05-02T02:57:50Z] [WARNING] ⚠️ Database not initialized for cycle counting
[2026-05-02T02:57:50Z] [INFO] 💾 Database updated with cycle results
[2026-05-02T02:57:50Z] [SECTION] ============================================================
[2026-05-02T02:57:50Z] [INFO] 🔮 PHASE: HIDDEN LAYERING DETECTION
[2026-05-02T02:57:50Z] [INFO] 🔗 Hidden layering detection complete. Connections identified: 2
[2026-05-02T02:57:50Z] [SECTION] ============================================================
[2026-05-02T02:57:50Z] [INFO] 🔬 PHASE: DOMAIN CORRELATION ANALYSIS
[2026-05-02T02:57:50Z] [INFO] 📊 Domain correlation matrices created: 1
[2026-05-02T02:57:50Z] [SECTION] ============================================================
[2026-05-02T02:57:50Z] [INFO] 🖼️  PHASE: IMAGE-SEED ANALYSIS
[2026-05-02T02:57:50Z] [INFO] 📂 Image seed analysis bootstrapping from 5 images...
[2026-05-02T02:57:50Z] [SECTION] ============================================================
[2026-05-02T02:57:50Z] [INFO] 📤 PHASE: PUSH COMPONENTS TO TOLARIA
[2026-05-02T02:57:51Z] [INFO] 📦 Components pushed to Tolaria: 5
[2026-05-02T02:57:51Z] [SECTION] ============================================================
[2026-05-02T02:57:51Z] [INFO] 🧩 PHASE: COMPOSER - DOMAIN INTEGRATION SYNTHESIS
[2026-05-02T02:58:06Z] [INFO] 🎨 Domain integrations synthesized: 0
[2026-05-02T02:58:06Z] [SECTION] ============================================================
[2026-05-02T02:58:06Z] [INFO] 🚀 PHASE: ADVANCED OVERNIGHT LOOP
[2026-05-02T02:58:47Z] [INFO] 🔬 Advanced loop completed cycles: 0
[2026-05-02T02:58:47Z] [WARNING] ⚠️  Git commit skipped or failed (git not initialized?): Command '['git', '-C', '/home/avalonas/.hermes/gematria/unified_overnight_research', 'add', '.']' returned non-zero exit status 128.
[2026-05-02T02:58:47Z] [INFO] 
📊 CYCLE #48 SUMMARY
[2026-05-02T02:58:47Z] [INFO] ✅ Successful tasks: 7/7
[2026-05-02T02:58:47Z] [INFO] ⏱️  Cycle duration: 57.14s
[2026-05-02T02:58:47Z] [INFO]    ⚠️ task: result
[2026-05-02T02:58:47Z] [INFO]    ⚠️ task: result
[2026-05-02T02:58:47Z] [INFO]    ⚠️ task: result
[2026-05-02T02:58:47Z] [INFO]    ⚠️ task: result
[2026-05-02T02:58:47Z] [INFO]    ⚠️ task: result
[2026-05-02T02:58:47Z] [INFO]    ⚠️ task: result
[2026-05-02T02:58:47Z] [INFO]    ⚠️ task: result
[2026-05-02T02:58:47Z] [HEADER] ================================================================================
[2026-05-02T02:58:47Z] [INFO] 🔄 OVERNIGHT RESEARCH PIPELINE - CYCLE #49
[2026-05-02T02:58:47Z] [INFO] ================================================================================
[2026-05-02T02:58:47Z] [HEADER] ============================================================
[2026-05-02T02:58:47Z] [INFO] 🌙 STARTING OVERNIGHT RESEARCH CYCLE #49
[2026-05-02T02:58:47Z] [INFO] 🔍 Running overnight research protocol (web scraping + cross-symbol analysis)...
[2026-05-02T02:58:47Z] [INFO] 📊 Cycle duration: 0.10s, Files generated: 0
[2026-05-02T02:58:47Z] [WARNING] ⚠️ Database not initialized for cycle counting
[2026-05-02T02:58:47Z] [INFO] 💾 Database updated with cycle results
[2026-05-02T02:58:47Z] [SECTION] ============================================================
[2026-05-02T02:58:47Z] [INFO] 🔮 PHASE: HIDDEN LAYERING DETECTION
[2026-05-02T02:58:47Z] [INFO] 🔗 Hidden layering detection complete. Connections identified: 2
[2026-05-02T02:58:47Z] [SECTION] ============================================================
[2026-05-02T02:58:47Z] [INFO] 🔬 PHASE: DOMAIN CORRELATION ANALYSIS
[2026-05-02T02:58:47Z] [INFO] 📊 Domain correlation matrices created: 1
[2026-05-02T02:58:47Z] [SECTION] ============================================================
[2026-05-02T02:58:47Z] [INFO] 🖼️  PHASE: IMAGE-SEED ANALYSIS
[2026-05-02T02:58:47Z] [INFO] 📂 Image seed analysis bootstrapping from 5 images...
[2026-05-02T02:58:47Z] [SECTION] ============================================================
[2026-05-02T02:58:47Z] [INFO] 📤 PHASE: PUSH COMPONENTS TO TOLARIA
[2026-05-02T02:58:48Z] [INFO] 📦 Components pushed to Tolaria: 5
[2026-05-02T02:58:48Z] [SECTION] ============================================================
[2026-05-02T02:58:48Z] [INFO] 🧩 PHASE: COMPOSER - DOMAIN INTEGRATION SYNTHESIS
[2026-05-02T02:59:03Z] [INFO] 🎨 Domain integrations synthesized: 0
[2026-05-02T02:59:03Z] [SECTION] ============================================================
[2026-05-02T02:59:03Z] [INFO] 🚀 PHASE: ADVANCED OVERNIGHT LOOP
[2026-05-02T02:59:59Z] [INFO] 🔬 Advanced loop completed cycles: 0
[2026-05-02T02:59:59Z] [WARNING] ⚠️  Git commit skipped or failed (git not initialized?): Command '['git', '-C', '/home/avalonas/.hermes/gematria/unified_overnight_research', 'add', '.']' returned non-zero exit status 128.
[2026-05-02T02:59:59Z] [INFO] 
📊 CYCLE #49 SUMMARY
[2026-05-02T02:59:59Z] [INFO] ✅ Successful tasks: 7/7
[2026-05-02T02:59:59Z] [INFO] ⏱️  Cycle duration: 71.64s
[2026-05-02T02:59:59Z] [INFO]    ⚠️ task: result
[2026-05-02T02:59:59Z] [INFO]    ⚠️ task: result
[2026-05-02T02:59:59Z] [INFO]    ⚠️ task: result
[2026-05-02T02:59:59Z] [INFO]    ⚠️ task: result
[2026-05-02T02:59:59Z] [INFO]    ⚠️ task: result
[2026-05-02T02:59:59Z] [INFO]    ⚠️ task: result
[2026-05-02T02:59:59Z] [INFO]    ⚠️ task: result
[2026-05-02T02:59:59Z] [HEADER] ================================================================================
[2026-05-02T02:59:59Z] [INFO] 🔄 OVERNIGHT RESEARCH PIPELINE - CYCLE #50
[2026-05-02T02:59:59Z] [INFO] ================================================================================
[2026-05-02T02:59:59Z] [HEADER] ============================================================
[2026-05-02T02:59:59Z] [INFO] 🌙 STARTING OVERNIGHT RESEARCH CYCLE #50
[2026-05-02T02:59:59Z] [INFO] 🔍 Running overnight research protocol (web scraping + cross-symbol analysis)...
[2026-05-02T02:59:59Z] [INFO] 📊 Cycle duration: 0.10s, Files generated: 0
[2026-05-02T02:59:59Z] [WARNING] ⚠️ Database not initialized for cycle counting
[2026-05-02T02:59:59Z] [INFO] 💾 Database updated with cycle results
[2026-05-02T02:59:59Z] [SECTION] ============================================================
[2026-05-02T02:59:59Z] [INFO] 🔮 PHASE: HIDDEN LAYERING DETECTION
[2026-05-02T02:59:59Z] [INFO] 🔗 Hidden layering detection complete. Connections identified: 2
[2026-05-02T02:59:59Z] [SECTION] ============================================================
[2026-05-02T02:59:59Z] [INFO] 🔬 PHASE: DOMAIN CORRELATION ANALYSIS
[2026-05-02T02:59:59Z] [INFO] 📊 Domain correlation matrices created: 1
[2026-05-02T02:59:59Z] [SECTION] ============================================================
[2026-05-02T02:59:59Z] [INFO] 🖼️  PHASE: IMAGE-SEED ANALYSIS
[2026-05-02T02:59:59Z] [INFO] 📂 Image seed analysis bootstrapping from 5 images...
[2026-05-02T02:59:59Z] [SECTION] ============================================================
[2026-05-02T02:59:59Z] [INFO] 📤 PHASE: PUSH COMPONENTS TO TOLARIA
[2026-05-02T03:00:00Z] [INFO] 📦 Components pushed to Tolaria: 5
[2026-05-02T03:00:00Z] [SECTION] ============================================================
[2026-05-02T03:00:00Z] [INFO] 🧩 PHASE: COMPOSER - DOMAIN INTEGRATION SYNTHESIS
[2026-05-02T03:00:14Z] [INFO] 🎨 Domain integrations synthesized: 0
[2026-05-02T03:00:14Z] [SECTION] ============================================================
[2026-05-02T03:00:14Z] [INFO] 🚀 PHASE: ADVANCED OVERNIGHT LOOP
[2026-05-02T03:00:56Z] [INFO] 🔬 Advanced loop completed cycles: 0
[2026-05-02T03:00:56Z] [WARNING] ⚠️  Git commit skipped or failed (git not initialized?): Command '['git', '-C', '/home/avalonas/.hermes/gematria/unified_overnight_research', 'add', '.']' returned non-zero exit status 128.
[2026-05-02T03:00:56Z] [INFO] 
📊 CYCLE #50 SUMMARY
[2026-05-02T03:00:56Z] [INFO] ✅ Successful tasks: 7/7
[2026-05-02T03:00:56Z] [INFO] ⏱️  Cycle duration: 57.46s
[2026-05-02T03:00:56Z] [INFO]    ⚠️ task: result
[2026-05-02T03:00:56Z] [INFO]    ⚠️ task: result
[2026-05-02T03:00:56Z] [INFO]    ⚠️ task: result
[2026-05-02T03:00:56Z] [INFO]    ⚠️ task: result
[2026-05-02T03:00:56Z] [INFO]    ⚠️ task: result
[2026-05-02T03:00:56Z] [INFO]    ⚠️ task: result
[2026-05-02T03:00:56Z] [INFO]    ⚠️ task: result
[2026-05-02T03:00:56Z] [HEADER] ================================================================================
[2026-05-02T03:00:56Z] [INFO] 🔄 OVERNIGHT RESEARCH PIPELINE - CYCLE #51
[2026-05-02T03:00:56Z] [INFO] ================================================================================
[2026-05-02T03:00:56Z] [HEADER] ============================================================
[2026-05-02T03:00:56Z] [INFO] 🌙 STARTING OVERNIGHT RESEARCH CYCLE #51
[2026-05-02T03:00:56Z] [INFO] 🔍 Running overnight research protocol (web scraping + cross-symbol analysis)...
[2026-05-02T03:00:56Z] [INFO] 📊 Cycle duration: 0.10s, Files generated: 0
[2026-05-02T03:00:56Z] [WARNING] ⚠️ Database not initialized for cycle counting
[2026-05-02T03:00:56Z] [INFO] 💾 Database updated with cycle results
[2026-05-02T03:00:56Z] [SECTION] ============================================================
[2026-05-02T03:00:56Z] [INFO] 🔮 PHASE: HIDDEN LAYERING DETECTION
[2026-05-02T03:00:56Z] [INFO] 🔗 Hidden layering detection complete. Connections identified: 2
[2026-05-02T03:00:56Z] [SECTION] ============================================================
[2026-05-02T03:00:56Z] [INFO] 🔬 PHASE: DOMAIN CORRELATION ANALYSIS
[2026-05-02T03:00:56Z] [INFO] 📊 Domain correlation matrices created: 1
[2026-05-02T03:00:56Z] [SECTION] ============================================================
[2026-05-02T03:00:56Z] [INFO] 🖼️  PHASE: IMAGE-SEED ANALYSIS
[2026-05-02T03:00:56Z] [INFO] 📂 Image seed analysis bootstrapping from 5 images...
[2026-05-02T03:00:56Z] [SECTION] ============================================================
[2026-05-02T03:00:56Z] [INFO] 📤 PHASE: PUSH COMPONENTS TO TOLARIA
[2026-05-02T03:00:57Z] [INFO] 📦 Components pushed to Tolaria: 5
[2026-05-02T03:00:57Z] [SECTION] ============================================================
[2026-05-02T03:00:57Z] [INFO] 🧩 PHASE: COMPOSER - DOMAIN INTEGRATION SYNTHESIS
[2026-05-02T03:01:09Z] [INFO] 🎨 Domain integrations synthesized: 0
[2026-05-02T03:01:09Z] [SECTION] ============================================================
[2026-05-02T03:01:09Z] [INFO] 🚀 PHASE: ADVANCED OVERNIGHT LOOP
[2026-05-02T03:01:54Z] [INFO] 🔬 Advanced loop completed cycles: 0
[2026-05-02T03:01:54Z] [WARNING] ⚠️  Git commit skipped or failed (git not initialized?): Command '['git', '-C', '/home/avalonas/.hermes/gematria/unified_overnight_research', 'add', '.']' returned non-zero exit status 128.
[2026-05-02T03:01:54Z] [INFO] 
📊 CYCLE #51 SUMMARY
[2026-05-02T03:01:54Z] [INFO] ✅ Successful tasks: 7/7
[2026-05-02T03:01:54Z] [INFO] ⏱️  Cycle duration: 58.02s
[2026-05-02T03:01:54Z] [INFO]    ⚠️ task: result
[2026-05-02T03:01:54Z] [INFO]    ⚠️ task: result
[2026-05-02T03:01:54Z] [INFO]    ⚠️ task: result
[2026-05-02T03:01:54Z] [INFO]    ⚠️ task: result
[2026-05-02T03:01:54Z] [INFO]    ⚠️ task: result
[2026-05-02T03:01:54Z] [INFO]    ⚠️ task: result
[2026-05-02T03:01:54Z] [INFO]    ⚠️ task: result
[2026-05-02T03:01:54Z] [HEADER] ================================================================================
[2026-05-02T03:01:54Z] [INFO] 🔄 OVERNIGHT RESEARCH PIPELINE - CYCLE #52
[2026-05-02T03:01:54Z] [INFO] ================================================================================
[2026-05-02T03:01:54Z] [HEADER] ============================================================
[2026-05-02T03:01:54Z] [INFO] 🌙 STARTING OVERNIGHT RESEARCH CYCLE #52
[2026-05-02T03:01:54Z] [INFO] 🔍 Running overnight research protocol (web scraping + cross-symbol analysis)...
[2026-05-02T03:01:54Z] [INFO] 📊 Cycle duration: 0.10s, Files generated: 0
[2026-05-02T03:01:54Z] [WARNING] ⚠️ Database not initialized for cycle counting
[2026-05-02T03:01:54Z] [INFO] 💾 Database updated with cycle results
[2026-05-02T03:01:54Z] [SECTION] ============================================================
[2026-05-02T03:01:54Z] [INFO] 🔮 PHASE: HIDDEN LAYERING DETECTION
[2026-05-02T03:01:54Z] [INFO] 🔗 Hidden layering detection complete. Connections identified: 2
[2026-05-02T03:01:54Z] [SECTION] ============================================================
[2026-05-02T03:01:54Z] [INFO] 🔬 PHASE: DOMAIN CORRELATION ANALYSIS
[2026-05-02T03:01:54Z] [INFO] 📊 Domain correlation matrices created: 1
[2026-05-02T03:01:54Z] [SECTION] ============================================================
[2026-05-02T03:01:54Z] [INFO] 🖼️  PHASE: IMAGE-SEED ANALYSIS
[2026-05-02T03:01:54Z] [INFO] 📂 Image seed analysis bootstrapping from 5 images...
[2026-05-02T03:01:54Z] [SECTION] ============================================================
[2026-05-02T03:01:54Z] [INFO] 📤 PHASE: PUSH COMPONENTS TO TOLARIA
[2026-05-02T03:01:56Z] [INFO] 📦 Components pushed to Tolaria: 5
[2026-05-02T03:01:56Z] [SECTION] ============================================================
[2026-05-02T03:01:56Z] [INFO] 🧩 PHASE: COMPOSER - DOMAIN INTEGRATION SYNTHESIS
[2026-05-02T03:02:07Z] [INFO] 🎨 Domain integrations synthesized: 0
[2026-05-02T03:02:07Z] [SECTION] ============================================================
[2026-05-02T03:02:07Z] [INFO] 🚀 PHASE: ADVANCED OVERNIGHT LOOP
[2026-05-02T03:02:48Z] [INFO] 🔬 Advanced loop completed cycles: 0
[2026-05-02T03:02:48Z] [WARNING] ⚠️  Git commit skipped or failed (git not initialized?): Command '['git', '-C', '/home/avalonas/.hermes/gematria/unified_overnight_research', 'add', '.']' returned non-zero exit status 128.
[2026-05-02T03:02:48Z] [INFO] 
📊 CYCLE #52 SUMMARY
[2026-05-02T03:02:48Z] [INFO] ✅ Successful tasks: 7/7
[2026-05-02T03:02:48Z] [INFO] ⏱️  Cycle duration: 53.83s
[2026-05-02T03:02:48Z] [INFO]    ⚠️ task: result
[2026-05-02T03:02:48Z] [INFO]    ⚠️ task: result
[2026-05-02T03:02:48Z] [INFO]    ⚠️ task: result
[2026-05-02T03:02:48Z] [INFO]    ⚠️ task: result
[2026-05-02T03:02:48Z] [INFO]    ⚠️ task: result
[2026-05-02T03:02:48Z] [INFO]    ⚠️ task: result
[2026-05-02T03:02:48Z] [INFO]    ⚠️ task: result
[2026-05-02T03:02:48Z] [HEADER] ================================================================================
[2026-05-02T03:02:48Z] [INFO] 🔄 OVERNIGHT RESEARCH PIPELINE - CYCLE #53
[2026-05-02T03:02:48Z] [INFO] ================================================================================
[2026-05-02T03:02:48Z] [HEADER] ============================================================
[2026-05-02T03:02:48Z] [INFO] 🌙 STARTING OVERNIGHT RESEARCH CYCLE #53
[2026-05-02T03:02:48Z] [INFO] 🔍 Running overnight research protocol (web scraping + cross-symbol analysis)...
[2026-05-02T03:02:48Z] [INFO] 📊 Cycle duration: 0.13s, Files generated: 0
[2026-05-02T03:02:48Z] [WARNING] ⚠️ Database not initialized for cycle counting
[2026-05-02T03:02:48Z] [INFO] 💾 Database updated with cycle results
[2026-05-02T03:02:48Z] [SECTION] ============================================================
[2026-05-02T03:02:48Z] [INFO] 🔮 PHASE: HIDDEN LAYERING DETECTION
[2026-05-02T03:02:48Z] [INFO] 🔗 Hidden layering detection complete. Connections identified: 2
[2026-05-02T03:02:48Z] [SECTION] ============================================================
[2026-05-02T03:02:48Z] [INFO] 🔬 PHASE: DOMAIN CORRELATION ANALYSIS
[2026-05-02T03:02:48Z] [INFO] 📊 Domain correlation matrices created: 1
[2026-05-02T03:02:48Z] [SECTION] ============================================================
[2026-05-02T03:02:48Z] [INFO] 🖼️  PHASE: IMAGE-SEED ANALYSIS
[2026-05-02T03:02:48Z] [INFO] 📂 Image seed analysis bootstrapping from 5 images...
[2026-05-02T03:02:48Z] [SECTION] ============================================================
[2026-05-02T03:02:48Z] [INFO] 📤 PHASE: PUSH COMPONENTS TO TOLARIA
[2026-05-02T03:02:49Z] [INFO] 📦 Components pushed to Tolaria: 5
[2026-05-02T03:02:49Z] [SECTION] ============================================================
[2026-05-02T03:02:49Z] [INFO] 🧩 PHASE: COMPOSER - DOMAIN INTEGRATION SYNTHESIS
[2026-05-02T03:03:08Z] [INFO] 🎨 Domain integrations synthesized: 0
[2026-05-02T03:03:08Z] [SECTION] ============================================================
[2026-05-02T03:03:08Z] [INFO] 🚀 PHASE: ADVANCED OVERNIGHT LOOP
[2026-05-02T03:03:57Z] [INFO] 🔬 Advanced loop completed cycles: 0
[2026-05-02T03:03:57Z] [WARNING] ⚠️  Git commit skipped or failed (git not initialized?): Command '['git', '-C', '/home/avalonas/.hermes/gematria/unified_overnight_research', 'add', '.']' returned non-zero exit status 128.
[2026-05-02T03:03:57Z] [INFO] 
📊 CYCLE #53 SUMMARY
[2026-05-02T03:03:57Z] [INFO] ✅ Successful tasks: 7/7
[2026-05-02T03:03:57Z] [INFO] ⏱️  Cycle duration: 69.33s
[2026-05-02T03:03:57Z] [INFO]    ⚠️ task: result
[2026-05-02T03:03:57Z] [INFO]    ⚠️ task: result
[2026-05-02T03:03:57Z] [INFO]    ⚠️ task: result
[2026-05-02T03:03:57Z] [INFO]    ⚠️ task: result
[2026-05-02T03:03:57Z] [INFO]    ⚠️ task: result
[2026-05-02T03:03:57Z] [INFO]    ⚠️ task: result
[2026-05-02T03:03:57Z] [INFO]    ⚠️ task: result
[2026-05-02T03:03:57Z] [HEADER] ================================================================================
[2026-05-02T03:03:57Z] [INFO] 🔄 OVERNIGHT RESEARCH PIPELINE - CYCLE #54
[2026-05-02T03:03:57Z] [INFO] ================================================================================
[2026-05-02T03:03:57Z] [HEADER] ============================================================
[2026-05-02T03:03:57Z] [INFO] 🌙 STARTING OVERNIGHT RESEARCH CYCLE #54
[2026-05-02T03:03:57Z] [INFO] 🔍 Running overnight research protocol (web scraping + cross-symbol analysis)...
[2026-05-02T03:03:58Z] [INFO] 📊 Cycle duration: 0.10s, Files generated: 0
[2026-05-02T03:03:58Z] [WARNING] ⚠️ Database not initialized for cycle counting
[2026-05-02T03:03:58Z] [INFO] 💾 Database updated with cycle results
[2026-05-02T03:03:58Z] [SECTION] ============================================================
[2026-05-02T03:03:58Z] [INFO] 🔮 PHASE: HIDDEN LAYERING DETECTION
[2026-05-02T03:03:58Z] [INFO] 🔗 Hidden layering detection complete. Connections identified: 2
[2026-05-02T03:03:58Z] [SECTION] ============================================================
[2026-05-02T03:03:58Z] [INFO] 🔬 PHASE: DOMAIN CORRELATION ANALYSIS
[2026-05-02T03:03:58Z] [INFO] 📊 Domain correlation matrices created: 1
[2026-05-02T03:03:58Z] [SECTION] ============================================================
[2026-05-02T03:03:58Z] [INFO] 🖼️  PHASE: IMAGE-SEED ANALYSIS
[2026-05-02T03:03:58Z] [INFO] 📂 Image seed analysis bootstrapping from 5 images...
[2026-05-02T03:03:58Z] [SECTION] ============================================================
[2026-05-02T03:03:58Z] [INFO] 📤 PHASE: PUSH COMPONENTS TO TOLARIA
[2026-05-02T03:03:58Z] [INFO] 📦 Components pushed to Tolaria: 5
[2026-05-02T03:03:58Z] [SECTION] ============================================================
[2026-05-02T03:03:58Z] [INFO] 🧩 PHASE: COMPOSER - DOMAIN INTEGRATION SYNTHESIS
[2026-05-02T03:04:18Z] [INFO] 🎨 Domain integrations synthesized: 0
[2026-05-02T03:04:18Z] [SECTION] ============================================================
[2026-05-02T03:04:18Z] [INFO] 🚀 PHASE: ADVANCED OVERNIGHT LOOP
[2026-05-02T03:05:04Z] [INFO] 🔬 Advanced loop completed cycles: 0
[2026-05-02T03:05:04Z] [WARNING] ⚠️  Git commit skipped or failed (git not initialized?): Command '['git', '-C', '/home/avalonas/.hermes/gematria/unified_overnight_research', 'add', '.']' returned non-zero exit status 128.
[2026-05-02T03:05:04Z] [INFO] 
📊 CYCLE #54 SUMMARY
[2026-05-02T03:05:04Z] [INFO] ✅ Successful tasks: 7/7
[2026-05-02T03:05:04Z] [INFO] ⏱️  Cycle duration: 66.93s
[2026-05-02T03:05:04Z] [INFO]    ⚠️ task: result
[2026-05-02T03:05:04Z] [INFO]    ⚠️ task: result
[2026-05-02T03:05:04Z] [INFO]    ⚠️ task: result
[2026-05-02T03:05:04Z] [INFO]    ⚠️ task: result
[2026-05-02T03:05:04Z] [INFO]    ⚠️ task: result
[2026-05-02T03:05:04Z] [INFO]    ⚠️ task: result
[2026-05-02T03:05:04Z] [INFO]    ⚠️ task: result
[2026-05-02T03:05:04Z] [HEADER] ================================================================================
[2026-05-02T03:05:04Z] [INFO] 🔄 OVERNIGHT RESEARCH PIPELINE - CYCLE #55
[2026-05-02T03:05:04Z] [INFO] ================================================================================
[2026-05-02T03:05:04Z] [HEADER] ============================================================
[2026-05-02T03:05:04Z] [INFO] 🌙 STARTING OVERNIGHT RESEARCH CYCLE #55
[2026-05-02T03:05:04Z] [INFO] 🔍 Running overnight research protocol (web scraping + cross-symbol analysis)...
[2026-05-02T03:05:04Z] [INFO] 📊 Cycle duration: 0.10s, Files generated: 0
[2026-05-02T03:05:04Z] [WARNING] ⚠️ Database not initialized for cycle counting
[2026-05-02T03:05:04Z] [INFO] 💾 Database updated with cycle results
[2026-05-02T03:05:04Z] [SECTION] ============================================================
[2026-05-02T03:05:04Z] [INFO] 🔮 PHASE: HIDDEN LAYERING DETECTION
[2026-05-02T03:05:04Z] [INFO] 🔗 Hidden layering detection complete. Connections identified: 2
[2026-05-02T03:05:04Z] [SECTION] ============================================================
[2026-05-02T03:05:04Z] [INFO] 🔬 PHASE: DOMAIN CORRELATION ANALYSIS
[2026-05-02T03:05:05Z] [INFO] 📊 Domain correlation matrices created: 1
[2026-05-02T03:05:05Z] [SECTION] ============================================================
[2026-05-02T03:05:05Z] [INFO] 🖼️  PHASE: IMAGE-SEED ANALYSIS
[2026-05-02T03:05:05Z] [INFO] 📂 Image seed analysis bootstrapping from 5 images...
[2026-05-02T03:05:05Z] [SECTION] ============================================================
[2026-05-02T03:05:05Z] [INFO] 📤 PHASE: PUSH COMPONENTS TO TOLARIA
[2026-05-02T03:05:06Z] [INFO] 📦 Components pushed to Tolaria: 5
[2026-05-02T03:05:06Z] [SECTION] ============================================================
[2026-05-02T03:05:06Z] [INFO] 🧩 PHASE: COMPOSER - DOMAIN INTEGRATION SYNTHESIS
[2026-05-02T03:05:23Z] [INFO] 🎨 Domain integrations synthesized: 0
[2026-05-02T03:05:23Z] [SECTION] ============================================================
[2026-05-02T03:05:23Z] [INFO] 🚀 PHASE: ADVANCED OVERNIGHT LOOP
[2026-05-02T03:06:17Z] [INFO] 🔬 Advanced loop completed cycles: 0
[2026-05-02T03:06:17Z] [WARNING] ⚠️  Git commit skipped or failed (git not initialized?): Command '['git', '-C', '/home/avalonas/.hermes/gematria/unified_overnight_research', 'add', '.']' returned non-zero exit status 128.
[2026-05-02T03:06:17Z] [INFO] 
📊 CYCLE #55 SUMMARY
[2026-05-02T03:06:17Z] [INFO] ✅ Successful tasks: 7/7
[2026-05-02T03:06:17Z] [INFO] ⏱️  Cycle duration: 72.52s
[2026-05-02T03:06:17Z] [INFO]    ⚠️ task: result
[2026-05-02T03:06:17Z] [INFO]    ⚠️ task: result
[2026-05-02T03:06:17Z] [INFO]    ⚠️ task: result
[2026-05-02T03:06:17Z] [INFO]    ⚠️ task: result
[2026-05-02T03:06:17Z] [INFO]    ⚠️ task: result
[2026-05-02T03:06:17Z] [INFO]    ⚠️ task: result
[2026-05-02T03:06:17Z] [INFO]    ⚠️ task: result
[2026-05-02T03:06:17Z] [HEADER] ================================================================================
[2026-05-02T03:06:17Z] [INFO] 🔄 OVERNIGHT RESEARCH PIPELINE - CYCLE #56
[2026-05-02T03:06:17Z] [INFO] ================================================================================
[2026-05-02T03:06:17Z] [HEADER] ============================================================
[2026-05-02T03:06:17Z] [INFO] 🌙 STARTING OVERNIGHT RESEARCH CYCLE #56
[2026-05-02T03:06:17Z] [INFO] 🔍 Running overnight research protocol (web scraping + cross-symbol analysis)...
[2026-05-02T03:06:17Z] [INFO] 📊 Cycle duration: 0.12s, Files generated: 0
[2026-05-02T03:06:17Z] [WARNING] ⚠️ Database not initialized for cycle counting
[2026-05-02T03:06:17Z] [INFO] 💾 Database updated with cycle results
[2026-05-02T03:06:17Z] [SECTION] ============================================================
[2026-05-02T03:06:17Z] [INFO] 🔮 PHASE: HIDDEN LAYERING DETECTION
[2026-05-02T03:06:17Z] [INFO] 🔗 Hidden layering detection complete. Connections identified: 2
[2026-05-02T03:06:17Z] [SECTION] ============================================================
[2026-05-02T03:06:17Z] [INFO] 🔬 PHASE: DOMAIN CORRELATION ANALYSIS
[2026-05-02T03:06:17Z] [INFO] 📊 Domain correlation matrices created: 1
[2026-05-02T03:06:17Z] [SECTION] ============================================================
[2026-05-02T03:06:17Z] [INFO] 🖼️  PHASE: IMAGE-SEED ANALYSIS
[2026-05-02T03:06:17Z] [INFO] 📂 Image seed analysis bootstrapping from 5 images...
[2026-05-02T03:06:17Z] [SECTION] ============================================================
[2026-05-02T03:06:17Z] [INFO] 📤 PHASE: PUSH COMPONENTS TO TOLARIA
[2026-05-02T03:06:18Z] [INFO] 📦 Components pushed to Tolaria: 5
[2026-05-02T03:06:18Z] [SECTION] ============================================================
[2026-05-02T03:06:18Z] [INFO] 🧩 PHASE: COMPOSER - DOMAIN INTEGRATION SYNTHESIS
[2026-05-02T03:06:34Z] [INFO] 🎨 Domain integrations synthesized: 0
[2026-05-02T03:06:34Z] [SECTION] ============================================================
[2026-05-02T03:06:34Z] [INFO] 🚀 PHASE: ADVANCED OVERNIGHT LOOP
[2026-05-02T03:07:20Z] [INFO] 🔬 Advanced loop completed cycles: 0
[2026-05-02T03:07:20Z] [WARNING] ⚠️  Git commit skipped or failed (git not initialized?): Command '['git', '-C', '/home/avalonas/.hermes/gematria/unified_overnight_research', 'add', '.']' returned non-zero exit status 128.
[2026-05-02T03:07:20Z] [INFO] 
📊 CYCLE #56 SUMMARY
[2026-05-02T03:07:20Z] [INFO] ✅ Successful tasks: 7/7
[2026-05-02T03:07:20Z] [INFO] ⏱️  Cycle duration: 63.28s
[2026-05-02T03:07:20Z] [INFO]    ⚠️ task: result
[2026-05-02T03:07:20Z] [INFO]    ⚠️ task: result
[2026-05-02T03:07:20Z] [INFO]    ⚠️ task: result
[2026-05-02T03:07:20Z] [INFO]    ⚠️ task: result
[2026-05-02T03:07:20Z] [INFO]    ⚠️ task: result
[2026-05-02T03:07:20Z] [INFO]    ⚠️ task: result
[2026-05-02T03:07:20Z] [INFO]    ⚠️ task: result
[2026-05-02T03:07:20Z] [HEADER] ================================================================================
[2026-05-02T03:07:20Z] [INFO] 🔄 OVERNIGHT RESEARCH PIPELINE - CYCLE #57
[2026-05-02T03:07:20Z] [INFO] ================================================================================
[2026-05-02T03:07:20Z] [HEADER] ============================================================
[2026-05-02T03:07:20Z] [INFO] 🌙 STARTING OVERNIGHT RESEARCH CYCLE #57
[2026-05-02T03:07:20Z] [INFO] 🔍 Running overnight research protocol (web scraping + cross-symbol analysis)...
[2026-05-02T03:07:20Z] [INFO] 📊 Cycle duration: 0.11s, Files generated: 0
[2026-05-02T03:07:20Z] [WARNING] ⚠️ Database not initialized for cycle counting
[2026-05-02T03:07:20Z] [INFO] 💾 Database updated with cycle results
[2026-05-02T03:07:20Z] [SECTION] ============================================================
[2026-05-02T03:07:20Z] [INFO] 🔮 PHASE: HIDDEN LAYERING DETECTION
[2026-05-02T03:07:20Z] [INFO] 🔗 Hidden layering detection complete. Connections identified: 2
[2026-05-02T03:07:20Z] [SECTION] ============================================================
[2026-05-02T03:07:20Z] [INFO] 🔬 PHASE: DOMAIN CORRELATION ANALYSIS
[2026-05-02T03:07:20Z] [INFO] 📊 Domain correlation matrices created: 1
[2026-05-02T03:07:20Z] [SECTION] ============================================================
[2026-05-02T03:07:20Z] [INFO] 🖼️  PHASE: IMAGE-SEED ANALYSIS
[2026-05-02T03:07:20Z] [INFO] 📂 Image seed analysis bootstrapping from 5 images...
[2026-05-02T03:07:20Z] [SECTION] ============================================================
[2026-05-02T03:07:20Z] [INFO] 📤 PHASE: PUSH COMPONENTS TO TOLARIA
[2026-05-02T03:07:22Z] [INFO] 📦 Components pushed to Tolaria: 5
[2026-05-02T03:07:22Z] [SECTION] ============================================================
[2026-05-02T03:07:22Z] [INFO] 🧩 PHASE: COMPOSER - DOMAIN INTEGRATION SYNTHESIS
[2026-05-02T03:07:39Z] [INFO] 🎨 Domain integrations synthesized: 0
[2026-05-02T03:07:39Z] [SECTION] ============================================================
[2026-05-02T03:07:39Z] [INFO] 🚀 PHASE: ADVANCED OVERNIGHT LOOP
[2026-05-02T03:08:34Z] [INFO] 🔬 Advanced loop completed cycles: 0
[2026-05-02T03:08:34Z] [WARNING] ⚠️  Git commit skipped or failed (git not initialized?): Command '['git', '-C', '/home/avalonas/.hermes/gematria/unified_overnight_research', 'add', '.']' returned non-zero exit status 128.
[2026-05-02T03:08:34Z] [INFO] 
📊 CYCLE #57 SUMMARY
[2026-05-02T03:08:34Z] [INFO] ✅ Successful tasks: 7/7
[2026-05-02T03:08:34Z] [INFO] ⏱️  Cycle duration: 74.29s
[2026-05-02T03:08:34Z] [INFO]    ⚠️ task: result
[2026-05-02T03:08:34Z] [INFO]    ⚠️ task: result
[2026-05-02T03:08:34Z] [INFO]    ⚠️ task: result
[2026-05-02T03:08:34Z] [INFO]    ⚠️ task: result
[2026-05-02T03:08:34Z] [INFO]    ⚠️ task: result
[2026-05-02T03:08:34Z] [INFO]    ⚠️ task: result
[2026-05-02T03:08:34Z] [INFO]    ⚠️ task: result
[2026-05-02T03:08:34Z] [HEADER] ================================================================================
[2026-05-02T03:08:34Z] [INFO] 🔄 OVERNIGHT RESEARCH PIPELINE - CYCLE #58
[2026-05-02T03:08:34Z] [INFO] ================================================================================
[2026-05-02T03:08:34Z] [HEADER] ============================================================
[2026-05-02T03:08:34Z] [INFO] 🌙 STARTING OVERNIGHT RESEARCH CYCLE #58
[2026-05-02T03:08:34Z] [INFO] 🔍 Running overnight research protocol (web scraping + cross-symbol analysis)...
[2026-05-02T03:08:35Z] [INFO] 📊 Cycle duration: 0.10s, Files generated: 0
[2026-05-02T03:08:35Z] [WARNING] ⚠️ Database not initialized for cycle counting
[2026-05-02T03:08:35Z] [INFO] 💾 Database updated with cycle results
[2026-05-02T03:08:35Z] [SECTION] ============================================================
[2026-05-02T03:08:35Z] [INFO] 🔮 PHASE: HIDDEN LAYERING DETECTION
[2026-05-02T03:08:35Z] [INFO] 🔗 Hidden layering detection complete. Connections identified: 2
[2026-05-02T03:08:35Z] [SECTION] ============================================================
[2026-05-02T03:08:35Z] [INFO] 🔬 PHASE: DOMAIN CORRELATION ANALYSIS
[2026-05-02T03:08:35Z] [INFO] 📊 Domain correlation matrices created: 1
[2026-05-02T03:08:35Z] [SECTION] ============================================================
[2026-05-02T03:08:35Z] [INFO] 🖼️  PHASE: IMAGE-SEED ANALYSIS
[2026-05-02T03:08:35Z] [INFO] 📂 Image seed analysis bootstrapping from 5 images...
[2026-05-02T03:08:35Z] [SECTION] ============================================================
[2026-05-02T03:08:35Z] [INFO] 📤 PHASE: PUSH COMPONENTS TO TOLARIA
[2026-05-02T03:08:35Z] [INFO] 📦 Components pushed to Tolaria: 5
[2026-05-02T03:08:35Z] [SECTION] ============================================================
[2026-05-02T03:08:35Z] [INFO] 🧩 PHASE: COMPOSER - DOMAIN INTEGRATION SYNTHESIS
[2026-05-02T03:08:50Z] [INFO] 🎨 Domain integrations synthesized: 0
[2026-05-02T03:08:50Z] [SECTION] ============================================================
[2026-05-02T03:08:50Z] [INFO] 🚀 PHASE: ADVANCED OVERNIGHT LOOP
[2026-05-02T03:09:40Z] [INFO] 🔬 Advanced loop completed cycles: 0
[2026-05-02T03:09:40Z] [WARNING] ⚠️  Git commit skipped or failed (git not initialized?): Command '['git', '-C', '/home/avalonas/.hermes/gematria/unified_overnight_research', 'add', '.']' returned non-zero exit status 128.
[2026-05-02T03:09:40Z] [INFO] 
📊 CYCLE #58 SUMMARY
[2026-05-02T03:09:40Z] [INFO] ✅ Successful tasks: 7/7
[2026-05-02T03:09:40Z] [INFO] ⏱️  Cycle duration: 65.40s
[2026-05-02T03:09:40Z] [INFO]    ⚠️ task: result
[2026-05-02T03:09:40Z] [INFO]    ⚠️ task: result
[2026-05-02T03:09:40Z] [INFO]    ⚠️ task: result
[2026-05-02T03:09:40Z] [INFO]    ⚠️ task: result
[2026-05-02T03:09:40Z] [INFO]    ⚠️ task: result
[2026-05-02T03:09:40Z] [INFO]    ⚠️ task: result
[2026-05-02T03:09:40Z] [INFO]    ⚠️ task: result
[2026-05-02T03:09:40Z] [HEADER] ================================================================================
[2026-05-02T03:09:40Z] [INFO] 🔄 OVERNIGHT RESEARCH PIPELINE - CYCLE #59
[2026-05-02T03:09:40Z] [INFO] ================================================================================
[2026-05-02T03:09:40Z] [HEADER] ============================================================
[2026-05-02T03:09:40Z] [INFO] 🌙 STARTING OVERNIGHT RESEARCH CYCLE #59
[2026-05-02T03:09:40Z] [INFO] 🔍 Running overnight research protocol (web scraping + cross-symbol analysis)...
[2026-05-02T03:09:40Z] [INFO] 📊 Cycle duration: 0.10s, Files generated: 0
[2026-05-02T03:09:40Z] [WARNING] ⚠️ Database not initialized for cycle counting
[2026-05-02T03:09:40Z] [INFO] 💾 Database updated with cycle results
[2026-05-02T03:09:40Z] [SECTION] ============================================================
[2026-05-02T03:09:40Z] [INFO] 🔮 PHASE: HIDDEN LAYERING DETECTION
[2026-05-02T03:09:40Z] [INFO] 🔗 Hidden layering detection complete. Connections identified: 2
[2026-05-02T03:09:40Z] [SECTION] ============================================================
[2026-05-02T03:09:40Z] [INFO] 🔬 PHASE: DOMAIN CORRELATION ANALYSIS
[2026-05-02T03:09:40Z] [INFO] 📊 Domain correlation matrices created: 1
[2026-05-02T03:09:40Z] [SECTION] ============================================================
[2026-05-02T03:09:40Z] [INFO] 🖼️  PHASE: IMAGE-SEED ANALYSIS
[2026-05-02T03:09:40Z] [INFO] 📂 Image seed analysis bootstrapping from 5 images...
[2026-05-02T03:09:40Z] [SECTION] ============================================================
[2026-05-02T03:09:40Z] [INFO] 📤 PHASE: PUSH COMPONENTS TO TOLARIA
[2026-05-02T03:09:41Z] [INFO] 📦 Components pushed to Tolaria: 5
[2026-05-02T03:09:41Z] [SECTION] ============================================================
[2026-05-02T03:09:41Z] [INFO] 🧩 PHASE: COMPOSER - DOMAIN INTEGRATION SYNTHESIS
[2026-05-02T03:09:54Z] [INFO] 🎨 Domain integrations synthesized: 0
[2026-05-02T03:09:54Z] [SECTION] ============================================================
[2026-05-02T03:09:54Z] [INFO] 🚀 PHASE: ADVANCED OVERNIGHT LOOP
[2026-05-02T03:10:43Z] [INFO] 🔬 Advanced loop completed cycles: 0
[2026-05-02T03:10:43Z] [WARNING] ⚠️  Git commit skipped or failed (git not initialized?): Command '['git', '-C', '/home/avalonas/.hermes/gematria/unified_overnight_research', 'add', '.']' returned non-zero exit status 128.
[2026-05-02T03:10:43Z] [INFO] 
📊 CYCLE #59 SUMMARY
[2026-05-02T03:10:43Z] [INFO] ✅ Successful tasks: 7/7
[2026-05-02T03:10:43Z] [INFO] ⏱️  Cycle duration: 62.94s
[2026-05-02T03:10:43Z] [INFO]    ⚠️ task: result
[2026-05-02T03:10:43Z] [INFO]    ⚠️ task: result
[2026-05-02T03:10:43Z] [INFO]    ⚠️ task: result
[2026-05-02T03:10:43Z] [INFO]    ⚠️ task: result
[2026-05-02T03:10:43Z] [INFO]    ⚠️ task: result
[2026-05-02T03:10:43Z] [INFO]    ⚠️ task: result
[2026-05-02T03:10:43Z] [INFO]    ⚠️ task: result
[2026-05-02T03:10:43Z] [HEADER] ================================================================================
[2026-05-02T03:10:43Z] [INFO] 🔄 OVERNIGHT RESEARCH PIPELINE - CYCLE #60
[2026-05-02T03:10:43Z] [INFO] ================================================================================
[2026-05-02T03:10:43Z] [HEADER] ============================================================
[2026-05-02T03:10:43Z] [INFO] 🌙 STARTING OVERNIGHT RESEARCH CYCLE #60
[2026-05-02T03:10:43Z] [INFO] 🔍 Running overnight research protocol (web scraping + cross-symbol analysis)...
[2026-05-02T03:10:43Z] [INFO] 📊 Cycle duration: 0.11s, Files generated: 0
[2026-05-02T03:10:43Z] [WARNING] ⚠️ Database not initialized for cycle counting
[2026-05-02T03:10:43Z] [INFO] 💾 Database updated with cycle results
[2026-05-02T03:10:43Z] [SECTION] ============================================================
[2026-05-02T03:10:43Z] [INFO] 🔮 PHASE: HIDDEN LAYERING DETECTION
[2026-05-02T03:10:43Z] [INFO] 🔗 Hidden layering detection complete. Connections identified: 2
[2026-05-02T03:10:43Z] [SECTION] ============================================================
[2026-05-02T03:10:43Z] [INFO] 🔬 PHASE: DOMAIN CORRELATION ANALYSIS
[2026-05-02T03:10:43Z] [INFO] 📊 Domain correlation matrices created: 1
[2026-05-02T03:10:43Z] [SECTION] ============================================================
[2026-05-02T03:10:43Z] [INFO] 🖼️  PHASE: IMAGE-SEED ANALYSIS
[2026-05-02T03:10:43Z] [INFO] 📂 Image seed analysis bootstrapping from 5 images...
[2026-05-02T03:10:43Z] [SECTION] ============================================================
[2026-05-02T03:10:43Z] [INFO] 📤 PHASE: PUSH COMPONENTS TO TOLARIA
[2026-05-02T03:10:44Z] [INFO] 📦 Components pushed to Tolaria: 5
[2026-05-02T03:10:44Z] [SECTION] ============================================================
[2026-05-02T03:10:44Z] [INFO] 🧩 PHASE: COMPOSER - DOMAIN INTEGRATION SYNTHESIS
[2026-05-02T03:10:57Z] [INFO] 🎨 Domain integrations synthesized: 0
[2026-05-02T03:10:57Z] [SECTION] ============================================================
[2026-05-02T03:10:57Z] [INFO] 🚀 PHASE: ADVANCED OVERNIGHT LOOP
[2026-05-02T03:11:37Z] [INFO] 🔬 Advanced loop completed cycles: 0
[2026-05-02T03:11:37Z] [WARNING] ⚠️  Git commit skipped or failed (git not initialized?): Command '['git', '-C', '/home/avalonas/.hermes/gematria/unified_overnight_research', 'add', '.']' returned non-zero exit status 128.
[2026-05-02T03:11:37Z] [INFO] 
📊 CYCLE #60 SUMMARY
[2026-05-02T03:11:37Z] [INFO] ✅ Successful tasks: 7/7
[2026-05-02T03:11:37Z] [INFO] ⏱️  Cycle duration: 54.61s
[2026-05-02T03:11:37Z] [INFO]    ⚠️ task: result
[2026-05-02T03:11:37Z] [INFO]    ⚠️ task: result
[2026-05-02T03:11:37Z] [INFO]    ⚠️ task: result
[2026-05-02T03:11:37Z] [INFO]    ⚠️ task: result
[2026-05-02T03:11:37Z] [INFO]    ⚠️ task: result
[2026-05-02T03:11:37Z] [INFO]    ⚠️ task: result
[2026-05-02T03:11:37Z] [INFO]    ⚠️ task: result
[2026-05-02T03:11:37Z] [HEADER] ================================================================================
[2026-05-02T03:11:37Z] [INFO] 🔄 OVERNIGHT RESEARCH PIPELINE - CYCLE #61
[2026-05-02T03:11:37Z] [INFO] ================================================================================
[2026-05-02T03:11:37Z] [HEADER] ============================================================
[2026-05-02T03:11:37Z] [INFO] 🌙 STARTING OVERNIGHT RESEARCH CYCLE #61
[2026-05-02T03:11:37Z] [INFO] 🔍 Running overnight research protocol (web scraping + cross-symbol analysis)...
[2026-05-02T03:11:37Z] [INFO] 📊 Cycle duration: 0.10s, Files generated: 0
[2026-05-02T03:11:37Z] [WARNING] ⚠️ Database not initialized for cycle counting
[2026-05-02T03:11:37Z] [INFO] 💾 Database updated with cycle results
[2026-05-02T03:11:37Z] [SECTION] ============================================================
[2026-05-02T03:11:37Z] [INFO] 🔮 PHASE: HIDDEN LAYERING DETECTION
[2026-05-02T03:11:38Z] [INFO] 🔗 Hidden layering detection complete. Connections identified: 2
[2026-05-02T03:11:38Z] [SECTION] ============================================================
[2026-05-02T03:11:38Z] [INFO] 🔬 PHASE: DOMAIN CORRELATION ANALYSIS
[2026-05-02T03:11:38Z] [INFO] 📊 Domain correlation matrices created: 1
[2026-05-02T03:11:38Z] [SECTION] ============================================================
[2026-05-02T03:11:38Z] [INFO] 🖼️  PHASE: IMAGE-SEED ANALYSIS
[2026-05-02T03:11:38Z] [INFO] 📂 Image seed analysis bootstrapping from 5 images...
[2026-05-02T03:11:38Z] [SECTION] ============================================================
[2026-05-02T03:11:38Z] [INFO] 📤 PHASE: PUSH COMPONENTS TO TOLARIA
[2026-05-02T03:11:39Z] [INFO] 📦 Components pushed to Tolaria: 5
[2026-05-02T03:11:39Z] [SECTION] ============================================================
[2026-05-02T03:11:39Z] [INFO] 🧩 PHASE: COMPOSER - DOMAIN INTEGRATION SYNTHESIS
[2026-05-02T03:11:52Z] [INFO] 🎨 Domain integrations synthesized: 0
[2026-05-02T03:11:52Z] [SECTION] ============================================================
[2026-05-02T03:11:52Z] [INFO] 🚀 PHASE: ADVANCED OVERNIGHT LOOP
[2026-05-02T03:12:47Z] [INFO] 🔬 Advanced loop completed cycles: 0
[2026-05-02T03:12:47Z] [WARNING] ⚠️  Git commit skipped or failed (git not initialized?): Command '['git', '-C', '/home/avalonas/.hermes/gematria/unified_overnight_research', 'add', '.']' returned non-zero exit status 128.
[2026-05-02T03:12:47Z] [INFO] 
📊 CYCLE #61 SUMMARY
[2026-05-02T03:12:47Z] [INFO] ✅ Successful tasks: 7/7
[2026-05-02T03:12:47Z] [INFO] ⏱️  Cycle duration: 69.77s
[2026-05-02T03:12:47Z] [INFO]    ⚠️ task: result
[2026-05-02T03:12:47Z] [INFO]    ⚠️ task: result
[2026-05-02T03:12:47Z] [INFO]    ⚠️ task: result
[2026-05-02T03:12:47Z] [INFO]    ⚠️ task: result
[2026-05-02T03:12:47Z] [INFO]    ⚠️ task: result
[2026-05-02T03:12:47Z] [INFO]    ⚠️ task: result
[2026-05-02T03:12:47Z] [INFO]    ⚠️ task: result
[2026-05-02T03:12:47Z] [HEADER] ================================================================================
[2026-05-02T03:12:47Z] [INFO] 🔄 OVERNIGHT RESEARCH PIPELINE - CYCLE #62
[2026-05-02T03:12:47Z] [INFO] ================================================================================
[2026-05-02T03:12:47Z] [HEADER] ============================================================
[2026-05-02T03:12:47Z] [INFO] 🌙 STARTING OVERNIGHT RESEARCH CYCLE #62
[2026-05-02T03:12:47Z] [INFO] 🔍 Running overnight research protocol (web scraping + cross-symbol analysis)...
[2026-05-02T03:12:47Z] [INFO] 📊 Cycle duration: 0.11s, Files generated: 0
[2026-05-02T03:12:47Z] [WARNING] ⚠️ Database not initialized for cycle counting
[2026-05-02T03:12:47Z] [INFO] 💾 Database updated with cycle results
[2026-05-02T03:12:47Z] [SECTION] ============================================================
[2026-05-02T03:12:47Z] [INFO] 🔮 PHASE: HIDDEN LAYERING DETECTION
[2026-05-02T03:12:47Z] [INFO] 🔗 Hidden layering detection complete. Connections identified: 2
[2026-05-02T03:12:47Z] [SECTION] ============================================================
[2026-05-02T03:12:47Z] [INFO] 🔬 PHASE: DOMAIN CORRELATION ANALYSIS
[2026-05-02T03:12:47Z] [INFO] 📊 Domain correlation matrices created: 1
[2026-05-02T03:12:47Z] [SECTION] ============================================================
[2026-05-02T03:12:47Z] [INFO] 🖼️  PHASE: IMAGE-SEED ANALYSIS
[2026-05-02T03:12:47Z] [INFO] 📂 Image seed analysis bootstrapping from 5 images...
[2026-05-02T03:12:47Z] [SECTION] ============================================================
[2026-05-02T03:12:47Z] [INFO] 📤 PHASE: PUSH COMPONENTS TO TOLARIA
[2026-05-02T03:12:49Z] [INFO] 📦 Components pushed to Tolaria: 5
[2026-05-02T03:12:49Z] [SECTION] ============================================================
[2026-05-02T03:12:49Z] [INFO] 🧩 PHASE: COMPOSER - DOMAIN INTEGRATION SYNTHESIS
[2026-05-02T03:13:03Z] [INFO] 🎨 Domain integrations synthesized: 0
[2026-05-02T03:13:03Z] [SECTION] ============================================================
[2026-05-02T03:13:03Z] [INFO] 🚀 PHASE: ADVANCED OVERNIGHT LOOP
[2026-05-02T03:13:49Z] [INFO] 🔬 Advanced loop completed cycles: 0
[2026-05-02T03:13:49Z] [WARNING] ⚠️  Git commit skipped or failed (git not initialized?): Command '['git', '-C', '/home/avalonas/.hermes/gematria/unified_overnight_research', 'add', '.']' returned non-zero exit status 128.
[2026-05-02T03:13:49Z] [INFO] 
📊 CYCLE #62 SUMMARY
[2026-05-02T03:13:49Z] [INFO] ✅ Successful tasks: 7/7
[2026-05-02T03:13:49Z] [INFO] ⏱️  Cycle duration: 62.15s
[2026-05-02T03:13:49Z] [INFO]    ⚠️ task: result
[2026-05-02T03:13:49Z] [INFO]    ⚠️ task: result
[2026-05-02T03:13:49Z] [INFO]    ⚠️ task: result
[2026-05-02T03:13:49Z] [INFO]    ⚠️ task: result
[2026-05-02T03:13:49Z] [INFO]    ⚠️ task: result
[2026-05-02T03:13:49Z] [INFO]    ⚠️ task: result
[2026-05-02T03:13:49Z] [INFO]    ⚠️ task: result
[2026-05-02T03:13:49Z] [HEADER] ================================================================================
[2026-05-02T03:13:49Z] [INFO] 🔄 OVERNIGHT RESEARCH PIPELINE - CYCLE #63
[2026-05-02T03:13:49Z] [INFO] ================================================================================
[2026-05-02T03:13:49Z] [HEADER] ============================================================
[2026-05-02T03:13:49Z] [INFO] 🌙 STARTING OVERNIGHT RESEARCH CYCLE #63
[2026-05-02T03:13:49Z] [INFO] 🔍 Running overnight research protocol (web scraping + cross-symbol analysis)...
[2026-05-02T03:13:49Z] [INFO] 📊 Cycle duration: 0.10s, Files generated: 0
[2026-05-02T03:13:49Z] [WARNING] ⚠️ Database not initialized for cycle counting
[2026-05-02T03:13:49Z] [INFO] 💾 Database updated with cycle results
[2026-05-02T03:13:49Z] [SECTION] ============================================================
[2026-05-02T03:13:49Z] [INFO] 🔮 PHASE: HIDDEN LAYERING DETECTION
[2026-05-02T03:13:49Z] [INFO] 🔗 Hidden layering detection complete. Connections identified: 2
[2026-05-02T03:13:49Z] [SECTION] ============================================================
[2026-05-02T03:13:49Z] [INFO] 🔬 PHASE: DOMAIN CORRELATION ANALYSIS
[2026-05-02T03:13:49Z] [INFO] 📊 Domain correlation matrices created: 1
[2026-05-02T03:13:49Z] [SECTION] ============================================================
[2026-05-02T03:13:49Z] [INFO] 🖼️  PHASE: IMAGE-SEED ANALYSIS
[2026-05-02T03:13:49Z] [INFO] 📂 Image seed analysis bootstrapping from 5 images...
[2026-05-02T03:13:49Z] [SECTION] ============================================================
[2026-05-02T03:13:49Z] [INFO] 📤 PHASE: PUSH COMPONENTS TO TOLARIA
[2026-05-02T03:13:51Z] [INFO] 📦 Components pushed to Tolaria: 5
[2026-05-02T03:13:51Z] [SECTION] ============================================================
[2026-05-02T03:13:51Z] [INFO] 🧩 PHASE: COMPOSER - DOMAIN INTEGRATION SYNTHESIS
[2026-05-02T03:14:05Z] [INFO] 🎨 Domain integrations synthesized: 0
[2026-05-02T03:14:05Z] [SECTION] ============================================================
[2026-05-02T03:14:05Z] [INFO] 🚀 PHASE: ADVANCED OVERNIGHT LOOP
[2026-05-02T03:14:47Z] [INFO] 🔬 Advanced loop completed cycles: 0
[2026-05-02T03:14:47Z] [WARNING] ⚠️  Git commit skipped or failed (git not initialized?): Command '['git', '-C', '/home/avalonas/.hermes/gematria/unified_overnight_research', 'add', '.']' returned non-zero exit status 128.
[2026-05-02T03:14:47Z] [INFO] 
📊 CYCLE #63 SUMMARY
[2026-05-02T03:14:47Z] [INFO] ✅ Successful tasks: 7/7
[2026-05-02T03:14:47Z] [INFO] ⏱️  Cycle duration: 57.55s
[2026-05-02T03:14:47Z] [INFO]    ⚠️ task: result
[2026-05-02T03:14:47Z] [INFO]    ⚠️ task: result
[2026-05-02T03:14:47Z] [INFO]    ⚠️ task: result
[2026-05-02T03:14:47Z] [INFO]    ⚠️ task: result
[2026-05-02T03:14:47Z] [INFO]    ⚠️ task: result
[2026-05-02T03:14:47Z] [INFO]    ⚠️ task: result
[2026-05-02T03:14:47Z] [INFO]    ⚠️ task: result
[2026-05-02T03:14:47Z] [HEADER] ================================================================================
[2026-05-02T03:14:47Z] [INFO] 🔄 OVERNIGHT RESEARCH PIPELINE - CYCLE #64
[2026-05-02T03:14:47Z] [INFO] ================================================================================
[2026-05-02T03:14:47Z] [HEADER] ============================================================
[2026-05-02T03:14:47Z] [INFO] 🌙 STARTING OVERNIGHT RESEARCH CYCLE #64
[2026-05-02T03:14:47Z] [INFO] 🔍 Running overnight research protocol (web scraping + cross-symbol analysis)...
[2026-05-02T03:14:47Z] [INFO] 📊 Cycle duration: 0.11s, Files generated: 0
[2026-05-02T03:14:47Z] [WARNING] ⚠️ Database not initialized for cycle counting
[2026-05-02T03:14:47Z] [INFO] 💾 Database updated with cycle results
[2026-05-02T03:14:47Z] [SECTION] ============================================================
[2026-05-02T03:14:47Z] [INFO] 🔮 PHASE: HIDDEN LAYERING DETECTION
[2026-05-02T03:14:47Z] [INFO] 🔗 Hidden layering detection complete. Connections identified: 2
[2026-05-02T03:14:47Z] [SECTION] ============================================================
[2026-05-02T03:14:47Z] [INFO] 🔬 PHASE: DOMAIN CORRELATION ANALYSIS
[2026-05-02T03:14:47Z] [INFO] 📊 Domain correlation matrices created: 1
[2026-05-02T03:14:47Z] [SECTION] ============================================================
[2026-05-02T03:14:47Z] [INFO] 🖼️  PHASE: IMAGE-SEED ANALYSIS
[2026-05-02T03:14:47Z] [INFO] 📂 Image seed analysis bootstrapping from 5 images...
[2026-05-02T03:14:47Z] [SECTION] ============================================================
[2026-05-02T03:14:47Z] [INFO] 📤 PHASE: PUSH COMPONENTS TO TOLARIA
[2026-05-02T03:14:48Z] [INFO] 📦 Components pushed to Tolaria: 5
[2026-05-02T03:14:48Z] [SECTION] ============================================================
[2026-05-02T03:14:48Z] [INFO] 🧩 PHASE: COMPOSER - DOMAIN INTEGRATION SYNTHESIS
[2026-05-02T03:15:02Z] [INFO] 🎨 Domain integrations synthesized: 0
[2026-05-02T03:15:02Z] [SECTION] ============================================================
[2026-05-02T03:15:02Z] [INFO] 🚀 PHASE: ADVANCED OVERNIGHT LOOP
[2026-05-02T03:15:44Z] [INFO] 🔬 Advanced loop completed cycles: 0
[2026-05-02T03:15:44Z] [WARNING] ⚠️  Git commit skipped or failed (git not initialized?): Command '['git', '-C', '/home/avalonas/.hermes/gematria/unified_overnight_research', 'add', '.']' returned non-zero exit status 128.
[2026-05-02T03:15:44Z] [INFO] 
📊 CYCLE #64 SUMMARY
[2026-05-02T03:15:44Z] [INFO] ✅ Successful tasks: 7/7
[2026-05-02T03:15:44Z] [INFO] ⏱️  Cycle duration: 57.14s
[2026-05-02T03:15:44Z] [INFO]    ⚠️ task: result
[2026-05-02T03:15:44Z] [INFO]    ⚠️ task: result
[2026-05-02T03:15:44Z] [INFO]    ⚠️ task: result
[2026-05-02T03:15:44Z] [INFO]    ⚠️ task: result
[2026-05-02T03:15:44Z] [INFO]    ⚠️ task: result
[2026-05-02T03:15:44Z] [INFO]    ⚠️ task: result
[2026-05-02T03:15:44Z] [INFO]    ⚠️ task: result
[2026-05-02T03:15:44Z] [HEADER] ================================================================================
[2026-05-02T03:15:44Z] [INFO] 🔄 OVERNIGHT RESEARCH PIPELINE - CYCLE #65
[2026-05-02T03:15:44Z] [INFO] ================================================================================
[2026-05-02T03:15:44Z] [HEADER] ============================================================
[2026-05-02T03:15:44Z] [INFO] 🌙 STARTING OVERNIGHT RESEARCH CYCLE #65
[2026-05-02T03:15:44Z] [INFO] 🔍 Running overnight research protocol (web scraping + cross-symbol analysis)...
[2026-05-02T03:15:44Z] [INFO] 📊 Cycle duration: 0.13s, Files generated: 0
[2026-05-02T03:15:44Z] [WARNING] ⚠️ Database not initialized for cycle counting
[2026-05-02T03:15:44Z] [INFO] 💾 Database updated with cycle results
[2026-05-02T03:15:44Z] [SECTION] ============================================================
[2026-05-02T03:15:44Z] [INFO] 🔮 PHASE: HIDDEN LAYERING DETECTION
[2026-05-02T03:15:44Z] [INFO] 🔗 Hidden layering detection complete. Connections identified: 2
[2026-05-02T03:15:44Z] [SECTION] ============================================================
[2026-05-02T03:15:44Z] [INFO] 🔬 PHASE: DOMAIN CORRELATION ANALYSIS
[2026-05-02T03:15:44Z] [INFO] 📊 Domain correlation matrices created: 1
[2026-05-02T03:15:44Z] [SECTION] ============================================================
[2026-05-02T03:15:44Z] [INFO] 🖼️  PHASE: IMAGE-SEED ANALYSIS
[2026-05-02T03:15:44Z] [INFO] 📂 Image seed analysis bootstrapping from 5 images...
[2026-05-02T03:15:44Z] [SECTION] ============================================================
[2026-05-02T03:15:44Z] [INFO] 📤 PHASE: PUSH COMPONENTS TO TOLARIA
[2026-05-02T03:15:45Z] [INFO] 📦 Components pushed to Tolaria: 5
[2026-05-02T03:15:45Z] [SECTION] ============================================================
[2026-05-02T03:15:45Z] [INFO] 🧩 PHASE: COMPOSER - DOMAIN INTEGRATION SYNTHESIS
[2026-05-02T03:16:02Z] [INFO] 🎨 Domain integrations synthesized: 0
[2026-05-02T03:16:02Z] [SECTION] ============================================================
[2026-05-02T03:16:02Z] [INFO] 🚀 PHASE: ADVANCED OVERNIGHT LOOP
[2026-05-02T03:16:41Z] [INFO] 🔬 Advanced loop completed cycles: 0
[2026-05-02T03:16:41Z] [WARNING] ⚠️  Git commit skipped or failed (git not initialized?): Command '['git', '-C', '/home/avalonas/.hermes/gematria/unified_overnight_research', 'add', '.']' returned non-zero exit status 128.
[2026-05-02T03:16:41Z] [INFO] 
📊 CYCLE #65 SUMMARY
[2026-05-02T03:16:41Z] [INFO] ✅ Successful tasks: 7/7
[2026-05-02T03:16:41Z] [INFO] ⏱️  Cycle duration: 57.45s
[2026-05-02T03:16:41Z] [INFO]    ⚠️ task: result
[2026-05-02T03:16:41Z] [INFO]    ⚠️ task: result
[2026-05-02T03:16:41Z] [INFO]    ⚠️ task: result
[2026-05-02T03:16:41Z] [INFO]    ⚠️ task: result
[2026-05-02T03:16:41Z] [INFO]    ⚠️ task: result
[2026-05-02T03:16:41Z] [INFO]    ⚠️ task: result
[2026-05-02T03:16:41Z] [INFO]    ⚠️ task: result
[2026-05-02T03:16:41Z] [HEADER] ================================================================================
[2026-05-02T03:16:41Z] [INFO] 🔄 OVERNIGHT RESEARCH PIPELINE - CYCLE #66
[2026-05-02T03:16:41Z] [INFO] ================================================================================
[2026-05-02T03:16:41Z] [HEADER] ============================================================
[2026-05-02T03:16:41Z] [INFO] 🌙 STARTING OVERNIGHT RESEARCH CYCLE #66
[2026-05-02T03:16:41Z] [INFO] 🔍 Running overnight research protocol (web scraping + cross-symbol analysis)...
[2026-05-02T03:16:42Z] [INFO] 📊 Cycle duration: 0.12s, Files generated: 0
[2026-05-02T03:16:42Z] [WARNING] ⚠️ Database not initialized for cycle counting
[2026-05-02T03:16:42Z] [INFO] 💾 Database updated with cycle results
[2026-05-02T03:16:42Z] [SECTION] ============================================================
[2026-05-02T03:16:42Z] [INFO] 🔮 PHASE: HIDDEN LAYERING DETECTION
[2026-05-02T03:16:42Z] [INFO] 🔗 Hidden layering detection complete. Connections identified: 2
[2026-05-02T03:16:42Z] [SECTION] ============================================================
[2026-05-02T03:16:42Z] [INFO] 🔬 PHASE: DOMAIN CORRELATION ANALYSIS
[2026-05-02T03:16:42Z] [INFO] 📊 Domain correlation matrices created: 1
[2026-05-02T03:16:42Z] [SECTION] ============================================================
[2026-05-02T03:16:42Z] [INFO] 🖼️  PHASE: IMAGE-SEED ANALYSIS
[2026-05-02T03:16:42Z] [INFO] 📂 Image seed analysis bootstrapping from 5 images...
[2026-05-02T03:16:42Z] [SECTION] ============================================================
[2026-05-02T03:16:42Z] [INFO] 📤 PHASE: PUSH COMPONENTS TO TOLARIA
[2026-05-02T03:16:44Z] [INFO] 📦 Components pushed to Tolaria: 5
[2026-05-02T03:16:44Z] [SECTION] ============================================================
[2026-05-02T03:16:44Z] [INFO] 🧩 PHASE: COMPOSER - DOMAIN INTEGRATION SYNTHESIS
[2026-05-02T03:16:59Z] [INFO] 🎨 Domain integrations synthesized: 0
[2026-05-02T03:16:59Z] [SECTION] ============================================================
[2026-05-02T03:16:59Z] [INFO] 🚀 PHASE: ADVANCED OVERNIGHT LOOP
[2026-05-02T03:17:43Z] [INFO] 🔬 Advanced loop completed cycles: 0
[2026-05-02T03:17:43Z] [WARNING] ⚠️  Git commit skipped or failed (git not initialized?): Command '['git', '-C', '/home/avalonas/.hermes/gematria/unified_overnight_research', 'add', '.']' returned non-zero exit status 128.
[2026-05-02T03:17:43Z] [INFO] 
📊 CYCLE #66 SUMMARY
[2026-05-02T03:17:43Z] [INFO] ✅ Successful tasks: 7/7
[2026-05-02T03:17:43Z] [INFO] ⏱️  Cycle duration: 61.31s
[2026-05-02T03:17:43Z] [INFO]    ⚠️ task: result
[2026-05-02T03:17:43Z] [INFO]    ⚠️ task: result
[2026-05-02T03:17:43Z] [INFO]    ⚠️ task: result
[2026-05-02T03:17:43Z] [INFO]    ⚠️ task: result
[2026-05-02T03:17:43Z] [INFO]    ⚠️ task: result
[2026-05-02T03:17:43Z] [INFO]    ⚠️ task: result
[2026-05-02T03:17:43Z] [INFO]    ⚠️ task: result
[2026-05-02T03:17:43Z] [HEADER] ================================================================================
[2026-05-02T03:17:43Z] [INFO] 🔄 OVERNIGHT RESEARCH PIPELINE - CYCLE #67
[2026-05-02T03:17:43Z] [INFO] ================================================================================
[2026-05-02T03:17:43Z] [HEADER] ============================================================
[2026-05-02T03:17:43Z] [INFO] 🌙 STARTING OVERNIGHT RESEARCH CYCLE #67
[2026-05-02T03:17:43Z] [INFO] 🔍 Running overnight research protocol (web scraping + cross-symbol analysis)...
[2026-05-02T03:17:43Z] [INFO] 📊 Cycle duration: 0.11s, Files generated: 0
[2026-05-02T03:17:43Z] [WARNING] ⚠️ Database not initialized for cycle counting
[2026-05-02T03:17:43Z] [INFO] 💾 Database updated with cycle results
[2026-05-02T03:17:43Z] [SECTION] ============================================================
[2026-05-02T03:17:43Z] [INFO] 🔮 PHASE: HIDDEN LAYERING DETECTION
[2026-05-02T03:17:43Z] [INFO] 🔗 Hidden layering detection complete. Connections identified: 2
[2026-05-02T03:17:43Z] [SECTION] ============================================================
[2026-05-02T03:17:43Z] [INFO] 🔬 PHASE: DOMAIN CORRELATION ANALYSIS
[2026-05-02T03:17:43Z] [INFO] 📊 Domain correlation matrices created: 1
[2026-05-02T03:17:43Z] [SECTION] ============================================================
[2026-05-02T03:17:43Z] [INFO] 🖼️  PHASE: IMAGE-SEED ANALYSIS
[2026-05-02T03:17:43Z] [INFO] 📂 Image seed analysis bootstrapping from 5 images...
[2026-05-02T03:17:43Z] [SECTION] ============================================================
[2026-05-02T03:17:43Z] [INFO] 📤 PHASE: PUSH COMPONENTS TO TOLARIA
[2026-05-02T03:17:44Z] [INFO] 📦 Components pushed to Tolaria: 5
[2026-05-02T03:17:44Z] [SECTION] ============================================================
[2026-05-02T03:17:44Z] [INFO] 🧩 PHASE: COMPOSER - DOMAIN INTEGRATION SYNTHESIS
[2026-05-02T03:17:55Z] [INFO] 🎨 Domain integrations synthesized: 0
[2026-05-02T03:17:55Z] [SECTION] ============================================================
[2026-05-02T03:17:55Z] [INFO] 🚀 PHASE: ADVANCED OVERNIGHT LOOP
[2026-05-02T03:18:35Z] [INFO] 🔬 Advanced loop completed cycles: 0
[2026-05-02T03:18:35Z] [WARNING] ⚠️  Git commit skipped or failed (git not initialized?): Command '['git', '-C', '/home/avalonas/.hermes/gematria/unified_overnight_research', 'add', '.']' returned non-zero exit status 128.
[2026-05-02T03:18:35Z] [INFO] 
📊 CYCLE #67 SUMMARY
[2026-05-02T03:18:35Z] [INFO] ✅ Successful tasks: 7/7
[2026-05-02T03:18:35Z] [INFO] ⏱️  Cycle duration: 52.38s
[2026-05-02T03:18:35Z] [INFO]    ⚠️ task: result
[2026-05-02T03:18:35Z] [INFO]    ⚠️ task: result
[2026-05-02T03:18:35Z] [INFO]    ⚠️ task: result
[2026-05-02T03:18:35Z] [INFO]    ⚠️ task: result
[2026-05-02T03:18:35Z] [INFO]    ⚠️ task: result
[2026-05-02T03:18:35Z] [INFO]    ⚠️ task: result
[2026-05-02T03:18:35Z] [INFO]    ⚠️ task: result
[2026-05-02T03:18:35Z] [HEADER] ================================================================================
[2026-05-02T03:18:35Z] [INFO] 🔄 OVERNIGHT RESEARCH PIPELINE - CYCLE #68
[2026-05-02T03:18:35Z] [INFO] ================================================================================
[2026-05-02T03:18:35Z] [HEADER] ============================================================
[2026-05-02T03:18:35Z] [INFO] 🌙 STARTING OVERNIGHT RESEARCH CYCLE #68
[2026-05-02T03:18:35Z] [INFO] 🔍 Running overnight research protocol (web scraping + cross-symbol analysis)...
[2026-05-02T03:18:35Z] [INFO] 📊 Cycle duration: 0.11s, Files generated: 0
[2026-05-02T03:18:35Z] [WARNING] ⚠️ Database not initialized for cycle counting
[2026-05-02T03:18:35Z] [INFO] 💾 Database updated with cycle results
[2026-05-02T03:18:35Z] [SECTION] ============================================================
[2026-05-02T03:18:35Z] [INFO] 🔮 PHASE: HIDDEN LAYERING DETECTION
[2026-05-02T03:18:35Z] [INFO] 🔗 Hidden layering detection complete. Connections identified: 2
[2026-05-02T03:18:35Z] [SECTION] ============================================================
[2026-05-02T03:18:35Z] [INFO] 🔬 PHASE: DOMAIN CORRELATION ANALYSIS
[2026-05-02T03:18:35Z] [INFO] 📊 Domain correlation matrices created: 1
[2026-05-02T03:18:35Z] [SECTION] ============================================================
[2026-05-02T03:18:35Z] [INFO] 🖼️  PHASE: IMAGE-SEED ANALYSIS
[2026-05-02T03:18:35Z] [INFO] 📂 Image seed analysis bootstrapping from 5 images...
[2026-05-02T03:18:35Z] [SECTION] ============================================================
[2026-05-02T03:18:35Z] [INFO] 📤 PHASE: PUSH COMPONENTS TO TOLARIA
[2026-05-02T03:18:36Z] [INFO] 📦 Components pushed to Tolaria: 5
[2026-05-02T03:18:36Z] [SECTION] ============================================================
[2026-05-02T03:18:36Z] [INFO] 🧩 PHASE: COMPOSER - DOMAIN INTEGRATION SYNTHESIS
[2026-05-02T03:18:54Z] [INFO] 🎨 Domain integrations synthesized: 0
[2026-05-02T03:18:54Z] [SECTION] ============================================================
[2026-05-02T03:18:54Z] [INFO] 🚀 PHASE: ADVANCED OVERNIGHT LOOP
[2026-05-02T03:19:44Z] [INFO] 🔬 Advanced loop completed cycles: 0
[2026-05-02T03:19:44Z] [WARNING] ⚠️  Git commit skipped or failed (git not initialized?): Command '['git', '-C', '/home/avalonas/.hermes/gematria/unified_overnight_research', 'add', '.']' returned non-zero exit status 128.
[2026-05-02T03:19:44Z] [INFO] 
📊 CYCLE #68 SUMMARY
[2026-05-02T03:19:44Z] [INFO] ✅ Successful tasks: 7/7
[2026-05-02T03:19:44Z] [INFO] ⏱️  Cycle duration: 69.17s
[2026-05-02T03:19:44Z] [INFO]    ⚠️ task: result
[2026-05-02T03:19:44Z] [INFO]    ⚠️ task: result
[2026-05-02T03:19:44Z] [INFO]    ⚠️ task: result
[2026-05-02T03:19:44Z] [INFO]    ⚠️ task: result
[2026-05-02T03:19:44Z] [INFO]    ⚠️ task: result
[2026-05-02T03:19:44Z] [INFO]    ⚠️ task: result
[2026-05-02T03:19:44Z] [INFO]    ⚠️ task: result
[2026-05-02T03:19:44Z] [HEADER] ================================================================================
[2026-05-02T03:19:44Z] [INFO] 🔄 OVERNIGHT RESEARCH PIPELINE - CYCLE #69
[2026-05-02T03:19:44Z] [INFO] ================================================================================
[2026-05-02T03:19:44Z] [HEADER] ============================================================
[2026-05-02T03:19:44Z] [INFO] 🌙 STARTING OVERNIGHT RESEARCH CYCLE #69
[2026-05-02T03:19:44Z] [INFO] 🔍 Running overnight research protocol (web scraping + cross-symbol analysis)...
[2026-05-02T03:19:44Z] [INFO] 📊 Cycle duration: 0.10s, Files generated: 0
[2026-05-02T03:19:44Z] [WARNING] ⚠️ Database not initialized for cycle counting
[2026-05-02T03:19:44Z] [INFO] 💾 Database updated with cycle results
[2026-05-02T03:19:44Z] [SECTION] ============================================================
[2026-05-02T03:19:44Z] [INFO] 🔮 PHASE: HIDDEN LAYERING DETECTION
[2026-05-02T03:19:44Z] [INFO] 🔗 Hidden layering detection complete. Connections identified: 2
[2026-05-02T03:19:44Z] [SECTION] ============================================================
[2026-05-02T03:19:44Z] [INFO] 🔬 PHASE: DOMAIN CORRELATION ANALYSIS
[2026-05-02T03:19:44Z] [INFO] 📊 Domain correlation matrices created: 1
[2026-05-02T03:19:44Z] [SECTION] ============================================================
[2026-05-02T03:19:44Z] [INFO] 🖼️  PHASE: IMAGE-SEED ANALYSIS
[2026-05-02T03:19:44Z] [INFO] 📂 Image seed analysis bootstrapping from 5 images...
[2026-05-02T03:19:45Z] [SECTION] ============================================================
[2026-05-02T03:19:45Z] [INFO] 📤 PHASE: PUSH COMPONENTS TO TOLARIA
[2026-05-02T03:19:45Z] [INFO] 📦 Components pushed to Tolaria: 5
[2026-05-02T03:19:45Z] [SECTION] ============================================================
[2026-05-02T03:19:45Z] [INFO] 🧩 PHASE: COMPOSER - DOMAIN INTEGRATION SYNTHESIS
[2026-05-02T03:20:02Z] [INFO] 🎨 Domain integrations synthesized: 0
[2026-05-02T03:20:02Z] [SECTION] ============================================================
[2026-05-02T03:20:02Z] [INFO] 🚀 PHASE: ADVANCED OVERNIGHT LOOP
[2026-05-02T03:20:45Z] [INFO] 🔬 Advanced loop completed cycles: 0
[2026-05-02T03:20:45Z] [WARNING] ⚠️  Git commit skipped or failed (git not initialized?): Command '['git', '-C', '/home/avalonas/.hermes/gematria/unified_overnight_research', 'add', '.']' returned non-zero exit status 128.
[2026-05-02T03:20:45Z] [INFO] 
📊 CYCLE #69 SUMMARY
[2026-05-02T03:20:45Z] [INFO] ✅ Successful tasks: 7/7
[2026-05-02T03:20:45Z] [INFO] ⏱️  Cycle duration: 60.67s
[2026-05-02T03:20:45Z] [INFO]    ⚠️ task: result
[2026-05-02T03:20:45Z] [INFO]    ⚠️ task: result
[2026-05-02T03:20:45Z] [INFO]    ⚠️ task: result
[2026-05-02T03:20:45Z] [INFO]    ⚠️ task: result
[2026-05-02T03:20:45Z] [INFO]    ⚠️ task: result
[2026-05-02T03:20:45Z] [INFO]    ⚠️ task: result
[2026-05-02T03:20:45Z] [INFO]    ⚠️ task: result
[2026-05-02T03:20:45Z] [HEADER] ================================================================================
[2026-05-02T03:20:45Z] [INFO] 🔄 OVERNIGHT RESEARCH PIPELINE - CYCLE #70
[2026-05-02T03:20:45Z] [INFO] ================================================================================
[2026-05-02T03:20:45Z] [HEADER] ============================================================
[2026-05-02T03:20:45Z] [INFO] 🌙 STARTING OVERNIGHT RESEARCH CYCLE #70
[2026-05-02T03:20:45Z] [INFO] 🔍 Running overnight research protocol (web scraping + cross-symbol analysis)...
[2026-05-02T03:20:45Z] [INFO] 📊 Cycle duration: 0.11s, Files generated: 0
[2026-05-02T03:20:45Z] [WARNING] ⚠️ Database not initialized for cycle counting
[2026-05-02T03:20:45Z] [INFO] 💾 Database updated with cycle results
[2026-05-02T03:20:45Z] [SECTION] ============================================================
[2026-05-02T03:20:45Z] [INFO] 🔮 PHASE: HIDDEN LAYERING DETECTION
[2026-05-02T03:20:45Z] [INFO] 🔗 Hidden layering detection complete. Connections identified: 2
[2026-05-02T03:20:45Z] [SECTION] ============================================================
[2026-05-02T03:20:45Z] [INFO] 🔬 PHASE: DOMAIN CORRELATION ANALYSIS
[2026-05-02T03:20:45Z] [INFO] 📊 Domain correlation matrices created: 1
[2026-05-02T03:20:45Z] [SECTION] ============================================================
[2026-05-02T03:20:45Z] [INFO] 🖼️  PHASE: IMAGE-SEED ANALYSIS
[2026-05-02T03:20:45Z] [INFO] 📂 Image seed analysis bootstrapping from 5 images...
[2026-05-02T03:20:45Z] [SECTION] ============================================================
[2026-05-02T03:20:45Z] [INFO] 📤 PHASE: PUSH COMPONENTS TO TOLARIA
[2026-05-02T03:20:46Z] [INFO] 📦 Components pushed to Tolaria: 5
[2026-05-02T03:20:46Z] [SECTION] ============================================================
[2026-05-02T03:20:46Z] [INFO] 🧩 PHASE: COMPOSER - DOMAIN INTEGRATION SYNTHESIS
[2026-05-02T03:20:59Z] [INFO] 🎨 Domain integrations synthesized: 0
[2026-05-02T03:20:59Z] [SECTION] ============================================================
[2026-05-02T03:20:59Z] [INFO] 🚀 PHASE: ADVANCED OVERNIGHT LOOP
[2026-05-02T03:21:43Z] [INFO] 🔬 Advanced loop completed cycles: 0
[2026-05-02T03:21:43Z] [WARNING] ⚠️  Git commit skipped or failed (git not initialized?): Command '['git', '-C', '/home/avalonas/.hermes/gematria/unified_overnight_research', 'add', '.']' returned non-zero exit status 128.
[2026-05-02T03:21:43Z] [INFO] 
📊 CYCLE #70 SUMMARY
[2026-05-02T03:21:43Z] [INFO] ✅ Successful tasks: 7/7
[2026-05-02T03:21:43Z] [INFO] ⏱️  Cycle duration: 58.06s
[2026-05-02T03:21:43Z] [INFO]    ⚠️ task: result
[2026-05-02T03:21:43Z] [INFO]    ⚠️ task: result
[2026-05-02T03:21:43Z] [INFO]    ⚠️ task: result
[2026-05-02T03:21:43Z] [INFO]    ⚠️ task: result
[2026-05-02T03:21:43Z] [INFO]    ⚠️ task: result
[2026-05-02T03:21:43Z] [INFO]    ⚠️ task: result
[2026-05-02T03:21:43Z] [INFO]    ⚠️ task: result
[2026-05-02T03:21:43Z] [HEADER] ================================================================================
[2026-05-02T03:21:43Z] [INFO] 🔄 OVERNIGHT RESEARCH PIPELINE - CYCLE #71
[2026-05-02T03:21:43Z] [INFO] ================================================================================
[2026-05-02T03:21:43Z] [HEADER] ============================================================
[2026-05-02T03:21:43Z] [INFO] 🌙 STARTING OVERNIGHT RESEARCH CYCLE #71
[2026-05-02T03:21:43Z] [INFO] 🔍 Running overnight research protocol (web scraping + cross-symbol analysis)...
[2026-05-02T03:21:43Z] [INFO] 📊 Cycle duration: 0.10s, Files generated: 0
[2026-05-02T03:21:43Z] [WARNING] ⚠️ Database not initialized for cycle counting
[2026-05-02T03:21:43Z] [INFO] 💾 Database updated with cycle results
[2026-05-02T03:21:43Z] [SECTION] ============================================================
[2026-05-02T03:21:43Z] [INFO] 🔮 PHASE: HIDDEN LAYERING DETECTION
[2026-05-02T03:21:43Z] [INFO] 🔗 Hidden layering detection complete. Connections identified: 2
[2026-05-02T03:21:43Z] [SECTION] ============================================================
[2026-05-02T03:21:43Z] [INFO] 🔬 PHASE: DOMAIN CORRELATION ANALYSIS
[2026-05-02T03:21:43Z] [INFO] 📊 Domain correlation matrices created: 1
[2026-05-02T03:21:43Z] [SECTION] ============================================================
[2026-05-02T03:21:43Z] [INFO] 🖼️  PHASE: IMAGE-SEED ANALYSIS
[2026-05-02T03:21:43Z] [INFO] 📂 Image seed analysis bootstrapping from 5 images...
[2026-05-02T03:21:43Z] [SECTION] ============================================================
[2026-05-02T03:21:43Z] [INFO] 📤 PHASE: PUSH COMPONENTS TO TOLARIA
[2026-05-02T03:21:44Z] [INFO] 📦 Components pushed to Tolaria: 5
[2026-05-02T03:21:44Z] [SECTION] ============================================================
[2026-05-02T03:21:44Z] [INFO] 🧩 PHASE: COMPOSER - DOMAIN INTEGRATION SYNTHESIS
[2026-05-02T03:21:55Z] [INFO] 🎨 Domain integrations synthesized: 0
[2026-05-02T03:21:55Z] [SECTION] ============================================================
[2026-05-02T03:21:55Z] [INFO] 🚀 PHASE: ADVANCED OVERNIGHT LOOP
[2026-05-02T03:22:39Z] [INFO] 🔬 Advanced loop completed cycles: 0
[2026-05-02T03:22:40Z] [WARNING] ⚠️  Git commit skipped or failed (git not initialized?): Command '['git', '-C', '/home/avalonas/.hermes/gematria/unified_overnight_research', 'add', '.']' returned non-zero exit status 128.
[2026-05-02T03:22:40Z] [INFO] 
📊 CYCLE #71 SUMMARY
[2026-05-02T03:22:40Z] [INFO] ✅ Successful tasks: 7/7
[2026-05-02T03:22:40Z] [INFO] ⏱️  Cycle duration: 56.53s
[2026-05-02T03:22:40Z] [INFO]    ⚠️ task: result
[2026-05-02T03:22:40Z] [INFO]    ⚠️ task: result
[2026-05-02T03:22:40Z] [INFO]    ⚠️ task: result
[2026-05-02T03:22:40Z] [INFO]    ⚠️ task: result
[2026-05-02T03:22:40Z] [INFO]    ⚠️ task: result
[2026-05-02T03:22:40Z] [INFO]    ⚠️ task: result
[2026-05-02T03:22:40Z] [INFO]    ⚠️ task: result
[2026-05-02T03:22:40Z] [HEADER] ================================================================================
[2026-05-02T03:22:40Z] [INFO] 🔄 OVERNIGHT RESEARCH PIPELINE - CYCLE #72
[2026-05-02T03:22:40Z] [INFO] ================================================================================
[2026-05-02T03:22:40Z] [HEADER] ============================================================
[2026-05-02T03:22:40Z] [INFO] 🌙 STARTING OVERNIGHT RESEARCH CYCLE #72
[2026-05-02T03:22:40Z] [INFO] 🔍 Running overnight research protocol (web scraping + cross-symbol analysis)...
[2026-05-02T03:22:40Z] [INFO] 📊 Cycle duration: 0.10s, Files generated: 0
[2026-05-02T03:22:40Z] [WARNING] ⚠️ Database not initialized for cycle counting
[2026-05-02T03:22:40Z] [INFO] 💾 Database updated with cycle results
[2026-05-02T03:22:40Z] [SECTION] ============================================================
[2026-05-02T03:22:40Z] [INFO] 🔮 PHASE: HIDDEN LAYERING DETECTION
[2026-05-02T03:22:40Z] [INFO] 🔗 Hidden layering detection complete. Connections identified: 2
[2026-05-02T03:22:40Z] [SECTION] ============================================================
[2026-05-02T03:22:40Z] [INFO] 🔬 PHASE: DOMAIN CORRELATION ANALYSIS
[2026-05-02T03:22:40Z] [INFO] 📊 Domain correlation matrices created: 1
[2026-05-02T03:22:40Z] [SECTION] ============================================================
[2026-05-02T03:22:40Z] [INFO] 🖼️  PHASE: IMAGE-SEED ANALYSIS
[2026-05-02T03:22:40Z] [INFO] 📂 Image seed analysis bootstrapping from 5 images...
[2026-05-02T03:22:40Z] [SECTION] ============================================================
[2026-05-02T03:22:40Z] [INFO] 📤 PHASE: PUSH COMPONENTS TO TOLARIA
[2026-05-02T03:22:41Z] [INFO] 📦 Components pushed to Tolaria: 5
[2026-05-02T03:22:41Z] [SECTION] ============================================================
[2026-05-02T03:22:41Z] [INFO] 🧩 PHASE: COMPOSER - DOMAIN INTEGRATION SYNTHESIS
[2026-05-02T03:22:52Z] [INFO] 🎨 Domain integrations synthesized: 0
[2026-05-02T03:22:52Z] [SECTION] ============================================================
[2026-05-02T03:22:52Z] [INFO] 🚀 PHASE: ADVANCED OVERNIGHT LOOP
[2026-05-02T03:23:33Z] [INFO] 🔬 Advanced loop completed cycles: 0
[2026-05-02T03:23:33Z] [WARNING] ⚠️  Git commit skipped or failed (git not initialized?): Command '['git', '-C', '/home/avalonas/.hermes/gematria/unified_overnight_research', 'add', '.']' returned non-zero exit status 128.
[2026-05-02T03:23:33Z] [INFO] 
📊 CYCLE #72 SUMMARY
[2026-05-02T03:23:33Z] [INFO] ✅ Successful tasks: 7/7
[2026-05-02T03:23:33Z] [INFO] ⏱️  Cycle duration: 53.37s
[2026-05-02T03:23:33Z] [INFO]    ⚠️ task: result
[2026-05-02T03:23:33Z] [INFO]    ⚠️ task: result
[2026-05-02T03:23:33Z] [INFO]    ⚠️ task: result
[2026-05-02T03:23:33Z] [INFO]    ⚠️ task: result
[2026-05-02T03:23:33Z] [INFO]    ⚠️ task: result
[2026-05-02T03:23:33Z] [INFO]    ⚠️ task: result
[2026-05-02T03:23:33Z] [INFO]    ⚠️ task: result
[2026-05-02T03:23:33Z] [HEADER] ================================================================================
[2026-05-02T03:23:33Z] [INFO] 🔄 OVERNIGHT RESEARCH PIPELINE - CYCLE #73
[2026-05-02T03:23:33Z] [INFO] ================================================================================
[2026-05-02T03:23:33Z] [HEADER] ============================================================
[2026-05-02T03:23:33Z] [INFO] 🌙 STARTING OVERNIGHT RESEARCH CYCLE #73
[2026-05-02T03:23:33Z] [INFO] 🔍 Running overnight research protocol (web scraping + cross-symbol analysis)...
[2026-05-02T03:23:33Z] [INFO] 📊 Cycle duration: 0.11s, Files generated: 0
[2026-05-02T03:23:33Z] [WARNING] ⚠️ Database not initialized for cycle counting
[2026-05-02T03:23:33Z] [INFO] 💾 Database updated with cycle results
[2026-05-02T03:23:33Z] [SECTION] ============================================================
[2026-05-02T03:23:33Z] [INFO] 🔮 PHASE: HIDDEN LAYERING DETECTION
[2026-05-02T03:23:33Z] [INFO] 🔗 Hidden layering detection complete. Connections identified: 2
[2026-05-02T03:23:33Z] [SECTION] ============================================================
[2026-05-02T03:23:33Z] [INFO] 🔬 PHASE: DOMAIN CORRELATION ANALYSIS
[2026-05-02T03:23:33Z] [INFO] 📊 Domain correlation matrices created: 1
[2026-05-02T03:23:33Z] [SECTION] ============================================================
[2026-05-02T03:23:33Z] [INFO] 🖼️  PHASE: IMAGE-SEED ANALYSIS
[2026-05-02T03:23:33Z] [INFO] 📂 Image seed analysis bootstrapping from 5 images...
[2026-05-02T03:23:33Z] [SECTION] ============================================================
[2026-05-02T03:23:33Z] [INFO] 📤 PHASE: PUSH COMPONENTS TO TOLARIA
[2026-05-02T03:23:34Z] [INFO] 📦 Components pushed to Tolaria: 5
[2026-05-02T03:23:34Z] [SECTION] ============================================================
[2026-05-02T03:23:34Z] [INFO] 🧩 PHASE: COMPOSER - DOMAIN INTEGRATION SYNTHESIS
[2026-05-02T03:23:49Z] [INFO] 🎨 Domain integrations synthesized: 0
[2026-05-02T03:23:49Z] [SECTION] ============================================================
[2026-05-02T03:23:49Z] [INFO] 🚀 PHASE: ADVANCED OVERNIGHT LOOP
[2026-05-02T03:24:30Z] [INFO] 🔬 Advanced loop completed cycles: 0
[2026-05-02T03:24:30Z] [WARNING] ⚠️  Git commit skipped or failed (git not initialized?): Command '['git', '-C', '/home/avalonas/.hermes/gematria/unified_overnight_research', 'add', '.']' returned non-zero exit status 128.
[2026-05-02T03:24:30Z] [INFO] 
📊 CYCLE #73 SUMMARY
[2026-05-02T03:24:30Z] [INFO] ✅ Successful tasks: 7/7
[2026-05-02T03:24:30Z] [INFO] ⏱️  Cycle duration: 56.83s
[2026-05-02T03:24:30Z] [INFO]    ⚠️ task: result
[2026-05-02T03:24:30Z] [INFO]    ⚠️ task: result
[2026-05-02T03:24:30Z] [INFO]    ⚠️ task: result
[2026-05-02T03:24:30Z] [INFO]    ⚠️ task: result
[2026-05-02T03:24:30Z] [INFO]    ⚠️ task: result
[2026-05-02T03:24:30Z] [INFO]    ⚠️ task: result
[2026-05-02T03:24:30Z] [INFO]    ⚠️ task: result
[2026-05-02T03:24:30Z] [HEADER] ================================================================================
[2026-05-02T03:24:30Z] [INFO] 🔄 OVERNIGHT RESEARCH PIPELINE - CYCLE #74
[2026-05-02T03:24:30Z] [INFO] ================================================================================
[2026-05-02T03:24:30Z] [HEADER] ============================================================
[2026-05-02T03:24:30Z] [INFO] 🌙 STARTING OVERNIGHT RESEARCH CYCLE #74
[2026-05-02T03:24:30Z] [INFO] 🔍 Running overnight research protocol (web scraping + cross-symbol analysis)...
[2026-05-02T03:24:30Z] [INFO] 📊 Cycle duration: 0.11s, Files generated: 0
[2026-05-02T03:24:30Z] [WARNING] ⚠️ Database not initialized for cycle counting
[2026-05-02T03:24:30Z] [INFO] 💾 Database updated with cycle results
[2026-05-02T03:24:30Z] [SECTION] ============================================================
[2026-05-02T03:24:30Z] [INFO] 🔮 PHASE: HIDDEN LAYERING DETECTION
[2026-05-02T03:24:30Z] [INFO] 🔗 Hidden layering detection complete. Connections identified: 2
[2026-05-02T03:24:30Z] [SECTION] ============================================================
[2026-05-02T03:24:30Z] [INFO] 🔬 PHASE: DOMAIN CORRELATION ANALYSIS
[2026-05-02T03:24:30Z] [INFO] 📊 Domain correlation matrices created: 1
[2026-05-02T03:24:30Z] [SECTION] ============================================================
[2026-05-02T03:24:30Z] [INFO] 🖼️  PHASE: IMAGE-SEED ANALYSIS
[2026-05-02T03:24:30Z] [INFO] 📂 Image seed analysis bootstrapping from 5 images...
[2026-05-02T03:24:30Z] [SECTION] ============================================================
[2026-05-02T03:24:30Z] [INFO] 📤 PHASE: PUSH COMPONENTS TO TOLARIA
[2026-05-02T03:24:31Z] [INFO] 📦 Components pushed to Tolaria: 5
[2026-05-02T03:24:31Z] [SECTION] ============================================================
[2026-05-02T03:24:31Z] [INFO] 🧩 PHASE: COMPOSER - DOMAIN INTEGRATION SYNTHESIS
[2026-05-02T03:24:46Z] [INFO] 🎨 Domain integrations synthesized: 0
[2026-05-02T03:24:46Z] [SECTION] ============================================================
[2026-05-02T03:24:46Z] [INFO] 🚀 PHASE: ADVANCED OVERNIGHT LOOP
[2026-05-02T03:25:32Z] [INFO] 🔬 Advanced loop completed cycles: 0
[2026-05-02T03:25:32Z] [WARNING] ⚠️  Git commit skipped or failed (git not initialized?): Command '['git', '-C', '/home/avalonas/.hermes/gematria/unified_overnight_research', 'add', '.']' returned non-zero exit status 128.
[2026-05-02T03:25:32Z] [INFO] 
📊 CYCLE #74 SUMMARY
[2026-05-02T03:25:32Z] [INFO] ✅ Successful tasks: 7/7
[2026-05-02T03:25:32Z] [INFO] ⏱️  Cycle duration: 62.08s
[2026-05-02T03:25:32Z] [INFO]    ⚠️ task: result
[2026-05-02T03:25:32Z] [INFO]    ⚠️ task: result
[2026-05-02T03:25:32Z] [INFO]    ⚠️ task: result
[2026-05-02T03:25:32Z] [INFO]    ⚠️ task: result
[2026-05-02T03:25:32Z] [INFO]    ⚠️ task: result
[2026-05-02T03:25:32Z] [INFO]    ⚠️ task: result
[2026-05-02T03:25:32Z] [INFO]    ⚠️ task: result
[2026-05-02T03:25:32Z] [HEADER] ================================================================================
[2026-05-02T03:25:32Z] [INFO] 🔄 OVERNIGHT RESEARCH PIPELINE - CYCLE #75
[2026-05-02T03:25:32Z] [INFO] ================================================================================
[2026-05-02T03:25:32Z] [HEADER] ============================================================
[2026-05-02T03:25:32Z] [INFO] 🌙 STARTING OVERNIGHT RESEARCH CYCLE #75
[2026-05-02T03:25:32Z] [INFO] 🔍 Running overnight research protocol (web scraping + cross-symbol analysis)...
[2026-05-02T03:25:32Z] [INFO] 📊 Cycle duration: 0.10s, Files generated: 0
[2026-05-02T03:25:32Z] [WARNING] ⚠️ Database not initialized for cycle counting
[2026-05-02T03:25:32Z] [INFO] 💾 Database updated with cycle results
[2026-05-02T03:25:32Z] [SECTION] ============================================================
[2026-05-02T03:25:32Z] [INFO] 🔮 PHASE: HIDDEN LAYERING DETECTION
[2026-05-02T03:25:32Z] [INFO] 🔗 Hidden layering detection complete. Connections identified: 2
[2026-05-02T03:25:32Z] [SECTION] ============================================================
[2026-05-02T03:25:32Z] [INFO] 🔬 PHASE: DOMAIN CORRELATION ANALYSIS
[2026-05-02T03:25:32Z] [INFO] 📊 Domain correlation matrices created: 1
[2026-05-02T03:25:32Z] [SECTION] ============================================================
[2026-05-02T03:25:32Z] [INFO] 🖼️  PHASE: IMAGE-SEED ANALYSIS
[2026-05-02T03:25:32Z] [INFO] 📂 Image seed analysis bootstrapping from 5 images...
[2026-05-02T03:25:32Z] [SECTION] ============================================================
[2026-05-02T03:25:32Z] [INFO] 📤 PHASE: PUSH COMPONENTS TO TOLARIA
[2026-05-02T03:25:33Z] [INFO] 📦 Components pushed to Tolaria: 5
[2026-05-02T03:25:33Z] [SECTION] ============================================================
[2026-05-02T03:25:33Z] [INFO] 🧩 PHASE: COMPOSER - DOMAIN INTEGRATION SYNTHESIS
[2026-05-02T03:25:46Z] [INFO] 🎨 Domain integrations synthesized: 0
[2026-05-02T03:25:46Z] [SECTION] ============================================================
[2026-05-02T03:25:46Z] [INFO] 🚀 PHASE: ADVANCED OVERNIGHT LOOP
[2026-05-02T03:26:29Z] [INFO] 🔬 Advanced loop completed cycles: 0
[2026-05-02T03:26:29Z] [WARNING] ⚠️  Git commit skipped or failed (git not initialized?): Command '['git', '-C', '/home/avalonas/.hermes/gematria/unified_overnight_research', 'add', '.']' returned non-zero exit status 128.
[2026-05-02T03:26:29Z] [INFO] 
📊 CYCLE #75 SUMMARY
[2026-05-02T03:26:29Z] [INFO] ✅ Successful tasks: 7/7
[2026-05-02T03:26:29Z] [INFO] ⏱️  Cycle duration: 57.38s
[2026-05-02T03:26:29Z] [INFO]    ⚠️ task: result
[2026-05-02T03:26:29Z] [INFO]    ⚠️ task: result
[2026-05-02T03:26:29Z] [INFO]    ⚠️ task: result
[2026-05-02T03:26:29Z] [INFO]    ⚠️ task: result
[2026-05-02T03:26:29Z] [INFO]    ⚠️ task: result
[2026-05-02T03:26:29Z] [INFO]    ⚠️ task: result
[2026-05-02T03:26:29Z] [INFO]    ⚠️ task: result
[2026-05-02T03:26:29Z] [HEADER] ================================================================================
[2026-05-02T03:26:29Z] [INFO] 🔄 OVERNIGHT RESEARCH PIPELINE - CYCLE #76
[2026-05-02T03:26:29Z] [INFO] ================================================================================
[2026-05-02T03:26:29Z] [HEADER] ============================================================
[2026-05-02T03:26:29Z] [INFO] 🌙 STARTING OVERNIGHT RESEARCH CYCLE #76
[2026-05-02T03:26:29Z] [INFO] 🔍 Running overnight research protocol (web scraping + cross-symbol analysis)...
[2026-05-02T03:26:29Z] [INFO] 📊 Cycle duration: 0.14s, Files generated: 0
[2026-05-02T03:26:29Z] [WARNING] ⚠️ Database not initialized for cycle counting
[2026-05-02T03:26:29Z] [INFO] 💾 Database updated with cycle results
[2026-05-02T03:26:29Z] [SECTION] ============================================================
[2026-05-02T03:26:29Z] [INFO] 🔮 PHASE: HIDDEN LAYERING DETECTION
[2026-05-02T03:26:29Z] [INFO] 🔗 Hidden layering detection complete. Connections identified: 2
[2026-05-02T03:26:29Z] [SECTION] ============================================================
[2026-05-02T03:26:29Z] [INFO] 🔬 PHASE: DOMAIN CORRELATION ANALYSIS
[2026-05-02T03:26:29Z] [INFO] 📊 Domain correlation matrices created: 1
[2026-05-02T03:26:29Z] [SECTION] ============================================================
[2026-05-02T03:26:29Z] [INFO] 🖼️  PHASE: IMAGE-SEED ANALYSIS
[2026-05-02T03:26:29Z] [INFO] 📂 Image seed analysis bootstrapping from 5 images...
[2026-05-02T03:26:29Z] [SECTION] ============================================================
[2026-05-02T03:26:29Z] [INFO] 📤 PHASE: PUSH COMPONENTS TO TOLARIA
[2026-05-02T03:26:31Z] [INFO] 📦 Components pushed to Tolaria: 5
[2026-05-02T03:26:31Z] [SECTION] ============================================================
[2026-05-02T03:26:31Z] [INFO] 🧩 PHASE: COMPOSER - DOMAIN INTEGRATION SYNTHESIS
[2026-05-02T03:26:42Z] [INFO] 🎨 Domain integrations synthesized: 0
[2026-05-02T03:26:42Z] [SECTION] ============================================================
[2026-05-02T03:26:42Z] [INFO] 🚀 PHASE: ADVANCED OVERNIGHT LOOP
[2026-05-02T03:27:23Z] [INFO] 🔬 Advanced loop completed cycles: 0
[2026-05-02T03:27:23Z] [WARNING] ⚠️  Git commit skipped or failed (git not initialized?): Command '['git', '-C', '/home/avalonas/.hermes/gematria/unified_overnight_research', 'add', '.']' returned non-zero exit status 128.
[2026-05-02T03:27:23Z] [INFO] 
📊 CYCLE #76 SUMMARY
[2026-05-02T03:27:23Z] [INFO] ✅ Successful tasks: 7/7
[2026-05-02T03:27:23Z] [INFO] ⏱️  Cycle duration: 53.31s
[2026-05-02T03:27:23Z] [INFO]    ⚠️ task: result
[2026-05-02T03:27:23Z] [INFO]    ⚠️ task: result
[2026-05-02T03:27:23Z] [INFO]    ⚠️ task: result
[2026-05-02T03:27:23Z] [INFO]    ⚠️ task: result
[2026-05-02T03:27:23Z] [INFO]    ⚠️ task: result
[2026-05-02T03:27:23Z] [INFO]    ⚠️ task: result
[2026-05-02T03:27:23Z] [INFO]    ⚠️ task: result
[2026-05-02T03:27:23Z] [HEADER] ================================================================================
[2026-05-02T03:27:23Z] [INFO] 🔄 OVERNIGHT RESEARCH PIPELINE - CYCLE #77
[2026-05-02T03:27:23Z] [INFO] ================================================================================
[2026-05-02T03:27:23Z] [HEADER] ============================================================
[2026-05-02T03:27:23Z] [INFO] 🌙 STARTING OVERNIGHT RESEARCH CYCLE #77
[2026-05-02T03:27:23Z] [INFO] 🔍 Running overnight research protocol (web scraping + cross-symbol analysis)...
[2026-05-02T03:27:23Z] [INFO] 📊 Cycle duration: 0.11s, Files generated: 0
[2026-05-02T03:27:23Z] [WARNING] ⚠️ Database not initialized for cycle counting
[2026-05-02T03:27:23Z] [INFO] 💾 Database updated with cycle results
[2026-05-02T03:27:23Z] [SECTION] ============================================================
[2026-05-02T03:27:23Z] [INFO] 🔮 PHASE: HIDDEN LAYERING DETECTION
[2026-05-02T03:27:23Z] [INFO] 🔗 Hidden layering detection complete. Connections identified: 2
[2026-05-02T03:27:23Z] [SECTION] ============================================================
[2026-05-02T03:27:23Z] [INFO] 🔬 PHASE: DOMAIN CORRELATION ANALYSIS
[2026-05-02T03:27:23Z] [INFO] 📊 Domain correlation matrices created: 1
[2026-05-02T03:27:23Z] [SECTION] ============================================================
[2026-05-02T03:27:23Z] [INFO] 🖼️  PHASE: IMAGE-SEED ANALYSIS
[2026-05-02T03:27:23Z] [INFO] 📂 Image seed analysis bootstrapping from 5 images...
[2026-05-02T03:27:23Z] [SECTION] ============================================================
[2026-05-02T03:27:23Z] [INFO] 📤 PHASE: PUSH COMPONENTS TO TOLARIA
[2026-05-02T03:27:24Z] [INFO] 📦 Components pushed to Tolaria: 5
[2026-05-02T03:27:24Z] [SECTION] ============================================================
[2026-05-02T03:27:24Z] [INFO] 🧩 PHASE: COMPOSER - DOMAIN INTEGRATION SYNTHESIS
[2026-05-02T03:27:41Z] [INFO] 🎨 Domain integrations synthesized: 0
[2026-05-02T03:27:41Z] [SECTION] ============================================================
[2026-05-02T03:27:41Z] [INFO] 🚀 PHASE: ADVANCED OVERNIGHT LOOP
[2026-05-02T03:28:21Z] [INFO] 🔬 Advanced loop completed cycles: 0
[2026-05-02T03:28:21Z] [WARNING] ⚠️  Git commit skipped or failed (git not initialized?): Command '['git', '-C', '/home/avalonas/.hermes/gematria/unified_overnight_research', 'add', '.']' returned non-zero exit status 128.
[2026-05-02T03:28:21Z] [INFO] 
📊 CYCLE #77 SUMMARY
[2026-05-02T03:28:21Z] [INFO] ✅ Successful tasks: 7/7
[2026-05-02T03:28:21Z] [INFO] ⏱️  Cycle duration: 57.98s
[2026-05-02T03:28:21Z] [INFO]    ⚠️ task: result
[2026-05-02T03:28:21Z] [INFO]    ⚠️ task: result
[2026-05-02T03:28:21Z] [INFO]    ⚠️ task: result
[2026-05-02T03:28:21Z] [INFO]    ⚠️ task: result
[2026-05-02T03:28:21Z] [INFO]    ⚠️ task: result
[2026-05-02T03:28:21Z] [INFO]    ⚠️ task: result
[2026-05-02T03:28:21Z] [INFO]    ⚠️ task: result
[2026-05-02T03:28:21Z] [HEADER] ================================================================================
[2026-05-02T03:28:21Z] [INFO] 🔄 OVERNIGHT RESEARCH PIPELINE - CYCLE #78
[2026-05-02T03:28:21Z] [INFO] ================================================================================
[2026-05-02T03:28:21Z] [HEADER] ============================================================
[2026-05-02T03:28:21Z] [INFO] 🌙 STARTING OVERNIGHT RESEARCH CYCLE #78
[2026-05-02T03:28:21Z] [INFO] 🔍 Running overnight research protocol (web scraping + cross-symbol analysis)...
[2026-05-02T03:28:21Z] [INFO] 📊 Cycle duration: 0.15s, Files generated: 0
[2026-05-02T03:28:21Z] [WARNING] ⚠️ Database not initialized for cycle counting
[2026-05-02T03:28:21Z] [INFO] 💾 Database updated with cycle results
[2026-05-02T03:28:21Z] [SECTION] ============================================================
[2026-05-02T03:28:21Z] [INFO] 🔮 PHASE: HIDDEN LAYERING DETECTION
[2026-05-02T03:28:21Z] [INFO] 🔗 Hidden layering detection complete. Connections identified: 2
[2026-05-02T03:28:21Z] [SECTION] ============================================================
[2026-05-02T03:28:21Z] [INFO] 🔬 PHASE: DOMAIN CORRELATION ANALYSIS
[2026-05-02T03:28:21Z] [INFO] 📊 Domain correlation matrices created: 1
[2026-05-02T03:28:21Z] [SECTION] ============================================================
[2026-05-02T03:28:21Z] [INFO] 🖼️  PHASE: IMAGE-SEED ANALYSIS
[2026-05-02T03:28:21Z] [INFO] 📂 Image seed analysis bootstrapping from 5 images...
[2026-05-02T03:28:21Z] [SECTION] ============================================================
[2026-05-02T03:28:21Z] [INFO] 📤 PHASE: PUSH COMPONENTS TO TOLARIA
[2026-05-02T03:28:22Z] [INFO] 📦 Components pushed to Tolaria: 5
[2026-05-02T03:28:22Z] [SECTION] ============================================================
[2026-05-02T03:28:22Z] [INFO] 🧩 PHASE: COMPOSER - DOMAIN INTEGRATION SYNTHESIS
[2026-05-02T03:28:39Z] [INFO] 🎨 Domain integrations synthesized: 0
[2026-05-02T03:28:39Z] [SECTION] ============================================================
[2026-05-02T03:28:39Z] [INFO] 🚀 PHASE: ADVANCED OVERNIGHT LOOP
[2026-05-02T03:29:19Z] [INFO] 🔬 Advanced loop completed cycles: 0
[2026-05-02T03:29:19Z] [WARNING] ⚠️  Git commit skipped or failed (git not initialized?): Command '['git', '-C', '/home/avalonas/.hermes/gematria/unified_overnight_research', 'add', '.']' returned non-zero exit status 128.
[2026-05-02T03:29:19Z] [INFO] 
📊 CYCLE #78 SUMMARY
[2026-05-02T03:29:19Z] [INFO] ✅ Successful tasks: 7/7
[2026-05-02T03:29:19Z] [INFO] ⏱️  Cycle duration: 57.99s
[2026-05-02T03:29:19Z] [INFO]    ⚠️ task: result
[2026-05-02T03:29:19Z] [INFO]    ⚠️ task: result
[2026-05-02T03:29:19Z] [INFO]    ⚠️ task: result
[2026-05-02T03:29:19Z] [INFO]    ⚠️ task: result
[2026-05-02T03:29:19Z] [INFO]    ⚠️ task: result
[2026-05-02T03:29:19Z] [INFO]    ⚠️ task: result
[2026-05-02T03:29:19Z] [INFO]    ⚠️ task: result
[2026-05-02T03:29:19Z] [HEADER] ================================================================================
[2026-05-02T03:29:19Z] [INFO] 🔄 OVERNIGHT RESEARCH PIPELINE - CYCLE #79
[2026-05-02T03:29:19Z] [INFO] ================================================================================
[2026-05-02T03:29:19Z] [HEADER] ============================================================
[2026-05-02T03:29:19Z] [INFO] 🌙 STARTING OVERNIGHT RESEARCH CYCLE #79
[2026-05-02T03:29:19Z] [INFO] 🔍 Running overnight research protocol (web scraping + cross-symbol analysis)...
[2026-05-02T03:29:19Z] [INFO] 📊 Cycle duration: 0.11s, Files generated: 0
[2026-05-02T03:29:19Z] [WARNING] ⚠️ Database not initialized for cycle counting
[2026-05-02T03:29:19Z] [INFO] 💾 Database updated with cycle results
[2026-05-02T03:29:19Z] [SECTION] ============================================================
[2026-05-02T03:29:19Z] [INFO] 🔮 PHASE: HIDDEN LAYERING DETECTION
[2026-05-02T03:29:19Z] [INFO] 🔗 Hidden layering detection complete. Connections identified: 2
[2026-05-02T03:29:19Z] [SECTION] ============================================================
[2026-05-02T03:29:19Z] [INFO] 🔬 PHASE: DOMAIN CORRELATION ANALYSIS
[2026-05-02T03:29:19Z] [INFO] 📊 Domain correlation matrices created: 1
[2026-05-02T03:29:19Z] [SECTION] ============================================================
[2026-05-02T03:29:19Z] [INFO] 🖼️  PHASE: IMAGE-SEED ANALYSIS
[2026-05-02T03:29:19Z] [INFO] 📂 Image seed analysis bootstrapping from 5 images...
[2026-05-02T03:29:19Z] [SECTION] ============================================================
[2026-05-02T03:29:19Z] [INFO] 📤 PHASE: PUSH COMPONENTS TO TOLARIA
[2026-05-02T03:29:21Z] [INFO] 📦 Components pushed to Tolaria: 5
[2026-05-02T03:29:21Z] [SECTION] ============================================================
[2026-05-02T03:29:21Z] [INFO] 🧩 PHASE: COMPOSER - DOMAIN INTEGRATION SYNTHESIS
[2026-05-02T03:29:38Z] [INFO] 🎨 Domain integrations synthesized: 0
[2026-05-02T03:29:38Z] [SECTION] ============================================================
[2026-05-02T03:29:38Z] [INFO] 🚀 PHASE: ADVANCED OVERNIGHT LOOP
[2026-05-02T03:30:24Z] [INFO] 🔬 Advanced loop completed cycles: 0
[2026-05-02T03:30:24Z] [WARNING] ⚠️  Git commit skipped or failed (git not initialized?): Command '['git', '-C', '/home/avalonas/.hermes/gematria/unified_overnight_research', 'add', '.']' returned non-zero exit status 128.
[2026-05-02T03:30:24Z] [INFO] 
📊 CYCLE #79 SUMMARY
[2026-05-02T03:30:24Z] [INFO] ✅ Successful tasks: 7/7
[2026-05-02T03:30:24Z] [INFO] ⏱️  Cycle duration: 65.43s
[2026-05-02T03:30:24Z] [INFO]    ⚠️ task: result
[2026-05-02T03:30:24Z] [INFO]    ⚠️ task: result
[2026-05-02T03:30:24Z] [INFO]    ⚠️ task: result
[2026-05-02T03:30:24Z] [INFO]    ⚠️ task: result
[2026-05-02T03:30:24Z] [INFO]    ⚠️ task: result
[2026-05-02T03:30:24Z] [INFO]    ⚠️ task: result
[2026-05-02T03:30:24Z] [INFO]    ⚠️ task: result
[2026-05-02T03:30:24Z] [HEADER] ================================================================================
[2026-05-02T03:30:24Z] [INFO] 🔄 OVERNIGHT RESEARCH PIPELINE - CYCLE #80
[2026-05-02T03:30:24Z] [INFO] ================================================================================
[2026-05-02T03:30:24Z] [HEADER] ============================================================
[2026-05-02T03:30:24Z] [INFO] 🌙 STARTING OVERNIGHT RESEARCH CYCLE #80
[2026-05-02T03:30:24Z] [INFO] 🔍 Running overnight research protocol (web scraping + cross-symbol analysis)...
[2026-05-02T03:30:24Z] [INFO] 📊 Cycle duration: 0.10s, Files generated: 0
[2026-05-02T03:30:24Z] [WARNING] ⚠️ Database not initialized for cycle counting
[2026-05-02T03:30:24Z] [INFO] 💾 Database updated with cycle results
[2026-05-02T03:30:24Z] [SECTION] ============================================================
[2026-05-02T03:30:24Z] [INFO] 🔮 PHASE: HIDDEN LAYERING DETECTION
[2026-05-02T03:30:24Z] [INFO] 🔗 Hidden layering detection complete. Connections identified: 2
[2026-05-02T03:30:24Z] [SECTION] ============================================================
[2026-05-02T03:30:24Z] [INFO] 🔬 PHASE: DOMAIN CORRELATION ANALYSIS
[2026-05-02T03:30:24Z] [INFO] 📊 Domain correlation matrices created: 1
[2026-05-02T03:30:24Z] [SECTION] ============================================================
[2026-05-02T03:30:24Z] [INFO] 🖼️  PHASE: IMAGE-SEED ANALYSIS
[2026-05-02T03:30:24Z] [INFO] 📂 Image seed analysis bootstrapping from 5 images...
[2026-05-02T03:30:24Z] [SECTION] ============================================================
[2026-05-02T03:30:24Z] [INFO] 📤 PHASE: PUSH COMPONENTS TO TOLARIA
[2026-05-02T03:30:25Z] [INFO] 📦 Components pushed to Tolaria: 5
[2026-05-02T03:30:25Z] [SECTION] ============================================================
[2026-05-02T03:30:25Z] [INFO] 🧩 PHASE: COMPOSER - DOMAIN INTEGRATION SYNTHESIS
[2026-05-02T03:30:44Z] [INFO] 🎨 Domain integrations synthesized: 0
[2026-05-02T03:30:44Z] [SECTION] ============================================================
[2026-05-02T03:30:44Z] [INFO] 🚀 PHASE: ADVANCED OVERNIGHT LOOP
[2026-05-02T03:31:33Z] [INFO] 🔬 Advanced loop completed cycles: 0
[2026-05-02T03:31:33Z] [WARNING] ⚠️  Git commit skipped or failed (git not initialized?): Command '['git', '-C', '/home/avalonas/.hermes/gematria/unified_overnight_research', 'add', '.']' returned non-zero exit status 128.
[2026-05-02T03:31:33Z] [INFO] 
📊 CYCLE #80 SUMMARY
[2026-05-02T03:31:33Z] [INFO] ✅ Successful tasks: 7/7
[2026-05-02T03:31:33Z] [INFO] ⏱️  Cycle duration: 68.84s
[2026-05-02T03:31:33Z] [INFO]    ⚠️ task: result
[2026-05-02T03:31:33Z] [INFO]    ⚠️ task: result
[2026-05-02T03:31:33Z] [INFO]    ⚠️ task: result
[2026-05-02T03:31:33Z] [INFO]    ⚠️ task: result
[2026-05-02T03:31:33Z] [INFO]    ⚠️ task: result
[2026-05-02T03:31:33Z] [INFO]    ⚠️ task: result
[2026-05-02T03:31:33Z] [INFO]    ⚠️ task: result
[2026-05-02T03:31:33Z] [HEADER] ================================================================================
[2026-05-02T03:31:33Z] [INFO] 🔄 OVERNIGHT RESEARCH PIPELINE - CYCLE #81
[2026-05-02T03:31:33Z] [INFO] ================================================================================
[2026-05-02T03:31:33Z] [HEADER] ============================================================
[2026-05-02T03:31:33Z] [INFO] 🌙 STARTING OVERNIGHT RESEARCH CYCLE #81
[2026-05-02T03:31:33Z] [INFO] 🔍 Running overnight research protocol (web scraping + cross-symbol analysis)...
[2026-05-02T03:31:33Z] [INFO] 📊 Cycle duration: 0.10s, Files generated: 0
[2026-05-02T03:31:33Z] [WARNING] ⚠️ Database not initialized for cycle counting
[2026-05-02T03:31:33Z] [INFO] 💾 Database updated with cycle results
[2026-05-02T03:31:33Z] [SECTION] ============================================================
[2026-05-02T03:31:33Z] [INFO] 🔮 PHASE: HIDDEN LAYERING DETECTION
[2026-05-02T03:31:33Z] [INFO] 🔗 Hidden layering detection complete. Connections identified: 2
[2026-05-02T03:31:33Z] [SECTION] ============================================================
[2026-05-02T03:31:33Z] [INFO] 🔬 PHASE: DOMAIN CORRELATION ANALYSIS
[2026-05-02T03:31:33Z] [INFO] 📊 Domain correlation matrices created: 1
[2026-05-02T03:31:33Z] [SECTION] ============================================================
[2026-05-02T03:31:33Z] [INFO] 🖼️  PHASE: IMAGE-SEED ANALYSIS
[2026-05-02T03:31:33Z] [INFO] 📂 Image seed analysis bootstrapping from 5 images...
[2026-05-02T03:31:33Z] [SECTION] ============================================================
[2026-05-02T03:31:33Z] [INFO] 📤 PHASE: PUSH COMPONENTS TO TOLARIA
[2026-05-02T03:31:34Z] [INFO] 📦 Components pushed to Tolaria: 5
[2026-05-02T03:31:34Z] [SECTION] ============================================================
[2026-05-02T03:31:34Z] [INFO] 🧩 PHASE: COMPOSER - DOMAIN INTEGRATION SYNTHESIS
[2026-05-02T03:31:47Z] [INFO] 🎨 Domain integrations synthesized: 0
[2026-05-02T03:31:47Z] [SECTION] ============================================================
[2026-05-02T03:31:47Z] [INFO] 🚀 PHASE: ADVANCED OVERNIGHT LOOP
[2026-05-02T03:32:23Z] [INFO] 🔬 Advanced loop completed cycles: 0
[2026-05-02T03:32:23Z] [WARNING] ⚠️  Git commit skipped or failed (git not initialized?): Command '['git', '-C', '/home/avalonas/.hermes/gematria/unified_overnight_research', 'add', '.']' returned non-zero exit status 128.
[2026-05-02T03:32:23Z] [INFO] 
📊 CYCLE #81 SUMMARY
[2026-05-02T03:32:23Z] [INFO] ✅ Successful tasks: 7/7
[2026-05-02T03:32:23Z] [INFO] ⏱️  Cycle duration: 50.57s
[2026-05-02T03:32:23Z] [INFO]    ⚠️ task: result
[2026-05-02T03:32:23Z] [INFO]    ⚠️ task: result
[2026-05-02T03:32:23Z] [INFO]    ⚠️ task: result
[2026-05-02T03:32:23Z] [INFO]    ⚠️ task: result
[2026-05-02T03:32:23Z] [INFO]    ⚠️ task: result
[2026-05-02T03:32:23Z] [INFO]    ⚠️ task: result
[2026-05-02T03:32:23Z] [INFO]    ⚠️ task: result
[2026-05-02T03:32:23Z] [HEADER] ================================================================================
[2026-05-02T03:32:23Z] [INFO] 🔄 OVERNIGHT RESEARCH PIPELINE - CYCLE #82
[2026-05-02T03:32:23Z] [INFO] ================================================================================
[2026-05-02T03:32:23Z] [HEADER] ============================================================
[2026-05-02T03:32:23Z] [INFO] 🌙 STARTING OVERNIGHT RESEARCH CYCLE #82
[2026-05-02T03:32:23Z] [INFO] 🔍 Running overnight research protocol (web scraping + cross-symbol analysis)...
[2026-05-02T03:32:23Z] [INFO] 📊 Cycle duration: 0.10s, Files generated: 0
[2026-05-02T03:32:23Z] [WARNING] ⚠️ Database not initialized for cycle counting
[2026-05-02T03:32:23Z] [INFO] 💾 Database updated with cycle results
[2026-05-02T03:32:23Z] [SECTION] ============================================================
[2026-05-02T03:32:23Z] [INFO] 🔮 PHASE: HIDDEN LAYERING DETECTION
[2026-05-02T03:32:24Z] [INFO] 🔗 Hidden layering detection complete. Connections identified: 2
[2026-05-02T03:32:24Z] [SECTION] ============================================================
[2026-05-02T03:32:24Z] [INFO] 🔬 PHASE: DOMAIN CORRELATION ANALYSIS
[2026-05-02T03:32:24Z] [INFO] 📊 Domain correlation matrices created: 1
[2026-05-02T03:32:24Z] [SECTION] ============================================================
[2026-05-02T03:32:24Z] [INFO] 🖼️  PHASE: IMAGE-SEED ANALYSIS
[2026-05-02T03:32:24Z] [INFO] 📂 Image seed analysis bootstrapping from 5 images...
[2026-05-02T03:32:24Z] [SECTION] ============================================================
[2026-05-02T03:32:24Z] [INFO] 📤 PHASE: PUSH COMPONENTS TO TOLARIA
[2026-05-02T03:32:25Z] [INFO] 📦 Components pushed to Tolaria: 5
[2026-05-02T03:32:25Z] [SECTION] ============================================================
[2026-05-02T03:32:25Z] [INFO] 🧩 PHASE: COMPOSER - DOMAIN INTEGRATION SYNTHESIS
[2026-05-02T03:32:44Z] [INFO] 🎨 Domain integrations synthesized: 0
[2026-05-02T03:32:44Z] [SECTION] ============================================================
[2026-05-02T03:32:44Z] [INFO] 🚀 PHASE: ADVANCED OVERNIGHT LOOP
[2026-05-02T03:33:29Z] [INFO] 🔬 Advanced loop completed cycles: 0
[2026-05-02T03:33:29Z] [WARNING] ⚠️  Git commit skipped or failed (git not initialized?): Command '['git', '-C', '/home/avalonas/.hermes/gematria/unified_overnight_research', 'add', '.']' returned non-zero exit status 128.
[2026-05-02T03:33:29Z] [INFO] 
📊 CYCLE #82 SUMMARY
[2026-05-02T03:33:29Z] [INFO] ✅ Successful tasks: 7/7
[2026-05-02T03:33:29Z] [INFO] ⏱️  Cycle duration: 65.44s
[2026-05-02T03:33:29Z] [INFO]    ⚠️ task: result
[2026-05-02T03:33:29Z] [INFO]    ⚠️ task: result
[2026-05-02T03:33:29Z] [INFO]    ⚠️ task: result
[2026-05-02T03:33:29Z] [INFO]    ⚠️ task: result
[2026-05-02T03:33:29Z] [INFO]    ⚠️ task: result
[2026-05-02T03:33:29Z] [INFO]    ⚠️ task: result
[2026-05-02T03:33:29Z] [INFO]    ⚠️ task: result
[2026-05-02T03:33:29Z] [HEADER] ================================================================================
[2026-05-02T03:33:29Z] [INFO] 🔄 OVERNIGHT RESEARCH PIPELINE - CYCLE #83
[2026-05-02T03:33:29Z] [INFO] ================================================================================
[2026-05-02T03:33:29Z] [HEADER] ============================================================
[2026-05-02T03:33:29Z] [INFO] 🌙 STARTING OVERNIGHT RESEARCH CYCLE #83
[2026-05-02T03:33:29Z] [INFO] 🔍 Running overnight research protocol (web scraping + cross-symbol analysis)...
[2026-05-02T03:33:29Z] [INFO] 📊 Cycle duration: 0.12s, Files generated: 0
[2026-05-02T03:33:29Z] [WARNING] ⚠️ Database not initialized for cycle counting
[2026-05-02T03:33:29Z] [INFO] 💾 Database updated with cycle results
[2026-05-02T03:33:29Z] [SECTION] ============================================================
[2026-05-02T03:33:29Z] [INFO] 🔮 PHASE: HIDDEN LAYERING DETECTION
[2026-05-02T03:33:29Z] [INFO] 🔗 Hidden layering detection complete. Connections identified: 2
[2026-05-02T03:33:29Z] [SECTION] ============================================================
[2026-05-02T03:33:29Z] [INFO] 🔬 PHASE: DOMAIN CORRELATION ANALYSIS
[2026-05-02T03:33:29Z] [INFO] 📊 Domain correlation matrices created: 1
[2026-05-02T03:33:29Z] [SECTION] ============================================================
[2026-05-02T03:33:29Z] [INFO] 🖼️  PHASE: IMAGE-SEED ANALYSIS
[2026-05-02T03:33:29Z] [INFO] 📂 Image seed analysis bootstrapping from 5 images...
[2026-05-02T03:33:29Z] [SECTION] ============================================================
[2026-05-02T03:33:29Z] [INFO] 📤 PHASE: PUSH COMPONENTS TO TOLARIA
[2026-05-02T03:33:30Z] [INFO] 📦 Components pushed to Tolaria: 5
[2026-05-02T03:33:30Z] [SECTION] ============================================================
[2026-05-02T03:33:30Z] [INFO] 🧩 PHASE: COMPOSER - DOMAIN INTEGRATION SYNTHESIS
[2026-05-02T03:33:49Z] [INFO] 🎨 Domain integrations synthesized: 0
[2026-05-02T03:33:49Z] [SECTION] ============================================================
[2026-05-02T03:33:49Z] [INFO] 🚀 PHASE: ADVANCED OVERNIGHT LOOP
[2026-05-02T03:34:35Z] [INFO] 🔬 Advanced loop completed cycles: 0
[2026-05-02T03:34:35Z] [WARNING] ⚠️  Git commit skipped or failed (git not initialized?): Command '['git', '-C', '/home/avalonas/.hermes/gematria/unified_overnight_research', 'add', '.']' returned non-zero exit status 128.
[2026-05-02T03:34:35Z] [INFO] 
📊 CYCLE #83 SUMMARY
[2026-05-02T03:34:35Z] [INFO] ✅ Successful tasks: 7/7
[2026-05-02T03:34:35Z] [INFO] ⏱️  Cycle duration: 65.88s
[2026-05-02T03:34:35Z] [INFO]    ⚠️ task: result
[2026-05-02T03:34:35Z] [INFO]    ⚠️ task: result
[2026-05-02T03:34:35Z] [INFO]    ⚠️ task: result
[2026-05-02T03:34:35Z] [INFO]    ⚠️ task: result
[2026-05-02T03:34:35Z] [INFO]    ⚠️ task: result
[2026-05-02T03:34:35Z] [INFO]    ⚠️ task: result
[2026-05-02T03:34:35Z] [INFO]    ⚠️ task: result
[2026-05-02T03:34:35Z] [HEADER] ================================================================================
[2026-05-02T03:34:35Z] [INFO] 🔄 OVERNIGHT RESEARCH PIPELINE - CYCLE #84
[2026-05-02T03:34:35Z] [INFO] ================================================================================
[2026-05-02T03:34:35Z] [HEADER] ============================================================
[2026-05-02T03:34:35Z] [INFO] 🌙 STARTING OVERNIGHT RESEARCH CYCLE #84
[2026-05-02T03:34:35Z] [INFO] 🔍 Running overnight research protocol (web scraping + cross-symbol analysis)...
[2026-05-02T03:34:35Z] [INFO] 📊 Cycle duration: 0.10s, Files generated: 0
[2026-05-02T03:34:35Z] [WARNING] ⚠️ Database not initialized for cycle counting
[2026-05-02T03:34:35Z] [INFO] 💾 Database updated with cycle results
[2026-05-02T03:34:35Z] [SECTION] ============================================================
[2026-05-02T03:34:35Z] [INFO] 🔮 PHASE: HIDDEN LAYERING DETECTION
[2026-05-02T03:34:35Z] [INFO] 🔗 Hidden layering detection complete. Connections identified: 2
[2026-05-02T03:34:35Z] [SECTION] ============================================================
[2026-05-02T03:34:35Z] [INFO] 🔬 PHASE: DOMAIN CORRELATION ANALYSIS
[2026-05-02T03:34:35Z] [INFO] 📊 Domain correlation matrices created: 1
[2026-05-02T03:34:35Z] [SECTION] ============================================================
[2026-05-02T03:34:35Z] [INFO] 🖼️  PHASE: IMAGE-SEED ANALYSIS
[2026-05-02T03:34:35Z] [INFO] 📂 Image seed analysis bootstrapping from 5 images...
[2026-05-02T03:34:35Z] [SECTION] ============================================================
[2026-05-02T03:34:35Z] [INFO] 📤 PHASE: PUSH COMPONENTS TO TOLARIA
[2026-05-02T03:34:36Z] [INFO] 📦 Components pushed to Tolaria: 5
[2026-05-02T03:34:36Z] [SECTION] ============================================================
[2026-05-02T03:34:36Z] [INFO] 🧩 PHASE: COMPOSER - DOMAIN INTEGRATION SYNTHESIS
[2026-05-02T03:34:51Z] [INFO] 🎨 Domain integrations synthesized: 0
[2026-05-02T03:34:51Z] [SECTION] ============================================================
[2026-05-02T03:34:51Z] [INFO] 🚀 PHASE: ADVANCED OVERNIGHT LOOP
[2026-05-02T03:35:30Z] [INFO] 🔬 Advanced loop completed cycles: 0
[2026-05-02T03:35:31Z] [WARNING] ⚠️  Git commit skipped or failed (git not initialized?): Command '['git', '-C', '/home/avalonas/.hermes/gematria/unified_overnight_research', 'add', '.']' returned non-zero exit status 128.
[2026-05-02T03:35:31Z] [INFO] 
📊 CYCLE #84 SUMMARY
[2026-05-02T03:35:31Z] [INFO] ✅ Successful tasks: 7/7
[2026-05-02T03:35:31Z] [INFO] ⏱️  Cycle duration: 55.91s
[2026-05-02T03:35:31Z] [INFO]    ⚠️ task: result
[2026-05-02T03:35:31Z] [INFO]    ⚠️ task: result
[2026-05-02T03:35:31Z] [INFO]    ⚠️ task: result
[2026-05-02T03:35:31Z] [INFO]    ⚠️ task: result
[2026-05-02T03:35:31Z] [INFO]    ⚠️ task: result
[2026-05-02T03:35:31Z] [INFO]    ⚠️ task: result
[2026-05-02T03:35:31Z] [INFO]    ⚠️ task: result
[2026-05-02T03:35:31Z] [HEADER] ================================================================================
[2026-05-02T03:35:31Z] [INFO] 🔄 OVERNIGHT RESEARCH PIPELINE - CYCLE #85
[2026-05-02T03:35:31Z] [INFO] ================================================================================
[2026-05-02T03:35:31Z] [HEADER] ============================================================
[2026-05-02T03:35:31Z] [INFO] 🌙 STARTING OVERNIGHT RESEARCH CYCLE #85
[2026-05-02T03:35:31Z] [INFO] 🔍 Running overnight research protocol (web scraping + cross-symbol analysis)...
[2026-05-02T03:35:31Z] [INFO] 📊 Cycle duration: 0.10s, Files generated: 0
[2026-05-02T03:35:31Z] [WARNING] ⚠️ Database not initialized for cycle counting
[2026-05-02T03:35:31Z] [INFO] 💾 Database updated with cycle results
[2026-05-02T03:35:31Z] [SECTION] ============================================================
[2026-05-02T03:35:31Z] [INFO] 🔮 PHASE: HIDDEN LAYERING DETECTION
[2026-05-02T03:35:31Z] [INFO] 🔗 Hidden layering detection complete. Connections identified: 2
[2026-05-02T03:35:31Z] [SECTION] ============================================================
[2026-05-02T03:35:31Z] [INFO] 🔬 PHASE: DOMAIN CORRELATION ANALYSIS
[2026-05-02T03:35:31Z] [INFO] 📊 Domain correlation matrices created: 1
[2026-05-02T03:35:31Z] [SECTION] ============================================================
[2026-05-02T03:35:31Z] [INFO] 🖼️  PHASE: IMAGE-SEED ANALYSIS
[2026-05-02T03:35:31Z] [INFO] 📂 Image seed analysis bootstrapping from 5 images...
[2026-05-02T03:35:31Z] [SECTION] ============================================================
[2026-05-02T03:35:31Z] [INFO] 📤 PHASE: PUSH COMPONENTS TO TOLARIA
[2026-05-02T03:35:32Z] [INFO] 📦 Components pushed to Tolaria: 5
[2026-05-02T03:35:32Z] [SECTION] ============================================================
[2026-05-02T03:35:32Z] [INFO] 🧩 PHASE: COMPOSER - DOMAIN INTEGRATION SYNTHESIS
[2026-05-02T03:35:48Z] [INFO] 🎨 Domain integrations synthesized: 0
[2026-05-02T03:35:48Z] [SECTION] ============================================================
[2026-05-02T03:35:48Z] [INFO] 🚀 PHASE: ADVANCED OVERNIGHT LOOP
[2026-05-02T03:36:30Z] [INFO] 🔬 Advanced loop completed cycles: 0
[2026-05-02T03:36:30Z] [WARNING] ⚠️  Git commit skipped or failed (git not initialized?): Command '['git', '-C', '/home/avalonas/.hermes/gematria/unified_overnight_research', 'add', '.']' returned non-zero exit status 128.
[2026-05-02T03:36:30Z] [INFO] 
📊 CYCLE #85 SUMMARY
[2026-05-02T03:36:30Z] [INFO] ✅ Successful tasks: 7/7
[2026-05-02T03:36:30Z] [INFO] ⏱️  Cycle duration: 59.54s
[2026-05-02T03:36:30Z] [INFO]    ⚠️ task: result
[2026-05-02T03:36:30Z] [INFO]    ⚠️ task: result
[2026-05-02T03:36:30Z] [INFO]    ⚠️ task: result
[2026-05-02T03:36:30Z] [INFO]    ⚠️ task: result
[2026-05-02T03:36:30Z] [INFO]    ⚠️ task: result
[2026-05-02T03:36:30Z] [INFO]    ⚠️ task: result
[2026-05-02T03:36:30Z] [INFO]    ⚠️ task: result
[2026-05-02T03:36:30Z] [HEADER] ================================================================================
[2026-05-02T03:36:30Z] [INFO] 🔄 OVERNIGHT RESEARCH PIPELINE - CYCLE #86
[2026-05-02T03:36:30Z] [INFO] ================================================================================
[2026-05-02T03:36:30Z] [HEADER] ============================================================
[2026-05-02T03:36:30Z] [INFO] 🌙 STARTING OVERNIGHT RESEARCH CYCLE #86
[2026-05-02T03:36:30Z] [INFO] 🔍 Running overnight research protocol (web scraping + cross-symbol analysis)...
[2026-05-02T03:36:30Z] [INFO] 📊 Cycle duration: 0.11s, Files generated: 0
[2026-05-02T03:36:30Z] [WARNING] ⚠️ Database not initialized for cycle counting
[2026-05-02T03:36:30Z] [INFO] 💾 Database updated with cycle results
[2026-05-02T03:36:30Z] [SECTION] ============================================================
[2026-05-02T03:36:30Z] [INFO] 🔮 PHASE: HIDDEN LAYERING DETECTION
[2026-05-02T03:36:30Z] [INFO] 🔗 Hidden layering detection complete. Connections identified: 2
[2026-05-02T03:36:30Z] [SECTION] ============================================================
[2026-05-02T03:36:30Z] [INFO] 🔬 PHASE: DOMAIN CORRELATION ANALYSIS
[2026-05-02T03:36:30Z] [INFO] 📊 Domain correlation matrices created: 1
[2026-05-02T03:36:30Z] [SECTION] ============================================================
[2026-05-02T03:36:30Z] [INFO] 🖼️  PHASE: IMAGE-SEED ANALYSIS
[2026-05-02T03:36:30Z] [INFO] 📂 Image seed analysis bootstrapping from 5 images...
[2026-05-02T03:36:30Z] [SECTION] ============================================================
[2026-05-02T03:36:30Z] [INFO] 📤 PHASE: PUSH COMPONENTS TO TOLARIA
[2026-05-02T03:36:31Z] [INFO] 📦 Components pushed to Tolaria: 5
[2026-05-02T03:36:31Z] [SECTION] ============================================================
[2026-05-02T03:36:31Z] [INFO] 🧩 PHASE: COMPOSER - DOMAIN INTEGRATION SYNTHESIS
[2026-05-02T03:36:53Z] [INFO] 🎨 Domain integrations synthesized: 0
[2026-05-02T03:36:53Z] [SECTION] ============================================================
[2026-05-02T03:36:53Z] [INFO] 🚀 PHASE: ADVANCED OVERNIGHT LOOP
[2026-05-02T03:38:00Z] [INFO] 🔬 Advanced loop completed cycles: 0
[2026-05-02T03:38:00Z] [WARNING] ⚠️  Git commit skipped or failed (git not initialized?): Command '['git', '-C', '/home/avalonas/.hermes/gematria/unified_overnight_research', 'add', '.']' returned non-zero exit status 128.
[2026-05-02T03:38:00Z] [INFO] 
📊 CYCLE #86 SUMMARY
[2026-05-02T03:38:00Z] [INFO] ✅ Successful tasks: 7/7
[2026-05-02T03:38:00Z] [INFO] ⏱️  Cycle duration: 89.74s
[2026-05-02T03:38:00Z] [INFO]    ⚠️ task: result
[2026-05-02T03:38:00Z] [INFO]    ⚠️ task: result
[2026-05-02T03:38:00Z] [INFO]    ⚠️ task: result
[2026-05-02T03:38:00Z] [INFO]    ⚠️ task: result
[2026-05-02T03:38:00Z] [INFO]    ⚠️ task: result
[2026-05-02T03:38:00Z] [INFO]    ⚠️ task: result
[2026-05-02T03:38:00Z] [INFO]    ⚠️ task: result
[2026-05-02T03:38:00Z] [HEADER] ================================================================================
[2026-05-02T03:38:00Z] [INFO] 🔄 OVERNIGHT RESEARCH PIPELINE - CYCLE #87
[2026-05-02T03:38:00Z] [INFO] ================================================================================
[2026-05-02T03:38:00Z] [HEADER] ============================================================
[2026-05-02T03:38:00Z] [INFO] 🌙 STARTING OVERNIGHT RESEARCH CYCLE #87
[2026-05-02T03:38:00Z] [INFO] 🔍 Running overnight research protocol (web scraping + cross-symbol analysis)...
[2026-05-02T03:38:00Z] [INFO] 📊 Cycle duration: 0.11s, Files generated: 0
[2026-05-02T03:38:00Z] [WARNING] ⚠️ Database not initialized for cycle counting
[2026-05-02T03:38:00Z] [INFO] 💾 Database updated with cycle results
[2026-05-02T03:38:00Z] [SECTION] ============================================================
[2026-05-02T03:38:00Z] [INFO] 🔮 PHASE: HIDDEN LAYERING DETECTION
[2026-05-02T03:38:00Z] [INFO] 🔗 Hidden layering detection complete. Connections identified: 2
[2026-05-02T03:38:00Z] [SECTION] ============================================================
[2026-05-02T03:38:00Z] [INFO] 🔬 PHASE: DOMAIN CORRELATION ANALYSIS
[2026-05-02T03:38:00Z] [INFO] 📊 Domain correlation matrices created: 1
[2026-05-02T03:38:00Z] [SECTION] ============================================================
[2026-05-02T03:38:00Z] [INFO] 🖼️  PHASE: IMAGE-SEED ANALYSIS
[2026-05-02T03:38:00Z] [INFO] 📂 Image seed analysis bootstrapping from 5 images...
[2026-05-02T03:38:00Z] [SECTION] ============================================================
[2026-05-02T03:38:00Z] [INFO] 📤 PHASE: PUSH COMPONENTS TO TOLARIA
[2026-05-02T03:38:01Z] [INFO] 📦 Components pushed to Tolaria: 5
[2026-05-02T03:38:01Z] [SECTION] ============================================================
[2026-05-02T03:38:01Z] [INFO] 🧩 PHASE: COMPOSER - DOMAIN INTEGRATION SYNTHESIS
[2026-05-02T03:38:23Z] [INFO] 🎨 Domain integrations synthesized: 0
[2026-05-02T03:38:23Z] [SECTION] ============================================================
[2026-05-02T03:38:23Z] [INFO] 🚀 PHASE: ADVANCED OVERNIGHT LOOP
[2026-05-02T03:39:28Z] [INFO] 🔬 Advanced loop completed cycles: 0
[2026-05-02T03:39:28Z] [WARNING] ⚠️  Git commit skipped or failed (git not initialized?): Command '['git', '-C', '/home/avalonas/.hermes/gematria/unified_overnight_research', 'add', '.']' returned non-zero exit status 128.
[2026-05-02T03:39:28Z] [INFO] 
📊 CYCLE #87 SUMMARY
[2026-05-02T03:39:28Z] [INFO] ✅ Successful tasks: 7/7
[2026-05-02T03:39:28Z] [INFO] ⏱️  Cycle duration: 88.53s
[2026-05-02T03:39:28Z] [INFO]    ⚠️ task: result
[2026-05-02T03:39:28Z] [INFO]    ⚠️ task: result
[2026-05-02T03:39:28Z] [INFO]    ⚠️ task: result
[2026-05-02T03:39:28Z] [INFO]    ⚠️ task: result
[2026-05-02T03:39:28Z] [INFO]    ⚠️ task: result
[2026-05-02T03:39:28Z] [INFO]    ⚠️ task: result
[2026-05-02T03:39:28Z] [INFO]    ⚠️ task: result
[2026-05-02T03:39:28Z] [HEADER] ================================================================================
[2026-05-02T03:39:28Z] [INFO] 🔄 OVERNIGHT RESEARCH PIPELINE - CYCLE #88
[2026-05-02T03:39:28Z] [INFO] ================================================================================
[2026-05-02T03:39:28Z] [HEADER] ============================================================
[2026-05-02T03:39:28Z] [INFO] 🌙 STARTING OVERNIGHT RESEARCH CYCLE #88
[2026-05-02T03:39:28Z] [INFO] 🔍 Running overnight research protocol (web scraping + cross-symbol analysis)...
[2026-05-02T03:39:29Z] [INFO] 📊 Cycle duration: 0.10s, Files generated: 0
[2026-05-02T03:39:29Z] [WARNING] ⚠️ Database not initialized for cycle counting
[2026-05-02T03:39:29Z] [INFO] 💾 Database updated with cycle results
[2026-05-02T03:39:29Z] [SECTION] ============================================================
[2026-05-02T03:39:29Z] [INFO] 🔮 PHASE: HIDDEN LAYERING DETECTION
[2026-05-02T03:39:29Z] [INFO] 🔗 Hidden layering detection complete. Connections identified: 2
[2026-05-02T03:39:29Z] [SECTION] ============================================================
[2026-05-02T03:39:29Z] [INFO] 🔬 PHASE: DOMAIN CORRELATION ANALYSIS
[2026-05-02T03:39:29Z] [INFO] 📊 Domain correlation matrices created: 1
[2026-05-02T03:39:29Z] [SECTION] ============================================================
[2026-05-02T03:39:29Z] [INFO] 🖼️  PHASE: IMAGE-SEED ANALYSIS
[2026-05-02T03:39:29Z] [INFO] 📂 Image seed analysis bootstrapping from 5 images...
[2026-05-02T03:39:29Z] [SECTION] ============================================================
[2026-05-02T03:39:29Z] [INFO] 📤 PHASE: PUSH COMPONENTS TO TOLARIA
[2026-05-02T03:39:30Z] [INFO] 📦 Components pushed to Tolaria: 5
[2026-05-02T03:39:30Z] [SECTION] ============================================================
[2026-05-02T03:39:30Z] [INFO] 🧩 PHASE: COMPOSER - DOMAIN INTEGRATION SYNTHESIS
[2026-05-02T03:39:51Z] [INFO] 🎨 Domain integrations synthesized: 0
[2026-05-02T03:39:51Z] [SECTION] ============================================================
[2026-05-02T03:39:51Z] [INFO] 🚀 PHASE: ADVANCED OVERNIGHT LOOP
[2026-05-02T03:41:00Z] [INFO] 🔬 Advanced loop completed cycles: 0
[2026-05-02T03:41:00Z] [WARNING] ⚠️  Git commit skipped or failed (git not initialized?): Command '['git', '-C', '/home/avalonas/.hermes/gematria/unified_overnight_research', 'add', '.']' returned non-zero exit status 128.
[2026-05-02T03:41:00Z] [INFO] 
📊 CYCLE #88 SUMMARY
[2026-05-02T03:41:00Z] [INFO] ✅ Successful tasks: 7/7
[2026-05-02T03:41:00Z] [INFO] ⏱️  Cycle duration: 91.59s
[2026-05-02T03:41:00Z] [INFO]    ⚠️ task: result
[2026-05-02T03:41:00Z] [INFO]    ⚠️ task: result
[2026-05-02T03:41:00Z] [INFO]    ⚠️ task: result
[2026-05-02T03:41:00Z] [INFO]    ⚠️ task: result
[2026-05-02T03:41:00Z] [INFO]    ⚠️ task: result
[2026-05-02T03:41:00Z] [INFO]    ⚠️ task: result
[2026-05-02T03:41:00Z] [INFO]    ⚠️ task: result
[2026-05-02T03:41:00Z] [HEADER] ================================================================================
[2026-05-02T03:41:00Z] [INFO] 🔄 OVERNIGHT RESEARCH PIPELINE - CYCLE #89
[2026-05-02T03:41:00Z] [INFO] ================================================================================
[2026-05-02T03:41:00Z] [HEADER] ============================================================
[2026-05-02T03:41:00Z] [INFO] 🌙 STARTING OVERNIGHT RESEARCH CYCLE #89
[2026-05-02T03:41:00Z] [INFO] 🔍 Running overnight research protocol (web scraping + cross-symbol analysis)...
[2026-05-02T03:41:00Z] [INFO] 📊 Cycle duration: 0.11s, Files generated: 0
[2026-05-02T03:41:00Z] [WARNING] ⚠️ Database not initialized for cycle counting
[2026-05-02T03:41:00Z] [INFO] 💾 Database updated with cycle results
[2026-05-02T03:41:00Z] [SECTION] ============================================================
[2026-05-02T03:41:00Z] [INFO] 🔮 PHASE: HIDDEN LAYERING DETECTION
[2026-05-02T03:41:00Z] [INFO] 🔗 Hidden layering detection complete. Connections identified: 2
[2026-05-02T03:41:00Z] [SECTION] ============================================================
[2026-05-02T03:41:00Z] [INFO] 🔬 PHASE: DOMAIN CORRELATION ANALYSIS
[2026-05-02T03:41:00Z] [INFO] 📊 Domain correlation matrices created: 1
[2026-05-02T03:41:00Z] [SECTION] ============================================================
[2026-05-02T03:41:00Z] [INFO] 🖼️  PHASE: IMAGE-SEED ANALYSIS
[2026-05-02T03:41:00Z] [INFO] 📂 Image seed analysis bootstrapping from 5 images...
[2026-05-02T03:41:00Z] [SECTION] ============================================================
[2026-05-02T03:41:00Z] [INFO] 📤 PHASE: PUSH COMPONENTS TO TOLARIA
[2026-05-02T03:41:01Z] [INFO] 📦 Components pushed to Tolaria: 5
[2026-05-02T03:41:01Z] [SECTION] ============================================================
[2026-05-02T03:41:01Z] [INFO] 🧩 PHASE: COMPOSER - DOMAIN INTEGRATION SYNTHESIS
[2026-05-02T03:41:22Z] [INFO] 🎨 Domain integrations synthesized: 0
[2026-05-02T03:41:22Z] [SECTION] ============================================================
[2026-05-02T03:41:22Z] [INFO] 🚀 PHASE: ADVANCED OVERNIGHT LOOP
[2026-05-02T03:42:28Z] [INFO] 🔬 Advanced loop completed cycles: 0
[2026-05-02T03:42:28Z] [WARNING] ⚠️  Git commit skipped or failed (git not initialized?): Command '['git', '-C', '/home/avalonas/.hermes/gematria/unified_overnight_research', 'add', '.']' returned non-zero exit status 128.
[2026-05-02T03:42:28Z] [INFO] 
📊 CYCLE #89 SUMMARY
[2026-05-02T03:42:28Z] [INFO] ✅ Successful tasks: 7/7
[2026-05-02T03:42:28Z] [INFO] ⏱️  Cycle duration: 87.88s
[2026-05-02T03:42:28Z] [INFO]    ⚠️ task: result
[2026-05-02T03:42:28Z] [INFO]    ⚠️ task: result
[2026-05-02T03:42:28Z] [INFO]    ⚠️ task: result
[2026-05-02T03:42:28Z] [INFO]    ⚠️ task: result
[2026-05-02T03:42:28Z] [INFO]    ⚠️ task: result
[2026-05-02T03:42:28Z] [INFO]    ⚠️ task: result
[2026-05-02T03:42:28Z] [INFO]    ⚠️ task: result
[2026-05-02T03:42:28Z] [HEADER] ================================================================================
[2026-05-02T03:42:28Z] [INFO] 🔄 OVERNIGHT RESEARCH PIPELINE - CYCLE #90
[2026-05-02T03:42:28Z] [INFO] ================================================================================
[2026-05-02T03:42:28Z] [HEADER] ============================================================
[2026-05-02T03:42:28Z] [INFO] 🌙 STARTING OVERNIGHT RESEARCH CYCLE #90
[2026-05-02T03:42:28Z] [INFO] 🔍 Running overnight research protocol (web scraping + cross-symbol analysis)...
[2026-05-02T03:42:28Z] [INFO] 📊 Cycle duration: 0.11s, Files generated: 0
[2026-05-02T03:42:28Z] [WARNING] ⚠️ Database not initialized for cycle counting
[2026-05-02T03:42:28Z] [INFO] 💾 Database updated with cycle results
[2026-05-02T03:42:28Z] [SECTION] ============================================================
[2026-05-02T03:42:28Z] [INFO] 🔮 PHASE: HIDDEN LAYERING DETECTION
[2026-05-02T03:42:28Z] [INFO] 🔗 Hidden layering detection complete. Connections identified: 2
[2026-05-02T03:42:28Z] [SECTION] ============================================================
[2026-05-02T03:42:28Z] [INFO] 🔬 PHASE: DOMAIN CORRELATION ANALYSIS
[2026-05-02T03:42:28Z] [INFO] 📊 Domain correlation matrices created: 1
[2026-05-02T03:42:28Z] [SECTION] ============================================================
[2026-05-02T03:42:28Z] [INFO] 🖼️  PHASE: IMAGE-SEED ANALYSIS
[2026-05-02T03:42:28Z] [INFO] 📂 Image seed analysis bootstrapping from 5 images...
[2026-05-02T03:42:28Z] [SECTION] ============================================================
[2026-05-02T03:42:28Z] [INFO] 📤 PHASE: PUSH COMPONENTS TO TOLARIA
[2026-05-02T03:42:29Z] [INFO] 📦 Components pushed to Tolaria: 5
[2026-05-02T03:42:29Z] [SECTION] ============================================================
[2026-05-02T03:42:29Z] [INFO] 🧩 PHASE: COMPOSER - DOMAIN INTEGRATION SYNTHESIS
[2026-05-02T03:42:50Z] [INFO] 🎨 Domain integrations synthesized: 0
[2026-05-02T03:42:50Z] [SECTION] ============================================================
[2026-05-02T03:42:50Z] [INFO] 🚀 PHASE: ADVANCED OVERNIGHT LOOP
[2026-05-02T03:43:56Z] [INFO] 🔬 Advanced loop completed cycles: 0
[2026-05-02T03:43:56Z] [WARNING] ⚠️  Git commit skipped or failed (git not initialized?): Command '['git', '-C', '/home/avalonas/.hermes/gematria/unified_overnight_research', 'add', '.']' returned non-zero exit status 128.
[2026-05-02T03:43:56Z] [INFO] 
📊 CYCLE #90 SUMMARY
[2026-05-02T03:43:56Z] [INFO] ✅ Successful tasks: 7/7
[2026-05-02T03:43:56Z] [INFO] ⏱️  Cycle duration: 88.25s
[2026-05-02T03:43:56Z] [INFO]    ⚠️ task: result
[2026-05-02T03:43:56Z] [INFO]    ⚠️ task: result
[2026-05-02T03:43:56Z] [INFO]    ⚠️ task: result
[2026-05-02T03:43:56Z] [INFO]    ⚠️ task: result
[2026-05-02T03:43:56Z] [INFO]    ⚠️ task: result
[2026-05-02T03:43:56Z] [INFO]    ⚠️ task: result
[2026-05-02T03:43:56Z] [INFO]    ⚠️ task: result
[2026-05-02T03:43:56Z] [HEADER] ================================================================================
[2026-05-02T03:43:56Z] [INFO] 🔄 OVERNIGHT RESEARCH PIPELINE - CYCLE #91
[2026-05-02T03:43:56Z] [INFO] ================================================================================
[2026-05-02T03:43:56Z] [HEADER] ============================================================
[2026-05-02T03:43:56Z] [INFO] 🌙 STARTING OVERNIGHT RESEARCH CYCLE #91
[2026-05-02T03:43:56Z] [INFO] 🔍 Running overnight research protocol (web scraping + cross-symbol analysis)...
[2026-05-02T03:43:56Z] [INFO] 📊 Cycle duration: 0.10s, Files generated: 0
[2026-05-02T03:43:56Z] [WARNING] ⚠️ Database not initialized for cycle counting
[2026-05-02T03:43:56Z] [INFO] 💾 Database updated with cycle results
[2026-05-02T03:43:56Z] [SECTION] ============================================================
[2026-05-02T03:43:56Z] [INFO] 🔮 PHASE: HIDDEN LAYERING DETECTION
[2026-05-02T03:43:56Z] [INFO] 🔗 Hidden layering detection complete. Connections identified: 2
[2026-05-02T03:43:56Z] [SECTION] ============================================================
[2026-05-02T03:43:56Z] [INFO] 🔬 PHASE: DOMAIN CORRELATION ANALYSIS
[2026-05-02T03:43:56Z] [INFO] 📊 Domain correlation matrices created: 1
[2026-05-02T03:43:56Z] [SECTION] ============================================================
[2026-05-02T03:43:56Z] [INFO] 🖼️  PHASE: IMAGE-SEED ANALYSIS
[2026-05-02T03:43:56Z] [INFO] 📂 Image seed analysis bootstrapping from 5 images...
[2026-05-02T03:43:56Z] [SECTION] ============================================================
[2026-05-02T03:43:56Z] [INFO] 📤 PHASE: PUSH COMPONENTS TO TOLARIA
[2026-05-02T03:43:57Z] [INFO] 📦 Components pushed to Tolaria: 5
[2026-05-02T03:43:57Z] [SECTION] ============================================================
[2026-05-02T03:43:57Z] [INFO] 🧩 PHASE: COMPOSER - DOMAIN INTEGRATION SYNTHESIS
[2026-05-02T03:44:19Z] [INFO] 🎨 Domain integrations synthesized: 0
[2026-05-02T03:44:19Z] [SECTION] ============================================================
[2026-05-02T03:44:19Z] [INFO] 🚀 PHASE: ADVANCED OVERNIGHT LOOP
[2026-05-02T03:45:25Z] [INFO] 🔬 Advanced loop completed cycles: 0
[2026-05-02T03:45:25Z] [WARNING] ⚠️  Git commit skipped or failed (git not initialized?): Command '['git', '-C', '/home/avalonas/.hermes/gematria/unified_overnight_research', 'add', '.']' returned non-zero exit status 128.
[2026-05-02T03:45:25Z] [INFO] 
📊 CYCLE #91 SUMMARY
[2026-05-02T03:45:25Z] [INFO] ✅ Successful tasks: 7/7
[2026-05-02T03:45:25Z] [INFO] ⏱️  Cycle duration: 88.62s
[2026-05-02T03:45:25Z] [INFO]    ⚠️ task: result
[2026-05-02T03:45:25Z] [INFO]    ⚠️ task: result
[2026-05-02T03:45:25Z] [INFO]    ⚠️ task: result
[2026-05-02T03:45:25Z] [INFO]    ⚠️ task: result
[2026-05-02T03:45:25Z] [INFO]    ⚠️ task: result
[2026-05-02T03:45:25Z] [INFO]    ⚠️ task: result
[2026-05-02T03:45:25Z] [INFO]    ⚠️ task: result
[2026-05-02T03:45:25Z] [HEADER] ================================================================================
[2026-05-02T03:45:25Z] [INFO] 🔄 OVERNIGHT RESEARCH PIPELINE - CYCLE #92
[2026-05-02T03:45:25Z] [INFO] ================================================================================
[2026-05-02T03:45:25Z] [HEADER] ============================================================
[2026-05-02T03:45:25Z] [INFO] 🌙 STARTING OVERNIGHT RESEARCH CYCLE #92
[2026-05-02T03:45:25Z] [INFO] 🔍 Running overnight research protocol (web scraping + cross-symbol analysis)...
[2026-05-02T03:45:25Z] [INFO] 📊 Cycle duration: 0.10s, Files generated: 0
[2026-05-02T03:45:25Z] [WARNING] ⚠️ Database not initialized for cycle counting
[2026-05-02T03:45:25Z] [INFO] 💾 Database updated with cycle results
[2026-05-02T03:45:25Z] [SECTION] ============================================================
[2026-05-02T03:45:25Z] [INFO] 🔮 PHASE: HIDDEN LAYERING DETECTION
[2026-05-02T03:45:25Z] [INFO] 🔗 Hidden layering detection complete. Connections identified: 2
[2026-05-02T03:45:25Z] [SECTION] ============================================================
[2026-05-02T03:45:25Z] [INFO] 🔬 PHASE: DOMAIN CORRELATION ANALYSIS
[2026-05-02T03:45:25Z] [INFO] 📊 Domain correlation matrices created: 1
[2026-05-02T03:45:25Z] [SECTION] ============================================================
[2026-05-02T03:45:25Z] [INFO] 🖼️  PHASE: IMAGE-SEED ANALYSIS
[2026-05-02T03:45:25Z] [INFO] 📂 Image seed analysis bootstrapping from 5 images...
[2026-05-02T03:45:25Z] [SECTION] ============================================================
[2026-05-02T03:45:25Z] [INFO] 📤 PHASE: PUSH COMPONENTS TO TOLARIA
[2026-05-02T03:45:26Z] [INFO] 📦 Components pushed to Tolaria: 5
[2026-05-02T03:45:26Z] [SECTION] ============================================================
[2026-05-02T03:45:26Z] [INFO] 🧩 PHASE: COMPOSER - DOMAIN INTEGRATION SYNTHESIS
[2026-05-02T03:45:47Z] [INFO] 🎨 Domain integrations synthesized: 0
[2026-05-02T03:45:47Z] [SECTION] ============================================================
[2026-05-02T03:45:47Z] [INFO] 🚀 PHASE: ADVANCED OVERNIGHT LOOP
[2026-05-02T03:46:54Z] [INFO] 🔬 Advanced loop completed cycles: 0
[2026-05-02T03:46:54Z] [WARNING] ⚠️  Git commit skipped or failed (git not initialized?): Command '['git', '-C', '/home/avalonas/.hermes/gematria/unified_overnight_research', 'add', '.']' returned non-zero exit status 128.
[2026-05-02T03:46:54Z] [INFO] 
📊 CYCLE #92 SUMMARY
[2026-05-02T03:46:54Z] [INFO] ✅ Successful tasks: 7/7
[2026-05-02T03:46:54Z] [INFO] ⏱️  Cycle duration: 89.24s
[2026-05-02T03:46:54Z] [INFO]    ⚠️ task: result
[2026-05-02T03:46:54Z] [INFO]    ⚠️ task: result
[2026-05-02T03:46:54Z] [INFO]    ⚠️ task: result
[2026-05-02T03:46:54Z] [INFO]    ⚠️ task: result
[2026-05-02T03:46:54Z] [INFO]    ⚠️ task: result
[2026-05-02T03:46:54Z] [INFO]    ⚠️ task: result
[2026-05-02T03:46:54Z] [INFO]    ⚠️ task: result
[2026-05-02T03:46:54Z] [HEADER] ================================================================================
[2026-05-02T03:46:54Z] [INFO] 🔄 OVERNIGHT RESEARCH PIPELINE - CYCLE #93
[2026-05-02T03:46:54Z] [INFO] ================================================================================
[2026-05-02T03:46:54Z] [HEADER] ============================================================
[2026-05-02T03:46:54Z] [INFO] 🌙 STARTING OVERNIGHT RESEARCH CYCLE #93
[2026-05-02T03:46:54Z] [INFO] 🔍 Running overnight research protocol (web scraping + cross-symbol analysis)...
[2026-05-02T03:46:54Z] [INFO] 📊 Cycle duration: 0.10s, Files generated: 0
[2026-05-02T03:46:54Z] [WARNING] ⚠️ Database not initialized for cycle counting
[2026-05-02T03:46:54Z] [INFO] 💾 Database updated with cycle results
[2026-05-02T03:46:54Z] [SECTION] ============================================================
[2026-05-02T03:46:54Z] [INFO] 🔮 PHASE: HIDDEN LAYERING DETECTION
[2026-05-02T03:46:54Z] [INFO] 🔗 Hidden layering detection complete. Connections identified: 2
[2026-05-02T03:46:54Z] [SECTION] ============================================================
[2026-05-02T03:46:54Z] [INFO] 🔬 PHASE: DOMAIN CORRELATION ANALYSIS
[2026-05-02T03:46:54Z] [INFO] 📊 Domain correlation matrices created: 1
[2026-05-02T03:46:54Z] [SECTION] ============================================================
[2026-05-02T03:46:54Z] [INFO] 🖼️  PHASE: IMAGE-SEED ANALYSIS
[2026-05-02T03:46:54Z] [INFO] 📂 Image seed analysis bootstrapping from 5 images...
[2026-05-02T03:46:54Z] [SECTION] ============================================================
[2026-05-02T03:46:54Z] [INFO] 📤 PHASE: PUSH COMPONENTS TO TOLARIA
[2026-05-02T03:46:55Z] [INFO] 📦 Components pushed to Tolaria: 5
[2026-05-02T03:46:55Z] [SECTION] ============================================================
[2026-05-02T03:46:55Z] [INFO] 🧩 PHASE: COMPOSER - DOMAIN INTEGRATION SYNTHESIS
[2026-05-02T03:47:17Z] [INFO] 🎨 Domain integrations synthesized: 0
[2026-05-02T03:47:17Z] [SECTION] ============================================================
[2026-05-02T03:47:17Z] [INFO] 🚀 PHASE: ADVANCED OVERNIGHT LOOP
[2026-05-02T03:48:22Z] [INFO] 🔬 Advanced loop completed cycles: 0
[2026-05-02T03:48:23Z] [WARNING] ⚠️  Git commit skipped or failed (git not initialized?): Command '['git', '-C', '/home/avalonas/.hermes/gematria/unified_overnight_research', 'add', '.']' returned non-zero exit status 128.
[2026-05-02T03:48:23Z] [INFO] 
📊 CYCLE #93 SUMMARY
[2026-05-02T03:48:23Z] [INFO] ✅ Successful tasks: 7/7
[2026-05-02T03:48:23Z] [INFO] ⏱️  Cycle duration: 88.52s
[2026-05-02T03:48:23Z] [INFO]    ⚠️ task: result
[2026-05-02T03:48:23Z] [INFO]    ⚠️ task: result
[2026-05-02T03:48:23Z] [INFO]    ⚠️ task: result
[2026-05-02T03:48:23Z] [INFO]    ⚠️ task: result
[2026-05-02T03:48:23Z] [INFO]    ⚠️ task: result
[2026-05-02T03:48:23Z] [INFO]    ⚠️ task: result
[2026-05-02T03:48:23Z] [INFO]    ⚠️ task: result
[2026-05-02T03:48:23Z] [HEADER] ================================================================================
[2026-05-02T03:48:23Z] [INFO] 🔄 OVERNIGHT RESEARCH PIPELINE - CYCLE #94
[2026-05-02T03:48:23Z] [INFO] ================================================================================
[2026-05-02T03:48:23Z] [HEADER] ============================================================
[2026-05-02T03:48:23Z] [INFO] 🌙 STARTING OVERNIGHT RESEARCH CYCLE #94
[2026-05-02T03:48:23Z] [INFO] 🔍 Running overnight research protocol (web scraping + cross-symbol analysis)...
[2026-05-02T03:48:23Z] [INFO] 📊 Cycle duration: 0.11s, Files generated: 0
[2026-05-02T03:48:23Z] [WARNING] ⚠️ Database not initialized for cycle counting
[2026-05-02T03:48:23Z] [INFO] 💾 Database updated with cycle results
[2026-05-02T03:48:23Z] [SECTION] ============================================================
[2026-05-02T03:48:23Z] [INFO] 🔮 PHASE: HIDDEN LAYERING DETECTION
[2026-05-02T03:48:23Z] [INFO] 🔗 Hidden layering detection complete. Connections identified: 2
[2026-05-02T03:48:23Z] [SECTION] ============================================================
[2026-05-02T03:48:23Z] [INFO] 🔬 PHASE: DOMAIN CORRELATION ANALYSIS
[2026-05-02T03:48:23Z] [INFO] 📊 Domain correlation matrices created: 1
[2026-05-02T03:48:23Z] [SECTION] ============================================================
[2026-05-02T03:48:23Z] [INFO] 🖼️  PHASE: IMAGE-SEED ANALYSIS
[2026-05-02T03:48:23Z] [INFO] 📂 Image seed analysis bootstrapping from 5 images...
[2026-05-02T03:48:23Z] [SECTION] ============================================================
[2026-05-02T03:48:23Z] [INFO] 📤 PHASE: PUSH COMPONENTS TO TOLARIA
[2026-05-02T03:48:24Z] [INFO] 📦 Components pushed to Tolaria: 5
[2026-05-02T03:48:24Z] [SECTION] ============================================================
[2026-05-02T03:48:24Z] [INFO] 🧩 PHASE: COMPOSER - DOMAIN INTEGRATION SYNTHESIS
[2026-05-02T03:48:45Z] [INFO] 🎨 Domain integrations synthesized: 0
[2026-05-02T03:48:45Z] [SECTION] ============================================================
[2026-05-02T03:48:45Z] [INFO] 🚀 PHASE: ADVANCED OVERNIGHT LOOP
[2026-05-02T03:49:51Z] [INFO] 🔬 Advanced loop completed cycles: 0
[2026-05-02T03:49:51Z] [WARNING] ⚠️  Git commit skipped or failed (git not initialized?): Command '['git', '-C', '/home/avalonas/.hermes/gematria/unified_overnight_research', 'add', '.']' returned non-zero exit status 128.
[2026-05-02T03:49:51Z] [INFO] 
📊 CYCLE #94 SUMMARY
[2026-05-02T03:49:51Z] [INFO] ✅ Successful tasks: 7/7
[2026-05-02T03:49:51Z] [INFO] ⏱️  Cycle duration: 88.87s
[2026-05-02T03:49:51Z] [INFO]    ⚠️ task: result
[2026-05-02T03:49:51Z] [INFO]    ⚠️ task: result
[2026-05-02T03:49:51Z] [INFO]    ⚠️ task: result
[2026-05-02T03:49:51Z] [INFO]    ⚠️ task: result
[2026-05-02T03:49:51Z] [INFO]    ⚠️ task: result
[2026-05-02T03:49:51Z] [INFO]    ⚠️ task: result
[2026-05-02T03:49:51Z] [INFO]    ⚠️ task: result
[2026-05-02T03:49:51Z] [HEADER] ================================================================================
[2026-05-02T03:49:51Z] [INFO] 🔄 OVERNIGHT RESEARCH PIPELINE - CYCLE #95
[2026-05-02T03:49:51Z] [INFO] ================================================================================
[2026-05-02T03:49:51Z] [HEADER] ============================================================
[2026-05-02T03:49:51Z] [INFO] 🌙 STARTING OVERNIGHT RESEARCH CYCLE #95
[2026-05-02T03:49:51Z] [INFO] 🔍 Running overnight research protocol (web scraping + cross-symbol analysis)...
[2026-05-02T03:49:51Z] [INFO] 📊 Cycle duration: 0.10s, Files generated: 0
[2026-05-02T03:49:52Z] [WARNING] ⚠️ Database not initialized for cycle counting
[2026-05-02T03:49:52Z] [INFO] 💾 Database updated with cycle results
[2026-05-02T03:49:52Z] [SECTION] ============================================================
[2026-05-02T03:49:52Z] [INFO] 🔮 PHASE: HIDDEN LAYERING DETECTION
[2026-05-02T03:49:52Z] [INFO] 🔗 Hidden layering detection complete. Connections identified: 2
[2026-05-02T03:49:52Z] [SECTION] ============================================================
[2026-05-02T03:49:52Z] [INFO] 🔬 PHASE: DOMAIN CORRELATION ANALYSIS
[2026-05-02T03:49:52Z] [INFO] 📊 Domain correlation matrices created: 1
[2026-05-02T03:49:52Z] [SECTION] ============================================================
[2026-05-02T03:49:52Z] [INFO] 🖼️  PHASE: IMAGE-SEED ANALYSIS
[2026-05-02T03:49:52Z] [INFO] 📂 Image seed analysis bootstrapping from 5 images...
[2026-05-02T03:49:52Z] [SECTION] ============================================================
[2026-05-02T03:49:52Z] [INFO] 📤 PHASE: PUSH COMPONENTS TO TOLARIA
[2026-05-02T03:49:53Z] [INFO] 📦 Components pushed to Tolaria: 5
[2026-05-02T03:49:53Z] [SECTION] ============================================================
[2026-05-02T03:49:53Z] [INFO] 🧩 PHASE: COMPOSER - DOMAIN INTEGRATION SYNTHESIS
[2026-05-02T03:50:14Z] [INFO] 🎨 Domain integrations synthesized: 0
[2026-05-02T03:50:14Z] [SECTION] ============================================================
[2026-05-02T03:50:14Z] [INFO] 🚀 PHASE: ADVANCED OVERNIGHT LOOP
[2026-05-02T03:51:20Z] [INFO] 🔬 Advanced loop completed cycles: 0
[2026-05-02T03:51:20Z] [WARNING] ⚠️  Git commit skipped or failed (git not initialized?): Command '['git', '-C', '/home/avalonas/.hermes/gematria/unified_overnight_research', 'add', '.']' returned non-zero exit status 128.
[2026-05-02T03:51:20Z] [INFO] 
📊 CYCLE #95 SUMMARY
[2026-05-02T03:51:20Z] [INFO] ✅ Successful tasks: 7/7
[2026-05-02T03:51:20Z] [INFO] ⏱️  Cycle duration: 88.25s
[2026-05-02T03:51:20Z] [INFO]    ⚠️ task: result
[2026-05-02T03:51:20Z] [INFO]    ⚠️ task: result
[2026-05-02T03:51:20Z] [INFO]    ⚠️ task: result
[2026-05-02T03:51:20Z] [INFO]    ⚠️ task: result
[2026-05-02T03:51:20Z] [INFO]    ⚠️ task: result
[2026-05-02T03:51:20Z] [INFO]    ⚠️ task: result
[2026-05-02T03:51:20Z] [INFO]    ⚠️ task: result
[2026-05-02T03:51:20Z] [HEADER] ================================================================================
[2026-05-02T03:51:20Z] [INFO] 🔄 OVERNIGHT RESEARCH PIPELINE - CYCLE #96
[2026-05-02T03:51:20Z] [INFO] ================================================================================
[2026-05-02T03:51:20Z] [HEADER] ============================================================
[2026-05-02T03:51:20Z] [INFO] 🌙 STARTING OVERNIGHT RESEARCH CYCLE #96
[2026-05-02T03:51:20Z] [INFO] 🔍 Running overnight research protocol (web scraping + cross-symbol analysis)...
[2026-05-02T03:51:20Z] [INFO] 📊 Cycle duration: 0.10s, Files generated: 0
[2026-05-02T03:51:20Z] [WARNING] ⚠️ Database not initialized for cycle counting
[2026-05-02T03:51:20Z] [INFO] 💾 Database updated with cycle results
[2026-05-02T03:51:20Z] [SECTION] ============================================================
[2026-05-02T03:51:20Z] [INFO] 🔮 PHASE: HIDDEN LAYERING DETECTION
[2026-05-02T03:51:20Z] [INFO] 🔗 Hidden layering detection complete. Connections identified: 2
[2026-05-02T03:51:20Z] [SECTION] ============================================================
[2026-05-02T03:51:20Z] [INFO] 🔬 PHASE: DOMAIN CORRELATION ANALYSIS
[2026-05-02T03:51:20Z] [INFO] 📊 Domain correlation matrices created: 1
[2026-05-02T03:51:20Z] [SECTION] ============================================================
[2026-05-02T03:51:20Z] [INFO] 🖼️  PHASE: IMAGE-SEED ANALYSIS
[2026-05-02T03:51:20Z] [INFO] 📂 Image seed analysis bootstrapping from 5 images...
[2026-05-02T03:51:20Z] [SECTION] ============================================================
[2026-05-02T03:51:20Z] [INFO] 📤 PHASE: PUSH COMPONENTS TO TOLARIA
[2026-05-02T03:51:21Z] [INFO] 📦 Components pushed to Tolaria: 5
[2026-05-02T03:51:21Z] [SECTION] ============================================================
[2026-05-02T03:51:21Z] [INFO] 🧩 PHASE: COMPOSER - DOMAIN INTEGRATION SYNTHESIS
[2026-05-02T03:51:42Z] [INFO] 🎨 Domain integrations synthesized: 0
[2026-05-02T03:51:42Z] [SECTION] ============================================================
[2026-05-02T03:51:42Z] [INFO] 🚀 PHASE: ADVANCED OVERNIGHT LOOP
[2026-05-02T03:52:48Z] [INFO] 🔬 Advanced loop completed cycles: 0
[2026-05-02T03:52:48Z] [WARNING] ⚠️  Git commit skipped or failed (git not initialized?): Command '['git', '-C', '/home/avalonas/.hermes/gematria/unified_overnight_research', 'add', '.']' returned non-zero exit status 128.
[2026-05-02T03:52:48Z] [INFO] 
📊 CYCLE #96 SUMMARY
[2026-05-02T03:52:48Z] [INFO] ✅ Successful tasks: 7/7
[2026-05-02T03:52:48Z] [INFO] ⏱️  Cycle duration: 88.62s
[2026-05-02T03:52:48Z] [INFO]    ⚠️ task: result
[2026-05-02T03:52:48Z] [INFO]    ⚠️ task: result
[2026-05-02T03:52:48Z] [INFO]    ⚠️ task: result
[2026-05-02T03:52:48Z] [INFO]    ⚠️ task: result
[2026-05-02T03:52:48Z] [INFO]    ⚠️ task: result
[2026-05-02T03:52:48Z] [INFO]    ⚠️ task: result
[2026-05-02T03:52:48Z] [INFO]    ⚠️ task: result
[2026-05-02T03:52:48Z] [HEADER] ================================================================================
[2026-05-02T03:52:48Z] [INFO] 🔄 OVERNIGHT RESEARCH PIPELINE - CYCLE #97
[2026-05-02T03:52:48Z] [INFO] ================================================================================
[2026-05-02T03:52:48Z] [HEADER] ============================================================
[2026-05-02T03:52:48Z] [INFO] 🌙 STARTING OVERNIGHT RESEARCH CYCLE #97
[2026-05-02T03:52:48Z] [INFO] 🔍 Running overnight research protocol (web scraping + cross-symbol analysis)...
[2026-05-02T03:52:48Z] [INFO] 📊 Cycle duration: 0.11s, Files generated: 0
[2026-05-02T03:52:48Z] [WARNING] ⚠️ Database not initialized for cycle counting
[2026-05-02T03:52:48Z] [INFO] 💾 Database updated with cycle results
[2026-05-02T03:52:48Z] [SECTION] ============================================================
[2026-05-02T03:52:48Z] [INFO] 🔮 PHASE: HIDDEN LAYERING DETECTION
[2026-05-02T03:52:48Z] [INFO] 🔗 Hidden layering detection complete. Connections identified: 2
[2026-05-02T03:52:48Z] [SECTION] ============================================================
[2026-05-02T03:52:48Z] [INFO] 🔬 PHASE: DOMAIN CORRELATION ANALYSIS
[2026-05-02T03:52:48Z] [INFO] 📊 Domain correlation matrices created: 1
[2026-05-02T03:52:48Z] [SECTION] ============================================================
[2026-05-02T03:52:48Z] [INFO] 🖼️  PHASE: IMAGE-SEED ANALYSIS
[2026-05-02T03:52:48Z] [INFO] 📂 Image seed analysis bootstrapping from 5 images...
[2026-05-02T03:52:48Z] [SECTION] ============================================================
[2026-05-02T03:52:48Z] [INFO] 📤 PHASE: PUSH COMPONENTS TO TOLARIA
[2026-05-02T03:52:49Z] [INFO] 📦 Components pushed to Tolaria: 5
[2026-05-02T03:52:49Z] [SECTION] ============================================================
[2026-05-02T03:52:49Z] [INFO] 🧩 PHASE: COMPOSER - DOMAIN INTEGRATION SYNTHESIS
[2026-05-02T03:53:11Z] [INFO] 🎨 Domain integrations synthesized: 0
[2026-05-02T03:53:11Z] [SECTION] ============================================================
[2026-05-02T03:53:11Z] [INFO] 🚀 PHASE: ADVANCED OVERNIGHT LOOP
[2026-05-02T03:54:17Z] [INFO] 🔬 Advanced loop completed cycles: 0
[2026-05-02T03:54:17Z] [WARNING] ⚠️  Git commit skipped or failed (git not initialized?): Command '['git', '-C', '/home/avalonas/.hermes/gematria/unified_overnight_research', 'add', '.']' returned non-zero exit status 128.
[2026-05-02T03:54:17Z] [INFO] 
📊 CYCLE #97 SUMMARY
[2026-05-02T03:54:17Z] [INFO] ✅ Successful tasks: 7/7
[2026-05-02T03:54:17Z] [INFO] ⏱️  Cycle duration: 88.37s
[2026-05-02T03:54:17Z] [INFO]    ⚠️ task: result
[2026-05-02T03:54:17Z] [INFO]    ⚠️ task: result
[2026-05-02T03:54:17Z] [INFO]    ⚠️ task: result
[2026-05-02T03:54:17Z] [INFO]    ⚠️ task: result
[2026-05-02T03:54:17Z] [INFO]    ⚠️ task: result
[2026-05-02T03:54:17Z] [INFO]    ⚠️ task: result
[2026-05-02T03:54:17Z] [INFO]    ⚠️ task: result
[2026-05-02T03:54:17Z] [HEADER] ================================================================================
[2026-05-02T03:54:17Z] [INFO] 🔄 OVERNIGHT RESEARCH PIPELINE - CYCLE #98
[2026-05-02T03:54:17Z] [INFO] ================================================================================
[2026-05-02T03:54:17Z] [HEADER] ============================================================
[2026-05-02T03:54:17Z] [INFO] 🌙 STARTING OVERNIGHT RESEARCH CYCLE #98
[2026-05-02T03:54:17Z] [INFO] 🔍 Running overnight research protocol (web scraping + cross-symbol analysis)...
[2026-05-02T03:54:17Z] [INFO] 📊 Cycle duration: 0.11s, Files generated: 0
[2026-05-02T03:54:17Z] [WARNING] ⚠️ Database not initialized for cycle counting
[2026-05-02T03:54:17Z] [INFO] 💾 Database updated with cycle results
[2026-05-02T03:54:17Z] [SECTION] ============================================================
[2026-05-02T03:54:17Z] [INFO] 🔮 PHASE: HIDDEN LAYERING DETECTION
[2026-05-02T03:54:17Z] [INFO] 🔗 Hidden layering detection complete. Connections identified: 2
[2026-05-02T03:54:17Z] [SECTION] ============================================================
[2026-05-02T03:54:17Z] [INFO] 🔬 PHASE: DOMAIN CORRELATION ANALYSIS
[2026-05-02T03:54:17Z] [INFO] 📊 Domain correlation matrices created: 1
[2026-05-02T03:54:17Z] [SECTION] ============================================================
[2026-05-02T03:54:17Z] [INFO] 🖼️  PHASE: IMAGE-SEED ANALYSIS
[2026-05-02T03:54:17Z] [INFO] 📂 Image seed analysis bootstrapping from 5 images...
[2026-05-02T03:54:17Z] [SECTION] ============================================================
[2026-05-02T03:54:17Z] [INFO] 📤 PHASE: PUSH COMPONENTS TO TOLARIA
[2026-05-02T03:54:18Z] [INFO] 📦 Components pushed to Tolaria: 5
[2026-05-02T03:54:18Z] [SECTION] ============================================================
[2026-05-02T03:54:18Z] [INFO] 🧩 PHASE: COMPOSER - DOMAIN INTEGRATION SYNTHESIS
[2026-05-02T03:54:39Z] [INFO] 🎨 Domain integrations synthesized: 0
[2026-05-02T03:54:39Z] [SECTION] ============================================================
[2026-05-02T03:54:39Z] [INFO] 🚀 PHASE: ADVANCED OVERNIGHT LOOP
[2026-05-02T03:55:38Z] [INFO] 🔬 Advanced loop completed cycles: 0
[2026-05-02T03:55:38Z] [WARNING] ⚠️  Git commit skipped or failed (git not initialized?): Command '['git', '-C', '/home/avalonas/.hermes/gematria/unified_overnight_research', 'add', '.']' returned non-zero exit status 128.
[2026-05-02T03:55:38Z] [INFO] 
📊 CYCLE #98 SUMMARY
[2026-05-02T03:55:38Z] [INFO] ✅ Successful tasks: 7/7
[2026-05-02T03:55:38Z] [INFO] ⏱️  Cycle duration: 81.58s
[2026-05-02T03:55:38Z] [INFO]    ⚠️ task: result
[2026-05-02T03:55:38Z] [INFO]    ⚠️ task: result
[2026-05-02T03:55:38Z] [INFO]    ⚠️ task: result
[2026-05-02T03:55:38Z] [INFO]    ⚠️ task: result
[2026-05-02T03:55:38Z] [INFO]    ⚠️ task: result
[2026-05-02T03:55:38Z] [INFO]    ⚠️ task: result
[2026-05-02T03:55:38Z] [INFO]    ⚠️ task: result
[2026-05-02T03:55:38Z] [HEADER] ================================================================================
[2026-05-02T03:55:38Z] [INFO] 🔄 OVERNIGHT RESEARCH PIPELINE - CYCLE #99
[2026-05-02T03:55:38Z] [INFO] ================================================================================
[2026-05-02T03:55:38Z] [HEADER] ============================================================
[2026-05-02T03:55:38Z] [INFO] 🌙 STARTING OVERNIGHT RESEARCH CYCLE #99
[2026-05-02T03:55:38Z] [INFO] 🔍 Running overnight research protocol (web scraping + cross-symbol analysis)...
[2026-05-02T03:55:38Z] [INFO] 📊 Cycle duration: 0.10s, Files generated: 0
[2026-05-02T03:55:38Z] [WARNING] ⚠️ Database not initialized for cycle counting
[2026-05-02T03:55:38Z] [INFO] 💾 Database updated with cycle results
[2026-05-02T03:55:38Z] [SECTION] ============================================================
[2026-05-02T03:55:38Z] [INFO] 🔮 PHASE: HIDDEN LAYERING DETECTION
[2026-05-02T03:55:38Z] [INFO] 🔗 Hidden layering detection complete. Connections identified: 2
[2026-05-02T03:55:38Z] [SECTION] ============================================================
[2026-05-02T03:55:38Z] [INFO] 🔬 PHASE: DOMAIN CORRELATION ANALYSIS
[2026-05-02T03:55:38Z] [INFO] 📊 Domain correlation matrices created: 1
[2026-05-02T03:55:38Z] [SECTION] ============================================================
[2026-05-02T03:55:38Z] [INFO] 🖼️  PHASE: IMAGE-SEED ANALYSIS
[2026-05-02T03:55:38Z] [INFO] 📂 Image seed analysis bootstrapping from 5 images...
[2026-05-02T03:55:38Z] [SECTION] ============================================================
[2026-05-02T03:55:38Z] [INFO] 📤 PHASE: PUSH COMPONENTS TO TOLARIA
[2026-05-02T03:55:39Z] [INFO] 📦 Components pushed to Tolaria: 5
[2026-05-02T03:55:39Z] [SECTION] ============================================================
[2026-05-02T03:55:39Z] [INFO] 🧩 PHASE: COMPOSER - DOMAIN INTEGRATION SYNTHESIS
[2026-05-02T03:56:01Z] [INFO] 🎨 Domain integrations synthesized: 0
[2026-05-02T03:56:01Z] [SECTION] ============================================================
[2026-05-02T03:56:01Z] [INFO] 🚀 PHASE: ADVANCED OVERNIGHT LOOP
[2026-05-02T03:57:08Z] [INFO] 🔬 Advanced loop completed cycles: 0
[2026-05-02T03:57:08Z] [WARNING] ⚠️  Git commit skipped or failed (git not initialized?): Command '['git', '-C', '/home/avalonas/.hermes/gematria/unified_overnight_research', 'add', '.']' returned non-zero exit status 128.
[2026-05-02T03:57:08Z] [INFO] 
📊 CYCLE #99 SUMMARY
[2026-05-02T03:57:08Z] [INFO] ✅ Successful tasks: 7/7
[2026-05-02T03:57:08Z] [INFO] ⏱️  Cycle duration: 89.54s
[2026-05-02T03:57:08Z] [INFO]    ⚠️ task: result
[2026-05-02T03:57:08Z] [INFO]    ⚠️ task: result
[2026-05-02T03:57:08Z] [INFO]    ⚠️ task: result
[2026-05-02T03:57:08Z] [INFO]    ⚠️ task: result
[2026-05-02T03:57:08Z] [INFO]    ⚠️ task: result
[2026-05-02T03:57:08Z] [INFO]    ⚠️ task: result
[2026-05-02T03:57:08Z] [INFO]    ⚠️ task: result
[2026-05-02T03:57:08Z] [HEADER] ================================================================================
[2026-05-02T03:57:08Z] [INFO] 🔄 OVERNIGHT RESEARCH PIPELINE - CYCLE #100
[2026-05-02T03:57:08Z] [INFO] ================================================================================
[2026-05-02T03:57:08Z] [HEADER] ============================================================
[2026-05-02T03:57:08Z] [INFO] 🌙 STARTING OVERNIGHT RESEARCH CYCLE #100
[2026-05-02T03:57:08Z] [INFO] 🔍 Running overnight research protocol (web scraping + cross-symbol analysis)...
[2026-05-02T03:57:08Z] [INFO] 📊 Cycle duration: 0.10s, Files generated: 0
[2026-05-02T03:57:08Z] [WARNING] ⚠️ Database not initialized for cycle counting
[2026-05-02T03:57:08Z] [INFO] 💾 Database updated with cycle results
[2026-05-02T03:57:08Z] [SECTION] ============================================================
[2026-05-02T03:57:08Z] [INFO] 🔮 PHASE: HIDDEN LAYERING DETECTION
[2026-05-02T03:57:08Z] [INFO] 🔗 Hidden layering detection complete. Connections identified: 2
[2026-05-02T03:57:08Z] [SECTION] ============================================================
[2026-05-02T03:57:08Z] [INFO] 🔬 PHASE: DOMAIN CORRELATION ANALYSIS
[2026-05-02T03:57:08Z] [INFO] 📊 Domain correlation matrices created: 1
[2026-05-02T03:57:08Z] [SECTION] ============================================================
[2026-05-02T03:57:08Z] [INFO] 🖼️  PHASE: IMAGE-SEED ANALYSIS
[2026-05-02T03:57:08Z] [INFO] 📂 Image seed analysis bootstrapping from 5 images...
[2026-05-02T03:57:08Z] [SECTION] ============================================================
[2026-05-02T03:57:08Z] [INFO] 📤 PHASE: PUSH COMPONENTS TO TOLARIA
[2026-05-02T03:57:09Z] [INFO] 📦 Components pushed to Tolaria: 5
[2026-05-02T03:57:09Z] [SECTION] ============================================================
[2026-05-02T03:57:09Z] [INFO] 🧩 PHASE: COMPOSER - DOMAIN INTEGRATION SYNTHESIS
[2026-05-02T03:57:30Z] [INFO] 🎨 Domain integrations synthesized: 0
[2026-05-02T03:57:30Z] [SECTION] ============================================================
[2026-05-02T03:57:30Z] [INFO] 🚀 PHASE: ADVANCED OVERNIGHT LOOP
[2026-05-02T03:58:38Z] [INFO] 🔬 Advanced loop completed cycles: 0
[2026-05-02T03:58:38Z] [WARNING] ⚠️  Git commit skipped or failed (git not initialized?): Command '['git', '-C', '/home/avalonas/.hermes/gematria/unified_overnight_research', 'add', '.']' returned non-zero exit status 128.
[2026-05-02T03:58:38Z] [INFO] 
📊 CYCLE #100 SUMMARY
[2026-05-02T03:58:38Z] [INFO] ✅ Successful tasks: 7/7
[2026-05-02T03:58:38Z] [INFO] ⏱️  Cycle duration: 89.89s
[2026-05-02T03:58:38Z] [INFO]    ⚠️ task: result
[2026-05-02T03:58:38Z] [INFO]    ⚠️ task: result
[2026-05-02T03:58:38Z] [INFO]    ⚠️ task: result
[2026-05-02T03:58:38Z] [INFO]    ⚠️ task: result
[2026-05-02T03:58:38Z] [INFO]    ⚠️ task: result
[2026-05-02T03:58:38Z] [INFO]    ⚠️ task: result
[2026-05-02T03:58:38Z] [INFO]    ⚠️ task: result
[2026-05-02T03:58:38Z] [HEADER] ================================================================================
[2026-05-02T03:58:38Z] [INFO] 🔄 OVERNIGHT RESEARCH PIPELINE - CYCLE #101
[2026-05-02T03:58:38Z] [INFO] ================================================================================
[2026-05-02T03:58:38Z] [HEADER] ============================================================
[2026-05-02T03:58:38Z] [INFO] 🌙 STARTING OVERNIGHT RESEARCH CYCLE #101
[2026-05-02T03:58:38Z] [INFO] 🔍 Running overnight research protocol (web scraping + cross-symbol analysis)...
[2026-05-02T03:58:38Z] [INFO] 📊 Cycle duration: 0.10s, Files generated: 0
[2026-05-02T03:58:38Z] [WARNING] ⚠️ Database not initialized for cycle counting
[2026-05-02T03:58:38Z] [INFO] 💾 Database updated with cycle results
[2026-05-02T03:58:38Z] [SECTION] ============================================================
[2026-05-02T03:58:38Z] [INFO] 🔮 PHASE: HIDDEN LAYERING DETECTION
[2026-05-02T03:58:38Z] [INFO] 🔗 Hidden layering detection complete. Connections identified: 2
[2026-05-02T03:58:38Z] [SECTION] ============================================================
[2026-05-02T03:58:38Z] [INFO] 🔬 PHASE: DOMAIN CORRELATION ANALYSIS
[2026-05-02T03:58:38Z] [INFO] 📊 Domain correlation matrices created: 1
[2026-05-02T03:58:38Z] [SECTION] ============================================================
[2026-05-02T03:58:38Z] [INFO] 🖼️  PHASE: IMAGE-SEED ANALYSIS
[2026-05-02T03:58:38Z] [INFO] 📂 Image seed analysis bootstrapping from 5 images...
[2026-05-02T03:58:38Z] [SECTION] ============================================================
[2026-05-02T03:58:38Z] [INFO] 📤 PHASE: PUSH COMPONENTS TO TOLARIA
[2026-05-02T03:58:39Z] [INFO] 📦 Components pushed to Tolaria: 5
[2026-05-02T03:58:39Z] [SECTION] ============================================================
[2026-05-02T03:58:39Z] [INFO] 🧩 PHASE: COMPOSER - DOMAIN INTEGRATION SYNTHESIS
[2026-05-02T03:59:00Z] [INFO] 🎨 Domain integrations synthesized: 0
[2026-05-02T03:59:00Z] [SECTION] ============================================================
[2026-05-02T03:59:00Z] [INFO] 🚀 PHASE: ADVANCED OVERNIGHT LOOP
[2026-05-02T04:00:04Z] [INFO] 🔬 Advanced loop completed cycles: 0
[2026-05-02T04:00:04Z] [WARNING] ⚠️  Git commit skipped or failed (git not initialized?): Command '['git', '-C', '/home/avalonas/.hermes/gematria/unified_overnight_research', 'add', '.']' returned non-zero exit status 128.
[2026-05-02T04:00:04Z] [INFO] 
📊 CYCLE #101 SUMMARY
[2026-05-02T04:00:04Z] [INFO] ✅ Successful tasks: 7/7
[2026-05-02T04:00:04Z] [INFO] ⏱️  Cycle duration: 86.61s
[2026-05-02T04:00:04Z] [INFO]    ⚠️ task: result
[2026-05-02T04:00:04Z] [INFO]    ⚠️ task: result
[2026-05-02T04:00:04Z] [INFO]    ⚠️ task: result
[2026-05-02T04:00:04Z] [INFO]    ⚠️ task: result
[2026-05-02T04:00:04Z] [INFO]    ⚠️ task: result
[2026-05-02T04:00:04Z] [INFO]    ⚠️ task: result
[2026-05-02T04:00:04Z] [INFO]    ⚠️ task: result
[2026-05-02T04:00:04Z] [HEADER] ================================================================================
[2026-05-02T04:00:04Z] [INFO] 🔄 OVERNIGHT RESEARCH PIPELINE - CYCLE #102
[2026-05-02T04:00:04Z] [INFO] ================================================================================
[2026-05-02T04:00:04Z] [HEADER] ============================================================
[2026-05-02T04:00:04Z] [INFO] 🌙 STARTING OVERNIGHT RESEARCH CYCLE #102
[2026-05-02T04:00:04Z] [INFO] 🔍 Running overnight research protocol (web scraping + cross-symbol analysis)...
[2026-05-02T04:00:04Z] [INFO] 📊 Cycle duration: 0.10s, Files generated: 0
[2026-05-02T04:00:04Z] [WARNING] ⚠️ Database not initialized for cycle counting
[2026-05-02T04:00:04Z] [INFO] 💾 Database updated with cycle results
[2026-05-02T04:00:04Z] [SECTION] ============================================================
[2026-05-02T04:00:04Z] [INFO] 🔮 PHASE: HIDDEN LAYERING DETECTION
[2026-05-02T04:00:04Z] [INFO] 🔗 Hidden layering detection complete. Connections identified: 2
[2026-05-02T04:00:04Z] [SECTION] ============================================================
[2026-05-02T04:00:04Z] [INFO] 🔬 PHASE: DOMAIN CORRELATION ANALYSIS
[2026-05-02T04:00:04Z] [INFO] 📊 Domain correlation matrices created: 1
[2026-05-02T04:00:04Z] [SECTION] ============================================================
[2026-05-02T04:00:04Z] [INFO] 🖼️  PHASE: IMAGE-SEED ANALYSIS
[2026-05-02T04:00:04Z] [INFO] 📂 Image seed analysis bootstrapping from 5 images...
[2026-05-02T04:00:04Z] [SECTION] ============================================================
[2026-05-02T04:00:04Z] [INFO] 📤 PHASE: PUSH COMPONENTS TO TOLARIA
[2026-05-02T04:00:05Z] [INFO] 📦 Components pushed to Tolaria: 5
[2026-05-02T04:00:05Z] [SECTION] ============================================================
[2026-05-02T04:00:05Z] [INFO] 🧩 PHASE: COMPOSER - DOMAIN INTEGRATION SYNTHESIS
[2026-05-02T04:00:27Z] [INFO] 🎨 Domain integrations synthesized: 0
[2026-05-02T04:00:27Z] [SECTION] ============================================================
[2026-05-02T04:00:27Z] [INFO] 🚀 PHASE: ADVANCED OVERNIGHT LOOP
[2026-05-02T04:01:33Z] [INFO] 🔬 Advanced loop completed cycles: 0
[2026-05-02T04:01:33Z] [WARNING] ⚠️  Git commit skipped or failed (git not initialized?): Command '['git', '-C', '/home/avalonas/.hermes/gematria/unified_overnight_research', 'add', '.']' returned non-zero exit status 128.
[2026-05-02T04:01:33Z] [INFO] 
📊 CYCLE #102 SUMMARY
[2026-05-02T04:01:33Z] [INFO] ✅ Successful tasks: 7/7
[2026-05-02T04:01:33Z] [INFO] ⏱️  Cycle duration: 89.13s
[2026-05-02T04:01:33Z] [INFO]    ⚠️ task: result
[2026-05-02T04:01:33Z] [INFO]    ⚠️ task: result
[2026-05-02T04:01:33Z] [INFO]    ⚠️ task: result
[2026-05-02T04:01:33Z] [INFO]    ⚠️ task: result
[2026-05-02T04:01:33Z] [INFO]    ⚠️ task: result
[2026-05-02T04:01:33Z] [INFO]    ⚠️ task: result
[2026-05-02T04:01:33Z] [INFO]    ⚠️ task: result
[2026-05-02T04:01:33Z] [HEADER] ================================================================================
[2026-05-02T04:01:33Z] [INFO] 🔄 OVERNIGHT RESEARCH PIPELINE - CYCLE #103
[2026-05-02T04:01:33Z] [INFO] ================================================================================
[2026-05-02T04:01:33Z] [HEADER] ============================================================
[2026-05-02T04:01:33Z] [INFO] 🌙 STARTING OVERNIGHT RESEARCH CYCLE #103
[2026-05-02T04:01:33Z] [INFO] 🔍 Running overnight research protocol (web scraping + cross-symbol analysis)...
[2026-05-02T04:01:33Z] [INFO] 📊 Cycle duration: 0.10s, Files generated: 0
[2026-05-02T04:01:33Z] [WARNING] ⚠️ Database not initialized for cycle counting
[2026-05-02T04:01:33Z] [INFO] 💾 Database updated with cycle results
[2026-05-02T04:01:33Z] [SECTION] ============================================================
[2026-05-02T04:01:33Z] [INFO] 🔮 PHASE: HIDDEN LAYERING DETECTION
[2026-05-02T04:01:34Z] [INFO] 🔗 Hidden layering detection complete. Connections identified: 2
[2026-05-02T04:01:34Z] [SECTION] ============================================================
[2026-05-02T04:01:34Z] [INFO] 🔬 PHASE: DOMAIN CORRELATION ANALYSIS
[2026-05-02T04:01:34Z] [INFO] 📊 Domain correlation matrices created: 1
[2026-05-02T04:01:34Z] [SECTION] ============================================================
[2026-05-02T04:01:34Z] [INFO] 🖼️  PHASE: IMAGE-SEED ANALYSIS
[2026-05-02T04:01:34Z] [INFO] 📂 Image seed analysis bootstrapping from 5 images...
[2026-05-02T04:01:34Z] [SECTION] ============================================================
[2026-05-02T04:01:34Z] [INFO] 📤 PHASE: PUSH COMPONENTS TO TOLARIA
[2026-05-02T04:01:34Z] [INFO] 📦 Components pushed to Tolaria: 5
[2026-05-02T04:01:34Z] [SECTION] ============================================================
[2026-05-02T04:01:34Z] [INFO] 🧩 PHASE: COMPOSER - DOMAIN INTEGRATION SYNTHESIS
[2026-05-02T04:01:56Z] [INFO] 🎨 Domain integrations synthesized: 0
[2026-05-02T04:01:56Z] [SECTION] ============================================================
[2026-05-02T04:01:56Z] [INFO] 🚀 PHASE: ADVANCED OVERNIGHT LOOP
[2026-05-02T04:03:03Z] [INFO] 🔬 Advanced loop completed cycles: 0
[2026-05-02T04:03:03Z] [WARNING] ⚠️  Git commit skipped or failed (git not initialized?): Command '['git', '-C', '/home/avalonas/.hermes/gematria/unified_overnight_research', 'add', '.']' returned non-zero exit status 128.
[2026-05-02T04:03:03Z] [INFO] 
📊 CYCLE #103 SUMMARY
[2026-05-02T04:03:03Z] [INFO] ✅ Successful tasks: 7/7
[2026-05-02T04:03:03Z] [INFO] ⏱️  Cycle duration: 89.75s
[2026-05-02T04:03:03Z] [INFO]    ⚠️ task: result
[2026-05-02T04:03:03Z] [INFO]    ⚠️ task: result
[2026-05-02T04:03:03Z] [INFO]    ⚠️ task: result
[2026-05-02T04:03:03Z] [INFO]    ⚠️ task: result
[2026-05-02T04:03:03Z] [INFO]    ⚠️ task: result
[2026-05-02T04:03:03Z] [INFO]    ⚠️ task: result
[2026-05-02T04:03:03Z] [INFO]    ⚠️ task: result
[2026-05-02T04:03:03Z] [HEADER] ================================================================================
[2026-05-02T04:03:03Z] [INFO] 🔄 OVERNIGHT RESEARCH PIPELINE - CYCLE #104
[2026-05-02T04:03:03Z] [INFO] ================================================================================
[2026-05-02T04:03:03Z] [HEADER] ============================================================
[2026-05-02T04:03:03Z] [INFO] 🌙 STARTING OVERNIGHT RESEARCH CYCLE #104
[2026-05-02T04:03:03Z] [INFO] 🔍 Running overnight research protocol (web scraping + cross-symbol analysis)...
[2026-05-02T04:03:03Z] [INFO] 📊 Cycle duration: 0.10s, Files generated: 0
[2026-05-02T04:03:03Z] [WARNING] ⚠️ Database not initialized for cycle counting
[2026-05-02T04:03:03Z] [INFO] 💾 Database updated with cycle results
[2026-05-02T04:03:03Z] [SECTION] ============================================================
[2026-05-02T04:03:03Z] [INFO] 🔮 PHASE: HIDDEN LAYERING DETECTION
[2026-05-02T04:03:03Z] [INFO] 🔗 Hidden layering detection complete. Connections identified: 2
[2026-05-02T04:03:03Z] [SECTION] ============================================================
[2026-05-02T04:03:03Z] [INFO] 🔬 PHASE: DOMAIN CORRELATION ANALYSIS
[2026-05-02T04:03:03Z] [INFO] 📊 Domain correlation matrices created: 1
[2026-05-02T04:03:03Z] [SECTION] ============================================================
[2026-05-02T04:03:03Z] [INFO] 🖼️  PHASE: IMAGE-SEED ANALYSIS
[2026-05-02T04:03:03Z] [INFO] 📂 Image seed analysis bootstrapping from 5 images...
[2026-05-02T04:03:03Z] [SECTION] ============================================================
[2026-05-02T04:03:03Z] [INFO] 📤 PHASE: PUSH COMPONENTS TO TOLARIA
[2026-05-02T04:03:04Z] [INFO] 📦 Components pushed to Tolaria: 5
[2026-05-02T04:03:04Z] [SECTION] ============================================================
[2026-05-02T04:03:04Z] [INFO] 🧩 PHASE: COMPOSER - DOMAIN INTEGRATION SYNTHESIS
[2026-05-02T04:03:26Z] [INFO] 🎨 Domain integrations synthesized: 0
[2026-05-02T04:03:26Z] [SECTION] ============================================================
[2026-05-02T04:03:26Z] [INFO] 🚀 PHASE: ADVANCED OVERNIGHT LOOP
[2026-05-02T04:04:32Z] [INFO] 🔬 Advanced loop completed cycles: 0
[2026-05-02T04:04:32Z] [WARNING] ⚠️  Git commit skipped or failed (git not initialized?): Command '['git', '-C', '/home/avalonas/.hermes/gematria/unified_overnight_research', 'add', '.']' returned non-zero exit status 128.
[2026-05-02T04:04:32Z] [INFO] 
📊 CYCLE #104 SUMMARY
[2026-05-02T04:04:32Z] [INFO] ✅ Successful tasks: 7/7
[2026-05-02T04:04:32Z] [INFO] ⏱️  Cycle duration: 89.25s
[2026-05-02T04:04:32Z] [INFO]    ⚠️ task: result
[2026-05-02T04:04:32Z] [INFO]    ⚠️ task: result
[2026-05-02T04:04:32Z] [INFO]    ⚠️ task: result
[2026-05-02T04:04:32Z] [INFO]    ⚠️ task: result
[2026-05-02T04:04:32Z] [INFO]    ⚠️ task: result
[2026-05-02T04:04:32Z] [INFO]    ⚠️ task: result
[2026-05-02T04:04:32Z] [INFO]    ⚠️ task: result
[2026-05-02T04:04:32Z] [HEADER] ================================================================================
[2026-05-02T04:04:32Z] [INFO] 🔄 OVERNIGHT RESEARCH PIPELINE - CYCLE #105
[2026-05-02T04:04:32Z] [INFO] ================================================================================
[2026-05-02T04:04:32Z] [HEADER] ============================================================
[2026-05-02T04:04:32Z] [INFO] 🌙 STARTING OVERNIGHT RESEARCH CYCLE #105
[2026-05-02T04:04:32Z] [INFO] 🔍 Running overnight research protocol (web scraping + cross-symbol analysis)...
[2026-05-02T04:04:33Z] [INFO] 📊 Cycle duration: 0.12s, Files generated: 0
[2026-05-02T04:04:33Z] [WARNING] ⚠️ Database not initialized for cycle counting
[2026-05-02T04:04:33Z] [INFO] 💾 Database updated with cycle results
[2026-05-02T04:04:33Z] [SECTION] ============================================================
[2026-05-02T04:04:33Z] [INFO] 🔮 PHASE: HIDDEN LAYERING DETECTION
[2026-05-02T04:04:33Z] [INFO] 🔗 Hidden layering detection complete. Connections identified: 2
[2026-05-02T04:04:33Z] [SECTION] ============================================================
[2026-05-02T04:04:33Z] [INFO] 🔬 PHASE: DOMAIN CORRELATION ANALYSIS
[2026-05-02T04:04:33Z] [INFO] 📊 Domain correlation matrices created: 1
[2026-05-02T04:04:33Z] [SECTION] ============================================================
[2026-05-02T04:04:33Z] [INFO] 🖼️  PHASE: IMAGE-SEED ANALYSIS
[2026-05-02T04:04:33Z] [INFO] 📂 Image seed analysis bootstrapping from 5 images...
[2026-05-02T04:04:33Z] [SECTION] ============================================================
[2026-05-02T04:04:33Z] [INFO] 📤 PHASE: PUSH COMPONENTS TO TOLARIA
[2026-05-02T04:04:33Z] [INFO] 📦 Components pushed to Tolaria: 5
[2026-05-02T04:04:33Z] [SECTION] ============================================================
[2026-05-02T04:04:33Z] [INFO] 🧩 PHASE: COMPOSER - DOMAIN INTEGRATION SYNTHESIS
[2026-05-02T04:04:55Z] [INFO] 🎨 Domain integrations synthesized: 0
[2026-05-02T04:04:55Z] [SECTION] ============================================================
[2026-05-02T04:04:55Z] [INFO] 🚀 PHASE: ADVANCED OVERNIGHT LOOP
[2026-05-02T04:06:02Z] [INFO] 🔬 Advanced loop completed cycles: 0
[2026-05-02T04:06:02Z] [WARNING] ⚠️  Git commit skipped or failed (git not initialized?): Command '['git', '-C', '/home/avalonas/.hermes/gematria/unified_overnight_research', 'add', '.']' returned non-zero exit status 128.
[2026-05-02T04:06:02Z] [INFO] 
📊 CYCLE #105 SUMMARY
[2026-05-02T04:06:02Z] [INFO] ✅ Successful tasks: 7/7
[2026-05-02T04:06:02Z] [INFO] ⏱️  Cycle duration: 89.38s
[2026-05-02T04:06:02Z] [INFO]    ⚠️ task: result
[2026-05-02T04:06:02Z] [INFO]    ⚠️ task: result
[2026-05-02T04:06:02Z] [INFO]    ⚠️ task: result
[2026-05-02T04:06:02Z] [INFO]    ⚠️ task: result
[2026-05-02T04:06:02Z] [INFO]    ⚠️ task: result
[2026-05-02T04:06:02Z] [INFO]    ⚠️ task: result
[2026-05-02T04:06:02Z] [INFO]    ⚠️ task: result
[2026-05-02T04:06:02Z] [HEADER] ================================================================================
[2026-05-02T04:06:02Z] [INFO] 🔄 OVERNIGHT RESEARCH PIPELINE - CYCLE #106
[2026-05-02T04:06:02Z] [INFO] ================================================================================
[2026-05-02T04:06:02Z] [HEADER] ============================================================
[2026-05-02T04:06:02Z] [INFO] 🌙 STARTING OVERNIGHT RESEARCH CYCLE #106
[2026-05-02T04:06:02Z] [INFO] 🔍 Running overnight research protocol (web scraping + cross-symbol analysis)...
[2026-05-02T04:06:02Z] [INFO] 📊 Cycle duration: 0.11s, Files generated: 0
[2026-05-02T04:06:02Z] [WARNING] ⚠️ Database not initialized for cycle counting
[2026-05-02T04:06:02Z] [INFO] 💾 Database updated with cycle results
[2026-05-02T04:06:02Z] [SECTION] ============================================================
[2026-05-02T04:06:02Z] [INFO] 🔮 PHASE: HIDDEN LAYERING DETECTION
[2026-05-02T04:06:02Z] [INFO] 🔗 Hidden layering detection complete. Connections identified: 2
[2026-05-02T04:06:02Z] [SECTION] ============================================================
[2026-05-02T04:06:02Z] [INFO] 🔬 PHASE: DOMAIN CORRELATION ANALYSIS
[2026-05-02T04:06:02Z] [INFO] 📊 Domain correlation matrices created: 1
[2026-05-02T04:06:02Z] [SECTION] ============================================================
[2026-05-02T04:06:02Z] [INFO] 🖼️  PHASE: IMAGE-SEED ANALYSIS
[2026-05-02T04:06:02Z] [INFO] 📂 Image seed analysis bootstrapping from 5 images...
[2026-05-02T04:06:02Z] [SECTION] ============================================================
[2026-05-02T04:06:02Z] [INFO] 📤 PHASE: PUSH COMPONENTS TO TOLARIA
[2026-05-02T04:06:03Z] [INFO] 📦 Components pushed to Tolaria: 5
[2026-05-02T04:06:03Z] [SECTION] ============================================================
[2026-05-02T04:06:03Z] [INFO] 🧩 PHASE: COMPOSER - DOMAIN INTEGRATION SYNTHESIS
[2026-05-02T04:06:24Z] [INFO] 🎨 Domain integrations synthesized: 0
[2026-05-02T04:06:24Z] [SECTION] ============================================================
[2026-05-02T04:06:24Z] [INFO] 🚀 PHASE: ADVANCED OVERNIGHT LOOP
[2026-05-02T04:07:31Z] [INFO] 🔬 Advanced loop completed cycles: 0
[2026-05-02T04:07:31Z] [WARNING] ⚠️  Git commit skipped or failed (git not initialized?): Command '['git', '-C', '/home/avalonas/.hermes/gematria/unified_overnight_research', 'add', '.']' returned non-zero exit status 128.
[2026-05-02T04:07:31Z] [INFO] 
📊 CYCLE #106 SUMMARY
[2026-05-02T04:07:31Z] [INFO] ✅ Successful tasks: 7/7
[2026-05-02T04:07:31Z] [INFO] ⏱️  Cycle duration: 88.87s
[2026-05-02T04:07:31Z] [INFO]    ⚠️ task: result
[2026-05-02T04:07:31Z] [INFO]    ⚠️ task: result
[2026-05-02T04:07:31Z] [INFO]    ⚠️ task: result
[2026-05-02T04:07:31Z] [INFO]    ⚠️ task: result
[2026-05-02T04:07:31Z] [INFO]    ⚠️ task: result
[2026-05-02T04:07:31Z] [INFO]    ⚠️ task: result
[2026-05-02T04:07:31Z] [INFO]    ⚠️ task: result
[2026-05-02T04:07:31Z] [HEADER] ================================================================================
[2026-05-02T04:07:31Z] [INFO] 🔄 OVERNIGHT RESEARCH PIPELINE - CYCLE #107
[2026-05-02T04:07:31Z] [INFO] ================================================================================
[2026-05-02T04:07:31Z] [HEADER] ============================================================
[2026-05-02T04:07:31Z] [INFO] 🌙 STARTING OVERNIGHT RESEARCH CYCLE #107
[2026-05-02T04:07:31Z] [INFO] 🔍 Running overnight research protocol (web scraping + cross-symbol analysis)...
[2026-05-02T04:07:31Z] [INFO] 📊 Cycle duration: 0.11s, Files generated: 0
[2026-05-02T04:07:31Z] [WARNING] ⚠️ Database not initialized for cycle counting
[2026-05-02T04:07:31Z] [INFO] 💾 Database updated with cycle results
[2026-05-02T04:07:31Z] [SECTION] ============================================================
[2026-05-02T04:07:31Z] [INFO] 🔮 PHASE: HIDDEN LAYERING DETECTION
[2026-05-02T04:07:31Z] [INFO] 🔗 Hidden layering detection complete. Connections identified: 2
[2026-05-02T04:07:31Z] [SECTION] ============================================================
[2026-05-02T04:07:31Z] [INFO] 🔬 PHASE: DOMAIN CORRELATION ANALYSIS
[2026-05-02T04:07:31Z] [INFO] 📊 Domain correlation matrices created: 2
[2026-05-02T04:07:31Z] [SECTION] ============================================================
[2026-05-02T04:07:31Z] [INFO] 🖼️  PHASE: IMAGE-SEED ANALYSIS
[2026-05-02T04:07:31Z] [INFO] 📂 Image seed analysis bootstrapping from 5 images...
[2026-05-02T04:07:31Z] [SECTION] ============================================================
[2026-05-02T04:07:31Z] [INFO] 📤 PHASE: PUSH COMPONENTS TO TOLARIA
[2026-05-02T04:07:32Z] [INFO] 📦 Components pushed to Tolaria: 5
[2026-05-02T04:07:32Z] [SECTION] ============================================================
[2026-05-02T04:07:32Z] [INFO] 🧩 PHASE: COMPOSER - DOMAIN INTEGRATION SYNTHESIS
[2026-05-02T04:07:53Z] [INFO] 🎨 Domain integrations synthesized: 0
[2026-05-02T04:07:53Z] [SECTION] ============================================================
[2026-05-02T04:07:53Z] [INFO] 🚀 PHASE: ADVANCED OVERNIGHT LOOP
[2026-05-02T04:09:00Z] [INFO] 🔬 Advanced loop completed cycles: 0
[2026-05-02T04:09:00Z] [WARNING] ⚠️  Git commit skipped or failed (git not initialized?): Command '['git', '-C', '/home/avalonas/.hermes/gematria/unified_overnight_research', 'add', '.']' returned non-zero exit status 128.
[2026-05-02T04:09:00Z] [INFO] 
📊 CYCLE #107 SUMMARY
[2026-05-02T04:09:00Z] [INFO] ✅ Successful tasks: 7/7
[2026-05-02T04:09:00Z] [INFO] ⏱️  Cycle duration: 89.62s
[2026-05-02T04:09:00Z] [INFO]    ⚠️ task: result
[2026-05-02T04:09:00Z] [INFO]    ⚠️ task: result
[2026-05-02T04:09:00Z] [INFO]    ⚠️ task: result
[2026-05-02T04:09:00Z] [INFO]    ⚠️ task: result
[2026-05-02T04:09:00Z] [INFO]    ⚠️ task: result
[2026-05-02T04:09:00Z] [INFO]    ⚠️ task: result
[2026-05-02T04:09:00Z] [INFO]    ⚠️ task: result
[2026-05-02T04:09:00Z] [HEADER] ================================================================================
[2026-05-02T04:09:00Z] [INFO] 🔄 OVERNIGHT RESEARCH PIPELINE - CYCLE #108
[2026-05-02T04:09:00Z] [INFO] ================================================================================
[2026-05-02T04:09:00Z] [HEADER] ============================================================
[2026-05-02T04:09:00Z] [INFO] 🌙 STARTING OVERNIGHT RESEARCH CYCLE #108
[2026-05-02T04:09:00Z] [INFO] 🔍 Running overnight research protocol (web scraping + cross-symbol analysis)...
[2026-05-02T04:09:00Z] [INFO] 📊 Cycle duration: 0.11s, Files generated: 0
[2026-05-02T04:09:00Z] [WARNING] ⚠️ Database not initialized for cycle counting
[2026-05-02T04:09:00Z] [INFO] 💾 Database updated with cycle results
[2026-05-02T04:09:00Z] [SECTION] ============================================================
[2026-05-02T04:09:00Z] [INFO] 🔮 PHASE: HIDDEN LAYERING DETECTION
[2026-05-02T04:09:00Z] [INFO] 🔗 Hidden layering detection complete. Connections identified: 2
[2026-05-02T04:09:00Z] [SECTION] ============================================================
[2026-05-02T04:09:00Z] [INFO] 🔬 PHASE: DOMAIN CORRELATION ANALYSIS
[2026-05-02T04:09:00Z] [INFO] 📊 Domain correlation matrices created: 2
[2026-05-02T04:09:00Z] [SECTION] ============================================================
[2026-05-02T04:09:00Z] [INFO] 🖼️  PHASE: IMAGE-SEED ANALYSIS
[2026-05-02T04:09:00Z] [INFO] 📂 Image seed analysis bootstrapping from 5 images...
[2026-05-02T04:09:00Z] [SECTION] ============================================================
[2026-05-02T04:09:00Z] [INFO] 📤 PHASE: PUSH COMPONENTS TO TOLARIA
[2026-05-02T04:09:01Z] [INFO] 📦 Components pushed to Tolaria: 5
[2026-05-02T04:09:01Z] [SECTION] ============================================================
[2026-05-02T04:09:01Z] [INFO] 🧩 PHASE: COMPOSER - DOMAIN INTEGRATION SYNTHESIS
[2026-05-02T04:09:23Z] [INFO] 🎨 Domain integrations synthesized: 0
[2026-05-02T04:09:23Z] [SECTION] ============================================================
[2026-05-02T04:09:23Z] [INFO] 🚀 PHASE: ADVANCED OVERNIGHT LOOP
[2026-05-02T04:10:29Z] [INFO] 🔬 Advanced loop completed cycles: 0
[2026-05-02T04:10:30Z] [WARNING] ⚠️  Git commit skipped or failed (git not initialized?): Command '['git', '-C', '/home/avalonas/.hermes/gematria/unified_overnight_research', 'add', '.']' returned non-zero exit status 128.
[2026-05-02T04:10:30Z] [INFO] 
📊 CYCLE #108 SUMMARY
[2026-05-02T04:10:30Z] [INFO] ✅ Successful tasks: 7/7
[2026-05-02T04:10:30Z] [INFO] ⏱️  Cycle duration: 89.25s
[2026-05-02T04:10:30Z] [INFO]    ⚠️ task: result
[2026-05-02T04:10:30Z] [INFO]    ⚠️ task: result
[2026-05-02T04:10:30Z] [INFO]    ⚠️ task: result
[2026-05-02T04:10:30Z] [INFO]    ⚠️ task: result
[2026-05-02T04:10:30Z] [INFO]    ⚠️ task: result
[2026-05-02T04:10:30Z] [INFO]    ⚠️ task: result
[2026-05-02T04:10:30Z] [INFO]    ⚠️ task: result
[2026-05-02T04:10:30Z] [HEADER] ================================================================================
[2026-05-02T04:10:30Z] [INFO] 🔄 OVERNIGHT RESEARCH PIPELINE - CYCLE #109
[2026-05-02T04:10:30Z] [INFO] ================================================================================
[2026-05-02T04:10:30Z] [HEADER] ============================================================
[2026-05-02T04:10:30Z] [INFO] 🌙 STARTING OVERNIGHT RESEARCH CYCLE #109
[2026-05-02T04:10:30Z] [INFO] 🔍 Running overnight research protocol (web scraping + cross-symbol analysis)...
[2026-05-02T04:10:30Z] [INFO] 📊 Cycle duration: 0.10s, Files generated: 0
[2026-05-02T04:10:30Z] [WARNING] ⚠️ Database not initialized for cycle counting
[2026-05-02T04:10:30Z] [INFO] 💾 Database updated with cycle results
[2026-05-02T04:10:30Z] [SECTION] ============================================================
[2026-05-02T04:10:30Z] [INFO] 🔮 PHASE: HIDDEN LAYERING DETECTION
[2026-05-02T04:10:30Z] [INFO] 🔗 Hidden layering detection complete. Connections identified: 2
[2026-05-02T04:10:30Z] [SECTION] ============================================================
[2026-05-02T04:10:30Z] [INFO] 🔬 PHASE: DOMAIN CORRELATION ANALYSIS
[2026-05-02T04:10:30Z] [INFO] 📊 Domain correlation matrices created: 2
[2026-05-02T04:10:30Z] [SECTION] ============================================================
[2026-05-02T04:10:30Z] [INFO] 🖼️  PHASE: IMAGE-SEED ANALYSIS
[2026-05-02T04:10:30Z] [INFO] 📂 Image seed analysis bootstrapping from 5 images...
[2026-05-02T04:10:30Z] [SECTION] ============================================================
[2026-05-02T04:10:30Z] [INFO] 📤 PHASE: PUSH COMPONENTS TO TOLARIA
[2026-05-02T04:10:31Z] [INFO] 📦 Components pushed to Tolaria: 5
[2026-05-02T04:10:31Z] [SECTION] ============================================================
[2026-05-02T04:10:31Z] [INFO] 🧩 PHASE: COMPOSER - DOMAIN INTEGRATION SYNTHESIS
[2026-05-02T04:10:52Z] [INFO] 🎨 Domain integrations synthesized: 0
[2026-05-02T04:10:52Z] [SECTION] ============================================================
[2026-05-02T04:10:52Z] [INFO] 🚀 PHASE: ADVANCED OVERNIGHT LOOP
[2026-05-02T04:11:59Z] [INFO] 🔬 Advanced loop completed cycles: 0
[2026-05-02T04:11:59Z] [WARNING] ⚠️  Git commit skipped or failed (git not initialized?): Command '['git', '-C', '/home/avalonas/.hermes/gematria/unified_overnight_research', 'add', '.']' returned non-zero exit status 128.
[2026-05-02T04:11:59Z] [INFO] 
📊 CYCLE #109 SUMMARY
[2026-05-02T04:11:59Z] [INFO] ✅ Successful tasks: 7/7
[2026-05-02T04:11:59Z] [INFO] ⏱️  Cycle duration: 89.63s
[2026-05-02T04:11:59Z] [INFO]    ⚠️ task: result
[2026-05-02T04:11:59Z] [INFO]    ⚠️ task: result
[2026-05-02T04:11:59Z] [INFO]    ⚠️ task: result
[2026-05-02T04:11:59Z] [INFO]    ⚠️ task: result
[2026-05-02T04:11:59Z] [INFO]    ⚠️ task: result
[2026-05-02T04:11:59Z] [INFO]    ⚠️ task: result
[2026-05-02T04:11:59Z] [INFO]    ⚠️ task: result
[2026-05-02T04:11:59Z] [HEADER] ================================================================================
[2026-05-02T04:11:59Z] [INFO] 🔄 OVERNIGHT RESEARCH PIPELINE - CYCLE #110
[2026-05-02T04:11:59Z] [INFO] ================================================================================
[2026-05-02T04:11:59Z] [HEADER] ============================================================
[2026-05-02T04:11:59Z] [INFO] 🌙 STARTING OVERNIGHT RESEARCH CYCLE #110
[2026-05-02T04:11:59Z] [INFO] 🔍 Running overnight research protocol (web scraping + cross-symbol analysis)...
[2026-05-02T04:11:59Z] [INFO] 📊 Cycle duration: 0.10s, Files generated: 0
[2026-05-02T04:11:59Z] [WARNING] ⚠️ Database not initialized for cycle counting
[2026-05-02T04:11:59Z] [INFO] 💾 Database updated with cycle results
[2026-05-02T04:11:59Z] [SECTION] ============================================================
[2026-05-02T04:11:59Z] [INFO] 🔮 PHASE: HIDDEN LAYERING DETECTION
[2026-05-02T04:11:59Z] [INFO] 🔗 Hidden layering detection complete. Connections identified: 2
[2026-05-02T04:11:59Z] [SECTION] ============================================================
[2026-05-02T04:11:59Z] [INFO] 🔬 PHASE: DOMAIN CORRELATION ANALYSIS
[2026-05-02T04:11:59Z] [INFO] 📊 Domain correlation matrices created: 2
[2026-05-02T04:11:59Z] [SECTION] ============================================================
[2026-05-02T04:11:59Z] [INFO] 🖼️  PHASE: IMAGE-SEED ANALYSIS
[2026-05-02T04:11:59Z] [INFO] 📂 Image seed analysis bootstrapping from 5 images...
[2026-05-02T04:11:59Z] [SECTION] ============================================================
[2026-05-02T04:11:59Z] [INFO] 📤 PHASE: PUSH COMPONENTS TO TOLARIA
[2026-05-02T04:12:00Z] [INFO] 📦 Components pushed to Tolaria: 5
[2026-05-02T04:12:00Z] [SECTION] ============================================================
[2026-05-02T04:12:00Z] [INFO] 🧩 PHASE: COMPOSER - DOMAIN INTEGRATION SYNTHESIS
[2026-05-02T04:12:22Z] [INFO] 🎨 Domain integrations synthesized: 0
[2026-05-02T04:12:22Z] [SECTION] ============================================================
[2026-05-02T04:12:22Z] [INFO] 🚀 PHASE: ADVANCED OVERNIGHT LOOP
[2026-05-02T04:13:28Z] [INFO] 🔬 Advanced loop completed cycles: 0
[2026-05-02T04:13:28Z] [WARNING] ⚠️  Git commit skipped or failed (git not initialized?): Command '['git', '-C', '/home/avalonas/.hermes/gematria/unified_overnight_research', 'add', '.']' returned non-zero exit status 128.
[2026-05-02T04:13:28Z] [INFO] 
📊 CYCLE #110 SUMMARY
[2026-05-02T04:13:28Z] [INFO] ✅ Successful tasks: 7/7
[2026-05-02T04:13:28Z] [INFO] ⏱️  Cycle duration: 88.86s
[2026-05-02T04:13:28Z] [INFO]    ⚠️ task: result
[2026-05-02T04:13:28Z] [INFO]    ⚠️ task: result
[2026-05-02T04:13:28Z] [INFO]    ⚠️ task: result
[2026-05-02T04:13:28Z] [INFO]    ⚠️ task: result
[2026-05-02T04:13:28Z] [INFO]    ⚠️ task: result
[2026-05-02T04:13:28Z] [INFO]    ⚠️ task: result
[2026-05-02T04:13:28Z] [INFO]    ⚠️ task: result
[2026-05-02T04:13:28Z] [HEADER] ================================================================================
[2026-05-02T04:13:28Z] [INFO] 🔄 OVERNIGHT RESEARCH PIPELINE - CYCLE #111
[2026-05-02T04:13:28Z] [INFO] ================================================================================
[2026-05-02T04:13:28Z] [HEADER] ============================================================
[2026-05-02T04:13:28Z] [INFO] 🌙 STARTING OVERNIGHT RESEARCH CYCLE #111
[2026-05-02T04:13:28Z] [INFO] 🔍 Running overnight research protocol (web scraping + cross-symbol analysis)...
[2026-05-02T04:13:28Z] [INFO] 📊 Cycle duration: 0.10s, Files generated: 0
[2026-05-02T04:13:28Z] [WARNING] ⚠️ Database not initialized for cycle counting
[2026-05-02T04:13:28Z] [INFO] 💾 Database updated with cycle results
[2026-05-02T04:13:28Z] [SECTION] ============================================================
[2026-05-02T04:13:28Z] [INFO] 🔮 PHASE: HIDDEN LAYERING DETECTION
[2026-05-02T04:13:28Z] [INFO] 🔗 Hidden layering detection complete. Connections identified: 2
[2026-05-02T04:13:28Z] [SECTION] ============================================================
[2026-05-02T04:13:28Z] [INFO] 🔬 PHASE: DOMAIN CORRELATION ANALYSIS
[2026-05-02T04:13:28Z] [INFO] 📊 Domain correlation matrices created: 2
[2026-05-02T04:13:28Z] [SECTION] ============================================================
[2026-05-02T04:13:28Z] [INFO] 🖼️  PHASE: IMAGE-SEED ANALYSIS
[2026-05-02T04:13:28Z] [INFO] 📂 Image seed analysis bootstrapping from 5 images...
[2026-05-02T04:13:28Z] [SECTION] ============================================================
[2026-05-02T04:13:28Z] [INFO] 📤 PHASE: PUSH COMPONENTS TO TOLARIA
[2026-05-02T04:13:29Z] [INFO] 📦 Components pushed to Tolaria: 5
[2026-05-02T04:13:29Z] [SECTION] ============================================================
[2026-05-02T04:13:29Z] [INFO] 🧩 PHASE: COMPOSER - DOMAIN INTEGRATION SYNTHESIS
[2026-05-02T04:13:51Z] [INFO] 🎨 Domain integrations synthesized: 0
[2026-05-02T04:13:51Z] [SECTION] ============================================================
[2026-05-02T04:13:51Z] [INFO] 🚀 PHASE: ADVANCED OVERNIGHT LOOP
[2026-05-02T04:14:58Z] [INFO] 🔬 Advanced loop completed cycles: 0
[2026-05-02T04:14:58Z] [WARNING] ⚠️  Git commit skipped or failed (git not initialized?): Command '['git', '-C', '/home/avalonas/.hermes/gematria/unified_overnight_research', 'add', '.']' returned non-zero exit status 128.
[2026-05-02T04:14:58Z] [INFO] 
📊 CYCLE #111 SUMMARY
[2026-05-02T04:14:58Z] [INFO] ✅ Successful tasks: 7/7
[2026-05-02T04:14:58Z] [INFO] ⏱️  Cycle duration: 90.01s
[2026-05-02T04:14:58Z] [INFO]    ⚠️ task: result
[2026-05-02T04:14:58Z] [INFO]    ⚠️ task: result
[2026-05-02T04:14:58Z] [INFO]    ⚠️ task: result
[2026-05-02T04:14:58Z] [INFO]    ⚠️ task: result
[2026-05-02T04:14:58Z] [INFO]    ⚠️ task: result
[2026-05-02T04:14:58Z] [INFO]    ⚠️ task: result
[2026-05-02T04:14:58Z] [INFO]    ⚠️ task: result
[2026-05-02T04:14:58Z] [HEADER] ================================================================================
[2026-05-02T04:14:58Z] [INFO] 🔄 OVERNIGHT RESEARCH PIPELINE - CYCLE #112
[2026-05-02T04:14:58Z] [INFO] ================================================================================
[2026-05-02T04:14:58Z] [HEADER] ============================================================
[2026-05-02T04:14:58Z] [INFO] 🌙 STARTING OVERNIGHT RESEARCH CYCLE #112
[2026-05-02T04:14:58Z] [INFO] 🔍 Running overnight research protocol (web scraping + cross-symbol analysis)...
[2026-05-02T04:14:58Z] [INFO] 📊 Cycle duration: 0.14s, Files generated: 0
[2026-05-02T04:14:58Z] [WARNING] ⚠️ Database not initialized for cycle counting
[2026-05-02T04:14:58Z] [INFO] 💾 Database updated with cycle results
[2026-05-02T04:14:58Z] [SECTION] ============================================================
[2026-05-02T04:14:58Z] [INFO] 🔮 PHASE: HIDDEN LAYERING DETECTION
[2026-05-02T04:14:58Z] [INFO] 🔗 Hidden layering detection complete. Connections identified: 2
[2026-05-02T04:14:58Z] [SECTION] ============================================================
[2026-05-02T04:14:58Z] [INFO] 🔬 PHASE: DOMAIN CORRELATION ANALYSIS
[2026-05-02T04:14:58Z] [INFO] 📊 Domain correlation matrices created: 2
[2026-05-02T04:14:58Z] [SECTION] ============================================================
[2026-05-02T04:14:58Z] [INFO] 🖼️  PHASE: IMAGE-SEED ANALYSIS
[2026-05-02T04:14:58Z] [INFO] 📂 Image seed analysis bootstrapping from 5 images...
[2026-05-02T04:14:58Z] [SECTION] ============================================================
[2026-05-02T04:14:58Z] [INFO] 📤 PHASE: PUSH COMPONENTS TO TOLARIA
[2026-05-02T04:14:59Z] [INFO] 📦 Components pushed to Tolaria: 5
[2026-05-02T04:14:59Z] [SECTION] ============================================================
[2026-05-02T04:14:59Z] [INFO] 🧩 PHASE: COMPOSER - DOMAIN INTEGRATION SYNTHESIS
[2026-05-02T04:15:21Z] [INFO] 🎨 Domain integrations synthesized: 0
[2026-05-02T04:15:21Z] [SECTION] ============================================================
[2026-05-02T04:15:21Z] [INFO] 🚀 PHASE: ADVANCED OVERNIGHT LOOP
[2026-05-02T04:16:28Z] [INFO] 🔬 Advanced loop completed cycles: 0
[2026-05-02T04:16:28Z] [WARNING] ⚠️  Git commit skipped or failed (git not initialized?): Command '['git', '-C', '/home/avalonas/.hermes/gematria/unified_overnight_research', 'add', '.']' returned non-zero exit status 128.
[2026-05-02T04:16:28Z] [INFO] 
📊 CYCLE #112 SUMMARY
[2026-05-02T04:16:28Z] [INFO] ✅ Successful tasks: 7/7
[2026-05-02T04:16:28Z] [INFO] ⏱️  Cycle duration: 89.62s
[2026-05-02T04:16:28Z] [INFO]    ⚠️ task: result
[2026-05-02T04:16:28Z] [INFO]    ⚠️ task: result
[2026-05-02T04:16:28Z] [INFO]    ⚠️ task: result
[2026-05-02T04:16:28Z] [INFO]    ⚠️ task: result
[2026-05-02T04:16:28Z] [INFO]    ⚠️ task: result
[2026-05-02T04:16:28Z] [INFO]    ⚠️ task: result
[2026-05-02T04:16:28Z] [INFO]    ⚠️ task: result
[2026-05-02T04:16:28Z] [HEADER] ================================================================================
[2026-05-02T04:16:28Z] [INFO] 🔄 OVERNIGHT RESEARCH PIPELINE - CYCLE #113
[2026-05-02T04:16:28Z] [INFO] ================================================================================
[2026-05-02T04:16:28Z] [HEADER] ============================================================
[2026-05-02T04:16:28Z] [INFO] 🌙 STARTING OVERNIGHT RESEARCH CYCLE #113
[2026-05-02T04:16:28Z] [INFO] 🔍 Running overnight research protocol (web scraping + cross-symbol analysis)...
[2026-05-02T04:16:28Z] [INFO] 📊 Cycle duration: 0.11s, Files generated: 0
[2026-05-02T04:16:28Z] [WARNING] ⚠️ Database not initialized for cycle counting
[2026-05-02T04:16:28Z] [INFO] 💾 Database updated with cycle results
[2026-05-02T04:16:28Z] [SECTION] ============================================================
[2026-05-02T04:16:28Z] [INFO] 🔮 PHASE: HIDDEN LAYERING DETECTION
[2026-05-02T04:16:28Z] [INFO] 🔗 Hidden layering detection complete. Connections identified: 2
[2026-05-02T04:16:28Z] [SECTION] ============================================================
[2026-05-02T04:16:28Z] [INFO] 🔬 PHASE: DOMAIN CORRELATION ANALYSIS
[2026-05-02T04:16:28Z] [INFO] 📊 Domain correlation matrices created: 2
[2026-05-02T04:16:28Z] [SECTION] ============================================================
[2026-05-02T04:16:28Z] [INFO] 🖼️  PHASE: IMAGE-SEED ANALYSIS
[2026-05-02T04:16:28Z] [INFO] 📂 Image seed analysis bootstrapping from 5 images...
[2026-05-02T04:16:28Z] [SECTION] ============================================================
[2026-05-02T04:16:28Z] [INFO] 📤 PHASE: PUSH COMPONENTS TO TOLARIA
[2026-05-02T04:16:29Z] [INFO] 📦 Components pushed to Tolaria: 5
[2026-05-02T04:16:29Z] [SECTION] ============================================================
[2026-05-02T04:16:29Z] [INFO] 🧩 PHASE: COMPOSER - DOMAIN INTEGRATION SYNTHESIS
[2026-05-02T04:16:50Z] [INFO] 🎨 Domain integrations synthesized: 0
[2026-05-02T04:16:50Z] [SECTION] ============================================================
[2026-05-02T04:16:50Z] [INFO] 🚀 PHASE: ADVANCED OVERNIGHT LOOP
[2026-05-02T04:17:56Z] [INFO] 🔬 Advanced loop completed cycles: 0
[2026-05-02T04:17:56Z] [WARNING] ⚠️  Git commit skipped or failed (git not initialized?): Command '['git', '-C', '/home/avalonas/.hermes/gematria/unified_overnight_research', 'add', '.']' returned non-zero exit status 128.
[2026-05-02T04:17:56Z] [INFO] 
📊 CYCLE #113 SUMMARY
[2026-05-02T04:17:56Z] [INFO] ✅ Successful tasks: 7/7
[2026-05-02T04:17:56Z] [INFO] ⏱️  Cycle duration: 88.53s
[2026-05-02T04:17:56Z] [INFO]    ⚠️ task: result
[2026-05-02T04:17:56Z] [INFO]    ⚠️ task: result
[2026-05-02T04:17:56Z] [INFO]    ⚠️ task: result
[2026-05-02T04:17:56Z] [INFO]    ⚠️ task: result
[2026-05-02T04:17:56Z] [INFO]    ⚠️ task: result
[2026-05-02T04:17:56Z] [INFO]    ⚠️ task: result
[2026-05-02T04:17:56Z] [INFO]    ⚠️ task: result
[2026-05-02T04:17:56Z] [HEADER] ================================================================================
[2026-05-02T04:17:56Z] [INFO] 🔄 OVERNIGHT RESEARCH PIPELINE - CYCLE #114
[2026-05-02T04:17:56Z] [INFO] ================================================================================
[2026-05-02T04:17:56Z] [HEADER] ============================================================
[2026-05-02T04:17:56Z] [INFO] 🌙 STARTING OVERNIGHT RESEARCH CYCLE #114
[2026-05-02T04:17:56Z] [INFO] 🔍 Running overnight research protocol (web scraping + cross-symbol analysis)...
[2026-05-02T04:17:56Z] [INFO] 📊 Cycle duration: 0.10s, Files generated: 0
[2026-05-02T04:17:56Z] [WARNING] ⚠️ Database not initialized for cycle counting
[2026-05-02T04:17:56Z] [INFO] 💾 Database updated with cycle results
[2026-05-02T04:17:56Z] [SECTION] ============================================================
[2026-05-02T04:17:56Z] [INFO] 🔮 PHASE: HIDDEN LAYERING DETECTION
[2026-05-02T04:17:56Z] [INFO] 🔗 Hidden layering detection complete. Connections identified: 2
[2026-05-02T04:17:56Z] [SECTION] ============================================================
[2026-05-02T04:17:56Z] [INFO] 🔬 PHASE: DOMAIN CORRELATION ANALYSIS
[2026-05-02T04:17:56Z] [INFO] 📊 Domain correlation matrices created: 2
[2026-05-02T04:17:56Z] [SECTION] ============================================================
[2026-05-02T04:17:56Z] [INFO] 🖼️  PHASE: IMAGE-SEED ANALYSIS
[2026-05-02T04:17:56Z] [INFO] 📂 Image seed analysis bootstrapping from 5 images...
[2026-05-02T04:17:56Z] [SECTION] ============================================================
[2026-05-02T04:17:56Z] [INFO] 📤 PHASE: PUSH COMPONENTS TO TOLARIA
[2026-05-02T04:17:57Z] [INFO] 📦 Components pushed to Tolaria: 5
[2026-05-02T04:17:57Z] [SECTION] ============================================================
[2026-05-02T04:17:57Z] [INFO] 🧩 PHASE: COMPOSER - DOMAIN INTEGRATION SYNTHESIS
[2026-05-02T04:18:19Z] [INFO] 🎨 Domain integrations synthesized: 0
[2026-05-02T04:18:19Z] [SECTION] ============================================================
[2026-05-02T04:18:19Z] [INFO] 🚀 PHASE: ADVANCED OVERNIGHT LOOP
[2026-05-02T04:19:25Z] [INFO] 🔬 Advanced loop completed cycles: 0
[2026-05-02T04:19:26Z] [WARNING] ⚠️  Git commit skipped or failed (git not initialized?): Command '['git', '-C', '/home/avalonas/.hermes/gematria/unified_overnight_research', 'add', '.']' returned non-zero exit status 128.
[2026-05-02T04:19:26Z] [INFO] 
📊 CYCLE #114 SUMMARY
[2026-05-02T04:19:26Z] [INFO] ✅ Successful tasks: 7/7
[2026-05-02T04:19:26Z] [INFO] ⏱️  Cycle duration: 89.37s
[2026-05-02T04:19:26Z] [INFO]    ⚠️ task: result
[2026-05-02T04:19:26Z] [INFO]    ⚠️ task: result
[2026-05-02T04:19:26Z] [INFO]    ⚠️ task: result
[2026-05-02T04:19:26Z] [INFO]    ⚠️ task: result
[2026-05-02T04:19:26Z] [INFO]    ⚠️ task: result
[2026-05-02T04:19:26Z] [INFO]    ⚠️ task: result
[2026-05-02T04:19:26Z] [INFO]    ⚠️ task: result
[2026-05-02T04:19:26Z] [HEADER] ================================================================================
[2026-05-02T04:19:26Z] [INFO] 🔄 OVERNIGHT RESEARCH PIPELINE - CYCLE #115
[2026-05-02T04:19:26Z] [INFO] ================================================================================
[2026-05-02T04:19:26Z] [HEADER] ============================================================
[2026-05-02T04:19:26Z] [INFO] 🌙 STARTING OVERNIGHT RESEARCH CYCLE #115
[2026-05-02T04:19:26Z] [INFO] 🔍 Running overnight research protocol (web scraping + cross-symbol analysis)...
[2026-05-02T04:19:26Z] [INFO] 📊 Cycle duration: 0.11s, Files generated: 0
[2026-05-02T04:19:26Z] [WARNING] ⚠️ Database not initialized for cycle counting
[2026-05-02T04:19:26Z] [INFO] 💾 Database updated with cycle results
[2026-05-02T04:19:26Z] [SECTION] ============================================================
[2026-05-02T04:19:26Z] [INFO] 🔮 PHASE: HIDDEN LAYERING DETECTION
[2026-05-02T04:19:26Z] [INFO] 🔗 Hidden layering detection complete. Connections identified: 2
[2026-05-02T04:19:26Z] [SECTION] ============================================================
[2026-05-02T04:19:26Z] [INFO] 🔬 PHASE: DOMAIN CORRELATION ANALYSIS
[2026-05-02T04:19:26Z] [INFO] 📊 Domain correlation matrices created: 2
[2026-05-02T04:19:26Z] [SECTION] ============================================================
[2026-05-02T04:19:26Z] [INFO] 🖼️  PHASE: IMAGE-SEED ANALYSIS
[2026-05-02T04:19:26Z] [INFO] 📂 Image seed analysis bootstrapping from 5 images...
[2026-05-02T04:19:26Z] [SECTION] ============================================================
[2026-05-02T04:19:26Z] [INFO] 📤 PHASE: PUSH COMPONENTS TO TOLARIA
[2026-05-02T04:19:27Z] [INFO] 📦 Components pushed to Tolaria: 5
[2026-05-02T04:19:27Z] [SECTION] ============================================================
[2026-05-02T04:19:27Z] [INFO] 🧩 PHASE: COMPOSER - DOMAIN INTEGRATION SYNTHESIS
[2026-05-02T04:19:48Z] [INFO] 🎨 Domain integrations synthesized: 0
[2026-05-02T04:19:48Z] [SECTION] ============================================================
[2026-05-02T04:19:48Z] [INFO] 🚀 PHASE: ADVANCED OVERNIGHT LOOP
[2026-05-02T04:20:56Z] [INFO] 🔬 Advanced loop completed cycles: 0
[2026-05-02T04:20:56Z] [WARNING] ⚠️  Git commit skipped or failed (git not initialized?): Command '['git', '-C', '/home/avalonas/.hermes/gematria/unified_overnight_research', 'add', '.']' returned non-zero exit status 128.
[2026-05-02T04:20:56Z] [INFO] 
📊 CYCLE #115 SUMMARY
[2026-05-02T04:20:56Z] [INFO] ✅ Successful tasks: 7/7
[2026-05-02T04:20:56Z] [INFO] ⏱️  Cycle duration: 90.26s
[2026-05-02T04:20:56Z] [INFO]    ⚠️ task: result
[2026-05-02T04:20:56Z] [INFO]    ⚠️ task: result
[2026-05-02T04:20:56Z] [INFO]    ⚠️ task: result
[2026-05-02T04:20:56Z] [INFO]    ⚠️ task: result
[2026-05-02T04:20:56Z] [INFO]    ⚠️ task: result
[2026-05-02T04:20:56Z] [INFO]    ⚠️ task: result
[2026-05-02T04:20:56Z] [INFO]    ⚠️ task: result
[2026-05-02T04:20:56Z] [HEADER] ================================================================================
[2026-05-02T04:20:56Z] [INFO] 🔄 OVERNIGHT RESEARCH PIPELINE - CYCLE #116
[2026-05-02T04:20:56Z] [INFO] ================================================================================
[2026-05-02T04:20:56Z] [HEADER] ============================================================
[2026-05-02T04:20:56Z] [INFO] 🌙 STARTING OVERNIGHT RESEARCH CYCLE #116
[2026-05-02T04:20:56Z] [INFO] 🔍 Running overnight research protocol (web scraping + cross-symbol analysis)...
[2026-05-02T04:20:56Z] [INFO] 📊 Cycle duration: 0.11s, Files generated: 0
[2026-05-02T04:20:56Z] [WARNING] ⚠️ Database not initialized for cycle counting
[2026-05-02T04:20:56Z] [INFO] 💾 Database updated with cycle results
[2026-05-02T04:20:56Z] [SECTION] ============================================================
[2026-05-02T04:20:56Z] [INFO] 🔮 PHASE: HIDDEN LAYERING DETECTION
[2026-05-02T04:20:56Z] [INFO] 🔗 Hidden layering detection complete. Connections identified: 2
[2026-05-02T04:20:56Z] [SECTION] ============================================================
[2026-05-02T04:20:56Z] [INFO] 🔬 PHASE: DOMAIN CORRELATION ANALYSIS
[2026-05-02T04:20:56Z] [INFO] 📊 Domain correlation matrices created: 2
[2026-05-02T04:20:56Z] [SECTION] ============================================================
[2026-05-02T04:20:56Z] [INFO] 🖼️  PHASE: IMAGE-SEED ANALYSIS
[2026-05-02T04:20:56Z] [INFO] 📂 Image seed analysis bootstrapping from 5 images...
[2026-05-02T04:20:56Z] [SECTION] ============================================================
[2026-05-02T04:20:56Z] [INFO] 📤 PHASE: PUSH COMPONENTS TO TOLARIA
[2026-05-02T04:20:57Z] [INFO] 📦 Components pushed to Tolaria: 5
[2026-05-02T04:20:57Z] [SECTION] ============================================================
[2026-05-02T04:20:57Z] [INFO] 🧩 PHASE: COMPOSER - DOMAIN INTEGRATION SYNTHESIS
[2026-05-02T04:21:18Z] [INFO] 🎨 Domain integrations synthesized: 0
[2026-05-02T04:21:18Z] [SECTION] ============================================================
[2026-05-02T04:21:18Z] [INFO] 🚀 PHASE: ADVANCED OVERNIGHT LOOP
[2026-05-02T04:22:24Z] [INFO] 🔬 Advanced loop completed cycles: 0
[2026-05-02T04:22:24Z] [WARNING] ⚠️  Git commit skipped or failed (git not initialized?): Command '['git', '-C', '/home/avalonas/.hermes/gematria/unified_overnight_research', 'add', '.']' returned non-zero exit status 128.
[2026-05-02T04:22:24Z] [INFO] 
📊 CYCLE #116 SUMMARY
[2026-05-02T04:22:24Z] [INFO] ✅ Successful tasks: 7/7
[2026-05-02T04:22:24Z] [INFO] ⏱️  Cycle duration: 88.60s
[2026-05-02T04:22:24Z] [INFO]    ⚠️ task: result
[2026-05-02T04:22:24Z] [INFO]    ⚠️ task: result
[2026-05-02T04:22:24Z] [INFO]    ⚠️ task: result
[2026-05-02T04:22:24Z] [INFO]    ⚠️ task: result
[2026-05-02T04:22:24Z] [INFO]    ⚠️ task: result
[2026-05-02T04:22:24Z] [INFO]    ⚠️ task: result
[2026-05-02T04:22:24Z] [INFO]    ⚠️ task: result
[2026-05-02T04:22:24Z] [HEADER] ================================================================================
[2026-05-02T04:22:24Z] [INFO] 🔄 OVERNIGHT RESEARCH PIPELINE - CYCLE #117
[2026-05-02T04:22:24Z] [INFO] ================================================================================
[2026-05-02T04:22:24Z] [HEADER] ============================================================
[2026-05-02T04:22:24Z] [INFO] 🌙 STARTING OVERNIGHT RESEARCH CYCLE #117
[2026-05-02T04:22:24Z] [INFO] 🔍 Running overnight research protocol (web scraping + cross-symbol analysis)...
[2026-05-02T04:22:24Z] [INFO] 📊 Cycle duration: 0.10s, Files generated: 0
[2026-05-02T04:22:24Z] [WARNING] ⚠️ Database not initialized for cycle counting
[2026-05-02T04:22:24Z] [INFO] 💾 Database updated with cycle results
[2026-05-02T04:22:24Z] [SECTION] ============================================================
[2026-05-02T04:22:24Z] [INFO] 🔮 PHASE: HIDDEN LAYERING DETECTION
[2026-05-02T04:22:25Z] [INFO] 🔗 Hidden layering detection complete. Connections identified: 2
[2026-05-02T04:22:25Z] [SECTION] ============================================================
[2026-05-02T04:22:25Z] [INFO] 🔬 PHASE: DOMAIN CORRELATION ANALYSIS
[2026-05-02T04:22:25Z] [INFO] 📊 Domain correlation matrices created: 2
[2026-05-02T04:22:25Z] [SECTION] ============================================================
[2026-05-02T04:22:25Z] [INFO] 🖼️  PHASE: IMAGE-SEED ANALYSIS
[2026-05-02T04:22:25Z] [INFO] 📂 Image seed analysis bootstrapping from 5 images...
[2026-05-02T04:22:25Z] [SECTION] ============================================================
[2026-05-02T04:22:25Z] [INFO] 📤 PHASE: PUSH COMPONENTS TO TOLARIA
[2026-05-02T04:22:26Z] [INFO] 📦 Components pushed to Tolaria: 5
[2026-05-02T04:22:26Z] [SECTION] ============================================================
[2026-05-02T04:22:26Z] [INFO] 🧩 PHASE: COMPOSER - DOMAIN INTEGRATION SYNTHESIS
[2026-05-02T04:22:47Z] [INFO] 🎨 Domain integrations synthesized: 0
[2026-05-02T04:22:47Z] [SECTION] ============================================================
[2026-05-02T04:22:47Z] [INFO] 🚀 PHASE: ADVANCED OVERNIGHT LOOP
[2026-05-02T04:23:54Z] [INFO] 🔬 Advanced loop completed cycles: 0
[2026-05-02T04:23:54Z] [WARNING] ⚠️  Git commit skipped or failed (git not initialized?): Command '['git', '-C', '/home/avalonas/.hermes/gematria/unified_overnight_research', 'add', '.']' returned non-zero exit status 128.
[2026-05-02T04:23:54Z] [INFO] 
📊 CYCLE #117 SUMMARY
[2026-05-02T04:23:54Z] [INFO] ✅ Successful tasks: 7/7
[2026-05-02T04:23:54Z] [INFO] ⏱️  Cycle duration: 89.36s
[2026-05-02T04:23:54Z] [INFO]    ⚠️ task: result
[2026-05-02T04:23:54Z] [INFO]    ⚠️ task: result
[2026-05-02T04:23:54Z] [INFO]    ⚠️ task: result
[2026-05-02T04:23:54Z] [INFO]    ⚠️ task: result
[2026-05-02T04:23:54Z] [INFO]    ⚠️ task: result
[2026-05-02T04:23:54Z] [INFO]    ⚠️ task: result
[2026-05-02T04:23:54Z] [INFO]    ⚠️ task: result
[2026-05-02T04:23:54Z] [HEADER] ================================================================================
[2026-05-02T04:23:54Z] [INFO] 🔄 OVERNIGHT RESEARCH PIPELINE - CYCLE #118
[2026-05-02T04:23:54Z] [INFO] ================================================================================
[2026-05-02T04:23:54Z] [HEADER] ============================================================
[2026-05-02T04:23:54Z] [INFO] 🌙 STARTING OVERNIGHT RESEARCH CYCLE #118
[2026-05-02T04:23:54Z] [INFO] 🔍 Running overnight research protocol (web scraping + cross-symbol analysis)...
[2026-05-02T04:23:54Z] [INFO] 📊 Cycle duration: 0.12s, Files generated: 0
[2026-05-02T04:23:54Z] [WARNING] ⚠️ Database not initialized for cycle counting
[2026-05-02T04:23:54Z] [INFO] 💾 Database updated with cycle results
[2026-05-02T04:23:54Z] [SECTION] ============================================================
[2026-05-02T04:23:54Z] [INFO] 🔮 PHASE: HIDDEN LAYERING DETECTION
[2026-05-02T04:23:54Z] [INFO] 🔗 Hidden layering detection complete. Connections identified: 2
[2026-05-02T04:23:54Z] [SECTION] ============================================================
[2026-05-02T04:23:54Z] [INFO] 🔬 PHASE: DOMAIN CORRELATION ANALYSIS
[2026-05-02T04:23:54Z] [INFO] 📊 Domain correlation matrices created: 2
[2026-05-02T04:23:54Z] [SECTION] ============================================================
[2026-05-02T04:23:54Z] [INFO] 🖼️  PHASE: IMAGE-SEED ANALYSIS
[2026-05-02T04:23:54Z] [INFO] 📂 Image seed analysis bootstrapping from 5 images...
[2026-05-02T04:23:54Z] [SECTION] ============================================================
[2026-05-02T04:23:54Z] [INFO] 📤 PHASE: PUSH COMPONENTS TO TOLARIA
[2026-05-02T04:23:55Z] [INFO] 📦 Components pushed to Tolaria: 5
[2026-05-02T04:23:55Z] [SECTION] ============================================================
[2026-05-02T04:23:55Z] [INFO] 🧩 PHASE: COMPOSER - DOMAIN INTEGRATION SYNTHESIS
[2026-05-02T04:24:16Z] [INFO] 🎨 Domain integrations synthesized: 0
[2026-05-02T04:24:16Z] [SECTION] ============================================================
[2026-05-02T04:24:16Z] [INFO] 🚀 PHASE: ADVANCED OVERNIGHT LOOP
[2026-05-02T04:25:23Z] [INFO] 🔬 Advanced loop completed cycles: 0
[2026-05-02T04:25:23Z] [WARNING] ⚠️  Git commit skipped or failed (git not initialized?): Command '['git', '-C', '/home/avalonas/.hermes/gematria/unified_overnight_research', 'add', '.']' returned non-zero exit status 128.
[2026-05-02T04:25:23Z] [INFO] 
📊 CYCLE #118 SUMMARY
[2026-05-02T04:25:23Z] [INFO] ✅ Successful tasks: 7/7
[2026-05-02T04:25:23Z] [INFO] ⏱️  Cycle duration: 89.00s
[2026-05-02T04:25:23Z] [INFO]    ⚠️ task: result
[2026-05-02T04:25:23Z] [INFO]    ⚠️ task: result
[2026-05-02T04:25:23Z] [INFO]    ⚠️ task: result
[2026-05-02T04:25:23Z] [INFO]    ⚠️ task: result
[2026-05-02T04:25:23Z] [INFO]    ⚠️ task: result
[2026-05-02T04:25:23Z] [INFO]    ⚠️ task: result
[2026-05-02T04:25:23Z] [INFO]    ⚠️ task: result
[2026-05-02T04:25:23Z] [HEADER] ================================================================================
[2026-05-02T04:25:23Z] [INFO] 🔄 OVERNIGHT RESEARCH PIPELINE - CYCLE #119
[2026-05-02T04:25:23Z] [INFO] ================================================================================
[2026-05-02T04:25:23Z] [HEADER] ============================================================
[2026-05-02T04:25:23Z] [INFO] 🌙 STARTING OVERNIGHT RESEARCH CYCLE #119
[2026-05-02T04:25:23Z] [INFO] 🔍 Running overnight research protocol (web scraping + cross-symbol analysis)...
[2026-05-02T04:25:23Z] [INFO] 📊 Cycle duration: 0.11s, Files generated: 0
[2026-05-02T04:25:23Z] [WARNING] ⚠️ Database not initialized for cycle counting
[2026-05-02T04:25:23Z] [INFO] 💾 Database updated with cycle results
[2026-05-02T04:25:23Z] [SECTION] ============================================================
[2026-05-02T04:25:23Z] [INFO] 🔮 PHASE: HIDDEN LAYERING DETECTION
[2026-05-02T04:25:23Z] [INFO] 🔗 Hidden layering detection complete. Connections identified: 2
[2026-05-02T04:25:23Z] [SECTION] ============================================================
[2026-05-02T04:25:23Z] [INFO] 🔬 PHASE: DOMAIN CORRELATION ANALYSIS
[2026-05-02T04:25:23Z] [INFO] 📊 Domain correlation matrices created: 2
[2026-05-02T04:25:23Z] [SECTION] ============================================================
[2026-05-02T04:25:23Z] [INFO] 🖼️  PHASE: IMAGE-SEED ANALYSIS
[2026-05-02T04:25:23Z] [INFO] 📂 Image seed analysis bootstrapping from 5 images...
[2026-05-02T04:25:23Z] [SECTION] ============================================================
[2026-05-02T04:25:23Z] [INFO] 📤 PHASE: PUSH COMPONENTS TO TOLARIA
[2026-05-02T04:25:24Z] [INFO] 📦 Components pushed to Tolaria: 5
[2026-05-02T04:25:24Z] [SECTION] ============================================================
[2026-05-02T04:25:24Z] [INFO] 🧩 PHASE: COMPOSER - DOMAIN INTEGRATION SYNTHESIS
[2026-05-02T04:25:45Z] [INFO] 🎨 Domain integrations synthesized: 0
[2026-05-02T04:25:45Z] [SECTION] ============================================================
[2026-05-02T04:25:45Z] [INFO] 🚀 PHASE: ADVANCED OVERNIGHT LOOP
[2026-05-02T04:26:51Z] [INFO] 🔬 Advanced loop completed cycles: 0
[2026-05-02T04:26:51Z] [WARNING] ⚠️  Git commit skipped or failed (git not initialized?): Command '['git', '-C', '/home/avalonas/.hermes/gematria/unified_overnight_research', 'add', '.']' returned non-zero exit status 128.
[2026-05-02T04:26:51Z] [INFO] 
📊 CYCLE #119 SUMMARY
[2026-05-02T04:26:51Z] [INFO] ✅ Successful tasks: 7/7
[2026-05-02T04:26:51Z] [INFO] ⏱️  Cycle duration: 88.42s
[2026-05-02T04:26:51Z] [INFO]    ⚠️ task: result
[2026-05-02T04:26:51Z] [INFO]    ⚠️ task: result
[2026-05-02T04:26:51Z] [INFO]    ⚠️ task: result
[2026-05-02T04:26:51Z] [INFO]    ⚠️ task: result
[2026-05-02T04:26:51Z] [INFO]    ⚠️ task: result
[2026-05-02T04:26:51Z] [INFO]    ⚠️ task: result
[2026-05-02T04:26:51Z] [INFO]    ⚠️ task: result
[2026-05-02T04:26:51Z] [HEADER] ================================================================================
[2026-05-02T04:26:51Z] [INFO] 🔄 OVERNIGHT RESEARCH PIPELINE - CYCLE #120
[2026-05-02T04:26:51Z] [INFO] ================================================================================
[2026-05-02T04:26:51Z] [HEADER] ============================================================
[2026-05-02T04:26:51Z] [INFO] 🌙 STARTING OVERNIGHT RESEARCH CYCLE #120
[2026-05-02T04:26:51Z] [INFO] 🔍 Running overnight research protocol (web scraping + cross-symbol analysis)...
[2026-05-02T04:26:51Z] [INFO] 📊 Cycle duration: 0.10s, Files generated: 0
[2026-05-02T04:26:51Z] [WARNING] ⚠️ Database not initialized for cycle counting
[2026-05-02T04:26:51Z] [INFO] 💾 Database updated with cycle results
[2026-05-02T04:26:51Z] [SECTION] ============================================================
[2026-05-02T04:26:51Z] [INFO] 🔮 PHASE: HIDDEN LAYERING DETECTION
[2026-05-02T04:26:51Z] [INFO] 🔗 Hidden layering detection complete. Connections identified: 2
[2026-05-02T04:26:51Z] [SECTION] ============================================================
[2026-05-02T04:26:51Z] [INFO] 🔬 PHASE: DOMAIN CORRELATION ANALYSIS
[2026-05-02T04:26:51Z] [INFO] 📊 Domain correlation matrices created: 2
[2026-05-02T04:26:51Z] [SECTION] ============================================================
[2026-05-02T04:26:51Z] [INFO] 🖼️  PHASE: IMAGE-SEED ANALYSIS
[2026-05-02T04:26:51Z] [INFO] 📂 Image seed analysis bootstrapping from 5 images...
[2026-05-02T04:26:51Z] [SECTION] ============================================================
[2026-05-02T04:26:51Z] [INFO] 📤 PHASE: PUSH COMPONENTS TO TOLARIA
[2026-05-02T04:26:52Z] [INFO] 📦 Components pushed to Tolaria: 5
[2026-05-02T04:26:52Z] [SECTION] ============================================================
[2026-05-02T04:26:52Z] [INFO] 🧩 PHASE: COMPOSER - DOMAIN INTEGRATION SYNTHESIS
[2026-05-02T04:27:14Z] [INFO] 🎨 Domain integrations synthesized: 0
[2026-05-02T04:27:14Z] [SECTION] ============================================================
[2026-05-02T04:27:14Z] [INFO] 🚀 PHASE: ADVANCED OVERNIGHT LOOP
[2026-05-02T04:28:20Z] [INFO] 🔬 Advanced loop completed cycles: 0
[2026-05-02T04:28:20Z] [WARNING] ⚠️  Git commit skipped or failed (git not initialized?): Command '['git', '-C', '/home/avalonas/.hermes/gematria/unified_overnight_research', 'add', '.']' returned non-zero exit status 128.
[2026-05-02T04:28:20Z] [INFO] 
📊 CYCLE #120 SUMMARY
[2026-05-02T04:28:20Z] [INFO] ✅ Successful tasks: 7/7
[2026-05-02T04:28:20Z] [INFO] ⏱️  Cycle duration: 89.21s
[2026-05-02T04:28:20Z] [INFO]    ⚠️ task: result
[2026-05-02T04:28:20Z] [INFO]    ⚠️ task: result
[2026-05-02T04:28:20Z] [INFO]    ⚠️ task: result
[2026-05-02T04:28:20Z] [INFO]    ⚠️ task: result
[2026-05-02T04:28:20Z] [INFO]    ⚠️ task: result
[2026-05-02T04:28:20Z] [INFO]    ⚠️ task: result
[2026-05-02T04:28:20Z] [INFO]    ⚠️ task: result
[2026-05-02T04:28:20Z] [HEADER] ================================================================================
[2026-05-02T04:28:20Z] [INFO] 🔄 OVERNIGHT RESEARCH PIPELINE - CYCLE #121
[2026-05-02T04:28:20Z] [INFO] ================================================================================
[2026-05-02T04:28:20Z] [HEADER] ============================================================
[2026-05-02T04:28:20Z] [INFO] 🌙 STARTING OVERNIGHT RESEARCH CYCLE #121
[2026-05-02T04:28:20Z] [INFO] 🔍 Running overnight research protocol (web scraping + cross-symbol analysis)...
[2026-05-02T04:28:21Z] [INFO] 📊 Cycle duration: 0.12s, Files generated: 0
[2026-05-02T04:28:21Z] [WARNING] ⚠️ Database not initialized for cycle counting
[2026-05-02T04:28:21Z] [INFO] 💾 Database updated with cycle results
[2026-05-02T04:28:21Z] [SECTION] ============================================================
[2026-05-02T04:28:21Z] [INFO] 🔮 PHASE: HIDDEN LAYERING DETECTION
[2026-05-02T04:28:21Z] [INFO] 🔗 Hidden layering detection complete. Connections identified: 2
[2026-05-02T04:28:21Z] [SECTION] ============================================================
[2026-05-02T04:28:21Z] [INFO] 🔬 PHASE: DOMAIN CORRELATION ANALYSIS
[2026-05-02T04:28:21Z] [INFO] 📊 Domain correlation matrices created: 2
[2026-05-02T04:28:21Z] [SECTION] ============================================================
[2026-05-02T04:28:21Z] [INFO] 🖼️  PHASE: IMAGE-SEED ANALYSIS
[2026-05-02T04:28:21Z] [INFO] 📂 Image seed analysis bootstrapping from 5 images...
[2026-05-02T04:28:21Z] [SECTION] ============================================================
[2026-05-02T04:28:21Z] [INFO] 📤 PHASE: PUSH COMPONENTS TO TOLARIA
[2026-05-02T04:28:22Z] [INFO] 📦 Components pushed to Tolaria: 5
[2026-05-02T04:28:22Z] [SECTION] ============================================================
[2026-05-02T04:28:22Z] [INFO] 🧩 PHASE: COMPOSER - DOMAIN INTEGRATION SYNTHESIS
[2026-05-02T04:28:43Z] [INFO] 🎨 Domain integrations synthesized: 0
[2026-05-02T04:28:43Z] [SECTION] ============================================================
[2026-05-02T04:28:43Z] [INFO] 🚀 PHASE: ADVANCED OVERNIGHT LOOP
[2026-05-02T04:29:49Z] [INFO] 🔬 Advanced loop completed cycles: 0
[2026-05-02T04:29:49Z] [WARNING] ⚠️  Git commit skipped or failed (git not initialized?): Command '['git', '-C', '/home/avalonas/.hermes/gematria/unified_overnight_research', 'add', '.']' returned non-zero exit status 128.
[2026-05-02T04:29:49Z] [INFO] 
📊 CYCLE #121 SUMMARY
[2026-05-02T04:29:49Z] [INFO] ✅ Successful tasks: 7/7
[2026-05-02T04:29:49Z] [INFO] ⏱️  Cycle duration: 88.86s
[2026-05-02T04:29:49Z] [INFO]    ⚠️ task: result
[2026-05-02T04:29:49Z] [INFO]    ⚠️ task: result
[2026-05-02T04:29:49Z] [INFO]    ⚠️ task: result
[2026-05-02T04:29:49Z] [INFO]    ⚠️ task: result
[2026-05-02T04:29:49Z] [INFO]    ⚠️ task: result
[2026-05-02T04:29:49Z] [INFO]    ⚠️ task: result
[2026-05-02T04:29:49Z] [INFO]    ⚠️ task: result
[2026-05-02T04:29:49Z] [HEADER] ================================================================================
[2026-05-02T04:29:49Z] [INFO] 🔄 OVERNIGHT RESEARCH PIPELINE - CYCLE #122
[2026-05-02T04:29:49Z] [INFO] ================================================================================
[2026-05-02T04:29:49Z] [HEADER] ============================================================
[2026-05-02T04:29:49Z] [INFO] 🌙 STARTING OVERNIGHT RESEARCH CYCLE #122
[2026-05-02T04:29:49Z] [INFO] 🔍 Running overnight research protocol (web scraping + cross-symbol analysis)...
[2026-05-02T04:29:49Z] [INFO] 📊 Cycle duration: 0.10s, Files generated: 0
[2026-05-02T04:29:49Z] [WARNING] ⚠️ Database not initialized for cycle counting
[2026-05-02T04:29:49Z] [INFO] 💾 Database updated with cycle results
[2026-05-02T04:29:49Z] [SECTION] ============================================================
[2026-05-02T04:29:49Z] [INFO] 🔮 PHASE: HIDDEN LAYERING DETECTION
[2026-05-02T04:29:49Z] [INFO] 🔗 Hidden layering detection complete. Connections identified: 2
[2026-05-02T04:29:49Z] [SECTION] ============================================================
[2026-05-02T04:29:49Z] [INFO] 🔬 PHASE: DOMAIN CORRELATION ANALYSIS
[2026-05-02T04:29:49Z] [INFO] 📊 Domain correlation matrices created: 2
[2026-05-02T04:29:49Z] [SECTION] ============================================================
[2026-05-02T04:29:49Z] [INFO] 🖼️  PHASE: IMAGE-SEED ANALYSIS
[2026-05-02T04:29:49Z] [INFO] 📂 Image seed analysis bootstrapping from 5 images...
[2026-05-02T04:29:49Z] [SECTION] ============================================================
[2026-05-02T04:29:49Z] [INFO] 📤 PHASE: PUSH COMPONENTS TO TOLARIA
[2026-05-02T04:29:50Z] [INFO] 📦 Components pushed to Tolaria: 5
[2026-05-02T04:29:50Z] [SECTION] ============================================================
[2026-05-02T04:29:50Z] [INFO] 🧩 PHASE: COMPOSER - DOMAIN INTEGRATION SYNTHESIS
[2026-05-02T04:30:12Z] [INFO] 🎨 Domain integrations synthesized: 0
[2026-05-02T04:30:12Z] [SECTION] ============================================================
[2026-05-02T04:30:12Z] [INFO] 🚀 PHASE: ADVANCED OVERNIGHT LOOP
[2026-05-02T04:31:19Z] [INFO] 🔬 Advanced loop completed cycles: 0
[2026-05-02T04:31:19Z] [WARNING] ⚠️  Git commit skipped or failed (git not initialized?): Command '['git', '-C', '/home/avalonas/.hermes/gematria/unified_overnight_research', 'add', '.']' returned non-zero exit status 128.
[2026-05-02T04:31:19Z] [INFO] 
📊 CYCLE #122 SUMMARY
[2026-05-02T04:31:19Z] [INFO] ✅ Successful tasks: 7/7
[2026-05-02T04:31:19Z] [INFO] ⏱️  Cycle duration: 89.50s
[2026-05-02T04:31:19Z] [INFO]    ⚠️ task: result
[2026-05-02T04:31:19Z] [INFO]    ⚠️ task: result
[2026-05-02T04:31:19Z] [INFO]    ⚠️ task: result
[2026-05-02T04:31:19Z] [INFO]    ⚠️ task: result
[2026-05-02T04:31:19Z] [INFO]    ⚠️ task: result
[2026-05-02T04:31:19Z] [INFO]    ⚠️ task: result
[2026-05-02T04:31:19Z] [INFO]    ⚠️ task: result
[2026-05-02T04:31:19Z] [HEADER] ================================================================================
[2026-05-02T04:31:19Z] [INFO] 🔄 OVERNIGHT RESEARCH PIPELINE - CYCLE #123
[2026-05-02T04:31:19Z] [INFO] ================================================================================
[2026-05-02T04:31:19Z] [HEADER] ============================================================
[2026-05-02T04:31:19Z] [INFO] 🌙 STARTING OVERNIGHT RESEARCH CYCLE #123
[2026-05-02T04:31:19Z] [INFO] 🔍 Running overnight research protocol (web scraping + cross-symbol analysis)...
[2026-05-02T04:31:19Z] [INFO] 📊 Cycle duration: 0.10s, Files generated: 0
[2026-05-02T04:31:19Z] [WARNING] ⚠️ Database not initialized for cycle counting
[2026-05-02T04:31:19Z] [INFO] 💾 Database updated with cycle results
[2026-05-02T04:31:19Z] [SECTION] ============================================================
[2026-05-02T04:31:19Z] [INFO] 🔮 PHASE: HIDDEN LAYERING DETECTION
[2026-05-02T04:31:19Z] [INFO] 🔗 Hidden layering detection complete. Connections identified: 2
[2026-05-02T04:31:19Z] [SECTION] ============================================================
[2026-05-02T04:31:19Z] [INFO] 🔬 PHASE: DOMAIN CORRELATION ANALYSIS
[2026-05-02T04:31:19Z] [INFO] 📊 Domain correlation matrices created: 2
[2026-05-02T04:31:19Z] [SECTION] ============================================================
[2026-05-02T04:31:19Z] [INFO] 🖼️  PHASE: IMAGE-SEED ANALYSIS
[2026-05-02T04:31:19Z] [INFO] 📂 Image seed analysis bootstrapping from 5 images...
[2026-05-02T04:31:19Z] [SECTION] ============================================================
[2026-05-02T04:31:19Z] [INFO] 📤 PHASE: PUSH COMPONENTS TO TOLARIA
[2026-05-02T04:31:20Z] [INFO] 📦 Components pushed to Tolaria: 5
[2026-05-02T04:31:20Z] [SECTION] ============================================================
[2026-05-02T04:31:20Z] [INFO] 🧩 PHASE: COMPOSER - DOMAIN INTEGRATION SYNTHESIS
[2026-05-02T04:31:41Z] [INFO] 🎨 Domain integrations synthesized: 0
[2026-05-02T04:31:41Z] [SECTION] ============================================================
[2026-05-02T04:31:41Z] [INFO] 🚀 PHASE: ADVANCED OVERNIGHT LOOP
[2026-05-02T04:32:48Z] [INFO] 🔬 Advanced loop completed cycles: 0
[2026-05-02T04:32:48Z] [WARNING] ⚠️  Git commit skipped or failed (git not initialized?): Command '['git', '-C', '/home/avalonas/.hermes/gematria/unified_overnight_research', 'add', '.']' returned non-zero exit status 128.
[2026-05-02T04:32:48Z] [INFO] 
📊 CYCLE #123 SUMMARY
[2026-05-02T04:32:48Z] [INFO] ✅ Successful tasks: 7/7
[2026-05-02T04:32:48Z] [INFO] ⏱️  Cycle duration: 89.00s
[2026-05-02T04:32:48Z] [INFO]    ⚠️ task: result
[2026-05-02T04:32:48Z] [INFO]    ⚠️ task: result
[2026-05-02T04:32:48Z] [INFO]    ⚠️ task: result
[2026-05-02T04:32:48Z] [INFO]    ⚠️ task: result
[2026-05-02T04:32:48Z] [INFO]    ⚠️ task: result
[2026-05-02T04:32:48Z] [INFO]    ⚠️ task: result
[2026-05-02T04:32:48Z] [INFO]    ⚠️ task: result
[2026-05-02T04:32:48Z] [HEADER] ================================================================================
[2026-05-02T04:32:48Z] [INFO] 🔄 OVERNIGHT RESEARCH PIPELINE - CYCLE #124
[2026-05-02T04:32:48Z] [INFO] ================================================================================
[2026-05-02T04:32:48Z] [HEADER] ============================================================
[2026-05-02T04:32:48Z] [INFO] 🌙 STARTING OVERNIGHT RESEARCH CYCLE #124
[2026-05-02T04:32:48Z] [INFO] 🔍 Running overnight research protocol (web scraping + cross-symbol analysis)...
[2026-05-02T04:32:48Z] [INFO] 📊 Cycle duration: 0.10s, Files generated: 0
[2026-05-02T04:32:48Z] [WARNING] ⚠️ Database not initialized for cycle counting
[2026-05-02T04:32:48Z] [INFO] 💾 Database updated with cycle results
[2026-05-02T04:32:48Z] [SECTION] ============================================================
[2026-05-02T04:32:48Z] [INFO] 🔮 PHASE: HIDDEN LAYERING DETECTION
[2026-05-02T04:32:48Z] [INFO] 🔗 Hidden layering detection complete. Connections identified: 2
[2026-05-02T04:32:48Z] [SECTION] ============================================================
[2026-05-02T04:32:48Z] [INFO] 🔬 PHASE: DOMAIN CORRELATION ANALYSIS
[2026-05-02T04:32:48Z] [INFO] 📊 Domain correlation matrices created: 2
[2026-05-02T04:32:48Z] [SECTION] ============================================================
[2026-05-02T04:32:48Z] [INFO] 🖼️  PHASE: IMAGE-SEED ANALYSIS
[2026-05-02T04:32:48Z] [INFO] 📂 Image seed analysis bootstrapping from 5 images...
[2026-05-02T04:32:48Z] [SECTION] ============================================================
[2026-05-02T04:32:48Z] [INFO] 📤 PHASE: PUSH COMPONENTS TO TOLARIA
[2026-05-02T04:32:49Z] [INFO] 📦 Components pushed to Tolaria: 5
[2026-05-02T04:32:49Z] [SECTION] ============================================================
[2026-05-02T04:32:49Z] [INFO] 🧩 PHASE: COMPOSER - DOMAIN INTEGRATION SYNTHESIS
[2026-05-02T04:33:10Z] [INFO] 🎨 Domain integrations synthesized: 0
[2026-05-02T04:33:10Z] [SECTION] ============================================================
[2026-05-02T04:33:10Z] [INFO] 🚀 PHASE: ADVANCED OVERNIGHT LOOP
[2026-05-02T04:34:17Z] [INFO] 🔬 Advanced loop completed cycles: 0
[2026-05-02T04:34:17Z] [WARNING] ⚠️  Git commit skipped or failed (git not initialized?): Command '['git', '-C', '/home/avalonas/.hermes/gematria/unified_overnight_research', 'add', '.']' returned non-zero exit status 128.
[2026-05-02T04:34:17Z] [INFO] 
📊 CYCLE #124 SUMMARY
[2026-05-02T04:34:17Z] [INFO] ✅ Successful tasks: 7/7
[2026-05-02T04:34:17Z] [INFO] ⏱️  Cycle duration: 89.39s
[2026-05-02T04:34:17Z] [INFO]    ⚠️ task: result
[2026-05-02T04:34:17Z] [INFO]    ⚠️ task: result
[2026-05-02T04:34:17Z] [INFO]    ⚠️ task: result
[2026-05-02T04:34:17Z] [INFO]    ⚠️ task: result
[2026-05-02T04:34:17Z] [INFO]    ⚠️ task: result
[2026-05-02T04:34:17Z] [INFO]    ⚠️ task: result
[2026-05-02T04:34:17Z] [INFO]    ⚠️ task: result
[2026-05-02T04:34:17Z] [HEADER] ================================================================================
[2026-05-02T04:34:17Z] [INFO] 🔄 OVERNIGHT RESEARCH PIPELINE - CYCLE #125
[2026-05-02T04:34:17Z] [INFO] ================================================================================
[2026-05-02T04:34:17Z] [HEADER] ============================================================
[2026-05-02T04:34:17Z] [INFO] 🌙 STARTING OVERNIGHT RESEARCH CYCLE #125
[2026-05-02T04:34:17Z] [INFO] 🔍 Running overnight research protocol (web scraping + cross-symbol analysis)...
[2026-05-02T04:34:17Z] [INFO] 📊 Cycle duration: 0.10s, Files generated: 0
[2026-05-02T04:34:17Z] [WARNING] ⚠️ Database not initialized for cycle counting
[2026-05-02T04:34:17Z] [INFO] 💾 Database updated with cycle results
[2026-05-02T04:34:17Z] [SECTION] ============================================================
[2026-05-02T04:34:17Z] [INFO] 🔮 PHASE: HIDDEN LAYERING DETECTION
[2026-05-02T04:34:17Z] [INFO] 🔗 Hidden layering detection complete. Connections identified: 2
[2026-05-02T04:34:17Z] [SECTION] ============================================================
[2026-05-02T04:34:17Z] [INFO] 🔬 PHASE: DOMAIN CORRELATION ANALYSIS
[2026-05-02T04:34:17Z] [INFO] 📊 Domain correlation matrices created: 2
[2026-05-02T04:34:17Z] [SECTION] ============================================================
[2026-05-02T04:34:17Z] [INFO] 🖼️  PHASE: IMAGE-SEED ANALYSIS
[2026-05-02T04:34:17Z] [INFO] 📂 Image seed analysis bootstrapping from 5 images...
[2026-05-02T04:34:17Z] [SECTION] ============================================================
[2026-05-02T04:34:17Z] [INFO] 📤 PHASE: PUSH COMPONENTS TO TOLARIA
[2026-05-02T04:34:18Z] [INFO] 📦 Components pushed to Tolaria: 5
[2026-05-02T04:34:18Z] [SECTION] ============================================================
[2026-05-02T04:34:18Z] [INFO] 🧩 PHASE: COMPOSER - DOMAIN INTEGRATION SYNTHESIS
[2026-05-02T04:34:40Z] [INFO] 🎨 Domain integrations synthesized: 0
[2026-05-02T04:34:40Z] [SECTION] ============================================================
[2026-05-02T04:34:40Z] [INFO] 🚀 PHASE: ADVANCED OVERNIGHT LOOP
[2026-05-02T04:35:47Z] [INFO] 🔬 Advanced loop completed cycles: 0
[2026-05-02T04:35:47Z] [WARNING] ⚠️  Git commit skipped or failed (git not initialized?): Command '['git', '-C', '/home/avalonas/.hermes/gematria/unified_overnight_research', 'add', '.']' returned non-zero exit status 128.
[2026-05-02T04:35:47Z] [INFO] 
📊 CYCLE #125 SUMMARY
[2026-05-02T04:35:47Z] [INFO] ✅ Successful tasks: 7/7
[2026-05-02T04:35:47Z] [INFO] ⏱️  Cycle duration: 89.61s
[2026-05-02T04:35:47Z] [INFO]    ⚠️ task: result
[2026-05-02T04:35:47Z] [INFO]    ⚠️ task: result
[2026-05-02T04:35:47Z] [INFO]    ⚠️ task: result
[2026-05-02T04:35:47Z] [INFO]    ⚠️ task: result
[2026-05-02T04:35:47Z] [INFO]    ⚠️ task: result
[2026-05-02T04:35:47Z] [INFO]    ⚠️ task: result
[2026-05-02T04:35:47Z] [INFO]    ⚠️ task: result
[2026-05-02T04:35:47Z] [HEADER] ================================================================================
[2026-05-02T04:35:47Z] [INFO] 🔄 OVERNIGHT RESEARCH PIPELINE - CYCLE #126
[2026-05-02T04:35:47Z] [INFO] ================================================================================
[2026-05-02T04:35:47Z] [HEADER] ============================================================
[2026-05-02T04:35:47Z] [INFO] 🌙 STARTING OVERNIGHT RESEARCH CYCLE #126
[2026-05-02T04:35:47Z] [INFO] 🔍 Running overnight research protocol (web scraping + cross-symbol analysis)...
[2026-05-02T04:35:47Z] [INFO] 📊 Cycle duration: 0.11s, Files generated: 0
[2026-05-02T04:35:47Z] [WARNING] ⚠️ Database not initialized for cycle counting
[2026-05-02T04:35:47Z] [INFO] 💾 Database updated with cycle results
[2026-05-02T04:35:47Z] [SECTION] ============================================================
[2026-05-02T04:35:47Z] [INFO] 🔮 PHASE: HIDDEN LAYERING DETECTION
[2026-05-02T04:35:47Z] [INFO] 🔗 Hidden layering detection complete. Connections identified: 2
[2026-05-02T04:35:47Z] [SECTION] ============================================================
[2026-05-02T04:35:47Z] [INFO] 🔬 PHASE: DOMAIN CORRELATION ANALYSIS
[2026-05-02T04:35:47Z] [INFO] 📊 Domain correlation matrices created: 2
[2026-05-02T04:35:47Z] [SECTION] ============================================================
[2026-05-02T04:35:47Z] [INFO] 🖼️  PHASE: IMAGE-SEED ANALYSIS
[2026-05-02T04:35:47Z] [INFO] 📂 Image seed analysis bootstrapping from 5 images...
[2026-05-02T04:35:47Z] [SECTION] ============================================================
[2026-05-02T04:35:47Z] [INFO] 📤 PHASE: PUSH COMPONENTS TO TOLARIA
[2026-05-02T04:35:48Z] [INFO] 📦 Components pushed to Tolaria: 5
[2026-05-02T04:35:48Z] [SECTION] ============================================================
[2026-05-02T04:35:48Z] [INFO] 🧩 PHASE: COMPOSER - DOMAIN INTEGRATION SYNTHESIS
[2026-05-02T04:36:09Z] [INFO] 🎨 Domain integrations synthesized: 0
[2026-05-02T04:36:09Z] [SECTION] ============================================================
[2026-05-02T04:36:09Z] [INFO] 🚀 PHASE: ADVANCED OVERNIGHT LOOP
[2026-05-02T04:37:16Z] [INFO] 🔬 Advanced loop completed cycles: 0
[2026-05-02T04:37:16Z] [WARNING] ⚠️  Git commit skipped or failed (git not initialized?): Command '['git', '-C', '/home/avalonas/.hermes/gematria/unified_overnight_research', 'add', '.']' returned non-zero exit status 128.
[2026-05-02T04:37:16Z] [INFO] 
📊 CYCLE #126 SUMMARY
[2026-05-02T04:37:16Z] [INFO] ✅ Successful tasks: 7/7
[2026-05-02T04:37:16Z] [INFO] ⏱️  Cycle duration: 89.38s
[2026-05-02T04:37:16Z] [INFO]    ⚠️ task: result
[2026-05-02T04:37:16Z] [INFO]    ⚠️ task: result
[2026-05-02T04:37:16Z] [INFO]    ⚠️ task: result
[2026-05-02T04:37:16Z] [INFO]    ⚠️ task: result
[2026-05-02T04:37:16Z] [INFO]    ⚠️ task: result
[2026-05-02T04:37:16Z] [INFO]    ⚠️ task: result
[2026-05-02T04:37:16Z] [INFO]    ⚠️ task: result
[2026-05-02T04:37:16Z] [HEADER] ================================================================================
[2026-05-02T04:37:16Z] [INFO] 🔄 OVERNIGHT RESEARCH PIPELINE - CYCLE #127
[2026-05-02T04:37:16Z] [INFO] ================================================================================
[2026-05-02T04:37:16Z] [HEADER] ============================================================
[2026-05-02T04:37:16Z] [INFO] 🌙 STARTING OVERNIGHT RESEARCH CYCLE #127
[2026-05-02T04:37:16Z] [INFO] 🔍 Running overnight research protocol (web scraping + cross-symbol analysis)...
[2026-05-02T04:37:16Z] [INFO] 📊 Cycle duration: 0.12s, Files generated: 0
[2026-05-02T04:37:16Z] [WARNING] ⚠️ Database not initialized for cycle counting
[2026-05-02T04:37:16Z] [INFO] 💾 Database updated with cycle results
[2026-05-02T04:37:16Z] [SECTION] ============================================================
[2026-05-02T04:37:16Z] [INFO] 🔮 PHASE: HIDDEN LAYERING DETECTION
[2026-05-02T04:37:16Z] [INFO] 🔗 Hidden layering detection complete. Connections identified: 2
[2026-05-02T04:37:16Z] [SECTION] ============================================================
[2026-05-02T04:37:16Z] [INFO] 🔬 PHASE: DOMAIN CORRELATION ANALYSIS
[2026-05-02T04:37:16Z] [INFO] 📊 Domain correlation matrices created: 2
[2026-05-02T04:37:16Z] [SECTION] ============================================================
[2026-05-02T04:37:16Z] [INFO] 🖼️  PHASE: IMAGE-SEED ANALYSIS
[2026-05-02T04:37:16Z] [INFO] 📂 Image seed analysis bootstrapping from 5 images...
[2026-05-02T04:37:16Z] [SECTION] ============================================================
[2026-05-02T04:37:16Z] [INFO] 📤 PHASE: PUSH COMPONENTS TO TOLARIA
[2026-05-02T04:37:17Z] [INFO] 📦 Components pushed to Tolaria: 5
[2026-05-02T04:37:17Z] [SECTION] ============================================================
[2026-05-02T04:37:17Z] [INFO] 🧩 PHASE: COMPOSER - DOMAIN INTEGRATION SYNTHESIS
[2026-05-02T04:37:39Z] [INFO] 🎨 Domain integrations synthesized: 0
[2026-05-02T04:37:39Z] [SECTION] ============================================================
[2026-05-02T04:37:39Z] [INFO] 🚀 PHASE: ADVANCED OVERNIGHT LOOP
[2026-05-02T04:38:46Z] [INFO] 🔬 Advanced loop completed cycles: 0
[2026-05-02T04:38:46Z] [WARNING] ⚠️  Git commit skipped or failed (git not initialized?): Command '['git', '-C', '/home/avalonas/.hermes/gematria/unified_overnight_research', 'add', '.']' returned non-zero exit status 128.
[2026-05-02T04:38:46Z] [INFO] 
📊 CYCLE #127 SUMMARY
[2026-05-02T04:38:46Z] [INFO] ✅ Successful tasks: 7/7
[2026-05-02T04:38:46Z] [INFO] ⏱️  Cycle duration: 89.62s
[2026-05-02T04:38:46Z] [INFO]    ⚠️ task: result
[2026-05-02T04:38:46Z] [INFO]    ⚠️ task: result
[2026-05-02T04:38:46Z] [INFO]    ⚠️ task: result
[2026-05-02T04:38:46Z] [INFO]    ⚠️ task: result
[2026-05-02T04:38:46Z] [INFO]    ⚠️ task: result
[2026-05-02T04:38:46Z] [INFO]    ⚠️ task: result
[2026-05-02T04:38:46Z] [INFO]    ⚠️ task: result
[2026-05-02T04:38:46Z] [HEADER] ================================================================================
[2026-05-02T04:38:46Z] [INFO] 🔄 OVERNIGHT RESEARCH PIPELINE - CYCLE #128
[2026-05-02T04:38:46Z] [INFO] ================================================================================
[2026-05-02T04:38:46Z] [HEADER] ============================================================
[2026-05-02T04:38:46Z] [INFO] 🌙 STARTING OVERNIGHT RESEARCH CYCLE #128
[2026-05-02T04:38:46Z] [INFO] 🔍 Running overnight research protocol (web scraping + cross-symbol analysis)...
[2026-05-02T04:38:46Z] [INFO] 📊 Cycle duration: 0.11s, Files generated: 0
[2026-05-02T04:38:46Z] [WARNING] ⚠️ Database not initialized for cycle counting
[2026-05-02T04:38:46Z] [INFO] 💾 Database updated with cycle results
[2026-05-02T04:38:46Z] [SECTION] ============================================================
[2026-05-02T04:38:46Z] [INFO] 🔮 PHASE: HIDDEN LAYERING DETECTION
[2026-05-02T04:38:46Z] [INFO] 🔗 Hidden layering detection complete. Connections identified: 2
[2026-05-02T04:38:46Z] [SECTION] ============================================================
[2026-05-02T04:38:46Z] [INFO] 🔬 PHASE: DOMAIN CORRELATION ANALYSIS
[2026-05-02T04:38:46Z] [INFO] 📊 Domain correlation matrices created: 2
[2026-05-02T04:38:46Z] [SECTION] ============================================================
[2026-05-02T04:38:46Z] [INFO] 🖼️  PHASE: IMAGE-SEED ANALYSIS
[2026-05-02T04:38:46Z] [INFO] 📂 Image seed analysis bootstrapping from 5 images...
[2026-05-02T04:38:46Z] [SECTION] ============================================================
[2026-05-02T04:38:46Z] [INFO] 📤 PHASE: PUSH COMPONENTS TO TOLARIA
[2026-05-02T04:38:47Z] [INFO] 📦 Components pushed to Tolaria: 5
[2026-05-02T04:38:47Z] [SECTION] ============================================================
[2026-05-02T04:38:47Z] [INFO] 🧩 PHASE: COMPOSER - DOMAIN INTEGRATION SYNTHESIS
[2026-05-02T04:39:08Z] [INFO] 🎨 Domain integrations synthesized: 0
[2026-05-02T04:39:08Z] [SECTION] ============================================================
[2026-05-02T04:39:08Z] [INFO] 🚀 PHASE: ADVANCED OVERNIGHT LOOP
[2026-05-02T04:40:15Z] [INFO] 🔬 Advanced loop completed cycles: 0
[2026-05-02T04:40:15Z] [WARNING] ⚠️  Git commit skipped or failed (git not initialized?): Command '['git', '-C', '/home/avalonas/.hermes/gematria/unified_overnight_research', 'add', '.']' returned non-zero exit status 128.
[2026-05-02T04:40:15Z] [INFO] 
📊 CYCLE #128 SUMMARY
[2026-05-02T04:40:15Z] [INFO] ✅ Successful tasks: 7/7
[2026-05-02T04:40:15Z] [INFO] ⏱️  Cycle duration: 89.13s
[2026-05-02T04:40:15Z] [INFO]    ⚠️ task: result
[2026-05-02T04:40:15Z] [INFO]    ⚠️ task: result
[2026-05-02T04:40:15Z] [INFO]    ⚠️ task: result
[2026-05-02T04:40:15Z] [INFO]    ⚠️ task: result
[2026-05-02T04:40:15Z] [INFO]    ⚠️ task: result
[2026-05-02T04:40:15Z] [INFO]    ⚠️ task: result
[2026-05-02T04:40:15Z] [INFO]    ⚠️ task: result
[2026-05-02T04:40:15Z] [HEADER] ================================================================================
[2026-05-02T04:40:15Z] [INFO] 🔄 OVERNIGHT RESEARCH PIPELINE - CYCLE #129
[2026-05-02T04:40:15Z] [INFO] ================================================================================
[2026-05-02T04:40:15Z] [HEADER] ============================================================
[2026-05-02T04:40:15Z] [INFO] 🌙 STARTING OVERNIGHT RESEARCH CYCLE #129
[2026-05-02T04:40:15Z] [INFO] 🔍 Running overnight research protocol (web scraping + cross-symbol analysis)...
[2026-05-02T04:40:15Z] [INFO] 📊 Cycle duration: 0.10s, Files generated: 0
[2026-05-02T04:40:15Z] [WARNING] ⚠️ Database not initialized for cycle counting
[2026-05-02T04:40:15Z] [INFO] 💾 Database updated with cycle results
[2026-05-02T04:40:15Z] [SECTION] ============================================================
[2026-05-02T04:40:15Z] [INFO] 🔮 PHASE: HIDDEN LAYERING DETECTION
[2026-05-02T04:40:15Z] [INFO] 🔗 Hidden layering detection complete. Connections identified: 2
[2026-05-02T04:40:15Z] [SECTION] ============================================================
[2026-05-02T04:40:15Z] [INFO] 🔬 PHASE: DOMAIN CORRELATION ANALYSIS
[2026-05-02T04:40:15Z] [INFO] 📊 Domain correlation matrices created: 2
[2026-05-02T04:40:15Z] [SECTION] ============================================================
[2026-05-02T04:40:15Z] [INFO] 🖼️  PHASE: IMAGE-SEED ANALYSIS
[2026-05-02T04:40:15Z] [INFO] 📂 Image seed analysis bootstrapping from 5 images...
[2026-05-02T04:40:15Z] [SECTION] ============================================================
[2026-05-02T04:40:15Z] [INFO] 📤 PHASE: PUSH COMPONENTS TO TOLARIA
[2026-05-02T04:40:16Z] [INFO] 📦 Components pushed to Tolaria: 5
[2026-05-02T04:40:16Z] [SECTION] ============================================================
[2026-05-02T04:40:16Z] [INFO] 🧩 PHASE: COMPOSER - DOMAIN INTEGRATION SYNTHESIS
[2026-05-02T04:40:38Z] [INFO] 🎨 Domain integrations synthesized: 0
[2026-05-02T04:40:38Z] [SECTION] ============================================================
[2026-05-02T04:40:38Z] [INFO] 🚀 PHASE: ADVANCED OVERNIGHT LOOP
[2026-05-02T04:41:44Z] [INFO] 🔬 Advanced loop completed cycles: 0
[2026-05-02T04:41:44Z] [WARNING] ⚠️  Git commit skipped or failed (git not initialized?): Command '['git', '-C', '/home/avalonas/.hermes/gematria/unified_overnight_research', 'add', '.']' returned non-zero exit status 128.
[2026-05-02T04:41:44Z] [INFO] 
📊 CYCLE #129 SUMMARY
[2026-05-02T04:41:44Z] [INFO] ✅ Successful tasks: 7/7
[2026-05-02T04:41:44Z] [INFO] ⏱️  Cycle duration: 89.41s
[2026-05-02T04:41:44Z] [INFO]    ⚠️ task: result
[2026-05-02T04:41:44Z] [INFO]    ⚠️ task: result
[2026-05-02T04:41:44Z] [INFO]    ⚠️ task: result
[2026-05-02T04:41:44Z] [INFO]    ⚠️ task: result
[2026-05-02T04:41:44Z] [INFO]    ⚠️ task: result
[2026-05-02T04:41:44Z] [INFO]    ⚠️ task: result
[2026-05-02T04:41:44Z] [INFO]    ⚠️ task: result
[2026-05-02T04:41:44Z] [HEADER] ================================================================================
[2026-05-02T04:41:44Z] [INFO] 🔄 OVERNIGHT RESEARCH PIPELINE - CYCLE #130
[2026-05-02T04:41:44Z] [INFO] ================================================================================
[2026-05-02T04:41:44Z] [HEADER] ============================================================
[2026-05-02T04:41:44Z] [INFO] 🌙 STARTING OVERNIGHT RESEARCH CYCLE #130
[2026-05-02T04:41:44Z] [INFO] 🔍 Running overnight research protocol (web scraping + cross-symbol analysis)...
[2026-05-02T04:41:44Z] [INFO] 📊 Cycle duration: 0.10s, Files generated: 0
[2026-05-02T04:41:44Z] [WARNING] ⚠️ Database not initialized for cycle counting
[2026-05-02T04:41:44Z] [INFO] 💾 Database updated with cycle results
[2026-05-02T04:41:44Z] [SECTION] ============================================================
[2026-05-02T04:41:44Z] [INFO] 🔮 PHASE: HIDDEN LAYERING DETECTION
[2026-05-02T04:41:44Z] [INFO] 🔗 Hidden layering detection complete. Connections identified: 2
[2026-05-02T04:41:44Z] [SECTION] ============================================================
[2026-05-02T04:41:44Z] [INFO] 🔬 PHASE: DOMAIN CORRELATION ANALYSIS
[2026-05-02T04:41:44Z] [INFO] 📊 Domain correlation matrices created: 2
[2026-05-02T04:41:44Z] [SECTION] ============================================================
[2026-05-02T04:41:44Z] [INFO] 🖼️  PHASE: IMAGE-SEED ANALYSIS
[2026-05-02T04:41:44Z] [INFO] 📂 Image seed analysis bootstrapping from 5 images...
[2026-05-02T04:41:44Z] [SECTION] ============================================================
[2026-05-02T04:41:44Z] [INFO] 📤 PHASE: PUSH COMPONENTS TO TOLARIA
[2026-05-02T04:41:46Z] [INFO] 📦 Components pushed to Tolaria: 5
[2026-05-02T04:41:46Z] [SECTION] ============================================================
[2026-05-02T04:41:46Z] [INFO] 🧩 PHASE: COMPOSER - DOMAIN INTEGRATION SYNTHESIS
[2026-05-02T04:42:07Z] [INFO] 🎨 Domain integrations synthesized: 0
[2026-05-02T04:42:07Z] [SECTION] ============================================================
[2026-05-02T04:42:07Z] [INFO] 🚀 PHASE: ADVANCED OVERNIGHT LOOP
[2026-05-02T04:43:17Z] [INFO] 🔬 Advanced loop completed cycles: 0
[2026-05-02T04:43:17Z] [WARNING] ⚠️  Git commit skipped or failed (git not initialized?): Command '['git', '-C', '/home/avalonas/.hermes/gematria/unified_overnight_research', 'add', '.']' returned non-zero exit status 128.
[2026-05-02T04:43:17Z] [INFO] 
📊 CYCLE #130 SUMMARY
[2026-05-02T04:43:17Z] [INFO] ✅ Successful tasks: 7/7
[2026-05-02T04:43:17Z] [INFO] ⏱️  Cycle duration: 92.72s
[2026-05-02T04:43:17Z] [INFO]    ⚠️ task: result
[2026-05-02T04:43:17Z] [INFO]    ⚠️ task: result
[2026-05-02T04:43:17Z] [INFO]    ⚠️ task: result
[2026-05-02T04:43:17Z] [INFO]    ⚠️ task: result
[2026-05-02T04:43:17Z] [INFO]    ⚠️ task: result
[2026-05-02T04:43:17Z] [INFO]    ⚠️ task: result
[2026-05-02T04:43:17Z] [INFO]    ⚠️ task: result
[2026-05-02T04:43:17Z] [HEADER] ================================================================================
[2026-05-02T04:43:17Z] [INFO] 🔄 OVERNIGHT RESEARCH PIPELINE - CYCLE #131
[2026-05-02T04:43:17Z] [INFO] ================================================================================
[2026-05-02T04:43:17Z] [HEADER] ============================================================
[2026-05-02T04:43:17Z] [INFO] 🌙 STARTING OVERNIGHT RESEARCH CYCLE #131
[2026-05-02T04:43:17Z] [INFO] 🔍 Running overnight research protocol (web scraping + cross-symbol analysis)...
[2026-05-02T04:43:17Z] [INFO] 📊 Cycle duration: 0.10s, Files generated: 0
[2026-05-02T04:43:17Z] [WARNING] ⚠️ Database not initialized for cycle counting
[2026-05-02T04:43:17Z] [INFO] 💾 Database updated with cycle results
[2026-05-02T04:43:17Z] [SECTION] ============================================================
[2026-05-02T04:43:17Z] [INFO] 🔮 PHASE: HIDDEN LAYERING DETECTION
[2026-05-02T04:43:17Z] [INFO] 🔗 Hidden layering detection complete. Connections identified: 2
[2026-05-02T04:43:17Z] [SECTION] ============================================================
[2026-05-02T04:43:17Z] [INFO] 🔬 PHASE: DOMAIN CORRELATION ANALYSIS
[2026-05-02T04:43:17Z] [INFO] 📊 Domain correlation matrices created: 2
[2026-05-02T04:43:17Z] [SECTION] ============================================================
[2026-05-02T04:43:17Z] [INFO] 🖼️  PHASE: IMAGE-SEED ANALYSIS
[2026-05-02T04:43:17Z] [INFO] 📂 Image seed analysis bootstrapping from 5 images...
[2026-05-02T04:43:17Z] [SECTION] ============================================================
[2026-05-02T04:43:17Z] [INFO] 📤 PHASE: PUSH COMPONENTS TO TOLARIA
[2026-05-02T04:43:18Z] [INFO] 📦 Components pushed to Tolaria: 5
[2026-05-02T04:43:18Z] [SECTION] ============================================================
[2026-05-02T04:43:18Z] [INFO] 🧩 PHASE: COMPOSER - DOMAIN INTEGRATION SYNTHESIS
[2026-05-02T04:43:42Z] [INFO] 🎨 Domain integrations synthesized: 0
[2026-05-02T04:43:42Z] [SECTION] ============================================================
[2026-05-02T04:43:42Z] [INFO] 🚀 PHASE: ADVANCED OVERNIGHT LOOP
[2026-05-02T04:44:52Z] [INFO] 🔬 Advanced loop completed cycles: 0
[2026-05-02T04:44:52Z] [WARNING] ⚠️  Git commit skipped or failed (git not initialized?): Command '['git', '-C', '/home/avalonas/.hermes/gematria/unified_overnight_research', 'add', '.']' returned non-zero exit status 128.
[2026-05-02T04:44:52Z] [INFO] 
📊 CYCLE #131 SUMMARY
[2026-05-02T04:44:52Z] [INFO] ✅ Successful tasks: 7/7
[2026-05-02T04:44:52Z] [INFO] ⏱️  Cycle duration: 95.13s
[2026-05-02T04:44:52Z] [INFO]    ⚠️ task: result
[2026-05-02T04:44:52Z] [INFO]    ⚠️ task: result
[2026-05-02T04:44:52Z] [INFO]    ⚠️ task: result
[2026-05-02T04:44:52Z] [INFO]    ⚠️ task: result
[2026-05-02T04:44:52Z] [INFO]    ⚠️ task: result
[2026-05-02T04:44:52Z] [INFO]    ⚠️ task: result
[2026-05-02T04:44:52Z] [INFO]    ⚠️ task: result
[2026-05-02T04:44:52Z] [HEADER] ================================================================================
[2026-05-02T04:44:52Z] [INFO] 🔄 OVERNIGHT RESEARCH PIPELINE - CYCLE #132
[2026-05-02T04:44:52Z] [INFO] ================================================================================
[2026-05-02T04:44:52Z] [HEADER] ============================================================
[2026-05-02T04:44:52Z] [INFO] 🌙 STARTING OVERNIGHT RESEARCH CYCLE #132
[2026-05-02T04:44:52Z] [INFO] 🔍 Running overnight research protocol (web scraping + cross-symbol analysis)...
[2026-05-02T04:44:52Z] [INFO] 📊 Cycle duration: 0.12s, Files generated: 0
[2026-05-02T04:44:52Z] [WARNING] ⚠️ Database not initialized for cycle counting
[2026-05-02T04:44:52Z] [INFO] 💾 Database updated with cycle results
[2026-05-02T04:44:52Z] [SECTION] ============================================================
[2026-05-02T04:44:52Z] [INFO] 🔮 PHASE: HIDDEN LAYERING DETECTION
[2026-05-02T04:44:52Z] [INFO] 🔗 Hidden layering detection complete. Connections identified: 2
[2026-05-02T04:44:52Z] [SECTION] ============================================================
[2026-05-02T04:44:52Z] [INFO] 🔬 PHASE: DOMAIN CORRELATION ANALYSIS
[2026-05-02T04:44:52Z] [INFO] 📊 Domain correlation matrices created: 2
[2026-05-02T04:44:52Z] [SECTION] ============================================================
[2026-05-02T04:44:52Z] [INFO] 🖼️  PHASE: IMAGE-SEED ANALYSIS
[2026-05-02T04:44:52Z] [INFO] 📂 Image seed analysis bootstrapping from 5 images...
[2026-05-02T04:44:52Z] [SECTION] ============================================================
[2026-05-02T04:44:52Z] [INFO] 📤 PHASE: PUSH COMPONENTS TO TOLARIA
[2026-05-02T04:44:53Z] [INFO] 📦 Components pushed to Tolaria: 5
[2026-05-02T04:44:53Z] [SECTION] ============================================================
[2026-05-02T04:44:53Z] [INFO] 🧩 PHASE: COMPOSER - DOMAIN INTEGRATION SYNTHESIS
[2026-05-02T04:45:15Z] [INFO] 🎨 Domain integrations synthesized: 0
[2026-05-02T04:45:15Z] [SECTION] ============================================================
[2026-05-02T04:45:15Z] [INFO] 🚀 PHASE: ADVANCED OVERNIGHT LOOP
[2026-05-02T04:46:21Z] [INFO] 🔬 Advanced loop completed cycles: 0
[2026-05-02T04:46:22Z] [WARNING] ⚠️  Git commit skipped or failed (git not initialized?): Command '['git', '-C', '/home/avalonas/.hermes/gematria/unified_overnight_research', 'add', '.']' returned non-zero exit status 128.
[2026-05-02T04:46:22Z] [INFO] 
📊 CYCLE #132 SUMMARY
[2026-05-02T04:46:22Z] [INFO] ✅ Successful tasks: 7/7
[2026-05-02T04:46:22Z] [INFO] ⏱️  Cycle duration: 89.36s
[2026-05-02T04:46:22Z] [INFO]    ⚠️ task: result
[2026-05-02T04:46:22Z] [INFO]    ⚠️ task: result
[2026-05-02T04:46:22Z] [INFO]    ⚠️ task: result
[2026-05-02T04:46:22Z] [INFO]    ⚠️ task: result
[2026-05-02T04:46:22Z] [INFO]    ⚠️ task: result
[2026-05-02T04:46:22Z] [INFO]    ⚠️ task: result
[2026-05-02T04:46:22Z] [INFO]    ⚠️ task: result
[2026-05-02T04:46:22Z] [HEADER] ================================================================================
[2026-05-02T04:46:22Z] [INFO] 🔄 OVERNIGHT RESEARCH PIPELINE - CYCLE #133
[2026-05-02T04:46:22Z] [INFO] ================================================================================
[2026-05-02T04:46:22Z] [HEADER] ============================================================
[2026-05-02T04:46:22Z] [INFO] 🌙 STARTING OVERNIGHT RESEARCH CYCLE #133
[2026-05-02T04:46:22Z] [INFO] 🔍 Running overnight research protocol (web scraping + cross-symbol analysis)...
[2026-05-02T04:46:22Z] [INFO] 📊 Cycle duration: 0.10s, Files generated: 0
[2026-05-02T04:46:22Z] [WARNING] ⚠️ Database not initialized for cycle counting
[2026-05-02T04:46:22Z] [INFO] 💾 Database updated with cycle results
[2026-05-02T04:46:22Z] [SECTION] ============================================================
[2026-05-02T04:46:22Z] [INFO] 🔮 PHASE: HIDDEN LAYERING DETECTION
[2026-05-02T04:46:22Z] [INFO] 🔗 Hidden layering detection complete. Connections identified: 2
[2026-05-02T04:46:22Z] [SECTION] ============================================================
[2026-05-02T04:46:22Z] [INFO] 🔬 PHASE: DOMAIN CORRELATION ANALYSIS
[2026-05-02T04:46:22Z] [INFO] 📊 Domain correlation matrices created: 2
[2026-05-02T04:46:22Z] [SECTION] ============================================================
[2026-05-02T04:46:22Z] [INFO] 🖼️  PHASE: IMAGE-SEED ANALYSIS
[2026-05-02T04:46:22Z] [INFO] 📂 Image seed analysis bootstrapping from 5 images...
[2026-05-02T04:46:22Z] [SECTION] ============================================================
[2026-05-02T04:46:22Z] [INFO] 📤 PHASE: PUSH COMPONENTS TO TOLARIA
[2026-05-02T04:46:23Z] [INFO] 📦 Components pushed to Tolaria: 5
[2026-05-02T04:46:23Z] [SECTION] ============================================================
[2026-05-02T04:46:23Z] [INFO] 🧩 PHASE: COMPOSER - DOMAIN INTEGRATION SYNTHESIS
[2026-05-02T04:46:44Z] [INFO] 🎨 Domain integrations synthesized: 0
[2026-05-02T04:46:44Z] [SECTION] ============================================================
[2026-05-02T04:46:44Z] [INFO] 🚀 PHASE: ADVANCED OVERNIGHT LOOP
[2026-05-02T04:47:52Z] [INFO] 🔬 Advanced loop completed cycles: 0
[2026-05-02T04:47:52Z] [WARNING] ⚠️  Git commit skipped or failed (git not initialized?): Command '['git', '-C', '/home/avalonas/.hermes/gematria/unified_overnight_research', 'add', '.']' returned non-zero exit status 128.
[2026-05-02T04:47:52Z] [INFO] 
📊 CYCLE #133 SUMMARY
[2026-05-02T04:47:52Z] [INFO] ✅ Successful tasks: 7/7
[2026-05-02T04:47:52Z] [INFO] ⏱️  Cycle duration: 90.27s
[2026-05-02T04:47:52Z] [INFO]    ⚠️ task: result
[2026-05-02T04:47:52Z] [INFO]    ⚠️ task: result
[2026-05-02T04:47:52Z] [INFO]    ⚠️ task: result
[2026-05-02T04:47:52Z] [INFO]    ⚠️ task: result
[2026-05-02T04:47:52Z] [INFO]    ⚠️ task: result
[2026-05-02T04:47:52Z] [INFO]    ⚠️ task: result
[2026-05-02T04:47:52Z] [INFO]    ⚠️ task: result
[2026-05-02T04:47:52Z] [HEADER] ================================================================================
[2026-05-02T04:47:52Z] [INFO] 🔄 OVERNIGHT RESEARCH PIPELINE - CYCLE #134
[2026-05-02T04:47:52Z] [INFO] ================================================================================
[2026-05-02T04:47:52Z] [HEADER] ============================================================
[2026-05-02T04:47:52Z] [INFO] 🌙 STARTING OVERNIGHT RESEARCH CYCLE #134
[2026-05-02T04:47:52Z] [INFO] 🔍 Running overnight research protocol (web scraping + cross-symbol analysis)...
[2026-05-02T04:47:52Z] [INFO] 📊 Cycle duration: 0.11s, Files generated: 0
[2026-05-02T04:47:52Z] [WARNING] ⚠️ Database not initialized for cycle counting
[2026-05-02T04:47:52Z] [INFO] 💾 Database updated with cycle results
[2026-05-02T04:47:52Z] [SECTION] ============================================================
[2026-05-02T04:47:52Z] [INFO] 🔮 PHASE: HIDDEN LAYERING DETECTION
[2026-05-02T04:47:52Z] [INFO] 🔗 Hidden layering detection complete. Connections identified: 2
[2026-05-02T04:47:52Z] [SECTION] ============================================================
[2026-05-02T04:47:52Z] [INFO] 🔬 PHASE: DOMAIN CORRELATION ANALYSIS
[2026-05-02T04:47:52Z] [INFO] 📊 Domain correlation matrices created: 2
[2026-05-02T04:47:52Z] [SECTION] ============================================================
[2026-05-02T04:47:52Z] [INFO] 🖼️  PHASE: IMAGE-SEED ANALYSIS
[2026-05-02T04:47:52Z] [INFO] 📂 Image seed analysis bootstrapping from 5 images...
[2026-05-02T04:47:52Z] [SECTION] ============================================================
[2026-05-02T04:47:52Z] [INFO] 📤 PHASE: PUSH COMPONENTS TO TOLARIA
[2026-05-02T04:47:53Z] [INFO] 📦 Components pushed to Tolaria: 5
[2026-05-02T04:47:53Z] [SECTION] ============================================================
[2026-05-02T04:47:53Z] [INFO] 🧩 PHASE: COMPOSER - DOMAIN INTEGRATION SYNTHESIS
[2026-05-02T04:48:14Z] [INFO] 🎨 Domain integrations synthesized: 0
[2026-05-02T04:48:14Z] [SECTION] ============================================================
[2026-05-02T04:48:14Z] [INFO] 🚀 PHASE: ADVANCED OVERNIGHT LOOP
[2026-05-02T04:49:21Z] [INFO] 🔬 Advanced loop completed cycles: 0
[2026-05-02T04:49:21Z] [WARNING] ⚠️  Git commit skipped or failed (git not initialized?): Command '['git', '-C', '/home/avalonas/.hermes/gematria/unified_overnight_research', 'add', '.']' returned non-zero exit status 128.
[2026-05-02T04:49:21Z] [INFO] 
📊 CYCLE #134 SUMMARY
[2026-05-02T04:49:21Z] [INFO] ✅ Successful tasks: 7/7
[2026-05-02T04:49:21Z] [INFO] ⏱️  Cycle duration: 89.11s
[2026-05-02T04:49:21Z] [INFO]    ⚠️ task: result
[2026-05-02T04:49:21Z] [INFO]    ⚠️ task: result
[2026-05-02T04:49:21Z] [INFO]    ⚠️ task: result
[2026-05-02T04:49:21Z] [INFO]    ⚠️ task: result
[2026-05-02T04:49:21Z] [INFO]    ⚠️ task: result
[2026-05-02T04:49:21Z] [INFO]    ⚠️ task: result
[2026-05-02T04:49:21Z] [INFO]    ⚠️ task: result
[2026-05-02T04:49:21Z] [HEADER] ================================================================================
[2026-05-02T04:49:21Z] [INFO] 🔄 OVERNIGHT RESEARCH PIPELINE - CYCLE #135
[2026-05-02T04:49:21Z] [INFO] ================================================================================
[2026-05-02T04:49:21Z] [HEADER] ============================================================
[2026-05-02T04:49:21Z] [INFO] 🌙 STARTING OVERNIGHT RESEARCH CYCLE #135
[2026-05-02T04:49:21Z] [INFO] 🔍 Running overnight research protocol (web scraping + cross-symbol analysis)...
[2026-05-02T04:49:21Z] [INFO] 📊 Cycle duration: 0.10s, Files generated: 0
[2026-05-02T04:49:21Z] [WARNING] ⚠️ Database not initialized for cycle counting
[2026-05-02T04:49:21Z] [INFO] 💾 Database updated with cycle results
[2026-05-02T04:49:21Z] [SECTION] ============================================================
[2026-05-02T04:49:21Z] [INFO] 🔮 PHASE: HIDDEN LAYERING DETECTION
[2026-05-02T04:49:21Z] [INFO] 🔗 Hidden layering detection complete. Connections identified: 2
[2026-05-02T04:49:21Z] [SECTION] ============================================================
[2026-05-02T04:49:21Z] [INFO] 🔬 PHASE: DOMAIN CORRELATION ANALYSIS
[2026-05-02T04:49:21Z] [INFO] 📊 Domain correlation matrices created: 2
[2026-05-02T04:49:21Z] [SECTION] ============================================================
[2026-05-02T04:49:21Z] [INFO] 🖼️  PHASE: IMAGE-SEED ANALYSIS
[2026-05-02T04:49:21Z] [INFO] 📂 Image seed analysis bootstrapping from 5 images...
[2026-05-02T04:49:21Z] [SECTION] ============================================================
[2026-05-02T04:49:21Z] [INFO] 📤 PHASE: PUSH COMPONENTS TO TOLARIA
[2026-05-02T04:49:22Z] [INFO] 📦 Components pushed to Tolaria: 5
[2026-05-02T04:49:22Z] [SECTION] ============================================================
[2026-05-02T04:49:22Z] [INFO] 🧩 PHASE: COMPOSER - DOMAIN INTEGRATION SYNTHESIS
[2026-05-02T04:49:43Z] [INFO] 🎨 Domain integrations synthesized: 0
[2026-05-02T04:49:43Z] [SECTION] ============================================================
[2026-05-02T04:49:43Z] [INFO] 🚀 PHASE: ADVANCED OVERNIGHT LOOP
[2026-05-02T04:50:50Z] [INFO] 🔬 Advanced loop completed cycles: 0
[2026-05-02T04:50:50Z] [WARNING] ⚠️  Git commit skipped or failed (git not initialized?): Command '['git', '-C', '/home/avalonas/.hermes/gematria/unified_overnight_research', 'add', '.']' returned non-zero exit status 128.
[2026-05-02T04:50:50Z] [INFO] 
📊 CYCLE #135 SUMMARY
[2026-05-02T04:50:50Z] [INFO] ✅ Successful tasks: 7/7
[2026-05-02T04:50:50Z] [INFO] ⏱️  Cycle duration: 89.37s
[2026-05-02T04:50:50Z] [INFO]    ⚠️ task: result
[2026-05-02T04:50:50Z] [INFO]    ⚠️ task: result
[2026-05-02T04:50:50Z] [INFO]    ⚠️ task: result
[2026-05-02T04:50:50Z] [INFO]    ⚠️ task: result
[2026-05-02T04:50:50Z] [INFO]    ⚠️ task: result
[2026-05-02T04:50:50Z] [INFO]    ⚠️ task: result
[2026-05-02T04:50:50Z] [INFO]    ⚠️ task: result
[2026-05-02T04:50:50Z] [HEADER] ================================================================================
[2026-05-02T04:50:50Z] [INFO] 🔄 OVERNIGHT RESEARCH PIPELINE - CYCLE #136
[2026-05-02T04:50:50Z] [INFO] ================================================================================
[2026-05-02T04:50:50Z] [HEADER] ============================================================
[2026-05-02T04:50:50Z] [INFO] 🌙 STARTING OVERNIGHT RESEARCH CYCLE #136
[2026-05-02T04:50:50Z] [INFO] 🔍 Running overnight research protocol (web scraping + cross-symbol analysis)...
[2026-05-02T04:50:50Z] [INFO] 📊 Cycle duration: 0.10s, Files generated: 0
[2026-05-02T04:50:50Z] [WARNING] ⚠️ Database not initialized for cycle counting
[2026-05-02T04:50:50Z] [INFO] 💾 Database updated with cycle results
[2026-05-02T04:50:50Z] [SECTION] ============================================================
[2026-05-02T04:50:50Z] [INFO] 🔮 PHASE: HIDDEN LAYERING DETECTION
[2026-05-02T04:50:50Z] [INFO] 🔗 Hidden layering detection complete. Connections identified: 2
[2026-05-02T04:50:50Z] [SECTION] ============================================================
[2026-05-02T04:50:50Z] [INFO] 🔬 PHASE: DOMAIN CORRELATION ANALYSIS
[2026-05-02T04:50:50Z] [INFO] 📊 Domain correlation matrices created: 2
[2026-05-02T04:50:50Z] [SECTION] ============================================================
[2026-05-02T04:50:50Z] [INFO] 🖼️  PHASE: IMAGE-SEED ANALYSIS
[2026-05-02T04:50:50Z] [INFO] 📂 Image seed analysis bootstrapping from 5 images...
[2026-05-02T04:50:50Z] [SECTION] ============================================================
[2026-05-02T04:50:50Z] [INFO] 📤 PHASE: PUSH COMPONENTS TO TOLARIA
[2026-05-02T04:50:51Z] [INFO] 📦 Components pushed to Tolaria: 5
[2026-05-02T04:50:51Z] [SECTION] ============================================================
[2026-05-02T04:50:51Z] [INFO] 🧩 PHASE: COMPOSER - DOMAIN INTEGRATION SYNTHESIS
[2026-05-02T04:51:13Z] [INFO] 🎨 Domain integrations synthesized: 0
[2026-05-02T04:51:13Z] [SECTION] ============================================================
[2026-05-02T04:51:13Z] [INFO] 🚀 PHASE: ADVANCED OVERNIGHT LOOP
[2026-05-02T04:52:20Z] [INFO] 🔬 Advanced loop completed cycles: 0
[2026-05-02T04:52:20Z] [WARNING] ⚠️  Git commit skipped or failed (git not initialized?): Command '['git', '-C', '/home/avalonas/.hermes/gematria/unified_overnight_research', 'add', '.']' returned non-zero exit status 128.
[2026-05-02T04:52:20Z] [INFO] 
📊 CYCLE #136 SUMMARY
[2026-05-02T04:52:20Z] [INFO] ✅ Successful tasks: 7/7
[2026-05-02T04:52:20Z] [INFO] ⏱️  Cycle duration: 89.39s
[2026-05-02T04:52:20Z] [INFO]    ⚠️ task: result
[2026-05-02T04:52:20Z] [INFO]    ⚠️ task: result
[2026-05-02T04:52:20Z] [INFO]    ⚠️ task: result
[2026-05-02T04:52:20Z] [INFO]    ⚠️ task: result
[2026-05-02T04:52:20Z] [INFO]    ⚠️ task: result
[2026-05-02T04:52:20Z] [INFO]    ⚠️ task: result
[2026-05-02T04:52:20Z] [INFO]    ⚠️ task: result
[2026-05-02T04:52:20Z] [HEADER] ================================================================================
[2026-05-02T04:52:20Z] [INFO] 🔄 OVERNIGHT RESEARCH PIPELINE - CYCLE #137
[2026-05-02T04:52:20Z] [INFO] ================================================================================
[2026-05-02T04:52:20Z] [HEADER] ============================================================
[2026-05-02T04:52:20Z] [INFO] 🌙 STARTING OVERNIGHT RESEARCH CYCLE #137
[2026-05-02T04:52:20Z] [INFO] 🔍 Running overnight research protocol (web scraping + cross-symbol analysis)...
[2026-05-02T04:52:20Z] [INFO] 📊 Cycle duration: 0.11s, Files generated: 0
[2026-05-02T04:52:20Z] [WARNING] ⚠️ Database not initialized for cycle counting
[2026-05-02T04:52:20Z] [INFO] 💾 Database updated with cycle results
[2026-05-02T04:52:20Z] [SECTION] ============================================================
[2026-05-02T04:52:20Z] [INFO] 🔮 PHASE: HIDDEN LAYERING DETECTION
[2026-05-02T04:52:20Z] [INFO] 🔗 Hidden layering detection complete. Connections identified: 2
[2026-05-02T04:52:20Z] [SECTION] ============================================================
[2026-05-02T04:52:20Z] [INFO] 🔬 PHASE: DOMAIN CORRELATION ANALYSIS
[2026-05-02T04:52:20Z] [INFO] 📊 Domain correlation matrices created: 2
[2026-05-02T04:52:20Z] [SECTION] ============================================================
[2026-05-02T04:52:20Z] [INFO] 🖼️  PHASE: IMAGE-SEED ANALYSIS
[2026-05-02T04:52:20Z] [INFO] 📂 Image seed analysis bootstrapping from 5 images...
[2026-05-02T04:52:20Z] [SECTION] ============================================================
[2026-05-02T04:52:20Z] [INFO] 📤 PHASE: PUSH COMPONENTS TO TOLARIA
[2026-05-02T04:52:21Z] [INFO] 📦 Components pushed to Tolaria: 5
[2026-05-02T04:52:21Z] [SECTION] ============================================================
[2026-05-02T04:52:21Z] [INFO] 🧩 PHASE: COMPOSER - DOMAIN INTEGRATION SYNTHESIS
[2026-05-02T04:52:43Z] [INFO] 🎨 Domain integrations synthesized: 0
[2026-05-02T04:52:43Z] [SECTION] ============================================================
[2026-05-02T04:52:43Z] [INFO] 🚀 PHASE: ADVANCED OVERNIGHT LOOP
[2026-05-02T04:53:49Z] [INFO] 🔬 Advanced loop completed cycles: 0
[2026-05-02T04:53:49Z] [WARNING] ⚠️  Git commit skipped or failed (git not initialized?): Command '['git', '-C', '/home/avalonas/.hermes/gematria/unified_overnight_research', 'add', '.']' returned non-zero exit status 128.
[2026-05-02T04:53:49Z] [INFO] 
📊 CYCLE #137 SUMMARY
[2026-05-02T04:53:49Z] [INFO] ✅ Successful tasks: 7/7
[2026-05-02T04:53:49Z] [INFO] ⏱️  Cycle duration: 89.15s
[2026-05-02T04:53:49Z] [INFO]    ⚠️ task: result
[2026-05-02T04:53:49Z] [INFO]    ⚠️ task: result
[2026-05-02T04:53:49Z] [INFO]    ⚠️ task: result
[2026-05-02T04:53:49Z] [INFO]    ⚠️ task: result
[2026-05-02T04:53:49Z] [INFO]    ⚠️ task: result
[2026-05-02T04:53:49Z] [INFO]    ⚠️ task: result
[2026-05-02T04:53:49Z] [INFO]    ⚠️ task: result
[2026-05-02T04:53:49Z] [HEADER] ================================================================================
[2026-05-02T04:53:49Z] [INFO] 🔄 OVERNIGHT RESEARCH PIPELINE - CYCLE #138
[2026-05-02T04:53:49Z] [INFO] ================================================================================
[2026-05-02T04:53:49Z] [HEADER] ============================================================
[2026-05-02T04:53:49Z] [INFO] 🌙 STARTING OVERNIGHT RESEARCH CYCLE #138
[2026-05-02T04:53:49Z] [INFO] 🔍 Running overnight research protocol (web scraping + cross-symbol analysis)...
[2026-05-02T04:53:49Z] [INFO] 📊 Cycle duration: 0.12s, Files generated: 0
[2026-05-02T04:53:49Z] [WARNING] ⚠️ Database not initialized for cycle counting
[2026-05-02T04:53:49Z] [INFO] 💾 Database updated with cycle results
[2026-05-02T04:53:49Z] [SECTION] ============================================================
[2026-05-02T04:53:49Z] [INFO] 🔮 PHASE: HIDDEN LAYERING DETECTION
[2026-05-02T04:53:49Z] [INFO] 🔗 Hidden layering detection complete. Connections identified: 2
[2026-05-02T04:53:49Z] [SECTION] ============================================================
[2026-05-02T04:53:49Z] [INFO] 🔬 PHASE: DOMAIN CORRELATION ANALYSIS
[2026-05-02T04:53:49Z] [INFO] 📊 Domain correlation matrices created: 2
[2026-05-02T04:53:49Z] [SECTION] ============================================================
[2026-05-02T04:53:49Z] [INFO] 🖼️  PHASE: IMAGE-SEED ANALYSIS
[2026-05-02T04:53:49Z] [INFO] 📂 Image seed analysis bootstrapping from 5 images...
[2026-05-02T04:53:49Z] [SECTION] ============================================================
[2026-05-02T04:53:49Z] [INFO] 📤 PHASE: PUSH COMPONENTS TO TOLARIA
[2026-05-02T04:53:52Z] [INFO] 📦 Components pushed to Tolaria: 5
[2026-05-02T04:53:52Z] [SECTION] ============================================================
[2026-05-02T04:53:52Z] [INFO] 🧩 PHASE: COMPOSER - DOMAIN INTEGRATION SYNTHESIS
[2026-05-02T04:54:11Z] [INFO] 🎨 Domain integrations synthesized: 0
[2026-05-02T04:54:11Z] [SECTION] ============================================================
[2026-05-02T04:54:11Z] [INFO] 🚀 PHASE: ADVANCED OVERNIGHT LOOP
[2026-05-02T04:55:18Z] [INFO] 🔬 Advanced loop completed cycles: 0
[2026-05-02T04:55:18Z] [WARNING] ⚠️  Git commit skipped or failed (git not initialized?): Command '['git', '-C', '/home/avalonas/.hermes/gematria/unified_overnight_research', 'add', '.']' returned non-zero exit status 128.
[2026-05-02T04:55:18Z] [INFO] 
📊 CYCLE #138 SUMMARY
[2026-05-02T04:55:18Z] [INFO] ✅ Successful tasks: 7/7
[2026-05-02T04:55:18Z] [INFO] ⏱️  Cycle duration: 89.21s
[2026-05-02T04:55:18Z] [INFO]    ⚠️ task: result
[2026-05-02T04:55:18Z] [INFO]    ⚠️ task: result
[2026-05-02T04:55:18Z] [INFO]    ⚠️ task: result
[2026-05-02T04:55:18Z] [INFO]    ⚠️ task: result
[2026-05-02T04:55:18Z] [INFO]    ⚠️ task: result
[2026-05-02T04:55:18Z] [INFO]    ⚠️ task: result
[2026-05-02T04:55:18Z] [INFO]    ⚠️ task: result
[2026-05-02T04:55:18Z] [HEADER] ================================================================================
[2026-05-02T04:55:18Z] [INFO] 🔄 OVERNIGHT RESEARCH PIPELINE - CYCLE #139
[2026-05-02T04:55:18Z] [INFO] ================================================================================
[2026-05-02T04:55:18Z] [HEADER] ============================================================
[2026-05-02T04:55:18Z] [INFO] 🌙 STARTING OVERNIGHT RESEARCH CYCLE #139
[2026-05-02T04:55:18Z] [INFO] 🔍 Running overnight research protocol (web scraping + cross-symbol analysis)...
[2026-05-02T04:55:18Z] [INFO] 📊 Cycle duration: 0.11s, Files generated: 0
[2026-05-02T04:55:18Z] [WARNING] ⚠️ Database not initialized for cycle counting
[2026-05-02T04:55:18Z] [INFO] 💾 Database updated with cycle results
[2026-05-02T04:55:18Z] [SECTION] ============================================================
[2026-05-02T04:55:18Z] [INFO] 🔮 PHASE: HIDDEN LAYERING DETECTION
[2026-05-02T04:55:18Z] [INFO] 🔗 Hidden layering detection complete. Connections identified: 2
[2026-05-02T04:55:18Z] [SECTION] ============================================================
[2026-05-02T04:55:18Z] [INFO] 🔬 PHASE: DOMAIN CORRELATION ANALYSIS
[2026-05-02T04:55:18Z] [INFO] 📊 Domain correlation matrices created: 2
[2026-05-02T04:55:18Z] [SECTION] ============================================================
[2026-05-02T04:55:18Z] [INFO] 🖼️  PHASE: IMAGE-SEED ANALYSIS
[2026-05-02T04:55:18Z] [INFO] 📂 Image seed analysis bootstrapping from 5 images...
[2026-05-02T04:55:18Z] [SECTION] ============================================================
[2026-05-02T04:55:18Z] [INFO] 📤 PHASE: PUSH COMPONENTS TO TOLARIA
[2026-05-02T04:55:19Z] [INFO] 📦 Components pushed to Tolaria: 5
[2026-05-02T04:55:19Z] [SECTION] ============================================================
[2026-05-02T04:55:19Z] [INFO] 🧩 PHASE: COMPOSER - DOMAIN INTEGRATION SYNTHESIS
[2026-05-02T04:55:40Z] [INFO] 🎨 Domain integrations synthesized: 0
[2026-05-02T04:55:40Z] [SECTION] ============================================================
[2026-05-02T04:55:40Z] [INFO] 🚀 PHASE: ADVANCED OVERNIGHT LOOP
[2026-05-02T04:56:46Z] [INFO] 🔬 Advanced loop completed cycles: 0
[2026-05-02T04:56:46Z] [WARNING] ⚠️  Git commit skipped or failed (git not initialized?): Command '['git', '-C', '/home/avalonas/.hermes/gematria/unified_overnight_research', 'add', '.']' returned non-zero exit status 128.
[2026-05-02T04:56:46Z] [INFO] 
📊 CYCLE #139 SUMMARY
[2026-05-02T04:56:46Z] [INFO] ✅ Successful tasks: 7/7
[2026-05-02T04:56:46Z] [INFO] ⏱️  Cycle duration: 88.25s
[2026-05-02T04:56:46Z] [INFO]    ⚠️ task: result
[2026-05-02T04:56:46Z] [INFO]    ⚠️ task: result
[2026-05-02T04:56:46Z] [INFO]    ⚠️ task: result
[2026-05-02T04:56:46Z] [INFO]    ⚠️ task: result
[2026-05-02T04:56:46Z] [INFO]    ⚠️ task: result
[2026-05-02T04:56:46Z] [INFO]    ⚠️ task: result
[2026-05-02T04:56:46Z] [INFO]    ⚠️ task: result
[2026-05-02T04:56:46Z] [HEADER] ================================================================================
[2026-05-02T04:56:46Z] [INFO] 🔄 OVERNIGHT RESEARCH PIPELINE - CYCLE #140
[2026-05-02T04:56:46Z] [INFO] ================================================================================
[2026-05-02T04:56:46Z] [HEADER] ============================================================
[2026-05-02T04:56:46Z] [INFO] 🌙 STARTING OVERNIGHT RESEARCH CYCLE #140
[2026-05-02T04:56:46Z] [INFO] 🔍 Running overnight research protocol (web scraping + cross-symbol analysis)...
[2026-05-02T04:56:46Z] [INFO] 📊 Cycle duration: 0.11s, Files generated: 0
[2026-05-02T04:56:46Z] [WARNING] ⚠️ Database not initialized for cycle counting
[2026-05-02T04:56:46Z] [INFO] 💾 Database updated with cycle results
[2026-05-02T04:56:46Z] [SECTION] ============================================================
[2026-05-02T04:56:46Z] [INFO] 🔮 PHASE: HIDDEN LAYERING DETECTION
[2026-05-02T04:56:46Z] [INFO] 🔗 Hidden layering detection complete. Connections identified: 2
[2026-05-02T04:56:46Z] [SECTION] ============================================================
[2026-05-02T04:56:46Z] [INFO] 🔬 PHASE: DOMAIN CORRELATION ANALYSIS
[2026-05-02T04:56:46Z] [INFO] 📊 Domain correlation matrices created: 2
[2026-05-02T04:56:46Z] [SECTION] ============================================================
[2026-05-02T04:56:46Z] [INFO] 🖼️  PHASE: IMAGE-SEED ANALYSIS
[2026-05-02T04:56:46Z] [INFO] 📂 Image seed analysis bootstrapping from 5 images...
[2026-05-02T04:56:46Z] [SECTION] ============================================================
[2026-05-02T04:56:46Z] [INFO] 📤 PHASE: PUSH COMPONENTS TO TOLARIA
[2026-05-02T04:56:47Z] [INFO] 📦 Components pushed to Tolaria: 5
[2026-05-02T04:56:47Z] [SECTION] ============================================================
[2026-05-02T04:56:47Z] [INFO] 🧩 PHASE: COMPOSER - DOMAIN INTEGRATION SYNTHESIS
[2026-05-02T04:57:09Z] [INFO] 🎨 Domain integrations synthesized: 0
[2026-05-02T04:57:09Z] [SECTION] ============================================================
[2026-05-02T04:57:09Z] [INFO] 🚀 PHASE: ADVANCED OVERNIGHT LOOP
[2026-05-02T04:58:16Z] [INFO] 🔬 Advanced loop completed cycles: 0
[2026-05-02T04:58:16Z] [WARNING] ⚠️  Git commit skipped or failed (git not initialized?): Command '['git', '-C', '/home/avalonas/.hermes/gematria/unified_overnight_research', 'add', '.']' returned non-zero exit status 128.
[2026-05-02T04:58:16Z] [INFO] 
📊 CYCLE #140 SUMMARY
[2026-05-02T04:58:16Z] [INFO] ✅ Successful tasks: 7/7
[2026-05-02T04:58:16Z] [INFO] ⏱️  Cycle duration: 89.50s
[2026-05-02T04:58:16Z] [INFO]    ⚠️ task: result
[2026-05-02T04:58:16Z] [INFO]    ⚠️ task: result
[2026-05-02T04:58:16Z] [INFO]    ⚠️ task: result
[2026-05-02T04:58:16Z] [INFO]    ⚠️ task: result
[2026-05-02T04:58:16Z] [INFO]    ⚠️ task: result
[2026-05-02T04:58:16Z] [INFO]    ⚠️ task: result
[2026-05-02T04:58:16Z] [INFO]    ⚠️ task: result
[2026-05-02T04:58:16Z] [HEADER] ================================================================================
[2026-05-02T04:58:16Z] [INFO] 🔄 OVERNIGHT RESEARCH PIPELINE - CYCLE #141
[2026-05-02T04:58:16Z] [INFO] ================================================================================
[2026-05-02T04:58:16Z] [HEADER] ============================================================
[2026-05-02T04:58:16Z] [INFO] 🌙 STARTING OVERNIGHT RESEARCH CYCLE #141
[2026-05-02T04:58:16Z] [INFO] 🔍 Running overnight research protocol (web scraping + cross-symbol analysis)...
[2026-05-02T04:58:16Z] [INFO] 📊 Cycle duration: 0.10s, Files generated: 0
[2026-05-02T04:58:16Z] [WARNING] ⚠️ Database not initialized for cycle counting
[2026-05-02T04:58:16Z] [INFO] 💾 Database updated with cycle results
[2026-05-02T04:58:16Z] [SECTION] ============================================================
[2026-05-02T04:58:16Z] [INFO] 🔮 PHASE: HIDDEN LAYERING DETECTION
[2026-05-02T04:58:16Z] [INFO] 🔗 Hidden layering detection complete. Connections identified: 2
[2026-05-02T04:58:16Z] [SECTION] ============================================================
[2026-05-02T04:58:16Z] [INFO] 🔬 PHASE: DOMAIN CORRELATION ANALYSIS
[2026-05-02T04:58:16Z] [INFO] 📊 Domain correlation matrices created: 2
[2026-05-02T04:58:16Z] [SECTION] ============================================================
[2026-05-02T04:58:16Z] [INFO] 🖼️  PHASE: IMAGE-SEED ANALYSIS
[2026-05-02T04:58:16Z] [INFO] 📂 Image seed analysis bootstrapping from 5 images...
[2026-05-02T04:58:16Z] [SECTION] ============================================================
[2026-05-02T04:58:16Z] [INFO] 📤 PHASE: PUSH COMPONENTS TO TOLARIA
[2026-05-02T04:58:17Z] [INFO] 📦 Components pushed to Tolaria: 5
[2026-05-02T04:58:17Z] [SECTION] ============================================================
[2026-05-02T04:58:17Z] [INFO] 🧩 PHASE: COMPOSER - DOMAIN INTEGRATION SYNTHESIS
[2026-05-02T04:58:38Z] [INFO] 🎨 Domain integrations synthesized: 0
[2026-05-02T04:58:38Z] [SECTION] ============================================================
[2026-05-02T04:58:38Z] [INFO] 🚀 PHASE: ADVANCED OVERNIGHT LOOP
[2026-05-02T04:59:45Z] [INFO] 🔬 Advanced loop completed cycles: 0
[2026-05-02T04:59:45Z] [WARNING] ⚠️  Git commit skipped or failed (git not initialized?): Command '['git', '-C', '/home/avalonas/.hermes/gematria/unified_overnight_research', 'add', '.']' returned non-zero exit status 128.
[2026-05-02T04:59:45Z] [INFO] 
📊 CYCLE #141 SUMMARY
[2026-05-02T04:59:45Z] [INFO] ✅ Successful tasks: 7/7
[2026-05-02T04:59:45Z] [INFO] ⏱️  Cycle duration: 89.51s
[2026-05-02T04:59:45Z] [INFO]    ⚠️ task: result
[2026-05-02T04:59:45Z] [INFO]    ⚠️ task: result
[2026-05-02T04:59:45Z] [INFO]    ⚠️ task: result
[2026-05-02T04:59:45Z] [INFO]    ⚠️ task: result
[2026-05-02T04:59:45Z] [INFO]    ⚠️ task: result
[2026-05-02T04:59:45Z] [INFO]    ⚠️ task: result
[2026-05-02T04:59:45Z] [INFO]    ⚠️ task: result
[2026-05-02T04:59:45Z] [HEADER] ================================================================================
[2026-05-02T04:59:45Z] [INFO] 🔄 OVERNIGHT RESEARCH PIPELINE - CYCLE #142
[2026-05-02T04:59:45Z] [INFO] ================================================================================
[2026-05-02T04:59:45Z] [HEADER] ============================================================
[2026-05-02T04:59:45Z] [INFO] 🌙 STARTING OVERNIGHT RESEARCH CYCLE #142
[2026-05-02T04:59:45Z] [INFO] 🔍 Running overnight research protocol (web scraping + cross-symbol analysis)...
[2026-05-02T04:59:45Z] [INFO] 📊 Cycle duration: 0.10s, Files generated: 0
[2026-05-02T04:59:45Z] [WARNING] ⚠️ Database not initialized for cycle counting
[2026-05-02T04:59:45Z] [INFO] 💾 Database updated with cycle results
[2026-05-02T04:59:45Z] [SECTION] ============================================================
[2026-05-02T04:59:45Z] [INFO] 🔮 PHASE: HIDDEN LAYERING DETECTION
[2026-05-02T04:59:45Z] [INFO] 🔗 Hidden layering detection complete. Connections identified: 2
[2026-05-02T04:59:45Z] [SECTION] ============================================================
[2026-05-02T04:59:45Z] [INFO] 🔬 PHASE: DOMAIN CORRELATION ANALYSIS
[2026-05-02T04:59:45Z] [INFO] 📊 Domain correlation matrices created: 2
[2026-05-02T04:59:45Z] [SECTION] ============================================================
[2026-05-02T04:59:45Z] [INFO] 🖼️  PHASE: IMAGE-SEED ANALYSIS
[2026-05-02T04:59:45Z] [INFO] 📂 Image seed analysis bootstrapping from 5 images...
[2026-05-02T04:59:45Z] [SECTION] ============================================================
[2026-05-02T04:59:45Z] [INFO] 📤 PHASE: PUSH COMPONENTS TO TOLARIA
[2026-05-02T04:59:46Z] [INFO] 📦 Components pushed to Tolaria: 5
[2026-05-02T04:59:46Z] [SECTION] ============================================================
[2026-05-02T04:59:46Z] [INFO] 🧩 PHASE: COMPOSER - DOMAIN INTEGRATION SYNTHESIS
[2026-05-02T05:00:08Z] [INFO] 🎨 Domain integrations synthesized: 0
[2026-05-02T05:00:08Z] [SECTION] ============================================================
[2026-05-02T05:00:08Z] [INFO] 🚀 PHASE: ADVANCED OVERNIGHT LOOP
[2026-05-02T05:01:14Z] [INFO] 🔬 Advanced loop completed cycles: 0
[2026-05-02T05:01:14Z] [WARNING] ⚠️  Git commit skipped or failed (git not initialized?): Command '['git', '-C', '/home/avalonas/.hermes/gematria/unified_overnight_research', 'add', '.']' returned non-zero exit status 128.
[2026-05-02T05:01:14Z] [INFO] 
📊 CYCLE #142 SUMMARY
[2026-05-02T05:01:14Z] [INFO] ✅ Successful tasks: 7/7
[2026-05-02T05:01:14Z] [INFO] ⏱️  Cycle duration: 89.13s
[2026-05-02T05:01:14Z] [INFO]    ⚠️ task: result
[2026-05-02T05:01:14Z] [INFO]    ⚠️ task: result
[2026-05-02T05:01:14Z] [INFO]    ⚠️ task: result
[2026-05-02T05:01:14Z] [INFO]    ⚠️ task: result
[2026-05-02T05:01:14Z] [INFO]    ⚠️ task: result
[2026-05-02T05:01:14Z] [INFO]    ⚠️ task: result
[2026-05-02T05:01:14Z] [INFO]    ⚠️ task: result
[2026-05-02T05:01:14Z] [HEADER] ================================================================================
[2026-05-02T05:01:14Z] [INFO] 🔄 OVERNIGHT RESEARCH PIPELINE - CYCLE #143
[2026-05-02T05:01:14Z] [INFO] ================================================================================
[2026-05-02T05:01:14Z] [HEADER] ============================================================
[2026-05-02T05:01:14Z] [INFO] 🌙 STARTING OVERNIGHT RESEARCH CYCLE #143
[2026-05-02T05:01:14Z] [INFO] 🔍 Running overnight research protocol (web scraping + cross-symbol analysis)...
[2026-05-02T05:01:14Z] [INFO] 📊 Cycle duration: 0.10s, Files generated: 0
[2026-05-02T05:01:14Z] [WARNING] ⚠️ Database not initialized for cycle counting
[2026-05-02T05:01:14Z] [INFO] 💾 Database updated with cycle results
[2026-05-02T05:01:14Z] [SECTION] ============================================================
[2026-05-02T05:01:14Z] [INFO] 🔮 PHASE: HIDDEN LAYERING DETECTION
[2026-05-02T05:01:15Z] [INFO] 🔗 Hidden layering detection complete. Connections identified: 2
[2026-05-02T05:01:15Z] [SECTION] ============================================================
[2026-05-02T05:01:15Z] [INFO] 🔬 PHASE: DOMAIN CORRELATION ANALYSIS
[2026-05-02T05:01:15Z] [INFO] 📊 Domain correlation matrices created: 2
[2026-05-02T05:01:15Z] [SECTION] ============================================================
[2026-05-02T05:01:15Z] [INFO] 🖼️  PHASE: IMAGE-SEED ANALYSIS
[2026-05-02T05:01:15Z] [INFO] 📂 Image seed analysis bootstrapping from 5 images...
[2026-05-02T05:01:15Z] [SECTION] ============================================================
[2026-05-02T05:01:15Z] [INFO] 📤 PHASE: PUSH COMPONENTS TO TOLARIA
[2026-05-02T05:01:16Z] [INFO] 📦 Components pushed to Tolaria: 5
[2026-05-02T05:01:16Z] [SECTION] ============================================================
[2026-05-02T05:01:16Z] [INFO] 🧩 PHASE: COMPOSER - DOMAIN INTEGRATION SYNTHESIS
[2026-05-02T05:01:37Z] [INFO] 🎨 Domain integrations synthesized: 0
[2026-05-02T05:01:37Z] [SECTION] ============================================================
[2026-05-02T05:01:37Z] [INFO] 🚀 PHASE: ADVANCED OVERNIGHT LOOP
[2026-05-02T05:02:43Z] [INFO] 🔬 Advanced loop completed cycles: 0
[2026-05-02T05:02:43Z] [WARNING] ⚠️  Git commit skipped or failed (git not initialized?): Command '['git', '-C', '/home/avalonas/.hermes/gematria/unified_overnight_research', 'add', '.']' returned non-zero exit status 128.
[2026-05-02T05:02:43Z] [INFO] 
📊 CYCLE #143 SUMMARY
[2026-05-02T05:02:43Z] [INFO] ✅ Successful tasks: 7/7
[2026-05-02T05:02:43Z] [INFO] ⏱️  Cycle duration: 89.00s
[2026-05-02T05:02:43Z] [INFO]    ⚠️ task: result
[2026-05-02T05:02:43Z] [INFO]    ⚠️ task: result
[2026-05-02T05:02:43Z] [INFO]    ⚠️ task: result
[2026-05-02T05:02:43Z] [INFO]    ⚠️ task: result
[2026-05-02T05:02:43Z] [INFO]    ⚠️ task: result
[2026-05-02T05:02:43Z] [INFO]    ⚠️ task: result
[2026-05-02T05:02:43Z] [INFO]    ⚠️ task: result
[2026-05-02T05:02:43Z] [HEADER] ================================================================================
[2026-05-02T05:02:43Z] [INFO] 🔄 OVERNIGHT RESEARCH PIPELINE - CYCLE #144
[2026-05-02T05:02:43Z] [INFO] ================================================================================
[2026-05-02T05:02:43Z] [HEADER] ============================================================
[2026-05-02T05:02:43Z] [INFO] 🌙 STARTING OVERNIGHT RESEARCH CYCLE #144
[2026-05-02T05:02:43Z] [INFO] 🔍 Running overnight research protocol (web scraping + cross-symbol analysis)...
[2026-05-02T05:02:43Z] [INFO] 📊 Cycle duration: 0.10s, Files generated: 0
[2026-05-02T05:02:43Z] [WARNING] ⚠️ Database not initialized for cycle counting
[2026-05-02T05:02:43Z] [INFO] 💾 Database updated with cycle results
[2026-05-02T05:02:43Z] [SECTION] ============================================================
[2026-05-02T05:02:43Z] [INFO] 🔮 PHASE: HIDDEN LAYERING DETECTION
[2026-05-02T05:02:44Z] [INFO] 🔗 Hidden layering detection complete. Connections identified: 2
[2026-05-02T05:02:44Z] [SECTION] ============================================================
[2026-05-02T05:02:44Z] [INFO] 🔬 PHASE: DOMAIN CORRELATION ANALYSIS
[2026-05-02T05:02:44Z] [INFO] 📊 Domain correlation matrices created: 2
[2026-05-02T05:02:44Z] [SECTION] ============================================================
[2026-05-02T05:02:44Z] [INFO] 🖼️  PHASE: IMAGE-SEED ANALYSIS
[2026-05-02T05:02:44Z] [INFO] 📂 Image seed analysis bootstrapping from 5 images...
[2026-05-02T05:02:44Z] [SECTION] ============================================================
[2026-05-02T05:02:44Z] [INFO] 📤 PHASE: PUSH COMPONENTS TO TOLARIA
[2026-05-02T05:02:44Z] [INFO] 📦 Components pushed to Tolaria: 5
[2026-05-02T05:02:44Z] [SECTION] ============================================================
[2026-05-02T05:02:44Z] [INFO] 🧩 PHASE: COMPOSER - DOMAIN INTEGRATION SYNTHESIS
[2026-05-02T05:03:06Z] [INFO] 🎨 Domain integrations synthesized: 0
[2026-05-02T05:03:06Z] [SECTION] ============================================================
[2026-05-02T05:03:06Z] [INFO] 🚀 PHASE: ADVANCED OVERNIGHT LOOP
[2026-05-02T05:04:12Z] [INFO] 🔬 Advanced loop completed cycles: 0
[2026-05-02T05:04:12Z] [WARNING] ⚠️  Git commit skipped or failed (git not initialized?): Command '['git', '-C', '/home/avalonas/.hermes/gematria/unified_overnight_research', 'add', '.']' returned non-zero exit status 128.
[2026-05-02T05:04:12Z] [INFO] 
📊 CYCLE #144 SUMMARY
[2026-05-02T05:04:12Z] [INFO] ✅ Successful tasks: 7/7
[2026-05-02T05:04:12Z] [INFO] ⏱️  Cycle duration: 89.00s
[2026-05-02T05:04:12Z] [INFO]    ⚠️ task: result
[2026-05-02T05:04:12Z] [INFO]    ⚠️ task: result
[2026-05-02T05:04:12Z] [INFO]    ⚠️ task: result
[2026-05-02T05:04:12Z] [INFO]    ⚠️ task: result
[2026-05-02T05:04:12Z] [INFO]    ⚠️ task: result
[2026-05-02T05:04:12Z] [INFO]    ⚠️ task: result
[2026-05-02T05:04:12Z] [INFO]    ⚠️ task: result
[2026-05-02T05:04:12Z] [HEADER] ================================================================================
[2026-05-02T05:04:12Z] [INFO] 🔄 OVERNIGHT RESEARCH PIPELINE - CYCLE #145
[2026-05-02T05:04:12Z] [INFO] ================================================================================
[2026-05-02T05:04:12Z] [HEADER] ============================================================
[2026-05-02T05:04:12Z] [INFO] 🌙 STARTING OVERNIGHT RESEARCH CYCLE #145
[2026-05-02T05:04:12Z] [INFO] 🔍 Running overnight research protocol (web scraping + cross-symbol analysis)...
[2026-05-02T05:04:12Z] [INFO] 📊 Cycle duration: 0.10s, Files generated: 0
[2026-05-02T05:04:12Z] [WARNING] ⚠️ Database not initialized for cycle counting
[2026-05-02T05:04:12Z] [INFO] 💾 Database updated with cycle results
[2026-05-02T05:04:12Z] [SECTION] ============================================================
[2026-05-02T05:04:12Z] [INFO] 🔮 PHASE: HIDDEN LAYERING DETECTION
[2026-05-02T05:04:13Z] [INFO] 🔗 Hidden layering detection complete. Connections identified: 2
[2026-05-02T05:04:13Z] [SECTION] ============================================================
[2026-05-02T05:04:13Z] [INFO] 🔬 PHASE: DOMAIN CORRELATION ANALYSIS
[2026-05-02T05:04:13Z] [INFO] 📊 Domain correlation matrices created: 2
[2026-05-02T05:04:13Z] [SECTION] ============================================================
[2026-05-02T05:04:13Z] [INFO] 🖼️  PHASE: IMAGE-SEED ANALYSIS
[2026-05-02T05:04:13Z] [INFO] 📂 Image seed analysis bootstrapping from 5 images...
[2026-05-02T05:04:13Z] [SECTION] ============================================================
[2026-05-02T05:04:13Z] [INFO] 📤 PHASE: PUSH COMPONENTS TO TOLARIA
[2026-05-02T05:04:15Z] [INFO] 📦 Components pushed to Tolaria: 5
[2026-05-02T05:04:15Z] [SECTION] ============================================================
[2026-05-02T05:04:15Z] [INFO] 🧩 PHASE: COMPOSER - DOMAIN INTEGRATION SYNTHESIS
[2026-05-02T05:04:35Z] [INFO] 🎨 Domain integrations synthesized: 0
[2026-05-02T05:04:35Z] [SECTION] ============================================================
[2026-05-02T05:04:35Z] [INFO] 🚀 PHASE: ADVANCED OVERNIGHT LOOP
[2026-05-02T05:05:42Z] [INFO] 🔬 Advanced loop completed cycles: 0
[2026-05-02T05:05:42Z] [WARNING] ⚠️  Git commit skipped or failed (git not initialized?): Command '['git', '-C', '/home/avalonas/.hermes/gematria/unified_overnight_research', 'add', '.']' returned non-zero exit status 128.
[2026-05-02T05:05:42Z] [INFO] 
📊 CYCLE #145 SUMMARY
[2026-05-02T05:05:42Z] [INFO] ✅ Successful tasks: 7/7
[2026-05-02T05:05:42Z] [INFO] ⏱️  Cycle duration: 89.25s
[2026-05-02T05:05:42Z] [INFO]    ⚠️ task: result
[2026-05-02T05:05:42Z] [INFO]    ⚠️ task: result
[2026-05-02T05:05:42Z] [INFO]    ⚠️ task: result
[2026-05-02T05:05:42Z] [INFO]    ⚠️ task: result
[2026-05-02T05:05:42Z] [INFO]    ⚠️ task: result
[2026-05-02T05:05:42Z] [INFO]    ⚠️ task: result
[2026-05-02T05:05:42Z] [INFO]    ⚠️ task: result
[2026-05-02T05:05:42Z] [HEADER] ================================================================================
[2026-05-02T05:05:42Z] [INFO] 🔄 OVERNIGHT RESEARCH PIPELINE - CYCLE #146
[2026-05-02T05:05:42Z] [INFO] ================================================================================
[2026-05-02T05:05:42Z] [HEADER] ============================================================
[2026-05-02T05:05:42Z] [INFO] 🌙 STARTING OVERNIGHT RESEARCH CYCLE #146
[2026-05-02T05:05:42Z] [INFO] 🔍 Running overnight research protocol (web scraping + cross-symbol analysis)...
[2026-05-02T05:05:42Z] [INFO] 📊 Cycle duration: 0.10s, Files generated: 0
[2026-05-02T05:05:42Z] [WARNING] ⚠️ Database not initialized for cycle counting
[2026-05-02T05:05:42Z] [INFO] 💾 Database updated with cycle results
[2026-05-02T05:05:42Z] [SECTION] ============================================================
[2026-05-02T05:05:42Z] [INFO] 🔮 PHASE: HIDDEN LAYERING DETECTION
[2026-05-02T05:05:42Z] [INFO] 🔗 Hidden layering detection complete. Connections identified: 2
[2026-05-02T05:05:42Z] [SECTION] ============================================================
[2026-05-02T05:05:42Z] [INFO] 🔬 PHASE: DOMAIN CORRELATION ANALYSIS
[2026-05-02T05:05:42Z] [INFO] 📊 Domain correlation matrices created: 2
[2026-05-02T05:05:42Z] [SECTION] ============================================================
[2026-05-02T05:05:42Z] [INFO] 🖼️  PHASE: IMAGE-SEED ANALYSIS
[2026-05-02T05:05:42Z] [INFO] 📂 Image seed analysis bootstrapping from 5 images...
[2026-05-02T05:05:42Z] [SECTION] ============================================================
[2026-05-02T05:05:42Z] [INFO] 📤 PHASE: PUSH COMPONENTS TO TOLARIA
[2026-05-02T05:05:43Z] [INFO] 📦 Components pushed to Tolaria: 5
[2026-05-02T05:05:43Z] [SECTION] ============================================================
[2026-05-02T05:05:43Z] [INFO] 🧩 PHASE: COMPOSER - DOMAIN INTEGRATION SYNTHESIS
[2026-05-02T05:06:04Z] [INFO] 🎨 Domain integrations synthesized: 0
[2026-05-02T05:06:04Z] [SECTION] ============================================================
[2026-05-02T05:06:04Z] [INFO] 🚀 PHASE: ADVANCED OVERNIGHT LOOP
[2026-05-02T05:07:14Z] [INFO] 🔬 Advanced loop completed cycles: 0
[2026-05-02T05:07:14Z] [WARNING] ⚠️  Git commit skipped or failed (git not initialized?): Command '['git', '-C', '/home/avalonas/.hermes/gematria/unified_overnight_research', 'add', '.']' returned non-zero exit status 128.
[2026-05-02T05:07:14Z] [INFO] 
📊 CYCLE #146 SUMMARY
[2026-05-02T05:07:14Z] [INFO] ✅ Successful tasks: 7/7
[2026-05-02T05:07:14Z] [INFO] ⏱️  Cycle duration: 92.71s
[2026-05-02T05:07:14Z] [INFO]    ⚠️ task: result
[2026-05-02T05:07:14Z] [INFO]    ⚠️ task: result
[2026-05-02T05:07:14Z] [INFO]    ⚠️ task: result
[2026-05-02T05:07:14Z] [INFO]    ⚠️ task: result
[2026-05-02T05:07:14Z] [INFO]    ⚠️ task: result
[2026-05-02T05:07:14Z] [INFO]    ⚠️ task: result
[2026-05-02T05:07:14Z] [INFO]    ⚠️ task: result
[2026-05-02T05:07:14Z] [HEADER] ================================================================================
[2026-05-02T05:07:14Z] [INFO] 🔄 OVERNIGHT RESEARCH PIPELINE - CYCLE #147
[2026-05-02T05:07:14Z] [INFO] ================================================================================
[2026-05-02T05:07:14Z] [HEADER] ============================================================
[2026-05-02T05:07:14Z] [INFO] 🌙 STARTING OVERNIGHT RESEARCH CYCLE #147
[2026-05-02T05:07:14Z] [INFO] 🔍 Running overnight research protocol (web scraping + cross-symbol analysis)...
[2026-05-02T05:07:14Z] [INFO] 📊 Cycle duration: 0.11s, Files generated: 0
[2026-05-02T05:07:14Z] [WARNING] ⚠️ Database not initialized for cycle counting
[2026-05-02T05:07:14Z] [INFO] 💾 Database updated with cycle results
[2026-05-02T05:07:14Z] [SECTION] ============================================================
[2026-05-02T05:07:14Z] [INFO] 🔮 PHASE: HIDDEN LAYERING DETECTION
[2026-05-02T05:07:14Z] [INFO] 🔗 Hidden layering detection complete. Connections identified: 2
[2026-05-02T05:07:14Z] [SECTION] ============================================================
[2026-05-02T05:07:14Z] [INFO] 🔬 PHASE: DOMAIN CORRELATION ANALYSIS
[2026-05-02T05:07:15Z] [INFO] 📊 Domain correlation matrices created: 2
[2026-05-02T05:07:15Z] [SECTION] ============================================================
[2026-05-02T05:07:15Z] [INFO] 🖼️  PHASE: IMAGE-SEED ANALYSIS
[2026-05-02T05:07:15Z] [INFO] 📂 Image seed analysis bootstrapping from 5 images...
[2026-05-02T05:07:15Z] [SECTION] ============================================================
[2026-05-02T05:07:15Z] [INFO] 📤 PHASE: PUSH COMPONENTS TO TOLARIA
[2026-05-02T05:07:15Z] [INFO] 📦 Components pushed to Tolaria: 5
[2026-05-02T05:07:15Z] [SECTION] ============================================================
[2026-05-02T05:07:15Z] [INFO] 🧩 PHASE: COMPOSER - DOMAIN INTEGRATION SYNTHESIS
[2026-05-02T05:07:32Z] [INFO] 🎨 Domain integrations synthesized: 0
[2026-05-02T05:07:32Z] [SECTION] ============================================================
[2026-05-02T05:07:32Z] [INFO] 🚀 PHASE: ADVANCED OVERNIGHT LOOP
[2026-05-02T05:07:32Z] [INFO] 🔬 Advanced loop completed cycles: 0
[2026-05-02T05:07:32Z] [WARNING] ⚠️  Git commit skipped or failed (git not initialized?): Command '['git', '-C', '/home/avalonas/.hermes/gematria/unified_overnight_research', 'add', '.']' returned non-zero exit status 128.
[2026-05-02T05:07:32Z] [INFO] 
📊 CYCLE #147 SUMMARY
[2026-05-02T05:07:32Z] [INFO] ✅ Successful tasks: 7/7
[2026-05-02T05:07:32Z] [INFO] ⏱️  Cycle duration: 17.42s
[2026-05-02T05:07:32Z] [INFO]    ⚠️ task: result
[2026-05-02T05:07:32Z] [INFO]    ⚠️ task: result
[2026-05-02T05:07:32Z] [INFO]    ⚠️ task: result
[2026-05-02T05:07:32Z] [INFO]    ⚠️ task: result
[2026-05-02T05:07:32Z] [INFO]    ⚠️ task: result
[2026-05-02T05:07:32Z] [INFO]    ⚠️ task: result
[2026-05-02T05:07:32Z] [INFO]    ⚠️ task: result
[2026-05-02T05:07:32Z] [HEADER] ================================================================================
[2026-05-02T05:07:32Z] [INFO] 🔄 OVERNIGHT RESEARCH PIPELINE - CYCLE #148
[2026-05-02T05:07:32Z] [INFO] ================================================================================
[2026-05-02T05:07:32Z] [HEADER] ============================================================
[2026-05-02T05:07:32Z] [INFO] 🌙 STARTING OVERNIGHT RESEARCH CYCLE #148
[2026-05-02T05:07:32Z] [INFO] 🔍 Running overnight research protocol (web scraping + cross-symbol analysis)...
[2026-05-02T05:07:32Z] [INFO] 📊 Cycle duration: 0.11s, Files generated: 0
[2026-05-02T05:07:32Z] [WARNING] ⚠️ Database not initialized for cycle counting
[2026-05-02T05:07:32Z] [INFO] 💾 Database updated with cycle results
[2026-05-02T05:07:32Z] [SECTION] ============================================================
[2026-05-02T05:07:32Z] [INFO] 🔮 PHASE: HIDDEN LAYERING DETECTION
[2026-05-02T05:07:32Z] [INFO] 🔗 Hidden layering detection complete. Connections identified: 2
[2026-05-02T05:07:32Z] [SECTION] ============================================================
[2026-05-02T05:07:32Z] [INFO] 🔬 PHASE: DOMAIN CORRELATION ANALYSIS
[2026-05-02T05:07:32Z] [INFO] 📊 Domain correlation matrices created: 2
[2026-05-02T05:07:32Z] [SECTION] ============================================================
[2026-05-02T05:07:32Z] [INFO] 🖼️  PHASE: IMAGE-SEED ANALYSIS
[2026-05-02T05:07:32Z] [INFO] 📂 Image seed analysis bootstrapping from 5 images...
[2026-05-02T05:07:32Z] [SECTION] ============================================================
[2026-05-02T05:07:32Z] [INFO] 📤 PHASE: PUSH COMPONENTS TO TOLARIA
[2026-05-02T05:07:33Z] [INFO] 📦 Components pushed to Tolaria: 5
[2026-05-02T05:07:33Z] [SECTION] ============================================================
[2026-05-02T05:07:33Z] [INFO] 🧩 PHASE: COMPOSER - DOMAIN INTEGRATION SYNTHESIS
[2026-05-02T05:07:56Z] [INFO] 🎨 Domain integrations synthesized: 0
[2026-05-02T05:07:56Z] [SECTION] ============================================================
[2026-05-02T05:07:56Z] [INFO] 🚀 PHASE: ADVANCED OVERNIGHT LOOP
[2026-05-02T05:07:56Z] [INFO] 🔬 Advanced loop completed cycles: 0
[2026-05-02T05:07:56Z] [WARNING] ⚠️  Git commit skipped or failed (git not initialized?): Command '['git', '-C', '/home/avalonas/.hermes/gematria/unified_overnight_research', 'add', '.']' returned non-zero exit status 128.
[2026-05-02T05:07:56Z] [INFO] 
📊 CYCLE #148 SUMMARY
[2026-05-02T05:07:56Z] [INFO] ✅ Successful tasks: 7/7
[2026-05-02T05:07:56Z] [INFO] ⏱️  Cycle duration: 24.14s
[2026-05-02T05:07:56Z] [INFO]    ⚠️ task: result
[2026-05-02T05:07:56Z] [INFO]    ⚠️ task: result
[2026-05-02T05:07:56Z] [INFO]    ⚠️ task: result
[2026-05-02T05:07:56Z] [INFO]    ⚠️ task: result
[2026-05-02T05:07:56Z] [INFO]    ⚠️ task: result
[2026-05-02T05:07:56Z] [INFO]    ⚠️ task: result
[2026-05-02T05:07:56Z] [INFO]    ⚠️ task: result
[2026-05-02T05:07:56Z] [HEADER] ================================================================================
[2026-05-02T05:07:56Z] [INFO] 🔄 OVERNIGHT RESEARCH PIPELINE - CYCLE #149
[2026-05-02T05:07:56Z] [INFO] ================================================================================
[2026-05-02T05:07:56Z] [HEADER] ============================================================
[2026-05-02T05:07:56Z] [INFO] 🌙 STARTING OVERNIGHT RESEARCH CYCLE #149
[2026-05-02T05:07:56Z] [INFO] 🔍 Running overnight research protocol (web scraping + cross-symbol analysis)...
[2026-05-02T05:07:56Z] [INFO] 📊 Cycle duration: 0.11s, Files generated: 0
[2026-05-02T05:07:56Z] [WARNING] ⚠️ Database not initialized for cycle counting
[2026-05-02T05:07:56Z] [INFO] 💾 Database updated with cycle results
[2026-05-02T05:07:56Z] [SECTION] ============================================================
[2026-05-02T05:07:56Z] [INFO] 🔮 PHASE: HIDDEN LAYERING DETECTION
[2026-05-02T05:07:56Z] [INFO] 🔗 Hidden layering detection complete. Connections identified: 2
[2026-05-02T05:07:56Z] [SECTION] ============================================================
[2026-05-02T05:07:56Z] [INFO] 🔬 PHASE: DOMAIN CORRELATION ANALYSIS
[2026-05-02T05:07:56Z] [INFO] 📊 Domain correlation matrices created: 2
[2026-05-02T05:07:56Z] [SECTION] ============================================================
[2026-05-02T05:07:56Z] [INFO] 🖼️  PHASE: IMAGE-SEED ANALYSIS
[2026-05-02T05:07:56Z] [INFO] 📂 Image seed analysis bootstrapping from 5 images...
[2026-05-02T05:07:56Z] [SECTION] ============================================================
[2026-05-02T05:07:56Z] [INFO] 📤 PHASE: PUSH COMPONENTS TO TOLARIA
[2026-05-02T05:07:57Z] [INFO] 📦 Components pushed to Tolaria: 5
[2026-05-02T05:07:57Z] [SECTION] ============================================================
[2026-05-02T05:07:57Z] [INFO] 🧩 PHASE: COMPOSER - DOMAIN INTEGRATION SYNTHESIS
[2026-05-02T05:08:20Z] [INFO] 🎨 Domain integrations synthesized: 0
[2026-05-02T05:08:20Z] [SECTION] ============================================================
[2026-05-02T05:08:20Z] [INFO] 🚀 PHASE: ADVANCED OVERNIGHT LOOP
[2026-05-02T05:09:31Z] [INFO] 🔬 Advanced loop completed cycles: 0
[2026-05-02T05:09:31Z] [WARNING] ⚠️  Git commit skipped or failed (git not initialized?): Command '['git', '-C', '/home/avalonas/.hermes/gematria/unified_overnight_research', 'add', '.']' returned non-zero exit status 128.
[2026-05-02T05:09:31Z] [INFO] 
📊 CYCLE #149 SUMMARY
[2026-05-02T05:09:31Z] [INFO] ✅ Successful tasks: 7/7
[2026-05-02T05:09:31Z] [INFO] ⏱️  Cycle duration: 95.24s
[2026-05-02T05:09:31Z] [INFO]    ⚠️ task: result
[2026-05-02T05:09:31Z] [INFO]    ⚠️ task: result
[2026-05-02T05:09:31Z] [INFO]    ⚠️ task: result
[2026-05-02T05:09:31Z] [INFO]    ⚠️ task: result
[2026-05-02T05:09:31Z] [INFO]    ⚠️ task: result
[2026-05-02T05:09:31Z] [INFO]    ⚠️ task: result
[2026-05-02T05:09:31Z] [INFO]    ⚠️ task: result
[2026-05-02T05:09:31Z] [HEADER] ================================================================================
[2026-05-02T05:09:31Z] [INFO] 🔄 OVERNIGHT RESEARCH PIPELINE - CYCLE #150
[2026-05-02T05:09:31Z] [INFO] ================================================================================
[2026-05-02T05:09:31Z] [HEADER] ============================================================
[2026-05-02T05:09:31Z] [INFO] 🌙 STARTING OVERNIGHT RESEARCH CYCLE #150
[2026-05-02T05:09:31Z] [INFO] 🔍 Running overnight research protocol (web scraping + cross-symbol analysis)...
[2026-05-02T05:09:31Z] [INFO] 📊 Cycle duration: 0.12s, Files generated: 0
[2026-05-02T05:09:31Z] [WARNING] ⚠️ Database not initialized for cycle counting
[2026-05-02T05:09:31Z] [INFO] 💾 Database updated with cycle results
[2026-05-02T05:09:31Z] [SECTION] ============================================================
[2026-05-02T05:09:31Z] [INFO] 🔮 PHASE: HIDDEN LAYERING DETECTION
[2026-05-02T05:09:32Z] [INFO] 🔗 Hidden layering detection complete. Connections identified: 7
[2026-05-02T05:09:32Z] [SECTION] ============================================================
[2026-05-02T05:09:32Z] [INFO] 🔬 PHASE: DOMAIN CORRELATION ANALYSIS
[2026-05-02T05:09:32Z] [INFO] 📊 Domain correlation matrices created: 2
[2026-05-02T05:09:32Z] [SECTION] ============================================================
[2026-05-02T05:09:32Z] [INFO] 🖼️  PHASE: IMAGE-SEED ANALYSIS
[2026-05-02T05:09:32Z] [INFO] 📂 Image seed analysis bootstrapping from 5 images...
[2026-05-02T05:09:32Z] [SECTION] ============================================================
[2026-05-02T05:09:32Z] [INFO] 📤 PHASE: PUSH COMPONENTS TO TOLARIA
[2026-05-02T05:09:33Z] [INFO] 📦 Components pushed to Tolaria: 5
[2026-05-02T05:09:33Z] [SECTION] ============================================================
[2026-05-02T05:09:33Z] [INFO] 🧩 PHASE: COMPOSER - DOMAIN INTEGRATION SYNTHESIS
[2026-05-02T05:09:54Z] [INFO] 🎨 Domain integrations synthesized: 0
[2026-05-02T05:09:54Z] [SECTION] ============================================================
[2026-05-02T05:09:54Z] [INFO] 🚀 PHASE: ADVANCED OVERNIGHT LOOP
[2026-05-02T05:11:00Z] [INFO] 🔬 Advanced loop completed cycles: 0
[2026-05-02T05:11:00Z] [WARNING] ⚠️  Git commit skipped or failed (git not initialized?): Command '['git', '-C', '/home/avalonas/.hermes/gematria/unified_overnight_research', 'add', '.']' returned non-zero exit status 128.
[2026-05-02T05:11:00Z] [INFO] 
📊 CYCLE #150 SUMMARY
[2026-05-02T05:11:00Z] [INFO] ✅ Successful tasks: 7/7
[2026-05-02T05:11:00Z] [INFO] ⏱️  Cycle duration: 88.50s
[2026-05-02T05:11:00Z] [INFO]    ⚠️ task: result
[2026-05-02T05:11:00Z] [INFO]    ⚠️ task: result
[2026-05-02T05:11:00Z] [INFO]    ⚠️ task: result
[2026-05-02T05:11:00Z] [INFO]    ⚠️ task: result
[2026-05-02T05:11:00Z] [INFO]    ⚠️ task: result
[2026-05-02T05:11:00Z] [INFO]    ⚠️ task: result
[2026-05-02T05:11:00Z] [INFO]    ⚠️ task: result
[2026-05-02T05:11:00Z] [HEADER] ================================================================================
[2026-05-02T05:11:00Z] [INFO] 🔄 OVERNIGHT RESEARCH PIPELINE - CYCLE #151
[2026-05-02T05:11:00Z] [INFO] ================================================================================
[2026-05-02T05:11:00Z] [HEADER] ============================================================
[2026-05-02T05:11:00Z] [INFO] 🌙 STARTING OVERNIGHT RESEARCH CYCLE #151
[2026-05-02T05:11:00Z] [INFO] 🔍 Running overnight research protocol (web scraping + cross-symbol analysis)...
[2026-05-02T05:11:00Z] [INFO] 📊 Cycle duration: 0.11s, Files generated: 0
[2026-05-02T05:11:00Z] [WARNING] ⚠️ Database not initialized for cycle counting
[2026-05-02T05:11:00Z] [INFO] 💾 Database updated with cycle results
[2026-05-02T05:11:00Z] [SECTION] ============================================================
[2026-05-02T05:11:00Z] [INFO] 🔮 PHASE: HIDDEN LAYERING DETECTION
[2026-05-02T05:11:00Z] [INFO] 🔗 Hidden layering detection complete. Connections identified: 4
[2026-05-02T05:11:00Z] [SECTION] ============================================================
[2026-05-02T05:11:00Z] [INFO] 🔬 PHASE: DOMAIN CORRELATION ANALYSIS
[2026-05-02T05:11:00Z] [INFO] 📊 Domain correlation matrices created: 2
[2026-05-02T05:11:00Z] [SECTION] ============================================================
[2026-05-02T05:11:00Z] [INFO] 🖼️  PHASE: IMAGE-SEED ANALYSIS
[2026-05-02T05:11:00Z] [INFO] 📂 Image seed analysis bootstrapping from 5 images...
[2026-05-02T05:11:00Z] [SECTION] ============================================================
[2026-05-02T05:11:00Z] [INFO] 📤 PHASE: PUSH COMPONENTS TO TOLARIA
[2026-05-02T05:11:01Z] [INFO] 📦 Components pushed to Tolaria: 5
[2026-05-02T05:11:01Z] [SECTION] ============================================================
[2026-05-02T05:11:01Z] [INFO] 🧩 PHASE: COMPOSER - DOMAIN INTEGRATION SYNTHESIS
[2026-05-02T05:11:22Z] [INFO] 🎨 Domain integrations synthesized: 0
[2026-05-02T05:11:22Z] [SECTION] ============================================================
[2026-05-02T05:11:22Z] [INFO] 🚀 PHASE: ADVANCED OVERNIGHT LOOP
[2026-05-02T05:12:28Z] [INFO] 🔬 Advanced loop completed cycles: 0
[2026-05-02T05:12:28Z] [WARNING] ⚠️  Git commit skipped or failed (git not initialized?): Command '['git', '-C', '/home/avalonas/.hermes/gematria/unified_overnight_research', 'add', '.']' returned non-zero exit status 128.
[2026-05-02T05:12:28Z] [INFO] 
📊 CYCLE #151 SUMMARY
[2026-05-02T05:12:28Z] [INFO] ✅ Successful tasks: 7/7
[2026-05-02T05:12:28Z] [INFO] ⏱️  Cycle duration: 88.74s
[2026-05-02T05:12:28Z] [INFO]    ⚠️ task: result
[2026-05-02T05:12:28Z] [INFO]    ⚠️ task: result
[2026-05-02T05:12:28Z] [INFO]    ⚠️ task: result
[2026-05-02T05:12:28Z] [INFO]    ⚠️ task: result
[2026-05-02T05:12:28Z] [INFO]    ⚠️ task: result
[2026-05-02T05:12:28Z] [INFO]    ⚠️ task: result
[2026-05-02T05:12:28Z] [INFO]    ⚠️ task: result
[2026-05-02T05:12:28Z] [HEADER] ================================================================================
[2026-05-02T05:12:28Z] [INFO] 🔄 OVERNIGHT RESEARCH PIPELINE - CYCLE #152
[2026-05-02T05:12:28Z] [INFO] ================================================================================
[2026-05-02T05:12:28Z] [HEADER] ============================================================
[2026-05-02T05:12:28Z] [INFO] 🌙 STARTING OVERNIGHT RESEARCH CYCLE #152
[2026-05-02T05:12:28Z] [INFO] 🔍 Running overnight research protocol (web scraping + cross-symbol analysis)...
[2026-05-02T05:12:29Z] [INFO] 📊 Cycle duration: 0.12s, Files generated: 0
[2026-05-02T05:12:29Z] [WARNING] ⚠️ Database not initialized for cycle counting
[2026-05-02T05:12:29Z] [INFO] 💾 Database updated with cycle results
[2026-05-02T05:12:29Z] [SECTION] ============================================================
[2026-05-02T05:12:29Z] [INFO] 🔮 PHASE: HIDDEN LAYERING DETECTION
[2026-05-02T05:12:29Z] [INFO] 🔗 Hidden layering detection complete. Connections identified: 32
[2026-05-02T05:12:29Z] [SECTION] ============================================================
[2026-05-02T05:12:29Z] [INFO] 🔬 PHASE: DOMAIN CORRELATION ANALYSIS
[2026-05-02T05:12:29Z] [INFO] 📊 Domain correlation matrices created: 2
[2026-05-02T05:12:29Z] [SECTION] ============================================================
[2026-05-02T05:12:29Z] [INFO] 🖼️  PHASE: IMAGE-SEED ANALYSIS
[2026-05-02T05:12:29Z] [INFO] 📂 Image seed analysis bootstrapping from 5 images...
[2026-05-02T05:12:29Z] [SECTION] ============================================================
[2026-05-02T05:12:29Z] [INFO] 📤 PHASE: PUSH COMPONENTS TO TOLARIA
[2026-05-02T05:12:30Z] [INFO] 📦 Components pushed to Tolaria: 5
[2026-05-02T05:12:30Z] [SECTION] ============================================================
[2026-05-02T05:12:30Z] [INFO] 🧩 PHASE: COMPOSER - DOMAIN INTEGRATION SYNTHESIS
[2026-05-02T05:12:51Z] [INFO] 🎨 Domain integrations synthesized: 0
[2026-05-02T05:12:51Z] [SECTION] ============================================================
[2026-05-02T05:12:51Z] [INFO] 🚀 PHASE: ADVANCED OVERNIGHT LOOP
[2026-05-02T05:13:53Z] [INFO] 🔬 Advanced loop completed cycles: 0
[2026-05-02T05:13:53Z] [WARNING] ⚠️  Git commit skipped or failed (git not initialized?): Command '['git', '-C', '/home/avalonas/.hermes/gematria/unified_overnight_research', 'add', '.']' returned non-zero exit status 128.
[2026-05-02T05:13:53Z] [INFO] 
📊 CYCLE #152 SUMMARY
[2026-05-02T05:13:53Z] [INFO] ✅ Successful tasks: 7/7
[2026-05-02T05:13:53Z] [INFO] ⏱️  Cycle duration: 84.54s
[2026-05-02T05:13:53Z] [INFO]    ⚠️ task: result
[2026-05-02T05:13:53Z] [INFO]    ⚠️ task: result
[2026-05-02T05:13:53Z] [INFO]    ⚠️ task: result
[2026-05-02T05:13:53Z] [INFO]    ⚠️ task: result
[2026-05-02T05:13:53Z] [INFO]    ⚠️ task: result
[2026-05-02T05:13:53Z] [INFO]    ⚠️ task: result
[2026-05-02T05:13:53Z] [INFO]    ⚠️ task: result
[2026-05-02T05:13:53Z] [HEADER] ================================================================================
[2026-05-02T05:13:53Z] [INFO] 🔄 OVERNIGHT RESEARCH PIPELINE - CYCLE #153
[2026-05-02T05:13:53Z] [INFO] ================================================================================
[2026-05-02T05:13:53Z] [HEADER] ============================================================
[2026-05-02T05:13:53Z] [INFO] 🌙 STARTING OVERNIGHT RESEARCH CYCLE #153
[2026-05-02T05:13:53Z] [INFO] 🔍 Running overnight research protocol (web scraping + cross-symbol analysis)...
[2026-05-02T05:13:53Z] [INFO] 📊 Cycle duration: 0.11s, Files generated: 0
[2026-05-02T05:13:53Z] [WARNING] ⚠️ Database not initialized for cycle counting
[2026-05-02T05:13:53Z] [INFO] 💾 Database updated with cycle results
[2026-05-02T05:13:53Z] [SECTION] ============================================================
[2026-05-02T05:13:53Z] [INFO] 🔮 PHASE: HIDDEN LAYERING DETECTION
[2026-05-02T05:13:53Z] [INFO] 🔗 Hidden layering detection complete. Connections identified: 2
[2026-05-02T05:13:53Z] [SECTION] ============================================================
[2026-05-02T05:13:53Z] [INFO] 🔬 PHASE: DOMAIN CORRELATION ANALYSIS
[2026-05-02T05:13:53Z] [INFO] 📊 Domain correlation matrices created: 2
[2026-05-02T05:13:53Z] [SECTION] ============================================================
[2026-05-02T05:13:53Z] [INFO] 🖼️  PHASE: IMAGE-SEED ANALYSIS
[2026-05-02T05:13:53Z] [INFO] 📂 Image seed analysis bootstrapping from 5 images...
[2026-05-02T05:13:53Z] [SECTION] ============================================================
[2026-05-02T05:13:53Z] [INFO] 📤 PHASE: PUSH COMPONENTS TO TOLARIA
[2026-05-02T05:13:54Z] [INFO] 📦 Components pushed to Tolaria: 5
[2026-05-02T05:13:54Z] [SECTION] ============================================================
[2026-05-02T05:13:54Z] [INFO] 🧩 PHASE: COMPOSER - DOMAIN INTEGRATION SYNTHESIS
[2026-05-02T05:14:16Z] [INFO] 🎨 Domain integrations synthesized: 0
[2026-05-02T05:14:16Z] [SECTION] ============================================================
[2026-05-02T05:14:16Z] [INFO] 🚀 PHASE: ADVANCED OVERNIGHT LOOP
[2026-05-02T05:15:21Z] [INFO] 🔬 Advanced loop completed cycles: 0
[2026-05-02T05:15:21Z] [WARNING] ⚠️  Git commit skipped or failed (git not initialized?): Command '['git', '-C', '/home/avalonas/.hermes/gematria/unified_overnight_research', 'add', '.']' returned non-zero exit status 128.
[2026-05-02T05:15:21Z] [INFO] 
📊 CYCLE #153 SUMMARY
[2026-05-02T05:15:21Z] [INFO] ✅ Successful tasks: 7/7
[2026-05-02T05:15:21Z] [INFO] ⏱️  Cycle duration: 88.22s
[2026-05-02T05:15:21Z] [INFO]    ⚠️ task: result
[2026-05-02T05:15:21Z] [INFO]    ⚠️ task: result
[2026-05-02T05:15:21Z] [INFO]    ⚠️ task: result
[2026-05-02T05:15:21Z] [INFO]    ⚠️ task: result
[2026-05-02T05:15:21Z] [INFO]    ⚠️ task: result
[2026-05-02T05:15:21Z] [INFO]    ⚠️ task: result
[2026-05-02T05:15:21Z] [INFO]    ⚠️ task: result
[2026-05-02T05:15:21Z] [HEADER] ================================================================================
[2026-05-02T05:15:21Z] [INFO] 🔄 OVERNIGHT RESEARCH PIPELINE - CYCLE #154
[2026-05-02T05:15:21Z] [INFO] ================================================================================
[2026-05-02T05:15:21Z] [HEADER] ============================================================
[2026-05-02T05:15:21Z] [INFO] 🌙 STARTING OVERNIGHT RESEARCH CYCLE #154
[2026-05-02T05:15:21Z] [INFO] 🔍 Running overnight research protocol (web scraping + cross-symbol analysis)...
[2026-05-02T05:15:21Z] [INFO] 📊 Cycle duration: 0.11s, Files generated: 0
[2026-05-02T05:15:21Z] [WARNING] ⚠️ Database not initialized for cycle counting
[2026-05-02T05:15:21Z] [INFO] 💾 Database updated with cycle results
[2026-05-02T05:15:21Z] [SECTION] ============================================================
[2026-05-02T05:15:21Z] [INFO] 🔮 PHASE: HIDDEN LAYERING DETECTION
[2026-05-02T05:15:21Z] [INFO] 🔗 Hidden layering detection complete. Connections identified: 2
[2026-05-02T05:15:21Z] [SECTION] ============================================================
[2026-05-02T05:15:21Z] [INFO] 🔬 PHASE: DOMAIN CORRELATION ANALYSIS
[2026-05-02T05:15:21Z] [INFO] 📊 Domain correlation matrices created: 2
[2026-05-02T05:15:21Z] [SECTION] ============================================================
[2026-05-02T05:15:21Z] [INFO] 🖼️  PHASE: IMAGE-SEED ANALYSIS
[2026-05-02T05:15:21Z] [INFO] 📂 Image seed analysis bootstrapping from 5 images...
[2026-05-02T05:15:21Z] [SECTION] ============================================================
[2026-05-02T05:15:21Z] [INFO] 📤 PHASE: PUSH COMPONENTS TO TOLARIA
[2026-05-02T05:15:22Z] [INFO] 📦 Components pushed to Tolaria: 5
[2026-05-02T05:15:22Z] [SECTION] ============================================================
[2026-05-02T05:15:22Z] [INFO] 🧩 PHASE: COMPOSER - DOMAIN INTEGRATION SYNTHESIS
[2026-05-02T05:15:43Z] [INFO] 🎨 Domain integrations synthesized: 0
[2026-05-02T05:15:43Z] [SECTION] ============================================================
[2026-05-02T05:15:43Z] [INFO] 🚀 PHASE: ADVANCED OVERNIGHT LOOP
[2026-05-02T05:16:50Z] [INFO] 🔬 Advanced loop completed cycles: 0
[2026-05-02T05:16:50Z] [WARNING] ⚠️  Git commit skipped or failed (git not initialized?): Command '['git', '-C', '/home/avalonas/.hermes/gematria/unified_overnight_research', 'add', '.']' returned non-zero exit status 128.
[2026-05-02T05:16:50Z] [INFO] 
📊 CYCLE #154 SUMMARY
[2026-05-02T05:16:50Z] [INFO] ✅ Successful tasks: 7/7
[2026-05-02T05:16:50Z] [INFO] ⏱️  Cycle duration: 88.49s
[2026-05-02T05:16:50Z] [INFO]    ⚠️ task: result
[2026-05-02T05:16:50Z] [INFO]    ⚠️ task: result
[2026-05-02T05:16:50Z] [INFO]    ⚠️ task: result
[2026-05-02T05:16:50Z] [INFO]    ⚠️ task: result
[2026-05-02T05:16:50Z] [INFO]    ⚠️ task: result
[2026-05-02T05:16:50Z] [INFO]    ⚠️ task: result
[2026-05-02T05:16:50Z] [INFO]    ⚠️ task: result
[2026-05-02T05:16:50Z] [HEADER] ================================================================================
[2026-05-02T05:16:50Z] [INFO] 🔄 OVERNIGHT RESEARCH PIPELINE - CYCLE #155
[2026-05-02T05:16:50Z] [INFO] ================================================================================
[2026-05-02T05:16:50Z] [HEADER] ============================================================
[2026-05-02T05:16:50Z] [INFO] 🌙 STARTING OVERNIGHT RESEARCH CYCLE #155
[2026-05-02T05:16:50Z] [INFO] 🔍 Running overnight research protocol (web scraping + cross-symbol analysis)...
[2026-05-02T05:16:50Z] [INFO] 📊 Cycle duration: 0.11s, Files generated: 0
[2026-05-02T05:16:50Z] [WARNING] ⚠️ Database not initialized for cycle counting
[2026-05-02T05:16:50Z] [INFO] 💾 Database updated with cycle results
[2026-05-02T05:16:50Z] [SECTION] ============================================================
[2026-05-02T05:16:50Z] [INFO] 🔮 PHASE: HIDDEN LAYERING DETECTION
[2026-05-02T05:16:50Z] [INFO] 🔗 Hidden layering detection complete. Connections identified: 2
[2026-05-02T05:16:50Z] [SECTION] ============================================================
[2026-05-02T05:16:50Z] [INFO] 🔬 PHASE: DOMAIN CORRELATION ANALYSIS
[2026-05-02T05:16:50Z] [INFO] 📊 Domain correlation matrices created: 2
[2026-05-02T05:16:50Z] [SECTION] ============================================================
[2026-05-02T05:16:50Z] [INFO] 🖼️  PHASE: IMAGE-SEED ANALYSIS
[2026-05-02T05:16:50Z] [INFO] 📂 Image seed analysis bootstrapping from 5 images...
[2026-05-02T05:16:50Z] [SECTION] ============================================================
[2026-05-02T05:16:50Z] [INFO] 📤 PHASE: PUSH COMPONENTS TO TOLARIA
[2026-05-02T05:16:52Z] [INFO] 📦 Components pushed to Tolaria: 5
[2026-05-02T05:16:52Z] [SECTION] ============================================================
[2026-05-02T05:16:52Z] [INFO] 🧩 PHASE: COMPOSER - DOMAIN INTEGRATION SYNTHESIS
[2026-05-02T05:17:13Z] [INFO] 🎨 Domain integrations synthesized: 0
[2026-05-02T05:17:13Z] [SECTION] ============================================================
[2026-05-02T05:17:13Z] [INFO] 🚀 PHASE: ADVANCED OVERNIGHT LOOP
[2026-05-02T05:18:20Z] [INFO] 🔬 Advanced loop completed cycles: 0
[2026-05-02T05:18:20Z] [WARNING] ⚠️  Git commit skipped or failed (git not initialized?): Command '['git', '-C', '/home/avalonas/.hermes/gematria/unified_overnight_research', 'add', '.']' returned non-zero exit status 128.
[2026-05-02T05:18:20Z] [INFO] 
📊 CYCLE #155 SUMMARY
[2026-05-02T05:18:20Z] [INFO] ✅ Successful tasks: 7/7
[2026-05-02T05:18:20Z] [INFO] ⏱️  Cycle duration: 90.61s
[2026-05-02T05:18:20Z] [INFO]    ⚠️ task: result
[2026-05-02T05:18:20Z] [INFO]    ⚠️ task: result
[2026-05-02T05:18:20Z] [INFO]    ⚠️ task: result
[2026-05-02T05:18:20Z] [INFO]    ⚠️ task: result
[2026-05-02T05:18:20Z] [INFO]    ⚠️ task: result
[2026-05-02T05:18:20Z] [INFO]    ⚠️ task: result
[2026-05-02T05:18:20Z] [INFO]    ⚠️ task: result
[2026-05-02T05:18:20Z] [HEADER] ================================================================================
[2026-05-02T05:18:20Z] [INFO] 🔄 OVERNIGHT RESEARCH PIPELINE - CYCLE #156
[2026-05-02T05:18:20Z] [INFO] ================================================================================
[2026-05-02T05:18:20Z] [HEADER] ============================================================
[2026-05-02T05:18:20Z] [INFO] 🌙 STARTING OVERNIGHT RESEARCH CYCLE #156
[2026-05-02T05:18:20Z] [INFO] 🔍 Running overnight research protocol (web scraping + cross-symbol analysis)...
[2026-05-02T05:18:20Z] [INFO] 📊 Cycle duration: 0.12s, Files generated: 0
[2026-05-02T05:18:20Z] [WARNING] ⚠️ Database not initialized for cycle counting
[2026-05-02T05:18:20Z] [INFO] 💾 Database updated with cycle results
[2026-05-02T05:18:20Z] [SECTION] ============================================================
[2026-05-02T05:18:20Z] [INFO] 🔮 PHASE: HIDDEN LAYERING DETECTION
[2026-05-02T05:18:20Z] [INFO] 🔗 Hidden layering detection complete. Connections identified: 2
[2026-05-02T05:18:20Z] [SECTION] ============================================================
[2026-05-02T05:18:20Z] [INFO] 🔬 PHASE: DOMAIN CORRELATION ANALYSIS
[2026-05-02T05:18:20Z] [INFO] 📊 Domain correlation matrices created: 2
[2026-05-02T05:18:20Z] [SECTION] ============================================================
[2026-05-02T05:18:20Z] [INFO] 🖼️  PHASE: IMAGE-SEED ANALYSIS
[2026-05-02T05:18:20Z] [INFO] 📂 Image seed analysis bootstrapping from 5 images...
[2026-05-02T05:18:20Z] [SECTION] ============================================================
[2026-05-02T05:18:20Z] [INFO] 📤 PHASE: PUSH COMPONENTS TO TOLARIA
[2026-05-02T05:18:21Z] [INFO] 📦 Components pushed to Tolaria: 5
[2026-05-02T05:18:21Z] [SECTION] ============================================================
[2026-05-02T05:18:21Z] [INFO] 🧩 PHASE: COMPOSER - DOMAIN INTEGRATION SYNTHESIS
[2026-05-02T05:18:43Z] [INFO] 🎨 Domain integrations synthesized: 0
[2026-05-02T05:18:43Z] [SECTION] ============================================================
[2026-05-02T05:18:43Z] [INFO] 🚀 PHASE: ADVANCED OVERNIGHT LOOP
[2026-05-02T05:19:50Z] [INFO] 🔬 Advanced loop completed cycles: 0
[2026-05-02T05:19:50Z] [WARNING] ⚠️  Git commit skipped or failed (git not initialized?): Command '['git', '-C', '/home/avalonas/.hermes/gematria/unified_overnight_research', 'add', '.']' returned non-zero exit status 128.
[2026-05-02T05:19:50Z] [INFO] 
📊 CYCLE #156 SUMMARY
[2026-05-02T05:19:50Z] [INFO] ✅ Successful tasks: 7/7
[2026-05-02T05:19:50Z] [INFO] ⏱️  Cycle duration: 90.14s
[2026-05-02T05:19:50Z] [INFO]    ⚠️ task: result
[2026-05-02T05:19:50Z] [INFO]    ⚠️ task: result
[2026-05-02T05:19:50Z] [INFO]    ⚠️ task: result
[2026-05-02T05:19:50Z] [INFO]    ⚠️ task: result
[2026-05-02T05:19:50Z] [INFO]    ⚠️ task: result
[2026-05-02T05:19:50Z] [INFO]    ⚠️ task: result
[2026-05-02T05:19:50Z] [INFO]    ⚠️ task: result
[2026-05-02T05:19:50Z] [HEADER] ================================================================================
[2026-05-02T05:19:50Z] [INFO] 🔄 OVERNIGHT RESEARCH PIPELINE - CYCLE #157
[2026-05-02T05:19:50Z] [INFO] ================================================================================
[2026-05-02T05:19:50Z] [HEADER] ============================================================
[2026-05-02T05:19:50Z] [INFO] 🌙 STARTING OVERNIGHT RESEARCH CYCLE #157
[2026-05-02T05:19:50Z] [INFO] 🔍 Running overnight research protocol (web scraping + cross-symbol analysis)...
[2026-05-02T05:19:51Z] [INFO] 📊 Cycle duration: 0.11s, Files generated: 0
[2026-05-02T05:19:51Z] [WARNING] ⚠️ Database not initialized for cycle counting
[2026-05-02T05:19:51Z] [INFO] 💾 Database updated with cycle results
[2026-05-02T05:19:51Z] [SECTION] ============================================================
[2026-05-02T05:19:51Z] [INFO] 🔮 PHASE: HIDDEN LAYERING DETECTION
[2026-05-02T05:19:51Z] [INFO] 🔗 Hidden layering detection complete. Connections identified: 2
[2026-05-02T05:19:51Z] [SECTION] ============================================================
[2026-05-02T05:19:51Z] [INFO] 🔬 PHASE: DOMAIN CORRELATION ANALYSIS
[2026-05-02T05:19:51Z] [INFO] 📊 Domain correlation matrices created: 2
[2026-05-02T05:19:51Z] [SECTION] ============================================================
[2026-05-02T05:19:51Z] [INFO] 🖼️  PHASE: IMAGE-SEED ANALYSIS
[2026-05-02T05:19:51Z] [INFO] 📂 Image seed analysis bootstrapping from 5 images...
[2026-05-02T05:19:51Z] [SECTION] ============================================================
[2026-05-02T05:19:51Z] [INFO] 📤 PHASE: PUSH COMPONENTS TO TOLARIA
[2026-05-02T05:19:51Z] [INFO] 📦 Components pushed to Tolaria: 5
[2026-05-02T05:19:51Z] [SECTION] ============================================================
[2026-05-02T05:19:51Z] [INFO] 🧩 PHASE: COMPOSER - DOMAIN INTEGRATION SYNTHESIS
[2026-05-02T05:20:13Z] [INFO] 🎨 Domain integrations synthesized: 0
[2026-05-02T05:20:13Z] [SECTION] ============================================================
[2026-05-02T05:20:13Z] [INFO] 🚀 PHASE: ADVANCED OVERNIGHT LOOP
[2026-05-02T05:21:20Z] [INFO] 🔬 Advanced loop completed cycles: 0
[2026-05-02T05:21:20Z] [WARNING] ⚠️  Git commit skipped or failed (git not initialized?): Command '['git', '-C', '/home/avalonas/.hermes/gematria/unified_overnight_research', 'add', '.']' returned non-zero exit status 128.
[2026-05-02T05:21:20Z] [INFO] 
📊 CYCLE #157 SUMMARY
[2026-05-02T05:21:20Z] [INFO] ✅ Successful tasks: 7/7
[2026-05-02T05:21:20Z] [INFO] ⏱️  Cycle duration: 89.74s
[2026-05-02T05:21:20Z] [INFO]    ⚠️ task: result
[2026-05-02T05:21:20Z] [INFO]    ⚠️ task: result
[2026-05-02T05:21:20Z] [INFO]    ⚠️ task: result
[2026-05-02T05:21:20Z] [INFO]    ⚠️ task: result
[2026-05-02T05:21:20Z] [INFO]    ⚠️ task: result
[2026-05-02T05:21:20Z] [INFO]    ⚠️ task: result
[2026-05-02T05:21:20Z] [INFO]    ⚠️ task: result
[2026-05-02T05:21:20Z] [HEADER] ================================================================================
[2026-05-02T05:21:20Z] [INFO] 🔄 OVERNIGHT RESEARCH PIPELINE - CYCLE #158
[2026-05-02T05:21:20Z] [INFO] ================================================================================
[2026-05-02T05:21:20Z] [HEADER] ============================================================
[2026-05-02T05:21:20Z] [INFO] 🌙 STARTING OVERNIGHT RESEARCH CYCLE #158
[2026-05-02T05:21:20Z] [INFO] 🔍 Running overnight research protocol (web scraping + cross-symbol analysis)...
[2026-05-02T05:21:20Z] [INFO] 📊 Cycle duration: 0.13s, Files generated: 0
[2026-05-02T05:21:20Z] [WARNING] ⚠️ Database not initialized for cycle counting
[2026-05-02T05:21:20Z] [INFO] 💾 Database updated with cycle results
[2026-05-02T05:21:20Z] [SECTION] ============================================================
[2026-05-02T05:21:20Z] [INFO] 🔮 PHASE: HIDDEN LAYERING DETECTION
[2026-05-02T05:21:20Z] [INFO] 🔗 Hidden layering detection complete. Connections identified: 2
[2026-05-02T05:21:20Z] [SECTION] ============================================================
[2026-05-02T05:21:20Z] [INFO] 🔬 PHASE: DOMAIN CORRELATION ANALYSIS
[2026-05-02T05:21:20Z] [INFO] 📊 Domain correlation matrices created: 2
[2026-05-02T05:21:20Z] [SECTION] ============================================================
[2026-05-02T05:21:20Z] [INFO] 🖼️  PHASE: IMAGE-SEED ANALYSIS
[2026-05-02T05:21:20Z] [INFO] 📂 Image seed analysis bootstrapping from 5 images...
[2026-05-02T05:21:20Z] [SECTION] ============================================================
[2026-05-02T05:21:20Z] [INFO] 📤 PHASE: PUSH COMPONENTS TO TOLARIA
[2026-05-02T05:21:21Z] [INFO] 📦 Components pushed to Tolaria: 5
[2026-05-02T05:21:21Z] [SECTION] ============================================================
[2026-05-02T05:21:21Z] [INFO] 🧩 PHASE: COMPOSER - DOMAIN INTEGRATION SYNTHESIS
[2026-05-02T05:21:43Z] [INFO] 🎨 Domain integrations synthesized: 0
[2026-05-02T05:21:43Z] [SECTION] ============================================================
[2026-05-02T05:21:43Z] [INFO] 🚀 PHASE: ADVANCED OVERNIGHT LOOP
[2026-05-02T05:22:50Z] [INFO] 🔬 Advanced loop completed cycles: 0
[2026-05-02T05:22:50Z] [WARNING] ⚠️  Git commit skipped or failed (git not initialized?): Command '['git', '-C', '/home/avalonas/.hermes/gematria/unified_overnight_research', 'add', '.']' returned non-zero exit status 128.
[2026-05-02T05:22:50Z] [INFO] 
📊 CYCLE #158 SUMMARY
[2026-05-02T05:22:50Z] [INFO] ✅ Successful tasks: 7/7
[2026-05-02T05:22:50Z] [INFO] ⏱️  Cycle duration: 89.50s
[2026-05-02T05:22:50Z] [INFO]    ⚠️ task: result
[2026-05-02T05:22:50Z] [INFO]    ⚠️ task: result
[2026-05-02T05:22:50Z] [INFO]    ⚠️ task: result
[2026-05-02T05:22:50Z] [INFO]    ⚠️ task: result
[2026-05-02T05:22:50Z] [INFO]    ⚠️ task: result
[2026-05-02T05:22:50Z] [INFO]    ⚠️ task: result
[2026-05-02T05:22:50Z] [INFO]    ⚠️ task: result
[2026-05-02T05:22:50Z] [HEADER] ================================================================================
[2026-05-02T05:22:50Z] [INFO] 🔄 OVERNIGHT RESEARCH PIPELINE - CYCLE #159
[2026-05-02T05:22:50Z] [INFO] ================================================================================
[2026-05-02T05:22:50Z] [HEADER] ============================================================
[2026-05-02T05:22:50Z] [INFO] 🌙 STARTING OVERNIGHT RESEARCH CYCLE #159
[2026-05-02T05:22:50Z] [INFO] 🔍 Running overnight research protocol (web scraping + cross-symbol analysis)...
[2026-05-02T05:22:50Z] [INFO] 📊 Cycle duration: 0.11s, Files generated: 0
[2026-05-02T05:22:50Z] [WARNING] ⚠️ Database not initialized for cycle counting
[2026-05-02T05:22:50Z] [INFO] 💾 Database updated with cycle results
[2026-05-02T05:22:50Z] [SECTION] ============================================================
[2026-05-02T05:22:50Z] [INFO] 🔮 PHASE: HIDDEN LAYERING DETECTION
[2026-05-02T05:22:50Z] [INFO] 🔗 Hidden layering detection complete. Connections identified: 2
[2026-05-02T05:22:50Z] [SECTION] ============================================================
[2026-05-02T05:22:50Z] [INFO] 🔬 PHASE: DOMAIN CORRELATION ANALYSIS
[2026-05-02T05:22:50Z] [INFO] 📊 Domain correlation matrices created: 2
[2026-05-02T05:22:50Z] [SECTION] ============================================================
[2026-05-02T05:22:50Z] [INFO] 🖼️  PHASE: IMAGE-SEED ANALYSIS
[2026-05-02T05:22:50Z] [INFO] 📂 Image seed analysis bootstrapping from 5 images...
[2026-05-02T05:22:50Z] [SECTION] ============================================================
[2026-05-02T05:22:50Z] [INFO] 📤 PHASE: PUSH COMPONENTS TO TOLARIA
[2026-05-02T05:22:51Z] [INFO] 📦 Components pushed to Tolaria: 5
[2026-05-02T05:22:51Z] [SECTION] ============================================================
[2026-05-02T05:22:51Z] [INFO] 🧩 PHASE: COMPOSER - DOMAIN INTEGRATION SYNTHESIS
[2026-05-02T05:23:13Z] [INFO] 🎨 Domain integrations synthesized: 0
[2026-05-02T05:23:13Z] [SECTION] ============================================================
[2026-05-02T05:23:13Z] [INFO] 🚀 PHASE: ADVANCED OVERNIGHT LOOP
[2026-05-02T05:24:20Z] [INFO] 🔬 Advanced loop completed cycles: 0
[2026-05-02T05:24:20Z] [WARNING] ⚠️  Git commit skipped or failed (git not initialized?): Command '['git', '-C', '/home/avalonas/.hermes/gematria/unified_overnight_research', 'add', '.']' returned non-zero exit status 128.
[2026-05-02T05:24:20Z] [INFO] 
📊 CYCLE #159 SUMMARY
[2026-05-02T05:24:20Z] [INFO] ✅ Successful tasks: 7/7
[2026-05-02T05:24:20Z] [INFO] ⏱️  Cycle duration: 90.50s
[2026-05-02T05:24:20Z] [INFO]    ⚠️ task: result
[2026-05-02T05:24:20Z] [INFO]    ⚠️ task: result
[2026-05-02T05:24:20Z] [INFO]    ⚠️ task: result
[2026-05-02T05:24:20Z] [INFO]    ⚠️ task: result
[2026-05-02T05:24:20Z] [INFO]    ⚠️ task: result
[2026-05-02T05:24:20Z] [INFO]    ⚠️ task: result
[2026-05-02T05:24:20Z] [INFO]    ⚠️ task: result
[2026-05-02T05:24:20Z] [HEADER] ================================================================================
[2026-05-02T05:24:20Z] [INFO] 🔄 OVERNIGHT RESEARCH PIPELINE - CYCLE #160
[2026-05-02T05:24:20Z] [INFO] ================================================================================
[2026-05-02T05:24:20Z] [HEADER] ============================================================
[2026-05-02T05:24:20Z] [INFO] 🌙 STARTING OVERNIGHT RESEARCH CYCLE #160
[2026-05-02T05:24:20Z] [INFO] 🔍 Running overnight research protocol (web scraping + cross-symbol analysis)...
[2026-05-02T05:24:20Z] [INFO] 📊 Cycle duration: 0.12s, Files generated: 0
[2026-05-02T05:24:20Z] [WARNING] ⚠️ Database not initialized for cycle counting
[2026-05-02T05:24:20Z] [INFO] 💾 Database updated with cycle results
[2026-05-02T05:24:20Z] [SECTION] ============================================================
[2026-05-02T05:24:20Z] [INFO] 🔮 PHASE: HIDDEN LAYERING DETECTION
[2026-05-02T05:24:20Z] [INFO] 🔗 Hidden layering detection complete. Connections identified: 2
[2026-05-02T05:24:20Z] [SECTION] ============================================================
[2026-05-02T05:24:20Z] [INFO] 🔬 PHASE: DOMAIN CORRELATION ANALYSIS
[2026-05-02T05:24:20Z] [INFO] 📊 Domain correlation matrices created: 2
[2026-05-02T05:24:20Z] [SECTION] ============================================================
[2026-05-02T05:24:20Z] [INFO] 🖼️  PHASE: IMAGE-SEED ANALYSIS
[2026-05-02T05:24:20Z] [INFO] 📂 Image seed analysis bootstrapping from 5 images...
[2026-05-02T05:24:20Z] [SECTION] ============================================================
[2026-05-02T05:24:20Z] [INFO] 📤 PHASE: PUSH COMPONENTS TO TOLARIA
[2026-05-02T05:24:21Z] [INFO] 📦 Components pushed to Tolaria: 5
[2026-05-02T05:24:21Z] [SECTION] ============================================================
[2026-05-02T05:24:21Z] [INFO] 🧩 PHASE: COMPOSER - DOMAIN INTEGRATION SYNTHESIS
[2026-05-02T05:24:43Z] [INFO] 🎨 Domain integrations synthesized: 0
[2026-05-02T05:24:43Z] [SECTION] ============================================================
[2026-05-02T05:24:43Z] [INFO] 🚀 PHASE: ADVANCED OVERNIGHT LOOP
[2026-05-02T05:25:49Z] [INFO] 🔬 Advanced loop completed cycles: 0
[2026-05-02T05:25:49Z] [WARNING] ⚠️  Git commit skipped or failed (git not initialized?): Command '['git', '-C', '/home/avalonas/.hermes/gematria/unified_overnight_research', 'add', '.']' returned non-zero exit status 128.
[2026-05-02T05:25:49Z] [INFO] 
📊 CYCLE #160 SUMMARY
[2026-05-02T05:25:49Z] [INFO] ✅ Successful tasks: 7/7
[2026-05-02T05:25:49Z] [INFO] ⏱️  Cycle duration: 89.00s
[2026-05-02T05:25:49Z] [INFO]    ⚠️ task: result
[2026-05-02T05:25:49Z] [INFO]    ⚠️ task: result
[2026-05-02T05:25:49Z] [INFO]    ⚠️ task: result
[2026-05-02T05:25:49Z] [INFO]    ⚠️ task: result
[2026-05-02T05:25:49Z] [INFO]    ⚠️ task: result
[2026-05-02T05:25:49Z] [INFO]    ⚠️ task: result
[2026-05-02T05:25:49Z] [INFO]    ⚠️ task: result
[2026-05-02T05:25:49Z] [HEADER] ================================================================================
[2026-05-02T05:25:49Z] [INFO] 🔄 OVERNIGHT RESEARCH PIPELINE - CYCLE #161
[2026-05-02T05:25:49Z] [INFO] ================================================================================
[2026-05-02T05:25:49Z] [HEADER] ============================================================
[2026-05-02T05:25:49Z] [INFO] 🌙 STARTING OVERNIGHT RESEARCH CYCLE #161
[2026-05-02T05:25:49Z] [INFO] 🔍 Running overnight research protocol (web scraping + cross-symbol analysis)...
[2026-05-02T05:25:49Z] [INFO] 📊 Cycle duration: 0.12s, Files generated: 0
[2026-05-02T05:25:49Z] [WARNING] ⚠️ Database not initialized for cycle counting
[2026-05-02T05:25:49Z] [INFO] 💾 Database updated with cycle results
[2026-05-02T05:25:49Z] [SECTION] ============================================================
[2026-05-02T05:25:49Z] [INFO] 🔮 PHASE: HIDDEN LAYERING DETECTION
[2026-05-02T05:25:49Z] [INFO] 🔗 Hidden layering detection complete. Connections identified: 2
[2026-05-02T05:25:49Z] [SECTION] ============================================================
[2026-05-02T05:25:49Z] [INFO] 🔬 PHASE: DOMAIN CORRELATION ANALYSIS
[2026-05-02T05:25:49Z] [INFO] 📊 Domain correlation matrices created: 2
[2026-05-02T05:25:49Z] [SECTION] ============================================================
[2026-05-02T05:25:49Z] [INFO] 🖼️  PHASE: IMAGE-SEED ANALYSIS
[2026-05-02T05:25:49Z] [INFO] 📂 Image seed analysis bootstrapping from 5 images...
[2026-05-02T05:25:49Z] [SECTION] ============================================================
[2026-05-02T05:25:49Z] [INFO] 📤 PHASE: PUSH COMPONENTS TO TOLARIA
[2026-05-02T05:25:50Z] [INFO] 📦 Components pushed to Tolaria: 5
[2026-05-02T05:25:50Z] [SECTION] ============================================================
[2026-05-02T05:25:50Z] [INFO] 🧩 PHASE: COMPOSER - DOMAIN INTEGRATION SYNTHESIS
[2026-05-02T05:26:12Z] [INFO] 🎨 Domain integrations synthesized: 0
[2026-05-02T05:26:12Z] [SECTION] ============================================================
[2026-05-02T05:26:12Z] [INFO] 🚀 PHASE: ADVANCED OVERNIGHT LOOP
[2026-05-02T05:27:15Z] [INFO] 🔬 Advanced loop completed cycles: 0
[2026-05-02T05:27:15Z] [WARNING] ⚠️  Git commit skipped or failed (git not initialized?): Command '['git', '-C', '/home/avalonas/.hermes/gematria/unified_overnight_research', 'add', '.']' returned non-zero exit status 128.
[2026-05-02T05:27:15Z] [INFO] 
📊 CYCLE #161 SUMMARY
[2026-05-02T05:27:15Z] [INFO] ✅ Successful tasks: 7/7
[2026-05-02T05:27:15Z] [INFO] ⏱️  Cycle duration: 86.24s
[2026-05-02T05:27:15Z] [INFO]    ⚠️ task: result
[2026-05-02T05:27:15Z] [INFO]    ⚠️ task: result
[2026-05-02T05:27:15Z] [INFO]    ⚠️ task: result
[2026-05-02T05:27:15Z] [INFO]    ⚠️ task: result
[2026-05-02T05:27:15Z] [INFO]    ⚠️ task: result
[2026-05-02T05:27:15Z] [INFO]    ⚠️ task: result
[2026-05-02T05:27:15Z] [INFO]    ⚠️ task: result
[2026-05-02T05:27:15Z] [HEADER] ================================================================================
[2026-05-02T05:27:15Z] [INFO] 🔄 OVERNIGHT RESEARCH PIPELINE - CYCLE #162
[2026-05-02T05:27:15Z] [INFO] ================================================================================
[2026-05-02T05:27:15Z] [HEADER] ============================================================
[2026-05-02T05:27:15Z] [INFO] 🌙 STARTING OVERNIGHT RESEARCH CYCLE #162
[2026-05-02T05:27:15Z] [INFO] 🔍 Running overnight research protocol (web scraping + cross-symbol analysis)...
[2026-05-02T05:27:15Z] [INFO] 📊 Cycle duration: 0.11s, Files generated: 0
[2026-05-02T05:27:15Z] [WARNING] ⚠️ Database not initialized for cycle counting
[2026-05-02T05:27:15Z] [INFO] 💾 Database updated with cycle results
[2026-05-02T05:27:15Z] [SECTION] ============================================================
[2026-05-02T05:27:15Z] [INFO] 🔮 PHASE: HIDDEN LAYERING DETECTION
[2026-05-02T05:27:16Z] [INFO] 🔗 Hidden layering detection complete. Connections identified: 2
[2026-05-02T05:27:16Z] [SECTION] ============================================================
[2026-05-02T05:27:16Z] [INFO] 🔬 PHASE: DOMAIN CORRELATION ANALYSIS
[2026-05-02T05:27:16Z] [INFO] 📊 Domain correlation matrices created: 2
[2026-05-02T05:27:16Z] [SECTION] ============================================================
[2026-05-02T05:27:16Z] [INFO] 🖼️  PHASE: IMAGE-SEED ANALYSIS
[2026-05-02T05:27:16Z] [INFO] 📂 Image seed analysis bootstrapping from 5 images...
[2026-05-02T05:27:16Z] [SECTION] ============================================================
[2026-05-02T05:27:16Z] [INFO] 📤 PHASE: PUSH COMPONENTS TO TOLARIA
[2026-05-02T05:27:16Z] [INFO] 📦 Components pushed to Tolaria: 5
[2026-05-02T05:27:16Z] [SECTION] ============================================================
[2026-05-02T05:27:16Z] [INFO] 🧩 PHASE: COMPOSER - DOMAIN INTEGRATION SYNTHESIS
[2026-05-02T05:27:38Z] [INFO] 🎨 Domain integrations synthesized: 0
[2026-05-02T05:27:38Z] [SECTION] ============================================================
[2026-05-02T05:27:38Z] [INFO] 🚀 PHASE: ADVANCED OVERNIGHT LOOP
[2026-05-02T05:28:46Z] [INFO] 🔬 Advanced loop completed cycles: 0
[2026-05-02T05:28:46Z] [WARNING] ⚠️  Git commit skipped or failed (git not initialized?): Command '['git', '-C', '/home/avalonas/.hermes/gematria/unified_overnight_research', 'add', '.']' returned non-zero exit status 128.
[2026-05-02T05:28:46Z] [INFO] 
📊 CYCLE #162 SUMMARY
[2026-05-02T05:28:46Z] [INFO] ✅ Successful tasks: 7/7
[2026-05-02T05:28:46Z] [INFO] ⏱️  Cycle duration: 90.37s
[2026-05-02T05:28:46Z] [INFO]    ⚠️ task: result
[2026-05-02T05:28:46Z] [INFO]    ⚠️ task: result
[2026-05-02T05:28:46Z] [INFO]    ⚠️ task: result
[2026-05-02T05:28:46Z] [INFO]    ⚠️ task: result
[2026-05-02T05:28:46Z] [INFO]    ⚠️ task: result
[2026-05-02T05:28:46Z] [INFO]    ⚠️ task: result
[2026-05-02T05:28:46Z] [INFO]    ⚠️ task: result
[2026-05-02T05:28:46Z] [HEADER] ================================================================================
[2026-05-02T05:28:46Z] [INFO] 🔄 OVERNIGHT RESEARCH PIPELINE - CYCLE #163
[2026-05-02T05:28:46Z] [INFO] ================================================================================
[2026-05-02T05:28:46Z] [HEADER] ============================================================
[2026-05-02T05:28:46Z] [INFO] 🌙 STARTING OVERNIGHT RESEARCH CYCLE #163
[2026-05-02T05:28:46Z] [INFO] 🔍 Running overnight research protocol (web scraping + cross-symbol analysis)...
[2026-05-02T05:28:46Z] [INFO] 📊 Cycle duration: 0.11s, Files generated: 0
[2026-05-02T05:28:46Z] [WARNING] ⚠️ Database not initialized for cycle counting
[2026-05-02T05:28:46Z] [INFO] 💾 Database updated with cycle results
[2026-05-02T05:28:46Z] [SECTION] ============================================================
[2026-05-02T05:28:46Z] [INFO] 🔮 PHASE: HIDDEN LAYERING DETECTION
[2026-05-02T05:28:46Z] [INFO] 🔗 Hidden layering detection complete. Connections identified: 2
[2026-05-02T05:28:46Z] [SECTION] ============================================================
[2026-05-02T05:28:46Z] [INFO] 🔬 PHASE: DOMAIN CORRELATION ANALYSIS
[2026-05-02T05:28:46Z] [INFO] 📊 Domain correlation matrices created: 2
[2026-05-02T05:28:46Z] [SECTION] ============================================================
[2026-05-02T05:28:46Z] [INFO] 🖼️  PHASE: IMAGE-SEED ANALYSIS
[2026-05-02T05:28:46Z] [INFO] 📂 Image seed analysis bootstrapping from 5 images...
[2026-05-02T05:28:46Z] [SECTION] ============================================================
[2026-05-02T05:28:46Z] [INFO] 📤 PHASE: PUSH COMPONENTS TO TOLARIA
[2026-05-02T05:28:47Z] [INFO] 📦 Components pushed to Tolaria: 5
[2026-05-02T05:28:47Z] [SECTION] ============================================================
[2026-05-02T05:28:47Z] [INFO] 🧩 PHASE: COMPOSER - DOMAIN INTEGRATION SYNTHESIS
[2026-05-02T05:29:08Z] [INFO] 🎨 Domain integrations synthesized: 0
[2026-05-02T05:29:08Z] [SECTION] ============================================================
[2026-05-02T05:29:08Z] [INFO] 🚀 PHASE: ADVANCED OVERNIGHT LOOP
[2026-05-02T05:30:15Z] [INFO] 🔬 Advanced loop completed cycles: 0
[2026-05-02T05:30:15Z] [WARNING] ⚠️  Git commit skipped or failed (git not initialized?): Command '['git', '-C', '/home/avalonas/.hermes/gematria/unified_overnight_research', 'add', '.']' returned non-zero exit status 128.
[2026-05-02T05:30:15Z] [INFO] 
📊 CYCLE #163 SUMMARY
[2026-05-02T05:30:15Z] [INFO] ✅ Successful tasks: 7/7
[2026-05-02T05:30:15Z] [INFO] ⏱️  Cycle duration: 89.25s
[2026-05-02T05:30:15Z] [INFO]    ⚠️ task: result
[2026-05-02T05:30:15Z] [INFO]    ⚠️ task: result
[2026-05-02T05:30:15Z] [INFO]    ⚠️ task: result
[2026-05-02T05:30:15Z] [INFO]    ⚠️ task: result
[2026-05-02T05:30:15Z] [INFO]    ⚠️ task: result
[2026-05-02T05:30:15Z] [INFO]    ⚠️ task: result
[2026-05-02T05:30:15Z] [INFO]    ⚠️ task: result
[2026-05-02T05:30:15Z] [HEADER] ================================================================================
[2026-05-02T05:30:15Z] [INFO] 🔄 OVERNIGHT RESEARCH PIPELINE - CYCLE #164
[2026-05-02T05:30:15Z] [INFO] ================================================================================
[2026-05-02T05:30:15Z] [HEADER] ============================================================
[2026-05-02T05:30:15Z] [INFO] 🌙 STARTING OVERNIGHT RESEARCH CYCLE #164
[2026-05-02T05:30:15Z] [INFO] 🔍 Running overnight research protocol (web scraping + cross-symbol analysis)...
[2026-05-02T05:30:15Z] [INFO] 📊 Cycle duration: 0.11s, Files generated: 0
[2026-05-02T05:30:15Z] [WARNING] ⚠️ Database not initialized for cycle counting
[2026-05-02T05:30:15Z] [INFO] 💾 Database updated with cycle results
[2026-05-02T05:30:15Z] [SECTION] ============================================================
[2026-05-02T05:30:15Z] [INFO] 🔮 PHASE: HIDDEN LAYERING DETECTION
[2026-05-02T05:30:15Z] [INFO] 🔗 Hidden layering detection complete. Connections identified: 2
[2026-05-02T05:30:15Z] [SECTION] ============================================================
[2026-05-02T05:30:15Z] [INFO] 🔬 PHASE: DOMAIN CORRELATION ANALYSIS
[2026-05-02T05:30:15Z] [INFO] 📊 Domain correlation matrices created: 2
[2026-05-02T05:30:15Z] [SECTION] ============================================================
[2026-05-02T05:30:15Z] [INFO] 🖼️  PHASE: IMAGE-SEED ANALYSIS
[2026-05-02T05:30:15Z] [INFO] 📂 Image seed analysis bootstrapping from 5 images...
[2026-05-02T05:30:15Z] [SECTION] ============================================================
[2026-05-02T05:30:15Z] [INFO] 📤 PHASE: PUSH COMPONENTS TO TOLARIA
[2026-05-02T05:30:16Z] [INFO] 📦 Components pushed to Tolaria: 5
[2026-05-02T05:30:16Z] [SECTION] ============================================================
[2026-05-02T05:30:16Z] [INFO] 🧩 PHASE: COMPOSER - DOMAIN INTEGRATION SYNTHESIS
[2026-05-02T05:30:38Z] [INFO] 🎨 Domain integrations synthesized: 0
[2026-05-02T05:30:38Z] [SECTION] ============================================================
[2026-05-02T05:30:38Z] [INFO] 🚀 PHASE: ADVANCED OVERNIGHT LOOP
[2026-05-02T05:31:45Z] [INFO] 🔬 Advanced loop completed cycles: 0
[2026-05-02T05:31:45Z] [WARNING] ⚠️  Git commit skipped or failed (git not initialized?): Command '['git', '-C', '/home/avalonas/.hermes/gematria/unified_overnight_research', 'add', '.']' returned non-zero exit status 128.
[2026-05-02T05:31:45Z] [INFO] 
📊 CYCLE #164 SUMMARY
[2026-05-02T05:31:45Z] [INFO] ✅ Successful tasks: 7/7
[2026-05-02T05:31:45Z] [INFO] ⏱️  Cycle duration: 89.63s
[2026-05-02T05:31:45Z] [INFO]    ⚠️ task: result
[2026-05-02T05:31:45Z] [INFO]    ⚠️ task: result
[2026-05-02T05:31:45Z] [INFO]    ⚠️ task: result
[2026-05-02T05:31:45Z] [INFO]    ⚠️ task: result
[2026-05-02T05:31:45Z] [INFO]    ⚠️ task: result
[2026-05-02T05:31:45Z] [INFO]    ⚠️ task: result
[2026-05-02T05:31:45Z] [INFO]    ⚠️ task: result
[2026-05-02T05:31:45Z] [HEADER] ================================================================================
[2026-05-02T05:31:45Z] [INFO] 🔄 OVERNIGHT RESEARCH PIPELINE - CYCLE #165
[2026-05-02T05:31:45Z] [INFO] ================================================================================
[2026-05-02T05:31:45Z] [HEADER] ============================================================
[2026-05-02T05:31:45Z] [INFO] 🌙 STARTING OVERNIGHT RESEARCH CYCLE #165
[2026-05-02T05:31:45Z] [INFO] 🔍 Running overnight research protocol (web scraping + cross-symbol analysis)...
[2026-05-02T05:31:45Z] [INFO] 📊 Cycle duration: 0.11s, Files generated: 0
[2026-05-02T05:31:45Z] [WARNING] ⚠️ Database not initialized for cycle counting
[2026-05-02T05:31:45Z] [INFO] 💾 Database updated with cycle results
[2026-05-02T05:31:45Z] [SECTION] ============================================================
[2026-05-02T05:31:45Z] [INFO] 🔮 PHASE: HIDDEN LAYERING DETECTION
[2026-05-02T05:31:45Z] [INFO] 🔗 Hidden layering detection complete. Connections identified: 2
[2026-05-02T05:31:45Z] [SECTION] ============================================================
[2026-05-02T05:31:45Z] [INFO] 🔬 PHASE: DOMAIN CORRELATION ANALYSIS
[2026-05-02T05:31:45Z] [INFO] 📊 Domain correlation matrices created: 2
[2026-05-02T05:31:45Z] [SECTION] ============================================================
[2026-05-02T05:31:45Z] [INFO] 🖼️  PHASE: IMAGE-SEED ANALYSIS
[2026-05-02T05:31:45Z] [INFO] 📂 Image seed analysis bootstrapping from 5 images...
[2026-05-02T05:31:45Z] [SECTION] ============================================================
[2026-05-02T05:31:45Z] [INFO] 📤 PHASE: PUSH COMPONENTS TO TOLARIA
[2026-05-02T05:31:46Z] [INFO] 📦 Components pushed to Tolaria: 5
[2026-05-02T05:31:46Z] [SECTION] ============================================================
[2026-05-02T05:31:46Z] [INFO] 🧩 PHASE: COMPOSER - DOMAIN INTEGRATION SYNTHESIS
[2026-05-02T05:32:07Z] [INFO] 🎨 Domain integrations synthesized: 0
[2026-05-02T05:32:07Z] [SECTION] ============================================================
[2026-05-02T05:32:07Z] [INFO] 🚀 PHASE: ADVANCED OVERNIGHT LOOP
[2026-05-02T05:33:15Z] [INFO] 🔬 Advanced loop completed cycles: 0
[2026-05-02T05:33:15Z] [WARNING] ⚠️  Git commit skipped or failed (git not initialized?): Command '['git', '-C', '/home/avalonas/.hermes/gematria/unified_overnight_research', 'add', '.']' returned non-zero exit status 128.
[2026-05-02T05:33:15Z] [INFO] 
📊 CYCLE #165 SUMMARY
[2026-05-02T05:33:15Z] [INFO] ✅ Successful tasks: 7/7
[2026-05-02T05:33:15Z] [INFO] ⏱️  Cycle duration: 90.12s
[2026-05-02T05:33:15Z] [INFO]    ⚠️ task: result
[2026-05-02T05:33:15Z] [INFO]    ⚠️ task: result
[2026-05-02T05:33:15Z] [INFO]    ⚠️ task: result
[2026-05-02T05:33:15Z] [INFO]    ⚠️ task: result
[2026-05-02T05:33:15Z] [INFO]    ⚠️ task: result
[2026-05-02T05:33:15Z] [INFO]    ⚠️ task: result
[2026-05-02T05:33:15Z] [INFO]    ⚠️ task: result
[2026-05-02T05:33:15Z] [HEADER] ================================================================================
[2026-05-02T05:33:15Z] [INFO] 🔄 OVERNIGHT RESEARCH PIPELINE - CYCLE #166
[2026-05-02T05:33:15Z] [INFO] ================================================================================
[2026-05-02T05:33:15Z] [HEADER] ============================================================
[2026-05-02T05:33:15Z] [INFO] 🌙 STARTING OVERNIGHT RESEARCH CYCLE #166
[2026-05-02T05:33:15Z] [INFO] 🔍 Running overnight research protocol (web scraping + cross-symbol analysis)...
[2026-05-02T05:33:15Z] [INFO] 📊 Cycle duration: 0.11s, Files generated: 0
[2026-05-02T05:33:15Z] [WARNING] ⚠️ Database not initialized for cycle counting
[2026-05-02T05:33:15Z] [INFO] 💾 Database updated with cycle results
[2026-05-02T05:33:15Z] [SECTION] ============================================================
[2026-05-02T05:33:15Z] [INFO] 🔮 PHASE: HIDDEN LAYERING DETECTION
[2026-05-02T05:33:15Z] [INFO] 🔗 Hidden layering detection complete. Connections identified: 2
[2026-05-02T05:33:15Z] [SECTION] ============================================================
[2026-05-02T05:33:15Z] [INFO] 🔬 PHASE: DOMAIN CORRELATION ANALYSIS
[2026-05-02T05:33:15Z] [INFO] 📊 Domain correlation matrices created: 2
[2026-05-02T05:33:15Z] [SECTION] ============================================================
[2026-05-02T05:33:15Z] [INFO] 🖼️  PHASE: IMAGE-SEED ANALYSIS
[2026-05-02T05:33:15Z] [INFO] 📂 Image seed analysis bootstrapping from 5 images...
[2026-05-02T05:33:15Z] [SECTION] ============================================================
[2026-05-02T05:33:15Z] [INFO] 📤 PHASE: PUSH COMPONENTS TO TOLARIA
[2026-05-02T05:33:16Z] [INFO] 📦 Components pushed to Tolaria: 5
[2026-05-02T05:33:16Z] [SECTION] ============================================================
[2026-05-02T05:33:16Z] [INFO] 🧩 PHASE: COMPOSER - DOMAIN INTEGRATION SYNTHESIS
[2026-05-02T05:33:37Z] [INFO] 🎨 Domain integrations synthesized: 0
[2026-05-02T05:33:37Z] [SECTION] ============================================================
[2026-05-02T05:33:37Z] [INFO] 🚀 PHASE: ADVANCED OVERNIGHT LOOP
[2026-05-02T05:34:43Z] [INFO] 🔬 Advanced loop completed cycles: 0
[2026-05-02T05:34:44Z] [WARNING] ⚠️  Git commit skipped or failed (git not initialized?): Command '['git', '-C', '/home/avalonas/.hermes/gematria/unified_overnight_research', 'add', '.']' returned non-zero exit status 128.
[2026-05-02T05:34:44Z] [INFO] 
📊 CYCLE #166 SUMMARY
[2026-05-02T05:34:44Z] [INFO] ✅ Successful tasks: 7/7
[2026-05-02T05:34:44Z] [INFO] ⏱️  Cycle duration: 88.75s
[2026-05-02T05:34:44Z] [INFO]    ⚠️ task: result
[2026-05-02T05:34:44Z] [INFO]    ⚠️ task: result
[2026-05-02T05:34:44Z] [INFO]    ⚠️ task: result
[2026-05-02T05:34:44Z] [INFO]    ⚠️ task: result
[2026-05-02T05:34:44Z] [INFO]    ⚠️ task: result
[2026-05-02T05:34:44Z] [INFO]    ⚠️ task: result
[2026-05-02T05:34:44Z] [INFO]    ⚠️ task: result
[2026-05-02T05:34:44Z] [HEADER] ================================================================================
[2026-05-02T05:34:44Z] [INFO] 🔄 OVERNIGHT RESEARCH PIPELINE - CYCLE #167
[2026-05-02T05:34:44Z] [INFO] ================================================================================
[2026-05-02T05:34:44Z] [HEADER] ============================================================
[2026-05-02T05:34:44Z] [INFO] 🌙 STARTING OVERNIGHT RESEARCH CYCLE #167
[2026-05-02T05:34:44Z] [INFO] 🔍 Running overnight research protocol (web scraping + cross-symbol analysis)...
[2026-05-02T05:34:44Z] [INFO] 📊 Cycle duration: 0.11s, Files generated: 0
[2026-05-02T05:34:44Z] [WARNING] ⚠️ Database not initialized for cycle counting
[2026-05-02T05:34:44Z] [INFO] 💾 Database updated with cycle results
[2026-05-02T05:34:44Z] [SECTION] ============================================================
[2026-05-02T05:34:44Z] [INFO] 🔮 PHASE: HIDDEN LAYERING DETECTION
[2026-05-02T05:34:44Z] [INFO] 🔗 Hidden layering detection complete. Connections identified: 2
[2026-05-02T05:34:44Z] [SECTION] ============================================================
[2026-05-02T05:34:44Z] [INFO] 🔬 PHASE: DOMAIN CORRELATION ANALYSIS
[2026-05-02T05:34:44Z] [INFO] 📊 Domain correlation matrices created: 2
[2026-05-02T05:34:44Z] [SECTION] ============================================================
[2026-05-02T05:34:44Z] [INFO] 🖼️  PHASE: IMAGE-SEED ANALYSIS
[2026-05-02T05:34:44Z] [INFO] 📂 Image seed analysis bootstrapping from 5 images...
[2026-05-02T05:34:44Z] [SECTION] ============================================================
[2026-05-02T05:34:44Z] [INFO] 📤 PHASE: PUSH COMPONENTS TO TOLARIA
[2026-05-02T05:34:45Z] [INFO] 📦 Components pushed to Tolaria: 5
[2026-05-02T05:34:45Z] [SECTION] ============================================================
[2026-05-02T05:34:45Z] [INFO] 🧩 PHASE: COMPOSER - DOMAIN INTEGRATION SYNTHESIS
[2026-05-02T05:35:06Z] [INFO] 🎨 Domain integrations synthesized: 0
[2026-05-02T05:35:06Z] [SECTION] ============================================================
[2026-05-02T05:35:06Z] [INFO] 🚀 PHASE: ADVANCED OVERNIGHT LOOP
[2026-05-02T05:36:13Z] [INFO] 🔬 Advanced loop completed cycles: 0
[2026-05-02T05:36:13Z] [WARNING] ⚠️  Git commit skipped or failed (git not initialized?): Command '['git', '-C', '/home/avalonas/.hermes/gematria/unified_overnight_research', 'add', '.']' returned non-zero exit status 128.
[2026-05-02T05:36:13Z] [INFO] 
📊 CYCLE #167 SUMMARY
[2026-05-02T05:36:13Z] [INFO] ✅ Successful tasks: 7/7
[2026-05-02T05:36:13Z] [INFO] ⏱️  Cycle duration: 89.88s
[2026-05-02T05:36:13Z] [INFO]    ⚠️ task: result
[2026-05-02T05:36:13Z] [INFO]    ⚠️ task: result
[2026-05-02T05:36:13Z] [INFO]    ⚠️ task: result
[2026-05-02T05:36:13Z] [INFO]    ⚠️ task: result
[2026-05-02T05:36:13Z] [INFO]    ⚠️ task: result
[2026-05-02T05:36:13Z] [INFO]    ⚠️ task: result
[2026-05-02T05:36:13Z] [INFO]    ⚠️ task: result
[2026-05-02T05:36:13Z] [HEADER] ================================================================================
[2026-05-02T05:36:13Z] [INFO] 🔄 OVERNIGHT RESEARCH PIPELINE - CYCLE #168
[2026-05-02T05:36:13Z] [INFO] ================================================================================
[2026-05-02T05:36:13Z] [HEADER] ============================================================
[2026-05-02T05:36:13Z] [INFO] 🌙 STARTING OVERNIGHT RESEARCH CYCLE #168
[2026-05-02T05:36:13Z] [INFO] 🔍 Running overnight research protocol (web scraping + cross-symbol analysis)...
[2026-05-02T05:36:14Z] [INFO] 📊 Cycle duration: 0.11s, Files generated: 0
[2026-05-02T05:36:14Z] [WARNING] ⚠️ Database not initialized for cycle counting
[2026-05-02T05:36:14Z] [INFO] 💾 Database updated with cycle results
[2026-05-02T05:36:14Z] [SECTION] ============================================================
[2026-05-02T05:36:14Z] [INFO] 🔮 PHASE: HIDDEN LAYERING DETECTION
[2026-05-02T05:36:14Z] [INFO] 🔗 Hidden layering detection complete. Connections identified: 2
[2026-05-02T05:36:14Z] [SECTION] ============================================================
[2026-05-02T05:36:14Z] [INFO] 🔬 PHASE: DOMAIN CORRELATION ANALYSIS
[2026-05-02T05:36:14Z] [INFO] 📊 Domain correlation matrices created: 2
[2026-05-02T05:36:14Z] [SECTION] ============================================================
[2026-05-02T05:36:14Z] [INFO] 🖼️  PHASE: IMAGE-SEED ANALYSIS
[2026-05-02T05:36:14Z] [INFO] 📂 Image seed analysis bootstrapping from 5 images...
[2026-05-02T05:36:14Z] [SECTION] ============================================================
[2026-05-02T05:36:14Z] [INFO] 📤 PHASE: PUSH COMPONENTS TO TOLARIA
[2026-05-02T05:36:15Z] [INFO] 📦 Components pushed to Tolaria: 5
[2026-05-02T05:36:15Z] [SECTION] ============================================================
[2026-05-02T05:36:15Z] [INFO] 🧩 PHASE: COMPOSER - DOMAIN INTEGRATION SYNTHESIS
[2026-05-02T05:36:35Z] [INFO] 🎨 Domain integrations synthesized: 0
[2026-05-02T05:36:35Z] [SECTION] ============================================================
[2026-05-02T05:36:35Z] [INFO] 🚀 PHASE: ADVANCED OVERNIGHT LOOP
[2026-05-02T05:37:36Z] [INFO] 🔬 Advanced loop completed cycles: 0
[2026-05-02T05:37:36Z] [WARNING] ⚠️  Git commit skipped or failed (git not initialized?): Command '['git', '-C', '/home/avalonas/.hermes/gematria/unified_overnight_research', 'add', '.']' returned non-zero exit status 128.
[2026-05-02T05:37:36Z] [INFO] 
📊 CYCLE #168 SUMMARY
[2026-05-02T05:37:36Z] [INFO] ✅ Successful tasks: 7/7
[2026-05-02T05:37:36Z] [INFO] ⏱️  Cycle duration: 82.15s
[2026-05-02T05:37:36Z] [INFO]    ⚠️ task: result
[2026-05-02T05:37:36Z] [INFO]    ⚠️ task: result
[2026-05-02T05:37:36Z] [INFO]    ⚠️ task: result
[2026-05-02T05:37:36Z] [INFO]    ⚠️ task: result
[2026-05-02T05:37:36Z] [INFO]    ⚠️ task: result
[2026-05-02T05:37:36Z] [INFO]    ⚠️ task: result
[2026-05-02T05:37:36Z] [INFO]    ⚠️ task: result
[2026-05-02T05:37:36Z] [HEADER] ================================================================================
[2026-05-02T05:37:36Z] [INFO] 🔄 OVERNIGHT RESEARCH PIPELINE - CYCLE #169
[2026-05-02T05:37:36Z] [INFO] ================================================================================
[2026-05-02T05:37:36Z] [HEADER] ============================================================
[2026-05-02T05:37:36Z] [INFO] 🌙 STARTING OVERNIGHT RESEARCH CYCLE #169
[2026-05-02T05:37:36Z] [INFO] 🔍 Running overnight research protocol (web scraping + cross-symbol analysis)...
[2026-05-02T05:37:36Z] [INFO] 📊 Cycle duration: 0.11s, Files generated: 0
[2026-05-02T05:37:36Z] [WARNING] ⚠️ Database not initialized for cycle counting
[2026-05-02T05:37:36Z] [INFO] 💾 Database updated with cycle results
[2026-05-02T05:37:36Z] [SECTION] ============================================================
[2026-05-02T05:37:36Z] [INFO] 🔮 PHASE: HIDDEN LAYERING DETECTION
[2026-05-02T05:37:36Z] [INFO] 🔗 Hidden layering detection complete. Connections identified: 2
[2026-05-02T05:37:36Z] [SECTION] ============================================================
[2026-05-02T05:37:36Z] [INFO] 🔬 PHASE: DOMAIN CORRELATION ANALYSIS
[2026-05-02T05:37:36Z] [INFO] 📊 Domain correlation matrices created: 2
[2026-05-02T05:37:36Z] [SECTION] ============================================================
[2026-05-02T05:37:36Z] [INFO] 🖼️  PHASE: IMAGE-SEED ANALYSIS
[2026-05-02T05:37:36Z] [INFO] 📂 Image seed analysis bootstrapping from 5 images...
[2026-05-02T05:37:36Z] [SECTION] ============================================================
[2026-05-02T05:37:36Z] [INFO] 📤 PHASE: PUSH COMPONENTS TO TOLARIA
[2026-05-02T05:37:37Z] [INFO] 📦 Components pushed to Tolaria: 5
[2026-05-02T05:37:37Z] [SECTION] ============================================================
[2026-05-02T05:37:37Z] [INFO] 🧩 PHASE: COMPOSER - DOMAIN INTEGRATION SYNTHESIS
[2026-05-02T05:37:58Z] [INFO] 🎨 Domain integrations synthesized: 0
[2026-05-02T05:37:58Z] [SECTION] ============================================================
[2026-05-02T05:37:58Z] [INFO] 🚀 PHASE: ADVANCED OVERNIGHT LOOP
[2026-05-02T05:38:50Z] [INFO] 🔬 Advanced loop completed cycles: 0
[2026-05-02T05:38:50Z] [WARNING] ⚠️  Git commit skipped or failed (git not initialized?): Command '['git', '-C', '/home/avalonas/.hermes/gematria/unified_overnight_research', 'add', '.']' returned non-zero exit status 128.
[2026-05-02T05:38:50Z] [INFO] 
📊 CYCLE #169 SUMMARY
[2026-05-02T05:38:50Z] [INFO] ✅ Successful tasks: 7/7
[2026-05-02T05:38:50Z] [INFO] ⏱️  Cycle duration: 74.60s
[2026-05-02T05:38:50Z] [INFO]    ⚠️ task: result
[2026-05-02T05:38:50Z] [INFO]    ⚠️ task: result
[2026-05-02T05:38:50Z] [INFO]    ⚠️ task: result
[2026-05-02T05:38:50Z] [INFO]    ⚠️ task: result
[2026-05-02T05:38:50Z] [INFO]    ⚠️ task: result
[2026-05-02T05:38:50Z] [INFO]    ⚠️ task: result
[2026-05-02T05:38:50Z] [INFO]    ⚠️ task: result
[2026-05-02T05:38:50Z] [HEADER] ================================================================================
[2026-05-02T05:38:50Z] [INFO] 🔄 OVERNIGHT RESEARCH PIPELINE - CYCLE #170
[2026-05-02T05:38:50Z] [INFO] ================================================================================
[2026-05-02T05:38:50Z] [HEADER] ============================================================
[2026-05-02T05:38:50Z] [INFO] 🌙 STARTING OVERNIGHT RESEARCH CYCLE #170
[2026-05-02T05:38:50Z] [INFO] 🔍 Running overnight research protocol (web scraping + cross-symbol analysis)...
[2026-05-02T05:38:50Z] [INFO] 📊 Cycle duration: 0.11s, Files generated: 0
[2026-05-02T05:38:50Z] [WARNING] ⚠️ Database not initialized for cycle counting
[2026-05-02T05:38:50Z] [INFO] 💾 Database updated with cycle results
[2026-05-02T05:38:50Z] [SECTION] ============================================================
[2026-05-02T05:38:50Z] [INFO] 🔮 PHASE: HIDDEN LAYERING DETECTION
[2026-05-02T05:38:50Z] [INFO] 🔗 Hidden layering detection complete. Connections identified: 2
[2026-05-02T05:38:50Z] [SECTION] ============================================================
[2026-05-02T05:38:50Z] [INFO] 🔬 PHASE: DOMAIN CORRELATION ANALYSIS
[2026-05-02T05:38:50Z] [INFO] 📊 Domain correlation matrices created: 2
[2026-05-02T05:38:50Z] [SECTION] ============================================================
[2026-05-02T05:38:50Z] [INFO] 🖼️  PHASE: IMAGE-SEED ANALYSIS
[2026-05-02T05:38:50Z] [INFO] 📂 Image seed analysis bootstrapping from 5 images...
[2026-05-02T05:38:50Z] [SECTION] ============================================================
[2026-05-02T05:38:50Z] [INFO] 📤 PHASE: PUSH COMPONENTS TO TOLARIA
[2026-05-02T05:38:51Z] [INFO] 📦 Components pushed to Tolaria: 5
[2026-05-02T05:38:51Z] [SECTION] ============================================================
[2026-05-02T05:38:51Z] [INFO] 🧩 PHASE: COMPOSER - DOMAIN INTEGRATION SYNTHESIS
[2026-05-02T05:39:05Z] [INFO] 🎨 Domain integrations synthesized: 0
[2026-05-02T05:39:05Z] [SECTION] ============================================================
[2026-05-02T05:39:05Z] [INFO] 🚀 PHASE: ADVANCED OVERNIGHT LOOP
[2026-05-02T05:39:49Z] [INFO] 🔬 Advanced loop completed cycles: 0
[2026-05-02T05:39:49Z] [WARNING] ⚠️  Git commit skipped or failed (git not initialized?): Command '['git', '-C', '/home/avalonas/.hermes/gematria/unified_overnight_research', 'add', '.']' returned non-zero exit status 128.
[2026-05-02T05:39:49Z] [INFO] 
📊 CYCLE #170 SUMMARY
[2026-05-02T05:39:49Z] [INFO] ✅ Successful tasks: 7/7
[2026-05-02T05:39:49Z] [INFO] ⏱️  Cycle duration: 58.99s
[2026-05-02T05:39:49Z] [INFO]    ⚠️ task: result
[2026-05-02T05:39:49Z] [INFO]    ⚠️ task: result
[2026-05-02T05:39:49Z] [INFO]    ⚠️ task: result
[2026-05-02T05:39:49Z] [INFO]    ⚠️ task: result
[2026-05-02T05:39:49Z] [INFO]    ⚠️ task: result
[2026-05-02T05:39:49Z] [INFO]    ⚠️ task: result
[2026-05-02T05:39:49Z] [INFO]    ⚠️ task: result
[2026-05-02T05:39:49Z] [HEADER] ================================================================================
[2026-05-02T05:39:49Z] [INFO] 🔄 OVERNIGHT RESEARCH PIPELINE - CYCLE #171
[2026-05-02T05:39:49Z] [INFO] ================================================================================
[2026-05-02T05:39:49Z] [HEADER] ============================================================
[2026-05-02T05:39:49Z] [INFO] 🌙 STARTING OVERNIGHT RESEARCH CYCLE #171
[2026-05-02T05:39:49Z] [INFO] 🔍 Running overnight research protocol (web scraping + cross-symbol analysis)...
[2026-05-02T05:39:49Z] [INFO] 📊 Cycle duration: 0.12s, Files generated: 0
[2026-05-02T05:39:49Z] [WARNING] ⚠️ Database not initialized for cycle counting
[2026-05-02T05:39:49Z] [INFO] 💾 Database updated with cycle results
[2026-05-02T05:39:49Z] [SECTION] ============================================================
[2026-05-02T05:39:49Z] [INFO] 🔮 PHASE: HIDDEN LAYERING DETECTION
[2026-05-02T05:39:49Z] [INFO] 🔗 Hidden layering detection complete. Connections identified: 2
[2026-05-02T05:39:49Z] [SECTION] ============================================================
[2026-05-02T05:39:49Z] [INFO] 🔬 PHASE: DOMAIN CORRELATION ANALYSIS
[2026-05-02T05:39:49Z] [INFO] 📊 Domain correlation matrices created: 2
[2026-05-02T05:39:49Z] [SECTION] ============================================================
[2026-05-02T05:39:49Z] [INFO] 🖼️  PHASE: IMAGE-SEED ANALYSIS
[2026-05-02T05:39:49Z] [INFO] 📂 Image seed analysis bootstrapping from 5 images...
[2026-05-02T05:39:49Z] [SECTION] ============================================================
[2026-05-02T05:39:49Z] [INFO] 📤 PHASE: PUSH COMPONENTS TO TOLARIA
[2026-05-02T05:39:50Z] [INFO] 📦 Components pushed to Tolaria: 5
[2026-05-02T05:39:50Z] [SECTION] ============================================================
[2026-05-02T05:39:50Z] [INFO] 🧩 PHASE: COMPOSER - DOMAIN INTEGRATION SYNTHESIS
[2026-05-02T05:40:05Z] [INFO] 🎨 Domain integrations synthesized: 0
[2026-05-02T05:40:05Z] [SECTION] ============================================================
[2026-05-02T05:40:05Z] [INFO] 🚀 PHASE: ADVANCED OVERNIGHT LOOP
[2026-05-02T05:40:48Z] [INFO] 🔬 Advanced loop completed cycles: 0
[2026-05-02T05:40:48Z] [WARNING] ⚠️  Git commit skipped or failed (git not initialized?): Command '['git', '-C', '/home/avalonas/.hermes/gematria/unified_overnight_research', 'add', '.']' returned non-zero exit status 128.
[2026-05-02T05:40:48Z] [INFO] 
📊 CYCLE #171 SUMMARY
[2026-05-02T05:40:48Z] [INFO] ✅ Successful tasks: 7/7
[2026-05-02T05:40:48Z] [INFO] ⏱️  Cycle duration: 59.33s
[2026-05-02T05:40:48Z] [INFO]    ⚠️ task: result
[2026-05-02T05:40:48Z] [INFO]    ⚠️ task: result
[2026-05-02T05:40:48Z] [INFO]    ⚠️ task: result
[2026-05-02T05:40:48Z] [INFO]    ⚠️ task: result
[2026-05-02T05:40:48Z] [INFO]    ⚠️ task: result
[2026-05-02T05:40:48Z] [INFO]    ⚠️ task: result
[2026-05-02T05:40:48Z] [INFO]    ⚠️ task: result
[2026-05-02T05:40:48Z] [HEADER] ================================================================================
[2026-05-02T05:40:48Z] [INFO] 🔄 OVERNIGHT RESEARCH PIPELINE - CYCLE #172
[2026-05-02T05:40:48Z] [INFO] ================================================================================
[2026-05-02T05:40:48Z] [HEADER] ============================================================
[2026-05-02T05:40:48Z] [INFO] 🌙 STARTING OVERNIGHT RESEARCH CYCLE #172
[2026-05-02T05:40:48Z] [INFO] 🔍 Running overnight research protocol (web scraping + cross-symbol analysis)...
[2026-05-02T05:40:49Z] [INFO] 📊 Cycle duration: 0.11s, Files generated: 0
[2026-05-02T05:40:49Z] [WARNING] ⚠️ Database not initialized for cycle counting
[2026-05-02T05:40:49Z] [INFO] 💾 Database updated with cycle results
[2026-05-02T05:40:49Z] [SECTION] ============================================================
[2026-05-02T05:40:49Z] [INFO] 🔮 PHASE: HIDDEN LAYERING DETECTION
[2026-05-02T05:40:49Z] [INFO] 🔗 Hidden layering detection complete. Connections identified: 2
[2026-05-02T05:40:49Z] [SECTION] ============================================================
[2026-05-02T05:40:49Z] [INFO] 🔬 PHASE: DOMAIN CORRELATION ANALYSIS
[2026-05-02T05:40:49Z] [INFO] 📊 Domain correlation matrices created: 2
[2026-05-02T05:40:49Z] [SECTION] ============================================================
[2026-05-02T05:40:49Z] [INFO] 🖼️  PHASE: IMAGE-SEED ANALYSIS
[2026-05-02T05:40:49Z] [INFO] 📂 Image seed analysis bootstrapping from 5 images...
[2026-05-02T05:40:49Z] [SECTION] ============================================================
[2026-05-02T05:40:49Z] [INFO] 📤 PHASE: PUSH COMPONENTS TO TOLARIA
[2026-05-02T05:40:50Z] [INFO] 📦 Components pushed to Tolaria: 5
[2026-05-02T05:40:50Z] [SECTION] ============================================================
[2026-05-02T05:40:50Z] [INFO] 🧩 PHASE: COMPOSER - DOMAIN INTEGRATION SYNTHESIS
[2026-05-02T05:41:05Z] [INFO] 🎨 Domain integrations synthesized: 0
[2026-05-02T05:41:05Z] [SECTION] ============================================================
[2026-05-02T05:41:05Z] [INFO] 🚀 PHASE: ADVANCED OVERNIGHT LOOP
[2026-05-02T05:41:46Z] [INFO] 🔬 Advanced loop completed cycles: 0
[2026-05-02T05:41:46Z] [WARNING] ⚠️  Git commit skipped or failed (git not initialized?): Command '['git', '-C', '/home/avalonas/.hermes/gematria/unified_overnight_research', 'add', '.']' returned non-zero exit status 128.
[2026-05-02T05:41:46Z] [INFO] 
📊 CYCLE #172 SUMMARY
[2026-05-02T05:41:46Z] [INFO] ✅ Successful tasks: 7/7
[2026-05-02T05:41:46Z] [INFO] ⏱️  Cycle duration: 57.89s
[2026-05-02T05:41:46Z] [INFO]    ⚠️ task: result
[2026-05-02T05:41:46Z] [INFO]    ⚠️ task: result
[2026-05-02T05:41:46Z] [INFO]    ⚠️ task: result
[2026-05-02T05:41:46Z] [INFO]    ⚠️ task: result
[2026-05-02T05:41:46Z] [INFO]    ⚠️ task: result
[2026-05-02T05:41:46Z] [INFO]    ⚠️ task: result
[2026-05-02T05:41:46Z] [INFO]    ⚠️ task: result
[2026-05-02T05:41:46Z] [HEADER] ================================================================================
[2026-05-02T05:41:46Z] [INFO] 🔄 OVERNIGHT RESEARCH PIPELINE - CYCLE #173
[2026-05-02T05:41:46Z] [INFO] ================================================================================
[2026-05-02T05:41:46Z] [HEADER] ============================================================
[2026-05-02T05:41:46Z] [INFO] 🌙 STARTING OVERNIGHT RESEARCH CYCLE #173
[2026-05-02T05:41:46Z] [INFO] 🔍 Running overnight research protocol (web scraping + cross-symbol analysis)...
[2026-05-02T05:41:46Z] [INFO] 📊 Cycle duration: 0.11s, Files generated: 0
[2026-05-02T05:41:46Z] [WARNING] ⚠️ Database not initialized for cycle counting
[2026-05-02T05:41:46Z] [INFO] 💾 Database updated with cycle results
[2026-05-02T05:41:46Z] [SECTION] ============================================================
[2026-05-02T05:41:46Z] [INFO] 🔮 PHASE: HIDDEN LAYERING DETECTION
[2026-05-02T05:41:46Z] [INFO] 🔗 Hidden layering detection complete. Connections identified: 2
[2026-05-02T05:41:46Z] [SECTION] ============================================================
[2026-05-02T05:41:46Z] [INFO] 🔬 PHASE: DOMAIN CORRELATION ANALYSIS
[2026-05-02T05:41:47Z] [INFO] 📊 Domain correlation matrices created: 2
[2026-05-02T05:41:47Z] [SECTION] ============================================================
[2026-05-02T05:41:47Z] [INFO] 🖼️  PHASE: IMAGE-SEED ANALYSIS
[2026-05-02T05:41:47Z] [INFO] 📂 Image seed analysis bootstrapping from 5 images...
[2026-05-02T05:41:47Z] [SECTION] ============================================================
[2026-05-02T05:41:47Z] [INFO] 📤 PHASE: PUSH COMPONENTS TO TOLARIA
[2026-05-02T05:41:47Z] [INFO] 📦 Components pushed to Tolaria: 5
[2026-05-02T05:41:47Z] [SECTION] ============================================================
[2026-05-02T05:41:47Z] [INFO] 🧩 PHASE: COMPOSER - DOMAIN INTEGRATION SYNTHESIS
[2026-05-02T05:42:05Z] [INFO] 🎨 Domain integrations synthesized: 0
[2026-05-02T05:42:05Z] [SECTION] ============================================================
[2026-05-02T05:42:05Z] [INFO] 🚀 PHASE: ADVANCED OVERNIGHT LOOP
[2026-05-02T05:42:43Z] [INFO] 🔬 Advanced loop completed cycles: 0
[2026-05-02T05:42:43Z] [WARNING] ⚠️  Git commit skipped or failed (git not initialized?): Command '['git', '-C', '/home/avalonas/.hermes/gematria/unified_overnight_research', 'add', '.']' returned non-zero exit status 128.
[2026-05-02T05:42:43Z] [INFO] 
📊 CYCLE #173 SUMMARY
[2026-05-02T05:42:43Z] [INFO] ✅ Successful tasks: 7/7
[2026-05-02T05:42:43Z] [INFO] ⏱️  Cycle duration: 56.73s
[2026-05-02T05:42:43Z] [INFO]    ⚠️ task: result
[2026-05-02T05:42:43Z] [INFO]    ⚠️ task: result
[2026-05-02T05:42:43Z] [INFO]    ⚠️ task: result
[2026-05-02T05:42:43Z] [INFO]    ⚠️ task: result
[2026-05-02T05:42:43Z] [INFO]    ⚠️ task: result
[2026-05-02T05:42:43Z] [INFO]    ⚠️ task: result
[2026-05-02T05:42:43Z] [INFO]    ⚠️ task: result
[2026-05-02T05:42:43Z] [HEADER] ================================================================================
[2026-05-02T05:42:43Z] [INFO] 🔄 OVERNIGHT RESEARCH PIPELINE - CYCLE #174
[2026-05-02T05:42:43Z] [INFO] ================================================================================
[2026-05-02T05:42:43Z] [HEADER] ============================================================
[2026-05-02T05:42:43Z] [INFO] 🌙 STARTING OVERNIGHT RESEARCH CYCLE #174
[2026-05-02T05:42:43Z] [INFO] 🔍 Running overnight research protocol (web scraping + cross-symbol analysis)...
[2026-05-02T05:42:43Z] [INFO] 📊 Cycle duration: 0.15s, Files generated: 0
[2026-05-02T05:42:43Z] [WARNING] ⚠️ Database not initialized for cycle counting
[2026-05-02T05:42:43Z] [INFO] 💾 Database updated with cycle results
[2026-05-02T05:42:43Z] [SECTION] ============================================================
[2026-05-02T05:42:43Z] [INFO] 🔮 PHASE: HIDDEN LAYERING DETECTION
[2026-05-02T05:42:43Z] [INFO] 🔗 Hidden layering detection complete. Connections identified: 2
[2026-05-02T05:42:43Z] [SECTION] ============================================================
[2026-05-02T05:42:43Z] [INFO] 🔬 PHASE: DOMAIN CORRELATION ANALYSIS
[2026-05-02T05:42:43Z] [INFO] 📊 Domain correlation matrices created: 2
[2026-05-02T05:42:43Z] [SECTION] ============================================================
[2026-05-02T05:42:43Z] [INFO] 🖼️  PHASE: IMAGE-SEED ANALYSIS
[2026-05-02T05:42:43Z] [INFO] 📂 Image seed analysis bootstrapping from 5 images...
[2026-05-02T05:42:43Z] [SECTION] ============================================================
[2026-05-02T05:42:43Z] [INFO] 📤 PHASE: PUSH COMPONENTS TO TOLARIA
[2026-05-02T05:42:44Z] [INFO] 📦 Components pushed to Tolaria: 5
[2026-05-02T05:42:44Z] [SECTION] ============================================================
[2026-05-02T05:42:44Z] [INFO] 🧩 PHASE: COMPOSER - DOMAIN INTEGRATION SYNTHESIS
[2026-05-02T05:42:59Z] [INFO] 🎨 Domain integrations synthesized: 0
[2026-05-02T05:42:59Z] [SECTION] ============================================================
[2026-05-02T05:42:59Z] [INFO] 🚀 PHASE: ADVANCED OVERNIGHT LOOP
[2026-05-02T05:43:49Z] [INFO] 🔬 Advanced loop completed cycles: 0
[2026-05-02T05:43:49Z] [WARNING] ⚠️  Git commit skipped or failed (git not initialized?): Command '['git', '-C', '/home/avalonas/.hermes/gematria/unified_overnight_research', 'add', '.']' returned non-zero exit status 128.
[2026-05-02T05:43:49Z] [INFO] 
📊 CYCLE #174 SUMMARY
[2026-05-02T05:43:49Z] [INFO] ✅ Successful tasks: 7/7
[2026-05-02T05:43:49Z] [INFO] ⏱️  Cycle duration: 65.88s
[2026-05-02T05:43:49Z] [INFO]    ⚠️ task: result
[2026-05-02T05:43:49Z] [INFO]    ⚠️ task: result
[2026-05-02T05:43:49Z] [INFO]    ⚠️ task: result
[2026-05-02T05:43:49Z] [INFO]    ⚠️ task: result
[2026-05-02T05:43:49Z] [INFO]    ⚠️ task: result
[2026-05-02T05:43:49Z] [INFO]    ⚠️ task: result
[2026-05-02T05:43:49Z] [INFO]    ⚠️ task: result
[2026-05-02T05:43:49Z] [HEADER] ================================================================================
[2026-05-02T05:43:49Z] [INFO] 🔄 OVERNIGHT RESEARCH PIPELINE - CYCLE #175
[2026-05-02T05:43:49Z] [INFO] ================================================================================
[2026-05-02T05:43:49Z] [HEADER] ============================================================
[2026-05-02T05:43:49Z] [INFO] 🌙 STARTING OVERNIGHT RESEARCH CYCLE #175
[2026-05-02T05:43:49Z] [INFO] 🔍 Running overnight research protocol (web scraping + cross-symbol analysis)...
[2026-05-02T05:43:49Z] [INFO] 📊 Cycle duration: 0.11s, Files generated: 0
[2026-05-02T05:43:49Z] [WARNING] ⚠️ Database not initialized for cycle counting
[2026-05-02T05:43:49Z] [INFO] 💾 Database updated with cycle results
[2026-05-02T05:43:49Z] [SECTION] ============================================================
[2026-05-02T05:43:49Z] [INFO] 🔮 PHASE: HIDDEN LAYERING DETECTION
[2026-05-02T05:43:49Z] [INFO] 🔗 Hidden layering detection complete. Connections identified: 2
[2026-05-02T05:43:49Z] [SECTION] ============================================================
[2026-05-02T05:43:49Z] [INFO] 🔬 PHASE: DOMAIN CORRELATION ANALYSIS
[2026-05-02T05:43:49Z] [INFO] 📊 Domain correlation matrices created: 2
[2026-05-02T05:43:49Z] [SECTION] ============================================================
[2026-05-02T05:43:49Z] [INFO] 🖼️  PHASE: IMAGE-SEED ANALYSIS
[2026-05-02T05:43:49Z] [INFO] 📂 Image seed analysis bootstrapping from 5 images...
[2026-05-02T05:43:49Z] [SECTION] ============================================================
[2026-05-02T05:43:49Z] [INFO] 📤 PHASE: PUSH COMPONENTS TO TOLARIA
[2026-05-02T05:43:50Z] [INFO] 📦 Components pushed to Tolaria: 5
[2026-05-02T05:43:50Z] [SECTION] ============================================================
[2026-05-02T05:43:50Z] [INFO] 🧩 PHASE: COMPOSER - DOMAIN INTEGRATION SYNTHESIS
[2026-05-02T05:44:01Z] [INFO] 🎨 Domain integrations synthesized: 0
[2026-05-02T05:44:01Z] [SECTION] ============================================================
[2026-05-02T05:44:01Z] [INFO] 🚀 PHASE: ADVANCED OVERNIGHT LOOP
[2026-05-02T05:45:05Z] [INFO] 🔬 Advanced loop completed cycles: 0
[2026-05-02T05:45:05Z] [WARNING] ⚠️  Git commit skipped or failed (git not initialized?): Command '['git', '-C', '/home/avalonas/.hermes/gematria/unified_overnight_research', 'add', '.']' returned non-zero exit status 128.
[2026-05-02T05:45:05Z] [INFO] 
📊 CYCLE #175 SUMMARY
[2026-05-02T05:45:05Z] [INFO] ✅ Successful tasks: 7/7
[2026-05-02T05:45:05Z] [INFO] ⏱️  Cycle duration: 76.18s
[2026-05-02T05:45:05Z] [INFO]    ⚠️ task: result
[2026-05-02T05:45:05Z] [INFO]    ⚠️ task: result
[2026-05-02T05:45:05Z] [INFO]    ⚠️ task: result
[2026-05-02T05:45:05Z] [INFO]    ⚠️ task: result
[2026-05-02T05:45:05Z] [INFO]    ⚠️ task: result
[2026-05-02T05:45:05Z] [INFO]    ⚠️ task: result
[2026-05-02T05:45:05Z] [INFO]    ⚠️ task: result
[2026-05-02T05:45:05Z] [HEADER] ================================================================================
[2026-05-02T05:45:05Z] [INFO] 🔄 OVERNIGHT RESEARCH PIPELINE - CYCLE #176
[2026-05-02T05:45:05Z] [INFO] ================================================================================
[2026-05-02T05:45:05Z] [HEADER] ============================================================
[2026-05-02T05:45:05Z] [INFO] 🌙 STARTING OVERNIGHT RESEARCH CYCLE #176
[2026-05-02T05:45:05Z] [INFO] 🔍 Running overnight research protocol (web scraping + cross-symbol analysis)...
[2026-05-02T05:45:05Z] [INFO] 📊 Cycle duration: 0.11s, Files generated: 0
[2026-05-02T05:45:05Z] [WARNING] ⚠️ Database not initialized for cycle counting
[2026-05-02T05:45:05Z] [INFO] 💾 Database updated with cycle results
[2026-05-02T05:45:05Z] [SECTION] ============================================================
[2026-05-02T05:45:05Z] [INFO] 🔮 PHASE: HIDDEN LAYERING DETECTION
[2026-05-02T05:45:05Z] [INFO] 🔗 Hidden layering detection complete. Connections identified: 2
[2026-05-02T05:45:05Z] [SECTION] ============================================================
[2026-05-02T05:45:05Z] [INFO] 🔬 PHASE: DOMAIN CORRELATION ANALYSIS
[2026-05-02T05:45:05Z] [INFO] 📊 Domain correlation matrices created: 2
[2026-05-02T05:45:05Z] [SECTION] ============================================================
[2026-05-02T05:45:05Z] [INFO] 🖼️  PHASE: IMAGE-SEED ANALYSIS
[2026-05-02T05:45:05Z] [INFO] 📂 Image seed analysis bootstrapping from 5 images...
[2026-05-02T05:45:05Z] [SECTION] ============================================================
[2026-05-02T05:45:05Z] [INFO] 📤 PHASE: PUSH COMPONENTS TO TOLARIA
[2026-05-02T05:45:06Z] [INFO] 📦 Components pushed to Tolaria: 5
[2026-05-02T05:45:06Z] [SECTION] ============================================================
[2026-05-02T05:45:06Z] [INFO] 🧩 PHASE: COMPOSER - DOMAIN INTEGRATION SYNTHESIS
[2026-05-02T05:45:28Z] [INFO] 🎨 Domain integrations synthesized: 0
[2026-05-02T05:45:28Z] [SECTION] ============================================================
[2026-05-02T05:45:28Z] [INFO] 🚀 PHASE: ADVANCED OVERNIGHT LOOP
[2026-05-02T05:46:33Z] [INFO] 🔬 Advanced loop completed cycles: 0
[2026-05-02T05:46:33Z] [WARNING] ⚠️  Git commit skipped or failed (git not initialized?): Command '['git', '-C', '/home/avalonas/.hermes/gematria/unified_overnight_research', 'add', '.']' returned non-zero exit status 128.
[2026-05-02T05:46:33Z] [INFO] 
📊 CYCLE #176 SUMMARY
[2026-05-02T05:46:33Z] [INFO] ✅ Successful tasks: 7/7
[2026-05-02T05:46:33Z] [INFO] ⏱️  Cycle duration: 88.00s
[2026-05-02T05:46:33Z] [INFO]    ⚠️ task: result
[2026-05-02T05:46:33Z] [INFO]    ⚠️ task: result
[2026-05-02T05:46:33Z] [INFO]    ⚠️ task: result
[2026-05-02T05:46:33Z] [INFO]    ⚠️ task: result
[2026-05-02T05:46:33Z] [INFO]    ⚠️ task: result
[2026-05-02T05:46:33Z] [INFO]    ⚠️ task: result
[2026-05-02T05:46:33Z] [INFO]    ⚠️ task: result
[2026-05-02T05:46:33Z] [HEADER] ================================================================================
[2026-05-02T05:46:33Z] [INFO] 🔄 OVERNIGHT RESEARCH PIPELINE - CYCLE #177
[2026-05-02T05:46:33Z] [INFO] ================================================================================
[2026-05-02T05:46:33Z] [HEADER] ============================================================
[2026-05-02T05:46:33Z] [INFO] 🌙 STARTING OVERNIGHT RESEARCH CYCLE #177
[2026-05-02T05:46:33Z] [INFO] 🔍 Running overnight research protocol (web scraping + cross-symbol analysis)...
[2026-05-02T05:46:33Z] [INFO] 📊 Cycle duration: 0.10s, Files generated: 0
[2026-05-02T05:46:33Z] [WARNING] ⚠️ Database not initialized for cycle counting
[2026-05-02T05:46:33Z] [INFO] 💾 Database updated with cycle results
[2026-05-02T05:46:33Z] [SECTION] ============================================================
[2026-05-02T05:46:33Z] [INFO] 🔮 PHASE: HIDDEN LAYERING DETECTION
[2026-05-02T05:46:33Z] [INFO] 🔗 Hidden layering detection complete. Connections identified: 2
[2026-05-02T05:46:33Z] [SECTION] ============================================================
[2026-05-02T05:46:33Z] [INFO] 🔬 PHASE: DOMAIN CORRELATION ANALYSIS
[2026-05-02T05:46:33Z] [INFO] 📊 Domain correlation matrices created: 2
[2026-05-02T05:46:33Z] [SECTION] ============================================================
[2026-05-02T05:46:33Z] [INFO] 🖼️  PHASE: IMAGE-SEED ANALYSIS
[2026-05-02T05:46:33Z] [INFO] 📂 Image seed analysis bootstrapping from 5 images...
[2026-05-02T05:46:33Z] [SECTION] ============================================================
[2026-05-02T05:46:33Z] [INFO] 📤 PHASE: PUSH COMPONENTS TO TOLARIA
[2026-05-02T05:46:34Z] [INFO] 📦 Components pushed to Tolaria: 5
[2026-05-02T05:46:34Z] [SECTION] ============================================================
[2026-05-02T05:46:34Z] [INFO] 🧩 PHASE: COMPOSER - DOMAIN INTEGRATION SYNTHESIS
[2026-05-02T05:46:56Z] [INFO] 🎨 Domain integrations synthesized: 0
[2026-05-02T05:46:56Z] [SECTION] ============================================================
[2026-05-02T05:46:56Z] [INFO] 🚀 PHASE: ADVANCED OVERNIGHT LOOP
[2026-05-02T05:48:02Z] [INFO] 🔬 Advanced loop completed cycles: 0
[2026-05-02T05:48:03Z] [WARNING] ⚠️  Git commit skipped or failed (git not initialized?): Command '['git', '-C', '/home/avalonas/.hermes/gematria/unified_overnight_research', 'add', '.']' returned non-zero exit status 128.
[2026-05-02T05:48:03Z] [INFO] 
📊 CYCLE #177 SUMMARY
[2026-05-02T05:48:03Z] [INFO] ✅ Successful tasks: 7/7
[2026-05-02T05:48:03Z] [INFO] ⏱️  Cycle duration: 89.37s
[2026-05-02T05:48:03Z] [INFO]    ⚠️ task: result
[2026-05-02T05:48:03Z] [INFO]    ⚠️ task: result
[2026-05-02T05:48:03Z] [INFO]    ⚠️ task: result
[2026-05-02T05:48:03Z] [INFO]    ⚠️ task: result
[2026-05-02T05:48:03Z] [INFO]    ⚠️ task: result
[2026-05-02T05:48:03Z] [INFO]    ⚠️ task: result
[2026-05-02T05:48:03Z] [INFO]    ⚠️ task: result
[2026-05-02T05:48:03Z] [HEADER] ================================================================================
[2026-05-02T05:48:03Z] [INFO] 🔄 OVERNIGHT RESEARCH PIPELINE - CYCLE #178
[2026-05-02T05:48:03Z] [INFO] ================================================================================
[2026-05-02T05:48:03Z] [HEADER] ============================================================
[2026-05-02T05:48:03Z] [INFO] 🌙 STARTING OVERNIGHT RESEARCH CYCLE #178
[2026-05-02T05:48:03Z] [INFO] 🔍 Running overnight research protocol (web scraping + cross-symbol analysis)...
[2026-05-02T05:48:03Z] [INFO] 📊 Cycle duration: 0.11s, Files generated: 0
[2026-05-02T05:48:03Z] [WARNING] ⚠️ Database not initialized for cycle counting
[2026-05-02T05:48:03Z] [INFO] 💾 Database updated with cycle results
[2026-05-02T05:48:03Z] [SECTION] ============================================================
[2026-05-02T05:48:03Z] [INFO] 🔮 PHASE: HIDDEN LAYERING DETECTION
[2026-05-02T05:48:03Z] [INFO] 🔗 Hidden layering detection complete. Connections identified: 2
[2026-05-02T05:48:03Z] [SECTION] ============================================================
[2026-05-02T05:48:03Z] [INFO] 🔬 PHASE: DOMAIN CORRELATION ANALYSIS
[2026-05-02T05:48:03Z] [INFO] 📊 Domain correlation matrices created: 2
[2026-05-02T05:48:03Z] [SECTION] ============================================================
[2026-05-02T05:48:03Z] [INFO] 🖼️  PHASE: IMAGE-SEED ANALYSIS
[2026-05-02T05:48:03Z] [INFO] 📂 Image seed analysis bootstrapping from 5 images...
[2026-05-02T05:48:03Z] [SECTION] ============================================================
[2026-05-02T05:48:03Z] [INFO] 📤 PHASE: PUSH COMPONENTS TO TOLARIA
[2026-05-02T05:48:04Z] [INFO] 📦 Components pushed to Tolaria: 5
[2026-05-02T05:48:04Z] [SECTION] ============================================================
[2026-05-02T05:48:04Z] [INFO] 🧩 PHASE: COMPOSER - DOMAIN INTEGRATION SYNTHESIS
