[2026-05-02T03:21:26Z] [HEADER] ================================================================================
[2026-05-02T03:21:26Z] [INFO] 🔄 OVERNIGHT RESEARCH PIPELINE - CYCLE #2
[2026-05-02T03:21:26Z] [INFO] ================================================================================
[2026-05-02T03:21:26Z] [HEADER] ============================================================
[2026-05-02T03:21:26Z] [INFO] 🌙 STARTING OVERNIGHT RESEARCH CYCLE #2
[2026-05-02T03:21:26Z] [INFO] 🔍 Running overnight research protocol (web scraping + cross-symbol analysis)...
[2026-05-02T03:21:26Z] [INFO] 📊 Cycle duration: 0.10s, Files generated: 0
[2026-05-02T03:21:26Z] [WARNING] ⚠️ Database not initialized for cycle counting
[2026-05-02T03:21:26Z] [INFO] 💾 Database updated with cycle results
[2026-05-02T03:21:26Z] [SECTION] ============================================================
[2026-05-02T03:21:26Z] [INFO] 🔮 PHASE: HIDDEN LAYERING DETECTION
[2026-05-02T03:21:26Z] [INFO] 🔗 Hidden layering detection complete. Connections identified: 2
[2026-05-02T03:21:26Z] [SECTION] ============================================================
[2026-05-02T03:21:26Z] [INFO] 🔬 PHASE: DOMAIN CORRELATION ANALYSIS
[2026-05-02T03:21:26Z] [INFO] 📊 Domain correlation matrices created: 1
[2026-05-02T03:21:26Z] [SECTION] ============================================================
[2026-05-02T03:21:26Z] [INFO] 🖼️  PHASE: IMAGE-SEED ANALYSIS
[2026-05-02T03:21:26Z] [INFO] 📂 Image seed analysis bootstrapping from 5 images...
[2026-05-02T03:21:26Z] [SECTION] ============================================================
[2026-05-02T03:21:26Z] [INFO] 📤 PHASE: PUSH COMPONENTS TO TOLARIA
[2026-05-02T03:21:27Z] [INFO] 📦 Components pushed to Tolaria: 5
[2026-05-02T03:21:27Z] [SECTION] ============================================================
[2026-05-02T03:21:27Z] [INFO] 🧩 PHASE: COMPOSER - DOMAIN INTEGRATION SYNTHESIS
[2026-05-02T03:21:43Z] [INFO] 🎨 Domain integrations synthesized: 0
[2026-05-02T03:21:43Z] [SECTION] ============================================================
[2026-05-02T03:21:43Z] [INFO] 🚀 PHASE: ADVANCED OVERNIGHT LOOP
[2026-05-02T03:22:31Z] [INFO] 🔬 Advanced loop completed cycles: 0
[2026-05-02T03:22:31Z] [WARNING] ⚠️  Git commit skipped or failed (git not initialized?): Command '['git', '-C', '/home/avalonas/.hermes/gematria/unified_overnight_research', 'add', '.']' returned non-zero exit status 128.
[2026-05-02T03:22:31Z] [INFO] 
📊 CYCLE #2 SUMMARY
[2026-05-02T03:22:31Z] [INFO] ✅ Successful tasks: 7/7
[2026-05-02T03:22:31Z] [INFO] ⏱️  Cycle duration: 65.41s
[2026-05-02T03:22:31Z] [INFO]    ⚠️ task: result
[2026-05-02T03:22:31Z] [INFO]    ⚠️ task: result
[2026-05-02T03:22:31Z] [INFO]    ⚠️ task: result
[2026-05-02T03:22:31Z] [INFO]    ⚠️ task: result
[2026-05-02T03:22:31Z] [INFO]    ⚠️ task: result
[2026-05-02T03:22:31Z] [INFO]    ⚠️ task: result
[2026-05-02T03:22:31Z] [INFO]    ⚠️ task: result
[2026-05-02T03:22:31Z] [HEADER] ================================================================================
[2026-05-02T03:22:31Z] [INFO] 🔄 OVERNIGHT RESEARCH PIPELINE - CYCLE #3
[2026-05-02T03:22:31Z] [INFO] ================================================================================
[2026-05-02T03:22:31Z] [HEADER] ============================================================
[2026-05-02T03:22:31Z] [INFO] 🌙 STARTING OVERNIGHT RESEARCH CYCLE #3
[2026-05-02T03:22:31Z] [INFO] 🔍 Running overnight research protocol (web scraping + cross-symbol analysis)...
[2026-05-02T03:22:31Z] [INFO] 📊 Cycle duration: 0.10s, Files generated: 0
[2026-05-02T03:22:31Z] [WARNING] ⚠️ Database not initialized for cycle counting
[2026-05-02T03:22:31Z] [INFO] 💾 Database updated with cycle results
[2026-05-02T03:22:31Z] [SECTION] ============================================================
[2026-05-02T03:22:31Z] [INFO] 🔮 PHASE: HIDDEN LAYERING DETECTION
[2026-05-02T03:22:31Z] [INFO] 🔗 Hidden layering detection complete. Connections identified: 2
[2026-05-02T03:22:31Z] [SECTION] ============================================================
[2026-05-02T03:22:31Z] [INFO] 🔬 PHASE: DOMAIN CORRELATION ANALYSIS
[2026-05-02T03:22:31Z] [INFO] 📊 Domain correlation matrices created: 1
[2026-05-02T03:22:31Z] [SECTION] ============================================================
[2026-05-02T03:22:31Z] [INFO] 🖼️  PHASE: IMAGE-SEED ANALYSIS
[2026-05-02T03:22:31Z] [INFO] 📂 Image seed analysis bootstrapping from 5 images...
[2026-05-02T03:22:31Z] [SECTION] ============================================================
[2026-05-02T03:22:31Z] [INFO] 📤 PHASE: PUSH COMPONENTS TO TOLARIA
[2026-05-02T03:22:32Z] [INFO] 📦 Components pushed to Tolaria: 5
[2026-05-02T03:22:32Z] [SECTION] ============================================================
[2026-05-02T03:22:32Z] [INFO] 🧩 PHASE: COMPOSER - DOMAIN INTEGRATION SYNTHESIS
[2026-05-02T03:22:43Z] [INFO] 🎨 Domain integrations synthesized: 0
[2026-05-02T03:22:43Z] [SECTION] ============================================================
[2026-05-02T03:22:43Z] [INFO] 🚀 PHASE: ADVANCED OVERNIGHT LOOP
[2026-05-02T03:23:29Z] [INFO] 🔬 Advanced loop completed cycles: 0
[2026-05-02T03:23:29Z] [WARNING] ⚠️  Git commit skipped or failed (git not initialized?): Command '['git', '-C', '/home/avalonas/.hermes/gematria/unified_overnight_research', 'add', '.']' returned non-zero exit status 128.
[2026-05-02T03:23:29Z] [INFO] 
📊 CYCLE #3 SUMMARY
[2026-05-02T03:23:29Z] [INFO] ✅ Successful tasks: 7/7
[2026-05-02T03:23:29Z] [INFO] ⏱️  Cycle duration: 57.46s
[2026-05-02T03:23:29Z] [INFO]    ⚠️ task: result
[2026-05-02T03:23:29Z] [INFO]    ⚠️ task: result
[2026-05-02T03:23:29Z] [INFO]    ⚠️ task: result
[2026-05-02T03:23:29Z] [INFO]    ⚠️ task: result
[2026-05-02T03:23:29Z] [INFO]    ⚠️ task: result
[2026-05-02T03:23:29Z] [INFO]    ⚠️ task: result
[2026-05-02T03:23:29Z] [INFO]    ⚠️ task: result
[2026-05-02T03:23:29Z] [HEADER] ================================================================================
[2026-05-02T03:23:29Z] [INFO] 🔄 OVERNIGHT RESEARCH PIPELINE - CYCLE #4
[2026-05-02T03:23:29Z] [INFO] ================================================================================
[2026-05-02T03:23:29Z] [HEADER] ============================================================
[2026-05-02T03:23:29Z] [INFO] 🌙 STARTING OVERNIGHT RESEARCH CYCLE #4
[2026-05-02T03:23:29Z] [INFO] 🔍 Running overnight research protocol (web scraping + cross-symbol analysis)...
[2026-05-02T03:23:29Z] [INFO] 📊 Cycle duration: 0.10s, Files generated: 0
[2026-05-02T03:23:29Z] [WARNING] ⚠️ Database not initialized for cycle counting
[2026-05-02T03:23:29Z] [INFO] 💾 Database updated with cycle results
[2026-05-02T03:23:29Z] [SECTION] ============================================================
[2026-05-02T03:23:29Z] [INFO] 🔮 PHASE: HIDDEN LAYERING DETECTION
[2026-05-02T03:23:29Z] [INFO] 🔗 Hidden layering detection complete. Connections identified: 2
[2026-05-02T03:23:29Z] [SECTION] ============================================================
[2026-05-02T03:23:29Z] [INFO] 🔬 PHASE: DOMAIN CORRELATION ANALYSIS
[2026-05-02T03:23:29Z] [INFO] 📊 Domain correlation matrices created: 1
[2026-05-02T03:23:29Z] [SECTION] ============================================================
[2026-05-02T03:23:29Z] [INFO] 🖼️  PHASE: IMAGE-SEED ANALYSIS
[2026-05-02T03:23:29Z] [INFO] 📂 Image seed analysis bootstrapping from 5 images...
[2026-05-02T03:23:29Z] [SECTION] ============================================================
[2026-05-02T03:23:29Z] [INFO] 📤 PHASE: PUSH COMPONENTS TO TOLARIA
[2026-05-02T03:23:30Z] [INFO] 📦 Components pushed to Tolaria: 5
[2026-05-02T03:23:30Z] [SECTION] ============================================================
[2026-05-02T03:23:30Z] [INFO] 🧩 PHASE: COMPOSER - DOMAIN INTEGRATION SYNTHESIS
[2026-05-02T03:23:41Z] [INFO] 🎨 Domain integrations synthesized: 0
[2026-05-02T03:23:41Z] [SECTION] ============================================================
[2026-05-02T03:23:41Z] [INFO] 🚀 PHASE: ADVANCED OVERNIGHT LOOP
[2026-05-02T03:24:22Z] [INFO] 🔬 Advanced loop completed cycles: 0
[2026-05-02T03:24:22Z] [WARNING] ⚠️  Git commit skipped or failed (git not initialized?): Command '['git', '-C', '/home/avalonas/.hermes/gematria/unified_overnight_research', 'add', '.']' returned non-zero exit status 128.
[2026-05-02T03:24:22Z] [INFO] 
📊 CYCLE #4 SUMMARY
[2026-05-02T03:24:22Z] [INFO] ✅ Successful tasks: 7/7
[2026-05-02T03:24:22Z] [INFO] ⏱️  Cycle duration: 53.17s
[2026-05-02T03:24:22Z] [INFO]    ⚠️ task: result
[2026-05-02T03:24:22Z] [INFO]    ⚠️ task: result
[2026-05-02T03:24:22Z] [INFO]    ⚠️ task: result
[2026-05-02T03:24:22Z] [INFO]    ⚠️ task: result
[2026-05-02T03:24:22Z] [INFO]    ⚠️ task: result
[2026-05-02T03:24:22Z] [INFO]    ⚠️ task: result
[2026-05-02T03:24:22Z] [INFO]    ⚠️ task: result
[2026-05-02T03:24:22Z] [HEADER] ================================================================================
[2026-05-02T03:24:22Z] [INFO] 🔄 OVERNIGHT RESEARCH PIPELINE - CYCLE #5
[2026-05-02T03:24:22Z] [INFO] ================================================================================
[2026-05-02T03:24:22Z] [HEADER] ============================================================
[2026-05-02T03:24:22Z] [INFO] 🌙 STARTING OVERNIGHT RESEARCH CYCLE #5
[2026-05-02T03:24:22Z] [INFO] 🔍 Running overnight research protocol (web scraping + cross-symbol analysis)...
[2026-05-02T03:24:22Z] [INFO] 📊 Cycle duration: 0.11s, Files generated: 0
[2026-05-02T03:24:22Z] [WARNING] ⚠️ Database not initialized for cycle counting
[2026-05-02T03:24:22Z] [INFO] 💾 Database updated with cycle results
[2026-05-02T03:24:22Z] [SECTION] ============================================================
[2026-05-02T03:24:22Z] [INFO] 🔮 PHASE: HIDDEN LAYERING DETECTION
[2026-05-02T03:24:22Z] [INFO] 🔗 Hidden layering detection complete. Connections identified: 2
[2026-05-02T03:24:22Z] [SECTION] ============================================================
[2026-05-02T03:24:22Z] [INFO] 🔬 PHASE: DOMAIN CORRELATION ANALYSIS
[2026-05-02T03:24:22Z] [INFO] 📊 Domain correlation matrices created: 1
[2026-05-02T03:24:22Z] [SECTION] ============================================================
[2026-05-02T03:24:22Z] [INFO] 🖼️  PHASE: IMAGE-SEED ANALYSIS
[2026-05-02T03:24:22Z] [INFO] 📂 Image seed analysis bootstrapping from 5 images...
[2026-05-02T03:24:22Z] [SECTION] ============================================================
[2026-05-02T03:24:22Z] [INFO] 📤 PHASE: PUSH COMPONENTS TO TOLARIA
[2026-05-02T03:24:23Z] [INFO] 📦 Components pushed to Tolaria: 5
[2026-05-02T03:24:23Z] [SECTION] ============================================================
[2026-05-02T03:24:23Z] [INFO] 🧩 PHASE: COMPOSER - DOMAIN INTEGRATION SYNTHESIS
[2026-05-02T03:24:38Z] [INFO] 🎨 Domain integrations synthesized: 0
[2026-05-02T03:24:38Z] [SECTION] ============================================================
[2026-05-02T03:24:38Z] [INFO] 🚀 PHASE: ADVANCED OVERNIGHT LOOP
[2026-05-02T03:25:24Z] [INFO] 🔬 Advanced loop completed cycles: 0
[2026-05-02T03:25:24Z] [WARNING] ⚠️  Git commit skipped or failed (git not initialized?): Command '['git', '-C', '/home/avalonas/.hermes/gematria/unified_overnight_research', 'add', '.']' returned non-zero exit status 128.
[2026-05-02T03:25:24Z] [INFO] 
📊 CYCLE #5 SUMMARY
[2026-05-02T03:25:24Z] [INFO] ✅ Successful tasks: 7/7
[2026-05-02T03:25:24Z] [INFO] ⏱️  Cycle duration: 61.58s
[2026-05-02T03:25:24Z] [INFO]    ⚠️ task: result
[2026-05-02T03:25:24Z] [INFO]    ⚠️ task: result
[2026-05-02T03:25:24Z] [INFO]    ⚠️ task: result
[2026-05-02T03:25:24Z] [INFO]    ⚠️ task: result
[2026-05-02T03:25:24Z] [INFO]    ⚠️ task: result
[2026-05-02T03:25:24Z] [INFO]    ⚠️ task: result
[2026-05-02T03:25:24Z] [INFO]    ⚠️ task: result
[2026-05-02T03:25:24Z] [HEADER] ================================================================================
[2026-05-02T03:25:24Z] [INFO] 🔄 OVERNIGHT RESEARCH PIPELINE - CYCLE #6
[2026-05-02T03:25:24Z] [INFO] ================================================================================
[2026-05-02T03:25:24Z] [HEADER] ============================================================
[2026-05-02T03:25:24Z] [INFO] 🌙 STARTING OVERNIGHT RESEARCH CYCLE #6
[2026-05-02T03:25:24Z] [INFO] 🔍 Running overnight research protocol (web scraping + cross-symbol analysis)...
[2026-05-02T03:25:24Z] [INFO] 📊 Cycle duration: 0.10s, Files generated: 0
[2026-05-02T03:25:24Z] [WARNING] ⚠️ Database not initialized for cycle counting
[2026-05-02T03:25:24Z] [INFO] 💾 Database updated with cycle results
[2026-05-02T03:25:24Z] [SECTION] ============================================================
[2026-05-02T03:25:24Z] [INFO] 🔮 PHASE: HIDDEN LAYERING DETECTION
[2026-05-02T03:25:24Z] [INFO] 🔗 Hidden layering detection complete. Connections identified: 2
[2026-05-02T03:25:24Z] [SECTION] ============================================================
[2026-05-02T03:25:24Z] [INFO] 🔬 PHASE: DOMAIN CORRELATION ANALYSIS
[2026-05-02T03:25:24Z] [INFO] 📊 Domain correlation matrices created: 1
[2026-05-02T03:25:24Z] [SECTION] ============================================================
[2026-05-02T03:25:24Z] [INFO] 🖼️  PHASE: IMAGE-SEED ANALYSIS
[2026-05-02T03:25:24Z] [INFO] 📂 Image seed analysis bootstrapping from 5 images...
[2026-05-02T03:25:24Z] [SECTION] ============================================================
[2026-05-02T03:25:24Z] [INFO] 📤 PHASE: PUSH COMPONENTS TO TOLARIA
[2026-05-02T03:25:25Z] [INFO] 📦 Components pushed to Tolaria: 5
[2026-05-02T03:25:25Z] [SECTION] ============================================================
[2026-05-02T03:25:25Z] [INFO] 🧩 PHASE: COMPOSER - DOMAIN INTEGRATION SYNTHESIS
[2026-05-02T03:25:36Z] [INFO] 🎨 Domain integrations synthesized: 0
[2026-05-02T03:25:36Z] [SECTION] ============================================================
[2026-05-02T03:25:36Z] [INFO] 🚀 PHASE: ADVANCED OVERNIGHT LOOP
[2026-05-02T03:26:17Z] [INFO] 🔬 Advanced loop completed cycles: 0
[2026-05-02T03:26:17Z] [WARNING] ⚠️  Git commit skipped or failed (git not initialized?): Command '['git', '-C', '/home/avalonas/.hermes/gematria/unified_overnight_research', 'add', '.']' returned non-zero exit status 128.
[2026-05-02T03:26:17Z] [INFO] 
📊 CYCLE #6 SUMMARY
[2026-05-02T03:26:17Z] [INFO] ✅ Successful tasks: 7/7
[2026-05-02T03:26:17Z] [INFO] ⏱️  Cycle duration: 53.70s
[2026-05-02T03:26:17Z] [INFO]    ⚠️ task: result
[2026-05-02T03:26:17Z] [INFO]    ⚠️ task: result
[2026-05-02T03:26:17Z] [INFO]    ⚠️ task: result
[2026-05-02T03:26:17Z] [INFO]    ⚠️ task: result
[2026-05-02T03:26:17Z] [INFO]    ⚠️ task: result
[2026-05-02T03:26:17Z] [INFO]    ⚠️ task: result
[2026-05-02T03:26:17Z] [INFO]    ⚠️ task: result
[2026-05-02T03:26:17Z] [HEADER] ================================================================================
[2026-05-02T03:26:17Z] [INFO] 🔄 OVERNIGHT RESEARCH PIPELINE - CYCLE #7
[2026-05-02T03:26:17Z] [INFO] ================================================================================
[2026-05-02T03:26:17Z] [HEADER] ============================================================
[2026-05-02T03:26:17Z] [INFO] 🌙 STARTING OVERNIGHT RESEARCH CYCLE #7
[2026-05-02T03:26:17Z] [INFO] 🔍 Running overnight research protocol (web scraping + cross-symbol analysis)...
[2026-05-02T03:26:17Z] [INFO] 📊 Cycle duration: 0.10s, Files generated: 0
[2026-05-02T03:26:17Z] [WARNING] ⚠️ Database not initialized for cycle counting
[2026-05-02T03:26:17Z] [INFO] 💾 Database updated with cycle results
[2026-05-02T03:26:17Z] [SECTION] ============================================================
[2026-05-02T03:26:17Z] [INFO] 🔮 PHASE: HIDDEN LAYERING DETECTION
[2026-05-02T03:26:17Z] [INFO] 🔗 Hidden layering detection complete. Connections identified: 2
[2026-05-02T03:26:17Z] [SECTION] ============================================================
[2026-05-02T03:26:17Z] [INFO] 🔬 PHASE: DOMAIN CORRELATION ANALYSIS
[2026-05-02T03:26:17Z] [INFO] 📊 Domain correlation matrices created: 1
[2026-05-02T03:26:17Z] [SECTION] ============================================================
[2026-05-02T03:26:17Z] [INFO] 🖼️  PHASE: IMAGE-SEED ANALYSIS
[2026-05-02T03:26:17Z] [INFO] 📂 Image seed analysis bootstrapping from 5 images...
[2026-05-02T03:26:17Z] [SECTION] ============================================================
[2026-05-02T03:26:17Z] [INFO] 📤 PHASE: PUSH COMPONENTS TO TOLARIA
[2026-05-02T03:26:18Z] [INFO] 📦 Components pushed to Tolaria: 5
[2026-05-02T03:26:18Z] [SECTION] ============================================================
[2026-05-02T03:26:18Z] [INFO] 🧩 PHASE: COMPOSER - DOMAIN INTEGRATION SYNTHESIS
[2026-05-02T03:26:37Z] [INFO] 🎨 Domain integrations synthesized: 0
[2026-05-02T03:26:37Z] [SECTION] ============================================================
[2026-05-02T03:26:37Z] [INFO] 🚀 PHASE: ADVANCED OVERNIGHT LOOP
[2026-05-02T03:27:23Z] [INFO] 🔬 Advanced loop completed cycles: 0
[2026-05-02T03:27:23Z] [WARNING] ⚠️  Git commit skipped or failed (git not initialized?): Command '['git', '-C', '/home/avalonas/.hermes/gematria/unified_overnight_research', 'add', '.']' returned non-zero exit status 128.
[2026-05-02T03:27:23Z] [INFO] 
📊 CYCLE #7 SUMMARY
[2026-05-02T03:27:23Z] [INFO] ✅ Successful tasks: 7/7
[2026-05-02T03:27:23Z] [INFO] ⏱️  Cycle duration: 65.46s
[2026-05-02T03:27:23Z] [INFO]    ⚠️ task: result
[2026-05-02T03:27:23Z] [INFO]    ⚠️ task: result
[2026-05-02T03:27:23Z] [INFO]    ⚠️ task: result
[2026-05-02T03:27:23Z] [INFO]    ⚠️ task: result
[2026-05-02T03:27:23Z] [INFO]    ⚠️ task: result
[2026-05-02T03:27:23Z] [INFO]    ⚠️ task: result
[2026-05-02T03:27:23Z] [INFO]    ⚠️ task: result
[2026-05-02T03:27:23Z] [HEADER] ================================================================================
[2026-05-02T03:27:23Z] [INFO] 🔄 OVERNIGHT RESEARCH PIPELINE - CYCLE #8
[2026-05-02T03:27:23Z] [INFO] ================================================================================
[2026-05-02T03:27:23Z] [HEADER] ============================================================
[2026-05-02T03:27:23Z] [INFO] 🌙 STARTING OVERNIGHT RESEARCH CYCLE #8
[2026-05-02T03:27:23Z] [INFO] 🔍 Running overnight research protocol (web scraping + cross-symbol analysis)...
[2026-05-02T03:27:23Z] [INFO] 📊 Cycle duration: 0.12s, Files generated: 0
[2026-05-02T03:27:23Z] [WARNING] ⚠️ Database not initialized for cycle counting
[2026-05-02T03:27:23Z] [INFO] 💾 Database updated with cycle results
[2026-05-02T03:27:23Z] [SECTION] ============================================================
[2026-05-02T03:27:23Z] [INFO] 🔮 PHASE: HIDDEN LAYERING DETECTION
[2026-05-02T03:27:23Z] [INFO] 🔗 Hidden layering detection complete. Connections identified: 2
[2026-05-02T03:27:23Z] [SECTION] ============================================================
[2026-05-02T03:27:23Z] [INFO] 🔬 PHASE: DOMAIN CORRELATION ANALYSIS
[2026-05-02T03:27:23Z] [INFO] 📊 Domain correlation matrices created: 1
[2026-05-02T03:27:23Z] [SECTION] ============================================================
[2026-05-02T03:27:23Z] [INFO] 🖼️  PHASE: IMAGE-SEED ANALYSIS
[2026-05-02T03:27:23Z] [INFO] 📂 Image seed analysis bootstrapping from 5 images...
[2026-05-02T03:27:23Z] [SECTION] ============================================================
[2026-05-02T03:27:23Z] [INFO] 📤 PHASE: PUSH COMPONENTS TO TOLARIA
[2026-05-02T03:27:24Z] [INFO] 📦 Components pushed to Tolaria: 5
[2026-05-02T03:27:24Z] [SECTION] ============================================================
[2026-05-02T03:27:24Z] [INFO] 🧩 PHASE: COMPOSER - DOMAIN INTEGRATION SYNTHESIS
[2026-05-02T03:27:39Z] [INFO] 🎨 Domain integrations synthesized: 0
[2026-05-02T03:27:39Z] [SECTION] ============================================================
[2026-05-02T03:27:39Z] [INFO] 🚀 PHASE: ADVANCED OVERNIGHT LOOP
[2026-05-02T03:28:21Z] [INFO] 🔬 Advanced loop completed cycles: 0
[2026-05-02T03:28:21Z] [WARNING] ⚠️  Git commit skipped or failed (git not initialized?): Command '['git', '-C', '/home/avalonas/.hermes/gematria/unified_overnight_research', 'add', '.']' returned non-zero exit status 128.
[2026-05-02T03:28:21Z] [INFO] 
📊 CYCLE #8 SUMMARY
[2026-05-02T03:28:21Z] [INFO] ✅ Successful tasks: 7/7
[2026-05-02T03:28:21Z] [INFO] ⏱️  Cycle duration: 57.96s
[2026-05-02T03:28:21Z] [INFO]    ⚠️ task: result
[2026-05-02T03:28:21Z] [INFO]    ⚠️ task: result
[2026-05-02T03:28:21Z] [INFO]    ⚠️ task: result
[2026-05-02T03:28:21Z] [INFO]    ⚠️ task: result
[2026-05-02T03:28:21Z] [INFO]    ⚠️ task: result
[2026-05-02T03:28:21Z] [INFO]    ⚠️ task: result
[2026-05-02T03:28:21Z] [INFO]    ⚠️ task: result
[2026-05-02T03:28:21Z] [HEADER] ================================================================================
[2026-05-02T03:28:21Z] [INFO] 🔄 OVERNIGHT RESEARCH PIPELINE - CYCLE #9
[2026-05-02T03:28:21Z] [INFO] ================================================================================
[2026-05-02T03:28:21Z] [HEADER] ============================================================
[2026-05-02T03:28:21Z] [INFO] 🌙 STARTING OVERNIGHT RESEARCH CYCLE #9
[2026-05-02T03:28:21Z] [INFO] 🔍 Running overnight research protocol (web scraping + cross-symbol analysis)...
[2026-05-02T03:28:21Z] [INFO] 📊 Cycle duration: 0.19s, Files generated: 0
[2026-05-02T03:28:21Z] [WARNING] ⚠️ Database not initialized for cycle counting
[2026-05-02T03:28:21Z] [INFO] 💾 Database updated with cycle results
[2026-05-02T03:28:21Z] [SECTION] ============================================================
[2026-05-02T03:28:21Z] [INFO] 🔮 PHASE: HIDDEN LAYERING DETECTION
[2026-05-02T03:28:21Z] [INFO] 🔗 Hidden layering detection complete. Connections identified: 2
[2026-05-02T03:28:21Z] [SECTION] ============================================================
[2026-05-02T03:28:21Z] [INFO] 🔬 PHASE: DOMAIN CORRELATION ANALYSIS
[2026-05-02T03:28:21Z] [INFO] 📊 Domain correlation matrices created: 1
[2026-05-02T03:28:21Z] [SECTION] ============================================================
[2026-05-02T03:28:21Z] [INFO] 🖼️  PHASE: IMAGE-SEED ANALYSIS
[2026-05-02T03:28:21Z] [INFO] 📂 Image seed analysis bootstrapping from 5 images...
[2026-05-02T03:28:21Z] [SECTION] ============================================================
[2026-05-02T03:28:21Z] [INFO] 📤 PHASE: PUSH COMPONENTS TO TOLARIA
[2026-05-02T03:28:22Z] [INFO] 📦 Components pushed to Tolaria: 5
[2026-05-02T03:28:22Z] [SECTION] ============================================================
[2026-05-02T03:28:22Z] [INFO] 🧩 PHASE: COMPOSER - DOMAIN INTEGRATION SYNTHESIS
[2026-05-02T03:28:40Z] [INFO] 🎨 Domain integrations synthesized: 0
[2026-05-02T03:28:40Z] [SECTION] ============================================================
[2026-05-02T03:28:40Z] [INFO] 🚀 PHASE: ADVANCED OVERNIGHT LOOP
[2026-05-02T03:29:26Z] [INFO] 🔬 Advanced loop completed cycles: 0
[2026-05-02T03:29:26Z] [WARNING] ⚠️  Git commit skipped or failed (git not initialized?): Command '['git', '-C', '/home/avalonas/.hermes/gematria/unified_overnight_research', 'add', '.']' returned non-zero exit status 128.
[2026-05-02T03:29:26Z] [INFO] 
📊 CYCLE #9 SUMMARY
[2026-05-02T03:29:26Z] [INFO] ✅ Successful tasks: 7/7
[2026-05-02T03:29:26Z] [INFO] ⏱️  Cycle duration: 65.78s
[2026-05-02T03:29:26Z] [INFO]    ⚠️ task: result
[2026-05-02T03:29:26Z] [INFO]    ⚠️ task: result
[2026-05-02T03:29:26Z] [INFO]    ⚠️ task: result
[2026-05-02T03:29:26Z] [INFO]    ⚠️ task: result
[2026-05-02T03:29:26Z] [INFO]    ⚠️ task: result
[2026-05-02T03:29:26Z] [INFO]    ⚠️ task: result
[2026-05-02T03:29:26Z] [INFO]    ⚠️ task: result
[2026-05-02T03:29:26Z] [HEADER] ================================================================================
[2026-05-02T03:29:26Z] [INFO] 🔄 OVERNIGHT RESEARCH PIPELINE - CYCLE #10
[2026-05-02T03:29:26Z] [INFO] ================================================================================
[2026-05-02T03:29:26Z] [HEADER] ============================================================
[2026-05-02T03:29:26Z] [INFO] 🌙 STARTING OVERNIGHT RESEARCH CYCLE #10
[2026-05-02T03:29:26Z] [INFO] 🔍 Running overnight research protocol (web scraping + cross-symbol analysis)...
[2026-05-02T03:29:27Z] [INFO] 📊 Cycle duration: 0.10s, Files generated: 0
[2026-05-02T03:29:27Z] [WARNING] ⚠️ Database not initialized for cycle counting
[2026-05-02T03:29:27Z] [INFO] 💾 Database updated with cycle results
[2026-05-02T03:29:27Z] [SECTION] ============================================================
[2026-05-02T03:29:27Z] [INFO] 🔮 PHASE: HIDDEN LAYERING DETECTION
[2026-05-02T03:29:27Z] [INFO] 🔗 Hidden layering detection complete. Connections identified: 2
[2026-05-02T03:29:27Z] [SECTION] ============================================================
[2026-05-02T03:29:27Z] [INFO] 🔬 PHASE: DOMAIN CORRELATION ANALYSIS
[2026-05-02T03:29:27Z] [INFO] 📊 Domain correlation matrices created: 1
[2026-05-02T03:29:27Z] [SECTION] ============================================================
[2026-05-02T03:29:27Z] [INFO] 🖼️  PHASE: IMAGE-SEED ANALYSIS
[2026-05-02T03:29:27Z] [INFO] 📂 Image seed analysis bootstrapping from 5 images...
[2026-05-02T03:29:27Z] [SECTION] ============================================================
[2026-05-02T03:29:27Z] [INFO] 📤 PHASE: PUSH COMPONENTS TO TOLARIA
[2026-05-02T03:29:28Z] [INFO] 📦 Components pushed to Tolaria: 5
[2026-05-02T03:29:28Z] [SECTION] ============================================================
[2026-05-02T03:29:28Z] [INFO] 🧩 PHASE: COMPOSER - DOMAIN INTEGRATION SYNTHESIS
[2026-05-02T03:29:46Z] [INFO] 🎨 Domain integrations synthesized: 0
[2026-05-02T03:29:46Z] [SECTION] ============================================================
[2026-05-02T03:29:46Z] [INFO] 🚀 PHASE: ADVANCED OVERNIGHT LOOP
[2026-05-02T03:30:36Z] [INFO] 🔬 Advanced loop completed cycles: 0
[2026-05-02T03:30:36Z] [WARNING] ⚠️  Git commit skipped or failed (git not initialized?): Command '['git', '-C', '/home/avalonas/.hermes/gematria/unified_overnight_research', 'add', '.']' returned non-zero exit status 128.
[2026-05-02T03:30:36Z] [INFO] 
📊 CYCLE #10 SUMMARY
[2026-05-02T03:30:36Z] [INFO] ✅ Successful tasks: 7/7
[2026-05-02T03:30:36Z] [INFO] ⏱️  Cycle duration: 69.56s
[2026-05-02T03:30:36Z] [INFO]    ⚠️ task: result
[2026-05-02T03:30:36Z] [INFO]    ⚠️ task: result
[2026-05-02T03:30:36Z] [INFO]    ⚠️ task: result
[2026-05-02T03:30:36Z] [INFO]    ⚠️ task: result
[2026-05-02T03:30:36Z] [INFO]    ⚠️ task: result
[2026-05-02T03:30:36Z] [INFO]    ⚠️ task: result
[2026-05-02T03:30:36Z] [INFO]    ⚠️ task: result
[2026-05-02T03:30:36Z] [HEADER] ================================================================================
[2026-05-02T03:30:36Z] [INFO] 🔄 OVERNIGHT RESEARCH PIPELINE - CYCLE #11
[2026-05-02T03:30:36Z] [INFO] ================================================================================
[2026-05-02T03:30:36Z] [HEADER] ============================================================
[2026-05-02T03:30:36Z] [INFO] 🌙 STARTING OVERNIGHT RESEARCH CYCLE #11
[2026-05-02T03:30:36Z] [INFO] 🔍 Running overnight research protocol (web scraping + cross-symbol analysis)...
[2026-05-02T03:30:36Z] [INFO] 📊 Cycle duration: 0.12s, Files generated: 0
[2026-05-02T03:30:36Z] [WARNING] ⚠️ Database not initialized for cycle counting
[2026-05-02T03:30:36Z] [INFO] 💾 Database updated with cycle results
[2026-05-02T03:30:36Z] [SECTION] ============================================================
[2026-05-02T03:30:36Z] [INFO] 🔮 PHASE: HIDDEN LAYERING DETECTION
[2026-05-02T03:30:36Z] [INFO] 🔗 Hidden layering detection complete. Connections identified: 2
[2026-05-02T03:30:36Z] [SECTION] ============================================================
[2026-05-02T03:30:36Z] [INFO] 🔬 PHASE: DOMAIN CORRELATION ANALYSIS
[2026-05-02T03:30:36Z] [INFO] 📊 Domain correlation matrices created: 1
[2026-05-02T03:30:36Z] [SECTION] ============================================================
[2026-05-02T03:30:36Z] [INFO] 🖼️  PHASE: IMAGE-SEED ANALYSIS
[2026-05-02T03:30:36Z] [INFO] 📂 Image seed analysis bootstrapping from 5 images...
[2026-05-02T03:30:36Z] [SECTION] ============================================================
[2026-05-02T03:30:36Z] [INFO] 📤 PHASE: PUSH COMPONENTS TO TOLARIA
[2026-05-02T03:30:37Z] [INFO] 📦 Components pushed to Tolaria: 5
[2026-05-02T03:30:37Z] [SECTION] ============================================================
[2026-05-02T03:30:37Z] [INFO] 🧩 PHASE: COMPOSER - DOMAIN INTEGRATION SYNTHESIS
[2026-05-02T03:30:52Z] [INFO] 🎨 Domain integrations synthesized: 0
[2026-05-02T03:30:52Z] [SECTION] ============================================================
[2026-05-02T03:30:52Z] [INFO] 🚀 PHASE: ADVANCED OVERNIGHT LOOP
[2026-05-02T03:31:41Z] [INFO] 🔬 Advanced loop completed cycles: 0
[2026-05-02T03:31:41Z] [WARNING] ⚠️  Git commit skipped or failed (git not initialized?): Command '['git', '-C', '/home/avalonas/.hermes/gematria/unified_overnight_research', 'add', '.']' returned non-zero exit status 128.
[2026-05-02T03:31:41Z] [INFO] 
📊 CYCLE #11 SUMMARY
[2026-05-02T03:31:41Z] [INFO] ✅ Successful tasks: 7/7
[2026-05-02T03:31:41Z] [INFO] ⏱️  Cycle duration: 65.00s
[2026-05-02T03:31:41Z] [INFO]    ⚠️ task: result
[2026-05-02T03:31:41Z] [INFO]    ⚠️ task: result
[2026-05-02T03:31:41Z] [INFO]    ⚠️ task: result
[2026-05-02T03:31:41Z] [INFO]    ⚠️ task: result
[2026-05-02T03:31:41Z] [INFO]    ⚠️ task: result
[2026-05-02T03:31:41Z] [INFO]    ⚠️ task: result
[2026-05-02T03:31:41Z] [INFO]    ⚠️ task: result
[2026-05-02T03:31:41Z] [HEADER] ================================================================================
[2026-05-02T03:31:41Z] [INFO] 🔄 OVERNIGHT RESEARCH PIPELINE - CYCLE #12
[2026-05-02T03:31:41Z] [INFO] ================================================================================
[2026-05-02T03:31:41Z] [HEADER] ============================================================
[2026-05-02T03:31:41Z] [INFO] 🌙 STARTING OVERNIGHT RESEARCH CYCLE #12
[2026-05-02T03:31:41Z] [INFO] 🔍 Running overnight research protocol (web scraping + cross-symbol analysis)...
[2026-05-02T03:31:41Z] [INFO] 📊 Cycle duration: 0.11s, Files generated: 0
[2026-05-02T03:31:41Z] [WARNING] ⚠️ Database not initialized for cycle counting
[2026-05-02T03:31:41Z] [INFO] 💾 Database updated with cycle results
[2026-05-02T03:31:41Z] [SECTION] ============================================================
[2026-05-02T03:31:41Z] [INFO] 🔮 PHASE: HIDDEN LAYERING DETECTION
[2026-05-02T03:31:41Z] [INFO] 🔗 Hidden layering detection complete. Connections identified: 2
[2026-05-02T03:31:41Z] [SECTION] ============================================================
[2026-05-02T03:31:41Z] [INFO] 🔬 PHASE: DOMAIN CORRELATION ANALYSIS
[2026-05-02T03:31:41Z] [INFO] 📊 Domain correlation matrices created: 1
[2026-05-02T03:31:41Z] [SECTION] ============================================================
[2026-05-02T03:31:41Z] [INFO] 🖼️  PHASE: IMAGE-SEED ANALYSIS
[2026-05-02T03:31:41Z] [INFO] 📂 Image seed analysis bootstrapping from 5 images...
[2026-05-02T03:31:41Z] [SECTION] ============================================================
[2026-05-02T03:31:41Z] [INFO] 📤 PHASE: PUSH COMPONENTS TO TOLARIA
[2026-05-02T03:31:42Z] [INFO] 📦 Components pushed to Tolaria: 5
[2026-05-02T03:31:42Z] [SECTION] ============================================================
[2026-05-02T03:31:42Z] [INFO] 🧩 PHASE: COMPOSER - DOMAIN INTEGRATION SYNTHESIS
[2026-05-02T03:31:53Z] [INFO] 🎨 Domain integrations synthesized: 0
[2026-05-02T03:31:53Z] [SECTION] ============================================================
[2026-05-02T03:31:53Z] [INFO] 🚀 PHASE: ADVANCED OVERNIGHT LOOP
[2026-05-02T03:32:31Z] [INFO] 🔬 Advanced loop completed cycles: 0
[2026-05-02T03:32:32Z] [WARNING] ⚠️  Git commit skipped or failed (git not initialized?): Command '['git', '-C', '/home/avalonas/.hermes/gematria/unified_overnight_research', 'add', '.']' returned non-zero exit status 128.
[2026-05-02T03:32:32Z] [INFO] 
📊 CYCLE #12 SUMMARY
[2026-05-02T03:32:32Z] [INFO] ✅ Successful tasks: 7/7
[2026-05-02T03:32:32Z] [INFO] ⏱️  Cycle duration: 50.61s
[2026-05-02T03:32:32Z] [INFO]    ⚠️ task: result
[2026-05-02T03:32:32Z] [INFO]    ⚠️ task: result
[2026-05-02T03:32:32Z] [INFO]    ⚠️ task: result
[2026-05-02T03:32:32Z] [INFO]    ⚠️ task: result
[2026-05-02T03:32:32Z] [INFO]    ⚠️ task: result
[2026-05-02T03:32:32Z] [INFO]    ⚠️ task: result
[2026-05-02T03:32:32Z] [INFO]    ⚠️ task: result
[2026-05-02T03:32:32Z] [HEADER] ================================================================================
[2026-05-02T03:32:32Z] [INFO] 🔄 OVERNIGHT RESEARCH PIPELINE - CYCLE #13
[2026-05-02T03:32:32Z] [INFO] ================================================================================
[2026-05-02T03:32:32Z] [HEADER] ============================================================
[2026-05-02T03:32:32Z] [INFO] 🌙 STARTING OVERNIGHT RESEARCH CYCLE #13
[2026-05-02T03:32:32Z] [INFO] 🔍 Running overnight research protocol (web scraping + cross-symbol analysis)...
[2026-05-02T03:32:32Z] [INFO] 📊 Cycle duration: 0.11s, Files generated: 0
[2026-05-02T03:32:32Z] [WARNING] ⚠️ Database not initialized for cycle counting
[2026-05-02T03:32:32Z] [INFO] 💾 Database updated with cycle results
[2026-05-02T03:32:32Z] [SECTION] ============================================================
[2026-05-02T03:32:32Z] [INFO] 🔮 PHASE: HIDDEN LAYERING DETECTION
[2026-05-02T03:32:32Z] [INFO] 🔗 Hidden layering detection complete. Connections identified: 2
[2026-05-02T03:32:32Z] [SECTION] ============================================================
[2026-05-02T03:32:32Z] [INFO] 🔬 PHASE: DOMAIN CORRELATION ANALYSIS
[2026-05-02T03:32:32Z] [INFO] 📊 Domain correlation matrices created: 1
[2026-05-02T03:32:32Z] [SECTION] ============================================================
[2026-05-02T03:32:32Z] [INFO] 🖼️  PHASE: IMAGE-SEED ANALYSIS
[2026-05-02T03:32:32Z] [INFO] 📂 Image seed analysis bootstrapping from 5 images...
[2026-05-02T03:32:32Z] [SECTION] ============================================================
[2026-05-02T03:32:32Z] [INFO] 📤 PHASE: PUSH COMPONENTS TO TOLARIA
[2026-05-02T03:32:33Z] [INFO] 📦 Components pushed to Tolaria: 5
[2026-05-02T03:32:33Z] [SECTION] ============================================================
[2026-05-02T03:32:33Z] [INFO] 🧩 PHASE: COMPOSER - DOMAIN INTEGRATION SYNTHESIS
[2026-05-02T03:32:50Z] [INFO] 🎨 Domain integrations synthesized: 0
[2026-05-02T03:32:50Z] [SECTION] ============================================================
[2026-05-02T03:32:50Z] [INFO] 🚀 PHASE: ADVANCED OVERNIGHT LOOP
[2026-05-02T03:33:29Z] [INFO] 🔬 Advanced loop completed cycles: 0
[2026-05-02T03:33:29Z] [WARNING] ⚠️  Git commit skipped or failed (git not initialized?): Command '['git', '-C', '/home/avalonas/.hermes/gematria/unified_overnight_research', 'add', '.']' returned non-zero exit status 128.
[2026-05-02T03:33:29Z] [INFO] 
📊 CYCLE #13 SUMMARY
[2026-05-02T03:33:29Z] [INFO] ✅ Successful tasks: 7/7
[2026-05-02T03:33:29Z] [INFO] ⏱️  Cycle duration: 57.36s
[2026-05-02T03:33:29Z] [INFO]    ⚠️ task: result
[2026-05-02T03:33:29Z] [INFO]    ⚠️ task: result
[2026-05-02T03:33:29Z] [INFO]    ⚠️ task: result
[2026-05-02T03:33:29Z] [INFO]    ⚠️ task: result
[2026-05-02T03:33:29Z] [INFO]    ⚠️ task: result
[2026-05-02T03:33:29Z] [INFO]    ⚠️ task: result
[2026-05-02T03:33:29Z] [INFO]    ⚠️ task: result
[2026-05-02T03:33:29Z] [HEADER] ================================================================================
[2026-05-02T03:33:29Z] [INFO] 🔄 OVERNIGHT RESEARCH PIPELINE - CYCLE #14
[2026-05-02T03:33:29Z] [INFO] ================================================================================
[2026-05-02T03:33:29Z] [HEADER] ============================================================
[2026-05-02T03:33:29Z] [INFO] 🌙 STARTING OVERNIGHT RESEARCH CYCLE #14
[2026-05-02T03:33:29Z] [INFO] 🔍 Running overnight research protocol (web scraping + cross-symbol analysis)...
[2026-05-02T03:33:29Z] [INFO] 📊 Cycle duration: 0.12s, Files generated: 0
[2026-05-02T03:33:29Z] [WARNING] ⚠️ Database not initialized for cycle counting
[2026-05-02T03:33:29Z] [INFO] 💾 Database updated with cycle results
[2026-05-02T03:33:29Z] [SECTION] ============================================================
[2026-05-02T03:33:29Z] [INFO] 🔮 PHASE: HIDDEN LAYERING DETECTION
[2026-05-02T03:33:29Z] [INFO] 🔗 Hidden layering detection complete. Connections identified: 2
[2026-05-02T03:33:29Z] [SECTION] ============================================================
[2026-05-02T03:33:29Z] [INFO] 🔬 PHASE: DOMAIN CORRELATION ANALYSIS
[2026-05-02T03:33:29Z] [INFO] 📊 Domain correlation matrices created: 1
[2026-05-02T03:33:29Z] [SECTION] ============================================================
[2026-05-02T03:33:29Z] [INFO] 🖼️  PHASE: IMAGE-SEED ANALYSIS
[2026-05-02T03:33:29Z] [INFO] 📂 Image seed analysis bootstrapping from 5 images...
[2026-05-02T03:33:29Z] [SECTION] ============================================================
[2026-05-02T03:33:29Z] [INFO] 📤 PHASE: PUSH COMPONENTS TO TOLARIA
[2026-05-02T03:33:30Z] [INFO] 📦 Components pushed to Tolaria: 5
[2026-05-02T03:33:30Z] [SECTION] ============================================================
[2026-05-02T03:33:30Z] [INFO] 🧩 PHASE: COMPOSER - DOMAIN INTEGRATION SYNTHESIS
[2026-05-02T03:33:47Z] [INFO] 🎨 Domain integrations synthesized: 0
[2026-05-02T03:33:47Z] [SECTION] ============================================================
[2026-05-02T03:33:47Z] [INFO] 🚀 PHASE: ADVANCED OVERNIGHT LOOP
[2026-05-02T03:34:30Z] [INFO] 🔬 Advanced loop completed cycles: 0
[2026-05-02T03:34:31Z] [WARNING] ⚠️  Git commit skipped or failed (git not initialized?): Command '['git', '-C', '/home/avalonas/.hermes/gematria/unified_overnight_research', 'add', '.']' returned non-zero exit status 128.
[2026-05-02T03:34:31Z] [INFO] 
📊 CYCLE #14 SUMMARY
[2026-05-02T03:34:31Z] [INFO] ✅ Successful tasks: 7/7
[2026-05-02T03:34:31Z] [INFO] ⏱️  Cycle duration: 61.68s
[2026-05-02T03:34:31Z] [INFO]    ⚠️ task: result
[2026-05-02T03:34:31Z] [INFO]    ⚠️ task: result
[2026-05-02T03:34:31Z] [INFO]    ⚠️ task: result
[2026-05-02T03:34:31Z] [INFO]    ⚠️ task: result
[2026-05-02T03:34:31Z] [INFO]    ⚠️ task: result
[2026-05-02T03:34:31Z] [INFO]    ⚠️ task: result
[2026-05-02T03:34:31Z] [INFO]    ⚠️ task: result
[2026-05-02T03:34:31Z] [HEADER] ================================================================================
[2026-05-02T03:34:31Z] [INFO] 🔄 OVERNIGHT RESEARCH PIPELINE - CYCLE #15
[2026-05-02T03:34:31Z] [INFO] ================================================================================
[2026-05-02T03:34:31Z] [HEADER] ============================================================
[2026-05-02T03:34:31Z] [INFO] 🌙 STARTING OVERNIGHT RESEARCH CYCLE #15
[2026-05-02T03:34:31Z] [INFO] 🔍 Running overnight research protocol (web scraping + cross-symbol analysis)...
[2026-05-02T03:34:31Z] [INFO] 📊 Cycle duration: 0.12s, Files generated: 0
[2026-05-02T03:34:31Z] [WARNING] ⚠️ Database not initialized for cycle counting
[2026-05-02T03:34:31Z] [INFO] 💾 Database updated with cycle results
[2026-05-02T03:34:31Z] [SECTION] ============================================================
[2026-05-02T03:34:31Z] [INFO] 🔮 PHASE: HIDDEN LAYERING DETECTION
[2026-05-02T03:34:31Z] [INFO] 🔗 Hidden layering detection complete. Connections identified: 2
[2026-05-02T03:34:31Z] [SECTION] ============================================================
[2026-05-02T03:34:31Z] [INFO] 🔬 PHASE: DOMAIN CORRELATION ANALYSIS
[2026-05-02T03:34:31Z] [INFO] 📊 Domain correlation matrices created: 1
[2026-05-02T03:34:31Z] [SECTION] ============================================================
[2026-05-02T03:34:31Z] [INFO] 🖼️  PHASE: IMAGE-SEED ANALYSIS
[2026-05-02T03:34:31Z] [INFO] 📂 Image seed analysis bootstrapping from 5 images...
[2026-05-02T03:34:31Z] [SECTION] ============================================================
[2026-05-02T03:34:31Z] [INFO] 📤 PHASE: PUSH COMPONENTS TO TOLARIA
[2026-05-02T03:34:32Z] [INFO] 📦 Components pushed to Tolaria: 5
[2026-05-02T03:34:32Z] [SECTION] ============================================================
[2026-05-02T03:34:32Z] [INFO] 🧩 PHASE: COMPOSER - DOMAIN INTEGRATION SYNTHESIS
[2026-05-02T03:34:43Z] [INFO] 🎨 Domain integrations synthesized: 0
[2026-05-02T03:34:43Z] [SECTION] ============================================================
[2026-05-02T03:34:43Z] [INFO] 🚀 PHASE: ADVANCED OVERNIGHT LOOP
[2026-05-02T03:35:26Z] [INFO] 🔬 Advanced loop completed cycles: 0
[2026-05-02T03:35:27Z] [WARNING] ⚠️  Git commit skipped or failed (git not initialized?): Command '['git', '-C', '/home/avalonas/.hermes/gematria/unified_overnight_research', 'add', '.']' returned non-zero exit status 128.
[2026-05-02T03:35:27Z] [INFO] 
📊 CYCLE #15 SUMMARY
[2026-05-02T03:35:27Z] [INFO] ✅ Successful tasks: 7/7
[2026-05-02T03:35:27Z] [INFO] ⏱️  Cycle duration: 55.93s
[2026-05-02T03:35:27Z] [INFO]    ⚠️ task: result
[2026-05-02T03:35:27Z] [INFO]    ⚠️ task: result
[2026-05-02T03:35:27Z] [INFO]    ⚠️ task: result
[2026-05-02T03:35:27Z] [INFO]    ⚠️ task: result
[2026-05-02T03:35:27Z] [INFO]    ⚠️ task: result
[2026-05-02T03:35:27Z] [INFO]    ⚠️ task: result
[2026-05-02T03:35:27Z] [INFO]    ⚠️ task: result
[2026-05-02T03:35:27Z] [HEADER] ================================================================================
[2026-05-02T03:35:27Z] [INFO] 🔄 OVERNIGHT RESEARCH PIPELINE - CYCLE #16
[2026-05-02T03:35:27Z] [INFO] ================================================================================
[2026-05-02T03:35:27Z] [HEADER] ============================================================
[2026-05-02T03:35:27Z] [INFO] 🌙 STARTING OVERNIGHT RESEARCH CYCLE #16
[2026-05-02T03:35:27Z] [INFO] 🔍 Running overnight research protocol (web scraping + cross-symbol analysis)...
[2026-05-02T03:35:27Z] [INFO] 📊 Cycle duration: 0.10s, Files generated: 0
[2026-05-02T03:35:27Z] [WARNING] ⚠️ Database not initialized for cycle counting
[2026-05-02T03:35:27Z] [INFO] 💾 Database updated with cycle results
[2026-05-02T03:35:27Z] [SECTION] ============================================================
[2026-05-02T03:35:27Z] [INFO] 🔮 PHASE: HIDDEN LAYERING DETECTION
[2026-05-02T03:35:27Z] [INFO] 🔗 Hidden layering detection complete. Connections identified: 2
[2026-05-02T03:35:27Z] [SECTION] ============================================================
[2026-05-02T03:35:27Z] [INFO] 🔬 PHASE: DOMAIN CORRELATION ANALYSIS
[2026-05-02T03:35:27Z] [INFO] 📊 Domain correlation matrices created: 1
[2026-05-02T03:35:27Z] [SECTION] ============================================================
[2026-05-02T03:35:27Z] [INFO] 🖼️  PHASE: IMAGE-SEED ANALYSIS
[2026-05-02T03:35:27Z] [INFO] 📂 Image seed analysis bootstrapping from 5 images...
[2026-05-02T03:35:27Z] [SECTION] ============================================================
[2026-05-02T03:35:27Z] [INFO] 📤 PHASE: PUSH COMPONENTS TO TOLARIA
[2026-05-02T03:35:28Z] [INFO] 📦 Components pushed to Tolaria: 5
[2026-05-02T03:35:28Z] [SECTION] ============================================================
[2026-05-02T03:35:28Z] [INFO] 🧩 PHASE: COMPOSER - DOMAIN INTEGRATION SYNTHESIS
[2026-05-02T03:35:38Z] [INFO] 🎨 Domain integrations synthesized: 0
[2026-05-02T03:35:38Z] [SECTION] ============================================================
[2026-05-02T03:35:38Z] [INFO] 🚀 PHASE: ADVANCED OVERNIGHT LOOP
[2026-05-02T03:36:18Z] [INFO] 🔬 Advanced loop completed cycles: 0
[2026-05-02T03:36:18Z] [WARNING] ⚠️  Git commit skipped or failed (git not initialized?): Command '['git', '-C', '/home/avalonas/.hermes/gematria/unified_overnight_research', 'add', '.']' returned non-zero exit status 128.
[2026-05-02T03:36:18Z] [INFO] 
📊 CYCLE #16 SUMMARY
[2026-05-02T03:36:18Z] [INFO] ✅ Successful tasks: 7/7
[2026-05-02T03:36:18Z] [INFO] ⏱️  Cycle duration: 51.32s
[2026-05-02T03:36:18Z] [INFO]    ⚠️ task: result
[2026-05-02T03:36:18Z] [INFO]    ⚠️ task: result
[2026-05-02T03:36:18Z] [INFO]    ⚠️ task: result
[2026-05-02T03:36:18Z] [INFO]    ⚠️ task: result
[2026-05-02T03:36:18Z] [INFO]    ⚠️ task: result
[2026-05-02T03:36:18Z] [INFO]    ⚠️ task: result
[2026-05-02T03:36:18Z] [INFO]    ⚠️ task: result
[2026-05-02T03:36:18Z] [HEADER] ================================================================================
[2026-05-02T03:36:18Z] [INFO] 🔄 OVERNIGHT RESEARCH PIPELINE - CYCLE #17
[2026-05-02T03:36:18Z] [INFO] ================================================================================
[2026-05-02T03:36:18Z] [HEADER] ============================================================
[2026-05-02T03:36:18Z] [INFO] 🌙 STARTING OVERNIGHT RESEARCH CYCLE #17
[2026-05-02T03:36:18Z] [INFO] 🔍 Running overnight research protocol (web scraping + cross-symbol analysis)...
[2026-05-02T03:36:18Z] [INFO] 📊 Cycle duration: 0.10s, Files generated: 0
[2026-05-02T03:36:18Z] [WARNING] ⚠️ Database not initialized for cycle counting
[2026-05-02T03:36:18Z] [INFO] 💾 Database updated with cycle results
[2026-05-02T03:36:18Z] [SECTION] ============================================================
[2026-05-02T03:36:18Z] [INFO] 🔮 PHASE: HIDDEN LAYERING DETECTION
[2026-05-02T03:36:18Z] [INFO] 🔗 Hidden layering detection complete. Connections identified: 2
[2026-05-02T03:36:18Z] [SECTION] ============================================================
[2026-05-02T03:36:18Z] [INFO] 🔬 PHASE: DOMAIN CORRELATION ANALYSIS
[2026-05-02T03:36:18Z] [INFO] 📊 Domain correlation matrices created: 1
[2026-05-02T03:36:18Z] [SECTION] ============================================================
[2026-05-02T03:36:18Z] [INFO] 🖼️  PHASE: IMAGE-SEED ANALYSIS
[2026-05-02T03:36:18Z] [INFO] 📂 Image seed analysis bootstrapping from 5 images...
[2026-05-02T03:36:18Z] [SECTION] ============================================================
[2026-05-02T03:36:18Z] [INFO] 📤 PHASE: PUSH COMPONENTS TO TOLARIA
[2026-05-02T03:36:19Z] [INFO] 📦 Components pushed to Tolaria: 5
[2026-05-02T03:36:19Z] [SECTION] ============================================================
[2026-05-02T03:36:19Z] [INFO] 🧩 PHASE: COMPOSER - DOMAIN INTEGRATION SYNTHESIS
[2026-05-02T03:36:40Z] [INFO] 🎨 Domain integrations synthesized: 0
[2026-05-02T03:36:40Z] [SECTION] ============================================================
[2026-05-02T03:36:40Z] [INFO] 🚀 PHASE: ADVANCED OVERNIGHT LOOP
[2026-05-02T03:37:47Z] [INFO] 🔬 Advanced loop completed cycles: 0
[2026-05-02T03:37:47Z] [WARNING] ⚠️  Git commit skipped or failed (git not initialized?): Command '['git', '-C', '/home/avalonas/.hermes/gematria/unified_overnight_research', 'add', '.']' returned non-zero exit status 128.
[2026-05-02T03:37:47Z] [INFO] 
📊 CYCLE #17 SUMMARY
[2026-05-02T03:37:47Z] [INFO] ✅ Successful tasks: 7/7
[2026-05-02T03:37:47Z] [INFO] ⏱️  Cycle duration: 89.15s
[2026-05-02T03:37:47Z] [INFO]    ⚠️ task: result
[2026-05-02T03:37:47Z] [INFO]    ⚠️ task: result
[2026-05-02T03:37:47Z] [INFO]    ⚠️ task: result
[2026-05-02T03:37:47Z] [INFO]    ⚠️ task: result
[2026-05-02T03:37:47Z] [INFO]    ⚠️ task: result
[2026-05-02T03:37:47Z] [INFO]    ⚠️ task: result
[2026-05-02T03:37:47Z] [INFO]    ⚠️ task: result
[2026-05-02T03:37:47Z] [HEADER] ================================================================================
[2026-05-02T03:37:47Z] [INFO] 🔄 OVERNIGHT RESEARCH PIPELINE - CYCLE #18
[2026-05-02T03:37:47Z] [INFO] ================================================================================
[2026-05-02T03:37:47Z] [HEADER] ============================================================
[2026-05-02T03:37:47Z] [INFO] 🌙 STARTING OVERNIGHT RESEARCH CYCLE #18
[2026-05-02T03:37:47Z] [INFO] 🔍 Running overnight research protocol (web scraping + cross-symbol analysis)...
[2026-05-02T03:37:47Z] [INFO] 📊 Cycle duration: 0.10s, Files generated: 0
[2026-05-02T03:37:47Z] [WARNING] ⚠️ Database not initialized for cycle counting
[2026-05-02T03:37:47Z] [INFO] 💾 Database updated with cycle results
[2026-05-02T03:37:47Z] [SECTION] ============================================================
[2026-05-02T03:37:47Z] [INFO] 🔮 PHASE: HIDDEN LAYERING DETECTION
[2026-05-02T03:37:47Z] [INFO] 🔗 Hidden layering detection complete. Connections identified: 2
[2026-05-02T03:37:47Z] [SECTION] ============================================================
[2026-05-02T03:37:47Z] [INFO] 🔬 PHASE: DOMAIN CORRELATION ANALYSIS
[2026-05-02T03:37:47Z] [INFO] 📊 Domain correlation matrices created: 1
[2026-05-02T03:37:47Z] [SECTION] ============================================================
[2026-05-02T03:37:47Z] [INFO] 🖼️  PHASE: IMAGE-SEED ANALYSIS
[2026-05-02T03:37:47Z] [INFO] 📂 Image seed analysis bootstrapping from 5 images...
[2026-05-02T03:37:47Z] [SECTION] ============================================================
[2026-05-02T03:37:47Z] [INFO] 📤 PHASE: PUSH COMPONENTS TO TOLARIA
[2026-05-02T03:37:48Z] [INFO] 📦 Components pushed to Tolaria: 5
[2026-05-02T03:37:48Z] [SECTION] ============================================================
[2026-05-02T03:37:48Z] [INFO] 🧩 PHASE: COMPOSER - DOMAIN INTEGRATION SYNTHESIS
[2026-05-02T03:38:10Z] [INFO] 🎨 Domain integrations synthesized: 0
[2026-05-02T03:38:10Z] [SECTION] ============================================================
[2026-05-02T03:38:10Z] [INFO] 🚀 PHASE: ADVANCED OVERNIGHT LOOP
[2026-05-02T03:39:16Z] [INFO] 🔬 Advanced loop completed cycles: 0
[2026-05-02T03:39:16Z] [WARNING] ⚠️  Git commit skipped or failed (git not initialized?): Command '['git', '-C', '/home/avalonas/.hermes/gematria/unified_overnight_research', 'add', '.']' returned non-zero exit status 128.
[2026-05-02T03:39:16Z] [INFO] 
📊 CYCLE #18 SUMMARY
[2026-05-02T03:39:16Z] [INFO] ✅ Successful tasks: 7/7
[2026-05-02T03:39:16Z] [INFO] ⏱️  Cycle duration: 88.75s
[2026-05-02T03:39:16Z] [INFO]    ⚠️ task: result
[2026-05-02T03:39:16Z] [INFO]    ⚠️ task: result
[2026-05-02T03:39:16Z] [INFO]    ⚠️ task: result
[2026-05-02T03:39:16Z] [INFO]    ⚠️ task: result
[2026-05-02T03:39:16Z] [INFO]    ⚠️ task: result
[2026-05-02T03:39:16Z] [INFO]    ⚠️ task: result
[2026-05-02T03:39:16Z] [INFO]    ⚠️ task: result
[2026-05-02T03:39:16Z] [HEADER] ================================================================================
[2026-05-02T03:39:16Z] [INFO] 🔄 OVERNIGHT RESEARCH PIPELINE - CYCLE #19
[2026-05-02T03:39:16Z] [INFO] ================================================================================
[2026-05-02T03:39:16Z] [HEADER] ============================================================
[2026-05-02T03:39:16Z] [INFO] 🌙 STARTING OVERNIGHT RESEARCH CYCLE #19
[2026-05-02T03:39:16Z] [INFO] 🔍 Running overnight research protocol (web scraping + cross-symbol analysis)...
[2026-05-02T03:39:16Z] [INFO] 📊 Cycle duration: 0.10s, Files generated: 0
[2026-05-02T03:39:16Z] [WARNING] ⚠️ Database not initialized for cycle counting
[2026-05-02T03:39:16Z] [INFO] 💾 Database updated with cycle results
[2026-05-02T03:39:16Z] [SECTION] ============================================================
[2026-05-02T03:39:16Z] [INFO] 🔮 PHASE: HIDDEN LAYERING DETECTION
[2026-05-02T03:39:16Z] [INFO] 🔗 Hidden layering detection complete. Connections identified: 2
[2026-05-02T03:39:16Z] [SECTION] ============================================================
[2026-05-02T03:39:16Z] [INFO] 🔬 PHASE: DOMAIN CORRELATION ANALYSIS
[2026-05-02T03:39:16Z] [INFO] 📊 Domain correlation matrices created: 1
[2026-05-02T03:39:16Z] [SECTION] ============================================================
[2026-05-02T03:39:16Z] [INFO] 🖼️  PHASE: IMAGE-SEED ANALYSIS
[2026-05-02T03:39:16Z] [INFO] 📂 Image seed analysis bootstrapping from 5 images...
[2026-05-02T03:39:16Z] [SECTION] ============================================================
[2026-05-02T03:39:16Z] [INFO] 📤 PHASE: PUSH COMPONENTS TO TOLARIA
[2026-05-02T03:39:17Z] [INFO] 📦 Components pushed to Tolaria: 5
[2026-05-02T03:39:17Z] [SECTION] ============================================================
[2026-05-02T03:39:17Z] [INFO] 🧩 PHASE: COMPOSER - DOMAIN INTEGRATION SYNTHESIS
[2026-05-02T03:39:38Z] [INFO] 🎨 Domain integrations synthesized: 0
[2026-05-02T03:39:38Z] [SECTION] ============================================================
[2026-05-02T03:39:38Z] [INFO] 🚀 PHASE: ADVANCED OVERNIGHT LOOP
[2026-05-02T03:40:47Z] [INFO] 🔬 Advanced loop completed cycles: 0
[2026-05-02T03:40:47Z] [WARNING] ⚠️  Git commit skipped or failed (git not initialized?): Command '['git', '-C', '/home/avalonas/.hermes/gematria/unified_overnight_research', 'add', '.']' returned non-zero exit status 128.
[2026-05-02T03:40:47Z] [INFO] 
📊 CYCLE #19 SUMMARY
[2026-05-02T03:40:47Z] [INFO] ✅ Successful tasks: 7/7
[2026-05-02T03:40:47Z] [INFO] ⏱️  Cycle duration: 91.46s
[2026-05-02T03:40:47Z] [INFO]    ⚠️ task: result
[2026-05-02T03:40:47Z] [INFO]    ⚠️ task: result
[2026-05-02T03:40:47Z] [INFO]    ⚠️ task: result
[2026-05-02T03:40:47Z] [INFO]    ⚠️ task: result
[2026-05-02T03:40:47Z] [INFO]    ⚠️ task: result
[2026-05-02T03:40:47Z] [INFO]    ⚠️ task: result
[2026-05-02T03:40:47Z] [INFO]    ⚠️ task: result
[2026-05-02T03:40:47Z] [HEADER] ================================================================================
[2026-05-02T03:40:47Z] [INFO] 🔄 OVERNIGHT RESEARCH PIPELINE - CYCLE #20
[2026-05-02T03:40:47Z] [INFO] ================================================================================
[2026-05-02T03:40:47Z] [HEADER] ============================================================
[2026-05-02T03:40:47Z] [INFO] 🌙 STARTING OVERNIGHT RESEARCH CYCLE #20
[2026-05-02T03:40:47Z] [INFO] 🔍 Running overnight research protocol (web scraping + cross-symbol analysis)...
[2026-05-02T03:40:47Z] [INFO] 📊 Cycle duration: 0.11s, Files generated: 0
[2026-05-02T03:40:47Z] [WARNING] ⚠️ Database not initialized for cycle counting
[2026-05-02T03:40:47Z] [INFO] 💾 Database updated with cycle results
[2026-05-02T03:40:47Z] [SECTION] ============================================================
[2026-05-02T03:40:47Z] [INFO] 🔮 PHASE: HIDDEN LAYERING DETECTION
[2026-05-02T03:40:47Z] [INFO] 🔗 Hidden layering detection complete. Connections identified: 2
[2026-05-02T03:40:47Z] [SECTION] ============================================================
[2026-05-02T03:40:47Z] [INFO] 🔬 PHASE: DOMAIN CORRELATION ANALYSIS
[2026-05-02T03:40:47Z] [INFO] 📊 Domain correlation matrices created: 1
[2026-05-02T03:40:47Z] [SECTION] ============================================================
[2026-05-02T03:40:47Z] [INFO] 🖼️  PHASE: IMAGE-SEED ANALYSIS
[2026-05-02T03:40:47Z] [INFO] 📂 Image seed analysis bootstrapping from 5 images...
[2026-05-02T03:40:47Z] [SECTION] ============================================================
[2026-05-02T03:40:47Z] [INFO] 📤 PHASE: PUSH COMPONENTS TO TOLARIA
[2026-05-02T03:40:48Z] [INFO] 📦 Components pushed to Tolaria: 5
[2026-05-02T03:40:48Z] [SECTION] ============================================================
[2026-05-02T03:40:48Z] [INFO] 🧩 PHASE: COMPOSER - DOMAIN INTEGRATION SYNTHESIS
[2026-05-02T03:41:10Z] [INFO] 🎨 Domain integrations synthesized: 0
[2026-05-02T03:41:10Z] [SECTION] ============================================================
[2026-05-02T03:41:10Z] [INFO] 🚀 PHASE: ADVANCED OVERNIGHT LOOP
[2026-05-02T03:42:15Z] [INFO] 🔬 Advanced loop completed cycles: 0
[2026-05-02T03:42:15Z] [WARNING] ⚠️  Git commit skipped or failed (git not initialized?): Command '['git', '-C', '/home/avalonas/.hermes/gematria/unified_overnight_research', 'add', '.']' returned non-zero exit status 128.
[2026-05-02T03:42:15Z] [INFO] 
📊 CYCLE #20 SUMMARY
[2026-05-02T03:42:15Z] [INFO] ✅ Successful tasks: 7/7
[2026-05-02T03:42:15Z] [INFO] ⏱️  Cycle duration: 88.04s
[2026-05-02T03:42:15Z] [INFO]    ⚠️ task: result
[2026-05-02T03:42:15Z] [INFO]    ⚠️ task: result
[2026-05-02T03:42:15Z] [INFO]    ⚠️ task: result
[2026-05-02T03:42:15Z] [INFO]    ⚠️ task: result
[2026-05-02T03:42:15Z] [INFO]    ⚠️ task: result
[2026-05-02T03:42:15Z] [INFO]    ⚠️ task: result
[2026-05-02T03:42:15Z] [INFO]    ⚠️ task: result
[2026-05-02T03:42:15Z] [HEADER] ================================================================================
[2026-05-02T03:42:15Z] [INFO] 🔄 OVERNIGHT RESEARCH PIPELINE - CYCLE #21
[2026-05-02T03:42:15Z] [INFO] ================================================================================
[2026-05-02T03:42:15Z] [HEADER] ============================================================
[2026-05-02T03:42:15Z] [INFO] 🌙 STARTING OVERNIGHT RESEARCH CYCLE #21
[2026-05-02T03:42:15Z] [INFO] 🔍 Running overnight research protocol (web scraping + cross-symbol analysis)...
[2026-05-02T03:42:15Z] [INFO] 📊 Cycle duration: 0.11s, Files generated: 0
[2026-05-02T03:42:15Z] [WARNING] ⚠️ Database not initialized for cycle counting
[2026-05-02T03:42:15Z] [INFO] 💾 Database updated with cycle results
[2026-05-02T03:42:15Z] [SECTION] ============================================================
[2026-05-02T03:42:15Z] [INFO] 🔮 PHASE: HIDDEN LAYERING DETECTION
[2026-05-02T03:42:15Z] [INFO] 🔗 Hidden layering detection complete. Connections identified: 2
[2026-05-02T03:42:15Z] [SECTION] ============================================================
[2026-05-02T03:42:15Z] [INFO] 🔬 PHASE: DOMAIN CORRELATION ANALYSIS
[2026-05-02T03:42:15Z] [INFO] 📊 Domain correlation matrices created: 1
[2026-05-02T03:42:15Z] [SECTION] ============================================================
[2026-05-02T03:42:15Z] [INFO] 🖼️  PHASE: IMAGE-SEED ANALYSIS
[2026-05-02T03:42:15Z] [INFO] 📂 Image seed analysis bootstrapping from 5 images...
[2026-05-02T03:42:15Z] [SECTION] ============================================================
[2026-05-02T03:42:15Z] [INFO] 📤 PHASE: PUSH COMPONENTS TO TOLARIA
[2026-05-02T03:42:16Z] [INFO] 📦 Components pushed to Tolaria: 5
[2026-05-02T03:42:16Z] [SECTION] ============================================================
[2026-05-02T03:42:16Z] [INFO] 🧩 PHASE: COMPOSER - DOMAIN INTEGRATION SYNTHESIS
[2026-05-02T03:42:38Z] [INFO] 🎨 Domain integrations synthesized: 0
[2026-05-02T03:42:38Z] [SECTION] ============================================================
[2026-05-02T03:42:38Z] [INFO] 🚀 PHASE: ADVANCED OVERNIGHT LOOP
[2026-05-02T03:43:43Z] [INFO] 🔬 Advanced loop completed cycles: 0
[2026-05-02T03:43:44Z] [WARNING] ⚠️  Git commit skipped or failed (git not initialized?): Command '['git', '-C', '/home/avalonas/.hermes/gematria/unified_overnight_research', 'add', '.']' returned non-zero exit status 128.
[2026-05-02T03:43:44Z] [INFO] 
📊 CYCLE #21 SUMMARY
[2026-05-02T03:43:44Z] [INFO] ✅ Successful tasks: 7/7
[2026-05-02T03:43:44Z] [INFO] ⏱️  Cycle duration: 88.25s
[2026-05-02T03:43:44Z] [INFO]    ⚠️ task: result
[2026-05-02T03:43:44Z] [INFO]    ⚠️ task: result
[2026-05-02T03:43:44Z] [INFO]    ⚠️ task: result
[2026-05-02T03:43:44Z] [INFO]    ⚠️ task: result
[2026-05-02T03:43:44Z] [INFO]    ⚠️ task: result
[2026-05-02T03:43:44Z] [INFO]    ⚠️ task: result
[2026-05-02T03:43:44Z] [INFO]    ⚠️ task: result
[2026-05-02T03:43:44Z] [HEADER] ================================================================================
[2026-05-02T03:43:44Z] [INFO] 🔄 OVERNIGHT RESEARCH PIPELINE - CYCLE #22
[2026-05-02T03:43:44Z] [INFO] ================================================================================
[2026-05-02T03:43:44Z] [HEADER] ============================================================
[2026-05-02T03:43:44Z] [INFO] 🌙 STARTING OVERNIGHT RESEARCH CYCLE #22
[2026-05-02T03:43:44Z] [INFO] 🔍 Running overnight research protocol (web scraping + cross-symbol analysis)...
[2026-05-02T03:43:44Z] [INFO] 📊 Cycle duration: 0.11s, Files generated: 0
[2026-05-02T03:43:44Z] [WARNING] ⚠️ Database not initialized for cycle counting
[2026-05-02T03:43:44Z] [INFO] 💾 Database updated with cycle results
[2026-05-02T03:43:44Z] [SECTION] ============================================================
[2026-05-02T03:43:44Z] [INFO] 🔮 PHASE: HIDDEN LAYERING DETECTION
[2026-05-02T03:43:44Z] [INFO] 🔗 Hidden layering detection complete. Connections identified: 2
[2026-05-02T03:43:44Z] [SECTION] ============================================================
[2026-05-02T03:43:44Z] [INFO] 🔬 PHASE: DOMAIN CORRELATION ANALYSIS
[2026-05-02T03:43:44Z] [INFO] 📊 Domain correlation matrices created: 1
[2026-05-02T03:43:44Z] [SECTION] ============================================================
[2026-05-02T03:43:44Z] [INFO] 🖼️  PHASE: IMAGE-SEED ANALYSIS
[2026-05-02T03:43:44Z] [INFO] 📂 Image seed analysis bootstrapping from 5 images...
[2026-05-02T03:43:44Z] [SECTION] ============================================================
[2026-05-02T03:43:44Z] [INFO] 📤 PHASE: PUSH COMPONENTS TO TOLARIA
[2026-05-02T03:43:45Z] [INFO] 📦 Components pushed to Tolaria: 5
[2026-05-02T03:43:45Z] [SECTION] ============================================================
[2026-05-02T03:43:45Z] [INFO] 🧩 PHASE: COMPOSER - DOMAIN INTEGRATION SYNTHESIS
[2026-05-02T03:44:06Z] [INFO] 🎨 Domain integrations synthesized: 0
[2026-05-02T03:44:06Z] [SECTION] ============================================================
[2026-05-02T03:44:06Z] [INFO] 🚀 PHASE: ADVANCED OVERNIGHT LOOP
[2026-05-02T03:45:12Z] [INFO] 🔬 Advanced loop completed cycles: 0
[2026-05-02T03:45:12Z] [WARNING] ⚠️  Git commit skipped or failed (git not initialized?): Command '['git', '-C', '/home/avalonas/.hermes/gematria/unified_overnight_research', 'add', '.']' returned non-zero exit status 128.
[2026-05-02T03:45:12Z] [INFO] 
📊 CYCLE #22 SUMMARY
[2026-05-02T03:45:12Z] [INFO] ✅ Successful tasks: 7/7
[2026-05-02T03:45:12Z] [INFO] ⏱️  Cycle duration: 88.54s
[2026-05-02T03:45:12Z] [INFO]    ⚠️ task: result
[2026-05-02T03:45:12Z] [INFO]    ⚠️ task: result
[2026-05-02T03:45:12Z] [INFO]    ⚠️ task: result
[2026-05-02T03:45:12Z] [INFO]    ⚠️ task: result
[2026-05-02T03:45:12Z] [INFO]    ⚠️ task: result
[2026-05-02T03:45:12Z] [INFO]    ⚠️ task: result
[2026-05-02T03:45:12Z] [INFO]    ⚠️ task: result
[2026-05-02T03:45:12Z] [HEADER] ================================================================================
[2026-05-02T03:45:12Z] [INFO] 🔄 OVERNIGHT RESEARCH PIPELINE - CYCLE #23
[2026-05-02T03:45:12Z] [INFO] ================================================================================
[2026-05-02T03:45:12Z] [HEADER] ============================================================
[2026-05-02T03:45:12Z] [INFO] 🌙 STARTING OVERNIGHT RESEARCH CYCLE #23
[2026-05-02T03:45:12Z] [INFO] 🔍 Running overnight research protocol (web scraping + cross-symbol analysis)...
[2026-05-02T03:45:12Z] [INFO] 📊 Cycle duration: 0.11s, Files generated: 0
[2026-05-02T03:45:12Z] [WARNING] ⚠️ Database not initialized for cycle counting
[2026-05-02T03:45:12Z] [INFO] 💾 Database updated with cycle results
[2026-05-02T03:45:12Z] [SECTION] ============================================================
[2026-05-02T03:45:12Z] [INFO] 🔮 PHASE: HIDDEN LAYERING DETECTION
[2026-05-02T03:45:12Z] [INFO] 🔗 Hidden layering detection complete. Connections identified: 2
[2026-05-02T03:45:12Z] [SECTION] ============================================================
[2026-05-02T03:45:12Z] [INFO] 🔬 PHASE: DOMAIN CORRELATION ANALYSIS
[2026-05-02T03:45:12Z] [INFO] 📊 Domain correlation matrices created: 1
[2026-05-02T03:45:12Z] [SECTION] ============================================================
[2026-05-02T03:45:12Z] [INFO] 🖼️  PHASE: IMAGE-SEED ANALYSIS
[2026-05-02T03:45:12Z] [INFO] 📂 Image seed analysis bootstrapping from 5 images...
[2026-05-02T03:45:12Z] [SECTION] ============================================================
[2026-05-02T03:45:12Z] [INFO] 📤 PHASE: PUSH COMPONENTS TO TOLARIA
[2026-05-02T03:45:13Z] [INFO] 📦 Components pushed to Tolaria: 5
[2026-05-02T03:45:13Z] [SECTION] ============================================================
[2026-05-02T03:45:13Z] [INFO] 🧩 PHASE: COMPOSER - DOMAIN INTEGRATION SYNTHESIS
[2026-05-02T03:45:35Z] [INFO] 🎨 Domain integrations synthesized: 0
[2026-05-02T03:45:35Z] [SECTION] ============================================================
[2026-05-02T03:45:35Z] [INFO] 🚀 PHASE: ADVANCED OVERNIGHT LOOP
[2026-05-02T03:46:41Z] [INFO] 🔬 Advanced loop completed cycles: 0
[2026-05-02T03:46:41Z] [WARNING] ⚠️  Git commit skipped or failed (git not initialized?): Command '['git', '-C', '/home/avalonas/.hermes/gematria/unified_overnight_research', 'add', '.']' returned non-zero exit status 128.
[2026-05-02T03:46:41Z] [INFO] 
📊 CYCLE #23 SUMMARY
[2026-05-02T03:46:41Z] [INFO] ✅ Successful tasks: 7/7
[2026-05-02T03:46:41Z] [INFO] ⏱️  Cycle duration: 89.22s
[2026-05-02T03:46:41Z] [INFO]    ⚠️ task: result
[2026-05-02T03:46:41Z] [INFO]    ⚠️ task: result
[2026-05-02T03:46:41Z] [INFO]    ⚠️ task: result
[2026-05-02T03:46:41Z] [INFO]    ⚠️ task: result
[2026-05-02T03:46:41Z] [INFO]    ⚠️ task: result
[2026-05-02T03:46:41Z] [INFO]    ⚠️ task: result
[2026-05-02T03:46:41Z] [INFO]    ⚠️ task: result
[2026-05-02T03:46:41Z] [HEADER] ================================================================================
[2026-05-02T03:46:41Z] [INFO] 🔄 OVERNIGHT RESEARCH PIPELINE - CYCLE #24
[2026-05-02T03:46:41Z] [INFO] ================================================================================
[2026-05-02T03:46:41Z] [HEADER] ============================================================
[2026-05-02T03:46:41Z] [INFO] 🌙 STARTING OVERNIGHT RESEARCH CYCLE #24
[2026-05-02T03:46:41Z] [INFO] 🔍 Running overnight research protocol (web scraping + cross-symbol analysis)...
[2026-05-02T03:46:41Z] [INFO] 📊 Cycle duration: 0.10s, Files generated: 0
[2026-05-02T03:46:41Z] [WARNING] ⚠️ Database not initialized for cycle counting
[2026-05-02T03:46:41Z] [INFO] 💾 Database updated with cycle results
[2026-05-02T03:46:41Z] [SECTION] ============================================================
[2026-05-02T03:46:41Z] [INFO] 🔮 PHASE: HIDDEN LAYERING DETECTION
[2026-05-02T03:46:41Z] [INFO] 🔗 Hidden layering detection complete. Connections identified: 2
[2026-05-02T03:46:41Z] [SECTION] ============================================================
[2026-05-02T03:46:41Z] [INFO] 🔬 PHASE: DOMAIN CORRELATION ANALYSIS
[2026-05-02T03:46:41Z] [INFO] 📊 Domain correlation matrices created: 1
[2026-05-02T03:46:41Z] [SECTION] ============================================================
[2026-05-02T03:46:41Z] [INFO] 🖼️  PHASE: IMAGE-SEED ANALYSIS
[2026-05-02T03:46:41Z] [INFO] 📂 Image seed analysis bootstrapping from 5 images...
[2026-05-02T03:46:41Z] [SECTION] ============================================================
[2026-05-02T03:46:41Z] [INFO] 📤 PHASE: PUSH COMPONENTS TO TOLARIA
[2026-05-02T03:46:42Z] [INFO] 📦 Components pushed to Tolaria: 5
[2026-05-02T03:46:42Z] [SECTION] ============================================================
[2026-05-02T03:46:42Z] [INFO] 🧩 PHASE: COMPOSER - DOMAIN INTEGRATION SYNTHESIS
[2026-05-02T03:47:04Z] [INFO] 🎨 Domain integrations synthesized: 0
[2026-05-02T03:47:04Z] [SECTION] ============================================================
[2026-05-02T03:47:04Z] [INFO] 🚀 PHASE: ADVANCED OVERNIGHT LOOP
[2026-05-02T03:48:10Z] [INFO] 🔬 Advanced loop completed cycles: 0
[2026-05-02T03:48:10Z] [WARNING] ⚠️  Git commit skipped or failed (git not initialized?): Command '['git', '-C', '/home/avalonas/.hermes/gematria/unified_overnight_research', 'add', '.']' returned non-zero exit status 128.
[2026-05-02T03:48:10Z] [INFO] 
📊 CYCLE #24 SUMMARY
[2026-05-02T03:48:10Z] [INFO] ✅ Successful tasks: 7/7
[2026-05-02T03:48:10Z] [INFO] ⏱️  Cycle duration: 88.73s
[2026-05-02T03:48:10Z] [INFO]    ⚠️ task: result
[2026-05-02T03:48:10Z] [INFO]    ⚠️ task: result
[2026-05-02T03:48:10Z] [INFO]    ⚠️ task: result
[2026-05-02T03:48:10Z] [INFO]    ⚠️ task: result
[2026-05-02T03:48:10Z] [INFO]    ⚠️ task: result
[2026-05-02T03:48:10Z] [INFO]    ⚠️ task: result
[2026-05-02T03:48:10Z] [INFO]    ⚠️ task: result
[2026-05-02T03:48:10Z] [HEADER] ================================================================================
[2026-05-02T03:48:10Z] [INFO] 🔄 OVERNIGHT RESEARCH PIPELINE - CYCLE #25
[2026-05-02T03:48:10Z] [INFO] ================================================================================
[2026-05-02T03:48:10Z] [HEADER] ============================================================
[2026-05-02T03:48:10Z] [INFO] 🌙 STARTING OVERNIGHT RESEARCH CYCLE #25
[2026-05-02T03:48:10Z] [INFO] 🔍 Running overnight research protocol (web scraping + cross-symbol analysis)...
[2026-05-02T03:48:10Z] [INFO] 📊 Cycle duration: 0.10s, Files generated: 0
[2026-05-02T03:48:10Z] [WARNING] ⚠️ Database not initialized for cycle counting
[2026-05-02T03:48:10Z] [INFO] 💾 Database updated with cycle results
[2026-05-02T03:48:10Z] [SECTION] ============================================================
[2026-05-02T03:48:10Z] [INFO] 🔮 PHASE: HIDDEN LAYERING DETECTION
[2026-05-02T03:48:10Z] [INFO] 🔗 Hidden layering detection complete. Connections identified: 2
[2026-05-02T03:48:10Z] [SECTION] ============================================================
[2026-05-02T03:48:10Z] [INFO] 🔬 PHASE: DOMAIN CORRELATION ANALYSIS
[2026-05-02T03:48:10Z] [INFO] 📊 Domain correlation matrices created: 1
[2026-05-02T03:48:10Z] [SECTION] ============================================================
[2026-05-02T03:48:10Z] [INFO] 🖼️  PHASE: IMAGE-SEED ANALYSIS
[2026-05-02T03:48:10Z] [INFO] 📂 Image seed analysis bootstrapping from 5 images...
[2026-05-02T03:48:10Z] [SECTION] ============================================================
[2026-05-02T03:48:10Z] [INFO] 📤 PHASE: PUSH COMPONENTS TO TOLARIA
[2026-05-02T03:48:11Z] [INFO] 📦 Components pushed to Tolaria: 5
[2026-05-02T03:48:11Z] [SECTION] ============================================================
[2026-05-02T03:48:11Z] [INFO] 🧩 PHASE: COMPOSER - DOMAIN INTEGRATION SYNTHESIS
[2026-05-02T03:48:32Z] [INFO] 🎨 Domain integrations synthesized: 0
[2026-05-02T03:48:32Z] [SECTION] ============================================================
[2026-05-02T03:48:32Z] [INFO] 🚀 PHASE: ADVANCED OVERNIGHT LOOP
[2026-05-02T03:49:39Z] [INFO] 🔬 Advanced loop completed cycles: 0
[2026-05-02T03:49:39Z] [WARNING] ⚠️  Git commit skipped or failed (git not initialized?): Command '['git', '-C', '/home/avalonas/.hermes/gematria/unified_overnight_research', 'add', '.']' returned non-zero exit status 128.
[2026-05-02T03:49:39Z] [INFO] 
📊 CYCLE #25 SUMMARY
[2026-05-02T03:49:39Z] [INFO] ✅ Successful tasks: 7/7
[2026-05-02T03:49:39Z] [INFO] ⏱️  Cycle duration: 88.76s
[2026-05-02T03:49:39Z] [INFO]    ⚠️ task: result
[2026-05-02T03:49:39Z] [INFO]    ⚠️ task: result
[2026-05-02T03:49:39Z] [INFO]    ⚠️ task: result
[2026-05-02T03:49:39Z] [INFO]    ⚠️ task: result
[2026-05-02T03:49:39Z] [INFO]    ⚠️ task: result
[2026-05-02T03:49:39Z] [INFO]    ⚠️ task: result
[2026-05-02T03:49:39Z] [INFO]    ⚠️ task: result
[2026-05-02T03:49:39Z] [HEADER] ================================================================================
[2026-05-02T03:49:39Z] [INFO] 🔄 OVERNIGHT RESEARCH PIPELINE - CYCLE #26
[2026-05-02T03:49:39Z] [INFO] ================================================================================
[2026-05-02T03:49:39Z] [HEADER] ============================================================
[2026-05-02T03:49:39Z] [INFO] 🌙 STARTING OVERNIGHT RESEARCH CYCLE #26
[2026-05-02T03:49:39Z] [INFO] 🔍 Running overnight research protocol (web scraping + cross-symbol analysis)...
[2026-05-02T03:49:39Z] [INFO] 📊 Cycle duration: 0.11s, Files generated: 0
[2026-05-02T03:49:39Z] [WARNING] ⚠️ Database not initialized for cycle counting
[2026-05-02T03:49:39Z] [INFO] 💾 Database updated with cycle results
[2026-05-02T03:49:39Z] [SECTION] ============================================================
[2026-05-02T03:49:39Z] [INFO] 🔮 PHASE: HIDDEN LAYERING DETECTION
[2026-05-02T03:49:39Z] [INFO] 🔗 Hidden layering detection complete. Connections identified: 2
[2026-05-02T03:49:39Z] [SECTION] ============================================================
[2026-05-02T03:49:39Z] [INFO] 🔬 PHASE: DOMAIN CORRELATION ANALYSIS
[2026-05-02T03:49:39Z] [INFO] 📊 Domain correlation matrices created: 1
[2026-05-02T03:49:39Z] [SECTION] ============================================================
[2026-05-02T03:49:39Z] [INFO] 🖼️  PHASE: IMAGE-SEED ANALYSIS
[2026-05-02T03:49:39Z] [INFO] 📂 Image seed analysis bootstrapping from 5 images...
[2026-05-02T03:49:39Z] [SECTION] ============================================================
[2026-05-02T03:49:39Z] [INFO] 📤 PHASE: PUSH COMPONENTS TO TOLARIA
[2026-05-02T03:49:40Z] [INFO] 📦 Components pushed to Tolaria: 5
[2026-05-02T03:49:40Z] [SECTION] ============================================================
[2026-05-02T03:49:40Z] [INFO] 🧩 PHASE: COMPOSER - DOMAIN INTEGRATION SYNTHESIS
[2026-05-02T03:50:01Z] [INFO] 🎨 Domain integrations synthesized: 0
[2026-05-02T03:50:01Z] [SECTION] ============================================================
[2026-05-02T03:50:01Z] [INFO] 🚀 PHASE: ADVANCED OVERNIGHT LOOP
[2026-05-02T03:51:07Z] [INFO] 🔬 Advanced loop completed cycles: 0
[2026-05-02T03:51:07Z] [WARNING] ⚠️  Git commit skipped or failed (git not initialized?): Command '['git', '-C', '/home/avalonas/.hermes/gematria/unified_overnight_research', 'add', '.']' returned non-zero exit status 128.
[2026-05-02T03:51:07Z] [INFO] 
📊 CYCLE #26 SUMMARY
[2026-05-02T03:51:07Z] [INFO] ✅ Successful tasks: 7/7
[2026-05-02T03:51:07Z] [INFO] ⏱️  Cycle duration: 88.13s
[2026-05-02T03:51:07Z] [INFO]    ⚠️ task: result
[2026-05-02T03:51:07Z] [INFO]    ⚠️ task: result
[2026-05-02T03:51:07Z] [INFO]    ⚠️ task: result
[2026-05-02T03:51:07Z] [INFO]    ⚠️ task: result
[2026-05-02T03:51:07Z] [INFO]    ⚠️ task: result
[2026-05-02T03:51:07Z] [INFO]    ⚠️ task: result
[2026-05-02T03:51:07Z] [INFO]    ⚠️ task: result
[2026-05-02T03:51:07Z] [HEADER] ================================================================================
[2026-05-02T03:51:07Z] [INFO] 🔄 OVERNIGHT RESEARCH PIPELINE - CYCLE #27
[2026-05-02T03:51:07Z] [INFO] ================================================================================
[2026-05-02T03:51:07Z] [HEADER] ============================================================
[2026-05-02T03:51:07Z] [INFO] 🌙 STARTING OVERNIGHT RESEARCH CYCLE #27
[2026-05-02T03:51:07Z] [INFO] 🔍 Running overnight research protocol (web scraping + cross-symbol analysis)...
[2026-05-02T03:51:07Z] [INFO] 📊 Cycle duration: 0.10s, Files generated: 0
[2026-05-02T03:51:07Z] [WARNING] ⚠️ Database not initialized for cycle counting
[2026-05-02T03:51:07Z] [INFO] 💾 Database updated with cycle results
[2026-05-02T03:51:07Z] [SECTION] ============================================================
[2026-05-02T03:51:07Z] [INFO] 🔮 PHASE: HIDDEN LAYERING DETECTION
[2026-05-02T03:51:07Z] [INFO] 🔗 Hidden layering detection complete. Connections identified: 2
[2026-05-02T03:51:07Z] [SECTION] ============================================================
[2026-05-02T03:51:07Z] [INFO] 🔬 PHASE: DOMAIN CORRELATION ANALYSIS
[2026-05-02T03:51:07Z] [INFO] 📊 Domain correlation matrices created: 1
[2026-05-02T03:51:07Z] [SECTION] ============================================================
[2026-05-02T03:51:07Z] [INFO] 🖼️  PHASE: IMAGE-SEED ANALYSIS
[2026-05-02T03:51:07Z] [INFO] 📂 Image seed analysis bootstrapping from 5 images...
[2026-05-02T03:51:07Z] [SECTION] ============================================================
[2026-05-02T03:51:07Z] [INFO] 📤 PHASE: PUSH COMPONENTS TO TOLARIA
[2026-05-02T03:51:08Z] [INFO] 📦 Components pushed to Tolaria: 5
[2026-05-02T03:51:08Z] [SECTION] ============================================================
[2026-05-02T03:51:08Z] [INFO] 🧩 PHASE: COMPOSER - DOMAIN INTEGRATION SYNTHESIS
[2026-05-02T03:51:30Z] [INFO] 🎨 Domain integrations synthesized: 0
[2026-05-02T03:51:30Z] [SECTION] ============================================================
[2026-05-02T03:51:30Z] [INFO] 🚀 PHASE: ADVANCED OVERNIGHT LOOP
[2026-05-02T03:52:36Z] [INFO] 🔬 Advanced loop completed cycles: 0
[2026-05-02T03:52:36Z] [WARNING] ⚠️  Git commit skipped or failed (git not initialized?): Command '['git', '-C', '/home/avalonas/.hermes/gematria/unified_overnight_research', 'add', '.']' returned non-zero exit status 128.
[2026-05-02T03:52:36Z] [INFO] 
📊 CYCLE #27 SUMMARY
[2026-05-02T03:52:36Z] [INFO] ✅ Successful tasks: 7/7
[2026-05-02T03:52:36Z] [INFO] ⏱️  Cycle duration: 88.74s
[2026-05-02T03:52:36Z] [INFO]    ⚠️ task: result
[2026-05-02T03:52:36Z] [INFO]    ⚠️ task: result
[2026-05-02T03:52:36Z] [INFO]    ⚠️ task: result
[2026-05-02T03:52:36Z] [INFO]    ⚠️ task: result
[2026-05-02T03:52:36Z] [INFO]    ⚠️ task: result
[2026-05-02T03:52:36Z] [INFO]    ⚠️ task: result
[2026-05-02T03:52:36Z] [INFO]    ⚠️ task: result
[2026-05-02T03:52:36Z] [HEADER] ================================================================================
[2026-05-02T03:52:36Z] [INFO] 🔄 OVERNIGHT RESEARCH PIPELINE - CYCLE #28
[2026-05-02T03:52:36Z] [INFO] ================================================================================
[2026-05-02T03:52:36Z] [HEADER] ============================================================
[2026-05-02T03:52:36Z] [INFO] 🌙 STARTING OVERNIGHT RESEARCH CYCLE #28
[2026-05-02T03:52:36Z] [INFO] 🔍 Running overnight research protocol (web scraping + cross-symbol analysis)...
[2026-05-02T03:52:36Z] [INFO] 📊 Cycle duration: 0.10s, Files generated: 0
[2026-05-02T03:52:36Z] [WARNING] ⚠️ Database not initialized for cycle counting
[2026-05-02T03:52:36Z] [INFO] 💾 Database updated with cycle results
[2026-05-02T03:52:36Z] [SECTION] ============================================================
[2026-05-02T03:52:36Z] [INFO] 🔮 PHASE: HIDDEN LAYERING DETECTION
[2026-05-02T03:52:36Z] [INFO] 🔗 Hidden layering detection complete. Connections identified: 2
[2026-05-02T03:52:36Z] [SECTION] ============================================================
[2026-05-02T03:52:36Z] [INFO] 🔬 PHASE: DOMAIN CORRELATION ANALYSIS
[2026-05-02T03:52:36Z] [INFO] 📊 Domain correlation matrices created: 1
[2026-05-02T03:52:36Z] [SECTION] ============================================================
[2026-05-02T03:52:36Z] [INFO] 🖼️  PHASE: IMAGE-SEED ANALYSIS
[2026-05-02T03:52:36Z] [INFO] 📂 Image seed analysis bootstrapping from 5 images...
[2026-05-02T03:52:36Z] [SECTION] ============================================================
[2026-05-02T03:52:36Z] [INFO] 📤 PHASE: PUSH COMPONENTS TO TOLARIA
[2026-05-02T03:52:37Z] [INFO] 📦 Components pushed to Tolaria: 5
[2026-05-02T03:52:37Z] [SECTION] ============================================================
[2026-05-02T03:52:37Z] [INFO] 🧩 PHASE: COMPOSER - DOMAIN INTEGRATION SYNTHESIS
[2026-05-02T03:52:58Z] [INFO] 🎨 Domain integrations synthesized: 0
[2026-05-02T03:52:58Z] [SECTION] ============================================================
[2026-05-02T03:52:58Z] [INFO] 🚀 PHASE: ADVANCED OVERNIGHT LOOP
[2026-05-02T03:54:04Z] [INFO] 🔬 Advanced loop completed cycles: 0
[2026-05-02T03:54:04Z] [WARNING] ⚠️  Git commit skipped or failed (git not initialized?): Command '['git', '-C', '/home/avalonas/.hermes/gematria/unified_overnight_research', 'add', '.']' returned non-zero exit status 128.
[2026-05-02T03:54:04Z] [INFO] 
📊 CYCLE #28 SUMMARY
[2026-05-02T03:54:04Z] [INFO] ✅ Successful tasks: 7/7
[2026-05-02T03:54:04Z] [INFO] ⏱️  Cycle duration: 88.40s
[2026-05-02T03:54:04Z] [INFO]    ⚠️ task: result
[2026-05-02T03:54:04Z] [INFO]    ⚠️ task: result
[2026-05-02T03:54:04Z] [INFO]    ⚠️ task: result
[2026-05-02T03:54:04Z] [INFO]    ⚠️ task: result
[2026-05-02T03:54:04Z] [INFO]    ⚠️ task: result
[2026-05-02T03:54:04Z] [INFO]    ⚠️ task: result
[2026-05-02T03:54:04Z] [INFO]    ⚠️ task: result
[2026-05-02T03:54:04Z] [HEADER] ================================================================================
[2026-05-02T03:54:04Z] [INFO] 🔄 OVERNIGHT RESEARCH PIPELINE - CYCLE #29
[2026-05-02T03:54:04Z] [INFO] ================================================================================
[2026-05-02T03:54:04Z] [HEADER] ============================================================
[2026-05-02T03:54:04Z] [INFO] 🌙 STARTING OVERNIGHT RESEARCH CYCLE #29
[2026-05-02T03:54:04Z] [INFO] 🔍 Running overnight research protocol (web scraping + cross-symbol analysis)...
[2026-05-02T03:54:04Z] [INFO] 📊 Cycle duration: 0.13s, Files generated: 0
[2026-05-02T03:54:04Z] [WARNING] ⚠️ Database not initialized for cycle counting
[2026-05-02T03:54:04Z] [INFO] 💾 Database updated with cycle results
[2026-05-02T03:54:04Z] [SECTION] ============================================================
[2026-05-02T03:54:04Z] [INFO] 🔮 PHASE: HIDDEN LAYERING DETECTION
[2026-05-02T03:54:04Z] [INFO] 🔗 Hidden layering detection complete. Connections identified: 2
[2026-05-02T03:54:04Z] [SECTION] ============================================================
[2026-05-02T03:54:04Z] [INFO] 🔬 PHASE: DOMAIN CORRELATION ANALYSIS
[2026-05-02T03:54:04Z] [INFO] 📊 Domain correlation matrices created: 1
[2026-05-02T03:54:04Z] [SECTION] ============================================================
[2026-05-02T03:54:04Z] [INFO] 🖼️  PHASE: IMAGE-SEED ANALYSIS
[2026-05-02T03:54:04Z] [INFO] 📂 Image seed analysis bootstrapping from 5 images...
[2026-05-02T03:54:04Z] [SECTION] ============================================================
[2026-05-02T03:54:04Z] [INFO] 📤 PHASE: PUSH COMPONENTS TO TOLARIA
[2026-05-02T03:54:05Z] [INFO] 📦 Components pushed to Tolaria: 5
[2026-05-02T03:54:05Z] [SECTION] ============================================================
[2026-05-02T03:54:05Z] [INFO] 🧩 PHASE: COMPOSER - DOMAIN INTEGRATION SYNTHESIS
[2026-05-02T03:54:27Z] [INFO] 🎨 Domain integrations synthesized: 0
[2026-05-02T03:54:27Z] [SECTION] ============================================================
[2026-05-02T03:54:27Z] [INFO] 🚀 PHASE: ADVANCED OVERNIGHT LOOP
[2026-05-02T03:55:29Z] [INFO] 🔬 Advanced loop completed cycles: 0
[2026-05-02T03:55:29Z] [WARNING] ⚠️  Git commit skipped or failed (git not initialized?): Command '['git', '-C', '/home/avalonas/.hermes/gematria/unified_overnight_research', 'add', '.']' returned non-zero exit status 128.
[2026-05-02T03:55:29Z] [INFO] 
📊 CYCLE #29 SUMMARY
[2026-05-02T03:55:29Z] [INFO] ✅ Successful tasks: 7/7
[2026-05-02T03:55:29Z] [INFO] ⏱️  Cycle duration: 85.06s
[2026-05-02T03:55:29Z] [INFO]    ⚠️ task: result
[2026-05-02T03:55:29Z] [INFO]    ⚠️ task: result
[2026-05-02T03:55:29Z] [INFO]    ⚠️ task: result
[2026-05-02T03:55:29Z] [INFO]    ⚠️ task: result
[2026-05-02T03:55:29Z] [INFO]    ⚠️ task: result
[2026-05-02T03:55:29Z] [INFO]    ⚠️ task: result
[2026-05-02T03:55:29Z] [INFO]    ⚠️ task: result
[2026-05-02T03:55:29Z] [HEADER] ================================================================================
[2026-05-02T03:55:29Z] [INFO] 🔄 OVERNIGHT RESEARCH PIPELINE - CYCLE #30
[2026-05-02T03:55:29Z] [INFO] ================================================================================
[2026-05-02T03:55:29Z] [HEADER] ============================================================
[2026-05-02T03:55:29Z] [INFO] 🌙 STARTING OVERNIGHT RESEARCH CYCLE #30
[2026-05-02T03:55:29Z] [INFO] 🔍 Running overnight research protocol (web scraping + cross-symbol analysis)...
[2026-05-02T03:55:29Z] [INFO] 📊 Cycle duration: 0.10s, Files generated: 0
[2026-05-02T03:55:29Z] [WARNING] ⚠️ Database not initialized for cycle counting
[2026-05-02T03:55:29Z] [INFO] 💾 Database updated with cycle results
[2026-05-02T03:55:29Z] [SECTION] ============================================================
[2026-05-02T03:55:29Z] [INFO] 🔮 PHASE: HIDDEN LAYERING DETECTION
[2026-05-02T03:55:29Z] [INFO] 🔗 Hidden layering detection complete. Connections identified: 2
[2026-05-02T03:55:29Z] [SECTION] ============================================================
[2026-05-02T03:55:29Z] [INFO] 🔬 PHASE: DOMAIN CORRELATION ANALYSIS
[2026-05-02T03:55:29Z] [INFO] 📊 Domain correlation matrices created: 1
[2026-05-02T03:55:29Z] [SECTION] ============================================================
[2026-05-02T03:55:29Z] [INFO] 🖼️  PHASE: IMAGE-SEED ANALYSIS
[2026-05-02T03:55:29Z] [INFO] 📂 Image seed analysis bootstrapping from 5 images...
[2026-05-02T03:55:29Z] [SECTION] ============================================================
[2026-05-02T03:55:29Z] [INFO] 📤 PHASE: PUSH COMPONENTS TO TOLARIA
[2026-05-02T03:55:30Z] [INFO] 📦 Components pushed to Tolaria: 5
[2026-05-02T03:55:30Z] [SECTION] ============================================================
[2026-05-02T03:55:30Z] [INFO] 🧩 PHASE: COMPOSER - DOMAIN INTEGRATION SYNTHESIS
[2026-05-02T03:55:48Z] [INFO] 🎨 Domain integrations synthesized: 0
[2026-05-02T03:55:48Z] [SECTION] ============================================================
[2026-05-02T03:55:48Z] [INFO] 🚀 PHASE: ADVANCED OVERNIGHT LOOP
[2026-05-02T03:56:55Z] [INFO] 🔬 Advanced loop completed cycles: 0
[2026-05-02T03:56:55Z] [WARNING] ⚠️  Git commit skipped or failed (git not initialized?): Command '['git', '-C', '/home/avalonas/.hermes/gematria/unified_overnight_research', 'add', '.']' returned non-zero exit status 128.
[2026-05-02T03:56:55Z] [INFO] 
📊 CYCLE #30 SUMMARY
[2026-05-02T03:56:55Z] [INFO] ✅ Successful tasks: 7/7
[2026-05-02T03:56:55Z] [INFO] ⏱️  Cycle duration: 85.91s
[2026-05-02T03:56:55Z] [INFO]    ⚠️ task: result
[2026-05-02T03:56:55Z] [INFO]    ⚠️ task: result
[2026-05-02T03:56:55Z] [INFO]    ⚠️ task: result
[2026-05-02T03:56:55Z] [INFO]    ⚠️ task: result
[2026-05-02T03:56:55Z] [INFO]    ⚠️ task: result
[2026-05-02T03:56:55Z] [INFO]    ⚠️ task: result
[2026-05-02T03:56:55Z] [INFO]    ⚠️ task: result
[2026-05-02T03:56:55Z] [HEADER] ================================================================================
[2026-05-02T03:56:55Z] [INFO] 🔄 OVERNIGHT RESEARCH PIPELINE - CYCLE #31
[2026-05-02T03:56:55Z] [INFO] ================================================================================
[2026-05-02T03:56:55Z] [HEADER] ============================================================
[2026-05-02T03:56:55Z] [INFO] 🌙 STARTING OVERNIGHT RESEARCH CYCLE #31
[2026-05-02T03:56:55Z] [INFO] 🔍 Running overnight research protocol (web scraping + cross-symbol analysis)...
[2026-05-02T03:56:55Z] [INFO] 📊 Cycle duration: 0.11s, Files generated: 0
[2026-05-02T03:56:55Z] [WARNING] ⚠️ Database not initialized for cycle counting
[2026-05-02T03:56:55Z] [INFO] 💾 Database updated with cycle results
[2026-05-02T03:56:55Z] [SECTION] ============================================================
[2026-05-02T03:56:55Z] [INFO] 🔮 PHASE: HIDDEN LAYERING DETECTION
[2026-05-02T03:56:55Z] [INFO] 🔗 Hidden layering detection complete. Connections identified: 2
[2026-05-02T03:56:55Z] [SECTION] ============================================================
[2026-05-02T03:56:55Z] [INFO] 🔬 PHASE: DOMAIN CORRELATION ANALYSIS
[2026-05-02T03:56:55Z] [INFO] 📊 Domain correlation matrices created: 1
[2026-05-02T03:56:55Z] [SECTION] ============================================================
[2026-05-02T03:56:55Z] [INFO] 🖼️  PHASE: IMAGE-SEED ANALYSIS
[2026-05-02T03:56:55Z] [INFO] 📂 Image seed analysis bootstrapping from 5 images...
[2026-05-02T03:56:55Z] [SECTION] ============================================================
[2026-05-02T03:56:55Z] [INFO] 📤 PHASE: PUSH COMPONENTS TO TOLARIA
[2026-05-02T03:56:56Z] [INFO] 📦 Components pushed to Tolaria: 5
[2026-05-02T03:56:56Z] [SECTION] ============================================================
[2026-05-02T03:56:56Z] [INFO] 🧩 PHASE: COMPOSER - DOMAIN INTEGRATION SYNTHESIS
[2026-05-02T03:57:18Z] [INFO] 🎨 Domain integrations synthesized: 0
[2026-05-02T03:57:18Z] [SECTION] ============================================================
[2026-05-02T03:57:18Z] [INFO] 🚀 PHASE: ADVANCED OVERNIGHT LOOP
[2026-05-02T03:58:25Z] [INFO] 🔬 Advanced loop completed cycles: 0
[2026-05-02T03:58:25Z] [WARNING] ⚠️  Git commit skipped or failed (git not initialized?): Command '['git', '-C', '/home/avalonas/.hermes/gematria/unified_overnight_research', 'add', '.']' returned non-zero exit status 128.
[2026-05-02T03:58:25Z] [INFO] 
📊 CYCLE #31 SUMMARY
[2026-05-02T03:58:25Z] [INFO] ✅ Successful tasks: 7/7
[2026-05-02T03:58:25Z] [INFO] ⏱️  Cycle duration: 89.63s
[2026-05-02T03:58:25Z] [INFO]    ⚠️ task: result
[2026-05-02T03:58:25Z] [INFO]    ⚠️ task: result
[2026-05-02T03:58:25Z] [INFO]    ⚠️ task: result
[2026-05-02T03:58:25Z] [INFO]    ⚠️ task: result
[2026-05-02T03:58:25Z] [INFO]    ⚠️ task: result
[2026-05-02T03:58:25Z] [INFO]    ⚠️ task: result
[2026-05-02T03:58:25Z] [INFO]    ⚠️ task: result
[2026-05-02T03:58:25Z] [HEADER] ================================================================================
[2026-05-02T03:58:25Z] [INFO] 🔄 OVERNIGHT RESEARCH PIPELINE - CYCLE #32
[2026-05-02T03:58:25Z] [INFO] ================================================================================
[2026-05-02T03:58:25Z] [HEADER] ============================================================
[2026-05-02T03:58:25Z] [INFO] 🌙 STARTING OVERNIGHT RESEARCH CYCLE #32
[2026-05-02T03:58:25Z] [INFO] 🔍 Running overnight research protocol (web scraping + cross-symbol analysis)...
[2026-05-02T03:58:25Z] [INFO] 📊 Cycle duration: 0.10s, Files generated: 0
[2026-05-02T03:58:25Z] [WARNING] ⚠️ Database not initialized for cycle counting
[2026-05-02T03:58:25Z] [INFO] 💾 Database updated with cycle results
[2026-05-02T03:58:25Z] [SECTION] ============================================================
[2026-05-02T03:58:25Z] [INFO] 🔮 PHASE: HIDDEN LAYERING DETECTION
[2026-05-02T03:58:25Z] [INFO] 🔗 Hidden layering detection complete. Connections identified: 2
[2026-05-02T03:58:25Z] [SECTION] ============================================================
[2026-05-02T03:58:25Z] [INFO] 🔬 PHASE: DOMAIN CORRELATION ANALYSIS
[2026-05-02T03:58:25Z] [INFO] 📊 Domain correlation matrices created: 1
[2026-05-02T03:58:25Z] [SECTION] ============================================================
[2026-05-02T03:58:25Z] [INFO] 🖼️  PHASE: IMAGE-SEED ANALYSIS
[2026-05-02T03:58:25Z] [INFO] 📂 Image seed analysis bootstrapping from 5 images...
[2026-05-02T03:58:25Z] [SECTION] ============================================================
[2026-05-02T03:58:25Z] [INFO] 📤 PHASE: PUSH COMPONENTS TO TOLARIA
[2026-05-02T03:58:26Z] [INFO] 📦 Components pushed to Tolaria: 5
[2026-05-02T03:58:26Z] [SECTION] ============================================================
[2026-05-02T03:58:26Z] [INFO] 🧩 PHASE: COMPOSER - DOMAIN INTEGRATION SYNTHESIS
[2026-05-02T03:58:48Z] [INFO] 🎨 Domain integrations synthesized: 0
[2026-05-02T03:58:48Z] [SECTION] ============================================================
[2026-05-02T03:58:48Z] [INFO] 🚀 PHASE: ADVANCED OVERNIGHT LOOP
[2026-05-02T03:59:51Z] [INFO] 🔬 Advanced loop completed cycles: 0
[2026-05-02T03:59:52Z] [WARNING] ⚠️  Git commit skipped or failed (git not initialized?): Command '['git', '-C', '/home/avalonas/.hermes/gematria/unified_overnight_research', 'add', '.']' returned non-zero exit status 128.
[2026-05-02T03:59:52Z] [INFO] 
📊 CYCLE #32 SUMMARY
[2026-05-02T03:59:52Z] [INFO] ✅ Successful tasks: 7/7
[2026-05-02T03:59:52Z] [INFO] ⏱️  Cycle duration: 86.86s
[2026-05-02T03:59:52Z] [INFO]    ⚠️ task: result
[2026-05-02T03:59:52Z] [INFO]    ⚠️ task: result
[2026-05-02T03:59:52Z] [INFO]    ⚠️ task: result
[2026-05-02T03:59:52Z] [INFO]    ⚠️ task: result
[2026-05-02T03:59:52Z] [INFO]    ⚠️ task: result
[2026-05-02T03:59:52Z] [INFO]    ⚠️ task: result
[2026-05-02T03:59:52Z] [INFO]    ⚠️ task: result
[2026-05-02T03:59:52Z] [HEADER] ================================================================================
[2026-05-02T03:59:52Z] [INFO] 🔄 OVERNIGHT RESEARCH PIPELINE - CYCLE #33
[2026-05-02T03:59:52Z] [INFO] ================================================================================
[2026-05-02T03:59:52Z] [HEADER] ============================================================
[2026-05-02T03:59:52Z] [INFO] 🌙 STARTING OVERNIGHT RESEARCH CYCLE #33
[2026-05-02T03:59:52Z] [INFO] 🔍 Running overnight research protocol (web scraping + cross-symbol analysis)...
[2026-05-02T03:59:52Z] [INFO] 📊 Cycle duration: 0.11s, Files generated: 0
[2026-05-02T03:59:52Z] [WARNING] ⚠️ Database not initialized for cycle counting
[2026-05-02T03:59:52Z] [INFO] 💾 Database updated with cycle results
[2026-05-02T03:59:52Z] [SECTION] ============================================================
[2026-05-02T03:59:52Z] [INFO] 🔮 PHASE: HIDDEN LAYERING DETECTION
[2026-05-02T03:59:52Z] [INFO] 🔗 Hidden layering detection complete. Connections identified: 2
[2026-05-02T03:59:52Z] [SECTION] ============================================================
[2026-05-02T03:59:52Z] [INFO] 🔬 PHASE: DOMAIN CORRELATION ANALYSIS
[2026-05-02T03:59:52Z] [INFO] 📊 Domain correlation matrices created: 1
[2026-05-02T03:59:52Z] [SECTION] ============================================================
[2026-05-02T03:59:52Z] [INFO] 🖼️  PHASE: IMAGE-SEED ANALYSIS
[2026-05-02T03:59:52Z] [INFO] 📂 Image seed analysis bootstrapping from 5 images...
[2026-05-02T03:59:52Z] [SECTION] ============================================================
[2026-05-02T03:59:52Z] [INFO] 📤 PHASE: PUSH COMPONENTS TO TOLARIA
[2026-05-02T03:59:53Z] [INFO] 📦 Components pushed to Tolaria: 5
[2026-05-02T03:59:53Z] [SECTION] ============================================================
[2026-05-02T03:59:53Z] [INFO] 🧩 PHASE: COMPOSER - DOMAIN INTEGRATION SYNTHESIS
[2026-05-02T04:00:14Z] [INFO] 🎨 Domain integrations synthesized: 0
[2026-05-02T04:00:14Z] [SECTION] ============================================================
[2026-05-02T04:00:14Z] [INFO] 🚀 PHASE: ADVANCED OVERNIGHT LOOP
[2026-05-02T04:01:21Z] [INFO] 🔬 Advanced loop completed cycles: 0
[2026-05-02T04:01:21Z] [WARNING] ⚠️  Git commit skipped or failed (git not initialized?): Command '['git', '-C', '/home/avalonas/.hermes/gematria/unified_overnight_research', 'add', '.']' returned non-zero exit status 128.
[2026-05-02T04:01:21Z] [INFO] 
📊 CYCLE #33 SUMMARY
[2026-05-02T04:01:21Z] [INFO] ✅ Successful tasks: 7/7
[2026-05-02T04:01:21Z] [INFO] ⏱️  Cycle duration: 89.13s
[2026-05-02T04:01:21Z] [INFO]    ⚠️ task: result
[2026-05-02T04:01:21Z] [INFO]    ⚠️ task: result
[2026-05-02T04:01:21Z] [INFO]    ⚠️ task: result
[2026-05-02T04:01:21Z] [INFO]    ⚠️ task: result
[2026-05-02T04:01:21Z] [INFO]    ⚠️ task: result
[2026-05-02T04:01:21Z] [INFO]    ⚠️ task: result
[2026-05-02T04:01:21Z] [INFO]    ⚠️ task: result
[2026-05-02T04:01:21Z] [HEADER] ================================================================================
[2026-05-02T04:01:21Z] [INFO] 🔄 OVERNIGHT RESEARCH PIPELINE - CYCLE #34
[2026-05-02T04:01:21Z] [INFO] ================================================================================
[2026-05-02T04:01:21Z] [HEADER] ============================================================
[2026-05-02T04:01:21Z] [INFO] 🌙 STARTING OVERNIGHT RESEARCH CYCLE #34
[2026-05-02T04:01:21Z] [INFO] 🔍 Running overnight research protocol (web scraping + cross-symbol analysis)...
[2026-05-02T04:01:21Z] [INFO] 📊 Cycle duration: 0.11s, Files generated: 0
[2026-05-02T04:01:21Z] [WARNING] ⚠️ Database not initialized for cycle counting
[2026-05-02T04:01:21Z] [INFO] 💾 Database updated with cycle results
[2026-05-02T04:01:21Z] [SECTION] ============================================================
[2026-05-02T04:01:21Z] [INFO] 🔮 PHASE: HIDDEN LAYERING DETECTION
[2026-05-02T04:01:21Z] [INFO] 🔗 Hidden layering detection complete. Connections identified: 2
[2026-05-02T04:01:21Z] [SECTION] ============================================================
[2026-05-02T04:01:21Z] [INFO] 🔬 PHASE: DOMAIN CORRELATION ANALYSIS
[2026-05-02T04:01:21Z] [INFO] 📊 Domain correlation matrices created: 1
[2026-05-02T04:01:21Z] [SECTION] ============================================================
[2026-05-02T04:01:21Z] [INFO] 🖼️  PHASE: IMAGE-SEED ANALYSIS
[2026-05-02T04:01:21Z] [INFO] 📂 Image seed analysis bootstrapping from 5 images...
[2026-05-02T04:01:21Z] [SECTION] ============================================================
[2026-05-02T04:01:21Z] [INFO] 📤 PHASE: PUSH COMPONENTS TO TOLARIA
[2026-05-02T04:01:22Z] [INFO] 📦 Components pushed to Tolaria: 5
[2026-05-02T04:01:22Z] [SECTION] ============================================================
[2026-05-02T04:01:22Z] [INFO] 🧩 PHASE: COMPOSER - DOMAIN INTEGRATION SYNTHESIS
[2026-05-02T04:01:43Z] [INFO] 🎨 Domain integrations synthesized: 0
[2026-05-02T04:01:43Z] [SECTION] ============================================================
[2026-05-02T04:01:43Z] [INFO] 🚀 PHASE: ADVANCED OVERNIGHT LOOP
[2026-05-02T04:02:50Z] [INFO] 🔬 Advanced loop completed cycles: 0
[2026-05-02T04:02:51Z] [WARNING] ⚠️  Git commit skipped or failed (git not initialized?): Command '['git', '-C', '/home/avalonas/.hermes/gematria/unified_overnight_research', 'add', '.']' returned non-zero exit status 128.
[2026-05-02T04:02:51Z] [INFO] 
📊 CYCLE #34 SUMMARY
[2026-05-02T04:02:51Z] [INFO] ✅ Successful tasks: 7/7
[2026-05-02T04:02:51Z] [INFO] ⏱️  Cycle duration: 89.87s
[2026-05-02T04:02:51Z] [INFO]    ⚠️ task: result
[2026-05-02T04:02:51Z] [INFO]    ⚠️ task: result
[2026-05-02T04:02:51Z] [INFO]    ⚠️ task: result
[2026-05-02T04:02:51Z] [INFO]    ⚠️ task: result
[2026-05-02T04:02:51Z] [INFO]    ⚠️ task: result
[2026-05-02T04:02:51Z] [INFO]    ⚠️ task: result
[2026-05-02T04:02:51Z] [INFO]    ⚠️ task: result
[2026-05-02T04:02:51Z] [HEADER] ================================================================================
[2026-05-02T04:02:51Z] [INFO] 🔄 OVERNIGHT RESEARCH PIPELINE - CYCLE #35
[2026-05-02T04:02:51Z] [INFO] ================================================================================
[2026-05-02T04:02:51Z] [HEADER] ============================================================
[2026-05-02T04:02:51Z] [INFO] 🌙 STARTING OVERNIGHT RESEARCH CYCLE #35
[2026-05-02T04:02:51Z] [INFO] 🔍 Running overnight research protocol (web scraping + cross-symbol analysis)...
[2026-05-02T04:02:51Z] [INFO] 📊 Cycle duration: 0.10s, Files generated: 0
[2026-05-02T04:02:51Z] [WARNING] ⚠️ Database not initialized for cycle counting
[2026-05-02T04:02:51Z] [INFO] 💾 Database updated with cycle results
[2026-05-02T04:02:51Z] [SECTION] ============================================================
[2026-05-02T04:02:51Z] [INFO] 🔮 PHASE: HIDDEN LAYERING DETECTION
[2026-05-02T04:02:51Z] [INFO] 🔗 Hidden layering detection complete. Connections identified: 2
[2026-05-02T04:02:51Z] [SECTION] ============================================================
[2026-05-02T04:02:51Z] [INFO] 🔬 PHASE: DOMAIN CORRELATION ANALYSIS
[2026-05-02T04:02:51Z] [INFO] 📊 Domain correlation matrices created: 1
[2026-05-02T04:02:51Z] [SECTION] ============================================================
[2026-05-02T04:02:51Z] [INFO] 🖼️  PHASE: IMAGE-SEED ANALYSIS
[2026-05-02T04:02:51Z] [INFO] 📂 Image seed analysis bootstrapping from 5 images...
[2026-05-02T04:02:51Z] [SECTION] ============================================================
[2026-05-02T04:02:51Z] [INFO] 📤 PHASE: PUSH COMPONENTS TO TOLARIA
[2026-05-02T04:02:53Z] [INFO] 📦 Components pushed to Tolaria: 5
[2026-05-02T04:02:53Z] [SECTION] ============================================================
[2026-05-02T04:02:53Z] [INFO] 🧩 PHASE: COMPOSER - DOMAIN INTEGRATION SYNTHESIS
[2026-05-02T04:03:13Z] [INFO] 🎨 Domain integrations synthesized: 0
[2026-05-02T04:03:13Z] [SECTION] ============================================================
[2026-05-02T04:03:13Z] [INFO] 🚀 PHASE: ADVANCED OVERNIGHT LOOP
[2026-05-02T04:04:20Z] [INFO] 🔬 Advanced loop completed cycles: 0
[2026-05-02T04:04:20Z] [WARNING] ⚠️  Git commit skipped or failed (git not initialized?): Command '['git', '-C', '/home/avalonas/.hermes/gematria/unified_overnight_research', 'add', '.']' returned non-zero exit status 128.
[2026-05-02T04:04:20Z] [INFO] 
📊 CYCLE #35 SUMMARY
[2026-05-02T04:04:20Z] [INFO] ✅ Successful tasks: 7/7
[2026-05-02T04:04:20Z] [INFO] ⏱️  Cycle duration: 89.38s
[2026-05-02T04:04:20Z] [INFO]    ⚠️ task: result
[2026-05-02T04:04:20Z] [INFO]    ⚠️ task: result
[2026-05-02T04:04:20Z] [INFO]    ⚠️ task: result
[2026-05-02T04:04:20Z] [INFO]    ⚠️ task: result
[2026-05-02T04:04:20Z] [INFO]    ⚠️ task: result
[2026-05-02T04:04:20Z] [INFO]    ⚠️ task: result
[2026-05-02T04:04:20Z] [INFO]    ⚠️ task: result
[2026-05-02T04:04:20Z] [HEADER] ================================================================================
[2026-05-02T04:04:20Z] [INFO] 🔄 OVERNIGHT RESEARCH PIPELINE - CYCLE #36
[2026-05-02T04:04:20Z] [INFO] ================================================================================
[2026-05-02T04:04:20Z] [HEADER] ============================================================
[2026-05-02T04:04:20Z] [INFO] 🌙 STARTING OVERNIGHT RESEARCH CYCLE #36
[2026-05-02T04:04:20Z] [INFO] 🔍 Running overnight research protocol (web scraping + cross-symbol analysis)...
[2026-05-02T04:04:20Z] [INFO] 📊 Cycle duration: 0.11s, Files generated: 0
[2026-05-02T04:04:20Z] [WARNING] ⚠️ Database not initialized for cycle counting
[2026-05-02T04:04:20Z] [INFO] 💾 Database updated with cycle results
[2026-05-02T04:04:20Z] [SECTION] ============================================================
[2026-05-02T04:04:20Z] [INFO] 🔮 PHASE: HIDDEN LAYERING DETECTION
[2026-05-02T04:04:20Z] [INFO] 🔗 Hidden layering detection complete. Connections identified: 2
[2026-05-02T04:04:20Z] [SECTION] ============================================================
[2026-05-02T04:04:20Z] [INFO] 🔬 PHASE: DOMAIN CORRELATION ANALYSIS
[2026-05-02T04:04:20Z] [INFO] 📊 Domain correlation matrices created: 1
[2026-05-02T04:04:20Z] [SECTION] ============================================================
[2026-05-02T04:04:20Z] [INFO] 🖼️  PHASE: IMAGE-SEED ANALYSIS
[2026-05-02T04:04:20Z] [INFO] 📂 Image seed analysis bootstrapping from 5 images...
[2026-05-02T04:04:20Z] [SECTION] ============================================================
[2026-05-02T04:04:20Z] [INFO] 📤 PHASE: PUSH COMPONENTS TO TOLARIA
[2026-05-02T04:04:21Z] [INFO] 📦 Components pushed to Tolaria: 5
[2026-05-02T04:04:21Z] [SECTION] ============================================================
[2026-05-02T04:04:21Z] [INFO] 🧩 PHASE: COMPOSER - DOMAIN INTEGRATION SYNTHESIS
[2026-05-02T04:04:42Z] [INFO] 🎨 Domain integrations synthesized: 0
[2026-05-02T04:04:42Z] [SECTION] ============================================================
[2026-05-02T04:04:42Z] [INFO] 🚀 PHASE: ADVANCED OVERNIGHT LOOP
[2026-05-02T04:05:49Z] [INFO] 🔬 Advanced loop completed cycles: 0
[2026-05-02T04:05:49Z] [WARNING] ⚠️  Git commit skipped or failed (git not initialized?): Command '['git', '-C', '/home/avalonas/.hermes/gematria/unified_overnight_research', 'add', '.']' returned non-zero exit status 128.
[2026-05-02T04:05:49Z] [INFO] 
📊 CYCLE #36 SUMMARY
[2026-05-02T04:05:49Z] [INFO] ✅ Successful tasks: 7/7
[2026-05-02T04:05:49Z] [INFO] ⏱️  Cycle duration: 89.00s
[2026-05-02T04:05:49Z] [INFO]    ⚠️ task: result
[2026-05-02T04:05:49Z] [INFO]    ⚠️ task: result
[2026-05-02T04:05:49Z] [INFO]    ⚠️ task: result
[2026-05-02T04:05:49Z] [INFO]    ⚠️ task: result
[2026-05-02T04:05:49Z] [INFO]    ⚠️ task: result
[2026-05-02T04:05:49Z] [INFO]    ⚠️ task: result
[2026-05-02T04:05:49Z] [INFO]    ⚠️ task: result
[2026-05-02T04:05:49Z] [HEADER] ================================================================================
[2026-05-02T04:05:49Z] [INFO] 🔄 OVERNIGHT RESEARCH PIPELINE - CYCLE #37
[2026-05-02T04:05:49Z] [INFO] ================================================================================
[2026-05-02T04:05:49Z] [HEADER] ============================================================
[2026-05-02T04:05:49Z] [INFO] 🌙 STARTING OVERNIGHT RESEARCH CYCLE #37
[2026-05-02T04:05:49Z] [INFO] 🔍 Running overnight research protocol (web scraping + cross-symbol analysis)...
[2026-05-02T04:05:49Z] [INFO] 📊 Cycle duration: 0.11s, Files generated: 0
[2026-05-02T04:05:49Z] [WARNING] ⚠️ Database not initialized for cycle counting
[2026-05-02T04:05:49Z] [INFO] 💾 Database updated with cycle results
[2026-05-02T04:05:49Z] [SECTION] ============================================================
[2026-05-02T04:05:49Z] [INFO] 🔮 PHASE: HIDDEN LAYERING DETECTION
[2026-05-02T04:05:49Z] [INFO] 🔗 Hidden layering detection complete. Connections identified: 2
[2026-05-02T04:05:49Z] [SECTION] ============================================================
[2026-05-02T04:05:49Z] [INFO] 🔬 PHASE: DOMAIN CORRELATION ANALYSIS
[2026-05-02T04:05:49Z] [INFO] 📊 Domain correlation matrices created: 1
[2026-05-02T04:05:49Z] [SECTION] ============================================================
[2026-05-02T04:05:49Z] [INFO] 🖼️  PHASE: IMAGE-SEED ANALYSIS
[2026-05-02T04:05:49Z] [INFO] 📂 Image seed analysis bootstrapping from 5 images...
[2026-05-02T04:05:49Z] [SECTION] ============================================================
[2026-05-02T04:05:49Z] [INFO] 📤 PHASE: PUSH COMPONENTS TO TOLARIA
[2026-05-02T04:05:50Z] [INFO] 📦 Components pushed to Tolaria: 5
[2026-05-02T04:05:50Z] [SECTION] ============================================================
[2026-05-02T04:05:50Z] [INFO] 🧩 PHASE: COMPOSER - DOMAIN INTEGRATION SYNTHESIS
[2026-05-02T04:06:12Z] [INFO] 🎨 Domain integrations synthesized: 0
[2026-05-02T04:06:12Z] [SECTION] ============================================================
[2026-05-02T04:06:12Z] [INFO] 🚀 PHASE: ADVANCED OVERNIGHT LOOP
[2026-05-02T04:07:18Z] [INFO] 🔬 Advanced loop completed cycles: 0
[2026-05-02T04:07:18Z] [WARNING] ⚠️  Git commit skipped or failed (git not initialized?): Command '['git', '-C', '/home/avalonas/.hermes/gematria/unified_overnight_research', 'add', '.']' returned non-zero exit status 128.
[2026-05-02T04:07:18Z] [INFO] 
📊 CYCLE #37 SUMMARY
[2026-05-02T04:07:18Z] [INFO] ✅ Successful tasks: 7/7
[2026-05-02T04:07:18Z] [INFO] ⏱️  Cycle duration: 89.12s
[2026-05-02T04:07:18Z] [INFO]    ⚠️ task: result
[2026-05-02T04:07:18Z] [INFO]    ⚠️ task: result
[2026-05-02T04:07:18Z] [INFO]    ⚠️ task: result
[2026-05-02T04:07:18Z] [INFO]    ⚠️ task: result
[2026-05-02T04:07:18Z] [INFO]    ⚠️ task: result
[2026-05-02T04:07:18Z] [INFO]    ⚠️ task: result
[2026-05-02T04:07:18Z] [INFO]    ⚠️ task: result
[2026-05-02T04:07:18Z] [HEADER] ================================================================================
[2026-05-02T04:07:18Z] [INFO] 🔄 OVERNIGHT RESEARCH PIPELINE - CYCLE #38
[2026-05-02T04:07:18Z] [INFO] ================================================================================
[2026-05-02T04:07:18Z] [HEADER] ============================================================
[2026-05-02T04:07:18Z] [INFO] 🌙 STARTING OVERNIGHT RESEARCH CYCLE #38
[2026-05-02T04:07:18Z] [INFO] 🔍 Running overnight research protocol (web scraping + cross-symbol analysis)...
[2026-05-02T04:07:18Z] [INFO] 📊 Cycle duration: 0.10s, Files generated: 0
[2026-05-02T04:07:18Z] [WARNING] ⚠️ Database not initialized for cycle counting
[2026-05-02T04:07:18Z] [INFO] 💾 Database updated with cycle results
[2026-05-02T04:07:18Z] [SECTION] ============================================================
[2026-05-02T04:07:18Z] [INFO] 🔮 PHASE: HIDDEN LAYERING DETECTION
[2026-05-02T04:07:18Z] [INFO] 🔗 Hidden layering detection complete. Connections identified: 2
[2026-05-02T04:07:18Z] [SECTION] ============================================================
[2026-05-02T04:07:18Z] [INFO] 🔬 PHASE: DOMAIN CORRELATION ANALYSIS
[2026-05-02T04:07:18Z] [INFO] 📊 Domain correlation matrices created: 2
[2026-05-02T04:07:18Z] [SECTION] ============================================================
[2026-05-02T04:07:18Z] [INFO] 🖼️  PHASE: IMAGE-SEED ANALYSIS
[2026-05-02T04:07:18Z] [INFO] 📂 Image seed analysis bootstrapping from 5 images...
[2026-05-02T04:07:18Z] [SECTION] ============================================================
[2026-05-02T04:07:18Z] [INFO] 📤 PHASE: PUSH COMPONENTS TO TOLARIA
[2026-05-02T04:07:19Z] [INFO] 📦 Components pushed to Tolaria: 5
[2026-05-02T04:07:19Z] [SECTION] ============================================================
[2026-05-02T04:07:19Z] [INFO] 🧩 PHASE: COMPOSER - DOMAIN INTEGRATION SYNTHESIS
[2026-05-02T04:07:41Z] [INFO] 🎨 Domain integrations synthesized: 0
[2026-05-02T04:07:41Z] [SECTION] ============================================================
[2026-05-02T04:07:41Z] [INFO] 🚀 PHASE: ADVANCED OVERNIGHT LOOP
[2026-05-02T04:08:47Z] [INFO] 🔬 Advanced loop completed cycles: 0
[2026-05-02T04:08:48Z] [WARNING] ⚠️  Git commit skipped or failed (git not initialized?): Command '['git', '-C', '/home/avalonas/.hermes/gematria/unified_overnight_research', 'add', '.']' returned non-zero exit status 128.
[2026-05-02T04:08:48Z] [INFO] 
📊 CYCLE #38 SUMMARY
[2026-05-02T04:08:48Z] [INFO] ✅ Successful tasks: 7/7
[2026-05-02T04:08:48Z] [INFO] ⏱️  Cycle duration: 89.54s
[2026-05-02T04:08:48Z] [INFO]    ⚠️ task: result
[2026-05-02T04:08:48Z] [INFO]    ⚠️ task: result
[2026-05-02T04:08:48Z] [INFO]    ⚠️ task: result
[2026-05-02T04:08:48Z] [INFO]    ⚠️ task: result
[2026-05-02T04:08:48Z] [INFO]    ⚠️ task: result
[2026-05-02T04:08:48Z] [INFO]    ⚠️ task: result
[2026-05-02T04:08:48Z] [INFO]    ⚠️ task: result
[2026-05-02T04:08:48Z] [HEADER] ================================================================================
[2026-05-02T04:08:48Z] [INFO] 🔄 OVERNIGHT RESEARCH PIPELINE - CYCLE #39
[2026-05-02T04:08:48Z] [INFO] ================================================================================
[2026-05-02T04:08:48Z] [HEADER] ============================================================
[2026-05-02T04:08:48Z] [INFO] 🌙 STARTING OVERNIGHT RESEARCH CYCLE #39
[2026-05-02T04:08:48Z] [INFO] 🔍 Running overnight research protocol (web scraping + cross-symbol analysis)...
[2026-05-02T04:08:48Z] [INFO] 📊 Cycle duration: 0.10s, Files generated: 0
[2026-05-02T04:08:48Z] [WARNING] ⚠️ Database not initialized for cycle counting
[2026-05-02T04:08:48Z] [INFO] 💾 Database updated with cycle results
[2026-05-02T04:08:48Z] [SECTION] ============================================================
[2026-05-02T04:08:48Z] [INFO] 🔮 PHASE: HIDDEN LAYERING DETECTION
[2026-05-02T04:08:48Z] [INFO] 🔗 Hidden layering detection complete. Connections identified: 2
[2026-05-02T04:08:48Z] [SECTION] ============================================================
[2026-05-02T04:08:48Z] [INFO] 🔬 PHASE: DOMAIN CORRELATION ANALYSIS
[2026-05-02T04:08:48Z] [INFO] 📊 Domain correlation matrices created: 2
[2026-05-02T04:08:48Z] [SECTION] ============================================================
[2026-05-02T04:08:48Z] [INFO] 🖼️  PHASE: IMAGE-SEED ANALYSIS
[2026-05-02T04:08:48Z] [INFO] 📂 Image seed analysis bootstrapping from 5 images...
[2026-05-02T04:08:48Z] [SECTION] ============================================================
[2026-05-02T04:08:48Z] [INFO] 📤 PHASE: PUSH COMPONENTS TO TOLARIA
[2026-05-02T04:08:49Z] [INFO] 📦 Components pushed to Tolaria: 5
[2026-05-02T04:08:49Z] [SECTION] ============================================================
[2026-05-02T04:08:49Z] [INFO] 🧩 PHASE: COMPOSER - DOMAIN INTEGRATION SYNTHESIS
[2026-05-02T04:09:10Z] [INFO] 🎨 Domain integrations synthesized: 0
[2026-05-02T04:09:10Z] [SECTION] ============================================================
[2026-05-02T04:09:10Z] [INFO] 🚀 PHASE: ADVANCED OVERNIGHT LOOP
[2026-05-02T04:10:17Z] [INFO] 🔬 Advanced loop completed cycles: 0
[2026-05-02T04:10:17Z] [WARNING] ⚠️  Git commit skipped or failed (git not initialized?): Command '['git', '-C', '/home/avalonas/.hermes/gematria/unified_overnight_research', 'add', '.']' returned non-zero exit status 128.
[2026-05-02T04:10:17Z] [INFO] 
📊 CYCLE #39 SUMMARY
[2026-05-02T04:10:17Z] [INFO] ✅ Successful tasks: 7/7
[2026-05-02T04:10:17Z] [INFO] ⏱️  Cycle duration: 89.09s
[2026-05-02T04:10:17Z] [INFO]    ⚠️ task: result
[2026-05-02T04:10:17Z] [INFO]    ⚠️ task: result
[2026-05-02T04:10:17Z] [INFO]    ⚠️ task: result
[2026-05-02T04:10:17Z] [INFO]    ⚠️ task: result
[2026-05-02T04:10:17Z] [INFO]    ⚠️ task: result
[2026-05-02T04:10:17Z] [INFO]    ⚠️ task: result
[2026-05-02T04:10:17Z] [INFO]    ⚠️ task: result
[2026-05-02T04:10:17Z] [HEADER] ================================================================================
[2026-05-02T04:10:17Z] [INFO] 🔄 OVERNIGHT RESEARCH PIPELINE - CYCLE #40
[2026-05-02T04:10:17Z] [INFO] ================================================================================
[2026-05-02T04:10:17Z] [HEADER] ============================================================
[2026-05-02T04:10:17Z] [INFO] 🌙 STARTING OVERNIGHT RESEARCH CYCLE #40
[2026-05-02T04:10:17Z] [INFO] 🔍 Running overnight research protocol (web scraping + cross-symbol analysis)...
[2026-05-02T04:10:17Z] [INFO] 📊 Cycle duration: 0.10s, Files generated: 0
[2026-05-02T04:10:17Z] [WARNING] ⚠️ Database not initialized for cycle counting
[2026-05-02T04:10:17Z] [INFO] 💾 Database updated with cycle results
[2026-05-02T04:10:17Z] [SECTION] ============================================================
[2026-05-02T04:10:17Z] [INFO] 🔮 PHASE: HIDDEN LAYERING DETECTION
[2026-05-02T04:10:17Z] [INFO] 🔗 Hidden layering detection complete. Connections identified: 2
[2026-05-02T04:10:17Z] [SECTION] ============================================================
[2026-05-02T04:10:17Z] [INFO] 🔬 PHASE: DOMAIN CORRELATION ANALYSIS
[2026-05-02T04:10:17Z] [INFO] 📊 Domain correlation matrices created: 2
[2026-05-02T04:10:17Z] [SECTION] ============================================================
[2026-05-02T04:10:17Z] [INFO] 🖼️  PHASE: IMAGE-SEED ANALYSIS
[2026-05-02T04:10:17Z] [INFO] 📂 Image seed analysis bootstrapping from 5 images...
[2026-05-02T04:10:17Z] [SECTION] ============================================================
[2026-05-02T04:10:17Z] [INFO] 📤 PHASE: PUSH COMPONENTS TO TOLARIA
[2026-05-02T04:10:18Z] [INFO] 📦 Components pushed to Tolaria: 5
[2026-05-02T04:10:18Z] [SECTION] ============================================================
[2026-05-02T04:10:18Z] [INFO] 🧩 PHASE: COMPOSER - DOMAIN INTEGRATION SYNTHESIS
[2026-05-02T04:10:39Z] [INFO] 🎨 Domain integrations synthesized: 0
[2026-05-02T04:10:39Z] [SECTION] ============================================================
[2026-05-02T04:10:39Z] [INFO] 🚀 PHASE: ADVANCED OVERNIGHT LOOP
[2026-05-02T04:11:46Z] [INFO] 🔬 Advanced loop completed cycles: 0
[2026-05-02T04:11:47Z] [WARNING] ⚠️  Git commit skipped or failed (git not initialized?): Command '['git', '-C', '/home/avalonas/.hermes/gematria/unified_overnight_research', 'add', '.']' returned non-zero exit status 128.
[2026-05-02T04:11:47Z] [INFO] 
📊 CYCLE #40 SUMMARY
[2026-05-02T04:11:47Z] [INFO] ✅ Successful tasks: 7/7
[2026-05-02T04:11:47Z] [INFO] ⏱️  Cycle duration: 89.88s
[2026-05-02T04:11:47Z] [INFO]    ⚠️ task: result
[2026-05-02T04:11:47Z] [INFO]    ⚠️ task: result
[2026-05-02T04:11:47Z] [INFO]    ⚠️ task: result
[2026-05-02T04:11:47Z] [INFO]    ⚠️ task: result
[2026-05-02T04:11:47Z] [INFO]    ⚠️ task: result
[2026-05-02T04:11:47Z] [INFO]    ⚠️ task: result
[2026-05-02T04:11:47Z] [INFO]    ⚠️ task: result
[2026-05-02T04:11:47Z] [HEADER] ================================================================================
[2026-05-02T04:11:47Z] [INFO] 🔄 OVERNIGHT RESEARCH PIPELINE - CYCLE #41
[2026-05-02T04:11:47Z] [INFO] ================================================================================
[2026-05-02T04:11:47Z] [HEADER] ============================================================
[2026-05-02T04:11:47Z] [INFO] 🌙 STARTING OVERNIGHT RESEARCH CYCLE #41
[2026-05-02T04:11:47Z] [INFO] 🔍 Running overnight research protocol (web scraping + cross-symbol analysis)...
[2026-05-02T04:11:47Z] [INFO] 📊 Cycle duration: 0.13s, Files generated: 0
[2026-05-02T04:11:47Z] [WARNING] ⚠️ Database not initialized for cycle counting
[2026-05-02T04:11:47Z] [INFO] 💾 Database updated with cycle results
[2026-05-02T04:11:47Z] [SECTION] ============================================================
[2026-05-02T04:11:47Z] [INFO] 🔮 PHASE: HIDDEN LAYERING DETECTION
[2026-05-02T04:11:47Z] [INFO] 🔗 Hidden layering detection complete. Connections identified: 2
[2026-05-02T04:11:47Z] [SECTION] ============================================================
[2026-05-02T04:11:47Z] [INFO] 🔬 PHASE: DOMAIN CORRELATION ANALYSIS
[2026-05-02T04:11:47Z] [INFO] 📊 Domain correlation matrices created: 2
[2026-05-02T04:11:47Z] [SECTION] ============================================================
[2026-05-02T04:11:47Z] [INFO] 🖼️  PHASE: IMAGE-SEED ANALYSIS
[2026-05-02T04:11:47Z] [INFO] 📂 Image seed analysis bootstrapping from 5 images...
[2026-05-02T04:11:47Z] [SECTION] ============================================================
[2026-05-02T04:11:47Z] [INFO] 📤 PHASE: PUSH COMPONENTS TO TOLARIA
[2026-05-02T04:11:48Z] [INFO] 📦 Components pushed to Tolaria: 5
[2026-05-02T04:11:48Z] [SECTION] ============================================================
[2026-05-02T04:11:48Z] [INFO] 🧩 PHASE: COMPOSER - DOMAIN INTEGRATION SYNTHESIS
[2026-05-02T04:12:09Z] [INFO] 🎨 Domain integrations synthesized: 0
[2026-05-02T04:12:09Z] [SECTION] ============================================================
[2026-05-02T04:12:09Z] [INFO] 🚀 PHASE: ADVANCED OVERNIGHT LOOP
[2026-05-02T04:13:15Z] [INFO] 🔬 Advanced loop completed cycles: 0
[2026-05-02T04:13:15Z] [WARNING] ⚠️  Git commit skipped or failed (git not initialized?): Command '['git', '-C', '/home/avalonas/.hermes/gematria/unified_overnight_research', 'add', '.']' returned non-zero exit status 128.
[2026-05-02T04:13:15Z] [INFO] 
📊 CYCLE #41 SUMMARY
[2026-05-02T04:13:15Z] [INFO] ✅ Successful tasks: 7/7
[2026-05-02T04:13:15Z] [INFO] ⏱️  Cycle duration: 88.73s
[2026-05-02T04:13:15Z] [INFO]    ⚠️ task: result
[2026-05-02T04:13:15Z] [INFO]    ⚠️ task: result
[2026-05-02T04:13:15Z] [INFO]    ⚠️ task: result
[2026-05-02T04:13:15Z] [INFO]    ⚠️ task: result
[2026-05-02T04:13:15Z] [INFO]    ⚠️ task: result
[2026-05-02T04:13:15Z] [INFO]    ⚠️ task: result
[2026-05-02T04:13:15Z] [INFO]    ⚠️ task: result
[2026-05-02T04:13:15Z] [HEADER] ================================================================================
[2026-05-02T04:13:15Z] [INFO] 🔄 OVERNIGHT RESEARCH PIPELINE - CYCLE #42
[2026-05-02T04:13:15Z] [INFO] ================================================================================
[2026-05-02T04:13:15Z] [HEADER] ============================================================
[2026-05-02T04:13:15Z] [INFO] 🌙 STARTING OVERNIGHT RESEARCH CYCLE #42
[2026-05-02T04:13:15Z] [INFO] 🔍 Running overnight research protocol (web scraping + cross-symbol analysis)...
[2026-05-02T04:13:15Z] [INFO] 📊 Cycle duration: 0.10s, Files generated: 0
[2026-05-02T04:13:15Z] [WARNING] ⚠️ Database not initialized for cycle counting
[2026-05-02T04:13:15Z] [INFO] 💾 Database updated with cycle results
[2026-05-02T04:13:15Z] [SECTION] ============================================================
[2026-05-02T04:13:15Z] [INFO] 🔮 PHASE: HIDDEN LAYERING DETECTION
[2026-05-02T04:13:15Z] [INFO] 🔗 Hidden layering detection complete. Connections identified: 2
[2026-05-02T04:13:15Z] [SECTION] ============================================================
[2026-05-02T04:13:15Z] [INFO] 🔬 PHASE: DOMAIN CORRELATION ANALYSIS
[2026-05-02T04:13:15Z] [INFO] 📊 Domain correlation matrices created: 2
[2026-05-02T04:13:15Z] [SECTION] ============================================================
[2026-05-02T04:13:15Z] [INFO] 🖼️  PHASE: IMAGE-SEED ANALYSIS
[2026-05-02T04:13:15Z] [INFO] 📂 Image seed analysis bootstrapping from 5 images...
[2026-05-02T04:13:15Z] [SECTION] ============================================================
[2026-05-02T04:13:15Z] [INFO] 📤 PHASE: PUSH COMPONENTS TO TOLARIA
[2026-05-02T04:13:16Z] [INFO] 📦 Components pushed to Tolaria: 5
[2026-05-02T04:13:16Z] [SECTION] ============================================================
[2026-05-02T04:13:16Z] [INFO] 🧩 PHASE: COMPOSER - DOMAIN INTEGRATION SYNTHESIS
[2026-05-02T04:13:38Z] [INFO] 🎨 Domain integrations synthesized: 0
[2026-05-02T04:13:38Z] [SECTION] ============================================================
[2026-05-02T04:13:38Z] [INFO] 🚀 PHASE: ADVANCED OVERNIGHT LOOP
[2026-05-02T04:14:45Z] [INFO] 🔬 Advanced loop completed cycles: 0
[2026-05-02T04:14:45Z] [WARNING] ⚠️  Git commit skipped or failed (git not initialized?): Command '['git', '-C', '/home/avalonas/.hermes/gematria/unified_overnight_research', 'add', '.']' returned non-zero exit status 128.
[2026-05-02T04:14:45Z] [INFO] 
📊 CYCLE #42 SUMMARY
[2026-05-02T04:14:45Z] [INFO] ✅ Successful tasks: 7/7
[2026-05-02T04:14:45Z] [INFO] ⏱️  Cycle duration: 89.63s
[2026-05-02T04:14:45Z] [INFO]    ⚠️ task: result
[2026-05-02T04:14:45Z] [INFO]    ⚠️ task: result
[2026-05-02T04:14:45Z] [INFO]    ⚠️ task: result
[2026-05-02T04:14:45Z] [INFO]    ⚠️ task: result
[2026-05-02T04:14:45Z] [INFO]    ⚠️ task: result
[2026-05-02T04:14:45Z] [INFO]    ⚠️ task: result
[2026-05-02T04:14:45Z] [INFO]    ⚠️ task: result
[2026-05-02T04:14:45Z] [HEADER] ================================================================================
[2026-05-02T04:14:45Z] [INFO] 🔄 OVERNIGHT RESEARCH PIPELINE - CYCLE #43
[2026-05-02T04:14:45Z] [INFO] ================================================================================
[2026-05-02T04:14:45Z] [HEADER] ============================================================
[2026-05-02T04:14:45Z] [INFO] 🌙 STARTING OVERNIGHT RESEARCH CYCLE #43
[2026-05-02T04:14:45Z] [INFO] 🔍 Running overnight research protocol (web scraping + cross-symbol analysis)...
[2026-05-02T04:14:45Z] [INFO] 📊 Cycle duration: 0.11s, Files generated: 0
[2026-05-02T04:14:45Z] [WARNING] ⚠️ Database not initialized for cycle counting
[2026-05-02T04:14:45Z] [INFO] 💾 Database updated with cycle results
[2026-05-02T04:14:45Z] [SECTION] ============================================================
[2026-05-02T04:14:45Z] [INFO] 🔮 PHASE: HIDDEN LAYERING DETECTION
[2026-05-02T04:14:45Z] [INFO] 🔗 Hidden layering detection complete. Connections identified: 2
[2026-05-02T04:14:45Z] [SECTION] ============================================================
[2026-05-02T04:14:45Z] [INFO] 🔬 PHASE: DOMAIN CORRELATION ANALYSIS
[2026-05-02T04:14:45Z] [INFO] 📊 Domain correlation matrices created: 2
[2026-05-02T04:14:45Z] [SECTION] ============================================================
[2026-05-02T04:14:45Z] [INFO] 🖼️  PHASE: IMAGE-SEED ANALYSIS
[2026-05-02T04:14:45Z] [INFO] 📂 Image seed analysis bootstrapping from 5 images...
[2026-05-02T04:14:45Z] [SECTION] ============================================================
[2026-05-02T04:14:45Z] [INFO] 📤 PHASE: PUSH COMPONENTS TO TOLARIA
[2026-05-02T04:14:46Z] [INFO] 📦 Components pushed to Tolaria: 5
[2026-05-02T04:14:46Z] [SECTION] ============================================================
[2026-05-02T04:14:46Z] [INFO] 🧩 PHASE: COMPOSER - DOMAIN INTEGRATION SYNTHESIS
[2026-05-02T04:15:08Z] [INFO] 🎨 Domain integrations synthesized: 0
[2026-05-02T04:15:08Z] [SECTION] ============================================================
[2026-05-02T04:15:08Z] [INFO] 🚀 PHASE: ADVANCED OVERNIGHT LOOP
[2026-05-02T04:16:15Z] [INFO] 🔬 Advanced loop completed cycles: 0
[2026-05-02T04:16:15Z] [WARNING] ⚠️  Git commit skipped or failed (git not initialized?): Command '['git', '-C', '/home/avalonas/.hermes/gematria/unified_overnight_research', 'add', '.']' returned non-zero exit status 128.
[2026-05-02T04:16:15Z] [INFO] 
📊 CYCLE #43 SUMMARY
[2026-05-02T04:16:15Z] [INFO] ✅ Successful tasks: 7/7
[2026-05-02T04:16:15Z] [INFO] ⏱️  Cycle duration: 90.12s
[2026-05-02T04:16:15Z] [INFO]    ⚠️ task: result
[2026-05-02T04:16:15Z] [INFO]    ⚠️ task: result
[2026-05-02T04:16:15Z] [INFO]    ⚠️ task: result
[2026-05-02T04:16:15Z] [INFO]    ⚠️ task: result
[2026-05-02T04:16:15Z] [INFO]    ⚠️ task: result
[2026-05-02T04:16:15Z] [INFO]    ⚠️ task: result
[2026-05-02T04:16:15Z] [INFO]    ⚠️ task: result
[2026-05-02T04:16:15Z] [HEADER] ================================================================================
[2026-05-02T04:16:15Z] [INFO] 🔄 OVERNIGHT RESEARCH PIPELINE - CYCLE #44
[2026-05-02T04:16:15Z] [INFO] ================================================================================
[2026-05-02T04:16:15Z] [HEADER] ============================================================
[2026-05-02T04:16:15Z] [INFO] 🌙 STARTING OVERNIGHT RESEARCH CYCLE #44
[2026-05-02T04:16:15Z] [INFO] 🔍 Running overnight research protocol (web scraping + cross-symbol analysis)...
[2026-05-02T04:16:15Z] [INFO] 📊 Cycle duration: 0.11s, Files generated: 0
[2026-05-02T04:16:15Z] [WARNING] ⚠️ Database not initialized for cycle counting
[2026-05-02T04:16:15Z] [INFO] 💾 Database updated with cycle results
[2026-05-02T04:16:15Z] [SECTION] ============================================================
[2026-05-02T04:16:15Z] [INFO] 🔮 PHASE: HIDDEN LAYERING DETECTION
[2026-05-02T04:16:15Z] [INFO] 🔗 Hidden layering detection complete. Connections identified: 2
[2026-05-02T04:16:15Z] [SECTION] ============================================================
[2026-05-02T04:16:15Z] [INFO] 🔬 PHASE: DOMAIN CORRELATION ANALYSIS
[2026-05-02T04:16:15Z] [INFO] 📊 Domain correlation matrices created: 2
[2026-05-02T04:16:15Z] [SECTION] ============================================================
[2026-05-02T04:16:15Z] [INFO] 🖼️  PHASE: IMAGE-SEED ANALYSIS
[2026-05-02T04:16:15Z] [INFO] 📂 Image seed analysis bootstrapping from 5 images...
[2026-05-02T04:16:15Z] [SECTION] ============================================================
[2026-05-02T04:16:15Z] [INFO] 📤 PHASE: PUSH COMPONENTS TO TOLARIA
[2026-05-02T04:16:16Z] [INFO] 📦 Components pushed to Tolaria: 5
[2026-05-02T04:16:16Z] [SECTION] ============================================================
[2026-05-02T04:16:16Z] [INFO] 🧩 PHASE: COMPOSER - DOMAIN INTEGRATION SYNTHESIS
[2026-05-02T04:16:38Z] [INFO] 🎨 Domain integrations synthesized: 0
[2026-05-02T04:16:38Z] [SECTION] ============================================================
[2026-05-02T04:16:38Z] [INFO] 🚀 PHASE: ADVANCED OVERNIGHT LOOP
[2026-05-02T04:17:43Z] [INFO] 🔬 Advanced loop completed cycles: 0
[2026-05-02T04:17:44Z] [WARNING] ⚠️  Git commit skipped or failed (git not initialized?): Command '['git', '-C', '/home/avalonas/.hermes/gematria/unified_overnight_research', 'add', '.']' returned non-zero exit status 128.
[2026-05-02T04:17:44Z] [INFO] 
📊 CYCLE #44 SUMMARY
[2026-05-02T04:17:44Z] [INFO] ✅ Successful tasks: 7/7
[2026-05-02T04:17:44Z] [INFO] ⏱️  Cycle duration: 88.50s
[2026-05-02T04:17:44Z] [INFO]    ⚠️ task: result
[2026-05-02T04:17:44Z] [INFO]    ⚠️ task: result
[2026-05-02T04:17:44Z] [INFO]    ⚠️ task: result
[2026-05-02T04:17:44Z] [INFO]    ⚠️ task: result
[2026-05-02T04:17:44Z] [INFO]    ⚠️ task: result
[2026-05-02T04:17:44Z] [INFO]    ⚠️ task: result
[2026-05-02T04:17:44Z] [INFO]    ⚠️ task: result
[2026-05-02T04:17:44Z] [HEADER] ================================================================================
[2026-05-02T04:17:44Z] [INFO] 🔄 OVERNIGHT RESEARCH PIPELINE - CYCLE #45
[2026-05-02T04:17:44Z] [INFO] ================================================================================
[2026-05-02T04:17:44Z] [HEADER] ============================================================
[2026-05-02T04:17:44Z] [INFO] 🌙 STARTING OVERNIGHT RESEARCH CYCLE #45
[2026-05-02T04:17:44Z] [INFO] 🔍 Running overnight research protocol (web scraping + cross-symbol analysis)...
[2026-05-02T04:17:44Z] [INFO] 📊 Cycle duration: 0.12s, Files generated: 0
[2026-05-02T04:17:44Z] [WARNING] ⚠️ Database not initialized for cycle counting
[2026-05-02T04:17:44Z] [INFO] 💾 Database updated with cycle results
[2026-05-02T04:17:44Z] [SECTION] ============================================================
[2026-05-02T04:17:44Z] [INFO] 🔮 PHASE: HIDDEN LAYERING DETECTION
[2026-05-02T04:17:44Z] [INFO] 🔗 Hidden layering detection complete. Connections identified: 2
[2026-05-02T04:17:44Z] [SECTION] ============================================================
[2026-05-02T04:17:44Z] [INFO] 🔬 PHASE: DOMAIN CORRELATION ANALYSIS
[2026-05-02T04:17:44Z] [INFO] 📊 Domain correlation matrices created: 2
[2026-05-02T04:17:44Z] [SECTION] ============================================================
[2026-05-02T04:17:44Z] [INFO] 🖼️  PHASE: IMAGE-SEED ANALYSIS
[2026-05-02T04:17:44Z] [INFO] 📂 Image seed analysis bootstrapping from 5 images...
[2026-05-02T04:17:44Z] [SECTION] ============================================================
[2026-05-02T04:17:44Z] [INFO] 📤 PHASE: PUSH COMPONENTS TO TOLARIA
[2026-05-02T04:17:45Z] [INFO] 📦 Components pushed to Tolaria: 5
[2026-05-02T04:17:45Z] [SECTION] ============================================================
[2026-05-02T04:17:45Z] [INFO] 🧩 PHASE: COMPOSER - DOMAIN INTEGRATION SYNTHESIS
[2026-05-02T04:18:06Z] [INFO] 🎨 Domain integrations synthesized: 0
[2026-05-02T04:18:06Z] [SECTION] ============================================================
[2026-05-02T04:18:06Z] [INFO] 🚀 PHASE: ADVANCED OVERNIGHT LOOP
[2026-05-02T04:19:13Z] [INFO] 🔬 Advanced loop completed cycles: 0
[2026-05-02T04:19:13Z] [WARNING] ⚠️  Git commit skipped or failed (git not initialized?): Command '['git', '-C', '/home/avalonas/.hermes/gematria/unified_overnight_research', 'add', '.']' returned non-zero exit status 128.
[2026-05-02T04:19:13Z] [INFO] 
📊 CYCLE #45 SUMMARY
[2026-05-02T04:19:13Z] [INFO] ✅ Successful tasks: 7/7
[2026-05-02T04:19:13Z] [INFO] ⏱️  Cycle duration: 89.14s
[2026-05-02T04:19:13Z] [INFO]    ⚠️ task: result
[2026-05-02T04:19:13Z] [INFO]    ⚠️ task: result
[2026-05-02T04:19:13Z] [INFO]    ⚠️ task: result
[2026-05-02T04:19:13Z] [INFO]    ⚠️ task: result
[2026-05-02T04:19:13Z] [INFO]    ⚠️ task: result
[2026-05-02T04:19:13Z] [INFO]    ⚠️ task: result
[2026-05-02T04:19:13Z] [INFO]    ⚠️ task: result
[2026-05-02T04:19:13Z] [HEADER] ================================================================================
[2026-05-02T04:19:13Z] [INFO] 🔄 OVERNIGHT RESEARCH PIPELINE - CYCLE #46
[2026-05-02T04:19:13Z] [INFO] ================================================================================
[2026-05-02T04:19:13Z] [HEADER] ============================================================
[2026-05-02T04:19:13Z] [INFO] 🌙 STARTING OVERNIGHT RESEARCH CYCLE #46
[2026-05-02T04:19:13Z] [INFO] 🔍 Running overnight research protocol (web scraping + cross-symbol analysis)...
[2026-05-02T04:19:13Z] [INFO] 📊 Cycle duration: 0.10s, Files generated: 0
[2026-05-02T04:19:13Z] [WARNING] ⚠️ Database not initialized for cycle counting
[2026-05-02T04:19:13Z] [INFO] 💾 Database updated with cycle results
[2026-05-02T04:19:13Z] [SECTION] ============================================================
[2026-05-02T04:19:13Z] [INFO] 🔮 PHASE: HIDDEN LAYERING DETECTION
[2026-05-02T04:19:13Z] [INFO] 🔗 Hidden layering detection complete. Connections identified: 2
[2026-05-02T04:19:13Z] [SECTION] ============================================================
[2026-05-02T04:19:13Z] [INFO] 🔬 PHASE: DOMAIN CORRELATION ANALYSIS
[2026-05-02T04:19:13Z] [INFO] 📊 Domain correlation matrices created: 2
[2026-05-02T04:19:13Z] [SECTION] ============================================================
[2026-05-02T04:19:13Z] [INFO] 🖼️  PHASE: IMAGE-SEED ANALYSIS
[2026-05-02T04:19:13Z] [INFO] 📂 Image seed analysis bootstrapping from 5 images...
[2026-05-02T04:19:13Z] [SECTION] ============================================================
[2026-05-02T04:19:13Z] [INFO] 📤 PHASE: PUSH COMPONENTS TO TOLARIA
[2026-05-02T04:19:14Z] [INFO] 📦 Components pushed to Tolaria: 5
[2026-05-02T04:19:14Z] [SECTION] ============================================================
[2026-05-02T04:19:14Z] [INFO] 🧩 PHASE: COMPOSER - DOMAIN INTEGRATION SYNTHESIS
[2026-05-02T04:19:35Z] [INFO] 🎨 Domain integrations synthesized: 0
[2026-05-02T04:19:35Z] [SECTION] ============================================================
[2026-05-02T04:19:35Z] [INFO] 🚀 PHASE: ADVANCED OVERNIGHT LOOP
[2026-05-02T04:20:43Z] [INFO] 🔬 Advanced loop completed cycles: 0
[2026-05-02T04:20:43Z] [WARNING] ⚠️  Git commit skipped or failed (git not initialized?): Command '['git', '-C', '/home/avalonas/.hermes/gematria/unified_overnight_research', 'add', '.']' returned non-zero exit status 128.
[2026-05-02T04:20:43Z] [INFO] 
📊 CYCLE #46 SUMMARY
[2026-05-02T04:20:43Z] [INFO] ✅ Successful tasks: 7/7
[2026-05-02T04:20:43Z] [INFO] ⏱️  Cycle duration: 90.11s
[2026-05-02T04:20:43Z] [INFO]    ⚠️ task: result
[2026-05-02T04:20:43Z] [INFO]    ⚠️ task: result
[2026-05-02T04:20:43Z] [INFO]    ⚠️ task: result
[2026-05-02T04:20:43Z] [INFO]    ⚠️ task: result
[2026-05-02T04:20:43Z] [INFO]    ⚠️ task: result
[2026-05-02T04:20:43Z] [INFO]    ⚠️ task: result
[2026-05-02T04:20:43Z] [INFO]    ⚠️ task: result
[2026-05-02T04:20:43Z] [HEADER] ================================================================================
[2026-05-02T04:20:43Z] [INFO] 🔄 OVERNIGHT RESEARCH PIPELINE - CYCLE #47
[2026-05-02T04:20:43Z] [INFO] ================================================================================
[2026-05-02T04:20:43Z] [HEADER] ============================================================
[2026-05-02T04:20:43Z] [INFO] 🌙 STARTING OVERNIGHT RESEARCH CYCLE #47
[2026-05-02T04:20:43Z] [INFO] 🔍 Running overnight research protocol (web scraping + cross-symbol analysis)...
[2026-05-02T04:20:43Z] [INFO] 📊 Cycle duration: 0.12s, Files generated: 0
[2026-05-02T04:20:43Z] [WARNING] ⚠️ Database not initialized for cycle counting
[2026-05-02T04:20:43Z] [INFO] 💾 Database updated with cycle results
[2026-05-02T04:20:43Z] [SECTION] ============================================================
[2026-05-02T04:20:43Z] [INFO] 🔮 PHASE: HIDDEN LAYERING DETECTION
[2026-05-02T04:20:43Z] [INFO] 🔗 Hidden layering detection complete. Connections identified: 2
[2026-05-02T04:20:43Z] [SECTION] ============================================================
[2026-05-02T04:20:43Z] [INFO] 🔬 PHASE: DOMAIN CORRELATION ANALYSIS
[2026-05-02T04:20:43Z] [INFO] 📊 Domain correlation matrices created: 2
[2026-05-02T04:20:43Z] [SECTION] ============================================================
[2026-05-02T04:20:43Z] [INFO] 🖼️  PHASE: IMAGE-SEED ANALYSIS
[2026-05-02T04:20:43Z] [INFO] 📂 Image seed analysis bootstrapping from 5 images...
[2026-05-02T04:20:43Z] [SECTION] ============================================================
[2026-05-02T04:20:43Z] [INFO] 📤 PHASE: PUSH COMPONENTS TO TOLARIA
[2026-05-02T04:20:44Z] [INFO] 📦 Components pushed to Tolaria: 5
[2026-05-02T04:20:44Z] [SECTION] ============================================================
[2026-05-02T04:20:44Z] [INFO] 🧩 PHASE: COMPOSER - DOMAIN INTEGRATION SYNTHESIS
[2026-05-02T04:21:06Z] [INFO] 🎨 Domain integrations synthesized: 0
[2026-05-02T04:21:06Z] [SECTION] ============================================================
[2026-05-02T04:21:06Z] [INFO] 🚀 PHASE: ADVANCED OVERNIGHT LOOP
[2026-05-02T04:22:12Z] [INFO] 🔬 Advanced loop completed cycles: 0
[2026-05-02T04:22:12Z] [WARNING] ⚠️  Git commit skipped or failed (git not initialized?): Command '['git', '-C', '/home/avalonas/.hermes/gematria/unified_overnight_research', 'add', '.']' returned non-zero exit status 128.
[2026-05-02T04:22:12Z] [INFO] 
📊 CYCLE #47 SUMMARY
[2026-05-02T04:22:12Z] [INFO] ✅ Successful tasks: 7/7
[2026-05-02T04:22:12Z] [INFO] ⏱️  Cycle duration: 88.88s
[2026-05-02T04:22:12Z] [INFO]    ⚠️ task: result
[2026-05-02T04:22:12Z] [INFO]    ⚠️ task: result
[2026-05-02T04:22:12Z] [INFO]    ⚠️ task: result
[2026-05-02T04:22:12Z] [INFO]    ⚠️ task: result
[2026-05-02T04:22:12Z] [INFO]    ⚠️ task: result
[2026-05-02T04:22:12Z] [INFO]    ⚠️ task: result
[2026-05-02T04:22:12Z] [INFO]    ⚠️ task: result
[2026-05-02T04:22:12Z] [HEADER] ================================================================================
[2026-05-02T04:22:12Z] [INFO] 🔄 OVERNIGHT RESEARCH PIPELINE - CYCLE #48
[2026-05-02T04:22:12Z] [INFO] ================================================================================
[2026-05-02T04:22:12Z] [HEADER] ============================================================
[2026-05-02T04:22:12Z] [INFO] 🌙 STARTING OVERNIGHT RESEARCH CYCLE #48
[2026-05-02T04:22:12Z] [INFO] 🔍 Running overnight research protocol (web scraping + cross-symbol analysis)...
[2026-05-02T04:22:12Z] [INFO] 📊 Cycle duration: 0.11s, Files generated: 0
[2026-05-02T04:22:12Z] [WARNING] ⚠️ Database not initialized for cycle counting
[2026-05-02T04:22:12Z] [INFO] 💾 Database updated with cycle results
[2026-05-02T04:22:12Z] [SECTION] ============================================================
[2026-05-02T04:22:12Z] [INFO] 🔮 PHASE: HIDDEN LAYERING DETECTION
[2026-05-02T04:22:12Z] [INFO] 🔗 Hidden layering detection complete. Connections identified: 2
[2026-05-02T04:22:12Z] [SECTION] ============================================================
[2026-05-02T04:22:12Z] [INFO] 🔬 PHASE: DOMAIN CORRELATION ANALYSIS
[2026-05-02T04:22:12Z] [INFO] 📊 Domain correlation matrices created: 2
[2026-05-02T04:22:12Z] [SECTION] ============================================================
[2026-05-02T04:22:12Z] [INFO] 🖼️  PHASE: IMAGE-SEED ANALYSIS
[2026-05-02T04:22:12Z] [INFO] 📂 Image seed analysis bootstrapping from 5 images...
[2026-05-02T04:22:12Z] [SECTION] ============================================================
[2026-05-02T04:22:12Z] [INFO] 📤 PHASE: PUSH COMPONENTS TO TOLARIA
[2026-05-02T04:22:13Z] [INFO] 📦 Components pushed to Tolaria: 5
[2026-05-02T04:22:13Z] [SECTION] ============================================================
[2026-05-02T04:22:13Z] [INFO] 🧩 PHASE: COMPOSER - DOMAIN INTEGRATION SYNTHESIS
[2026-05-02T04:22:34Z] [INFO] 🎨 Domain integrations synthesized: 0
[2026-05-02T04:22:34Z] [SECTION] ============================================================
[2026-05-02T04:22:34Z] [INFO] 🚀 PHASE: ADVANCED OVERNIGHT LOOP
[2026-05-02T04:23:41Z] [INFO] 🔬 Advanced loop completed cycles: 0
[2026-05-02T04:23:41Z] [WARNING] ⚠️  Git commit skipped or failed (git not initialized?): Command '['git', '-C', '/home/avalonas/.hermes/gematria/unified_overnight_research', 'add', '.']' returned non-zero exit status 128.
[2026-05-02T04:23:41Z] [INFO] 
📊 CYCLE #48 SUMMARY
[2026-05-02T04:23:41Z] [INFO] ✅ Successful tasks: 7/7
[2026-05-02T04:23:41Z] [INFO] ⏱️  Cycle duration: 89.26s
[2026-05-02T04:23:41Z] [INFO]    ⚠️ task: result
[2026-05-02T04:23:41Z] [INFO]    ⚠️ task: result
[2026-05-02T04:23:41Z] [INFO]    ⚠️ task: result
[2026-05-02T04:23:41Z] [INFO]    ⚠️ task: result
[2026-05-02T04:23:41Z] [INFO]    ⚠️ task: result
[2026-05-02T04:23:41Z] [INFO]    ⚠️ task: result
[2026-05-02T04:23:41Z] [INFO]    ⚠️ task: result
[2026-05-02T04:23:41Z] [HEADER] ================================================================================
[2026-05-02T04:23:41Z] [INFO] 🔄 OVERNIGHT RESEARCH PIPELINE - CYCLE #49
[2026-05-02T04:23:41Z] [INFO] ================================================================================
[2026-05-02T04:23:41Z] [HEADER] ============================================================
[2026-05-02T04:23:41Z] [INFO] 🌙 STARTING OVERNIGHT RESEARCH CYCLE #49
[2026-05-02T04:23:41Z] [INFO] 🔍 Running overnight research protocol (web scraping + cross-symbol analysis)...
[2026-05-02T04:23:41Z] [INFO] 📊 Cycle duration: 0.10s, Files generated: 0
[2026-05-02T04:23:41Z] [WARNING] ⚠️ Database not initialized for cycle counting
[2026-05-02T04:23:41Z] [INFO] 💾 Database updated with cycle results
[2026-05-02T04:23:41Z] [SECTION] ============================================================
[2026-05-02T04:23:41Z] [INFO] 🔮 PHASE: HIDDEN LAYERING DETECTION
[2026-05-02T04:23:41Z] [INFO] 🔗 Hidden layering detection complete. Connections identified: 2
[2026-05-02T04:23:41Z] [SECTION] ============================================================
[2026-05-02T04:23:41Z] [INFO] 🔬 PHASE: DOMAIN CORRELATION ANALYSIS
[2026-05-02T04:23:41Z] [INFO] 📊 Domain correlation matrices created: 2
[2026-05-02T04:23:41Z] [SECTION] ============================================================
[2026-05-02T04:23:41Z] [INFO] 🖼️  PHASE: IMAGE-SEED ANALYSIS
[2026-05-02T04:23:41Z] [INFO] 📂 Image seed analysis bootstrapping from 5 images...
[2026-05-02T04:23:41Z] [SECTION] ============================================================
[2026-05-02T04:23:41Z] [INFO] 📤 PHASE: PUSH COMPONENTS TO TOLARIA
[2026-05-02T04:23:42Z] [INFO] 📦 Components pushed to Tolaria: 5
[2026-05-02T04:23:42Z] [SECTION] ============================================================
[2026-05-02T04:23:42Z] [INFO] 🧩 PHASE: COMPOSER - DOMAIN INTEGRATION SYNTHESIS
[2026-05-02T04:24:04Z] [INFO] 🎨 Domain integrations synthesized: 0
[2026-05-02T04:24:04Z] [SECTION] ============================================================
[2026-05-02T04:24:04Z] [INFO] 🚀 PHASE: ADVANCED OVERNIGHT LOOP
[2026-05-02T04:25:10Z] [INFO] 🔬 Advanced loop completed cycles: 0
[2026-05-02T04:25:10Z] [WARNING] ⚠️  Git commit skipped or failed (git not initialized?): Command '['git', '-C', '/home/avalonas/.hermes/gematria/unified_overnight_research', 'add', '.']' returned non-zero exit status 128.
[2026-05-02T04:25:10Z] [INFO] 
📊 CYCLE #49 SUMMARY
[2026-05-02T04:25:10Z] [INFO] ✅ Successful tasks: 7/7
[2026-05-02T04:25:10Z] [INFO] ⏱️  Cycle duration: 89.12s
[2026-05-02T04:25:10Z] [INFO]    ⚠️ task: result
[2026-05-02T04:25:10Z] [INFO]    ⚠️ task: result
[2026-05-02T04:25:10Z] [INFO]    ⚠️ task: result
[2026-05-02T04:25:10Z] [INFO]    ⚠️ task: result
[2026-05-02T04:25:10Z] [INFO]    ⚠️ task: result
[2026-05-02T04:25:10Z] [INFO]    ⚠️ task: result
[2026-05-02T04:25:10Z] [INFO]    ⚠️ task: result
[2026-05-02T04:25:10Z] [HEADER] ================================================================================
[2026-05-02T04:25:10Z] [INFO] 🔄 OVERNIGHT RESEARCH PIPELINE - CYCLE #50
[2026-05-02T04:25:10Z] [INFO] ================================================================================
[2026-05-02T04:25:10Z] [HEADER] ============================================================
[2026-05-02T04:25:10Z] [INFO] 🌙 STARTING OVERNIGHT RESEARCH CYCLE #50
[2026-05-02T04:25:10Z] [INFO] 🔍 Running overnight research protocol (web scraping + cross-symbol analysis)...
[2026-05-02T04:25:10Z] [INFO] 📊 Cycle duration: 0.13s, Files generated: 0
[2026-05-02T04:25:10Z] [WARNING] ⚠️ Database not initialized for cycle counting
[2026-05-02T04:25:10Z] [INFO] 💾 Database updated with cycle results
[2026-05-02T04:25:10Z] [SECTION] ============================================================
[2026-05-02T04:25:10Z] [INFO] 🔮 PHASE: HIDDEN LAYERING DETECTION
[2026-05-02T04:25:10Z] [INFO] 🔗 Hidden layering detection complete. Connections identified: 2
[2026-05-02T04:25:10Z] [SECTION] ============================================================
[2026-05-02T04:25:10Z] [INFO] 🔬 PHASE: DOMAIN CORRELATION ANALYSIS
[2026-05-02T04:25:10Z] [INFO] 📊 Domain correlation matrices created: 2
[2026-05-02T04:25:10Z] [SECTION] ============================================================
[2026-05-02T04:25:10Z] [INFO] 🖼️  PHASE: IMAGE-SEED ANALYSIS
[2026-05-02T04:25:10Z] [INFO] 📂 Image seed analysis bootstrapping from 5 images...
[2026-05-02T04:25:10Z] [SECTION] ============================================================
[2026-05-02T04:25:10Z] [INFO] 📤 PHASE: PUSH COMPONENTS TO TOLARIA
[2026-05-02T04:25:11Z] [INFO] 📦 Components pushed to Tolaria: 5
[2026-05-02T04:25:11Z] [SECTION] ============================================================
[2026-05-02T04:25:11Z] [INFO] 🧩 PHASE: COMPOSER - DOMAIN INTEGRATION SYNTHESIS
[2026-05-02T04:25:33Z] [INFO] 🎨 Domain integrations synthesized: 0
[2026-05-02T04:25:33Z] [SECTION] ============================================================
[2026-05-02T04:25:33Z] [INFO] 🚀 PHASE: ADVANCED OVERNIGHT LOOP
[2026-05-02T04:26:39Z] [INFO] 🔬 Advanced loop completed cycles: 0
[2026-05-02T04:26:39Z] [WARNING] ⚠️  Git commit skipped or failed (git not initialized?): Command '['git', '-C', '/home/avalonas/.hermes/gematria/unified_overnight_research', 'add', '.']' returned non-zero exit status 128.
[2026-05-02T04:26:39Z] [INFO] 
📊 CYCLE #50 SUMMARY
[2026-05-02T04:26:39Z] [INFO] ✅ Successful tasks: 7/7
[2026-05-02T04:26:39Z] [INFO] ⏱️  Cycle duration: 88.75s
[2026-05-02T04:26:39Z] [INFO]    ⚠️ task: result
[2026-05-02T04:26:39Z] [INFO]    ⚠️ task: result
[2026-05-02T04:26:39Z] [INFO]    ⚠️ task: result
[2026-05-02T04:26:39Z] [INFO]    ⚠️ task: result
[2026-05-02T04:26:39Z] [INFO]    ⚠️ task: result
[2026-05-02T04:26:39Z] [INFO]    ⚠️ task: result
[2026-05-02T04:26:39Z] [INFO]    ⚠️ task: result
[2026-05-02T04:26:39Z] [HEADER] ================================================================================
[2026-05-02T04:26:39Z] [INFO] 🔄 OVERNIGHT RESEARCH PIPELINE - CYCLE #51
[2026-05-02T04:26:39Z] [INFO] ================================================================================
[2026-05-02T04:26:39Z] [HEADER] ============================================================
[2026-05-02T04:26:39Z] [INFO] 🌙 STARTING OVERNIGHT RESEARCH CYCLE #51
[2026-05-02T04:26:39Z] [INFO] 🔍 Running overnight research protocol (web scraping + cross-symbol analysis)...
[2026-05-02T04:26:39Z] [INFO] 📊 Cycle duration: 0.10s, Files generated: 0
[2026-05-02T04:26:39Z] [WARNING] ⚠️ Database not initialized for cycle counting
[2026-05-02T04:26:39Z] [INFO] 💾 Database updated with cycle results
[2026-05-02T04:26:39Z] [SECTION] ============================================================
[2026-05-02T04:26:39Z] [INFO] 🔮 PHASE: HIDDEN LAYERING DETECTION
[2026-05-02T04:26:39Z] [INFO] 🔗 Hidden layering detection complete. Connections identified: 2
[2026-05-02T04:26:39Z] [SECTION] ============================================================
[2026-05-02T04:26:39Z] [INFO] 🔬 PHASE: DOMAIN CORRELATION ANALYSIS
[2026-05-02T04:26:39Z] [INFO] 📊 Domain correlation matrices created: 2
[2026-05-02T04:26:39Z] [SECTION] ============================================================
[2026-05-02T04:26:39Z] [INFO] 🖼️  PHASE: IMAGE-SEED ANALYSIS
[2026-05-02T04:26:39Z] [INFO] 📂 Image seed analysis bootstrapping from 5 images...
[2026-05-02T04:26:39Z] [SECTION] ============================================================
[2026-05-02T04:26:39Z] [INFO] 📤 PHASE: PUSH COMPONENTS TO TOLARIA
[2026-05-02T04:26:40Z] [INFO] 📦 Components pushed to Tolaria: 5
[2026-05-02T04:26:40Z] [SECTION] ============================================================
[2026-05-02T04:26:40Z] [INFO] 🧩 PHASE: COMPOSER - DOMAIN INTEGRATION SYNTHESIS
[2026-05-02T04:27:01Z] [INFO] 🎨 Domain integrations synthesized: 0
[2026-05-02T04:27:01Z] [SECTION] ============================================================
[2026-05-02T04:27:01Z] [INFO] 🚀 PHASE: ADVANCED OVERNIGHT LOOP
[2026-05-02T04:28:08Z] [INFO] 🔬 Advanced loop completed cycles: 0
[2026-05-02T04:28:08Z] [WARNING] ⚠️  Git commit skipped or failed (git not initialized?): Command '['git', '-C', '/home/avalonas/.hermes/gematria/unified_overnight_research', 'add', '.']' returned non-zero exit status 128.
[2026-05-02T04:28:08Z] [INFO] 
📊 CYCLE #51 SUMMARY
[2026-05-02T04:28:08Z] [INFO] ✅ Successful tasks: 7/7
[2026-05-02T04:28:08Z] [INFO] ⏱️  Cycle duration: 88.90s
[2026-05-02T04:28:08Z] [INFO]    ⚠️ task: result
[2026-05-02T04:28:08Z] [INFO]    ⚠️ task: result
[2026-05-02T04:28:08Z] [INFO]    ⚠️ task: result
[2026-05-02T04:28:08Z] [INFO]    ⚠️ task: result
[2026-05-02T04:28:08Z] [INFO]    ⚠️ task: result
[2026-05-02T04:28:08Z] [INFO]    ⚠️ task: result
[2026-05-02T04:28:08Z] [INFO]    ⚠️ task: result
[2026-05-02T04:28:08Z] [HEADER] ================================================================================
[2026-05-02T04:28:08Z] [INFO] 🔄 OVERNIGHT RESEARCH PIPELINE - CYCLE #52
[2026-05-02T04:28:08Z] [INFO] ================================================================================
[2026-05-02T04:28:08Z] [HEADER] ============================================================
[2026-05-02T04:28:08Z] [INFO] 🌙 STARTING OVERNIGHT RESEARCH CYCLE #52
[2026-05-02T04:28:08Z] [INFO] 🔍 Running overnight research protocol (web scraping + cross-symbol analysis)...
[2026-05-02T04:28:08Z] [INFO] 📊 Cycle duration: 0.11s, Files generated: 0
[2026-05-02T04:28:08Z] [WARNING] ⚠️ Database not initialized for cycle counting
[2026-05-02T04:28:08Z] [INFO] 💾 Database updated with cycle results
[2026-05-02T04:28:08Z] [SECTION] ============================================================
[2026-05-02T04:28:08Z] [INFO] 🔮 PHASE: HIDDEN LAYERING DETECTION
[2026-05-02T04:28:08Z] [INFO] 🔗 Hidden layering detection complete. Connections identified: 2
[2026-05-02T04:28:08Z] [SECTION] ============================================================
[2026-05-02T04:28:08Z] [INFO] 🔬 PHASE: DOMAIN CORRELATION ANALYSIS
[2026-05-02T04:28:08Z] [INFO] 📊 Domain correlation matrices created: 2
[2026-05-02T04:28:08Z] [SECTION] ============================================================
[2026-05-02T04:28:08Z] [INFO] 🖼️  PHASE: IMAGE-SEED ANALYSIS
[2026-05-02T04:28:08Z] [INFO] 📂 Image seed analysis bootstrapping from 5 images...
[2026-05-02T04:28:08Z] [SECTION] ============================================================
[2026-05-02T04:28:08Z] [INFO] 📤 PHASE: PUSH COMPONENTS TO TOLARIA
[2026-05-02T04:28:09Z] [INFO] 📦 Components pushed to Tolaria: 5
[2026-05-02T04:28:09Z] [SECTION] ============================================================
[2026-05-02T04:28:09Z] [INFO] 🧩 PHASE: COMPOSER - DOMAIN INTEGRATION SYNTHESIS
[2026-05-02T04:28:30Z] [INFO] 🎨 Domain integrations synthesized: 0
[2026-05-02T04:28:30Z] [SECTION] ============================================================
[2026-05-02T04:28:30Z] [INFO] 🚀 PHASE: ADVANCED OVERNIGHT LOOP
[2026-05-02T04:29:36Z] [INFO] 🔬 Advanced loop completed cycles: 0
[2026-05-02T04:29:36Z] [WARNING] ⚠️  Git commit skipped or failed (git not initialized?): Command '['git', '-C', '/home/avalonas/.hermes/gematria/unified_overnight_research', 'add', '.']' returned non-zero exit status 128.
[2026-05-02T04:29:36Z] [INFO] 
📊 CYCLE #52 SUMMARY
[2026-05-02T04:29:36Z] [INFO] ✅ Successful tasks: 7/7
[2026-05-02T04:29:36Z] [INFO] ⏱️  Cycle duration: 88.72s
[2026-05-02T04:29:36Z] [INFO]    ⚠️ task: result
[2026-05-02T04:29:36Z] [INFO]    ⚠️ task: result
[2026-05-02T04:29:36Z] [INFO]    ⚠️ task: result
[2026-05-02T04:29:36Z] [INFO]    ⚠️ task: result
[2026-05-02T04:29:36Z] [INFO]    ⚠️ task: result
[2026-05-02T04:29:36Z] [INFO]    ⚠️ task: result
[2026-05-02T04:29:36Z] [INFO]    ⚠️ task: result
[2026-05-02T04:29:36Z] [HEADER] ================================================================================
[2026-05-02T04:29:36Z] [INFO] 🔄 OVERNIGHT RESEARCH PIPELINE - CYCLE #53
[2026-05-02T04:29:36Z] [INFO] ================================================================================
[2026-05-02T04:29:36Z] [HEADER] ============================================================
[2026-05-02T04:29:36Z] [INFO] 🌙 STARTING OVERNIGHT RESEARCH CYCLE #53
[2026-05-02T04:29:36Z] [INFO] 🔍 Running overnight research protocol (web scraping + cross-symbol analysis)...
[2026-05-02T04:29:37Z] [INFO] 📊 Cycle duration: 0.12s, Files generated: 0
[2026-05-02T04:29:37Z] [WARNING] ⚠️ Database not initialized for cycle counting
[2026-05-02T04:29:37Z] [INFO] 💾 Database updated with cycle results
[2026-05-02T04:29:37Z] [SECTION] ============================================================
[2026-05-02T04:29:37Z] [INFO] 🔮 PHASE: HIDDEN LAYERING DETECTION
[2026-05-02T04:29:37Z] [INFO] 🔗 Hidden layering detection complete. Connections identified: 2
[2026-05-02T04:29:37Z] [SECTION] ============================================================
[2026-05-02T04:29:37Z] [INFO] 🔬 PHASE: DOMAIN CORRELATION ANALYSIS
[2026-05-02T04:29:37Z] [INFO] 📊 Domain correlation matrices created: 2
[2026-05-02T04:29:37Z] [SECTION] ============================================================
[2026-05-02T04:29:37Z] [INFO] 🖼️  PHASE: IMAGE-SEED ANALYSIS
[2026-05-02T04:29:37Z] [INFO] 📂 Image seed analysis bootstrapping from 5 images...
[2026-05-02T04:29:37Z] [SECTION] ============================================================
[2026-05-02T04:29:37Z] [INFO] 📤 PHASE: PUSH COMPONENTS TO TOLARIA
[2026-05-02T04:29:38Z] [INFO] 📦 Components pushed to Tolaria: 5
[2026-05-02T04:29:38Z] [SECTION] ============================================================
[2026-05-02T04:29:38Z] [INFO] 🧩 PHASE: COMPOSER - DOMAIN INTEGRATION SYNTHESIS
[2026-05-02T04:29:59Z] [INFO] 🎨 Domain integrations synthesized: 0
[2026-05-02T04:29:59Z] [SECTION] ============================================================
[2026-05-02T04:29:59Z] [INFO] 🚀 PHASE: ADVANCED OVERNIGHT LOOP
[2026-05-02T04:31:06Z] [INFO] 🔬 Advanced loop completed cycles: 0
[2026-05-02T04:31:06Z] [WARNING] ⚠️  Git commit skipped or failed (git not initialized?): Command '['git', '-C', '/home/avalonas/.hermes/gematria/unified_overnight_research', 'add', '.']' returned non-zero exit status 128.
[2026-05-02T04:31:06Z] [INFO] 
📊 CYCLE #53 SUMMARY
[2026-05-02T04:31:06Z] [INFO] ✅ Successful tasks: 7/7
[2026-05-02T04:31:06Z] [INFO] ⏱️  Cycle duration: 89.73s
[2026-05-02T04:31:06Z] [INFO]    ⚠️ task: result
[2026-05-02T04:31:06Z] [INFO]    ⚠️ task: result
[2026-05-02T04:31:06Z] [INFO]    ⚠️ task: result
[2026-05-02T04:31:06Z] [INFO]    ⚠️ task: result
[2026-05-02T04:31:06Z] [INFO]    ⚠️ task: result
[2026-05-02T04:31:06Z] [INFO]    ⚠️ task: result
[2026-05-02T04:31:06Z] [INFO]    ⚠️ task: result
[2026-05-02T04:31:06Z] [HEADER] ================================================================================
[2026-05-02T04:31:06Z] [INFO] 🔄 OVERNIGHT RESEARCH PIPELINE - CYCLE #54
[2026-05-02T04:31:06Z] [INFO] ================================================================================
[2026-05-02T04:31:06Z] [HEADER] ============================================================
[2026-05-02T04:31:06Z] [INFO] 🌙 STARTING OVERNIGHT RESEARCH CYCLE #54
[2026-05-02T04:31:06Z] [INFO] 🔍 Running overnight research protocol (web scraping + cross-symbol analysis)...
[2026-05-02T04:31:06Z] [INFO] 📊 Cycle duration: 0.10s, Files generated: 0
[2026-05-02T04:31:06Z] [WARNING] ⚠️ Database not initialized for cycle counting
[2026-05-02T04:31:06Z] [INFO] 💾 Database updated with cycle results
[2026-05-02T04:31:06Z] [SECTION] ============================================================
[2026-05-02T04:31:06Z] [INFO] 🔮 PHASE: HIDDEN LAYERING DETECTION
[2026-05-02T04:31:06Z] [INFO] 🔗 Hidden layering detection complete. Connections identified: 2
[2026-05-02T04:31:06Z] [SECTION] ============================================================
[2026-05-02T04:31:06Z] [INFO] 🔬 PHASE: DOMAIN CORRELATION ANALYSIS
[2026-05-02T04:31:06Z] [INFO] 📊 Domain correlation matrices created: 2
[2026-05-02T04:31:06Z] [SECTION] ============================================================
[2026-05-02T04:31:06Z] [INFO] 🖼️  PHASE: IMAGE-SEED ANALYSIS
[2026-05-02T04:31:06Z] [INFO] 📂 Image seed analysis bootstrapping from 5 images...
[2026-05-02T04:31:06Z] [SECTION] ============================================================
[2026-05-02T04:31:06Z] [INFO] 📤 PHASE: PUSH COMPONENTS TO TOLARIA
[2026-05-02T04:31:07Z] [INFO] 📦 Components pushed to Tolaria: 5
[2026-05-02T04:31:07Z] [SECTION] ============================================================
[2026-05-02T04:31:07Z] [INFO] 🧩 PHASE: COMPOSER - DOMAIN INTEGRATION SYNTHESIS
[2026-05-02T04:31:29Z] [INFO] 🎨 Domain integrations synthesized: 0
[2026-05-02T04:31:29Z] [SECTION] ============================================================
[2026-05-02T04:31:29Z] [INFO] 🚀 PHASE: ADVANCED OVERNIGHT LOOP
[2026-05-02T04:32:35Z] [INFO] 🔬 Advanced loop completed cycles: 0
[2026-05-02T04:32:35Z] [WARNING] ⚠️  Git commit skipped or failed (git not initialized?): Command '['git', '-C', '/home/avalonas/.hermes/gematria/unified_overnight_research', 'add', '.']' returned non-zero exit status 128.
[2026-05-02T04:32:35Z] [INFO] 
📊 CYCLE #54 SUMMARY
[2026-05-02T04:32:35Z] [INFO] ✅ Successful tasks: 7/7
[2026-05-02T04:32:35Z] [INFO] ⏱️  Cycle duration: 88.90s
[2026-05-02T04:32:35Z] [INFO]    ⚠️ task: result
[2026-05-02T04:32:35Z] [INFO]    ⚠️ task: result
[2026-05-02T04:32:35Z] [INFO]    ⚠️ task: result
[2026-05-02T04:32:35Z] [INFO]    ⚠️ task: result
[2026-05-02T04:32:35Z] [INFO]    ⚠️ task: result
[2026-05-02T04:32:35Z] [INFO]    ⚠️ task: result
[2026-05-02T04:32:35Z] [INFO]    ⚠️ task: result
[2026-05-02T04:32:35Z] [HEADER] ================================================================================
[2026-05-02T04:32:35Z] [INFO] 🔄 OVERNIGHT RESEARCH PIPELINE - CYCLE #55
[2026-05-02T04:32:35Z] [INFO] ================================================================================
[2026-05-02T04:32:35Z] [HEADER] ============================================================
[2026-05-02T04:32:35Z] [INFO] 🌙 STARTING OVERNIGHT RESEARCH CYCLE #55
[2026-05-02T04:32:35Z] [INFO] 🔍 Running overnight research protocol (web scraping + cross-symbol analysis)...
[2026-05-02T04:32:35Z] [INFO] 📊 Cycle duration: 0.13s, Files generated: 0
[2026-05-02T04:32:35Z] [WARNING] ⚠️ Database not initialized for cycle counting
[2026-05-02T04:32:35Z] [INFO] 💾 Database updated with cycle results
[2026-05-02T04:32:35Z] [SECTION] ============================================================
[2026-05-02T04:32:35Z] [INFO] 🔮 PHASE: HIDDEN LAYERING DETECTION
[2026-05-02T04:32:35Z] [INFO] 🔗 Hidden layering detection complete. Connections identified: 2
[2026-05-02T04:32:35Z] [SECTION] ============================================================
[2026-05-02T04:32:35Z] [INFO] 🔬 PHASE: DOMAIN CORRELATION ANALYSIS
[2026-05-02T04:32:35Z] [INFO] 📊 Domain correlation matrices created: 2
[2026-05-02T04:32:35Z] [SECTION] ============================================================
[2026-05-02T04:32:35Z] [INFO] 🖼️  PHASE: IMAGE-SEED ANALYSIS
[2026-05-02T04:32:35Z] [INFO] 📂 Image seed analysis bootstrapping from 5 images...
[2026-05-02T04:32:35Z] [SECTION] ============================================================
[2026-05-02T04:32:35Z] [INFO] 📤 PHASE: PUSH COMPONENTS TO TOLARIA
[2026-05-02T04:32:36Z] [INFO] 📦 Components pushed to Tolaria: 5
[2026-05-02T04:32:36Z] [SECTION] ============================================================
[2026-05-02T04:32:36Z] [INFO] 🧩 PHASE: COMPOSER - DOMAIN INTEGRATION SYNTHESIS
[2026-05-02T04:32:58Z] [INFO] 🎨 Domain integrations synthesized: 0
[2026-05-02T04:32:58Z] [SECTION] ============================================================
[2026-05-02T04:32:58Z] [INFO] 🚀 PHASE: ADVANCED OVERNIGHT LOOP
[2026-05-02T04:34:04Z] [INFO] 🔬 Advanced loop completed cycles: 0
[2026-05-02T04:34:05Z] [WARNING] ⚠️  Git commit skipped or failed (git not initialized?): Command '['git', '-C', '/home/avalonas/.hermes/gematria/unified_overnight_research', 'add', '.']' returned non-zero exit status 128.
[2026-05-02T04:34:05Z] [INFO] 
📊 CYCLE #55 SUMMARY
[2026-05-02T04:34:05Z] [INFO] ✅ Successful tasks: 7/7
[2026-05-02T04:34:05Z] [INFO] ⏱️  Cycle duration: 89.48s
[2026-05-02T04:34:05Z] [INFO]    ⚠️ task: result
[2026-05-02T04:34:05Z] [INFO]    ⚠️ task: result
[2026-05-02T04:34:05Z] [INFO]    ⚠️ task: result
[2026-05-02T04:34:05Z] [INFO]    ⚠️ task: result
[2026-05-02T04:34:05Z] [INFO]    ⚠️ task: result
[2026-05-02T04:34:05Z] [INFO]    ⚠️ task: result
[2026-05-02T04:34:05Z] [INFO]    ⚠️ task: result
[2026-05-02T04:34:05Z] [HEADER] ================================================================================
[2026-05-02T04:34:05Z] [INFO] 🔄 OVERNIGHT RESEARCH PIPELINE - CYCLE #56
[2026-05-02T04:34:05Z] [INFO] ================================================================================
[2026-05-02T04:34:05Z] [HEADER] ============================================================
[2026-05-02T04:34:05Z] [INFO] 🌙 STARTING OVERNIGHT RESEARCH CYCLE #56
[2026-05-02T04:34:05Z] [INFO] 🔍 Running overnight research protocol (web scraping + cross-symbol analysis)...
[2026-05-02T04:34:05Z] [INFO] 📊 Cycle duration: 0.10s, Files generated: 0
[2026-05-02T04:34:05Z] [WARNING] ⚠️ Database not initialized for cycle counting
[2026-05-02T04:34:05Z] [INFO] 💾 Database updated with cycle results
[2026-05-02T04:34:05Z] [SECTION] ============================================================
[2026-05-02T04:34:05Z] [INFO] 🔮 PHASE: HIDDEN LAYERING DETECTION
[2026-05-02T04:34:05Z] [INFO] 🔗 Hidden layering detection complete. Connections identified: 2
[2026-05-02T04:34:05Z] [SECTION] ============================================================
[2026-05-02T04:34:05Z] [INFO] 🔬 PHASE: DOMAIN CORRELATION ANALYSIS
[2026-05-02T04:34:05Z] [INFO] 📊 Domain correlation matrices created: 2
[2026-05-02T04:34:05Z] [SECTION] ============================================================
[2026-05-02T04:34:05Z] [INFO] 🖼️  PHASE: IMAGE-SEED ANALYSIS
[2026-05-02T04:34:05Z] [INFO] 📂 Image seed analysis bootstrapping from 5 images...
[2026-05-02T04:34:05Z] [SECTION] ============================================================
[2026-05-02T04:34:05Z] [INFO] 📤 PHASE: PUSH COMPONENTS TO TOLARIA
[2026-05-02T04:34:06Z] [INFO] 📦 Components pushed to Tolaria: 5
[2026-05-02T04:34:06Z] [SECTION] ============================================================
[2026-05-02T04:34:06Z] [INFO] 🧩 PHASE: COMPOSER - DOMAIN INTEGRATION SYNTHESIS
[2026-05-02T04:34:27Z] [INFO] 🎨 Domain integrations synthesized: 0
[2026-05-02T04:34:27Z] [SECTION] ============================================================
[2026-05-02T04:34:27Z] [INFO] 🚀 PHASE: ADVANCED OVERNIGHT LOOP
[2026-05-02T04:35:34Z] [INFO] 🔬 Advanced loop completed cycles: 0
[2026-05-02T04:35:34Z] [WARNING] ⚠️  Git commit skipped or failed (git not initialized?): Command '['git', '-C', '/home/avalonas/.hermes/gematria/unified_overnight_research', 'add', '.']' returned non-zero exit status 128.
[2026-05-02T04:35:34Z] [INFO] 
📊 CYCLE #56 SUMMARY
[2026-05-02T04:35:34Z] [INFO] ✅ Successful tasks: 7/7
[2026-05-02T04:35:34Z] [INFO] ⏱️  Cycle duration: 89.39s
[2026-05-02T04:35:34Z] [INFO]    ⚠️ task: result
[2026-05-02T04:35:34Z] [INFO]    ⚠️ task: result
[2026-05-02T04:35:34Z] [INFO]    ⚠️ task: result
[2026-05-02T04:35:34Z] [INFO]    ⚠️ task: result
[2026-05-02T04:35:34Z] [INFO]    ⚠️ task: result
[2026-05-02T04:35:34Z] [INFO]    ⚠️ task: result
[2026-05-02T04:35:34Z] [INFO]    ⚠️ task: result
[2026-05-02T04:35:34Z] [HEADER] ================================================================================
[2026-05-02T04:35:34Z] [INFO] 🔄 OVERNIGHT RESEARCH PIPELINE - CYCLE #57
[2026-05-02T04:35:34Z] [INFO] ================================================================================
[2026-05-02T04:35:34Z] [HEADER] ============================================================
[2026-05-02T04:35:34Z] [INFO] 🌙 STARTING OVERNIGHT RESEARCH CYCLE #57
[2026-05-02T04:35:34Z] [INFO] 🔍 Running overnight research protocol (web scraping + cross-symbol analysis)...
[2026-05-02T04:35:34Z] [INFO] 📊 Cycle duration: 0.11s, Files generated: 0
[2026-05-02T04:35:34Z] [WARNING] ⚠️ Database not initialized for cycle counting
[2026-05-02T04:35:34Z] [INFO] 💾 Database updated with cycle results
[2026-05-02T04:35:34Z] [SECTION] ============================================================
[2026-05-02T04:35:34Z] [INFO] 🔮 PHASE: HIDDEN LAYERING DETECTION
[2026-05-02T04:35:34Z] [INFO] 🔗 Hidden layering detection complete. Connections identified: 2
[2026-05-02T04:35:34Z] [SECTION] ============================================================
[2026-05-02T04:35:34Z] [INFO] 🔬 PHASE: DOMAIN CORRELATION ANALYSIS
[2026-05-02T04:35:34Z] [INFO] 📊 Domain correlation matrices created: 2
[2026-05-02T04:35:34Z] [SECTION] ============================================================
[2026-05-02T04:35:34Z] [INFO] 🖼️  PHASE: IMAGE-SEED ANALYSIS
[2026-05-02T04:35:34Z] [INFO] 📂 Image seed analysis bootstrapping from 5 images...
[2026-05-02T04:35:34Z] [SECTION] ============================================================
[2026-05-02T04:35:34Z] [INFO] 📤 PHASE: PUSH COMPONENTS TO TOLARIA
[2026-05-02T04:35:35Z] [INFO] 📦 Components pushed to Tolaria: 5
[2026-05-02T04:35:35Z] [SECTION] ============================================================
[2026-05-02T04:35:35Z] [INFO] 🧩 PHASE: COMPOSER - DOMAIN INTEGRATION SYNTHESIS
[2026-05-02T04:35:57Z] [INFO] 🎨 Domain integrations synthesized: 0
[2026-05-02T04:35:57Z] [SECTION] ============================================================
[2026-05-02T04:35:57Z] [INFO] 🚀 PHASE: ADVANCED OVERNIGHT LOOP
[2026-05-02T04:37:03Z] [INFO] 🔬 Advanced loop completed cycles: 0
[2026-05-02T04:37:03Z] [WARNING] ⚠️  Git commit skipped or failed (git not initialized?): Command '['git', '-C', '/home/avalonas/.hermes/gematria/unified_overnight_research', 'add', '.']' returned non-zero exit status 128.
[2026-05-02T04:37:03Z] [INFO] 
📊 CYCLE #57 SUMMARY
[2026-05-02T04:37:03Z] [INFO] ✅ Successful tasks: 7/7
[2026-05-02T04:37:03Z] [INFO] ⏱️  Cycle duration: 89.25s
[2026-05-02T04:37:03Z] [INFO]    ⚠️ task: result
[2026-05-02T04:37:03Z] [INFO]    ⚠️ task: result
[2026-05-02T04:37:03Z] [INFO]    ⚠️ task: result
[2026-05-02T04:37:03Z] [INFO]    ⚠️ task: result
[2026-05-02T04:37:03Z] [INFO]    ⚠️ task: result
[2026-05-02T04:37:03Z] [INFO]    ⚠️ task: result
[2026-05-02T04:37:03Z] [INFO]    ⚠️ task: result
[2026-05-02T04:37:03Z] [HEADER] ================================================================================
[2026-05-02T04:37:03Z] [INFO] 🔄 OVERNIGHT RESEARCH PIPELINE - CYCLE #58
[2026-05-02T04:37:03Z] [INFO] ================================================================================
[2026-05-02T04:37:03Z] [HEADER] ============================================================
[2026-05-02T04:37:03Z] [INFO] 🌙 STARTING OVERNIGHT RESEARCH CYCLE #58
[2026-05-02T04:37:03Z] [INFO] 🔍 Running overnight research protocol (web scraping + cross-symbol analysis)...
[2026-05-02T04:37:03Z] [INFO] 📊 Cycle duration: 0.11s, Files generated: 0
[2026-05-02T04:37:03Z] [WARNING] ⚠️ Database not initialized for cycle counting
[2026-05-02T04:37:03Z] [INFO] 💾 Database updated with cycle results
[2026-05-02T04:37:03Z] [SECTION] ============================================================
[2026-05-02T04:37:03Z] [INFO] 🔮 PHASE: HIDDEN LAYERING DETECTION
[2026-05-02T04:37:03Z] [INFO] 🔗 Hidden layering detection complete. Connections identified: 2
[2026-05-02T04:37:03Z] [SECTION] ============================================================
[2026-05-02T04:37:03Z] [INFO] 🔬 PHASE: DOMAIN CORRELATION ANALYSIS
[2026-05-02T04:37:03Z] [INFO] 📊 Domain correlation matrices created: 2
[2026-05-02T04:37:03Z] [SECTION] ============================================================
[2026-05-02T04:37:03Z] [INFO] 🖼️  PHASE: IMAGE-SEED ANALYSIS
[2026-05-02T04:37:03Z] [INFO] 📂 Image seed analysis bootstrapping from 5 images...
[2026-05-02T04:37:03Z] [SECTION] ============================================================
[2026-05-02T04:37:03Z] [INFO] 📤 PHASE: PUSH COMPONENTS TO TOLARIA
[2026-05-02T04:37:04Z] [INFO] 📦 Components pushed to Tolaria: 5
[2026-05-02T04:37:04Z] [SECTION] ============================================================
[2026-05-02T04:37:04Z] [INFO] 🧩 PHASE: COMPOSER - DOMAIN INTEGRATION SYNTHESIS
[2026-05-02T04:37:26Z] [INFO] 🎨 Domain integrations synthesized: 0
[2026-05-02T04:37:26Z] [SECTION] ============================================================
[2026-05-02T04:37:26Z] [INFO] 🚀 PHASE: ADVANCED OVERNIGHT LOOP
[2026-05-02T04:38:33Z] [INFO] 🔬 Advanced loop completed cycles: 0
[2026-05-02T04:38:33Z] [WARNING] ⚠️  Git commit skipped or failed (git not initialized?): Command '['git', '-C', '/home/avalonas/.hermes/gematria/unified_overnight_research', 'add', '.']' returned non-zero exit status 128.
[2026-05-02T04:38:33Z] [INFO] 
📊 CYCLE #58 SUMMARY
[2026-05-02T04:38:33Z] [INFO] ✅ Successful tasks: 7/7
[2026-05-02T04:38:33Z] [INFO] ⏱️  Cycle duration: 89.76s
[2026-05-02T04:38:33Z] [INFO]    ⚠️ task: result
[2026-05-02T04:38:33Z] [INFO]    ⚠️ task: result
[2026-05-02T04:38:33Z] [INFO]    ⚠️ task: result
[2026-05-02T04:38:33Z] [INFO]    ⚠️ task: result
[2026-05-02T04:38:33Z] [INFO]    ⚠️ task: result
[2026-05-02T04:38:33Z] [INFO]    ⚠️ task: result
[2026-05-02T04:38:33Z] [INFO]    ⚠️ task: result
[2026-05-02T04:38:33Z] [HEADER] ================================================================================
[2026-05-02T04:38:33Z] [INFO] 🔄 OVERNIGHT RESEARCH PIPELINE - CYCLE #59
[2026-05-02T04:38:33Z] [INFO] ================================================================================
[2026-05-02T04:38:33Z] [HEADER] ============================================================
[2026-05-02T04:38:33Z] [INFO] 🌙 STARTING OVERNIGHT RESEARCH CYCLE #59
[2026-05-02T04:38:33Z] [INFO] 🔍 Running overnight research protocol (web scraping + cross-symbol analysis)...
[2026-05-02T04:38:33Z] [INFO] 📊 Cycle duration: 0.13s, Files generated: 0
[2026-05-02T04:38:33Z] [WARNING] ⚠️ Database not initialized for cycle counting
[2026-05-02T04:38:33Z] [INFO] 💾 Database updated with cycle results
[2026-05-02T04:38:33Z] [SECTION] ============================================================
[2026-05-02T04:38:33Z] [INFO] 🔮 PHASE: HIDDEN LAYERING DETECTION
[2026-05-02T04:38:33Z] [INFO] 🔗 Hidden layering detection complete. Connections identified: 2
[2026-05-02T04:38:33Z] [SECTION] ============================================================
[2026-05-02T04:38:33Z] [INFO] 🔬 PHASE: DOMAIN CORRELATION ANALYSIS
[2026-05-02T04:38:33Z] [INFO] 📊 Domain correlation matrices created: 2
[2026-05-02T04:38:33Z] [SECTION] ============================================================
[2026-05-02T04:38:33Z] [INFO] 🖼️  PHASE: IMAGE-SEED ANALYSIS
[2026-05-02T04:38:33Z] [INFO] 📂 Image seed analysis bootstrapping from 5 images...
[2026-05-02T04:38:33Z] [SECTION] ============================================================
[2026-05-02T04:38:33Z] [INFO] 📤 PHASE: PUSH COMPONENTS TO TOLARIA
[2026-05-02T04:38:34Z] [INFO] 📦 Components pushed to Tolaria: 5
[2026-05-02T04:38:34Z] [SECTION] ============================================================
[2026-05-02T04:38:34Z] [INFO] 🧩 PHASE: COMPOSER - DOMAIN INTEGRATION SYNTHESIS
[2026-05-02T04:38:56Z] [INFO] 🎨 Domain integrations synthesized: 0
[2026-05-02T04:38:56Z] [SECTION] ============================================================
[2026-05-02T04:38:56Z] [INFO] 🚀 PHASE: ADVANCED OVERNIGHT LOOP
[2026-05-02T04:40:02Z] [INFO] 🔬 Advanced loop completed cycles: 0
[2026-05-02T04:40:02Z] [WARNING] ⚠️  Git commit skipped or failed (git not initialized?): Command '['git', '-C', '/home/avalonas/.hermes/gematria/unified_overnight_research', 'add', '.']' returned non-zero exit status 128.
[2026-05-02T04:40:02Z] [INFO] 
📊 CYCLE #59 SUMMARY
[2026-05-02T04:40:02Z] [INFO] ✅ Successful tasks: 7/7
[2026-05-02T04:40:02Z] [INFO] ⏱️  Cycle duration: 88.99s
[2026-05-02T04:40:02Z] [INFO]    ⚠️ task: result
[2026-05-02T04:40:02Z] [INFO]    ⚠️ task: result
[2026-05-02T04:40:02Z] [INFO]    ⚠️ task: result
[2026-05-02T04:40:02Z] [INFO]    ⚠️ task: result
[2026-05-02T04:40:02Z] [INFO]    ⚠️ task: result
[2026-05-02T04:40:02Z] [INFO]    ⚠️ task: result
[2026-05-02T04:40:02Z] [INFO]    ⚠️ task: result
[2026-05-02T04:40:02Z] [HEADER] ================================================================================
[2026-05-02T04:40:02Z] [INFO] 🔄 OVERNIGHT RESEARCH PIPELINE - CYCLE #60
[2026-05-02T04:40:02Z] [INFO] ================================================================================
[2026-05-02T04:40:02Z] [HEADER] ============================================================
[2026-05-02T04:40:02Z] [INFO] 🌙 STARTING OVERNIGHT RESEARCH CYCLE #60
[2026-05-02T04:40:02Z] [INFO] 🔍 Running overnight research protocol (web scraping + cross-symbol analysis)...
[2026-05-02T04:40:02Z] [INFO] 📊 Cycle duration: 0.10s, Files generated: 0
[2026-05-02T04:40:02Z] [WARNING] ⚠️ Database not initialized for cycle counting
[2026-05-02T04:40:02Z] [INFO] 💾 Database updated with cycle results
[2026-05-02T04:40:02Z] [SECTION] ============================================================
[2026-05-02T04:40:02Z] [INFO] 🔮 PHASE: HIDDEN LAYERING DETECTION
[2026-05-02T04:40:02Z] [INFO] 🔗 Hidden layering detection complete. Connections identified: 2
[2026-05-02T04:40:02Z] [SECTION] ============================================================
[2026-05-02T04:40:02Z] [INFO] 🔬 PHASE: DOMAIN CORRELATION ANALYSIS
[2026-05-02T04:40:02Z] [INFO] 📊 Domain correlation matrices created: 2
[2026-05-02T04:40:02Z] [SECTION] ============================================================
[2026-05-02T04:40:02Z] [INFO] 🖼️  PHASE: IMAGE-SEED ANALYSIS
[2026-05-02T04:40:02Z] [INFO] 📂 Image seed analysis bootstrapping from 5 images...
[2026-05-02T04:40:02Z] [SECTION] ============================================================
[2026-05-02T04:40:02Z] [INFO] 📤 PHASE: PUSH COMPONENTS TO TOLARIA
[2026-05-02T04:40:03Z] [INFO] 📦 Components pushed to Tolaria: 5
[2026-05-02T04:40:03Z] [SECTION] ============================================================
[2026-05-02T04:40:03Z] [INFO] 🧩 PHASE: COMPOSER - DOMAIN INTEGRATION SYNTHESIS
[2026-05-02T04:40:25Z] [INFO] 🎨 Domain integrations synthesized: 0
[2026-05-02T04:40:25Z] [SECTION] ============================================================
[2026-05-02T04:40:25Z] [INFO] 🚀 PHASE: ADVANCED OVERNIGHT LOOP
[2026-05-02T04:41:31Z] [INFO] 🔬 Advanced loop completed cycles: 0
[2026-05-02T04:41:32Z] [WARNING] ⚠️  Git commit skipped or failed (git not initialized?): Command '['git', '-C', '/home/avalonas/.hermes/gematria/unified_overnight_research', 'add', '.']' returned non-zero exit status 128.
[2026-05-02T04:41:32Z] [INFO] 
📊 CYCLE #60 SUMMARY
[2026-05-02T04:41:32Z] [INFO] ✅ Successful tasks: 7/7
[2026-05-02T04:41:32Z] [INFO] ⏱️  Cycle duration: 89.62s
[2026-05-02T04:41:32Z] [INFO]    ⚠️ task: result
[2026-05-02T04:41:32Z] [INFO]    ⚠️ task: result
[2026-05-02T04:41:32Z] [INFO]    ⚠️ task: result
[2026-05-02T04:41:32Z] [INFO]    ⚠️ task: result
[2026-05-02T04:41:32Z] [INFO]    ⚠️ task: result
[2026-05-02T04:41:32Z] [INFO]    ⚠️ task: result
[2026-05-02T04:41:32Z] [INFO]    ⚠️ task: result
[2026-05-02T04:41:32Z] [HEADER] ================================================================================
[2026-05-02T04:41:32Z] [INFO] 🔄 OVERNIGHT RESEARCH PIPELINE - CYCLE #61
[2026-05-02T04:41:32Z] [INFO] ================================================================================
[2026-05-02T04:41:32Z] [HEADER] ============================================================
[2026-05-02T04:41:32Z] [INFO] 🌙 STARTING OVERNIGHT RESEARCH CYCLE #61
[2026-05-02T04:41:32Z] [INFO] 🔍 Running overnight research protocol (web scraping + cross-symbol analysis)...
[2026-05-02T04:41:32Z] [INFO] 📊 Cycle duration: 0.13s, Files generated: 0
[2026-05-02T04:41:32Z] [WARNING] ⚠️ Database not initialized for cycle counting
[2026-05-02T04:41:32Z] [INFO] 💾 Database updated with cycle results
[2026-05-02T04:41:32Z] [SECTION] ============================================================
[2026-05-02T04:41:32Z] [INFO] 🔮 PHASE: HIDDEN LAYERING DETECTION
[2026-05-02T04:41:32Z] [INFO] 🔗 Hidden layering detection complete. Connections identified: 2
[2026-05-02T04:41:32Z] [SECTION] ============================================================
[2026-05-02T04:41:32Z] [INFO] 🔬 PHASE: DOMAIN CORRELATION ANALYSIS
[2026-05-02T04:41:32Z] [INFO] 📊 Domain correlation matrices created: 2
[2026-05-02T04:41:32Z] [SECTION] ============================================================
[2026-05-02T04:41:32Z] [INFO] 🖼️  PHASE: IMAGE-SEED ANALYSIS
[2026-05-02T04:41:32Z] [INFO] 📂 Image seed analysis bootstrapping from 5 images...
[2026-05-02T04:41:32Z] [SECTION] ============================================================
[2026-05-02T04:41:32Z] [INFO] 📤 PHASE: PUSH COMPONENTS TO TOLARIA
[2026-05-02T04:41:33Z] [INFO] 📦 Components pushed to Tolaria: 5
[2026-05-02T04:41:33Z] [SECTION] ============================================================
[2026-05-02T04:41:33Z] [INFO] 🧩 PHASE: COMPOSER - DOMAIN INTEGRATION SYNTHESIS
[2026-05-02T04:41:54Z] [INFO] 🎨 Domain integrations synthesized: 0
[2026-05-02T04:41:54Z] [SECTION] ============================================================
[2026-05-02T04:41:54Z] [INFO] 🚀 PHASE: ADVANCED OVERNIGHT LOOP
[2026-05-02T04:43:00Z] [INFO] 🔬 Advanced loop completed cycles: 0
[2026-05-02T04:43:00Z] [WARNING] ⚠️  Git commit skipped or failed (git not initialized?): Command '['git', '-C', '/home/avalonas/.hermes/gematria/unified_overnight_research', 'add', '.']' returned non-zero exit status 128.
[2026-05-02T04:43:00Z] [INFO] 
📊 CYCLE #61 SUMMARY
[2026-05-02T04:43:00Z] [INFO] ✅ Successful tasks: 7/7
[2026-05-02T04:43:00Z] [INFO] ⏱️  Cycle duration: 88.75s
[2026-05-02T04:43:00Z] [INFO]    ⚠️ task: result
[2026-05-02T04:43:00Z] [INFO]    ⚠️ task: result
[2026-05-02T04:43:00Z] [INFO]    ⚠️ task: result
[2026-05-02T04:43:00Z] [INFO]    ⚠️ task: result
[2026-05-02T04:43:00Z] [INFO]    ⚠️ task: result
[2026-05-02T04:43:00Z] [INFO]    ⚠️ task: result
[2026-05-02T04:43:00Z] [INFO]    ⚠️ task: result
[2026-05-02T04:43:00Z] [HEADER] ================================================================================
[2026-05-02T04:43:00Z] [INFO] 🔄 OVERNIGHT RESEARCH PIPELINE - CYCLE #62
[2026-05-02T04:43:00Z] [INFO] ================================================================================
[2026-05-02T04:43:00Z] [HEADER] ============================================================
[2026-05-02T04:43:00Z] [INFO] 🌙 STARTING OVERNIGHT RESEARCH CYCLE #62
[2026-05-02T04:43:00Z] [INFO] 🔍 Running overnight research protocol (web scraping + cross-symbol analysis)...
[2026-05-02T04:43:00Z] [INFO] 📊 Cycle duration: 0.10s, Files generated: 0
[2026-05-02T04:43:00Z] [WARNING] ⚠️ Database not initialized for cycle counting
[2026-05-02T04:43:00Z] [INFO] 💾 Database updated with cycle results
[2026-05-02T04:43:00Z] [SECTION] ============================================================
[2026-05-02T04:43:00Z] [INFO] 🔮 PHASE: HIDDEN LAYERING DETECTION
[2026-05-02T04:43:00Z] [INFO] 🔗 Hidden layering detection complete. Connections identified: 2
[2026-05-02T04:43:00Z] [SECTION] ============================================================
[2026-05-02T04:43:00Z] [INFO] 🔬 PHASE: DOMAIN CORRELATION ANALYSIS
[2026-05-02T04:43:00Z] [INFO] 📊 Domain correlation matrices created: 2
[2026-05-02T04:43:00Z] [SECTION] ============================================================
[2026-05-02T04:43:00Z] [INFO] 🖼️  PHASE: IMAGE-SEED ANALYSIS
[2026-05-02T04:43:00Z] [INFO] 📂 Image seed analysis bootstrapping from 5 images...
[2026-05-02T04:43:00Z] [SECTION] ============================================================
[2026-05-02T04:43:00Z] [INFO] 📤 PHASE: PUSH COMPONENTS TO TOLARIA
[2026-05-02T04:43:01Z] [INFO] 📦 Components pushed to Tolaria: 5
[2026-05-02T04:43:01Z] [SECTION] ============================================================
[2026-05-02T04:43:01Z] [INFO] 🧩 PHASE: COMPOSER - DOMAIN INTEGRATION SYNTHESIS
[2026-05-02T04:43:27Z] [INFO] 🎨 Domain integrations synthesized: 0
[2026-05-02T04:43:27Z] [SECTION] ============================================================
[2026-05-02T04:43:27Z] [INFO] 🚀 PHASE: ADVANCED OVERNIGHT LOOP
[2026-05-02T04:44:39Z] [INFO] 🔬 Advanced loop completed cycles: 0
[2026-05-02T04:44:40Z] [WARNING] ⚠️  Git commit skipped or failed (git not initialized?): Command '['git', '-C', '/home/avalonas/.hermes/gematria/unified_overnight_research', 'add', '.']' returned non-zero exit status 128.
[2026-05-02T04:44:40Z] [INFO] 
📊 CYCLE #62 SUMMARY
[2026-05-02T04:44:40Z] [INFO] ✅ Successful tasks: 7/7
[2026-05-02T04:44:40Z] [INFO] ⏱️  Cycle duration: 99.25s
[2026-05-02T04:44:40Z] [INFO]    ⚠️ task: result
[2026-05-02T04:44:40Z] [INFO]    ⚠️ task: result
[2026-05-02T04:44:40Z] [INFO]    ⚠️ task: result
[2026-05-02T04:44:40Z] [INFO]    ⚠️ task: result
[2026-05-02T04:44:40Z] [INFO]    ⚠️ task: result
[2026-05-02T04:44:40Z] [INFO]    ⚠️ task: result
[2026-05-02T04:44:40Z] [INFO]    ⚠️ task: result
[2026-05-02T04:44:40Z] [HEADER] ================================================================================
[2026-05-02T04:44:40Z] [INFO] 🔄 OVERNIGHT RESEARCH PIPELINE - CYCLE #63
[2026-05-02T04:44:40Z] [INFO] ================================================================================
[2026-05-02T04:44:40Z] [HEADER] ============================================================
[2026-05-02T04:44:40Z] [INFO] 🌙 STARTING OVERNIGHT RESEARCH CYCLE #63
[2026-05-02T04:44:40Z] [INFO] 🔍 Running overnight research protocol (web scraping + cross-symbol analysis)...
[2026-05-02T04:44:40Z] [INFO] 📊 Cycle duration: 0.10s, Files generated: 0
[2026-05-02T04:44:40Z] [WARNING] ⚠️ Database not initialized for cycle counting
[2026-05-02T04:44:40Z] [INFO] 💾 Database updated with cycle results
[2026-05-02T04:44:40Z] [SECTION] ============================================================
[2026-05-02T04:44:40Z] [INFO] 🔮 PHASE: HIDDEN LAYERING DETECTION
[2026-05-02T04:44:40Z] [INFO] 🔗 Hidden layering detection complete. Connections identified: 2
[2026-05-02T04:44:40Z] [SECTION] ============================================================
[2026-05-02T04:44:40Z] [INFO] 🔬 PHASE: DOMAIN CORRELATION ANALYSIS
[2026-05-02T04:44:40Z] [INFO] 📊 Domain correlation matrices created: 2
[2026-05-02T04:44:40Z] [SECTION] ============================================================
[2026-05-02T04:44:40Z] [INFO] 🖼️  PHASE: IMAGE-SEED ANALYSIS
[2026-05-02T04:44:40Z] [INFO] 📂 Image seed analysis bootstrapping from 5 images...
[2026-05-02T04:44:40Z] [SECTION] ============================================================
[2026-05-02T04:44:40Z] [INFO] 📤 PHASE: PUSH COMPONENTS TO TOLARIA
[2026-05-02T04:44:41Z] [INFO] 📦 Components pushed to Tolaria: 5
[2026-05-02T04:44:41Z] [SECTION] ============================================================
[2026-05-02T04:44:41Z] [INFO] 🧩 PHASE: COMPOSER - DOMAIN INTEGRATION SYNTHESIS
[2026-05-02T04:45:02Z] [INFO] 🎨 Domain integrations synthesized: 0
[2026-05-02T04:45:02Z] [SECTION] ============================================================
[2026-05-02T04:45:02Z] [INFO] 🚀 PHASE: ADVANCED OVERNIGHT LOOP
[2026-05-02T04:46:09Z] [INFO] 🔬 Advanced loop completed cycles: 0
[2026-05-02T04:46:09Z] [WARNING] ⚠️  Git commit skipped or failed (git not initialized?): Command '['git', '-C', '/home/avalonas/.hermes/gematria/unified_overnight_research', 'add', '.']' returned non-zero exit status 128.
[2026-05-02T04:46:09Z] [INFO] 
📊 CYCLE #63 SUMMARY
[2026-05-02T04:46:09Z] [INFO] ✅ Successful tasks: 7/7
[2026-05-02T04:46:09Z] [INFO] ⏱️  Cycle duration: 89.37s
[2026-05-02T04:46:09Z] [INFO]    ⚠️ task: result
[2026-05-02T04:46:09Z] [INFO]    ⚠️ task: result
[2026-05-02T04:46:09Z] [INFO]    ⚠️ task: result
[2026-05-02T04:46:09Z] [INFO]    ⚠️ task: result
[2026-05-02T04:46:09Z] [INFO]    ⚠️ task: result
[2026-05-02T04:46:09Z] [INFO]    ⚠️ task: result
[2026-05-02T04:46:09Z] [INFO]    ⚠️ task: result
[2026-05-02T04:46:09Z] [HEADER] ================================================================================
[2026-05-02T04:46:09Z] [INFO] 🔄 OVERNIGHT RESEARCH PIPELINE - CYCLE #64
[2026-05-02T04:46:09Z] [INFO] ================================================================================
[2026-05-02T04:46:09Z] [HEADER] ============================================================
[2026-05-02T04:46:09Z] [INFO] 🌙 STARTING OVERNIGHT RESEARCH CYCLE #64
[2026-05-02T04:46:09Z] [INFO] 🔍 Running overnight research protocol (web scraping + cross-symbol analysis)...
[2026-05-02T04:46:09Z] [INFO] 📊 Cycle duration: 0.10s, Files generated: 0
[2026-05-02T04:46:09Z] [WARNING] ⚠️ Database not initialized for cycle counting
[2026-05-02T04:46:09Z] [INFO] 💾 Database updated with cycle results
[2026-05-02T04:46:09Z] [SECTION] ============================================================
[2026-05-02T04:46:09Z] [INFO] 🔮 PHASE: HIDDEN LAYERING DETECTION
[2026-05-02T04:46:09Z] [INFO] 🔗 Hidden layering detection complete. Connections identified: 2
[2026-05-02T04:46:09Z] [SECTION] ============================================================
[2026-05-02T04:46:09Z] [INFO] 🔬 PHASE: DOMAIN CORRELATION ANALYSIS
[2026-05-02T04:46:09Z] [INFO] 📊 Domain correlation matrices created: 2
[2026-05-02T04:46:09Z] [SECTION] ============================================================
[2026-05-02T04:46:09Z] [INFO] 🖼️  PHASE: IMAGE-SEED ANALYSIS
[2026-05-02T04:46:09Z] [INFO] 📂 Image seed analysis bootstrapping from 5 images...
[2026-05-02T04:46:09Z] [SECTION] ============================================================
[2026-05-02T04:46:09Z] [INFO] 📤 PHASE: PUSH COMPONENTS TO TOLARIA
[2026-05-02T04:46:11Z] [INFO] 📦 Components pushed to Tolaria: 5
[2026-05-02T04:46:11Z] [SECTION] ============================================================
[2026-05-02T04:46:11Z] [INFO] 🧩 PHASE: COMPOSER - DOMAIN INTEGRATION SYNTHESIS
[2026-05-02T04:46:31Z] [INFO] 🎨 Domain integrations synthesized: 0
[2026-05-02T04:46:31Z] [SECTION] ============================================================
[2026-05-02T04:46:31Z] [INFO] 🚀 PHASE: ADVANCED OVERNIGHT LOOP
[2026-05-02T04:47:39Z] [INFO] 🔬 Advanced loop completed cycles: 0
[2026-05-02T04:47:39Z] [WARNING] ⚠️  Git commit skipped or failed (git not initialized?): Command '['git', '-C', '/home/avalonas/.hermes/gematria/unified_overnight_research', 'add', '.']' returned non-zero exit status 128.
[2026-05-02T04:47:39Z] [INFO] 
📊 CYCLE #64 SUMMARY
[2026-05-02T04:47:39Z] [INFO] ✅ Successful tasks: 7/7
[2026-05-02T04:47:39Z] [INFO] ⏱️  Cycle duration: 89.86s
[2026-05-02T04:47:39Z] [INFO]    ⚠️ task: result
[2026-05-02T04:47:39Z] [INFO]    ⚠️ task: result
[2026-05-02T04:47:39Z] [INFO]    ⚠️ task: result
[2026-05-02T04:47:39Z] [INFO]    ⚠️ task: result
[2026-05-02T04:47:39Z] [INFO]    ⚠️ task: result
[2026-05-02T04:47:39Z] [INFO]    ⚠️ task: result
[2026-05-02T04:47:39Z] [INFO]    ⚠️ task: result
[2026-05-02T04:47:39Z] [HEADER] ================================================================================
[2026-05-02T04:47:39Z] [INFO] 🔄 OVERNIGHT RESEARCH PIPELINE - CYCLE #65
[2026-05-02T04:47:39Z] [INFO] ================================================================================
[2026-05-02T04:47:39Z] [HEADER] ============================================================
[2026-05-02T04:47:39Z] [INFO] 🌙 STARTING OVERNIGHT RESEARCH CYCLE #65
[2026-05-02T04:47:39Z] [INFO] 🔍 Running overnight research protocol (web scraping + cross-symbol analysis)...
[2026-05-02T04:47:39Z] [INFO] 📊 Cycle duration: 0.10s, Files generated: 0
[2026-05-02T04:47:39Z] [WARNING] ⚠️ Database not initialized for cycle counting
[2026-05-02T04:47:39Z] [INFO] 💾 Database updated with cycle results
[2026-05-02T04:47:39Z] [SECTION] ============================================================
[2026-05-02T04:47:39Z] [INFO] 🔮 PHASE: HIDDEN LAYERING DETECTION
[2026-05-02T04:47:39Z] [INFO] 🔗 Hidden layering detection complete. Connections identified: 2
[2026-05-02T04:47:39Z] [SECTION] ============================================================
[2026-05-02T04:47:39Z] [INFO] 🔬 PHASE: DOMAIN CORRELATION ANALYSIS
[2026-05-02T04:47:39Z] [INFO] 📊 Domain correlation matrices created: 2
[2026-05-02T04:47:39Z] [SECTION] ============================================================
[2026-05-02T04:47:39Z] [INFO] 🖼️  PHASE: IMAGE-SEED ANALYSIS
[2026-05-02T04:47:39Z] [INFO] 📂 Image seed analysis bootstrapping from 5 images...
[2026-05-02T04:47:39Z] [SECTION] ============================================================
[2026-05-02T04:47:39Z] [INFO] 📤 PHASE: PUSH COMPONENTS TO TOLARIA
[2026-05-02T04:47:40Z] [INFO] 📦 Components pushed to Tolaria: 5
[2026-05-02T04:47:40Z] [SECTION] ============================================================
[2026-05-02T04:47:40Z] [INFO] 🧩 PHASE: COMPOSER - DOMAIN INTEGRATION SYNTHESIS
[2026-05-02T04:48:02Z] [INFO] 🎨 Domain integrations synthesized: 0
[2026-05-02T04:48:02Z] [SECTION] ============================================================
[2026-05-02T04:48:02Z] [INFO] 🚀 PHASE: ADVANCED OVERNIGHT LOOP
[2026-05-02T04:49:08Z] [INFO] 🔬 Advanced loop completed cycles: 0
[2026-05-02T04:49:08Z] [WARNING] ⚠️  Git commit skipped or failed (git not initialized?): Command '['git', '-C', '/home/avalonas/.hermes/gematria/unified_overnight_research', 'add', '.']' returned non-zero exit status 128.
[2026-05-02T04:49:08Z] [INFO] 
📊 CYCLE #65 SUMMARY
[2026-05-02T04:49:08Z] [INFO] ✅ Successful tasks: 7/7
[2026-05-02T04:49:08Z] [INFO] ⏱️  Cycle duration: 89.50s
[2026-05-02T04:49:08Z] [INFO]    ⚠️ task: result
[2026-05-02T04:49:08Z] [INFO]    ⚠️ task: result
[2026-05-02T04:49:08Z] [INFO]    ⚠️ task: result
[2026-05-02T04:49:08Z] [INFO]    ⚠️ task: result
[2026-05-02T04:49:08Z] [INFO]    ⚠️ task: result
[2026-05-02T04:49:08Z] [INFO]    ⚠️ task: result
[2026-05-02T04:49:08Z] [INFO]    ⚠️ task: result
[2026-05-02T04:49:08Z] [HEADER] ================================================================================
[2026-05-02T04:49:08Z] [INFO] 🔄 OVERNIGHT RESEARCH PIPELINE - CYCLE #66
[2026-05-02T04:49:08Z] [INFO] ================================================================================
[2026-05-02T04:49:08Z] [HEADER] ============================================================
[2026-05-02T04:49:08Z] [INFO] 🌙 STARTING OVERNIGHT RESEARCH CYCLE #66
[2026-05-02T04:49:08Z] [INFO] 🔍 Running overnight research protocol (web scraping + cross-symbol analysis)...
[2026-05-02T04:49:08Z] [INFO] 📊 Cycle duration: 0.11s, Files generated: 0
[2026-05-02T04:49:08Z] [WARNING] ⚠️ Database not initialized for cycle counting
[2026-05-02T04:49:08Z] [INFO] 💾 Database updated with cycle results
[2026-05-02T04:49:08Z] [SECTION] ============================================================
[2026-05-02T04:49:08Z] [INFO] 🔮 PHASE: HIDDEN LAYERING DETECTION
[2026-05-02T04:49:08Z] [INFO] 🔗 Hidden layering detection complete. Connections identified: 2
[2026-05-02T04:49:08Z] [SECTION] ============================================================
[2026-05-02T04:49:08Z] [INFO] 🔬 PHASE: DOMAIN CORRELATION ANALYSIS
[2026-05-02T04:49:08Z] [INFO] 📊 Domain correlation matrices created: 2
[2026-05-02T04:49:08Z] [SECTION] ============================================================
[2026-05-02T04:49:08Z] [INFO] 🖼️  PHASE: IMAGE-SEED ANALYSIS
[2026-05-02T04:49:08Z] [INFO] 📂 Image seed analysis bootstrapping from 5 images...
[2026-05-02T04:49:08Z] [SECTION] ============================================================
[2026-05-02T04:49:08Z] [INFO] 📤 PHASE: PUSH COMPONENTS TO TOLARIA
[2026-05-02T04:49:09Z] [INFO] 📦 Components pushed to Tolaria: 5
[2026-05-02T04:49:09Z] [SECTION] ============================================================
[2026-05-02T04:49:09Z] [INFO] 🧩 PHASE: COMPOSER - DOMAIN INTEGRATION SYNTHESIS
[2026-05-02T04:49:31Z] [INFO] 🎨 Domain integrations synthesized: 0
[2026-05-02T04:49:31Z] [SECTION] ============================================================
[2026-05-02T04:49:31Z] [INFO] 🚀 PHASE: ADVANCED OVERNIGHT LOOP
[2026-05-02T04:50:37Z] [INFO] 🔬 Advanced loop completed cycles: 0
[2026-05-02T04:50:37Z] [WARNING] ⚠️  Git commit skipped or failed (git not initialized?): Command '['git', '-C', '/home/avalonas/.hermes/gematria/unified_overnight_research', 'add', '.']' returned non-zero exit status 128.
[2026-05-02T04:50:37Z] [INFO] 
📊 CYCLE #66 SUMMARY
[2026-05-02T04:50:37Z] [INFO] ✅ Successful tasks: 7/7
[2026-05-02T04:50:37Z] [INFO] ⏱️  Cycle duration: 89.14s
[2026-05-02T04:50:37Z] [INFO]    ⚠️ task: result
[2026-05-02T04:50:37Z] [INFO]    ⚠️ task: result
[2026-05-02T04:50:37Z] [INFO]    ⚠️ task: result
[2026-05-02T04:50:37Z] [INFO]    ⚠️ task: result
[2026-05-02T04:50:37Z] [INFO]    ⚠️ task: result
[2026-05-02T04:50:37Z] [INFO]    ⚠️ task: result
[2026-05-02T04:50:37Z] [INFO]    ⚠️ task: result
[2026-05-02T04:50:37Z] [HEADER] ================================================================================
[2026-05-02T04:50:37Z] [INFO] 🔄 OVERNIGHT RESEARCH PIPELINE - CYCLE #67
[2026-05-02T04:50:37Z] [INFO] ================================================================================
[2026-05-02T04:50:37Z] [HEADER] ============================================================
[2026-05-02T04:50:37Z] [INFO] 🌙 STARTING OVERNIGHT RESEARCH CYCLE #67
[2026-05-02T04:50:37Z] [INFO] 🔍 Running overnight research protocol (web scraping + cross-symbol analysis)...
[2026-05-02T04:50:37Z] [INFO] 📊 Cycle duration: 0.10s, Files generated: 0
[2026-05-02T04:50:37Z] [WARNING] ⚠️ Database not initialized for cycle counting
[2026-05-02T04:50:37Z] [INFO] 💾 Database updated with cycle results
[2026-05-02T04:50:37Z] [SECTION] ============================================================
[2026-05-02T04:50:37Z] [INFO] 🔮 PHASE: HIDDEN LAYERING DETECTION
[2026-05-02T04:50:38Z] [INFO] 🔗 Hidden layering detection complete. Connections identified: 2
[2026-05-02T04:50:38Z] [SECTION] ============================================================
[2026-05-02T04:50:38Z] [INFO] 🔬 PHASE: DOMAIN CORRELATION ANALYSIS
[2026-05-02T04:50:38Z] [INFO] 📊 Domain correlation matrices created: 2
[2026-05-02T04:50:38Z] [SECTION] ============================================================
[2026-05-02T04:50:38Z] [INFO] 🖼️  PHASE: IMAGE-SEED ANALYSIS
[2026-05-02T04:50:38Z] [INFO] 📂 Image seed analysis bootstrapping from 5 images...
[2026-05-02T04:50:38Z] [SECTION] ============================================================
[2026-05-02T04:50:38Z] [INFO] 📤 PHASE: PUSH COMPONENTS TO TOLARIA
[2026-05-02T04:50:39Z] [INFO] 📦 Components pushed to Tolaria: 5
[2026-05-02T04:50:39Z] [SECTION] ============================================================
[2026-05-02T04:50:39Z] [INFO] 🧩 PHASE: COMPOSER - DOMAIN INTEGRATION SYNTHESIS
[2026-05-02T04:51:00Z] [INFO] 🎨 Domain integrations synthesized: 0
[2026-05-02T04:51:00Z] [SECTION] ============================================================
[2026-05-02T04:51:00Z] [INFO] 🚀 PHASE: ADVANCED OVERNIGHT LOOP
[2026-05-02T04:52:07Z] [INFO] 🔬 Advanced loop completed cycles: 0
[2026-05-02T04:52:07Z] [WARNING] ⚠️  Git commit skipped or failed (git not initialized?): Command '['git', '-C', '/home/avalonas/.hermes/gematria/unified_overnight_research', 'add', '.']' returned non-zero exit status 128.
[2026-05-02T04:52:07Z] [INFO] 
📊 CYCLE #67 SUMMARY
[2026-05-02T04:52:07Z] [INFO] ✅ Successful tasks: 7/7
[2026-05-02T04:52:07Z] [INFO] ⏱️  Cycle duration: 89.60s
[2026-05-02T04:52:07Z] [INFO]    ⚠️ task: result
[2026-05-02T04:52:07Z] [INFO]    ⚠️ task: result
[2026-05-02T04:52:07Z] [INFO]    ⚠️ task: result
[2026-05-02T04:52:07Z] [INFO]    ⚠️ task: result
[2026-05-02T04:52:07Z] [INFO]    ⚠️ task: result
[2026-05-02T04:52:07Z] [INFO]    ⚠️ task: result
[2026-05-02T04:52:07Z] [INFO]    ⚠️ task: result
[2026-05-02T04:52:07Z] [HEADER] ================================================================================
[2026-05-02T04:52:07Z] [INFO] 🔄 OVERNIGHT RESEARCH PIPELINE - CYCLE #68
[2026-05-02T04:52:07Z] [INFO] ================================================================================
[2026-05-02T04:52:07Z] [HEADER] ============================================================
[2026-05-02T04:52:07Z] [INFO] 🌙 STARTING OVERNIGHT RESEARCH CYCLE #68
[2026-05-02T04:52:07Z] [INFO] 🔍 Running overnight research protocol (web scraping + cross-symbol analysis)...
[2026-05-02T04:52:07Z] [INFO] 📊 Cycle duration: 0.11s, Files generated: 0
[2026-05-02T04:52:07Z] [WARNING] ⚠️ Database not initialized for cycle counting
[2026-05-02T04:52:07Z] [INFO] 💾 Database updated with cycle results
[2026-05-02T04:52:07Z] [SECTION] ============================================================
[2026-05-02T04:52:07Z] [INFO] 🔮 PHASE: HIDDEN LAYERING DETECTION
[2026-05-02T04:52:07Z] [INFO] 🔗 Hidden layering detection complete. Connections identified: 2
[2026-05-02T04:52:07Z] [SECTION] ============================================================
[2026-05-02T04:52:07Z] [INFO] 🔬 PHASE: DOMAIN CORRELATION ANALYSIS
[2026-05-02T04:52:07Z] [INFO] 📊 Domain correlation matrices created: 2
[2026-05-02T04:52:07Z] [SECTION] ============================================================
[2026-05-02T04:52:07Z] [INFO] 🖼️  PHASE: IMAGE-SEED ANALYSIS
[2026-05-02T04:52:07Z] [INFO] 📂 Image seed analysis bootstrapping from 5 images...
[2026-05-02T04:52:07Z] [SECTION] ============================================================
[2026-05-02T04:52:07Z] [INFO] 📤 PHASE: PUSH COMPONENTS TO TOLARIA
[2026-05-02T04:52:08Z] [INFO] 📦 Components pushed to Tolaria: 5
[2026-05-02T04:52:08Z] [SECTION] ============================================================
[2026-05-02T04:52:08Z] [INFO] 🧩 PHASE: COMPOSER - DOMAIN INTEGRATION SYNTHESIS
[2026-05-02T04:52:30Z] [INFO] 🎨 Domain integrations synthesized: 0
[2026-05-02T04:52:30Z] [SECTION] ============================================================
[2026-05-02T04:52:30Z] [INFO] 🚀 PHASE: ADVANCED OVERNIGHT LOOP
[2026-05-02T04:53:36Z] [INFO] 🔬 Advanced loop completed cycles: 0
[2026-05-02T04:53:36Z] [WARNING] ⚠️  Git commit skipped or failed (git not initialized?): Command '['git', '-C', '/home/avalonas/.hermes/gematria/unified_overnight_research', 'add', '.']' returned non-zero exit status 128.
[2026-05-02T04:53:36Z] [INFO] 
📊 CYCLE #68 SUMMARY
[2026-05-02T04:53:36Z] [INFO] ✅ Successful tasks: 7/7
[2026-05-02T04:53:36Z] [INFO] ⏱️  Cycle duration: 88.90s
[2026-05-02T04:53:36Z] [INFO]    ⚠️ task: result
[2026-05-02T04:53:36Z] [INFO]    ⚠️ task: result
[2026-05-02T04:53:36Z] [INFO]    ⚠️ task: result
[2026-05-02T04:53:36Z] [INFO]    ⚠️ task: result
[2026-05-02T04:53:36Z] [INFO]    ⚠️ task: result
[2026-05-02T04:53:36Z] [INFO]    ⚠️ task: result
[2026-05-02T04:53:36Z] [INFO]    ⚠️ task: result
[2026-05-02T04:53:36Z] [HEADER] ================================================================================
[2026-05-02T04:53:36Z] [INFO] 🔄 OVERNIGHT RESEARCH PIPELINE - CYCLE #69
[2026-05-02T04:53:36Z] [INFO] ================================================================================
[2026-05-02T04:53:36Z] [HEADER] ============================================================
[2026-05-02T04:53:36Z] [INFO] 🌙 STARTING OVERNIGHT RESEARCH CYCLE #69
[2026-05-02T04:53:36Z] [INFO] 🔍 Running overnight research protocol (web scraping + cross-symbol analysis)...
[2026-05-02T04:53:36Z] [INFO] 📊 Cycle duration: 0.10s, Files generated: 0
[2026-05-02T04:53:36Z] [WARNING] ⚠️ Database not initialized for cycle counting
[2026-05-02T04:53:36Z] [INFO] 💾 Database updated with cycle results
[2026-05-02T04:53:36Z] [SECTION] ============================================================
[2026-05-02T04:53:36Z] [INFO] 🔮 PHASE: HIDDEN LAYERING DETECTION
[2026-05-02T04:53:36Z] [INFO] 🔗 Hidden layering detection complete. Connections identified: 2
[2026-05-02T04:53:36Z] [SECTION] ============================================================
[2026-05-02T04:53:36Z] [INFO] 🔬 PHASE: DOMAIN CORRELATION ANALYSIS
[2026-05-02T04:53:36Z] [INFO] 📊 Domain correlation matrices created: 2
[2026-05-02T04:53:36Z] [SECTION] ============================================================
[2026-05-02T04:53:36Z] [INFO] 🖼️  PHASE: IMAGE-SEED ANALYSIS
[2026-05-02T04:53:36Z] [INFO] 📂 Image seed analysis bootstrapping from 5 images...
[2026-05-02T04:53:36Z] [SECTION] ============================================================
[2026-05-02T04:53:36Z] [INFO] 📤 PHASE: PUSH COMPONENTS TO TOLARIA
[2026-05-02T04:53:37Z] [INFO] 📦 Components pushed to Tolaria: 5
[2026-05-02T04:53:37Z] [SECTION] ============================================================
[2026-05-02T04:53:37Z] [INFO] 🧩 PHASE: COMPOSER - DOMAIN INTEGRATION SYNTHESIS
[2026-05-02T04:53:59Z] [INFO] 🎨 Domain integrations synthesized: 0
[2026-05-02T04:53:59Z] [SECTION] ============================================================
[2026-05-02T04:53:59Z] [INFO] 🚀 PHASE: ADVANCED OVERNIGHT LOOP
[2026-05-02T04:55:06Z] [INFO] 🔬 Advanced loop completed cycles: 0
[2026-05-02T04:55:06Z] [WARNING] ⚠️  Git commit skipped or failed (git not initialized?): Command '['git', '-C', '/home/avalonas/.hermes/gematria/unified_overnight_research', 'add', '.']' returned non-zero exit status 128.
[2026-05-02T04:55:06Z] [INFO] 
📊 CYCLE #69 SUMMARY
[2026-05-02T04:55:06Z] [INFO] ✅ Successful tasks: 7/7
[2026-05-02T04:55:06Z] [INFO] ⏱️  Cycle duration: 89.74s
[2026-05-02T04:55:06Z] [INFO]    ⚠️ task: result
[2026-05-02T04:55:06Z] [INFO]    ⚠️ task: result
[2026-05-02T04:55:06Z] [INFO]    ⚠️ task: result
[2026-05-02T04:55:06Z] [INFO]    ⚠️ task: result
[2026-05-02T04:55:06Z] [INFO]    ⚠️ task: result
[2026-05-02T04:55:06Z] [INFO]    ⚠️ task: result
[2026-05-02T04:55:06Z] [INFO]    ⚠️ task: result
[2026-05-02T04:55:06Z] [HEADER] ================================================================================
[2026-05-02T04:55:06Z] [INFO] 🔄 OVERNIGHT RESEARCH PIPELINE - CYCLE #70
[2026-05-02T04:55:06Z] [INFO] ================================================================================
[2026-05-02T04:55:06Z] [HEADER] ============================================================
[2026-05-02T04:55:06Z] [INFO] 🌙 STARTING OVERNIGHT RESEARCH CYCLE #70
[2026-05-02T04:55:06Z] [INFO] 🔍 Running overnight research protocol (web scraping + cross-symbol analysis)...
[2026-05-02T04:55:06Z] [INFO] 📊 Cycle duration: 0.10s, Files generated: 0
[2026-05-02T04:55:06Z] [WARNING] ⚠️ Database not initialized for cycle counting
[2026-05-02T04:55:06Z] [INFO] 💾 Database updated with cycle results
[2026-05-02T04:55:06Z] [SECTION] ============================================================
[2026-05-02T04:55:06Z] [INFO] 🔮 PHASE: HIDDEN LAYERING DETECTION
[2026-05-02T04:55:06Z] [INFO] 🔗 Hidden layering detection complete. Connections identified: 2
[2026-05-02T04:55:06Z] [SECTION] ============================================================
[2026-05-02T04:55:06Z] [INFO] 🔬 PHASE: DOMAIN CORRELATION ANALYSIS
[2026-05-02T04:55:06Z] [INFO] 📊 Domain correlation matrices created: 2
[2026-05-02T04:55:06Z] [SECTION] ============================================================
[2026-05-02T04:55:06Z] [INFO] 🖼️  PHASE: IMAGE-SEED ANALYSIS
[2026-05-02T04:55:06Z] [INFO] 📂 Image seed analysis bootstrapping from 5 images...
[2026-05-02T04:55:06Z] [SECTION] ============================================================
[2026-05-02T04:55:06Z] [INFO] 📤 PHASE: PUSH COMPONENTS TO TOLARIA
[2026-05-02T04:55:07Z] [INFO] 📦 Components pushed to Tolaria: 5
[2026-05-02T04:55:07Z] [SECTION] ============================================================
[2026-05-02T04:55:07Z] [INFO] 🧩 PHASE: COMPOSER - DOMAIN INTEGRATION SYNTHESIS
[2026-05-02T04:55:28Z] [INFO] 🎨 Domain integrations synthesized: 0
[2026-05-02T04:55:28Z] [SECTION] ============================================================
[2026-05-02T04:55:28Z] [INFO] 🚀 PHASE: ADVANCED OVERNIGHT LOOP
[2026-05-02T04:56:34Z] [INFO] 🔬 Advanced loop completed cycles: 0
[2026-05-02T04:56:34Z] [WARNING] ⚠️  Git commit skipped or failed (git not initialized?): Command '['git', '-C', '/home/avalonas/.hermes/gematria/unified_overnight_research', 'add', '.']' returned non-zero exit status 128.
[2026-05-02T04:56:34Z] [INFO] 
📊 CYCLE #70 SUMMARY
[2026-05-02T04:56:34Z] [INFO] ✅ Successful tasks: 7/7
[2026-05-02T04:56:34Z] [INFO] ⏱️  Cycle duration: 88.36s
[2026-05-02T04:56:34Z] [INFO]    ⚠️ task: result
[2026-05-02T04:56:34Z] [INFO]    ⚠️ task: result
[2026-05-02T04:56:34Z] [INFO]    ⚠️ task: result
[2026-05-02T04:56:34Z] [INFO]    ⚠️ task: result
[2026-05-02T04:56:34Z] [INFO]    ⚠️ task: result
[2026-05-02T04:56:34Z] [INFO]    ⚠️ task: result
[2026-05-02T04:56:34Z] [INFO]    ⚠️ task: result
[2026-05-02T04:56:34Z] [HEADER] ================================================================================
[2026-05-02T04:56:34Z] [INFO] 🔄 OVERNIGHT RESEARCH PIPELINE - CYCLE #71
[2026-05-02T04:56:34Z] [INFO] ================================================================================
[2026-05-02T04:56:34Z] [HEADER] ============================================================
[2026-05-02T04:56:34Z] [INFO] 🌙 STARTING OVERNIGHT RESEARCH CYCLE #71
[2026-05-02T04:56:34Z] [INFO] 🔍 Running overnight research protocol (web scraping + cross-symbol analysis)...
[2026-05-02T04:56:34Z] [INFO] 📊 Cycle duration: 0.10s, Files generated: 0
[2026-05-02T04:56:34Z] [WARNING] ⚠️ Database not initialized for cycle counting
[2026-05-02T04:56:34Z] [INFO] 💾 Database updated with cycle results
[2026-05-02T04:56:34Z] [SECTION] ============================================================
[2026-05-02T04:56:34Z] [INFO] 🔮 PHASE: HIDDEN LAYERING DETECTION
[2026-05-02T04:56:34Z] [INFO] 🔗 Hidden layering detection complete. Connections identified: 2
[2026-05-02T04:56:34Z] [SECTION] ============================================================
[2026-05-02T04:56:34Z] [INFO] 🔬 PHASE: DOMAIN CORRELATION ANALYSIS
[2026-05-02T04:56:34Z] [INFO] 📊 Domain correlation matrices created: 2
[2026-05-02T04:56:34Z] [SECTION] ============================================================
[2026-05-02T04:56:34Z] [INFO] 🖼️  PHASE: IMAGE-SEED ANALYSIS
[2026-05-02T04:56:34Z] [INFO] 📂 Image seed analysis bootstrapping from 5 images...
[2026-05-02T04:56:34Z] [SECTION] ============================================================
[2026-05-02T04:56:34Z] [INFO] 📤 PHASE: PUSH COMPONENTS TO TOLARIA
[2026-05-02T04:56:35Z] [INFO] 📦 Components pushed to Tolaria: 5
[2026-05-02T04:56:35Z] [SECTION] ============================================================
[2026-05-02T04:56:35Z] [INFO] 🧩 PHASE: COMPOSER - DOMAIN INTEGRATION SYNTHESIS
[2026-05-02T04:56:56Z] [INFO] 🎨 Domain integrations synthesized: 0
[2026-05-02T04:56:56Z] [SECTION] ============================================================
[2026-05-02T04:56:56Z] [INFO] 🚀 PHASE: ADVANCED OVERNIGHT LOOP
[2026-05-02T04:58:03Z] [INFO] 🔬 Advanced loop completed cycles: 0
[2026-05-02T04:58:03Z] [WARNING] ⚠️  Git commit skipped or failed (git not initialized?): Command '['git', '-C', '/home/avalonas/.hermes/gematria/unified_overnight_research', 'add', '.']' returned non-zero exit status 128.
[2026-05-02T04:58:03Z] [INFO] 
📊 CYCLE #71 SUMMARY
[2026-05-02T04:58:03Z] [INFO] ✅ Successful tasks: 7/7
[2026-05-02T04:58:03Z] [INFO] ⏱️  Cycle duration: 88.63s
[2026-05-02T04:58:03Z] [INFO]    ⚠️ task: result
[2026-05-02T04:58:03Z] [INFO]    ⚠️ task: result
[2026-05-02T04:58:03Z] [INFO]    ⚠️ task: result
[2026-05-02T04:58:03Z] [INFO]    ⚠️ task: result
[2026-05-02T04:58:03Z] [INFO]    ⚠️ task: result
[2026-05-02T04:58:03Z] [INFO]    ⚠️ task: result
[2026-05-02T04:58:03Z] [INFO]    ⚠️ task: result
[2026-05-02T04:58:03Z] [HEADER] ================================================================================
[2026-05-02T04:58:03Z] [INFO] 🔄 OVERNIGHT RESEARCH PIPELINE - CYCLE #72
[2026-05-02T04:58:03Z] [INFO] ================================================================================
[2026-05-02T04:58:03Z] [HEADER] ============================================================
[2026-05-02T04:58:03Z] [INFO] 🌙 STARTING OVERNIGHT RESEARCH CYCLE #72
[2026-05-02T04:58:03Z] [INFO] 🔍 Running overnight research protocol (web scraping + cross-symbol analysis)...
[2026-05-02T04:58:03Z] [INFO] 📊 Cycle duration: 0.10s, Files generated: 0
[2026-05-02T04:58:03Z] [WARNING] ⚠️ Database not initialized for cycle counting
[2026-05-02T04:58:03Z] [INFO] 💾 Database updated with cycle results
[2026-05-02T04:58:03Z] [SECTION] ============================================================
[2026-05-02T04:58:03Z] [INFO] 🔮 PHASE: HIDDEN LAYERING DETECTION
[2026-05-02T04:58:03Z] [INFO] 🔗 Hidden layering detection complete. Connections identified: 2
[2026-05-02T04:58:03Z] [SECTION] ============================================================
[2026-05-02T04:58:03Z] [INFO] 🔬 PHASE: DOMAIN CORRELATION ANALYSIS
[2026-05-02T04:58:03Z] [INFO] 📊 Domain correlation matrices created: 2
[2026-05-02T04:58:03Z] [SECTION] ============================================================
[2026-05-02T04:58:03Z] [INFO] 🖼️  PHASE: IMAGE-SEED ANALYSIS
[2026-05-02T04:58:03Z] [INFO] 📂 Image seed analysis bootstrapping from 5 images...
[2026-05-02T04:58:03Z] [SECTION] ============================================================
[2026-05-02T04:58:03Z] [INFO] 📤 PHASE: PUSH COMPONENTS TO TOLARIA
[2026-05-02T04:58:04Z] [INFO] 📦 Components pushed to Tolaria: 5
[2026-05-02T04:58:04Z] [SECTION] ============================================================
[2026-05-02T04:58:04Z] [INFO] 🧩 PHASE: COMPOSER - DOMAIN INTEGRATION SYNTHESIS
[2026-05-02T04:58:26Z] [INFO] 🎨 Domain integrations synthesized: 0
[2026-05-02T04:58:26Z] [SECTION] ============================================================
[2026-05-02T04:58:26Z] [INFO] 🚀 PHASE: ADVANCED OVERNIGHT LOOP
[2026-05-02T04:59:32Z] [INFO] 🔬 Advanced loop completed cycles: 0
[2026-05-02T04:59:32Z] [WARNING] ⚠️  Git commit skipped or failed (git not initialized?): Command '['git', '-C', '/home/avalonas/.hermes/gematria/unified_overnight_research', 'add', '.']' returned non-zero exit status 128.
[2026-05-02T04:59:32Z] [INFO] 
📊 CYCLE #72 SUMMARY
[2026-05-02T04:59:32Z] [INFO] ✅ Successful tasks: 7/7
[2026-05-02T04:59:32Z] [INFO] ⏱️  Cycle duration: 89.75s
[2026-05-02T04:59:32Z] [INFO]    ⚠️ task: result
[2026-05-02T04:59:32Z] [INFO]    ⚠️ task: result
[2026-05-02T04:59:32Z] [INFO]    ⚠️ task: result
[2026-05-02T04:59:32Z] [INFO]    ⚠️ task: result
[2026-05-02T04:59:32Z] [INFO]    ⚠️ task: result
[2026-05-02T04:59:32Z] [INFO]    ⚠️ task: result
[2026-05-02T04:59:32Z] [INFO]    ⚠️ task: result
[2026-05-02T04:59:32Z] [HEADER] ================================================================================
[2026-05-02T04:59:32Z] [INFO] 🔄 OVERNIGHT RESEARCH PIPELINE - CYCLE #73
[2026-05-02T04:59:32Z] [INFO] ================================================================================
[2026-05-02T04:59:32Z] [HEADER] ============================================================
[2026-05-02T04:59:32Z] [INFO] 🌙 STARTING OVERNIGHT RESEARCH CYCLE #73
[2026-05-02T04:59:32Z] [INFO] 🔍 Running overnight research protocol (web scraping + cross-symbol analysis)...
[2026-05-02T04:59:33Z] [INFO] 📊 Cycle duration: 0.11s, Files generated: 0
[2026-05-02T04:59:33Z] [WARNING] ⚠️ Database not initialized for cycle counting
[2026-05-02T04:59:33Z] [INFO] 💾 Database updated with cycle results
[2026-05-02T04:59:33Z] [SECTION] ============================================================
[2026-05-02T04:59:33Z] [INFO] 🔮 PHASE: HIDDEN LAYERING DETECTION
[2026-05-02T04:59:33Z] [INFO] 🔗 Hidden layering detection complete. Connections identified: 2
[2026-05-02T04:59:33Z] [SECTION] ============================================================
[2026-05-02T04:59:33Z] [INFO] 🔬 PHASE: DOMAIN CORRELATION ANALYSIS
[2026-05-02T04:59:33Z] [INFO] 📊 Domain correlation matrices created: 2
[2026-05-02T04:59:33Z] [SECTION] ============================================================
[2026-05-02T04:59:33Z] [INFO] 🖼️  PHASE: IMAGE-SEED ANALYSIS
[2026-05-02T04:59:33Z] [INFO] 📂 Image seed analysis bootstrapping from 5 images...
[2026-05-02T04:59:33Z] [SECTION] ============================================================
[2026-05-02T04:59:33Z] [INFO] 📤 PHASE: PUSH COMPONENTS TO TOLARIA
[2026-05-02T04:59:34Z] [INFO] 📦 Components pushed to Tolaria: 5
[2026-05-02T04:59:34Z] [SECTION] ============================================================
[2026-05-02T04:59:34Z] [INFO] 🧩 PHASE: COMPOSER - DOMAIN INTEGRATION SYNTHESIS
[2026-05-02T04:59:55Z] [INFO] 🎨 Domain integrations synthesized: 0
[2026-05-02T04:59:55Z] [SECTION] ============================================================
[2026-05-02T04:59:55Z] [INFO] 🚀 PHASE: ADVANCED OVERNIGHT LOOP
[2026-05-02T05:01:02Z] [INFO] 🔬 Advanced loop completed cycles: 0
[2026-05-02T05:01:02Z] [WARNING] ⚠️  Git commit skipped or failed (git not initialized?): Command '['git', '-C', '/home/avalonas/.hermes/gematria/unified_overnight_research', 'add', '.']' returned non-zero exit status 128.
[2026-05-02T05:01:02Z] [INFO] 
📊 CYCLE #73 SUMMARY
[2026-05-02T05:01:02Z] [INFO] ✅ Successful tasks: 7/7
[2026-05-02T05:01:02Z] [INFO] ⏱️  Cycle duration: 89.36s
[2026-05-02T05:01:02Z] [INFO]    ⚠️ task: result
[2026-05-02T05:01:02Z] [INFO]    ⚠️ task: result
[2026-05-02T05:01:02Z] [INFO]    ⚠️ task: result
[2026-05-02T05:01:02Z] [INFO]    ⚠️ task: result
[2026-05-02T05:01:02Z] [INFO]    ⚠️ task: result
[2026-05-02T05:01:02Z] [INFO]    ⚠️ task: result
[2026-05-02T05:01:02Z] [INFO]    ⚠️ task: result
[2026-05-02T05:01:02Z] [HEADER] ================================================================================
[2026-05-02T05:01:02Z] [INFO] 🔄 OVERNIGHT RESEARCH PIPELINE - CYCLE #74
[2026-05-02T05:01:02Z] [INFO] ================================================================================
[2026-05-02T05:01:02Z] [HEADER] ============================================================
[2026-05-02T05:01:02Z] [INFO] 🌙 STARTING OVERNIGHT RESEARCH CYCLE #74
[2026-05-02T05:01:02Z] [INFO] 🔍 Running overnight research protocol (web scraping + cross-symbol analysis)...
[2026-05-02T05:01:02Z] [INFO] 📊 Cycle duration: 0.10s, Files generated: 0
[2026-05-02T05:01:02Z] [WARNING] ⚠️ Database not initialized for cycle counting
[2026-05-02T05:01:02Z] [INFO] 💾 Database updated with cycle results
[2026-05-02T05:01:02Z] [SECTION] ============================================================
[2026-05-02T05:01:02Z] [INFO] 🔮 PHASE: HIDDEN LAYERING DETECTION
[2026-05-02T05:01:02Z] [INFO] 🔗 Hidden layering detection complete. Connections identified: 2
[2026-05-02T05:01:02Z] [SECTION] ============================================================
[2026-05-02T05:01:02Z] [INFO] 🔬 PHASE: DOMAIN CORRELATION ANALYSIS
[2026-05-02T05:01:02Z] [INFO] 📊 Domain correlation matrices created: 2
[2026-05-02T05:01:02Z] [SECTION] ============================================================
[2026-05-02T05:01:02Z] [INFO] 🖼️  PHASE: IMAGE-SEED ANALYSIS
[2026-05-02T05:01:02Z] [INFO] 📂 Image seed analysis bootstrapping from 5 images...
[2026-05-02T05:01:02Z] [SECTION] ============================================================
[2026-05-02T05:01:02Z] [INFO] 📤 PHASE: PUSH COMPONENTS TO TOLARIA
[2026-05-02T05:01:03Z] [INFO] 📦 Components pushed to Tolaria: 5
[2026-05-02T05:01:03Z] [SECTION] ============================================================
[2026-05-02T05:01:03Z] [INFO] 🧩 PHASE: COMPOSER - DOMAIN INTEGRATION SYNTHESIS
[2026-05-02T05:01:24Z] [INFO] 🎨 Domain integrations synthesized: 0
[2026-05-02T05:01:24Z] [SECTION] ============================================================
[2026-05-02T05:01:24Z] [INFO] 🚀 PHASE: ADVANCED OVERNIGHT LOOP
[2026-05-02T05:02:31Z] [INFO] 🔬 Advanced loop completed cycles: 0
[2026-05-02T05:02:31Z] [WARNING] ⚠️  Git commit skipped or failed (git not initialized?): Command '['git', '-C', '/home/avalonas/.hermes/gematria/unified_overnight_research', 'add', '.']' returned non-zero exit status 128.
[2026-05-02T05:02:31Z] [INFO] 
📊 CYCLE #74 SUMMARY
[2026-05-02T05:02:31Z] [INFO] ✅ Successful tasks: 7/7
[2026-05-02T05:02:31Z] [INFO] ⏱️  Cycle duration: 89.14s
[2026-05-02T05:02:31Z] [INFO]    ⚠️ task: result
[2026-05-02T05:02:31Z] [INFO]    ⚠️ task: result
[2026-05-02T05:02:31Z] [INFO]    ⚠️ task: result
[2026-05-02T05:02:31Z] [INFO]    ⚠️ task: result
[2026-05-02T05:02:31Z] [INFO]    ⚠️ task: result
[2026-05-02T05:02:31Z] [INFO]    ⚠️ task: result
[2026-05-02T05:02:31Z] [INFO]    ⚠️ task: result
[2026-05-02T05:02:31Z] [HEADER] ================================================================================
[2026-05-02T05:02:31Z] [INFO] 🔄 OVERNIGHT RESEARCH PIPELINE - CYCLE #75
[2026-05-02T05:02:31Z] [INFO] ================================================================================
[2026-05-02T05:02:31Z] [HEADER] ============================================================
[2026-05-02T05:02:31Z] [INFO] 🌙 STARTING OVERNIGHT RESEARCH CYCLE #75
[2026-05-02T05:02:31Z] [INFO] 🔍 Running overnight research protocol (web scraping + cross-symbol analysis)...
[2026-05-02T05:02:31Z] [INFO] 📊 Cycle duration: 0.11s, Files generated: 0
[2026-05-02T05:02:31Z] [WARNING] ⚠️ Database not initialized for cycle counting
[2026-05-02T05:02:31Z] [INFO] 💾 Database updated with cycle results
[2026-05-02T05:02:31Z] [SECTION] ============================================================
[2026-05-02T05:02:31Z] [INFO] 🔮 PHASE: HIDDEN LAYERING DETECTION
[2026-05-02T05:02:31Z] [INFO] 🔗 Hidden layering detection complete. Connections identified: 2
[2026-05-02T05:02:31Z] [SECTION] ============================================================
[2026-05-02T05:02:31Z] [INFO] 🔬 PHASE: DOMAIN CORRELATION ANALYSIS
[2026-05-02T05:02:31Z] [INFO] 📊 Domain correlation matrices created: 2
[2026-05-02T05:02:31Z] [SECTION] ============================================================
[2026-05-02T05:02:31Z] [INFO] 🖼️  PHASE: IMAGE-SEED ANALYSIS
[2026-05-02T05:02:31Z] [INFO] 📂 Image seed analysis bootstrapping from 5 images...
[2026-05-02T05:02:31Z] [SECTION] ============================================================
[2026-05-02T05:02:31Z] [INFO] 📤 PHASE: PUSH COMPONENTS TO TOLARIA
[2026-05-02T05:02:32Z] [INFO] 📦 Components pushed to Tolaria: 5
[2026-05-02T05:02:32Z] [SECTION] ============================================================
[2026-05-02T05:02:32Z] [INFO] 🧩 PHASE: COMPOSER - DOMAIN INTEGRATION SYNTHESIS
[2026-05-02T05:02:53Z] [INFO] 🎨 Domain integrations synthesized: 0
[2026-05-02T05:02:53Z] [SECTION] ============================================================
[2026-05-02T05:02:53Z] [INFO] 🚀 PHASE: ADVANCED OVERNIGHT LOOP
[2026-05-02T05:04:00Z] [INFO] 🔬 Advanced loop completed cycles: 0
[2026-05-02T05:04:00Z] [WARNING] ⚠️  Git commit skipped or failed (git not initialized?): Command '['git', '-C', '/home/avalonas/.hermes/gematria/unified_overnight_research', 'add', '.']' returned non-zero exit status 128.
[2026-05-02T05:04:00Z] [INFO] 
📊 CYCLE #75 SUMMARY
[2026-05-02T05:04:00Z] [INFO] ✅ Successful tasks: 7/7
[2026-05-02T05:04:00Z] [INFO] ⏱️  Cycle duration: 88.74s
[2026-05-02T05:04:00Z] [INFO]    ⚠️ task: result
[2026-05-02T05:04:00Z] [INFO]    ⚠️ task: result
[2026-05-02T05:04:00Z] [INFO]    ⚠️ task: result
[2026-05-02T05:04:00Z] [INFO]    ⚠️ task: result
[2026-05-02T05:04:00Z] [INFO]    ⚠️ task: result
[2026-05-02T05:04:00Z] [INFO]    ⚠️ task: result
[2026-05-02T05:04:00Z] [INFO]    ⚠️ task: result
[2026-05-02T05:04:00Z] [HEADER] ================================================================================
[2026-05-02T05:04:00Z] [INFO] 🔄 OVERNIGHT RESEARCH PIPELINE - CYCLE #76
[2026-05-02T05:04:00Z] [INFO] ================================================================================
[2026-05-02T05:04:00Z] [HEADER] ============================================================
[2026-05-02T05:04:00Z] [INFO] 🌙 STARTING OVERNIGHT RESEARCH CYCLE #76
[2026-05-02T05:04:00Z] [INFO] 🔍 Running overnight research protocol (web scraping + cross-symbol analysis)...
[2026-05-02T05:04:00Z] [INFO] 📊 Cycle duration: 0.10s, Files generated: 0
[2026-05-02T05:04:00Z] [WARNING] ⚠️ Database not initialized for cycle counting
[2026-05-02T05:04:00Z] [INFO] 💾 Database updated with cycle results
[2026-05-02T05:04:00Z] [SECTION] ============================================================
[2026-05-02T05:04:00Z] [INFO] 🔮 PHASE: HIDDEN LAYERING DETECTION
[2026-05-02T05:04:00Z] [INFO] 🔗 Hidden layering detection complete. Connections identified: 2
[2026-05-02T05:04:00Z] [SECTION] ============================================================
[2026-05-02T05:04:00Z] [INFO] 🔬 PHASE: DOMAIN CORRELATION ANALYSIS
[2026-05-02T05:04:00Z] [INFO] 📊 Domain correlation matrices created: 2
[2026-05-02T05:04:00Z] [SECTION] ============================================================
[2026-05-02T05:04:00Z] [INFO] 🖼️  PHASE: IMAGE-SEED ANALYSIS
[2026-05-02T05:04:00Z] [INFO] 📂 Image seed analysis bootstrapping from 5 images...
[2026-05-02T05:04:00Z] [SECTION] ============================================================
[2026-05-02T05:04:00Z] [INFO] 📤 PHASE: PUSH COMPONENTS TO TOLARIA
[2026-05-02T05:04:01Z] [INFO] 📦 Components pushed to Tolaria: 5
[2026-05-02T05:04:01Z] [SECTION] ============================================================
[2026-05-02T05:04:01Z] [INFO] 🧩 PHASE: COMPOSER - DOMAIN INTEGRATION SYNTHESIS
[2026-05-02T05:04:22Z] [INFO] 🎨 Domain integrations synthesized: 0
[2026-05-02T05:04:22Z] [SECTION] ============================================================
[2026-05-02T05:04:22Z] [INFO] 🚀 PHASE: ADVANCED OVERNIGHT LOOP
[2026-05-02T05:05:29Z] [INFO] 🔬 Advanced loop completed cycles: 0
[2026-05-02T05:05:29Z] [WARNING] ⚠️  Git commit skipped or failed (git not initialized?): Command '['git', '-C', '/home/avalonas/.hermes/gematria/unified_overnight_research', 'add', '.']' returned non-zero exit status 128.
[2026-05-02T05:05:29Z] [INFO] 
📊 CYCLE #76 SUMMARY
[2026-05-02T05:05:29Z] [INFO] ✅ Successful tasks: 7/7
[2026-05-02T05:05:29Z] [INFO] ⏱️  Cycle duration: 89.25s
[2026-05-02T05:05:29Z] [INFO]    ⚠️ task: result
[2026-05-02T05:05:29Z] [INFO]    ⚠️ task: result
[2026-05-02T05:05:29Z] [INFO]    ⚠️ task: result
[2026-05-02T05:05:29Z] [INFO]    ⚠️ task: result
[2026-05-02T05:05:29Z] [INFO]    ⚠️ task: result
[2026-05-02T05:05:29Z] [INFO]    ⚠️ task: result
[2026-05-02T05:05:29Z] [INFO]    ⚠️ task: result
[2026-05-02T05:05:29Z] [HEADER] ================================================================================
[2026-05-02T05:05:29Z] [INFO] 🔄 OVERNIGHT RESEARCH PIPELINE - CYCLE #77
[2026-05-02T05:05:29Z] [INFO] ================================================================================
[2026-05-02T05:05:29Z] [HEADER] ============================================================
[2026-05-02T05:05:29Z] [INFO] 🌙 STARTING OVERNIGHT RESEARCH CYCLE #77
[2026-05-02T05:05:29Z] [INFO] 🔍 Running overnight research protocol (web scraping + cross-symbol analysis)...
[2026-05-02T05:05:29Z] [INFO] 📊 Cycle duration: 0.10s, Files generated: 0
[2026-05-02T05:05:29Z] [WARNING] ⚠️ Database not initialized for cycle counting
[2026-05-02T05:05:29Z] [INFO] 💾 Database updated with cycle results
[2026-05-02T05:05:29Z] [SECTION] ============================================================
[2026-05-02T05:05:29Z] [INFO] 🔮 PHASE: HIDDEN LAYERING DETECTION
[2026-05-02T05:05:29Z] [INFO] 🔗 Hidden layering detection complete. Connections identified: 2
[2026-05-02T05:05:29Z] [SECTION] ============================================================
[2026-05-02T05:05:29Z] [INFO] 🔬 PHASE: DOMAIN CORRELATION ANALYSIS
[2026-05-02T05:05:29Z] [INFO] 📊 Domain correlation matrices created: 2
[2026-05-02T05:05:29Z] [SECTION] ============================================================
[2026-05-02T05:05:29Z] [INFO] 🖼️  PHASE: IMAGE-SEED ANALYSIS
[2026-05-02T05:05:29Z] [INFO] 📂 Image seed analysis bootstrapping from 5 images...
[2026-05-02T05:05:29Z] [SECTION] ============================================================
[2026-05-02T05:05:29Z] [INFO] 📤 PHASE: PUSH COMPONENTS TO TOLARIA
[2026-05-02T05:05:30Z] [INFO] 📦 Components pushed to Tolaria: 5
[2026-05-02T05:05:30Z] [SECTION] ============================================================
[2026-05-02T05:05:30Z] [INFO] 🧩 PHASE: COMPOSER - DOMAIN INTEGRATION SYNTHESIS
[2026-05-02T05:05:52Z] [INFO] 🎨 Domain integrations synthesized: 0
[2026-05-02T05:05:52Z] [SECTION] ============================================================
[2026-05-02T05:05:52Z] [INFO] 🚀 PHASE: ADVANCED OVERNIGHT LOOP
[2026-05-02T05:06:58Z] [INFO] 🔬 Advanced loop completed cycles: 0
[2026-05-02T05:06:58Z] [WARNING] ⚠️  Git commit skipped or failed (git not initialized?): Command '['git', '-C', '/home/avalonas/.hermes/gematria/unified_overnight_research', 'add', '.']' returned non-zero exit status 128.
[2026-05-02T05:06:58Z] [INFO] 
📊 CYCLE #77 SUMMARY
[2026-05-02T05:06:58Z] [INFO] ✅ Successful tasks: 7/7
[2026-05-02T05:06:58Z] [INFO] ⏱️  Cycle duration: 89.26s
[2026-05-02T05:06:58Z] [INFO]    ⚠️ task: result
[2026-05-02T05:06:58Z] [INFO]    ⚠️ task: result
[2026-05-02T05:06:58Z] [INFO]    ⚠️ task: result
[2026-05-02T05:06:58Z] [INFO]    ⚠️ task: result
[2026-05-02T05:06:58Z] [INFO]    ⚠️ task: result
[2026-05-02T05:06:58Z] [INFO]    ⚠️ task: result
[2026-05-02T05:06:58Z] [INFO]    ⚠️ task: result
[2026-05-02T05:06:58Z] [HEADER] ================================================================================
[2026-05-02T05:06:58Z] [INFO] 🔄 OVERNIGHT RESEARCH PIPELINE - CYCLE #78
[2026-05-02T05:06:58Z] [INFO] ================================================================================
[2026-05-02T05:06:58Z] [HEADER] ============================================================
[2026-05-02T05:06:58Z] [INFO] 🌙 STARTING OVERNIGHT RESEARCH CYCLE #78
[2026-05-02T05:06:58Z] [INFO] 🔍 Running overnight research protocol (web scraping + cross-symbol analysis)...
[2026-05-02T05:06:58Z] [INFO] 📊 Cycle duration: 0.11s, Files generated: 0
[2026-05-02T05:06:58Z] [WARNING] ⚠️ Database not initialized for cycle counting
[2026-05-02T05:06:58Z] [INFO] 💾 Database updated with cycle results
[2026-05-02T05:06:58Z] [SECTION] ============================================================
[2026-05-02T05:06:58Z] [INFO] 🔮 PHASE: HIDDEN LAYERING DETECTION
[2026-05-02T05:06:58Z] [INFO] 🔗 Hidden layering detection complete. Connections identified: 2
[2026-05-02T05:06:58Z] [SECTION] ============================================================
[2026-05-02T05:06:58Z] [INFO] 🔬 PHASE: DOMAIN CORRELATION ANALYSIS
[2026-05-02T05:06:58Z] [INFO] 📊 Domain correlation matrices created: 2
[2026-05-02T05:06:58Z] [SECTION] ============================================================
[2026-05-02T05:06:58Z] [INFO] 🖼️  PHASE: IMAGE-SEED ANALYSIS
[2026-05-02T05:06:58Z] [INFO] 📂 Image seed analysis bootstrapping from 5 images...
[2026-05-02T05:06:58Z] [SECTION] ============================================================
[2026-05-02T05:06:58Z] [INFO] 📤 PHASE: PUSH COMPONENTS TO TOLARIA
[2026-05-02T05:06:59Z] [INFO] 📦 Components pushed to Tolaria: 5
[2026-05-02T05:06:59Z] [SECTION] ============================================================
[2026-05-02T05:06:59Z] [INFO] 🧩 PHASE: COMPOSER - DOMAIN INTEGRATION SYNTHESIS
[2026-05-02T05:07:22Z] [INFO] 🎨 Domain integrations synthesized: 0
[2026-05-02T05:07:22Z] [SECTION] ============================================================
[2026-05-02T05:07:22Z] [INFO] 🚀 PHASE: ADVANCED OVERNIGHT LOOP
[2026-05-02T05:07:22Z] [INFO] 🔬 Advanced loop completed cycles: 0
[2026-05-02T05:07:22Z] [WARNING] ⚠️  Git commit skipped or failed (git not initialized?): Command '['git', '-C', '/home/avalonas/.hermes/gematria/unified_overnight_research', 'add', '.']' returned non-zero exit status 128.
[2026-05-02T05:07:22Z] [INFO] 
📊 CYCLE #78 SUMMARY
[2026-05-02T05:07:22Z] [INFO] ✅ Successful tasks: 7/7
[2026-05-02T05:07:22Z] [INFO] ⏱️  Cycle duration: 23.61s
[2026-05-02T05:07:22Z] [INFO]    ⚠️ task: result
[2026-05-02T05:07:22Z] [INFO]    ⚠️ task: result
[2026-05-02T05:07:22Z] [INFO]    ⚠️ task: result
[2026-05-02T05:07:22Z] [INFO]    ⚠️ task: result
[2026-05-02T05:07:22Z] [INFO]    ⚠️ task: result
[2026-05-02T05:07:22Z] [INFO]    ⚠️ task: result
[2026-05-02T05:07:22Z] [INFO]    ⚠️ task: result
[2026-05-02T05:07:22Z] [HEADER] ================================================================================
[2026-05-02T05:07:22Z] [INFO] 🔄 OVERNIGHT RESEARCH PIPELINE - CYCLE #79
[2026-05-02T05:07:22Z] [INFO] ================================================================================
[2026-05-02T05:07:22Z] [HEADER] ============================================================
[2026-05-02T05:07:22Z] [INFO] 🌙 STARTING OVERNIGHT RESEARCH CYCLE #79
[2026-05-02T05:07:22Z] [INFO] 🔍 Running overnight research protocol (web scraping + cross-symbol analysis)...
[2026-05-02T05:07:22Z] [INFO] 📊 Cycle duration: 0.11s, Files generated: 0
[2026-05-02T05:07:22Z] [WARNING] ⚠️ Database not initialized for cycle counting
[2026-05-02T05:07:22Z] [INFO] 💾 Database updated with cycle results
[2026-05-02T05:07:22Z] [SECTION] ============================================================
[2026-05-02T05:07:22Z] [INFO] 🔮 PHASE: HIDDEN LAYERING DETECTION
[2026-05-02T05:07:22Z] [INFO] 🔗 Hidden layering detection complete. Connections identified: 2
[2026-05-02T05:07:22Z] [SECTION] ============================================================
[2026-05-02T05:07:22Z] [INFO] 🔬 PHASE: DOMAIN CORRELATION ANALYSIS
[2026-05-02T05:07:22Z] [INFO] 📊 Domain correlation matrices created: 2
[2026-05-02T05:07:22Z] [SECTION] ============================================================
[2026-05-02T05:07:22Z] [INFO] 🖼️  PHASE: IMAGE-SEED ANALYSIS
[2026-05-02T05:07:22Z] [INFO] 📂 Image seed analysis bootstrapping from 5 images...
[2026-05-02T05:07:22Z] [SECTION] ============================================================
[2026-05-02T05:07:22Z] [INFO] 📤 PHASE: PUSH COMPONENTS TO TOLARIA
[2026-05-02T05:07:23Z] [INFO] 📦 Components pushed to Tolaria: 5
[2026-05-02T05:07:23Z] [SECTION] ============================================================
[2026-05-02T05:07:23Z] [INFO] 🧩 PHASE: COMPOSER - DOMAIN INTEGRATION SYNTHESIS
[2026-05-02T05:07:44Z] [INFO] 🎨 Domain integrations synthesized: 0
[2026-05-02T05:07:44Z] [SECTION] ============================================================
[2026-05-02T05:07:44Z] [INFO] 🚀 PHASE: ADVANCED OVERNIGHT LOOP
[2026-05-02T05:07:44Z] [INFO] 🔬 Advanced loop completed cycles: 0
[2026-05-02T05:07:44Z] [WARNING] ⚠️  Git commit skipped or failed (git not initialized?): Command '['git', '-C', '/home/avalonas/.hermes/gematria/unified_overnight_research', 'add', '.']' returned non-zero exit status 128.
[2026-05-02T05:07:44Z] [INFO] 
📊 CYCLE #79 SUMMARY
[2026-05-02T05:07:44Z] [INFO] ✅ Successful tasks: 7/7
[2026-05-02T05:07:44Z] [INFO] ⏱️  Cycle duration: 22.53s
[2026-05-02T05:07:44Z] [INFO]    ⚠️ task: result
[2026-05-02T05:07:44Z] [INFO]    ⚠️ task: result
[2026-05-02T05:07:44Z] [INFO]    ⚠️ task: result
[2026-05-02T05:07:44Z] [INFO]    ⚠️ task: result
[2026-05-02T05:07:44Z] [INFO]    ⚠️ task: result
[2026-05-02T05:07:44Z] [INFO]    ⚠️ task: result
[2026-05-02T05:07:44Z] [INFO]    ⚠️ task: result
[2026-05-02T05:07:44Z] [HEADER] ================================================================================
[2026-05-02T05:07:44Z] [INFO] 🔄 OVERNIGHT RESEARCH PIPELINE - CYCLE #80
[2026-05-02T05:07:44Z] [INFO] ================================================================================
[2026-05-02T05:07:44Z] [HEADER] ============================================================
[2026-05-02T05:07:44Z] [INFO] 🌙 STARTING OVERNIGHT RESEARCH CYCLE #80
[2026-05-02T05:07:44Z] [INFO] 🔍 Running overnight research protocol (web scraping + cross-symbol analysis)...
[2026-05-02T05:07:44Z] [INFO] 📊 Cycle duration: 0.11s, Files generated: 0
[2026-05-02T05:07:44Z] [WARNING] ⚠️ Database not initialized for cycle counting
[2026-05-02T05:07:44Z] [INFO] 💾 Database updated with cycle results
[2026-05-02T05:07:44Z] [SECTION] ============================================================
[2026-05-02T05:07:44Z] [INFO] 🔮 PHASE: HIDDEN LAYERING DETECTION
[2026-05-02T05:07:44Z] [INFO] 🔗 Hidden layering detection complete. Connections identified: 2
[2026-05-02T05:07:44Z] [SECTION] ============================================================
[2026-05-02T05:07:44Z] [INFO] 🔬 PHASE: DOMAIN CORRELATION ANALYSIS
[2026-05-02T05:07:44Z] [INFO] 📊 Domain correlation matrices created: 2
[2026-05-02T05:07:44Z] [SECTION] ============================================================
[2026-05-02T05:07:44Z] [INFO] 🖼️  PHASE: IMAGE-SEED ANALYSIS
[2026-05-02T05:07:44Z] [INFO] 📂 Image seed analysis bootstrapping from 5 images...
[2026-05-02T05:07:44Z] [SECTION] ============================================================
[2026-05-02T05:07:44Z] [INFO] 📤 PHASE: PUSH COMPONENTS TO TOLARIA
[2026-05-02T05:07:45Z] [INFO] 📦 Components pushed to Tolaria: 5
[2026-05-02T05:07:45Z] [SECTION] ============================================================
[2026-05-02T05:07:45Z] [INFO] 🧩 PHASE: COMPOSER - DOMAIN INTEGRATION SYNTHESIS
[2026-05-02T05:08:08Z] [INFO] 🎨 Domain integrations synthesized: 0
[2026-05-02T05:08:08Z] [SECTION] ============================================================
[2026-05-02T05:08:08Z] [INFO] 🚀 PHASE: ADVANCED OVERNIGHT LOOP
[2026-05-02T05:09:18Z] [INFO] 🔬 Advanced loop completed cycles: 0
[2026-05-02T05:09:18Z] [WARNING] ⚠️  Git commit skipped or failed (git not initialized?): Command '['git', '-C', '/home/avalonas/.hermes/gematria/unified_overnight_research', 'add', '.']' returned non-zero exit status 128.
[2026-05-02T05:09:18Z] [INFO] 
📊 CYCLE #80 SUMMARY
[2026-05-02T05:09:18Z] [INFO] ✅ Successful tasks: 7/7
[2026-05-02T05:09:18Z] [INFO] ⏱️  Cycle duration: 94.11s
[2026-05-02T05:09:18Z] [INFO]    ⚠️ task: result
[2026-05-02T05:09:18Z] [INFO]    ⚠️ task: result
[2026-05-02T05:09:18Z] [INFO]    ⚠️ task: result
[2026-05-02T05:09:18Z] [INFO]    ⚠️ task: result
[2026-05-02T05:09:18Z] [INFO]    ⚠️ task: result
[2026-05-02T05:09:18Z] [INFO]    ⚠️ task: result
[2026-05-02T05:09:18Z] [INFO]    ⚠️ task: result
[2026-05-02T05:09:18Z] [HEADER] ================================================================================
[2026-05-02T05:09:18Z] [INFO] 🔄 OVERNIGHT RESEARCH PIPELINE - CYCLE #81
[2026-05-02T05:09:18Z] [INFO] ================================================================================
[2026-05-02T05:09:18Z] [HEADER] ============================================================
[2026-05-02T05:09:18Z] [INFO] 🌙 STARTING OVERNIGHT RESEARCH CYCLE #81
[2026-05-02T05:09:18Z] [INFO] 🔍 Running overnight research protocol (web scraping + cross-symbol analysis)...
[2026-05-02T05:09:19Z] [INFO] 📊 Cycle duration: 0.16s, Files generated: 0
[2026-05-02T05:09:19Z] [WARNING] ⚠️ Database not initialized for cycle counting
[2026-05-02T05:09:19Z] [INFO] 💾 Database updated with cycle results
[2026-05-02T05:09:19Z] [SECTION] ============================================================
[2026-05-02T05:09:19Z] [INFO] 🔮 PHASE: HIDDEN LAYERING DETECTION
[2026-05-02T05:09:19Z] [INFO] 🔗 Hidden layering detection complete. Connections identified: 2
[2026-05-02T05:09:19Z] [SECTION] ============================================================
[2026-05-02T05:09:19Z] [INFO] 🔬 PHASE: DOMAIN CORRELATION ANALYSIS
[2026-05-02T05:09:19Z] [INFO] 📊 Domain correlation matrices created: 2
[2026-05-02T05:09:19Z] [SECTION] ============================================================
[2026-05-02T05:09:19Z] [INFO] 🖼️  PHASE: IMAGE-SEED ANALYSIS
[2026-05-02T05:09:19Z] [INFO] 📂 Image seed analysis bootstrapping from 5 images...
[2026-05-02T05:09:19Z] [SECTION] ============================================================
[2026-05-02T05:09:19Z] [INFO] 📤 PHASE: PUSH COMPONENTS TO TOLARIA
[2026-05-02T05:09:20Z] [INFO] 📦 Components pushed to Tolaria: 5
[2026-05-02T05:09:20Z] [SECTION] ============================================================
[2026-05-02T05:09:20Z] [INFO] 🧩 PHASE: COMPOSER - DOMAIN INTEGRATION SYNTHESIS
[2026-05-02T05:09:41Z] [INFO] 🎨 Domain integrations synthesized: 0
[2026-05-02T05:09:41Z] [SECTION] ============================================================
[2026-05-02T05:09:41Z] [INFO] 🚀 PHASE: ADVANCED OVERNIGHT LOOP
[2026-05-02T05:10:47Z] [INFO] 🔬 Advanced loop completed cycles: 0
[2026-05-02T05:10:47Z] [WARNING] ⚠️  Git commit skipped or failed (git not initialized?): Command '['git', '-C', '/home/avalonas/.hermes/gematria/unified_overnight_research', 'add', '.']' returned non-zero exit status 128.
[2026-05-02T05:10:47Z] [INFO] 
📊 CYCLE #81 SUMMARY
[2026-05-02T05:10:47Z] [INFO] ✅ Successful tasks: 7/7
[2026-05-02T05:10:47Z] [INFO] ⏱️  Cycle duration: 88.51s
[2026-05-02T05:10:47Z] [INFO]    ⚠️ task: result
[2026-05-02T05:10:47Z] [INFO]    ⚠️ task: result
[2026-05-02T05:10:47Z] [INFO]    ⚠️ task: result
[2026-05-02T05:10:47Z] [INFO]    ⚠️ task: result
[2026-05-02T05:10:47Z] [INFO]    ⚠️ task: result
[2026-05-02T05:10:47Z] [INFO]    ⚠️ task: result
[2026-05-02T05:10:47Z] [INFO]    ⚠️ task: result
[2026-05-02T05:10:47Z] [HEADER] ================================================================================
[2026-05-02T05:10:47Z] [INFO] 🔄 OVERNIGHT RESEARCH PIPELINE - CYCLE #82
[2026-05-02T05:10:47Z] [INFO] ================================================================================
[2026-05-02T05:10:47Z] [HEADER] ============================================================
[2026-05-02T05:10:47Z] [INFO] 🌙 STARTING OVERNIGHT RESEARCH CYCLE #82
[2026-05-02T05:10:47Z] [INFO] 🔍 Running overnight research protocol (web scraping + cross-symbol analysis)...
[2026-05-02T05:10:47Z] [INFO] 📊 Cycle duration: 0.13s, Files generated: 0
[2026-05-02T05:10:47Z] [WARNING] ⚠️ Database not initialized for cycle counting
[2026-05-02T05:10:47Z] [INFO] 💾 Database updated with cycle results
[2026-05-02T05:10:47Z] [SECTION] ============================================================
[2026-05-02T05:10:47Z] [INFO] 🔮 PHASE: HIDDEN LAYERING DETECTION
[2026-05-02T05:10:47Z] [INFO] 🔗 Hidden layering detection complete. Connections identified: 22
[2026-05-02T05:10:47Z] [SECTION] ============================================================
[2026-05-02T05:10:47Z] [INFO] 🔬 PHASE: DOMAIN CORRELATION ANALYSIS
[2026-05-02T05:10:47Z] [INFO] 📊 Domain correlation matrices created: 2
[2026-05-02T05:10:47Z] [SECTION] ============================================================
[2026-05-02T05:10:47Z] [INFO] 🖼️  PHASE: IMAGE-SEED ANALYSIS
[2026-05-02T05:10:47Z] [INFO] 📂 Image seed analysis bootstrapping from 5 images...
[2026-05-02T05:10:47Z] [SECTION] ============================================================
[2026-05-02T05:10:47Z] [INFO] 📤 PHASE: PUSH COMPONENTS TO TOLARIA
[2026-05-02T05:10:49Z] [INFO] 📦 Components pushed to Tolaria: 5
[2026-05-02T05:10:49Z] [SECTION] ============================================================
[2026-05-02T05:10:49Z] [INFO] 🧩 PHASE: COMPOSER - DOMAIN INTEGRATION SYNTHESIS
[2026-05-02T05:11:10Z] [INFO] 🎨 Domain integrations synthesized: 0
[2026-05-02T05:11:10Z] [SECTION] ============================================================
[2026-05-02T05:11:10Z] [INFO] 🚀 PHASE: ADVANCED OVERNIGHT LOOP
[2026-05-02T05:12:16Z] [INFO] 🔬 Advanced loop completed cycles: 0
[2026-05-02T05:12:16Z] [WARNING] ⚠️  Git commit skipped or failed (git not initialized?): Command '['git', '-C', '/home/avalonas/.hermes/gematria/unified_overnight_research', 'add', '.']' returned non-zero exit status 128.
[2026-05-02T05:12:16Z] [INFO] 
📊 CYCLE #82 SUMMARY
[2026-05-02T05:12:16Z] [INFO] ✅ Successful tasks: 7/7
[2026-05-02T05:12:16Z] [INFO] ⏱️  Cycle duration: 89.00s
[2026-05-02T05:12:16Z] [INFO]    ⚠️ task: result
[2026-05-02T05:12:16Z] [INFO]    ⚠️ task: result
[2026-05-02T05:12:16Z] [INFO]    ⚠️ task: result
[2026-05-02T05:12:16Z] [INFO]    ⚠️ task: result
[2026-05-02T05:12:16Z] [INFO]    ⚠️ task: result
[2026-05-02T05:12:16Z] [INFO]    ⚠️ task: result
[2026-05-02T05:12:16Z] [INFO]    ⚠️ task: result
[2026-05-02T05:12:16Z] [HEADER] ================================================================================
[2026-05-02T05:12:16Z] [INFO] 🔄 OVERNIGHT RESEARCH PIPELINE - CYCLE #83
[2026-05-02T05:12:16Z] [INFO] ================================================================================
[2026-05-02T05:12:16Z] [HEADER] ============================================================
[2026-05-02T05:12:16Z] [INFO] 🌙 STARTING OVERNIGHT RESEARCH CYCLE #83
[2026-05-02T05:12:16Z] [INFO] 🔍 Running overnight research protocol (web scraping + cross-symbol analysis)...
[2026-05-02T05:12:16Z] [INFO] 📊 Cycle duration: 0.19s, Files generated: 0
[2026-05-02T05:12:16Z] [WARNING] ⚠️ Database not initialized for cycle counting
[2026-05-02T05:12:16Z] [INFO] 💾 Database updated with cycle results
[2026-05-02T05:12:16Z] [SECTION] ============================================================
[2026-05-02T05:12:16Z] [INFO] 🔮 PHASE: HIDDEN LAYERING DETECTION
[2026-05-02T05:12:16Z] [INFO] 🔗 Hidden layering detection complete. Connections identified: 2
[2026-05-02T05:12:16Z] [SECTION] ============================================================
[2026-05-02T05:12:16Z] [INFO] 🔬 PHASE: DOMAIN CORRELATION ANALYSIS
[2026-05-02T05:12:16Z] [INFO] 📊 Domain correlation matrices created: 2
[2026-05-02T05:12:16Z] [SECTION] ============================================================
[2026-05-02T05:12:16Z] [INFO] 🖼️  PHASE: IMAGE-SEED ANALYSIS
[2026-05-02T05:12:16Z] [INFO] 📂 Image seed analysis bootstrapping from 5 images...
[2026-05-02T05:12:16Z] [SECTION] ============================================================
[2026-05-02T05:12:16Z] [INFO] 📤 PHASE: PUSH COMPONENTS TO TOLARIA
[2026-05-02T05:12:17Z] [INFO] 📦 Components pushed to Tolaria: 5
[2026-05-02T05:12:17Z] [SECTION] ============================================================
[2026-05-02T05:12:17Z] [INFO] 🧩 PHASE: COMPOSER - DOMAIN INTEGRATION SYNTHESIS
[2026-05-02T05:12:38Z] [INFO] 🎨 Domain integrations synthesized: 0
[2026-05-02T05:12:38Z] [SECTION] ============================================================
[2026-05-02T05:12:38Z] [INFO] 🚀 PHASE: ADVANCED OVERNIGHT LOOP
[2026-05-02T05:12:39Z] [INFO] 🔬 Advanced loop completed cycles: 0
[2026-05-02T05:12:39Z] [WARNING] ⚠️  Git commit skipped or failed (git not initialized?): Command '['git', '-C', '/home/avalonas/.hermes/gematria/unified_overnight_research', 'add', '.']' returned non-zero exit status 128.
[2026-05-02T05:12:39Z] [INFO] 
📊 CYCLE #83 SUMMARY
[2026-05-02T05:12:39Z] [INFO] ✅ Successful tasks: 7/7
[2026-05-02T05:12:39Z] [INFO] ⏱️  Cycle duration: 22.65s
[2026-05-02T05:12:39Z] [INFO]    ⚠️ task: result
[2026-05-02T05:12:39Z] [INFO]    ⚠️ task: result
[2026-05-02T05:12:39Z] [INFO]    ⚠️ task: result
[2026-05-02T05:12:39Z] [INFO]    ⚠️ task: result
[2026-05-02T05:12:39Z] [INFO]    ⚠️ task: result
[2026-05-02T05:12:39Z] [INFO]    ⚠️ task: result
[2026-05-02T05:12:39Z] [INFO]    ⚠️ task: result
[2026-05-02T05:12:39Z] [HEADER] ================================================================================
[2026-05-02T05:12:39Z] [INFO] 🔄 OVERNIGHT RESEARCH PIPELINE - CYCLE #84
[2026-05-02T05:12:39Z] [INFO] ================================================================================
[2026-05-02T05:12:39Z] [HEADER] ============================================================
[2026-05-02T05:12:39Z] [INFO] 🌙 STARTING OVERNIGHT RESEARCH CYCLE #84
[2026-05-02T05:12:39Z] [INFO] 🔍 Running overnight research protocol (web scraping + cross-symbol analysis)...
[2026-05-02T05:12:39Z] [INFO] 📊 Cycle duration: 0.11s, Files generated: 0
[2026-05-02T05:12:39Z] [WARNING] ⚠️ Database not initialized for cycle counting
[2026-05-02T05:12:39Z] [INFO] 💾 Database updated with cycle results
[2026-05-02T05:12:39Z] [SECTION] ============================================================
[2026-05-02T05:12:39Z] [INFO] 🔮 PHASE: HIDDEN LAYERING DETECTION
[2026-05-02T05:12:39Z] [INFO] 🔗 Hidden layering detection complete. Connections identified: 2
[2026-05-02T05:12:39Z] [SECTION] ============================================================
[2026-05-02T05:12:39Z] [INFO] 🔬 PHASE: DOMAIN CORRELATION ANALYSIS
[2026-05-02T05:12:39Z] [INFO] 📊 Domain correlation matrices created: 2
[2026-05-02T05:12:39Z] [SECTION] ============================================================
[2026-05-02T05:12:39Z] [INFO] 🖼️  PHASE: IMAGE-SEED ANALYSIS
[2026-05-02T05:12:39Z] [INFO] 📂 Image seed analysis bootstrapping from 5 images...
[2026-05-02T05:12:39Z] [SECTION] ============================================================
[2026-05-02T05:12:39Z] [INFO] 📤 PHASE: PUSH COMPONENTS TO TOLARIA
[2026-05-02T05:12:40Z] [INFO] 📦 Components pushed to Tolaria: 5
[2026-05-02T05:12:40Z] [SECTION] ============================================================
[2026-05-02T05:12:40Z] [INFO] 🧩 PHASE: COMPOSER - DOMAIN INTEGRATION SYNTHESIS
[2026-05-02T05:13:02Z] [INFO] 🎨 Domain integrations synthesized: 0
[2026-05-02T05:13:02Z] [SECTION] ============================================================
[2026-05-02T05:13:02Z] [INFO] 🚀 PHASE: ADVANCED OVERNIGHT LOOP
[2026-05-02T05:14:06Z] [INFO] 🔬 Advanced loop completed cycles: 0
[2026-05-02T05:14:06Z] [WARNING] ⚠️  Git commit skipped or failed (git not initialized?): Command '['git', '-C', '/home/avalonas/.hermes/gematria/unified_overnight_research', 'add', '.']' returned non-zero exit status 128.
[2026-05-02T05:14:06Z] [INFO] 
📊 CYCLE #84 SUMMARY
[2026-05-02T05:14:06Z] [INFO] ✅ Successful tasks: 7/7
[2026-05-02T05:14:06Z] [INFO] ⏱️  Cycle duration: 87.08s
[2026-05-02T05:14:06Z] [INFO]    ⚠️ task: result
[2026-05-02T05:14:06Z] [INFO]    ⚠️ task: result
[2026-05-02T05:14:06Z] [INFO]    ⚠️ task: result
[2026-05-02T05:14:06Z] [INFO]    ⚠️ task: result
[2026-05-02T05:14:06Z] [INFO]    ⚠️ task: result
[2026-05-02T05:14:06Z] [INFO]    ⚠️ task: result
[2026-05-02T05:14:06Z] [INFO]    ⚠️ task: result
[2026-05-02T05:14:06Z] [HEADER] ================================================================================
[2026-05-02T05:14:06Z] [INFO] 🔄 OVERNIGHT RESEARCH PIPELINE - CYCLE #85
[2026-05-02T05:14:06Z] [INFO] ================================================================================
[2026-05-02T05:14:06Z] [HEADER] ============================================================
[2026-05-02T05:14:06Z] [INFO] 🌙 STARTING OVERNIGHT RESEARCH CYCLE #85
[2026-05-02T05:14:06Z] [INFO] 🔍 Running overnight research protocol (web scraping + cross-symbol analysis)...
[2026-05-02T05:14:06Z] [INFO] 📊 Cycle duration: 0.10s, Files generated: 0
[2026-05-02T05:14:06Z] [WARNING] ⚠️ Database not initialized for cycle counting
[2026-05-02T05:14:06Z] [INFO] 💾 Database updated with cycle results
[2026-05-02T05:14:06Z] [SECTION] ============================================================
[2026-05-02T05:14:06Z] [INFO] 🔮 PHASE: HIDDEN LAYERING DETECTION
[2026-05-02T05:14:06Z] [INFO] 🔗 Hidden layering detection complete. Connections identified: 2
[2026-05-02T05:14:06Z] [SECTION] ============================================================
[2026-05-02T05:14:06Z] [INFO] 🔬 PHASE: DOMAIN CORRELATION ANALYSIS
[2026-05-02T05:14:06Z] [INFO] 📊 Domain correlation matrices created: 2
[2026-05-02T05:14:06Z] [SECTION] ============================================================
[2026-05-02T05:14:06Z] [INFO] 🖼️  PHASE: IMAGE-SEED ANALYSIS
[2026-05-02T05:14:06Z] [INFO] 📂 Image seed analysis bootstrapping from 5 images...
[2026-05-02T05:14:06Z] [SECTION] ============================================================
[2026-05-02T05:14:06Z] [INFO] 📤 PHASE: PUSH COMPONENTS TO TOLARIA
[2026-05-02T05:14:07Z] [INFO] 📦 Components pushed to Tolaria: 5
[2026-05-02T05:14:07Z] [SECTION] ============================================================
[2026-05-02T05:14:07Z] [INFO] 🧩 PHASE: COMPOSER - DOMAIN INTEGRATION SYNTHESIS
[2026-05-02T05:14:28Z] [INFO] 🎨 Domain integrations synthesized: 0
[2026-05-02T05:14:28Z] [SECTION] ============================================================
[2026-05-02T05:14:28Z] [INFO] 🚀 PHASE: ADVANCED OVERNIGHT LOOP
[2026-05-02T05:15:33Z] [INFO] 🔬 Advanced loop completed cycles: 0
[2026-05-02T05:15:33Z] [WARNING] ⚠️  Git commit skipped or failed (git not initialized?): Command '['git', '-C', '/home/avalonas/.hermes/gematria/unified_overnight_research', 'add', '.']' returned non-zero exit status 128.
[2026-05-02T05:15:33Z] [INFO] 
📊 CYCLE #85 SUMMARY
[2026-05-02T05:15:33Z] [INFO] ✅ Successful tasks: 7/7
[2026-05-02T05:15:33Z] [INFO] ⏱️  Cycle duration: 87.75s
[2026-05-02T05:15:33Z] [INFO]    ⚠️ task: result
[2026-05-02T05:15:33Z] [INFO]    ⚠️ task: result
[2026-05-02T05:15:33Z] [INFO]    ⚠️ task: result
[2026-05-02T05:15:33Z] [INFO]    ⚠️ task: result
[2026-05-02T05:15:33Z] [INFO]    ⚠️ task: result
[2026-05-02T05:15:33Z] [INFO]    ⚠️ task: result
[2026-05-02T05:15:33Z] [INFO]    ⚠️ task: result
[2026-05-02T05:15:33Z] [HEADER] ================================================================================
[2026-05-02T05:15:33Z] [INFO] 🔄 OVERNIGHT RESEARCH PIPELINE - CYCLE #86
[2026-05-02T05:15:33Z] [INFO] ================================================================================
[2026-05-02T05:15:33Z] [HEADER] ============================================================
[2026-05-02T05:15:33Z] [INFO] 🌙 STARTING OVERNIGHT RESEARCH CYCLE #86
[2026-05-02T05:15:33Z] [INFO] 🔍 Running overnight research protocol (web scraping + cross-symbol analysis)...
[2026-05-02T05:15:34Z] [INFO] 📊 Cycle duration: 0.10s, Files generated: 0
[2026-05-02T05:15:34Z] [WARNING] ⚠️ Database not initialized for cycle counting
[2026-05-02T05:15:34Z] [INFO] 💾 Database updated with cycle results
[2026-05-02T05:15:34Z] [SECTION] ============================================================
[2026-05-02T05:15:34Z] [INFO] 🔮 PHASE: HIDDEN LAYERING DETECTION
[2026-05-02T05:15:34Z] [INFO] 🔗 Hidden layering detection complete. Connections identified: 2
[2026-05-02T05:15:34Z] [SECTION] ============================================================
[2026-05-02T05:15:34Z] [INFO] 🔬 PHASE: DOMAIN CORRELATION ANALYSIS
[2026-05-02T05:15:34Z] [INFO] 📊 Domain correlation matrices created: 2
[2026-05-02T05:15:34Z] [SECTION] ============================================================
[2026-05-02T05:15:34Z] [INFO] 🖼️  PHASE: IMAGE-SEED ANALYSIS
[2026-05-02T05:15:34Z] [INFO] 📂 Image seed analysis bootstrapping from 5 images...
[2026-05-02T05:15:34Z] [SECTION] ============================================================
[2026-05-02T05:15:34Z] [INFO] 📤 PHASE: PUSH COMPONENTS TO TOLARIA
[2026-05-02T05:15:35Z] [INFO] 📦 Components pushed to Tolaria: 5
[2026-05-02T05:15:35Z] [SECTION] ============================================================
[2026-05-02T05:15:35Z] [INFO] 🧩 PHASE: COMPOSER - DOMAIN INTEGRATION SYNTHESIS
[2026-05-02T05:15:56Z] [INFO] 🎨 Domain integrations synthesized: 0
[2026-05-02T05:15:56Z] [SECTION] ============================================================
[2026-05-02T05:15:56Z] [INFO] 🚀 PHASE: ADVANCED OVERNIGHT LOOP
[2026-05-02T05:17:03Z] [INFO] 🔬 Advanced loop completed cycles: 0
[2026-05-02T05:17:03Z] [WARNING] ⚠️  Git commit skipped or failed (git not initialized?): Command '['git', '-C', '/home/avalonas/.hermes/gematria/unified_overnight_research', 'add', '.']' returned non-zero exit status 128.
[2026-05-02T05:17:03Z] [INFO] 
📊 CYCLE #86 SUMMARY
[2026-05-02T05:17:03Z] [INFO] ✅ Successful tasks: 7/7
[2026-05-02T05:17:03Z] [INFO] ⏱️  Cycle duration: 89.24s
[2026-05-02T05:17:03Z] [INFO]    ⚠️ task: result
[2026-05-02T05:17:03Z] [INFO]    ⚠️ task: result
[2026-05-02T05:17:03Z] [INFO]    ⚠️ task: result
[2026-05-02T05:17:03Z] [INFO]    ⚠️ task: result
[2026-05-02T05:17:03Z] [INFO]    ⚠️ task: result
[2026-05-02T05:17:03Z] [INFO]    ⚠️ task: result
[2026-05-02T05:17:03Z] [INFO]    ⚠️ task: result
[2026-05-02T05:17:03Z] [HEADER] ================================================================================
[2026-05-02T05:17:03Z] [INFO] 🔄 OVERNIGHT RESEARCH PIPELINE - CYCLE #87
[2026-05-02T05:17:03Z] [INFO] ================================================================================
[2026-05-02T05:17:03Z] [HEADER] ============================================================
[2026-05-02T05:17:03Z] [INFO] 🌙 STARTING OVERNIGHT RESEARCH CYCLE #87
[2026-05-02T05:17:03Z] [INFO] 🔍 Running overnight research protocol (web scraping + cross-symbol analysis)...
[2026-05-02T05:17:03Z] [INFO] 📊 Cycle duration: 0.10s, Files generated: 0
[2026-05-02T05:17:03Z] [WARNING] ⚠️ Database not initialized for cycle counting
[2026-05-02T05:17:03Z] [INFO] 💾 Database updated with cycle results
[2026-05-02T05:17:03Z] [SECTION] ============================================================
[2026-05-02T05:17:03Z] [INFO] 🔮 PHASE: HIDDEN LAYERING DETECTION
[2026-05-02T05:17:03Z] [INFO] 🔗 Hidden layering detection complete. Connections identified: 2
[2026-05-02T05:17:03Z] [SECTION] ============================================================
[2026-05-02T05:17:03Z] [INFO] 🔬 PHASE: DOMAIN CORRELATION ANALYSIS
[2026-05-02T05:17:03Z] [INFO] 📊 Domain correlation matrices created: 2
[2026-05-02T05:17:03Z] [SECTION] ============================================================
[2026-05-02T05:17:03Z] [INFO] 🖼️  PHASE: IMAGE-SEED ANALYSIS
[2026-05-02T05:17:03Z] [INFO] 📂 Image seed analysis bootstrapping from 5 images...
[2026-05-02T05:17:03Z] [SECTION] ============================================================
[2026-05-02T05:17:03Z] [INFO] 📤 PHASE: PUSH COMPONENTS TO TOLARIA
[2026-05-02T05:17:04Z] [INFO] 📦 Components pushed to Tolaria: 5
[2026-05-02T05:17:04Z] [SECTION] ============================================================
[2026-05-02T05:17:04Z] [INFO] 🧩 PHASE: COMPOSER - DOMAIN INTEGRATION SYNTHESIS
[2026-05-02T05:17:25Z] [INFO] 🎨 Domain integrations synthesized: 0
[2026-05-02T05:17:25Z] [SECTION] ============================================================
[2026-05-02T05:17:25Z] [INFO] 🚀 PHASE: ADVANCED OVERNIGHT LOOP
[2026-05-02T05:18:33Z] [INFO] 🔬 Advanced loop completed cycles: 0
[2026-05-02T05:18:33Z] [WARNING] ⚠️  Git commit skipped or failed (git not initialized?): Command '['git', '-C', '/home/avalonas/.hermes/gematria/unified_overnight_research', 'add', '.']' returned non-zero exit status 128.
[2026-05-02T05:18:33Z] [INFO] 
📊 CYCLE #87 SUMMARY
[2026-05-02T05:18:33Z] [INFO] ✅ Successful tasks: 7/7
[2026-05-02T05:18:33Z] [INFO] ⏱️  Cycle duration: 90.50s
[2026-05-02T05:18:33Z] [INFO]    ⚠️ task: result
[2026-05-02T05:18:33Z] [INFO]    ⚠️ task: result
[2026-05-02T05:18:33Z] [INFO]    ⚠️ task: result
[2026-05-02T05:18:33Z] [INFO]    ⚠️ task: result
[2026-05-02T05:18:33Z] [INFO]    ⚠️ task: result
[2026-05-02T05:18:33Z] [INFO]    ⚠️ task: result
[2026-05-02T05:18:33Z] [INFO]    ⚠️ task: result
[2026-05-02T05:18:33Z] [HEADER] ================================================================================
[2026-05-02T05:18:33Z] [INFO] 🔄 OVERNIGHT RESEARCH PIPELINE - CYCLE #88
[2026-05-02T05:18:33Z] [INFO] ================================================================================
[2026-05-02T05:18:33Z] [HEADER] ============================================================
[2026-05-02T05:18:33Z] [INFO] 🌙 STARTING OVERNIGHT RESEARCH CYCLE #88
[2026-05-02T05:18:33Z] [INFO] 🔍 Running overnight research protocol (web scraping + cross-symbol analysis)...
[2026-05-02T05:18:33Z] [INFO] 📊 Cycle duration: 0.11s, Files generated: 0
[2026-05-02T05:18:33Z] [WARNING] ⚠️ Database not initialized for cycle counting
[2026-05-02T05:18:33Z] [INFO] 💾 Database updated with cycle results
[2026-05-02T05:18:33Z] [SECTION] ============================================================
[2026-05-02T05:18:33Z] [INFO] 🔮 PHASE: HIDDEN LAYERING DETECTION
[2026-05-02T05:18:33Z] [INFO] 🔗 Hidden layering detection complete. Connections identified: 2
[2026-05-02T05:18:33Z] [SECTION] ============================================================
[2026-05-02T05:18:33Z] [INFO] 🔬 PHASE: DOMAIN CORRELATION ANALYSIS
[2026-05-02T05:18:33Z] [INFO] 📊 Domain correlation matrices created: 2
[2026-05-02T05:18:33Z] [SECTION] ============================================================
[2026-05-02T05:18:33Z] [INFO] 🖼️  PHASE: IMAGE-SEED ANALYSIS
[2026-05-02T05:18:33Z] [INFO] 📂 Image seed analysis bootstrapping from 5 images...
[2026-05-02T05:18:33Z] [SECTION] ============================================================
[2026-05-02T05:18:33Z] [INFO] 📤 PHASE: PUSH COMPONENTS TO TOLARIA
[2026-05-02T05:18:35Z] [INFO] 📦 Components pushed to Tolaria: 5
[2026-05-02T05:18:35Z] [SECTION] ============================================================
[2026-05-02T05:18:35Z] [INFO] 🧩 PHASE: COMPOSER - DOMAIN INTEGRATION SYNTHESIS
[2026-05-02T05:18:56Z] [INFO] 🎨 Domain integrations synthesized: 0
[2026-05-02T05:18:56Z] [SECTION] ============================================================
[2026-05-02T05:18:56Z] [INFO] 🚀 PHASE: ADVANCED OVERNIGHT LOOP
[2026-05-02T05:20:03Z] [INFO] 🔬 Advanced loop completed cycles: 0
[2026-05-02T05:20:03Z] [WARNING] ⚠️  Git commit skipped or failed (git not initialized?): Command '['git', '-C', '/home/avalonas/.hermes/gematria/unified_overnight_research', 'add', '.']' returned non-zero exit status 128.
[2026-05-02T05:20:03Z] [INFO] 
📊 CYCLE #88 SUMMARY
[2026-05-02T05:20:03Z] [INFO] ✅ Successful tasks: 7/7
[2026-05-02T05:20:03Z] [INFO] ⏱️  Cycle duration: 90.25s
[2026-05-02T05:20:03Z] [INFO]    ⚠️ task: result
[2026-05-02T05:20:03Z] [INFO]    ⚠️ task: result
[2026-05-02T05:20:03Z] [INFO]    ⚠️ task: result
[2026-05-02T05:20:03Z] [INFO]    ⚠️ task: result
[2026-05-02T05:20:03Z] [INFO]    ⚠️ task: result
[2026-05-02T05:20:03Z] [INFO]    ⚠️ task: result
[2026-05-02T05:20:03Z] [INFO]    ⚠️ task: result
[2026-05-02T05:20:03Z] [HEADER] ================================================================================
[2026-05-02T05:20:03Z] [INFO] 🔄 OVERNIGHT RESEARCH PIPELINE - CYCLE #89
[2026-05-02T05:20:03Z] [INFO] ================================================================================
[2026-05-02T05:20:03Z] [HEADER] ============================================================
[2026-05-02T05:20:03Z] [INFO] 🌙 STARTING OVERNIGHT RESEARCH CYCLE #89
[2026-05-02T05:20:03Z] [INFO] 🔍 Running overnight research protocol (web scraping + cross-symbol analysis)...
[2026-05-02T05:20:03Z] [INFO] 📊 Cycle duration: 0.10s, Files generated: 0
[2026-05-02T05:20:03Z] [WARNING] ⚠️ Database not initialized for cycle counting
[2026-05-02T05:20:03Z] [INFO] 💾 Database updated with cycle results
[2026-05-02T05:20:03Z] [SECTION] ============================================================
[2026-05-02T05:20:03Z] [INFO] 🔮 PHASE: HIDDEN LAYERING DETECTION
[2026-05-02T05:20:04Z] [INFO] 🔗 Hidden layering detection complete. Connections identified: 2
[2026-05-02T05:20:04Z] [SECTION] ============================================================
[2026-05-02T05:20:04Z] [INFO] 🔬 PHASE: DOMAIN CORRELATION ANALYSIS
[2026-05-02T05:20:04Z] [INFO] 📊 Domain correlation matrices created: 2
[2026-05-02T05:20:04Z] [SECTION] ============================================================
[2026-05-02T05:20:04Z] [INFO] 🖼️  PHASE: IMAGE-SEED ANALYSIS
[2026-05-02T05:20:04Z] [INFO] 📂 Image seed analysis bootstrapping from 5 images...
[2026-05-02T05:20:04Z] [SECTION] ============================================================
[2026-05-02T05:20:04Z] [INFO] 📤 PHASE: PUSH COMPONENTS TO TOLARIA
[2026-05-02T05:20:04Z] [INFO] 📦 Components pushed to Tolaria: 5
[2026-05-02T05:20:04Z] [SECTION] ============================================================
[2026-05-02T05:20:04Z] [INFO] 🧩 PHASE: COMPOSER - DOMAIN INTEGRATION SYNTHESIS
[2026-05-02T05:20:26Z] [INFO] 🎨 Domain integrations synthesized: 0
[2026-05-02T05:20:26Z] [SECTION] ============================================================
[2026-05-02T05:20:26Z] [INFO] 🚀 PHASE: ADVANCED OVERNIGHT LOOP
[2026-05-02T05:21:33Z] [INFO] 🔬 Advanced loop completed cycles: 0
[2026-05-02T05:21:33Z] [WARNING] ⚠️  Git commit skipped or failed (git not initialized?): Command '['git', '-C', '/home/avalonas/.hermes/gematria/unified_overnight_research', 'add', '.']' returned non-zero exit status 128.
[2026-05-02T05:21:33Z] [INFO] 
📊 CYCLE #89 SUMMARY
[2026-05-02T05:21:33Z] [INFO] ✅ Successful tasks: 7/7
[2026-05-02T05:21:33Z] [INFO] ⏱️  Cycle duration: 89.65s
[2026-05-02T05:21:33Z] [INFO]    ⚠️ task: result
[2026-05-02T05:21:33Z] [INFO]    ⚠️ task: result
[2026-05-02T05:21:33Z] [INFO]    ⚠️ task: result
[2026-05-02T05:21:33Z] [INFO]    ⚠️ task: result
[2026-05-02T05:21:33Z] [INFO]    ⚠️ task: result
[2026-05-02T05:21:33Z] [INFO]    ⚠️ task: result
[2026-05-02T05:21:33Z] [INFO]    ⚠️ task: result
[2026-05-02T05:21:33Z] [HEADER] ================================================================================
[2026-05-02T05:21:33Z] [INFO] 🔄 OVERNIGHT RESEARCH PIPELINE - CYCLE #90
[2026-05-02T05:21:33Z] [INFO] ================================================================================
[2026-05-02T05:21:33Z] [HEADER] ============================================================
[2026-05-02T05:21:33Z] [INFO] 🌙 STARTING OVERNIGHT RESEARCH CYCLE #90
[2026-05-02T05:21:33Z] [INFO] 🔍 Running overnight research protocol (web scraping + cross-symbol analysis)...
[2026-05-02T05:21:33Z] [INFO] 📊 Cycle duration: 0.11s, Files generated: 0
[2026-05-02T05:21:33Z] [WARNING] ⚠️ Database not initialized for cycle counting
[2026-05-02T05:21:33Z] [INFO] 💾 Database updated with cycle results
[2026-05-02T05:21:33Z] [SECTION] ============================================================
[2026-05-02T05:21:33Z] [INFO] 🔮 PHASE: HIDDEN LAYERING DETECTION
[2026-05-02T05:21:33Z] [INFO] 🔗 Hidden layering detection complete. Connections identified: 2
[2026-05-02T05:21:33Z] [SECTION] ============================================================
[2026-05-02T05:21:33Z] [INFO] 🔬 PHASE: DOMAIN CORRELATION ANALYSIS
[2026-05-02T05:21:33Z] [INFO] 📊 Domain correlation matrices created: 2
[2026-05-02T05:21:33Z] [SECTION] ============================================================
[2026-05-02T05:21:33Z] [INFO] 🖼️  PHASE: IMAGE-SEED ANALYSIS
[2026-05-02T05:21:33Z] [INFO] 📂 Image seed analysis bootstrapping from 5 images...
[2026-05-02T05:21:33Z] [SECTION] ============================================================
[2026-05-02T05:21:33Z] [INFO] 📤 PHASE: PUSH COMPONENTS TO TOLARIA
[2026-05-02T05:21:34Z] [INFO] 📦 Components pushed to Tolaria: 5
[2026-05-02T05:21:34Z] [SECTION] ============================================================
[2026-05-02T05:21:34Z] [INFO] 🧩 PHASE: COMPOSER - DOMAIN INTEGRATION SYNTHESIS
[2026-05-02T05:21:55Z] [INFO] 🎨 Domain integrations synthesized: 0
[2026-05-02T05:21:55Z] [SECTION] ============================================================
[2026-05-02T05:21:55Z] [INFO] 🚀 PHASE: ADVANCED OVERNIGHT LOOP
[2026-05-02T05:23:03Z] [INFO] 🔬 Advanced loop completed cycles: 0
[2026-05-02T05:23:03Z] [WARNING] ⚠️  Git commit skipped or failed (git not initialized?): Command '['git', '-C', '/home/avalonas/.hermes/gematria/unified_overnight_research', 'add', '.']' returned non-zero exit status 128.
[2026-05-02T05:23:03Z] [INFO] 
📊 CYCLE #90 SUMMARY
[2026-05-02T05:23:03Z] [INFO] ✅ Successful tasks: 7/7
[2026-05-02T05:23:03Z] [INFO] ⏱️  Cycle duration: 89.61s
[2026-05-02T05:23:03Z] [INFO]    ⚠️ task: result
[2026-05-02T05:23:03Z] [INFO]    ⚠️ task: result
[2026-05-02T05:23:03Z] [INFO]    ⚠️ task: result
[2026-05-02T05:23:03Z] [INFO]    ⚠️ task: result
[2026-05-02T05:23:03Z] [INFO]    ⚠️ task: result
[2026-05-02T05:23:03Z] [INFO]    ⚠️ task: result
[2026-05-02T05:23:03Z] [INFO]    ⚠️ task: result
[2026-05-02T05:23:03Z] [HEADER] ================================================================================
[2026-05-02T05:23:03Z] [INFO] 🔄 OVERNIGHT RESEARCH PIPELINE - CYCLE #91
[2026-05-02T05:23:03Z] [INFO] ================================================================================
[2026-05-02T05:23:03Z] [HEADER] ============================================================
[2026-05-02T05:23:03Z] [INFO] 🌙 STARTING OVERNIGHT RESEARCH CYCLE #91
[2026-05-02T05:23:03Z] [INFO] 🔍 Running overnight research protocol (web scraping + cross-symbol analysis)...
[2026-05-02T05:23:03Z] [INFO] 📊 Cycle duration: 0.10s, Files generated: 0
[2026-05-02T05:23:03Z] [WARNING] ⚠️ Database not initialized for cycle counting
[2026-05-02T05:23:03Z] [INFO] 💾 Database updated with cycle results
[2026-05-02T05:23:03Z] [SECTION] ============================================================
[2026-05-02T05:23:03Z] [INFO] 🔮 PHASE: HIDDEN LAYERING DETECTION
[2026-05-02T05:23:03Z] [INFO] 🔗 Hidden layering detection complete. Connections identified: 2
[2026-05-02T05:23:03Z] [SECTION] ============================================================
[2026-05-02T05:23:03Z] [INFO] 🔬 PHASE: DOMAIN CORRELATION ANALYSIS
[2026-05-02T05:23:03Z] [INFO] 📊 Domain correlation matrices created: 2
[2026-05-02T05:23:03Z] [SECTION] ============================================================
[2026-05-02T05:23:03Z] [INFO] 🖼️  PHASE: IMAGE-SEED ANALYSIS
[2026-05-02T05:23:03Z] [INFO] 📂 Image seed analysis bootstrapping from 5 images...
[2026-05-02T05:23:03Z] [SECTION] ============================================================
[2026-05-02T05:23:03Z] [INFO] 📤 PHASE: PUSH COMPONENTS TO TOLARIA
[2026-05-02T05:23:04Z] [INFO] 📦 Components pushed to Tolaria: 5
[2026-05-02T05:23:04Z] [SECTION] ============================================================
[2026-05-02T05:23:04Z] [INFO] 🧩 PHASE: COMPOSER - DOMAIN INTEGRATION SYNTHESIS
[2026-05-02T05:23:26Z] [INFO] 🎨 Domain integrations synthesized: 0
[2026-05-02T05:23:26Z] [SECTION] ============================================================
[2026-05-02T05:23:26Z] [INFO] 🚀 PHASE: ADVANCED OVERNIGHT LOOP
[2026-05-02T05:24:33Z] [INFO] 🔬 Advanced loop completed cycles: 0
[2026-05-02T05:24:33Z] [WARNING] ⚠️  Git commit skipped or failed (git not initialized?): Command '['git', '-C', '/home/avalonas/.hermes/gematria/unified_overnight_research', 'add', '.']' returned non-zero exit status 128.
[2026-05-02T05:24:33Z] [INFO] 
📊 CYCLE #91 SUMMARY
[2026-05-02T05:24:33Z] [INFO] ✅ Successful tasks: 7/7
[2026-05-02T05:24:33Z] [INFO] ⏱️  Cycle duration: 90.24s
[2026-05-02T05:24:33Z] [INFO]    ⚠️ task: result
[2026-05-02T05:24:33Z] [INFO]    ⚠️ task: result
[2026-05-02T05:24:33Z] [INFO]    ⚠️ task: result
[2026-05-02T05:24:33Z] [INFO]    ⚠️ task: result
[2026-05-02T05:24:33Z] [INFO]    ⚠️ task: result
[2026-05-02T05:24:33Z] [INFO]    ⚠️ task: result
[2026-05-02T05:24:33Z] [INFO]    ⚠️ task: result
[2026-05-02T05:24:33Z] [HEADER] ================================================================================
[2026-05-02T05:24:33Z] [INFO] 🔄 OVERNIGHT RESEARCH PIPELINE - CYCLE #92
[2026-05-02T05:24:33Z] [INFO] ================================================================================
[2026-05-02T05:24:33Z] [HEADER] ============================================================
[2026-05-02T05:24:33Z] [INFO] 🌙 STARTING OVERNIGHT RESEARCH CYCLE #92
[2026-05-02T05:24:33Z] [INFO] 🔍 Running overnight research protocol (web scraping + cross-symbol analysis)...
[2026-05-02T05:24:33Z] [INFO] 📊 Cycle duration: 0.10s, Files generated: 0
[2026-05-02T05:24:33Z] [WARNING] ⚠️ Database not initialized for cycle counting
[2026-05-02T05:24:33Z] [INFO] 💾 Database updated with cycle results
[2026-05-02T05:24:33Z] [SECTION] ============================================================
[2026-05-02T05:24:33Z] [INFO] 🔮 PHASE: HIDDEN LAYERING DETECTION
[2026-05-02T05:24:33Z] [INFO] 🔗 Hidden layering detection complete. Connections identified: 2
[2026-05-02T05:24:33Z] [SECTION] ============================================================
[2026-05-02T05:24:33Z] [INFO] 🔬 PHASE: DOMAIN CORRELATION ANALYSIS
[2026-05-02T05:24:33Z] [INFO] 📊 Domain correlation matrices created: 2
[2026-05-02T05:24:33Z] [SECTION] ============================================================
[2026-05-02T05:24:33Z] [INFO] 🖼️  PHASE: IMAGE-SEED ANALYSIS
[2026-05-02T05:24:33Z] [INFO] 📂 Image seed analysis bootstrapping from 5 images...
[2026-05-02T05:24:33Z] [SECTION] ============================================================
[2026-05-02T05:24:33Z] [INFO] 📤 PHASE: PUSH COMPONENTS TO TOLARIA
[2026-05-02T05:24:34Z] [INFO] 📦 Components pushed to Tolaria: 5
[2026-05-02T05:24:34Z] [SECTION] ============================================================
[2026-05-02T05:24:34Z] [INFO] 🧩 PHASE: COMPOSER - DOMAIN INTEGRATION SYNTHESIS
[2026-05-02T05:24:55Z] [INFO] 🎨 Domain integrations synthesized: 0
[2026-05-02T05:24:55Z] [SECTION] ============================================================
[2026-05-02T05:24:55Z] [INFO] 🚀 PHASE: ADVANCED OVERNIGHT LOOP
[2026-05-02T05:26:02Z] [INFO] 🔬 Advanced loop completed cycles: 0
[2026-05-02T05:26:02Z] [WARNING] ⚠️  Git commit skipped or failed (git not initialized?): Command '['git', '-C', '/home/avalonas/.hermes/gematria/unified_overnight_research', 'add', '.']' returned non-zero exit status 128.
[2026-05-02T05:26:02Z] [INFO] 
📊 CYCLE #92 SUMMARY
[2026-05-02T05:26:02Z] [INFO] ✅ Successful tasks: 7/7
[2026-05-02T05:26:02Z] [INFO] ⏱️  Cycle duration: 89.00s
[2026-05-02T05:26:02Z] [INFO]    ⚠️ task: result
[2026-05-02T05:26:02Z] [INFO]    ⚠️ task: result
[2026-05-02T05:26:02Z] [INFO]    ⚠️ task: result
[2026-05-02T05:26:02Z] [INFO]    ⚠️ task: result
[2026-05-02T05:26:02Z] [INFO]    ⚠️ task: result
[2026-05-02T05:26:02Z] [INFO]    ⚠️ task: result
[2026-05-02T05:26:02Z] [INFO]    ⚠️ task: result
[2026-05-02T05:26:02Z] [HEADER] ================================================================================
[2026-05-02T05:26:02Z] [INFO] 🔄 OVERNIGHT RESEARCH PIPELINE - CYCLE #93
[2026-05-02T05:26:02Z] [INFO] ================================================================================
[2026-05-02T05:26:02Z] [HEADER] ============================================================
[2026-05-02T05:26:02Z] [INFO] 🌙 STARTING OVERNIGHT RESEARCH CYCLE #93
[2026-05-02T05:26:02Z] [INFO] 🔍 Running overnight research protocol (web scraping + cross-symbol analysis)...
[2026-05-02T05:26:02Z] [INFO] 📊 Cycle duration: 0.12s, Files generated: 0
[2026-05-02T05:26:02Z] [WARNING] ⚠️ Database not initialized for cycle counting
[2026-05-02T05:26:02Z] [INFO] 💾 Database updated with cycle results
[2026-05-02T05:26:02Z] [SECTION] ============================================================
[2026-05-02T05:26:02Z] [INFO] 🔮 PHASE: HIDDEN LAYERING DETECTION
[2026-05-02T05:26:02Z] [INFO] 🔗 Hidden layering detection complete. Connections identified: 2
[2026-05-02T05:26:02Z] [SECTION] ============================================================
[2026-05-02T05:26:02Z] [INFO] 🔬 PHASE: DOMAIN CORRELATION ANALYSIS
[2026-05-02T05:26:02Z] [INFO] 📊 Domain correlation matrices created: 2
[2026-05-02T05:26:02Z] [SECTION] ============================================================
[2026-05-02T05:26:02Z] [INFO] 🖼️  PHASE: IMAGE-SEED ANALYSIS
[2026-05-02T05:26:02Z] [INFO] 📂 Image seed analysis bootstrapping from 5 images...
[2026-05-02T05:26:02Z] [SECTION] ============================================================
[2026-05-02T05:26:02Z] [INFO] 📤 PHASE: PUSH COMPONENTS TO TOLARIA
[2026-05-02T05:26:03Z] [INFO] 📦 Components pushed to Tolaria: 5
[2026-05-02T05:26:03Z] [SECTION] ============================================================
[2026-05-02T05:26:03Z] [INFO] 🧩 PHASE: COMPOSER - DOMAIN INTEGRATION SYNTHESIS
[2026-05-02T05:26:25Z] [INFO] 🎨 Domain integrations synthesized: 0
[2026-05-02T05:26:25Z] [SECTION] ============================================================
[2026-05-02T05:26:25Z] [INFO] 🚀 PHASE: ADVANCED OVERNIGHT LOOP
[2026-05-02T05:27:28Z] [INFO] 🔬 Advanced loop completed cycles: 0
[2026-05-02T05:27:29Z] [WARNING] ⚠️  Git commit skipped or failed (git not initialized?): Command '['git', '-C', '/home/avalonas/.hermes/gematria/unified_overnight_research', 'add', '.']' returned non-zero exit status 128.
[2026-05-02T05:27:29Z] [INFO] 
📊 CYCLE #93 SUMMARY
[2026-05-02T05:27:29Z] [INFO] ✅ Successful tasks: 7/7
[2026-05-02T05:27:29Z] [INFO] ⏱️  Cycle duration: 86.62s
[2026-05-02T05:27:29Z] [INFO]    ⚠️ task: result
[2026-05-02T05:27:29Z] [INFO]    ⚠️ task: result
[2026-05-02T05:27:29Z] [INFO]    ⚠️ task: result
[2026-05-02T05:27:29Z] [INFO]    ⚠️ task: result
[2026-05-02T05:27:29Z] [INFO]    ⚠️ task: result
[2026-05-02T05:27:29Z] [INFO]    ⚠️ task: result
[2026-05-02T05:27:29Z] [INFO]    ⚠️ task: result
[2026-05-02T05:27:29Z] [HEADER] ================================================================================
[2026-05-02T05:27:29Z] [INFO] 🔄 OVERNIGHT RESEARCH PIPELINE - CYCLE #94
[2026-05-02T05:27:29Z] [INFO] ================================================================================
[2026-05-02T05:27:29Z] [HEADER] ============================================================
[2026-05-02T05:27:29Z] [INFO] 🌙 STARTING OVERNIGHT RESEARCH CYCLE #94
[2026-05-02T05:27:29Z] [INFO] 🔍 Running overnight research protocol (web scraping + cross-symbol analysis)...
[2026-05-02T05:27:29Z] [INFO] 📊 Cycle duration: 0.11s, Files generated: 0
[2026-05-02T05:27:29Z] [WARNING] ⚠️ Database not initialized for cycle counting
[2026-05-02T05:27:29Z] [INFO] 💾 Database updated with cycle results
[2026-05-02T05:27:29Z] [SECTION] ============================================================
[2026-05-02T05:27:29Z] [INFO] 🔮 PHASE: HIDDEN LAYERING DETECTION
[2026-05-02T05:27:29Z] [INFO] 🔗 Hidden layering detection complete. Connections identified: 2
[2026-05-02T05:27:29Z] [SECTION] ============================================================
[2026-05-02T05:27:29Z] [INFO] 🔬 PHASE: DOMAIN CORRELATION ANALYSIS
[2026-05-02T05:27:29Z] [INFO] 📊 Domain correlation matrices created: 2
[2026-05-02T05:27:29Z] [SECTION] ============================================================
[2026-05-02T05:27:29Z] [INFO] 🖼️  PHASE: IMAGE-SEED ANALYSIS
[2026-05-02T05:27:29Z] [INFO] 📂 Image seed analysis bootstrapping from 5 images...
[2026-05-02T05:27:29Z] [SECTION] ============================================================
[2026-05-02T05:27:29Z] [INFO] 📤 PHASE: PUSH COMPONENTS TO TOLARIA
[2026-05-02T05:27:30Z] [INFO] 📦 Components pushed to Tolaria: 5
[2026-05-02T05:27:30Z] [SECTION] ============================================================
[2026-05-02T05:27:30Z] [INFO] 🧩 PHASE: COMPOSER - DOMAIN INTEGRATION SYNTHESIS
[2026-05-02T05:27:51Z] [INFO] 🎨 Domain integrations synthesized: 0
[2026-05-02T05:27:51Z] [SECTION] ============================================================
[2026-05-02T05:27:51Z] [INFO] 🚀 PHASE: ADVANCED OVERNIGHT LOOP
[2026-05-02T05:28:58Z] [INFO] 🔬 Advanced loop completed cycles: 0
[2026-05-02T05:28:58Z] [WARNING] ⚠️  Git commit skipped or failed (git not initialized?): Command '['git', '-C', '/home/avalonas/.hermes/gematria/unified_overnight_research', 'add', '.']' returned non-zero exit status 128.
[2026-05-02T05:28:58Z] [INFO] 
📊 CYCLE #94 SUMMARY
[2026-05-02T05:28:58Z] [INFO] ✅ Successful tasks: 7/7
[2026-05-02T05:28:58Z] [INFO] ⏱️  Cycle duration: 89.64s
[2026-05-02T05:28:58Z] [INFO]    ⚠️ task: result
[2026-05-02T05:28:58Z] [INFO]    ⚠️ task: result
[2026-05-02T05:28:58Z] [INFO]    ⚠️ task: result
[2026-05-02T05:28:58Z] [INFO]    ⚠️ task: result
[2026-05-02T05:28:58Z] [INFO]    ⚠️ task: result
[2026-05-02T05:28:58Z] [INFO]    ⚠️ task: result
[2026-05-02T05:28:58Z] [INFO]    ⚠️ task: result
[2026-05-02T05:28:58Z] [HEADER] ================================================================================
[2026-05-02T05:28:58Z] [INFO] 🔄 OVERNIGHT RESEARCH PIPELINE - CYCLE #95
[2026-05-02T05:28:58Z] [INFO] ================================================================================
[2026-05-02T05:28:58Z] [HEADER] ============================================================
[2026-05-02T05:28:58Z] [INFO] 🌙 STARTING OVERNIGHT RESEARCH CYCLE #95
[2026-05-02T05:28:58Z] [INFO] 🔍 Running overnight research protocol (web scraping + cross-symbol analysis)...
[2026-05-02T05:28:58Z] [INFO] 📊 Cycle duration: 0.12s, Files generated: 0
[2026-05-02T05:28:58Z] [WARNING] ⚠️ Database not initialized for cycle counting
[2026-05-02T05:28:58Z] [INFO] 💾 Database updated with cycle results
[2026-05-02T05:28:58Z] [SECTION] ============================================================
[2026-05-02T05:28:58Z] [INFO] 🔮 PHASE: HIDDEN LAYERING DETECTION
[2026-05-02T05:28:58Z] [INFO] 🔗 Hidden layering detection complete. Connections identified: 2
[2026-05-02T05:28:58Z] [SECTION] ============================================================
[2026-05-02T05:28:58Z] [INFO] 🔬 PHASE: DOMAIN CORRELATION ANALYSIS
[2026-05-02T05:28:58Z] [INFO] 📊 Domain correlation matrices created: 2
[2026-05-02T05:28:58Z] [SECTION] ============================================================
[2026-05-02T05:28:58Z] [INFO] 🖼️  PHASE: IMAGE-SEED ANALYSIS
[2026-05-02T05:28:58Z] [INFO] 📂 Image seed analysis bootstrapping from 5 images...
[2026-05-02T05:28:58Z] [SECTION] ============================================================
[2026-05-02T05:28:58Z] [INFO] 📤 PHASE: PUSH COMPONENTS TO TOLARIA
[2026-05-02T05:28:59Z] [INFO] 📦 Components pushed to Tolaria: 5
[2026-05-02T05:28:59Z] [SECTION] ============================================================
[2026-05-02T05:28:59Z] [INFO] 🧩 PHASE: COMPOSER - DOMAIN INTEGRATION SYNTHESIS
[2026-05-02T05:29:21Z] [INFO] 🎨 Domain integrations synthesized: 0
[2026-05-02T05:29:21Z] [SECTION] ============================================================
[2026-05-02T05:29:21Z] [INFO] 🚀 PHASE: ADVANCED OVERNIGHT LOOP
[2026-05-02T05:30:28Z] [INFO] 🔬 Advanced loop completed cycles: 0
[2026-05-02T05:30:28Z] [WARNING] ⚠️  Git commit skipped or failed (git not initialized?): Command '['git', '-C', '/home/avalonas/.hermes/gematria/unified_overnight_research', 'add', '.']' returned non-zero exit status 128.
[2026-05-02T05:30:28Z] [INFO] 
📊 CYCLE #95 SUMMARY
[2026-05-02T05:30:28Z] [INFO] ✅ Successful tasks: 7/7
[2026-05-02T05:30:28Z] [INFO] ⏱️  Cycle duration: 89.49s
[2026-05-02T05:30:28Z] [INFO]    ⚠️ task: result
[2026-05-02T05:30:28Z] [INFO]    ⚠️ task: result
[2026-05-02T05:30:28Z] [INFO]    ⚠️ task: result
[2026-05-02T05:30:28Z] [INFO]    ⚠️ task: result
[2026-05-02T05:30:28Z] [INFO]    ⚠️ task: result
[2026-05-02T05:30:28Z] [INFO]    ⚠️ task: result
[2026-05-02T05:30:28Z] [INFO]    ⚠️ task: result
[2026-05-02T05:30:28Z] [HEADER] ================================================================================
[2026-05-02T05:30:28Z] [INFO] 🔄 OVERNIGHT RESEARCH PIPELINE - CYCLE #96
[2026-05-02T05:30:28Z] [INFO] ================================================================================
[2026-05-02T05:30:28Z] [HEADER] ============================================================
[2026-05-02T05:30:28Z] [INFO] 🌙 STARTING OVERNIGHT RESEARCH CYCLE #96
[2026-05-02T05:30:28Z] [INFO] 🔍 Running overnight research protocol (web scraping + cross-symbol analysis)...
[2026-05-02T05:30:28Z] [INFO] 📊 Cycle duration: 0.10s, Files generated: 0
[2026-05-02T05:30:28Z] [WARNING] ⚠️ Database not initialized for cycle counting
[2026-05-02T05:30:28Z] [INFO] 💾 Database updated with cycle results
[2026-05-02T05:30:28Z] [SECTION] ============================================================
[2026-05-02T05:30:28Z] [INFO] 🔮 PHASE: HIDDEN LAYERING DETECTION
[2026-05-02T05:30:28Z] [INFO] 🔗 Hidden layering detection complete. Connections identified: 2
[2026-05-02T05:30:28Z] [SECTION] ============================================================
[2026-05-02T05:30:28Z] [INFO] 🔬 PHASE: DOMAIN CORRELATION ANALYSIS
[2026-05-02T05:30:28Z] [INFO] 📊 Domain correlation matrices created: 2
[2026-05-02T05:30:28Z] [SECTION] ============================================================
[2026-05-02T05:30:28Z] [INFO] 🖼️  PHASE: IMAGE-SEED ANALYSIS
[2026-05-02T05:30:28Z] [INFO] 📂 Image seed analysis bootstrapping from 5 images...
[2026-05-02T05:30:28Z] [SECTION] ============================================================
[2026-05-02T05:30:28Z] [INFO] 📤 PHASE: PUSH COMPONENTS TO TOLARIA
[2026-05-02T05:30:29Z] [INFO] 📦 Components pushed to Tolaria: 5
[2026-05-02T05:30:29Z] [SECTION] ============================================================
[2026-05-02T05:30:29Z] [INFO] 🧩 PHASE: COMPOSER - DOMAIN INTEGRATION SYNTHESIS
[2026-05-02T05:30:50Z] [INFO] 🎨 Domain integrations synthesized: 0
[2026-05-02T05:30:50Z] [SECTION] ============================================================
[2026-05-02T05:30:50Z] [INFO] 🚀 PHASE: ADVANCED OVERNIGHT LOOP
[2026-05-02T05:31:57Z] [INFO] 🔬 Advanced loop completed cycles: 0
[2026-05-02T05:31:57Z] [WARNING] ⚠️  Git commit skipped or failed (git not initialized?): Command '['git', '-C', '/home/avalonas/.hermes/gematria/unified_overnight_research', 'add', '.']' returned non-zero exit status 128.
[2026-05-02T05:31:57Z] [INFO] 
📊 CYCLE #96 SUMMARY
[2026-05-02T05:31:57Z] [INFO] ✅ Successful tasks: 7/7
[2026-05-02T05:31:57Z] [INFO] ⏱️  Cycle duration: 89.75s
[2026-05-02T05:31:57Z] [INFO]    ⚠️ task: result
[2026-05-02T05:31:57Z] [INFO]    ⚠️ task: result
[2026-05-02T05:31:57Z] [INFO]    ⚠️ task: result
[2026-05-02T05:31:57Z] [INFO]    ⚠️ task: result
[2026-05-02T05:31:57Z] [INFO]    ⚠️ task: result
[2026-05-02T05:31:57Z] [INFO]    ⚠️ task: result
[2026-05-02T05:31:57Z] [INFO]    ⚠️ task: result
[2026-05-02T05:31:57Z] [HEADER] ================================================================================
[2026-05-02T05:31:57Z] [INFO] 🔄 OVERNIGHT RESEARCH PIPELINE - CYCLE #97
[2026-05-02T05:31:57Z] [INFO] ================================================================================
[2026-05-02T05:31:57Z] [HEADER] ============================================================
[2026-05-02T05:31:57Z] [INFO] 🌙 STARTING OVERNIGHT RESEARCH CYCLE #97
[2026-05-02T05:31:57Z] [INFO] 🔍 Running overnight research protocol (web scraping + cross-symbol analysis)...
[2026-05-02T05:31:57Z] [INFO] 📊 Cycle duration: 0.10s, Files generated: 0
[2026-05-02T05:31:57Z] [WARNING] ⚠️ Database not initialized for cycle counting
[2026-05-02T05:31:57Z] [INFO] 💾 Database updated with cycle results
[2026-05-02T05:31:57Z] [SECTION] ============================================================
[2026-05-02T05:31:57Z] [INFO] 🔮 PHASE: HIDDEN LAYERING DETECTION
[2026-05-02T05:31:58Z] [INFO] 🔗 Hidden layering detection complete. Connections identified: 2
[2026-05-02T05:31:58Z] [SECTION] ============================================================
[2026-05-02T05:31:58Z] [INFO] 🔬 PHASE: DOMAIN CORRELATION ANALYSIS
[2026-05-02T05:31:58Z] [INFO] 📊 Domain correlation matrices created: 2
[2026-05-02T05:31:58Z] [SECTION] ============================================================
[2026-05-02T05:31:58Z] [INFO] 🖼️  PHASE: IMAGE-SEED ANALYSIS
[2026-05-02T05:31:58Z] [INFO] 📂 Image seed analysis bootstrapping from 5 images...
[2026-05-02T05:31:58Z] [SECTION] ============================================================
[2026-05-02T05:31:58Z] [INFO] 📤 PHASE: PUSH COMPONENTS TO TOLARIA
[2026-05-02T05:31:58Z] [INFO] 📦 Components pushed to Tolaria: 5
[2026-05-02T05:31:58Z] [SECTION] ============================================================
[2026-05-02T05:31:58Z] [INFO] 🧩 PHASE: COMPOSER - DOMAIN INTEGRATION SYNTHESIS
[2026-05-02T05:32:20Z] [INFO] 🎨 Domain integrations synthesized: 0
[2026-05-02T05:32:20Z] [SECTION] ============================================================
[2026-05-02T05:32:20Z] [INFO] 🚀 PHASE: ADVANCED OVERNIGHT LOOP
[2026-05-02T05:33:27Z] [INFO] 🔬 Advanced loop completed cycles: 0
[2026-05-02T05:33:28Z] [WARNING] ⚠️  Git commit skipped or failed (git not initialized?): Command '['git', '-C', '/home/avalonas/.hermes/gematria/unified_overnight_research', 'add', '.']' returned non-zero exit status 128.
[2026-05-02T05:33:28Z] [INFO] 
📊 CYCLE #97 SUMMARY
[2026-05-02T05:33:28Z] [INFO] ✅ Successful tasks: 7/7
[2026-05-02T05:33:28Z] [INFO] ⏱️  Cycle duration: 90.12s
[2026-05-02T05:33:28Z] [INFO]    ⚠️ task: result
[2026-05-02T05:33:28Z] [INFO]    ⚠️ task: result
[2026-05-02T05:33:28Z] [INFO]    ⚠️ task: result
[2026-05-02T05:33:28Z] [INFO]    ⚠️ task: result
[2026-05-02T05:33:28Z] [INFO]    ⚠️ task: result
[2026-05-02T05:33:28Z] [INFO]    ⚠️ task: result
[2026-05-02T05:33:28Z] [INFO]    ⚠️ task: result
[2026-05-02T05:33:28Z] [HEADER] ================================================================================
[2026-05-02T05:33:28Z] [INFO] 🔄 OVERNIGHT RESEARCH PIPELINE - CYCLE #98
[2026-05-02T05:33:28Z] [INFO] ================================================================================
[2026-05-02T05:33:28Z] [HEADER] ============================================================
[2026-05-02T05:33:28Z] [INFO] 🌙 STARTING OVERNIGHT RESEARCH CYCLE #98
[2026-05-02T05:33:28Z] [INFO] 🔍 Running overnight research protocol (web scraping + cross-symbol analysis)...
[2026-05-02T05:33:28Z] [INFO] 📊 Cycle duration: 0.10s, Files generated: 0
[2026-05-02T05:33:28Z] [WARNING] ⚠️ Database not initialized for cycle counting
[2026-05-02T05:33:28Z] [INFO] 💾 Database updated with cycle results
[2026-05-02T05:33:28Z] [SECTION] ============================================================
[2026-05-02T05:33:28Z] [INFO] 🔮 PHASE: HIDDEN LAYERING DETECTION
[2026-05-02T05:33:28Z] [INFO] 🔗 Hidden layering detection complete. Connections identified: 2
[2026-05-02T05:33:28Z] [SECTION] ============================================================
[2026-05-02T05:33:28Z] [INFO] 🔬 PHASE: DOMAIN CORRELATION ANALYSIS
[2026-05-02T05:33:28Z] [INFO] 📊 Domain correlation matrices created: 2
[2026-05-02T05:33:28Z] [SECTION] ============================================================
[2026-05-02T05:33:28Z] [INFO] 🖼️  PHASE: IMAGE-SEED ANALYSIS
[2026-05-02T05:33:28Z] [INFO] 📂 Image seed analysis bootstrapping from 5 images...
[2026-05-02T05:33:28Z] [SECTION] ============================================================
[2026-05-02T05:33:28Z] [INFO] 📤 PHASE: PUSH COMPONENTS TO TOLARIA
[2026-05-02T05:33:29Z] [INFO] 📦 Components pushed to Tolaria: 5
[2026-05-02T05:33:29Z] [SECTION] ============================================================
[2026-05-02T05:33:29Z] [INFO] 🧩 PHASE: COMPOSER - DOMAIN INTEGRATION SYNTHESIS
[2026-05-02T05:33:49Z] [INFO] 🎨 Domain integrations synthesized: 0
[2026-05-02T05:33:49Z] [SECTION] ============================================================
[2026-05-02T05:33:49Z] [INFO] 🚀 PHASE: ADVANCED OVERNIGHT LOOP
[2026-05-02T05:34:56Z] [INFO] 🔬 Advanced loop completed cycles: 0
[2026-05-02T05:34:56Z] [WARNING] ⚠️  Git commit skipped or failed (git not initialized?): Command '['git', '-C', '/home/avalonas/.hermes/gematria/unified_overnight_research', 'add', '.']' returned non-zero exit status 128.
[2026-05-02T05:34:56Z] [INFO] 
📊 CYCLE #98 SUMMARY
[2026-05-02T05:34:56Z] [INFO] ✅ Successful tasks: 7/7
[2026-05-02T05:34:56Z] [INFO] ⏱️  Cycle duration: 88.63s
[2026-05-02T05:34:56Z] [INFO]    ⚠️ task: result
[2026-05-02T05:34:56Z] [INFO]    ⚠️ task: result
[2026-05-02T05:34:56Z] [INFO]    ⚠️ task: result
[2026-05-02T05:34:56Z] [INFO]    ⚠️ task: result
[2026-05-02T05:34:56Z] [INFO]    ⚠️ task: result
[2026-05-02T05:34:56Z] [INFO]    ⚠️ task: result
[2026-05-02T05:34:56Z] [INFO]    ⚠️ task: result
[2026-05-02T05:34:56Z] [HEADER] ================================================================================
[2026-05-02T05:34:56Z] [INFO] 🔄 OVERNIGHT RESEARCH PIPELINE - CYCLE #99
[2026-05-02T05:34:56Z] [INFO] ================================================================================
[2026-05-02T05:34:56Z] [HEADER] ============================================================
[2026-05-02T05:34:56Z] [INFO] 🌙 STARTING OVERNIGHT RESEARCH CYCLE #99
[2026-05-02T05:34:56Z] [INFO] 🔍 Running overnight research protocol (web scraping + cross-symbol analysis)...
[2026-05-02T05:34:56Z] [INFO] 📊 Cycle duration: 0.10s, Files generated: 0
[2026-05-02T05:34:56Z] [WARNING] ⚠️ Database not initialized for cycle counting
[2026-05-02T05:34:56Z] [INFO] 💾 Database updated with cycle results
[2026-05-02T05:34:56Z] [SECTION] ============================================================
[2026-05-02T05:34:56Z] [INFO] 🔮 PHASE: HIDDEN LAYERING DETECTION
[2026-05-02T05:34:56Z] [INFO] 🔗 Hidden layering detection complete. Connections identified: 2
[2026-05-02T05:34:56Z] [SECTION] ============================================================
[2026-05-02T05:34:56Z] [INFO] 🔬 PHASE: DOMAIN CORRELATION ANALYSIS
[2026-05-02T05:34:56Z] [INFO] 📊 Domain correlation matrices created: 2
[2026-05-02T05:34:56Z] [SECTION] ============================================================
[2026-05-02T05:34:56Z] [INFO] 🖼️  PHASE: IMAGE-SEED ANALYSIS
[2026-05-02T05:34:56Z] [INFO] 📂 Image seed analysis bootstrapping from 5 images...
[2026-05-02T05:34:56Z] [SECTION] ============================================================
[2026-05-02T05:34:56Z] [INFO] 📤 PHASE: PUSH COMPONENTS TO TOLARIA
[2026-05-02T05:34:57Z] [INFO] 📦 Components pushed to Tolaria: 5
[2026-05-02T05:34:57Z] [SECTION] ============================================================
[2026-05-02T05:34:57Z] [INFO] 🧩 PHASE: COMPOSER - DOMAIN INTEGRATION SYNTHESIS
[2026-05-02T05:35:19Z] [INFO] 🎨 Domain integrations synthesized: 0
[2026-05-02T05:35:19Z] [SECTION] ============================================================
[2026-05-02T05:35:19Z] [INFO] 🚀 PHASE: ADVANCED OVERNIGHT LOOP
[2026-05-02T05:36:26Z] [INFO] 🔬 Advanced loop completed cycles: 0
[2026-05-02T05:36:26Z] [WARNING] ⚠️  Git commit skipped or failed (git not initialized?): Command '['git', '-C', '/home/avalonas/.hermes/gematria/unified_overnight_research', 'add', '.']' returned non-zero exit status 128.
[2026-05-02T05:36:26Z] [INFO] 
📊 CYCLE #99 SUMMARY
[2026-05-02T05:36:26Z] [INFO] ✅ Successful tasks: 7/7
[2026-05-02T05:36:26Z] [INFO] ⏱️  Cycle duration: 90.12s
[2026-05-02T05:36:26Z] [INFO]    ⚠️ task: result
[2026-05-02T05:36:26Z] [INFO]    ⚠️ task: result
[2026-05-02T05:36:26Z] [INFO]    ⚠️ task: result
[2026-05-02T05:36:26Z] [INFO]    ⚠️ task: result
[2026-05-02T05:36:26Z] [INFO]    ⚠️ task: result
[2026-05-02T05:36:26Z] [INFO]    ⚠️ task: result
[2026-05-02T05:36:26Z] [INFO]    ⚠️ task: result
[2026-05-02T05:36:26Z] [HEADER] ================================================================================
[2026-05-02T05:36:26Z] [INFO] 🔄 OVERNIGHT RESEARCH PIPELINE - CYCLE #100
[2026-05-02T05:36:26Z] [INFO] ================================================================================
[2026-05-02T05:36:26Z] [HEADER] ============================================================
[2026-05-02T05:36:26Z] [INFO] 🌙 STARTING OVERNIGHT RESEARCH CYCLE #100
[2026-05-02T05:36:26Z] [INFO] 🔍 Running overnight research protocol (web scraping + cross-symbol analysis)...
[2026-05-02T05:36:26Z] [INFO] 📊 Cycle duration: 0.10s, Files generated: 0
[2026-05-02T05:36:26Z] [WARNING] ⚠️ Database not initialized for cycle counting
[2026-05-02T05:36:26Z] [INFO] 💾 Database updated with cycle results
[2026-05-02T05:36:26Z] [SECTION] ============================================================
[2026-05-02T05:36:26Z] [INFO] 🔮 PHASE: HIDDEN LAYERING DETECTION
[2026-05-02T05:36:26Z] [INFO] 🔗 Hidden layering detection complete. Connections identified: 2
[2026-05-02T05:36:26Z] [SECTION] ============================================================
[2026-05-02T05:36:26Z] [INFO] 🔬 PHASE: DOMAIN CORRELATION ANALYSIS
[2026-05-02T05:36:26Z] [INFO] 📊 Domain correlation matrices created: 2
[2026-05-02T05:36:26Z] [SECTION] ============================================================
[2026-05-02T05:36:26Z] [INFO] 🖼️  PHASE: IMAGE-SEED ANALYSIS
[2026-05-02T05:36:26Z] [INFO] 📂 Image seed analysis bootstrapping from 5 images...
[2026-05-02T05:36:26Z] [SECTION] ============================================================
[2026-05-02T05:36:26Z] [INFO] 📤 PHASE: PUSH COMPONENTS TO TOLARIA
[2026-05-02T05:36:27Z] [INFO] 📦 Components pushed to Tolaria: 5
[2026-05-02T05:36:27Z] [SECTION] ============================================================
[2026-05-02T05:36:27Z] [INFO] 🧩 PHASE: COMPOSER - DOMAIN INTEGRATION SYNTHESIS
[2026-05-02T05:36:41Z] [INFO] 🎨 Domain integrations synthesized: 0
[2026-05-02T05:36:41Z] [SECTION] ============================================================
[2026-05-02T05:36:41Z] [INFO] 🚀 PHASE: ADVANCED OVERNIGHT LOOP
[2026-05-02T05:37:35Z] [INFO] 🔬 Advanced loop completed cycles: 0
[2026-05-02T05:37:36Z] [WARNING] ⚠️  Git commit skipped or failed (git not initialized?): Command '['git', '-C', '/home/avalonas/.hermes/gematria/unified_overnight_research', 'add', '.']' returned non-zero exit status 128.
[2026-05-02T05:37:36Z] [INFO] 
📊 CYCLE #100 SUMMARY
[2026-05-02T05:37:36Z] [INFO] ✅ Successful tasks: 7/7
[2026-05-02T05:37:36Z] [INFO] ⏱️  Cycle duration: 69.34s
[2026-05-02T05:37:36Z] [INFO]    ⚠️ task: result
[2026-05-02T05:37:36Z] [INFO]    ⚠️ task: result
[2026-05-02T05:37:36Z] [INFO]    ⚠️ task: result
[2026-05-02T05:37:36Z] [INFO]    ⚠️ task: result
[2026-05-02T05:37:36Z] [INFO]    ⚠️ task: result
[2026-05-02T05:37:36Z] [INFO]    ⚠️ task: result
[2026-05-02T05:37:36Z] [INFO]    ⚠️ task: result
[2026-05-02T05:37:36Z] [HEADER] ================================================================================
[2026-05-02T05:37:36Z] [INFO] 🔄 OVERNIGHT RESEARCH PIPELINE - CYCLE #101
[2026-05-02T05:37:36Z] [INFO] ================================================================================
[2026-05-02T05:37:36Z] [HEADER] ============================================================
[2026-05-02T05:37:36Z] [INFO] 🌙 STARTING OVERNIGHT RESEARCH CYCLE #101
[2026-05-02T05:37:36Z] [INFO] 🔍 Running overnight research protocol (web scraping + cross-symbol analysis)...
[2026-05-02T05:37:36Z] [INFO] 📊 Cycle duration: 0.11s, Files generated: 0
[2026-05-02T05:37:36Z] [WARNING] ⚠️ Database not initialized for cycle counting
[2026-05-02T05:37:36Z] [INFO] 💾 Database updated with cycle results
[2026-05-02T05:37:36Z] [SECTION] ============================================================
[2026-05-02T05:37:36Z] [INFO] 🔮 PHASE: HIDDEN LAYERING DETECTION
[2026-05-02T05:37:36Z] [INFO] 🔗 Hidden layering detection complete. Connections identified: 2
[2026-05-02T05:37:36Z] [SECTION] ============================================================
[2026-05-02T05:37:36Z] [INFO] 🔬 PHASE: DOMAIN CORRELATION ANALYSIS
[2026-05-02T05:37:36Z] [INFO] 📊 Domain correlation matrices created: 2
[2026-05-02T05:37:36Z] [SECTION] ============================================================
[2026-05-02T05:37:36Z] [INFO] 🖼️  PHASE: IMAGE-SEED ANALYSIS
[2026-05-02T05:37:36Z] [INFO] 📂 Image seed analysis bootstrapping from 5 images...
[2026-05-02T05:37:36Z] [SECTION] ============================================================
[2026-05-02T05:37:36Z] [INFO] 📤 PHASE: PUSH COMPONENTS TO TOLARIA
[2026-05-02T05:37:37Z] [INFO] 📦 Components pushed to Tolaria: 5
[2026-05-02T05:37:37Z] [SECTION] ============================================================
[2026-05-02T05:37:37Z] [INFO] 🧩 PHASE: COMPOSER - DOMAIN INTEGRATION SYNTHESIS
[2026-05-02T05:37:59Z] [INFO] 🎨 Domain integrations synthesized: 0
[2026-05-02T05:37:59Z] [SECTION] ============================================================
[2026-05-02T05:37:59Z] [INFO] 🚀 PHASE: ADVANCED OVERNIGHT LOOP
[2026-05-02T05:38:41Z] [INFO] 🔬 Advanced loop completed cycles: 0
[2026-05-02T05:38:41Z] [WARNING] ⚠️  Git commit skipped or failed (git not initialized?): Command '['git', '-C', '/home/avalonas/.hermes/gematria/unified_overnight_research', 'add', '.']' returned non-zero exit status 128.
[2026-05-02T05:38:41Z] [INFO] 
📊 CYCLE #101 SUMMARY
[2026-05-02T05:38:41Z] [INFO] ✅ Successful tasks: 7/7
[2026-05-02T05:38:41Z] [INFO] ⏱️  Cycle duration: 65.47s
[2026-05-02T05:38:41Z] [INFO]    ⚠️ task: result
[2026-05-02T05:38:41Z] [INFO]    ⚠️ task: result
[2026-05-02T05:38:41Z] [INFO]    ⚠️ task: result
[2026-05-02T05:38:41Z] [INFO]    ⚠️ task: result
[2026-05-02T05:38:41Z] [INFO]    ⚠️ task: result
[2026-05-02T05:38:41Z] [INFO]    ⚠️ task: result
[2026-05-02T05:38:41Z] [INFO]    ⚠️ task: result
[2026-05-02T05:38:41Z] [HEADER] ================================================================================
[2026-05-02T05:38:41Z] [INFO] 🔄 OVERNIGHT RESEARCH PIPELINE - CYCLE #102
[2026-05-02T05:38:41Z] [INFO] ================================================================================
[2026-05-02T05:38:41Z] [HEADER] ============================================================
[2026-05-02T05:38:41Z] [INFO] 🌙 STARTING OVERNIGHT RESEARCH CYCLE #102
[2026-05-02T05:38:41Z] [INFO] 🔍 Running overnight research protocol (web scraping + cross-symbol analysis)...
[2026-05-02T05:38:41Z] [INFO] 📊 Cycle duration: 0.10s, Files generated: 0
[2026-05-02T05:38:41Z] [WARNING] ⚠️ Database not initialized for cycle counting
[2026-05-02T05:38:41Z] [INFO] 💾 Database updated with cycle results
[2026-05-02T05:38:41Z] [SECTION] ============================================================
[2026-05-02T05:38:41Z] [INFO] 🔮 PHASE: HIDDEN LAYERING DETECTION
[2026-05-02T05:38:41Z] [INFO] 🔗 Hidden layering detection complete. Connections identified: 2
[2026-05-02T05:38:41Z] [SECTION] ============================================================
[2026-05-02T05:38:41Z] [INFO] 🔬 PHASE: DOMAIN CORRELATION ANALYSIS
[2026-05-02T05:38:41Z] [INFO] 📊 Domain correlation matrices created: 2
[2026-05-02T05:38:41Z] [SECTION] ============================================================
[2026-05-02T05:38:41Z] [INFO] 🖼️  PHASE: IMAGE-SEED ANALYSIS
[2026-05-02T05:38:41Z] [INFO] 📂 Image seed analysis bootstrapping from 5 images...
[2026-05-02T05:38:41Z] [SECTION] ============================================================
[2026-05-02T05:38:41Z] [INFO] 📤 PHASE: PUSH COMPONENTS TO TOLARIA
[2026-05-02T05:38:42Z] [INFO] 📦 Components pushed to Tolaria: 5
[2026-05-02T05:38:42Z] [SECTION] ============================================================
[2026-05-02T05:38:42Z] [INFO] 🧩 PHASE: COMPOSER - DOMAIN INTEGRATION SYNTHESIS
[2026-05-02T05:38:57Z] [INFO] 🎨 Domain integrations synthesized: 0
[2026-05-02T05:38:57Z] [SECTION] ============================================================
[2026-05-02T05:38:57Z] [INFO] 🚀 PHASE: ADVANCED OVERNIGHT LOOP
[2026-05-02T05:39:42Z] [INFO] 🔬 Advanced loop completed cycles: 0
[2026-05-02T05:39:43Z] [WARNING] ⚠️  Git commit skipped or failed (git not initialized?): Command '['git', '-C', '/home/avalonas/.hermes/gematria/unified_overnight_research', 'add', '.']' returned non-zero exit status 128.
[2026-05-02T05:39:43Z] [INFO] 
📊 CYCLE #102 SUMMARY
[2026-05-02T05:39:43Z] [INFO] ✅ Successful tasks: 7/7
[2026-05-02T05:39:43Z] [INFO] ⏱️  Cycle duration: 61.43s
[2026-05-02T05:39:43Z] [INFO]    ⚠️ task: result
[2026-05-02T05:39:43Z] [INFO]    ⚠️ task: result
[2026-05-02T05:39:43Z] [INFO]    ⚠️ task: result
[2026-05-02T05:39:43Z] [INFO]    ⚠️ task: result
[2026-05-02T05:39:43Z] [INFO]    ⚠️ task: result
[2026-05-02T05:39:43Z] [INFO]    ⚠️ task: result
[2026-05-02T05:39:43Z] [INFO]    ⚠️ task: result
[2026-05-02T05:39:43Z] [HEADER] ================================================================================
[2026-05-02T05:39:43Z] [INFO] 🔄 OVERNIGHT RESEARCH PIPELINE - CYCLE #103
[2026-05-02T05:39:43Z] [INFO] ================================================================================
[2026-05-02T05:39:43Z] [HEADER] ============================================================
[2026-05-02T05:39:43Z] [INFO] 🌙 STARTING OVERNIGHT RESEARCH CYCLE #103
[2026-05-02T05:39:43Z] [INFO] 🔍 Running overnight research protocol (web scraping + cross-symbol analysis)...
[2026-05-02T05:39:43Z] [INFO] 📊 Cycle duration: 0.10s, Files generated: 0
[2026-05-02T05:39:43Z] [WARNING] ⚠️ Database not initialized for cycle counting
[2026-05-02T05:39:43Z] [INFO] 💾 Database updated with cycle results
[2026-05-02T05:39:43Z] [SECTION] ============================================================
[2026-05-02T05:39:43Z] [INFO] 🔮 PHASE: HIDDEN LAYERING DETECTION
[2026-05-02T05:39:43Z] [INFO] 🔗 Hidden layering detection complete. Connections identified: 2
[2026-05-02T05:39:43Z] [SECTION] ============================================================
[2026-05-02T05:39:43Z] [INFO] 🔬 PHASE: DOMAIN CORRELATION ANALYSIS
[2026-05-02T05:39:43Z] [INFO] 📊 Domain correlation matrices created: 2
[2026-05-02T05:39:43Z] [SECTION] ============================================================
[2026-05-02T05:39:43Z] [INFO] 🖼️  PHASE: IMAGE-SEED ANALYSIS
[2026-05-02T05:39:43Z] [INFO] 📂 Image seed analysis bootstrapping from 5 images...
[2026-05-02T05:39:43Z] [SECTION] ============================================================
[2026-05-02T05:39:43Z] [INFO] 📤 PHASE: PUSH COMPONENTS TO TOLARIA
[2026-05-02T05:39:43Z] [INFO] 📦 Components pushed to Tolaria: 5
[2026-05-02T05:39:43Z] [SECTION] ============================================================
[2026-05-02T05:39:43Z] [INFO] 🧩 PHASE: COMPOSER - DOMAIN INTEGRATION SYNTHESIS
[2026-05-02T05:39:55Z] [INFO] 🎨 Domain integrations synthesized: 0
[2026-05-02T05:39:55Z] [SECTION] ============================================================
[2026-05-02T05:39:55Z] [INFO] 🚀 PHASE: ADVANCED OVERNIGHT LOOP
[2026-05-02T05:40:37Z] [INFO] 🔬 Advanced loop completed cycles: 0
[2026-05-02T05:40:37Z] [WARNING] ⚠️  Git commit skipped or failed (git not initialized?): Command '['git', '-C', '/home/avalonas/.hermes/gematria/unified_overnight_research', 'add', '.']' returned non-zero exit status 128.
[2026-05-02T05:40:37Z] [INFO] 
📊 CYCLE #103 SUMMARY
[2026-05-02T05:40:37Z] [INFO] ✅ Successful tasks: 7/7
[2026-05-02T05:40:37Z] [INFO] ⏱️  Cycle duration: 54.20s
[2026-05-02T05:40:37Z] [INFO]    ⚠️ task: result
[2026-05-02T05:40:37Z] [INFO]    ⚠️ task: result
[2026-05-02T05:40:37Z] [INFO]    ⚠️ task: result
[2026-05-02T05:40:37Z] [INFO]    ⚠️ task: result
[2026-05-02T05:40:37Z] [INFO]    ⚠️ task: result
[2026-05-02T05:40:37Z] [INFO]    ⚠️ task: result
[2026-05-02T05:40:37Z] [INFO]    ⚠️ task: result
[2026-05-02T05:40:37Z] [HEADER] ================================================================================
[2026-05-02T05:40:37Z] [INFO] 🔄 OVERNIGHT RESEARCH PIPELINE - CYCLE #104
[2026-05-02T05:40:37Z] [INFO] ================================================================================
[2026-05-02T05:40:37Z] [HEADER] ============================================================
[2026-05-02T05:40:37Z] [INFO] 🌙 STARTING OVERNIGHT RESEARCH CYCLE #104
[2026-05-02T05:40:37Z] [INFO] 🔍 Running overnight research protocol (web scraping + cross-symbol analysis)...
[2026-05-02T05:40:37Z] [INFO] 📊 Cycle duration: 0.11s, Files generated: 0
[2026-05-02T05:40:37Z] [WARNING] ⚠️ Database not initialized for cycle counting
[2026-05-02T05:40:37Z] [INFO] 💾 Database updated with cycle results
[2026-05-02T05:40:37Z] [SECTION] ============================================================
[2026-05-02T05:40:37Z] [INFO] 🔮 PHASE: HIDDEN LAYERING DETECTION
[2026-05-02T05:40:37Z] [INFO] 🔗 Hidden layering detection complete. Connections identified: 2
[2026-05-02T05:40:37Z] [SECTION] ============================================================
[2026-05-02T05:40:37Z] [INFO] 🔬 PHASE: DOMAIN CORRELATION ANALYSIS
[2026-05-02T05:40:37Z] [INFO] 📊 Domain correlation matrices created: 2
[2026-05-02T05:40:37Z] [SECTION] ============================================================
[2026-05-02T05:40:37Z] [INFO] 🖼️  PHASE: IMAGE-SEED ANALYSIS
[2026-05-02T05:40:37Z] [INFO] 📂 Image seed analysis bootstrapping from 5 images...
[2026-05-02T05:40:37Z] [SECTION] ============================================================
[2026-05-02T05:40:37Z] [INFO] 📤 PHASE: PUSH COMPONENTS TO TOLARIA
[2026-05-02T05:40:38Z] [INFO] 📦 Components pushed to Tolaria: 5
[2026-05-02T05:40:38Z] [SECTION] ============================================================
[2026-05-02T05:40:38Z] [INFO] 🧩 PHASE: COMPOSER - DOMAIN INTEGRATION SYNTHESIS
[2026-05-02T05:40:48Z] [INFO] 🎨 Domain integrations synthesized: 0
[2026-05-02T05:40:48Z] [SECTION] ============================================================
[2026-05-02T05:40:48Z] [INFO] 🚀 PHASE: ADVANCED OVERNIGHT LOOP
[2026-05-02T05:41:34Z] [INFO] 🔬 Advanced loop completed cycles: 0
[2026-05-02T05:41:34Z] [WARNING] ⚠️  Git commit skipped or failed (git not initialized?): Command '['git', '-C', '/home/avalonas/.hermes/gematria/unified_overnight_research', 'add', '.']' returned non-zero exit status 128.
[2026-05-02T05:41:34Z] [INFO] 
📊 CYCLE #104 SUMMARY
[2026-05-02T05:41:34Z] [INFO] ✅ Successful tasks: 7/7
[2026-05-02T05:41:34Z] [INFO] ⏱️  Cycle duration: 57.20s
[2026-05-02T05:41:34Z] [INFO]    ⚠️ task: result
[2026-05-02T05:41:34Z] [INFO]    ⚠️ task: result
[2026-05-02T05:41:34Z] [INFO]    ⚠️ task: result
[2026-05-02T05:41:34Z] [INFO]    ⚠️ task: result
[2026-05-02T05:41:34Z] [INFO]    ⚠️ task: result
[2026-05-02T05:41:34Z] [INFO]    ⚠️ task: result
[2026-05-02T05:41:34Z] [INFO]    ⚠️ task: result
[2026-05-02T05:41:34Z] [HEADER] ================================================================================
[2026-05-02T05:41:34Z] [INFO] 🔄 OVERNIGHT RESEARCH PIPELINE - CYCLE #105
[2026-05-02T05:41:34Z] [INFO] ================================================================================
[2026-05-02T05:41:34Z] [HEADER] ============================================================
[2026-05-02T05:41:34Z] [INFO] 🌙 STARTING OVERNIGHT RESEARCH CYCLE #105
[2026-05-02T05:41:34Z] [INFO] 🔍 Running overnight research protocol (web scraping + cross-symbol analysis)...
[2026-05-02T05:41:34Z] [INFO] 📊 Cycle duration: 0.11s, Files generated: 0
[2026-05-02T05:41:34Z] [WARNING] ⚠️ Database not initialized for cycle counting
[2026-05-02T05:41:34Z] [INFO] 💾 Database updated with cycle results
[2026-05-02T05:41:34Z] [SECTION] ============================================================
[2026-05-02T05:41:34Z] [INFO] 🔮 PHASE: HIDDEN LAYERING DETECTION
[2026-05-02T05:41:34Z] [INFO] 🔗 Hidden layering detection complete. Connections identified: 2
[2026-05-02T05:41:34Z] [SECTION] ============================================================
[2026-05-02T05:41:34Z] [INFO] 🔬 PHASE: DOMAIN CORRELATION ANALYSIS
[2026-05-02T05:41:34Z] [INFO] 📊 Domain correlation matrices created: 2
[2026-05-02T05:41:34Z] [SECTION] ============================================================
[2026-05-02T05:41:34Z] [INFO] 🖼️  PHASE: IMAGE-SEED ANALYSIS
[2026-05-02T05:41:34Z] [INFO] 📂 Image seed analysis bootstrapping from 5 images...
[2026-05-02T05:41:34Z] [SECTION] ============================================================
[2026-05-02T05:41:34Z] [INFO] 📤 PHASE: PUSH COMPONENTS TO TOLARIA
[2026-05-02T05:41:35Z] [INFO] 📦 Components pushed to Tolaria: 5
[2026-05-02T05:41:35Z] [SECTION] ============================================================
[2026-05-02T05:41:35Z] [INFO] 🧩 PHASE: COMPOSER - DOMAIN INTEGRATION SYNTHESIS
[2026-05-02T05:41:50Z] [INFO] 🎨 Domain integrations synthesized: 0
[2026-05-02T05:41:50Z] [SECTION] ============================================================
[2026-05-02T05:41:50Z] [INFO] 🚀 PHASE: ADVANCED OVERNIGHT LOOP
[2026-05-02T05:42:39Z] [INFO] 🔬 Advanced loop completed cycles: 0
[2026-05-02T05:42:39Z] [WARNING] ⚠️  Git commit skipped or failed (git not initialized?): Command '['git', '-C', '/home/avalonas/.hermes/gematria/unified_overnight_research', 'add', '.']' returned non-zero exit status 128.
[2026-05-02T05:42:39Z] [INFO] 
📊 CYCLE #105 SUMMARY
[2026-05-02T05:42:39Z] [INFO] ✅ Successful tasks: 7/7
[2026-05-02T05:42:39Z] [INFO] ⏱️  Cycle duration: 65.13s
[2026-05-02T05:42:39Z] [INFO]    ⚠️ task: result
[2026-05-02T05:42:39Z] [INFO]    ⚠️ task: result
[2026-05-02T05:42:39Z] [INFO]    ⚠️ task: result
[2026-05-02T05:42:39Z] [INFO]    ⚠️ task: result
[2026-05-02T05:42:39Z] [INFO]    ⚠️ task: result
[2026-05-02T05:42:39Z] [INFO]    ⚠️ task: result
[2026-05-02T05:42:39Z] [INFO]    ⚠️ task: result
[2026-05-02T05:42:39Z] [HEADER] ================================================================================
[2026-05-02T05:42:39Z] [INFO] 🔄 OVERNIGHT RESEARCH PIPELINE - CYCLE #106
[2026-05-02T05:42:39Z] [INFO] ================================================================================
[2026-05-02T05:42:39Z] [HEADER] ============================================================
[2026-05-02T05:42:39Z] [INFO] 🌙 STARTING OVERNIGHT RESEARCH CYCLE #106
[2026-05-02T05:42:39Z] [INFO] 🔍 Running overnight research protocol (web scraping + cross-symbol analysis)...
[2026-05-02T05:42:39Z] [INFO] 📊 Cycle duration: 0.11s, Files generated: 0
[2026-05-02T05:42:39Z] [WARNING] ⚠️ Database not initialized for cycle counting
[2026-05-02T05:42:39Z] [INFO] 💾 Database updated with cycle results
[2026-05-02T05:42:39Z] [SECTION] ============================================================
[2026-05-02T05:42:39Z] [INFO] 🔮 PHASE: HIDDEN LAYERING DETECTION
[2026-05-02T05:42:39Z] [INFO] 🔗 Hidden layering detection complete. Connections identified: 2
[2026-05-02T05:42:39Z] [SECTION] ============================================================
[2026-05-02T05:42:39Z] [INFO] 🔬 PHASE: DOMAIN CORRELATION ANALYSIS
[2026-05-02T05:42:39Z] [INFO] 📊 Domain correlation matrices created: 2
[2026-05-02T05:42:39Z] [SECTION] ============================================================
[2026-05-02T05:42:39Z] [INFO] 🖼️  PHASE: IMAGE-SEED ANALYSIS
[2026-05-02T05:42:39Z] [INFO] 📂 Image seed analysis bootstrapping from 5 images...
[2026-05-02T05:42:39Z] [SECTION] ============================================================
[2026-05-02T05:42:39Z] [INFO] 📤 PHASE: PUSH COMPONENTS TO TOLARIA
[2026-05-02T05:42:40Z] [INFO] 📦 Components pushed to Tolaria: 5
[2026-05-02T05:42:40Z] [SECTION] ============================================================
[2026-05-02T05:42:40Z] [INFO] 🧩 PHASE: COMPOSER - DOMAIN INTEGRATION SYNTHESIS
[2026-05-02T05:42:53Z] [INFO] 🎨 Domain integrations synthesized: 0
[2026-05-02T05:42:53Z] [SECTION] ============================================================
[2026-05-02T05:42:53Z] [INFO] 🚀 PHASE: ADVANCED OVERNIGHT LOOP
[2026-05-02T05:43:41Z] [INFO] 🔬 Advanced loop completed cycles: 0
[2026-05-02T05:43:41Z] [WARNING] ⚠️  Git commit skipped or failed (git not initialized?): Command '['git', '-C', '/home/avalonas/.hermes/gematria/unified_overnight_research', 'add', '.']' returned non-zero exit status 128.
[2026-05-02T05:43:41Z] [INFO] 
📊 CYCLE #106 SUMMARY
[2026-05-02T05:43:41Z] [INFO] ✅ Successful tasks: 7/7
[2026-05-02T05:43:41Z] [INFO] ⏱️  Cycle duration: 62.13s
[2026-05-02T05:43:41Z] [INFO]    ⚠️ task: result
[2026-05-02T05:43:41Z] [INFO]    ⚠️ task: result
[2026-05-02T05:43:41Z] [INFO]    ⚠️ task: result
[2026-05-02T05:43:41Z] [INFO]    ⚠️ task: result
[2026-05-02T05:43:41Z] [INFO]    ⚠️ task: result
[2026-05-02T05:43:41Z] [INFO]    ⚠️ task: result
[2026-05-02T05:43:41Z] [INFO]    ⚠️ task: result
[2026-05-02T05:43:41Z] [HEADER] ================================================================================
[2026-05-02T05:43:41Z] [INFO] 🔄 OVERNIGHT RESEARCH PIPELINE - CYCLE #107
[2026-05-02T05:43:41Z] [INFO] ================================================================================
[2026-05-02T05:43:41Z] [HEADER] ============================================================
[2026-05-02T05:43:41Z] [INFO] 🌙 STARTING OVERNIGHT RESEARCH CYCLE #107
[2026-05-02T05:43:41Z] [INFO] 🔍 Running overnight research protocol (web scraping + cross-symbol analysis)...
[2026-05-02T05:43:41Z] [INFO] 📊 Cycle duration: 0.10s, Files generated: 0
[2026-05-02T05:43:41Z] [WARNING] ⚠️ Database not initialized for cycle counting
[2026-05-02T05:43:41Z] [INFO] 💾 Database updated with cycle results
[2026-05-02T05:43:41Z] [SECTION] ============================================================
[2026-05-02T05:43:41Z] [INFO] 🔮 PHASE: HIDDEN LAYERING DETECTION
[2026-05-02T05:43:41Z] [INFO] 🔗 Hidden layering detection complete. Connections identified: 2
[2026-05-02T05:43:41Z] [SECTION] ============================================================
[2026-05-02T05:43:41Z] [INFO] 🔬 PHASE: DOMAIN CORRELATION ANALYSIS
[2026-05-02T05:43:41Z] [INFO] 📊 Domain correlation matrices created: 2
[2026-05-02T05:43:41Z] [SECTION] ============================================================
[2026-05-02T05:43:41Z] [INFO] 🖼️  PHASE: IMAGE-SEED ANALYSIS
[2026-05-02T05:43:41Z] [INFO] 📂 Image seed analysis bootstrapping from 5 images...
[2026-05-02T05:43:41Z] [SECTION] ============================================================
[2026-05-02T05:43:41Z] [INFO] 📤 PHASE: PUSH COMPONENTS TO TOLARIA
[2026-05-02T05:43:42Z] [INFO] 📦 Components pushed to Tolaria: 5
[2026-05-02T05:43:42Z] [SECTION] ============================================================
[2026-05-02T05:43:42Z] [INFO] 🧩 PHASE: COMPOSER - DOMAIN INTEGRATION SYNTHESIS
[2026-05-02T05:43:55Z] [INFO] 🎨 Domain integrations synthesized: 0
[2026-05-02T05:43:55Z] [SECTION] ============================================================
[2026-05-02T05:43:55Z] [INFO] 🚀 PHASE: ADVANCED OVERNIGHT LOOP
[2026-05-02T05:44:39Z] [INFO] 🔬 Advanced loop completed cycles: 0
[2026-05-02T05:44:39Z] [WARNING] ⚠️  Git commit skipped or failed (git not initialized?): Command '['git', '-C', '/home/avalonas/.hermes/gematria/unified_overnight_research', 'add', '.']' returned non-zero exit status 128.
[2026-05-02T05:44:39Z] [INFO] 
📊 CYCLE #107 SUMMARY
[2026-05-02T05:44:39Z] [INFO] ✅ Successful tasks: 7/7
[2026-05-02T05:44:39Z] [INFO] ⏱️  Cycle duration: 58.22s
[2026-05-02T05:44:39Z] [INFO]    ⚠️ task: result
[2026-05-02T05:44:39Z] [INFO]    ⚠️ task: result
[2026-05-02T05:44:39Z] [INFO]    ⚠️ task: result
[2026-05-02T05:44:39Z] [INFO]    ⚠️ task: result
[2026-05-02T05:44:39Z] [INFO]    ⚠️ task: result
[2026-05-02T05:44:39Z] [INFO]    ⚠️ task: result
[2026-05-02T05:44:39Z] [INFO]    ⚠️ task: result
[2026-05-02T05:44:39Z] [HEADER] ================================================================================
[2026-05-02T05:44:39Z] [INFO] 🔄 OVERNIGHT RESEARCH PIPELINE - CYCLE #108
[2026-05-02T05:44:39Z] [INFO] ================================================================================
[2026-05-02T05:44:39Z] [HEADER] ============================================================
[2026-05-02T05:44:39Z] [INFO] 🌙 STARTING OVERNIGHT RESEARCH CYCLE #108
[2026-05-02T05:44:39Z] [INFO] 🔍 Running overnight research protocol (web scraping + cross-symbol analysis)...
[2026-05-02T05:44:39Z] [INFO] 📊 Cycle duration: 0.10s, Files generated: 0
[2026-05-02T05:44:39Z] [WARNING] ⚠️ Database not initialized for cycle counting
[2026-05-02T05:44:39Z] [INFO] 💾 Database updated with cycle results
[2026-05-02T05:44:39Z] [SECTION] ============================================================
[2026-05-02T05:44:39Z] [INFO] 🔮 PHASE: HIDDEN LAYERING DETECTION
[2026-05-02T05:44:40Z] [INFO] 🔗 Hidden layering detection complete. Connections identified: 2
[2026-05-02T05:44:40Z] [SECTION] ============================================================
[2026-05-02T05:44:40Z] [INFO] 🔬 PHASE: DOMAIN CORRELATION ANALYSIS
[2026-05-02T05:44:40Z] [INFO] 📊 Domain correlation matrices created: 2
[2026-05-02T05:44:40Z] [SECTION] ============================================================
[2026-05-02T05:44:40Z] [INFO] 🖼️  PHASE: IMAGE-SEED ANALYSIS
[2026-05-02T05:44:40Z] [INFO] 📂 Image seed analysis bootstrapping from 5 images...
[2026-05-02T05:44:40Z] [SECTION] ============================================================
[2026-05-02T05:44:40Z] [INFO] 📤 PHASE: PUSH COMPONENTS TO TOLARIA
[2026-05-02T05:44:40Z] [INFO] 📦 Components pushed to Tolaria: 5
[2026-05-02T05:44:40Z] [SECTION] ============================================================
[2026-05-02T05:44:40Z] [INFO] 🧩 PHASE: COMPOSER - DOMAIN INTEGRATION SYNTHESIS
[2026-05-02T05:45:02Z] [INFO] 🎨 Domain integrations synthesized: 0
[2026-05-02T05:45:02Z] [SECTION] ============================================================
[2026-05-02T05:45:02Z] [INFO] 🚀 PHASE: ADVANCED OVERNIGHT LOOP
[2026-05-02T05:46:08Z] [INFO] 🔬 Advanced loop completed cycles: 0
[2026-05-02T05:46:08Z] [WARNING] ⚠️  Git commit skipped or failed (git not initialized?): Command '['git', '-C', '/home/avalonas/.hermes/gematria/unified_overnight_research', 'add', '.']' returned non-zero exit status 128.
[2026-05-02T05:46:08Z] [INFO] 
📊 CYCLE #108 SUMMARY
[2026-05-02T05:46:08Z] [INFO] ✅ Successful tasks: 7/7
[2026-05-02T05:46:08Z] [INFO] ⏱️  Cycle duration: 88.50s
[2026-05-02T05:46:08Z] [INFO]    ⚠️ task: result
[2026-05-02T05:46:08Z] [INFO]    ⚠️ task: result
[2026-05-02T05:46:08Z] [INFO]    ⚠️ task: result
[2026-05-02T05:46:08Z] [INFO]    ⚠️ task: result
[2026-05-02T05:46:08Z] [INFO]    ⚠️ task: result
[2026-05-02T05:46:08Z] [INFO]    ⚠️ task: result
[2026-05-02T05:46:08Z] [INFO]    ⚠️ task: result
[2026-05-02T05:46:08Z] [HEADER] ================================================================================
[2026-05-02T05:46:08Z] [INFO] 🔄 OVERNIGHT RESEARCH PIPELINE - CYCLE #109
[2026-05-02T05:46:08Z] [INFO] ================================================================================
[2026-05-02T05:46:08Z] [HEADER] ============================================================
[2026-05-02T05:46:08Z] [INFO] 🌙 STARTING OVERNIGHT RESEARCH CYCLE #109
[2026-05-02T05:46:08Z] [INFO] 🔍 Running overnight research protocol (web scraping + cross-symbol analysis)...
[2026-05-02T05:46:08Z] [INFO] 📊 Cycle duration: 0.11s, Files generated: 0
[2026-05-02T05:46:08Z] [WARNING] ⚠️ Database not initialized for cycle counting
[2026-05-02T05:46:08Z] [INFO] 💾 Database updated with cycle results
[2026-05-02T05:46:08Z] [SECTION] ============================================================
[2026-05-02T05:46:08Z] [INFO] 🔮 PHASE: HIDDEN LAYERING DETECTION
[2026-05-02T05:46:08Z] [INFO] 🔗 Hidden layering detection complete. Connections identified: 2
[2026-05-02T05:46:08Z] [SECTION] ============================================================
[2026-05-02T05:46:08Z] [INFO] 🔬 PHASE: DOMAIN CORRELATION ANALYSIS
[2026-05-02T05:46:08Z] [INFO] 📊 Domain correlation matrices created: 2
[2026-05-02T05:46:08Z] [SECTION] ============================================================
[2026-05-02T05:46:08Z] [INFO] 🖼️  PHASE: IMAGE-SEED ANALYSIS
[2026-05-02T05:46:08Z] [INFO] 📂 Image seed analysis bootstrapping from 5 images...
[2026-05-02T05:46:08Z] [SECTION] ============================================================
[2026-05-02T05:46:08Z] [INFO] 📤 PHASE: PUSH COMPONENTS TO TOLARIA
[2026-05-02T05:46:11Z] [INFO] 📦 Components pushed to Tolaria: 5
[2026-05-02T05:46:11Z] [SECTION] ============================================================
[2026-05-02T05:46:11Z] [INFO] 🧩 PHASE: COMPOSER - DOMAIN INTEGRATION SYNTHESIS
[2026-05-02T05:46:30Z] [INFO] 🎨 Domain integrations synthesized: 0
[2026-05-02T05:46:30Z] [SECTION] ============================================================
[2026-05-02T05:46:30Z] [INFO] 🚀 PHASE: ADVANCED OVERNIGHT LOOP
[2026-05-02T05:47:37Z] [INFO] 🔬 Advanced loop completed cycles: 0
[2026-05-02T05:47:37Z] [WARNING] ⚠️  Git commit skipped or failed (git not initialized?): Command '['git', '-C', '/home/avalonas/.hermes/gematria/unified_overnight_research', 'add', '.']' returned non-zero exit status 128.
[2026-05-02T05:47:37Z] [INFO] 
📊 CYCLE #109 SUMMARY
[2026-05-02T05:47:37Z] [INFO] ✅ Successful tasks: 7/7
[2026-05-02T05:47:37Z] [INFO] ⏱️  Cycle duration: 89.40s
[2026-05-02T05:47:37Z] [INFO]    ⚠️ task: result
[2026-05-02T05:47:37Z] [INFO]    ⚠️ task: result
[2026-05-02T05:47:37Z] [INFO]    ⚠️ task: result
[2026-05-02T05:47:37Z] [INFO]    ⚠️ task: result
[2026-05-02T05:47:37Z] [INFO]    ⚠️ task: result
[2026-05-02T05:47:37Z] [INFO]    ⚠️ task: result
[2026-05-02T05:47:37Z] [INFO]    ⚠️ task: result
[2026-05-02T05:47:37Z] [HEADER] ================================================================================
[2026-05-02T05:47:37Z] [INFO] 🔄 OVERNIGHT RESEARCH PIPELINE - CYCLE #110
[2026-05-02T05:47:37Z] [INFO] ================================================================================
[2026-05-02T05:47:37Z] [HEADER] ============================================================
[2026-05-02T05:47:37Z] [INFO] 🌙 STARTING OVERNIGHT RESEARCH CYCLE #110
[2026-05-02T05:47:37Z] [INFO] 🔍 Running overnight research protocol (web scraping + cross-symbol analysis)...
[2026-05-02T05:47:37Z] [INFO] 📊 Cycle duration: 0.15s, Files generated: 0
[2026-05-02T05:47:37Z] [WARNING] ⚠️ Database not initialized for cycle counting
[2026-05-02T05:47:37Z] [INFO] 💾 Database updated with cycle results
[2026-05-02T05:47:37Z] [SECTION] ============================================================
[2026-05-02T05:47:37Z] [INFO] 🔮 PHASE: HIDDEN LAYERING DETECTION
[2026-05-02T05:47:37Z] [INFO] 🔗 Hidden layering detection complete. Connections identified: 2
[2026-05-02T05:47:37Z] [SECTION] ============================================================
[2026-05-02T05:47:37Z] [INFO] 🔬 PHASE: DOMAIN CORRELATION ANALYSIS
[2026-05-02T05:47:37Z] [INFO] 📊 Domain correlation matrices created: 2
[2026-05-02T05:47:37Z] [SECTION] ============================================================
[2026-05-02T05:47:37Z] [INFO] 🖼️  PHASE: IMAGE-SEED ANALYSIS
[2026-05-02T05:47:37Z] [INFO] 📂 Image seed analysis bootstrapping from 5 images...
[2026-05-02T05:47:38Z] [SECTION] ============================================================
[2026-05-02T05:47:38Z] [INFO] 📤 PHASE: PUSH COMPONENTS TO TOLARIA
[2026-05-02T05:47:38Z] [INFO] 📦 Components pushed to Tolaria: 5
[2026-05-02T05:47:38Z] [SECTION] ============================================================
[2026-05-02T05:47:38Z] [INFO] 🧩 PHASE: COMPOSER - DOMAIN INTEGRATION SYNTHESIS
[2026-05-02T05:48:00Z] [INFO] 🎨 Domain integrations synthesized: 0
[2026-05-02T05:48:00Z] [SECTION] ============================================================
[2026-05-02T05:48:00Z] [INFO] 🚀 PHASE: ADVANCED OVERNIGHT LOOP
