[2026-05-02T03:23:24Z] [HEADER] ================================================================================
[2026-05-02T03:23:24Z] [INFO] 🔄 OVERNIGHT RESEARCH PIPELINE - CYCLE #2
[2026-05-02T03:23:24Z] [INFO] ================================================================================
[2026-05-02T03:23:24Z] [HEADER] ============================================================
[2026-05-02T03:23:24Z] [INFO] 🌙 STARTING OVERNIGHT RESEARCH CYCLE #2
[2026-05-02T03:23:24Z] [INFO] 🔍 Running overnight research protocol (web scraping + cross-symbol analysis)...
[2026-05-02T03:23:24Z] [INFO] 📊 Cycle duration: 0.10s, Files generated: 0
[2026-05-02T03:23:24Z] [WARNING] ⚠️ Database not initialized for cycle counting
[2026-05-02T03:23:24Z] [INFO] 💾 Database updated with cycle results
[2026-05-02T03:23:24Z] [SECTION] ============================================================
[2026-05-02T03:23:24Z] [INFO] 🔮 PHASE: HIDDEN LAYERING DETECTION
[2026-05-02T03:23:24Z] [INFO] 🔗 Hidden layering detection complete. Connections identified: 2
[2026-05-02T03:23:24Z] [SECTION] ============================================================
[2026-05-02T03:23:24Z] [INFO] 🔬 PHASE: DOMAIN CORRELATION ANALYSIS
[2026-05-02T03:23:24Z] [INFO] 📊 Domain correlation matrices created: 1
[2026-05-02T03:23:24Z] [SECTION] ============================================================
[2026-05-02T03:23:24Z] [INFO] 🖼️  PHASE: IMAGE-SEED ANALYSIS
[2026-05-02T03:23:24Z] [INFO] 📂 Image seed analysis bootstrapping from 5 images...
[2026-05-02T03:23:24Z] [SECTION] ============================================================
[2026-05-02T03:23:24Z] [INFO] 📤 PHASE: PUSH COMPONENTS TO TOLARIA
[2026-05-02T03:23:26Z] [INFO] 📦 Components pushed to Tolaria: 5
[2026-05-02T03:23:26Z] [SECTION] ============================================================
[2026-05-02T03:23:26Z] [INFO] 🧩 PHASE: COMPOSER - DOMAIN INTEGRATION SYNTHESIS
[2026-05-02T03:23:41Z] [INFO] 🎨 Domain integrations synthesized: 0
[2026-05-02T03:23:41Z] [SECTION] ============================================================
[2026-05-02T03:23:41Z] [INFO] 🚀 PHASE: ADVANCED OVERNIGHT LOOP
[2026-05-02T03:24:22Z] [INFO] 🔬 Advanced loop completed cycles: 0
[2026-05-02T03:24:22Z] [WARNING] ⚠️  Git commit skipped or failed (git not initialized?): Command '['git', '-C', '/home/avalonas/.hermes/gematria/unified_overnight_research', 'add', '.']' returned non-zero exit status 128.
[2026-05-02T03:24:22Z] [INFO] 
📊 CYCLE #2 SUMMARY
[2026-05-02T03:24:22Z] [INFO] ✅ Successful tasks: 7/7
[2026-05-02T03:24:22Z] [INFO] ⏱️  Cycle duration: 57.75s
[2026-05-02T03:24:22Z] [INFO]    ⚠️ task: result
[2026-05-02T03:24:22Z] [INFO]    ⚠️ task: result
[2026-05-02T03:24:22Z] [INFO]    ⚠️ task: result
[2026-05-02T03:24:22Z] [INFO]    ⚠️ task: result
[2026-05-02T03:24:22Z] [INFO]    ⚠️ task: result
[2026-05-02T03:24:22Z] [INFO]    ⚠️ task: result
[2026-05-02T03:24:22Z] [INFO]    ⚠️ task: result
[2026-05-02T03:24:22Z] [HEADER] ================================================================================
[2026-05-02T03:24:22Z] [INFO] 🔄 OVERNIGHT RESEARCH PIPELINE - CYCLE #3
[2026-05-02T03:24:22Z] [INFO] ================================================================================
[2026-05-02T03:24:22Z] [HEADER] ============================================================
[2026-05-02T03:24:22Z] [INFO] 🌙 STARTING OVERNIGHT RESEARCH CYCLE #3
[2026-05-02T03:24:22Z] [INFO] 🔍 Running overnight research protocol (web scraping + cross-symbol analysis)...
[2026-05-02T03:24:22Z] [INFO] 📊 Cycle duration: 0.13s, Files generated: 0
[2026-05-02T03:24:22Z] [WARNING] ⚠️ Database not initialized for cycle counting
[2026-05-02T03:24:22Z] [INFO] 💾 Database updated with cycle results
[2026-05-02T03:24:22Z] [SECTION] ============================================================
[2026-05-02T03:24:22Z] [INFO] 🔮 PHASE: HIDDEN LAYERING DETECTION
[2026-05-02T03:24:22Z] [INFO] 🔗 Hidden layering detection complete. Connections identified: 2
[2026-05-02T03:24:22Z] [SECTION] ============================================================
[2026-05-02T03:24:22Z] [INFO] 🔬 PHASE: DOMAIN CORRELATION ANALYSIS
[2026-05-02T03:24:22Z] [INFO] 📊 Domain correlation matrices created: 1
[2026-05-02T03:24:22Z] [SECTION] ============================================================
[2026-05-02T03:24:22Z] [INFO] 🖼️  PHASE: IMAGE-SEED ANALYSIS
[2026-05-02T03:24:22Z] [INFO] 📂 Image seed analysis bootstrapping from 5 images...
[2026-05-02T03:24:22Z] [SECTION] ============================================================
[2026-05-02T03:24:22Z] [INFO] 📤 PHASE: PUSH COMPONENTS TO TOLARIA
[2026-05-02T03:24:23Z] [INFO] 📦 Components pushed to Tolaria: 5
[2026-05-02T03:24:23Z] [SECTION] ============================================================
[2026-05-02T03:24:23Z] [INFO] 🧩 PHASE: COMPOSER - DOMAIN INTEGRATION SYNTHESIS
[2026-05-02T03:24:42Z] [INFO] 🎨 Domain integrations synthesized: 0
[2026-05-02T03:24:42Z] [SECTION] ============================================================
[2026-05-02T03:24:42Z] [INFO] 🚀 PHASE: ADVANCED OVERNIGHT LOOP
[2026-05-02T03:25:29Z] [INFO] 🔬 Advanced loop completed cycles: 0
[2026-05-02T03:25:29Z] [WARNING] ⚠️  Git commit skipped or failed (git not initialized?): Command '['git', '-C', '/home/avalonas/.hermes/gematria/unified_overnight_research', 'add', '.']' returned non-zero exit status 128.
[2026-05-02T03:25:29Z] [INFO] 
📊 CYCLE #3 SUMMARY
[2026-05-02T03:25:29Z] [INFO] ✅ Successful tasks: 7/7
[2026-05-02T03:25:29Z] [INFO] ⏱️  Cycle duration: 67.01s
[2026-05-02T03:25:29Z] [INFO]    ⚠️ task: result
[2026-05-02T03:25:29Z] [INFO]    ⚠️ task: result
[2026-05-02T03:25:29Z] [INFO]    ⚠️ task: result
[2026-05-02T03:25:29Z] [INFO]    ⚠️ task: result
[2026-05-02T03:25:29Z] [INFO]    ⚠️ task: result
[2026-05-02T03:25:29Z] [INFO]    ⚠️ task: result
[2026-05-02T03:25:29Z] [INFO]    ⚠️ task: result
[2026-05-02T03:25:29Z] [HEADER] ================================================================================
[2026-05-02T03:25:29Z] [INFO] 🔄 OVERNIGHT RESEARCH PIPELINE - CYCLE #4
[2026-05-02T03:25:29Z] [INFO] ================================================================================
[2026-05-02T03:25:29Z] [HEADER] ============================================================
[2026-05-02T03:25:29Z] [INFO] 🌙 STARTING OVERNIGHT RESEARCH CYCLE #4
[2026-05-02T03:25:29Z] [INFO] 🔍 Running overnight research protocol (web scraping + cross-symbol analysis)...
[2026-05-02T03:25:29Z] [INFO] 📊 Cycle duration: 0.10s, Files generated: 0
[2026-05-02T03:25:29Z] [WARNING] ⚠️ Database not initialized for cycle counting
[2026-05-02T03:25:29Z] [INFO] 💾 Database updated with cycle results
[2026-05-02T03:25:29Z] [SECTION] ============================================================
[2026-05-02T03:25:29Z] [INFO] 🔮 PHASE: HIDDEN LAYERING DETECTION
[2026-05-02T03:25:29Z] [INFO] 🔗 Hidden layering detection complete. Connections identified: 2
[2026-05-02T03:25:29Z] [SECTION] ============================================================
[2026-05-02T03:25:29Z] [INFO] 🔬 PHASE: DOMAIN CORRELATION ANALYSIS
[2026-05-02T03:25:29Z] [INFO] 📊 Domain correlation matrices created: 1
[2026-05-02T03:25:29Z] [SECTION] ============================================================
[2026-05-02T03:25:29Z] [INFO] 🖼️  PHASE: IMAGE-SEED ANALYSIS
[2026-05-02T03:25:29Z] [INFO] 📂 Image seed analysis bootstrapping from 5 images...
[2026-05-02T03:25:29Z] [SECTION] ============================================================
[2026-05-02T03:25:29Z] [INFO] 📤 PHASE: PUSH COMPONENTS TO TOLARIA
[2026-05-02T03:25:30Z] [INFO] 📦 Components pushed to Tolaria: 5
[2026-05-02T03:25:30Z] [SECTION] ============================================================
[2026-05-02T03:25:30Z] [INFO] 🧩 PHASE: COMPOSER - DOMAIN INTEGRATION SYNTHESIS
[2026-05-02T03:25:44Z] [INFO] 🎨 Domain integrations synthesized: 0
[2026-05-02T03:25:44Z] [SECTION] ============================================================
[2026-05-02T03:25:44Z] [INFO] 🚀 PHASE: ADVANCED OVERNIGHT LOOP
[2026-05-02T03:26:29Z] [INFO] 🔬 Advanced loop completed cycles: 0
[2026-05-02T03:26:29Z] [WARNING] ⚠️  Git commit skipped or failed (git not initialized?): Command '['git', '-C', '/home/avalonas/.hermes/gematria/unified_overnight_research', 'add', '.']' returned non-zero exit status 128.
[2026-05-02T03:26:29Z] [INFO] 
📊 CYCLE #4 SUMMARY
[2026-05-02T03:26:29Z] [INFO] ✅ Successful tasks: 7/7
[2026-05-02T03:26:29Z] [INFO] ⏱️  Cycle duration: 60.46s
[2026-05-02T03:26:29Z] [INFO]    ⚠️ task: result
[2026-05-02T03:26:29Z] [INFO]    ⚠️ task: result
[2026-05-02T03:26:29Z] [INFO]    ⚠️ task: result
[2026-05-02T03:26:29Z] [INFO]    ⚠️ task: result
[2026-05-02T03:26:29Z] [INFO]    ⚠️ task: result
[2026-05-02T03:26:29Z] [INFO]    ⚠️ task: result
[2026-05-02T03:26:29Z] [INFO]    ⚠️ task: result
[2026-05-02T03:26:29Z] [HEADER] ================================================================================
[2026-05-02T03:26:29Z] [INFO] 🔄 OVERNIGHT RESEARCH PIPELINE - CYCLE #5
[2026-05-02T03:26:29Z] [INFO] ================================================================================
[2026-05-02T03:26:29Z] [HEADER] ============================================================
[2026-05-02T03:26:29Z] [INFO] 🌙 STARTING OVERNIGHT RESEARCH CYCLE #5
[2026-05-02T03:26:29Z] [INFO] 🔍 Running overnight research protocol (web scraping + cross-symbol analysis)...
[2026-05-02T03:26:29Z] [INFO] 📊 Cycle duration: 0.12s, Files generated: 0
[2026-05-02T03:26:29Z] [WARNING] ⚠️ Database not initialized for cycle counting
[2026-05-02T03:26:29Z] [INFO] 💾 Database updated with cycle results
[2026-05-02T03:26:29Z] [SECTION] ============================================================
[2026-05-02T03:26:29Z] [INFO] 🔮 PHASE: HIDDEN LAYERING DETECTION
[2026-05-02T03:26:29Z] [INFO] 🔗 Hidden layering detection complete. Connections identified: 2
[2026-05-02T03:26:29Z] [SECTION] ============================================================
[2026-05-02T03:26:29Z] [INFO] 🔬 PHASE: DOMAIN CORRELATION ANALYSIS
[2026-05-02T03:26:29Z] [INFO] 📊 Domain correlation matrices created: 1
[2026-05-02T03:26:29Z] [SECTION] ============================================================
[2026-05-02T03:26:29Z] [INFO] 🖼️  PHASE: IMAGE-SEED ANALYSIS
[2026-05-02T03:26:29Z] [INFO] 📂 Image seed analysis bootstrapping from 5 images...
[2026-05-02T03:26:29Z] [SECTION] ============================================================
[2026-05-02T03:26:29Z] [INFO] 📤 PHASE: PUSH COMPONENTS TO TOLARIA
[2026-05-02T03:26:30Z] [INFO] 📦 Components pushed to Tolaria: 5
[2026-05-02T03:26:30Z] [SECTION] ============================================================
[2026-05-02T03:26:30Z] [INFO] 🧩 PHASE: COMPOSER - DOMAIN INTEGRATION SYNTHESIS
[2026-05-02T03:26:46Z] [INFO] 🎨 Domain integrations synthesized: 0
[2026-05-02T03:26:46Z] [SECTION] ============================================================
[2026-05-02T03:26:46Z] [INFO] 🚀 PHASE: ADVANCED OVERNIGHT LOOP
[2026-05-02T03:27:31Z] [INFO] 🔬 Advanced loop completed cycles: 0
[2026-05-02T03:27:31Z] [WARNING] ⚠️  Git commit skipped or failed (git not initialized?): Command '['git', '-C', '/home/avalonas/.hermes/gematria/unified_overnight_research', 'add', '.']' returned non-zero exit status 128.
[2026-05-02T03:27:31Z] [INFO] 
📊 CYCLE #5 SUMMARY
[2026-05-02T03:27:31Z] [INFO] ✅ Successful tasks: 7/7
[2026-05-02T03:27:31Z] [INFO] ⏱️  Cycle duration: 61.65s
[2026-05-02T03:27:31Z] [INFO]    ⚠️ task: result
[2026-05-02T03:27:31Z] [INFO]    ⚠️ task: result
[2026-05-02T03:27:31Z] [INFO]    ⚠️ task: result
[2026-05-02T03:27:31Z] [INFO]    ⚠️ task: result
[2026-05-02T03:27:31Z] [INFO]    ⚠️ task: result
[2026-05-02T03:27:31Z] [INFO]    ⚠️ task: result
[2026-05-02T03:27:31Z] [INFO]    ⚠️ task: result
[2026-05-02T03:27:31Z] [HEADER] ================================================================================
[2026-05-02T03:27:31Z] [INFO] 🔄 OVERNIGHT RESEARCH PIPELINE - CYCLE #6
[2026-05-02T03:27:31Z] [INFO] ================================================================================
[2026-05-02T03:27:31Z] [HEADER] ============================================================
[2026-05-02T03:27:31Z] [INFO] 🌙 STARTING OVERNIGHT RESEARCH CYCLE #6
[2026-05-02T03:27:31Z] [INFO] 🔍 Running overnight research protocol (web scraping + cross-symbol analysis)...
[2026-05-02T03:27:31Z] [INFO] 📊 Cycle duration: 0.10s, Files generated: 0
[2026-05-02T03:27:31Z] [WARNING] ⚠️ Database not initialized for cycle counting
[2026-05-02T03:27:31Z] [INFO] 💾 Database updated with cycle results
[2026-05-02T03:27:31Z] [SECTION] ============================================================
[2026-05-02T03:27:31Z] [INFO] 🔮 PHASE: HIDDEN LAYERING DETECTION
[2026-05-02T03:27:31Z] [INFO] 🔗 Hidden layering detection complete. Connections identified: 2
[2026-05-02T03:27:31Z] [SECTION] ============================================================
[2026-05-02T03:27:31Z] [INFO] 🔬 PHASE: DOMAIN CORRELATION ANALYSIS
[2026-05-02T03:27:31Z] [INFO] 📊 Domain correlation matrices created: 1
[2026-05-02T03:27:31Z] [SECTION] ============================================================
[2026-05-02T03:27:31Z] [INFO] 🖼️  PHASE: IMAGE-SEED ANALYSIS
[2026-05-02T03:27:31Z] [INFO] 📂 Image seed analysis bootstrapping from 5 images...
[2026-05-02T03:27:31Z] [SECTION] ============================================================
[2026-05-02T03:27:31Z] [INFO] 📤 PHASE: PUSH COMPONENTS TO TOLARIA
[2026-05-02T03:27:32Z] [INFO] 📦 Components pushed to Tolaria: 5
[2026-05-02T03:27:32Z] [SECTION] ============================================================
[2026-05-02T03:27:32Z] [INFO] 🧩 PHASE: COMPOSER - DOMAIN INTEGRATION SYNTHESIS
[2026-05-02T03:27:47Z] [INFO] 🎨 Domain integrations synthesized: 0
[2026-05-02T03:27:47Z] [SECTION] ============================================================
[2026-05-02T03:27:47Z] [INFO] 🚀 PHASE: ADVANCED OVERNIGHT LOOP
[2026-05-02T03:28:33Z] [INFO] 🔬 Advanced loop completed cycles: 0
[2026-05-02T03:28:33Z] [WARNING] ⚠️  Git commit skipped or failed (git not initialized?): Command '['git', '-C', '/home/avalonas/.hermes/gematria/unified_overnight_research', 'add', '.']' returned non-zero exit status 128.
[2026-05-02T03:28:33Z] [INFO] 
📊 CYCLE #6 SUMMARY
[2026-05-02T03:28:33Z] [INFO] ✅ Successful tasks: 7/7
[2026-05-02T03:28:33Z] [INFO] ⏱️  Cycle duration: 61.74s
[2026-05-02T03:28:33Z] [INFO]    ⚠️ task: result
[2026-05-02T03:28:33Z] [INFO]    ⚠️ task: result
[2026-05-02T03:28:33Z] [INFO]    ⚠️ task: result
[2026-05-02T03:28:33Z] [INFO]    ⚠️ task: result
[2026-05-02T03:28:33Z] [INFO]    ⚠️ task: result
[2026-05-02T03:28:33Z] [INFO]    ⚠️ task: result
[2026-05-02T03:28:33Z] [INFO]    ⚠️ task: result
[2026-05-02T03:28:33Z] [HEADER] ================================================================================
[2026-05-02T03:28:33Z] [INFO] 🔄 OVERNIGHT RESEARCH PIPELINE - CYCLE #7
[2026-05-02T03:28:33Z] [INFO] ================================================================================
[2026-05-02T03:28:33Z] [HEADER] ============================================================
[2026-05-02T03:28:33Z] [INFO] 🌙 STARTING OVERNIGHT RESEARCH CYCLE #7
[2026-05-02T03:28:33Z] [INFO] 🔍 Running overnight research protocol (web scraping + cross-symbol analysis)...
[2026-05-02T03:28:33Z] [INFO] 📊 Cycle duration: 0.10s, Files generated: 0
[2026-05-02T03:28:33Z] [WARNING] ⚠️ Database not initialized for cycle counting
[2026-05-02T03:28:33Z] [INFO] 💾 Database updated with cycle results
[2026-05-02T03:28:33Z] [SECTION] ============================================================
[2026-05-02T03:28:33Z] [INFO] 🔮 PHASE: HIDDEN LAYERING DETECTION
[2026-05-02T03:28:33Z] [INFO] 🔗 Hidden layering detection complete. Connections identified: 2
[2026-05-02T03:28:33Z] [SECTION] ============================================================
[2026-05-02T03:28:33Z] [INFO] 🔬 PHASE: DOMAIN CORRELATION ANALYSIS
[2026-05-02T03:28:33Z] [INFO] 📊 Domain correlation matrices created: 1
[2026-05-02T03:28:33Z] [SECTION] ============================================================
[2026-05-02T03:28:33Z] [INFO] 🖼️  PHASE: IMAGE-SEED ANALYSIS
[2026-05-02T03:28:33Z] [INFO] 📂 Image seed analysis bootstrapping from 5 images...
[2026-05-02T03:28:33Z] [SECTION] ============================================================
[2026-05-02T03:28:33Z] [INFO] 📤 PHASE: PUSH COMPONENTS TO TOLARIA
[2026-05-02T03:28:34Z] [INFO] 📦 Components pushed to Tolaria: 5
[2026-05-02T03:28:34Z] [SECTION] ============================================================
[2026-05-02T03:28:34Z] [INFO] 🧩 PHASE: COMPOSER - DOMAIN INTEGRATION SYNTHESIS
[2026-05-02T03:28:45Z] [INFO] 🎨 Domain integrations synthesized: 0
[2026-05-02T03:28:45Z] [SECTION] ============================================================
[2026-05-02T03:28:45Z] [INFO] 🚀 PHASE: ADVANCED OVERNIGHT LOOP
[2026-05-02T03:29:30Z] [INFO] 🔬 Advanced loop completed cycles: 0
[2026-05-02T03:29:30Z] [WARNING] ⚠️  Git commit skipped or failed (git not initialized?): Command '['git', '-C', '/home/avalonas/.hermes/gematria/unified_overnight_research', 'add', '.']' returned non-zero exit status 128.
[2026-05-02T03:29:30Z] [INFO] 
📊 CYCLE #7 SUMMARY
[2026-05-02T03:29:30Z] [INFO] ✅ Successful tasks: 7/7
[2026-05-02T03:29:30Z] [INFO] ⏱️  Cycle duration: 57.65s
[2026-05-02T03:29:30Z] [INFO]    ⚠️ task: result
[2026-05-02T03:29:30Z] [INFO]    ⚠️ task: result
[2026-05-02T03:29:30Z] [INFO]    ⚠️ task: result
[2026-05-02T03:29:30Z] [INFO]    ⚠️ task: result
[2026-05-02T03:29:30Z] [INFO]    ⚠️ task: result
[2026-05-02T03:29:30Z] [INFO]    ⚠️ task: result
[2026-05-02T03:29:30Z] [INFO]    ⚠️ task: result
[2026-05-02T03:29:30Z] [HEADER] ================================================================================
[2026-05-02T03:29:30Z] [INFO] 🔄 OVERNIGHT RESEARCH PIPELINE - CYCLE #8
[2026-05-02T03:29:30Z] [INFO] ================================================================================
[2026-05-02T03:29:30Z] [HEADER] ============================================================
[2026-05-02T03:29:30Z] [INFO] 🌙 STARTING OVERNIGHT RESEARCH CYCLE #8
[2026-05-02T03:29:30Z] [INFO] 🔍 Running overnight research protocol (web scraping + cross-symbol analysis)...
[2026-05-02T03:29:30Z] [INFO] 📊 Cycle duration: 0.10s, Files generated: 0
[2026-05-02T03:29:30Z] [WARNING] ⚠️ Database not initialized for cycle counting
[2026-05-02T03:29:30Z] [INFO] 💾 Database updated with cycle results
[2026-05-02T03:29:30Z] [SECTION] ============================================================
[2026-05-02T03:29:30Z] [INFO] 🔮 PHASE: HIDDEN LAYERING DETECTION
[2026-05-02T03:29:30Z] [INFO] 🔗 Hidden layering detection complete. Connections identified: 2
[2026-05-02T03:29:30Z] [SECTION] ============================================================
[2026-05-02T03:29:30Z] [INFO] 🔬 PHASE: DOMAIN CORRELATION ANALYSIS
[2026-05-02T03:29:30Z] [INFO] 📊 Domain correlation matrices created: 1
[2026-05-02T03:29:30Z] [SECTION] ============================================================
[2026-05-02T03:29:30Z] [INFO] 🖼️  PHASE: IMAGE-SEED ANALYSIS
[2026-05-02T03:29:30Z] [INFO] 📂 Image seed analysis bootstrapping from 5 images...
[2026-05-02T03:29:30Z] [SECTION] ============================================================
[2026-05-02T03:29:30Z] [INFO] 📤 PHASE: PUSH COMPONENTS TO TOLARIA
[2026-05-02T03:29:31Z] [INFO] 📦 Components pushed to Tolaria: 5
[2026-05-02T03:29:31Z] [SECTION] ============================================================
[2026-05-02T03:29:31Z] [INFO] 🧩 PHASE: COMPOSER - DOMAIN INTEGRATION SYNTHESIS
[2026-05-02T03:29:46Z] [INFO] 🎨 Domain integrations synthesized: 0
[2026-05-02T03:29:46Z] [SECTION] ============================================================
[2026-05-02T03:29:46Z] [INFO] 🚀 PHASE: ADVANCED OVERNIGHT LOOP
[2026-05-02T03:30:36Z] [INFO] 🔬 Advanced loop completed cycles: 0
[2026-05-02T03:30:36Z] [WARNING] ⚠️  Git commit skipped or failed (git not initialized?): Command '['git', '-C', '/home/avalonas/.hermes/gematria/unified_overnight_research', 'add', '.']' returned non-zero exit status 128.
[2026-05-02T03:30:36Z] [INFO] 
📊 CYCLE #8 SUMMARY
[2026-05-02T03:30:36Z] [INFO] ✅ Successful tasks: 7/7
[2026-05-02T03:30:36Z] [INFO] ⏱️  Cycle duration: 65.75s
[2026-05-02T03:30:36Z] [INFO]    ⚠️ task: result
[2026-05-02T03:30:36Z] [INFO]    ⚠️ task: result
[2026-05-02T03:30:36Z] [INFO]    ⚠️ task: result
[2026-05-02T03:30:36Z] [INFO]    ⚠️ task: result
[2026-05-02T03:30:36Z] [INFO]    ⚠️ task: result
[2026-05-02T03:30:36Z] [INFO]    ⚠️ task: result
[2026-05-02T03:30:36Z] [INFO]    ⚠️ task: result
[2026-05-02T03:30:36Z] [HEADER] ================================================================================
[2026-05-02T03:30:36Z] [INFO] 🔄 OVERNIGHT RESEARCH PIPELINE - CYCLE #9
[2026-05-02T03:30:36Z] [INFO] ================================================================================
[2026-05-02T03:30:36Z] [HEADER] ============================================================
[2026-05-02T03:30:36Z] [INFO] 🌙 STARTING OVERNIGHT RESEARCH CYCLE #9
[2026-05-02T03:30:36Z] [INFO] 🔍 Running overnight research protocol (web scraping + cross-symbol analysis)...
[2026-05-02T03:30:36Z] [INFO] 📊 Cycle duration: 0.11s, Files generated: 0
[2026-05-02T03:30:36Z] [WARNING] ⚠️ Database not initialized for cycle counting
[2026-05-02T03:30:36Z] [INFO] 💾 Database updated with cycle results
[2026-05-02T03:30:36Z] [SECTION] ============================================================
[2026-05-02T03:30:36Z] [INFO] 🔮 PHASE: HIDDEN LAYERING DETECTION
[2026-05-02T03:30:36Z] [INFO] 🔗 Hidden layering detection complete. Connections identified: 2
[2026-05-02T03:30:36Z] [SECTION] ============================================================
[2026-05-02T03:30:36Z] [INFO] 🔬 PHASE: DOMAIN CORRELATION ANALYSIS
[2026-05-02T03:30:36Z] [INFO] 📊 Domain correlation matrices created: 1
[2026-05-02T03:30:36Z] [SECTION] ============================================================
[2026-05-02T03:30:36Z] [INFO] 🖼️  PHASE: IMAGE-SEED ANALYSIS
[2026-05-02T03:30:36Z] [INFO] 📂 Image seed analysis bootstrapping from 5 images...
[2026-05-02T03:30:36Z] [SECTION] ============================================================
[2026-05-02T03:30:36Z] [INFO] 📤 PHASE: PUSH COMPONENTS TO TOLARIA
[2026-05-02T03:30:37Z] [INFO] 📦 Components pushed to Tolaria: 5
[2026-05-02T03:30:37Z] [SECTION] ============================================================
[2026-05-02T03:30:37Z] [INFO] 🧩 PHASE: COMPOSER - DOMAIN INTEGRATION SYNTHESIS
[2026-05-02T03:30:50Z] [INFO] 🎨 Domain integrations synthesized: 0
[2026-05-02T03:30:50Z] [SECTION] ============================================================
[2026-05-02T03:30:50Z] [INFO] 🚀 PHASE: ADVANCED OVERNIGHT LOOP
[2026-05-02T03:31:29Z] [INFO] 🔬 Advanced loop completed cycles: 0
[2026-05-02T03:31:29Z] [WARNING] ⚠️  Git commit skipped or failed (git not initialized?): Command '['git', '-C', '/home/avalonas/.hermes/gematria/unified_overnight_research', 'add', '.']' returned non-zero exit status 128.
[2026-05-02T03:31:29Z] [INFO] 
📊 CYCLE #9 SUMMARY
[2026-05-02T03:31:29Z] [INFO] ✅ Successful tasks: 7/7
[2026-05-02T03:31:29Z] [INFO] ⏱️  Cycle duration: 52.76s
[2026-05-02T03:31:29Z] [INFO]    ⚠️ task: result
[2026-05-02T03:31:29Z] [INFO]    ⚠️ task: result
[2026-05-02T03:31:29Z] [INFO]    ⚠️ task: result
[2026-05-02T03:31:29Z] [INFO]    ⚠️ task: result
[2026-05-02T03:31:29Z] [INFO]    ⚠️ task: result
[2026-05-02T03:31:29Z] [INFO]    ⚠️ task: result
[2026-05-02T03:31:29Z] [INFO]    ⚠️ task: result
[2026-05-02T03:31:29Z] [HEADER] ================================================================================
[2026-05-02T03:31:29Z] [INFO] 🔄 OVERNIGHT RESEARCH PIPELINE - CYCLE #10
[2026-05-02T03:31:29Z] [INFO] ================================================================================
[2026-05-02T03:31:29Z] [HEADER] ============================================================
[2026-05-02T03:31:29Z] [INFO] 🌙 STARTING OVERNIGHT RESEARCH CYCLE #10
[2026-05-02T03:31:29Z] [INFO] 🔍 Running overnight research protocol (web scraping + cross-symbol analysis)...
[2026-05-02T03:31:29Z] [INFO] 📊 Cycle duration: 0.10s, Files generated: 0
[2026-05-02T03:31:29Z] [WARNING] ⚠️ Database not initialized for cycle counting
[2026-05-02T03:31:29Z] [INFO] 💾 Database updated with cycle results
[2026-05-02T03:31:29Z] [SECTION] ============================================================
[2026-05-02T03:31:29Z] [INFO] 🔮 PHASE: HIDDEN LAYERING DETECTION
[2026-05-02T03:31:29Z] [INFO] 🔗 Hidden layering detection complete. Connections identified: 2
[2026-05-02T03:31:29Z] [SECTION] ============================================================
[2026-05-02T03:31:29Z] [INFO] 🔬 PHASE: DOMAIN CORRELATION ANALYSIS
[2026-05-02T03:31:29Z] [INFO] 📊 Domain correlation matrices created: 1
[2026-05-02T03:31:29Z] [SECTION] ============================================================
[2026-05-02T03:31:29Z] [INFO] 🖼️  PHASE: IMAGE-SEED ANALYSIS
[2026-05-02T03:31:29Z] [INFO] 📂 Image seed analysis bootstrapping from 5 images...
[2026-05-02T03:31:29Z] [SECTION] ============================================================
[2026-05-02T03:31:29Z] [INFO] 📤 PHASE: PUSH COMPONENTS TO TOLARIA
[2026-05-02T03:31:30Z] [INFO] 📦 Components pushed to Tolaria: 5
[2026-05-02T03:31:30Z] [SECTION] ============================================================
[2026-05-02T03:31:30Z] [INFO] 🧩 PHASE: COMPOSER - DOMAIN INTEGRATION SYNTHESIS
[2026-05-02T03:31:49Z] [INFO] 🎨 Domain integrations synthesized: 0
[2026-05-02T03:31:49Z] [SECTION] ============================================================
[2026-05-02T03:31:49Z] [INFO] 🚀 PHASE: ADVANCED OVERNIGHT LOOP
[2026-05-02T03:32:35Z] [INFO] 🔬 Advanced loop completed cycles: 0
[2026-05-02T03:32:36Z] [WARNING] ⚠️  Git commit skipped or failed (git not initialized?): Command '['git', '-C', '/home/avalonas/.hermes/gematria/unified_overnight_research', 'add', '.']' returned non-zero exit status 128.
[2026-05-02T03:32:36Z] [INFO] 
📊 CYCLE #10 SUMMARY
[2026-05-02T03:32:36Z] [INFO] ✅ Successful tasks: 7/7
[2026-05-02T03:32:36Z] [INFO] ⏱️  Cycle duration: 66.80s
[2026-05-02T03:32:36Z] [INFO]    ⚠️ task: result
[2026-05-02T03:32:36Z] [INFO]    ⚠️ task: result
[2026-05-02T03:32:36Z] [INFO]    ⚠️ task: result
[2026-05-02T03:32:36Z] [INFO]    ⚠️ task: result
[2026-05-02T03:32:36Z] [INFO]    ⚠️ task: result
[2026-05-02T03:32:36Z] [INFO]    ⚠️ task: result
[2026-05-02T03:32:36Z] [INFO]    ⚠️ task: result
[2026-05-02T03:32:36Z] [HEADER] ================================================================================
[2026-05-02T03:32:36Z] [INFO] 🔄 OVERNIGHT RESEARCH PIPELINE - CYCLE #11
[2026-05-02T03:32:36Z] [INFO] ================================================================================
[2026-05-02T03:32:36Z] [HEADER] ============================================================
[2026-05-02T03:32:36Z] [INFO] 🌙 STARTING OVERNIGHT RESEARCH CYCLE #11
[2026-05-02T03:32:36Z] [INFO] 🔍 Running overnight research protocol (web scraping + cross-symbol analysis)...
[2026-05-02T03:32:36Z] [INFO] 📊 Cycle duration: 0.10s, Files generated: 0
[2026-05-02T03:32:36Z] [WARNING] ⚠️ Database not initialized for cycle counting
[2026-05-02T03:32:36Z] [INFO] 💾 Database updated with cycle results
[2026-05-02T03:32:36Z] [SECTION] ============================================================
[2026-05-02T03:32:36Z] [INFO] 🔮 PHASE: HIDDEN LAYERING DETECTION
[2026-05-02T03:32:36Z] [INFO] 🔗 Hidden layering detection complete. Connections identified: 2
[2026-05-02T03:32:36Z] [SECTION] ============================================================
[2026-05-02T03:32:36Z] [INFO] 🔬 PHASE: DOMAIN CORRELATION ANALYSIS
[2026-05-02T03:32:36Z] [INFO] 📊 Domain correlation matrices created: 1
[2026-05-02T03:32:36Z] [SECTION] ============================================================
[2026-05-02T03:32:36Z] [INFO] 🖼️  PHASE: IMAGE-SEED ANALYSIS
[2026-05-02T03:32:36Z] [INFO] 📂 Image seed analysis bootstrapping from 5 images...
[2026-05-02T03:32:36Z] [SECTION] ============================================================
[2026-05-02T03:32:36Z] [INFO] 📤 PHASE: PUSH COMPONENTS TO TOLARIA
[2026-05-02T03:32:37Z] [INFO] 📦 Components pushed to Tolaria: 5
[2026-05-02T03:32:37Z] [SECTION] ============================================================
[2026-05-02T03:32:37Z] [INFO] 🧩 PHASE: COMPOSER - DOMAIN INTEGRATION SYNTHESIS
[2026-05-02T03:32:48Z] [INFO] 🎨 Domain integrations synthesized: 0
[2026-05-02T03:32:48Z] [SECTION] ============================================================
[2026-05-02T03:32:48Z] [INFO] 🚀 PHASE: ADVANCED OVERNIGHT LOOP
[2026-05-02T03:33:29Z] [INFO] 🔬 Advanced loop completed cycles: 0
[2026-05-02T03:33:29Z] [WARNING] ⚠️  Git commit skipped or failed (git not initialized?): Command '['git', '-C', '/home/avalonas/.hermes/gematria/unified_overnight_research', 'add', '.']' returned non-zero exit status 128.
[2026-05-02T03:33:29Z] [INFO] 
📊 CYCLE #11 SUMMARY
[2026-05-02T03:33:29Z] [INFO] ✅ Successful tasks: 7/7
[2026-05-02T03:33:29Z] [INFO] ⏱️  Cycle duration: 53.34s
[2026-05-02T03:33:29Z] [INFO]    ⚠️ task: result
[2026-05-02T03:33:29Z] [INFO]    ⚠️ task: result
[2026-05-02T03:33:29Z] [INFO]    ⚠️ task: result
[2026-05-02T03:33:29Z] [INFO]    ⚠️ task: result
[2026-05-02T03:33:29Z] [INFO]    ⚠️ task: result
[2026-05-02T03:33:29Z] [INFO]    ⚠️ task: result
[2026-05-02T03:33:29Z] [INFO]    ⚠️ task: result
[2026-05-02T03:33:29Z] [HEADER] ================================================================================
[2026-05-02T03:33:29Z] [INFO] 🔄 OVERNIGHT RESEARCH PIPELINE - CYCLE #12
[2026-05-02T03:33:29Z] [INFO] ================================================================================
[2026-05-02T03:33:29Z] [HEADER] ============================================================
[2026-05-02T03:33:29Z] [INFO] 🌙 STARTING OVERNIGHT RESEARCH CYCLE #12
[2026-05-02T03:33:29Z] [INFO] 🔍 Running overnight research protocol (web scraping + cross-symbol analysis)...
[2026-05-02T03:33:29Z] [INFO] 📊 Cycle duration: 0.11s, Files generated: 0
[2026-05-02T03:33:29Z] [WARNING] ⚠️ Database not initialized for cycle counting
[2026-05-02T03:33:29Z] [INFO] 💾 Database updated with cycle results
[2026-05-02T03:33:29Z] [SECTION] ============================================================
[2026-05-02T03:33:29Z] [INFO] 🔮 PHASE: HIDDEN LAYERING DETECTION
[2026-05-02T03:33:29Z] [INFO] 🔗 Hidden layering detection complete. Connections identified: 2
[2026-05-02T03:33:29Z] [SECTION] ============================================================
[2026-05-02T03:33:29Z] [INFO] 🔬 PHASE: DOMAIN CORRELATION ANALYSIS
[2026-05-02T03:33:29Z] [INFO] 📊 Domain correlation matrices created: 1
[2026-05-02T03:33:29Z] [SECTION] ============================================================
[2026-05-02T03:33:29Z] [INFO] 🖼️  PHASE: IMAGE-SEED ANALYSIS
[2026-05-02T03:33:29Z] [INFO] 📂 Image seed analysis bootstrapping from 5 images...
[2026-05-02T03:33:29Z] [SECTION] ============================================================
[2026-05-02T03:33:29Z] [INFO] 📤 PHASE: PUSH COMPONENTS TO TOLARIA
[2026-05-02T03:33:30Z] [INFO] 📦 Components pushed to Tolaria: 5
[2026-05-02T03:33:30Z] [SECTION] ============================================================
[2026-05-02T03:33:30Z] [INFO] 🧩 PHASE: COMPOSER - DOMAIN INTEGRATION SYNTHESIS
[2026-05-02T03:33:49Z] [INFO] 🎨 Domain integrations synthesized: 0
[2026-05-02T03:33:49Z] [SECTION] ============================================================
[2026-05-02T03:33:49Z] [INFO] 🚀 PHASE: ADVANCED OVERNIGHT LOOP
[2026-05-02T03:34:39Z] [INFO] 🔬 Advanced loop completed cycles: 0
[2026-05-02T03:34:39Z] [WARNING] ⚠️  Git commit skipped or failed (git not initialized?): Command '['git', '-C', '/home/avalonas/.hermes/gematria/unified_overnight_research', 'add', '.']' returned non-zero exit status 128.
[2026-05-02T03:34:39Z] [INFO] 
📊 CYCLE #12 SUMMARY
[2026-05-02T03:34:39Z] [INFO] ✅ Successful tasks: 7/7
[2026-05-02T03:34:39Z] [INFO] ⏱️  Cycle duration: 69.80s
[2026-05-02T03:34:39Z] [INFO]    ⚠️ task: result
[2026-05-02T03:34:39Z] [INFO]    ⚠️ task: result
[2026-05-02T03:34:39Z] [INFO]    ⚠️ task: result
[2026-05-02T03:34:39Z] [INFO]    ⚠️ task: result
[2026-05-02T03:34:39Z] [INFO]    ⚠️ task: result
[2026-05-02T03:34:39Z] [INFO]    ⚠️ task: result
[2026-05-02T03:34:39Z] [INFO]    ⚠️ task: result
[2026-05-02T03:34:39Z] [HEADER] ================================================================================
[2026-05-02T03:34:39Z] [INFO] 🔄 OVERNIGHT RESEARCH PIPELINE - CYCLE #13
[2026-05-02T03:34:39Z] [INFO] ================================================================================
[2026-05-02T03:34:39Z] [HEADER] ============================================================
[2026-05-02T03:34:39Z] [INFO] 🌙 STARTING OVERNIGHT RESEARCH CYCLE #13
[2026-05-02T03:34:39Z] [INFO] 🔍 Running overnight research protocol (web scraping + cross-symbol analysis)...
[2026-05-02T03:34:39Z] [INFO] 📊 Cycle duration: 0.10s, Files generated: 0
[2026-05-02T03:34:39Z] [WARNING] ⚠️ Database not initialized for cycle counting
[2026-05-02T03:34:39Z] [INFO] 💾 Database updated with cycle results
[2026-05-02T03:34:39Z] [SECTION] ============================================================
[2026-05-02T03:34:39Z] [INFO] 🔮 PHASE: HIDDEN LAYERING DETECTION
[2026-05-02T03:34:39Z] [INFO] 🔗 Hidden layering detection complete. Connections identified: 2
[2026-05-02T03:34:39Z] [SECTION] ============================================================
[2026-05-02T03:34:39Z] [INFO] 🔬 PHASE: DOMAIN CORRELATION ANALYSIS
[2026-05-02T03:34:39Z] [INFO] 📊 Domain correlation matrices created: 1
[2026-05-02T03:34:39Z] [SECTION] ============================================================
[2026-05-02T03:34:39Z] [INFO] 🖼️  PHASE: IMAGE-SEED ANALYSIS
[2026-05-02T03:34:39Z] [INFO] 📂 Image seed analysis bootstrapping from 5 images...
[2026-05-02T03:34:39Z] [SECTION] ============================================================
[2026-05-02T03:34:39Z] [INFO] 📤 PHASE: PUSH COMPONENTS TO TOLARIA
[2026-05-02T03:34:40Z] [INFO] 📦 Components pushed to Tolaria: 5
[2026-05-02T03:34:40Z] [SECTION] ============================================================
[2026-05-02T03:34:40Z] [INFO] 🧩 PHASE: COMPOSER - DOMAIN INTEGRATION SYNTHESIS
[2026-05-02T03:34:51Z] [INFO] 🎨 Domain integrations synthesized: 0
[2026-05-02T03:34:51Z] [SECTION] ============================================================
[2026-05-02T03:34:51Z] [INFO] 🚀 PHASE: ADVANCED OVERNIGHT LOOP
[2026-05-02T03:35:34Z] [INFO] 🔬 Advanced loop completed cycles: 0
[2026-05-02T03:35:35Z] [WARNING] ⚠️  Git commit skipped or failed (git not initialized?): Command '['git', '-C', '/home/avalonas/.hermes/gematria/unified_overnight_research', 'add', '.']' returned non-zero exit status 128.
[2026-05-02T03:35:35Z] [INFO] 
📊 CYCLE #13 SUMMARY
[2026-05-02T03:35:35Z] [INFO] ✅ Successful tasks: 7/7
[2026-05-02T03:35:35Z] [INFO] ⏱️  Cycle duration: 55.80s
[2026-05-02T03:35:35Z] [INFO]    ⚠️ task: result
[2026-05-02T03:35:35Z] [INFO]    ⚠️ task: result
[2026-05-02T03:35:35Z] [INFO]    ⚠️ task: result
[2026-05-02T03:35:35Z] [INFO]    ⚠️ task: result
[2026-05-02T03:35:35Z] [INFO]    ⚠️ task: result
[2026-05-02T03:35:35Z] [INFO]    ⚠️ task: result
[2026-05-02T03:35:35Z] [INFO]    ⚠️ task: result
[2026-05-02T03:35:35Z] [HEADER] ================================================================================
[2026-05-02T03:35:35Z] [INFO] 🔄 OVERNIGHT RESEARCH PIPELINE - CYCLE #14
[2026-05-02T03:35:35Z] [INFO] ================================================================================
[2026-05-02T03:35:35Z] [HEADER] ============================================================
[2026-05-02T03:35:35Z] [INFO] 🌙 STARTING OVERNIGHT RESEARCH CYCLE #14
[2026-05-02T03:35:35Z] [INFO] 🔍 Running overnight research protocol (web scraping + cross-symbol analysis)...
[2026-05-02T03:35:35Z] [INFO] 📊 Cycle duration: 0.11s, Files generated: 0
[2026-05-02T03:35:35Z] [WARNING] ⚠️ Database not initialized for cycle counting
[2026-05-02T03:35:35Z] [INFO] 💾 Database updated with cycle results
[2026-05-02T03:35:35Z] [SECTION] ============================================================
[2026-05-02T03:35:35Z] [INFO] 🔮 PHASE: HIDDEN LAYERING DETECTION
[2026-05-02T03:35:35Z] [INFO] 🔗 Hidden layering detection complete. Connections identified: 2
[2026-05-02T03:35:35Z] [SECTION] ============================================================
[2026-05-02T03:35:35Z] [INFO] 🔬 PHASE: DOMAIN CORRELATION ANALYSIS
[2026-05-02T03:35:35Z] [INFO] 📊 Domain correlation matrices created: 1
[2026-05-02T03:35:35Z] [SECTION] ============================================================
[2026-05-02T03:35:35Z] [INFO] 🖼️  PHASE: IMAGE-SEED ANALYSIS
[2026-05-02T03:35:35Z] [INFO] 📂 Image seed analysis bootstrapping from 5 images...
[2026-05-02T03:35:35Z] [SECTION] ============================================================
[2026-05-02T03:35:35Z] [INFO] 📤 PHASE: PUSH COMPONENTS TO TOLARIA
[2026-05-02T03:35:36Z] [INFO] 📦 Components pushed to Tolaria: 5
[2026-05-02T03:35:36Z] [SECTION] ============================================================
[2026-05-02T03:35:36Z] [INFO] 🧩 PHASE: COMPOSER - DOMAIN INTEGRATION SYNTHESIS
[2026-05-02T03:35:48Z] [INFO] 🎨 Domain integrations synthesized: 0
[2026-05-02T03:35:48Z] [SECTION] ============================================================
[2026-05-02T03:35:48Z] [INFO] 🚀 PHASE: ADVANCED OVERNIGHT LOOP
[2026-05-02T03:36:30Z] [INFO] 🔬 Advanced loop completed cycles: 0
[2026-05-02T03:36:30Z] [WARNING] ⚠️  Git commit skipped or failed (git not initialized?): Command '['git', '-C', '/home/avalonas/.hermes/gematria/unified_overnight_research', 'add', '.']' returned non-zero exit status 128.
[2026-05-02T03:36:30Z] [INFO] 
📊 CYCLE #14 SUMMARY
[2026-05-02T03:36:30Z] [INFO] ✅ Successful tasks: 7/7
[2026-05-02T03:36:30Z] [INFO] ⏱️  Cycle duration: 55.71s
[2026-05-02T03:36:30Z] [INFO]    ⚠️ task: result
[2026-05-02T03:36:30Z] [INFO]    ⚠️ task: result
[2026-05-02T03:36:30Z] [INFO]    ⚠️ task: result
[2026-05-02T03:36:30Z] [INFO]    ⚠️ task: result
[2026-05-02T03:36:30Z] [INFO]    ⚠️ task: result
[2026-05-02T03:36:30Z] [INFO]    ⚠️ task: result
[2026-05-02T03:36:30Z] [INFO]    ⚠️ task: result
[2026-05-02T03:36:30Z] [HEADER] ================================================================================
[2026-05-02T03:36:30Z] [INFO] 🔄 OVERNIGHT RESEARCH PIPELINE - CYCLE #15
[2026-05-02T03:36:30Z] [INFO] ================================================================================
[2026-05-02T03:36:30Z] [HEADER] ============================================================
[2026-05-02T03:36:30Z] [INFO] 🌙 STARTING OVERNIGHT RESEARCH CYCLE #15
[2026-05-02T03:36:30Z] [INFO] 🔍 Running overnight research protocol (web scraping + cross-symbol analysis)...
[2026-05-02T03:36:30Z] [INFO] 📊 Cycle duration: 0.11s, Files generated: 0
[2026-05-02T03:36:30Z] [WARNING] ⚠️ Database not initialized for cycle counting
[2026-05-02T03:36:30Z] [INFO] 💾 Database updated with cycle results
[2026-05-02T03:36:30Z] [SECTION] ============================================================
[2026-05-02T03:36:30Z] [INFO] 🔮 PHASE: HIDDEN LAYERING DETECTION
[2026-05-02T03:36:30Z] [INFO] 🔗 Hidden layering detection complete. Connections identified: 2
[2026-05-02T03:36:30Z] [SECTION] ============================================================
[2026-05-02T03:36:30Z] [INFO] 🔬 PHASE: DOMAIN CORRELATION ANALYSIS
[2026-05-02T03:36:30Z] [INFO] 📊 Domain correlation matrices created: 1
[2026-05-02T03:36:30Z] [SECTION] ============================================================
[2026-05-02T03:36:30Z] [INFO] 🖼️  PHASE: IMAGE-SEED ANALYSIS
[2026-05-02T03:36:30Z] [INFO] 📂 Image seed analysis bootstrapping from 5 images...
[2026-05-02T03:36:30Z] [SECTION] ============================================================
[2026-05-02T03:36:30Z] [INFO] 📤 PHASE: PUSH COMPONENTS TO TOLARIA
[2026-05-02T03:36:31Z] [INFO] 📦 Components pushed to Tolaria: 5
[2026-05-02T03:36:31Z] [SECTION] ============================================================
[2026-05-02T03:36:31Z] [INFO] 🧩 PHASE: COMPOSER - DOMAIN INTEGRATION SYNTHESIS
[2026-05-02T03:36:53Z] [INFO] 🎨 Domain integrations synthesized: 0
[2026-05-02T03:36:53Z] [SECTION] ============================================================
[2026-05-02T03:36:53Z] [INFO] 🚀 PHASE: ADVANCED OVERNIGHT LOOP
[2026-05-02T03:38:00Z] [INFO] 🔬 Advanced loop completed cycles: 0
[2026-05-02T03:38:00Z] [WARNING] ⚠️  Git commit skipped or failed (git not initialized?): Command '['git', '-C', '/home/avalonas/.hermes/gematria/unified_overnight_research', 'add', '.']' returned non-zero exit status 128.
[2026-05-02T03:38:00Z] [INFO] 
📊 CYCLE #15 SUMMARY
[2026-05-02T03:38:00Z] [INFO] ✅ Successful tasks: 7/7
[2026-05-02T03:38:00Z] [INFO] ⏱️  Cycle duration: 89.75s
[2026-05-02T03:38:00Z] [INFO]    ⚠️ task: result
[2026-05-02T03:38:00Z] [INFO]    ⚠️ task: result
[2026-05-02T03:38:00Z] [INFO]    ⚠️ task: result
[2026-05-02T03:38:00Z] [INFO]    ⚠️ task: result
[2026-05-02T03:38:00Z] [INFO]    ⚠️ task: result
[2026-05-02T03:38:00Z] [INFO]    ⚠️ task: result
[2026-05-02T03:38:00Z] [INFO]    ⚠️ task: result
[2026-05-02T03:38:00Z] [HEADER] ================================================================================
[2026-05-02T03:38:00Z] [INFO] 🔄 OVERNIGHT RESEARCH PIPELINE - CYCLE #16
[2026-05-02T03:38:00Z] [INFO] ================================================================================
[2026-05-02T03:38:00Z] [HEADER] ============================================================
[2026-05-02T03:38:00Z] [INFO] 🌙 STARTING OVERNIGHT RESEARCH CYCLE #16
[2026-05-02T03:38:00Z] [INFO] 🔍 Running overnight research protocol (web scraping + cross-symbol analysis)...
[2026-05-02T03:38:00Z] [INFO] 📊 Cycle duration: 0.11s, Files generated: 0
[2026-05-02T03:38:00Z] [WARNING] ⚠️ Database not initialized for cycle counting
[2026-05-02T03:38:00Z] [INFO] 💾 Database updated with cycle results
[2026-05-02T03:38:00Z] [SECTION] ============================================================
[2026-05-02T03:38:00Z] [INFO] 🔮 PHASE: HIDDEN LAYERING DETECTION
[2026-05-02T03:38:00Z] [INFO] 🔗 Hidden layering detection complete. Connections identified: 2
[2026-05-02T03:38:00Z] [SECTION] ============================================================
[2026-05-02T03:38:00Z] [INFO] 🔬 PHASE: DOMAIN CORRELATION ANALYSIS
[2026-05-02T03:38:00Z] [INFO] 📊 Domain correlation matrices created: 1
[2026-05-02T03:38:00Z] [SECTION] ============================================================
[2026-05-02T03:38:00Z] [INFO] 🖼️  PHASE: IMAGE-SEED ANALYSIS
[2026-05-02T03:38:00Z] [INFO] 📂 Image seed analysis bootstrapping from 5 images...
[2026-05-02T03:38:00Z] [SECTION] ============================================================
[2026-05-02T03:38:00Z] [INFO] 📤 PHASE: PUSH COMPONENTS TO TOLARIA
[2026-05-02T03:38:01Z] [INFO] 📦 Components pushed to Tolaria: 5
[2026-05-02T03:38:01Z] [SECTION] ============================================================
[2026-05-02T03:38:01Z] [INFO] 🧩 PHASE: COMPOSER - DOMAIN INTEGRATION SYNTHESIS
[2026-05-02T03:38:23Z] [INFO] 🎨 Domain integrations synthesized: 0
[2026-05-02T03:38:23Z] [SECTION] ============================================================
[2026-05-02T03:38:23Z] [INFO] 🚀 PHASE: ADVANCED OVERNIGHT LOOP
[2026-05-02T03:39:28Z] [INFO] 🔬 Advanced loop completed cycles: 0
[2026-05-02T03:39:29Z] [WARNING] ⚠️  Git commit skipped or failed (git not initialized?): Command '['git', '-C', '/home/avalonas/.hermes/gematria/unified_overnight_research', 'add', '.']' returned non-zero exit status 128.
[2026-05-02T03:39:29Z] [INFO] 
📊 CYCLE #16 SUMMARY
[2026-05-02T03:39:29Z] [INFO] ✅ Successful tasks: 7/7
[2026-05-02T03:39:29Z] [INFO] ⏱️  Cycle duration: 88.53s
[2026-05-02T03:39:29Z] [INFO]    ⚠️ task: result
[2026-05-02T03:39:29Z] [INFO]    ⚠️ task: result
[2026-05-02T03:39:29Z] [INFO]    ⚠️ task: result
[2026-05-02T03:39:29Z] [INFO]    ⚠️ task: result
[2026-05-02T03:39:29Z] [INFO]    ⚠️ task: result
[2026-05-02T03:39:29Z] [INFO]    ⚠️ task: result
[2026-05-02T03:39:29Z] [INFO]    ⚠️ task: result
[2026-05-02T03:39:29Z] [HEADER] ================================================================================
[2026-05-02T03:39:29Z] [INFO] 🔄 OVERNIGHT RESEARCH PIPELINE - CYCLE #17
[2026-05-02T03:39:29Z] [INFO] ================================================================================
[2026-05-02T03:39:29Z] [HEADER] ============================================================
[2026-05-02T03:39:29Z] [INFO] 🌙 STARTING OVERNIGHT RESEARCH CYCLE #17
[2026-05-02T03:39:29Z] [INFO] 🔍 Running overnight research protocol (web scraping + cross-symbol analysis)...
[2026-05-02T03:39:29Z] [INFO] 📊 Cycle duration: 0.10s, Files generated: 0
[2026-05-02T03:39:29Z] [WARNING] ⚠️ Database not initialized for cycle counting
[2026-05-02T03:39:29Z] [INFO] 💾 Database updated with cycle results
[2026-05-02T03:39:29Z] [SECTION] ============================================================
[2026-05-02T03:39:29Z] [INFO] 🔮 PHASE: HIDDEN LAYERING DETECTION
[2026-05-02T03:39:29Z] [INFO] 🔗 Hidden layering detection complete. Connections identified: 2
[2026-05-02T03:39:29Z] [SECTION] ============================================================
[2026-05-02T03:39:29Z] [INFO] 🔬 PHASE: DOMAIN CORRELATION ANALYSIS
[2026-05-02T03:39:29Z] [INFO] 📊 Domain correlation matrices created: 1
[2026-05-02T03:39:29Z] [SECTION] ============================================================
[2026-05-02T03:39:29Z] [INFO] 🖼️  PHASE: IMAGE-SEED ANALYSIS
[2026-05-02T03:39:29Z] [INFO] 📂 Image seed analysis bootstrapping from 5 images...
[2026-05-02T03:39:29Z] [SECTION] ============================================================
[2026-05-02T03:39:29Z] [INFO] 📤 PHASE: PUSH COMPONENTS TO TOLARIA
[2026-05-02T03:39:30Z] [INFO] 📦 Components pushed to Tolaria: 5
[2026-05-02T03:39:30Z] [SECTION] ============================================================
[2026-05-02T03:39:30Z] [INFO] 🧩 PHASE: COMPOSER - DOMAIN INTEGRATION SYNTHESIS
[2026-05-02T03:39:51Z] [INFO] 🎨 Domain integrations synthesized: 0
[2026-05-02T03:39:51Z] [SECTION] ============================================================
[2026-05-02T03:39:51Z] [INFO] 🚀 PHASE: ADVANCED OVERNIGHT LOOP
[2026-05-02T03:41:00Z] [INFO] 🔬 Advanced loop completed cycles: 0
[2026-05-02T03:41:00Z] [WARNING] ⚠️  Git commit skipped or failed (git not initialized?): Command '['git', '-C', '/home/avalonas/.hermes/gematria/unified_overnight_research', 'add', '.']' returned non-zero exit status 128.
[2026-05-02T03:41:00Z] [INFO] 
📊 CYCLE #17 SUMMARY
[2026-05-02T03:41:00Z] [INFO] ✅ Successful tasks: 7/7
[2026-05-02T03:41:00Z] [INFO] ⏱️  Cycle duration: 91.35s
[2026-05-02T03:41:00Z] [INFO]    ⚠️ task: result
[2026-05-02T03:41:00Z] [INFO]    ⚠️ task: result
[2026-05-02T03:41:00Z] [INFO]    ⚠️ task: result
[2026-05-02T03:41:00Z] [INFO]    ⚠️ task: result
[2026-05-02T03:41:00Z] [INFO]    ⚠️ task: result
[2026-05-02T03:41:00Z] [INFO]    ⚠️ task: result
[2026-05-02T03:41:00Z] [INFO]    ⚠️ task: result
[2026-05-02T03:41:00Z] [HEADER] ================================================================================
[2026-05-02T03:41:00Z] [INFO] 🔄 OVERNIGHT RESEARCH PIPELINE - CYCLE #18
[2026-05-02T03:41:00Z] [INFO] ================================================================================
[2026-05-02T03:41:00Z] [HEADER] ============================================================
[2026-05-02T03:41:00Z] [INFO] 🌙 STARTING OVERNIGHT RESEARCH CYCLE #18
[2026-05-02T03:41:00Z] [INFO] 🔍 Running overnight research protocol (web scraping + cross-symbol analysis)...
[2026-05-02T03:41:00Z] [INFO] 📊 Cycle duration: 0.10s, Files generated: 0
[2026-05-02T03:41:00Z] [WARNING] ⚠️ Database not initialized for cycle counting
[2026-05-02T03:41:00Z] [INFO] 💾 Database updated with cycle results
[2026-05-02T03:41:00Z] [SECTION] ============================================================
[2026-05-02T03:41:00Z] [INFO] 🔮 PHASE: HIDDEN LAYERING DETECTION
[2026-05-02T03:41:00Z] [INFO] 🔗 Hidden layering detection complete. Connections identified: 2
[2026-05-02T03:41:00Z] [SECTION] ============================================================
[2026-05-02T03:41:00Z] [INFO] 🔬 PHASE: DOMAIN CORRELATION ANALYSIS
[2026-05-02T03:41:00Z] [INFO] 📊 Domain correlation matrices created: 1
[2026-05-02T03:41:00Z] [SECTION] ============================================================
[2026-05-02T03:41:00Z] [INFO] 🖼️  PHASE: IMAGE-SEED ANALYSIS
[2026-05-02T03:41:00Z] [INFO] 📂 Image seed analysis bootstrapping from 5 images...
[2026-05-02T03:41:00Z] [SECTION] ============================================================
[2026-05-02T03:41:00Z] [INFO] 📤 PHASE: PUSH COMPONENTS TO TOLARIA
[2026-05-02T03:41:01Z] [INFO] 📦 Components pushed to Tolaria: 5
[2026-05-02T03:41:01Z] [SECTION] ============================================================
[2026-05-02T03:41:01Z] [INFO] 🧩 PHASE: COMPOSER - DOMAIN INTEGRATION SYNTHESIS
[2026-05-02T03:41:22Z] [INFO] 🎨 Domain integrations synthesized: 0
[2026-05-02T03:41:22Z] [SECTION] ============================================================
[2026-05-02T03:41:22Z] [INFO] 🚀 PHASE: ADVANCED OVERNIGHT LOOP
[2026-05-02T03:42:28Z] [INFO] 🔬 Advanced loop completed cycles: 0
[2026-05-02T03:42:28Z] [WARNING] ⚠️  Git commit skipped or failed (git not initialized?): Command '['git', '-C', '/home/avalonas/.hermes/gematria/unified_overnight_research', 'add', '.']' returned non-zero exit status 128.
[2026-05-02T03:42:28Z] [INFO] 
📊 CYCLE #18 SUMMARY
[2026-05-02T03:42:28Z] [INFO] ✅ Successful tasks: 7/7
[2026-05-02T03:42:28Z] [INFO] ⏱️  Cycle duration: 88.13s
[2026-05-02T03:42:28Z] [INFO]    ⚠️ task: result
[2026-05-02T03:42:28Z] [INFO]    ⚠️ task: result
[2026-05-02T03:42:28Z] [INFO]    ⚠️ task: result
[2026-05-02T03:42:28Z] [INFO]    ⚠️ task: result
[2026-05-02T03:42:28Z] [INFO]    ⚠️ task: result
[2026-05-02T03:42:28Z] [INFO]    ⚠️ task: result
[2026-05-02T03:42:28Z] [INFO]    ⚠️ task: result
[2026-05-02T03:42:28Z] [HEADER] ================================================================================
[2026-05-02T03:42:28Z] [INFO] 🔄 OVERNIGHT RESEARCH PIPELINE - CYCLE #19
[2026-05-02T03:42:28Z] [INFO] ================================================================================
[2026-05-02T03:42:28Z] [HEADER] ============================================================
[2026-05-02T03:42:28Z] [INFO] 🌙 STARTING OVERNIGHT RESEARCH CYCLE #19
[2026-05-02T03:42:28Z] [INFO] 🔍 Running overnight research protocol (web scraping + cross-symbol analysis)...
[2026-05-02T03:42:28Z] [INFO] 📊 Cycle duration: 0.11s, Files generated: 0
[2026-05-02T03:42:28Z] [WARNING] ⚠️ Database not initialized for cycle counting
[2026-05-02T03:42:28Z] [INFO] 💾 Database updated with cycle results
[2026-05-02T03:42:28Z] [SECTION] ============================================================
[2026-05-02T03:42:28Z] [INFO] 🔮 PHASE: HIDDEN LAYERING DETECTION
[2026-05-02T03:42:28Z] [INFO] 🔗 Hidden layering detection complete. Connections identified: 2
[2026-05-02T03:42:28Z] [SECTION] ============================================================
[2026-05-02T03:42:28Z] [INFO] 🔬 PHASE: DOMAIN CORRELATION ANALYSIS
[2026-05-02T03:42:28Z] [INFO] 📊 Domain correlation matrices created: 1
[2026-05-02T03:42:28Z] [SECTION] ============================================================
[2026-05-02T03:42:28Z] [INFO] 🖼️  PHASE: IMAGE-SEED ANALYSIS
[2026-05-02T03:42:28Z] [INFO] 📂 Image seed analysis bootstrapping from 5 images...
[2026-05-02T03:42:28Z] [SECTION] ============================================================
[2026-05-02T03:42:28Z] [INFO] 📤 PHASE: PUSH COMPONENTS TO TOLARIA
[2026-05-02T03:42:29Z] [INFO] 📦 Components pushed to Tolaria: 5
[2026-05-02T03:42:29Z] [SECTION] ============================================================
[2026-05-02T03:42:29Z] [INFO] 🧩 PHASE: COMPOSER - DOMAIN INTEGRATION SYNTHESIS
[2026-05-02T03:42:50Z] [INFO] 🎨 Domain integrations synthesized: 0
[2026-05-02T03:42:50Z] [SECTION] ============================================================
[2026-05-02T03:42:50Z] [INFO] 🚀 PHASE: ADVANCED OVERNIGHT LOOP
[2026-05-02T03:43:56Z] [INFO] 🔬 Advanced loop completed cycles: 0
[2026-05-02T03:43:56Z] [WARNING] ⚠️  Git commit skipped or failed (git not initialized?): Command '['git', '-C', '/home/avalonas/.hermes/gematria/unified_overnight_research', 'add', '.']' returned non-zero exit status 128.
[2026-05-02T03:43:56Z] [INFO] 
📊 CYCLE #19 SUMMARY
[2026-05-02T03:43:56Z] [INFO] ✅ Successful tasks: 7/7
[2026-05-02T03:43:56Z] [INFO] ⏱️  Cycle duration: 88.24s
[2026-05-02T03:43:56Z] [INFO]    ⚠️ task: result
[2026-05-02T03:43:56Z] [INFO]    ⚠️ task: result
[2026-05-02T03:43:56Z] [INFO]    ⚠️ task: result
[2026-05-02T03:43:56Z] [INFO]    ⚠️ task: result
[2026-05-02T03:43:56Z] [INFO]    ⚠️ task: result
[2026-05-02T03:43:56Z] [INFO]    ⚠️ task: result
[2026-05-02T03:43:56Z] [INFO]    ⚠️ task: result
[2026-05-02T03:43:56Z] [HEADER] ================================================================================
[2026-05-02T03:43:56Z] [INFO] 🔄 OVERNIGHT RESEARCH PIPELINE - CYCLE #20
[2026-05-02T03:43:56Z] [INFO] ================================================================================
[2026-05-02T03:43:56Z] [HEADER] ============================================================
[2026-05-02T03:43:56Z] [INFO] 🌙 STARTING OVERNIGHT RESEARCH CYCLE #20
[2026-05-02T03:43:56Z] [INFO] 🔍 Running overnight research protocol (web scraping + cross-symbol analysis)...
[2026-05-02T03:43:56Z] [INFO] 📊 Cycle duration: 0.10s, Files generated: 0
[2026-05-02T03:43:56Z] [WARNING] ⚠️ Database not initialized for cycle counting
[2026-05-02T03:43:56Z] [INFO] 💾 Database updated with cycle results
[2026-05-02T03:43:56Z] [SECTION] ============================================================
[2026-05-02T03:43:56Z] [INFO] 🔮 PHASE: HIDDEN LAYERING DETECTION
[2026-05-02T03:43:56Z] [INFO] 🔗 Hidden layering detection complete. Connections identified: 2
[2026-05-02T03:43:56Z] [SECTION] ============================================================
[2026-05-02T03:43:56Z] [INFO] 🔬 PHASE: DOMAIN CORRELATION ANALYSIS
[2026-05-02T03:43:56Z] [INFO] 📊 Domain correlation matrices created: 1
[2026-05-02T03:43:56Z] [SECTION] ============================================================
[2026-05-02T03:43:56Z] [INFO] 🖼️  PHASE: IMAGE-SEED ANALYSIS
[2026-05-02T03:43:56Z] [INFO] 📂 Image seed analysis bootstrapping from 5 images...
[2026-05-02T03:43:56Z] [SECTION] ============================================================
[2026-05-02T03:43:56Z] [INFO] 📤 PHASE: PUSH COMPONENTS TO TOLARIA
[2026-05-02T03:43:57Z] [INFO] 📦 Components pushed to Tolaria: 5
[2026-05-02T03:43:57Z] [SECTION] ============================================================
[2026-05-02T03:43:57Z] [INFO] 🧩 PHASE: COMPOSER - DOMAIN INTEGRATION SYNTHESIS
[2026-05-02T03:44:19Z] [INFO] 🎨 Domain integrations synthesized: 0
[2026-05-02T03:44:19Z] [SECTION] ============================================================
[2026-05-02T03:44:19Z] [INFO] 🚀 PHASE: ADVANCED OVERNIGHT LOOP
[2026-05-02T03:45:25Z] [INFO] 🔬 Advanced loop completed cycles: 0
[2026-05-02T03:45:25Z] [WARNING] ⚠️  Git commit skipped or failed (git not initialized?): Command '['git', '-C', '/home/avalonas/.hermes/gematria/unified_overnight_research', 'add', '.']' returned non-zero exit status 128.
[2026-05-02T03:45:25Z] [INFO] 
📊 CYCLE #20 SUMMARY
[2026-05-02T03:45:25Z] [INFO] ✅ Successful tasks: 7/7
[2026-05-02T03:45:25Z] [INFO] ⏱️  Cycle duration: 88.39s
[2026-05-02T03:45:25Z] [INFO]    ⚠️ task: result
[2026-05-02T03:45:25Z] [INFO]    ⚠️ task: result
[2026-05-02T03:45:25Z] [INFO]    ⚠️ task: result
[2026-05-02T03:45:25Z] [INFO]    ⚠️ task: result
[2026-05-02T03:45:25Z] [INFO]    ⚠️ task: result
[2026-05-02T03:45:25Z] [INFO]    ⚠️ task: result
[2026-05-02T03:45:25Z] [INFO]    ⚠️ task: result
[2026-05-02T03:45:25Z] [HEADER] ================================================================================
[2026-05-02T03:45:25Z] [INFO] 🔄 OVERNIGHT RESEARCH PIPELINE - CYCLE #21
[2026-05-02T03:45:25Z] [INFO] ================================================================================
[2026-05-02T03:45:25Z] [HEADER] ============================================================
[2026-05-02T03:45:25Z] [INFO] 🌙 STARTING OVERNIGHT RESEARCH CYCLE #21
[2026-05-02T03:45:25Z] [INFO] 🔍 Running overnight research protocol (web scraping + cross-symbol analysis)...
[2026-05-02T03:45:25Z] [INFO] 📊 Cycle duration: 0.10s, Files generated: 0
[2026-05-02T03:45:25Z] [WARNING] ⚠️ Database not initialized for cycle counting
[2026-05-02T03:45:25Z] [INFO] 💾 Database updated with cycle results
[2026-05-02T03:45:25Z] [SECTION] ============================================================
[2026-05-02T03:45:25Z] [INFO] 🔮 PHASE: HIDDEN LAYERING DETECTION
[2026-05-02T03:45:25Z] [INFO] 🔗 Hidden layering detection complete. Connections identified: 2
[2026-05-02T03:45:25Z] [SECTION] ============================================================
[2026-05-02T03:45:25Z] [INFO] 🔬 PHASE: DOMAIN CORRELATION ANALYSIS
[2026-05-02T03:45:25Z] [INFO] 📊 Domain correlation matrices created: 1
[2026-05-02T03:45:25Z] [SECTION] ============================================================
[2026-05-02T03:45:25Z] [INFO] 🖼️  PHASE: IMAGE-SEED ANALYSIS
[2026-05-02T03:45:25Z] [INFO] 📂 Image seed analysis bootstrapping from 5 images...
[2026-05-02T03:45:25Z] [SECTION] ============================================================
[2026-05-02T03:45:25Z] [INFO] 📤 PHASE: PUSH COMPONENTS TO TOLARIA
[2026-05-02T03:45:26Z] [INFO] 📦 Components pushed to Tolaria: 5
[2026-05-02T03:45:26Z] [SECTION] ============================================================
[2026-05-02T03:45:26Z] [INFO] 🧩 PHASE: COMPOSER - DOMAIN INTEGRATION SYNTHESIS
[2026-05-02T03:45:47Z] [INFO] 🎨 Domain integrations synthesized: 0
[2026-05-02T03:45:47Z] [SECTION] ============================================================
[2026-05-02T03:45:47Z] [INFO] 🚀 PHASE: ADVANCED OVERNIGHT LOOP
[2026-05-02T03:46:54Z] [INFO] 🔬 Advanced loop completed cycles: 0
[2026-05-02T03:46:54Z] [WARNING] ⚠️  Git commit skipped or failed (git not initialized?): Command '['git', '-C', '/home/avalonas/.hermes/gematria/unified_overnight_research', 'add', '.']' returned non-zero exit status 128.
[2026-05-02T03:46:54Z] [INFO] 
📊 CYCLE #21 SUMMARY
[2026-05-02T03:46:54Z] [INFO] ✅ Successful tasks: 7/7
[2026-05-02T03:46:54Z] [INFO] ⏱️  Cycle duration: 89.24s
[2026-05-02T03:46:54Z] [INFO]    ⚠️ task: result
[2026-05-02T03:46:54Z] [INFO]    ⚠️ task: result
[2026-05-02T03:46:54Z] [INFO]    ⚠️ task: result
[2026-05-02T03:46:54Z] [INFO]    ⚠️ task: result
[2026-05-02T03:46:54Z] [INFO]    ⚠️ task: result
[2026-05-02T03:46:54Z] [INFO]    ⚠️ task: result
[2026-05-02T03:46:54Z] [INFO]    ⚠️ task: result
[2026-05-02T03:46:54Z] [HEADER] ================================================================================
[2026-05-02T03:46:54Z] [INFO] 🔄 OVERNIGHT RESEARCH PIPELINE - CYCLE #22
[2026-05-02T03:46:54Z] [INFO] ================================================================================
[2026-05-02T03:46:54Z] [HEADER] ============================================================
[2026-05-02T03:46:54Z] [INFO] 🌙 STARTING OVERNIGHT RESEARCH CYCLE #22
[2026-05-02T03:46:54Z] [INFO] 🔍 Running overnight research protocol (web scraping + cross-symbol analysis)...
[2026-05-02T03:46:54Z] [INFO] 📊 Cycle duration: 0.11s, Files generated: 0
[2026-05-02T03:46:54Z] [WARNING] ⚠️ Database not initialized for cycle counting
[2026-05-02T03:46:54Z] [INFO] 💾 Database updated with cycle results
[2026-05-02T03:46:54Z] [SECTION] ============================================================
[2026-05-02T03:46:54Z] [INFO] 🔮 PHASE: HIDDEN LAYERING DETECTION
[2026-05-02T03:46:54Z] [INFO] 🔗 Hidden layering detection complete. Connections identified: 2
[2026-05-02T03:46:54Z] [SECTION] ============================================================
[2026-05-02T03:46:54Z] [INFO] 🔬 PHASE: DOMAIN CORRELATION ANALYSIS
[2026-05-02T03:46:54Z] [INFO] 📊 Domain correlation matrices created: 1
[2026-05-02T03:46:54Z] [SECTION] ============================================================
[2026-05-02T03:46:54Z] [INFO] 🖼️  PHASE: IMAGE-SEED ANALYSIS
[2026-05-02T03:46:54Z] [INFO] 📂 Image seed analysis bootstrapping from 5 images...
[2026-05-02T03:46:54Z] [SECTION] ============================================================
[2026-05-02T03:46:54Z] [INFO] 📤 PHASE: PUSH COMPONENTS TO TOLARIA
[2026-05-02T03:46:55Z] [INFO] 📦 Components pushed to Tolaria: 5
[2026-05-02T03:46:55Z] [SECTION] ============================================================
[2026-05-02T03:46:55Z] [INFO] 🧩 PHASE: COMPOSER - DOMAIN INTEGRATION SYNTHESIS
[2026-05-02T03:47:16Z] [INFO] 🎨 Domain integrations synthesized: 0
[2026-05-02T03:47:16Z] [SECTION] ============================================================
[2026-05-02T03:47:16Z] [INFO] 🚀 PHASE: ADVANCED OVERNIGHT LOOP
[2026-05-02T03:48:22Z] [INFO] 🔬 Advanced loop completed cycles: 0
[2026-05-02T03:48:22Z] [WARNING] ⚠️  Git commit skipped or failed (git not initialized?): Command '['git', '-C', '/home/avalonas/.hermes/gematria/unified_overnight_research', 'add', '.']' returned non-zero exit status 128.
[2026-05-02T03:48:22Z] [INFO] 
📊 CYCLE #22 SUMMARY
[2026-05-02T03:48:22Z] [INFO] ✅ Successful tasks: 7/7
[2026-05-02T03:48:22Z] [INFO] ⏱️  Cycle duration: 88.51s
[2026-05-02T03:48:22Z] [INFO]    ⚠️ task: result
[2026-05-02T03:48:22Z] [INFO]    ⚠️ task: result
[2026-05-02T03:48:22Z] [INFO]    ⚠️ task: result
[2026-05-02T03:48:22Z] [INFO]    ⚠️ task: result
[2026-05-02T03:48:22Z] [INFO]    ⚠️ task: result
[2026-05-02T03:48:22Z] [INFO]    ⚠️ task: result
[2026-05-02T03:48:22Z] [INFO]    ⚠️ task: result
[2026-05-02T03:48:22Z] [HEADER] ================================================================================
[2026-05-02T03:48:22Z] [INFO] 🔄 OVERNIGHT RESEARCH PIPELINE - CYCLE #23
[2026-05-02T03:48:22Z] [INFO] ================================================================================
[2026-05-02T03:48:22Z] [HEADER] ============================================================
[2026-05-02T03:48:22Z] [INFO] 🌙 STARTING OVERNIGHT RESEARCH CYCLE #23
[2026-05-02T03:48:22Z] [INFO] 🔍 Running overnight research protocol (web scraping + cross-symbol analysis)...
[2026-05-02T03:48:23Z] [INFO] 📊 Cycle duration: 0.11s, Files generated: 0
[2026-05-02T03:48:23Z] [WARNING] ⚠️ Database not initialized for cycle counting
[2026-05-02T03:48:23Z] [INFO] 💾 Database updated with cycle results
[2026-05-02T03:48:23Z] [SECTION] ============================================================
[2026-05-02T03:48:23Z] [INFO] 🔮 PHASE: HIDDEN LAYERING DETECTION
[2026-05-02T03:48:23Z] [INFO] 🔗 Hidden layering detection complete. Connections identified: 2
[2026-05-02T03:48:23Z] [SECTION] ============================================================
[2026-05-02T03:48:23Z] [INFO] 🔬 PHASE: DOMAIN CORRELATION ANALYSIS
[2026-05-02T03:48:23Z] [INFO] 📊 Domain correlation matrices created: 1
[2026-05-02T03:48:23Z] [SECTION] ============================================================
[2026-05-02T03:48:23Z] [INFO] 🖼️  PHASE: IMAGE-SEED ANALYSIS
[2026-05-02T03:48:23Z] [INFO] 📂 Image seed analysis bootstrapping from 5 images...
[2026-05-02T03:48:23Z] [SECTION] ============================================================
[2026-05-02T03:48:23Z] [INFO] 📤 PHASE: PUSH COMPONENTS TO TOLARIA
[2026-05-02T03:48:24Z] [INFO] 📦 Components pushed to Tolaria: 5
[2026-05-02T03:48:24Z] [SECTION] ============================================================
[2026-05-02T03:48:24Z] [INFO] 🧩 PHASE: COMPOSER - DOMAIN INTEGRATION SYNTHESIS
[2026-05-02T03:48:45Z] [INFO] 🎨 Domain integrations synthesized: 0
[2026-05-02T03:48:45Z] [SECTION] ============================================================
[2026-05-02T03:48:45Z] [INFO] 🚀 PHASE: ADVANCED OVERNIGHT LOOP
[2026-05-02T03:49:51Z] [INFO] 🔬 Advanced loop completed cycles: 0
[2026-05-02T03:49:52Z] [WARNING] ⚠️  Git commit skipped or failed (git not initialized?): Command '['git', '-C', '/home/avalonas/.hermes/gematria/unified_overnight_research', 'add', '.']' returned non-zero exit status 128.
[2026-05-02T03:49:52Z] [INFO] 
📊 CYCLE #23 SUMMARY
[2026-05-02T03:49:52Z] [INFO] ✅ Successful tasks: 7/7
[2026-05-02T03:49:52Z] [INFO] ⏱️  Cycle duration: 89.11s
[2026-05-02T03:49:52Z] [INFO]    ⚠️ task: result
[2026-05-02T03:49:52Z] [INFO]    ⚠️ task: result
[2026-05-02T03:49:52Z] [INFO]    ⚠️ task: result
[2026-05-02T03:49:52Z] [INFO]    ⚠️ task: result
[2026-05-02T03:49:52Z] [INFO]    ⚠️ task: result
[2026-05-02T03:49:52Z] [INFO]    ⚠️ task: result
[2026-05-02T03:49:52Z] [INFO]    ⚠️ task: result
[2026-05-02T03:49:52Z] [HEADER] ================================================================================
[2026-05-02T03:49:52Z] [INFO] 🔄 OVERNIGHT RESEARCH PIPELINE - CYCLE #24
[2026-05-02T03:49:52Z] [INFO] ================================================================================
[2026-05-02T03:49:52Z] [HEADER] ============================================================
[2026-05-02T03:49:52Z] [INFO] 🌙 STARTING OVERNIGHT RESEARCH CYCLE #24
[2026-05-02T03:49:52Z] [INFO] 🔍 Running overnight research protocol (web scraping + cross-symbol analysis)...
[2026-05-02T03:49:52Z] [INFO] 📊 Cycle duration: 0.10s, Files generated: 0
[2026-05-02T03:49:52Z] [WARNING] ⚠️ Database not initialized for cycle counting
[2026-05-02T03:49:52Z] [INFO] 💾 Database updated with cycle results
[2026-05-02T03:49:52Z] [SECTION] ============================================================
[2026-05-02T03:49:52Z] [INFO] 🔮 PHASE: HIDDEN LAYERING DETECTION
[2026-05-02T03:49:52Z] [INFO] 🔗 Hidden layering detection complete. Connections identified: 2
[2026-05-02T03:49:52Z] [SECTION] ============================================================
[2026-05-02T03:49:52Z] [INFO] 🔬 PHASE: DOMAIN CORRELATION ANALYSIS
[2026-05-02T03:49:52Z] [INFO] 📊 Domain correlation matrices created: 1
[2026-05-02T03:49:52Z] [SECTION] ============================================================
[2026-05-02T03:49:52Z] [INFO] 🖼️  PHASE: IMAGE-SEED ANALYSIS
[2026-05-02T03:49:52Z] [INFO] 📂 Image seed analysis bootstrapping from 5 images...
[2026-05-02T03:49:52Z] [SECTION] ============================================================
[2026-05-02T03:49:52Z] [INFO] 📤 PHASE: PUSH COMPONENTS TO TOLARIA
[2026-05-02T03:49:53Z] [INFO] 📦 Components pushed to Tolaria: 5
[2026-05-02T03:49:53Z] [SECTION] ============================================================
[2026-05-02T03:49:53Z] [INFO] 🧩 PHASE: COMPOSER - DOMAIN INTEGRATION SYNTHESIS
[2026-05-02T03:50:14Z] [INFO] 🎨 Domain integrations synthesized: 0
[2026-05-02T03:50:14Z] [SECTION] ============================================================
[2026-05-02T03:50:14Z] [INFO] 🚀 PHASE: ADVANCED OVERNIGHT LOOP
[2026-05-02T03:51:20Z] [INFO] 🔬 Advanced loop completed cycles: 0
[2026-05-02T03:51:20Z] [WARNING] ⚠️  Git commit skipped or failed (git not initialized?): Command '['git', '-C', '/home/avalonas/.hermes/gematria/unified_overnight_research', 'add', '.']' returned non-zero exit status 128.
[2026-05-02T03:51:20Z] [INFO] 
📊 CYCLE #24 SUMMARY
[2026-05-02T03:51:20Z] [INFO] ✅ Successful tasks: 7/7
[2026-05-02T03:51:20Z] [INFO] ⏱️  Cycle duration: 88.25s
[2026-05-02T03:51:20Z] [INFO]    ⚠️ task: result
[2026-05-02T03:51:20Z] [INFO]    ⚠️ task: result
[2026-05-02T03:51:20Z] [INFO]    ⚠️ task: result
[2026-05-02T03:51:20Z] [INFO]    ⚠️ task: result
[2026-05-02T03:51:20Z] [INFO]    ⚠️ task: result
[2026-05-02T03:51:20Z] [INFO]    ⚠️ task: result
[2026-05-02T03:51:20Z] [INFO]    ⚠️ task: result
[2026-05-02T03:51:20Z] [HEADER] ================================================================================
[2026-05-02T03:51:20Z] [INFO] 🔄 OVERNIGHT RESEARCH PIPELINE - CYCLE #25
[2026-05-02T03:51:20Z] [INFO] ================================================================================
[2026-05-02T03:51:20Z] [HEADER] ============================================================
[2026-05-02T03:51:20Z] [INFO] 🌙 STARTING OVERNIGHT RESEARCH CYCLE #25
[2026-05-02T03:51:20Z] [INFO] 🔍 Running overnight research protocol (web scraping + cross-symbol analysis)...
[2026-05-02T03:51:20Z] [INFO] 📊 Cycle duration: 0.11s, Files generated: 0
[2026-05-02T03:51:20Z] [WARNING] ⚠️ Database not initialized for cycle counting
[2026-05-02T03:51:20Z] [INFO] 💾 Database updated with cycle results
[2026-05-02T03:51:20Z] [SECTION] ============================================================
[2026-05-02T03:51:20Z] [INFO] 🔮 PHASE: HIDDEN LAYERING DETECTION
[2026-05-02T03:51:20Z] [INFO] 🔗 Hidden layering detection complete. Connections identified: 2
[2026-05-02T03:51:20Z] [SECTION] ============================================================
[2026-05-02T03:51:20Z] [INFO] 🔬 PHASE: DOMAIN CORRELATION ANALYSIS
[2026-05-02T03:51:20Z] [INFO] 📊 Domain correlation matrices created: 1
[2026-05-02T03:51:20Z] [SECTION] ============================================================
[2026-05-02T03:51:20Z] [INFO] 🖼️  PHASE: IMAGE-SEED ANALYSIS
[2026-05-02T03:51:20Z] [INFO] 📂 Image seed analysis bootstrapping from 5 images...
[2026-05-02T03:51:20Z] [SECTION] ============================================================
[2026-05-02T03:51:20Z] [INFO] 📤 PHASE: PUSH COMPONENTS TO TOLARIA
[2026-05-02T03:51:21Z] [INFO] 📦 Components pushed to Tolaria: 5
[2026-05-02T03:51:21Z] [SECTION] ============================================================
[2026-05-02T03:51:21Z] [INFO] 🧩 PHASE: COMPOSER - DOMAIN INTEGRATION SYNTHESIS
[2026-05-02T03:51:42Z] [INFO] 🎨 Domain integrations synthesized: 0
[2026-05-02T03:51:42Z] [SECTION] ============================================================
[2026-05-02T03:51:42Z] [INFO] 🚀 PHASE: ADVANCED OVERNIGHT LOOP
[2026-05-02T03:52:48Z] [INFO] 🔬 Advanced loop completed cycles: 0
[2026-05-02T03:52:48Z] [WARNING] ⚠️  Git commit skipped or failed (git not initialized?): Command '['git', '-C', '/home/avalonas/.hermes/gematria/unified_overnight_research', 'add', '.']' returned non-zero exit status 128.
[2026-05-02T03:52:48Z] [INFO] 
📊 CYCLE #25 SUMMARY
[2026-05-02T03:52:48Z] [INFO] ✅ Successful tasks: 7/7
[2026-05-02T03:52:48Z] [INFO] ⏱️  Cycle duration: 88.38s
[2026-05-02T03:52:48Z] [INFO]    ⚠️ task: result
[2026-05-02T03:52:48Z] [INFO]    ⚠️ task: result
[2026-05-02T03:52:48Z] [INFO]    ⚠️ task: result
[2026-05-02T03:52:48Z] [INFO]    ⚠️ task: result
[2026-05-02T03:52:48Z] [INFO]    ⚠️ task: result
[2026-05-02T03:52:48Z] [INFO]    ⚠️ task: result
[2026-05-02T03:52:48Z] [INFO]    ⚠️ task: result
[2026-05-02T03:52:48Z] [HEADER] ================================================================================
[2026-05-02T03:52:48Z] [INFO] 🔄 OVERNIGHT RESEARCH PIPELINE - CYCLE #26
[2026-05-02T03:52:48Z] [INFO] ================================================================================
[2026-05-02T03:52:48Z] [HEADER] ============================================================
[2026-05-02T03:52:48Z] [INFO] 🌙 STARTING OVERNIGHT RESEARCH CYCLE #26
[2026-05-02T03:52:48Z] [INFO] 🔍 Running overnight research protocol (web scraping + cross-symbol analysis)...
[2026-05-02T03:52:48Z] [INFO] 📊 Cycle duration: 0.10s, Files generated: 0
[2026-05-02T03:52:48Z] [WARNING] ⚠️ Database not initialized for cycle counting
[2026-05-02T03:52:48Z] [INFO] 💾 Database updated with cycle results
[2026-05-02T03:52:48Z] [SECTION] ============================================================
[2026-05-02T03:52:48Z] [INFO] 🔮 PHASE: HIDDEN LAYERING DETECTION
[2026-05-02T03:52:48Z] [INFO] 🔗 Hidden layering detection complete. Connections identified: 2
[2026-05-02T03:52:48Z] [SECTION] ============================================================
[2026-05-02T03:52:48Z] [INFO] 🔬 PHASE: DOMAIN CORRELATION ANALYSIS
[2026-05-02T03:52:48Z] [INFO] 📊 Domain correlation matrices created: 1
[2026-05-02T03:52:48Z] [SECTION] ============================================================
[2026-05-02T03:52:48Z] [INFO] 🖼️  PHASE: IMAGE-SEED ANALYSIS
[2026-05-02T03:52:48Z] [INFO] 📂 Image seed analysis bootstrapping from 5 images...
[2026-05-02T03:52:48Z] [SECTION] ============================================================
[2026-05-02T03:52:48Z] [INFO] 📤 PHASE: PUSH COMPONENTS TO TOLARIA
[2026-05-02T03:52:51Z] [INFO] 📦 Components pushed to Tolaria: 5
[2026-05-02T03:52:51Z] [SECTION] ============================================================
[2026-05-02T03:52:51Z] [INFO] 🧩 PHASE: COMPOSER - DOMAIN INTEGRATION SYNTHESIS
[2026-05-02T03:53:11Z] [INFO] 🎨 Domain integrations synthesized: 0
[2026-05-02T03:53:11Z] [SECTION] ============================================================
[2026-05-02T03:53:11Z] [INFO] 🚀 PHASE: ADVANCED OVERNIGHT LOOP
[2026-05-02T03:54:17Z] [INFO] 🔬 Advanced loop completed cycles: 0
[2026-05-02T03:54:17Z] [WARNING] ⚠️  Git commit skipped or failed (git not initialized?): Command '['git', '-C', '/home/avalonas/.hermes/gematria/unified_overnight_research', 'add', '.']' returned non-zero exit status 128.
[2026-05-02T03:54:17Z] [INFO] 
📊 CYCLE #26 SUMMARY
[2026-05-02T03:54:17Z] [INFO] ✅ Successful tasks: 7/7
[2026-05-02T03:54:17Z] [INFO] ⏱️  Cycle duration: 88.62s
[2026-05-02T03:54:17Z] [INFO]    ⚠️ task: result
[2026-05-02T03:54:17Z] [INFO]    ⚠️ task: result
[2026-05-02T03:54:17Z] [INFO]    ⚠️ task: result
[2026-05-02T03:54:17Z] [INFO]    ⚠️ task: result
[2026-05-02T03:54:17Z] [INFO]    ⚠️ task: result
[2026-05-02T03:54:17Z] [INFO]    ⚠️ task: result
[2026-05-02T03:54:17Z] [INFO]    ⚠️ task: result
[2026-05-02T03:54:17Z] [HEADER] ================================================================================
[2026-05-02T03:54:17Z] [INFO] 🔄 OVERNIGHT RESEARCH PIPELINE - CYCLE #27
[2026-05-02T03:54:17Z] [INFO] ================================================================================
[2026-05-02T03:54:17Z] [HEADER] ============================================================
[2026-05-02T03:54:17Z] [INFO] 🌙 STARTING OVERNIGHT RESEARCH CYCLE #27
[2026-05-02T03:54:17Z] [INFO] 🔍 Running overnight research protocol (web scraping + cross-symbol analysis)...
[2026-05-02T03:54:17Z] [INFO] 📊 Cycle duration: 0.10s, Files generated: 0
[2026-05-02T03:54:17Z] [WARNING] ⚠️ Database not initialized for cycle counting
[2026-05-02T03:54:17Z] [INFO] 💾 Database updated with cycle results
[2026-05-02T03:54:17Z] [SECTION] ============================================================
[2026-05-02T03:54:17Z] [INFO] 🔮 PHASE: HIDDEN LAYERING DETECTION
[2026-05-02T03:54:17Z] [INFO] 🔗 Hidden layering detection complete. Connections identified: 2
[2026-05-02T03:54:17Z] [SECTION] ============================================================
[2026-05-02T03:54:17Z] [INFO] 🔬 PHASE: DOMAIN CORRELATION ANALYSIS
[2026-05-02T03:54:17Z] [INFO] 📊 Domain correlation matrices created: 1
[2026-05-02T03:54:17Z] [SECTION] ============================================================
[2026-05-02T03:54:17Z] [INFO] 🖼️  PHASE: IMAGE-SEED ANALYSIS
[2026-05-02T03:54:17Z] [INFO] 📂 Image seed analysis bootstrapping from 5 images...
[2026-05-02T03:54:17Z] [SECTION] ============================================================
[2026-05-02T03:54:17Z] [INFO] 📤 PHASE: PUSH COMPONENTS TO TOLARIA
[2026-05-02T03:54:18Z] [INFO] 📦 Components pushed to Tolaria: 5
[2026-05-02T03:54:18Z] [SECTION] ============================================================
[2026-05-02T03:54:18Z] [INFO] 🧩 PHASE: COMPOSER - DOMAIN INTEGRATION SYNTHESIS
[2026-05-02T03:54:39Z] [INFO] 🎨 Domain integrations synthesized: 0
[2026-05-02T03:54:39Z] [SECTION] ============================================================
[2026-05-02T03:54:39Z] [INFO] 🚀 PHASE: ADVANCED OVERNIGHT LOOP
[2026-05-02T03:55:38Z] [INFO] 🔬 Advanced loop completed cycles: 0
[2026-05-02T03:55:38Z] [WARNING] ⚠️  Git commit skipped or failed (git not initialized?): Command '['git', '-C', '/home/avalonas/.hermes/gematria/unified_overnight_research', 'add', '.']' returned non-zero exit status 128.
[2026-05-02T03:55:38Z] [INFO] 
📊 CYCLE #27 SUMMARY
[2026-05-02T03:55:38Z] [INFO] ✅ Successful tasks: 7/7
[2026-05-02T03:55:38Z] [INFO] ⏱️  Cycle duration: 81.33s
[2026-05-02T03:55:38Z] [INFO]    ⚠️ task: result
[2026-05-02T03:55:38Z] [INFO]    ⚠️ task: result
[2026-05-02T03:55:38Z] [INFO]    ⚠️ task: result
[2026-05-02T03:55:38Z] [INFO]    ⚠️ task: result
[2026-05-02T03:55:38Z] [INFO]    ⚠️ task: result
[2026-05-02T03:55:38Z] [INFO]    ⚠️ task: result
[2026-05-02T03:55:38Z] [INFO]    ⚠️ task: result
[2026-05-02T03:55:38Z] [HEADER] ================================================================================
[2026-05-02T03:55:38Z] [INFO] 🔄 OVERNIGHT RESEARCH PIPELINE - CYCLE #28
[2026-05-02T03:55:38Z] [INFO] ================================================================================
[2026-05-02T03:55:38Z] [HEADER] ============================================================
[2026-05-02T03:55:38Z] [INFO] 🌙 STARTING OVERNIGHT RESEARCH CYCLE #28
[2026-05-02T03:55:38Z] [INFO] 🔍 Running overnight research protocol (web scraping + cross-symbol analysis)...
[2026-05-02T03:55:38Z] [INFO] 📊 Cycle duration: 0.13s, Files generated: 0
[2026-05-02T03:55:38Z] [WARNING] ⚠️ Database not initialized for cycle counting
[2026-05-02T03:55:38Z] [INFO] 💾 Database updated with cycle results
[2026-05-02T03:55:38Z] [SECTION] ============================================================
[2026-05-02T03:55:38Z] [INFO] 🔮 PHASE: HIDDEN LAYERING DETECTION
[2026-05-02T03:55:38Z] [INFO] 🔗 Hidden layering detection complete. Connections identified: 2
[2026-05-02T03:55:38Z] [SECTION] ============================================================
[2026-05-02T03:55:38Z] [INFO] 🔬 PHASE: DOMAIN CORRELATION ANALYSIS
[2026-05-02T03:55:38Z] [INFO] 📊 Domain correlation matrices created: 1
[2026-05-02T03:55:38Z] [SECTION] ============================================================
[2026-05-02T03:55:38Z] [INFO] 🖼️  PHASE: IMAGE-SEED ANALYSIS
[2026-05-02T03:55:38Z] [INFO] 📂 Image seed analysis bootstrapping from 5 images...
[2026-05-02T03:55:38Z] [SECTION] ============================================================
[2026-05-02T03:55:38Z] [INFO] 📤 PHASE: PUSH COMPONENTS TO TOLARIA
[2026-05-02T03:55:39Z] [INFO] 📦 Components pushed to Tolaria: 5
[2026-05-02T03:55:39Z] [SECTION] ============================================================
[2026-05-02T03:55:39Z] [INFO] 🧩 PHASE: COMPOSER - DOMAIN INTEGRATION SYNTHESIS
[2026-05-02T03:56:01Z] [INFO] 🎨 Domain integrations synthesized: 0
[2026-05-02T03:56:01Z] [SECTION] ============================================================
[2026-05-02T03:56:01Z] [INFO] 🚀 PHASE: ADVANCED OVERNIGHT LOOP
[2026-05-02T03:57:08Z] [INFO] 🔬 Advanced loop completed cycles: 0
[2026-05-02T03:57:08Z] [WARNING] ⚠️  Git commit skipped or failed (git not initialized?): Command '['git', '-C', '/home/avalonas/.hermes/gematria/unified_overnight_research', 'add', '.']' returned non-zero exit status 128.
[2026-05-02T03:57:08Z] [INFO] 
📊 CYCLE #28 SUMMARY
[2026-05-02T03:57:08Z] [INFO] ✅ Successful tasks: 7/7
[2026-05-02T03:57:08Z] [INFO] ⏱️  Cycle duration: 89.54s
[2026-05-02T03:57:08Z] [INFO]    ⚠️ task: result
[2026-05-02T03:57:08Z] [INFO]    ⚠️ task: result
[2026-05-02T03:57:08Z] [INFO]    ⚠️ task: result
[2026-05-02T03:57:08Z] [INFO]    ⚠️ task: result
[2026-05-02T03:57:08Z] [INFO]    ⚠️ task: result
[2026-05-02T03:57:08Z] [INFO]    ⚠️ task: result
[2026-05-02T03:57:08Z] [INFO]    ⚠️ task: result
[2026-05-02T03:57:08Z] [HEADER] ================================================================================
[2026-05-02T03:57:08Z] [INFO] 🔄 OVERNIGHT RESEARCH PIPELINE - CYCLE #29
[2026-05-02T03:57:08Z] [INFO] ================================================================================
[2026-05-02T03:57:08Z] [HEADER] ============================================================
[2026-05-02T03:57:08Z] [INFO] 🌙 STARTING OVERNIGHT RESEARCH CYCLE #29
[2026-05-02T03:57:08Z] [INFO] 🔍 Running overnight research protocol (web scraping + cross-symbol analysis)...
[2026-05-02T03:57:08Z] [INFO] 📊 Cycle duration: 0.10s, Files generated: 0
[2026-05-02T03:57:08Z] [WARNING] ⚠️ Database not initialized for cycle counting
[2026-05-02T03:57:08Z] [INFO] 💾 Database updated with cycle results
[2026-05-02T03:57:08Z] [SECTION] ============================================================
[2026-05-02T03:57:08Z] [INFO] 🔮 PHASE: HIDDEN LAYERING DETECTION
[2026-05-02T03:57:08Z] [INFO] 🔗 Hidden layering detection complete. Connections identified: 2
[2026-05-02T03:57:08Z] [SECTION] ============================================================
[2026-05-02T03:57:08Z] [INFO] 🔬 PHASE: DOMAIN CORRELATION ANALYSIS
[2026-05-02T03:57:08Z] [INFO] 📊 Domain correlation matrices created: 1
[2026-05-02T03:57:08Z] [SECTION] ============================================================
[2026-05-02T03:57:08Z] [INFO] 🖼️  PHASE: IMAGE-SEED ANALYSIS
[2026-05-02T03:57:08Z] [INFO] 📂 Image seed analysis bootstrapping from 5 images...
[2026-05-02T03:57:08Z] [SECTION] ============================================================
[2026-05-02T03:57:08Z] [INFO] 📤 PHASE: PUSH COMPONENTS TO TOLARIA
[2026-05-02T03:57:09Z] [INFO] 📦 Components pushed to Tolaria: 5
[2026-05-02T03:57:09Z] [SECTION] ============================================================
[2026-05-02T03:57:09Z] [INFO] 🧩 PHASE: COMPOSER - DOMAIN INTEGRATION SYNTHESIS
[2026-05-02T03:57:30Z] [INFO] 🎨 Domain integrations synthesized: 0
[2026-05-02T03:57:30Z] [SECTION] ============================================================
[2026-05-02T03:57:30Z] [INFO] 🚀 PHASE: ADVANCED OVERNIGHT LOOP
[2026-05-02T03:58:38Z] [INFO] 🔬 Advanced loop completed cycles: 0
[2026-05-02T03:58:38Z] [WARNING] ⚠️  Git commit skipped or failed (git not initialized?): Command '['git', '-C', '/home/avalonas/.hermes/gematria/unified_overnight_research', 'add', '.']' returned non-zero exit status 128.
[2026-05-02T03:58:38Z] [INFO] 
📊 CYCLE #29 SUMMARY
[2026-05-02T03:58:38Z] [INFO] ✅ Successful tasks: 7/7
[2026-05-02T03:58:38Z] [INFO] ⏱️  Cycle duration: 90.12s
[2026-05-02T03:58:38Z] [INFO]    ⚠️ task: result
[2026-05-02T03:58:38Z] [INFO]    ⚠️ task: result
[2026-05-02T03:58:38Z] [INFO]    ⚠️ task: result
[2026-05-02T03:58:38Z] [INFO]    ⚠️ task: result
[2026-05-02T03:58:38Z] [INFO]    ⚠️ task: result
[2026-05-02T03:58:38Z] [INFO]    ⚠️ task: result
[2026-05-02T03:58:38Z] [INFO]    ⚠️ task: result
[2026-05-02T03:58:38Z] [HEADER] ================================================================================
[2026-05-02T03:58:38Z] [INFO] 🔄 OVERNIGHT RESEARCH PIPELINE - CYCLE #30
[2026-05-02T03:58:38Z] [INFO] ================================================================================
[2026-05-02T03:58:38Z] [HEADER] ============================================================
[2026-05-02T03:58:38Z] [INFO] 🌙 STARTING OVERNIGHT RESEARCH CYCLE #30
[2026-05-02T03:58:38Z] [INFO] 🔍 Running overnight research protocol (web scraping + cross-symbol analysis)...
[2026-05-02T03:58:38Z] [INFO] 📊 Cycle duration: 0.10s, Files generated: 0
[2026-05-02T03:58:38Z] [WARNING] ⚠️ Database not initialized for cycle counting
[2026-05-02T03:58:38Z] [INFO] 💾 Database updated with cycle results
[2026-05-02T03:58:38Z] [SECTION] ============================================================
[2026-05-02T03:58:38Z] [INFO] 🔮 PHASE: HIDDEN LAYERING DETECTION
[2026-05-02T03:58:38Z] [INFO] 🔗 Hidden layering detection complete. Connections identified: 2
[2026-05-02T03:58:38Z] [SECTION] ============================================================
[2026-05-02T03:58:38Z] [INFO] 🔬 PHASE: DOMAIN CORRELATION ANALYSIS
[2026-05-02T03:58:38Z] [INFO] 📊 Domain correlation matrices created: 1
[2026-05-02T03:58:38Z] [SECTION] ============================================================
[2026-05-02T03:58:38Z] [INFO] 🖼️  PHASE: IMAGE-SEED ANALYSIS
[2026-05-02T03:58:38Z] [INFO] 📂 Image seed analysis bootstrapping from 5 images...
[2026-05-02T03:58:38Z] [SECTION] ============================================================
[2026-05-02T03:58:38Z] [INFO] 📤 PHASE: PUSH COMPONENTS TO TOLARIA
[2026-05-02T03:58:39Z] [INFO] 📦 Components pushed to Tolaria: 5
[2026-05-02T03:58:39Z] [SECTION] ============================================================
[2026-05-02T03:58:39Z] [INFO] 🧩 PHASE: COMPOSER - DOMAIN INTEGRATION SYNTHESIS
[2026-05-02T03:59:00Z] [INFO] 🎨 Domain integrations synthesized: 0
[2026-05-02T03:59:00Z] [SECTION] ============================================================
[2026-05-02T03:59:00Z] [INFO] 🚀 PHASE: ADVANCED OVERNIGHT LOOP
[2026-05-02T04:00:04Z] [INFO] 🔬 Advanced loop completed cycles: 0
[2026-05-02T04:00:04Z] [WARNING] ⚠️  Git commit skipped or failed (git not initialized?): Command '['git', '-C', '/home/avalonas/.hermes/gematria/unified_overnight_research', 'add', '.']' returned non-zero exit status 128.
[2026-05-02T04:00:04Z] [INFO] 
📊 CYCLE #30 SUMMARY
[2026-05-02T04:00:04Z] [INFO] ✅ Successful tasks: 7/7
[2026-05-02T04:00:04Z] [INFO] ⏱️  Cycle duration: 86.37s
[2026-05-02T04:00:04Z] [INFO]    ⚠️ task: result
[2026-05-02T04:00:04Z] [INFO]    ⚠️ task: result
[2026-05-02T04:00:04Z] [INFO]    ⚠️ task: result
[2026-05-02T04:00:04Z] [INFO]    ⚠️ task: result
[2026-05-02T04:00:04Z] [INFO]    ⚠️ task: result
[2026-05-02T04:00:04Z] [INFO]    ⚠️ task: result
[2026-05-02T04:00:04Z] [INFO]    ⚠️ task: result
[2026-05-02T04:00:04Z] [HEADER] ================================================================================
[2026-05-02T04:00:04Z] [INFO] 🔄 OVERNIGHT RESEARCH PIPELINE - CYCLE #31
[2026-05-02T04:00:04Z] [INFO] ================================================================================
[2026-05-02T04:00:04Z] [HEADER] ============================================================
[2026-05-02T04:00:04Z] [INFO] 🌙 STARTING OVERNIGHT RESEARCH CYCLE #31
[2026-05-02T04:00:04Z] [INFO] 🔍 Running overnight research protocol (web scraping + cross-symbol analysis)...
[2026-05-02T04:00:04Z] [INFO] 📊 Cycle duration: 0.11s, Files generated: 0
[2026-05-02T04:00:04Z] [WARNING] ⚠️ Database not initialized for cycle counting
[2026-05-02T04:00:04Z] [INFO] 💾 Database updated with cycle results
[2026-05-02T04:00:04Z] [SECTION] ============================================================
[2026-05-02T04:00:04Z] [INFO] 🔮 PHASE: HIDDEN LAYERING DETECTION
[2026-05-02T04:00:04Z] [INFO] 🔗 Hidden layering detection complete. Connections identified: 2
[2026-05-02T04:00:04Z] [SECTION] ============================================================
[2026-05-02T04:00:04Z] [INFO] 🔬 PHASE: DOMAIN CORRELATION ANALYSIS
[2026-05-02T04:00:04Z] [INFO] 📊 Domain correlation matrices created: 1
[2026-05-02T04:00:04Z] [SECTION] ============================================================
[2026-05-02T04:00:04Z] [INFO] 🖼️  PHASE: IMAGE-SEED ANALYSIS
[2026-05-02T04:00:04Z] [INFO] 📂 Image seed analysis bootstrapping from 5 images...
[2026-05-02T04:00:04Z] [SECTION] ============================================================
[2026-05-02T04:00:04Z] [INFO] 📤 PHASE: PUSH COMPONENTS TO TOLARIA
[2026-05-02T04:00:05Z] [INFO] 📦 Components pushed to Tolaria: 5
[2026-05-02T04:00:05Z] [SECTION] ============================================================
[2026-05-02T04:00:05Z] [INFO] 🧩 PHASE: COMPOSER - DOMAIN INTEGRATION SYNTHESIS
[2026-05-02T04:00:27Z] [INFO] 🎨 Domain integrations synthesized: 0
[2026-05-02T04:00:27Z] [SECTION] ============================================================
[2026-05-02T04:00:27Z] [INFO] 🚀 PHASE: ADVANCED OVERNIGHT LOOP
[2026-05-02T04:01:33Z] [INFO] 🔬 Advanced loop completed cycles: 0
[2026-05-02T04:01:34Z] [WARNING] ⚠️  Git commit skipped or failed (git not initialized?): Command '['git', '-C', '/home/avalonas/.hermes/gematria/unified_overnight_research', 'add', '.']' returned non-zero exit status 128.
[2026-05-02T04:01:34Z] [INFO] 
📊 CYCLE #31 SUMMARY
[2026-05-02T04:01:34Z] [INFO] ✅ Successful tasks: 7/7
[2026-05-02T04:01:34Z] [INFO] ⏱️  Cycle duration: 89.37s
[2026-05-02T04:01:34Z] [INFO]    ⚠️ task: result
[2026-05-02T04:01:34Z] [INFO]    ⚠️ task: result
[2026-05-02T04:01:34Z] [INFO]    ⚠️ task: result
[2026-05-02T04:01:34Z] [INFO]    ⚠️ task: result
[2026-05-02T04:01:34Z] [INFO]    ⚠️ task: result
[2026-05-02T04:01:34Z] [INFO]    ⚠️ task: result
[2026-05-02T04:01:34Z] [INFO]    ⚠️ task: result
[2026-05-02T04:01:34Z] [HEADER] ================================================================================
[2026-05-02T04:01:34Z] [INFO] 🔄 OVERNIGHT RESEARCH PIPELINE - CYCLE #32
[2026-05-02T04:01:34Z] [INFO] ================================================================================
[2026-05-02T04:01:34Z] [HEADER] ============================================================
[2026-05-02T04:01:34Z] [INFO] 🌙 STARTING OVERNIGHT RESEARCH CYCLE #32
[2026-05-02T04:01:34Z] [INFO] 🔍 Running overnight research protocol (web scraping + cross-symbol analysis)...
[2026-05-02T04:01:34Z] [INFO] 📊 Cycle duration: 0.11s, Files generated: 0
[2026-05-02T04:01:34Z] [WARNING] ⚠️ Database not initialized for cycle counting
[2026-05-02T04:01:34Z] [INFO] 💾 Database updated with cycle results
[2026-05-02T04:01:34Z] [SECTION] ============================================================
[2026-05-02T04:01:34Z] [INFO] 🔮 PHASE: HIDDEN LAYERING DETECTION
[2026-05-02T04:01:34Z] [INFO] 🔗 Hidden layering detection complete. Connections identified: 2
[2026-05-02T04:01:34Z] [SECTION] ============================================================
[2026-05-02T04:01:34Z] [INFO] 🔬 PHASE: DOMAIN CORRELATION ANALYSIS
[2026-05-02T04:01:34Z] [INFO] 📊 Domain correlation matrices created: 1
[2026-05-02T04:01:34Z] [SECTION] ============================================================
[2026-05-02T04:01:34Z] [INFO] 🖼️  PHASE: IMAGE-SEED ANALYSIS
[2026-05-02T04:01:34Z] [INFO] 📂 Image seed analysis bootstrapping from 5 images...
[2026-05-02T04:01:34Z] [SECTION] ============================================================
[2026-05-02T04:01:34Z] [INFO] 📤 PHASE: PUSH COMPONENTS TO TOLARIA
[2026-05-02T04:01:34Z] [INFO] 📦 Components pushed to Tolaria: 5
[2026-05-02T04:01:34Z] [SECTION] ============================================================
[2026-05-02T04:01:34Z] [INFO] 🧩 PHASE: COMPOSER - DOMAIN INTEGRATION SYNTHESIS
[2026-05-02T04:01:56Z] [INFO] 🎨 Domain integrations synthesized: 0
[2026-05-02T04:01:56Z] [SECTION] ============================================================
[2026-05-02T04:01:56Z] [INFO] 🚀 PHASE: ADVANCED OVERNIGHT LOOP
[2026-05-02T04:03:03Z] [INFO] 🔬 Advanced loop completed cycles: 0
[2026-05-02T04:03:03Z] [WARNING] ⚠️  Git commit skipped or failed (git not initialized?): Command '['git', '-C', '/home/avalonas/.hermes/gematria/unified_overnight_research', 'add', '.']' returned non-zero exit status 128.
[2026-05-02T04:03:03Z] [INFO] 
📊 CYCLE #32 SUMMARY
[2026-05-02T04:03:03Z] [INFO] ✅ Successful tasks: 7/7
[2026-05-02T04:03:03Z] [INFO] ⏱️  Cycle duration: 89.75s
[2026-05-02T04:03:03Z] [INFO]    ⚠️ task: result
[2026-05-02T04:03:03Z] [INFO]    ⚠️ task: result
[2026-05-02T04:03:03Z] [INFO]    ⚠️ task: result
[2026-05-02T04:03:03Z] [INFO]    ⚠️ task: result
[2026-05-02T04:03:03Z] [INFO]    ⚠️ task: result
[2026-05-02T04:03:03Z] [INFO]    ⚠️ task: result
[2026-05-02T04:03:03Z] [INFO]    ⚠️ task: result
[2026-05-02T04:03:03Z] [HEADER] ================================================================================
[2026-05-02T04:03:03Z] [INFO] 🔄 OVERNIGHT RESEARCH PIPELINE - CYCLE #33
[2026-05-02T04:03:03Z] [INFO] ================================================================================
[2026-05-02T04:03:03Z] [HEADER] ============================================================
[2026-05-02T04:03:03Z] [INFO] 🌙 STARTING OVERNIGHT RESEARCH CYCLE #33
[2026-05-02T04:03:03Z] [INFO] 🔍 Running overnight research protocol (web scraping + cross-symbol analysis)...
[2026-05-02T04:03:03Z] [INFO] 📊 Cycle duration: 0.10s, Files generated: 0
[2026-05-02T04:03:03Z] [WARNING] ⚠️ Database not initialized for cycle counting
[2026-05-02T04:03:03Z] [INFO] 💾 Database updated with cycle results
[2026-05-02T04:03:03Z] [SECTION] ============================================================
[2026-05-02T04:03:03Z] [INFO] 🔮 PHASE: HIDDEN LAYERING DETECTION
[2026-05-02T04:03:03Z] [INFO] 🔗 Hidden layering detection complete. Connections identified: 2
[2026-05-02T04:03:03Z] [SECTION] ============================================================
[2026-05-02T04:03:03Z] [INFO] 🔬 PHASE: DOMAIN CORRELATION ANALYSIS
[2026-05-02T04:03:03Z] [INFO] 📊 Domain correlation matrices created: 1
[2026-05-02T04:03:03Z] [SECTION] ============================================================
[2026-05-02T04:03:03Z] [INFO] 🖼️  PHASE: IMAGE-SEED ANALYSIS
[2026-05-02T04:03:03Z] [INFO] 📂 Image seed analysis bootstrapping from 5 images...
[2026-05-02T04:03:03Z] [SECTION] ============================================================
[2026-05-02T04:03:03Z] [INFO] 📤 PHASE: PUSH COMPONENTS TO TOLARIA
[2026-05-02T04:03:04Z] [INFO] 📦 Components pushed to Tolaria: 5
[2026-05-02T04:03:04Z] [SECTION] ============================================================
[2026-05-02T04:03:04Z] [INFO] 🧩 PHASE: COMPOSER - DOMAIN INTEGRATION SYNTHESIS
[2026-05-02T04:03:26Z] [INFO] 🎨 Domain integrations synthesized: 0
[2026-05-02T04:03:26Z] [SECTION] ============================================================
[2026-05-02T04:03:26Z] [INFO] 🚀 PHASE: ADVANCED OVERNIGHT LOOP
[2026-05-02T04:04:32Z] [INFO] 🔬 Advanced loop completed cycles: 0
[2026-05-02T04:04:33Z] [WARNING] ⚠️  Git commit skipped or failed (git not initialized?): Command '['git', '-C', '/home/avalonas/.hermes/gematria/unified_overnight_research', 'add', '.']' returned non-zero exit status 128.
[2026-05-02T04:04:33Z] [INFO] 
📊 CYCLE #33 SUMMARY
[2026-05-02T04:04:33Z] [INFO] ✅ Successful tasks: 7/7
[2026-05-02T04:04:33Z] [INFO] ⏱️  Cycle duration: 89.25s
[2026-05-02T04:04:33Z] [INFO]    ⚠️ task: result
[2026-05-02T04:04:33Z] [INFO]    ⚠️ task: result
[2026-05-02T04:04:33Z] [INFO]    ⚠️ task: result
[2026-05-02T04:04:33Z] [INFO]    ⚠️ task: result
[2026-05-02T04:04:33Z] [INFO]    ⚠️ task: result
[2026-05-02T04:04:33Z] [INFO]    ⚠️ task: result
[2026-05-02T04:04:33Z] [INFO]    ⚠️ task: result
[2026-05-02T04:04:33Z] [HEADER] ================================================================================
[2026-05-02T04:04:33Z] [INFO] 🔄 OVERNIGHT RESEARCH PIPELINE - CYCLE #34
[2026-05-02T04:04:33Z] [INFO] ================================================================================
[2026-05-02T04:04:33Z] [HEADER] ============================================================
[2026-05-02T04:04:33Z] [INFO] 🌙 STARTING OVERNIGHT RESEARCH CYCLE #34
[2026-05-02T04:04:33Z] [INFO] 🔍 Running overnight research protocol (web scraping + cross-symbol analysis)...
[2026-05-02T04:04:33Z] [INFO] 📊 Cycle duration: 0.12s, Files generated: 0
[2026-05-02T04:04:33Z] [WARNING] ⚠️ Database not initialized for cycle counting
[2026-05-02T04:04:33Z] [INFO] 💾 Database updated with cycle results
[2026-05-02T04:04:33Z] [SECTION] ============================================================
[2026-05-02T04:04:33Z] [INFO] 🔮 PHASE: HIDDEN LAYERING DETECTION
[2026-05-02T04:04:33Z] [INFO] 🔗 Hidden layering detection complete. Connections identified: 2
[2026-05-02T04:04:33Z] [SECTION] ============================================================
[2026-05-02T04:04:33Z] [INFO] 🔬 PHASE: DOMAIN CORRELATION ANALYSIS
[2026-05-02T04:04:33Z] [INFO] 📊 Domain correlation matrices created: 1
[2026-05-02T04:04:33Z] [SECTION] ============================================================
[2026-05-02T04:04:33Z] [INFO] 🖼️  PHASE: IMAGE-SEED ANALYSIS
[2026-05-02T04:04:33Z] [INFO] 📂 Image seed analysis bootstrapping from 5 images...
[2026-05-02T04:04:33Z] [SECTION] ============================================================
[2026-05-02T04:04:33Z] [INFO] 📤 PHASE: PUSH COMPONENTS TO TOLARIA
[2026-05-02T04:04:34Z] [INFO] 📦 Components pushed to Tolaria: 5
[2026-05-02T04:04:34Z] [SECTION] ============================================================
[2026-05-02T04:04:34Z] [INFO] 🧩 PHASE: COMPOSER - DOMAIN INTEGRATION SYNTHESIS
[2026-05-02T04:04:55Z] [INFO] 🎨 Domain integrations synthesized: 0
[2026-05-02T04:04:55Z] [SECTION] ============================================================
[2026-05-02T04:04:55Z] [INFO] 🚀 PHASE: ADVANCED OVERNIGHT LOOP
[2026-05-02T04:06:02Z] [INFO] 🔬 Advanced loop completed cycles: 0
[2026-05-02T04:06:02Z] [WARNING] ⚠️  Git commit skipped or failed (git not initialized?): Command '['git', '-C', '/home/avalonas/.hermes/gematria/unified_overnight_research', 'add', '.']' returned non-zero exit status 128.
[2026-05-02T04:06:02Z] [INFO] 
📊 CYCLE #34 SUMMARY
[2026-05-02T04:06:02Z] [INFO] ✅ Successful tasks: 7/7
[2026-05-02T04:06:02Z] [INFO] ⏱️  Cycle duration: 89.14s
[2026-05-02T04:06:02Z] [INFO]    ⚠️ task: result
[2026-05-02T04:06:02Z] [INFO]    ⚠️ task: result
[2026-05-02T04:06:02Z] [INFO]    ⚠️ task: result
[2026-05-02T04:06:02Z] [INFO]    ⚠️ task: result
[2026-05-02T04:06:02Z] [INFO]    ⚠️ task: result
[2026-05-02T04:06:02Z] [INFO]    ⚠️ task: result
[2026-05-02T04:06:02Z] [INFO]    ⚠️ task: result
[2026-05-02T04:06:02Z] [HEADER] ================================================================================
[2026-05-02T04:06:02Z] [INFO] 🔄 OVERNIGHT RESEARCH PIPELINE - CYCLE #35
[2026-05-02T04:06:02Z] [INFO] ================================================================================
[2026-05-02T04:06:02Z] [HEADER] ============================================================
[2026-05-02T04:06:02Z] [INFO] 🌙 STARTING OVERNIGHT RESEARCH CYCLE #35
[2026-05-02T04:06:02Z] [INFO] 🔍 Running overnight research protocol (web scraping + cross-symbol analysis)...
[2026-05-02T04:06:02Z] [INFO] 📊 Cycle duration: 0.10s, Files generated: 0
[2026-05-02T04:06:02Z] [WARNING] ⚠️ Database not initialized for cycle counting
[2026-05-02T04:06:02Z] [INFO] 💾 Database updated with cycle results
[2026-05-02T04:06:02Z] [SECTION] ============================================================
[2026-05-02T04:06:02Z] [INFO] 🔮 PHASE: HIDDEN LAYERING DETECTION
[2026-05-02T04:06:02Z] [INFO] 🔗 Hidden layering detection complete. Connections identified: 2
[2026-05-02T04:06:02Z] [SECTION] ============================================================
[2026-05-02T04:06:02Z] [INFO] 🔬 PHASE: DOMAIN CORRELATION ANALYSIS
[2026-05-02T04:06:02Z] [INFO] 📊 Domain correlation matrices created: 1
[2026-05-02T04:06:02Z] [SECTION] ============================================================
[2026-05-02T04:06:02Z] [INFO] 🖼️  PHASE: IMAGE-SEED ANALYSIS
[2026-05-02T04:06:02Z] [INFO] 📂 Image seed analysis bootstrapping from 5 images...
[2026-05-02T04:06:02Z] [SECTION] ============================================================
[2026-05-02T04:06:02Z] [INFO] 📤 PHASE: PUSH COMPONENTS TO TOLARIA
[2026-05-02T04:06:03Z] [INFO] 📦 Components pushed to Tolaria: 5
[2026-05-02T04:06:03Z] [SECTION] ============================================================
[2026-05-02T04:06:03Z] [INFO] 🧩 PHASE: COMPOSER - DOMAIN INTEGRATION SYNTHESIS
[2026-05-02T04:06:24Z] [INFO] 🎨 Domain integrations synthesized: 0
[2026-05-02T04:06:24Z] [SECTION] ============================================================
[2026-05-02T04:06:24Z] [INFO] 🚀 PHASE: ADVANCED OVERNIGHT LOOP
[2026-05-02T04:07:31Z] [INFO] 🔬 Advanced loop completed cycles: 0
[2026-05-02T04:07:31Z] [WARNING] ⚠️  Git commit skipped or failed (git not initialized?): Command '['git', '-C', '/home/avalonas/.hermes/gematria/unified_overnight_research', 'add', '.']' returned non-zero exit status 128.
[2026-05-02T04:07:31Z] [INFO] 
📊 CYCLE #35 SUMMARY
[2026-05-02T04:07:31Z] [INFO] ✅ Successful tasks: 7/7
[2026-05-02T04:07:31Z] [INFO] ⏱️  Cycle duration: 89.11s
[2026-05-02T04:07:31Z] [INFO]    ⚠️ task: result
[2026-05-02T04:07:31Z] [INFO]    ⚠️ task: result
[2026-05-02T04:07:31Z] [INFO]    ⚠️ task: result
[2026-05-02T04:07:31Z] [INFO]    ⚠️ task: result
[2026-05-02T04:07:31Z] [INFO]    ⚠️ task: result
[2026-05-02T04:07:31Z] [INFO]    ⚠️ task: result
[2026-05-02T04:07:31Z] [INFO]    ⚠️ task: result
[2026-05-02T04:07:31Z] [HEADER] ================================================================================
[2026-05-02T04:07:31Z] [INFO] 🔄 OVERNIGHT RESEARCH PIPELINE - CYCLE #36
[2026-05-02T04:07:31Z] [INFO] ================================================================================
[2026-05-02T04:07:31Z] [HEADER] ============================================================
[2026-05-02T04:07:31Z] [INFO] 🌙 STARTING OVERNIGHT RESEARCH CYCLE #36
[2026-05-02T04:07:31Z] [INFO] 🔍 Running overnight research protocol (web scraping + cross-symbol analysis)...
[2026-05-02T04:07:31Z] [INFO] 📊 Cycle duration: 0.12s, Files generated: 0
[2026-05-02T04:07:31Z] [WARNING] ⚠️ Database not initialized for cycle counting
[2026-05-02T04:07:31Z] [INFO] 💾 Database updated with cycle results
[2026-05-02T04:07:31Z] [SECTION] ============================================================
[2026-05-02T04:07:31Z] [INFO] 🔮 PHASE: HIDDEN LAYERING DETECTION
[2026-05-02T04:07:31Z] [INFO] 🔗 Hidden layering detection complete. Connections identified: 2
[2026-05-02T04:07:31Z] [SECTION] ============================================================
[2026-05-02T04:07:31Z] [INFO] 🔬 PHASE: DOMAIN CORRELATION ANALYSIS
[2026-05-02T04:07:31Z] [INFO] 📊 Domain correlation matrices created: 2
[2026-05-02T04:07:31Z] [SECTION] ============================================================
[2026-05-02T04:07:31Z] [INFO] 🖼️  PHASE: IMAGE-SEED ANALYSIS
[2026-05-02T04:07:31Z] [INFO] 📂 Image seed analysis bootstrapping from 5 images...
[2026-05-02T04:07:31Z] [SECTION] ============================================================
[2026-05-02T04:07:31Z] [INFO] 📤 PHASE: PUSH COMPONENTS TO TOLARIA
[2026-05-02T04:07:32Z] [INFO] 📦 Components pushed to Tolaria: 5
[2026-05-02T04:07:32Z] [SECTION] ============================================================
[2026-05-02T04:07:32Z] [INFO] 🧩 PHASE: COMPOSER - DOMAIN INTEGRATION SYNTHESIS
[2026-05-02T04:07:53Z] [INFO] 🎨 Domain integrations synthesized: 0
[2026-05-02T04:07:53Z] [SECTION] ============================================================
[2026-05-02T04:07:53Z] [INFO] 🚀 PHASE: ADVANCED OVERNIGHT LOOP
[2026-05-02T04:09:00Z] [INFO] 🔬 Advanced loop completed cycles: 0
[2026-05-02T04:09:00Z] [WARNING] ⚠️  Git commit skipped or failed (git not initialized?): Command '['git', '-C', '/home/avalonas/.hermes/gematria/unified_overnight_research', 'add', '.']' returned non-zero exit status 128.
[2026-05-02T04:09:00Z] [INFO] 
📊 CYCLE #36 SUMMARY
[2026-05-02T04:09:00Z] [INFO] ✅ Successful tasks: 7/7
[2026-05-02T04:09:00Z] [INFO] ⏱️  Cycle duration: 89.38s
[2026-05-02T04:09:00Z] [INFO]    ⚠️ task: result
[2026-05-02T04:09:00Z] [INFO]    ⚠️ task: result
[2026-05-02T04:09:00Z] [INFO]    ⚠️ task: result
[2026-05-02T04:09:00Z] [INFO]    ⚠️ task: result
[2026-05-02T04:09:00Z] [INFO]    ⚠️ task: result
[2026-05-02T04:09:00Z] [INFO]    ⚠️ task: result
[2026-05-02T04:09:00Z] [INFO]    ⚠️ task: result
[2026-05-02T04:09:00Z] [HEADER] ================================================================================
[2026-05-02T04:09:00Z] [INFO] 🔄 OVERNIGHT RESEARCH PIPELINE - CYCLE #37
[2026-05-02T04:09:00Z] [INFO] ================================================================================
[2026-05-02T04:09:00Z] [HEADER] ============================================================
[2026-05-02T04:09:00Z] [INFO] 🌙 STARTING OVERNIGHT RESEARCH CYCLE #37
[2026-05-02T04:09:00Z] [INFO] 🔍 Running overnight research protocol (web scraping + cross-symbol analysis)...
[2026-05-02T04:09:00Z] [INFO] 📊 Cycle duration: 0.10s, Files generated: 0
[2026-05-02T04:09:00Z] [WARNING] ⚠️ Database not initialized for cycle counting
[2026-05-02T04:09:00Z] [INFO] 💾 Database updated with cycle results
[2026-05-02T04:09:00Z] [SECTION] ============================================================
[2026-05-02T04:09:00Z] [INFO] 🔮 PHASE: HIDDEN LAYERING DETECTION
[2026-05-02T04:09:00Z] [INFO] 🔗 Hidden layering detection complete. Connections identified: 2
[2026-05-02T04:09:00Z] [SECTION] ============================================================
[2026-05-02T04:09:00Z] [INFO] 🔬 PHASE: DOMAIN CORRELATION ANALYSIS
[2026-05-02T04:09:00Z] [INFO] 📊 Domain correlation matrices created: 2
[2026-05-02T04:09:00Z] [SECTION] ============================================================
[2026-05-02T04:09:00Z] [INFO] 🖼️  PHASE: IMAGE-SEED ANALYSIS
[2026-05-02T04:09:00Z] [INFO] 📂 Image seed analysis bootstrapping from 5 images...
[2026-05-02T04:09:00Z] [SECTION] ============================================================
[2026-05-02T04:09:00Z] [INFO] 📤 PHASE: PUSH COMPONENTS TO TOLARIA
[2026-05-02T04:09:01Z] [INFO] 📦 Components pushed to Tolaria: 5
[2026-05-02T04:09:01Z] [SECTION] ============================================================
[2026-05-02T04:09:01Z] [INFO] 🧩 PHASE: COMPOSER - DOMAIN INTEGRATION SYNTHESIS
[2026-05-02T04:09:23Z] [INFO] 🎨 Domain integrations synthesized: 0
[2026-05-02T04:09:23Z] [SECTION] ============================================================
[2026-05-02T04:09:23Z] [INFO] 🚀 PHASE: ADVANCED OVERNIGHT LOOP
[2026-05-02T04:10:29Z] [INFO] 🔬 Advanced loop completed cycles: 0
[2026-05-02T04:10:29Z] [WARNING] ⚠️  Git commit skipped or failed (git not initialized?): Command '['git', '-C', '/home/avalonas/.hermes/gematria/unified_overnight_research', 'add', '.']' returned non-zero exit status 128.
[2026-05-02T04:10:29Z] [INFO] 
📊 CYCLE #37 SUMMARY
[2026-05-02T04:10:29Z] [INFO] ✅ Successful tasks: 7/7
[2026-05-02T04:10:29Z] [INFO] ⏱️  Cycle duration: 89.25s
[2026-05-02T04:10:29Z] [INFO]    ⚠️ task: result
[2026-05-02T04:10:29Z] [INFO]    ⚠️ task: result
[2026-05-02T04:10:29Z] [INFO]    ⚠️ task: result
[2026-05-02T04:10:29Z] [INFO]    ⚠️ task: result
[2026-05-02T04:10:29Z] [INFO]    ⚠️ task: result
[2026-05-02T04:10:29Z] [INFO]    ⚠️ task: result
[2026-05-02T04:10:29Z] [INFO]    ⚠️ task: result
[2026-05-02T04:10:29Z] [HEADER] ================================================================================
[2026-05-02T04:10:29Z] [INFO] 🔄 OVERNIGHT RESEARCH PIPELINE - CYCLE #38
[2026-05-02T04:10:29Z] [INFO] ================================================================================
[2026-05-02T04:10:29Z] [HEADER] ============================================================
[2026-05-02T04:10:29Z] [INFO] 🌙 STARTING OVERNIGHT RESEARCH CYCLE #38
[2026-05-02T04:10:29Z] [INFO] 🔍 Running overnight research protocol (web scraping + cross-symbol analysis)...
[2026-05-02T04:10:29Z] [INFO] 📊 Cycle duration: 0.10s, Files generated: 0
[2026-05-02T04:10:29Z] [WARNING] ⚠️ Database not initialized for cycle counting
[2026-05-02T04:10:29Z] [INFO] 💾 Database updated with cycle results
[2026-05-02T04:10:29Z] [SECTION] ============================================================
[2026-05-02T04:10:29Z] [INFO] 🔮 PHASE: HIDDEN LAYERING DETECTION
[2026-05-02T04:10:30Z] [INFO] 🔗 Hidden layering detection complete. Connections identified: 2
[2026-05-02T04:10:30Z] [SECTION] ============================================================
[2026-05-02T04:10:30Z] [INFO] 🔬 PHASE: DOMAIN CORRELATION ANALYSIS
[2026-05-02T04:10:30Z] [INFO] 📊 Domain correlation matrices created: 2
[2026-05-02T04:10:30Z] [SECTION] ============================================================
[2026-05-02T04:10:30Z] [INFO] 🖼️  PHASE: IMAGE-SEED ANALYSIS
[2026-05-02T04:10:30Z] [INFO] 📂 Image seed analysis bootstrapping from 5 images...
[2026-05-02T04:10:30Z] [SECTION] ============================================================
[2026-05-02T04:10:30Z] [INFO] 📤 PHASE: PUSH COMPONENTS TO TOLARIA
[2026-05-02T04:10:31Z] [INFO] 📦 Components pushed to Tolaria: 5
[2026-05-02T04:10:31Z] [SECTION] ============================================================
[2026-05-02T04:10:31Z] [INFO] 🧩 PHASE: COMPOSER - DOMAIN INTEGRATION SYNTHESIS
[2026-05-02T04:10:52Z] [INFO] 🎨 Domain integrations synthesized: 0
[2026-05-02T04:10:52Z] [SECTION] ============================================================
[2026-05-02T04:10:52Z] [INFO] 🚀 PHASE: ADVANCED OVERNIGHT LOOP
[2026-05-02T04:11:59Z] [INFO] 🔬 Advanced loop completed cycles: 0
[2026-05-02T04:11:59Z] [WARNING] ⚠️  Git commit skipped or failed (git not initialized?): Command '['git', '-C', '/home/avalonas/.hermes/gematria/unified_overnight_research', 'add', '.']' returned non-zero exit status 128.
[2026-05-02T04:11:59Z] [INFO] 
📊 CYCLE #38 SUMMARY
[2026-05-02T04:11:59Z] [INFO] ✅ Successful tasks: 7/7
[2026-05-02T04:11:59Z] [INFO] ⏱️  Cycle duration: 89.87s
[2026-05-02T04:11:59Z] [INFO]    ⚠️ task: result
[2026-05-02T04:11:59Z] [INFO]    ⚠️ task: result
[2026-05-02T04:11:59Z] [INFO]    ⚠️ task: result
[2026-05-02T04:11:59Z] [INFO]    ⚠️ task: result
[2026-05-02T04:11:59Z] [INFO]    ⚠️ task: result
[2026-05-02T04:11:59Z] [INFO]    ⚠️ task: result
[2026-05-02T04:11:59Z] [INFO]    ⚠️ task: result
[2026-05-02T04:11:59Z] [HEADER] ================================================================================
[2026-05-02T04:11:59Z] [INFO] 🔄 OVERNIGHT RESEARCH PIPELINE - CYCLE #39
[2026-05-02T04:11:59Z] [INFO] ================================================================================
[2026-05-02T04:11:59Z] [HEADER] ============================================================
[2026-05-02T04:11:59Z] [INFO] 🌙 STARTING OVERNIGHT RESEARCH CYCLE #39
[2026-05-02T04:11:59Z] [INFO] 🔍 Running overnight research protocol (web scraping + cross-symbol analysis)...
[2026-05-02T04:11:59Z] [INFO] 📊 Cycle duration: 0.10s, Files generated: 0
[2026-05-02T04:11:59Z] [WARNING] ⚠️ Database not initialized for cycle counting
[2026-05-02T04:11:59Z] [INFO] 💾 Database updated with cycle results
[2026-05-02T04:11:59Z] [SECTION] ============================================================
[2026-05-02T04:11:59Z] [INFO] 🔮 PHASE: HIDDEN LAYERING DETECTION
[2026-05-02T04:11:59Z] [INFO] 🔗 Hidden layering detection complete. Connections identified: 2
[2026-05-02T04:11:59Z] [SECTION] ============================================================
[2026-05-02T04:11:59Z] [INFO] 🔬 PHASE: DOMAIN CORRELATION ANALYSIS
[2026-05-02T04:11:59Z] [INFO] 📊 Domain correlation matrices created: 2
[2026-05-02T04:11:59Z] [SECTION] ============================================================
[2026-05-02T04:11:59Z] [INFO] 🖼️  PHASE: IMAGE-SEED ANALYSIS
[2026-05-02T04:11:59Z] [INFO] 📂 Image seed analysis bootstrapping from 5 images...
[2026-05-02T04:11:59Z] [SECTION] ============================================================
[2026-05-02T04:11:59Z] [INFO] 📤 PHASE: PUSH COMPONENTS TO TOLARIA
[2026-05-02T04:12:00Z] [INFO] 📦 Components pushed to Tolaria: 5
[2026-05-02T04:12:00Z] [SECTION] ============================================================
[2026-05-02T04:12:00Z] [INFO] 🧩 PHASE: COMPOSER - DOMAIN INTEGRATION SYNTHESIS
[2026-05-02T04:12:22Z] [INFO] 🎨 Domain integrations synthesized: 0
[2026-05-02T04:12:22Z] [SECTION] ============================================================
[2026-05-02T04:12:22Z] [INFO] 🚀 PHASE: ADVANCED OVERNIGHT LOOP
[2026-05-02T04:13:28Z] [INFO] 🔬 Advanced loop completed cycles: 0
[2026-05-02T04:13:28Z] [WARNING] ⚠️  Git commit skipped or failed (git not initialized?): Command '['git', '-C', '/home/avalonas/.hermes/gematria/unified_overnight_research', 'add', '.']' returned non-zero exit status 128.
[2026-05-02T04:13:28Z] [INFO] 
📊 CYCLE #39 SUMMARY
[2026-05-02T04:13:28Z] [INFO] ✅ Successful tasks: 7/7
[2026-05-02T04:13:28Z] [INFO] ⏱️  Cycle duration: 88.64s
[2026-05-02T04:13:28Z] [INFO]    ⚠️ task: result
[2026-05-02T04:13:28Z] [INFO]    ⚠️ task: result
[2026-05-02T04:13:28Z] [INFO]    ⚠️ task: result
[2026-05-02T04:13:28Z] [INFO]    ⚠️ task: result
[2026-05-02T04:13:28Z] [INFO]    ⚠️ task: result
[2026-05-02T04:13:28Z] [INFO]    ⚠️ task: result
[2026-05-02T04:13:28Z] [INFO]    ⚠️ task: result
[2026-05-02T04:13:28Z] [HEADER] ================================================================================
[2026-05-02T04:13:28Z] [INFO] 🔄 OVERNIGHT RESEARCH PIPELINE - CYCLE #40
[2026-05-02T04:13:28Z] [INFO] ================================================================================
[2026-05-02T04:13:28Z] [HEADER] ============================================================
[2026-05-02T04:13:28Z] [INFO] 🌙 STARTING OVERNIGHT RESEARCH CYCLE #40
[2026-05-02T04:13:28Z] [INFO] 🔍 Running overnight research protocol (web scraping + cross-symbol analysis)...
[2026-05-02T04:13:28Z] [INFO] 📊 Cycle duration: 0.10s, Files generated: 0
[2026-05-02T04:13:28Z] [WARNING] ⚠️ Database not initialized for cycle counting
[2026-05-02T04:13:28Z] [INFO] 💾 Database updated with cycle results
[2026-05-02T04:13:28Z] [SECTION] ============================================================
[2026-05-02T04:13:28Z] [INFO] 🔮 PHASE: HIDDEN LAYERING DETECTION
[2026-05-02T04:13:28Z] [INFO] 🔗 Hidden layering detection complete. Connections identified: 2
[2026-05-02T04:13:28Z] [SECTION] ============================================================
[2026-05-02T04:13:28Z] [INFO] 🔬 PHASE: DOMAIN CORRELATION ANALYSIS
[2026-05-02T04:13:28Z] [INFO] 📊 Domain correlation matrices created: 2
[2026-05-02T04:13:28Z] [SECTION] ============================================================
[2026-05-02T04:13:28Z] [INFO] 🖼️  PHASE: IMAGE-SEED ANALYSIS
[2026-05-02T04:13:28Z] [INFO] 📂 Image seed analysis bootstrapping from 5 images...
[2026-05-02T04:13:28Z] [SECTION] ============================================================
[2026-05-02T04:13:28Z] [INFO] 📤 PHASE: PUSH COMPONENTS TO TOLARIA
[2026-05-02T04:13:29Z] [INFO] 📦 Components pushed to Tolaria: 5
[2026-05-02T04:13:29Z] [SECTION] ============================================================
[2026-05-02T04:13:29Z] [INFO] 🧩 PHASE: COMPOSER - DOMAIN INTEGRATION SYNTHESIS
[2026-05-02T04:13:51Z] [INFO] 🎨 Domain integrations synthesized: 0
[2026-05-02T04:13:51Z] [SECTION] ============================================================
[2026-05-02T04:13:51Z] [INFO] 🚀 PHASE: ADVANCED OVERNIGHT LOOP
[2026-05-02T04:14:58Z] [INFO] 🔬 Advanced loop completed cycles: 0
[2026-05-02T04:14:58Z] [WARNING] ⚠️  Git commit skipped or failed (git not initialized?): Command '['git', '-C', '/home/avalonas/.hermes/gematria/unified_overnight_research', 'add', '.']' returned non-zero exit status 128.
[2026-05-02T04:14:58Z] [INFO] 
📊 CYCLE #40 SUMMARY
[2026-05-02T04:14:58Z] [INFO] ✅ Successful tasks: 7/7
[2026-05-02T04:14:58Z] [INFO] ⏱️  Cycle duration: 90.00s
[2026-05-02T04:14:58Z] [INFO]    ⚠️ task: result
[2026-05-02T04:14:58Z] [INFO]    ⚠️ task: result
[2026-05-02T04:14:58Z] [INFO]    ⚠️ task: result
[2026-05-02T04:14:58Z] [INFO]    ⚠️ task: result
[2026-05-02T04:14:58Z] [INFO]    ⚠️ task: result
[2026-05-02T04:14:58Z] [INFO]    ⚠️ task: result
[2026-05-02T04:14:58Z] [INFO]    ⚠️ task: result
[2026-05-02T04:14:58Z] [HEADER] ================================================================================
[2026-05-02T04:14:58Z] [INFO] 🔄 OVERNIGHT RESEARCH PIPELINE - CYCLE #41
[2026-05-02T04:14:58Z] [INFO] ================================================================================
[2026-05-02T04:14:58Z] [HEADER] ============================================================
[2026-05-02T04:14:58Z] [INFO] 🌙 STARTING OVERNIGHT RESEARCH CYCLE #41
[2026-05-02T04:14:58Z] [INFO] 🔍 Running overnight research protocol (web scraping + cross-symbol analysis)...
[2026-05-02T04:14:58Z] [INFO] 📊 Cycle duration: 0.12s, Files generated: 0
[2026-05-02T04:14:58Z] [WARNING] ⚠️ Database not initialized for cycle counting
[2026-05-02T04:14:58Z] [INFO] 💾 Database updated with cycle results
[2026-05-02T04:14:58Z] [SECTION] ============================================================
[2026-05-02T04:14:58Z] [INFO] 🔮 PHASE: HIDDEN LAYERING DETECTION
[2026-05-02T04:14:58Z] [INFO] 🔗 Hidden layering detection complete. Connections identified: 2
[2026-05-02T04:14:58Z] [SECTION] ============================================================
[2026-05-02T04:14:58Z] [INFO] 🔬 PHASE: DOMAIN CORRELATION ANALYSIS
[2026-05-02T04:14:58Z] [INFO] 📊 Domain correlation matrices created: 2
[2026-05-02T04:14:58Z] [SECTION] ============================================================
[2026-05-02T04:14:58Z] [INFO] 🖼️  PHASE: IMAGE-SEED ANALYSIS
[2026-05-02T04:14:58Z] [INFO] 📂 Image seed analysis bootstrapping from 5 images...
[2026-05-02T04:14:58Z] [SECTION] ============================================================
[2026-05-02T04:14:58Z] [INFO] 📤 PHASE: PUSH COMPONENTS TO TOLARIA
[2026-05-02T04:14:59Z] [INFO] 📦 Components pushed to Tolaria: 5
[2026-05-02T04:14:59Z] [SECTION] ============================================================
[2026-05-02T04:14:59Z] [INFO] 🧩 PHASE: COMPOSER - DOMAIN INTEGRATION SYNTHESIS
[2026-05-02T04:15:21Z] [INFO] 🎨 Domain integrations synthesized: 0
[2026-05-02T04:15:21Z] [SECTION] ============================================================
[2026-05-02T04:15:21Z] [INFO] 🚀 PHASE: ADVANCED OVERNIGHT LOOP
[2026-05-02T04:16:28Z] [INFO] 🔬 Advanced loop completed cycles: 0
[2026-05-02T04:16:28Z] [WARNING] ⚠️  Git commit skipped or failed (git not initialized?): Command '['git', '-C', '/home/avalonas/.hermes/gematria/unified_overnight_research', 'add', '.']' returned non-zero exit status 128.
[2026-05-02T04:16:28Z] [INFO] 
📊 CYCLE #41 SUMMARY
[2026-05-02T04:16:28Z] [INFO] ✅ Successful tasks: 7/7
[2026-05-02T04:16:28Z] [INFO] ⏱️  Cycle duration: 89.87s
[2026-05-02T04:16:28Z] [INFO]    ⚠️ task: result
[2026-05-02T04:16:28Z] [INFO]    ⚠️ task: result
[2026-05-02T04:16:28Z] [INFO]    ⚠️ task: result
[2026-05-02T04:16:28Z] [INFO]    ⚠️ task: result
[2026-05-02T04:16:28Z] [INFO]    ⚠️ task: result
[2026-05-02T04:16:28Z] [INFO]    ⚠️ task: result
[2026-05-02T04:16:28Z] [INFO]    ⚠️ task: result
[2026-05-02T04:16:28Z] [HEADER] ================================================================================
[2026-05-02T04:16:28Z] [INFO] 🔄 OVERNIGHT RESEARCH PIPELINE - CYCLE #42
[2026-05-02T04:16:28Z] [INFO] ================================================================================
[2026-05-02T04:16:28Z] [HEADER] ============================================================
[2026-05-02T04:16:28Z] [INFO] 🌙 STARTING OVERNIGHT RESEARCH CYCLE #42
[2026-05-02T04:16:28Z] [INFO] 🔍 Running overnight research protocol (web scraping + cross-symbol analysis)...
[2026-05-02T04:16:28Z] [INFO] 📊 Cycle duration: 0.11s, Files generated: 0
[2026-05-02T04:16:28Z] [WARNING] ⚠️ Database not initialized for cycle counting
[2026-05-02T04:16:28Z] [INFO] 💾 Database updated with cycle results
[2026-05-02T04:16:28Z] [SECTION] ============================================================
[2026-05-02T04:16:28Z] [INFO] 🔮 PHASE: HIDDEN LAYERING DETECTION
[2026-05-02T04:16:28Z] [INFO] 🔗 Hidden layering detection complete. Connections identified: 2
[2026-05-02T04:16:28Z] [SECTION] ============================================================
[2026-05-02T04:16:28Z] [INFO] 🔬 PHASE: DOMAIN CORRELATION ANALYSIS
[2026-05-02T04:16:28Z] [INFO] 📊 Domain correlation matrices created: 2
[2026-05-02T04:16:28Z] [SECTION] ============================================================
[2026-05-02T04:16:28Z] [INFO] 🖼️  PHASE: IMAGE-SEED ANALYSIS
[2026-05-02T04:16:28Z] [INFO] 📂 Image seed analysis bootstrapping from 5 images...
[2026-05-02T04:16:28Z] [SECTION] ============================================================
[2026-05-02T04:16:28Z] [INFO] 📤 PHASE: PUSH COMPONENTS TO TOLARIA
[2026-05-02T04:16:29Z] [INFO] 📦 Components pushed to Tolaria: 5
[2026-05-02T04:16:29Z] [SECTION] ============================================================
[2026-05-02T04:16:29Z] [INFO] 🧩 PHASE: COMPOSER - DOMAIN INTEGRATION SYNTHESIS
[2026-05-02T04:16:50Z] [INFO] 🎨 Domain integrations synthesized: 0
[2026-05-02T04:16:50Z] [SECTION] ============================================================
[2026-05-02T04:16:50Z] [INFO] 🚀 PHASE: ADVANCED OVERNIGHT LOOP
[2026-05-02T04:17:56Z] [INFO] 🔬 Advanced loop completed cycles: 0
[2026-05-02T04:17:56Z] [WARNING] ⚠️  Git commit skipped or failed (git not initialized?): Command '['git', '-C', '/home/avalonas/.hermes/gematria/unified_overnight_research', 'add', '.']' returned non-zero exit status 128.
[2026-05-02T04:17:56Z] [INFO] 
📊 CYCLE #42 SUMMARY
[2026-05-02T04:17:56Z] [INFO] ✅ Successful tasks: 7/7
[2026-05-02T04:17:56Z] [INFO] ⏱️  Cycle duration: 88.53s
[2026-05-02T04:17:56Z] [INFO]    ⚠️ task: result
[2026-05-02T04:17:56Z] [INFO]    ⚠️ task: result
[2026-05-02T04:17:56Z] [INFO]    ⚠️ task: result
[2026-05-02T04:17:56Z] [INFO]    ⚠️ task: result
[2026-05-02T04:17:56Z] [INFO]    ⚠️ task: result
[2026-05-02T04:17:56Z] [INFO]    ⚠️ task: result
[2026-05-02T04:17:56Z] [INFO]    ⚠️ task: result
[2026-05-02T04:17:56Z] [HEADER] ================================================================================
[2026-05-02T04:17:56Z] [INFO] 🔄 OVERNIGHT RESEARCH PIPELINE - CYCLE #43
[2026-05-02T04:17:56Z] [INFO] ================================================================================
[2026-05-02T04:17:56Z] [HEADER] ============================================================
[2026-05-02T04:17:56Z] [INFO] 🌙 STARTING OVERNIGHT RESEARCH CYCLE #43
[2026-05-02T04:17:56Z] [INFO] 🔍 Running overnight research protocol (web scraping + cross-symbol analysis)...
[2026-05-02T04:17:56Z] [INFO] 📊 Cycle duration: 0.10s, Files generated: 0
[2026-05-02T04:17:56Z] [WARNING] ⚠️ Database not initialized for cycle counting
[2026-05-02T04:17:56Z] [INFO] 💾 Database updated with cycle results
[2026-05-02T04:17:56Z] [SECTION] ============================================================
[2026-05-02T04:17:56Z] [INFO] 🔮 PHASE: HIDDEN LAYERING DETECTION
[2026-05-02T04:17:56Z] [INFO] 🔗 Hidden layering detection complete. Connections identified: 2
[2026-05-02T04:17:56Z] [SECTION] ============================================================
[2026-05-02T04:17:56Z] [INFO] 🔬 PHASE: DOMAIN CORRELATION ANALYSIS
[2026-05-02T04:17:56Z] [INFO] 📊 Domain correlation matrices created: 2
[2026-05-02T04:17:56Z] [SECTION] ============================================================
[2026-05-02T04:17:56Z] [INFO] 🖼️  PHASE: IMAGE-SEED ANALYSIS
[2026-05-02T04:17:56Z] [INFO] 📂 Image seed analysis bootstrapping from 5 images...
[2026-05-02T04:17:56Z] [SECTION] ============================================================
[2026-05-02T04:17:56Z] [INFO] 📤 PHASE: PUSH COMPONENTS TO TOLARIA
[2026-05-02T04:17:57Z] [INFO] 📦 Components pushed to Tolaria: 5
[2026-05-02T04:17:57Z] [SECTION] ============================================================
[2026-05-02T04:17:57Z] [INFO] 🧩 PHASE: COMPOSER - DOMAIN INTEGRATION SYNTHESIS
[2026-05-02T04:18:19Z] [INFO] 🎨 Domain integrations synthesized: 0
[2026-05-02T04:18:19Z] [SECTION] ============================================================
[2026-05-02T04:18:19Z] [INFO] 🚀 PHASE: ADVANCED OVERNIGHT LOOP
[2026-05-02T04:19:25Z] [INFO] 🔬 Advanced loop completed cycles: 0
[2026-05-02T04:19:25Z] [WARNING] ⚠️  Git commit skipped or failed (git not initialized?): Command '['git', '-C', '/home/avalonas/.hermes/gematria/unified_overnight_research', 'add', '.']' returned non-zero exit status 128.
[2026-05-02T04:19:25Z] [INFO] 
📊 CYCLE #43 SUMMARY
[2026-05-02T04:19:25Z] [INFO] ✅ Successful tasks: 7/7
[2026-05-02T04:19:25Z] [INFO] ⏱️  Cycle duration: 89.13s
[2026-05-02T04:19:25Z] [INFO]    ⚠️ task: result
[2026-05-02T04:19:25Z] [INFO]    ⚠️ task: result
[2026-05-02T04:19:25Z] [INFO]    ⚠️ task: result
[2026-05-02T04:19:25Z] [INFO]    ⚠️ task: result
[2026-05-02T04:19:25Z] [INFO]    ⚠️ task: result
[2026-05-02T04:19:25Z] [INFO]    ⚠️ task: result
[2026-05-02T04:19:25Z] [INFO]    ⚠️ task: result
[2026-05-02T04:19:25Z] [HEADER] ================================================================================
[2026-05-02T04:19:25Z] [INFO] 🔄 OVERNIGHT RESEARCH PIPELINE - CYCLE #44
[2026-05-02T04:19:25Z] [INFO] ================================================================================
[2026-05-02T04:19:25Z] [HEADER] ============================================================
[2026-05-02T04:19:25Z] [INFO] 🌙 STARTING OVERNIGHT RESEARCH CYCLE #44
[2026-05-02T04:19:25Z] [INFO] 🔍 Running overnight research protocol (web scraping + cross-symbol analysis)...
[2026-05-02T04:19:26Z] [INFO] 📊 Cycle duration: 0.10s, Files generated: 0
[2026-05-02T04:19:26Z] [WARNING] ⚠️ Database not initialized for cycle counting
[2026-05-02T04:19:26Z] [INFO] 💾 Database updated with cycle results
[2026-05-02T04:19:26Z] [SECTION] ============================================================
[2026-05-02T04:19:26Z] [INFO] 🔮 PHASE: HIDDEN LAYERING DETECTION
[2026-05-02T04:19:26Z] [INFO] 🔗 Hidden layering detection complete. Connections identified: 2
[2026-05-02T04:19:26Z] [SECTION] ============================================================
[2026-05-02T04:19:26Z] [INFO] 🔬 PHASE: DOMAIN CORRELATION ANALYSIS
[2026-05-02T04:19:26Z] [INFO] 📊 Domain correlation matrices created: 2
[2026-05-02T04:19:26Z] [SECTION] ============================================================
[2026-05-02T04:19:26Z] [INFO] 🖼️  PHASE: IMAGE-SEED ANALYSIS
[2026-05-02T04:19:26Z] [INFO] 📂 Image seed analysis bootstrapping from 5 images...
[2026-05-02T04:19:26Z] [SECTION] ============================================================
[2026-05-02T04:19:26Z] [INFO] 📤 PHASE: PUSH COMPONENTS TO TOLARIA
[2026-05-02T04:19:27Z] [INFO] 📦 Components pushed to Tolaria: 5
[2026-05-02T04:19:27Z] [SECTION] ============================================================
[2026-05-02T04:19:27Z] [INFO] 🧩 PHASE: COMPOSER - DOMAIN INTEGRATION SYNTHESIS
[2026-05-02T04:19:48Z] [INFO] 🎨 Domain integrations synthesized: 0
[2026-05-02T04:19:48Z] [SECTION] ============================================================
[2026-05-02T04:19:48Z] [INFO] 🚀 PHASE: ADVANCED OVERNIGHT LOOP
[2026-05-02T04:20:56Z] [INFO] 🔬 Advanced loop completed cycles: 0
[2026-05-02T04:20:56Z] [WARNING] ⚠️  Git commit skipped or failed (git not initialized?): Command '['git', '-C', '/home/avalonas/.hermes/gematria/unified_overnight_research', 'add', '.']' returned non-zero exit status 128.
[2026-05-02T04:20:56Z] [INFO] 
📊 CYCLE #44 SUMMARY
[2026-05-02T04:20:56Z] [INFO] ✅ Successful tasks: 7/7
[2026-05-02T04:20:56Z] [INFO] ⏱️  Cycle duration: 90.26s
[2026-05-02T04:20:56Z] [INFO]    ⚠️ task: result
[2026-05-02T04:20:56Z] [INFO]    ⚠️ task: result
[2026-05-02T04:20:56Z] [INFO]    ⚠️ task: result
[2026-05-02T04:20:56Z] [INFO]    ⚠️ task: result
[2026-05-02T04:20:56Z] [INFO]    ⚠️ task: result
[2026-05-02T04:20:56Z] [INFO]    ⚠️ task: result
[2026-05-02T04:20:56Z] [INFO]    ⚠️ task: result
[2026-05-02T04:20:56Z] [HEADER] ================================================================================
[2026-05-02T04:20:56Z] [INFO] 🔄 OVERNIGHT RESEARCH PIPELINE - CYCLE #45
[2026-05-02T04:20:56Z] [INFO] ================================================================================
[2026-05-02T04:20:56Z] [HEADER] ============================================================
[2026-05-02T04:20:56Z] [INFO] 🌙 STARTING OVERNIGHT RESEARCH CYCLE #45
[2026-05-02T04:20:56Z] [INFO] 🔍 Running overnight research protocol (web scraping + cross-symbol analysis)...
[2026-05-02T04:20:56Z] [INFO] 📊 Cycle duration: 0.10s, Files generated: 0
[2026-05-02T04:20:56Z] [WARNING] ⚠️ Database not initialized for cycle counting
[2026-05-02T04:20:56Z] [INFO] 💾 Database updated with cycle results
[2026-05-02T04:20:56Z] [SECTION] ============================================================
[2026-05-02T04:20:56Z] [INFO] 🔮 PHASE: HIDDEN LAYERING DETECTION
[2026-05-02T04:20:56Z] [INFO] 🔗 Hidden layering detection complete. Connections identified: 2
[2026-05-02T04:20:56Z] [SECTION] ============================================================
[2026-05-02T04:20:56Z] [INFO] 🔬 PHASE: DOMAIN CORRELATION ANALYSIS
[2026-05-02T04:20:56Z] [INFO] 📊 Domain correlation matrices created: 2
[2026-05-02T04:20:56Z] [SECTION] ============================================================
[2026-05-02T04:20:56Z] [INFO] 🖼️  PHASE: IMAGE-SEED ANALYSIS
[2026-05-02T04:20:56Z] [INFO] 📂 Image seed analysis bootstrapping from 5 images...
[2026-05-02T04:20:56Z] [SECTION] ============================================================
[2026-05-02T04:20:56Z] [INFO] 📤 PHASE: PUSH COMPONENTS TO TOLARIA
[2026-05-02T04:20:59Z] [INFO] 📦 Components pushed to Tolaria: 5
[2026-05-02T04:20:59Z] [SECTION] ============================================================
[2026-05-02T04:20:59Z] [INFO] 🧩 PHASE: COMPOSER - DOMAIN INTEGRATION SYNTHESIS
[2026-05-02T04:21:18Z] [INFO] 🎨 Domain integrations synthesized: 0
[2026-05-02T04:21:18Z] [SECTION] ============================================================
[2026-05-02T04:21:18Z] [INFO] 🚀 PHASE: ADVANCED OVERNIGHT LOOP
[2026-05-02T04:22:24Z] [INFO] 🔬 Advanced loop completed cycles: 0
[2026-05-02T04:22:25Z] [WARNING] ⚠️  Git commit skipped or failed (git not initialized?): Command '['git', '-C', '/home/avalonas/.hermes/gematria/unified_overnight_research', 'add', '.']' returned non-zero exit status 128.
[2026-05-02T04:22:25Z] [INFO] 
📊 CYCLE #45 SUMMARY
[2026-05-02T04:22:25Z] [INFO] ✅ Successful tasks: 7/7
[2026-05-02T04:22:25Z] [INFO] ⏱️  Cycle duration: 88.82s
[2026-05-02T04:22:25Z] [INFO]    ⚠️ task: result
[2026-05-02T04:22:25Z] [INFO]    ⚠️ task: result
[2026-05-02T04:22:25Z] [INFO]    ⚠️ task: result
[2026-05-02T04:22:25Z] [INFO]    ⚠️ task: result
[2026-05-02T04:22:25Z] [INFO]    ⚠️ task: result
[2026-05-02T04:22:25Z] [INFO]    ⚠️ task: result
[2026-05-02T04:22:25Z] [INFO]    ⚠️ task: result
[2026-05-02T04:22:25Z] [HEADER] ================================================================================
[2026-05-02T04:22:25Z] [INFO] 🔄 OVERNIGHT RESEARCH PIPELINE - CYCLE #46
[2026-05-02T04:22:25Z] [INFO] ================================================================================
[2026-05-02T04:22:25Z] [HEADER] ============================================================
[2026-05-02T04:22:25Z] [INFO] 🌙 STARTING OVERNIGHT RESEARCH CYCLE #46
[2026-05-02T04:22:25Z] [INFO] 🔍 Running overnight research protocol (web scraping + cross-symbol analysis)...
[2026-05-02T04:22:25Z] [INFO] 📊 Cycle duration: 0.11s, Files generated: 0
[2026-05-02T04:22:25Z] [WARNING] ⚠️ Database not initialized for cycle counting
[2026-05-02T04:22:25Z] [INFO] 💾 Database updated with cycle results
[2026-05-02T04:22:25Z] [SECTION] ============================================================
[2026-05-02T04:22:25Z] [INFO] 🔮 PHASE: HIDDEN LAYERING DETECTION
[2026-05-02T04:22:25Z] [INFO] 🔗 Hidden layering detection complete. Connections identified: 2
[2026-05-02T04:22:25Z] [SECTION] ============================================================
[2026-05-02T04:22:25Z] [INFO] 🔬 PHASE: DOMAIN CORRELATION ANALYSIS
[2026-05-02T04:22:25Z] [INFO] 📊 Domain correlation matrices created: 2
[2026-05-02T04:22:25Z] [SECTION] ============================================================
[2026-05-02T04:22:25Z] [INFO] 🖼️  PHASE: IMAGE-SEED ANALYSIS
[2026-05-02T04:22:25Z] [INFO] 📂 Image seed analysis bootstrapping from 5 images...
[2026-05-02T04:22:25Z] [SECTION] ============================================================
[2026-05-02T04:22:25Z] [INFO] 📤 PHASE: PUSH COMPONENTS TO TOLARIA
[2026-05-02T04:22:26Z] [INFO] 📦 Components pushed to Tolaria: 5
[2026-05-02T04:22:26Z] [SECTION] ============================================================
[2026-05-02T04:22:26Z] [INFO] 🧩 PHASE: COMPOSER - DOMAIN INTEGRATION SYNTHESIS
[2026-05-02T04:22:47Z] [INFO] 🎨 Domain integrations synthesized: 0
[2026-05-02T04:22:47Z] [SECTION] ============================================================
[2026-05-02T04:22:47Z] [INFO] 🚀 PHASE: ADVANCED OVERNIGHT LOOP
[2026-05-02T04:23:54Z] [INFO] 🔬 Advanced loop completed cycles: 0
[2026-05-02T04:23:54Z] [WARNING] ⚠️  Git commit skipped or failed (git not initialized?): Command '['git', '-C', '/home/avalonas/.hermes/gematria/unified_overnight_research', 'add', '.']' returned non-zero exit status 128.
[2026-05-02T04:23:54Z] [INFO] 
📊 CYCLE #46 SUMMARY
[2026-05-02T04:23:54Z] [INFO] ✅ Successful tasks: 7/7
[2026-05-02T04:23:54Z] [INFO] ⏱️  Cycle duration: 89.13s
[2026-05-02T04:23:54Z] [INFO]    ⚠️ task: result
[2026-05-02T04:23:54Z] [INFO]    ⚠️ task: result
[2026-05-02T04:23:54Z] [INFO]    ⚠️ task: result
[2026-05-02T04:23:54Z] [INFO]    ⚠️ task: result
[2026-05-02T04:23:54Z] [INFO]    ⚠️ task: result
[2026-05-02T04:23:54Z] [INFO]    ⚠️ task: result
[2026-05-02T04:23:54Z] [INFO]    ⚠️ task: result
[2026-05-02T04:23:54Z] [HEADER] ================================================================================
[2026-05-02T04:23:54Z] [INFO] 🔄 OVERNIGHT RESEARCH PIPELINE - CYCLE #47
[2026-05-02T04:23:54Z] [INFO] ================================================================================
[2026-05-02T04:23:54Z] [HEADER] ============================================================
[2026-05-02T04:23:54Z] [INFO] 🌙 STARTING OVERNIGHT RESEARCH CYCLE #47
[2026-05-02T04:23:54Z] [INFO] 🔍 Running overnight research protocol (web scraping + cross-symbol analysis)...
[2026-05-02T04:23:54Z] [INFO] 📊 Cycle duration: 0.10s, Files generated: 0
[2026-05-02T04:23:54Z] [WARNING] ⚠️ Database not initialized for cycle counting
[2026-05-02T04:23:54Z] [INFO] 💾 Database updated with cycle results
[2026-05-02T04:23:54Z] [SECTION] ============================================================
[2026-05-02T04:23:54Z] [INFO] 🔮 PHASE: HIDDEN LAYERING DETECTION
[2026-05-02T04:23:54Z] [INFO] 🔗 Hidden layering detection complete. Connections identified: 2
[2026-05-02T04:23:54Z] [SECTION] ============================================================
[2026-05-02T04:23:54Z] [INFO] 🔬 PHASE: DOMAIN CORRELATION ANALYSIS
[2026-05-02T04:23:54Z] [INFO] 📊 Domain correlation matrices created: 2
[2026-05-02T04:23:54Z] [SECTION] ============================================================
[2026-05-02T04:23:54Z] [INFO] 🖼️  PHASE: IMAGE-SEED ANALYSIS
[2026-05-02T04:23:54Z] [INFO] 📂 Image seed analysis bootstrapping from 5 images...
[2026-05-02T04:23:54Z] [SECTION] ============================================================
[2026-05-02T04:23:54Z] [INFO] 📤 PHASE: PUSH COMPONENTS TO TOLARIA
[2026-05-02T04:23:55Z] [INFO] 📦 Components pushed to Tolaria: 5
[2026-05-02T04:23:55Z] [SECTION] ============================================================
[2026-05-02T04:23:55Z] [INFO] 🧩 PHASE: COMPOSER - DOMAIN INTEGRATION SYNTHESIS
[2026-05-02T04:24:16Z] [INFO] 🎨 Domain integrations synthesized: 0
[2026-05-02T04:24:16Z] [SECTION] ============================================================
[2026-05-02T04:24:16Z] [INFO] 🚀 PHASE: ADVANCED OVERNIGHT LOOP
[2026-05-02T04:25:23Z] [INFO] 🔬 Advanced loop completed cycles: 0
[2026-05-02T04:25:23Z] [WARNING] ⚠️  Git commit skipped or failed (git not initialized?): Command '['git', '-C', '/home/avalonas/.hermes/gematria/unified_overnight_research', 'add', '.']' returned non-zero exit status 128.
[2026-05-02T04:25:23Z] [INFO] 
📊 CYCLE #47 SUMMARY
[2026-05-02T04:25:23Z] [INFO] ✅ Successful tasks: 7/7
[2026-05-02T04:25:23Z] [INFO] ⏱️  Cycle duration: 89.00s
[2026-05-02T04:25:23Z] [INFO]    ⚠️ task: result
[2026-05-02T04:25:23Z] [INFO]    ⚠️ task: result
[2026-05-02T04:25:23Z] [INFO]    ⚠️ task: result
[2026-05-02T04:25:23Z] [INFO]    ⚠️ task: result
[2026-05-02T04:25:23Z] [INFO]    ⚠️ task: result
[2026-05-02T04:25:23Z] [INFO]    ⚠️ task: result
[2026-05-02T04:25:23Z] [INFO]    ⚠️ task: result
[2026-05-02T04:25:23Z] [HEADER] ================================================================================
[2026-05-02T04:25:23Z] [INFO] 🔄 OVERNIGHT RESEARCH PIPELINE - CYCLE #48
[2026-05-02T04:25:23Z] [INFO] ================================================================================
[2026-05-02T04:25:23Z] [HEADER] ============================================================
[2026-05-02T04:25:23Z] [INFO] 🌙 STARTING OVERNIGHT RESEARCH CYCLE #48
[2026-05-02T04:25:23Z] [INFO] 🔍 Running overnight research protocol (web scraping + cross-symbol analysis)...
[2026-05-02T04:25:23Z] [INFO] 📊 Cycle duration: 0.10s, Files generated: 0
[2026-05-02T04:25:23Z] [WARNING] ⚠️ Database not initialized for cycle counting
[2026-05-02T04:25:23Z] [INFO] 💾 Database updated with cycle results
[2026-05-02T04:25:23Z] [SECTION] ============================================================
[2026-05-02T04:25:23Z] [INFO] 🔮 PHASE: HIDDEN LAYERING DETECTION
[2026-05-02T04:25:23Z] [INFO] 🔗 Hidden layering detection complete. Connections identified: 2
[2026-05-02T04:25:23Z] [SECTION] ============================================================
[2026-05-02T04:25:23Z] [INFO] 🔬 PHASE: DOMAIN CORRELATION ANALYSIS
[2026-05-02T04:25:23Z] [INFO] 📊 Domain correlation matrices created: 2
[2026-05-02T04:25:23Z] [SECTION] ============================================================
[2026-05-02T04:25:23Z] [INFO] 🖼️  PHASE: IMAGE-SEED ANALYSIS
[2026-05-02T04:25:23Z] [INFO] 📂 Image seed analysis bootstrapping from 5 images...
[2026-05-02T04:25:23Z] [SECTION] ============================================================
[2026-05-02T04:25:23Z] [INFO] 📤 PHASE: PUSH COMPONENTS TO TOLARIA
[2026-05-02T04:25:24Z] [INFO] 📦 Components pushed to Tolaria: 5
[2026-05-02T04:25:24Z] [SECTION] ============================================================
[2026-05-02T04:25:24Z] [INFO] 🧩 PHASE: COMPOSER - DOMAIN INTEGRATION SYNTHESIS
[2026-05-02T04:25:45Z] [INFO] 🎨 Domain integrations synthesized: 0
[2026-05-02T04:25:45Z] [SECTION] ============================================================
[2026-05-02T04:25:45Z] [INFO] 🚀 PHASE: ADVANCED OVERNIGHT LOOP
[2026-05-02T04:26:51Z] [INFO] 🔬 Advanced loop completed cycles: 0
[2026-05-02T04:26:51Z] [WARNING] ⚠️  Git commit skipped or failed (git not initialized?): Command '['git', '-C', '/home/avalonas/.hermes/gematria/unified_overnight_research', 'add', '.']' returned non-zero exit status 128.
[2026-05-02T04:26:51Z] [INFO] 
📊 CYCLE #48 SUMMARY
[2026-05-02T04:26:51Z] [INFO] ✅ Successful tasks: 7/7
[2026-05-02T04:26:51Z] [INFO] ⏱️  Cycle duration: 88.66s
[2026-05-02T04:26:51Z] [INFO]    ⚠️ task: result
[2026-05-02T04:26:51Z] [INFO]    ⚠️ task: result
[2026-05-02T04:26:51Z] [INFO]    ⚠️ task: result
[2026-05-02T04:26:51Z] [INFO]    ⚠️ task: result
[2026-05-02T04:26:51Z] [INFO]    ⚠️ task: result
[2026-05-02T04:26:51Z] [INFO]    ⚠️ task: result
[2026-05-02T04:26:51Z] [INFO]    ⚠️ task: result
[2026-05-02T04:26:51Z] [HEADER] ================================================================================
[2026-05-02T04:26:51Z] [INFO] 🔄 OVERNIGHT RESEARCH PIPELINE - CYCLE #49
[2026-05-02T04:26:51Z] [INFO] ================================================================================
[2026-05-02T04:26:51Z] [HEADER] ============================================================
[2026-05-02T04:26:51Z] [INFO] 🌙 STARTING OVERNIGHT RESEARCH CYCLE #49
[2026-05-02T04:26:51Z] [INFO] 🔍 Running overnight research protocol (web scraping + cross-symbol analysis)...
[2026-05-02T04:26:51Z] [INFO] 📊 Cycle duration: 0.10s, Files generated: 0
[2026-05-02T04:26:51Z] [WARNING] ⚠️ Database not initialized for cycle counting
[2026-05-02T04:26:51Z] [INFO] 💾 Database updated with cycle results
[2026-05-02T04:26:51Z] [SECTION] ============================================================
[2026-05-02T04:26:51Z] [INFO] 🔮 PHASE: HIDDEN LAYERING DETECTION
[2026-05-02T04:26:51Z] [INFO] 🔗 Hidden layering detection complete. Connections identified: 2
[2026-05-02T04:26:51Z] [SECTION] ============================================================
[2026-05-02T04:26:51Z] [INFO] 🔬 PHASE: DOMAIN CORRELATION ANALYSIS
[2026-05-02T04:26:51Z] [INFO] 📊 Domain correlation matrices created: 2
[2026-05-02T04:26:51Z] [SECTION] ============================================================
[2026-05-02T04:26:51Z] [INFO] 🖼️  PHASE: IMAGE-SEED ANALYSIS
[2026-05-02T04:26:51Z] [INFO] 📂 Image seed analysis bootstrapping from 5 images...
[2026-05-02T04:26:51Z] [SECTION] ============================================================
[2026-05-02T04:26:51Z] [INFO] 📤 PHASE: PUSH COMPONENTS TO TOLARIA
[2026-05-02T04:26:52Z] [INFO] 📦 Components pushed to Tolaria: 5
[2026-05-02T04:26:52Z] [SECTION] ============================================================
[2026-05-02T04:26:52Z] [INFO] 🧩 PHASE: COMPOSER - DOMAIN INTEGRATION SYNTHESIS
[2026-05-02T04:27:14Z] [INFO] 🎨 Domain integrations synthesized: 0
[2026-05-02T04:27:14Z] [SECTION] ============================================================
[2026-05-02T04:27:14Z] [INFO] 🚀 PHASE: ADVANCED OVERNIGHT LOOP
[2026-05-02T04:28:20Z] [INFO] 🔬 Advanced loop completed cycles: 0
[2026-05-02T04:28:21Z] [WARNING] ⚠️  Git commit skipped or failed (git not initialized?): Command '['git', '-C', '/home/avalonas/.hermes/gematria/unified_overnight_research', 'add', '.']' returned non-zero exit status 128.
[2026-05-02T04:28:21Z] [INFO] 
📊 CYCLE #49 SUMMARY
[2026-05-02T04:28:21Z] [INFO] ✅ Successful tasks: 7/7
[2026-05-02T04:28:21Z] [INFO] ⏱️  Cycle duration: 89.22s
[2026-05-02T04:28:21Z] [INFO]    ⚠️ task: result
[2026-05-02T04:28:21Z] [INFO]    ⚠️ task: result
[2026-05-02T04:28:21Z] [INFO]    ⚠️ task: result
[2026-05-02T04:28:21Z] [INFO]    ⚠️ task: result
[2026-05-02T04:28:21Z] [INFO]    ⚠️ task: result
[2026-05-02T04:28:21Z] [INFO]    ⚠️ task: result
[2026-05-02T04:28:21Z] [INFO]    ⚠️ task: result
[2026-05-02T04:28:21Z] [HEADER] ================================================================================
[2026-05-02T04:28:21Z] [INFO] 🔄 OVERNIGHT RESEARCH PIPELINE - CYCLE #50
[2026-05-02T04:28:21Z] [INFO] ================================================================================
[2026-05-02T04:28:21Z] [HEADER] ============================================================
[2026-05-02T04:28:21Z] [INFO] 🌙 STARTING OVERNIGHT RESEARCH CYCLE #50
[2026-05-02T04:28:21Z] [INFO] 🔍 Running overnight research protocol (web scraping + cross-symbol analysis)...
[2026-05-02T04:28:21Z] [INFO] 📊 Cycle duration: 0.14s, Files generated: 0
[2026-05-02T04:28:21Z] [WARNING] ⚠️ Database not initialized for cycle counting
[2026-05-02T04:28:21Z] [INFO] 💾 Database updated with cycle results
[2026-05-02T04:28:21Z] [SECTION] ============================================================
[2026-05-02T04:28:21Z] [INFO] 🔮 PHASE: HIDDEN LAYERING DETECTION
[2026-05-02T04:28:21Z] [INFO] 🔗 Hidden layering detection complete. Connections identified: 2
[2026-05-02T04:28:21Z] [SECTION] ============================================================
[2026-05-02T04:28:21Z] [INFO] 🔬 PHASE: DOMAIN CORRELATION ANALYSIS
[2026-05-02T04:28:21Z] [INFO] 📊 Domain correlation matrices created: 2
[2026-05-02T04:28:21Z] [SECTION] ============================================================
[2026-05-02T04:28:21Z] [INFO] 🖼️  PHASE: IMAGE-SEED ANALYSIS
[2026-05-02T04:28:21Z] [INFO] 📂 Image seed analysis bootstrapping from 5 images...
[2026-05-02T04:28:21Z] [SECTION] ============================================================
[2026-05-02T04:28:21Z] [INFO] 📤 PHASE: PUSH COMPONENTS TO TOLARIA
[2026-05-02T04:28:22Z] [INFO] 📦 Components pushed to Tolaria: 5
[2026-05-02T04:28:22Z] [SECTION] ============================================================
[2026-05-02T04:28:22Z] [INFO] 🧩 PHASE: COMPOSER - DOMAIN INTEGRATION SYNTHESIS
[2026-05-02T04:28:43Z] [INFO] 🎨 Domain integrations synthesized: 0
[2026-05-02T04:28:43Z] [SECTION] ============================================================
[2026-05-02T04:28:43Z] [INFO] 🚀 PHASE: ADVANCED OVERNIGHT LOOP
[2026-05-02T04:29:49Z] [INFO] 🔬 Advanced loop completed cycles: 0
[2026-05-02T04:29:49Z] [WARNING] ⚠️  Git commit skipped or failed (git not initialized?): Command '['git', '-C', '/home/avalonas/.hermes/gematria/unified_overnight_research', 'add', '.']' returned non-zero exit status 128.
[2026-05-02T04:29:49Z] [INFO] 
📊 CYCLE #50 SUMMARY
[2026-05-02T04:29:49Z] [INFO] ✅ Successful tasks: 7/7
[2026-05-02T04:29:49Z] [INFO] ⏱️  Cycle duration: 88.62s
[2026-05-02T04:29:49Z] [INFO]    ⚠️ task: result
[2026-05-02T04:29:49Z] [INFO]    ⚠️ task: result
[2026-05-02T04:29:49Z] [INFO]    ⚠️ task: result
[2026-05-02T04:29:49Z] [INFO]    ⚠️ task: result
[2026-05-02T04:29:49Z] [INFO]    ⚠️ task: result
[2026-05-02T04:29:49Z] [INFO]    ⚠️ task: result
[2026-05-02T04:29:49Z] [INFO]    ⚠️ task: result
[2026-05-02T04:29:49Z] [HEADER] ================================================================================
[2026-05-02T04:29:49Z] [INFO] 🔄 OVERNIGHT RESEARCH PIPELINE - CYCLE #51
[2026-05-02T04:29:49Z] [INFO] ================================================================================
[2026-05-02T04:29:49Z] [HEADER] ============================================================
[2026-05-02T04:29:49Z] [INFO] 🌙 STARTING OVERNIGHT RESEARCH CYCLE #51
[2026-05-02T04:29:49Z] [INFO] 🔍 Running overnight research protocol (web scraping + cross-symbol analysis)...
[2026-05-02T04:29:49Z] [INFO] 📊 Cycle duration: 0.10s, Files generated: 0
[2026-05-02T04:29:49Z] [WARNING] ⚠️ Database not initialized for cycle counting
[2026-05-02T04:29:49Z] [INFO] 💾 Database updated with cycle results
[2026-05-02T04:29:49Z] [SECTION] ============================================================
[2026-05-02T04:29:49Z] [INFO] 🔮 PHASE: HIDDEN LAYERING DETECTION
[2026-05-02T04:29:49Z] [INFO] 🔗 Hidden layering detection complete. Connections identified: 2
[2026-05-02T04:29:49Z] [SECTION] ============================================================
[2026-05-02T04:29:49Z] [INFO] 🔬 PHASE: DOMAIN CORRELATION ANALYSIS
[2026-05-02T04:29:49Z] [INFO] 📊 Domain correlation matrices created: 2
[2026-05-02T04:29:49Z] [SECTION] ============================================================
[2026-05-02T04:29:49Z] [INFO] 🖼️  PHASE: IMAGE-SEED ANALYSIS
[2026-05-02T04:29:49Z] [INFO] 📂 Image seed analysis bootstrapping from 5 images...
[2026-05-02T04:29:49Z] [SECTION] ============================================================
[2026-05-02T04:29:49Z] [INFO] 📤 PHASE: PUSH COMPONENTS TO TOLARIA
[2026-05-02T04:29:50Z] [INFO] 📦 Components pushed to Tolaria: 5
[2026-05-02T04:29:50Z] [SECTION] ============================================================
[2026-05-02T04:29:50Z] [INFO] 🧩 PHASE: COMPOSER - DOMAIN INTEGRATION SYNTHESIS
[2026-05-02T04:30:12Z] [INFO] 🎨 Domain integrations synthesized: 0
[2026-05-02T04:30:12Z] [SECTION] ============================================================
[2026-05-02T04:30:12Z] [INFO] 🚀 PHASE: ADVANCED OVERNIGHT LOOP
[2026-05-02T04:31:19Z] [INFO] 🔬 Advanced loop completed cycles: 0
[2026-05-02T04:31:19Z] [WARNING] ⚠️  Git commit skipped or failed (git not initialized?): Command '['git', '-C', '/home/avalonas/.hermes/gematria/unified_overnight_research', 'add', '.']' returned non-zero exit status 128.
[2026-05-02T04:31:19Z] [INFO] 
📊 CYCLE #51 SUMMARY
[2026-05-02T04:31:19Z] [INFO] ✅ Successful tasks: 7/7
[2026-05-02T04:31:19Z] [INFO] ⏱️  Cycle duration: 89.49s
[2026-05-02T04:31:19Z] [INFO]    ⚠️ task: result
[2026-05-02T04:31:19Z] [INFO]    ⚠️ task: result
[2026-05-02T04:31:19Z] [INFO]    ⚠️ task: result
[2026-05-02T04:31:19Z] [INFO]    ⚠️ task: result
[2026-05-02T04:31:19Z] [INFO]    ⚠️ task: result
[2026-05-02T04:31:19Z] [INFO]    ⚠️ task: result
[2026-05-02T04:31:19Z] [INFO]    ⚠️ task: result
[2026-05-02T04:31:19Z] [HEADER] ================================================================================
[2026-05-02T04:31:19Z] [INFO] 🔄 OVERNIGHT RESEARCH PIPELINE - CYCLE #52
[2026-05-02T04:31:19Z] [INFO] ================================================================================
[2026-05-02T04:31:19Z] [HEADER] ============================================================
[2026-05-02T04:31:19Z] [INFO] 🌙 STARTING OVERNIGHT RESEARCH CYCLE #52
[2026-05-02T04:31:19Z] [INFO] 🔍 Running overnight research protocol (web scraping + cross-symbol analysis)...
[2026-05-02T04:31:19Z] [INFO] 📊 Cycle duration: 0.10s, Files generated: 0
[2026-05-02T04:31:19Z] [WARNING] ⚠️ Database not initialized for cycle counting
[2026-05-02T04:31:19Z] [INFO] 💾 Database updated with cycle results
[2026-05-02T04:31:19Z] [SECTION] ============================================================
[2026-05-02T04:31:19Z] [INFO] 🔮 PHASE: HIDDEN LAYERING DETECTION
[2026-05-02T04:31:19Z] [INFO] 🔗 Hidden layering detection complete. Connections identified: 2
[2026-05-02T04:31:19Z] [SECTION] ============================================================
[2026-05-02T04:31:19Z] [INFO] 🔬 PHASE: DOMAIN CORRELATION ANALYSIS
[2026-05-02T04:31:19Z] [INFO] 📊 Domain correlation matrices created: 2
[2026-05-02T04:31:19Z] [SECTION] ============================================================
[2026-05-02T04:31:19Z] [INFO] 🖼️  PHASE: IMAGE-SEED ANALYSIS
[2026-05-02T04:31:19Z] [INFO] 📂 Image seed analysis bootstrapping from 5 images...
[2026-05-02T04:31:19Z] [SECTION] ============================================================
[2026-05-02T04:31:19Z] [INFO] 📤 PHASE: PUSH COMPONENTS TO TOLARIA
[2026-05-02T04:31:20Z] [INFO] 📦 Components pushed to Tolaria: 5
[2026-05-02T04:31:20Z] [SECTION] ============================================================
[2026-05-02T04:31:20Z] [INFO] 🧩 PHASE: COMPOSER - DOMAIN INTEGRATION SYNTHESIS
[2026-05-02T04:31:41Z] [INFO] 🎨 Domain integrations synthesized: 0
[2026-05-02T04:31:41Z] [SECTION] ============================================================
[2026-05-02T04:31:41Z] [INFO] 🚀 PHASE: ADVANCED OVERNIGHT LOOP
[2026-05-02T04:32:48Z] [INFO] 🔬 Advanced loop completed cycles: 0
[2026-05-02T04:32:48Z] [WARNING] ⚠️  Git commit skipped or failed (git not initialized?): Command '['git', '-C', '/home/avalonas/.hermes/gematria/unified_overnight_research', 'add', '.']' returned non-zero exit status 128.
[2026-05-02T04:32:48Z] [INFO] 
📊 CYCLE #52 SUMMARY
[2026-05-02T04:32:48Z] [INFO] ✅ Successful tasks: 7/7
[2026-05-02T04:32:48Z] [INFO] ⏱️  Cycle duration: 89.01s
[2026-05-02T04:32:48Z] [INFO]    ⚠️ task: result
[2026-05-02T04:32:48Z] [INFO]    ⚠️ task: result
[2026-05-02T04:32:48Z] [INFO]    ⚠️ task: result
[2026-05-02T04:32:48Z] [INFO]    ⚠️ task: result
[2026-05-02T04:32:48Z] [INFO]    ⚠️ task: result
[2026-05-02T04:32:48Z] [INFO]    ⚠️ task: result
[2026-05-02T04:32:48Z] [INFO]    ⚠️ task: result
[2026-05-02T04:32:48Z] [HEADER] ================================================================================
[2026-05-02T04:32:48Z] [INFO] 🔄 OVERNIGHT RESEARCH PIPELINE - CYCLE #53
[2026-05-02T04:32:48Z] [INFO] ================================================================================
[2026-05-02T04:32:48Z] [HEADER] ============================================================
[2026-05-02T04:32:48Z] [INFO] 🌙 STARTING OVERNIGHT RESEARCH CYCLE #53
[2026-05-02T04:32:48Z] [INFO] 🔍 Running overnight research protocol (web scraping + cross-symbol analysis)...
[2026-05-02T04:32:48Z] [INFO] 📊 Cycle duration: 0.10s, Files generated: 0
[2026-05-02T04:32:48Z] [WARNING] ⚠️ Database not initialized for cycle counting
[2026-05-02T04:32:48Z] [INFO] 💾 Database updated with cycle results
[2026-05-02T04:32:48Z] [SECTION] ============================================================
[2026-05-02T04:32:48Z] [INFO] 🔮 PHASE: HIDDEN LAYERING DETECTION
[2026-05-02T04:32:48Z] [INFO] 🔗 Hidden layering detection complete. Connections identified: 2
[2026-05-02T04:32:48Z] [SECTION] ============================================================
[2026-05-02T04:32:48Z] [INFO] 🔬 PHASE: DOMAIN CORRELATION ANALYSIS
[2026-05-02T04:32:48Z] [INFO] 📊 Domain correlation matrices created: 2
[2026-05-02T04:32:48Z] [SECTION] ============================================================
[2026-05-02T04:32:48Z] [INFO] 🖼️  PHASE: IMAGE-SEED ANALYSIS
[2026-05-02T04:32:48Z] [INFO] 📂 Image seed analysis bootstrapping from 5 images...
[2026-05-02T04:32:48Z] [SECTION] ============================================================
[2026-05-02T04:32:48Z] [INFO] 📤 PHASE: PUSH COMPONENTS TO TOLARIA
[2026-05-02T04:32:49Z] [INFO] 📦 Components pushed to Tolaria: 5
[2026-05-02T04:32:49Z] [SECTION] ============================================================
[2026-05-02T04:32:49Z] [INFO] 🧩 PHASE: COMPOSER - DOMAIN INTEGRATION SYNTHESIS
[2026-05-02T04:33:10Z] [INFO] 🎨 Domain integrations synthesized: 0
[2026-05-02T04:33:10Z] [SECTION] ============================================================
[2026-05-02T04:33:10Z] [INFO] 🚀 PHASE: ADVANCED OVERNIGHT LOOP
[2026-05-02T04:34:17Z] [INFO] 🔬 Advanced loop completed cycles: 0
[2026-05-02T04:34:17Z] [WARNING] ⚠️  Git commit skipped or failed (git not initialized?): Command '['git', '-C', '/home/avalonas/.hermes/gematria/unified_overnight_research', 'add', '.']' returned non-zero exit status 128.
[2026-05-02T04:34:17Z] [INFO] 
📊 CYCLE #53 SUMMARY
[2026-05-02T04:34:17Z] [INFO] ✅ Successful tasks: 7/7
[2026-05-02T04:34:17Z] [INFO] ⏱️  Cycle duration: 89.60s
[2026-05-02T04:34:17Z] [INFO]    ⚠️ task: result
[2026-05-02T04:34:17Z] [INFO]    ⚠️ task: result
[2026-05-02T04:34:17Z] [INFO]    ⚠️ task: result
[2026-05-02T04:34:17Z] [INFO]    ⚠️ task: result
[2026-05-02T04:34:17Z] [INFO]    ⚠️ task: result
[2026-05-02T04:34:17Z] [INFO]    ⚠️ task: result
[2026-05-02T04:34:17Z] [INFO]    ⚠️ task: result
[2026-05-02T04:34:17Z] [HEADER] ================================================================================
[2026-05-02T04:34:17Z] [INFO] 🔄 OVERNIGHT RESEARCH PIPELINE - CYCLE #54
[2026-05-02T04:34:17Z] [INFO] ================================================================================
[2026-05-02T04:34:17Z] [HEADER] ============================================================
[2026-05-02T04:34:17Z] [INFO] 🌙 STARTING OVERNIGHT RESEARCH CYCLE #54
[2026-05-02T04:34:17Z] [INFO] 🔍 Running overnight research protocol (web scraping + cross-symbol analysis)...
[2026-05-02T04:34:17Z] [INFO] 📊 Cycle duration: 0.10s, Files generated: 0
[2026-05-02T04:34:17Z] [WARNING] ⚠️ Database not initialized for cycle counting
[2026-05-02T04:34:17Z] [INFO] 💾 Database updated with cycle results
[2026-05-02T04:34:17Z] [SECTION] ============================================================
[2026-05-02T04:34:17Z] [INFO] 🔮 PHASE: HIDDEN LAYERING DETECTION
[2026-05-02T04:34:17Z] [INFO] 🔗 Hidden layering detection complete. Connections identified: 2
[2026-05-02T04:34:17Z] [SECTION] ============================================================
[2026-05-02T04:34:17Z] [INFO] 🔬 PHASE: DOMAIN CORRELATION ANALYSIS
[2026-05-02T04:34:17Z] [INFO] 📊 Domain correlation matrices created: 2
[2026-05-02T04:34:17Z] [SECTION] ============================================================
[2026-05-02T04:34:17Z] [INFO] 🖼️  PHASE: IMAGE-SEED ANALYSIS
[2026-05-02T04:34:17Z] [INFO] 📂 Image seed analysis bootstrapping from 5 images...
[2026-05-02T04:34:17Z] [SECTION] ============================================================
[2026-05-02T04:34:17Z] [INFO] 📤 PHASE: PUSH COMPONENTS TO TOLARIA
[2026-05-02T04:34:18Z] [INFO] 📦 Components pushed to Tolaria: 5
[2026-05-02T04:34:18Z] [SECTION] ============================================================
[2026-05-02T04:34:18Z] [INFO] 🧩 PHASE: COMPOSER - DOMAIN INTEGRATION SYNTHESIS
[2026-05-02T04:34:40Z] [INFO] 🎨 Domain integrations synthesized: 0
[2026-05-02T04:34:40Z] [SECTION] ============================================================
[2026-05-02T04:34:40Z] [INFO] 🚀 PHASE: ADVANCED OVERNIGHT LOOP
[2026-05-02T04:35:47Z] [INFO] 🔬 Advanced loop completed cycles: 0
[2026-05-02T04:35:47Z] [WARNING] ⚠️  Git commit skipped or failed (git not initialized?): Command '['git', '-C', '/home/avalonas/.hermes/gematria/unified_overnight_research', 'add', '.']' returned non-zero exit status 128.
[2026-05-02T04:35:47Z] [INFO] 
📊 CYCLE #54 SUMMARY
[2026-05-02T04:35:47Z] [INFO] ✅ Successful tasks: 7/7
[2026-05-02T04:35:47Z] [INFO] ⏱️  Cycle duration: 89.38s
[2026-05-02T04:35:47Z] [INFO]    ⚠️ task: result
[2026-05-02T04:35:47Z] [INFO]    ⚠️ task: result
[2026-05-02T04:35:47Z] [INFO]    ⚠️ task: result
[2026-05-02T04:35:47Z] [INFO]    ⚠️ task: result
[2026-05-02T04:35:47Z] [INFO]    ⚠️ task: result
[2026-05-02T04:35:47Z] [INFO]    ⚠️ task: result
[2026-05-02T04:35:47Z] [INFO]    ⚠️ task: result
[2026-05-02T04:35:47Z] [HEADER] ================================================================================
[2026-05-02T04:35:47Z] [INFO] 🔄 OVERNIGHT RESEARCH PIPELINE - CYCLE #55
[2026-05-02T04:35:47Z] [INFO] ================================================================================
[2026-05-02T04:35:47Z] [HEADER] ============================================================
[2026-05-02T04:35:47Z] [INFO] 🌙 STARTING OVERNIGHT RESEARCH CYCLE #55
[2026-05-02T04:35:47Z] [INFO] 🔍 Running overnight research protocol (web scraping + cross-symbol analysis)...
[2026-05-02T04:35:47Z] [INFO] 📊 Cycle duration: 0.10s, Files generated: 0
[2026-05-02T04:35:47Z] [WARNING] ⚠️ Database not initialized for cycle counting
[2026-05-02T04:35:47Z] [INFO] 💾 Database updated with cycle results
[2026-05-02T04:35:47Z] [SECTION] ============================================================
[2026-05-02T04:35:47Z] [INFO] 🔮 PHASE: HIDDEN LAYERING DETECTION
[2026-05-02T04:35:47Z] [INFO] 🔗 Hidden layering detection complete. Connections identified: 2
[2026-05-02T04:35:47Z] [SECTION] ============================================================
[2026-05-02T04:35:47Z] [INFO] 🔬 PHASE: DOMAIN CORRELATION ANALYSIS
[2026-05-02T04:35:47Z] [INFO] 📊 Domain correlation matrices created: 2
[2026-05-02T04:35:47Z] [SECTION] ============================================================
[2026-05-02T04:35:47Z] [INFO] 🖼️  PHASE: IMAGE-SEED ANALYSIS
[2026-05-02T04:35:47Z] [INFO] 📂 Image seed analysis bootstrapping from 5 images...
[2026-05-02T04:35:47Z] [SECTION] ============================================================
[2026-05-02T04:35:47Z] [INFO] 📤 PHASE: PUSH COMPONENTS TO TOLARIA
[2026-05-02T04:35:48Z] [INFO] 📦 Components pushed to Tolaria: 5
[2026-05-02T04:35:48Z] [SECTION] ============================================================
[2026-05-02T04:35:48Z] [INFO] 🧩 PHASE: COMPOSER - DOMAIN INTEGRATION SYNTHESIS
[2026-05-02T04:36:09Z] [INFO] 🎨 Domain integrations synthesized: 0
[2026-05-02T04:36:09Z] [SECTION] ============================================================
[2026-05-02T04:36:09Z] [INFO] 🚀 PHASE: ADVANCED OVERNIGHT LOOP
[2026-05-02T04:37:16Z] [INFO] 🔬 Advanced loop completed cycles: 0
[2026-05-02T04:37:16Z] [WARNING] ⚠️  Git commit skipped or failed (git not initialized?): Command '['git', '-C', '/home/avalonas/.hermes/gematria/unified_overnight_research', 'add', '.']' returned non-zero exit status 128.
[2026-05-02T04:37:16Z] [INFO] 
📊 CYCLE #55 SUMMARY
[2026-05-02T04:37:16Z] [INFO] ✅ Successful tasks: 7/7
[2026-05-02T04:37:16Z] [INFO] ⏱️  Cycle duration: 89.62s
[2026-05-02T04:37:16Z] [INFO]    ⚠️ task: result
[2026-05-02T04:37:16Z] [INFO]    ⚠️ task: result
[2026-05-02T04:37:16Z] [INFO]    ⚠️ task: result
[2026-05-02T04:37:16Z] [INFO]    ⚠️ task: result
[2026-05-02T04:37:16Z] [INFO]    ⚠️ task: result
[2026-05-02T04:37:16Z] [INFO]    ⚠️ task: result
[2026-05-02T04:37:16Z] [INFO]    ⚠️ task: result
[2026-05-02T04:37:16Z] [HEADER] ================================================================================
[2026-05-02T04:37:16Z] [INFO] 🔄 OVERNIGHT RESEARCH PIPELINE - CYCLE #56
[2026-05-02T04:37:16Z] [INFO] ================================================================================
[2026-05-02T04:37:16Z] [HEADER] ============================================================
[2026-05-02T04:37:16Z] [INFO] 🌙 STARTING OVERNIGHT RESEARCH CYCLE #56
[2026-05-02T04:37:16Z] [INFO] 🔍 Running overnight research protocol (web scraping + cross-symbol analysis)...
[2026-05-02T04:37:16Z] [INFO] 📊 Cycle duration: 0.11s, Files generated: 0
[2026-05-02T04:37:16Z] [WARNING] ⚠️ Database not initialized for cycle counting
[2026-05-02T04:37:16Z] [INFO] 💾 Database updated with cycle results
[2026-05-02T04:37:16Z] [SECTION] ============================================================
[2026-05-02T04:37:16Z] [INFO] 🔮 PHASE: HIDDEN LAYERING DETECTION
[2026-05-02T04:37:16Z] [INFO] 🔗 Hidden layering detection complete. Connections identified: 2
[2026-05-02T04:37:16Z] [SECTION] ============================================================
[2026-05-02T04:37:16Z] [INFO] 🔬 PHASE: DOMAIN CORRELATION ANALYSIS
[2026-05-02T04:37:16Z] [INFO] 📊 Domain correlation matrices created: 2
[2026-05-02T04:37:16Z] [SECTION] ============================================================
[2026-05-02T04:37:16Z] [INFO] 🖼️  PHASE: IMAGE-SEED ANALYSIS
[2026-05-02T04:37:16Z] [INFO] 📂 Image seed analysis bootstrapping from 5 images...
[2026-05-02T04:37:16Z] [SECTION] ============================================================
[2026-05-02T04:37:16Z] [INFO] 📤 PHASE: PUSH COMPONENTS TO TOLARIA
[2026-05-02T04:37:17Z] [INFO] 📦 Components pushed to Tolaria: 5
[2026-05-02T04:37:17Z] [SECTION] ============================================================
[2026-05-02T04:37:17Z] [INFO] 🧩 PHASE: COMPOSER - DOMAIN INTEGRATION SYNTHESIS
[2026-05-02T04:37:39Z] [INFO] 🎨 Domain integrations synthesized: 0
[2026-05-02T04:37:39Z] [SECTION] ============================================================
[2026-05-02T04:37:39Z] [INFO] 🚀 PHASE: ADVANCED OVERNIGHT LOOP
[2026-05-02T04:38:46Z] [INFO] 🔬 Advanced loop completed cycles: 0
[2026-05-02T04:38:46Z] [WARNING] ⚠️  Git commit skipped or failed (git not initialized?): Command '['git', '-C', '/home/avalonas/.hermes/gematria/unified_overnight_research', 'add', '.']' returned non-zero exit status 128.
[2026-05-02T04:38:46Z] [INFO] 
📊 CYCLE #56 SUMMARY
[2026-05-02T04:38:46Z] [INFO] ✅ Successful tasks: 7/7
[2026-05-02T04:38:46Z] [INFO] ⏱️  Cycle duration: 89.38s
[2026-05-02T04:38:46Z] [INFO]    ⚠️ task: result
[2026-05-02T04:38:46Z] [INFO]    ⚠️ task: result
[2026-05-02T04:38:46Z] [INFO]    ⚠️ task: result
[2026-05-02T04:38:46Z] [INFO]    ⚠️ task: result
[2026-05-02T04:38:46Z] [INFO]    ⚠️ task: result
[2026-05-02T04:38:46Z] [INFO]    ⚠️ task: result
[2026-05-02T04:38:46Z] [INFO]    ⚠️ task: result
[2026-05-02T04:38:46Z] [HEADER] ================================================================================
[2026-05-02T04:38:46Z] [INFO] 🔄 OVERNIGHT RESEARCH PIPELINE - CYCLE #57
[2026-05-02T04:38:46Z] [INFO] ================================================================================
[2026-05-02T04:38:46Z] [HEADER] ============================================================
[2026-05-02T04:38:46Z] [INFO] 🌙 STARTING OVERNIGHT RESEARCH CYCLE #57
[2026-05-02T04:38:46Z] [INFO] 🔍 Running overnight research protocol (web scraping + cross-symbol analysis)...
[2026-05-02T04:38:46Z] [INFO] 📊 Cycle duration: 0.10s, Files generated: 0
[2026-05-02T04:38:46Z] [WARNING] ⚠️ Database not initialized for cycle counting
[2026-05-02T04:38:46Z] [INFO] 💾 Database updated with cycle results
[2026-05-02T04:38:46Z] [SECTION] ============================================================
[2026-05-02T04:38:46Z] [INFO] 🔮 PHASE: HIDDEN LAYERING DETECTION
[2026-05-02T04:38:46Z] [INFO] 🔗 Hidden layering detection complete. Connections identified: 2
[2026-05-02T04:38:46Z] [SECTION] ============================================================
[2026-05-02T04:38:46Z] [INFO] 🔬 PHASE: DOMAIN CORRELATION ANALYSIS
[2026-05-02T04:38:46Z] [INFO] 📊 Domain correlation matrices created: 2
[2026-05-02T04:38:46Z] [SECTION] ============================================================
[2026-05-02T04:38:46Z] [INFO] 🖼️  PHASE: IMAGE-SEED ANALYSIS
[2026-05-02T04:38:46Z] [INFO] 📂 Image seed analysis bootstrapping from 5 images...
[2026-05-02T04:38:46Z] [SECTION] ============================================================
[2026-05-02T04:38:46Z] [INFO] 📤 PHASE: PUSH COMPONENTS TO TOLARIA
[2026-05-02T04:38:47Z] [INFO] 📦 Components pushed to Tolaria: 5
[2026-05-02T04:38:47Z] [SECTION] ============================================================
[2026-05-02T04:38:47Z] [INFO] 🧩 PHASE: COMPOSER - DOMAIN INTEGRATION SYNTHESIS
[2026-05-02T04:39:08Z] [INFO] 🎨 Domain integrations synthesized: 0
[2026-05-02T04:39:08Z] [SECTION] ============================================================
[2026-05-02T04:39:08Z] [INFO] 🚀 PHASE: ADVANCED OVERNIGHT LOOP
[2026-05-02T04:40:15Z] [INFO] 🔬 Advanced loop completed cycles: 0
[2026-05-02T04:40:15Z] [WARNING] ⚠️  Git commit skipped or failed (git not initialized?): Command '['git', '-C', '/home/avalonas/.hermes/gematria/unified_overnight_research', 'add', '.']' returned non-zero exit status 128.
[2026-05-02T04:40:15Z] [INFO] 
📊 CYCLE #57 SUMMARY
[2026-05-02T04:40:15Z] [INFO] ✅ Successful tasks: 7/7
[2026-05-02T04:40:15Z] [INFO] ⏱️  Cycle duration: 89.36s
[2026-05-02T04:40:15Z] [INFO]    ⚠️ task: result
[2026-05-02T04:40:15Z] [INFO]    ⚠️ task: result
[2026-05-02T04:40:15Z] [INFO]    ⚠️ task: result
[2026-05-02T04:40:15Z] [INFO]    ⚠️ task: result
[2026-05-02T04:40:15Z] [INFO]    ⚠️ task: result
[2026-05-02T04:40:15Z] [INFO]    ⚠️ task: result
[2026-05-02T04:40:15Z] [INFO]    ⚠️ task: result
[2026-05-02T04:40:15Z] [HEADER] ================================================================================
[2026-05-02T04:40:15Z] [INFO] 🔄 OVERNIGHT RESEARCH PIPELINE - CYCLE #58
[2026-05-02T04:40:15Z] [INFO] ================================================================================
[2026-05-02T04:40:15Z] [HEADER] ============================================================
[2026-05-02T04:40:15Z] [INFO] 🌙 STARTING OVERNIGHT RESEARCH CYCLE #58
[2026-05-02T04:40:15Z] [INFO] 🔍 Running overnight research protocol (web scraping + cross-symbol analysis)...
[2026-05-02T04:40:15Z] [INFO] 📊 Cycle duration: 0.10s, Files generated: 0
[2026-05-02T04:40:15Z] [WARNING] ⚠️ Database not initialized for cycle counting
[2026-05-02T04:40:15Z] [INFO] 💾 Database updated with cycle results
[2026-05-02T04:40:15Z] [SECTION] ============================================================
[2026-05-02T04:40:15Z] [INFO] 🔮 PHASE: HIDDEN LAYERING DETECTION
[2026-05-02T04:40:15Z] [INFO] 🔗 Hidden layering detection complete. Connections identified: 2
[2026-05-02T04:40:15Z] [SECTION] ============================================================
[2026-05-02T04:40:15Z] [INFO] 🔬 PHASE: DOMAIN CORRELATION ANALYSIS
[2026-05-02T04:40:15Z] [INFO] 📊 Domain correlation matrices created: 2
[2026-05-02T04:40:15Z] [SECTION] ============================================================
[2026-05-02T04:40:15Z] [INFO] 🖼️  PHASE: IMAGE-SEED ANALYSIS
[2026-05-02T04:40:15Z] [INFO] 📂 Image seed analysis bootstrapping from 5 images...
[2026-05-02T04:40:15Z] [SECTION] ============================================================
[2026-05-02T04:40:15Z] [INFO] 📤 PHASE: PUSH COMPONENTS TO TOLARIA
[2026-05-02T04:40:16Z] [INFO] 📦 Components pushed to Tolaria: 5
[2026-05-02T04:40:16Z] [SECTION] ============================================================
[2026-05-02T04:40:16Z] [INFO] 🧩 PHASE: COMPOSER - DOMAIN INTEGRATION SYNTHESIS
[2026-05-02T04:40:38Z] [INFO] 🎨 Domain integrations synthesized: 0
[2026-05-02T04:40:38Z] [SECTION] ============================================================
[2026-05-02T04:40:38Z] [INFO] 🚀 PHASE: ADVANCED OVERNIGHT LOOP
[2026-05-02T04:41:44Z] [INFO] 🔬 Advanced loop completed cycles: 0
[2026-05-02T04:41:44Z] [WARNING] ⚠️  Git commit skipped or failed (git not initialized?): Command '['git', '-C', '/home/avalonas/.hermes/gematria/unified_overnight_research', 'add', '.']' returned non-zero exit status 128.
[2026-05-02T04:41:44Z] [INFO] 
📊 CYCLE #58 SUMMARY
[2026-05-02T04:41:44Z] [INFO] ✅ Successful tasks: 7/7
[2026-05-02T04:41:44Z] [INFO] ⏱️  Cycle duration: 89.17s
[2026-05-02T04:41:44Z] [INFO]    ⚠️ task: result
[2026-05-02T04:41:44Z] [INFO]    ⚠️ task: result
[2026-05-02T04:41:44Z] [INFO]    ⚠️ task: result
[2026-05-02T04:41:44Z] [INFO]    ⚠️ task: result
[2026-05-02T04:41:44Z] [INFO]    ⚠️ task: result
[2026-05-02T04:41:44Z] [INFO]    ⚠️ task: result
[2026-05-02T04:41:44Z] [INFO]    ⚠️ task: result
[2026-05-02T04:41:44Z] [HEADER] ================================================================================
[2026-05-02T04:41:44Z] [INFO] 🔄 OVERNIGHT RESEARCH PIPELINE - CYCLE #59
[2026-05-02T04:41:44Z] [INFO] ================================================================================
[2026-05-02T04:41:44Z] [HEADER] ============================================================
[2026-05-02T04:41:44Z] [INFO] 🌙 STARTING OVERNIGHT RESEARCH CYCLE #59
[2026-05-02T04:41:44Z] [INFO] 🔍 Running overnight research protocol (web scraping + cross-symbol analysis)...
[2026-05-02T04:41:44Z] [INFO] 📊 Cycle duration: 0.10s, Files generated: 0
[2026-05-02T04:41:44Z] [WARNING] ⚠️ Database not initialized for cycle counting
[2026-05-02T04:41:44Z] [INFO] 💾 Database updated with cycle results
[2026-05-02T04:41:44Z] [SECTION] ============================================================
[2026-05-02T04:41:44Z] [INFO] 🔮 PHASE: HIDDEN LAYERING DETECTION
[2026-05-02T04:41:44Z] [INFO] 🔗 Hidden layering detection complete. Connections identified: 2
[2026-05-02T04:41:44Z] [SECTION] ============================================================
[2026-05-02T04:41:44Z] [INFO] 🔬 PHASE: DOMAIN CORRELATION ANALYSIS
[2026-05-02T04:41:44Z] [INFO] 📊 Domain correlation matrices created: 2
[2026-05-02T04:41:44Z] [SECTION] ============================================================
[2026-05-02T04:41:44Z] [INFO] 🖼️  PHASE: IMAGE-SEED ANALYSIS
[2026-05-02T04:41:44Z] [INFO] 📂 Image seed analysis bootstrapping from 5 images...
[2026-05-02T04:41:44Z] [SECTION] ============================================================
[2026-05-02T04:41:44Z] [INFO] 📤 PHASE: PUSH COMPONENTS TO TOLARIA
[2026-05-02T04:41:45Z] [INFO] 📦 Components pushed to Tolaria: 5
[2026-05-02T04:41:45Z] [SECTION] ============================================================
[2026-05-02T04:41:45Z] [INFO] 🧩 PHASE: COMPOSER - DOMAIN INTEGRATION SYNTHESIS
[2026-05-02T04:42:07Z] [INFO] 🎨 Domain integrations synthesized: 0
[2026-05-02T04:42:07Z] [SECTION] ============================================================
[2026-05-02T04:42:07Z] [INFO] 🚀 PHASE: ADVANCED OVERNIGHT LOOP
[2026-05-02T04:43:17Z] [INFO] 🔬 Advanced loop completed cycles: 0
[2026-05-02T04:43:17Z] [WARNING] ⚠️  Git commit skipped or failed (git not initialized?): Command '['git', '-C', '/home/avalonas/.hermes/gematria/unified_overnight_research', 'add', '.']' returned non-zero exit status 128.
[2026-05-02T04:43:17Z] [INFO] 
📊 CYCLE #59 SUMMARY
[2026-05-02T04:43:17Z] [INFO] ✅ Successful tasks: 7/7
[2026-05-02T04:43:17Z] [INFO] ⏱️  Cycle duration: 92.72s
[2026-05-02T04:43:17Z] [INFO]    ⚠️ task: result
[2026-05-02T04:43:17Z] [INFO]    ⚠️ task: result
[2026-05-02T04:43:17Z] [INFO]    ⚠️ task: result
[2026-05-02T04:43:17Z] [INFO]    ⚠️ task: result
[2026-05-02T04:43:17Z] [INFO]    ⚠️ task: result
[2026-05-02T04:43:17Z] [INFO]    ⚠️ task: result
[2026-05-02T04:43:17Z] [INFO]    ⚠️ task: result
[2026-05-02T04:43:17Z] [HEADER] ================================================================================
[2026-05-02T04:43:17Z] [INFO] 🔄 OVERNIGHT RESEARCH PIPELINE - CYCLE #60
[2026-05-02T04:43:17Z] [INFO] ================================================================================
[2026-05-02T04:43:17Z] [HEADER] ============================================================
[2026-05-02T04:43:17Z] [INFO] 🌙 STARTING OVERNIGHT RESEARCH CYCLE #60
[2026-05-02T04:43:17Z] [INFO] 🔍 Running overnight research protocol (web scraping + cross-symbol analysis)...
[2026-05-02T04:43:17Z] [INFO] 📊 Cycle duration: 0.10s, Files generated: 0
[2026-05-02T04:43:17Z] [WARNING] ⚠️ Database not initialized for cycle counting
[2026-05-02T04:43:17Z] [INFO] 💾 Database updated with cycle results
[2026-05-02T04:43:17Z] [SECTION] ============================================================
[2026-05-02T04:43:17Z] [INFO] 🔮 PHASE: HIDDEN LAYERING DETECTION
[2026-05-02T04:43:17Z] [INFO] 🔗 Hidden layering detection complete. Connections identified: 2
[2026-05-02T04:43:17Z] [SECTION] ============================================================
[2026-05-02T04:43:17Z] [INFO] 🔬 PHASE: DOMAIN CORRELATION ANALYSIS
[2026-05-02T04:43:17Z] [INFO] 📊 Domain correlation matrices created: 2
[2026-05-02T04:43:17Z] [SECTION] ============================================================
[2026-05-02T04:43:17Z] [INFO] 🖼️  PHASE: IMAGE-SEED ANALYSIS
[2026-05-02T04:43:17Z] [INFO] 📂 Image seed analysis bootstrapping from 5 images...
[2026-05-02T04:43:17Z] [SECTION] ============================================================
[2026-05-02T04:43:17Z] [INFO] 📤 PHASE: PUSH COMPONENTS TO TOLARIA
[2026-05-02T04:43:19Z] [INFO] 📦 Components pushed to Tolaria: 5
[2026-05-02T04:43:19Z] [SECTION] ============================================================
[2026-05-02T04:43:19Z] [INFO] 🧩 PHASE: COMPOSER - DOMAIN INTEGRATION SYNTHESIS
[2026-05-02T04:43:42Z] [INFO] 🎨 Domain integrations synthesized: 0
[2026-05-02T04:43:42Z] [SECTION] ============================================================
[2026-05-02T04:43:42Z] [INFO] 🚀 PHASE: ADVANCED OVERNIGHT LOOP
[2026-05-02T04:44:52Z] [INFO] 🔬 Advanced loop completed cycles: 0
[2026-05-02T04:44:52Z] [WARNING] ⚠️  Git commit skipped or failed (git not initialized?): Command '['git', '-C', '/home/avalonas/.hermes/gematria/unified_overnight_research', 'add', '.']' returned non-zero exit status 128.
[2026-05-02T04:44:52Z] [INFO] 
📊 CYCLE #60 SUMMARY
[2026-05-02T04:44:52Z] [INFO] ✅ Successful tasks: 7/7
[2026-05-02T04:44:52Z] [INFO] ⏱️  Cycle duration: 95.37s
[2026-05-02T04:44:52Z] [INFO]    ⚠️ task: result
[2026-05-02T04:44:52Z] [INFO]    ⚠️ task: result
[2026-05-02T04:44:52Z] [INFO]    ⚠️ task: result
[2026-05-02T04:44:52Z] [INFO]    ⚠️ task: result
[2026-05-02T04:44:52Z] [INFO]    ⚠️ task: result
[2026-05-02T04:44:52Z] [INFO]    ⚠️ task: result
[2026-05-02T04:44:52Z] [INFO]    ⚠️ task: result
[2026-05-02T04:44:52Z] [HEADER] ================================================================================
[2026-05-02T04:44:52Z] [INFO] 🔄 OVERNIGHT RESEARCH PIPELINE - CYCLE #61
[2026-05-02T04:44:52Z] [INFO] ================================================================================
[2026-05-02T04:44:52Z] [HEADER] ============================================================
[2026-05-02T04:44:52Z] [INFO] 🌙 STARTING OVERNIGHT RESEARCH CYCLE #61
[2026-05-02T04:44:52Z] [INFO] 🔍 Running overnight research protocol (web scraping + cross-symbol analysis)...
[2026-05-02T04:44:52Z] [INFO] 📊 Cycle duration: 0.13s, Files generated: 0
[2026-05-02T04:44:52Z] [WARNING] ⚠️ Database not initialized for cycle counting
[2026-05-02T04:44:52Z] [INFO] 💾 Database updated with cycle results
[2026-05-02T04:44:52Z] [SECTION] ============================================================
[2026-05-02T04:44:52Z] [INFO] 🔮 PHASE: HIDDEN LAYERING DETECTION
[2026-05-02T04:44:52Z] [INFO] 🔗 Hidden layering detection complete. Connections identified: 2
[2026-05-02T04:44:52Z] [SECTION] ============================================================
[2026-05-02T04:44:52Z] [INFO] 🔬 PHASE: DOMAIN CORRELATION ANALYSIS
[2026-05-02T04:44:52Z] [INFO] 📊 Domain correlation matrices created: 2
[2026-05-02T04:44:52Z] [SECTION] ============================================================
[2026-05-02T04:44:52Z] [INFO] 🖼️  PHASE: IMAGE-SEED ANALYSIS
[2026-05-02T04:44:52Z] [INFO] 📂 Image seed analysis bootstrapping from 5 images...
[2026-05-02T04:44:53Z] [SECTION] ============================================================
[2026-05-02T04:44:53Z] [INFO] 📤 PHASE: PUSH COMPONENTS TO TOLARIA
[2026-05-02T04:44:54Z] [INFO] 📦 Components pushed to Tolaria: 5
[2026-05-02T04:44:54Z] [SECTION] ============================================================
[2026-05-02T04:44:54Z] [INFO] 🧩 PHASE: COMPOSER - DOMAIN INTEGRATION SYNTHESIS
[2026-05-02T04:45:15Z] [INFO] 🎨 Domain integrations synthesized: 0
[2026-05-02T04:45:15Z] [SECTION] ============================================================
[2026-05-02T04:45:15Z] [INFO] 🚀 PHASE: ADVANCED OVERNIGHT LOOP
[2026-05-02T04:46:21Z] [INFO] 🔬 Advanced loop completed cycles: 0
[2026-05-02T04:46:21Z] [WARNING] ⚠️  Git commit skipped or failed (git not initialized?): Command '['git', '-C', '/home/avalonas/.hermes/gematria/unified_overnight_research', 'add', '.']' returned non-zero exit status 128.
[2026-05-02T04:46:21Z] [INFO] 
📊 CYCLE #61 SUMMARY
[2026-05-02T04:46:21Z] [INFO] ✅ Successful tasks: 7/7
[2026-05-02T04:46:21Z] [INFO] ⏱️  Cycle duration: 89.13s
[2026-05-02T04:46:21Z] [INFO]    ⚠️ task: result
[2026-05-02T04:46:21Z] [INFO]    ⚠️ task: result
[2026-05-02T04:46:21Z] [INFO]    ⚠️ task: result
[2026-05-02T04:46:21Z] [INFO]    ⚠️ task: result
[2026-05-02T04:46:21Z] [INFO]    ⚠️ task: result
[2026-05-02T04:46:21Z] [INFO]    ⚠️ task: result
[2026-05-02T04:46:21Z] [INFO]    ⚠️ task: result
[2026-05-02T04:46:21Z] [HEADER] ================================================================================
[2026-05-02T04:46:21Z] [INFO] 🔄 OVERNIGHT RESEARCH PIPELINE - CYCLE #62
[2026-05-02T04:46:21Z] [INFO] ================================================================================
[2026-05-02T04:46:21Z] [HEADER] ============================================================
[2026-05-02T04:46:21Z] [INFO] 🌙 STARTING OVERNIGHT RESEARCH CYCLE #62
[2026-05-02T04:46:21Z] [INFO] 🔍 Running overnight research protocol (web scraping + cross-symbol analysis)...
[2026-05-02T04:46:21Z] [INFO] 📊 Cycle duration: 0.10s, Files generated: 0
[2026-05-02T04:46:21Z] [WARNING] ⚠️ Database not initialized for cycle counting
[2026-05-02T04:46:21Z] [INFO] 💾 Database updated with cycle results
[2026-05-02T04:46:21Z] [SECTION] ============================================================
[2026-05-02T04:46:21Z] [INFO] 🔮 PHASE: HIDDEN LAYERING DETECTION
[2026-05-02T04:46:22Z] [INFO] 🔗 Hidden layering detection complete. Connections identified: 2
[2026-05-02T04:46:22Z] [SECTION] ============================================================
[2026-05-02T04:46:22Z] [INFO] 🔬 PHASE: DOMAIN CORRELATION ANALYSIS
[2026-05-02T04:46:22Z] [INFO] 📊 Domain correlation matrices created: 2
[2026-05-02T04:46:22Z] [SECTION] ============================================================
[2026-05-02T04:46:22Z] [INFO] 🖼️  PHASE: IMAGE-SEED ANALYSIS
[2026-05-02T04:46:22Z] [INFO] 📂 Image seed analysis bootstrapping from 5 images...
[2026-05-02T04:46:22Z] [SECTION] ============================================================
[2026-05-02T04:46:22Z] [INFO] 📤 PHASE: PUSH COMPONENTS TO TOLARIA
[2026-05-02T04:46:23Z] [INFO] 📦 Components pushed to Tolaria: 5
[2026-05-02T04:46:23Z] [SECTION] ============================================================
[2026-05-02T04:46:23Z] [INFO] 🧩 PHASE: COMPOSER - DOMAIN INTEGRATION SYNTHESIS
[2026-05-02T04:46:44Z] [INFO] 🎨 Domain integrations synthesized: 0
[2026-05-02T04:46:44Z] [SECTION] ============================================================
[2026-05-02T04:46:44Z] [INFO] 🚀 PHASE: ADVANCED OVERNIGHT LOOP
[2026-05-02T04:47:52Z] [INFO] 🔬 Advanced loop completed cycles: 0
[2026-05-02T04:47:52Z] [WARNING] ⚠️  Git commit skipped or failed (git not initialized?): Command '['git', '-C', '/home/avalonas/.hermes/gematria/unified_overnight_research', 'add', '.']' returned non-zero exit status 128.
[2026-05-02T04:47:52Z] [INFO] 
📊 CYCLE #62 SUMMARY
[2026-05-02T04:47:52Z] [INFO] ✅ Successful tasks: 7/7
[2026-05-02T04:47:52Z] [INFO] ⏱️  Cycle duration: 90.24s
[2026-05-02T04:47:52Z] [INFO]    ⚠️ task: result
[2026-05-02T04:47:52Z] [INFO]    ⚠️ task: result
[2026-05-02T04:47:52Z] [INFO]    ⚠️ task: result
[2026-05-02T04:47:52Z] [INFO]    ⚠️ task: result
[2026-05-02T04:47:52Z] [INFO]    ⚠️ task: result
[2026-05-02T04:47:52Z] [INFO]    ⚠️ task: result
[2026-05-02T04:47:52Z] [INFO]    ⚠️ task: result
[2026-05-02T04:47:52Z] [HEADER] ================================================================================
[2026-05-02T04:47:52Z] [INFO] 🔄 OVERNIGHT RESEARCH PIPELINE - CYCLE #63
[2026-05-02T04:47:52Z] [INFO] ================================================================================
[2026-05-02T04:47:52Z] [HEADER] ============================================================
[2026-05-02T04:47:52Z] [INFO] 🌙 STARTING OVERNIGHT RESEARCH CYCLE #63
[2026-05-02T04:47:52Z] [INFO] 🔍 Running overnight research protocol (web scraping + cross-symbol analysis)...
[2026-05-02T04:47:52Z] [INFO] 📊 Cycle duration: 0.10s, Files generated: 0
[2026-05-02T04:47:52Z] [WARNING] ⚠️ Database not initialized for cycle counting
[2026-05-02T04:47:52Z] [INFO] 💾 Database updated with cycle results
[2026-05-02T04:47:52Z] [SECTION] ============================================================
[2026-05-02T04:47:52Z] [INFO] 🔮 PHASE: HIDDEN LAYERING DETECTION
[2026-05-02T04:47:52Z] [INFO] 🔗 Hidden layering detection complete. Connections identified: 2
[2026-05-02T04:47:52Z] [SECTION] ============================================================
[2026-05-02T04:47:52Z] [INFO] 🔬 PHASE: DOMAIN CORRELATION ANALYSIS
[2026-05-02T04:47:52Z] [INFO] 📊 Domain correlation matrices created: 2
[2026-05-02T04:47:52Z] [SECTION] ============================================================
[2026-05-02T04:47:52Z] [INFO] 🖼️  PHASE: IMAGE-SEED ANALYSIS
[2026-05-02T04:47:52Z] [INFO] 📂 Image seed analysis bootstrapping from 5 images...
[2026-05-02T04:47:52Z] [SECTION] ============================================================
[2026-05-02T04:47:52Z] [INFO] 📤 PHASE: PUSH COMPONENTS TO TOLARIA
[2026-05-02T04:47:53Z] [INFO] 📦 Components pushed to Tolaria: 5
[2026-05-02T04:47:53Z] [SECTION] ============================================================
[2026-05-02T04:47:53Z] [INFO] 🧩 PHASE: COMPOSER - DOMAIN INTEGRATION SYNTHESIS
[2026-05-02T04:48:14Z] [INFO] 🎨 Domain integrations synthesized: 0
[2026-05-02T04:48:14Z] [SECTION] ============================================================
[2026-05-02T04:48:14Z] [INFO] 🚀 PHASE: ADVANCED OVERNIGHT LOOP
[2026-05-02T04:49:21Z] [INFO] 🔬 Advanced loop completed cycles: 0
[2026-05-02T04:49:21Z] [WARNING] ⚠️  Git commit skipped or failed (git not initialized?): Command '['git', '-C', '/home/avalonas/.hermes/gematria/unified_overnight_research', 'add', '.']' returned non-zero exit status 128.
[2026-05-02T04:49:21Z] [INFO] 
📊 CYCLE #63 SUMMARY
[2026-05-02T04:49:21Z] [INFO] ✅ Successful tasks: 7/7
[2026-05-02T04:49:21Z] [INFO] ⏱️  Cycle duration: 89.36s
[2026-05-02T04:49:21Z] [INFO]    ⚠️ task: result
[2026-05-02T04:49:21Z] [INFO]    ⚠️ task: result
[2026-05-02T04:49:21Z] [INFO]    ⚠️ task: result
[2026-05-02T04:49:21Z] [INFO]    ⚠️ task: result
[2026-05-02T04:49:21Z] [INFO]    ⚠️ task: result
[2026-05-02T04:49:21Z] [INFO]    ⚠️ task: result
[2026-05-02T04:49:21Z] [INFO]    ⚠️ task: result
[2026-05-02T04:49:21Z] [HEADER] ================================================================================
[2026-05-02T04:49:21Z] [INFO] 🔄 OVERNIGHT RESEARCH PIPELINE - CYCLE #64
[2026-05-02T04:49:21Z] [INFO] ================================================================================
[2026-05-02T04:49:21Z] [HEADER] ============================================================
[2026-05-02T04:49:21Z] [INFO] 🌙 STARTING OVERNIGHT RESEARCH CYCLE #64
[2026-05-02T04:49:21Z] [INFO] 🔍 Running overnight research protocol (web scraping + cross-symbol analysis)...
[2026-05-02T04:49:21Z] [INFO] 📊 Cycle duration: 0.10s, Files generated: 0
[2026-05-02T04:49:21Z] [WARNING] ⚠️ Database not initialized for cycle counting
[2026-05-02T04:49:21Z] [INFO] 💾 Database updated with cycle results
[2026-05-02T04:49:21Z] [SECTION] ============================================================
[2026-05-02T04:49:21Z] [INFO] 🔮 PHASE: HIDDEN LAYERING DETECTION
[2026-05-02T04:49:21Z] [INFO] 🔗 Hidden layering detection complete. Connections identified: 2
[2026-05-02T04:49:21Z] [SECTION] ============================================================
[2026-05-02T04:49:21Z] [INFO] 🔬 PHASE: DOMAIN CORRELATION ANALYSIS
[2026-05-02T04:49:21Z] [INFO] 📊 Domain correlation matrices created: 2
[2026-05-02T04:49:21Z] [SECTION] ============================================================
[2026-05-02T04:49:21Z] [INFO] 🖼️  PHASE: IMAGE-SEED ANALYSIS
[2026-05-02T04:49:21Z] [INFO] 📂 Image seed analysis bootstrapping from 5 images...
[2026-05-02T04:49:21Z] [SECTION] ============================================================
[2026-05-02T04:49:21Z] [INFO] 📤 PHASE: PUSH COMPONENTS TO TOLARIA
[2026-05-02T04:49:22Z] [INFO] 📦 Components pushed to Tolaria: 5
[2026-05-02T04:49:22Z] [SECTION] ============================================================
[2026-05-02T04:49:22Z] [INFO] 🧩 PHASE: COMPOSER - DOMAIN INTEGRATION SYNTHESIS
[2026-05-02T04:49:43Z] [INFO] 🎨 Domain integrations synthesized: 0
[2026-05-02T04:49:43Z] [SECTION] ============================================================
[2026-05-02T04:49:43Z] [INFO] 🚀 PHASE: ADVANCED OVERNIGHT LOOP
[2026-05-02T04:50:50Z] [INFO] 🔬 Advanced loop completed cycles: 0
[2026-05-02T04:50:50Z] [WARNING] ⚠️  Git commit skipped or failed (git not initialized?): Command '['git', '-C', '/home/avalonas/.hermes/gematria/unified_overnight_research', 'add', '.']' returned non-zero exit status 128.
[2026-05-02T04:50:50Z] [INFO] 
📊 CYCLE #64 SUMMARY
[2026-05-02T04:50:50Z] [INFO] ✅ Successful tasks: 7/7
[2026-05-02T04:50:50Z] [INFO] ⏱️  Cycle duration: 89.13s
[2026-05-02T04:50:50Z] [INFO]    ⚠️ task: result
[2026-05-02T04:50:50Z] [INFO]    ⚠️ task: result
[2026-05-02T04:50:50Z] [INFO]    ⚠️ task: result
[2026-05-02T04:50:50Z] [INFO]    ⚠️ task: result
[2026-05-02T04:50:50Z] [INFO]    ⚠️ task: result
[2026-05-02T04:50:50Z] [INFO]    ⚠️ task: result
[2026-05-02T04:50:50Z] [INFO]    ⚠️ task: result
[2026-05-02T04:50:50Z] [HEADER] ================================================================================
[2026-05-02T04:50:50Z] [INFO] 🔄 OVERNIGHT RESEARCH PIPELINE - CYCLE #65
[2026-05-02T04:50:50Z] [INFO] ================================================================================
[2026-05-02T04:50:50Z] [HEADER] ============================================================
[2026-05-02T04:50:50Z] [INFO] 🌙 STARTING OVERNIGHT RESEARCH CYCLE #65
[2026-05-02T04:50:50Z] [INFO] 🔍 Running overnight research protocol (web scraping + cross-symbol analysis)...
[2026-05-02T04:50:50Z] [INFO] 📊 Cycle duration: 0.10s, Files generated: 0
[2026-05-02T04:50:50Z] [WARNING] ⚠️ Database not initialized for cycle counting
[2026-05-02T04:50:50Z] [INFO] 💾 Database updated with cycle results
[2026-05-02T04:50:50Z] [SECTION] ============================================================
[2026-05-02T04:50:50Z] [INFO] 🔮 PHASE: HIDDEN LAYERING DETECTION
[2026-05-02T04:50:50Z] [INFO] 🔗 Hidden layering detection complete. Connections identified: 2
[2026-05-02T04:50:50Z] [SECTION] ============================================================
[2026-05-02T04:50:50Z] [INFO] 🔬 PHASE: DOMAIN CORRELATION ANALYSIS
[2026-05-02T04:50:50Z] [INFO] 📊 Domain correlation matrices created: 2
[2026-05-02T04:50:50Z] [SECTION] ============================================================
[2026-05-02T04:50:50Z] [INFO] 🖼️  PHASE: IMAGE-SEED ANALYSIS
[2026-05-02T04:50:50Z] [INFO] 📂 Image seed analysis bootstrapping from 5 images...
[2026-05-02T04:50:50Z] [SECTION] ============================================================
[2026-05-02T04:50:50Z] [INFO] 📤 PHASE: PUSH COMPONENTS TO TOLARIA
[2026-05-02T04:50:51Z] [INFO] 📦 Components pushed to Tolaria: 5
[2026-05-02T04:50:51Z] [SECTION] ============================================================
[2026-05-02T04:50:51Z] [INFO] 🧩 PHASE: COMPOSER - DOMAIN INTEGRATION SYNTHESIS
[2026-05-02T04:51:13Z] [INFO] 🎨 Domain integrations synthesized: 0
[2026-05-02T04:51:13Z] [SECTION] ============================================================
[2026-05-02T04:51:13Z] [INFO] 🚀 PHASE: ADVANCED OVERNIGHT LOOP
[2026-05-02T04:52:20Z] [INFO] 🔬 Advanced loop completed cycles: 0
[2026-05-02T04:52:20Z] [WARNING] ⚠️  Git commit skipped or failed (git not initialized?): Command '['git', '-C', '/home/avalonas/.hermes/gematria/unified_overnight_research', 'add', '.']' returned non-zero exit status 128.
[2026-05-02T04:52:20Z] [INFO] 
📊 CYCLE #65 SUMMARY
[2026-05-02T04:52:20Z] [INFO] ✅ Successful tasks: 7/7
[2026-05-02T04:52:20Z] [INFO] ⏱️  Cycle duration: 89.62s
[2026-05-02T04:52:20Z] [INFO]    ⚠️ task: result
[2026-05-02T04:52:20Z] [INFO]    ⚠️ task: result
[2026-05-02T04:52:20Z] [INFO]    ⚠️ task: result
[2026-05-02T04:52:20Z] [INFO]    ⚠️ task: result
[2026-05-02T04:52:20Z] [INFO]    ⚠️ task: result
[2026-05-02T04:52:20Z] [INFO]    ⚠️ task: result
[2026-05-02T04:52:20Z] [INFO]    ⚠️ task: result
[2026-05-02T04:52:20Z] [HEADER] ================================================================================
[2026-05-02T04:52:20Z] [INFO] 🔄 OVERNIGHT RESEARCH PIPELINE - CYCLE #66
[2026-05-02T04:52:20Z] [INFO] ================================================================================
[2026-05-02T04:52:20Z] [HEADER] ============================================================
[2026-05-02T04:52:20Z] [INFO] 🌙 STARTING OVERNIGHT RESEARCH CYCLE #66
[2026-05-02T04:52:20Z] [INFO] 🔍 Running overnight research protocol (web scraping + cross-symbol analysis)...
[2026-05-02T04:52:20Z] [INFO] 📊 Cycle duration: 0.11s, Files generated: 0
[2026-05-02T04:52:20Z] [WARNING] ⚠️ Database not initialized for cycle counting
[2026-05-02T04:52:20Z] [INFO] 💾 Database updated with cycle results
[2026-05-02T04:52:20Z] [SECTION] ============================================================
[2026-05-02T04:52:20Z] [INFO] 🔮 PHASE: HIDDEN LAYERING DETECTION
[2026-05-02T04:52:20Z] [INFO] 🔗 Hidden layering detection complete. Connections identified: 2
[2026-05-02T04:52:20Z] [SECTION] ============================================================
[2026-05-02T04:52:20Z] [INFO] 🔬 PHASE: DOMAIN CORRELATION ANALYSIS
[2026-05-02T04:52:20Z] [INFO] 📊 Domain correlation matrices created: 2
[2026-05-02T04:52:20Z] [SECTION] ============================================================
[2026-05-02T04:52:20Z] [INFO] 🖼️  PHASE: IMAGE-SEED ANALYSIS
[2026-05-02T04:52:20Z] [INFO] 📂 Image seed analysis bootstrapping from 5 images...
[2026-05-02T04:52:20Z] [SECTION] ============================================================
[2026-05-02T04:52:20Z] [INFO] 📤 PHASE: PUSH COMPONENTS TO TOLARIA
[2026-05-02T04:52:22Z] [INFO] 📦 Components pushed to Tolaria: 5
[2026-05-02T04:52:22Z] [SECTION] ============================================================
[2026-05-02T04:52:22Z] [INFO] 🧩 PHASE: COMPOSER - DOMAIN INTEGRATION SYNTHESIS
[2026-05-02T04:52:43Z] [INFO] 🎨 Domain integrations synthesized: 0
[2026-05-02T04:52:43Z] [SECTION] ============================================================
[2026-05-02T04:52:43Z] [INFO] 🚀 PHASE: ADVANCED OVERNIGHT LOOP
[2026-05-02T04:53:49Z] [INFO] 🔬 Advanced loop completed cycles: 0
[2026-05-02T04:53:49Z] [WARNING] ⚠️  Git commit skipped or failed (git not initialized?): Command '['git', '-C', '/home/avalonas/.hermes/gematria/unified_overnight_research', 'add', '.']' returned non-zero exit status 128.
[2026-05-02T04:53:49Z] [INFO] 
📊 CYCLE #66 SUMMARY
[2026-05-02T04:53:49Z] [INFO] ✅ Successful tasks: 7/7
[2026-05-02T04:53:49Z] [INFO] ⏱️  Cycle duration: 88.89s
[2026-05-02T04:53:49Z] [INFO]    ⚠️ task: result
[2026-05-02T04:53:49Z] [INFO]    ⚠️ task: result
[2026-05-02T04:53:49Z] [INFO]    ⚠️ task: result
[2026-05-02T04:53:49Z] [INFO]    ⚠️ task: result
[2026-05-02T04:53:49Z] [INFO]    ⚠️ task: result
[2026-05-02T04:53:49Z] [INFO]    ⚠️ task: result
[2026-05-02T04:53:49Z] [INFO]    ⚠️ task: result
[2026-05-02T04:53:49Z] [HEADER] ================================================================================
[2026-05-02T04:53:49Z] [INFO] 🔄 OVERNIGHT RESEARCH PIPELINE - CYCLE #67
[2026-05-02T04:53:49Z] [INFO] ================================================================================
[2026-05-02T04:53:49Z] [HEADER] ============================================================
[2026-05-02T04:53:49Z] [INFO] 🌙 STARTING OVERNIGHT RESEARCH CYCLE #67
[2026-05-02T04:53:49Z] [INFO] 🔍 Running overnight research protocol (web scraping + cross-symbol analysis)...
[2026-05-02T04:53:49Z] [INFO] 📊 Cycle duration: 0.14s, Files generated: 0
[2026-05-02T04:53:49Z] [WARNING] ⚠️ Database not initialized for cycle counting
[2026-05-02T04:53:49Z] [INFO] 💾 Database updated with cycle results
[2026-05-02T04:53:49Z] [SECTION] ============================================================
[2026-05-02T04:53:49Z] [INFO] 🔮 PHASE: HIDDEN LAYERING DETECTION
[2026-05-02T04:53:49Z] [INFO] 🔗 Hidden layering detection complete. Connections identified: 2
[2026-05-02T04:53:49Z] [SECTION] ============================================================
[2026-05-02T04:53:49Z] [INFO] 🔬 PHASE: DOMAIN CORRELATION ANALYSIS
[2026-05-02T04:53:49Z] [INFO] 📊 Domain correlation matrices created: 2
[2026-05-02T04:53:49Z] [SECTION] ============================================================
[2026-05-02T04:53:49Z] [INFO] 🖼️  PHASE: IMAGE-SEED ANALYSIS
[2026-05-02T04:53:49Z] [INFO] 📂 Image seed analysis bootstrapping from 5 images...
[2026-05-02T04:53:49Z] [SECTION] ============================================================
[2026-05-02T04:53:49Z] [INFO] 📤 PHASE: PUSH COMPONENTS TO TOLARIA
[2026-05-02T04:53:50Z] [INFO] 📦 Components pushed to Tolaria: 5
[2026-05-02T04:53:50Z] [SECTION] ============================================================
[2026-05-02T04:53:50Z] [INFO] 🧩 PHASE: COMPOSER - DOMAIN INTEGRATION SYNTHESIS
[2026-05-02T04:54:11Z] [INFO] 🎨 Domain integrations synthesized: 0
[2026-05-02T04:54:11Z] [SECTION] ============================================================
[2026-05-02T04:54:11Z] [INFO] 🚀 PHASE: ADVANCED OVERNIGHT LOOP
[2026-05-02T04:55:18Z] [INFO] 🔬 Advanced loop completed cycles: 0
[2026-05-02T04:55:18Z] [WARNING] ⚠️  Git commit skipped or failed (git not initialized?): Command '['git', '-C', '/home/avalonas/.hermes/gematria/unified_overnight_research', 'add', '.']' returned non-zero exit status 128.
[2026-05-02T04:55:18Z] [INFO] 
📊 CYCLE #67 SUMMARY
[2026-05-02T04:55:18Z] [INFO] ✅ Successful tasks: 7/7
[2026-05-02T04:55:18Z] [INFO] ⏱️  Cycle duration: 89.47s
[2026-05-02T04:55:18Z] [INFO]    ⚠️ task: result
[2026-05-02T04:55:18Z] [INFO]    ⚠️ task: result
[2026-05-02T04:55:18Z] [INFO]    ⚠️ task: result
[2026-05-02T04:55:18Z] [INFO]    ⚠️ task: result
[2026-05-02T04:55:18Z] [INFO]    ⚠️ task: result
[2026-05-02T04:55:18Z] [INFO]    ⚠️ task: result
[2026-05-02T04:55:18Z] [INFO]    ⚠️ task: result
[2026-05-02T04:55:18Z] [HEADER] ================================================================================
[2026-05-02T04:55:18Z] [INFO] 🔄 OVERNIGHT RESEARCH PIPELINE - CYCLE #68
[2026-05-02T04:55:18Z] [INFO] ================================================================================
[2026-05-02T04:55:18Z] [HEADER] ============================================================
[2026-05-02T04:55:18Z] [INFO] 🌙 STARTING OVERNIGHT RESEARCH CYCLE #68
[2026-05-02T04:55:18Z] [INFO] 🔍 Running overnight research protocol (web scraping + cross-symbol analysis)...
[2026-05-02T04:55:18Z] [INFO] 📊 Cycle duration: 0.11s, Files generated: 0
[2026-05-02T04:55:18Z] [WARNING] ⚠️ Database not initialized for cycle counting
[2026-05-02T04:55:18Z] [INFO] 💾 Database updated with cycle results
[2026-05-02T04:55:18Z] [SECTION] ============================================================
[2026-05-02T04:55:18Z] [INFO] 🔮 PHASE: HIDDEN LAYERING DETECTION
[2026-05-02T04:55:18Z] [INFO] 🔗 Hidden layering detection complete. Connections identified: 2
[2026-05-02T04:55:18Z] [SECTION] ============================================================
[2026-05-02T04:55:18Z] [INFO] 🔬 PHASE: DOMAIN CORRELATION ANALYSIS
[2026-05-02T04:55:18Z] [INFO] 📊 Domain correlation matrices created: 2
[2026-05-02T04:55:18Z] [SECTION] ============================================================
[2026-05-02T04:55:18Z] [INFO] 🖼️  PHASE: IMAGE-SEED ANALYSIS
[2026-05-02T04:55:18Z] [INFO] 📂 Image seed analysis bootstrapping from 5 images...
[2026-05-02T04:55:18Z] [SECTION] ============================================================
[2026-05-02T04:55:18Z] [INFO] 📤 PHASE: PUSH COMPONENTS TO TOLARIA
[2026-05-02T04:55:19Z] [INFO] 📦 Components pushed to Tolaria: 5
[2026-05-02T04:55:19Z] [SECTION] ============================================================
[2026-05-02T04:55:19Z] [INFO] 🧩 PHASE: COMPOSER - DOMAIN INTEGRATION SYNTHESIS
[2026-05-02T04:55:40Z] [INFO] 🎨 Domain integrations synthesized: 0
[2026-05-02T04:55:40Z] [SECTION] ============================================================
[2026-05-02T04:55:40Z] [INFO] 🚀 PHASE: ADVANCED OVERNIGHT LOOP
[2026-05-02T04:56:46Z] [INFO] 🔬 Advanced loop completed cycles: 0
[2026-05-02T04:56:46Z] [WARNING] ⚠️  Git commit skipped or failed (git not initialized?): Command '['git', '-C', '/home/avalonas/.hermes/gematria/unified_overnight_research', 'add', '.']' returned non-zero exit status 128.
[2026-05-02T04:56:46Z] [INFO] 
📊 CYCLE #68 SUMMARY
[2026-05-02T04:56:46Z] [INFO] ✅ Successful tasks: 7/7
[2026-05-02T04:56:46Z] [INFO] ⏱️  Cycle duration: 88.02s
[2026-05-02T04:56:46Z] [INFO]    ⚠️ task: result
[2026-05-02T04:56:46Z] [INFO]    ⚠️ task: result
[2026-05-02T04:56:46Z] [INFO]    ⚠️ task: result
[2026-05-02T04:56:46Z] [INFO]    ⚠️ task: result
[2026-05-02T04:56:46Z] [INFO]    ⚠️ task: result
[2026-05-02T04:56:46Z] [INFO]    ⚠️ task: result
[2026-05-02T04:56:46Z] [INFO]    ⚠️ task: result
[2026-05-02T04:56:46Z] [HEADER] ================================================================================
[2026-05-02T04:56:46Z] [INFO] 🔄 OVERNIGHT RESEARCH PIPELINE - CYCLE #69
[2026-05-02T04:56:46Z] [INFO] ================================================================================
[2026-05-02T04:56:46Z] [HEADER] ============================================================
[2026-05-02T04:56:46Z] [INFO] 🌙 STARTING OVERNIGHT RESEARCH CYCLE #69
[2026-05-02T04:56:46Z] [INFO] 🔍 Running overnight research protocol (web scraping + cross-symbol analysis)...
[2026-05-02T04:56:46Z] [INFO] 📊 Cycle duration: 0.10s, Files generated: 0
[2026-05-02T04:56:46Z] [WARNING] ⚠️ Database not initialized for cycle counting
[2026-05-02T04:56:46Z] [INFO] 💾 Database updated with cycle results
[2026-05-02T04:56:46Z] [SECTION] ============================================================
[2026-05-02T04:56:46Z] [INFO] 🔮 PHASE: HIDDEN LAYERING DETECTION
[2026-05-02T04:56:46Z] [INFO] 🔗 Hidden layering detection complete. Connections identified: 2
[2026-05-02T04:56:46Z] [SECTION] ============================================================
[2026-05-02T04:56:46Z] [INFO] 🔬 PHASE: DOMAIN CORRELATION ANALYSIS
[2026-05-02T04:56:46Z] [INFO] 📊 Domain correlation matrices created: 2
[2026-05-02T04:56:46Z] [SECTION] ============================================================
[2026-05-02T04:56:46Z] [INFO] 🖼️  PHASE: IMAGE-SEED ANALYSIS
[2026-05-02T04:56:46Z] [INFO] 📂 Image seed analysis bootstrapping from 5 images...
[2026-05-02T04:56:46Z] [SECTION] ============================================================
[2026-05-02T04:56:46Z] [INFO] 📤 PHASE: PUSH COMPONENTS TO TOLARIA
[2026-05-02T04:56:47Z] [INFO] 📦 Components pushed to Tolaria: 5
[2026-05-02T04:56:47Z] [SECTION] ============================================================
[2026-05-02T04:56:47Z] [INFO] 🧩 PHASE: COMPOSER - DOMAIN INTEGRATION SYNTHESIS
[2026-05-02T04:57:09Z] [INFO] 🎨 Domain integrations synthesized: 0
[2026-05-02T04:57:09Z] [SECTION] ============================================================
[2026-05-02T04:57:09Z] [INFO] 🚀 PHASE: ADVANCED OVERNIGHT LOOP
[2026-05-02T04:58:16Z] [INFO] 🔬 Advanced loop completed cycles: 0
[2026-05-02T04:58:16Z] [WARNING] ⚠️  Git commit skipped or failed (git not initialized?): Command '['git', '-C', '/home/avalonas/.hermes/gematria/unified_overnight_research', 'add', '.']' returned non-zero exit status 128.
[2026-05-02T04:58:16Z] [INFO] 
📊 CYCLE #69 SUMMARY
[2026-05-02T04:58:16Z] [INFO] ✅ Successful tasks: 7/7
[2026-05-02T04:58:16Z] [INFO] ⏱️  Cycle duration: 89.50s
[2026-05-02T04:58:16Z] [INFO]    ⚠️ task: result
[2026-05-02T04:58:16Z] [INFO]    ⚠️ task: result
[2026-05-02T04:58:16Z] [INFO]    ⚠️ task: result
[2026-05-02T04:58:16Z] [INFO]    ⚠️ task: result
[2026-05-02T04:58:16Z] [INFO]    ⚠️ task: result
[2026-05-02T04:58:16Z] [INFO]    ⚠️ task: result
[2026-05-02T04:58:16Z] [INFO]    ⚠️ task: result
[2026-05-02T04:58:16Z] [HEADER] ================================================================================
[2026-05-02T04:58:16Z] [INFO] 🔄 OVERNIGHT RESEARCH PIPELINE - CYCLE #70
[2026-05-02T04:58:16Z] [INFO] ================================================================================
[2026-05-02T04:58:16Z] [HEADER] ============================================================
[2026-05-02T04:58:16Z] [INFO] 🌙 STARTING OVERNIGHT RESEARCH CYCLE #70
[2026-05-02T04:58:16Z] [INFO] 🔍 Running overnight research protocol (web scraping + cross-symbol analysis)...
[2026-05-02T04:58:16Z] [INFO] 📊 Cycle duration: 0.10s, Files generated: 0
[2026-05-02T04:58:16Z] [WARNING] ⚠️ Database not initialized for cycle counting
[2026-05-02T04:58:16Z] [INFO] 💾 Database updated with cycle results
[2026-05-02T04:58:16Z] [SECTION] ============================================================
[2026-05-02T04:58:16Z] [INFO] 🔮 PHASE: HIDDEN LAYERING DETECTION
[2026-05-02T04:58:16Z] [INFO] 🔗 Hidden layering detection complete. Connections identified: 2
[2026-05-02T04:58:16Z] [SECTION] ============================================================
[2026-05-02T04:58:16Z] [INFO] 🔬 PHASE: DOMAIN CORRELATION ANALYSIS
[2026-05-02T04:58:16Z] [INFO] 📊 Domain correlation matrices created: 2
[2026-05-02T04:58:16Z] [SECTION] ============================================================
[2026-05-02T04:58:16Z] [INFO] 🖼️  PHASE: IMAGE-SEED ANALYSIS
[2026-05-02T04:58:16Z] [INFO] 📂 Image seed analysis bootstrapping from 5 images...
[2026-05-02T04:58:16Z] [SECTION] ============================================================
[2026-05-02T04:58:16Z] [INFO] 📤 PHASE: PUSH COMPONENTS TO TOLARIA
[2026-05-02T04:58:17Z] [INFO] 📦 Components pushed to Tolaria: 5
[2026-05-02T04:58:17Z] [SECTION] ============================================================
[2026-05-02T04:58:17Z] [INFO] 🧩 PHASE: COMPOSER - DOMAIN INTEGRATION SYNTHESIS
[2026-05-02T04:58:38Z] [INFO] 🎨 Domain integrations synthesized: 0
[2026-05-02T04:58:38Z] [SECTION] ============================================================
[2026-05-02T04:58:38Z] [INFO] 🚀 PHASE: ADVANCED OVERNIGHT LOOP
[2026-05-02T04:59:45Z] [INFO] 🔬 Advanced loop completed cycles: 0
[2026-05-02T04:59:45Z] [WARNING] ⚠️  Git commit skipped or failed (git not initialized?): Command '['git', '-C', '/home/avalonas/.hermes/gematria/unified_overnight_research', 'add', '.']' returned non-zero exit status 128.
[2026-05-02T04:59:45Z] [INFO] 
📊 CYCLE #70 SUMMARY
[2026-05-02T04:59:45Z] [INFO] ✅ Successful tasks: 7/7
[2026-05-02T04:59:45Z] [INFO] ⏱️  Cycle duration: 89.50s
[2026-05-02T04:59:45Z] [INFO]    ⚠️ task: result
[2026-05-02T04:59:45Z] [INFO]    ⚠️ task: result
[2026-05-02T04:59:45Z] [INFO]    ⚠️ task: result
[2026-05-02T04:59:45Z] [INFO]    ⚠️ task: result
[2026-05-02T04:59:45Z] [INFO]    ⚠️ task: result
[2026-05-02T04:59:45Z] [INFO]    ⚠️ task: result
[2026-05-02T04:59:45Z] [INFO]    ⚠️ task: result
[2026-05-02T04:59:45Z] [HEADER] ================================================================================
[2026-05-02T04:59:45Z] [INFO] 🔄 OVERNIGHT RESEARCH PIPELINE - CYCLE #71
[2026-05-02T04:59:45Z] [INFO] ================================================================================
[2026-05-02T04:59:45Z] [HEADER] ============================================================
[2026-05-02T04:59:45Z] [INFO] 🌙 STARTING OVERNIGHT RESEARCH CYCLE #71
[2026-05-02T04:59:45Z] [INFO] 🔍 Running overnight research protocol (web scraping + cross-symbol analysis)...
[2026-05-02T04:59:45Z] [INFO] 📊 Cycle duration: 0.12s, Files generated: 0
[2026-05-02T04:59:45Z] [WARNING] ⚠️ Database not initialized for cycle counting
[2026-05-02T04:59:45Z] [INFO] 💾 Database updated with cycle results
[2026-05-02T04:59:45Z] [SECTION] ============================================================
[2026-05-02T04:59:45Z] [INFO] 🔮 PHASE: HIDDEN LAYERING DETECTION
[2026-05-02T04:59:45Z] [INFO] 🔗 Hidden layering detection complete. Connections identified: 2
[2026-05-02T04:59:45Z] [SECTION] ============================================================
[2026-05-02T04:59:45Z] [INFO] 🔬 PHASE: DOMAIN CORRELATION ANALYSIS
[2026-05-02T04:59:45Z] [INFO] 📊 Domain correlation matrices created: 2
[2026-05-02T04:59:45Z] [SECTION] ============================================================
[2026-05-02T04:59:45Z] [INFO] 🖼️  PHASE: IMAGE-SEED ANALYSIS
[2026-05-02T04:59:45Z] [INFO] 📂 Image seed analysis bootstrapping from 5 images...
[2026-05-02T04:59:45Z] [SECTION] ============================================================
[2026-05-02T04:59:45Z] [INFO] 📤 PHASE: PUSH COMPONENTS TO TOLARIA
[2026-05-02T04:59:46Z] [INFO] 📦 Components pushed to Tolaria: 5
[2026-05-02T04:59:46Z] [SECTION] ============================================================
[2026-05-02T04:59:46Z] [INFO] 🧩 PHASE: COMPOSER - DOMAIN INTEGRATION SYNTHESIS
[2026-05-02T05:00:08Z] [INFO] 🎨 Domain integrations synthesized: 0
[2026-05-02T05:00:08Z] [SECTION] ============================================================
[2026-05-02T05:00:08Z] [INFO] 🚀 PHASE: ADVANCED OVERNIGHT LOOP
[2026-05-02T05:01:14Z] [INFO] 🔬 Advanced loop completed cycles: 0
[2026-05-02T05:01:15Z] [WARNING] ⚠️  Git commit skipped or failed (git not initialized?): Command '['git', '-C', '/home/avalonas/.hermes/gematria/unified_overnight_research', 'add', '.']' returned non-zero exit status 128.
[2026-05-02T05:01:15Z] [INFO] 
📊 CYCLE #71 SUMMARY
[2026-05-02T05:01:15Z] [INFO] ✅ Successful tasks: 7/7
[2026-05-02T05:01:15Z] [INFO] ⏱️  Cycle duration: 89.36s
[2026-05-02T05:01:15Z] [INFO]    ⚠️ task: result
[2026-05-02T05:01:15Z] [INFO]    ⚠️ task: result
[2026-05-02T05:01:15Z] [INFO]    ⚠️ task: result
[2026-05-02T05:01:15Z] [INFO]    ⚠️ task: result
[2026-05-02T05:01:15Z] [INFO]    ⚠️ task: result
[2026-05-02T05:01:15Z] [INFO]    ⚠️ task: result
[2026-05-02T05:01:15Z] [INFO]    ⚠️ task: result
[2026-05-02T05:01:15Z] [HEADER] ================================================================================
[2026-05-02T05:01:15Z] [INFO] 🔄 OVERNIGHT RESEARCH PIPELINE - CYCLE #72
[2026-05-02T05:01:15Z] [INFO] ================================================================================
[2026-05-02T05:01:15Z] [HEADER] ============================================================
[2026-05-02T05:01:15Z] [INFO] 🌙 STARTING OVERNIGHT RESEARCH CYCLE #72
[2026-05-02T05:01:15Z] [INFO] 🔍 Running overnight research protocol (web scraping + cross-symbol analysis)...
[2026-05-02T05:01:15Z] [INFO] 📊 Cycle duration: 0.11s, Files generated: 0
[2026-05-02T05:01:15Z] [WARNING] ⚠️ Database not initialized for cycle counting
[2026-05-02T05:01:15Z] [INFO] 💾 Database updated with cycle results
[2026-05-02T05:01:15Z] [SECTION] ============================================================
[2026-05-02T05:01:15Z] [INFO] 🔮 PHASE: HIDDEN LAYERING DETECTION
[2026-05-02T05:01:15Z] [INFO] 🔗 Hidden layering detection complete. Connections identified: 2
[2026-05-02T05:01:15Z] [SECTION] ============================================================
[2026-05-02T05:01:15Z] [INFO] 🔬 PHASE: DOMAIN CORRELATION ANALYSIS
[2026-05-02T05:01:15Z] [INFO] 📊 Domain correlation matrices created: 2
[2026-05-02T05:01:15Z] [SECTION] ============================================================
[2026-05-02T05:01:15Z] [INFO] 🖼️  PHASE: IMAGE-SEED ANALYSIS
[2026-05-02T05:01:15Z] [INFO] 📂 Image seed analysis bootstrapping from 5 images...
[2026-05-02T05:01:15Z] [SECTION] ============================================================
[2026-05-02T05:01:15Z] [INFO] 📤 PHASE: PUSH COMPONENTS TO TOLARIA
[2026-05-02T05:01:16Z] [INFO] 📦 Components pushed to Tolaria: 5
[2026-05-02T05:01:16Z] [SECTION] ============================================================
[2026-05-02T05:01:16Z] [INFO] 🧩 PHASE: COMPOSER - DOMAIN INTEGRATION SYNTHESIS
[2026-05-02T05:01:37Z] [INFO] 🎨 Domain integrations synthesized: 0
[2026-05-02T05:01:37Z] [SECTION] ============================================================
[2026-05-02T05:01:37Z] [INFO] 🚀 PHASE: ADVANCED OVERNIGHT LOOP
[2026-05-02T05:02:43Z] [INFO] 🔬 Advanced loop completed cycles: 0
[2026-05-02T05:02:44Z] [WARNING] ⚠️  Git commit skipped or failed (git not initialized?): Command '['git', '-C', '/home/avalonas/.hermes/gematria/unified_overnight_research', 'add', '.']' returned non-zero exit status 128.
[2026-05-02T05:02:44Z] [INFO] 
📊 CYCLE #72 SUMMARY
[2026-05-02T05:02:44Z] [INFO] ✅ Successful tasks: 7/7
[2026-05-02T05:02:44Z] [INFO] ⏱️  Cycle duration: 89.00s
[2026-05-02T05:02:44Z] [INFO]    ⚠️ task: result
[2026-05-02T05:02:44Z] [INFO]    ⚠️ task: result
[2026-05-02T05:02:44Z] [INFO]    ⚠️ task: result
[2026-05-02T05:02:44Z] [INFO]    ⚠️ task: result
[2026-05-02T05:02:44Z] [INFO]    ⚠️ task: result
[2026-05-02T05:02:44Z] [INFO]    ⚠️ task: result
[2026-05-02T05:02:44Z] [INFO]    ⚠️ task: result
[2026-05-02T05:02:44Z] [HEADER] ================================================================================
[2026-05-02T05:02:44Z] [INFO] 🔄 OVERNIGHT RESEARCH PIPELINE - CYCLE #73
[2026-05-02T05:02:44Z] [INFO] ================================================================================
[2026-05-02T05:02:44Z] [HEADER] ============================================================
[2026-05-02T05:02:44Z] [INFO] 🌙 STARTING OVERNIGHT RESEARCH CYCLE #73
[2026-05-02T05:02:44Z] [INFO] 🔍 Running overnight research protocol (web scraping + cross-symbol analysis)...
[2026-05-02T05:02:44Z] [INFO] 📊 Cycle duration: 0.10s, Files generated: 0
[2026-05-02T05:02:44Z] [WARNING] ⚠️ Database not initialized for cycle counting
[2026-05-02T05:02:44Z] [INFO] 💾 Database updated with cycle results
[2026-05-02T05:02:44Z] [SECTION] ============================================================
[2026-05-02T05:02:44Z] [INFO] 🔮 PHASE: HIDDEN LAYERING DETECTION
[2026-05-02T05:02:44Z] [INFO] 🔗 Hidden layering detection complete. Connections identified: 2
[2026-05-02T05:02:44Z] [SECTION] ============================================================
[2026-05-02T05:02:44Z] [INFO] 🔬 PHASE: DOMAIN CORRELATION ANALYSIS
[2026-05-02T05:02:44Z] [INFO] 📊 Domain correlation matrices created: 2
[2026-05-02T05:02:44Z] [SECTION] ============================================================
[2026-05-02T05:02:44Z] [INFO] 🖼️  PHASE: IMAGE-SEED ANALYSIS
[2026-05-02T05:02:44Z] [INFO] 📂 Image seed analysis bootstrapping from 5 images...
[2026-05-02T05:02:44Z] [SECTION] ============================================================
[2026-05-02T05:02:44Z] [INFO] 📤 PHASE: PUSH COMPONENTS TO TOLARIA
[2026-05-02T05:02:45Z] [INFO] 📦 Components pushed to Tolaria: 5
[2026-05-02T05:02:45Z] [SECTION] ============================================================
[2026-05-02T05:02:45Z] [INFO] 🧩 PHASE: COMPOSER - DOMAIN INTEGRATION SYNTHESIS
[2026-05-02T05:03:06Z] [INFO] 🎨 Domain integrations synthesized: 0
[2026-05-02T05:03:06Z] [SECTION] ============================================================
[2026-05-02T05:03:06Z] [INFO] 🚀 PHASE: ADVANCED OVERNIGHT LOOP
[2026-05-02T05:04:12Z] [INFO] 🔬 Advanced loop completed cycles: 0
[2026-05-02T05:04:13Z] [WARNING] ⚠️  Git commit skipped or failed (git not initialized?): Command '['git', '-C', '/home/avalonas/.hermes/gematria/unified_overnight_research', 'add', '.']' returned non-zero exit status 128.
[2026-05-02T05:04:13Z] [INFO] 
📊 CYCLE #73 SUMMARY
[2026-05-02T05:04:13Z] [INFO] ✅ Successful tasks: 7/7
[2026-05-02T05:04:13Z] [INFO] ⏱️  Cycle duration: 89.00s
[2026-05-02T05:04:13Z] [INFO]    ⚠️ task: result
[2026-05-02T05:04:13Z] [INFO]    ⚠️ task: result
[2026-05-02T05:04:13Z] [INFO]    ⚠️ task: result
[2026-05-02T05:04:13Z] [INFO]    ⚠️ task: result
[2026-05-02T05:04:13Z] [INFO]    ⚠️ task: result
[2026-05-02T05:04:13Z] [INFO]    ⚠️ task: result
[2026-05-02T05:04:13Z] [INFO]    ⚠️ task: result
[2026-05-02T05:04:13Z] [HEADER] ================================================================================
[2026-05-02T05:04:13Z] [INFO] 🔄 OVERNIGHT RESEARCH PIPELINE - CYCLE #74
[2026-05-02T05:04:13Z] [INFO] ================================================================================
[2026-05-02T05:04:13Z] [HEADER] ============================================================
[2026-05-02T05:04:13Z] [INFO] 🌙 STARTING OVERNIGHT RESEARCH CYCLE #74
[2026-05-02T05:04:13Z] [INFO] 🔍 Running overnight research protocol (web scraping + cross-symbol analysis)...
[2026-05-02T05:04:13Z] [INFO] 📊 Cycle duration: 0.10s, Files generated: 0
[2026-05-02T05:04:13Z] [WARNING] ⚠️ Database not initialized for cycle counting
[2026-05-02T05:04:13Z] [INFO] 💾 Database updated with cycle results
[2026-05-02T05:04:13Z] [SECTION] ============================================================
[2026-05-02T05:04:13Z] [INFO] 🔮 PHASE: HIDDEN LAYERING DETECTION
[2026-05-02T05:04:13Z] [INFO] 🔗 Hidden layering detection complete. Connections identified: 2
[2026-05-02T05:04:13Z] [SECTION] ============================================================
[2026-05-02T05:04:13Z] [INFO] 🔬 PHASE: DOMAIN CORRELATION ANALYSIS
[2026-05-02T05:04:13Z] [INFO] 📊 Domain correlation matrices created: 2
[2026-05-02T05:04:13Z] [SECTION] ============================================================
[2026-05-02T05:04:13Z] [INFO] 🖼️  PHASE: IMAGE-SEED ANALYSIS
[2026-05-02T05:04:13Z] [INFO] 📂 Image seed analysis bootstrapping from 5 images...
[2026-05-02T05:04:13Z] [SECTION] ============================================================
[2026-05-02T05:04:13Z] [INFO] 📤 PHASE: PUSH COMPONENTS TO TOLARIA
[2026-05-02T05:04:14Z] [INFO] 📦 Components pushed to Tolaria: 5
[2026-05-02T05:04:14Z] [SECTION] ============================================================
[2026-05-02T05:04:14Z] [INFO] 🧩 PHASE: COMPOSER - DOMAIN INTEGRATION SYNTHESIS
[2026-05-02T05:04:35Z] [INFO] 🎨 Domain integrations synthesized: 0
[2026-05-02T05:04:35Z] [SECTION] ============================================================
[2026-05-02T05:04:35Z] [INFO] 🚀 PHASE: ADVANCED OVERNIGHT LOOP
[2026-05-02T05:05:42Z] [INFO] 🔬 Advanced loop completed cycles: 0
[2026-05-02T05:05:42Z] [WARNING] ⚠️  Git commit skipped or failed (git not initialized?): Command '['git', '-C', '/home/avalonas/.hermes/gematria/unified_overnight_research', 'add', '.']' returned non-zero exit status 128.
[2026-05-02T05:05:42Z] [INFO] 
📊 CYCLE #74 SUMMARY
[2026-05-02T05:05:42Z] [INFO] ✅ Successful tasks: 7/7
[2026-05-02T05:05:42Z] [INFO] ⏱️  Cycle duration: 89.25s
[2026-05-02T05:05:42Z] [INFO]    ⚠️ task: result
[2026-05-02T05:05:42Z] [INFO]    ⚠️ task: result
[2026-05-02T05:05:42Z] [INFO]    ⚠️ task: result
[2026-05-02T05:05:42Z] [INFO]    ⚠️ task: result
[2026-05-02T05:05:42Z] [INFO]    ⚠️ task: result
[2026-05-02T05:05:42Z] [INFO]    ⚠️ task: result
[2026-05-02T05:05:42Z] [INFO]    ⚠️ task: result
[2026-05-02T05:05:42Z] [HEADER] ================================================================================
[2026-05-02T05:05:42Z] [INFO] 🔄 OVERNIGHT RESEARCH PIPELINE - CYCLE #75
[2026-05-02T05:05:42Z] [INFO] ================================================================================
[2026-05-02T05:05:42Z] [HEADER] ============================================================
[2026-05-02T05:05:42Z] [INFO] 🌙 STARTING OVERNIGHT RESEARCH CYCLE #75
[2026-05-02T05:05:42Z] [INFO] 🔍 Running overnight research protocol (web scraping + cross-symbol analysis)...
[2026-05-02T05:05:42Z] [INFO] 📊 Cycle duration: 0.10s, Files generated: 0
[2026-05-02T05:05:42Z] [WARNING] ⚠️ Database not initialized for cycle counting
[2026-05-02T05:05:42Z] [INFO] 💾 Database updated with cycle results
[2026-05-02T05:05:42Z] [SECTION] ============================================================
[2026-05-02T05:05:42Z] [INFO] 🔮 PHASE: HIDDEN LAYERING DETECTION
[2026-05-02T05:05:42Z] [INFO] 🔗 Hidden layering detection complete. Connections identified: 2
[2026-05-02T05:05:42Z] [SECTION] ============================================================
[2026-05-02T05:05:42Z] [INFO] 🔬 PHASE: DOMAIN CORRELATION ANALYSIS
[2026-05-02T05:05:42Z] [INFO] 📊 Domain correlation matrices created: 2
[2026-05-02T05:05:42Z] [SECTION] ============================================================
[2026-05-02T05:05:42Z] [INFO] 🖼️  PHASE: IMAGE-SEED ANALYSIS
[2026-05-02T05:05:42Z] [INFO] 📂 Image seed analysis bootstrapping from 5 images...
[2026-05-02T05:05:42Z] [SECTION] ============================================================
[2026-05-02T05:05:42Z] [INFO] 📤 PHASE: PUSH COMPONENTS TO TOLARIA
[2026-05-02T05:05:43Z] [INFO] 📦 Components pushed to Tolaria: 5
[2026-05-02T05:05:43Z] [SECTION] ============================================================
[2026-05-02T05:05:43Z] [INFO] 🧩 PHASE: COMPOSER - DOMAIN INTEGRATION SYNTHESIS
[2026-05-02T05:06:04Z] [INFO] 🎨 Domain integrations synthesized: 0
[2026-05-02T05:06:04Z] [SECTION] ============================================================
[2026-05-02T05:06:04Z] [INFO] 🚀 PHASE: ADVANCED OVERNIGHT LOOP
[2026-05-02T05:07:14Z] [INFO] 🔬 Advanced loop completed cycles: 0
[2026-05-02T05:07:14Z] [WARNING] ⚠️  Git commit skipped or failed (git not initialized?): Command '['git', '-C', '/home/avalonas/.hermes/gematria/unified_overnight_research', 'add', '.']' returned non-zero exit status 128.
[2026-05-02T05:07:14Z] [INFO] 
📊 CYCLE #75 SUMMARY
[2026-05-02T05:07:14Z] [INFO] ✅ Successful tasks: 7/7
[2026-05-02T05:07:14Z] [INFO] ⏱️  Cycle duration: 92.46s
[2026-05-02T05:07:14Z] [INFO]    ⚠️ task: result
[2026-05-02T05:07:14Z] [INFO]    ⚠️ task: result
[2026-05-02T05:07:14Z] [INFO]    ⚠️ task: result
[2026-05-02T05:07:14Z] [INFO]    ⚠️ task: result
[2026-05-02T05:07:14Z] [INFO]    ⚠️ task: result
[2026-05-02T05:07:14Z] [INFO]    ⚠️ task: result
[2026-05-02T05:07:14Z] [INFO]    ⚠️ task: result
[2026-05-02T05:07:14Z] [HEADER] ================================================================================
[2026-05-02T05:07:14Z] [INFO] 🔄 OVERNIGHT RESEARCH PIPELINE - CYCLE #76
[2026-05-02T05:07:14Z] [INFO] ================================================================================
[2026-05-02T05:07:14Z] [HEADER] ============================================================
[2026-05-02T05:07:14Z] [INFO] 🌙 STARTING OVERNIGHT RESEARCH CYCLE #76
[2026-05-02T05:07:14Z] [INFO] 🔍 Running overnight research protocol (web scraping + cross-symbol analysis)...
[2026-05-02T05:07:14Z] [INFO] 📊 Cycle duration: 0.10s, Files generated: 0
[2026-05-02T05:07:14Z] [WARNING] ⚠️ Database not initialized for cycle counting
[2026-05-02T05:07:14Z] [INFO] 💾 Database updated with cycle results
[2026-05-02T05:07:14Z] [SECTION] ============================================================
[2026-05-02T05:07:14Z] [INFO] 🔮 PHASE: HIDDEN LAYERING DETECTION
[2026-05-02T05:07:14Z] [INFO] 🔗 Hidden layering detection complete. Connections identified: 2
[2026-05-02T05:07:14Z] [SECTION] ============================================================
[2026-05-02T05:07:14Z] [INFO] 🔬 PHASE: DOMAIN CORRELATION ANALYSIS
[2026-05-02T05:07:14Z] [INFO] 📊 Domain correlation matrices created: 2
[2026-05-02T05:07:14Z] [SECTION] ============================================================
[2026-05-02T05:07:14Z] [INFO] 🖼️  PHASE: IMAGE-SEED ANALYSIS
[2026-05-02T05:07:14Z] [INFO] 📂 Image seed analysis bootstrapping from 5 images...
[2026-05-02T05:07:14Z] [SECTION] ============================================================
[2026-05-02T05:07:14Z] [INFO] 📤 PHASE: PUSH COMPONENTS TO TOLARIA
[2026-05-02T05:07:15Z] [INFO] 📦 Components pushed to Tolaria: 5
[2026-05-02T05:07:15Z] [SECTION] ============================================================
[2026-05-02T05:07:15Z] [INFO] 🧩 PHASE: COMPOSER - DOMAIN INTEGRATION SYNTHESIS
[2026-05-02T05:07:32Z] [INFO] 🎨 Domain integrations synthesized: 0
[2026-05-02T05:07:32Z] [SECTION] ============================================================
[2026-05-02T05:07:32Z] [INFO] 🚀 PHASE: ADVANCED OVERNIGHT LOOP
[2026-05-02T05:07:32Z] [INFO] 🔬 Advanced loop completed cycles: 0
[2026-05-02T05:07:32Z] [WARNING] ⚠️  Git commit skipped or failed (git not initialized?): Command '['git', '-C', '/home/avalonas/.hermes/gematria/unified_overnight_research', 'add', '.']' returned non-zero exit status 128.
[2026-05-02T05:07:32Z] [INFO] 
📊 CYCLE #76 SUMMARY
[2026-05-02T05:07:32Z] [INFO] ✅ Successful tasks: 7/7
[2026-05-02T05:07:32Z] [INFO] ⏱️  Cycle duration: 17.56s
[2026-05-02T05:07:32Z] [INFO]    ⚠️ task: result
[2026-05-02T05:07:32Z] [INFO]    ⚠️ task: result
[2026-05-02T05:07:32Z] [INFO]    ⚠️ task: result
[2026-05-02T05:07:32Z] [INFO]    ⚠️ task: result
[2026-05-02T05:07:32Z] [INFO]    ⚠️ task: result
[2026-05-02T05:07:32Z] [INFO]    ⚠️ task: result
[2026-05-02T05:07:32Z] [INFO]    ⚠️ task: result
[2026-05-02T05:07:32Z] [HEADER] ================================================================================
[2026-05-02T05:07:32Z] [INFO] 🔄 OVERNIGHT RESEARCH PIPELINE - CYCLE #77
[2026-05-02T05:07:32Z] [INFO] ================================================================================
[2026-05-02T05:07:32Z] [HEADER] ============================================================
[2026-05-02T05:07:32Z] [INFO] 🌙 STARTING OVERNIGHT RESEARCH CYCLE #77
[2026-05-02T05:07:32Z] [INFO] 🔍 Running overnight research protocol (web scraping + cross-symbol analysis)...
[2026-05-02T05:07:32Z] [INFO] 📊 Cycle duration: 0.13s, Files generated: 0
[2026-05-02T05:07:32Z] [WARNING] ⚠️ Database not initialized for cycle counting
[2026-05-02T05:07:32Z] [INFO] 💾 Database updated with cycle results
[2026-05-02T05:07:32Z] [SECTION] ============================================================
[2026-05-02T05:07:32Z] [INFO] 🔮 PHASE: HIDDEN LAYERING DETECTION
[2026-05-02T05:07:32Z] [INFO] 🔗 Hidden layering detection complete. Connections identified: 2
[2026-05-02T05:07:32Z] [SECTION] ============================================================
[2026-05-02T05:07:32Z] [INFO] 🔬 PHASE: DOMAIN CORRELATION ANALYSIS
[2026-05-02T05:07:32Z] [INFO] 📊 Domain correlation matrices created: 2
[2026-05-02T05:07:32Z] [SECTION] ============================================================
[2026-05-02T05:07:32Z] [INFO] 🖼️  PHASE: IMAGE-SEED ANALYSIS
[2026-05-02T05:07:32Z] [INFO] 📂 Image seed analysis bootstrapping from 5 images...
[2026-05-02T05:07:32Z] [SECTION] ============================================================
[2026-05-02T05:07:32Z] [INFO] 📤 PHASE: PUSH COMPONENTS TO TOLARIA
[2026-05-02T05:07:33Z] [INFO] 📦 Components pushed to Tolaria: 5
[2026-05-02T05:07:33Z] [SECTION] ============================================================
[2026-05-02T05:07:33Z] [INFO] 🧩 PHASE: COMPOSER - DOMAIN INTEGRATION SYNTHESIS
[2026-05-02T05:07:56Z] [INFO] 🎨 Domain integrations synthesized: 0
[2026-05-02T05:07:56Z] [SECTION] ============================================================
[2026-05-02T05:07:56Z] [INFO] 🚀 PHASE: ADVANCED OVERNIGHT LOOP
[2026-05-02T05:07:56Z] [INFO] 🔬 Advanced loop completed cycles: 0
[2026-05-02T05:07:56Z] [WARNING] ⚠️  Git commit skipped or failed (git not initialized?): Command '['git', '-C', '/home/avalonas/.hermes/gematria/unified_overnight_research', 'add', '.']' returned non-zero exit status 128.
[2026-05-02T05:07:56Z] [INFO] 
📊 CYCLE #77 SUMMARY
[2026-05-02T05:07:56Z] [INFO] ✅ Successful tasks: 7/7
[2026-05-02T05:07:56Z] [INFO] ⏱️  Cycle duration: 24.00s
[2026-05-02T05:07:56Z] [INFO]    ⚠️ task: result
[2026-05-02T05:07:56Z] [INFO]    ⚠️ task: result
[2026-05-02T05:07:56Z] [INFO]    ⚠️ task: result
[2026-05-02T05:07:56Z] [INFO]    ⚠️ task: result
[2026-05-02T05:07:56Z] [INFO]    ⚠️ task: result
[2026-05-02T05:07:56Z] [INFO]    ⚠️ task: result
[2026-05-02T05:07:56Z] [INFO]    ⚠️ task: result
[2026-05-02T05:07:56Z] [HEADER] ================================================================================
[2026-05-02T05:07:56Z] [INFO] 🔄 OVERNIGHT RESEARCH PIPELINE - CYCLE #78
[2026-05-02T05:07:56Z] [INFO] ================================================================================
[2026-05-02T05:07:56Z] [HEADER] ============================================================
[2026-05-02T05:07:56Z] [INFO] 🌙 STARTING OVERNIGHT RESEARCH CYCLE #78
[2026-05-02T05:07:56Z] [INFO] 🔍 Running overnight research protocol (web scraping + cross-symbol analysis)...
[2026-05-02T05:07:56Z] [INFO] 📊 Cycle duration: 0.12s, Files generated: 0
[2026-05-02T05:07:56Z] [WARNING] ⚠️ Database not initialized for cycle counting
[2026-05-02T05:07:56Z] [INFO] 💾 Database updated with cycle results
[2026-05-02T05:07:56Z] [SECTION] ============================================================
[2026-05-02T05:07:56Z] [INFO] 🔮 PHASE: HIDDEN LAYERING DETECTION
[2026-05-02T05:07:56Z] [INFO] 🔗 Hidden layering detection complete. Connections identified: 2
[2026-05-02T05:07:56Z] [SECTION] ============================================================
[2026-05-02T05:07:56Z] [INFO] 🔬 PHASE: DOMAIN CORRELATION ANALYSIS
[2026-05-02T05:07:56Z] [INFO] 📊 Domain correlation matrices created: 2
[2026-05-02T05:07:56Z] [SECTION] ============================================================
[2026-05-02T05:07:56Z] [INFO] 🖼️  PHASE: IMAGE-SEED ANALYSIS
[2026-05-02T05:07:56Z] [INFO] 📂 Image seed analysis bootstrapping from 5 images...
[2026-05-02T05:07:56Z] [SECTION] ============================================================
[2026-05-02T05:07:56Z] [INFO] 📤 PHASE: PUSH COMPONENTS TO TOLARIA
[2026-05-02T05:07:57Z] [INFO] 📦 Components pushed to Tolaria: 5
[2026-05-02T05:07:57Z] [SECTION] ============================================================
[2026-05-02T05:07:57Z] [INFO] 🧩 PHASE: COMPOSER - DOMAIN INTEGRATION SYNTHESIS
[2026-05-02T05:08:20Z] [INFO] 🎨 Domain integrations synthesized: 0
[2026-05-02T05:08:20Z] [SECTION] ============================================================
[2026-05-02T05:08:20Z] [INFO] 🚀 PHASE: ADVANCED OVERNIGHT LOOP
[2026-05-02T05:09:31Z] [INFO] 🔬 Advanced loop completed cycles: 0
[2026-05-02T05:09:31Z] [WARNING] ⚠️  Git commit skipped or failed (git not initialized?): Command '['git', '-C', '/home/avalonas/.hermes/gematria/unified_overnight_research', 'add', '.']' returned non-zero exit status 128.
[2026-05-02T05:09:31Z] [INFO] 
📊 CYCLE #78 SUMMARY
[2026-05-02T05:09:31Z] [INFO] ✅ Successful tasks: 7/7
[2026-05-02T05:09:31Z] [INFO] ⏱️  Cycle duration: 95.38s
[2026-05-02T05:09:31Z] [INFO]    ⚠️ task: result
[2026-05-02T05:09:31Z] [INFO]    ⚠️ task: result
[2026-05-02T05:09:31Z] [INFO]    ⚠️ task: result
[2026-05-02T05:09:31Z] [INFO]    ⚠️ task: result
[2026-05-02T05:09:31Z] [INFO]    ⚠️ task: result
[2026-05-02T05:09:31Z] [INFO]    ⚠️ task: result
[2026-05-02T05:09:31Z] [INFO]    ⚠️ task: result
[2026-05-02T05:09:31Z] [HEADER] ================================================================================
[2026-05-02T05:09:31Z] [INFO] 🔄 OVERNIGHT RESEARCH PIPELINE - CYCLE #79
[2026-05-02T05:09:31Z] [INFO] ================================================================================
[2026-05-02T05:09:31Z] [HEADER] ============================================================
[2026-05-02T05:09:31Z] [INFO] 🌙 STARTING OVERNIGHT RESEARCH CYCLE #79
[2026-05-02T05:09:31Z] [INFO] 🔍 Running overnight research protocol (web scraping + cross-symbol analysis)...
[2026-05-02T05:09:31Z] [INFO] 📊 Cycle duration: 0.13s, Files generated: 0
[2026-05-02T05:09:31Z] [WARNING] ⚠️ Database not initialized for cycle counting
[2026-05-02T05:09:31Z] [INFO] 💾 Database updated with cycle results
[2026-05-02T05:09:31Z] [SECTION] ============================================================
[2026-05-02T05:09:31Z] [INFO] 🔮 PHASE: HIDDEN LAYERING DETECTION
[2026-05-02T05:10:39Z] [INFO] 🔗 Hidden layering detection complete. Connections identified: 1560
[2026-05-02T05:10:39Z] [SECTION] ============================================================
[2026-05-02T05:10:39Z] [INFO] 🔬 PHASE: DOMAIN CORRELATION ANALYSIS
[2026-05-02T05:10:39Z] [INFO] 📊 Domain correlation matrices created: 2
[2026-05-02T05:10:39Z] [SECTION] ============================================================
[2026-05-02T05:10:39Z] [INFO] 🖼️  PHASE: IMAGE-SEED ANALYSIS
[2026-05-02T05:10:39Z] [INFO] 📂 Image seed analysis bootstrapping from 5 images...
[2026-05-02T05:10:39Z] [SECTION] ============================================================
[2026-05-02T05:10:39Z] [INFO] 📤 PHASE: PUSH COMPONENTS TO TOLARIA
[2026-05-02T05:10:40Z] [INFO] 📦 Components pushed to Tolaria: 5
[2026-05-02T05:10:40Z] [SECTION] ============================================================
[2026-05-02T05:10:40Z] [INFO] 🧩 PHASE: COMPOSER - DOMAIN INTEGRATION SYNTHESIS
[2026-05-02T05:10:57Z] [INFO] 🎨 Domain integrations synthesized: 0
[2026-05-02T05:10:57Z] [SECTION] ============================================================
[2026-05-02T05:10:57Z] [INFO] 🚀 PHASE: ADVANCED OVERNIGHT LOOP
[2026-05-02T05:12:03Z] [INFO] 🔬 Advanced loop completed cycles: 0
[2026-05-02T05:12:03Z] [WARNING] ⚠️  Git commit skipped or failed (git not initialized?): Command '['git', '-C', '/home/avalonas/.hermes/gematria/unified_overnight_research', 'add', '.']' returned non-zero exit status 128.
[2026-05-02T05:12:03Z] [INFO] 
📊 CYCLE #79 SUMMARY
[2026-05-02T05:12:03Z] [INFO] ✅ Successful tasks: 7/7
[2026-05-02T05:12:03Z] [INFO] ⏱️  Cycle duration: 151.85s
[2026-05-02T05:12:03Z] [INFO]    ⚠️ task: result
[2026-05-02T05:12:03Z] [INFO]    ⚠️ task: result
[2026-05-02T05:12:03Z] [INFO]    ⚠️ task: result
[2026-05-02T05:12:03Z] [INFO]    ⚠️ task: result
[2026-05-02T05:12:03Z] [INFO]    ⚠️ task: result
[2026-05-02T05:12:03Z] [INFO]    ⚠️ task: result
[2026-05-02T05:12:03Z] [INFO]    ⚠️ task: result
[2026-05-02T05:12:03Z] [HEADER] ================================================================================
[2026-05-02T05:12:03Z] [INFO] 🔄 OVERNIGHT RESEARCH PIPELINE - CYCLE #80
[2026-05-02T05:12:03Z] [INFO] ================================================================================
[2026-05-02T05:12:03Z] [HEADER] ============================================================
[2026-05-02T05:12:03Z] [INFO] 🌙 STARTING OVERNIGHT RESEARCH CYCLE #80
[2026-05-02T05:12:03Z] [INFO] 🔍 Running overnight research protocol (web scraping + cross-symbol analysis)...
[2026-05-02T05:12:03Z] [INFO] 📊 Cycle duration: 0.10s, Files generated: 0
[2026-05-02T05:12:03Z] [WARNING] ⚠️ Database not initialized for cycle counting
[2026-05-02T05:12:03Z] [INFO] 💾 Database updated with cycle results
[2026-05-02T05:12:03Z] [SECTION] ============================================================
[2026-05-02T05:12:03Z] [INFO] 🔮 PHASE: HIDDEN LAYERING DETECTION
[2026-05-02T05:12:16Z] [INFO] 🔗 Hidden layering detection complete. Connections identified: 274
[2026-05-02T05:12:16Z] [SECTION] ============================================================
[2026-05-02T05:12:16Z] [INFO] 🔬 PHASE: DOMAIN CORRELATION ANALYSIS
[2026-05-02T05:12:16Z] [INFO] 📊 Domain correlation matrices created: 2
[2026-05-02T05:12:16Z] [SECTION] ============================================================
[2026-05-02T05:12:16Z] [INFO] 🖼️  PHASE: IMAGE-SEED ANALYSIS
[2026-05-02T05:12:16Z] [INFO] 📂 Image seed analysis bootstrapping from 5 images...
[2026-05-02T05:12:16Z] [SECTION] ============================================================
[2026-05-02T05:12:16Z] [INFO] 📤 PHASE: PUSH COMPONENTS TO TOLARIA
[2026-05-02T05:12:17Z] [INFO] 📦 Components pushed to Tolaria: 5
[2026-05-02T05:12:17Z] [SECTION] ============================================================
[2026-05-02T05:12:17Z] [INFO] 🧩 PHASE: COMPOSER - DOMAIN INTEGRATION SYNTHESIS
[2026-05-02T05:12:38Z] [INFO] 🎨 Domain integrations synthesized: 0
[2026-05-02T05:12:38Z] [SECTION] ============================================================
[2026-05-02T05:12:38Z] [INFO] 🚀 PHASE: ADVANCED OVERNIGHT LOOP
[2026-05-02T05:13:40Z] [INFO] 🔬 Advanced loop completed cycles: 0
[2026-05-02T05:13:40Z] [WARNING] ⚠️  Git commit skipped or failed (git not initialized?): Command '['git', '-C', '/home/avalonas/.hermes/gematria/unified_overnight_research', 'add', '.']' returned non-zero exit status 128.
[2026-05-02T05:13:40Z] [INFO] 
📊 CYCLE #80 SUMMARY
[2026-05-02T05:13:40Z] [INFO] ✅ Successful tasks: 7/7
[2026-05-02T05:13:40Z] [INFO] ⏱️  Cycle duration: 97.06s
[2026-05-02T05:13:40Z] [INFO]    ⚠️ task: result
[2026-05-02T05:13:40Z] [INFO]    ⚠️ task: result
[2026-05-02T05:13:40Z] [INFO]    ⚠️ task: result
[2026-05-02T05:13:40Z] [INFO]    ⚠️ task: result
[2026-05-02T05:13:40Z] [INFO]    ⚠️ task: result
[2026-05-02T05:13:40Z] [INFO]    ⚠️ task: result
[2026-05-02T05:13:40Z] [INFO]    ⚠️ task: result
[2026-05-02T05:13:40Z] [HEADER] ================================================================================
[2026-05-02T05:13:40Z] [INFO] 🔄 OVERNIGHT RESEARCH PIPELINE - CYCLE #81
[2026-05-02T05:13:40Z] [INFO] ================================================================================
[2026-05-02T05:13:40Z] [HEADER] ============================================================
[2026-05-02T05:13:40Z] [INFO] 🌙 STARTING OVERNIGHT RESEARCH CYCLE #81
[2026-05-02T05:13:40Z] [INFO] 🔍 Running overnight research protocol (web scraping + cross-symbol analysis)...
[2026-05-02T05:13:40Z] [INFO] 📊 Cycle duration: 0.11s, Files generated: 0
[2026-05-02T05:13:40Z] [WARNING] ⚠️ Database not initialized for cycle counting
[2026-05-02T05:13:40Z] [INFO] 💾 Database updated with cycle results
[2026-05-02T05:13:40Z] [SECTION] ============================================================
[2026-05-02T05:13:40Z] [INFO] 🔮 PHASE: HIDDEN LAYERING DETECTION
[2026-05-02T05:13:40Z] [INFO] 🔗 Hidden layering detection complete. Connections identified: 2
[2026-05-02T05:13:40Z] [SECTION] ============================================================
[2026-05-02T05:13:40Z] [INFO] 🔬 PHASE: DOMAIN CORRELATION ANALYSIS
[2026-05-02T05:13:40Z] [INFO] 📊 Domain correlation matrices created: 2
[2026-05-02T05:13:40Z] [SECTION] ============================================================
[2026-05-02T05:13:40Z] [INFO] 🖼️  PHASE: IMAGE-SEED ANALYSIS
[2026-05-02T05:13:40Z] [INFO] 📂 Image seed analysis bootstrapping from 5 images...
[2026-05-02T05:13:40Z] [SECTION] ============================================================
[2026-05-02T05:13:40Z] [INFO] 📤 PHASE: PUSH COMPONENTS TO TOLARIA
[2026-05-02T05:13:41Z] [INFO] 📦 Components pushed to Tolaria: 5
[2026-05-02T05:13:41Z] [SECTION] ============================================================
[2026-05-02T05:13:41Z] [INFO] 🧩 PHASE: COMPOSER - DOMAIN INTEGRATION SYNTHESIS
[2026-05-02T05:14:03Z] [INFO] 🎨 Domain integrations synthesized: 0
[2026-05-02T05:14:03Z] [SECTION] ============================================================
[2026-05-02T05:14:03Z] [INFO] 🚀 PHASE: ADVANCED OVERNIGHT LOOP
[2026-05-02T05:15:09Z] [INFO] 🔬 Advanced loop completed cycles: 0
[2026-05-02T05:15:09Z] [WARNING] ⚠️  Git commit skipped or failed (git not initialized?): Command '['git', '-C', '/home/avalonas/.hermes/gematria/unified_overnight_research', 'add', '.']' returned non-zero exit status 128.
[2026-05-02T05:15:09Z] [INFO] 
📊 CYCLE #81 SUMMARY
[2026-05-02T05:15:09Z] [INFO] ✅ Successful tasks: 7/7
[2026-05-02T05:15:09Z] [INFO] ⏱️  Cycle duration: 88.65s
[2026-05-02T05:15:09Z] [INFO]    ⚠️ task: result
[2026-05-02T05:15:09Z] [INFO]    ⚠️ task: result
[2026-05-02T05:15:09Z] [INFO]    ⚠️ task: result
[2026-05-02T05:15:09Z] [INFO]    ⚠️ task: result
[2026-05-02T05:15:09Z] [INFO]    ⚠️ task: result
[2026-05-02T05:15:09Z] [INFO]    ⚠️ task: result
[2026-05-02T05:15:09Z] [INFO]    ⚠️ task: result
[2026-05-02T05:15:09Z] [HEADER] ================================================================================
[2026-05-02T05:15:09Z] [INFO] 🔄 OVERNIGHT RESEARCH PIPELINE - CYCLE #82
[2026-05-02T05:15:09Z] [INFO] ================================================================================
[2026-05-02T05:15:09Z] [HEADER] ============================================================
[2026-05-02T05:15:09Z] [INFO] 🌙 STARTING OVERNIGHT RESEARCH CYCLE #82
[2026-05-02T05:15:09Z] [INFO] 🔍 Running overnight research protocol (web scraping + cross-symbol analysis)...
[2026-05-02T05:15:09Z] [INFO] 📊 Cycle duration: 0.13s, Files generated: 0
[2026-05-02T05:15:09Z] [WARNING] ⚠️ Database not initialized for cycle counting
[2026-05-02T05:15:09Z] [INFO] 💾 Database updated with cycle results
[2026-05-02T05:15:09Z] [SECTION] ============================================================
[2026-05-02T05:15:09Z] [INFO] 🔮 PHASE: HIDDEN LAYERING DETECTION
[2026-05-02T05:15:09Z] [INFO] 🔗 Hidden layering detection complete. Connections identified: 2
[2026-05-02T05:15:09Z] [SECTION] ============================================================
[2026-05-02T05:15:09Z] [INFO] 🔬 PHASE: DOMAIN CORRELATION ANALYSIS
[2026-05-02T05:15:09Z] [INFO] 📊 Domain correlation matrices created: 2
[2026-05-02T05:15:09Z] [SECTION] ============================================================
[2026-05-02T05:15:09Z] [INFO] 🖼️  PHASE: IMAGE-SEED ANALYSIS
[2026-05-02T05:15:09Z] [INFO] 📂 Image seed analysis bootstrapping from 5 images...
[2026-05-02T05:15:09Z] [SECTION] ============================================================
[2026-05-02T05:15:09Z] [INFO] 📤 PHASE: PUSH COMPONENTS TO TOLARIA
[2026-05-02T05:15:10Z] [INFO] 📦 Components pushed to Tolaria: 5
[2026-05-02T05:15:10Z] [SECTION] ============================================================
[2026-05-02T05:15:10Z] [INFO] 🧩 PHASE: COMPOSER - DOMAIN INTEGRATION SYNTHESIS
[2026-05-02T05:15:31Z] [INFO] 🎨 Domain integrations synthesized: 0
[2026-05-02T05:15:31Z] [SECTION] ============================================================
[2026-05-02T05:15:31Z] [INFO] 🚀 PHASE: ADVANCED OVERNIGHT LOOP
[2026-05-02T05:16:37Z] [INFO] 🔬 Advanced loop completed cycles: 0
[2026-05-02T05:16:37Z] [WARNING] ⚠️  Git commit skipped or failed (git not initialized?): Command '['git', '-C', '/home/avalonas/.hermes/gematria/unified_overnight_research', 'add', '.']' returned non-zero exit status 128.
[2026-05-02T05:16:37Z] [INFO] 
📊 CYCLE #82 SUMMARY
[2026-05-02T05:16:37Z] [INFO] ✅ Successful tasks: 7/7
[2026-05-02T05:16:37Z] [INFO] ⏱️  Cycle duration: 88.33s
[2026-05-02T05:16:37Z] [INFO]    ⚠️ task: result
[2026-05-02T05:16:37Z] [INFO]    ⚠️ task: result
[2026-05-02T05:16:37Z] [INFO]    ⚠️ task: result
[2026-05-02T05:16:37Z] [INFO]    ⚠️ task: result
[2026-05-02T05:16:37Z] [INFO]    ⚠️ task: result
[2026-05-02T05:16:37Z] [INFO]    ⚠️ task: result
[2026-05-02T05:16:37Z] [INFO]    ⚠️ task: result
[2026-05-02T05:16:37Z] [HEADER] ================================================================================
[2026-05-02T05:16:37Z] [INFO] 🔄 OVERNIGHT RESEARCH PIPELINE - CYCLE #83
[2026-05-02T05:16:37Z] [INFO] ================================================================================
[2026-05-02T05:16:37Z] [HEADER] ============================================================
[2026-05-02T05:16:37Z] [INFO] 🌙 STARTING OVERNIGHT RESEARCH CYCLE #83
[2026-05-02T05:16:37Z] [INFO] 🔍 Running overnight research protocol (web scraping + cross-symbol analysis)...
[2026-05-02T05:16:37Z] [INFO] 📊 Cycle duration: 0.12s, Files generated: 0
[2026-05-02T05:16:37Z] [WARNING] ⚠️ Database not initialized for cycle counting
[2026-05-02T05:16:37Z] [INFO] 💾 Database updated with cycle results
[2026-05-02T05:16:37Z] [SECTION] ============================================================
[2026-05-02T05:16:37Z] [INFO] 🔮 PHASE: HIDDEN LAYERING DETECTION
[2026-05-02T05:16:37Z] [INFO] 🔗 Hidden layering detection complete. Connections identified: 2
[2026-05-02T05:16:37Z] [SECTION] ============================================================
[2026-05-02T05:16:37Z] [INFO] 🔬 PHASE: DOMAIN CORRELATION ANALYSIS
[2026-05-02T05:16:37Z] [INFO] 📊 Domain correlation matrices created: 2
[2026-05-02T05:16:37Z] [SECTION] ============================================================
[2026-05-02T05:16:37Z] [INFO] 🖼️  PHASE: IMAGE-SEED ANALYSIS
[2026-05-02T05:16:37Z] [INFO] 📂 Image seed analysis bootstrapping from 5 images...
[2026-05-02T05:16:37Z] [SECTION] ============================================================
[2026-05-02T05:16:37Z] [INFO] 📤 PHASE: PUSH COMPONENTS TO TOLARIA
[2026-05-02T05:16:38Z] [INFO] 📦 Components pushed to Tolaria: 5
[2026-05-02T05:16:38Z] [SECTION] ============================================================
[2026-05-02T05:16:38Z] [INFO] 🧩 PHASE: COMPOSER - DOMAIN INTEGRATION SYNTHESIS
[2026-05-02T05:17:00Z] [INFO] 🎨 Domain integrations synthesized: 0
[2026-05-02T05:17:00Z] [SECTION] ============================================================
[2026-05-02T05:17:00Z] [INFO] 🚀 PHASE: ADVANCED OVERNIGHT LOOP
[2026-05-02T05:18:07Z] [INFO] 🔬 Advanced loop completed cycles: 0
[2026-05-02T05:18:07Z] [WARNING] ⚠️  Git commit skipped or failed (git not initialized?): Command '['git', '-C', '/home/avalonas/.hermes/gematria/unified_overnight_research', 'add', '.']' returned non-zero exit status 128.
[2026-05-02T05:18:07Z] [INFO] 
📊 CYCLE #83 SUMMARY
[2026-05-02T05:18:07Z] [INFO] ✅ Successful tasks: 7/7
[2026-05-02T05:18:07Z] [INFO] ⏱️  Cycle duration: 90.12s
[2026-05-02T05:18:07Z] [INFO]    ⚠️ task: result
[2026-05-02T05:18:07Z] [INFO]    ⚠️ task: result
[2026-05-02T05:18:07Z] [INFO]    ⚠️ task: result
[2026-05-02T05:18:07Z] [INFO]    ⚠️ task: result
[2026-05-02T05:18:07Z] [INFO]    ⚠️ task: result
[2026-05-02T05:18:07Z] [INFO]    ⚠️ task: result
[2026-05-02T05:18:07Z] [INFO]    ⚠️ task: result
[2026-05-02T05:18:07Z] [HEADER] ================================================================================
[2026-05-02T05:18:07Z] [INFO] 🔄 OVERNIGHT RESEARCH PIPELINE - CYCLE #84
[2026-05-02T05:18:07Z] [INFO] ================================================================================
[2026-05-02T05:18:07Z] [HEADER] ============================================================
[2026-05-02T05:18:07Z] [INFO] 🌙 STARTING OVERNIGHT RESEARCH CYCLE #84
[2026-05-02T05:18:07Z] [INFO] 🔍 Running overnight research protocol (web scraping + cross-symbol analysis)...
[2026-05-02T05:18:07Z] [INFO] 📊 Cycle duration: 0.13s, Files generated: 0
[2026-05-02T05:18:07Z] [WARNING] ⚠️ Database not initialized for cycle counting
[2026-05-02T05:18:07Z] [INFO] 💾 Database updated with cycle results
[2026-05-02T05:18:07Z] [SECTION] ============================================================
[2026-05-02T05:18:07Z] [INFO] 🔮 PHASE: HIDDEN LAYERING DETECTION
[2026-05-02T05:18:07Z] [INFO] 🔗 Hidden layering detection complete. Connections identified: 2
[2026-05-02T05:18:07Z] [SECTION] ============================================================
[2026-05-02T05:18:07Z] [INFO] 🔬 PHASE: DOMAIN CORRELATION ANALYSIS
[2026-05-02T05:18:07Z] [INFO] 📊 Domain correlation matrices created: 2
[2026-05-02T05:18:07Z] [SECTION] ============================================================
[2026-05-02T05:18:07Z] [INFO] 🖼️  PHASE: IMAGE-SEED ANALYSIS
[2026-05-02T05:18:07Z] [INFO] 📂 Image seed analysis bootstrapping from 5 images...
[2026-05-02T05:18:07Z] [SECTION] ============================================================
[2026-05-02T05:18:07Z] [INFO] 📤 PHASE: PUSH COMPONENTS TO TOLARIA
[2026-05-02T05:18:08Z] [INFO] 📦 Components pushed to Tolaria: 5
[2026-05-02T05:18:08Z] [SECTION] ============================================================
[2026-05-02T05:18:08Z] [INFO] 🧩 PHASE: COMPOSER - DOMAIN INTEGRATION SYNTHESIS
[2026-05-02T05:18:30Z] [INFO] 🎨 Domain integrations synthesized: 0
[2026-05-02T05:18:30Z] [SECTION] ============================================================
[2026-05-02T05:18:30Z] [INFO] 🚀 PHASE: ADVANCED OVERNIGHT LOOP
[2026-05-02T05:19:37Z] [INFO] 🔬 Advanced loop completed cycles: 0
[2026-05-02T05:19:38Z] [WARNING] ⚠️  Git commit skipped or failed (git not initialized?): Command '['git', '-C', '/home/avalonas/.hermes/gematria/unified_overnight_research', 'add', '.']' returned non-zero exit status 128.
[2026-05-02T05:19:38Z] [INFO] 
📊 CYCLE #84 SUMMARY
[2026-05-02T05:19:38Z] [INFO] ✅ Successful tasks: 7/7
[2026-05-02T05:19:38Z] [INFO] ⏱️  Cycle duration: 90.35s
[2026-05-02T05:19:38Z] [INFO]    ⚠️ task: result
[2026-05-02T05:19:38Z] [INFO]    ⚠️ task: result
[2026-05-02T05:19:38Z] [INFO]    ⚠️ task: result
[2026-05-02T05:19:38Z] [INFO]    ⚠️ task: result
[2026-05-02T05:19:38Z] [INFO]    ⚠️ task: result
[2026-05-02T05:19:38Z] [INFO]    ⚠️ task: result
[2026-05-02T05:19:38Z] [INFO]    ⚠️ task: result
[2026-05-02T05:19:38Z] [HEADER] ================================================================================
[2026-05-02T05:19:38Z] [INFO] 🔄 OVERNIGHT RESEARCH PIPELINE - CYCLE #85
[2026-05-02T05:19:38Z] [INFO] ================================================================================
[2026-05-02T05:19:38Z] [HEADER] ============================================================
[2026-05-02T05:19:38Z] [INFO] 🌙 STARTING OVERNIGHT RESEARCH CYCLE #85
[2026-05-02T05:19:38Z] [INFO] 🔍 Running overnight research protocol (web scraping + cross-symbol analysis)...
[2026-05-02T05:19:38Z] [INFO] 📊 Cycle duration: 0.11s, Files generated: 0
[2026-05-02T05:19:38Z] [WARNING] ⚠️ Database not initialized for cycle counting
[2026-05-02T05:19:38Z] [INFO] 💾 Database updated with cycle results
[2026-05-02T05:19:38Z] [SECTION] ============================================================
[2026-05-02T05:19:38Z] [INFO] 🔮 PHASE: HIDDEN LAYERING DETECTION
[2026-05-02T05:19:38Z] [INFO] 🔗 Hidden layering detection complete. Connections identified: 2
[2026-05-02T05:19:38Z] [SECTION] ============================================================
[2026-05-02T05:19:38Z] [INFO] 🔬 PHASE: DOMAIN CORRELATION ANALYSIS
[2026-05-02T05:19:38Z] [INFO] 📊 Domain correlation matrices created: 2
[2026-05-02T05:19:38Z] [SECTION] ============================================================
[2026-05-02T05:19:38Z] [INFO] 🖼️  PHASE: IMAGE-SEED ANALYSIS
[2026-05-02T05:19:38Z] [INFO] 📂 Image seed analysis bootstrapping from 5 images...
[2026-05-02T05:19:38Z] [SECTION] ============================================================
[2026-05-02T05:19:38Z] [INFO] 📤 PHASE: PUSH COMPONENTS TO TOLARIA
[2026-05-02T05:19:38Z] [INFO] 📦 Components pushed to Tolaria: 5
[2026-05-02T05:19:38Z] [SECTION] ============================================================
[2026-05-02T05:19:38Z] [INFO] 🧩 PHASE: COMPOSER - DOMAIN INTEGRATION SYNTHESIS
[2026-05-02T05:20:00Z] [INFO] 🎨 Domain integrations synthesized: 0
[2026-05-02T05:20:00Z] [SECTION] ============================================================
[2026-05-02T05:20:00Z] [INFO] 🚀 PHASE: ADVANCED OVERNIGHT LOOP
[2026-05-02T05:21:08Z] [INFO] 🔬 Advanced loop completed cycles: 0
[2026-05-02T05:21:08Z] [WARNING] ⚠️  Git commit skipped or failed (git not initialized?): Command '['git', '-C', '/home/avalonas/.hermes/gematria/unified_overnight_research', 'add', '.']' returned non-zero exit status 128.
[2026-05-02T05:21:08Z] [INFO] 
📊 CYCLE #85 SUMMARY
[2026-05-02T05:21:08Z] [INFO] ✅ Successful tasks: 7/7
[2026-05-02T05:21:08Z] [INFO] ⏱️  Cycle duration: 90.14s
[2026-05-02T05:21:08Z] [INFO]    ⚠️ task: result
[2026-05-02T05:21:08Z] [INFO]    ⚠️ task: result
[2026-05-02T05:21:08Z] [INFO]    ⚠️ task: result
[2026-05-02T05:21:08Z] [INFO]    ⚠️ task: result
[2026-05-02T05:21:08Z] [INFO]    ⚠️ task: result
[2026-05-02T05:21:08Z] [INFO]    ⚠️ task: result
[2026-05-02T05:21:08Z] [INFO]    ⚠️ task: result
[2026-05-02T05:21:08Z] [HEADER] ================================================================================
[2026-05-02T05:21:08Z] [INFO] 🔄 OVERNIGHT RESEARCH PIPELINE - CYCLE #86
[2026-05-02T05:21:08Z] [INFO] ================================================================================
[2026-05-02T05:21:08Z] [HEADER] ============================================================
[2026-05-02T05:21:08Z] [INFO] 🌙 STARTING OVERNIGHT RESEARCH CYCLE #86
[2026-05-02T05:21:08Z] [INFO] 🔍 Running overnight research protocol (web scraping + cross-symbol analysis)...
[2026-05-02T05:21:08Z] [INFO] 📊 Cycle duration: 0.11s, Files generated: 0
[2026-05-02T05:21:08Z] [WARNING] ⚠️ Database not initialized for cycle counting
[2026-05-02T05:21:08Z] [INFO] 💾 Database updated with cycle results
[2026-05-02T05:21:08Z] [SECTION] ============================================================
[2026-05-02T05:21:08Z] [INFO] 🔮 PHASE: HIDDEN LAYERING DETECTION
[2026-05-02T05:21:08Z] [INFO] 🔗 Hidden layering detection complete. Connections identified: 2
[2026-05-02T05:21:08Z] [SECTION] ============================================================
[2026-05-02T05:21:08Z] [INFO] 🔬 PHASE: DOMAIN CORRELATION ANALYSIS
[2026-05-02T05:21:08Z] [INFO] 📊 Domain correlation matrices created: 2
[2026-05-02T05:21:08Z] [SECTION] ============================================================
[2026-05-02T05:21:08Z] [INFO] 🖼️  PHASE: IMAGE-SEED ANALYSIS
[2026-05-02T05:21:08Z] [INFO] 📂 Image seed analysis bootstrapping from 5 images...
[2026-05-02T05:21:08Z] [SECTION] ============================================================
[2026-05-02T05:21:08Z] [INFO] 📤 PHASE: PUSH COMPONENTS TO TOLARIA
[2026-05-02T05:21:09Z] [INFO] 📦 Components pushed to Tolaria: 5
[2026-05-02T05:21:09Z] [SECTION] ============================================================
[2026-05-02T05:21:09Z] [INFO] 🧩 PHASE: COMPOSER - DOMAIN INTEGRATION SYNTHESIS
[2026-05-02T05:21:30Z] [INFO] 🎨 Domain integrations synthesized: 0
[2026-05-02T05:21:30Z] [SECTION] ============================================================
[2026-05-02T05:21:30Z] [INFO] 🚀 PHASE: ADVANCED OVERNIGHT LOOP
[2026-05-02T05:22:37Z] [INFO] 🔬 Advanced loop completed cycles: 0
[2026-05-02T05:22:37Z] [WARNING] ⚠️  Git commit skipped or failed (git not initialized?): Command '['git', '-C', '/home/avalonas/.hermes/gematria/unified_overnight_research', 'add', '.']' returned non-zero exit status 128.
[2026-05-02T05:22:37Z] [INFO] 
📊 CYCLE #86 SUMMARY
[2026-05-02T05:22:37Z] [INFO] ✅ Successful tasks: 7/7
[2026-05-02T05:22:37Z] [INFO] ⏱️  Cycle duration: 89.00s
[2026-05-02T05:22:37Z] [INFO]    ⚠️ task: result
[2026-05-02T05:22:37Z] [INFO]    ⚠️ task: result
[2026-05-02T05:22:37Z] [INFO]    ⚠️ task: result
[2026-05-02T05:22:37Z] [INFO]    ⚠️ task: result
[2026-05-02T05:22:37Z] [INFO]    ⚠️ task: result
[2026-05-02T05:22:37Z] [INFO]    ⚠️ task: result
[2026-05-02T05:22:37Z] [INFO]    ⚠️ task: result
[2026-05-02T05:22:37Z] [HEADER] ================================================================================
[2026-05-02T05:22:37Z] [INFO] 🔄 OVERNIGHT RESEARCH PIPELINE - CYCLE #87
[2026-05-02T05:22:37Z] [INFO] ================================================================================
[2026-05-02T05:22:37Z] [HEADER] ============================================================
[2026-05-02T05:22:37Z] [INFO] 🌙 STARTING OVERNIGHT RESEARCH CYCLE #87
[2026-05-02T05:22:37Z] [INFO] 🔍 Running overnight research protocol (web scraping + cross-symbol analysis)...
[2026-05-02T05:22:37Z] [INFO] 📊 Cycle duration: 0.11s, Files generated: 0
[2026-05-02T05:22:37Z] [WARNING] ⚠️ Database not initialized for cycle counting
[2026-05-02T05:22:37Z] [INFO] 💾 Database updated with cycle results
[2026-05-02T05:22:37Z] [SECTION] ============================================================
[2026-05-02T05:22:37Z] [INFO] 🔮 PHASE: HIDDEN LAYERING DETECTION
[2026-05-02T05:22:37Z] [INFO] 🔗 Hidden layering detection complete. Connections identified: 2
[2026-05-02T05:22:37Z] [SECTION] ============================================================
[2026-05-02T05:22:37Z] [INFO] 🔬 PHASE: DOMAIN CORRELATION ANALYSIS
[2026-05-02T05:22:37Z] [INFO] 📊 Domain correlation matrices created: 2
[2026-05-02T05:22:37Z] [SECTION] ============================================================
[2026-05-02T05:22:37Z] [INFO] 🖼️  PHASE: IMAGE-SEED ANALYSIS
[2026-05-02T05:22:37Z] [INFO] 📂 Image seed analysis bootstrapping from 5 images...
[2026-05-02T05:22:37Z] [SECTION] ============================================================
[2026-05-02T05:22:37Z] [INFO] 📤 PHASE: PUSH COMPONENTS TO TOLARIA
[2026-05-02T05:22:38Z] [INFO] 📦 Components pushed to Tolaria: 5
[2026-05-02T05:22:38Z] [SECTION] ============================================================
[2026-05-02T05:22:38Z] [INFO] 🧩 PHASE: COMPOSER - DOMAIN INTEGRATION SYNTHESIS
[2026-05-02T05:23:00Z] [INFO] 🎨 Domain integrations synthesized: 0
[2026-05-02T05:23:00Z] [SECTION] ============================================================
[2026-05-02T05:23:00Z] [INFO] 🚀 PHASE: ADVANCED OVERNIGHT LOOP
[2026-05-02T05:24:07Z] [INFO] 🔬 Advanced loop completed cycles: 0
[2026-05-02T05:24:07Z] [WARNING] ⚠️  Git commit skipped or failed (git not initialized?): Command '['git', '-C', '/home/avalonas/.hermes/gematria/unified_overnight_research', 'add', '.']' returned non-zero exit status 128.
[2026-05-02T05:24:07Z] [INFO] 
📊 CYCLE #87 SUMMARY
[2026-05-02T05:24:07Z] [INFO] ✅ Successful tasks: 7/7
[2026-05-02T05:24:07Z] [INFO] ⏱️  Cycle duration: 90.50s
[2026-05-02T05:24:07Z] [INFO]    ⚠️ task: result
[2026-05-02T05:24:07Z] [INFO]    ⚠️ task: result
[2026-05-02T05:24:07Z] [INFO]    ⚠️ task: result
[2026-05-02T05:24:07Z] [INFO]    ⚠️ task: result
[2026-05-02T05:24:07Z] [INFO]    ⚠️ task: result
[2026-05-02T05:24:07Z] [INFO]    ⚠️ task: result
[2026-05-02T05:24:07Z] [INFO]    ⚠️ task: result
[2026-05-02T05:24:07Z] [HEADER] ================================================================================
[2026-05-02T05:24:07Z] [INFO] 🔄 OVERNIGHT RESEARCH PIPELINE - CYCLE #88
[2026-05-02T05:24:07Z] [INFO] ================================================================================
[2026-05-02T05:24:07Z] [HEADER] ============================================================
[2026-05-02T05:24:07Z] [INFO] 🌙 STARTING OVERNIGHT RESEARCH CYCLE #88
[2026-05-02T05:24:07Z] [INFO] 🔍 Running overnight research protocol (web scraping + cross-symbol analysis)...
[2026-05-02T05:24:07Z] [INFO] 📊 Cycle duration: 0.11s, Files generated: 0
[2026-05-02T05:24:07Z] [WARNING] ⚠️ Database not initialized for cycle counting
[2026-05-02T05:24:07Z] [INFO] 💾 Database updated with cycle results
[2026-05-02T05:24:07Z] [SECTION] ============================================================
[2026-05-02T05:24:07Z] [INFO] 🔮 PHASE: HIDDEN LAYERING DETECTION
[2026-05-02T05:24:07Z] [INFO] 🔗 Hidden layering detection complete. Connections identified: 2
[2026-05-02T05:24:07Z] [SECTION] ============================================================
[2026-05-02T05:24:07Z] [INFO] 🔬 PHASE: DOMAIN CORRELATION ANALYSIS
[2026-05-02T05:24:07Z] [INFO] 📊 Domain correlation matrices created: 2
[2026-05-02T05:24:07Z] [SECTION] ============================================================
[2026-05-02T05:24:07Z] [INFO] 🖼️  PHASE: IMAGE-SEED ANALYSIS
[2026-05-02T05:24:07Z] [INFO] 📂 Image seed analysis bootstrapping from 5 images...
[2026-05-02T05:24:07Z] [SECTION] ============================================================
[2026-05-02T05:24:07Z] [INFO] 📤 PHASE: PUSH COMPONENTS TO TOLARIA
[2026-05-02T05:24:08Z] [INFO] 📦 Components pushed to Tolaria: 5
[2026-05-02T05:24:08Z] [SECTION] ============================================================
[2026-05-02T05:24:08Z] [INFO] 🧩 PHASE: COMPOSER - DOMAIN INTEGRATION SYNTHESIS
[2026-05-02T05:24:30Z] [INFO] 🎨 Domain integrations synthesized: 0
[2026-05-02T05:24:30Z] [SECTION] ============================================================
[2026-05-02T05:24:30Z] [INFO] 🚀 PHASE: ADVANCED OVERNIGHT LOOP
[2026-05-02T05:25:37Z] [INFO] 🔬 Advanced loop completed cycles: 0
[2026-05-02T05:25:37Z] [WARNING] ⚠️  Git commit skipped or failed (git not initialized?): Command '['git', '-C', '/home/avalonas/.hermes/gematria/unified_overnight_research', 'add', '.']' returned non-zero exit status 128.
[2026-05-02T05:25:37Z] [INFO] 
📊 CYCLE #88 SUMMARY
[2026-05-02T05:25:37Z] [INFO] ✅ Successful tasks: 7/7
[2026-05-02T05:25:37Z] [INFO] ⏱️  Cycle duration: 89.49s
[2026-05-02T05:25:37Z] [INFO]    ⚠️ task: result
[2026-05-02T05:25:37Z] [INFO]    ⚠️ task: result
[2026-05-02T05:25:37Z] [INFO]    ⚠️ task: result
[2026-05-02T05:25:37Z] [INFO]    ⚠️ task: result
[2026-05-02T05:25:37Z] [INFO]    ⚠️ task: result
[2026-05-02T05:25:37Z] [INFO]    ⚠️ task: result
[2026-05-02T05:25:37Z] [INFO]    ⚠️ task: result
[2026-05-02T05:25:37Z] [HEADER] ================================================================================
[2026-05-02T05:25:37Z] [INFO] 🔄 OVERNIGHT RESEARCH PIPELINE - CYCLE #89
[2026-05-02T05:25:37Z] [INFO] ================================================================================
[2026-05-02T05:25:37Z] [HEADER] ============================================================
[2026-05-02T05:25:37Z] [INFO] 🌙 STARTING OVERNIGHT RESEARCH CYCLE #89
[2026-05-02T05:25:37Z] [INFO] 🔍 Running overnight research protocol (web scraping + cross-symbol analysis)...
[2026-05-02T05:25:37Z] [INFO] 📊 Cycle duration: 0.12s, Files generated: 0
[2026-05-02T05:25:37Z] [WARNING] ⚠️ Database not initialized for cycle counting
[2026-05-02T05:25:37Z] [INFO] 💾 Database updated with cycle results
[2026-05-02T05:25:37Z] [SECTION] ============================================================
[2026-05-02T05:25:37Z] [INFO] 🔮 PHASE: HIDDEN LAYERING DETECTION
[2026-05-02T05:25:37Z] [INFO] 🔗 Hidden layering detection complete. Connections identified: 2
[2026-05-02T05:25:37Z] [SECTION] ============================================================
[2026-05-02T05:25:37Z] [INFO] 🔬 PHASE: DOMAIN CORRELATION ANALYSIS
[2026-05-02T05:25:37Z] [INFO] 📊 Domain correlation matrices created: 2
[2026-05-02T05:25:37Z] [SECTION] ============================================================
[2026-05-02T05:25:37Z] [INFO] 🖼️  PHASE: IMAGE-SEED ANALYSIS
[2026-05-02T05:25:37Z] [INFO] 📂 Image seed analysis bootstrapping from 5 images...
[2026-05-02T05:25:37Z] [SECTION] ============================================================
[2026-05-02T05:25:37Z] [INFO] 📤 PHASE: PUSH COMPONENTS TO TOLARIA
[2026-05-02T05:25:38Z] [INFO] 📦 Components pushed to Tolaria: 5
[2026-05-02T05:25:38Z] [SECTION] ============================================================
[2026-05-02T05:25:38Z] [INFO] 🧩 PHASE: COMPOSER - DOMAIN INTEGRATION SYNTHESIS
[2026-05-02T05:25:59Z] [INFO] 🎨 Domain integrations synthesized: 0
[2026-05-02T05:25:59Z] [SECTION] ============================================================
[2026-05-02T05:25:59Z] [INFO] 🚀 PHASE: ADVANCED OVERNIGHT LOOP
[2026-05-02T05:27:06Z] [INFO] 🔬 Advanced loop completed cycles: 0
[2026-05-02T05:27:06Z] [WARNING] ⚠️  Git commit skipped or failed (git not initialized?): Command '['git', '-C', '/home/avalonas/.hermes/gematria/unified_overnight_research', 'add', '.']' returned non-zero exit status 128.
[2026-05-02T05:27:06Z] [INFO] 
📊 CYCLE #89 SUMMARY
[2026-05-02T05:27:06Z] [INFO] ✅ Successful tasks: 7/7
[2026-05-02T05:27:06Z] [INFO] ⏱️  Cycle duration: 89.73s
[2026-05-02T05:27:06Z] [INFO]    ⚠️ task: result
[2026-05-02T05:27:06Z] [INFO]    ⚠️ task: result
[2026-05-02T05:27:06Z] [INFO]    ⚠️ task: result
[2026-05-02T05:27:06Z] [INFO]    ⚠️ task: result
[2026-05-02T05:27:06Z] [INFO]    ⚠️ task: result
[2026-05-02T05:27:06Z] [INFO]    ⚠️ task: result
[2026-05-02T05:27:06Z] [INFO]    ⚠️ task: result
[2026-05-02T05:27:06Z] [HEADER] ================================================================================
[2026-05-02T05:27:06Z] [INFO] 🔄 OVERNIGHT RESEARCH PIPELINE - CYCLE #90
[2026-05-02T05:27:06Z] [INFO] ================================================================================
[2026-05-02T05:27:06Z] [HEADER] ============================================================
[2026-05-02T05:27:06Z] [INFO] 🌙 STARTING OVERNIGHT RESEARCH CYCLE #90
[2026-05-02T05:27:06Z] [INFO] 🔍 Running overnight research protocol (web scraping + cross-symbol analysis)...
[2026-05-02T05:27:06Z] [INFO] 📊 Cycle duration: 0.11s, Files generated: 0
[2026-05-02T05:27:06Z] [WARNING] ⚠️ Database not initialized for cycle counting
[2026-05-02T05:27:06Z] [INFO] 💾 Database updated with cycle results
[2026-05-02T05:27:06Z] [SECTION] ============================================================
[2026-05-02T05:27:06Z] [INFO] 🔮 PHASE: HIDDEN LAYERING DETECTION
[2026-05-02T05:27:07Z] [INFO] 🔗 Hidden layering detection complete. Connections identified: 2
[2026-05-02T05:27:07Z] [SECTION] ============================================================
[2026-05-02T05:27:07Z] [INFO] 🔬 PHASE: DOMAIN CORRELATION ANALYSIS
[2026-05-02T05:27:07Z] [INFO] 📊 Domain correlation matrices created: 2
[2026-05-02T05:27:07Z] [SECTION] ============================================================
[2026-05-02T05:27:07Z] [INFO] 🖼️  PHASE: IMAGE-SEED ANALYSIS
[2026-05-02T05:27:07Z] [INFO] 📂 Image seed analysis bootstrapping from 5 images...
[2026-05-02T05:27:07Z] [SECTION] ============================================================
[2026-05-02T05:27:07Z] [INFO] 📤 PHASE: PUSH COMPONENTS TO TOLARIA
[2026-05-02T05:27:07Z] [INFO] 📦 Components pushed to Tolaria: 5
[2026-05-02T05:27:07Z] [SECTION] ============================================================
[2026-05-02T05:27:07Z] [INFO] 🧩 PHASE: COMPOSER - DOMAIN INTEGRATION SYNTHESIS
[2026-05-02T05:27:25Z] [INFO] 🎨 Domain integrations synthesized: 0
[2026-05-02T05:27:25Z] [SECTION] ============================================================
[2026-05-02T05:27:25Z] [INFO] 🚀 PHASE: ADVANCED OVERNIGHT LOOP
[2026-05-02T05:28:33Z] [INFO] 🔬 Advanced loop completed cycles: 0
[2026-05-02T05:28:33Z] [WARNING] ⚠️  Git commit skipped or failed (git not initialized?): Command '['git', '-C', '/home/avalonas/.hermes/gematria/unified_overnight_research', 'add', '.']' returned non-zero exit status 128.
[2026-05-02T05:28:33Z] [INFO] 
📊 CYCLE #90 SUMMARY
[2026-05-02T05:28:33Z] [INFO] ✅ Successful tasks: 7/7
[2026-05-02T05:28:33Z] [INFO] ⏱️  Cycle duration: 86.53s
[2026-05-02T05:28:33Z] [INFO]    ⚠️ task: result
[2026-05-02T05:28:33Z] [INFO]    ⚠️ task: result
[2026-05-02T05:28:33Z] [INFO]    ⚠️ task: result
[2026-05-02T05:28:33Z] [INFO]    ⚠️ task: result
[2026-05-02T05:28:33Z] [INFO]    ⚠️ task: result
[2026-05-02T05:28:33Z] [INFO]    ⚠️ task: result
[2026-05-02T05:28:33Z] [INFO]    ⚠️ task: result
[2026-05-02T05:28:33Z] [HEADER] ================================================================================
[2026-05-02T05:28:33Z] [INFO] 🔄 OVERNIGHT RESEARCH PIPELINE - CYCLE #91
[2026-05-02T05:28:33Z] [INFO] ================================================================================
[2026-05-02T05:28:33Z] [HEADER] ============================================================
[2026-05-02T05:28:33Z] [INFO] 🌙 STARTING OVERNIGHT RESEARCH CYCLE #91
[2026-05-02T05:28:33Z] [INFO] 🔍 Running overnight research protocol (web scraping + cross-symbol analysis)...
[2026-05-02T05:28:33Z] [INFO] 📊 Cycle duration: 0.11s, Files generated: 0
[2026-05-02T05:28:33Z] [WARNING] ⚠️ Database not initialized for cycle counting
[2026-05-02T05:28:33Z] [INFO] 💾 Database updated with cycle results
[2026-05-02T05:28:33Z] [SECTION] ============================================================
[2026-05-02T05:28:33Z] [INFO] 🔮 PHASE: HIDDEN LAYERING DETECTION
[2026-05-02T05:28:33Z] [INFO] 🔗 Hidden layering detection complete. Connections identified: 2
[2026-05-02T05:28:33Z] [SECTION] ============================================================
[2026-05-02T05:28:33Z] [INFO] 🔬 PHASE: DOMAIN CORRELATION ANALYSIS
[2026-05-02T05:28:33Z] [INFO] 📊 Domain correlation matrices created: 2
[2026-05-02T05:28:33Z] [SECTION] ============================================================
[2026-05-02T05:28:33Z] [INFO] 🖼️  PHASE: IMAGE-SEED ANALYSIS
[2026-05-02T05:28:33Z] [INFO] 📂 Image seed analysis bootstrapping from 5 images...
[2026-05-02T05:28:33Z] [SECTION] ============================================================
[2026-05-02T05:28:33Z] [INFO] 📤 PHASE: PUSH COMPONENTS TO TOLARIA
[2026-05-02T05:28:35Z] [INFO] 📦 Components pushed to Tolaria: 5
[2026-05-02T05:28:35Z] [SECTION] ============================================================
[2026-05-02T05:28:35Z] [INFO] 🧩 PHASE: COMPOSER - DOMAIN INTEGRATION SYNTHESIS
[2026-05-02T05:28:56Z] [INFO] 🎨 Domain integrations synthesized: 0
[2026-05-02T05:28:56Z] [SECTION] ============================================================
[2026-05-02T05:28:56Z] [INFO] 🚀 PHASE: ADVANCED OVERNIGHT LOOP
[2026-05-02T05:30:02Z] [INFO] 🔬 Advanced loop completed cycles: 0
[2026-05-02T05:30:02Z] [WARNING] ⚠️  Git commit skipped or failed (git not initialized?): Command '['git', '-C', '/home/avalonas/.hermes/gematria/unified_overnight_research', 'add', '.']' returned non-zero exit status 128.
[2026-05-02T05:30:02Z] [INFO] 
📊 CYCLE #91 SUMMARY
[2026-05-02T05:30:02Z] [INFO] ✅ Successful tasks: 7/7
[2026-05-02T05:30:02Z] [INFO] ⏱️  Cycle duration: 89.50s
[2026-05-02T05:30:02Z] [INFO]    ⚠️ task: result
[2026-05-02T05:30:02Z] [INFO]    ⚠️ task: result
[2026-05-02T05:30:02Z] [INFO]    ⚠️ task: result
[2026-05-02T05:30:02Z] [INFO]    ⚠️ task: result
[2026-05-02T05:30:02Z] [INFO]    ⚠️ task: result
[2026-05-02T05:30:02Z] [INFO]    ⚠️ task: result
[2026-05-02T05:30:02Z] [INFO]    ⚠️ task: result
[2026-05-02T05:30:02Z] [HEADER] ================================================================================
[2026-05-02T05:30:02Z] [INFO] 🔄 OVERNIGHT RESEARCH PIPELINE - CYCLE #92
[2026-05-02T05:30:02Z] [INFO] ================================================================================
[2026-05-02T05:30:02Z] [HEADER] ============================================================
[2026-05-02T05:30:02Z] [INFO] 🌙 STARTING OVERNIGHT RESEARCH CYCLE #92
[2026-05-02T05:30:02Z] [INFO] 🔍 Running overnight research protocol (web scraping + cross-symbol analysis)...
[2026-05-02T05:30:03Z] [INFO] 📊 Cycle duration: 0.11s, Files generated: 0
[2026-05-02T05:30:03Z] [WARNING] ⚠️ Database not initialized for cycle counting
[2026-05-02T05:30:03Z] [INFO] 💾 Database updated with cycle results
[2026-05-02T05:30:03Z] [SECTION] ============================================================
[2026-05-02T05:30:03Z] [INFO] 🔮 PHASE: HIDDEN LAYERING DETECTION
[2026-05-02T05:30:03Z] [INFO] 🔗 Hidden layering detection complete. Connections identified: 2
[2026-05-02T05:30:03Z] [SECTION] ============================================================
[2026-05-02T05:30:03Z] [INFO] 🔬 PHASE: DOMAIN CORRELATION ANALYSIS
[2026-05-02T05:30:03Z] [INFO] 📊 Domain correlation matrices created: 2
[2026-05-02T05:30:03Z] [SECTION] ============================================================
[2026-05-02T05:30:03Z] [INFO] 🖼️  PHASE: IMAGE-SEED ANALYSIS
[2026-05-02T05:30:03Z] [INFO] 📂 Image seed analysis bootstrapping from 5 images...
[2026-05-02T05:30:03Z] [SECTION] ============================================================
[2026-05-02T05:30:03Z] [INFO] 📤 PHASE: PUSH COMPONENTS TO TOLARIA
[2026-05-02T05:30:03Z] [INFO] 📦 Components pushed to Tolaria: 5
[2026-05-02T05:30:03Z] [SECTION] ============================================================
[2026-05-02T05:30:03Z] [INFO] 🧩 PHASE: COMPOSER - DOMAIN INTEGRATION SYNTHESIS
[2026-05-02T05:30:25Z] [INFO] 🎨 Domain integrations synthesized: 0
[2026-05-02T05:30:25Z] [SECTION] ============================================================
[2026-05-02T05:30:25Z] [INFO] 🚀 PHASE: ADVANCED OVERNIGHT LOOP
[2026-05-02T05:31:32Z] [INFO] 🔬 Advanced loop completed cycles: 0
[2026-05-02T05:31:32Z] [WARNING] ⚠️  Git commit skipped or failed (git not initialized?): Command '['git', '-C', '/home/avalonas/.hermes/gematria/unified_overnight_research', 'add', '.']' returned non-zero exit status 128.
[2026-05-02T05:31:32Z] [INFO] 
📊 CYCLE #92 SUMMARY
[2026-05-02T05:31:32Z] [INFO] ✅ Successful tasks: 7/7
[2026-05-02T05:31:32Z] [INFO] ⏱️  Cycle duration: 89.25s
[2026-05-02T05:31:32Z] [INFO]    ⚠️ task: result
[2026-05-02T05:31:32Z] [INFO]    ⚠️ task: result
[2026-05-02T05:31:32Z] [INFO]    ⚠️ task: result
[2026-05-02T05:31:32Z] [INFO]    ⚠️ task: result
[2026-05-02T05:31:32Z] [INFO]    ⚠️ task: result
[2026-05-02T05:31:32Z] [INFO]    ⚠️ task: result
[2026-05-02T05:31:32Z] [INFO]    ⚠️ task: result
[2026-05-02T05:31:32Z] [HEADER] ================================================================================
[2026-05-02T05:31:32Z] [INFO] 🔄 OVERNIGHT RESEARCH PIPELINE - CYCLE #93
[2026-05-02T05:31:32Z] [INFO] ================================================================================
[2026-05-02T05:31:32Z] [HEADER] ============================================================
[2026-05-02T05:31:32Z] [INFO] 🌙 STARTING OVERNIGHT RESEARCH CYCLE #93
[2026-05-02T05:31:32Z] [INFO] 🔍 Running overnight research protocol (web scraping + cross-symbol analysis)...
[2026-05-02T05:31:32Z] [INFO] 📊 Cycle duration: 0.11s, Files generated: 0
[2026-05-02T05:31:32Z] [WARNING] ⚠️ Database not initialized for cycle counting
[2026-05-02T05:31:32Z] [INFO] 💾 Database updated with cycle results
[2026-05-02T05:31:32Z] [SECTION] ============================================================
[2026-05-02T05:31:32Z] [INFO] 🔮 PHASE: HIDDEN LAYERING DETECTION
[2026-05-02T05:31:32Z] [INFO] 🔗 Hidden layering detection complete. Connections identified: 2
[2026-05-02T05:31:32Z] [SECTION] ============================================================
[2026-05-02T05:31:32Z] [INFO] 🔬 PHASE: DOMAIN CORRELATION ANALYSIS
[2026-05-02T05:31:32Z] [INFO] 📊 Domain correlation matrices created: 2
[2026-05-02T05:31:32Z] [SECTION] ============================================================
[2026-05-02T05:31:32Z] [INFO] 🖼️  PHASE: IMAGE-SEED ANALYSIS
[2026-05-02T05:31:32Z] [INFO] 📂 Image seed analysis bootstrapping from 5 images...
[2026-05-02T05:31:32Z] [SECTION] ============================================================
[2026-05-02T05:31:32Z] [INFO] 📤 PHASE: PUSH COMPONENTS TO TOLARIA
[2026-05-02T05:31:33Z] [INFO] 📦 Components pushed to Tolaria: 5
[2026-05-02T05:31:33Z] [SECTION] ============================================================
[2026-05-02T05:31:33Z] [INFO] 🧩 PHASE: COMPOSER - DOMAIN INTEGRATION SYNTHESIS
[2026-05-02T05:31:55Z] [INFO] 🎨 Domain integrations synthesized: 0
[2026-05-02T05:31:55Z] [SECTION] ============================================================
[2026-05-02T05:31:55Z] [INFO] 🚀 PHASE: ADVANCED OVERNIGHT LOOP
[2026-05-02T05:33:02Z] [INFO] 🔬 Advanced loop completed cycles: 0
[2026-05-02T05:33:02Z] [WARNING] ⚠️  Git commit skipped or failed (git not initialized?): Command '['git', '-C', '/home/avalonas/.hermes/gematria/unified_overnight_research', 'add', '.']' returned non-zero exit status 128.
[2026-05-02T05:33:02Z] [INFO] 
📊 CYCLE #93 SUMMARY
[2026-05-02T05:33:02Z] [INFO] ✅ Successful tasks: 7/7
[2026-05-02T05:33:02Z] [INFO] ⏱️  Cycle duration: 90.00s
[2026-05-02T05:33:02Z] [INFO]    ⚠️ task: result
[2026-05-02T05:33:02Z] [INFO]    ⚠️ task: result
[2026-05-02T05:33:02Z] [INFO]    ⚠️ task: result
[2026-05-02T05:33:02Z] [INFO]    ⚠️ task: result
[2026-05-02T05:33:02Z] [INFO]    ⚠️ task: result
[2026-05-02T05:33:02Z] [INFO]    ⚠️ task: result
[2026-05-02T05:33:02Z] [INFO]    ⚠️ task: result
[2026-05-02T05:33:02Z] [HEADER] ================================================================================
[2026-05-02T05:33:02Z] [INFO] 🔄 OVERNIGHT RESEARCH PIPELINE - CYCLE #94
[2026-05-02T05:33:02Z] [INFO] ================================================================================
[2026-05-02T05:33:02Z] [HEADER] ============================================================
[2026-05-02T05:33:02Z] [INFO] 🌙 STARTING OVERNIGHT RESEARCH CYCLE #94
[2026-05-02T05:33:02Z] [INFO] 🔍 Running overnight research protocol (web scraping + cross-symbol analysis)...
[2026-05-02T05:33:02Z] [INFO] 📊 Cycle duration: 0.13s, Files generated: 0
[2026-05-02T05:33:02Z] [WARNING] ⚠️ Database not initialized for cycle counting
[2026-05-02T05:33:02Z] [INFO] 💾 Database updated with cycle results
[2026-05-02T05:33:02Z] [SECTION] ============================================================
[2026-05-02T05:33:02Z] [INFO] 🔮 PHASE: HIDDEN LAYERING DETECTION
[2026-05-02T05:33:02Z] [INFO] 🔗 Hidden layering detection complete. Connections identified: 2
[2026-05-02T05:33:02Z] [SECTION] ============================================================
[2026-05-02T05:33:02Z] [INFO] 🔬 PHASE: DOMAIN CORRELATION ANALYSIS
[2026-05-02T05:33:02Z] [INFO] 📊 Domain correlation matrices created: 2
[2026-05-02T05:33:02Z] [SECTION] ============================================================
[2026-05-02T05:33:02Z] [INFO] 🖼️  PHASE: IMAGE-SEED ANALYSIS
[2026-05-02T05:33:02Z] [INFO] 📂 Image seed analysis bootstrapping from 5 images...
[2026-05-02T05:33:02Z] [SECTION] ============================================================
[2026-05-02T05:33:02Z] [INFO] 📤 PHASE: PUSH COMPONENTS TO TOLARIA
[2026-05-02T05:33:03Z] [INFO] 📦 Components pushed to Tolaria: 5
[2026-05-02T05:33:03Z] [SECTION] ============================================================
[2026-05-02T05:33:03Z] [INFO] 🧩 PHASE: COMPOSER - DOMAIN INTEGRATION SYNTHESIS
[2026-05-02T05:33:25Z] [INFO] 🎨 Domain integrations synthesized: 0
[2026-05-02T05:33:25Z] [SECTION] ============================================================
[2026-05-02T05:33:25Z] [INFO] 🚀 PHASE: ADVANCED OVERNIGHT LOOP
[2026-05-02T05:34:31Z] [INFO] 🔬 Advanced loop completed cycles: 0
[2026-05-02T05:34:31Z] [WARNING] ⚠️  Git commit skipped or failed (git not initialized?): Command '['git', '-C', '/home/avalonas/.hermes/gematria/unified_overnight_research', 'add', '.']' returned non-zero exit status 128.
[2026-05-02T05:34:31Z] [INFO] 
📊 CYCLE #94 SUMMARY
[2026-05-02T05:34:31Z] [INFO] ✅ Successful tasks: 7/7
[2026-05-02T05:34:31Z] [INFO] ⏱️  Cycle duration: 89.24s
[2026-05-02T05:34:31Z] [INFO]    ⚠️ task: result
[2026-05-02T05:34:31Z] [INFO]    ⚠️ task: result
[2026-05-02T05:34:31Z] [INFO]    ⚠️ task: result
[2026-05-02T05:34:31Z] [INFO]    ⚠️ task: result
[2026-05-02T05:34:31Z] [INFO]    ⚠️ task: result
[2026-05-02T05:34:31Z] [INFO]    ⚠️ task: result
[2026-05-02T05:34:31Z] [INFO]    ⚠️ task: result
[2026-05-02T05:34:31Z] [HEADER] ================================================================================
[2026-05-02T05:34:31Z] [INFO] 🔄 OVERNIGHT RESEARCH PIPELINE - CYCLE #95
[2026-05-02T05:34:31Z] [INFO] ================================================================================
[2026-05-02T05:34:31Z] [HEADER] ============================================================
[2026-05-02T05:34:31Z] [INFO] 🌙 STARTING OVERNIGHT RESEARCH CYCLE #95
[2026-05-02T05:34:31Z] [INFO] 🔍 Running overnight research protocol (web scraping + cross-symbol analysis)...
[2026-05-02T05:34:31Z] [INFO] 📊 Cycle duration: 0.12s, Files generated: 0
[2026-05-02T05:34:31Z] [WARNING] ⚠️ Database not initialized for cycle counting
[2026-05-02T05:34:31Z] [INFO] 💾 Database updated with cycle results
[2026-05-02T05:34:31Z] [SECTION] ============================================================
[2026-05-02T05:34:31Z] [INFO] 🔮 PHASE: HIDDEN LAYERING DETECTION
[2026-05-02T05:34:31Z] [INFO] 🔗 Hidden layering detection complete. Connections identified: 2
[2026-05-02T05:34:31Z] [SECTION] ============================================================
[2026-05-02T05:34:31Z] [INFO] 🔬 PHASE: DOMAIN CORRELATION ANALYSIS
[2026-05-02T05:34:31Z] [INFO] 📊 Domain correlation matrices created: 2
[2026-05-02T05:34:31Z] [SECTION] ============================================================
[2026-05-02T05:34:31Z] [INFO] 🖼️  PHASE: IMAGE-SEED ANALYSIS
[2026-05-02T05:34:31Z] [INFO] 📂 Image seed analysis bootstrapping from 5 images...
[2026-05-02T05:34:31Z] [SECTION] ============================================================
[2026-05-02T05:34:31Z] [INFO] 📤 PHASE: PUSH COMPONENTS TO TOLARIA
[2026-05-02T05:34:32Z] [INFO] 📦 Components pushed to Tolaria: 5
[2026-05-02T05:34:32Z] [SECTION] ============================================================
[2026-05-02T05:34:32Z] [INFO] 🧩 PHASE: COMPOSER - DOMAIN INTEGRATION SYNTHESIS
[2026-05-02T05:34:53Z] [INFO] 🎨 Domain integrations synthesized: 0
[2026-05-02T05:34:53Z] [SECTION] ============================================================
[2026-05-02T05:34:53Z] [INFO] 🚀 PHASE: ADVANCED OVERNIGHT LOOP
[2026-05-02T05:36:00Z] [INFO] 🔬 Advanced loop completed cycles: 0
[2026-05-02T05:36:00Z] [WARNING] ⚠️  Git commit skipped or failed (git not initialized?): Command '['git', '-C', '/home/avalonas/.hermes/gematria/unified_overnight_research', 'add', '.']' returned non-zero exit status 128.
[2026-05-02T05:36:00Z] [INFO] 
📊 CYCLE #95 SUMMARY
[2026-05-02T05:36:00Z] [INFO] ✅ Successful tasks: 7/7
[2026-05-02T05:36:00Z] [INFO] ⏱️  Cycle duration: 89.50s
[2026-05-02T05:36:00Z] [INFO]    ⚠️ task: result
[2026-05-02T05:36:00Z] [INFO]    ⚠️ task: result
[2026-05-02T05:36:00Z] [INFO]    ⚠️ task: result
[2026-05-02T05:36:00Z] [INFO]    ⚠️ task: result
[2026-05-02T05:36:00Z] [INFO]    ⚠️ task: result
[2026-05-02T05:36:00Z] [INFO]    ⚠️ task: result
[2026-05-02T05:36:00Z] [INFO]    ⚠️ task: result
[2026-05-02T05:36:00Z] [HEADER] ================================================================================
[2026-05-02T05:36:00Z] [INFO] 🔄 OVERNIGHT RESEARCH PIPELINE - CYCLE #96
[2026-05-02T05:36:00Z] [INFO] ================================================================================
[2026-05-02T05:36:00Z] [HEADER] ============================================================
[2026-05-02T05:36:00Z] [INFO] 🌙 STARTING OVERNIGHT RESEARCH CYCLE #96
[2026-05-02T05:36:00Z] [INFO] 🔍 Running overnight research protocol (web scraping + cross-symbol analysis)...
[2026-05-02T05:36:01Z] [INFO] 📊 Cycle duration: 0.13s, Files generated: 0
[2026-05-02T05:36:01Z] [WARNING] ⚠️ Database not initialized for cycle counting
[2026-05-02T05:36:01Z] [INFO] 💾 Database updated with cycle results
[2026-05-02T05:36:01Z] [SECTION] ============================================================
[2026-05-02T05:36:01Z] [INFO] 🔮 PHASE: HIDDEN LAYERING DETECTION
[2026-05-02T05:36:01Z] [INFO] 🔗 Hidden layering detection complete. Connections identified: 2
[2026-05-02T05:36:01Z] [SECTION] ============================================================
[2026-05-02T05:36:01Z] [INFO] 🔬 PHASE: DOMAIN CORRELATION ANALYSIS
[2026-05-02T05:36:01Z] [INFO] 📊 Domain correlation matrices created: 2
[2026-05-02T05:36:01Z] [SECTION] ============================================================
[2026-05-02T05:36:01Z] [INFO] 🖼️  PHASE: IMAGE-SEED ANALYSIS
[2026-05-02T05:36:01Z] [INFO] 📂 Image seed analysis bootstrapping from 5 images...
[2026-05-02T05:36:01Z] [SECTION] ============================================================
[2026-05-02T05:36:01Z] [INFO] 📤 PHASE: PUSH COMPONENTS TO TOLARIA
[2026-05-02T05:36:01Z] [INFO] 📦 Components pushed to Tolaria: 5
[2026-05-02T05:36:01Z] [SECTION] ============================================================
[2026-05-02T05:36:01Z] [INFO] 🧩 PHASE: COMPOSER - DOMAIN INTEGRATION SYNTHESIS
[2026-05-02T05:36:23Z] [INFO] 🎨 Domain integrations synthesized: 0
[2026-05-02T05:36:23Z] [SECTION] ============================================================
[2026-05-02T05:36:23Z] [INFO] 🚀 PHASE: ADVANCED OVERNIGHT LOOP
[2026-05-02T05:37:11Z] [INFO] 🔬 Advanced loop completed cycles: 0
[2026-05-02T05:37:11Z] [WARNING] ⚠️  Git commit skipped or failed (git not initialized?): Command '['git', '-C', '/home/avalonas/.hermes/gematria/unified_overnight_research', 'add', '.']' returned non-zero exit status 128.
[2026-05-02T05:37:11Z] [INFO] 
📊 CYCLE #96 SUMMARY
[2026-05-02T05:37:11Z] [INFO] ✅ Successful tasks: 7/7
[2026-05-02T05:37:11Z] [INFO] ⏱️  Cycle duration: 70.78s
[2026-05-02T05:37:11Z] [INFO]    ⚠️ task: result
[2026-05-02T05:37:11Z] [INFO]    ⚠️ task: result
[2026-05-02T05:37:11Z] [INFO]    ⚠️ task: result
[2026-05-02T05:37:11Z] [INFO]    ⚠️ task: result
[2026-05-02T05:37:11Z] [INFO]    ⚠️ task: result
[2026-05-02T05:37:11Z] [INFO]    ⚠️ task: result
[2026-05-02T05:37:11Z] [INFO]    ⚠️ task: result
[2026-05-02T05:37:11Z] [HEADER] ================================================================================
[2026-05-02T05:37:11Z] [INFO] 🔄 OVERNIGHT RESEARCH PIPELINE - CYCLE #97
[2026-05-02T05:37:11Z] [INFO] ================================================================================
[2026-05-02T05:37:11Z] [HEADER] ============================================================
[2026-05-02T05:37:11Z] [INFO] 🌙 STARTING OVERNIGHT RESEARCH CYCLE #97
[2026-05-02T05:37:11Z] [INFO] 🔍 Running overnight research protocol (web scraping + cross-symbol analysis)...
[2026-05-02T05:37:11Z] [INFO] 📊 Cycle duration: 0.16s, Files generated: 0
[2026-05-02T05:37:11Z] [WARNING] ⚠️ Database not initialized for cycle counting
[2026-05-02T05:37:11Z] [INFO] 💾 Database updated with cycle results
[2026-05-02T05:37:11Z] [SECTION] ============================================================
[2026-05-02T05:37:11Z] [INFO] 🔮 PHASE: HIDDEN LAYERING DETECTION
[2026-05-02T05:37:11Z] [INFO] 🔗 Hidden layering detection complete. Connections identified: 2
[2026-05-02T05:37:11Z] [SECTION] ============================================================
[2026-05-02T05:37:11Z] [INFO] 🔬 PHASE: DOMAIN CORRELATION ANALYSIS
[2026-05-02T05:37:11Z] [INFO] 📊 Domain correlation matrices created: 2
[2026-05-02T05:37:11Z] [SECTION] ============================================================
[2026-05-02T05:37:11Z] [INFO] 🖼️  PHASE: IMAGE-SEED ANALYSIS
[2026-05-02T05:37:11Z] [INFO] 📂 Image seed analysis bootstrapping from 5 images...
[2026-05-02T05:37:11Z] [SECTION] ============================================================
[2026-05-02T05:37:11Z] [INFO] 📤 PHASE: PUSH COMPONENTS TO TOLARIA
[2026-05-02T05:37:12Z] [INFO] 📦 Components pushed to Tolaria: 5
[2026-05-02T05:37:12Z] [SECTION] ============================================================
[2026-05-02T05:37:12Z] [INFO] 🧩 PHASE: COMPOSER - DOMAIN INTEGRATION SYNTHESIS
[2026-05-02T05:37:33Z] [INFO] 🎨 Domain integrations synthesized: 0
[2026-05-02T05:37:33Z] [SECTION] ============================================================
[2026-05-02T05:37:33Z] [INFO] 🚀 PHASE: ADVANCED OVERNIGHT LOOP
[2026-05-02T05:38:25Z] [INFO] 🔬 Advanced loop completed cycles: 0
[2026-05-02T05:38:25Z] [WARNING] ⚠️  Git commit skipped or failed (git not initialized?): Command '['git', '-C', '/home/avalonas/.hermes/gematria/unified_overnight_research', 'add', '.']' returned non-zero exit status 128.
[2026-05-02T05:38:25Z] [INFO] 
📊 CYCLE #97 SUMMARY
[2026-05-02T05:38:25Z] [INFO] ✅ Successful tasks: 7/7
[2026-05-02T05:38:25Z] [INFO] ⏱️  Cycle duration: 73.89s
[2026-05-02T05:38:25Z] [INFO]    ⚠️ task: result
[2026-05-02T05:38:25Z] [INFO]    ⚠️ task: result
[2026-05-02T05:38:25Z] [INFO]    ⚠️ task: result
[2026-05-02T05:38:25Z] [INFO]    ⚠️ task: result
[2026-05-02T05:38:25Z] [INFO]    ⚠️ task: result
[2026-05-02T05:38:25Z] [INFO]    ⚠️ task: result
[2026-05-02T05:38:25Z] [INFO]    ⚠️ task: result
[2026-05-02T05:38:25Z] [HEADER] ================================================================================
[2026-05-02T05:38:25Z] [INFO] 🔄 OVERNIGHT RESEARCH PIPELINE - CYCLE #98
[2026-05-02T05:38:25Z] [INFO] ================================================================================
[2026-05-02T05:38:25Z] [HEADER] ============================================================
[2026-05-02T05:38:25Z] [INFO] 🌙 STARTING OVERNIGHT RESEARCH CYCLE #98
[2026-05-02T05:38:25Z] [INFO] 🔍 Running overnight research protocol (web scraping + cross-symbol analysis)...
[2026-05-02T05:38:25Z] [INFO] 📊 Cycle duration: 0.11s, Files generated: 0
[2026-05-02T05:38:25Z] [WARNING] ⚠️ Database not initialized for cycle counting
[2026-05-02T05:38:25Z] [INFO] 💾 Database updated with cycle results
[2026-05-02T05:38:25Z] [SECTION] ============================================================
[2026-05-02T05:38:25Z] [INFO] 🔮 PHASE: HIDDEN LAYERING DETECTION
[2026-05-02T05:38:25Z] [INFO] 🔗 Hidden layering detection complete. Connections identified: 2
[2026-05-02T05:38:25Z] [SECTION] ============================================================
[2026-05-02T05:38:25Z] [INFO] 🔬 PHASE: DOMAIN CORRELATION ANALYSIS
[2026-05-02T05:38:25Z] [INFO] 📊 Domain correlation matrices created: 2
[2026-05-02T05:38:25Z] [SECTION] ============================================================
[2026-05-02T05:38:25Z] [INFO] 🖼️  PHASE: IMAGE-SEED ANALYSIS
[2026-05-02T05:38:25Z] [INFO] 📂 Image seed analysis bootstrapping from 5 images...
[2026-05-02T05:38:25Z] [SECTION] ============================================================
[2026-05-02T05:38:25Z] [INFO] 📤 PHASE: PUSH COMPONENTS TO TOLARIA
[2026-05-02T05:38:26Z] [INFO] 📦 Components pushed to Tolaria: 5
[2026-05-02T05:38:26Z] [SECTION] ============================================================
[2026-05-02T05:38:26Z] [INFO] 🧩 PHASE: COMPOSER - DOMAIN INTEGRATION SYNTHESIS
[2026-05-02T05:38:43Z] [INFO] 🎨 Domain integrations synthesized: 0
[2026-05-02T05:38:43Z] [SECTION] ============================================================
[2026-05-02T05:38:43Z] [INFO] 🚀 PHASE: ADVANCED OVERNIGHT LOOP
[2026-05-02T05:39:22Z] [INFO] 🔬 Advanced loop completed cycles: 0
[2026-05-02T05:39:22Z] [WARNING] ⚠️  Git commit skipped or failed (git not initialized?): Command '['git', '-C', '/home/avalonas/.hermes/gematria/unified_overnight_research', 'add', '.']' returned non-zero exit status 128.
[2026-05-02T05:39:22Z] [INFO] 
📊 CYCLE #98 SUMMARY
[2026-05-02T05:39:22Z] [INFO] ✅ Successful tasks: 7/7
[2026-05-02T05:39:22Z] [INFO] ⏱️  Cycle duration: 57.37s
[2026-05-02T05:39:22Z] [INFO]    ⚠️ task: result
[2026-05-02T05:39:22Z] [INFO]    ⚠️ task: result
[2026-05-02T05:39:22Z] [INFO]    ⚠️ task: result
[2026-05-02T05:39:22Z] [INFO]    ⚠️ task: result
[2026-05-02T05:39:22Z] [INFO]    ⚠️ task: result
[2026-05-02T05:39:22Z] [INFO]    ⚠️ task: result
[2026-05-02T05:39:22Z] [INFO]    ⚠️ task: result
[2026-05-02T05:39:22Z] [HEADER] ================================================================================
[2026-05-02T05:39:22Z] [INFO] 🔄 OVERNIGHT RESEARCH PIPELINE - CYCLE #99
[2026-05-02T05:39:22Z] [INFO] ================================================================================
[2026-05-02T05:39:22Z] [HEADER] ============================================================
[2026-05-02T05:39:22Z] [INFO] 🌙 STARTING OVERNIGHT RESEARCH CYCLE #99
[2026-05-02T05:39:22Z] [INFO] 🔍 Running overnight research protocol (web scraping + cross-symbol analysis)...
[2026-05-02T05:39:23Z] [INFO] 📊 Cycle duration: 0.15s, Files generated: 0
[2026-05-02T05:39:23Z] [WARNING] ⚠️ Database not initialized for cycle counting
[2026-05-02T05:39:23Z] [INFO] 💾 Database updated with cycle results
[2026-05-02T05:39:23Z] [SECTION] ============================================================
[2026-05-02T05:39:23Z] [INFO] 🔮 PHASE: HIDDEN LAYERING DETECTION
[2026-05-02T05:39:23Z] [INFO] 🔗 Hidden layering detection complete. Connections identified: 2
[2026-05-02T05:39:23Z] [SECTION] ============================================================
[2026-05-02T05:39:23Z] [INFO] 🔬 PHASE: DOMAIN CORRELATION ANALYSIS
[2026-05-02T05:39:23Z] [INFO] 📊 Domain correlation matrices created: 2
[2026-05-02T05:39:23Z] [SECTION] ============================================================
[2026-05-02T05:39:23Z] [INFO] 🖼️  PHASE: IMAGE-SEED ANALYSIS
[2026-05-02T05:39:23Z] [INFO] 📂 Image seed analysis bootstrapping from 5 images...
[2026-05-02T05:39:23Z] [SECTION] ============================================================
[2026-05-02T05:39:23Z] [INFO] 📤 PHASE: PUSH COMPONENTS TO TOLARIA
[2026-05-02T05:39:24Z] [INFO] 📦 Components pushed to Tolaria: 5
[2026-05-02T05:39:24Z] [SECTION] ============================================================
[2026-05-02T05:39:24Z] [INFO] 🧩 PHASE: COMPOSER - DOMAIN INTEGRATION SYNTHESIS
[2026-05-02T05:39:40Z] [INFO] 🎨 Domain integrations synthesized: 0
[2026-05-02T05:39:40Z] [SECTION] ============================================================
[2026-05-02T05:39:40Z] [INFO] 🚀 PHASE: ADVANCED OVERNIGHT LOOP
[2026-05-02T05:40:20Z] [INFO] 🔬 Advanced loop completed cycles: 0
[2026-05-02T05:40:20Z] [WARNING] ⚠️  Git commit skipped or failed (git not initialized?): Command '['git', '-C', '/home/avalonas/.hermes/gematria/unified_overnight_research', 'add', '.']' returned non-zero exit status 128.
[2026-05-02T05:40:20Z] [INFO] 
📊 CYCLE #99 SUMMARY
[2026-05-02T05:40:20Z] [INFO] ✅ Successful tasks: 7/7
[2026-05-02T05:40:20Z] [INFO] ⏱️  Cycle duration: 57.58s
[2026-05-02T05:40:20Z] [INFO]    ⚠️ task: result
[2026-05-02T05:40:20Z] [INFO]    ⚠️ task: result
[2026-05-02T05:40:20Z] [INFO]    ⚠️ task: result
[2026-05-02T05:40:20Z] [INFO]    ⚠️ task: result
[2026-05-02T05:40:20Z] [INFO]    ⚠️ task: result
[2026-05-02T05:40:20Z] [INFO]    ⚠️ task: result
[2026-05-02T05:40:20Z] [INFO]    ⚠️ task: result
[2026-05-02T05:40:20Z] [HEADER] ================================================================================
[2026-05-02T05:40:20Z] [INFO] 🔄 OVERNIGHT RESEARCH PIPELINE - CYCLE #100
[2026-05-02T05:40:20Z] [INFO] ================================================================================
[2026-05-02T05:40:20Z] [HEADER] ============================================================
[2026-05-02T05:40:20Z] [INFO] 🌙 STARTING OVERNIGHT RESEARCH CYCLE #100
[2026-05-02T05:40:20Z] [INFO] 🔍 Running overnight research protocol (web scraping + cross-symbol analysis)...
[2026-05-02T05:40:20Z] [INFO] 📊 Cycle duration: 0.10s, Files generated: 0
[2026-05-02T05:40:20Z] [WARNING] ⚠️ Database not initialized for cycle counting
[2026-05-02T05:40:20Z] [INFO] 💾 Database updated with cycle results
[2026-05-02T05:40:20Z] [SECTION] ============================================================
[2026-05-02T05:40:20Z] [INFO] 🔮 PHASE: HIDDEN LAYERING DETECTION
[2026-05-02T05:40:20Z] [INFO] 🔗 Hidden layering detection complete. Connections identified: 2
[2026-05-02T05:40:20Z] [SECTION] ============================================================
[2026-05-02T05:40:20Z] [INFO] 🔬 PHASE: DOMAIN CORRELATION ANALYSIS
[2026-05-02T05:40:20Z] [INFO] 📊 Domain correlation matrices created: 2
[2026-05-02T05:40:20Z] [SECTION] ============================================================
[2026-05-02T05:40:20Z] [INFO] 🖼️  PHASE: IMAGE-SEED ANALYSIS
[2026-05-02T05:40:20Z] [INFO] 📂 Image seed analysis bootstrapping from 5 images...
[2026-05-02T05:40:20Z] [SECTION] ============================================================
[2026-05-02T05:40:20Z] [INFO] 📤 PHASE: PUSH COMPONENTS TO TOLARIA
[2026-05-02T05:40:21Z] [INFO] 📦 Components pushed to Tolaria: 5
[2026-05-02T05:40:21Z] [SECTION] ============================================================
[2026-05-02T05:40:21Z] [INFO] 🧩 PHASE: COMPOSER - DOMAIN INTEGRATION SYNTHESIS
[2026-05-02T05:40:33Z] [INFO] 🎨 Domain integrations synthesized: 0
[2026-05-02T05:40:33Z] [SECTION] ============================================================
[2026-05-02T05:40:33Z] [INFO] 🚀 PHASE: ADVANCED OVERNIGHT LOOP
[2026-05-02T05:41:17Z] [INFO] 🔬 Advanced loop completed cycles: 0
[2026-05-02T05:41:17Z] [WARNING] ⚠️  Git commit skipped or failed (git not initialized?): Command '['git', '-C', '/home/avalonas/.hermes/gematria/unified_overnight_research', 'add', '.']' returned non-zero exit status 128.
[2026-05-02T05:41:17Z] [INFO] 
📊 CYCLE #100 SUMMARY
[2026-05-02T05:41:17Z] [INFO] ✅ Successful tasks: 7/7
[2026-05-02T05:41:17Z] [INFO] ⏱️  Cycle duration: 57.29s
[2026-05-02T05:41:17Z] [INFO]    ⚠️ task: result
[2026-05-02T05:41:17Z] [INFO]    ⚠️ task: result
[2026-05-02T05:41:17Z] [INFO]    ⚠️ task: result
[2026-05-02T05:41:17Z] [INFO]    ⚠️ task: result
[2026-05-02T05:41:17Z] [INFO]    ⚠️ task: result
[2026-05-02T05:41:17Z] [INFO]    ⚠️ task: result
[2026-05-02T05:41:17Z] [INFO]    ⚠️ task: result
[2026-05-02T05:41:17Z] [HEADER] ================================================================================
[2026-05-02T05:41:17Z] [INFO] 🔄 OVERNIGHT RESEARCH PIPELINE - CYCLE #101
[2026-05-02T05:41:17Z] [INFO] ================================================================================
[2026-05-02T05:41:17Z] [HEADER] ============================================================
[2026-05-02T05:41:17Z] [INFO] 🌙 STARTING OVERNIGHT RESEARCH CYCLE #101
[2026-05-02T05:41:17Z] [INFO] 🔍 Running overnight research protocol (web scraping + cross-symbol analysis)...
[2026-05-02T05:41:17Z] [INFO] 📊 Cycle duration: 0.10s, Files generated: 0
[2026-05-02T05:41:17Z] [WARNING] ⚠️ Database not initialized for cycle counting
[2026-05-02T05:41:17Z] [INFO] 💾 Database updated with cycle results
[2026-05-02T05:41:17Z] [SECTION] ============================================================
[2026-05-02T05:41:17Z] [INFO] 🔮 PHASE: HIDDEN LAYERING DETECTION
[2026-05-02T05:41:17Z] [INFO] 🔗 Hidden layering detection complete. Connections identified: 2
[2026-05-02T05:41:17Z] [SECTION] ============================================================
[2026-05-02T05:41:17Z] [INFO] 🔬 PHASE: DOMAIN CORRELATION ANALYSIS
[2026-05-02T05:41:17Z] [INFO] 📊 Domain correlation matrices created: 2
[2026-05-02T05:41:17Z] [SECTION] ============================================================
[2026-05-02T05:41:17Z] [INFO] 🖼️  PHASE: IMAGE-SEED ANALYSIS
[2026-05-02T05:41:17Z] [INFO] 📂 Image seed analysis bootstrapping from 5 images...
[2026-05-02T05:41:17Z] [SECTION] ============================================================
[2026-05-02T05:41:17Z] [INFO] 📤 PHASE: PUSH COMPONENTS TO TOLARIA
[2026-05-02T05:41:19Z] [INFO] 📦 Components pushed to Tolaria: 5
[2026-05-02T05:41:19Z] [SECTION] ============================================================
[2026-05-02T05:41:19Z] [INFO] 🧩 PHASE: COMPOSER - DOMAIN INTEGRATION SYNTHESIS
[2026-05-02T05:41:34Z] [INFO] 🎨 Domain integrations synthesized: 0
[2026-05-02T05:41:34Z] [SECTION] ============================================================
[2026-05-02T05:41:34Z] [INFO] 🚀 PHASE: ADVANCED OVERNIGHT LOOP
[2026-05-02T05:42:19Z] [INFO] 🔬 Advanced loop completed cycles: 0
[2026-05-02T05:42:19Z] [WARNING] ⚠️  Git commit skipped or failed (git not initialized?): Command '['git', '-C', '/home/avalonas/.hermes/gematria/unified_overnight_research', 'add', '.']' returned non-zero exit status 128.
[2026-05-02T05:42:19Z] [INFO] 
📊 CYCLE #101 SUMMARY
[2026-05-02T05:42:19Z] [INFO] ✅ Successful tasks: 7/7
[2026-05-02T05:42:19Z] [INFO] ⏱️  Cycle duration: 61.72s
[2026-05-02T05:42:19Z] [INFO]    ⚠️ task: result
[2026-05-02T05:42:19Z] [INFO]    ⚠️ task: result
[2026-05-02T05:42:19Z] [INFO]    ⚠️ task: result
[2026-05-02T05:42:19Z] [INFO]    ⚠️ task: result
[2026-05-02T05:42:19Z] [INFO]    ⚠️ task: result
[2026-05-02T05:42:19Z] [INFO]    ⚠️ task: result
[2026-05-02T05:42:19Z] [INFO]    ⚠️ task: result
[2026-05-02T05:42:19Z] [HEADER] ================================================================================
[2026-05-02T05:42:19Z] [INFO] 🔄 OVERNIGHT RESEARCH PIPELINE - CYCLE #102
[2026-05-02T05:42:19Z] [INFO] ================================================================================
[2026-05-02T05:42:19Z] [HEADER] ============================================================
[2026-05-02T05:42:19Z] [INFO] 🌙 STARTING OVERNIGHT RESEARCH CYCLE #102
[2026-05-02T05:42:19Z] [INFO] 🔍 Running overnight research protocol (web scraping + cross-symbol analysis)...
[2026-05-02T05:42:19Z] [INFO] 📊 Cycle duration: 0.10s, Files generated: 0
[2026-05-02T05:42:19Z] [WARNING] ⚠️ Database not initialized for cycle counting
[2026-05-02T05:42:19Z] [INFO] 💾 Database updated with cycle results
[2026-05-02T05:42:19Z] [SECTION] ============================================================
[2026-05-02T05:42:19Z] [INFO] 🔮 PHASE: HIDDEN LAYERING DETECTION
[2026-05-02T05:42:19Z] [INFO] 🔗 Hidden layering detection complete. Connections identified: 2
[2026-05-02T05:42:19Z] [SECTION] ============================================================
[2026-05-02T05:42:19Z] [INFO] 🔬 PHASE: DOMAIN CORRELATION ANALYSIS
[2026-05-02T05:42:19Z] [INFO] 📊 Domain correlation matrices created: 2
[2026-05-02T05:42:19Z] [SECTION] ============================================================
[2026-05-02T05:42:19Z] [INFO] 🖼️  PHASE: IMAGE-SEED ANALYSIS
[2026-05-02T05:42:19Z] [INFO] 📂 Image seed analysis bootstrapping from 5 images...
[2026-05-02T05:42:19Z] [SECTION] ============================================================
[2026-05-02T05:42:19Z] [INFO] 📤 PHASE: PUSH COMPONENTS TO TOLARIA
[2026-05-02T05:42:20Z] [INFO] 📦 Components pushed to Tolaria: 5
[2026-05-02T05:42:20Z] [SECTION] ============================================================
[2026-05-02T05:42:20Z] [INFO] 🧩 PHASE: COMPOSER - DOMAIN INTEGRATION SYNTHESIS
[2026-05-02T05:42:35Z] [INFO] 🎨 Domain integrations synthesized: 0
[2026-05-02T05:42:35Z] [SECTION] ============================================================
[2026-05-02T05:42:35Z] [INFO] 🚀 PHASE: ADVANCED OVERNIGHT LOOP
[2026-05-02T05:43:19Z] [INFO] 🔬 Advanced loop completed cycles: 0
[2026-05-02T05:43:19Z] [WARNING] ⚠️  Git commit skipped or failed (git not initialized?): Command '['git', '-C', '/home/avalonas/.hermes/gematria/unified_overnight_research', 'add', '.']' returned non-zero exit status 128.
[2026-05-02T05:43:19Z] [INFO] 
📊 CYCLE #102 SUMMARY
[2026-05-02T05:43:19Z] [INFO] ✅ Successful tasks: 7/7
[2026-05-02T05:43:19Z] [INFO] ⏱️  Cycle duration: 60.30s
[2026-05-02T05:43:19Z] [INFO]    ⚠️ task: result
[2026-05-02T05:43:19Z] [INFO]    ⚠️ task: result
[2026-05-02T05:43:19Z] [INFO]    ⚠️ task: result
[2026-05-02T05:43:19Z] [INFO]    ⚠️ task: result
[2026-05-02T05:43:19Z] [INFO]    ⚠️ task: result
[2026-05-02T05:43:19Z] [INFO]    ⚠️ task: result
[2026-05-02T05:43:19Z] [INFO]    ⚠️ task: result
[2026-05-02T05:43:19Z] [HEADER] ================================================================================
[2026-05-02T05:43:19Z] [INFO] 🔄 OVERNIGHT RESEARCH PIPELINE - CYCLE #103
[2026-05-02T05:43:19Z] [INFO] ================================================================================
[2026-05-02T05:43:19Z] [HEADER] ============================================================
[2026-05-02T05:43:19Z] [INFO] 🌙 STARTING OVERNIGHT RESEARCH CYCLE #103
[2026-05-02T05:43:19Z] [INFO] 🔍 Running overnight research protocol (web scraping + cross-symbol analysis)...
[2026-05-02T05:43:19Z] [INFO] 📊 Cycle duration: 0.11s, Files generated: 0
[2026-05-02T05:43:19Z] [WARNING] ⚠️ Database not initialized for cycle counting
[2026-05-02T05:43:19Z] [INFO] 💾 Database updated with cycle results
[2026-05-02T05:43:19Z] [SECTION] ============================================================
[2026-05-02T05:43:19Z] [INFO] 🔮 PHASE: HIDDEN LAYERING DETECTION
[2026-05-02T05:43:19Z] [INFO] 🔗 Hidden layering detection complete. Connections identified: 2
[2026-05-02T05:43:19Z] [SECTION] ============================================================
[2026-05-02T05:43:19Z] [INFO] 🔬 PHASE: DOMAIN CORRELATION ANALYSIS
[2026-05-02T05:43:19Z] [INFO] 📊 Domain correlation matrices created: 2
[2026-05-02T05:43:19Z] [SECTION] ============================================================
[2026-05-02T05:43:19Z] [INFO] 🖼️  PHASE: IMAGE-SEED ANALYSIS
[2026-05-02T05:43:19Z] [INFO] 📂 Image seed analysis bootstrapping from 5 images...
[2026-05-02T05:43:20Z] [SECTION] ============================================================
[2026-05-02T05:43:20Z] [INFO] 📤 PHASE: PUSH COMPONENTS TO TOLARIA
[2026-05-02T05:43:20Z] [INFO] 📦 Components pushed to Tolaria: 5
[2026-05-02T05:43:20Z] [SECTION] ============================================================
[2026-05-02T05:43:20Z] [INFO] 🧩 PHASE: COMPOSER - DOMAIN INTEGRATION SYNTHESIS
[2026-05-02T05:43:38Z] [INFO] 🎨 Domain integrations synthesized: 0
[2026-05-02T05:43:38Z] [SECTION] ============================================================
[2026-05-02T05:43:38Z] [INFO] 🚀 PHASE: ADVANCED OVERNIGHT LOOP
[2026-05-02T05:44:14Z] [INFO] 🔬 Advanced loop completed cycles: 0
[2026-05-02T05:44:14Z] [WARNING] ⚠️  Git commit skipped or failed (git not initialized?): Command '['git', '-C', '/home/avalonas/.hermes/gematria/unified_overnight_research', 'add', '.']' returned non-zero exit status 128.
[2026-05-02T05:44:14Z] [INFO] 
📊 CYCLE #103 SUMMARY
[2026-05-02T05:44:14Z] [INFO] ✅ Successful tasks: 7/7
[2026-05-02T05:44:14Z] [INFO] ⏱️  Cycle duration: 54.32s
[2026-05-02T05:44:14Z] [INFO]    ⚠️ task: result
[2026-05-02T05:44:14Z] [INFO]    ⚠️ task: result
[2026-05-02T05:44:14Z] [INFO]    ⚠️ task: result
[2026-05-02T05:44:14Z] [INFO]    ⚠️ task: result
[2026-05-02T05:44:14Z] [INFO]    ⚠️ task: result
[2026-05-02T05:44:14Z] [INFO]    ⚠️ task: result
[2026-05-02T05:44:14Z] [INFO]    ⚠️ task: result
[2026-05-02T05:44:14Z] [HEADER] ================================================================================
[2026-05-02T05:44:14Z] [INFO] 🔄 OVERNIGHT RESEARCH PIPELINE - CYCLE #104
[2026-05-02T05:44:14Z] [INFO] ================================================================================
[2026-05-02T05:44:14Z] [HEADER] ============================================================
[2026-05-02T05:44:14Z] [INFO] 🌙 STARTING OVERNIGHT RESEARCH CYCLE #104
[2026-05-02T05:44:14Z] [INFO] 🔍 Running overnight research protocol (web scraping + cross-symbol analysis)...
[2026-05-02T05:44:14Z] [INFO] 📊 Cycle duration: 0.11s, Files generated: 0
[2026-05-02T05:44:14Z] [WARNING] ⚠️ Database not initialized for cycle counting
[2026-05-02T05:44:14Z] [INFO] 💾 Database updated with cycle results
[2026-05-02T05:44:14Z] [SECTION] ============================================================
[2026-05-02T05:44:14Z] [INFO] 🔮 PHASE: HIDDEN LAYERING DETECTION
[2026-05-02T05:44:14Z] [INFO] 🔗 Hidden layering detection complete. Connections identified: 2
[2026-05-02T05:44:14Z] [SECTION] ============================================================
[2026-05-02T05:44:14Z] [INFO] 🔬 PHASE: DOMAIN CORRELATION ANALYSIS
[2026-05-02T05:44:14Z] [INFO] 📊 Domain correlation matrices created: 2
[2026-05-02T05:44:14Z] [SECTION] ============================================================
[2026-05-02T05:44:14Z] [INFO] 🖼️  PHASE: IMAGE-SEED ANALYSIS
[2026-05-02T05:44:14Z] [INFO] 📂 Image seed analysis bootstrapping from 5 images...
[2026-05-02T05:44:14Z] [SECTION] ============================================================
[2026-05-02T05:44:14Z] [INFO] 📤 PHASE: PUSH COMPONENTS TO TOLARIA
[2026-05-02T05:44:15Z] [INFO] 📦 Components pushed to Tolaria: 5
[2026-05-02T05:44:15Z] [SECTION] ============================================================
[2026-05-02T05:44:15Z] [INFO] 🧩 PHASE: COMPOSER - DOMAIN INTEGRATION SYNTHESIS
[2026-05-02T05:44:36Z] [INFO] 🎨 Domain integrations synthesized: 0
[2026-05-02T05:44:36Z] [SECTION] ============================================================
[2026-05-02T05:44:36Z] [INFO] 🚀 PHASE: ADVANCED OVERNIGHT LOOP
[2026-05-02T05:45:40Z] [INFO] 🔬 Advanced loop completed cycles: 0
[2026-05-02T05:45:40Z] [WARNING] ⚠️  Git commit skipped or failed (git not initialized?): Command '['git', '-C', '/home/avalonas/.hermes/gematria/unified_overnight_research', 'add', '.']' returned non-zero exit status 128.
[2026-05-02T05:45:40Z] [INFO] 
📊 CYCLE #104 SUMMARY
[2026-05-02T05:45:40Z] [INFO] ✅ Successful tasks: 7/7
[2026-05-02T05:45:40Z] [INFO] ⏱️  Cycle duration: 86.61s
[2026-05-02T05:45:40Z] [INFO]    ⚠️ task: result
[2026-05-02T05:45:40Z] [INFO]    ⚠️ task: result
[2026-05-02T05:45:40Z] [INFO]    ⚠️ task: result
[2026-05-02T05:45:40Z] [INFO]    ⚠️ task: result
[2026-05-02T05:45:40Z] [INFO]    ⚠️ task: result
[2026-05-02T05:45:40Z] [INFO]    ⚠️ task: result
[2026-05-02T05:45:40Z] [INFO]    ⚠️ task: result
[2026-05-02T05:45:40Z] [HEADER] ================================================================================
[2026-05-02T05:45:40Z] [INFO] 🔄 OVERNIGHT RESEARCH PIPELINE - CYCLE #105
[2026-05-02T05:45:40Z] [INFO] ================================================================================
[2026-05-02T05:45:40Z] [HEADER] ============================================================
[2026-05-02T05:45:40Z] [INFO] 🌙 STARTING OVERNIGHT RESEARCH CYCLE #105
[2026-05-02T05:45:40Z] [INFO] 🔍 Running overnight research protocol (web scraping + cross-symbol analysis)...
[2026-05-02T05:45:40Z] [INFO] 📊 Cycle duration: 0.11s, Files generated: 0
[2026-05-02T05:45:40Z] [WARNING] ⚠️ Database not initialized for cycle counting
[2026-05-02T05:45:40Z] [INFO] 💾 Database updated with cycle results
[2026-05-02T05:45:40Z] [SECTION] ============================================================
[2026-05-02T05:45:40Z] [INFO] 🔮 PHASE: HIDDEN LAYERING DETECTION
[2026-05-02T05:45:40Z] [INFO] 🔗 Hidden layering detection complete. Connections identified: 2
[2026-05-02T05:45:40Z] [SECTION] ============================================================
[2026-05-02T05:45:40Z] [INFO] 🔬 PHASE: DOMAIN CORRELATION ANALYSIS
[2026-05-02T05:45:40Z] [INFO] 📊 Domain correlation matrices created: 2
[2026-05-02T05:45:40Z] [SECTION] ============================================================
[2026-05-02T05:45:40Z] [INFO] 🖼️  PHASE: IMAGE-SEED ANALYSIS
[2026-05-02T05:45:40Z] [INFO] 📂 Image seed analysis bootstrapping from 5 images...
[2026-05-02T05:45:40Z] [SECTION] ============================================================
[2026-05-02T05:45:40Z] [INFO] 📤 PHASE: PUSH COMPONENTS TO TOLARIA
[2026-05-02T05:45:41Z] [INFO] 📦 Components pushed to Tolaria: 5
[2026-05-02T05:45:41Z] [SECTION] ============================================================
[2026-05-02T05:45:41Z] [INFO] 🧩 PHASE: COMPOSER - DOMAIN INTEGRATION SYNTHESIS
[2026-05-02T05:46:07Z] [INFO] 🎨 Domain integrations synthesized: 0
[2026-05-02T05:46:07Z] [SECTION] ============================================================
[2026-05-02T05:46:07Z] [INFO] 🚀 PHASE: ADVANCED OVERNIGHT LOOP
[2026-05-02T05:47:12Z] [INFO] 🔬 Advanced loop completed cycles: 0
[2026-05-02T05:47:12Z] [WARNING] ⚠️  Git commit skipped or failed (git not initialized?): Command '['git', '-C', '/home/avalonas/.hermes/gematria/unified_overnight_research', 'add', '.']' returned non-zero exit status 128.
[2026-05-02T05:47:12Z] [INFO] 
📊 CYCLE #105 SUMMARY
[2026-05-02T05:47:12Z] [INFO] ✅ Successful tasks: 7/7
[2026-05-02T05:47:12Z] [INFO] ⏱️  Cycle duration: 91.63s
[2026-05-02T05:47:12Z] [INFO]    ⚠️ task: result
[2026-05-02T05:47:12Z] [INFO]    ⚠️ task: result
[2026-05-02T05:47:12Z] [INFO]    ⚠️ task: result
[2026-05-02T05:47:12Z] [INFO]    ⚠️ task: result
[2026-05-02T05:47:12Z] [INFO]    ⚠️ task: result
[2026-05-02T05:47:12Z] [INFO]    ⚠️ task: result
[2026-05-02T05:47:12Z] [INFO]    ⚠️ task: result
[2026-05-02T05:47:12Z] [HEADER] ================================================================================
[2026-05-02T05:47:12Z] [INFO] 🔄 OVERNIGHT RESEARCH PIPELINE - CYCLE #106
[2026-05-02T05:47:12Z] [INFO] ================================================================================
[2026-05-02T05:47:12Z] [HEADER] ============================================================
[2026-05-02T05:47:12Z] [INFO] 🌙 STARTING OVERNIGHT RESEARCH CYCLE #106
[2026-05-02T05:47:12Z] [INFO] 🔍 Running overnight research protocol (web scraping + cross-symbol analysis)...
[2026-05-02T05:47:12Z] [INFO] 📊 Cycle duration: 0.11s, Files generated: 0
[2026-05-02T05:47:12Z] [WARNING] ⚠️ Database not initialized for cycle counting
[2026-05-02T05:47:12Z] [INFO] 💾 Database updated with cycle results
[2026-05-02T05:47:12Z] [SECTION] ============================================================
[2026-05-02T05:47:12Z] [INFO] 🔮 PHASE: HIDDEN LAYERING DETECTION
[2026-05-02T05:47:12Z] [INFO] 🔗 Hidden layering detection complete. Connections identified: 2
[2026-05-02T05:47:12Z] [SECTION] ============================================================
[2026-05-02T05:47:12Z] [INFO] 🔬 PHASE: DOMAIN CORRELATION ANALYSIS
[2026-05-02T05:47:12Z] [INFO] 📊 Domain correlation matrices created: 2
[2026-05-02T05:47:12Z] [SECTION] ============================================================
[2026-05-02T05:47:12Z] [INFO] 🖼️  PHASE: IMAGE-SEED ANALYSIS
[2026-05-02T05:47:12Z] [INFO] 📂 Image seed analysis bootstrapping from 5 images...
[2026-05-02T05:47:12Z] [SECTION] ============================================================
[2026-05-02T05:47:12Z] [INFO] 📤 PHASE: PUSH COMPONENTS TO TOLARIA
[2026-05-02T05:47:13Z] [INFO] 📦 Components pushed to Tolaria: 5
[2026-05-02T05:47:13Z] [SECTION] ============================================================
[2026-05-02T05:47:13Z] [INFO] 🧩 PHASE: COMPOSER - DOMAIN INTEGRATION SYNTHESIS
[2026-05-02T05:47:34Z] [INFO] 🎨 Domain integrations synthesized: 0
[2026-05-02T05:47:34Z] [SECTION] ============================================================
[2026-05-02T05:47:34Z] [INFO] 🚀 PHASE: ADVANCED OVERNIGHT LOOP
