[2026-05-01T22:24:03Z] [HEADER] ================================================================================
[2026-05-01T22:24:03Z] [INFO] 🔄 OVERNIGHT RESEARCH PIPELINE - CYCLE #2
[2026-05-01T22:24:03Z] [INFO] ================================================================================
[2026-05-01T22:24:03Z] [HEADER] ============================================================
[2026-05-01T22:24:03Z] [INFO] 🌙 STARTING OVERNIGHT RESEARCH CYCLE #2
[2026-05-01T22:24:03Z] [INFO] 🔍 Running overnight research protocol (web scraping + cross-symbol analysis)...
[2026-05-01T22:24:04Z] [INFO] 📊 Cycle duration: 0.45s, Files generated: 0
[2026-05-01T22:24:04Z] [INFO] 💾 Database updated with cycle results
[2026-05-01T22:24:04Z] [SECTION] ============================================================
[2026-05-01T22:24:04Z] [INFO] 🔮 PHASE: HIDDEN LAYERING DETECTION
[2026-05-01T22:24:04Z] [INFO] 🔗 Hidden layering detection complete. Connections identified: 2
[2026-05-01T22:24:04Z] [SECTION] ============================================================
[2026-05-01T22:24:04Z] [INFO] 🔬 PHASE: DOMAIN CORRELATION ANALYSIS
[2026-05-01T22:24:04Z] [INFO] 📊 Domain correlation matrices created: 1
[2026-05-01T22:24:04Z] [SECTION] ============================================================
[2026-05-01T22:24:04Z] [INFO] 🖼️  PHASE: IMAGE-SEED ANALYSIS
[2026-05-01T22:24:04Z] [INFO] 📂 Image seed analysis bootstrapping from 0 images...
[2026-05-01T22:24:04Z] [SECTION] ============================================================
[2026-05-01T22:24:04Z] [INFO] 📤 PHASE: PUSH COMPONENTS TO TOLARIA
[2026-05-01T22:24:05Z] [INFO] 📦 Components pushed to Tolaria: 5
[2026-05-01T22:24:05Z] [SECTION] ============================================================
[2026-05-01T22:24:05Z] [INFO] 🧩 PHASE: COMPOSER - DOMAIN INTEGRATION SYNTHESIS
[2026-05-01T22:24:05Z] [INFO] 🎨 Domain integrations synthesized: 0
[2026-05-01T22:24:05Z] [SECTION] ============================================================
[2026-05-01T22:24:05Z] [INFO] 🚀 PHASE: ADVANCED OVERNIGHT LOOP
[2026-05-01T22:24:05Z] [INFO] 🔬 Advanced loop completed cycles: 0
[2026-05-01T22:24:05Z] [WARNING] ⚠️  Git commit skipped or failed (git not initialized?): Command '['git', '-C', '/home/avalonas/.hermes/gematria/unified_overnight_research', 'add', '.']' returned non-zero exit status 128.
[2026-05-01T22:24:05Z] [INFO] 
📊 CYCLE #2 SUMMARY
[2026-05-01T22:24:05Z] [INFO] ✅ Successful tasks: 7/7
[2026-05-01T22:24:05Z] [INFO] ⏱️  Cycle duration: 1.63s
[2026-05-01T22:24:05Z] [INFO]    ⚠️ task: result
[2026-05-01T22:24:05Z] [INFO]    ⚠️ task: result
[2026-05-01T22:24:05Z] [INFO]    ⚠️ task: result
[2026-05-01T22:24:05Z] [INFO]    ⚠️ task: result
[2026-05-01T22:24:05Z] [INFO]    ⚠️ task: result
[2026-05-01T22:24:05Z] [INFO]    ⚠️ task: result
[2026-05-01T22:24:05Z] [INFO]    ⚠️ task: result
[2026-05-01T22:24:05Z] [HEADER] ================================================================================
[2026-05-01T22:24:05Z] [INFO] 🔄 OVERNIGHT RESEARCH PIPELINE - CYCLE #3
[2026-05-01T22:24:05Z] [INFO] ================================================================================
[2026-05-01T22:24:05Z] [HEADER] ============================================================
[2026-05-01T22:24:05Z] [INFO] 🌙 STARTING OVERNIGHT RESEARCH CYCLE #3
[2026-05-01T22:24:05Z] [INFO] 🔍 Running overnight research protocol (web scraping + cross-symbol analysis)...
[2026-05-01T22:24:06Z] [INFO] 📊 Cycle duration: 0.58s, Files generated: 0
[2026-05-01T22:24:06Z] [INFO] 💾 Database updated with cycle results
[2026-05-01T22:24:06Z] [SECTION] ============================================================
[2026-05-01T22:24:06Z] [INFO] 🔮 PHASE: HIDDEN LAYERING DETECTION
[2026-05-01T22:24:06Z] [INFO] 🔗 Hidden layering detection complete. Connections identified: 2
[2026-05-01T22:24:06Z] [SECTION] ============================================================
[2026-05-01T22:24:06Z] [INFO] 🔬 PHASE: DOMAIN CORRELATION ANALYSIS
[2026-05-01T22:24:06Z] [INFO] 📊 Domain correlation matrices created: 1
[2026-05-01T22:24:06Z] [SECTION] ============================================================
[2026-05-01T22:24:06Z] [INFO] 🖼️  PHASE: IMAGE-SEED ANALYSIS
[2026-05-01T22:24:06Z] [INFO] 📂 Image seed analysis bootstrapping from 0 images...
[2026-05-01T22:24:06Z] [SECTION] ============================================================
[2026-05-01T22:24:06Z] [INFO] 📤 PHASE: PUSH COMPONENTS TO TOLARIA
[2026-05-01T22:24:06Z] [INFO] 📦 Components pushed to Tolaria: 5
[2026-05-01T22:24:06Z] [SECTION] ============================================================
[2026-05-01T22:24:06Z] [INFO] 🧩 PHASE: COMPOSER - DOMAIN INTEGRATION SYNTHESIS
[2026-05-01T22:24:07Z] [INFO] 🎨 Domain integrations synthesized: 0
[2026-05-01T22:24:07Z] [SECTION] ============================================================
[2026-05-01T22:24:07Z] [INFO] 🚀 PHASE: ADVANCED OVERNIGHT LOOP
[2026-05-01T22:24:07Z] [INFO] 🔬 Advanced loop completed cycles: 0
[2026-05-01T22:24:07Z] [WARNING] ⚠️  Git commit skipped or failed (git not initialized?): Command '['git', '-C', '/home/avalonas/.hermes/gematria/unified_overnight_research', 'add', '.']' returned non-zero exit status 128.
[2026-05-01T22:24:07Z] [INFO] 
📊 CYCLE #3 SUMMARY
[2026-05-01T22:24:07Z] [INFO] ✅ Successful tasks: 7/7
[2026-05-01T22:24:07Z] [INFO] ⏱️  Cycle duration: 1.79s
[2026-05-01T22:24:07Z] [INFO]    ⚠️ task: result
[2026-05-01T22:24:07Z] [INFO]    ⚠️ task: result
[2026-05-01T22:24:07Z] [INFO]    ⚠️ task: result
[2026-05-01T22:24:07Z] [INFO]    ⚠️ task: result
[2026-05-01T22:24:07Z] [INFO]    ⚠️ task: result
[2026-05-01T22:24:07Z] [INFO]    ⚠️ task: result
[2026-05-01T22:24:07Z] [INFO]    ⚠️ task: result
[2026-05-01T22:24:07Z] [HEADER] ================================================================================
[2026-05-01T22:24:07Z] [INFO] 🔄 OVERNIGHT RESEARCH PIPELINE - CYCLE #4
[2026-05-01T22:24:07Z] [INFO] ================================================================================
[2026-05-01T22:24:07Z] [HEADER] ============================================================
[2026-05-01T22:24:07Z] [INFO] 🌙 STARTING OVERNIGHT RESEARCH CYCLE #4
[2026-05-01T22:24:07Z] [INFO] 🔍 Running overnight research protocol (web scraping + cross-symbol analysis)...
[2026-05-01T22:24:07Z] [INFO] 📊 Cycle duration: 0.62s, Files generated: 0
[2026-05-01T22:24:07Z] [INFO] 💾 Database updated with cycle results
[2026-05-01T22:24:07Z] [SECTION] ============================================================
[2026-05-01T22:24:07Z] [INFO] 🔮 PHASE: HIDDEN LAYERING DETECTION
[2026-05-01T22:24:07Z] [INFO] 🔗 Hidden layering detection complete. Connections identified: 2
[2026-05-01T22:24:07Z] [SECTION] ============================================================
[2026-05-01T22:24:07Z] [INFO] 🔬 PHASE: DOMAIN CORRELATION ANALYSIS
[2026-05-01T22:24:07Z] [INFO] 📊 Domain correlation matrices created: 1
[2026-05-01T22:24:07Z] [SECTION] ============================================================
[2026-05-01T22:24:07Z] [INFO] 🖼️  PHASE: IMAGE-SEED ANALYSIS
[2026-05-01T22:24:07Z] [INFO] 📂 Image seed analysis bootstrapping from 0 images...
[2026-05-01T22:24:07Z] [SECTION] ============================================================
[2026-05-01T22:24:07Z] [INFO] 📤 PHASE: PUSH COMPONENTS TO TOLARIA
[2026-05-01T22:24:08Z] [INFO] 📦 Components pushed to Tolaria: 5
[2026-05-01T22:24:08Z] [SECTION] ============================================================
[2026-05-01T22:24:08Z] [INFO] 🧩 PHASE: COMPOSER - DOMAIN INTEGRATION SYNTHESIS
[2026-05-01T22:24:08Z] [INFO] 🎨 Domain integrations synthesized: 0
[2026-05-01T22:24:08Z] [SECTION] ============================================================
[2026-05-01T22:24:08Z] [INFO] 🚀 PHASE: ADVANCED OVERNIGHT LOOP
[2026-05-01T22:24:08Z] [INFO] 🔬 Advanced loop completed cycles: 0
[2026-05-01T22:24:08Z] [WARNING] ⚠️  Git commit skipped or failed (git not initialized?): Command '['git', '-C', '/home/avalonas/.hermes/gematria/unified_overnight_research', 'add', '.']' returned non-zero exit status 128.
[2026-05-01T22:24:08Z] [INFO] 
📊 CYCLE #4 SUMMARY
[2026-05-01T22:24:08Z] [INFO] ✅ Successful tasks: 7/7
[2026-05-01T22:24:08Z] [INFO] ⏱️  Cycle duration: 1.57s
[2026-05-01T22:24:08Z] [INFO]    ⚠️ task: result
[2026-05-01T22:24:08Z] [INFO]    ⚠️ task: result
[2026-05-01T22:24:08Z] [INFO]    ⚠️ task: result
[2026-05-01T22:24:08Z] [INFO]    ⚠️ task: result
[2026-05-01T22:24:08Z] [INFO]    ⚠️ task: result
[2026-05-01T22:24:08Z] [INFO]    ⚠️ task: result
[2026-05-01T22:24:08Z] [INFO]    ⚠️ task: result
[2026-05-01T22:24:08Z] [HEADER] ================================================================================
[2026-05-01T22:24:08Z] [INFO] 🔄 OVERNIGHT RESEARCH PIPELINE - CYCLE #5
[2026-05-01T22:24:08Z] [INFO] ================================================================================
[2026-05-01T22:24:08Z] [HEADER] ============================================================
[2026-05-01T22:24:08Z] [INFO] 🌙 STARTING OVERNIGHT RESEARCH CYCLE #5
[2026-05-01T22:24:08Z] [INFO] 🔍 Running overnight research protocol (web scraping + cross-symbol analysis)...
[2026-05-01T22:24:09Z] [INFO] 📊 Cycle duration: 0.67s, Files generated: 0
[2026-05-01T22:24:09Z] [INFO] 💾 Database updated with cycle results
[2026-05-01T22:24:09Z] [SECTION] ============================================================
[2026-05-01T22:24:09Z] [INFO] 🔮 PHASE: HIDDEN LAYERING DETECTION
[2026-05-01T22:24:09Z] [INFO] 🔗 Hidden layering detection complete. Connections identified: 2
[2026-05-01T22:24:09Z] [SECTION] ============================================================
[2026-05-01T22:24:09Z] [INFO] 🔬 PHASE: DOMAIN CORRELATION ANALYSIS
[2026-05-01T22:24:09Z] [INFO] 📊 Domain correlation matrices created: 1
[2026-05-01T22:24:09Z] [SECTION] ============================================================
[2026-05-01T22:24:09Z] [INFO] 🖼️  PHASE: IMAGE-SEED ANALYSIS
[2026-05-01T22:24:09Z] [INFO] 📂 Image seed analysis bootstrapping from 0 images...
[2026-05-01T22:24:09Z] [SECTION] ============================================================
[2026-05-01T22:24:09Z] [INFO] 📤 PHASE: PUSH COMPONENTS TO TOLARIA
[2026-05-01T22:24:10Z] [INFO] 📦 Components pushed to Tolaria: 5
[2026-05-01T22:24:10Z] [SECTION] ============================================================
[2026-05-01T22:24:10Z] [INFO] 🧩 PHASE: COMPOSER - DOMAIN INTEGRATION SYNTHESIS
[2026-05-01T22:24:10Z] [INFO] 🎨 Domain integrations synthesized: 0
[2026-05-01T22:24:10Z] [SECTION] ============================================================
[2026-05-01T22:24:10Z] [INFO] 🚀 PHASE: ADVANCED OVERNIGHT LOOP
[2026-05-01T22:24:10Z] [INFO] 🔬 Advanced loop completed cycles: 0
[2026-05-01T22:24:10Z] [WARNING] ⚠️  Git commit skipped or failed (git not initialized?): Command '['git', '-C', '/home/avalonas/.hermes/gematria/unified_overnight_research', 'add', '.']' returned non-zero exit status 128.
[2026-05-01T22:24:10Z] [INFO] 
📊 CYCLE #5 SUMMARY
[2026-05-01T22:24:10Z] [INFO] ✅ Successful tasks: 7/7
[2026-05-01T22:24:10Z] [INFO] ⏱️  Cycle duration: 1.71s
[2026-05-01T22:24:10Z] [INFO]    ⚠️ task: result
[2026-05-01T22:24:10Z] [INFO]    ⚠️ task: result
[2026-05-01T22:24:10Z] [INFO]    ⚠️ task: result
[2026-05-01T22:24:10Z] [INFO]    ⚠️ task: result
[2026-05-01T22:24:10Z] [INFO]    ⚠️ task: result
[2026-05-01T22:24:10Z] [INFO]    ⚠️ task: result
[2026-05-01T22:24:10Z] [INFO]    ⚠️ task: result
[2026-05-01T22:24:10Z] [HEADER] ================================================================================
[2026-05-01T22:24:10Z] [INFO] 🔄 OVERNIGHT RESEARCH PIPELINE - CYCLE #6
[2026-05-01T22:24:10Z] [INFO] ================================================================================
[2026-05-01T22:24:10Z] [HEADER] ============================================================
[2026-05-01T22:24:10Z] [INFO] 🌙 STARTING OVERNIGHT RESEARCH CYCLE #6
[2026-05-01T22:24:10Z] [INFO] 🔍 Running overnight research protocol (web scraping + cross-symbol analysis)...
[2026-05-01T22:24:11Z] [INFO] 📊 Cycle duration: 0.60s, Files generated: 0
[2026-05-01T22:24:11Z] [INFO] 💾 Database updated with cycle results
[2026-05-01T22:24:11Z] [SECTION] ============================================================
[2026-05-01T22:24:11Z] [INFO] 🔮 PHASE: HIDDEN LAYERING DETECTION
[2026-05-01T22:24:11Z] [INFO] 🔗 Hidden layering detection complete. Connections identified: 2
[2026-05-01T22:24:11Z] [SECTION] ============================================================
[2026-05-01T22:24:11Z] [INFO] 🔬 PHASE: DOMAIN CORRELATION ANALYSIS
[2026-05-01T22:24:11Z] [INFO] 📊 Domain correlation matrices created: 1
[2026-05-01T22:24:11Z] [SECTION] ============================================================
[2026-05-01T22:24:11Z] [INFO] 🖼️  PHASE: IMAGE-SEED ANALYSIS
[2026-05-01T22:24:11Z] [INFO] 📂 Image seed analysis bootstrapping from 0 images...
[2026-05-01T22:24:11Z] [SECTION] ============================================================
[2026-05-01T22:24:11Z] [INFO] 📤 PHASE: PUSH COMPONENTS TO TOLARIA
[2026-05-01T22:24:11Z] [INFO] 📦 Components pushed to Tolaria: 5
[2026-05-01T22:24:11Z] [SECTION] ============================================================
[2026-05-01T22:24:11Z] [INFO] 🧩 PHASE: COMPOSER - DOMAIN INTEGRATION SYNTHESIS
[2026-05-01T22:24:12Z] [INFO] 🎨 Domain integrations synthesized: 0
[2026-05-01T22:24:12Z] [SECTION] ============================================================
[2026-05-01T22:24:12Z] [INFO] 🚀 PHASE: ADVANCED OVERNIGHT LOOP
[2026-05-01T22:24:12Z] [INFO] 🔬 Advanced loop completed cycles: 0
[2026-05-01T22:24:12Z] [WARNING] ⚠️  Git commit skipped or failed (git not initialized?): Command '['git', '-C', '/home/avalonas/.hermes/gematria/unified_overnight_research', 'add', '.']' returned non-zero exit status 128.
[2026-05-01T22:24:12Z] [INFO] 
📊 CYCLE #6 SUMMARY
[2026-05-01T22:24:12Z] [INFO] ✅ Successful tasks: 7/7
[2026-05-01T22:24:12Z] [INFO] ⏱️  Cycle duration: 1.65s
[2026-05-01T22:24:12Z] [INFO]    ⚠️ task: result
[2026-05-01T22:24:12Z] [INFO]    ⚠️ task: result
[2026-05-01T22:24:12Z] [INFO]    ⚠️ task: result
[2026-05-01T22:24:12Z] [INFO]    ⚠️ task: result
[2026-05-01T22:24:12Z] [INFO]    ⚠️ task: result
[2026-05-01T22:24:12Z] [INFO]    ⚠️ task: result
[2026-05-01T22:24:12Z] [INFO]    ⚠️ task: result
[2026-05-01T22:24:12Z] [HEADER] ================================================================================
[2026-05-01T22:24:12Z] [INFO] 🔄 OVERNIGHT RESEARCH PIPELINE - CYCLE #7
[2026-05-01T22:24:12Z] [INFO] ================================================================================
[2026-05-01T22:24:12Z] [HEADER] ============================================================
[2026-05-01T22:24:12Z] [INFO] 🌙 STARTING OVERNIGHT RESEARCH CYCLE #7
[2026-05-01T22:24:12Z] [INFO] 🔍 Running overnight research protocol (web scraping + cross-symbol analysis)...
[2026-05-01T22:24:12Z] [INFO] 📊 Cycle duration: 0.57s, Files generated: 0
[2026-05-01T22:24:12Z] [INFO] 💾 Database updated with cycle results
[2026-05-01T22:24:12Z] [SECTION] ============================================================
[2026-05-01T22:24:12Z] [INFO] 🔮 PHASE: HIDDEN LAYERING DETECTION
[2026-05-01T22:24:12Z] [INFO] 🔗 Hidden layering detection complete. Connections identified: 2
[2026-05-01T22:24:12Z] [SECTION] ============================================================
[2026-05-01T22:24:12Z] [INFO] 🔬 PHASE: DOMAIN CORRELATION ANALYSIS
[2026-05-01T22:24:12Z] [INFO] 📊 Domain correlation matrices created: 1
[2026-05-01T22:24:12Z] [SECTION] ============================================================
[2026-05-01T22:24:12Z] [INFO] 🖼️  PHASE: IMAGE-SEED ANALYSIS
[2026-05-01T22:24:12Z] [INFO] 📂 Image seed analysis bootstrapping from 0 images...
[2026-05-01T22:24:12Z] [SECTION] ============================================================
[2026-05-01T22:24:12Z] [INFO] 📤 PHASE: PUSH COMPONENTS TO TOLARIA
[2026-05-01T22:24:13Z] [INFO] 📦 Components pushed to Tolaria: 5
[2026-05-01T22:24:13Z] [SECTION] ============================================================
[2026-05-01T22:24:13Z] [INFO] 🧩 PHASE: COMPOSER - DOMAIN INTEGRATION SYNTHESIS
[2026-05-01T22:24:13Z] [INFO] 🎨 Domain integrations synthesized: 0
[2026-05-01T22:24:13Z] [SECTION] ============================================================
[2026-05-01T22:24:13Z] [INFO] 🚀 PHASE: ADVANCED OVERNIGHT LOOP
[2026-05-01T22:24:13Z] [INFO] 🔬 Advanced loop completed cycles: 0
[2026-05-01T22:24:13Z] [WARNING] ⚠️  Git commit skipped or failed (git not initialized?): Command '['git', '-C', '/home/avalonas/.hermes/gematria/unified_overnight_research', 'add', '.']' returned non-zero exit status 128.
[2026-05-01T22:24:13Z] [INFO] 
📊 CYCLE #7 SUMMARY
[2026-05-01T22:24:13Z] [INFO] ✅ Successful tasks: 7/7
[2026-05-01T22:24:13Z] [INFO] ⏱️  Cycle duration: 1.81s
[2026-05-01T22:24:13Z] [INFO]    ⚠️ task: result
[2026-05-01T22:24:13Z] [INFO]    ⚠️ task: result
[2026-05-01T22:24:13Z] [INFO]    ⚠️ task: result
[2026-05-01T22:24:13Z] [INFO]    ⚠️ task: result
[2026-05-01T22:24:13Z] [INFO]    ⚠️ task: result
[2026-05-01T22:24:13Z] [INFO]    ⚠️ task: result
[2026-05-01T22:24:13Z] [INFO]    ⚠️ task: result
[2026-05-01T22:24:13Z] [HEADER] ================================================================================
[2026-05-01T22:24:13Z] [INFO] 🔄 OVERNIGHT RESEARCH PIPELINE - CYCLE #8
[2026-05-01T22:24:13Z] [INFO] ================================================================================
[2026-05-01T22:24:13Z] [HEADER] ============================================================
[2026-05-01T22:24:13Z] [INFO] 🌙 STARTING OVERNIGHT RESEARCH CYCLE #8
[2026-05-01T22:24:13Z] [INFO] 🔍 Running overnight research protocol (web scraping + cross-symbol analysis)...
[2026-05-01T22:24:14Z] [INFO] 📊 Cycle duration: 0.45s, Files generated: 0
[2026-05-01T22:24:14Z] [INFO] 💾 Database updated with cycle results
[2026-05-01T22:24:14Z] [SECTION] ============================================================
[2026-05-01T22:24:14Z] [INFO] 🔮 PHASE: HIDDEN LAYERING DETECTION
[2026-05-01T22:24:14Z] [INFO] 🔗 Hidden layering detection complete. Connections identified: 2
[2026-05-01T22:24:14Z] [SECTION] ============================================================
[2026-05-01T22:24:14Z] [INFO] 🔬 PHASE: DOMAIN CORRELATION ANALYSIS
[2026-05-01T22:24:14Z] [INFO] 📊 Domain correlation matrices created: 1
[2026-05-01T22:24:14Z] [SECTION] ============================================================
[2026-05-01T22:24:14Z] [INFO] 🖼️  PHASE: IMAGE-SEED ANALYSIS
[2026-05-01T22:24:14Z] [INFO] 📂 Image seed analysis bootstrapping from 0 images...
[2026-05-01T22:24:14Z] [SECTION] ============================================================
[2026-05-01T22:24:14Z] [INFO] 📤 PHASE: PUSH COMPONENTS TO TOLARIA
[2026-05-01T22:24:15Z] [INFO] 📦 Components pushed to Tolaria: 5
[2026-05-01T22:24:15Z] [SECTION] ============================================================
[2026-05-01T22:24:15Z] [INFO] 🧩 PHASE: COMPOSER - DOMAIN INTEGRATION SYNTHESIS
[2026-05-01T22:24:15Z] [INFO] 🎨 Domain integrations synthesized: 0
[2026-05-01T22:24:15Z] [SECTION] ============================================================
[2026-05-01T22:24:15Z] [INFO] 🚀 PHASE: ADVANCED OVERNIGHT LOOP
[2026-05-01T22:24:15Z] [INFO] 🔬 Advanced loop completed cycles: 0
[2026-05-01T22:24:15Z] [WARNING] ⚠️  Git commit skipped or failed (git not initialized?): Command '['git', '-C', '/home/avalonas/.hermes/gematria/unified_overnight_research', 'add', '.']' returned non-zero exit status 128.
[2026-05-01T22:24:15Z] [INFO] 
📊 CYCLE #8 SUMMARY
[2026-05-01T22:24:15Z] [INFO] ✅ Successful tasks: 7/7
[2026-05-01T22:24:15Z] [INFO] ⏱️  Cycle duration: 1.62s
[2026-05-01T22:24:15Z] [INFO]    ⚠️ task: result
[2026-05-01T22:24:15Z] [INFO]    ⚠️ task: result
[2026-05-01T22:24:15Z] [INFO]    ⚠️ task: result
[2026-05-01T22:24:15Z] [INFO]    ⚠️ task: result
[2026-05-01T22:24:15Z] [INFO]    ⚠️ task: result
[2026-05-01T22:24:15Z] [INFO]    ⚠️ task: result
[2026-05-01T22:24:15Z] [INFO]    ⚠️ task: result
[2026-05-01T22:24:15Z] [HEADER] ================================================================================
[2026-05-01T22:24:15Z] [INFO] 🔄 OVERNIGHT RESEARCH PIPELINE - CYCLE #9
[2026-05-01T22:24:15Z] [INFO] ================================================================================
[2026-05-01T22:24:15Z] [HEADER] ============================================================
[2026-05-01T22:24:15Z] [INFO] 🌙 STARTING OVERNIGHT RESEARCH CYCLE #9
[2026-05-01T22:24:15Z] [INFO] 🔍 Running overnight research protocol (web scraping + cross-symbol analysis)...
[2026-05-01T22:24:16Z] [INFO] 📊 Cycle duration: 0.45s, Files generated: 0
[2026-05-01T22:24:16Z] [INFO] 💾 Database updated with cycle results
[2026-05-01T22:24:16Z] [SECTION] ============================================================
[2026-05-01T22:24:16Z] [INFO] 🔮 PHASE: HIDDEN LAYERING DETECTION
[2026-05-01T22:24:16Z] [INFO] 🔗 Hidden layering detection complete. Connections identified: 2
[2026-05-01T22:24:16Z] [SECTION] ============================================================
[2026-05-01T22:24:16Z] [INFO] 🔬 PHASE: DOMAIN CORRELATION ANALYSIS
[2026-05-01T22:24:16Z] [INFO] 📊 Domain correlation matrices created: 1
[2026-05-01T22:24:16Z] [SECTION] ============================================================
[2026-05-01T22:24:16Z] [INFO] 🖼️  PHASE: IMAGE-SEED ANALYSIS
[2026-05-01T22:24:16Z] [INFO] 📂 Image seed analysis bootstrapping from 0 images...
[2026-05-01T22:24:16Z] [SECTION] ============================================================
[2026-05-01T22:24:16Z] [INFO] 📤 PHASE: PUSH COMPONENTS TO TOLARIA
[2026-05-01T22:24:17Z] [INFO] 📦 Components pushed to Tolaria: 5
[2026-05-01T22:24:17Z] [SECTION] ============================================================
[2026-05-01T22:24:17Z] [INFO] 🧩 PHASE: COMPOSER - DOMAIN INTEGRATION SYNTHESIS
[2026-05-01T22:24:17Z] [INFO] 🎨 Domain integrations synthesized: 0
[2026-05-01T22:24:17Z] [SECTION] ============================================================
[2026-05-01T22:24:17Z] [INFO] 🚀 PHASE: ADVANCED OVERNIGHT LOOP
[2026-05-01T22:24:17Z] [INFO] 🔬 Advanced loop completed cycles: 0
[2026-05-01T22:24:17Z] [WARNING] ⚠️  Git commit skipped or failed (git not initialized?): Command '['git', '-C', '/home/avalonas/.hermes/gematria/unified_overnight_research', 'add', '.']' returned non-zero exit status 128.
[2026-05-01T22:24:17Z] [INFO] 
📊 CYCLE #9 SUMMARY
[2026-05-01T22:24:17Z] [INFO] ✅ Successful tasks: 7/7
[2026-05-01T22:24:17Z] [INFO] ⏱️  Cycle duration: 1.81s
[2026-05-01T22:24:17Z] [INFO]    ⚠️ task: result
[2026-05-01T22:24:17Z] [INFO]    ⚠️ task: result
[2026-05-01T22:24:17Z] [INFO]    ⚠️ task: result
[2026-05-01T22:24:17Z] [INFO]    ⚠️ task: result
[2026-05-01T22:24:17Z] [INFO]    ⚠️ task: result
[2026-05-01T22:24:17Z] [INFO]    ⚠️ task: result
[2026-05-01T22:24:17Z] [INFO]    ⚠️ task: result
[2026-05-01T22:24:17Z] [HEADER] ================================================================================
[2026-05-01T22:24:17Z] [INFO] 🔄 OVERNIGHT RESEARCH PIPELINE - CYCLE #10
[2026-05-01T22:24:17Z] [INFO] ================================================================================
[2026-05-01T22:24:17Z] [HEADER] ============================================================
[2026-05-01T22:24:17Z] [INFO] 🌙 STARTING OVERNIGHT RESEARCH CYCLE #10
[2026-05-01T22:24:17Z] [INFO] 🔍 Running overnight research protocol (web scraping + cross-symbol analysis)...
[2026-05-01T22:24:18Z] [INFO] 📊 Cycle duration: 0.58s, Files generated: 0
[2026-05-01T22:24:18Z] [INFO] 💾 Database updated with cycle results
[2026-05-01T22:24:18Z] [SECTION] ============================================================
[2026-05-01T22:24:18Z] [INFO] 🔮 PHASE: HIDDEN LAYERING DETECTION
[2026-05-01T22:24:18Z] [INFO] 🔗 Hidden layering detection complete. Connections identified: 2
[2026-05-01T22:24:18Z] [SECTION] ============================================================
[2026-05-01T22:24:18Z] [INFO] 🔬 PHASE: DOMAIN CORRELATION ANALYSIS
[2026-05-01T22:24:18Z] [INFO] 📊 Domain correlation matrices created: 1
[2026-05-01T22:24:18Z] [SECTION] ============================================================
[2026-05-01T22:24:18Z] [INFO] 🖼️  PHASE: IMAGE-SEED ANALYSIS
[2026-05-01T22:24:18Z] [INFO] 📂 Image seed analysis bootstrapping from 0 images...
[2026-05-01T22:24:18Z] [SECTION] ============================================================
[2026-05-01T22:24:18Z] [INFO] 📤 PHASE: PUSH COMPONENTS TO TOLARIA
[2026-05-01T22:24:18Z] [INFO] 📦 Components pushed to Tolaria: 5
[2026-05-01T22:24:18Z] [SECTION] ============================================================
[2026-05-01T22:24:18Z] [INFO] 🧩 PHASE: COMPOSER - DOMAIN INTEGRATION SYNTHESIS
[2026-05-01T22:24:18Z] [INFO] 🎨 Domain integrations synthesized: 0
[2026-05-01T22:24:18Z] [SECTION] ============================================================
[2026-05-01T22:24:18Z] [INFO] 🚀 PHASE: ADVANCED OVERNIGHT LOOP
[2026-05-01T22:24:19Z] [INFO] 🔬 Advanced loop completed cycles: 0
[2026-05-01T22:24:19Z] [WARNING] ⚠️  Git commit skipped or failed (git not initialized?): Command '['git', '-C', '/home/avalonas/.hermes/gematria/unified_overnight_research', 'add', '.']' returned non-zero exit status 128.
[2026-05-01T22:24:19Z] [INFO] 
📊 CYCLE #10 SUMMARY
[2026-05-01T22:24:19Z] [INFO] ✅ Successful tasks: 7/7
[2026-05-01T22:24:19Z] [INFO] ⏱️  Cycle duration: 1.71s
[2026-05-01T22:24:19Z] [INFO]    ⚠️ task: result
[2026-05-01T22:24:19Z] [INFO]    ⚠️ task: result
[2026-05-01T22:24:19Z] [INFO]    ⚠️ task: result
[2026-05-01T22:24:19Z] [INFO]    ⚠️ task: result
[2026-05-01T22:24:19Z] [INFO]    ⚠️ task: result
[2026-05-01T22:24:19Z] [INFO]    ⚠️ task: result
[2026-05-01T22:24:19Z] [INFO]    ⚠️ task: result
[2026-05-01T22:24:19Z] [HEADER] ================================================================================
[2026-05-01T22:24:19Z] [INFO] 🔄 OVERNIGHT RESEARCH PIPELINE - CYCLE #11
[2026-05-01T22:24:19Z] [INFO] ================================================================================
[2026-05-01T22:24:19Z] [HEADER] ============================================================
[2026-05-01T22:24:19Z] [INFO] 🌙 STARTING OVERNIGHT RESEARCH CYCLE #11
[2026-05-01T22:24:19Z] [INFO] 🔍 Running overnight research protocol (web scraping + cross-symbol analysis)...
[2026-05-01T22:24:19Z] [INFO] 📊 Cycle duration: 0.48s, Files generated: 0
[2026-05-01T22:24:19Z] [INFO] 💾 Database updated with cycle results
[2026-05-01T22:24:19Z] [SECTION] ============================================================
[2026-05-01T22:24:19Z] [INFO] 🔮 PHASE: HIDDEN LAYERING DETECTION
[2026-05-01T22:24:19Z] [INFO] 🔗 Hidden layering detection complete. Connections identified: 2
[2026-05-01T22:24:19Z] [SECTION] ============================================================
[2026-05-01T22:24:19Z] [INFO] 🔬 PHASE: DOMAIN CORRELATION ANALYSIS
[2026-05-01T22:24:19Z] [INFO] 📊 Domain correlation matrices created: 1
[2026-05-01T22:24:19Z] [SECTION] ============================================================
[2026-05-01T22:24:19Z] [INFO] 🖼️  PHASE: IMAGE-SEED ANALYSIS
[2026-05-01T22:24:19Z] [INFO] 📂 Image seed analysis bootstrapping from 0 images...
[2026-05-01T22:24:19Z] [SECTION] ============================================================
[2026-05-01T22:24:19Z] [INFO] 📤 PHASE: PUSH COMPONENTS TO TOLARIA
[2026-05-01T22:24:20Z] [INFO] 📦 Components pushed to Tolaria: 5
[2026-05-01T22:24:20Z] [SECTION] ============================================================
[2026-05-01T22:24:20Z] [INFO] 🧩 PHASE: COMPOSER - DOMAIN INTEGRATION SYNTHESIS
[2026-05-01T22:24:20Z] [INFO] 🎨 Domain integrations synthesized: 0
[2026-05-01T22:24:20Z] [SECTION] ============================================================
[2026-05-01T22:24:20Z] [INFO] 🚀 PHASE: ADVANCED OVERNIGHT LOOP
[2026-05-01T22:24:20Z] [INFO] 🔬 Advanced loop completed cycles: 0
[2026-05-01T22:24:20Z] [WARNING] ⚠️  Git commit skipped or failed (git not initialized?): Command '['git', '-C', '/home/avalonas/.hermes/gematria/unified_overnight_research', 'add', '.']' returned non-zero exit status 128.
[2026-05-01T22:24:20Z] [INFO] 
📊 CYCLE #11 SUMMARY
[2026-05-01T22:24:20Z] [INFO] ✅ Successful tasks: 7/7
[2026-05-01T22:24:20Z] [INFO] ⏱️  Cycle duration: 1.61s
[2026-05-01T22:24:20Z] [INFO]    ⚠️ task: result
[2026-05-01T22:24:20Z] [INFO]    ⚠️ task: result
[2026-05-01T22:24:20Z] [INFO]    ⚠️ task: result
[2026-05-01T22:24:20Z] [INFO]    ⚠️ task: result
[2026-05-01T22:24:20Z] [INFO]    ⚠️ task: result
[2026-05-01T22:24:20Z] [INFO]    ⚠️ task: result
[2026-05-01T22:24:20Z] [INFO]    ⚠️ task: result
[2026-05-01T22:24:20Z] [HEADER] ================================================================================
[2026-05-01T22:24:20Z] [INFO] 🔄 OVERNIGHT RESEARCH PIPELINE - CYCLE #12
[2026-05-01T22:24:20Z] [INFO] ================================================================================
[2026-05-01T22:24:20Z] [HEADER] ============================================================
[2026-05-01T22:24:20Z] [INFO] 🌙 STARTING OVERNIGHT RESEARCH CYCLE #12
[2026-05-01T22:24:20Z] [INFO] 🔍 Running overnight research protocol (web scraping + cross-symbol analysis)...
[2026-05-01T22:24:21Z] [INFO] 📊 Cycle duration: 0.46s, Files generated: 0
[2026-05-01T22:24:21Z] [INFO] 💾 Database updated with cycle results
[2026-05-01T22:24:21Z] [SECTION] ============================================================
[2026-05-01T22:24:21Z] [INFO] 🔮 PHASE: HIDDEN LAYERING DETECTION
[2026-05-01T22:24:21Z] [INFO] 🔗 Hidden layering detection complete. Connections identified: 2
[2026-05-01T22:24:21Z] [SECTION] ============================================================
[2026-05-01T22:24:21Z] [INFO] 🔬 PHASE: DOMAIN CORRELATION ANALYSIS
[2026-05-01T22:24:21Z] [INFO] 📊 Domain correlation matrices created: 1
[2026-05-01T22:24:21Z] [SECTION] ============================================================
[2026-05-01T22:24:21Z] [INFO] 🖼️  PHASE: IMAGE-SEED ANALYSIS
[2026-05-01T22:24:21Z] [INFO] 📂 Image seed analysis bootstrapping from 0 images...
[2026-05-01T22:24:21Z] [SECTION] ============================================================
[2026-05-01T22:24:21Z] [INFO] 📤 PHASE: PUSH COMPONENTS TO TOLARIA
[2026-05-01T22:24:23Z] [INFO] 📦 Components pushed to Tolaria: 5
[2026-05-01T22:24:23Z] [SECTION] ============================================================
[2026-05-01T22:24:23Z] [INFO] 🧩 PHASE: COMPOSER - DOMAIN INTEGRATION SYNTHESIS
[2026-05-01T22:24:23Z] [INFO] 🎨 Domain integrations synthesized: 0
[2026-05-01T22:24:23Z] [SECTION] ============================================================
[2026-05-01T22:24:23Z] [INFO] 🚀 PHASE: ADVANCED OVERNIGHT LOOP
[2026-05-01T22:24:23Z] [INFO] 🔬 Advanced loop completed cycles: 0
[2026-05-01T22:24:24Z] [WARNING] ⚠️  Git commit skipped or failed (git not initialized?): Command '['git', '-C', '/home/avalonas/.hermes/gematria/unified_overnight_research', 'add', '.']' returned non-zero exit status 128.
[2026-05-01T22:24:24Z] [INFO] 
📊 CYCLE #12 SUMMARY
[2026-05-01T22:24:24Z] [INFO] ✅ Successful tasks: 7/7
[2026-05-01T22:24:24Z] [INFO] ⏱️  Cycle duration: 3.36s
[2026-05-01T22:24:24Z] [INFO]    ⚠️ task: result
[2026-05-01T22:24:24Z] [INFO]    ⚠️ task: result
[2026-05-01T22:24:24Z] [INFO]    ⚠️ task: result
[2026-05-01T22:24:24Z] [INFO]    ⚠️ task: result
[2026-05-01T22:24:24Z] [INFO]    ⚠️ task: result
[2026-05-01T22:24:24Z] [INFO]    ⚠️ task: result
[2026-05-01T22:24:24Z] [INFO]    ⚠️ task: result
[2026-05-01T22:24:24Z] [HEADER] ================================================================================
[2026-05-01T22:24:24Z] [INFO] 🔄 OVERNIGHT RESEARCH PIPELINE - CYCLE #13
[2026-05-01T22:24:24Z] [INFO] ================================================================================
[2026-05-01T22:24:24Z] [HEADER] ============================================================
[2026-05-01T22:24:24Z] [INFO] 🌙 STARTING OVERNIGHT RESEARCH CYCLE #13
[2026-05-01T22:24:24Z] [INFO] 🔍 Running overnight research protocol (web scraping + cross-symbol analysis)...
[2026-05-01T22:24:24Z] [INFO] 📊 Cycle duration: 0.46s, Files generated: 0
[2026-05-01T22:24:24Z] [INFO] 💾 Database updated with cycle results
[2026-05-01T22:24:24Z] [SECTION] ============================================================
[2026-05-01T22:24:24Z] [INFO] 🔮 PHASE: HIDDEN LAYERING DETECTION
[2026-05-01T22:24:24Z] [INFO] 🔗 Hidden layering detection complete. Connections identified: 2
[2026-05-01T22:24:24Z] [SECTION] ============================================================
[2026-05-01T22:24:24Z] [INFO] 🔬 PHASE: DOMAIN CORRELATION ANALYSIS
[2026-05-01T22:24:24Z] [INFO] 📊 Domain correlation matrices created: 1
[2026-05-01T22:24:24Z] [SECTION] ============================================================
[2026-05-01T22:24:24Z] [INFO] 🖼️  PHASE: IMAGE-SEED ANALYSIS
[2026-05-01T22:24:24Z] [INFO] 📂 Image seed analysis bootstrapping from 0 images...
[2026-05-01T22:24:24Z] [SECTION] ============================================================
[2026-05-01T22:24:24Z] [INFO] 📤 PHASE: PUSH COMPONENTS TO TOLARIA
[2026-05-01T22:24:25Z] [INFO] 📦 Components pushed to Tolaria: 5
[2026-05-01T22:24:25Z] [SECTION] ============================================================
[2026-05-01T22:24:25Z] [INFO] 🧩 PHASE: COMPOSER - DOMAIN INTEGRATION SYNTHESIS
[2026-05-01T22:24:25Z] [INFO] 🎨 Domain integrations synthesized: 0
[2026-05-01T22:24:25Z] [SECTION] ============================================================
[2026-05-01T22:24:25Z] [INFO] 🚀 PHASE: ADVANCED OVERNIGHT LOOP
[2026-05-01T22:24:25Z] [INFO] 🔬 Advanced loop completed cycles: 0
[2026-05-01T22:24:25Z] [WARNING] ⚠️  Git commit skipped or failed (git not initialized?): Command '['git', '-C', '/home/avalonas/.hermes/gematria/unified_overnight_research', 'add', '.']' returned non-zero exit status 128.
[2026-05-01T22:24:25Z] [INFO] 
📊 CYCLE #13 SUMMARY
[2026-05-01T22:24:25Z] [INFO] ✅ Successful tasks: 7/7
[2026-05-01T22:24:25Z] [INFO] ⏱️  Cycle duration: 1.51s
[2026-05-01T22:24:25Z] [INFO]    ⚠️ task: result
[2026-05-01T22:24:25Z] [INFO]    ⚠️ task: result
[2026-05-01T22:24:25Z] [INFO]    ⚠️ task: result
[2026-05-01T22:24:25Z] [INFO]    ⚠️ task: result
[2026-05-01T22:24:25Z] [INFO]    ⚠️ task: result
[2026-05-01T22:24:25Z] [INFO]    ⚠️ task: result
[2026-05-01T22:24:25Z] [INFO]    ⚠️ task: result
[2026-05-01T22:24:25Z] [HEADER] ================================================================================
[2026-05-01T22:24:25Z] [INFO] 🔄 OVERNIGHT RESEARCH PIPELINE - CYCLE #14
[2026-05-01T22:24:25Z] [INFO] ================================================================================
[2026-05-01T22:24:25Z] [HEADER] ============================================================
[2026-05-01T22:24:25Z] [INFO] 🌙 STARTING OVERNIGHT RESEARCH CYCLE #14
[2026-05-01T22:24:25Z] [INFO] 🔍 Running overnight research protocol (web scraping + cross-symbol analysis)...
[2026-05-01T22:24:26Z] [INFO] 📊 Cycle duration: 0.61s, Files generated: 0
[2026-05-01T22:24:26Z] [INFO] 💾 Database updated with cycle results
[2026-05-01T22:24:26Z] [SECTION] ============================================================
[2026-05-01T22:24:26Z] [INFO] 🔮 PHASE: HIDDEN LAYERING DETECTION
[2026-05-01T22:24:26Z] [INFO] 🔗 Hidden layering detection complete. Connections identified: 2
[2026-05-01T22:24:26Z] [SECTION] ============================================================
[2026-05-01T22:24:26Z] [INFO] 🔬 PHASE: DOMAIN CORRELATION ANALYSIS
[2026-05-01T22:24:26Z] [INFO] 📊 Domain correlation matrices created: 1
[2026-05-01T22:24:26Z] [SECTION] ============================================================
[2026-05-01T22:24:26Z] [INFO] 🖼️  PHASE: IMAGE-SEED ANALYSIS
[2026-05-01T22:24:26Z] [INFO] 📂 Image seed analysis bootstrapping from 0 images...
[2026-05-01T22:24:26Z] [SECTION] ============================================================
[2026-05-01T22:24:26Z] [INFO] 📤 PHASE: PUSH COMPONENTS TO TOLARIA
[2026-05-01T22:24:27Z] [INFO] 📦 Components pushed to Tolaria: 5
[2026-05-01T22:24:27Z] [SECTION] ============================================================
[2026-05-01T22:24:27Z] [INFO] 🧩 PHASE: COMPOSER - DOMAIN INTEGRATION SYNTHESIS
[2026-05-01T22:24:27Z] [INFO] 🎨 Domain integrations synthesized: 0
[2026-05-01T22:24:27Z] [SECTION] ============================================================
[2026-05-01T22:24:27Z] [INFO] 🚀 PHASE: ADVANCED OVERNIGHT LOOP
[2026-05-01T22:24:27Z] [INFO] 🔬 Advanced loop completed cycles: 0
[2026-05-01T22:24:27Z] [WARNING] ⚠️  Git commit skipped or failed (git not initialized?): Command '['git', '-C', '/home/avalonas/.hermes/gematria/unified_overnight_research', 'add', '.']' returned non-zero exit status 128.
[2026-05-01T22:24:27Z] [INFO] 
📊 CYCLE #14 SUMMARY
[2026-05-01T22:24:27Z] [INFO] ✅ Successful tasks: 7/7
[2026-05-01T22:24:27Z] [INFO] ⏱️  Cycle duration: 1.68s
[2026-05-01T22:24:27Z] [INFO]    ⚠️ task: result
[2026-05-01T22:24:27Z] [INFO]    ⚠️ task: result
[2026-05-01T22:24:27Z] [INFO]    ⚠️ task: result
[2026-05-01T22:24:27Z] [INFO]    ⚠️ task: result
[2026-05-01T22:24:27Z] [INFO]    ⚠️ task: result
[2026-05-01T22:24:27Z] [INFO]    ⚠️ task: result
[2026-05-01T22:24:27Z] [INFO]    ⚠️ task: result
[2026-05-01T22:24:27Z] [HEADER] ================================================================================
[2026-05-01T22:24:27Z] [INFO] 🔄 OVERNIGHT RESEARCH PIPELINE - CYCLE #15
[2026-05-01T22:24:27Z] [INFO] ================================================================================
[2026-05-01T22:24:27Z] [HEADER] ============================================================
[2026-05-01T22:24:27Z] [INFO] 🌙 STARTING OVERNIGHT RESEARCH CYCLE #15
[2026-05-01T22:24:27Z] [INFO] 🔍 Running overnight research protocol (web scraping + cross-symbol analysis)...
[2026-05-01T22:24:27Z] [INFO] 📊 Cycle duration: 0.48s, Files generated: 0
[2026-05-01T22:24:27Z] [INFO] 💾 Database updated with cycle results
[2026-05-01T22:24:27Z] [SECTION] ============================================================
[2026-05-01T22:24:27Z] [INFO] 🔮 PHASE: HIDDEN LAYERING DETECTION
[2026-05-01T22:24:27Z] [INFO] 🔗 Hidden layering detection complete. Connections identified: 2
[2026-05-01T22:24:27Z] [SECTION] ============================================================
[2026-05-01T22:24:27Z] [INFO] 🔬 PHASE: DOMAIN CORRELATION ANALYSIS
[2026-05-01T22:24:27Z] [INFO] 📊 Domain correlation matrices created: 1
[2026-05-01T22:24:27Z] [SECTION] ============================================================
[2026-05-01T22:24:27Z] [INFO] 🖼️  PHASE: IMAGE-SEED ANALYSIS
[2026-05-01T22:24:27Z] [INFO] 📂 Image seed analysis bootstrapping from 0 images...
[2026-05-01T22:24:27Z] [SECTION] ============================================================
[2026-05-01T22:24:27Z] [INFO] 📤 PHASE: PUSH COMPONENTS TO TOLARIA
[2026-05-01T22:24:28Z] [INFO] 📦 Components pushed to Tolaria: 5
[2026-05-01T22:24:28Z] [SECTION] ============================================================
[2026-05-01T22:24:28Z] [INFO] 🧩 PHASE: COMPOSER - DOMAIN INTEGRATION SYNTHESIS
[2026-05-01T22:24:28Z] [INFO] 🎨 Domain integrations synthesized: 0
[2026-05-01T22:24:28Z] [SECTION] ============================================================
[2026-05-01T22:24:28Z] [INFO] 🚀 PHASE: ADVANCED OVERNIGHT LOOP
[2026-05-01T22:24:28Z] [INFO] 🔬 Advanced loop completed cycles: 0
[2026-05-01T22:24:28Z] [WARNING] ⚠️  Git commit skipped or failed (git not initialized?): Command '['git', '-C', '/home/avalonas/.hermes/gematria/unified_overnight_research', 'add', '.']' returned non-zero exit status 128.
[2026-05-01T22:24:28Z] [INFO] 
📊 CYCLE #15 SUMMARY
[2026-05-01T22:24:28Z] [INFO] ✅ Successful tasks: 7/7
[2026-05-01T22:24:28Z] [INFO] ⏱️  Cycle duration: 1.70s
[2026-05-01T22:24:28Z] [INFO]    ⚠️ task: result
[2026-05-01T22:24:28Z] [INFO]    ⚠️ task: result
[2026-05-01T22:24:28Z] [INFO]    ⚠️ task: result
[2026-05-01T22:24:28Z] [INFO]    ⚠️ task: result
[2026-05-01T22:24:28Z] [INFO]    ⚠️ task: result
[2026-05-01T22:24:28Z] [INFO]    ⚠️ task: result
[2026-05-01T22:24:28Z] [INFO]    ⚠️ task: result
[2026-05-01T22:24:28Z] [HEADER] ================================================================================
[2026-05-01T22:24:28Z] [INFO] 🔄 OVERNIGHT RESEARCH PIPELINE - CYCLE #16
[2026-05-01T22:24:28Z] [INFO] ================================================================================
[2026-05-01T22:24:28Z] [HEADER] ============================================================
[2026-05-01T22:24:28Z] [INFO] 🌙 STARTING OVERNIGHT RESEARCH CYCLE #16
[2026-05-01T22:24:28Z] [INFO] 🔍 Running overnight research protocol (web scraping + cross-symbol analysis)...
[2026-05-01T22:24:29Z] [INFO] 📊 Cycle duration: 0.49s, Files generated: 0
[2026-05-01T22:24:29Z] [INFO] 💾 Database updated with cycle results
[2026-05-01T22:24:29Z] [SECTION] ============================================================
[2026-05-01T22:24:29Z] [INFO] 🔮 PHASE: HIDDEN LAYERING DETECTION
[2026-05-01T22:24:29Z] [INFO] 🔗 Hidden layering detection complete. Connections identified: 2
[2026-05-01T22:24:29Z] [SECTION] ============================================================
[2026-05-01T22:24:29Z] [INFO] 🔬 PHASE: DOMAIN CORRELATION ANALYSIS
[2026-05-01T22:24:29Z] [INFO] 📊 Domain correlation matrices created: 1
[2026-05-01T22:24:29Z] [SECTION] ============================================================
[2026-05-01T22:24:29Z] [INFO] 🖼️  PHASE: IMAGE-SEED ANALYSIS
[2026-05-01T22:24:29Z] [INFO] 📂 Image seed analysis bootstrapping from 0 images...
[2026-05-01T22:24:29Z] [SECTION] ============================================================
[2026-05-01T22:24:29Z] [INFO] 📤 PHASE: PUSH COMPONENTS TO TOLARIA
[2026-05-01T22:24:30Z] [INFO] 📦 Components pushed to Tolaria: 5
[2026-05-01T22:24:30Z] [SECTION] ============================================================
[2026-05-01T22:24:30Z] [INFO] 🧩 PHASE: COMPOSER - DOMAIN INTEGRATION SYNTHESIS
[2026-05-01T22:24:30Z] [INFO] 🎨 Domain integrations synthesized: 0
[2026-05-01T22:24:30Z] [SECTION] ============================================================
[2026-05-01T22:24:30Z] [INFO] 🚀 PHASE: ADVANCED OVERNIGHT LOOP
[2026-05-01T22:24:30Z] [INFO] 🔬 Advanced loop completed cycles: 0
[2026-05-01T22:24:30Z] [WARNING] ⚠️  Git commit skipped or failed (git not initialized?): Command '['git', '-C', '/home/avalonas/.hermes/gematria/unified_overnight_research', 'add', '.']' returned non-zero exit status 128.
[2026-05-01T22:24:30Z] [INFO] 
📊 CYCLE #16 SUMMARY
[2026-05-01T22:24:30Z] [INFO] ✅ Successful tasks: 7/7
[2026-05-01T22:24:30Z] [INFO] ⏱️  Cycle duration: 1.48s
[2026-05-01T22:24:30Z] [INFO]    ⚠️ task: result
[2026-05-01T22:24:30Z] [INFO]    ⚠️ task: result
[2026-05-01T22:24:30Z] [INFO]    ⚠️ task: result
[2026-05-01T22:24:30Z] [INFO]    ⚠️ task: result
[2026-05-01T22:24:30Z] [INFO]    ⚠️ task: result
[2026-05-01T22:24:30Z] [INFO]    ⚠️ task: result
[2026-05-01T22:24:30Z] [INFO]    ⚠️ task: result
[2026-05-01T22:24:30Z] [HEADER] ================================================================================
[2026-05-01T22:24:30Z] [INFO] 🔄 OVERNIGHT RESEARCH PIPELINE - CYCLE #17
[2026-05-01T22:24:30Z] [INFO] ================================================================================
[2026-05-01T22:24:30Z] [HEADER] ============================================================
[2026-05-01T22:24:30Z] [INFO] 🌙 STARTING OVERNIGHT RESEARCH CYCLE #17
[2026-05-01T22:24:30Z] [INFO] 🔍 Running overnight research protocol (web scraping + cross-symbol analysis)...
[2026-05-01T22:24:31Z] [INFO] 📊 Cycle duration: 0.62s, Files generated: 0
[2026-05-01T22:24:31Z] [INFO] 💾 Database updated with cycle results
[2026-05-01T22:24:31Z] [SECTION] ============================================================
[2026-05-01T22:24:31Z] [INFO] 🔮 PHASE: HIDDEN LAYERING DETECTION
[2026-05-01T22:24:31Z] [INFO] 🔗 Hidden layering detection complete. Connections identified: 2
[2026-05-01T22:24:31Z] [SECTION] ============================================================
[2026-05-01T22:24:31Z] [INFO] 🔬 PHASE: DOMAIN CORRELATION ANALYSIS
[2026-05-01T22:24:31Z] [INFO] 📊 Domain correlation matrices created: 1
[2026-05-01T22:24:31Z] [SECTION] ============================================================
[2026-05-01T22:24:31Z] [INFO] 🖼️  PHASE: IMAGE-SEED ANALYSIS
[2026-05-01T22:24:31Z] [INFO] 📂 Image seed analysis bootstrapping from 0 images...
[2026-05-01T22:24:31Z] [SECTION] ============================================================
[2026-05-01T22:24:31Z] [INFO] 📤 PHASE: PUSH COMPONENTS TO TOLARIA
[2026-05-01T22:24:31Z] [INFO] 📦 Components pushed to Tolaria: 5
[2026-05-01T22:24:31Z] [SECTION] ============================================================
[2026-05-01T22:24:31Z] [INFO] 🧩 PHASE: COMPOSER - DOMAIN INTEGRATION SYNTHESIS
[2026-05-01T22:24:31Z] [INFO] 🎨 Domain integrations synthesized: 0
[2026-05-01T22:24:31Z] [SECTION] ============================================================
[2026-05-01T22:24:31Z] [INFO] 🚀 PHASE: ADVANCED OVERNIGHT LOOP
[2026-05-01T22:24:32Z] [INFO] 🔬 Advanced loop completed cycles: 0
[2026-05-01T22:24:32Z] [WARNING] ⚠️  Git commit skipped or failed (git not initialized?): Command '['git', '-C', '/home/avalonas/.hermes/gematria/unified_overnight_research', 'add', '.']' returned non-zero exit status 128.
[2026-05-01T22:24:32Z] [INFO] 
📊 CYCLE #17 SUMMARY
[2026-05-01T22:24:32Z] [INFO] ✅ Successful tasks: 7/7
[2026-05-01T22:24:32Z] [INFO] ⏱️  Cycle duration: 1.62s
[2026-05-01T22:24:32Z] [INFO]    ⚠️ task: result
[2026-05-01T22:24:32Z] [INFO]    ⚠️ task: result
[2026-05-01T22:24:32Z] [INFO]    ⚠️ task: result
[2026-05-01T22:24:32Z] [INFO]    ⚠️ task: result
[2026-05-01T22:24:32Z] [INFO]    ⚠️ task: result
[2026-05-01T22:24:32Z] [INFO]    ⚠️ task: result
[2026-05-01T22:24:32Z] [INFO]    ⚠️ task: result
[2026-05-01T22:24:32Z] [HEADER] ================================================================================
[2026-05-01T22:24:32Z] [INFO] 🔄 OVERNIGHT RESEARCH PIPELINE - CYCLE #18
[2026-05-01T22:24:32Z] [INFO] ================================================================================
[2026-05-01T22:24:32Z] [HEADER] ============================================================
[2026-05-01T22:24:32Z] [INFO] 🌙 STARTING OVERNIGHT RESEARCH CYCLE #18
[2026-05-01T22:24:32Z] [INFO] 🔍 Running overnight research protocol (web scraping + cross-symbol analysis)...
[2026-05-01T22:24:32Z] [INFO] 📊 Cycle duration: 0.58s, Files generated: 0
[2026-05-01T22:24:32Z] [INFO] 💾 Database updated with cycle results
[2026-05-01T22:24:32Z] [SECTION] ============================================================
[2026-05-01T22:24:32Z] [INFO] 🔮 PHASE: HIDDEN LAYERING DETECTION
[2026-05-01T22:24:32Z] [INFO] 🔗 Hidden layering detection complete. Connections identified: 2
[2026-05-01T22:24:32Z] [SECTION] ============================================================
[2026-05-01T22:24:32Z] [INFO] 🔬 PHASE: DOMAIN CORRELATION ANALYSIS
[2026-05-01T22:24:32Z] [INFO] 📊 Domain correlation matrices created: 1
[2026-05-01T22:24:32Z] [SECTION] ============================================================
[2026-05-01T22:24:32Z] [INFO] 🖼️  PHASE: IMAGE-SEED ANALYSIS
[2026-05-01T22:24:32Z] [INFO] 📂 Image seed analysis bootstrapping from 0 images...
[2026-05-01T22:24:32Z] [SECTION] ============================================================
[2026-05-01T22:24:32Z] [INFO] 📤 PHASE: PUSH COMPONENTS TO TOLARIA
[2026-05-01T22:24:33Z] [INFO] 📦 Components pushed to Tolaria: 5
[2026-05-01T22:24:33Z] [SECTION] ============================================================
[2026-05-01T22:24:33Z] [INFO] 🧩 PHASE: COMPOSER - DOMAIN INTEGRATION SYNTHESIS
[2026-05-01T22:24:33Z] [INFO] 🎨 Domain integrations synthesized: 0
[2026-05-01T22:24:33Z] [SECTION] ============================================================
[2026-05-01T22:24:33Z] [INFO] 🚀 PHASE: ADVANCED OVERNIGHT LOOP
[2026-05-01T22:24:33Z] [INFO] 🔬 Advanced loop completed cycles: 0
[2026-05-01T22:24:33Z] [WARNING] ⚠️  Git commit skipped or failed (git not initialized?): Command '['git', '-C', '/home/avalonas/.hermes/gematria/unified_overnight_research', 'add', '.']' returned non-zero exit status 128.
[2026-05-01T22:24:33Z] [INFO] 
📊 CYCLE #18 SUMMARY
[2026-05-01T22:24:33Z] [INFO] ✅ Successful tasks: 7/7
[2026-05-01T22:24:33Z] [INFO] ⏱️  Cycle duration: 1.75s
[2026-05-01T22:24:33Z] [INFO]    ⚠️ task: result
[2026-05-01T22:24:33Z] [INFO]    ⚠️ task: result
[2026-05-01T22:24:33Z] [INFO]    ⚠️ task: result
[2026-05-01T22:24:33Z] [INFO]    ⚠️ task: result
[2026-05-01T22:24:33Z] [INFO]    ⚠️ task: result
[2026-05-01T22:24:33Z] [INFO]    ⚠️ task: result
[2026-05-01T22:24:33Z] [INFO]    ⚠️ task: result
[2026-05-01T22:24:33Z] [HEADER] ================================================================================
[2026-05-01T22:24:33Z] [INFO] 🔄 OVERNIGHT RESEARCH PIPELINE - CYCLE #19
[2026-05-01T22:24:33Z] [INFO] ================================================================================
[2026-05-01T22:24:33Z] [HEADER] ============================================================
[2026-05-01T22:24:33Z] [INFO] 🌙 STARTING OVERNIGHT RESEARCH CYCLE #19
[2026-05-01T22:24:33Z] [INFO] 🔍 Running overnight research protocol (web scraping + cross-symbol analysis)...
[2026-05-01T22:24:34Z] [INFO] 📊 Cycle duration: 0.48s, Files generated: 0
[2026-05-01T22:24:34Z] [INFO] 💾 Database updated with cycle results
[2026-05-01T22:24:34Z] [SECTION] ============================================================
[2026-05-01T22:24:34Z] [INFO] 🔮 PHASE: HIDDEN LAYERING DETECTION
[2026-05-01T22:24:34Z] [INFO] 🔗 Hidden layering detection complete. Connections identified: 2
[2026-05-01T22:24:34Z] [SECTION] ============================================================
[2026-05-01T22:24:34Z] [INFO] 🔬 PHASE: DOMAIN CORRELATION ANALYSIS
[2026-05-01T22:24:34Z] [INFO] 📊 Domain correlation matrices created: 1
[2026-05-01T22:24:34Z] [SECTION] ============================================================
[2026-05-01T22:24:34Z] [INFO] 🖼️  PHASE: IMAGE-SEED ANALYSIS
[2026-05-01T22:24:34Z] [INFO] 📂 Image seed analysis bootstrapping from 0 images...
[2026-05-01T22:24:34Z] [SECTION] ============================================================
[2026-05-01T22:24:34Z] [INFO] 📤 PHASE: PUSH COMPONENTS TO TOLARIA
[2026-05-01T22:24:35Z] [INFO] 📦 Components pushed to Tolaria: 5
[2026-05-01T22:24:35Z] [SECTION] ============================================================
[2026-05-01T22:24:35Z] [INFO] 🧩 PHASE: COMPOSER - DOMAIN INTEGRATION SYNTHESIS
[2026-05-01T22:24:35Z] [INFO] 🎨 Domain integrations synthesized: 0
[2026-05-01T22:24:35Z] [SECTION] ============================================================
[2026-05-01T22:24:35Z] [INFO] 🚀 PHASE: ADVANCED OVERNIGHT LOOP
[2026-05-01T22:24:35Z] [INFO] 🔬 Advanced loop completed cycles: 0
[2026-05-01T22:24:35Z] [WARNING] ⚠️  Git commit skipped or failed (git not initialized?): Command '['git', '-C', '/home/avalonas/.hermes/gematria/unified_overnight_research', 'add', '.']' returned non-zero exit status 128.
[2026-05-01T22:24:35Z] [INFO] 
📊 CYCLE #19 SUMMARY
[2026-05-01T22:24:35Z] [INFO] ✅ Successful tasks: 7/7
[2026-05-01T22:24:35Z] [INFO] ⏱️  Cycle duration: 1.56s
[2026-05-01T22:24:35Z] [INFO]    ⚠️ task: result
[2026-05-01T22:24:35Z] [INFO]    ⚠️ task: result
[2026-05-01T22:24:35Z] [INFO]    ⚠️ task: result
[2026-05-01T22:24:35Z] [INFO]    ⚠️ task: result
[2026-05-01T22:24:35Z] [INFO]    ⚠️ task: result
[2026-05-01T22:24:35Z] [INFO]    ⚠️ task: result
[2026-05-01T22:24:35Z] [INFO]    ⚠️ task: result
[2026-05-01T22:24:35Z] [HEADER] ================================================================================
[2026-05-01T22:24:35Z] [INFO] 🔄 OVERNIGHT RESEARCH PIPELINE - CYCLE #20
[2026-05-01T22:24:35Z] [INFO] ================================================================================
[2026-05-01T22:24:35Z] [HEADER] ============================================================
[2026-05-01T22:24:35Z] [INFO] 🌙 STARTING OVERNIGHT RESEARCH CYCLE #20
[2026-05-01T22:24:35Z] [INFO] 🔍 Running overnight research protocol (web scraping + cross-symbol analysis)...
[2026-05-01T22:24:35Z] [INFO] 📊 Cycle duration: 0.49s, Files generated: 0
[2026-05-01T22:24:35Z] [INFO] 💾 Database updated with cycle results
[2026-05-01T22:24:35Z] [SECTION] ============================================================
[2026-05-01T22:24:35Z] [INFO] 🔮 PHASE: HIDDEN LAYERING DETECTION
[2026-05-01T22:24:35Z] [INFO] 🔗 Hidden layering detection complete. Connections identified: 2
[2026-05-01T22:24:35Z] [SECTION] ============================================================
[2026-05-01T22:24:35Z] [INFO] 🔬 PHASE: DOMAIN CORRELATION ANALYSIS
[2026-05-01T22:24:35Z] [INFO] 📊 Domain correlation matrices created: 1
[2026-05-01T22:24:35Z] [SECTION] ============================================================
[2026-05-01T22:24:35Z] [INFO] 🖼️  PHASE: IMAGE-SEED ANALYSIS
[2026-05-01T22:24:35Z] [INFO] 📂 Image seed analysis bootstrapping from 0 images...
[2026-05-01T22:24:35Z] [SECTION] ============================================================
[2026-05-01T22:24:35Z] [INFO] 📤 PHASE: PUSH COMPONENTS TO TOLARIA
[2026-05-01T22:24:36Z] [INFO] 📦 Components pushed to Tolaria: 5
[2026-05-01T22:24:36Z] [SECTION] ============================================================
[2026-05-01T22:24:36Z] [INFO] 🧩 PHASE: COMPOSER - DOMAIN INTEGRATION SYNTHESIS
[2026-05-01T22:24:36Z] [INFO] 🎨 Domain integrations synthesized: 0
[2026-05-01T22:24:36Z] [SECTION] ============================================================
[2026-05-01T22:24:36Z] [INFO] 🚀 PHASE: ADVANCED OVERNIGHT LOOP
[2026-05-01T22:24:36Z] [INFO] 🔬 Advanced loop completed cycles: 0
[2026-05-01T22:24:37Z] [WARNING] ⚠️  Git commit skipped or failed (git not initialized?): Command '['git', '-C', '/home/avalonas/.hermes/gematria/unified_overnight_research', 'add', '.']' returned non-zero exit status 128.
[2026-05-01T22:24:37Z] [INFO] 
📊 CYCLE #20 SUMMARY
[2026-05-01T22:24:37Z] [INFO] ✅ Successful tasks: 7/7
[2026-05-01T22:24:37Z] [INFO] ⏱️  Cycle duration: 1.72s
[2026-05-01T22:24:37Z] [INFO]    ⚠️ task: result
[2026-05-01T22:24:37Z] [INFO]    ⚠️ task: result
[2026-05-01T22:24:37Z] [INFO]    ⚠️ task: result
[2026-05-01T22:24:37Z] [INFO]    ⚠️ task: result
[2026-05-01T22:24:37Z] [INFO]    ⚠️ task: result
[2026-05-01T22:24:37Z] [INFO]    ⚠️ task: result
[2026-05-01T22:24:37Z] [INFO]    ⚠️ task: result
[2026-05-01T22:24:37Z] [HEADER] ================================================================================
[2026-05-01T22:24:37Z] [INFO] 🔄 OVERNIGHT RESEARCH PIPELINE - CYCLE #21
[2026-05-01T22:24:37Z] [INFO] ================================================================================
[2026-05-01T22:24:37Z] [HEADER] ============================================================
[2026-05-01T22:24:37Z] [INFO] 🌙 STARTING OVERNIGHT RESEARCH CYCLE #21
[2026-05-01T22:24:37Z] [INFO] 🔍 Running overnight research protocol (web scraping + cross-symbol analysis)...
[2026-05-01T22:24:37Z] [INFO] 📊 Cycle duration: 0.48s, Files generated: 0
[2026-05-01T22:24:37Z] [INFO] 💾 Database updated with cycle results
[2026-05-01T22:24:37Z] [SECTION] ============================================================
[2026-05-01T22:24:37Z] [INFO] 🔮 PHASE: HIDDEN LAYERING DETECTION
[2026-05-01T22:24:37Z] [INFO] 🔗 Hidden layering detection complete. Connections identified: 2
[2026-05-01T22:24:37Z] [SECTION] ============================================================
[2026-05-01T22:24:37Z] [INFO] 🔬 PHASE: DOMAIN CORRELATION ANALYSIS
[2026-05-01T22:24:37Z] [INFO] 📊 Domain correlation matrices created: 1
[2026-05-01T22:24:37Z] [SECTION] ============================================================
[2026-05-01T22:24:37Z] [INFO] 🖼️  PHASE: IMAGE-SEED ANALYSIS
[2026-05-01T22:24:37Z] [INFO] 📂 Image seed analysis bootstrapping from 0 images...
[2026-05-01T22:24:37Z] [SECTION] ============================================================
[2026-05-01T22:24:37Z] [INFO] 📤 PHASE: PUSH COMPONENTS TO TOLARIA
[2026-05-01T22:24:38Z] [INFO] 📦 Components pushed to Tolaria: 5
[2026-05-01T22:24:38Z] [SECTION] ============================================================
[2026-05-01T22:24:38Z] [INFO] 🧩 PHASE: COMPOSER - DOMAIN INTEGRATION SYNTHESIS
[2026-05-01T22:24:38Z] [INFO] 🎨 Domain integrations synthesized: 0
[2026-05-01T22:24:38Z] [SECTION] ============================================================
[2026-05-01T22:24:38Z] [INFO] 🚀 PHASE: ADVANCED OVERNIGHT LOOP
[2026-05-01T22:24:38Z] [INFO] 🔬 Advanced loop completed cycles: 0
[2026-05-01T22:24:38Z] [WARNING] ⚠️  Git commit skipped or failed (git not initialized?): Command '['git', '-C', '/home/avalonas/.hermes/gematria/unified_overnight_research', 'add', '.']' returned non-zero exit status 128.
[2026-05-01T22:24:38Z] [INFO] 
📊 CYCLE #21 SUMMARY
[2026-05-01T22:24:38Z] [INFO] ✅ Successful tasks: 7/7
[2026-05-01T22:24:38Z] [INFO] ⏱️  Cycle duration: 1.55s
[2026-05-01T22:24:38Z] [INFO]    ⚠️ task: result
[2026-05-01T22:24:38Z] [INFO]    ⚠️ task: result
[2026-05-01T22:24:38Z] [INFO]    ⚠️ task: result
[2026-05-01T22:24:38Z] [INFO]    ⚠️ task: result
[2026-05-01T22:24:38Z] [INFO]    ⚠️ task: result
[2026-05-01T22:24:38Z] [INFO]    ⚠️ task: result
[2026-05-01T22:24:38Z] [INFO]    ⚠️ task: result
[2026-05-01T22:24:38Z] [HEADER] ================================================================================
[2026-05-01T22:24:38Z] [INFO] 🔄 OVERNIGHT RESEARCH PIPELINE - CYCLE #22
[2026-05-01T22:24:38Z] [INFO] ================================================================================
[2026-05-01T22:24:38Z] [HEADER] ============================================================
[2026-05-01T22:24:38Z] [INFO] 🌙 STARTING OVERNIGHT RESEARCH CYCLE #22
[2026-05-01T22:24:38Z] [INFO] 🔍 Running overnight research protocol (web scraping + cross-symbol analysis)...
[2026-05-01T22:24:39Z] [INFO] 📊 Cycle duration: 0.49s, Files generated: 0
[2026-05-01T22:24:39Z] [INFO] 💾 Database updated with cycle results
[2026-05-01T22:24:39Z] [SECTION] ============================================================
[2026-05-01T22:24:39Z] [INFO] 🔮 PHASE: HIDDEN LAYERING DETECTION
[2026-05-01T22:24:39Z] [INFO] 🔗 Hidden layering detection complete. Connections identified: 2
[2026-05-01T22:24:39Z] [SECTION] ============================================================
[2026-05-01T22:24:39Z] [INFO] 🔬 PHASE: DOMAIN CORRELATION ANALYSIS
[2026-05-01T22:24:39Z] [INFO] 📊 Domain correlation matrices created: 1
[2026-05-01T22:24:39Z] [SECTION] ============================================================
[2026-05-01T22:24:39Z] [INFO] 🖼️  PHASE: IMAGE-SEED ANALYSIS
[2026-05-01T22:24:39Z] [INFO] 📂 Image seed analysis bootstrapping from 0 images...
[2026-05-01T22:24:39Z] [SECTION] ============================================================
[2026-05-01T22:24:39Z] [INFO] 📤 PHASE: PUSH COMPONENTS TO TOLARIA
[2026-05-01T22:24:40Z] [INFO] 📦 Components pushed to Tolaria: 5
[2026-05-01T22:24:40Z] [SECTION] ============================================================
[2026-05-01T22:24:40Z] [INFO] 🧩 PHASE: COMPOSER - DOMAIN INTEGRATION SYNTHESIS
[2026-05-01T22:24:40Z] [INFO] 🎨 Domain integrations synthesized: 0
[2026-05-01T22:24:40Z] [SECTION] ============================================================
[2026-05-01T22:24:40Z] [INFO] 🚀 PHASE: ADVANCED OVERNIGHT LOOP
[2026-05-01T22:24:40Z] [INFO] 🔬 Advanced loop completed cycles: 0
[2026-05-01T22:24:40Z] [WARNING] ⚠️  Git commit skipped or failed (git not initialized?): Command '['git', '-C', '/home/avalonas/.hermes/gematria/unified_overnight_research', 'add', '.']' returned non-zero exit status 128.
[2026-05-01T22:24:40Z] [INFO] 
📊 CYCLE #22 SUMMARY
[2026-05-01T22:24:40Z] [INFO] ✅ Successful tasks: 7/7
[2026-05-01T22:24:40Z] [INFO] ⏱️  Cycle duration: 1.73s
[2026-05-01T22:24:40Z] [INFO]    ⚠️ task: result
[2026-05-01T22:24:40Z] [INFO]    ⚠️ task: result
[2026-05-01T22:24:40Z] [INFO]    ⚠️ task: result
[2026-05-01T22:24:40Z] [INFO]    ⚠️ task: result
[2026-05-01T22:24:40Z] [INFO]    ⚠️ task: result
[2026-05-01T22:24:40Z] [INFO]    ⚠️ task: result
[2026-05-01T22:24:40Z] [INFO]    ⚠️ task: result
[2026-05-01T22:24:40Z] [HEADER] ================================================================================
[2026-05-01T22:24:40Z] [INFO] 🔄 OVERNIGHT RESEARCH PIPELINE - CYCLE #23
[2026-05-01T22:24:40Z] [INFO] ================================================================================
[2026-05-01T22:24:40Z] [HEADER] ============================================================
[2026-05-01T22:24:40Z] [INFO] 🌙 STARTING OVERNIGHT RESEARCH CYCLE #23
[2026-05-01T22:24:40Z] [INFO] 🔍 Running overnight research protocol (web scraping + cross-symbol analysis)...
[2026-05-01T22:24:40Z] [INFO] 📊 Cycle duration: 0.48s, Files generated: 0
[2026-05-01T22:24:40Z] [INFO] 💾 Database updated with cycle results
[2026-05-01T22:24:40Z] [SECTION] ============================================================
[2026-05-01T22:24:40Z] [INFO] 🔮 PHASE: HIDDEN LAYERING DETECTION
[2026-05-01T22:24:40Z] [INFO] 🔗 Hidden layering detection complete. Connections identified: 2
[2026-05-01T22:24:40Z] [SECTION] ============================================================
[2026-05-01T22:24:40Z] [INFO] 🔬 PHASE: DOMAIN CORRELATION ANALYSIS
[2026-05-01T22:24:40Z] [INFO] 📊 Domain correlation matrices created: 1
[2026-05-01T22:24:40Z] [SECTION] ============================================================
[2026-05-01T22:24:40Z] [INFO] 🖼️  PHASE: IMAGE-SEED ANALYSIS
[2026-05-01T22:24:40Z] [INFO] 📂 Image seed analysis bootstrapping from 0 images...
[2026-05-01T22:24:40Z] [SECTION] ============================================================
[2026-05-01T22:24:40Z] [INFO] 📤 PHASE: PUSH COMPONENTS TO TOLARIA
[2026-05-01T22:24:41Z] [INFO] 📦 Components pushed to Tolaria: 5
[2026-05-01T22:24:41Z] [SECTION] ============================================================
[2026-05-01T22:24:41Z] [INFO] 🧩 PHASE: COMPOSER - DOMAIN INTEGRATION SYNTHESIS
[2026-05-01T22:24:41Z] [INFO] 🎨 Domain integrations synthesized: 0
[2026-05-01T22:24:41Z] [SECTION] ============================================================
[2026-05-01T22:24:41Z] [INFO] 🚀 PHASE: ADVANCED OVERNIGHT LOOP
[2026-05-01T22:24:41Z] [INFO] 🔬 Advanced loop completed cycles: 0
[2026-05-01T22:24:41Z] [WARNING] ⚠️  Git commit skipped or failed (git not initialized?): Command '['git', '-C', '/home/avalonas/.hermes/gematria/unified_overnight_research', 'add', '.']' returned non-zero exit status 128.
[2026-05-01T22:24:41Z] [INFO] 
📊 CYCLE #23 SUMMARY
[2026-05-01T22:24:41Z] [INFO] ✅ Successful tasks: 7/7
[2026-05-01T22:24:41Z] [INFO] ⏱️  Cycle duration: 1.59s
[2026-05-01T22:24:41Z] [INFO]    ⚠️ task: result
[2026-05-01T22:24:41Z] [INFO]    ⚠️ task: result
[2026-05-01T22:24:41Z] [INFO]    ⚠️ task: result
[2026-05-01T22:24:41Z] [INFO]    ⚠️ task: result
[2026-05-01T22:24:41Z] [INFO]    ⚠️ task: result
[2026-05-01T22:24:41Z] [INFO]    ⚠️ task: result
[2026-05-01T22:24:41Z] [INFO]    ⚠️ task: result
[2026-05-01T22:24:41Z] [HEADER] ================================================================================
[2026-05-01T22:24:41Z] [INFO] 🔄 OVERNIGHT RESEARCH PIPELINE - CYCLE #24
[2026-05-01T22:24:41Z] [INFO] ================================================================================
[2026-05-01T22:24:41Z] [HEADER] ============================================================
[2026-05-01T22:24:41Z] [INFO] 🌙 STARTING OVERNIGHT RESEARCH CYCLE #24
[2026-05-01T22:24:41Z] [INFO] 🔍 Running overnight research protocol (web scraping + cross-symbol analysis)...
[2026-05-01T22:24:42Z] [INFO] 📊 Cycle duration: 0.49s, Files generated: 0
[2026-05-01T22:24:42Z] [INFO] 💾 Database updated with cycle results
[2026-05-01T22:24:42Z] [SECTION] ============================================================
[2026-05-01T22:24:42Z] [INFO] 🔮 PHASE: HIDDEN LAYERING DETECTION
[2026-05-01T22:24:42Z] [INFO] 🔗 Hidden layering detection complete. Connections identified: 2
[2026-05-01T22:24:42Z] [SECTION] ============================================================
[2026-05-01T22:24:42Z] [INFO] 🔬 PHASE: DOMAIN CORRELATION ANALYSIS
[2026-05-01T22:24:42Z] [INFO] 📊 Domain correlation matrices created: 1
[2026-05-01T22:24:42Z] [SECTION] ============================================================
[2026-05-01T22:24:42Z] [INFO] 🖼️  PHASE: IMAGE-SEED ANALYSIS
[2026-05-01T22:24:42Z] [INFO] 📂 Image seed analysis bootstrapping from 0 images...
[2026-05-01T22:24:42Z] [SECTION] ============================================================
[2026-05-01T22:24:42Z] [INFO] 📤 PHASE: PUSH COMPONENTS TO TOLARIA
[2026-05-01T22:24:43Z] [INFO] 📦 Components pushed to Tolaria: 5
[2026-05-01T22:24:43Z] [SECTION] ============================================================
[2026-05-01T22:24:43Z] [INFO] 🧩 PHASE: COMPOSER - DOMAIN INTEGRATION SYNTHESIS
[2026-05-01T22:24:43Z] [INFO] 🎨 Domain integrations synthesized: 0
[2026-05-01T22:24:43Z] [SECTION] ============================================================
[2026-05-01T22:24:43Z] [INFO] 🚀 PHASE: ADVANCED OVERNIGHT LOOP
[2026-05-01T22:24:43Z] [INFO] 🔬 Advanced loop completed cycles: 0
[2026-05-01T22:24:43Z] [WARNING] ⚠️  Git commit skipped or failed (git not initialized?): Command '['git', '-C', '/home/avalonas/.hermes/gematria/unified_overnight_research', 'add', '.']' returned non-zero exit status 128.
[2026-05-01T22:24:43Z] [INFO] 
📊 CYCLE #24 SUMMARY
[2026-05-01T22:24:43Z] [INFO] ✅ Successful tasks: 7/7
[2026-05-01T22:24:43Z] [INFO] ⏱️  Cycle duration: 1.52s
[2026-05-01T22:24:43Z] [INFO]    ⚠️ task: result
[2026-05-01T22:24:43Z] [INFO]    ⚠️ task: result
[2026-05-01T22:24:43Z] [INFO]    ⚠️ task: result
[2026-05-01T22:24:43Z] [INFO]    ⚠️ task: result
[2026-05-01T22:24:43Z] [INFO]    ⚠️ task: result
[2026-05-01T22:24:43Z] [INFO]    ⚠️ task: result
[2026-05-01T22:24:43Z] [INFO]    ⚠️ task: result
[2026-05-01T22:24:43Z] [HEADER] ================================================================================
[2026-05-01T22:24:43Z] [INFO] 🔄 OVERNIGHT RESEARCH PIPELINE - CYCLE #25
[2026-05-01T22:24:43Z] [INFO] ================================================================================
[2026-05-01T22:24:43Z] [HEADER] ============================================================
[2026-05-01T22:24:43Z] [INFO] 🌙 STARTING OVERNIGHT RESEARCH CYCLE #25
[2026-05-01T22:24:43Z] [INFO] 🔍 Running overnight research protocol (web scraping + cross-symbol analysis)...
[2026-05-01T22:24:44Z] [INFO] 📊 Cycle duration: 0.58s, Files generated: 0
[2026-05-01T22:24:44Z] [INFO] 💾 Database updated with cycle results
[2026-05-01T22:24:44Z] [SECTION] ============================================================
[2026-05-01T22:24:44Z] [INFO] 🔮 PHASE: HIDDEN LAYERING DETECTION
[2026-05-01T22:24:44Z] [INFO] 🔗 Hidden layering detection complete. Connections identified: 2
[2026-05-01T22:24:44Z] [SECTION] ============================================================
[2026-05-01T22:24:44Z] [INFO] 🔬 PHASE: DOMAIN CORRELATION ANALYSIS
[2026-05-01T22:24:44Z] [INFO] 📊 Domain correlation matrices created: 1
[2026-05-01T22:24:44Z] [SECTION] ============================================================
[2026-05-01T22:24:44Z] [INFO] 🖼️  PHASE: IMAGE-SEED ANALYSIS
[2026-05-01T22:24:44Z] [INFO] 📂 Image seed analysis bootstrapping from 0 images...
[2026-05-01T22:24:44Z] [SECTION] ============================================================
[2026-05-01T22:24:44Z] [INFO] 📤 PHASE: PUSH COMPONENTS TO TOLARIA
[2026-05-01T22:24:44Z] [INFO] 📦 Components pushed to Tolaria: 5
[2026-05-01T22:24:44Z] [SECTION] ============================================================
[2026-05-01T22:24:44Z] [INFO] 🧩 PHASE: COMPOSER - DOMAIN INTEGRATION SYNTHESIS
[2026-05-01T22:24:44Z] [INFO] 🎨 Domain integrations synthesized: 0
[2026-05-01T22:24:44Z] [SECTION] ============================================================
[2026-05-01T22:24:44Z] [INFO] 🚀 PHASE: ADVANCED OVERNIGHT LOOP
[2026-05-01T22:24:45Z] [INFO] 🔬 Advanced loop completed cycles: 0
[2026-05-01T22:24:45Z] [WARNING] ⚠️  Git commit skipped or failed (git not initialized?): Command '['git', '-C', '/home/avalonas/.hermes/gematria/unified_overnight_research', 'add', '.']' returned non-zero exit status 128.
[2026-05-01T22:24:45Z] [INFO] 
📊 CYCLE #25 SUMMARY
[2026-05-01T22:24:45Z] [INFO] ✅ Successful tasks: 7/7
[2026-05-01T22:24:45Z] [INFO] ⏱️  Cycle duration: 1.59s
[2026-05-01T22:24:45Z] [INFO]    ⚠️ task: result
[2026-05-01T22:24:45Z] [INFO]    ⚠️ task: result
[2026-05-01T22:24:45Z] [INFO]    ⚠️ task: result
[2026-05-01T22:24:45Z] [INFO]    ⚠️ task: result
[2026-05-01T22:24:45Z] [INFO]    ⚠️ task: result
[2026-05-01T22:24:45Z] [INFO]    ⚠️ task: result
[2026-05-01T22:24:45Z] [INFO]    ⚠️ task: result
[2026-05-01T22:24:45Z] [HEADER] ================================================================================
[2026-05-01T22:24:45Z] [INFO] 🔄 OVERNIGHT RESEARCH PIPELINE - CYCLE #26
[2026-05-01T22:24:45Z] [INFO] ================================================================================
[2026-05-01T22:24:45Z] [HEADER] ============================================================
[2026-05-01T22:24:45Z] [INFO] 🌙 STARTING OVERNIGHT RESEARCH CYCLE #26
[2026-05-01T22:24:45Z] [INFO] 🔍 Running overnight research protocol (web scraping + cross-symbol analysis)...
[2026-05-01T22:24:45Z] [INFO] 📊 Cycle duration: 0.57s, Files generated: 0
[2026-05-01T22:24:45Z] [INFO] 💾 Database updated with cycle results
[2026-05-01T22:24:45Z] [SECTION] ============================================================
[2026-05-01T22:24:45Z] [INFO] 🔮 PHASE: HIDDEN LAYERING DETECTION
[2026-05-01T22:24:45Z] [INFO] 🔗 Hidden layering detection complete. Connections identified: 2
[2026-05-01T22:24:45Z] [SECTION] ============================================================
[2026-05-01T22:24:45Z] [INFO] 🔬 PHASE: DOMAIN CORRELATION ANALYSIS
[2026-05-01T22:24:45Z] [INFO] 📊 Domain correlation matrices created: 1
[2026-05-01T22:24:45Z] [SECTION] ============================================================
[2026-05-01T22:24:45Z] [INFO] 🖼️  PHASE: IMAGE-SEED ANALYSIS
[2026-05-01T22:24:45Z] [INFO] 📂 Image seed analysis bootstrapping from 0 images...
[2026-05-01T22:24:45Z] [SECTION] ============================================================
[2026-05-01T22:24:45Z] [INFO] 📤 PHASE: PUSH COMPONENTS TO TOLARIA
[2026-05-01T22:24:46Z] [INFO] 📦 Components pushed to Tolaria: 5
[2026-05-01T22:24:46Z] [SECTION] ============================================================
[2026-05-01T22:24:46Z] [INFO] 🧩 PHASE: COMPOSER - DOMAIN INTEGRATION SYNTHESIS
[2026-05-01T22:24:46Z] [INFO] 🎨 Domain integrations synthesized: 0
[2026-05-01T22:24:46Z] [SECTION] ============================================================
[2026-05-01T22:24:46Z] [INFO] 🚀 PHASE: ADVANCED OVERNIGHT LOOP
[2026-05-01T22:24:46Z] [INFO] 🔬 Advanced loop completed cycles: 0
[2026-05-01T22:24:46Z] [WARNING] ⚠️  Git commit skipped or failed (git not initialized?): Command '['git', '-C', '/home/avalonas/.hermes/gematria/unified_overnight_research', 'add', '.']' returned non-zero exit status 128.
[2026-05-01T22:24:46Z] [INFO] 
📊 CYCLE #26 SUMMARY
[2026-05-01T22:24:46Z] [INFO] ✅ Successful tasks: 7/7
[2026-05-01T22:24:46Z] [INFO] ⏱️  Cycle duration: 1.67s
[2026-05-01T22:24:46Z] [INFO]    ⚠️ task: result
[2026-05-01T22:24:46Z] [INFO]    ⚠️ task: result
[2026-05-01T22:24:46Z] [INFO]    ⚠️ task: result
[2026-05-01T22:24:46Z] [INFO]    ⚠️ task: result
[2026-05-01T22:24:46Z] [INFO]    ⚠️ task: result
[2026-05-01T22:24:46Z] [INFO]    ⚠️ task: result
[2026-05-01T22:24:46Z] [INFO]    ⚠️ task: result
[2026-05-01T22:24:46Z] [HEADER] ================================================================================
[2026-05-01T22:24:46Z] [INFO] 🔄 OVERNIGHT RESEARCH PIPELINE - CYCLE #27
[2026-05-01T22:24:46Z] [INFO] ================================================================================
[2026-05-01T22:24:46Z] [HEADER] ============================================================
[2026-05-01T22:24:46Z] [INFO] 🌙 STARTING OVERNIGHT RESEARCH CYCLE #27
[2026-05-01T22:24:46Z] [INFO] 🔍 Running overnight research protocol (web scraping + cross-symbol analysis)...
[2026-05-01T22:24:47Z] [INFO] 📊 Cycle duration: 0.59s, Files generated: 0
[2026-05-01T22:24:47Z] [INFO] 💾 Database updated with cycle results
[2026-05-01T22:24:47Z] [SECTION] ============================================================
[2026-05-01T22:24:47Z] [INFO] 🔮 PHASE: HIDDEN LAYERING DETECTION
[2026-05-01T22:24:47Z] [INFO] 🔗 Hidden layering detection complete. Connections identified: 2
[2026-05-01T22:24:47Z] [SECTION] ============================================================
[2026-05-01T22:24:47Z] [INFO] 🔬 PHASE: DOMAIN CORRELATION ANALYSIS
[2026-05-01T22:24:47Z] [INFO] 📊 Domain correlation matrices created: 1
[2026-05-01T22:24:47Z] [SECTION] ============================================================
[2026-05-01T22:24:47Z] [INFO] 🖼️  PHASE: IMAGE-SEED ANALYSIS
[2026-05-01T22:24:47Z] [INFO] 📂 Image seed analysis bootstrapping from 0 images...
[2026-05-01T22:24:47Z] [SECTION] ============================================================
[2026-05-01T22:24:47Z] [INFO] 📤 PHASE: PUSH COMPONENTS TO TOLARIA
[2026-05-01T22:24:48Z] [INFO] 📦 Components pushed to Tolaria: 5
[2026-05-01T22:24:48Z] [SECTION] ============================================================
[2026-05-01T22:24:48Z] [INFO] 🧩 PHASE: COMPOSER - DOMAIN INTEGRATION SYNTHESIS
[2026-05-01T22:24:48Z] [INFO] 🎨 Domain integrations synthesized: 0
[2026-05-01T22:24:48Z] [SECTION] ============================================================
[2026-05-01T22:24:48Z] [INFO] 🚀 PHASE: ADVANCED OVERNIGHT LOOP
[2026-05-01T22:24:48Z] [INFO] 🔬 Advanced loop completed cycles: 0
[2026-05-01T22:24:48Z] [WARNING] ⚠️  Git commit skipped or failed (git not initialized?): Command '['git', '-C', '/home/avalonas/.hermes/gematria/unified_overnight_research', 'add', '.']' returned non-zero exit status 128.
[2026-05-01T22:24:48Z] [INFO] 
📊 CYCLE #27 SUMMARY
[2026-05-01T22:24:48Z] [INFO] ✅ Successful tasks: 7/7
[2026-05-01T22:24:48Z] [INFO] ⏱️  Cycle duration: 1.66s
[2026-05-01T22:24:48Z] [INFO]    ⚠️ task: result
[2026-05-01T22:24:48Z] [INFO]    ⚠️ task: result
[2026-05-01T22:24:48Z] [INFO]    ⚠️ task: result
[2026-05-01T22:24:48Z] [INFO]    ⚠️ task: result
[2026-05-01T22:24:48Z] [INFO]    ⚠️ task: result
[2026-05-01T22:24:48Z] [INFO]    ⚠️ task: result
[2026-05-01T22:24:48Z] [INFO]    ⚠️ task: result
[2026-05-01T22:24:48Z] [HEADER] ================================================================================
[2026-05-01T22:24:48Z] [INFO] 🔄 OVERNIGHT RESEARCH PIPELINE - CYCLE #28
[2026-05-01T22:24:48Z] [INFO] ================================================================================
[2026-05-01T22:24:48Z] [HEADER] ============================================================
[2026-05-01T22:24:48Z] [INFO] 🌙 STARTING OVERNIGHT RESEARCH CYCLE #28
[2026-05-01T22:24:48Z] [INFO] 🔍 Running overnight research protocol (web scraping + cross-symbol analysis)...
[2026-05-01T22:24:48Z] [INFO] 📊 Cycle duration: 0.48s, Files generated: 0
[2026-05-01T22:24:48Z] [INFO] 💾 Database updated with cycle results
[2026-05-01T22:24:48Z] [SECTION] ============================================================
[2026-05-01T22:24:48Z] [INFO] 🔮 PHASE: HIDDEN LAYERING DETECTION
[2026-05-01T22:24:48Z] [INFO] 🔗 Hidden layering detection complete. Connections identified: 2
[2026-05-01T22:24:48Z] [SECTION] ============================================================
[2026-05-01T22:24:48Z] [INFO] 🔬 PHASE: DOMAIN CORRELATION ANALYSIS
[2026-05-01T22:24:48Z] [INFO] 📊 Domain correlation matrices created: 1
[2026-05-01T22:24:48Z] [SECTION] ============================================================
[2026-05-01T22:24:48Z] [INFO] 🖼️  PHASE: IMAGE-SEED ANALYSIS
[2026-05-01T22:24:48Z] [INFO] 📂 Image seed analysis bootstrapping from 0 images...
[2026-05-01T22:24:49Z] [SECTION] ============================================================
[2026-05-01T22:24:49Z] [INFO] 📤 PHASE: PUSH COMPONENTS TO TOLARIA
[2026-05-01T22:24:49Z] [INFO] 📦 Components pushed to Tolaria: 5
[2026-05-01T22:24:49Z] [SECTION] ============================================================
[2026-05-01T22:24:49Z] [INFO] 🧩 PHASE: COMPOSER - DOMAIN INTEGRATION SYNTHESIS
[2026-05-01T22:24:49Z] [INFO] 🎨 Domain integrations synthesized: 0
[2026-05-01T22:24:49Z] [SECTION] ============================================================
[2026-05-01T22:24:49Z] [INFO] 🚀 PHASE: ADVANCED OVERNIGHT LOOP
[2026-05-01T22:24:50Z] [INFO] 🔬 Advanced loop completed cycles: 0
[2026-05-01T22:24:50Z] [WARNING] ⚠️  Git commit skipped or failed (git not initialized?): Command '['git', '-C', '/home/avalonas/.hermes/gematria/unified_overnight_research', 'add', '.']' returned non-zero exit status 128.
[2026-05-01T22:24:50Z] [INFO] 
📊 CYCLE #28 SUMMARY
[2026-05-01T22:24:50Z] [INFO] ✅ Successful tasks: 7/7
[2026-05-01T22:24:50Z] [INFO] ⏱️  Cycle duration: 1.62s
[2026-05-01T22:24:50Z] [INFO]    ⚠️ task: result
[2026-05-01T22:24:50Z] [INFO]    ⚠️ task: result
[2026-05-01T22:24:50Z] [INFO]    ⚠️ task: result
[2026-05-01T22:24:50Z] [INFO]    ⚠️ task: result
[2026-05-01T22:24:50Z] [INFO]    ⚠️ task: result
[2026-05-01T22:24:50Z] [INFO]    ⚠️ task: result
[2026-05-01T22:24:50Z] [INFO]    ⚠️ task: result
[2026-05-01T22:24:50Z] [HEADER] ================================================================================
[2026-05-01T22:24:50Z] [INFO] 🔄 OVERNIGHT RESEARCH PIPELINE - CYCLE #29
[2026-05-01T22:24:50Z] [INFO] ================================================================================
[2026-05-01T22:24:50Z] [HEADER] ============================================================
[2026-05-01T22:24:50Z] [INFO] 🌙 STARTING OVERNIGHT RESEARCH CYCLE #29
[2026-05-01T22:24:50Z] [INFO] 🔍 Running overnight research protocol (web scraping + cross-symbol analysis)...
[2026-05-01T22:24:50Z] [INFO] 📊 Cycle duration: 0.45s, Files generated: 0
[2026-05-01T22:24:50Z] [INFO] 💾 Database updated with cycle results
[2026-05-01T22:24:50Z] [SECTION] ============================================================
[2026-05-01T22:24:50Z] [INFO] 🔮 PHASE: HIDDEN LAYERING DETECTION
[2026-05-01T22:24:50Z] [INFO] 🔗 Hidden layering detection complete. Connections identified: 2
[2026-05-01T22:24:50Z] [SECTION] ============================================================
[2026-05-01T22:24:50Z] [INFO] 🔬 PHASE: DOMAIN CORRELATION ANALYSIS
[2026-05-01T22:24:50Z] [INFO] 📊 Domain correlation matrices created: 1
[2026-05-01T22:24:50Z] [SECTION] ============================================================
[2026-05-01T22:24:50Z] [INFO] 🖼️  PHASE: IMAGE-SEED ANALYSIS
[2026-05-01T22:24:50Z] [INFO] 📂 Image seed analysis bootstrapping from 0 images...
[2026-05-01T22:24:50Z] [SECTION] ============================================================
[2026-05-01T22:24:50Z] [INFO] 📤 PHASE: PUSH COMPONENTS TO TOLARIA
[2026-05-01T22:24:51Z] [INFO] 📦 Components pushed to Tolaria: 5
[2026-05-01T22:24:51Z] [SECTION] ============================================================
[2026-05-01T22:24:51Z] [INFO] 🧩 PHASE: COMPOSER - DOMAIN INTEGRATION SYNTHESIS
[2026-05-01T22:24:51Z] [INFO] 🎨 Domain integrations synthesized: 0
[2026-05-01T22:24:51Z] [SECTION] ============================================================
[2026-05-01T22:24:51Z] [INFO] 🚀 PHASE: ADVANCED OVERNIGHT LOOP
[2026-05-01T22:24:51Z] [INFO] 🔬 Advanced loop completed cycles: 0
[2026-05-01T22:24:51Z] [WARNING] ⚠️  Git commit skipped or failed (git not initialized?): Command '['git', '-C', '/home/avalonas/.hermes/gematria/unified_overnight_research', 'add', '.']' returned non-zero exit status 128.
[2026-05-01T22:24:51Z] [INFO] 
📊 CYCLE #29 SUMMARY
[2026-05-01T22:24:51Z] [INFO] ✅ Successful tasks: 7/7
[2026-05-01T22:24:51Z] [INFO] ⏱️  Cycle duration: 1.53s
[2026-05-01T22:24:51Z] [INFO]    ⚠️ task: result
[2026-05-01T22:24:51Z] [INFO]    ⚠️ task: result
[2026-05-01T22:24:51Z] [INFO]    ⚠️ task: result
[2026-05-01T22:24:51Z] [INFO]    ⚠️ task: result
[2026-05-01T22:24:51Z] [INFO]    ⚠️ task: result
[2026-05-01T22:24:51Z] [INFO]    ⚠️ task: result
[2026-05-01T22:24:51Z] [INFO]    ⚠️ task: result
[2026-05-01T22:24:51Z] [HEADER] ================================================================================
[2026-05-01T22:24:51Z] [INFO] 🔄 OVERNIGHT RESEARCH PIPELINE - CYCLE #30
[2026-05-01T22:24:51Z] [INFO] ================================================================================
[2026-05-01T22:24:51Z] [HEADER] ============================================================
[2026-05-01T22:24:51Z] [INFO] 🌙 STARTING OVERNIGHT RESEARCH CYCLE #30
[2026-05-01T22:24:51Z] [INFO] 🔍 Running overnight research protocol (web scraping + cross-symbol analysis)...
[2026-05-01T22:24:52Z] [INFO] 📊 Cycle duration: 0.50s, Files generated: 0
[2026-05-01T22:24:52Z] [INFO] 💾 Database updated with cycle results
[2026-05-01T22:24:52Z] [SECTION] ============================================================
[2026-05-01T22:24:52Z] [INFO] 🔮 PHASE: HIDDEN LAYERING DETECTION
[2026-05-01T22:24:52Z] [INFO] 🔗 Hidden layering detection complete. Connections identified: 2
[2026-05-01T22:24:52Z] [SECTION] ============================================================
[2026-05-01T22:24:52Z] [INFO] 🔬 PHASE: DOMAIN CORRELATION ANALYSIS
[2026-05-01T22:24:52Z] [INFO] 📊 Domain correlation matrices created: 1
[2026-05-01T22:24:52Z] [SECTION] ============================================================
[2026-05-01T22:24:52Z] [INFO] 🖼️  PHASE: IMAGE-SEED ANALYSIS
[2026-05-01T22:24:52Z] [INFO] 📂 Image seed analysis bootstrapping from 0 images...
[2026-05-01T22:24:52Z] [SECTION] ============================================================
[2026-05-01T22:24:52Z] [INFO] 📤 PHASE: PUSH COMPONENTS TO TOLARIA
[2026-05-01T22:24:52Z] [INFO] 📦 Components pushed to Tolaria: 5
[2026-05-01T22:24:52Z] [SECTION] ============================================================
[2026-05-01T22:24:52Z] [INFO] 🧩 PHASE: COMPOSER - DOMAIN INTEGRATION SYNTHESIS
[2026-05-01T22:24:52Z] [INFO] 🎨 Domain integrations synthesized: 0
[2026-05-01T22:24:52Z] [SECTION] ============================================================
[2026-05-01T22:24:52Z] [INFO] 🚀 PHASE: ADVANCED OVERNIGHT LOOP
[2026-05-01T22:24:53Z] [INFO] 🔬 Advanced loop completed cycles: 0
[2026-05-01T22:24:53Z] [WARNING] ⚠️  Git commit skipped or failed (git not initialized?): Command '['git', '-C', '/home/avalonas/.hermes/gematria/unified_overnight_research', 'add', '.']' returned non-zero exit status 128.
[2026-05-01T22:24:53Z] [INFO] 
📊 CYCLE #30 SUMMARY
[2026-05-01T22:24:53Z] [INFO] ✅ Successful tasks: 7/7
[2026-05-01T22:24:53Z] [INFO] ⏱️  Cycle duration: 1.67s
[2026-05-01T22:24:53Z] [INFO]    ⚠️ task: result
[2026-05-01T22:24:53Z] [INFO]    ⚠️ task: result
[2026-05-01T22:24:53Z] [INFO]    ⚠️ task: result
[2026-05-01T22:24:53Z] [INFO]    ⚠️ task: result
[2026-05-01T22:24:53Z] [INFO]    ⚠️ task: result
[2026-05-01T22:24:53Z] [INFO]    ⚠️ task: result
[2026-05-01T22:24:53Z] [INFO]    ⚠️ task: result
[2026-05-01T22:24:53Z] [HEADER] ================================================================================
[2026-05-01T22:24:53Z] [INFO] 🔄 OVERNIGHT RESEARCH PIPELINE - CYCLE #31
[2026-05-01T22:24:53Z] [INFO] ================================================================================
[2026-05-01T22:24:53Z] [HEADER] ============================================================
[2026-05-01T22:24:53Z] [INFO] 🌙 STARTING OVERNIGHT RESEARCH CYCLE #31
[2026-05-01T22:24:53Z] [INFO] 🔍 Running overnight research protocol (web scraping + cross-symbol analysis)...
[2026-05-01T22:24:53Z] [INFO] 📊 Cycle duration: 0.62s, Files generated: 0
[2026-05-01T22:24:53Z] [INFO] 💾 Database updated with cycle results
[2026-05-01T22:24:53Z] [SECTION] ============================================================
[2026-05-01T22:24:53Z] [INFO] 🔮 PHASE: HIDDEN LAYERING DETECTION
[2026-05-01T22:24:53Z] [INFO] 🔗 Hidden layering detection complete. Connections identified: 2
[2026-05-01T22:24:53Z] [SECTION] ============================================================
[2026-05-01T22:24:53Z] [INFO] 🔬 PHASE: DOMAIN CORRELATION ANALYSIS
[2026-05-01T22:24:53Z] [INFO] 📊 Domain correlation matrices created: 1
[2026-05-01T22:24:53Z] [SECTION] ============================================================
[2026-05-01T22:24:53Z] [INFO] 🖼️  PHASE: IMAGE-SEED ANALYSIS
[2026-05-01T22:24:53Z] [INFO] 📂 Image seed analysis bootstrapping from 0 images...
[2026-05-01T22:24:53Z] [SECTION] ============================================================
[2026-05-01T22:24:53Z] [INFO] 📤 PHASE: PUSH COMPONENTS TO TOLARIA
[2026-05-01T22:24:56Z] [INFO] 📦 Components pushed to Tolaria: 5
[2026-05-01T22:24:56Z] [SECTION] ============================================================
[2026-05-01T22:24:56Z] [INFO] 🧩 PHASE: COMPOSER - DOMAIN INTEGRATION SYNTHESIS
[2026-05-01T22:24:56Z] [INFO] 🎨 Domain integrations synthesized: 0
[2026-05-01T22:24:56Z] [SECTION] ============================================================
[2026-05-01T22:24:56Z] [INFO] 🚀 PHASE: ADVANCED OVERNIGHT LOOP
[2026-05-01T22:24:56Z] [INFO] 🔬 Advanced loop completed cycles: 0
[2026-05-01T22:24:56Z] [WARNING] ⚠️  Git commit skipped or failed (git not initialized?): Command '['git', '-C', '/home/avalonas/.hermes/gematria/unified_overnight_research', 'add', '.']' returned non-zero exit status 128.
[2026-05-01T22:24:56Z] [INFO] 
📊 CYCLE #31 SUMMARY
[2026-05-01T22:24:56Z] [INFO] ✅ Successful tasks: 7/7
[2026-05-01T22:24:56Z] [INFO] ⏱️  Cycle duration: 3.41s
[2026-05-01T22:24:56Z] [INFO]    ⚠️ task: result
[2026-05-01T22:24:56Z] [INFO]    ⚠️ task: result
[2026-05-01T22:24:56Z] [INFO]    ⚠️ task: result
[2026-05-01T22:24:56Z] [INFO]    ⚠️ task: result
[2026-05-01T22:24:56Z] [INFO]    ⚠️ task: result
[2026-05-01T22:24:56Z] [INFO]    ⚠️ task: result
[2026-05-01T22:24:56Z] [INFO]    ⚠️ task: result
[2026-05-01T22:24:56Z] [HEADER] ================================================================================
[2026-05-01T22:24:56Z] [INFO] 🔄 OVERNIGHT RESEARCH PIPELINE - CYCLE #32
[2026-05-01T22:24:56Z] [INFO] ================================================================================
[2026-05-01T22:24:56Z] [HEADER] ============================================================
[2026-05-01T22:24:56Z] [INFO] 🌙 STARTING OVERNIGHT RESEARCH CYCLE #32
[2026-05-01T22:24:56Z] [INFO] 🔍 Running overnight research protocol (web scraping + cross-symbol analysis)...
[2026-05-01T22:24:57Z] [INFO] 📊 Cycle duration: 0.57s, Files generated: 0
[2026-05-01T22:24:57Z] [INFO] 💾 Database updated with cycle results
[2026-05-01T22:24:57Z] [SECTION] ============================================================
[2026-05-01T22:24:57Z] [INFO] 🔮 PHASE: HIDDEN LAYERING DETECTION
[2026-05-01T22:24:57Z] [INFO] 🔗 Hidden layering detection complete. Connections identified: 2
[2026-05-01T22:24:57Z] [SECTION] ============================================================
[2026-05-01T22:24:57Z] [INFO] 🔬 PHASE: DOMAIN CORRELATION ANALYSIS
[2026-05-01T22:24:57Z] [INFO] 📊 Domain correlation matrices created: 1
[2026-05-01T22:24:57Z] [SECTION] ============================================================
[2026-05-01T22:24:57Z] [INFO] 🖼️  PHASE: IMAGE-SEED ANALYSIS
[2026-05-01T22:24:57Z] [INFO] 📂 Image seed analysis bootstrapping from 0 images...
[2026-05-01T22:24:57Z] [SECTION] ============================================================
[2026-05-01T22:24:57Z] [INFO] 📤 PHASE: PUSH COMPONENTS TO TOLARIA
[2026-05-01T22:24:58Z] [INFO] 📦 Components pushed to Tolaria: 5
[2026-05-01T22:24:58Z] [SECTION] ============================================================
[2026-05-01T22:24:58Z] [INFO] 🧩 PHASE: COMPOSER - DOMAIN INTEGRATION SYNTHESIS
[2026-05-01T22:24:58Z] [INFO] 🎨 Domain integrations synthesized: 0
[2026-05-01T22:24:58Z] [SECTION] ============================================================
[2026-05-01T22:24:58Z] [INFO] 🚀 PHASE: ADVANCED OVERNIGHT LOOP
[2026-05-01T22:24:58Z] [INFO] 🔬 Advanced loop completed cycles: 0
[2026-05-01T22:24:58Z] [WARNING] ⚠️  Git commit skipped or failed (git not initialized?): Command '['git', '-C', '/home/avalonas/.hermes/gematria/unified_overnight_research', 'add', '.']' returned non-zero exit status 128.
[2026-05-01T22:24:58Z] [INFO] 
📊 CYCLE #32 SUMMARY
[2026-05-01T22:24:58Z] [INFO] ✅ Successful tasks: 7/7
[2026-05-01T22:24:58Z] [INFO] ⏱️  Cycle duration: 1.71s
[2026-05-01T22:24:58Z] [INFO]    ⚠️ task: result
[2026-05-01T22:24:58Z] [INFO]    ⚠️ task: result
[2026-05-01T22:24:58Z] [INFO]    ⚠️ task: result
[2026-05-01T22:24:58Z] [INFO]    ⚠️ task: result
[2026-05-01T22:24:58Z] [INFO]    ⚠️ task: result
[2026-05-01T22:24:58Z] [INFO]    ⚠️ task: result
[2026-05-01T22:24:58Z] [INFO]    ⚠️ task: result
[2026-05-01T22:24:58Z] [HEADER] ================================================================================
[2026-05-01T22:24:58Z] [INFO] 🔄 OVERNIGHT RESEARCH PIPELINE - CYCLE #33
[2026-05-01T22:24:58Z] [INFO] ================================================================================
[2026-05-01T22:24:58Z] [HEADER] ============================================================
[2026-05-01T22:24:58Z] [INFO] 🌙 STARTING OVERNIGHT RESEARCH CYCLE #33
[2026-05-01T22:24:58Z] [INFO] 🔍 Running overnight research protocol (web scraping + cross-symbol analysis)...
[2026-05-01T22:24:58Z] [INFO] 📊 Cycle duration: 0.58s, Files generated: 0
[2026-05-01T22:24:58Z] [INFO] 💾 Database updated with cycle results
[2026-05-01T22:24:58Z] [SECTION] ============================================================
[2026-05-01T22:24:58Z] [INFO] 🔮 PHASE: HIDDEN LAYERING DETECTION
[2026-05-01T22:24:58Z] [INFO] 🔗 Hidden layering detection complete. Connections identified: 2
[2026-05-01T22:24:58Z] [SECTION] ============================================================
[2026-05-01T22:24:58Z] [INFO] 🔬 PHASE: DOMAIN CORRELATION ANALYSIS
[2026-05-01T22:24:59Z] [INFO] 📊 Domain correlation matrices created: 1
[2026-05-01T22:24:59Z] [SECTION] ============================================================
[2026-05-01T22:24:59Z] [INFO] 🖼️  PHASE: IMAGE-SEED ANALYSIS
[2026-05-01T22:24:59Z] [INFO] 📂 Image seed analysis bootstrapping from 0 images...
[2026-05-01T22:24:59Z] [SECTION] ============================================================
[2026-05-01T22:24:59Z] [INFO] 📤 PHASE: PUSH COMPONENTS TO TOLARIA
[2026-05-01T22:24:59Z] [INFO] 📦 Components pushed to Tolaria: 5
[2026-05-01T22:24:59Z] [SECTION] ============================================================
[2026-05-01T22:24:59Z] [INFO] 🧩 PHASE: COMPOSER - DOMAIN INTEGRATION SYNTHESIS
[2026-05-01T22:25:00Z] [INFO] 🎨 Domain integrations synthesized: 0
[2026-05-01T22:25:00Z] [SECTION] ============================================================
[2026-05-01T22:25:00Z] [INFO] 🚀 PHASE: ADVANCED OVERNIGHT LOOP
[2026-05-01T22:25:00Z] [INFO] 🔬 Advanced loop completed cycles: 0
[2026-05-01T22:25:00Z] [WARNING] ⚠️  Git commit skipped or failed (git not initialized?): Command '['git', '-C', '/home/avalonas/.hermes/gematria/unified_overnight_research', 'add', '.']' returned non-zero exit status 128.
[2026-05-01T22:25:00Z] [INFO] 
📊 CYCLE #33 SUMMARY
[2026-05-01T22:25:00Z] [INFO] ✅ Successful tasks: 7/7
[2026-05-01T22:25:00Z] [INFO] ⏱️  Cycle duration: 1.89s
[2026-05-01T22:25:00Z] [INFO]    ⚠️ task: result
[2026-05-01T22:25:00Z] [INFO]    ⚠️ task: result
[2026-05-01T22:25:00Z] [INFO]    ⚠️ task: result
[2026-05-01T22:25:00Z] [INFO]    ⚠️ task: result
[2026-05-01T22:25:00Z] [INFO]    ⚠️ task: result
[2026-05-01T22:25:00Z] [INFO]    ⚠️ task: result
[2026-05-01T22:25:00Z] [INFO]    ⚠️ task: result
[2026-05-01T22:25:00Z] [HEADER] ================================================================================
[2026-05-01T22:25:00Z] [INFO] 🔄 OVERNIGHT RESEARCH PIPELINE - CYCLE #34
[2026-05-01T22:25:00Z] [INFO] ================================================================================
[2026-05-01T22:25:00Z] [HEADER] ============================================================
[2026-05-01T22:25:00Z] [INFO] 🌙 STARTING OVERNIGHT RESEARCH CYCLE #34
[2026-05-01T22:25:00Z] [INFO] 🔍 Running overnight research protocol (web scraping + cross-symbol analysis)...
[2026-05-01T22:25:00Z] [INFO] 📊 Cycle duration: 0.45s, Files generated: 0
[2026-05-01T22:25:00Z] [INFO] 💾 Database updated with cycle results
[2026-05-01T22:25:00Z] [SECTION] ============================================================
[2026-05-01T22:25:00Z] [INFO] 🔮 PHASE: HIDDEN LAYERING DETECTION
[2026-05-01T22:25:00Z] [INFO] 🔗 Hidden layering detection complete. Connections identified: 2
[2026-05-01T22:25:00Z] [SECTION] ============================================================
[2026-05-01T22:25:00Z] [INFO] 🔬 PHASE: DOMAIN CORRELATION ANALYSIS
[2026-05-01T22:25:00Z] [INFO] 📊 Domain correlation matrices created: 1
[2026-05-01T22:25:00Z] [SECTION] ============================================================
[2026-05-01T22:25:00Z] [INFO] 🖼️  PHASE: IMAGE-SEED ANALYSIS
[2026-05-01T22:25:00Z] [INFO] 📂 Image seed analysis bootstrapping from 0 images...
[2026-05-01T22:25:00Z] [SECTION] ============================================================
[2026-05-01T22:25:00Z] [INFO] 📤 PHASE: PUSH COMPONENTS TO TOLARIA
[2026-05-01T22:25:01Z] [INFO] 📦 Components pushed to Tolaria: 5
[2026-05-01T22:25:01Z] [SECTION] ============================================================
[2026-05-01T22:25:01Z] [INFO] 🧩 PHASE: COMPOSER - DOMAIN INTEGRATION SYNTHESIS
[2026-05-01T22:25:01Z] [INFO] 🎨 Domain integrations synthesized: 0
[2026-05-01T22:25:01Z] [SECTION] ============================================================
[2026-05-01T22:25:01Z] [INFO] 🚀 PHASE: ADVANCED OVERNIGHT LOOP
[2026-05-01T22:25:01Z] [INFO] 🔬 Advanced loop completed cycles: 0
[2026-05-01T22:25:01Z] [WARNING] ⚠️  Git commit skipped or failed (git not initialized?): Command '['git', '-C', '/home/avalonas/.hermes/gematria/unified_overnight_research', 'add', '.']' returned non-zero exit status 128.
[2026-05-01T22:25:01Z] [INFO] 
📊 CYCLE #34 SUMMARY
[2026-05-01T22:25:01Z] [INFO] ✅ Successful tasks: 7/7
[2026-05-01T22:25:01Z] [INFO] ⏱️  Cycle duration: 1.45s
[2026-05-01T22:25:01Z] [INFO]    ⚠️ task: result
[2026-05-01T22:25:01Z] [INFO]    ⚠️ task: result
[2026-05-01T22:25:01Z] [INFO]    ⚠️ task: result
[2026-05-01T22:25:01Z] [INFO]    ⚠️ task: result
[2026-05-01T22:25:01Z] [INFO]    ⚠️ task: result
[2026-05-01T22:25:01Z] [INFO]    ⚠️ task: result
[2026-05-01T22:25:01Z] [INFO]    ⚠️ task: result
[2026-05-01T22:25:01Z] [HEADER] ================================================================================
[2026-05-01T22:25:01Z] [INFO] 🔄 OVERNIGHT RESEARCH PIPELINE - CYCLE #35
[2026-05-01T22:25:01Z] [INFO] ================================================================================
[2026-05-01T22:25:01Z] [HEADER] ============================================================
[2026-05-01T22:25:01Z] [INFO] 🌙 STARTING OVERNIGHT RESEARCH CYCLE #35
[2026-05-01T22:25:01Z] [INFO] 🔍 Running overnight research protocol (web scraping + cross-symbol analysis)...
[2026-05-01T22:25:02Z] [INFO] 📊 Cycle duration: 0.57s, Files generated: 0
[2026-05-01T22:25:02Z] [INFO] 💾 Database updated with cycle results
[2026-05-01T22:25:02Z] [SECTION] ============================================================
[2026-05-01T22:25:02Z] [INFO] 🔮 PHASE: HIDDEN LAYERING DETECTION
[2026-05-01T22:25:02Z] [INFO] 🔗 Hidden layering detection complete. Connections identified: 2
[2026-05-01T22:25:02Z] [SECTION] ============================================================
[2026-05-01T22:25:02Z] [INFO] 🔬 PHASE: DOMAIN CORRELATION ANALYSIS
[2026-05-01T22:25:02Z] [INFO] 📊 Domain correlation matrices created: 1
[2026-05-01T22:25:02Z] [SECTION] ============================================================
[2026-05-01T22:25:02Z] [INFO] 🖼️  PHASE: IMAGE-SEED ANALYSIS
[2026-05-01T22:25:02Z] [INFO] 📂 Image seed analysis bootstrapping from 0 images...
[2026-05-01T22:25:02Z] [SECTION] ============================================================
[2026-05-01T22:25:02Z] [INFO] 📤 PHASE: PUSH COMPONENTS TO TOLARIA
[2026-05-01T22:25:03Z] [INFO] 📦 Components pushed to Tolaria: 5
[2026-05-01T22:25:03Z] [SECTION] ============================================================
[2026-05-01T22:25:03Z] [INFO] 🧩 PHASE: COMPOSER - DOMAIN INTEGRATION SYNTHESIS
[2026-05-01T22:25:03Z] [INFO] 🎨 Domain integrations synthesized: 0
[2026-05-01T22:25:03Z] [SECTION] ============================================================
[2026-05-01T22:25:03Z] [INFO] 🚀 PHASE: ADVANCED OVERNIGHT LOOP
[2026-05-01T22:25:03Z] [INFO] 🔬 Advanced loop completed cycles: 0
[2026-05-01T22:25:03Z] [WARNING] ⚠️  Git commit skipped or failed (git not initialized?): Command '['git', '-C', '/home/avalonas/.hermes/gematria/unified_overnight_research', 'add', '.']' returned non-zero exit status 128.
[2026-05-01T22:25:03Z] [INFO] 
📊 CYCLE #35 SUMMARY
[2026-05-01T22:25:03Z] [INFO] ✅ Successful tasks: 7/7
[2026-05-01T22:25:03Z] [INFO] ⏱️  Cycle duration: 1.67s
[2026-05-01T22:25:03Z] [INFO]    ⚠️ task: result
[2026-05-01T22:25:03Z] [INFO]    ⚠️ task: result
[2026-05-01T22:25:03Z] [INFO]    ⚠️ task: result
[2026-05-01T22:25:03Z] [INFO]    ⚠️ task: result
[2026-05-01T22:25:03Z] [INFO]    ⚠️ task: result
[2026-05-01T22:25:03Z] [INFO]    ⚠️ task: result
[2026-05-01T22:25:03Z] [INFO]    ⚠️ task: result
[2026-05-01T22:25:03Z] [HEADER] ================================================================================
[2026-05-01T22:25:03Z] [INFO] 🔄 OVERNIGHT RESEARCH PIPELINE - CYCLE #36
[2026-05-01T22:25:03Z] [INFO] ================================================================================
[2026-05-01T22:25:03Z] [HEADER] ============================================================
[2026-05-01T22:25:03Z] [INFO] 🌙 STARTING OVERNIGHT RESEARCH CYCLE #36
[2026-05-01T22:25:03Z] [INFO] 🔍 Running overnight research protocol (web scraping + cross-symbol analysis)...
[2026-05-01T22:25:03Z] [INFO] 📊 Cycle duration: 0.46s, Files generated: 0
[2026-05-01T22:25:03Z] [INFO] 💾 Database updated with cycle results
[2026-05-01T22:25:03Z] [SECTION] ============================================================
[2026-05-01T22:25:03Z] [INFO] 🔮 PHASE: HIDDEN LAYERING DETECTION
[2026-05-01T22:25:03Z] [INFO] 🔗 Hidden layering detection complete. Connections identified: 2
[2026-05-01T22:25:03Z] [SECTION] ============================================================
[2026-05-01T22:25:03Z] [INFO] 🔬 PHASE: DOMAIN CORRELATION ANALYSIS
[2026-05-01T22:25:03Z] [INFO] 📊 Domain correlation matrices created: 1
[2026-05-01T22:25:03Z] [SECTION] ============================================================
[2026-05-01T22:25:03Z] [INFO] 🖼️  PHASE: IMAGE-SEED ANALYSIS
[2026-05-01T22:25:03Z] [INFO] 📂 Image seed analysis bootstrapping from 0 images...
[2026-05-01T22:25:03Z] [SECTION] ============================================================
[2026-05-01T22:25:03Z] [INFO] 📤 PHASE: PUSH COMPONENTS TO TOLARIA
[2026-05-01T22:25:04Z] [INFO] 📦 Components pushed to Tolaria: 5
[2026-05-01T22:25:04Z] [SECTION] ============================================================
[2026-05-01T22:25:04Z] [INFO] 🧩 PHASE: COMPOSER - DOMAIN INTEGRATION SYNTHESIS
[2026-05-01T22:25:04Z] [INFO] 🎨 Domain integrations synthesized: 0
[2026-05-01T22:25:04Z] [SECTION] ============================================================
[2026-05-01T22:25:04Z] [INFO] 🚀 PHASE: ADVANCED OVERNIGHT LOOP
[2026-05-01T22:25:04Z] [INFO] 🔬 Advanced loop completed cycles: 0
[2026-05-01T22:25:04Z] [WARNING] ⚠️  Git commit skipped or failed (git not initialized?): Command '['git', '-C', '/home/avalonas/.hermes/gematria/unified_overnight_research', 'add', '.']' returned non-zero exit status 128.
[2026-05-01T22:25:04Z] [INFO] 
📊 CYCLE #36 SUMMARY
[2026-05-01T22:25:04Z] [INFO] ✅ Successful tasks: 7/7
[2026-05-01T22:25:04Z] [INFO] ⏱️  Cycle duration: 1.51s
[2026-05-01T22:25:04Z] [INFO]    ⚠️ task: result
[2026-05-01T22:25:04Z] [INFO]    ⚠️ task: result
[2026-05-01T22:25:04Z] [INFO]    ⚠️ task: result
[2026-05-01T22:25:04Z] [INFO]    ⚠️ task: result
[2026-05-01T22:25:04Z] [INFO]    ⚠️ task: result
[2026-05-01T22:25:04Z] [INFO]    ⚠️ task: result
[2026-05-01T22:25:04Z] [INFO]    ⚠️ task: result
[2026-05-01T22:25:04Z] [HEADER] ================================================================================
[2026-05-01T22:25:04Z] [INFO] 🔄 OVERNIGHT RESEARCH PIPELINE - CYCLE #37
[2026-05-01T22:25:04Z] [INFO] ================================================================================
[2026-05-01T22:25:04Z] [HEADER] ============================================================
[2026-05-01T22:25:04Z] [INFO] 🌙 STARTING OVERNIGHT RESEARCH CYCLE #37
[2026-05-01T22:25:04Z] [INFO] 🔍 Running overnight research protocol (web scraping + cross-symbol analysis)...
[2026-05-01T22:25:05Z] [INFO] 📊 Cycle duration: 0.63s, Files generated: 0
[2026-05-01T22:25:05Z] [INFO] 💾 Database updated with cycle results
[2026-05-01T22:25:05Z] [SECTION] ============================================================
[2026-05-01T22:25:05Z] [INFO] 🔮 PHASE: HIDDEN LAYERING DETECTION
[2026-05-01T22:25:05Z] [INFO] 🔗 Hidden layering detection complete. Connections identified: 2
[2026-05-01T22:25:05Z] [SECTION] ============================================================
[2026-05-01T22:25:05Z] [INFO] 🔬 PHASE: DOMAIN CORRELATION ANALYSIS
[2026-05-01T22:25:05Z] [INFO] 📊 Domain correlation matrices created: 1
[2026-05-01T22:25:05Z] [SECTION] ============================================================
[2026-05-01T22:25:05Z] [INFO] 🖼️  PHASE: IMAGE-SEED ANALYSIS
[2026-05-01T22:25:05Z] [INFO] 📂 Image seed analysis bootstrapping from 0 images...
[2026-05-01T22:25:05Z] [SECTION] ============================================================
[2026-05-01T22:25:05Z] [INFO] 📤 PHASE: PUSH COMPONENTS TO TOLARIA
[2026-05-01T22:25:06Z] [INFO] 📦 Components pushed to Tolaria: 5
[2026-05-01T22:25:06Z] [SECTION] ============================================================
[2026-05-01T22:25:06Z] [INFO] 🧩 PHASE: COMPOSER - DOMAIN INTEGRATION SYNTHESIS
[2026-05-01T22:25:06Z] [INFO] 🎨 Domain integrations synthesized: 0
[2026-05-01T22:25:06Z] [SECTION] ============================================================
[2026-05-01T22:25:06Z] [INFO] 🚀 PHASE: ADVANCED OVERNIGHT LOOP
[2026-05-01T22:25:06Z] [INFO] 🔬 Advanced loop completed cycles: 0
[2026-05-01T22:25:06Z] [WARNING] ⚠️  Git commit skipped or failed (git not initialized?): Command '['git', '-C', '/home/avalonas/.hermes/gematria/unified_overnight_research', 'add', '.']' returned non-zero exit status 128.
[2026-05-01T22:25:06Z] [INFO] 
📊 CYCLE #37 SUMMARY
[2026-05-01T22:25:06Z] [INFO] ✅ Successful tasks: 7/7
[2026-05-01T22:25:06Z] [INFO] ⏱️  Cycle duration: 1.83s
[2026-05-01T22:25:06Z] [INFO]    ⚠️ task: result
[2026-05-01T22:25:06Z] [INFO]    ⚠️ task: result
[2026-05-01T22:25:06Z] [INFO]    ⚠️ task: result
[2026-05-01T22:25:06Z] [INFO]    ⚠️ task: result
[2026-05-01T22:25:06Z] [INFO]    ⚠️ task: result
[2026-05-01T22:25:06Z] [INFO]    ⚠️ task: result
[2026-05-01T22:25:06Z] [INFO]    ⚠️ task: result
[2026-05-01T22:25:06Z] [HEADER] ================================================================================
[2026-05-01T22:25:06Z] [INFO] 🔄 OVERNIGHT RESEARCH PIPELINE - CYCLE #38
[2026-05-01T22:25:06Z] [INFO] ================================================================================
[2026-05-01T22:25:06Z] [HEADER] ============================================================
[2026-05-01T22:25:06Z] [INFO] 🌙 STARTING OVERNIGHT RESEARCH CYCLE #38
[2026-05-01T22:25:06Z] [INFO] 🔍 Running overnight research protocol (web scraping + cross-symbol analysis)...
[2026-05-01T22:25:07Z] [INFO] 📊 Cycle duration: 0.58s, Files generated: 0
[2026-05-01T22:25:07Z] [INFO] 💾 Database updated with cycle results
[2026-05-01T22:25:07Z] [SECTION] ============================================================
[2026-05-01T22:25:07Z] [INFO] 🔮 PHASE: HIDDEN LAYERING DETECTION
[2026-05-01T22:25:07Z] [INFO] 🔗 Hidden layering detection complete. Connections identified: 2
[2026-05-01T22:25:07Z] [SECTION] ============================================================
[2026-05-01T22:25:07Z] [INFO] 🔬 PHASE: DOMAIN CORRELATION ANALYSIS
[2026-05-01T22:25:07Z] [INFO] 📊 Domain correlation matrices created: 1
[2026-05-01T22:25:07Z] [SECTION] ============================================================
[2026-05-01T22:25:07Z] [INFO] 🖼️  PHASE: IMAGE-SEED ANALYSIS
[2026-05-01T22:25:07Z] [INFO] 📂 Image seed analysis bootstrapping from 0 images...
[2026-05-01T22:25:07Z] [SECTION] ============================================================
[2026-05-01T22:25:07Z] [INFO] 📤 PHASE: PUSH COMPONENTS TO TOLARIA
[2026-05-01T22:25:08Z] [INFO] 📦 Components pushed to Tolaria: 5
[2026-05-01T22:25:08Z] [SECTION] ============================================================
[2026-05-01T22:25:08Z] [INFO] 🧩 PHASE: COMPOSER - DOMAIN INTEGRATION SYNTHESIS
[2026-05-01T22:25:08Z] [INFO] 🎨 Domain integrations synthesized: 0
[2026-05-01T22:25:08Z] [SECTION] ============================================================
[2026-05-01T22:25:08Z] [INFO] 🚀 PHASE: ADVANCED OVERNIGHT LOOP
[2026-05-01T22:25:08Z] [INFO] 🔬 Advanced loop completed cycles: 0
[2026-05-01T22:25:08Z] [WARNING] ⚠️  Git commit skipped or failed (git not initialized?): Command '['git', '-C', '/home/avalonas/.hermes/gematria/unified_overnight_research', 'add', '.']' returned non-zero exit status 128.
[2026-05-01T22:25:08Z] [INFO] 
📊 CYCLE #38 SUMMARY
[2026-05-01T22:25:08Z] [INFO] ✅ Successful tasks: 7/7
[2026-05-01T22:25:08Z] [INFO] ⏱️  Cycle duration: 1.68s
[2026-05-01T22:25:08Z] [INFO]    ⚠️ task: result
[2026-05-01T22:25:08Z] [INFO]    ⚠️ task: result
[2026-05-01T22:25:08Z] [INFO]    ⚠️ task: result
[2026-05-01T22:25:08Z] [INFO]    ⚠️ task: result
[2026-05-01T22:25:08Z] [INFO]    ⚠️ task: result
[2026-05-01T22:25:08Z] [INFO]    ⚠️ task: result
[2026-05-01T22:25:08Z] [INFO]    ⚠️ task: result
[2026-05-01T22:25:08Z] [HEADER] ================================================================================
[2026-05-01T22:25:08Z] [INFO] 🔄 OVERNIGHT RESEARCH PIPELINE - CYCLE #39
[2026-05-01T22:25:08Z] [INFO] ================================================================================
[2026-05-01T22:25:08Z] [HEADER] ============================================================
[2026-05-01T22:25:08Z] [INFO] 🌙 STARTING OVERNIGHT RESEARCH CYCLE #39
[2026-05-01T22:25:08Z] [INFO] 🔍 Running overnight research protocol (web scraping + cross-symbol analysis)...
[2026-05-01T22:25:09Z] [INFO] 📊 Cycle duration: 0.59s, Files generated: 0
[2026-05-01T22:25:09Z] [INFO] 💾 Database updated with cycle results
[2026-05-01T22:25:09Z] [SECTION] ============================================================
[2026-05-01T22:25:09Z] [INFO] 🔮 PHASE: HIDDEN LAYERING DETECTION
[2026-05-01T22:25:09Z] [INFO] 🔗 Hidden layering detection complete. Connections identified: 2
[2026-05-01T22:25:09Z] [SECTION] ============================================================
[2026-05-01T22:25:09Z] [INFO] 🔬 PHASE: DOMAIN CORRELATION ANALYSIS
[2026-05-01T22:25:09Z] [INFO] 📊 Domain correlation matrices created: 1
[2026-05-01T22:25:09Z] [SECTION] ============================================================
[2026-05-01T22:25:09Z] [INFO] 🖼️  PHASE: IMAGE-SEED ANALYSIS
[2026-05-01T22:25:09Z] [INFO] 📂 Image seed analysis bootstrapping from 0 images...
[2026-05-01T22:25:09Z] [SECTION] ============================================================
[2026-05-01T22:25:09Z] [INFO] 📤 PHASE: PUSH COMPONENTS TO TOLARIA
[2026-05-01T22:25:09Z] [INFO] 📦 Components pushed to Tolaria: 5
[2026-05-01T22:25:09Z] [SECTION] ============================================================
[2026-05-01T22:25:09Z] [INFO] 🧩 PHASE: COMPOSER - DOMAIN INTEGRATION SYNTHESIS
[2026-05-01T22:25:09Z] [INFO] 🎨 Domain integrations synthesized: 0
[2026-05-01T22:25:09Z] [SECTION] ============================================================
[2026-05-01T22:25:09Z] [INFO] 🚀 PHASE: ADVANCED OVERNIGHT LOOP
[2026-05-01T22:25:09Z] [INFO] 🔬 Advanced loop completed cycles: 0
[2026-05-01T22:25:09Z] [WARNING] ⚠️  Git commit skipped or failed (git not initialized?): Command '['git', '-C', '/home/avalonas/.hermes/gematria/unified_overnight_research', 'add', '.']' returned non-zero exit status 128.
[2026-05-01T22:25:09Z] [INFO] 
📊 CYCLE #39 SUMMARY
[2026-05-01T22:25:09Z] [INFO] ✅ Successful tasks: 7/7
[2026-05-01T22:25:09Z] [INFO] ⏱️  Cycle duration: 1.58s
[2026-05-01T22:25:09Z] [INFO]    ⚠️ task: result
[2026-05-01T22:25:09Z] [INFO]    ⚠️ task: result
[2026-05-01T22:25:09Z] [INFO]    ⚠️ task: result
[2026-05-01T22:25:09Z] [INFO]    ⚠️ task: result
[2026-05-01T22:25:09Z] [INFO]    ⚠️ task: result
[2026-05-01T22:25:09Z] [INFO]    ⚠️ task: result
[2026-05-01T22:25:09Z] [INFO]    ⚠️ task: result
[2026-05-01T22:25:09Z] [HEADER] ================================================================================
[2026-05-01T22:25:09Z] [INFO] 🔄 OVERNIGHT RESEARCH PIPELINE - CYCLE #40
[2026-05-01T22:25:09Z] [INFO] ================================================================================
[2026-05-01T22:25:09Z] [HEADER] ============================================================
[2026-05-01T22:25:09Z] [INFO] 🌙 STARTING OVERNIGHT RESEARCH CYCLE #40
[2026-05-01T22:25:09Z] [INFO] 🔍 Running overnight research protocol (web scraping + cross-symbol analysis)...
[2026-05-01T22:25:10Z] [INFO] 📊 Cycle duration: 0.60s, Files generated: 0
[2026-05-01T22:25:10Z] [INFO] 💾 Database updated with cycle results
[2026-05-01T22:25:10Z] [SECTION] ============================================================
[2026-05-01T22:25:10Z] [INFO] 🔮 PHASE: HIDDEN LAYERING DETECTION
[2026-05-01T22:25:10Z] [INFO] 🔗 Hidden layering detection complete. Connections identified: 2
[2026-05-01T22:25:10Z] [SECTION] ============================================================
[2026-05-01T22:25:10Z] [INFO] 🔬 PHASE: DOMAIN CORRELATION ANALYSIS
[2026-05-01T22:25:10Z] [INFO] 📊 Domain correlation matrices created: 1
[2026-05-01T22:25:10Z] [SECTION] ============================================================
[2026-05-01T22:25:10Z] [INFO] 🖼️  PHASE: IMAGE-SEED ANALYSIS
[2026-05-01T22:25:10Z] [INFO] 📂 Image seed analysis bootstrapping from 0 images...
[2026-05-01T22:25:10Z] [SECTION] ============================================================
[2026-05-01T22:25:10Z] [INFO] 📤 PHASE: PUSH COMPONENTS TO TOLARIA
[2026-05-01T22:25:11Z] [INFO] 📦 Components pushed to Tolaria: 5
[2026-05-01T22:25:11Z] [SECTION] ============================================================
[2026-05-01T22:25:11Z] [INFO] 🧩 PHASE: COMPOSER - DOMAIN INTEGRATION SYNTHESIS
[2026-05-01T22:25:11Z] [INFO] 🎨 Domain integrations synthesized: 0
[2026-05-01T22:25:11Z] [SECTION] ============================================================
[2026-05-01T22:25:11Z] [INFO] 🚀 PHASE: ADVANCED OVERNIGHT LOOP
[2026-05-01T22:25:11Z] [INFO] 🔬 Advanced loop completed cycles: 0
[2026-05-01T22:25:11Z] [WARNING] ⚠️  Git commit skipped or failed (git not initialized?): Command '['git', '-C', '/home/avalonas/.hermes/gematria/unified_overnight_research', 'add', '.']' returned non-zero exit status 128.
[2026-05-01T22:25:11Z] [INFO] 
📊 CYCLE #40 SUMMARY
[2026-05-01T22:25:11Z] [INFO] ✅ Successful tasks: 7/7
[2026-05-01T22:25:11Z] [INFO] ⏱️  Cycle duration: 1.60s
[2026-05-01T22:25:11Z] [INFO]    ⚠️ task: result
[2026-05-01T22:25:11Z] [INFO]    ⚠️ task: result
[2026-05-01T22:25:11Z] [INFO]    ⚠️ task: result
[2026-05-01T22:25:11Z] [INFO]    ⚠️ task: result
[2026-05-01T22:25:11Z] [INFO]    ⚠️ task: result
[2026-05-01T22:25:11Z] [INFO]    ⚠️ task: result
[2026-05-01T22:25:11Z] [INFO]    ⚠️ task: result
[2026-05-01T22:25:11Z] [HEADER] ================================================================================
[2026-05-01T22:25:11Z] [INFO] 🔄 OVERNIGHT RESEARCH PIPELINE - CYCLE #41
[2026-05-01T22:25:11Z] [INFO] ================================================================================
[2026-05-01T22:25:11Z] [HEADER] ============================================================
[2026-05-01T22:25:11Z] [INFO] 🌙 STARTING OVERNIGHT RESEARCH CYCLE #41
[2026-05-01T22:25:11Z] [INFO] 🔍 Running overnight research protocol (web scraping + cross-symbol analysis)...
[2026-05-01T22:25:12Z] [INFO] 📊 Cycle duration: 0.46s, Files generated: 0
[2026-05-01T22:25:12Z] [INFO] 💾 Database updated with cycle results
[2026-05-01T22:25:12Z] [SECTION] ============================================================
[2026-05-01T22:25:12Z] [INFO] 🔮 PHASE: HIDDEN LAYERING DETECTION
[2026-05-01T22:25:12Z] [INFO] 🔗 Hidden layering detection complete. Connections identified: 2
[2026-05-01T22:25:12Z] [SECTION] ============================================================
[2026-05-01T22:25:12Z] [INFO] 🔬 PHASE: DOMAIN CORRELATION ANALYSIS
[2026-05-01T22:25:12Z] [INFO] 📊 Domain correlation matrices created: 1
[2026-05-01T22:25:12Z] [SECTION] ============================================================
[2026-05-01T22:25:12Z] [INFO] 🖼️  PHASE: IMAGE-SEED ANALYSIS
[2026-05-01T22:25:12Z] [INFO] 📂 Image seed analysis bootstrapping from 0 images...
[2026-05-01T22:25:12Z] [SECTION] ============================================================
[2026-05-01T22:25:12Z] [INFO] 📤 PHASE: PUSH COMPONENTS TO TOLARIA
[2026-05-01T22:25:12Z] [INFO] 📦 Components pushed to Tolaria: 5
[2026-05-01T22:25:12Z] [SECTION] ============================================================
[2026-05-01T22:25:12Z] [INFO] 🧩 PHASE: COMPOSER - DOMAIN INTEGRATION SYNTHESIS
[2026-05-01T22:25:12Z] [INFO] 🎨 Domain integrations synthesized: 0
[2026-05-01T22:25:12Z] [SECTION] ============================================================
[2026-05-01T22:25:12Z] [INFO] 🚀 PHASE: ADVANCED OVERNIGHT LOOP
[2026-05-01T22:25:13Z] [INFO] 🔬 Advanced loop completed cycles: 0
[2026-05-01T22:25:13Z] [WARNING] ⚠️  Git commit skipped or failed (git not initialized?): Command '['git', '-C', '/home/avalonas/.hermes/gematria/unified_overnight_research', 'add', '.']' returned non-zero exit status 128.
[2026-05-01T22:25:13Z] [INFO] 
📊 CYCLE #41 SUMMARY
[2026-05-01T22:25:13Z] [INFO] ✅ Successful tasks: 7/7
[2026-05-01T22:25:13Z] [INFO] ⏱️  Cycle duration: 1.62s
[2026-05-01T22:25:13Z] [INFO]    ⚠️ task: result
[2026-05-01T22:25:13Z] [INFO]    ⚠️ task: result
[2026-05-01T22:25:13Z] [INFO]    ⚠️ task: result
[2026-05-01T22:25:13Z] [INFO]    ⚠️ task: result
[2026-05-01T22:25:13Z] [INFO]    ⚠️ task: result
[2026-05-01T22:25:13Z] [INFO]    ⚠️ task: result
[2026-05-01T22:25:13Z] [INFO]    ⚠️ task: result
[2026-05-01T22:25:13Z] [HEADER] ================================================================================
[2026-05-01T22:25:13Z] [INFO] 🔄 OVERNIGHT RESEARCH PIPELINE - CYCLE #42
[2026-05-01T22:25:13Z] [INFO] ================================================================================
[2026-05-01T22:25:13Z] [HEADER] ============================================================
[2026-05-01T22:25:13Z] [INFO] 🌙 STARTING OVERNIGHT RESEARCH CYCLE #42
[2026-05-01T22:25:13Z] [INFO] 🔍 Running overnight research protocol (web scraping + cross-symbol analysis)...
[2026-05-01T22:25:13Z] [INFO] 📊 Cycle duration: 0.48s, Files generated: 0
[2026-05-01T22:25:13Z] [INFO] 💾 Database updated with cycle results
[2026-05-01T22:25:13Z] [SECTION] ============================================================
[2026-05-01T22:25:13Z] [INFO] 🔮 PHASE: HIDDEN LAYERING DETECTION
[2026-05-01T22:25:13Z] [INFO] 🔗 Hidden layering detection complete. Connections identified: 2
[2026-05-01T22:25:13Z] [SECTION] ============================================================
[2026-05-01T22:25:13Z] [INFO] 🔬 PHASE: DOMAIN CORRELATION ANALYSIS
[2026-05-01T22:25:13Z] [INFO] 📊 Domain correlation matrices created: 1
[2026-05-01T22:25:13Z] [SECTION] ============================================================
[2026-05-01T22:25:13Z] [INFO] 🖼️  PHASE: IMAGE-SEED ANALYSIS
[2026-05-01T22:25:13Z] [INFO] 📂 Image seed analysis bootstrapping from 0 images...
[2026-05-01T22:25:13Z] [SECTION] ============================================================
[2026-05-01T22:25:13Z] [INFO] 📤 PHASE: PUSH COMPONENTS TO TOLARIA
[2026-05-01T22:25:14Z] [INFO] 📦 Components pushed to Tolaria: 5
[2026-05-01T22:25:14Z] [SECTION] ============================================================
[2026-05-01T22:25:14Z] [INFO] 🧩 PHASE: COMPOSER - DOMAIN INTEGRATION SYNTHESIS
[2026-05-01T22:25:14Z] [INFO] 🎨 Domain integrations synthesized: 0
[2026-05-01T22:25:14Z] [SECTION] ============================================================
[2026-05-01T22:25:14Z] [INFO] 🚀 PHASE: ADVANCED OVERNIGHT LOOP
[2026-05-01T22:25:14Z] [INFO] 🔬 Advanced loop completed cycles: 0
[2026-05-01T22:25:14Z] [WARNING] ⚠️  Git commit skipped or failed (git not initialized?): Command '['git', '-C', '/home/avalonas/.hermes/gematria/unified_overnight_research', 'add', '.']' returned non-zero exit status 128.
[2026-05-01T22:25:14Z] [INFO] 
📊 CYCLE #42 SUMMARY
[2026-05-01T22:25:14Z] [INFO] ✅ Successful tasks: 7/7
[2026-05-01T22:25:14Z] [INFO] ⏱️  Cycle duration: 1.68s
[2026-05-01T22:25:14Z] [INFO]    ⚠️ task: result
[2026-05-01T22:25:14Z] [INFO]    ⚠️ task: result
[2026-05-01T22:25:14Z] [INFO]    ⚠️ task: result
[2026-05-01T22:25:14Z] [INFO]    ⚠️ task: result
[2026-05-01T22:25:14Z] [INFO]    ⚠️ task: result
[2026-05-01T22:25:14Z] [INFO]    ⚠️ task: result
[2026-05-01T22:25:14Z] [INFO]    ⚠️ task: result
[2026-05-01T22:25:14Z] [HEADER] ================================================================================
[2026-05-01T22:25:14Z] [INFO] 🔄 OVERNIGHT RESEARCH PIPELINE - CYCLE #43
[2026-05-01T22:25:14Z] [INFO] ================================================================================
[2026-05-01T22:25:14Z] [HEADER] ============================================================
[2026-05-01T22:25:14Z] [INFO] 🌙 STARTING OVERNIGHT RESEARCH CYCLE #43
[2026-05-01T22:25:14Z] [INFO] 🔍 Running overnight research protocol (web scraping + cross-symbol analysis)...
[2026-05-01T22:25:15Z] [INFO] 📊 Cycle duration: 0.45s, Files generated: 0
[2026-05-01T22:25:15Z] [INFO] 💾 Database updated with cycle results
[2026-05-01T22:25:15Z] [SECTION] ============================================================
[2026-05-01T22:25:15Z] [INFO] 🔮 PHASE: HIDDEN LAYERING DETECTION
[2026-05-01T22:25:15Z] [INFO] 🔗 Hidden layering detection complete. Connections identified: 2
[2026-05-01T22:25:15Z] [SECTION] ============================================================
[2026-05-01T22:25:15Z] [INFO] 🔬 PHASE: DOMAIN CORRELATION ANALYSIS
[2026-05-01T22:25:15Z] [INFO] 📊 Domain correlation matrices created: 1
[2026-05-01T22:25:15Z] [SECTION] ============================================================
[2026-05-01T22:25:15Z] [INFO] 🖼️  PHASE: IMAGE-SEED ANALYSIS
[2026-05-01T22:25:15Z] [INFO] 📂 Image seed analysis bootstrapping from 0 images...
[2026-05-01T22:25:15Z] [SECTION] ============================================================
[2026-05-01T22:25:15Z] [INFO] 📤 PHASE: PUSH COMPONENTS TO TOLARIA
[2026-05-01T22:25:16Z] [INFO] 📦 Components pushed to Tolaria: 5
[2026-05-01T22:25:16Z] [SECTION] ============================================================
[2026-05-01T22:25:16Z] [INFO] 🧩 PHASE: COMPOSER - DOMAIN INTEGRATION SYNTHESIS
[2026-05-01T22:25:16Z] [INFO] 🎨 Domain integrations synthesized: 0
[2026-05-01T22:25:16Z] [SECTION] ============================================================
[2026-05-01T22:25:16Z] [INFO] 🚀 PHASE: ADVANCED OVERNIGHT LOOP
[2026-05-01T22:25:16Z] [INFO] 🔬 Advanced loop completed cycles: 0
[2026-05-01T22:25:16Z] [WARNING] ⚠️  Git commit skipped or failed (git not initialized?): Command '['git', '-C', '/home/avalonas/.hermes/gematria/unified_overnight_research', 'add', '.']' returned non-zero exit status 128.
[2026-05-01T22:25:16Z] [INFO] 
📊 CYCLE #43 SUMMARY
[2026-05-01T22:25:16Z] [INFO] ✅ Successful tasks: 7/7
[2026-05-01T22:25:16Z] [INFO] ⏱️  Cycle duration: 1.67s
[2026-05-01T22:25:16Z] [INFO]    ⚠️ task: result
[2026-05-01T22:25:16Z] [INFO]    ⚠️ task: result
[2026-05-01T22:25:16Z] [INFO]    ⚠️ task: result
[2026-05-01T22:25:16Z] [INFO]    ⚠️ task: result
[2026-05-01T22:25:16Z] [INFO]    ⚠️ task: result
[2026-05-01T22:25:16Z] [INFO]    ⚠️ task: result
[2026-05-01T22:25:16Z] [INFO]    ⚠️ task: result
[2026-05-01T22:25:16Z] [HEADER] ================================================================================
[2026-05-01T22:25:16Z] [INFO] 🔄 OVERNIGHT RESEARCH PIPELINE - CYCLE #44
[2026-05-01T22:25:16Z] [INFO] ================================================================================
[2026-05-01T22:25:16Z] [HEADER] ============================================================
[2026-05-01T22:25:16Z] [INFO] 🌙 STARTING OVERNIGHT RESEARCH CYCLE #44
[2026-05-01T22:25:16Z] [INFO] 🔍 Running overnight research protocol (web scraping + cross-symbol analysis)...
[2026-05-01T22:25:17Z] [INFO] 📊 Cycle duration: 0.45s, Files generated: 0
[2026-05-01T22:25:17Z] [INFO] 💾 Database updated with cycle results
[2026-05-01T22:25:17Z] [SECTION] ============================================================
[2026-05-01T22:25:17Z] [INFO] 🔮 PHASE: HIDDEN LAYERING DETECTION
[2026-05-01T22:25:17Z] [INFO] 🔗 Hidden layering detection complete. Connections identified: 2
[2026-05-01T22:25:17Z] [SECTION] ============================================================
[2026-05-01T22:25:17Z] [INFO] 🔬 PHASE: DOMAIN CORRELATION ANALYSIS
[2026-05-01T22:25:17Z] [INFO] 📊 Domain correlation matrices created: 1
[2026-05-01T22:25:17Z] [SECTION] ============================================================
[2026-05-01T22:25:17Z] [INFO] 🖼️  PHASE: IMAGE-SEED ANALYSIS
[2026-05-01T22:25:17Z] [INFO] 📂 Image seed analysis bootstrapping from 0 images...
[2026-05-01T22:25:17Z] [SECTION] ============================================================
[2026-05-01T22:25:17Z] [INFO] 📤 PHASE: PUSH COMPONENTS TO TOLARIA
[2026-05-01T22:25:17Z] [INFO] 📦 Components pushed to Tolaria: 5
[2026-05-01T22:25:17Z] [SECTION] ============================================================
[2026-05-01T22:25:17Z] [INFO] 🧩 PHASE: COMPOSER - DOMAIN INTEGRATION SYNTHESIS
[2026-05-01T22:25:17Z] [INFO] 🎨 Domain integrations synthesized: 0
[2026-05-01T22:25:17Z] [SECTION] ============================================================
[2026-05-01T22:25:17Z] [INFO] 🚀 PHASE: ADVANCED OVERNIGHT LOOP
[2026-05-01T22:25:18Z] [INFO] 🔬 Advanced loop completed cycles: 0
[2026-05-01T22:25:18Z] [WARNING] ⚠️  Git commit skipped or failed (git not initialized?): Command '['git', '-C', '/home/avalonas/.hermes/gematria/unified_overnight_research', 'add', '.']' returned non-zero exit status 128.
[2026-05-01T22:25:18Z] [INFO] 
📊 CYCLE #44 SUMMARY
[2026-05-01T22:25:18Z] [INFO] ✅ Successful tasks: 7/7
[2026-05-01T22:25:18Z] [INFO] ⏱️  Cycle duration: 1.63s
[2026-05-01T22:25:18Z] [INFO]    ⚠️ task: result
[2026-05-01T22:25:18Z] [INFO]    ⚠️ task: result
[2026-05-01T22:25:18Z] [INFO]    ⚠️ task: result
[2026-05-01T22:25:18Z] [INFO]    ⚠️ task: result
[2026-05-01T22:25:18Z] [INFO]    ⚠️ task: result
[2026-05-01T22:25:18Z] [INFO]    ⚠️ task: result
[2026-05-01T22:25:18Z] [INFO]    ⚠️ task: result
[2026-05-01T22:25:18Z] [HEADER] ================================================================================
[2026-05-01T22:25:18Z] [INFO] 🔄 OVERNIGHT RESEARCH PIPELINE - CYCLE #45
[2026-05-01T22:25:18Z] [INFO] ================================================================================
[2026-05-01T22:25:18Z] [HEADER] ============================================================
[2026-05-01T22:25:18Z] [INFO] 🌙 STARTING OVERNIGHT RESEARCH CYCLE #45
[2026-05-01T22:25:18Z] [INFO] 🔍 Running overnight research protocol (web scraping + cross-symbol analysis)...
[2026-05-01T22:25:18Z] [INFO] 📊 Cycle duration: 0.45s, Files generated: 0
[2026-05-01T22:25:18Z] [INFO] 💾 Database updated with cycle results
[2026-05-01T22:25:18Z] [SECTION] ============================================================
[2026-05-01T22:25:18Z] [INFO] 🔮 PHASE: HIDDEN LAYERING DETECTION
[2026-05-01T22:25:18Z] [INFO] 🔗 Hidden layering detection complete. Connections identified: 2
[2026-05-01T22:25:18Z] [SECTION] ============================================================
[2026-05-01T22:25:18Z] [INFO] 🔬 PHASE: DOMAIN CORRELATION ANALYSIS
[2026-05-01T22:25:18Z] [INFO] 📊 Domain correlation matrices created: 1
[2026-05-01T22:25:18Z] [SECTION] ============================================================
[2026-05-01T22:25:18Z] [INFO] 🖼️  PHASE: IMAGE-SEED ANALYSIS
[2026-05-01T22:25:18Z] [INFO] 📂 Image seed analysis bootstrapping from 0 images...
[2026-05-01T22:25:18Z] [SECTION] ============================================================
[2026-05-01T22:25:18Z] [INFO] 📤 PHASE: PUSH COMPONENTS TO TOLARIA
[2026-05-01T22:25:19Z] [INFO] 📦 Components pushed to Tolaria: 5
[2026-05-01T22:25:19Z] [SECTION] ============================================================
[2026-05-01T22:25:19Z] [INFO] 🧩 PHASE: COMPOSER - DOMAIN INTEGRATION SYNTHESIS
[2026-05-01T22:25:19Z] [INFO] 🎨 Domain integrations synthesized: 0
[2026-05-01T22:25:19Z] [SECTION] ============================================================
[2026-05-01T22:25:19Z] [INFO] 🚀 PHASE: ADVANCED OVERNIGHT LOOP
[2026-05-01T22:25:19Z] [INFO] 🔬 Advanced loop completed cycles: 0
[2026-05-01T22:25:19Z] [WARNING] ⚠️  Git commit skipped or failed (git not initialized?): Command '['git', '-C', '/home/avalonas/.hermes/gematria/unified_overnight_research', 'add', '.']' returned non-zero exit status 128.
[2026-05-01T22:25:19Z] [INFO] 
📊 CYCLE #45 SUMMARY
[2026-05-01T22:25:19Z] [INFO] ✅ Successful tasks: 7/7
[2026-05-01T22:25:19Z] [INFO] ⏱️  Cycle duration: 1.70s
[2026-05-01T22:25:19Z] [INFO]    ⚠️ task: result
[2026-05-01T22:25:19Z] [INFO]    ⚠️ task: result
[2026-05-01T22:25:19Z] [INFO]    ⚠️ task: result
[2026-05-01T22:25:19Z] [INFO]    ⚠️ task: result
[2026-05-01T22:25:19Z] [INFO]    ⚠️ task: result
[2026-05-01T22:25:19Z] [INFO]    ⚠️ task: result
[2026-05-01T22:25:19Z] [INFO]    ⚠️ task: result
[2026-05-01T22:25:19Z] [HEADER] ================================================================================
[2026-05-01T22:25:19Z] [INFO] 🔄 OVERNIGHT RESEARCH PIPELINE - CYCLE #46
[2026-05-01T22:25:19Z] [INFO] ================================================================================
[2026-05-01T22:25:19Z] [HEADER] ============================================================
[2026-05-01T22:25:19Z] [INFO] 🌙 STARTING OVERNIGHT RESEARCH CYCLE #46
[2026-05-01T22:25:19Z] [INFO] 🔍 Running overnight research protocol (web scraping + cross-symbol analysis)...
[2026-05-01T22:25:20Z] [INFO] 📊 Cycle duration: 0.45s, Files generated: 0
[2026-05-01T22:25:20Z] [INFO] 💾 Database updated with cycle results
[2026-05-01T22:25:20Z] [SECTION] ============================================================
[2026-05-01T22:25:20Z] [INFO] 🔮 PHASE: HIDDEN LAYERING DETECTION
[2026-05-01T22:25:20Z] [INFO] 🔗 Hidden layering detection complete. Connections identified: 2
[2026-05-01T22:25:20Z] [SECTION] ============================================================
[2026-05-01T22:25:20Z] [INFO] 🔬 PHASE: DOMAIN CORRELATION ANALYSIS
[2026-05-01T22:25:20Z] [INFO] 📊 Domain correlation matrices created: 1
[2026-05-01T22:25:20Z] [SECTION] ============================================================
[2026-05-01T22:25:20Z] [INFO] 🖼️  PHASE: IMAGE-SEED ANALYSIS
[2026-05-01T22:25:20Z] [INFO] 📂 Image seed analysis bootstrapping from 0 images...
[2026-05-01T22:25:20Z] [SECTION] ============================================================
[2026-05-01T22:25:20Z] [INFO] 📤 PHASE: PUSH COMPONENTS TO TOLARIA
[2026-05-01T22:25:21Z] [INFO] 📦 Components pushed to Tolaria: 5
[2026-05-01T22:25:21Z] [SECTION] ============================================================
[2026-05-01T22:25:21Z] [INFO] 🧩 PHASE: COMPOSER - DOMAIN INTEGRATION SYNTHESIS
[2026-05-01T22:25:21Z] [INFO] 🎨 Domain integrations synthesized: 0
[2026-05-01T22:25:21Z] [SECTION] ============================================================
[2026-05-01T22:25:21Z] [INFO] 🚀 PHASE: ADVANCED OVERNIGHT LOOP
[2026-05-01T22:25:21Z] [INFO] 🔬 Advanced loop completed cycles: 0
[2026-05-01T22:25:21Z] [WARNING] ⚠️  Git commit skipped or failed (git not initialized?): Command '['git', '-C', '/home/avalonas/.hermes/gematria/unified_overnight_research', 'add', '.']' returned non-zero exit status 128.
[2026-05-01T22:25:21Z] [INFO] 
📊 CYCLE #46 SUMMARY
[2026-05-01T22:25:21Z] [INFO] ✅ Successful tasks: 7/7
[2026-05-01T22:25:21Z] [INFO] ⏱️  Cycle duration: 1.58s
[2026-05-01T22:25:21Z] [INFO]    ⚠️ task: result
[2026-05-01T22:25:21Z] [INFO]    ⚠️ task: result
[2026-05-01T22:25:21Z] [INFO]    ⚠️ task: result
[2026-05-01T22:25:21Z] [INFO]    ⚠️ task: result
[2026-05-01T22:25:21Z] [INFO]    ⚠️ task: result
[2026-05-01T22:25:21Z] [INFO]    ⚠️ task: result
[2026-05-01T22:25:21Z] [INFO]    ⚠️ task: result
[2026-05-01T22:25:21Z] [HEADER] ================================================================================
[2026-05-01T22:25:21Z] [INFO] 🔄 OVERNIGHT RESEARCH PIPELINE - CYCLE #47
[2026-05-01T22:25:21Z] [INFO] ================================================================================
[2026-05-01T22:25:21Z] [HEADER] ============================================================
[2026-05-01T22:25:21Z] [INFO] 🌙 STARTING OVERNIGHT RESEARCH CYCLE #47
[2026-05-01T22:25:21Z] [INFO] 🔍 Running overnight research protocol (web scraping + cross-symbol analysis)...
[2026-05-01T22:25:22Z] [INFO] 📊 Cycle duration: 0.57s, Files generated: 0
[2026-05-01T22:25:22Z] [INFO] 💾 Database updated with cycle results
[2026-05-01T22:25:22Z] [SECTION] ============================================================
[2026-05-01T22:25:22Z] [INFO] 🔮 PHASE: HIDDEN LAYERING DETECTION
[2026-05-01T22:25:22Z] [INFO] 🔗 Hidden layering detection complete. Connections identified: 2
[2026-05-01T22:25:22Z] [SECTION] ============================================================
[2026-05-01T22:25:22Z] [INFO] 🔬 PHASE: DOMAIN CORRELATION ANALYSIS
[2026-05-01T22:25:22Z] [INFO] 📊 Domain correlation matrices created: 1
[2026-05-01T22:25:22Z] [SECTION] ============================================================
[2026-05-01T22:25:22Z] [INFO] 🖼️  PHASE: IMAGE-SEED ANALYSIS
[2026-05-01T22:25:22Z] [INFO] 📂 Image seed analysis bootstrapping from 0 images...
[2026-05-01T22:25:22Z] [SECTION] ============================================================
[2026-05-01T22:25:22Z] [INFO] 📤 PHASE: PUSH COMPONENTS TO TOLARIA
[2026-05-01T22:25:22Z] [INFO] 📦 Components pushed to Tolaria: 5
[2026-05-01T22:25:22Z] [SECTION] ============================================================
[2026-05-01T22:25:22Z] [INFO] 🧩 PHASE: COMPOSER - DOMAIN INTEGRATION SYNTHESIS
[2026-05-01T22:25:22Z] [INFO] 🎨 Domain integrations synthesized: 0
[2026-05-01T22:25:22Z] [SECTION] ============================================================
[2026-05-01T22:25:22Z] [INFO] 🚀 PHASE: ADVANCED OVERNIGHT LOOP
[2026-05-01T22:25:22Z] [INFO] 🔬 Advanced loop completed cycles: 0
[2026-05-01T22:25:22Z] [WARNING] ⚠️  Git commit skipped or failed (git not initialized?): Command '['git', '-C', '/home/avalonas/.hermes/gematria/unified_overnight_research', 'add', '.']' returned non-zero exit status 128.
[2026-05-01T22:25:22Z] [INFO] 
📊 CYCLE #47 SUMMARY
[2026-05-01T22:25:22Z] [INFO] ✅ Successful tasks: 7/7
[2026-05-01T22:25:22Z] [INFO] ⏱️  Cycle duration: 1.51s
[2026-05-01T22:25:22Z] [INFO]    ⚠️ task: result
[2026-05-01T22:25:22Z] [INFO]    ⚠️ task: result
[2026-05-01T22:25:22Z] [INFO]    ⚠️ task: result
[2026-05-01T22:25:22Z] [INFO]    ⚠️ task: result
[2026-05-01T22:25:22Z] [INFO]    ⚠️ task: result
[2026-05-01T22:25:22Z] [INFO]    ⚠️ task: result
[2026-05-01T22:25:22Z] [INFO]    ⚠️ task: result
[2026-05-01T22:25:22Z] [HEADER] ================================================================================
[2026-05-01T22:25:22Z] [INFO] 🔄 OVERNIGHT RESEARCH PIPELINE - CYCLE #48
[2026-05-01T22:25:22Z] [INFO] ================================================================================
[2026-05-01T22:25:22Z] [HEADER] ============================================================
[2026-05-01T22:25:22Z] [INFO] 🌙 STARTING OVERNIGHT RESEARCH CYCLE #48
[2026-05-01T22:25:22Z] [INFO] 🔍 Running overnight research protocol (web scraping + cross-symbol analysis)...
[2026-05-01T22:25:23Z] [INFO] 📊 Cycle duration: 0.45s, Files generated: 0
[2026-05-01T22:25:23Z] [INFO] 💾 Database updated with cycle results
[2026-05-01T22:25:23Z] [SECTION] ============================================================
[2026-05-01T22:25:23Z] [INFO] 🔮 PHASE: HIDDEN LAYERING DETECTION
[2026-05-01T22:25:23Z] [INFO] 🔗 Hidden layering detection complete. Connections identified: 2
[2026-05-01T22:25:23Z] [SECTION] ============================================================
[2026-05-01T22:25:23Z] [INFO] 🔬 PHASE: DOMAIN CORRELATION ANALYSIS
[2026-05-01T22:25:23Z] [INFO] 📊 Domain correlation matrices created: 1
[2026-05-01T22:25:23Z] [SECTION] ============================================================
[2026-05-01T22:25:23Z] [INFO] 🖼️  PHASE: IMAGE-SEED ANALYSIS
[2026-05-01T22:25:23Z] [INFO] 📂 Image seed analysis bootstrapping from 0 images...
[2026-05-01T22:25:23Z] [SECTION] ============================================================
[2026-05-01T22:25:23Z] [INFO] 📤 PHASE: PUSH COMPONENTS TO TOLARIA
[2026-05-01T22:25:24Z] [INFO] 📦 Components pushed to Tolaria: 5
[2026-05-01T22:25:24Z] [SECTION] ============================================================
[2026-05-01T22:25:24Z] [INFO] 🧩 PHASE: COMPOSER - DOMAIN INTEGRATION SYNTHESIS
[2026-05-01T22:25:24Z] [INFO] 🎨 Domain integrations synthesized: 0
[2026-05-01T22:25:24Z] [SECTION] ============================================================
[2026-05-01T22:25:24Z] [INFO] 🚀 PHASE: ADVANCED OVERNIGHT LOOP
[2026-05-01T22:25:24Z] [INFO] 🔬 Advanced loop completed cycles: 0
[2026-05-01T22:25:24Z] [WARNING] ⚠️  Git commit skipped or failed (git not initialized?): Command '['git', '-C', '/home/avalonas/.hermes/gematria/unified_overnight_research', 'add', '.']' returned non-zero exit status 128.
[2026-05-01T22:25:24Z] [INFO] 
📊 CYCLE #48 SUMMARY
[2026-05-01T22:25:24Z] [INFO] ✅ Successful tasks: 7/7
[2026-05-01T22:25:24Z] [INFO] ⏱️  Cycle duration: 1.56s
[2026-05-01T22:25:24Z] [INFO]    ⚠️ task: result
[2026-05-01T22:25:24Z] [INFO]    ⚠️ task: result
[2026-05-01T22:25:24Z] [INFO]    ⚠️ task: result
[2026-05-01T22:25:24Z] [INFO]    ⚠️ task: result
[2026-05-01T22:25:24Z] [INFO]    ⚠️ task: result
[2026-05-01T22:25:24Z] [INFO]    ⚠️ task: result
[2026-05-01T22:25:24Z] [INFO]    ⚠️ task: result
[2026-05-01T22:25:24Z] [HEADER] ================================================================================
[2026-05-01T22:25:24Z] [INFO] 🔄 OVERNIGHT RESEARCH PIPELINE - CYCLE #49
[2026-05-01T22:25:24Z] [INFO] ================================================================================
[2026-05-01T22:25:24Z] [HEADER] ============================================================
[2026-05-01T22:25:24Z] [INFO] 🌙 STARTING OVERNIGHT RESEARCH CYCLE #49
[2026-05-01T22:25:24Z] [INFO] 🔍 Running overnight research protocol (web scraping + cross-symbol analysis)...
[2026-05-01T22:25:25Z] [INFO] 📊 Cycle duration: 0.49s, Files generated: 0
[2026-05-01T22:25:25Z] [INFO] 💾 Database updated with cycle results
[2026-05-01T22:25:25Z] [SECTION] ============================================================
[2026-05-01T22:25:25Z] [INFO] 🔮 PHASE: HIDDEN LAYERING DETECTION
[2026-05-01T22:25:25Z] [INFO] 🔗 Hidden layering detection complete. Connections identified: 2
[2026-05-01T22:25:25Z] [SECTION] ============================================================
[2026-05-01T22:25:25Z] [INFO] 🔬 PHASE: DOMAIN CORRELATION ANALYSIS
[2026-05-01T22:25:25Z] [INFO] 📊 Domain correlation matrices created: 1
[2026-05-01T22:25:25Z] [SECTION] ============================================================
[2026-05-01T22:25:25Z] [INFO] 🖼️  PHASE: IMAGE-SEED ANALYSIS
[2026-05-01T22:25:25Z] [INFO] 📂 Image seed analysis bootstrapping from 0 images...
[2026-05-01T22:25:25Z] [SECTION] ============================================================
[2026-05-01T22:25:25Z] [INFO] 📤 PHASE: PUSH COMPONENTS TO TOLARIA
[2026-05-01T22:25:25Z] [INFO] 📦 Components pushed to Tolaria: 5
[2026-05-01T22:25:25Z] [SECTION] ============================================================
[2026-05-01T22:25:25Z] [INFO] 🧩 PHASE: COMPOSER - DOMAIN INTEGRATION SYNTHESIS
[2026-05-01T22:25:25Z] [INFO] 🎨 Domain integrations synthesized: 0
[2026-05-01T22:25:25Z] [SECTION] ============================================================
[2026-05-01T22:25:25Z] [INFO] 🚀 PHASE: ADVANCED OVERNIGHT LOOP
[2026-05-01T22:25:26Z] [INFO] 🔬 Advanced loop completed cycles: 0
[2026-05-01T22:25:26Z] [WARNING] ⚠️  Git commit skipped or failed (git not initialized?): Command '['git', '-C', '/home/avalonas/.hermes/gematria/unified_overnight_research', 'add', '.']' returned non-zero exit status 128.
[2026-05-01T22:25:26Z] [INFO] 
📊 CYCLE #49 SUMMARY
[2026-05-01T22:25:26Z] [INFO] ✅ Successful tasks: 7/7
[2026-05-01T22:25:26Z] [INFO] ⏱️  Cycle duration: 1.59s
[2026-05-01T22:25:26Z] [INFO]    ⚠️ task: result
[2026-05-01T22:25:26Z] [INFO]    ⚠️ task: result
[2026-05-01T22:25:26Z] [INFO]    ⚠️ task: result
[2026-05-01T22:25:26Z] [INFO]    ⚠️ task: result
[2026-05-01T22:25:26Z] [INFO]    ⚠️ task: result
[2026-05-01T22:25:26Z] [INFO]    ⚠️ task: result
[2026-05-01T22:25:26Z] [INFO]    ⚠️ task: result
[2026-05-01T22:25:26Z] [HEADER] ================================================================================
[2026-05-01T22:25:26Z] [INFO] 🔄 OVERNIGHT RESEARCH PIPELINE - CYCLE #50
[2026-05-01T22:25:26Z] [INFO] ================================================================================
[2026-05-01T22:25:26Z] [HEADER] ============================================================
[2026-05-01T22:25:26Z] [INFO] 🌙 STARTING OVERNIGHT RESEARCH CYCLE #50
[2026-05-01T22:25:26Z] [INFO] 🔍 Running overnight research protocol (web scraping + cross-symbol analysis)...
[2026-05-01T22:25:26Z] [INFO] 📊 Cycle duration: 0.58s, Files generated: 0
[2026-05-01T22:25:26Z] [INFO] 💾 Database updated with cycle results
[2026-05-01T22:25:26Z] [SECTION] ============================================================
[2026-05-01T22:25:26Z] [INFO] 🔮 PHASE: HIDDEN LAYERING DETECTION
[2026-05-01T22:25:26Z] [INFO] 🔗 Hidden layering detection complete. Connections identified: 2
[2026-05-01T22:25:26Z] [SECTION] ============================================================
[2026-05-01T22:25:26Z] [INFO] 🔬 PHASE: DOMAIN CORRELATION ANALYSIS
[2026-05-01T22:25:26Z] [INFO] 📊 Domain correlation matrices created: 1
[2026-05-01T22:25:26Z] [SECTION] ============================================================
[2026-05-01T22:25:26Z] [INFO] 🖼️  PHASE: IMAGE-SEED ANALYSIS
[2026-05-01T22:25:26Z] [INFO] 📂 Image seed analysis bootstrapping from 0 images...
[2026-05-01T22:25:26Z] [SECTION] ============================================================
[2026-05-01T22:25:26Z] [INFO] 📤 PHASE: PUSH COMPONENTS TO TOLARIA
[2026-05-01T22:25:27Z] [INFO] 📦 Components pushed to Tolaria: 5
[2026-05-01T22:25:27Z] [SECTION] ============================================================
[2026-05-01T22:25:27Z] [INFO] 🧩 PHASE: COMPOSER - DOMAIN INTEGRATION SYNTHESIS
[2026-05-01T22:25:27Z] [INFO] 🎨 Domain integrations synthesized: 0
[2026-05-01T22:25:27Z] [SECTION] ============================================================
[2026-05-01T22:25:27Z] [INFO] 🚀 PHASE: ADVANCED OVERNIGHT LOOP
[2026-05-01T22:25:27Z] [INFO] 🔬 Advanced loop completed cycles: 0
[2026-05-01T22:25:27Z] [WARNING] ⚠️  Git commit skipped or failed (git not initialized?): Command '['git', '-C', '/home/avalonas/.hermes/gematria/unified_overnight_research', 'add', '.']' returned non-zero exit status 128.
[2026-05-01T22:25:27Z] [INFO] 
📊 CYCLE #50 SUMMARY
[2026-05-01T22:25:27Z] [INFO] ✅ Successful tasks: 7/7
[2026-05-01T22:25:27Z] [INFO] ⏱️  Cycle duration: 1.58s
[2026-05-01T22:25:27Z] [INFO]    ⚠️ task: result
[2026-05-01T22:25:27Z] [INFO]    ⚠️ task: result
[2026-05-01T22:25:27Z] [INFO]    ⚠️ task: result
[2026-05-01T22:25:27Z] [INFO]    ⚠️ task: result
[2026-05-01T22:25:27Z] [INFO]    ⚠️ task: result
[2026-05-01T22:25:27Z] [INFO]    ⚠️ task: result
[2026-05-01T22:25:27Z] [INFO]    ⚠️ task: result
[2026-05-01T22:25:27Z] [HEADER] ================================================================================
[2026-05-01T22:25:27Z] [INFO] 🔄 OVERNIGHT RESEARCH PIPELINE - CYCLE #51
[2026-05-01T22:25:27Z] [INFO] ================================================================================
[2026-05-01T22:25:27Z] [HEADER] ============================================================
[2026-05-01T22:25:27Z] [INFO] 🌙 STARTING OVERNIGHT RESEARCH CYCLE #51
[2026-05-01T22:25:27Z] [INFO] 🔍 Running overnight research protocol (web scraping + cross-symbol analysis)...
[2026-05-01T22:25:28Z] [INFO] 📊 Cycle duration: 0.61s, Files generated: 0
[2026-05-01T22:25:28Z] [INFO] 💾 Database updated with cycle results
[2026-05-01T22:25:28Z] [SECTION] ============================================================
[2026-05-01T22:25:28Z] [INFO] 🔮 PHASE: HIDDEN LAYERING DETECTION
[2026-05-01T22:25:28Z] [INFO] 🔗 Hidden layering detection complete. Connections identified: 2
[2026-05-01T22:25:28Z] [SECTION] ============================================================
[2026-05-01T22:25:28Z] [INFO] 🔬 PHASE: DOMAIN CORRELATION ANALYSIS
[2026-05-01T22:25:28Z] [INFO] 📊 Domain correlation matrices created: 1
[2026-05-01T22:25:28Z] [SECTION] ============================================================
[2026-05-01T22:25:28Z] [INFO] 🖼️  PHASE: IMAGE-SEED ANALYSIS
[2026-05-01T22:25:28Z] [INFO] 📂 Image seed analysis bootstrapping from 0 images...
[2026-05-01T22:25:28Z] [SECTION] ============================================================
[2026-05-01T22:25:28Z] [INFO] 📤 PHASE: PUSH COMPONENTS TO TOLARIA
[2026-05-01T22:25:29Z] [INFO] 📦 Components pushed to Tolaria: 5
[2026-05-01T22:25:29Z] [SECTION] ============================================================
[2026-05-01T22:25:29Z] [INFO] 🧩 PHASE: COMPOSER - DOMAIN INTEGRATION SYNTHESIS
[2026-05-01T22:25:29Z] [INFO] 🎨 Domain integrations synthesized: 0
[2026-05-01T22:25:29Z] [SECTION] ============================================================
[2026-05-01T22:25:29Z] [INFO] 🚀 PHASE: ADVANCED OVERNIGHT LOOP
[2026-05-01T22:25:29Z] [INFO] 🔬 Advanced loop completed cycles: 0
[2026-05-01T22:25:29Z] [WARNING] ⚠️  Git commit skipped or failed (git not initialized?): Command '['git', '-C', '/home/avalonas/.hermes/gematria/unified_overnight_research', 'add', '.']' returned non-zero exit status 128.
[2026-05-01T22:25:29Z] [INFO] 
📊 CYCLE #51 SUMMARY
[2026-05-01T22:25:29Z] [INFO] ✅ Successful tasks: 7/7
[2026-05-01T22:25:29Z] [INFO] ⏱️  Cycle duration: 1.58s
[2026-05-01T22:25:29Z] [INFO]    ⚠️ task: result
[2026-05-01T22:25:29Z] [INFO]    ⚠️ task: result
[2026-05-01T22:25:29Z] [INFO]    ⚠️ task: result
[2026-05-01T22:25:29Z] [INFO]    ⚠️ task: result
[2026-05-01T22:25:29Z] [INFO]    ⚠️ task: result
[2026-05-01T22:25:29Z] [INFO]    ⚠️ task: result
[2026-05-01T22:25:29Z] [INFO]    ⚠️ task: result
[2026-05-01T22:25:29Z] [HEADER] ================================================================================
[2026-05-01T22:25:29Z] [INFO] 🔄 OVERNIGHT RESEARCH PIPELINE - CYCLE #52
[2026-05-01T22:25:29Z] [INFO] ================================================================================
[2026-05-01T22:25:29Z] [HEADER] ============================================================
[2026-05-01T22:25:29Z] [INFO] 🌙 STARTING OVERNIGHT RESEARCH CYCLE #52
[2026-05-01T22:25:29Z] [INFO] 🔍 Running overnight research protocol (web scraping + cross-symbol analysis)...
[2026-05-01T22:25:29Z] [INFO] 📊 Cycle duration: 0.45s, Files generated: 0
[2026-05-01T22:25:29Z] [INFO] 💾 Database updated with cycle results
[2026-05-01T22:25:29Z] [SECTION] ============================================================
[2026-05-01T22:25:29Z] [INFO] 🔮 PHASE: HIDDEN LAYERING DETECTION
[2026-05-01T22:25:29Z] [INFO] 🔗 Hidden layering detection complete. Connections identified: 2
[2026-05-01T22:25:29Z] [SECTION] ============================================================
[2026-05-01T22:25:29Z] [INFO] 🔬 PHASE: DOMAIN CORRELATION ANALYSIS
[2026-05-01T22:25:29Z] [INFO] 📊 Domain correlation matrices created: 1
[2026-05-01T22:25:29Z] [SECTION] ============================================================
[2026-05-01T22:25:29Z] [INFO] 🖼️  PHASE: IMAGE-SEED ANALYSIS
[2026-05-01T22:25:29Z] [INFO] 📂 Image seed analysis bootstrapping from 0 images...
[2026-05-01T22:25:29Z] [SECTION] ============================================================
[2026-05-01T22:25:29Z] [INFO] 📤 PHASE: PUSH COMPONENTS TO TOLARIA
[2026-05-01T22:25:30Z] [INFO] 📦 Components pushed to Tolaria: 5
[2026-05-01T22:25:30Z] [SECTION] ============================================================
[2026-05-01T22:25:30Z] [INFO] 🧩 PHASE: COMPOSER - DOMAIN INTEGRATION SYNTHESIS
[2026-05-01T22:25:30Z] [INFO] 🎨 Domain integrations synthesized: 0
[2026-05-01T22:25:30Z] [SECTION] ============================================================
[2026-05-01T22:25:30Z] [INFO] 🚀 PHASE: ADVANCED OVERNIGHT LOOP
[2026-05-01T22:25:30Z] [INFO] 🔬 Advanced loop completed cycles: 0
[2026-05-01T22:25:30Z] [WARNING] ⚠️  Git commit skipped or failed (git not initialized?): Command '['git', '-C', '/home/avalonas/.hermes/gematria/unified_overnight_research', 'add', '.']' returned non-zero exit status 128.
[2026-05-01T22:25:30Z] [INFO] 
📊 CYCLE #52 SUMMARY
[2026-05-01T22:25:30Z] [INFO] ✅ Successful tasks: 7/7
[2026-05-01T22:25:30Z] [INFO] ⏱️  Cycle duration: 1.48s
[2026-05-01T22:25:30Z] [INFO]    ⚠️ task: result
[2026-05-01T22:25:30Z] [INFO]    ⚠️ task: result
[2026-05-01T22:25:30Z] [INFO]    ⚠️ task: result
[2026-05-01T22:25:30Z] [INFO]    ⚠️ task: result
[2026-05-01T22:25:30Z] [INFO]    ⚠️ task: result
[2026-05-01T22:25:30Z] [INFO]    ⚠️ task: result
[2026-05-01T22:25:30Z] [INFO]    ⚠️ task: result
[2026-05-01T22:25:30Z] [HEADER] ================================================================================
[2026-05-01T22:25:30Z] [INFO] 🔄 OVERNIGHT RESEARCH PIPELINE - CYCLE #53
[2026-05-01T22:25:30Z] [INFO] ================================================================================
[2026-05-01T22:25:30Z] [HEADER] ============================================================
[2026-05-01T22:25:30Z] [INFO] 🌙 STARTING OVERNIGHT RESEARCH CYCLE #53
[2026-05-01T22:25:30Z] [INFO] 🔍 Running overnight research protocol (web scraping + cross-symbol analysis)...
[2026-05-01T22:25:31Z] [INFO] 📊 Cycle duration: 0.45s, Files generated: 0
[2026-05-01T22:25:31Z] [INFO] 💾 Database updated with cycle results
[2026-05-01T22:25:31Z] [SECTION] ============================================================
[2026-05-01T22:25:31Z] [INFO] 🔮 PHASE: HIDDEN LAYERING DETECTION
[2026-05-01T22:25:31Z] [INFO] 🔗 Hidden layering detection complete. Connections identified: 2
[2026-05-01T22:25:31Z] [SECTION] ============================================================
[2026-05-01T22:25:31Z] [INFO] 🔬 PHASE: DOMAIN CORRELATION ANALYSIS
[2026-05-01T22:25:31Z] [INFO] 📊 Domain correlation matrices created: 1
[2026-05-01T22:25:31Z] [SECTION] ============================================================
[2026-05-01T22:25:31Z] [INFO] 🖼️  PHASE: IMAGE-SEED ANALYSIS
[2026-05-01T22:25:31Z] [INFO] 📂 Image seed analysis bootstrapping from 0 images...
[2026-05-01T22:25:31Z] [SECTION] ============================================================
[2026-05-01T22:25:31Z] [INFO] 📤 PHASE: PUSH COMPONENTS TO TOLARIA
[2026-05-01T22:25:32Z] [INFO] 📦 Components pushed to Tolaria: 5
[2026-05-01T22:25:32Z] [SECTION] ============================================================
[2026-05-01T22:25:32Z] [INFO] 🧩 PHASE: COMPOSER - DOMAIN INTEGRATION SYNTHESIS
[2026-05-01T22:25:32Z] [INFO] 🎨 Domain integrations synthesized: 0
[2026-05-01T22:25:32Z] [SECTION] ============================================================
[2026-05-01T22:25:32Z] [INFO] 🚀 PHASE: ADVANCED OVERNIGHT LOOP
[2026-05-01T22:25:32Z] [INFO] 🔬 Advanced loop completed cycles: 0
[2026-05-01T22:25:32Z] [WARNING] ⚠️  Git commit skipped or failed (git not initialized?): Command '['git', '-C', '/home/avalonas/.hermes/gematria/unified_overnight_research', 'add', '.']' returned non-zero exit status 128.
[2026-05-01T22:25:32Z] [INFO] 
📊 CYCLE #53 SUMMARY
[2026-05-01T22:25:32Z] [INFO] ✅ Successful tasks: 7/7
[2026-05-01T22:25:32Z] [INFO] ⏱️  Cycle duration: 1.89s
[2026-05-01T22:25:32Z] [INFO]    ⚠️ task: result
[2026-05-01T22:25:32Z] [INFO]    ⚠️ task: result
[2026-05-01T22:25:32Z] [INFO]    ⚠️ task: result
[2026-05-01T22:25:32Z] [INFO]    ⚠️ task: result
[2026-05-01T22:25:32Z] [INFO]    ⚠️ task: result
[2026-05-01T22:25:32Z] [INFO]    ⚠️ task: result
[2026-05-01T22:25:32Z] [INFO]    ⚠️ task: result
[2026-05-01T22:25:32Z] [HEADER] ================================================================================
[2026-05-01T22:25:32Z] [INFO] 🔄 OVERNIGHT RESEARCH PIPELINE - CYCLE #54
[2026-05-01T22:25:32Z] [INFO] ================================================================================
[2026-05-01T22:25:32Z] [HEADER] ============================================================
[2026-05-01T22:25:32Z] [INFO] 🌙 STARTING OVERNIGHT RESEARCH CYCLE #54
[2026-05-01T22:25:32Z] [INFO] 🔍 Running overnight research protocol (web scraping + cross-symbol analysis)...
[2026-05-01T22:25:32Z] [INFO] 📊 Cycle duration: 0.23s, Files generated: 0
[2026-05-01T22:25:32Z] [INFO] 💾 Database updated with cycle results
[2026-05-01T22:25:32Z] [SECTION] ============================================================
[2026-05-01T22:25:32Z] [INFO] 🔮 PHASE: HIDDEN LAYERING DETECTION
[2026-05-01T22:25:32Z] [INFO] 🔗 Hidden layering detection complete. Connections identified: 2
[2026-05-01T22:25:32Z] [SECTION] ============================================================
[2026-05-01T22:25:32Z] [INFO] 🔬 PHASE: DOMAIN CORRELATION ANALYSIS
[2026-05-01T22:25:32Z] [INFO] 📊 Domain correlation matrices created: 1
[2026-05-01T22:25:32Z] [SECTION] ============================================================
[2026-05-01T22:25:32Z] [INFO] 🖼️  PHASE: IMAGE-SEED ANALYSIS
[2026-05-01T22:25:32Z] [INFO] 📂 Image seed analysis bootstrapping from 0 images...
[2026-05-01T22:25:32Z] [SECTION] ============================================================
[2026-05-01T22:25:32Z] [INFO] 📤 PHASE: PUSH COMPONENTS TO TOLARIA
[2026-05-01T22:25:33Z] [INFO] 📦 Components pushed to Tolaria: 5
[2026-05-01T22:25:33Z] [SECTION] ============================================================
[2026-05-01T22:25:33Z] [INFO] 🧩 PHASE: COMPOSER - DOMAIN INTEGRATION SYNTHESIS
[2026-05-01T22:25:33Z] [INFO] 🎨 Domain integrations synthesized: 0
[2026-05-01T22:25:33Z] [SECTION] ============================================================
[2026-05-01T22:25:33Z] [INFO] 🚀 PHASE: ADVANCED OVERNIGHT LOOP
[2026-05-01T22:25:34Z] [INFO] 🔬 Advanced loop completed cycles: 0
[2026-05-01T22:25:34Z] [WARNING] ⚠️  Git commit skipped or failed (git not initialized?): Command '['git', '-C', '/home/avalonas/.hermes/gematria/unified_overnight_research', 'add', '.']' returned non-zero exit status 128.
[2026-05-01T22:25:34Z] [INFO] 
📊 CYCLE #54 SUMMARY
[2026-05-01T22:25:34Z] [INFO] ✅ Successful tasks: 7/7
[2026-05-01T22:25:34Z] [INFO] ⏱️  Cycle duration: 1.47s
[2026-05-01T22:25:34Z] [INFO]    ⚠️ task: result
[2026-05-01T22:25:34Z] [INFO]    ⚠️ task: result
[2026-05-01T22:25:34Z] [INFO]    ⚠️ task: result
[2026-05-01T22:25:34Z] [INFO]    ⚠️ task: result
[2026-05-01T22:25:34Z] [INFO]    ⚠️ task: result
[2026-05-01T22:25:34Z] [INFO]    ⚠️ task: result
[2026-05-01T22:25:34Z] [INFO]    ⚠️ task: result
[2026-05-01T22:25:34Z] [HEADER] ================================================================================
[2026-05-01T22:25:34Z] [INFO] 🔄 OVERNIGHT RESEARCH PIPELINE - CYCLE #55
[2026-05-01T22:25:34Z] [INFO] ================================================================================
[2026-05-01T22:25:34Z] [HEADER] ============================================================
[2026-05-01T22:25:34Z] [INFO] 🌙 STARTING OVERNIGHT RESEARCH CYCLE #55
[2026-05-01T22:25:34Z] [INFO] 🔍 Running overnight research protocol (web scraping + cross-symbol analysis)...
[2026-05-01T22:25:34Z] [INFO] 📊 Cycle duration: 0.47s, Files generated: 0
[2026-05-01T22:25:34Z] [INFO] 💾 Database updated with cycle results
[2026-05-01T22:25:34Z] [SECTION] ============================================================
[2026-05-01T22:25:34Z] [INFO] 🔮 PHASE: HIDDEN LAYERING DETECTION
[2026-05-01T22:25:34Z] [INFO] 🔗 Hidden layering detection complete. Connections identified: 2
[2026-05-01T22:25:34Z] [SECTION] ============================================================
[2026-05-01T22:25:34Z] [INFO] 🔬 PHASE: DOMAIN CORRELATION ANALYSIS
[2026-05-01T22:25:34Z] [INFO] 📊 Domain correlation matrices created: 1
[2026-05-01T22:25:34Z] [SECTION] ============================================================
[2026-05-01T22:25:34Z] [INFO] 🖼️  PHASE: IMAGE-SEED ANALYSIS
[2026-05-01T22:25:34Z] [INFO] 📂 Image seed analysis bootstrapping from 0 images...
[2026-05-01T22:25:34Z] [SECTION] ============================================================
[2026-05-01T22:25:34Z] [INFO] 📤 PHASE: PUSH COMPONENTS TO TOLARIA
[2026-05-01T22:25:35Z] [INFO] 📦 Components pushed to Tolaria: 5
[2026-05-01T22:25:35Z] [SECTION] ============================================================
[2026-05-01T22:25:35Z] [INFO] 🧩 PHASE: COMPOSER - DOMAIN INTEGRATION SYNTHESIS
[2026-05-01T22:25:35Z] [INFO] 🎨 Domain integrations synthesized: 0
[2026-05-01T22:25:35Z] [SECTION] ============================================================
[2026-05-01T22:25:35Z] [INFO] 🚀 PHASE: ADVANCED OVERNIGHT LOOP
[2026-05-01T22:25:35Z] [INFO] 🔬 Advanced loop completed cycles: 0
[2026-05-01T22:25:35Z] [WARNING] ⚠️  Git commit skipped or failed (git not initialized?): Command '['git', '-C', '/home/avalonas/.hermes/gematria/unified_overnight_research', 'add', '.']' returned non-zero exit status 128.
[2026-05-01T22:25:35Z] [INFO] 
📊 CYCLE #55 SUMMARY
[2026-05-01T22:25:35Z] [INFO] ✅ Successful tasks: 7/7
[2026-05-01T22:25:35Z] [INFO] ⏱️  Cycle duration: 1.57s
[2026-05-01T22:25:35Z] [INFO]    ⚠️ task: result
[2026-05-01T22:25:35Z] [INFO]    ⚠️ task: result
[2026-05-01T22:25:35Z] [INFO]    ⚠️ task: result
[2026-05-01T22:25:35Z] [INFO]    ⚠️ task: result
[2026-05-01T22:25:35Z] [INFO]    ⚠️ task: result
[2026-05-01T22:25:35Z] [INFO]    ⚠️ task: result
[2026-05-01T22:25:35Z] [INFO]    ⚠️ task: result
[2026-05-01T22:25:35Z] [HEADER] ================================================================================
[2026-05-01T22:25:35Z] [INFO] 🔄 OVERNIGHT RESEARCH PIPELINE - CYCLE #56
[2026-05-01T22:25:35Z] [INFO] ================================================================================
[2026-05-01T22:25:35Z] [HEADER] ============================================================
[2026-05-01T22:25:35Z] [INFO] 🌙 STARTING OVERNIGHT RESEARCH CYCLE #56
[2026-05-01T22:25:35Z] [INFO] 🔍 Running overnight research protocol (web scraping + cross-symbol analysis)...
[2026-05-01T22:25:36Z] [INFO] 📊 Cycle duration: 0.57s, Files generated: 0
[2026-05-01T22:25:36Z] [INFO] 💾 Database updated with cycle results
[2026-05-01T22:25:36Z] [SECTION] ============================================================
[2026-05-01T22:25:36Z] [INFO] 🔮 PHASE: HIDDEN LAYERING DETECTION
[2026-05-01T22:25:36Z] [INFO] 🔗 Hidden layering detection complete. Connections identified: 2
[2026-05-01T22:25:36Z] [SECTION] ============================================================
[2026-05-01T22:25:36Z] [INFO] 🔬 PHASE: DOMAIN CORRELATION ANALYSIS
[2026-05-01T22:25:36Z] [INFO] 📊 Domain correlation matrices created: 1
[2026-05-01T22:25:36Z] [SECTION] ============================================================
[2026-05-01T22:25:36Z] [INFO] 🖼️  PHASE: IMAGE-SEED ANALYSIS
[2026-05-01T22:25:36Z] [INFO] 📂 Image seed analysis bootstrapping from 0 images...
[2026-05-01T22:25:36Z] [SECTION] ============================================================
[2026-05-01T22:25:36Z] [INFO] 📤 PHASE: PUSH COMPONENTS TO TOLARIA
[2026-05-01T22:25:37Z] [INFO] 📦 Components pushed to Tolaria: 5
[2026-05-01T22:25:37Z] [SECTION] ============================================================
[2026-05-01T22:25:37Z] [INFO] 🧩 PHASE: COMPOSER - DOMAIN INTEGRATION SYNTHESIS
[2026-05-01T22:25:37Z] [INFO] 🎨 Domain integrations synthesized: 0
[2026-05-01T22:25:37Z] [SECTION] ============================================================
[2026-05-01T22:25:37Z] [INFO] 🚀 PHASE: ADVANCED OVERNIGHT LOOP
[2026-05-01T22:25:37Z] [INFO] 🔬 Advanced loop completed cycles: 0
[2026-05-01T22:25:37Z] [WARNING] ⚠️  Git commit skipped or failed (git not initialized?): Command '['git', '-C', '/home/avalonas/.hermes/gematria/unified_overnight_research', 'add', '.']' returned non-zero exit status 128.
[2026-05-01T22:25:37Z] [INFO] 
📊 CYCLE #56 SUMMARY
[2026-05-01T22:25:37Z] [INFO] ✅ Successful tasks: 7/7
[2026-05-01T22:25:37Z] [INFO] ⏱️  Cycle duration: 1.90s
[2026-05-01T22:25:37Z] [INFO]    ⚠️ task: result
[2026-05-01T22:25:37Z] [INFO]    ⚠️ task: result
[2026-05-01T22:25:37Z] [INFO]    ⚠️ task: result
[2026-05-01T22:25:37Z] [INFO]    ⚠️ task: result
[2026-05-01T22:25:37Z] [INFO]    ⚠️ task: result
[2026-05-01T22:25:37Z] [INFO]    ⚠️ task: result
[2026-05-01T22:25:37Z] [INFO]    ⚠️ task: result
[2026-05-01T22:25:37Z] [HEADER] ================================================================================
[2026-05-01T22:25:37Z] [INFO] 🔄 OVERNIGHT RESEARCH PIPELINE - CYCLE #57
[2026-05-01T22:25:37Z] [INFO] ================================================================================
[2026-05-01T22:25:37Z] [HEADER] ============================================================
[2026-05-01T22:25:37Z] [INFO] 🌙 STARTING OVERNIGHT RESEARCH CYCLE #57
[2026-05-01T22:25:37Z] [INFO] 🔍 Running overnight research protocol (web scraping + cross-symbol analysis)...
[2026-05-01T22:25:38Z] [INFO] 📊 Cycle duration: 0.60s, Files generated: 0
[2026-05-01T22:25:38Z] [INFO] 💾 Database updated with cycle results
[2026-05-01T22:25:38Z] [SECTION] ============================================================
[2026-05-01T22:25:38Z] [INFO] 🔮 PHASE: HIDDEN LAYERING DETECTION
[2026-05-01T22:25:38Z] [INFO] 🔗 Hidden layering detection complete. Connections identified: 2
[2026-05-01T22:25:38Z] [SECTION] ============================================================
[2026-05-01T22:25:38Z] [INFO] 🔬 PHASE: DOMAIN CORRELATION ANALYSIS
[2026-05-01T22:25:38Z] [INFO] 📊 Domain correlation matrices created: 1
[2026-05-01T22:25:38Z] [SECTION] ============================================================
[2026-05-01T22:25:38Z] [INFO] 🖼️  PHASE: IMAGE-SEED ANALYSIS
[2026-05-01T22:25:38Z] [INFO] 📂 Image seed analysis bootstrapping from 0 images...
[2026-05-01T22:25:38Z] [SECTION] ============================================================
[2026-05-01T22:25:38Z] [INFO] 📤 PHASE: PUSH COMPONENTS TO TOLARIA
[2026-05-01T22:25:39Z] [INFO] 📦 Components pushed to Tolaria: 5
[2026-05-01T22:25:39Z] [SECTION] ============================================================
[2026-05-01T22:25:39Z] [INFO] 🧩 PHASE: COMPOSER - DOMAIN INTEGRATION SYNTHESIS
[2026-05-01T22:25:39Z] [INFO] 🎨 Domain integrations synthesized: 0
[2026-05-01T22:25:39Z] [SECTION] ============================================================
[2026-05-01T22:25:39Z] [INFO] 🚀 PHASE: ADVANCED OVERNIGHT LOOP
[2026-05-01T22:25:39Z] [INFO] 🔬 Advanced loop completed cycles: 0
[2026-05-01T22:25:39Z] [WARNING] ⚠️  Git commit skipped or failed (git not initialized?): Command '['git', '-C', '/home/avalonas/.hermes/gematria/unified_overnight_research', 'add', '.']' returned non-zero exit status 128.
[2026-05-01T22:25:39Z] [INFO] 
📊 CYCLE #57 SUMMARY
[2026-05-01T22:25:39Z] [INFO] ✅ Successful tasks: 7/7
[2026-05-01T22:25:39Z] [INFO] ⏱️  Cycle duration: 1.90s
[2026-05-01T22:25:39Z] [INFO]    ⚠️ task: result
[2026-05-01T22:25:39Z] [INFO]    ⚠️ task: result
[2026-05-01T22:25:39Z] [INFO]    ⚠️ task: result
[2026-05-01T22:25:39Z] [INFO]    ⚠️ task: result
[2026-05-01T22:25:39Z] [INFO]    ⚠️ task: result
[2026-05-01T22:25:39Z] [INFO]    ⚠️ task: result
[2026-05-01T22:25:39Z] [INFO]    ⚠️ task: result
[2026-05-01T22:25:39Z] [HEADER] ================================================================================
[2026-05-01T22:25:39Z] [INFO] 🔄 OVERNIGHT RESEARCH PIPELINE - CYCLE #58
[2026-05-01T22:25:39Z] [INFO] ================================================================================
[2026-05-01T22:25:39Z] [HEADER] ============================================================
[2026-05-01T22:25:39Z] [INFO] 🌙 STARTING OVERNIGHT RESEARCH CYCLE #58
[2026-05-01T22:25:39Z] [INFO] 🔍 Running overnight research protocol (web scraping + cross-symbol analysis)...
[2026-05-01T22:25:40Z] [INFO] 📊 Cycle duration: 0.56s, Files generated: 0
[2026-05-01T22:25:40Z] [INFO] 💾 Database updated with cycle results
[2026-05-01T22:25:40Z] [SECTION] ============================================================
[2026-05-01T22:25:40Z] [INFO] 🔮 PHASE: HIDDEN LAYERING DETECTION
[2026-05-01T22:25:40Z] [INFO] 🔗 Hidden layering detection complete. Connections identified: 2
[2026-05-01T22:25:40Z] [SECTION] ============================================================
[2026-05-01T22:25:40Z] [INFO] 🔬 PHASE: DOMAIN CORRELATION ANALYSIS
[2026-05-01T22:25:40Z] [INFO] 📊 Domain correlation matrices created: 1
[2026-05-01T22:25:40Z] [SECTION] ============================================================
[2026-05-01T22:25:40Z] [INFO] 🖼️  PHASE: IMAGE-SEED ANALYSIS
[2026-05-01T22:25:40Z] [INFO] 📂 Image seed analysis bootstrapping from 0 images...
[2026-05-01T22:25:40Z] [SECTION] ============================================================
[2026-05-01T22:25:40Z] [INFO] 📤 PHASE: PUSH COMPONENTS TO TOLARIA
[2026-05-01T22:25:40Z] [INFO] 📦 Components pushed to Tolaria: 5
[2026-05-01T22:25:40Z] [SECTION] ============================================================
[2026-05-01T22:25:40Z] [INFO] 🧩 PHASE: COMPOSER - DOMAIN INTEGRATION SYNTHESIS
[2026-05-01T22:25:40Z] [INFO] 🎨 Domain integrations synthesized: 0
[2026-05-01T22:25:40Z] [SECTION] ============================================================
[2026-05-01T22:25:40Z] [INFO] 🚀 PHASE: ADVANCED OVERNIGHT LOOP
[2026-05-01T22:25:41Z] [INFO] 🔬 Advanced loop completed cycles: 0
[2026-05-01T22:25:41Z] [WARNING] ⚠️  Git commit skipped or failed (git not initialized?): Command '['git', '-C', '/home/avalonas/.hermes/gematria/unified_overnight_research', 'add', '.']' returned non-zero exit status 128.
[2026-05-01T22:25:41Z] [INFO] 
📊 CYCLE #58 SUMMARY
[2026-05-01T22:25:41Z] [INFO] ✅ Successful tasks: 7/7
[2026-05-01T22:25:41Z] [INFO] ⏱️  Cycle duration: 1.68s
[2026-05-01T22:25:41Z] [INFO]    ⚠️ task: result
[2026-05-01T22:25:41Z] [INFO]    ⚠️ task: result
[2026-05-01T22:25:41Z] [INFO]    ⚠️ task: result
[2026-05-01T22:25:41Z] [INFO]    ⚠️ task: result
[2026-05-01T22:25:41Z] [INFO]    ⚠️ task: result
[2026-05-01T22:25:41Z] [INFO]    ⚠️ task: result
[2026-05-01T22:25:41Z] [INFO]    ⚠️ task: result
[2026-05-01T22:25:41Z] [HEADER] ================================================================================
[2026-05-01T22:25:41Z] [INFO] 🔄 OVERNIGHT RESEARCH PIPELINE - CYCLE #59
[2026-05-01T22:25:41Z] [INFO] ================================================================================
[2026-05-01T22:25:41Z] [HEADER] ============================================================
[2026-05-01T22:25:41Z] [INFO] 🌙 STARTING OVERNIGHT RESEARCH CYCLE #59
[2026-05-01T22:25:41Z] [INFO] 🔍 Running overnight research protocol (web scraping + cross-symbol analysis)...
[2026-05-01T22:25:41Z] [INFO] 📊 Cycle duration: 0.60s, Files generated: 0
[2026-05-01T22:25:41Z] [INFO] 💾 Database updated with cycle results
[2026-05-01T22:25:41Z] [SECTION] ============================================================
[2026-05-01T22:25:41Z] [INFO] 🔮 PHASE: HIDDEN LAYERING DETECTION
[2026-05-01T22:25:41Z] [INFO] 🔗 Hidden layering detection complete. Connections identified: 2
[2026-05-01T22:25:41Z] [SECTION] ============================================================
[2026-05-01T22:25:41Z] [INFO] 🔬 PHASE: DOMAIN CORRELATION ANALYSIS
[2026-05-01T22:25:41Z] [INFO] 📊 Domain correlation matrices created: 1
[2026-05-01T22:25:41Z] [SECTION] ============================================================
[2026-05-01T22:25:41Z] [INFO] 🖼️  PHASE: IMAGE-SEED ANALYSIS
[2026-05-01T22:25:41Z] [INFO] 📂 Image seed analysis bootstrapping from 0 images...
[2026-05-01T22:25:41Z] [SECTION] ============================================================
[2026-05-01T22:25:41Z] [INFO] 📤 PHASE: PUSH COMPONENTS TO TOLARIA
[2026-05-01T22:25:42Z] [INFO] 📦 Components pushed to Tolaria: 5
[2026-05-01T22:25:42Z] [SECTION] ============================================================
[2026-05-01T22:25:42Z] [INFO] 🧩 PHASE: COMPOSER - DOMAIN INTEGRATION SYNTHESIS
[2026-05-01T22:25:42Z] [INFO] 🎨 Domain integrations synthesized: 0
[2026-05-01T22:25:42Z] [SECTION] ============================================================
[2026-05-01T22:25:42Z] [INFO] 🚀 PHASE: ADVANCED OVERNIGHT LOOP
[2026-05-01T22:25:42Z] [INFO] 🔬 Advanced loop completed cycles: 0
[2026-05-01T22:25:42Z] [WARNING] ⚠️  Git commit skipped or failed (git not initialized?): Command '['git', '-C', '/home/avalonas/.hermes/gematria/unified_overnight_research', 'add', '.']' returned non-zero exit status 128.
[2026-05-01T22:25:42Z] [INFO] 
📊 CYCLE #59 SUMMARY
[2026-05-01T22:25:42Z] [INFO] ✅ Successful tasks: 7/7
[2026-05-01T22:25:42Z] [INFO] ⏱️  Cycle duration: 1.81s
[2026-05-01T22:25:42Z] [INFO]    ⚠️ task: result
[2026-05-01T22:25:42Z] [INFO]    ⚠️ task: result
[2026-05-01T22:25:42Z] [INFO]    ⚠️ task: result
[2026-05-01T22:25:42Z] [INFO]    ⚠️ task: result
[2026-05-01T22:25:42Z] [INFO]    ⚠️ task: result
[2026-05-01T22:25:42Z] [INFO]    ⚠️ task: result
[2026-05-01T22:25:42Z] [INFO]    ⚠️ task: result
[2026-05-01T22:25:42Z] [HEADER] ================================================================================
[2026-05-01T22:25:42Z] [INFO] 🔄 OVERNIGHT RESEARCH PIPELINE - CYCLE #60
[2026-05-01T22:25:42Z] [INFO] ================================================================================
[2026-05-01T22:25:42Z] [HEADER] ============================================================
[2026-05-01T22:25:42Z] [INFO] 🌙 STARTING OVERNIGHT RESEARCH CYCLE #60
[2026-05-01T22:25:42Z] [INFO] 🔍 Running overnight research protocol (web scraping + cross-symbol analysis)...
[2026-05-01T22:25:43Z] [INFO] 📊 Cycle duration: 0.56s, Files generated: 0
[2026-05-01T22:25:43Z] [INFO] 💾 Database updated with cycle results
[2026-05-01T22:25:43Z] [SECTION] ============================================================
[2026-05-01T22:25:43Z] [INFO] 🔮 PHASE: HIDDEN LAYERING DETECTION
[2026-05-01T22:25:43Z] [INFO] 🔗 Hidden layering detection complete. Connections identified: 2
[2026-05-01T22:25:43Z] [SECTION] ============================================================
[2026-05-01T22:25:43Z] [INFO] 🔬 PHASE: DOMAIN CORRELATION ANALYSIS
[2026-05-01T22:25:43Z] [INFO] 📊 Domain correlation matrices created: 1
[2026-05-01T22:25:43Z] [SECTION] ============================================================
[2026-05-01T22:25:43Z] [INFO] 🖼️  PHASE: IMAGE-SEED ANALYSIS
[2026-05-01T22:25:43Z] [INFO] 📂 Image seed analysis bootstrapping from 0 images...
[2026-05-01T22:25:43Z] [SECTION] ============================================================
[2026-05-01T22:25:43Z] [INFO] 📤 PHASE: PUSH COMPONENTS TO TOLARIA
[2026-05-01T22:25:44Z] [INFO] 📦 Components pushed to Tolaria: 5
[2026-05-01T22:25:44Z] [SECTION] ============================================================
[2026-05-01T22:25:44Z] [INFO] 🧩 PHASE: COMPOSER - DOMAIN INTEGRATION SYNTHESIS
[2026-05-01T22:25:44Z] [INFO] 🎨 Domain integrations synthesized: 0
[2026-05-01T22:25:44Z] [SECTION] ============================================================
[2026-05-01T22:25:44Z] [INFO] 🚀 PHASE: ADVANCED OVERNIGHT LOOP
[2026-05-01T22:25:44Z] [INFO] 🔬 Advanced loop completed cycles: 0
[2026-05-01T22:25:44Z] [WARNING] ⚠️  Git commit skipped or failed (git not initialized?): Command '['git', '-C', '/home/avalonas/.hermes/gematria/unified_overnight_research', 'add', '.']' returned non-zero exit status 128.
[2026-05-01T22:25:44Z] [INFO] 
📊 CYCLE #60 SUMMARY
[2026-05-01T22:25:44Z] [INFO] ✅ Successful tasks: 7/7
[2026-05-01T22:25:44Z] [INFO] ⏱️  Cycle duration: 1.71s
[2026-05-01T22:25:44Z] [INFO]    ⚠️ task: result
[2026-05-01T22:25:44Z] [INFO]    ⚠️ task: result
[2026-05-01T22:25:44Z] [INFO]    ⚠️ task: result
[2026-05-01T22:25:44Z] [INFO]    ⚠️ task: result
[2026-05-01T22:25:44Z] [INFO]    ⚠️ task: result
[2026-05-01T22:25:44Z] [INFO]    ⚠️ task: result
[2026-05-01T22:25:44Z] [INFO]    ⚠️ task: result
[2026-05-01T22:25:44Z] [HEADER] ================================================================================
[2026-05-01T22:25:44Z] [INFO] 🔄 OVERNIGHT RESEARCH PIPELINE - CYCLE #61
[2026-05-01T22:25:44Z] [INFO] ================================================================================
[2026-05-01T22:25:44Z] [HEADER] ============================================================
[2026-05-01T22:25:44Z] [INFO] 🌙 STARTING OVERNIGHT RESEARCH CYCLE #61
[2026-05-01T22:25:44Z] [INFO] 🔍 Running overnight research protocol (web scraping + cross-symbol analysis)...
[2026-05-01T22:25:45Z] [INFO] 📊 Cycle duration: 0.59s, Files generated: 0
[2026-05-01T22:25:45Z] [INFO] 💾 Database updated with cycle results
[2026-05-01T22:25:45Z] [SECTION] ============================================================
[2026-05-01T22:25:45Z] [INFO] 🔮 PHASE: HIDDEN LAYERING DETECTION
[2026-05-01T22:25:45Z] [INFO] 🔗 Hidden layering detection complete. Connections identified: 2
[2026-05-01T22:25:45Z] [SECTION] ============================================================
[2026-05-01T22:25:45Z] [INFO] 🔬 PHASE: DOMAIN CORRELATION ANALYSIS
[2026-05-01T22:25:45Z] [INFO] 📊 Domain correlation matrices created: 1
[2026-05-01T22:25:45Z] [SECTION] ============================================================
[2026-05-01T22:25:45Z] [INFO] 🖼️  PHASE: IMAGE-SEED ANALYSIS
[2026-05-01T22:25:45Z] [INFO] 📂 Image seed analysis bootstrapping from 0 images...
[2026-05-01T22:25:45Z] [SECTION] ============================================================
[2026-05-01T22:25:45Z] [INFO] 📤 PHASE: PUSH COMPONENTS TO TOLARIA
[2026-05-01T22:25:46Z] [INFO] 📦 Components pushed to Tolaria: 5
[2026-05-01T22:25:46Z] [SECTION] ============================================================
[2026-05-01T22:25:46Z] [INFO] 🧩 PHASE: COMPOSER - DOMAIN INTEGRATION SYNTHESIS
[2026-05-01T22:25:46Z] [INFO] 🎨 Domain integrations synthesized: 0
[2026-05-01T22:25:46Z] [SECTION] ============================================================
[2026-05-01T22:25:46Z] [INFO] 🚀 PHASE: ADVANCED OVERNIGHT LOOP
[2026-05-01T22:25:46Z] [INFO] 🔬 Advanced loop completed cycles: 0
[2026-05-01T22:25:46Z] [WARNING] ⚠️  Git commit skipped or failed (git not initialized?): Command '['git', '-C', '/home/avalonas/.hermes/gematria/unified_overnight_research', 'add', '.']' returned non-zero exit status 128.
[2026-05-01T22:25:46Z] [INFO] 
📊 CYCLE #61 SUMMARY
[2026-05-01T22:25:46Z] [INFO] ✅ Successful tasks: 7/7
[2026-05-01T22:25:46Z] [INFO] ⏱️  Cycle duration: 1.59s
[2026-05-01T22:25:46Z] [INFO]    ⚠️ task: result
[2026-05-01T22:25:46Z] [INFO]    ⚠️ task: result
[2026-05-01T22:25:46Z] [INFO]    ⚠️ task: result
[2026-05-01T22:25:46Z] [INFO]    ⚠️ task: result
[2026-05-01T22:25:46Z] [INFO]    ⚠️ task: result
[2026-05-01T22:25:46Z] [INFO]    ⚠️ task: result
[2026-05-01T22:25:46Z] [INFO]    ⚠️ task: result
[2026-05-01T22:25:46Z] [HEADER] ================================================================================
[2026-05-01T22:25:46Z] [INFO] 🔄 OVERNIGHT RESEARCH PIPELINE - CYCLE #62
[2026-05-01T22:25:46Z] [INFO] ================================================================================
[2026-05-01T22:25:46Z] [HEADER] ============================================================
[2026-05-01T22:25:46Z] [INFO] 🌙 STARTING OVERNIGHT RESEARCH CYCLE #62
[2026-05-01T22:25:46Z] [INFO] 🔍 Running overnight research protocol (web scraping + cross-symbol analysis)...
[2026-05-01T22:25:46Z] [INFO] 📊 Cycle duration: 0.60s, Files generated: 0
[2026-05-01T22:25:46Z] [INFO] 💾 Database updated with cycle results
[2026-05-01T22:25:46Z] [SECTION] ============================================================
[2026-05-01T22:25:46Z] [INFO] 🔮 PHASE: HIDDEN LAYERING DETECTION
[2026-05-01T22:25:46Z] [INFO] 🔗 Hidden layering detection complete. Connections identified: 2
[2026-05-01T22:25:46Z] [SECTION] ============================================================
[2026-05-01T22:25:46Z] [INFO] 🔬 PHASE: DOMAIN CORRELATION ANALYSIS
[2026-05-01T22:25:46Z] [INFO] 📊 Domain correlation matrices created: 1
[2026-05-01T22:25:46Z] [SECTION] ============================================================
[2026-05-01T22:25:46Z] [INFO] 🖼️  PHASE: IMAGE-SEED ANALYSIS
[2026-05-01T22:25:46Z] [INFO] 📂 Image seed analysis bootstrapping from 0 images...
[2026-05-01T22:25:46Z] [SECTION] ============================================================
[2026-05-01T22:25:46Z] [INFO] 📤 PHASE: PUSH COMPONENTS TO TOLARIA
[2026-05-01T22:25:47Z] [INFO] 📦 Components pushed to Tolaria: 5
[2026-05-01T22:25:47Z] [SECTION] ============================================================
[2026-05-01T22:25:47Z] [INFO] 🧩 PHASE: COMPOSER - DOMAIN INTEGRATION SYNTHESIS
[2026-05-01T22:25:47Z] [INFO] 🎨 Domain integrations synthesized: 0
[2026-05-01T22:25:47Z] [SECTION] ============================================================
[2026-05-01T22:25:47Z] [INFO] 🚀 PHASE: ADVANCED OVERNIGHT LOOP
[2026-05-01T22:25:47Z] [INFO] 🔬 Advanced loop completed cycles: 0
[2026-05-01T22:25:47Z] [WARNING] ⚠️  Git commit skipped or failed (git not initialized?): Command '['git', '-C', '/home/avalonas/.hermes/gematria/unified_overnight_research', 'add', '.']' returned non-zero exit status 128.
[2026-05-01T22:25:47Z] [INFO] 
📊 CYCLE #62 SUMMARY
[2026-05-01T22:25:47Z] [INFO] ✅ Successful tasks: 7/7
[2026-05-01T22:25:47Z] [INFO] ⏱️  Cycle duration: 1.71s
[2026-05-01T22:25:47Z] [INFO]    ⚠️ task: result
[2026-05-01T22:25:47Z] [INFO]    ⚠️ task: result
[2026-05-01T22:25:47Z] [INFO]    ⚠️ task: result
[2026-05-01T22:25:47Z] [INFO]    ⚠️ task: result
[2026-05-01T22:25:47Z] [INFO]    ⚠️ task: result
[2026-05-01T22:25:47Z] [INFO]    ⚠️ task: result
[2026-05-01T22:25:47Z] [INFO]    ⚠️ task: result
[2026-05-01T22:25:47Z] [HEADER] ================================================================================
[2026-05-01T22:25:47Z] [INFO] 🔄 OVERNIGHT RESEARCH PIPELINE - CYCLE #63
[2026-05-01T22:25:47Z] [INFO] ================================================================================
[2026-05-01T22:25:47Z] [HEADER] ============================================================
[2026-05-01T22:25:47Z] [INFO] 🌙 STARTING OVERNIGHT RESEARCH CYCLE #63
[2026-05-01T22:25:47Z] [INFO] 🔍 Running overnight research protocol (web scraping + cross-symbol analysis)...
[2026-05-01T22:25:48Z] [INFO] 📊 Cycle duration: 0.63s, Files generated: 0
[2026-05-01T22:25:48Z] [INFO] 💾 Database updated with cycle results
[2026-05-01T22:25:48Z] [SECTION] ============================================================
[2026-05-01T22:25:48Z] [INFO] 🔮 PHASE: HIDDEN LAYERING DETECTION
[2026-05-01T22:25:48Z] [INFO] 🔗 Hidden layering detection complete. Connections identified: 2
[2026-05-01T22:25:48Z] [SECTION] ============================================================
[2026-05-01T22:25:48Z] [INFO] 🔬 PHASE: DOMAIN CORRELATION ANALYSIS
[2026-05-01T22:25:48Z] [INFO] 📊 Domain correlation matrices created: 1
[2026-05-01T22:25:48Z] [SECTION] ============================================================
[2026-05-01T22:25:48Z] [INFO] 🖼️  PHASE: IMAGE-SEED ANALYSIS
[2026-05-01T22:25:48Z] [INFO] 📂 Image seed analysis bootstrapping from 0 images...
[2026-05-01T22:25:48Z] [SECTION] ============================================================
[2026-05-01T22:25:48Z] [INFO] 📤 PHASE: PUSH COMPONENTS TO TOLARIA
[2026-05-01T22:25:49Z] [INFO] 📦 Components pushed to Tolaria: 5
[2026-05-01T22:25:49Z] [SECTION] ============================================================
[2026-05-01T22:25:49Z] [INFO] 🧩 PHASE: COMPOSER - DOMAIN INTEGRATION SYNTHESIS
[2026-05-01T22:25:49Z] [INFO] 🎨 Domain integrations synthesized: 0
[2026-05-01T22:25:49Z] [SECTION] ============================================================
[2026-05-01T22:25:49Z] [INFO] 🚀 PHASE: ADVANCED OVERNIGHT LOOP
[2026-05-01T22:25:49Z] [INFO] 🔬 Advanced loop completed cycles: 0
[2026-05-01T22:25:49Z] [WARNING] ⚠️  Git commit skipped or failed (git not initialized?): Command '['git', '-C', '/home/avalonas/.hermes/gematria/unified_overnight_research', 'add', '.']' returned non-zero exit status 128.
[2026-05-01T22:25:49Z] [INFO] 
📊 CYCLE #63 SUMMARY
[2026-05-01T22:25:49Z] [INFO] ✅ Successful tasks: 7/7
[2026-05-01T22:25:49Z] [INFO] ⏱️  Cycle duration: 1.74s
[2026-05-01T22:25:49Z] [INFO]    ⚠️ task: result
[2026-05-01T22:25:49Z] [INFO]    ⚠️ task: result
[2026-05-01T22:25:49Z] [INFO]    ⚠️ task: result
[2026-05-01T22:25:49Z] [INFO]    ⚠️ task: result
[2026-05-01T22:25:49Z] [INFO]    ⚠️ task: result
[2026-05-01T22:25:49Z] [INFO]    ⚠️ task: result
[2026-05-01T22:25:49Z] [INFO]    ⚠️ task: result
[2026-05-01T22:25:49Z] [HEADER] ================================================================================
[2026-05-01T22:25:49Z] [INFO] 🔄 OVERNIGHT RESEARCH PIPELINE - CYCLE #64
[2026-05-01T22:25:49Z] [INFO] ================================================================================
[2026-05-01T22:25:49Z] [HEADER] ============================================================
[2026-05-01T22:25:49Z] [INFO] 🌙 STARTING OVERNIGHT RESEARCH CYCLE #64
[2026-05-01T22:25:49Z] [INFO] 🔍 Running overnight research protocol (web scraping + cross-symbol analysis)...
[2026-05-01T22:25:50Z] [INFO] 📊 Cycle duration: 0.58s, Files generated: 0
[2026-05-01T22:25:50Z] [INFO] 💾 Database updated with cycle results
[2026-05-01T22:25:50Z] [SECTION] ============================================================
[2026-05-01T22:25:50Z] [INFO] 🔮 PHASE: HIDDEN LAYERING DETECTION
[2026-05-01T22:25:50Z] [INFO] 🔗 Hidden layering detection complete. Connections identified: 2
[2026-05-01T22:25:50Z] [SECTION] ============================================================
[2026-05-01T22:25:50Z] [INFO] 🔬 PHASE: DOMAIN CORRELATION ANALYSIS
[2026-05-01T22:25:50Z] [INFO] 📊 Domain correlation matrices created: 1
[2026-05-01T22:25:50Z] [SECTION] ============================================================
[2026-05-01T22:25:50Z] [INFO] 🖼️  PHASE: IMAGE-SEED ANALYSIS
[2026-05-01T22:25:50Z] [INFO] 📂 Image seed analysis bootstrapping from 0 images...
[2026-05-01T22:25:50Z] [SECTION] ============================================================
[2026-05-01T22:25:50Z] [INFO] 📤 PHASE: PUSH COMPONENTS TO TOLARIA
[2026-05-01T22:25:51Z] [INFO] 📦 Components pushed to Tolaria: 5
[2026-05-01T22:25:51Z] [SECTION] ============================================================
[2026-05-01T22:25:51Z] [INFO] 🧩 PHASE: COMPOSER - DOMAIN INTEGRATION SYNTHESIS
[2026-05-01T22:25:51Z] [INFO] 🎨 Domain integrations synthesized: 0
[2026-05-01T22:25:51Z] [SECTION] ============================================================
[2026-05-01T22:25:51Z] [INFO] 🚀 PHASE: ADVANCED OVERNIGHT LOOP
[2026-05-01T22:25:51Z] [INFO] 🔬 Advanced loop completed cycles: 0
[2026-05-01T22:25:51Z] [WARNING] ⚠️  Git commit skipped or failed (git not initialized?): Command '['git', '-C', '/home/avalonas/.hermes/gematria/unified_overnight_research', 'add', '.']' returned non-zero exit status 128.
[2026-05-01T22:25:51Z] [INFO] 
📊 CYCLE #64 SUMMARY
[2026-05-01T22:25:51Z] [INFO] ✅ Successful tasks: 7/7
[2026-05-01T22:25:51Z] [INFO] ⏱️  Cycle duration: 2.16s
[2026-05-01T22:25:51Z] [INFO]    ⚠️ task: result
[2026-05-01T22:25:51Z] [INFO]    ⚠️ task: result
[2026-05-01T22:25:51Z] [INFO]    ⚠️ task: result
[2026-05-01T22:25:51Z] [INFO]    ⚠️ task: result
[2026-05-01T22:25:51Z] [INFO]    ⚠️ task: result
[2026-05-01T22:25:51Z] [INFO]    ⚠️ task: result
[2026-05-01T22:25:51Z] [INFO]    ⚠️ task: result
[2026-05-01T22:25:51Z] [HEADER] ================================================================================
[2026-05-01T22:25:51Z] [INFO] 🔄 OVERNIGHT RESEARCH PIPELINE - CYCLE #65
[2026-05-01T22:25:51Z] [INFO] ================================================================================
[2026-05-01T22:25:51Z] [HEADER] ============================================================
[2026-05-01T22:25:51Z] [INFO] 🌙 STARTING OVERNIGHT RESEARCH CYCLE #65
[2026-05-01T22:25:51Z] [INFO] 🔍 Running overnight research protocol (web scraping + cross-symbol analysis)...
[2026-05-01T22:25:52Z] [INFO] 📊 Cycle duration: 0.59s, Files generated: 0
[2026-05-01T22:25:52Z] [INFO] 💾 Database updated with cycle results
[2026-05-01T22:25:52Z] [SECTION] ============================================================
[2026-05-01T22:25:52Z] [INFO] 🔮 PHASE: HIDDEN LAYERING DETECTION
[2026-05-01T22:25:52Z] [INFO] 🔗 Hidden layering detection complete. Connections identified: 2
[2026-05-01T22:25:52Z] [SECTION] ============================================================
[2026-05-01T22:25:52Z] [INFO] 🔬 PHASE: DOMAIN CORRELATION ANALYSIS
[2026-05-01T22:25:52Z] [INFO] 📊 Domain correlation matrices created: 1
[2026-05-01T22:25:52Z] [SECTION] ============================================================
[2026-05-01T22:25:52Z] [INFO] 🖼️  PHASE: IMAGE-SEED ANALYSIS
[2026-05-01T22:25:52Z] [INFO] 📂 Image seed analysis bootstrapping from 0 images...
[2026-05-01T22:25:52Z] [SECTION] ============================================================
[2026-05-01T22:25:52Z] [INFO] 📤 PHASE: PUSH COMPONENTS TO TOLARIA
[2026-05-01T22:25:53Z] [INFO] 📦 Components pushed to Tolaria: 5
[2026-05-01T22:25:53Z] [SECTION] ============================================================
[2026-05-01T22:25:53Z] [INFO] 🧩 PHASE: COMPOSER - DOMAIN INTEGRATION SYNTHESIS
[2026-05-01T22:25:53Z] [INFO] 🎨 Domain integrations synthesized: 0
[2026-05-01T22:25:53Z] [SECTION] ============================================================
[2026-05-01T22:25:53Z] [INFO] 🚀 PHASE: ADVANCED OVERNIGHT LOOP
[2026-05-01T22:25:53Z] [INFO] 🔬 Advanced loop completed cycles: 0
[2026-05-01T22:25:53Z] [WARNING] ⚠️  Git commit skipped or failed (git not initialized?): Command '['git', '-C', '/home/avalonas/.hermes/gematria/unified_overnight_research', 'add', '.']' returned non-zero exit status 128.
[2026-05-01T22:25:53Z] [INFO] 
📊 CYCLE #65 SUMMARY
[2026-05-01T22:25:53Z] [INFO] ✅ Successful tasks: 7/7
[2026-05-01T22:25:53Z] [INFO] ⏱️  Cycle duration: 1.74s
[2026-05-01T22:25:53Z] [INFO]    ⚠️ task: result
[2026-05-01T22:25:53Z] [INFO]    ⚠️ task: result
[2026-05-01T22:25:53Z] [INFO]    ⚠️ task: result
[2026-05-01T22:25:53Z] [INFO]    ⚠️ task: result
[2026-05-01T22:25:53Z] [INFO]    ⚠️ task: result
[2026-05-01T22:25:53Z] [INFO]    ⚠️ task: result
[2026-05-01T22:25:53Z] [INFO]    ⚠️ task: result
[2026-05-01T22:25:53Z] [HEADER] ================================================================================
[2026-05-01T22:25:53Z] [INFO] 🔄 OVERNIGHT RESEARCH PIPELINE - CYCLE #66
[2026-05-01T22:25:53Z] [INFO] ================================================================================
[2026-05-01T22:25:53Z] [HEADER] ============================================================
[2026-05-01T22:25:53Z] [INFO] 🌙 STARTING OVERNIGHT RESEARCH CYCLE #66
[2026-05-01T22:25:53Z] [INFO] 🔍 Running overnight research protocol (web scraping + cross-symbol analysis)...
[2026-05-01T22:25:54Z] [INFO] 📊 Cycle duration: 0.57s, Files generated: 0
[2026-05-01T22:25:54Z] [INFO] 💾 Database updated with cycle results
[2026-05-01T22:25:54Z] [SECTION] ============================================================
[2026-05-01T22:25:54Z] [INFO] 🔮 PHASE: HIDDEN LAYERING DETECTION
[2026-05-01T22:25:54Z] [INFO] 🔗 Hidden layering detection complete. Connections identified: 2
[2026-05-01T22:25:54Z] [SECTION] ============================================================
[2026-05-01T22:25:54Z] [INFO] 🔬 PHASE: DOMAIN CORRELATION ANALYSIS
[2026-05-01T22:25:54Z] [INFO] 📊 Domain correlation matrices created: 1
[2026-05-01T22:25:54Z] [SECTION] ============================================================
[2026-05-01T22:25:54Z] [INFO] 🖼️  PHASE: IMAGE-SEED ANALYSIS
[2026-05-01T22:25:54Z] [INFO] 📂 Image seed analysis bootstrapping from 0 images...
[2026-05-01T22:25:54Z] [SECTION] ============================================================
[2026-05-01T22:25:54Z] [INFO] 📤 PHASE: PUSH COMPONENTS TO TOLARIA
[2026-05-01T22:25:55Z] [INFO] 📦 Components pushed to Tolaria: 5
[2026-05-01T22:25:55Z] [SECTION] ============================================================
[2026-05-01T22:25:55Z] [INFO] 🧩 PHASE: COMPOSER - DOMAIN INTEGRATION SYNTHESIS
[2026-05-01T22:25:55Z] [INFO] 🎨 Domain integrations synthesized: 0
[2026-05-01T22:25:55Z] [SECTION] ============================================================
[2026-05-01T22:25:55Z] [INFO] 🚀 PHASE: ADVANCED OVERNIGHT LOOP
[2026-05-01T22:25:55Z] [INFO] 🔬 Advanced loop completed cycles: 0
[2026-05-01T22:25:55Z] [WARNING] ⚠️  Git commit skipped or failed (git not initialized?): Command '['git', '-C', '/home/avalonas/.hermes/gematria/unified_overnight_research', 'add', '.']' returned non-zero exit status 128.
[2026-05-01T22:25:55Z] [INFO] 
📊 CYCLE #66 SUMMARY
[2026-05-01T22:25:55Z] [INFO] ✅ Successful tasks: 7/7
[2026-05-01T22:25:55Z] [INFO] ⏱️  Cycle duration: 1.70s
[2026-05-01T22:25:55Z] [INFO]    ⚠️ task: result
[2026-05-01T22:25:55Z] [INFO]    ⚠️ task: result
[2026-05-01T22:25:55Z] [INFO]    ⚠️ task: result
[2026-05-01T22:25:55Z] [INFO]    ⚠️ task: result
[2026-05-01T22:25:55Z] [INFO]    ⚠️ task: result
[2026-05-01T22:25:55Z] [INFO]    ⚠️ task: result
[2026-05-01T22:25:55Z] [INFO]    ⚠️ task: result
[2026-05-01T22:25:55Z] [HEADER] ================================================================================
[2026-05-01T22:25:55Z] [INFO] 🔄 OVERNIGHT RESEARCH PIPELINE - CYCLE #67
[2026-05-01T22:25:55Z] [INFO] ================================================================================
[2026-05-01T22:25:55Z] [HEADER] ============================================================
[2026-05-01T22:25:55Z] [INFO] 🌙 STARTING OVERNIGHT RESEARCH CYCLE #67
[2026-05-01T22:25:55Z] [INFO] 🔍 Running overnight research protocol (web scraping + cross-symbol analysis)...
[2026-05-01T22:25:55Z] [INFO] 📊 Cycle duration: 0.57s, Files generated: 0
[2026-05-01T22:25:55Z] [INFO] 💾 Database updated with cycle results
[2026-05-01T22:25:55Z] [SECTION] ============================================================
[2026-05-01T22:25:55Z] [INFO] 🔮 PHASE: HIDDEN LAYERING DETECTION
[2026-05-01T22:25:55Z] [INFO] 🔗 Hidden layering detection complete. Connections identified: 2
[2026-05-01T22:25:55Z] [SECTION] ============================================================
[2026-05-01T22:25:55Z] [INFO] 🔬 PHASE: DOMAIN CORRELATION ANALYSIS
[2026-05-01T22:25:55Z] [INFO] 📊 Domain correlation matrices created: 1
[2026-05-01T22:25:55Z] [SECTION] ============================================================
[2026-05-01T22:25:55Z] [INFO] 🖼️  PHASE: IMAGE-SEED ANALYSIS
[2026-05-01T22:25:55Z] [INFO] 📂 Image seed analysis bootstrapping from 0 images...
[2026-05-01T22:25:55Z] [SECTION] ============================================================
[2026-05-01T22:25:55Z] [INFO] 📤 PHASE: PUSH COMPONENTS TO TOLARIA
[2026-05-01T22:25:56Z] [INFO] 📦 Components pushed to Tolaria: 5
[2026-05-01T22:25:56Z] [SECTION] ============================================================
[2026-05-01T22:25:56Z] [INFO] 🧩 PHASE: COMPOSER - DOMAIN INTEGRATION SYNTHESIS
[2026-05-01T22:25:56Z] [INFO] 🎨 Domain integrations synthesized: 0
[2026-05-01T22:25:56Z] [SECTION] ============================================================
[2026-05-01T22:25:56Z] [INFO] 🚀 PHASE: ADVANCED OVERNIGHT LOOP
[2026-05-01T22:25:56Z] [INFO] 🔬 Advanced loop completed cycles: 0
[2026-05-01T22:25:56Z] [WARNING] ⚠️  Git commit skipped or failed (git not initialized?): Command '['git', '-C', '/home/avalonas/.hermes/gematria/unified_overnight_research', 'add', '.']' returned non-zero exit status 128.
[2026-05-01T22:25:56Z] [INFO] 
📊 CYCLE #67 SUMMARY
[2026-05-01T22:25:56Z] [INFO] ✅ Successful tasks: 7/7
[2026-05-01T22:25:56Z] [INFO] ⏱️  Cycle duration: 1.62s
[2026-05-01T22:25:56Z] [INFO]    ⚠️ task: result
[2026-05-01T22:25:56Z] [INFO]    ⚠️ task: result
[2026-05-01T22:25:56Z] [INFO]    ⚠️ task: result
[2026-05-01T22:25:56Z] [INFO]    ⚠️ task: result
[2026-05-01T22:25:56Z] [INFO]    ⚠️ task: result
[2026-05-01T22:25:56Z] [INFO]    ⚠️ task: result
[2026-05-01T22:25:56Z] [INFO]    ⚠️ task: result
[2026-05-01T22:25:56Z] [HEADER] ================================================================================
[2026-05-01T22:25:56Z] [INFO] 🔄 OVERNIGHT RESEARCH PIPELINE - CYCLE #68
[2026-05-01T22:25:56Z] [INFO] ================================================================================
[2026-05-01T22:25:56Z] [HEADER] ============================================================
[2026-05-01T22:25:56Z] [INFO] 🌙 STARTING OVERNIGHT RESEARCH CYCLE #68
[2026-05-01T22:25:56Z] [INFO] 🔍 Running overnight research protocol (web scraping + cross-symbol analysis)...
[2026-05-01T22:25:57Z] [INFO] 📊 Cycle duration: 0.60s, Files generated: 0
[2026-05-01T22:25:57Z] [INFO] 💾 Database updated with cycle results
[2026-05-01T22:25:57Z] [SECTION] ============================================================
[2026-05-01T22:25:57Z] [INFO] 🔮 PHASE: HIDDEN LAYERING DETECTION
[2026-05-01T22:25:57Z] [INFO] 🔗 Hidden layering detection complete. Connections identified: 2
[2026-05-01T22:25:57Z] [SECTION] ============================================================
[2026-05-01T22:25:57Z] [INFO] 🔬 PHASE: DOMAIN CORRELATION ANALYSIS
[2026-05-01T22:25:57Z] [INFO] 📊 Domain correlation matrices created: 1
[2026-05-01T22:25:57Z] [SECTION] ============================================================
[2026-05-01T22:25:57Z] [INFO] 🖼️  PHASE: IMAGE-SEED ANALYSIS
[2026-05-01T22:25:57Z] [INFO] 📂 Image seed analysis bootstrapping from 0 images...
[2026-05-01T22:25:57Z] [SECTION] ============================================================
[2026-05-01T22:25:57Z] [INFO] 📤 PHASE: PUSH COMPONENTS TO TOLARIA
[2026-05-01T22:25:58Z] [INFO] 📦 Components pushed to Tolaria: 5
[2026-05-01T22:25:58Z] [SECTION] ============================================================
[2026-05-01T22:25:58Z] [INFO] 🧩 PHASE: COMPOSER - DOMAIN INTEGRATION SYNTHESIS
[2026-05-01T22:25:58Z] [INFO] 🎨 Domain integrations synthesized: 0
[2026-05-01T22:25:58Z] [SECTION] ============================================================
[2026-05-01T22:25:58Z] [INFO] 🚀 PHASE: ADVANCED OVERNIGHT LOOP
[2026-05-01T22:25:58Z] [INFO] 🔬 Advanced loop completed cycles: 0
[2026-05-01T22:25:58Z] [WARNING] ⚠️  Git commit skipped or failed (git not initialized?): Command '['git', '-C', '/home/avalonas/.hermes/gematria/unified_overnight_research', 'add', '.']' returned non-zero exit status 128.
[2026-05-01T22:25:58Z] [INFO] 
📊 CYCLE #68 SUMMARY
[2026-05-01T22:25:58Z] [INFO] ✅ Successful tasks: 7/7
[2026-05-01T22:25:58Z] [INFO] ⏱️  Cycle duration: 1.85s
[2026-05-01T22:25:58Z] [INFO]    ⚠️ task: result
[2026-05-01T22:25:58Z] [INFO]    ⚠️ task: result
[2026-05-01T22:25:58Z] [INFO]    ⚠️ task: result
[2026-05-01T22:25:58Z] [INFO]    ⚠️ task: result
[2026-05-01T22:25:58Z] [INFO]    ⚠️ task: result
[2026-05-01T22:25:58Z] [INFO]    ⚠️ task: result
[2026-05-01T22:25:58Z] [INFO]    ⚠️ task: result
[2026-05-01T22:25:58Z] [HEADER] ================================================================================
[2026-05-01T22:25:58Z] [INFO] 🔄 OVERNIGHT RESEARCH PIPELINE - CYCLE #69
[2026-05-01T22:25:58Z] [INFO] ================================================================================
[2026-05-01T22:25:58Z] [HEADER] ============================================================
[2026-05-01T22:25:58Z] [INFO] 🌙 STARTING OVERNIGHT RESEARCH CYCLE #69
[2026-05-01T22:25:58Z] [INFO] 🔍 Running overnight research protocol (web scraping + cross-symbol analysis)...
[2026-05-01T22:25:59Z] [INFO] 📊 Cycle duration: 0.56s, Files generated: 0
[2026-05-01T22:25:59Z] [INFO] 💾 Database updated with cycle results
[2026-05-01T22:25:59Z] [SECTION] ============================================================
[2026-05-01T22:25:59Z] [INFO] 🔮 PHASE: HIDDEN LAYERING DETECTION
[2026-05-01T22:25:59Z] [INFO] 🔗 Hidden layering detection complete. Connections identified: 2
[2026-05-01T22:25:59Z] [SECTION] ============================================================
[2026-05-01T22:25:59Z] [INFO] 🔬 PHASE: DOMAIN CORRELATION ANALYSIS
[2026-05-01T22:25:59Z] [INFO] 📊 Domain correlation matrices created: 1
[2026-05-01T22:25:59Z] [SECTION] ============================================================
[2026-05-01T22:25:59Z] [INFO] 🖼️  PHASE: IMAGE-SEED ANALYSIS
[2026-05-01T22:25:59Z] [INFO] 📂 Image seed analysis bootstrapping from 0 images...
[2026-05-01T22:25:59Z] [SECTION] ============================================================
[2026-05-01T22:25:59Z] [INFO] 📤 PHASE: PUSH COMPONENTS TO TOLARIA
[2026-05-01T22:26:00Z] [INFO] 📦 Components pushed to Tolaria: 5
[2026-05-01T22:26:00Z] [SECTION] ============================================================
[2026-05-01T22:26:00Z] [INFO] 🧩 PHASE: COMPOSER - DOMAIN INTEGRATION SYNTHESIS
[2026-05-01T22:26:00Z] [INFO] 🎨 Domain integrations synthesized: 0
[2026-05-01T22:26:00Z] [SECTION] ============================================================
[2026-05-01T22:26:00Z] [INFO] 🚀 PHASE: ADVANCED OVERNIGHT LOOP
[2026-05-01T22:26:00Z] [INFO] 🔬 Advanced loop completed cycles: 0
[2026-05-01T22:26:00Z] [WARNING] ⚠️  Git commit skipped or failed (git not initialized?): Command '['git', '-C', '/home/avalonas/.hermes/gematria/unified_overnight_research', 'add', '.']' returned non-zero exit status 128.
[2026-05-01T22:26:00Z] [INFO] 
📊 CYCLE #69 SUMMARY
[2026-05-01T22:26:00Z] [INFO] ✅ Successful tasks: 7/7
[2026-05-01T22:26:00Z] [INFO] ⏱️  Cycle duration: 1.66s
[2026-05-01T22:26:00Z] [INFO]    ⚠️ task: result
[2026-05-01T22:26:00Z] [INFO]    ⚠️ task: result
[2026-05-01T22:26:00Z] [INFO]    ⚠️ task: result
[2026-05-01T22:26:00Z] [INFO]    ⚠️ task: result
[2026-05-01T22:26:00Z] [INFO]    ⚠️ task: result
[2026-05-01T22:26:00Z] [INFO]    ⚠️ task: result
[2026-05-01T22:26:00Z] [INFO]    ⚠️ task: result
[2026-05-01T22:26:00Z] [HEADER] ================================================================================
[2026-05-01T22:26:00Z] [INFO] 🔄 OVERNIGHT RESEARCH PIPELINE - CYCLE #70
[2026-05-01T22:26:00Z] [INFO] ================================================================================
[2026-05-01T22:26:00Z] [HEADER] ============================================================
[2026-05-01T22:26:00Z] [INFO] 🌙 STARTING OVERNIGHT RESEARCH CYCLE #70
[2026-05-01T22:26:00Z] [INFO] 🔍 Running overnight research protocol (web scraping + cross-symbol analysis)...
[2026-05-01T22:26:01Z] [INFO] 📊 Cycle duration: 0.57s, Files generated: 0
[2026-05-01T22:26:01Z] [INFO] 💾 Database updated with cycle results
[2026-05-01T22:26:01Z] [SECTION] ============================================================
[2026-05-01T22:26:01Z] [INFO] 🔮 PHASE: HIDDEN LAYERING DETECTION
[2026-05-01T22:26:01Z] [INFO] 🔗 Hidden layering detection complete. Connections identified: 2
[2026-05-01T22:26:01Z] [SECTION] ============================================================
[2026-05-01T22:26:01Z] [INFO] 🔬 PHASE: DOMAIN CORRELATION ANALYSIS
[2026-05-01T22:26:01Z] [INFO] 📊 Domain correlation matrices created: 1
[2026-05-01T22:26:01Z] [SECTION] ============================================================
[2026-05-01T22:26:01Z] [INFO] 🖼️  PHASE: IMAGE-SEED ANALYSIS
[2026-05-01T22:26:01Z] [INFO] 📂 Image seed analysis bootstrapping from 0 images...
[2026-05-01T22:26:01Z] [SECTION] ============================================================
[2026-05-01T22:26:01Z] [INFO] 📤 PHASE: PUSH COMPONENTS TO TOLARIA
[2026-05-01T22:26:01Z] [INFO] 📦 Components pushed to Tolaria: 5
[2026-05-01T22:26:01Z] [SECTION] ============================================================
[2026-05-01T22:26:01Z] [INFO] 🧩 PHASE: COMPOSER - DOMAIN INTEGRATION SYNTHESIS
[2026-05-01T22:26:01Z] [INFO] 🎨 Domain integrations synthesized: 0
[2026-05-01T22:26:01Z] [SECTION] ============================================================
[2026-05-01T22:26:01Z] [INFO] 🚀 PHASE: ADVANCED OVERNIGHT LOOP
[2026-05-01T22:26:02Z] [INFO] 🔬 Advanced loop completed cycles: 0
[2026-05-01T22:26:02Z] [WARNING] ⚠️  Git commit skipped or failed (git not initialized?): Command '['git', '-C', '/home/avalonas/.hermes/gematria/unified_overnight_research', 'add', '.']' returned non-zero exit status 128.
[2026-05-01T22:26:02Z] [INFO] 
📊 CYCLE #70 SUMMARY
[2026-05-01T22:26:02Z] [INFO] ✅ Successful tasks: 7/7
[2026-05-01T22:26:02Z] [INFO] ⏱️  Cycle duration: 1.67s
[2026-05-01T22:26:02Z] [INFO]    ⚠️ task: result
[2026-05-01T22:26:02Z] [INFO]    ⚠️ task: result
[2026-05-01T22:26:02Z] [INFO]    ⚠️ task: result
[2026-05-01T22:26:02Z] [INFO]    ⚠️ task: result
[2026-05-01T22:26:02Z] [INFO]    ⚠️ task: result
[2026-05-01T22:26:02Z] [INFO]    ⚠️ task: result
[2026-05-01T22:26:02Z] [INFO]    ⚠️ task: result
[2026-05-01T22:26:02Z] [HEADER] ================================================================================
[2026-05-01T22:26:02Z] [INFO] 🔄 OVERNIGHT RESEARCH PIPELINE - CYCLE #71
[2026-05-01T22:26:02Z] [INFO] ================================================================================
[2026-05-01T22:26:02Z] [HEADER] ============================================================
[2026-05-01T22:26:02Z] [INFO] 🌙 STARTING OVERNIGHT RESEARCH CYCLE #71
[2026-05-01T22:26:02Z] [INFO] 🔍 Running overnight research protocol (web scraping + cross-symbol analysis)...
[2026-05-01T22:26:02Z] [INFO] 📊 Cycle duration: 0.57s, Files generated: 0
[2026-05-01T22:26:02Z] [INFO] 💾 Database updated with cycle results
[2026-05-01T22:26:02Z] [SECTION] ============================================================
[2026-05-01T22:26:02Z] [INFO] 🔮 PHASE: HIDDEN LAYERING DETECTION
[2026-05-01T22:26:02Z] [INFO] 🔗 Hidden layering detection complete. Connections identified: 2
[2026-05-01T22:26:02Z] [SECTION] ============================================================
[2026-05-01T22:26:02Z] [INFO] 🔬 PHASE: DOMAIN CORRELATION ANALYSIS
[2026-05-01T22:26:02Z] [INFO] 📊 Domain correlation matrices created: 1
[2026-05-01T22:26:02Z] [SECTION] ============================================================
[2026-05-01T22:26:02Z] [INFO] 🖼️  PHASE: IMAGE-SEED ANALYSIS
[2026-05-01T22:26:02Z] [INFO] 📂 Image seed analysis bootstrapping from 0 images...
[2026-05-01T22:26:02Z] [SECTION] ============================================================
[2026-05-01T22:26:02Z] [INFO] 📤 PHASE: PUSH COMPONENTS TO TOLARIA
[2026-05-01T22:26:03Z] [INFO] 📦 Components pushed to Tolaria: 5
[2026-05-01T22:26:03Z] [SECTION] ============================================================
[2026-05-01T22:26:03Z] [INFO] 🧩 PHASE: COMPOSER - DOMAIN INTEGRATION SYNTHESIS
[2026-05-01T22:26:03Z] [INFO] 🎨 Domain integrations synthesized: 0
[2026-05-01T22:26:03Z] [SECTION] ============================================================
[2026-05-01T22:26:03Z] [INFO] 🚀 PHASE: ADVANCED OVERNIGHT LOOP
[2026-05-01T22:26:03Z] [INFO] 🔬 Advanced loop completed cycles: 0
[2026-05-01T22:26:03Z] [WARNING] ⚠️  Git commit skipped or failed (git not initialized?): Command '['git', '-C', '/home/avalonas/.hermes/gematria/unified_overnight_research', 'add', '.']' returned non-zero exit status 128.
[2026-05-01T22:26:03Z] [INFO] 
📊 CYCLE #71 SUMMARY
[2026-05-01T22:26:03Z] [INFO] ✅ Successful tasks: 7/7
[2026-05-01T22:26:03Z] [INFO] ⏱️  Cycle duration: 1.68s
[2026-05-01T22:26:03Z] [INFO]    ⚠️ task: result
[2026-05-01T22:26:03Z] [INFO]    ⚠️ task: result
[2026-05-01T22:26:03Z] [INFO]    ⚠️ task: result
[2026-05-01T22:26:03Z] [INFO]    ⚠️ task: result
[2026-05-01T22:26:03Z] [INFO]    ⚠️ task: result
[2026-05-01T22:26:03Z] [INFO]    ⚠️ task: result
[2026-05-01T22:26:03Z] [INFO]    ⚠️ task: result
[2026-05-01T22:26:03Z] [HEADER] ================================================================================
[2026-05-01T22:26:03Z] [INFO] 🔄 OVERNIGHT RESEARCH PIPELINE - CYCLE #72
[2026-05-01T22:26:03Z] [INFO] ================================================================================
[2026-05-01T22:26:03Z] [HEADER] ============================================================
[2026-05-01T22:26:03Z] [INFO] 🌙 STARTING OVERNIGHT RESEARCH CYCLE #72
[2026-05-01T22:26:03Z] [INFO] 🔍 Running overnight research protocol (web scraping + cross-symbol analysis)...
[2026-05-01T22:26:04Z] [INFO] 📊 Cycle duration: 0.60s, Files generated: 0
[2026-05-01T22:26:04Z] [INFO] 💾 Database updated with cycle results
[2026-05-01T22:26:04Z] [SECTION] ============================================================
[2026-05-01T22:26:04Z] [INFO] 🔮 PHASE: HIDDEN LAYERING DETECTION
[2026-05-01T22:26:04Z] [INFO] 🔗 Hidden layering detection complete. Connections identified: 2
[2026-05-01T22:26:04Z] [SECTION] ============================================================
[2026-05-01T22:26:04Z] [INFO] 🔬 PHASE: DOMAIN CORRELATION ANALYSIS
[2026-05-01T22:26:04Z] [INFO] 📊 Domain correlation matrices created: 1
[2026-05-01T22:26:04Z] [SECTION] ============================================================
[2026-05-01T22:26:04Z] [INFO] 🖼️  PHASE: IMAGE-SEED ANALYSIS
[2026-05-01T22:26:04Z] [INFO] 📂 Image seed analysis bootstrapping from 0 images...
[2026-05-01T22:26:04Z] [SECTION] ============================================================
[2026-05-01T22:26:04Z] [INFO] 📤 PHASE: PUSH COMPONENTS TO TOLARIA
[2026-05-01T22:26:05Z] [INFO] 📦 Components pushed to Tolaria: 5
[2026-05-01T22:26:05Z] [SECTION] ============================================================
[2026-05-01T22:26:05Z] [INFO] 🧩 PHASE: COMPOSER - DOMAIN INTEGRATION SYNTHESIS
[2026-05-01T22:26:05Z] [INFO] 🎨 Domain integrations synthesized: 0
[2026-05-01T22:26:05Z] [SECTION] ============================================================
[2026-05-01T22:26:05Z] [INFO] 🚀 PHASE: ADVANCED OVERNIGHT LOOP
[2026-05-01T22:26:05Z] [INFO] 🔬 Advanced loop completed cycles: 0
[2026-05-01T22:26:05Z] [WARNING] ⚠️  Git commit skipped or failed (git not initialized?): Command '['git', '-C', '/home/avalonas/.hermes/gematria/unified_overnight_research', 'add', '.']' returned non-zero exit status 128.
[2026-05-01T22:26:05Z] [INFO] 
📊 CYCLE #72 SUMMARY
[2026-05-01T22:26:05Z] [INFO] ✅ Successful tasks: 7/7
[2026-05-01T22:26:05Z] [INFO] ⏱️  Cycle duration: 1.71s
[2026-05-01T22:26:05Z] [INFO]    ⚠️ task: result
[2026-05-01T22:26:05Z] [INFO]    ⚠️ task: result
[2026-05-01T22:26:05Z] [INFO]    ⚠️ task: result
[2026-05-01T22:26:05Z] [INFO]    ⚠️ task: result
[2026-05-01T22:26:05Z] [INFO]    ⚠️ task: result
[2026-05-01T22:26:05Z] [INFO]    ⚠️ task: result
[2026-05-01T22:26:05Z] [INFO]    ⚠️ task: result
[2026-05-01T22:26:05Z] [HEADER] ================================================================================
[2026-05-01T22:26:05Z] [INFO] 🔄 OVERNIGHT RESEARCH PIPELINE - CYCLE #73
[2026-05-01T22:26:05Z] [INFO] ================================================================================
[2026-05-01T22:26:05Z] [HEADER] ============================================================
[2026-05-01T22:26:05Z] [INFO] 🌙 STARTING OVERNIGHT RESEARCH CYCLE #73
[2026-05-01T22:26:05Z] [INFO] 🔍 Running overnight research protocol (web scraping + cross-symbol analysis)...
[2026-05-01T22:26:06Z] [INFO] 📊 Cycle duration: 0.48s, Files generated: 0
[2026-05-01T22:26:06Z] [INFO] 💾 Database updated with cycle results
[2026-05-01T22:26:06Z] [SECTION] ============================================================
[2026-05-01T22:26:06Z] [INFO] 🔮 PHASE: HIDDEN LAYERING DETECTION
[2026-05-01T22:26:06Z] [INFO] 🔗 Hidden layering detection complete. Connections identified: 2
[2026-05-01T22:26:06Z] [SECTION] ============================================================
[2026-05-01T22:26:06Z] [INFO] 🔬 PHASE: DOMAIN CORRELATION ANALYSIS
[2026-05-01T22:26:06Z] [INFO] 📊 Domain correlation matrices created: 1
[2026-05-01T22:26:06Z] [SECTION] ============================================================
[2026-05-01T22:26:06Z] [INFO] 🖼️  PHASE: IMAGE-SEED ANALYSIS
[2026-05-01T22:26:06Z] [INFO] 📂 Image seed analysis bootstrapping from 0 images...
[2026-05-01T22:26:06Z] [SECTION] ============================================================
[2026-05-01T22:26:06Z] [INFO] 📤 PHASE: PUSH COMPONENTS TO TOLARIA
[2026-05-01T22:26:06Z] [INFO] 📦 Components pushed to Tolaria: 5
[2026-05-01T22:26:06Z] [SECTION] ============================================================
[2026-05-01T22:26:06Z] [INFO] 🧩 PHASE: COMPOSER - DOMAIN INTEGRATION SYNTHESIS
[2026-05-01T22:26:06Z] [INFO] 🎨 Domain integrations synthesized: 0
[2026-05-01T22:26:06Z] [SECTION] ============================================================
[2026-05-01T22:26:06Z] [INFO] 🚀 PHASE: ADVANCED OVERNIGHT LOOP
[2026-05-01T22:26:07Z] [INFO] 🔬 Advanced loop completed cycles: 0
[2026-05-01T22:26:07Z] [WARNING] ⚠️  Git commit skipped or failed (git not initialized?): Command '['git', '-C', '/home/avalonas/.hermes/gematria/unified_overnight_research', 'add', '.']' returned non-zero exit status 128.
[2026-05-01T22:26:07Z] [INFO] 
📊 CYCLE #73 SUMMARY
[2026-05-01T22:26:07Z] [INFO] ✅ Successful tasks: 7/7
[2026-05-01T22:26:07Z] [INFO] ⏱️  Cycle duration: 1.67s
[2026-05-01T22:26:07Z] [INFO]    ⚠️ task: result
[2026-05-01T22:26:07Z] [INFO]    ⚠️ task: result
[2026-05-01T22:26:07Z] [INFO]    ⚠️ task: result
[2026-05-01T22:26:07Z] [INFO]    ⚠️ task: result
[2026-05-01T22:26:07Z] [INFO]    ⚠️ task: result
[2026-05-01T22:26:07Z] [INFO]    ⚠️ task: result
[2026-05-01T22:26:07Z] [INFO]    ⚠️ task: result
[2026-05-01T22:26:07Z] [HEADER] ================================================================================
[2026-05-01T22:26:07Z] [INFO] 🔄 OVERNIGHT RESEARCH PIPELINE - CYCLE #74
[2026-05-01T22:26:07Z] [INFO] ================================================================================
[2026-05-01T22:26:07Z] [HEADER] ============================================================
[2026-05-01T22:26:07Z] [INFO] 🌙 STARTING OVERNIGHT RESEARCH CYCLE #74
[2026-05-01T22:26:07Z] [INFO] 🔍 Running overnight research protocol (web scraping + cross-symbol analysis)...
[2026-05-01T22:26:07Z] [INFO] 📊 Cycle duration: 0.51s, Files generated: 0
[2026-05-01T22:26:07Z] [INFO] 💾 Database updated with cycle results
[2026-05-01T22:26:07Z] [SECTION] ============================================================
[2026-05-01T22:26:07Z] [INFO] 🔮 PHASE: HIDDEN LAYERING DETECTION
[2026-05-01T22:26:07Z] [INFO] 🔗 Hidden layering detection complete. Connections identified: 2
[2026-05-01T22:26:07Z] [SECTION] ============================================================
[2026-05-01T22:26:07Z] [INFO] 🔬 PHASE: DOMAIN CORRELATION ANALYSIS
[2026-05-01T22:26:07Z] [INFO] 📊 Domain correlation matrices created: 1
[2026-05-01T22:26:07Z] [SECTION] ============================================================
[2026-05-01T22:26:07Z] [INFO] 🖼️  PHASE: IMAGE-SEED ANALYSIS
[2026-05-01T22:26:07Z] [INFO] 📂 Image seed analysis bootstrapping from 0 images...
[2026-05-01T22:26:07Z] [SECTION] ============================================================
[2026-05-01T22:26:07Z] [INFO] 📤 PHASE: PUSH COMPONENTS TO TOLARIA
[2026-05-01T22:26:08Z] [INFO] 📦 Components pushed to Tolaria: 5
[2026-05-01T22:26:08Z] [SECTION] ============================================================
[2026-05-01T22:26:08Z] [INFO] 🧩 PHASE: COMPOSER - DOMAIN INTEGRATION SYNTHESIS
[2026-05-01T22:26:08Z] [INFO] 🎨 Domain integrations synthesized: 0
[2026-05-01T22:26:08Z] [SECTION] ============================================================
[2026-05-01T22:26:08Z] [INFO] 🚀 PHASE: ADVANCED OVERNIGHT LOOP
[2026-05-01T22:26:08Z] [INFO] 🔬 Advanced loop completed cycles: 0
[2026-05-01T22:26:09Z] [WARNING] ⚠️  Git commit skipped or failed (git not initialized?): Command '['git', '-C', '/home/avalonas/.hermes/gematria/unified_overnight_research', 'add', '.']' returned non-zero exit status 128.
[2026-05-01T22:26:09Z] [INFO] 
📊 CYCLE #74 SUMMARY
[2026-05-01T22:26:09Z] [INFO] ✅ Successful tasks: 7/7
[2026-05-01T22:26:09Z] [INFO] ⏱️  Cycle duration: 1.81s
[2026-05-01T22:26:09Z] [INFO]    ⚠️ task: result
[2026-05-01T22:26:09Z] [INFO]    ⚠️ task: result
[2026-05-01T22:26:09Z] [INFO]    ⚠️ task: result
[2026-05-01T22:26:09Z] [INFO]    ⚠️ task: result
[2026-05-01T22:26:09Z] [INFO]    ⚠️ task: result
[2026-05-01T22:26:09Z] [INFO]    ⚠️ task: result
[2026-05-01T22:26:09Z] [INFO]    ⚠️ task: result
[2026-05-01T22:26:09Z] [HEADER] ================================================================================
[2026-05-01T22:26:09Z] [INFO] 🔄 OVERNIGHT RESEARCH PIPELINE - CYCLE #75
[2026-05-01T22:26:09Z] [INFO] ================================================================================
[2026-05-01T22:26:09Z] [HEADER] ============================================================
[2026-05-01T22:26:09Z] [INFO] 🌙 STARTING OVERNIGHT RESEARCH CYCLE #75
[2026-05-01T22:26:09Z] [INFO] 🔍 Running overnight research protocol (web scraping + cross-symbol analysis)...
[2026-05-01T22:26:09Z] [INFO] 📊 Cycle duration: 0.59s, Files generated: 0
[2026-05-01T22:26:09Z] [INFO] 💾 Database updated with cycle results
[2026-05-01T22:26:09Z] [SECTION] ============================================================
[2026-05-01T22:26:09Z] [INFO] 🔮 PHASE: HIDDEN LAYERING DETECTION
[2026-05-01T22:26:09Z] [INFO] 🔗 Hidden layering detection complete. Connections identified: 2
[2026-05-01T22:26:09Z] [SECTION] ============================================================
[2026-05-01T22:26:09Z] [INFO] 🔬 PHASE: DOMAIN CORRELATION ANALYSIS
[2026-05-01T22:26:09Z] [INFO] 📊 Domain correlation matrices created: 1
[2026-05-01T22:26:09Z] [SECTION] ============================================================
[2026-05-01T22:26:09Z] [INFO] 🖼️  PHASE: IMAGE-SEED ANALYSIS
[2026-05-01T22:26:09Z] [INFO] 📂 Image seed analysis bootstrapping from 0 images...
[2026-05-01T22:26:09Z] [SECTION] ============================================================
[2026-05-01T22:26:09Z] [INFO] 📤 PHASE: PUSH COMPONENTS TO TOLARIA
[2026-05-01T22:26:10Z] [INFO] 📦 Components pushed to Tolaria: 5
[2026-05-01T22:26:10Z] [SECTION] ============================================================
[2026-05-01T22:26:10Z] [INFO] 🧩 PHASE: COMPOSER - DOMAIN INTEGRATION SYNTHESIS
[2026-05-01T22:26:10Z] [INFO] 🎨 Domain integrations synthesized: 0
[2026-05-01T22:26:10Z] [SECTION] ============================================================
[2026-05-01T22:26:10Z] [INFO] 🚀 PHASE: ADVANCED OVERNIGHT LOOP
[2026-05-01T22:26:10Z] [INFO] 🔬 Advanced loop completed cycles: 0
[2026-05-01T22:26:10Z] [WARNING] ⚠️  Git commit skipped or failed (git not initialized?): Command '['git', '-C', '/home/avalonas/.hermes/gematria/unified_overnight_research', 'add', '.']' returned non-zero exit status 128.
[2026-05-01T22:26:10Z] [INFO] 
📊 CYCLE #75 SUMMARY
[2026-05-01T22:26:10Z] [INFO] ✅ Successful tasks: 7/7
[2026-05-01T22:26:10Z] [INFO] ⏱️  Cycle duration: 1.62s
[2026-05-01T22:26:10Z] [INFO]    ⚠️ task: result
[2026-05-01T22:26:10Z] [INFO]    ⚠️ task: result
[2026-05-01T22:26:10Z] [INFO]    ⚠️ task: result
[2026-05-01T22:26:10Z] [INFO]    ⚠️ task: result
[2026-05-01T22:26:10Z] [INFO]    ⚠️ task: result
[2026-05-01T22:26:10Z] [INFO]    ⚠️ task: result
[2026-05-01T22:26:10Z] [INFO]    ⚠️ task: result
[2026-05-01T22:26:10Z] [HEADER] ================================================================================
[2026-05-01T22:26:10Z] [INFO] 🔄 OVERNIGHT RESEARCH PIPELINE - CYCLE #76
[2026-05-01T22:26:10Z] [INFO] ================================================================================
[2026-05-01T22:26:10Z] [HEADER] ============================================================
[2026-05-01T22:26:10Z] [INFO] 🌙 STARTING OVERNIGHT RESEARCH CYCLE #76
[2026-05-01T22:26:10Z] [INFO] 🔍 Running overnight research protocol (web scraping + cross-symbol analysis)...
[2026-05-01T22:26:11Z] [INFO] 📊 Cycle duration: 0.50s, Files generated: 0
[2026-05-01T22:26:11Z] [INFO] 💾 Database updated with cycle results
[2026-05-01T22:26:11Z] [SECTION] ============================================================
[2026-05-01T22:26:11Z] [INFO] 🔮 PHASE: HIDDEN LAYERING DETECTION
[2026-05-01T22:26:11Z] [INFO] 🔗 Hidden layering detection complete. Connections identified: 2
[2026-05-01T22:26:11Z] [SECTION] ============================================================
[2026-05-01T22:26:11Z] [INFO] 🔬 PHASE: DOMAIN CORRELATION ANALYSIS
[2026-05-01T22:26:11Z] [INFO] 📊 Domain correlation matrices created: 1
[2026-05-01T22:26:11Z] [SECTION] ============================================================
[2026-05-01T22:26:11Z] [INFO] 🖼️  PHASE: IMAGE-SEED ANALYSIS
[2026-05-01T22:26:11Z] [INFO] 📂 Image seed analysis bootstrapping from 0 images...
[2026-05-01T22:26:11Z] [SECTION] ============================================================
[2026-05-01T22:26:11Z] [INFO] 📤 PHASE: PUSH COMPONENTS TO TOLARIA
[2026-05-01T22:26:12Z] [INFO] 📦 Components pushed to Tolaria: 5
[2026-05-01T22:26:12Z] [SECTION] ============================================================
[2026-05-01T22:26:12Z] [INFO] 🧩 PHASE: COMPOSER - DOMAIN INTEGRATION SYNTHESIS
[2026-05-01T22:26:12Z] [INFO] 🎨 Domain integrations synthesized: 0
[2026-05-01T22:26:12Z] [SECTION] ============================================================
[2026-05-01T22:26:12Z] [INFO] 🚀 PHASE: ADVANCED OVERNIGHT LOOP
[2026-05-01T22:26:12Z] [INFO] 🔬 Advanced loop completed cycles: 0
[2026-05-01T22:26:12Z] [WARNING] ⚠️  Git commit skipped or failed (git not initialized?): Command '['git', '-C', '/home/avalonas/.hermes/gematria/unified_overnight_research', 'add', '.']' returned non-zero exit status 128.
[2026-05-01T22:26:12Z] [INFO] 
📊 CYCLE #76 SUMMARY
[2026-05-01T22:26:12Z] [INFO] ✅ Successful tasks: 7/7
[2026-05-01T22:26:12Z] [INFO] ⏱️  Cycle duration: 1.77s
[2026-05-01T22:26:12Z] [INFO]    ⚠️ task: result
[2026-05-01T22:26:12Z] [INFO]    ⚠️ task: result
[2026-05-01T22:26:12Z] [INFO]    ⚠️ task: result
[2026-05-01T22:26:12Z] [INFO]    ⚠️ task: result
[2026-05-01T22:26:12Z] [INFO]    ⚠️ task: result
[2026-05-01T22:26:12Z] [INFO]    ⚠️ task: result
[2026-05-01T22:26:12Z] [INFO]    ⚠️ task: result
[2026-05-01T22:26:12Z] [HEADER] ================================================================================
[2026-05-01T22:26:12Z] [INFO] 🔄 OVERNIGHT RESEARCH PIPELINE - CYCLE #77
[2026-05-01T22:26:12Z] [INFO] ================================================================================
[2026-05-01T22:26:12Z] [HEADER] ============================================================
[2026-05-01T22:26:12Z] [INFO] 🌙 STARTING OVERNIGHT RESEARCH CYCLE #77
[2026-05-01T22:26:12Z] [INFO] 🔍 Running overnight research protocol (web scraping + cross-symbol analysis)...
[2026-05-01T22:26:13Z] [INFO] 📊 Cycle duration: 0.62s, Files generated: 0
[2026-05-01T22:26:13Z] [INFO] 💾 Database updated with cycle results
[2026-05-01T22:26:13Z] [SECTION] ============================================================
[2026-05-01T22:26:13Z] [INFO] 🔮 PHASE: HIDDEN LAYERING DETECTION
[2026-05-01T22:26:13Z] [INFO] 🔗 Hidden layering detection complete. Connections identified: 2
[2026-05-01T22:26:13Z] [SECTION] ============================================================
[2026-05-01T22:26:13Z] [INFO] 🔬 PHASE: DOMAIN CORRELATION ANALYSIS
[2026-05-01T22:26:13Z] [INFO] 📊 Domain correlation matrices created: 1
[2026-05-01T22:26:13Z] [SECTION] ============================================================
[2026-05-01T22:26:13Z] [INFO] 🖼️  PHASE: IMAGE-SEED ANALYSIS
[2026-05-01T22:26:13Z] [INFO] 📂 Image seed analysis bootstrapping from 0 images...
[2026-05-01T22:26:13Z] [SECTION] ============================================================
[2026-05-01T22:26:13Z] [INFO] 📤 PHASE: PUSH COMPONENTS TO TOLARIA
[2026-05-01T22:26:13Z] [INFO] 📦 Components pushed to Tolaria: 5
[2026-05-01T22:26:13Z] [SECTION] ============================================================
[2026-05-01T22:26:13Z] [INFO] 🧩 PHASE: COMPOSER - DOMAIN INTEGRATION SYNTHESIS
[2026-05-01T22:26:13Z] [INFO] 🎨 Domain integrations synthesized: 0
[2026-05-01T22:26:13Z] [SECTION] ============================================================
[2026-05-01T22:26:13Z] [INFO] 🚀 PHASE: ADVANCED OVERNIGHT LOOP
[2026-05-01T22:26:14Z] [INFO] 🔬 Advanced loop completed cycles: 0
[2026-05-01T22:26:14Z] [WARNING] ⚠️  Git commit skipped or failed (git not initialized?): Command '['git', '-C', '/home/avalonas/.hermes/gematria/unified_overnight_research', 'add', '.']' returned non-zero exit status 128.
[2026-05-01T22:26:14Z] [INFO] 
📊 CYCLE #77 SUMMARY
[2026-05-01T22:26:14Z] [INFO] ✅ Successful tasks: 7/7
[2026-05-01T22:26:14Z] [INFO] ⏱️  Cycle duration: 1.78s
[2026-05-01T22:26:14Z] [INFO]    ⚠️ task: result
[2026-05-01T22:26:14Z] [INFO]    ⚠️ task: result
[2026-05-01T22:26:14Z] [INFO]    ⚠️ task: result
[2026-05-01T22:26:14Z] [INFO]    ⚠️ task: result
[2026-05-01T22:26:14Z] [INFO]    ⚠️ task: result
[2026-05-01T22:26:14Z] [INFO]    ⚠️ task: result
[2026-05-01T22:26:14Z] [INFO]    ⚠️ task: result
[2026-05-01T22:26:14Z] [HEADER] ================================================================================
[2026-05-01T22:26:14Z] [INFO] 🔄 OVERNIGHT RESEARCH PIPELINE - CYCLE #78
[2026-05-01T22:26:14Z] [INFO] ================================================================================
[2026-05-01T22:26:14Z] [HEADER] ============================================================
[2026-05-01T22:26:14Z] [INFO] 🌙 STARTING OVERNIGHT RESEARCH CYCLE #78
[2026-05-01T22:26:14Z] [INFO] 🔍 Running overnight research protocol (web scraping + cross-symbol analysis)...
[2026-05-01T22:26:14Z] [INFO] 📊 Cycle duration: 0.48s, Files generated: 0
[2026-05-01T22:26:14Z] [INFO] 💾 Database updated with cycle results
[2026-05-01T22:26:14Z] [SECTION] ============================================================
[2026-05-01T22:26:14Z] [INFO] 🔮 PHASE: HIDDEN LAYERING DETECTION
[2026-05-01T22:26:14Z] [INFO] 🔗 Hidden layering detection complete. Connections identified: 2
[2026-05-01T22:26:14Z] [SECTION] ============================================================
[2026-05-01T22:26:14Z] [INFO] 🔬 PHASE: DOMAIN CORRELATION ANALYSIS
[2026-05-01T22:26:14Z] [INFO] 📊 Domain correlation matrices created: 1
[2026-05-01T22:26:14Z] [SECTION] ============================================================
[2026-05-01T22:26:14Z] [INFO] 🖼️  PHASE: IMAGE-SEED ANALYSIS
[2026-05-01T22:26:14Z] [INFO] 📂 Image seed analysis bootstrapping from 0 images...
[2026-05-01T22:26:14Z] [SECTION] ============================================================
[2026-05-01T22:26:14Z] [INFO] 📤 PHASE: PUSH COMPONENTS TO TOLARIA
[2026-05-01T22:26:15Z] [INFO] 📦 Components pushed to Tolaria: 5
[2026-05-01T22:26:15Z] [SECTION] ============================================================
[2026-05-01T22:26:15Z] [INFO] 🧩 PHASE: COMPOSER - DOMAIN INTEGRATION SYNTHESIS
[2026-05-01T22:26:15Z] [INFO] 🎨 Domain integrations synthesized: 0
[2026-05-01T22:26:15Z] [SECTION] ============================================================
[2026-05-01T22:26:15Z] [INFO] 🚀 PHASE: ADVANCED OVERNIGHT LOOP
[2026-05-01T22:26:15Z] [INFO] 🔬 Advanced loop completed cycles: 0
[2026-05-01T22:26:15Z] [WARNING] ⚠️  Git commit skipped or failed (git not initialized?): Command '['git', '-C', '/home/avalonas/.hermes/gematria/unified_overnight_research', 'add', '.']' returned non-zero exit status 128.
[2026-05-01T22:26:15Z] [INFO] 
📊 CYCLE #78 SUMMARY
[2026-05-01T22:26:15Z] [INFO] ✅ Successful tasks: 7/7
[2026-05-01T22:26:15Z] [INFO] ⏱️  Cycle duration: 1.76s
[2026-05-01T22:26:15Z] [INFO]    ⚠️ task: result
[2026-05-01T22:26:15Z] [INFO]    ⚠️ task: result
[2026-05-01T22:26:15Z] [INFO]    ⚠️ task: result
[2026-05-01T22:26:15Z] [INFO]    ⚠️ task: result
[2026-05-01T22:26:15Z] [INFO]    ⚠️ task: result
[2026-05-01T22:26:15Z] [INFO]    ⚠️ task: result
[2026-05-01T22:26:15Z] [INFO]    ⚠️ task: result
[2026-05-01T22:26:15Z] [HEADER] ================================================================================
[2026-05-01T22:26:15Z] [INFO] 🔄 OVERNIGHT RESEARCH PIPELINE - CYCLE #79
[2026-05-01T22:26:15Z] [INFO] ================================================================================
[2026-05-01T22:26:15Z] [HEADER] ============================================================
[2026-05-01T22:26:15Z] [INFO] 🌙 STARTING OVERNIGHT RESEARCH CYCLE #79
[2026-05-01T22:26:15Z] [INFO] 🔍 Running overnight research protocol (web scraping + cross-symbol analysis)...
[2026-05-01T22:26:16Z] [INFO] 📊 Cycle duration: 0.48s, Files generated: 0
[2026-05-01T22:26:16Z] [INFO] 💾 Database updated with cycle results
[2026-05-01T22:26:16Z] [SECTION] ============================================================
[2026-05-01T22:26:16Z] [INFO] 🔮 PHASE: HIDDEN LAYERING DETECTION
[2026-05-01T22:26:16Z] [INFO] 🔗 Hidden layering detection complete. Connections identified: 2
[2026-05-01T22:26:16Z] [SECTION] ============================================================
[2026-05-01T22:26:16Z] [INFO] 🔬 PHASE: DOMAIN CORRELATION ANALYSIS
[2026-05-01T22:26:16Z] [INFO] 📊 Domain correlation matrices created: 1
[2026-05-01T22:26:16Z] [SECTION] ============================================================
[2026-05-01T22:26:16Z] [INFO] 🖼️  PHASE: IMAGE-SEED ANALYSIS
[2026-05-01T22:26:16Z] [INFO] 📂 Image seed analysis bootstrapping from 0 images...
[2026-05-01T22:26:16Z] [SECTION] ============================================================
[2026-05-01T22:26:16Z] [INFO] 📤 PHASE: PUSH COMPONENTS TO TOLARIA
[2026-05-01T22:26:17Z] [INFO] 📦 Components pushed to Tolaria: 5
[2026-05-01T22:26:17Z] [SECTION] ============================================================
[2026-05-01T22:26:17Z] [INFO] 🧩 PHASE: COMPOSER - DOMAIN INTEGRATION SYNTHESIS
[2026-05-01T22:26:17Z] [INFO] 🎨 Domain integrations synthesized: 0
[2026-05-01T22:26:17Z] [SECTION] ============================================================
[2026-05-01T22:26:17Z] [INFO] 🚀 PHASE: ADVANCED OVERNIGHT LOOP
[2026-05-01T22:26:17Z] [INFO] 🔬 Advanced loop completed cycles: 0
[2026-05-01T22:26:17Z] [WARNING] ⚠️  Git commit skipped or failed (git not initialized?): Command '['git', '-C', '/home/avalonas/.hermes/gematria/unified_overnight_research', 'add', '.']' returned non-zero exit status 128.
[2026-05-01T22:26:17Z] [INFO] 
📊 CYCLE #79 SUMMARY
[2026-05-01T22:26:17Z] [INFO] ✅ Successful tasks: 7/7
[2026-05-01T22:26:17Z] [INFO] ⏱️  Cycle duration: 1.69s
[2026-05-01T22:26:17Z] [INFO]    ⚠️ task: result
[2026-05-01T22:26:17Z] [INFO]    ⚠️ task: result
[2026-05-01T22:26:17Z] [INFO]    ⚠️ task: result
[2026-05-01T22:26:17Z] [INFO]    ⚠️ task: result
[2026-05-01T22:26:17Z] [INFO]    ⚠️ task: result
[2026-05-01T22:26:17Z] [INFO]    ⚠️ task: result
[2026-05-01T22:26:17Z] [INFO]    ⚠️ task: result
[2026-05-01T22:26:17Z] [HEADER] ================================================================================
[2026-05-01T22:26:17Z] [INFO] 🔄 OVERNIGHT RESEARCH PIPELINE - CYCLE #80
[2026-05-01T22:26:17Z] [INFO] ================================================================================
[2026-05-01T22:26:17Z] [HEADER] ============================================================
[2026-05-01T22:26:17Z] [INFO] 🌙 STARTING OVERNIGHT RESEARCH CYCLE #80
[2026-05-01T22:26:17Z] [INFO] 🔍 Running overnight research protocol (web scraping + cross-symbol analysis)...
[2026-05-01T22:26:18Z] [INFO] 📊 Cycle duration: 0.60s, Files generated: 0
[2026-05-01T22:26:18Z] [INFO] 💾 Database updated with cycle results
[2026-05-01T22:26:18Z] [SECTION] ============================================================
[2026-05-01T22:26:18Z] [INFO] 🔮 PHASE: HIDDEN LAYERING DETECTION
[2026-05-01T22:26:18Z] [INFO] 🔗 Hidden layering detection complete. Connections identified: 2
[2026-05-01T22:26:18Z] [SECTION] ============================================================
[2026-05-01T22:26:18Z] [INFO] 🔬 PHASE: DOMAIN CORRELATION ANALYSIS
[2026-05-01T22:26:18Z] [INFO] 📊 Domain correlation matrices created: 1
[2026-05-01T22:26:18Z] [SECTION] ============================================================
[2026-05-01T22:26:18Z] [INFO] 🖼️  PHASE: IMAGE-SEED ANALYSIS
[2026-05-01T22:26:18Z] [INFO] 📂 Image seed analysis bootstrapping from 0 images...
[2026-05-01T22:26:18Z] [SECTION] ============================================================
[2026-05-01T22:26:18Z] [INFO] 📤 PHASE: PUSH COMPONENTS TO TOLARIA
[2026-05-01T22:26:19Z] [INFO] 📦 Components pushed to Tolaria: 5
[2026-05-01T22:26:19Z] [SECTION] ============================================================
[2026-05-01T22:26:19Z] [INFO] 🧩 PHASE: COMPOSER - DOMAIN INTEGRATION SYNTHESIS
[2026-05-01T22:26:19Z] [INFO] 🎨 Domain integrations synthesized: 0
[2026-05-01T22:26:19Z] [SECTION] ============================================================
[2026-05-01T22:26:19Z] [INFO] 🚀 PHASE: ADVANCED OVERNIGHT LOOP
[2026-05-01T22:26:19Z] [INFO] 🔬 Advanced loop completed cycles: 0
[2026-05-01T22:26:19Z] [WARNING] ⚠️  Git commit skipped or failed (git not initialized?): Command '['git', '-C', '/home/avalonas/.hermes/gematria/unified_overnight_research', 'add', '.']' returned non-zero exit status 128.
[2026-05-01T22:26:19Z] [INFO] 
📊 CYCLE #80 SUMMARY
[2026-05-01T22:26:19Z] [INFO] ✅ Successful tasks: 7/7
[2026-05-01T22:26:19Z] [INFO] ⏱️  Cycle duration: 1.77s
[2026-05-01T22:26:19Z] [INFO]    ⚠️ task: result
[2026-05-01T22:26:19Z] [INFO]    ⚠️ task: result
[2026-05-01T22:26:19Z] [INFO]    ⚠️ task: result
[2026-05-01T22:26:19Z] [INFO]    ⚠️ task: result
[2026-05-01T22:26:19Z] [INFO]    ⚠️ task: result
[2026-05-01T22:26:19Z] [INFO]    ⚠️ task: result
[2026-05-01T22:26:19Z] [INFO]    ⚠️ task: result
[2026-05-01T22:26:19Z] [HEADER] ================================================================================
[2026-05-01T22:26:19Z] [INFO] 🔄 OVERNIGHT RESEARCH PIPELINE - CYCLE #81
[2026-05-01T22:26:19Z] [INFO] ================================================================================
[2026-05-01T22:26:19Z] [HEADER] ============================================================
[2026-05-01T22:26:19Z] [INFO] 🌙 STARTING OVERNIGHT RESEARCH CYCLE #81
[2026-05-01T22:26:19Z] [INFO] 🔍 Running overnight research protocol (web scraping + cross-symbol analysis)...
[2026-05-01T22:26:19Z] [INFO] 📊 Cycle duration: 0.47s, Files generated: 0
[2026-05-01T22:26:19Z] [INFO] 💾 Database updated with cycle results
[2026-05-01T22:26:19Z] [SECTION] ============================================================
[2026-05-01T22:26:19Z] [INFO] 🔮 PHASE: HIDDEN LAYERING DETECTION
[2026-05-01T22:26:19Z] [INFO] 🔗 Hidden layering detection complete. Connections identified: 2
[2026-05-01T22:26:19Z] [SECTION] ============================================================
[2026-05-01T22:26:19Z] [INFO] 🔬 PHASE: DOMAIN CORRELATION ANALYSIS
[2026-05-01T22:26:19Z] [INFO] 📊 Domain correlation matrices created: 1
[2026-05-01T22:26:19Z] [SECTION] ============================================================
[2026-05-01T22:26:19Z] [INFO] 🖼️  PHASE: IMAGE-SEED ANALYSIS
[2026-05-01T22:26:19Z] [INFO] 📂 Image seed analysis bootstrapping from 0 images...
[2026-05-01T22:26:19Z] [SECTION] ============================================================
[2026-05-01T22:26:19Z] [INFO] 📤 PHASE: PUSH COMPONENTS TO TOLARIA
[2026-05-01T22:26:20Z] [INFO] 📦 Components pushed to Tolaria: 5
[2026-05-01T22:26:20Z] [SECTION] ============================================================
[2026-05-01T22:26:20Z] [INFO] 🧩 PHASE: COMPOSER - DOMAIN INTEGRATION SYNTHESIS
[2026-05-01T22:26:21Z] [INFO] 🎨 Domain integrations synthesized: 0
[2026-05-01T22:26:21Z] [SECTION] ============================================================
[2026-05-01T22:26:21Z] [INFO] 🚀 PHASE: ADVANCED OVERNIGHT LOOP
[2026-05-01T22:26:21Z] [INFO] 🔬 Advanced loop completed cycles: 0
[2026-05-01T22:26:21Z] [WARNING] ⚠️  Git commit skipped or failed (git not initialized?): Command '['git', '-C', '/home/avalonas/.hermes/gematria/unified_overnight_research', 'add', '.']' returned non-zero exit status 128.
[2026-05-01T22:26:21Z] [INFO] 
📊 CYCLE #81 SUMMARY
[2026-05-01T22:26:21Z] [INFO] ✅ Successful tasks: 7/7
[2026-05-01T22:26:21Z] [INFO] ⏱️  Cycle duration: 1.74s
[2026-05-01T22:26:21Z] [INFO]    ⚠️ task: result
[2026-05-01T22:26:21Z] [INFO]    ⚠️ task: result
[2026-05-01T22:26:21Z] [INFO]    ⚠️ task: result
[2026-05-01T22:26:21Z] [INFO]    ⚠️ task: result
[2026-05-01T22:26:21Z] [INFO]    ⚠️ task: result
[2026-05-01T22:26:21Z] [INFO]    ⚠️ task: result
[2026-05-01T22:26:21Z] [INFO]    ⚠️ task: result
[2026-05-01T22:26:21Z] [HEADER] ================================================================================
[2026-05-01T22:26:21Z] [INFO] 🔄 OVERNIGHT RESEARCH PIPELINE - CYCLE #82
[2026-05-01T22:26:21Z] [INFO] ================================================================================
[2026-05-01T22:26:21Z] [HEADER] ============================================================
[2026-05-01T22:26:21Z] [INFO] 🌙 STARTING OVERNIGHT RESEARCH CYCLE #82
[2026-05-01T22:26:21Z] [INFO] 🔍 Running overnight research protocol (web scraping + cross-symbol analysis)...
[2026-05-01T22:26:21Z] [INFO] 📊 Cycle duration: 0.58s, Files generated: 0
[2026-05-01T22:26:21Z] [INFO] 💾 Database updated with cycle results
[2026-05-01T22:26:21Z] [SECTION] ============================================================
[2026-05-01T22:26:21Z] [INFO] 🔮 PHASE: HIDDEN LAYERING DETECTION
[2026-05-01T22:26:21Z] [INFO] 🔗 Hidden layering detection complete. Connections identified: 2
[2026-05-01T22:26:21Z] [SECTION] ============================================================
[2026-05-01T22:26:21Z] [INFO] 🔬 PHASE: DOMAIN CORRELATION ANALYSIS
[2026-05-01T22:26:21Z] [INFO] 📊 Domain correlation matrices created: 1
[2026-05-01T22:26:21Z] [SECTION] ============================================================
[2026-05-01T22:26:21Z] [INFO] 🖼️  PHASE: IMAGE-SEED ANALYSIS
[2026-05-01T22:26:21Z] [INFO] 📂 Image seed analysis bootstrapping from 0 images...
[2026-05-01T22:26:21Z] [SECTION] ============================================================
[2026-05-01T22:26:21Z] [INFO] 📤 PHASE: PUSH COMPONENTS TO TOLARIA
[2026-05-01T22:26:22Z] [INFO] 📦 Components pushed to Tolaria: 5
[2026-05-01T22:26:22Z] [SECTION] ============================================================
[2026-05-01T22:26:22Z] [INFO] 🧩 PHASE: COMPOSER - DOMAIN INTEGRATION SYNTHESIS
[2026-05-01T22:26:22Z] [INFO] 🎨 Domain integrations synthesized: 0
[2026-05-01T22:26:22Z] [SECTION] ============================================================
[2026-05-01T22:26:22Z] [INFO] 🚀 PHASE: ADVANCED OVERNIGHT LOOP
[2026-05-01T22:26:22Z] [INFO] 🔬 Advanced loop completed cycles: 0
[2026-05-01T22:26:22Z] [WARNING] ⚠️  Git commit skipped or failed (git not initialized?): Command '['git', '-C', '/home/avalonas/.hermes/gematria/unified_overnight_research', 'add', '.']' returned non-zero exit status 128.
[2026-05-01T22:26:22Z] [INFO] 
📊 CYCLE #82 SUMMARY
[2026-05-01T22:26:22Z] [INFO] ✅ Successful tasks: 7/7
[2026-05-01T22:26:22Z] [INFO] ⏱️  Cycle duration: 1.77s
[2026-05-01T22:26:22Z] [INFO]    ⚠️ task: result
[2026-05-01T22:26:22Z] [INFO]    ⚠️ task: result
[2026-05-01T22:26:22Z] [INFO]    ⚠️ task: result
[2026-05-01T22:26:22Z] [INFO]    ⚠️ task: result
[2026-05-01T22:26:22Z] [INFO]    ⚠️ task: result
[2026-05-01T22:26:22Z] [INFO]    ⚠️ task: result
[2026-05-01T22:26:22Z] [INFO]    ⚠️ task: result
[2026-05-01T22:26:22Z] [HEADER] ================================================================================
[2026-05-01T22:26:22Z] [INFO] 🔄 OVERNIGHT RESEARCH PIPELINE - CYCLE #83
[2026-05-01T22:26:22Z] [INFO] ================================================================================
[2026-05-01T22:26:22Z] [HEADER] ============================================================
[2026-05-01T22:26:22Z] [INFO] 🌙 STARTING OVERNIGHT RESEARCH CYCLE #83
[2026-05-01T22:26:22Z] [INFO] 🔍 Running overnight research protocol (web scraping + cross-symbol analysis)...
[2026-05-01T22:26:23Z] [INFO] 📊 Cycle duration: 0.62s, Files generated: 0
[2026-05-01T22:26:23Z] [INFO] 💾 Database updated with cycle results
[2026-05-01T22:26:23Z] [SECTION] ============================================================
[2026-05-01T22:26:23Z] [INFO] 🔮 PHASE: HIDDEN LAYERING DETECTION
[2026-05-01T22:26:23Z] [INFO] 🔗 Hidden layering detection complete. Connections identified: 2
[2026-05-01T22:26:23Z] [SECTION] ============================================================
[2026-05-01T22:26:23Z] [INFO] 🔬 PHASE: DOMAIN CORRELATION ANALYSIS
[2026-05-01T22:26:23Z] [INFO] 📊 Domain correlation matrices created: 1
[2026-05-01T22:26:23Z] [SECTION] ============================================================
[2026-05-01T22:26:23Z] [INFO] 🖼️  PHASE: IMAGE-SEED ANALYSIS
[2026-05-01T22:26:23Z] [INFO] 📂 Image seed analysis bootstrapping from 0 images...
[2026-05-01T22:26:23Z] [SECTION] ============================================================
[2026-05-01T22:26:23Z] [INFO] 📤 PHASE: PUSH COMPONENTS TO TOLARIA
[2026-05-01T22:26:24Z] [INFO] 📦 Components pushed to Tolaria: 5
[2026-05-01T22:26:24Z] [SECTION] ============================================================
[2026-05-01T22:26:24Z] [INFO] 🧩 PHASE: COMPOSER - DOMAIN INTEGRATION SYNTHESIS
[2026-05-01T22:26:24Z] [INFO] 🎨 Domain integrations synthesized: 0
[2026-05-01T22:26:24Z] [SECTION] ============================================================
[2026-05-01T22:26:24Z] [INFO] 🚀 PHASE: ADVANCED OVERNIGHT LOOP
[2026-05-01T22:26:24Z] [INFO] 🔬 Advanced loop completed cycles: 0
[2026-05-01T22:26:24Z] [WARNING] ⚠️  Git commit skipped or failed (git not initialized?): Command '['git', '-C', '/home/avalonas/.hermes/gematria/unified_overnight_research', 'add', '.']' returned non-zero exit status 128.
[2026-05-01T22:26:24Z] [INFO] 
📊 CYCLE #83 SUMMARY
[2026-05-01T22:26:24Z] [INFO] ✅ Successful tasks: 7/7
[2026-05-01T22:26:24Z] [INFO] ⏱️  Cycle duration: 1.77s
[2026-05-01T22:26:24Z] [INFO]    ⚠️ task: result
[2026-05-01T22:26:24Z] [INFO]    ⚠️ task: result
[2026-05-01T22:26:24Z] [INFO]    ⚠️ task: result
[2026-05-01T22:26:24Z] [INFO]    ⚠️ task: result
[2026-05-01T22:26:24Z] [INFO]    ⚠️ task: result
[2026-05-01T22:26:24Z] [INFO]    ⚠️ task: result
[2026-05-01T22:26:24Z] [INFO]    ⚠️ task: result
[2026-05-01T22:26:24Z] [HEADER] ================================================================================
[2026-05-01T22:26:24Z] [INFO] 🔄 OVERNIGHT RESEARCH PIPELINE - CYCLE #84
[2026-05-01T22:26:24Z] [INFO] ================================================================================
[2026-05-01T22:26:24Z] [HEADER] ============================================================
[2026-05-01T22:26:24Z] [INFO] 🌙 STARTING OVERNIGHT RESEARCH CYCLE #84
[2026-05-01T22:26:24Z] [INFO] 🔍 Running overnight research protocol (web scraping + cross-symbol analysis)...
[2026-05-01T22:26:25Z] [INFO] 📊 Cycle duration: 0.57s, Files generated: 0
[2026-05-01T22:26:25Z] [INFO] 💾 Database updated with cycle results
[2026-05-01T22:26:25Z] [SECTION] ============================================================
[2026-05-01T22:26:25Z] [INFO] 🔮 PHASE: HIDDEN LAYERING DETECTION
[2026-05-01T22:26:25Z] [INFO] 🔗 Hidden layering detection complete. Connections identified: 2
[2026-05-01T22:26:25Z] [SECTION] ============================================================
[2026-05-01T22:26:25Z] [INFO] 🔬 PHASE: DOMAIN CORRELATION ANALYSIS
[2026-05-01T22:26:25Z] [INFO] 📊 Domain correlation matrices created: 1
[2026-05-01T22:26:25Z] [SECTION] ============================================================
[2026-05-01T22:26:25Z] [INFO] 🖼️  PHASE: IMAGE-SEED ANALYSIS
[2026-05-01T22:26:25Z] [INFO] 📂 Image seed analysis bootstrapping from 0 images...
[2026-05-01T22:26:25Z] [SECTION] ============================================================
[2026-05-01T22:26:25Z] [INFO] 📤 PHASE: PUSH COMPONENTS TO TOLARIA
[2026-05-01T22:26:26Z] [INFO] 📦 Components pushed to Tolaria: 5
[2026-05-01T22:26:26Z] [SECTION] ============================================================
[2026-05-01T22:26:26Z] [INFO] 🧩 PHASE: COMPOSER - DOMAIN INTEGRATION SYNTHESIS
[2026-05-01T22:26:26Z] [INFO] 🎨 Domain integrations synthesized: 0
[2026-05-01T22:26:26Z] [SECTION] ============================================================
[2026-05-01T22:26:26Z] [INFO] 🚀 PHASE: ADVANCED OVERNIGHT LOOP
[2026-05-01T22:26:26Z] [INFO] 🔬 Advanced loop completed cycles: 0
[2026-05-01T22:26:26Z] [WARNING] ⚠️  Git commit skipped or failed (git not initialized?): Command '['git', '-C', '/home/avalonas/.hermes/gematria/unified_overnight_research', 'add', '.']' returned non-zero exit status 128.
[2026-05-01T22:26:26Z] [INFO] 
📊 CYCLE #84 SUMMARY
[2026-05-01T22:26:26Z] [INFO] ✅ Successful tasks: 7/7
[2026-05-01T22:26:26Z] [INFO] ⏱️  Cycle duration: 2.06s
[2026-05-01T22:26:26Z] [INFO]    ⚠️ task: result
[2026-05-01T22:26:26Z] [INFO]    ⚠️ task: result
[2026-05-01T22:26:26Z] [INFO]    ⚠️ task: result
[2026-05-01T22:26:26Z] [INFO]    ⚠️ task: result
[2026-05-01T22:26:26Z] [INFO]    ⚠️ task: result
[2026-05-01T22:26:26Z] [INFO]    ⚠️ task: result
[2026-05-01T22:26:26Z] [INFO]    ⚠️ task: result
[2026-05-01T22:26:26Z] [HEADER] ================================================================================
[2026-05-01T22:26:26Z] [INFO] 🔄 OVERNIGHT RESEARCH PIPELINE - CYCLE #85
[2026-05-01T22:26:26Z] [INFO] ================================================================================
[2026-05-01T22:26:26Z] [HEADER] ============================================================
[2026-05-01T22:26:26Z] [INFO] 🌙 STARTING OVERNIGHT RESEARCH CYCLE #85
[2026-05-01T22:26:26Z] [INFO] 🔍 Running overnight research protocol (web scraping + cross-symbol analysis)...
[2026-05-01T22:26:27Z] [INFO] 📊 Cycle duration: 0.58s, Files generated: 0
[2026-05-01T22:26:27Z] [INFO] 💾 Database updated with cycle results
[2026-05-01T22:26:27Z] [SECTION] ============================================================
[2026-05-01T22:26:27Z] [INFO] 🔮 PHASE: HIDDEN LAYERING DETECTION
[2026-05-01T22:26:27Z] [INFO] 🔗 Hidden layering detection complete. Connections identified: 2
[2026-05-01T22:26:27Z] [SECTION] ============================================================
[2026-05-01T22:26:27Z] [INFO] 🔬 PHASE: DOMAIN CORRELATION ANALYSIS
[2026-05-01T22:26:27Z] [INFO] 📊 Domain correlation matrices created: 1
[2026-05-01T22:26:27Z] [SECTION] ============================================================
[2026-05-01T22:26:27Z] [INFO] 🖼️  PHASE: IMAGE-SEED ANALYSIS
[2026-05-01T22:26:27Z] [INFO] 📂 Image seed analysis bootstrapping from 0 images...
[2026-05-01T22:26:27Z] [SECTION] ============================================================
[2026-05-01T22:26:27Z] [INFO] 📤 PHASE: PUSH COMPONENTS TO TOLARIA
[2026-05-01T22:26:28Z] [INFO] 📦 Components pushed to Tolaria: 5
[2026-05-01T22:26:28Z] [SECTION] ============================================================
[2026-05-01T22:26:28Z] [INFO] 🧩 PHASE: COMPOSER - DOMAIN INTEGRATION SYNTHESIS
[2026-05-01T22:26:28Z] [INFO] 🎨 Domain integrations synthesized: 0
[2026-05-01T22:26:28Z] [SECTION] ============================================================
[2026-05-01T22:26:28Z] [INFO] 🚀 PHASE: ADVANCED OVERNIGHT LOOP
[2026-05-01T22:26:28Z] [INFO] 🔬 Advanced loop completed cycles: 0
[2026-05-01T22:26:28Z] [WARNING] ⚠️  Git commit skipped or failed (git not initialized?): Command '['git', '-C', '/home/avalonas/.hermes/gematria/unified_overnight_research', 'add', '.']' returned non-zero exit status 128.
[2026-05-01T22:26:28Z] [INFO] 
📊 CYCLE #85 SUMMARY
[2026-05-01T22:26:28Z] [INFO] ✅ Successful tasks: 7/7
[2026-05-01T22:26:28Z] [INFO] ⏱️  Cycle duration: 1.66s
[2026-05-01T22:26:28Z] [INFO]    ⚠️ task: result
[2026-05-01T22:26:28Z] [INFO]    ⚠️ task: result
[2026-05-01T22:26:28Z] [INFO]    ⚠️ task: result
[2026-05-01T22:26:28Z] [INFO]    ⚠️ task: result
[2026-05-01T22:26:28Z] [INFO]    ⚠️ task: result
[2026-05-01T22:26:28Z] [INFO]    ⚠️ task: result
[2026-05-01T22:26:28Z] [INFO]    ⚠️ task: result
[2026-05-01T22:26:28Z] [HEADER] ================================================================================
[2026-05-01T22:26:28Z] [INFO] 🔄 OVERNIGHT RESEARCH PIPELINE - CYCLE #86
[2026-05-01T22:26:28Z] [INFO] ================================================================================
[2026-05-01T22:26:28Z] [HEADER] ============================================================
[2026-05-01T22:26:28Z] [INFO] 🌙 STARTING OVERNIGHT RESEARCH CYCLE #86
[2026-05-01T22:26:28Z] [INFO] 🔍 Running overnight research protocol (web scraping + cross-symbol analysis)...
[2026-05-01T22:26:29Z] [INFO] 📊 Cycle duration: 0.60s, Files generated: 0
[2026-05-01T22:26:29Z] [INFO] 💾 Database updated with cycle results
[2026-05-01T22:26:29Z] [SECTION] ============================================================
[2026-05-01T22:26:29Z] [INFO] 🔮 PHASE: HIDDEN LAYERING DETECTION
[2026-05-01T22:26:29Z] [INFO] 🔗 Hidden layering detection complete. Connections identified: 2
[2026-05-01T22:26:29Z] [SECTION] ============================================================
[2026-05-01T22:26:29Z] [INFO] 🔬 PHASE: DOMAIN CORRELATION ANALYSIS
[2026-05-01T22:26:29Z] [INFO] 📊 Domain correlation matrices created: 1
[2026-05-01T22:26:29Z] [SECTION] ============================================================
[2026-05-01T22:26:29Z] [INFO] 🖼️  PHASE: IMAGE-SEED ANALYSIS
[2026-05-01T22:26:29Z] [INFO] 📂 Image seed analysis bootstrapping from 0 images...
[2026-05-01T22:26:29Z] [SECTION] ============================================================
[2026-05-01T22:26:29Z] [INFO] 📤 PHASE: PUSH COMPONENTS TO TOLARIA
[2026-05-01T22:26:29Z] [INFO] 📦 Components pushed to Tolaria: 5
[2026-05-01T22:26:29Z] [SECTION] ============================================================
[2026-05-01T22:26:29Z] [INFO] 🧩 PHASE: COMPOSER - DOMAIN INTEGRATION SYNTHESIS
[2026-05-01T22:26:29Z] [INFO] 🎨 Domain integrations synthesized: 0
[2026-05-01T22:26:29Z] [SECTION] ============================================================
[2026-05-01T22:26:29Z] [INFO] 🚀 PHASE: ADVANCED OVERNIGHT LOOP
[2026-05-01T22:26:29Z] [INFO] 🔬 Advanced loop completed cycles: 0
[2026-05-01T22:26:30Z] [WARNING] ⚠️  Git commit skipped or failed (git not initialized?): Command '['git', '-C', '/home/avalonas/.hermes/gematria/unified_overnight_research', 'add', '.']' returned non-zero exit status 128.
[2026-05-01T22:26:30Z] [INFO] 
📊 CYCLE #86 SUMMARY
[2026-05-01T22:26:30Z] [INFO] ✅ Successful tasks: 7/7
[2026-05-01T22:26:30Z] [INFO] ⏱️  Cycle duration: 1.66s
[2026-05-01T22:26:30Z] [INFO]    ⚠️ task: result
[2026-05-01T22:26:30Z] [INFO]    ⚠️ task: result
[2026-05-01T22:26:30Z] [INFO]    ⚠️ task: result
[2026-05-01T22:26:30Z] [INFO]    ⚠️ task: result
[2026-05-01T22:26:30Z] [INFO]    ⚠️ task: result
[2026-05-01T22:26:30Z] [INFO]    ⚠️ task: result
[2026-05-01T22:26:30Z] [INFO]    ⚠️ task: result
[2026-05-01T22:26:30Z] [HEADER] ================================================================================
[2026-05-01T22:26:30Z] [INFO] 🔄 OVERNIGHT RESEARCH PIPELINE - CYCLE #87
[2026-05-01T22:26:30Z] [INFO] ================================================================================
[2026-05-01T22:26:30Z] [HEADER] ============================================================
[2026-05-01T22:26:30Z] [INFO] 🌙 STARTING OVERNIGHT RESEARCH CYCLE #87
[2026-05-01T22:26:30Z] [INFO] 🔍 Running overnight research protocol (web scraping + cross-symbol analysis)...
[2026-05-01T22:26:30Z] [INFO] 📊 Cycle duration: 0.57s, Files generated: 0
[2026-05-01T22:26:30Z] [INFO] 💾 Database updated with cycle results
[2026-05-01T22:26:30Z] [SECTION] ============================================================
[2026-05-01T22:26:30Z] [INFO] 🔮 PHASE: HIDDEN LAYERING DETECTION
[2026-05-01T22:26:30Z] [INFO] 🔗 Hidden layering detection complete. Connections identified: 2
[2026-05-01T22:26:30Z] [SECTION] ============================================================
[2026-05-01T22:26:30Z] [INFO] 🔬 PHASE: DOMAIN CORRELATION ANALYSIS
[2026-05-01T22:26:30Z] [INFO] 📊 Domain correlation matrices created: 1
[2026-05-01T22:26:30Z] [SECTION] ============================================================
[2026-05-01T22:26:30Z] [INFO] 🖼️  PHASE: IMAGE-SEED ANALYSIS
[2026-05-01T22:26:30Z] [INFO] 📂 Image seed analysis bootstrapping from 0 images...
[2026-05-01T22:26:30Z] [SECTION] ============================================================
[2026-05-01T22:26:30Z] [INFO] 📤 PHASE: PUSH COMPONENTS TO TOLARIA
[2026-05-01T22:26:31Z] [INFO] 📦 Components pushed to Tolaria: 5
[2026-05-01T22:26:31Z] [SECTION] ============================================================
[2026-05-01T22:26:31Z] [INFO] 🧩 PHASE: COMPOSER - DOMAIN INTEGRATION SYNTHESIS
[2026-05-01T22:26:31Z] [INFO] 🎨 Domain integrations synthesized: 0
[2026-05-01T22:26:31Z] [SECTION] ============================================================
[2026-05-01T22:26:31Z] [INFO] 🚀 PHASE: ADVANCED OVERNIGHT LOOP
[2026-05-01T22:26:31Z] [INFO] 🔬 Advanced loop completed cycles: 0
[2026-05-01T22:26:31Z] [WARNING] ⚠️  Git commit skipped or failed (git not initialized?): Command '['git', '-C', '/home/avalonas/.hermes/gematria/unified_overnight_research', 'add', '.']' returned non-zero exit status 128.
[2026-05-01T22:26:31Z] [INFO] 
📊 CYCLE #87 SUMMARY
[2026-05-01T22:26:31Z] [INFO] ✅ Successful tasks: 7/7
[2026-05-01T22:26:31Z] [INFO] ⏱️  Cycle duration: 1.67s
[2026-05-01T22:26:31Z] [INFO]    ⚠️ task: result
[2026-05-01T22:26:31Z] [INFO]    ⚠️ task: result
[2026-05-01T22:26:31Z] [INFO]    ⚠️ task: result
[2026-05-01T22:26:31Z] [INFO]    ⚠️ task: result
[2026-05-01T22:26:31Z] [INFO]    ⚠️ task: result
[2026-05-01T22:26:31Z] [INFO]    ⚠️ task: result
[2026-05-01T22:26:31Z] [INFO]    ⚠️ task: result
[2026-05-01T22:26:31Z] [HEADER] ================================================================================
[2026-05-01T22:26:31Z] [INFO] 🔄 OVERNIGHT RESEARCH PIPELINE - CYCLE #88
[2026-05-01T22:26:31Z] [INFO] ================================================================================
[2026-05-01T22:26:31Z] [HEADER] ============================================================
[2026-05-01T22:26:31Z] [INFO] 🌙 STARTING OVERNIGHT RESEARCH CYCLE #88
[2026-05-01T22:26:31Z] [INFO] 🔍 Running overnight research protocol (web scraping + cross-symbol analysis)...
[2026-05-01T22:26:32Z] [INFO] 📊 Cycle duration: 0.59s, Files generated: 0
[2026-05-01T22:26:32Z] [INFO] 💾 Database updated with cycle results
[2026-05-01T22:26:32Z] [SECTION] ============================================================
[2026-05-01T22:26:32Z] [INFO] 🔮 PHASE: HIDDEN LAYERING DETECTION
[2026-05-01T22:26:32Z] [INFO] 🔗 Hidden layering detection complete. Connections identified: 2
[2026-05-01T22:26:32Z] [SECTION] ============================================================
[2026-05-01T22:26:32Z] [INFO] 🔬 PHASE: DOMAIN CORRELATION ANALYSIS
[2026-05-01T22:26:32Z] [INFO] 📊 Domain correlation matrices created: 1
[2026-05-01T22:26:32Z] [SECTION] ============================================================
[2026-05-01T22:26:32Z] [INFO] 🖼️  PHASE: IMAGE-SEED ANALYSIS
[2026-05-01T22:26:32Z] [INFO] 📂 Image seed analysis bootstrapping from 0 images...
[2026-05-01T22:26:32Z] [SECTION] ============================================================
[2026-05-01T22:26:32Z] [INFO] 📤 PHASE: PUSH COMPONENTS TO TOLARIA
[2026-05-01T22:26:33Z] [INFO] 📦 Components pushed to Tolaria: 5
[2026-05-01T22:26:33Z] [SECTION] ============================================================
[2026-05-01T22:26:33Z] [INFO] 🧩 PHASE: COMPOSER - DOMAIN INTEGRATION SYNTHESIS
[2026-05-01T22:26:33Z] [INFO] 🎨 Domain integrations synthesized: 0
[2026-05-01T22:26:33Z] [SECTION] ============================================================
[2026-05-01T22:26:33Z] [INFO] 🚀 PHASE: ADVANCED OVERNIGHT LOOP
[2026-05-01T22:26:33Z] [INFO] 🔬 Advanced loop completed cycles: 0
[2026-05-01T22:26:33Z] [WARNING] ⚠️  Git commit skipped or failed (git not initialized?): Command '['git', '-C', '/home/avalonas/.hermes/gematria/unified_overnight_research', 'add', '.']' returned non-zero exit status 128.
[2026-05-01T22:26:33Z] [INFO] 
📊 CYCLE #88 SUMMARY
[2026-05-01T22:26:33Z] [INFO] ✅ Successful tasks: 7/7
[2026-05-01T22:26:33Z] [INFO] ⏱️  Cycle duration: 1.75s
[2026-05-01T22:26:33Z] [INFO]    ⚠️ task: result
[2026-05-01T22:26:33Z] [INFO]    ⚠️ task: result
[2026-05-01T22:26:33Z] [INFO]    ⚠️ task: result
[2026-05-01T22:26:33Z] [INFO]    ⚠️ task: result
[2026-05-01T22:26:33Z] [INFO]    ⚠️ task: result
[2026-05-01T22:26:33Z] [INFO]    ⚠️ task: result
[2026-05-01T22:26:33Z] [INFO]    ⚠️ task: result
[2026-05-01T22:26:33Z] [HEADER] ================================================================================
[2026-05-01T22:26:33Z] [INFO] 🔄 OVERNIGHT RESEARCH PIPELINE - CYCLE #89
[2026-05-01T22:26:33Z] [INFO] ================================================================================
[2026-05-01T22:26:33Z] [HEADER] ============================================================
[2026-05-01T22:26:33Z] [INFO] 🌙 STARTING OVERNIGHT RESEARCH CYCLE #89
[2026-05-01T22:26:33Z] [INFO] 🔍 Running overnight research protocol (web scraping + cross-symbol analysis)...
[2026-05-01T22:26:34Z] [INFO] 📊 Cycle duration: 0.60s, Files generated: 0
[2026-05-01T22:26:34Z] [INFO] 💾 Database updated with cycle results
[2026-05-01T22:26:34Z] [SECTION] ============================================================
[2026-05-01T22:26:34Z] [INFO] 🔮 PHASE: HIDDEN LAYERING DETECTION
[2026-05-01T22:26:34Z] [INFO] 🔗 Hidden layering detection complete. Connections identified: 2
[2026-05-01T22:26:34Z] [SECTION] ============================================================
[2026-05-01T22:26:34Z] [INFO] 🔬 PHASE: DOMAIN CORRELATION ANALYSIS
[2026-05-01T22:26:34Z] [INFO] 📊 Domain correlation matrices created: 1
[2026-05-01T22:26:34Z] [SECTION] ============================================================
[2026-05-01T22:26:34Z] [INFO] 🖼️  PHASE: IMAGE-SEED ANALYSIS
[2026-05-01T22:26:34Z] [INFO] 📂 Image seed analysis bootstrapping from 0 images...
[2026-05-01T22:26:34Z] [SECTION] ============================================================
[2026-05-01T22:26:34Z] [INFO] 📤 PHASE: PUSH COMPONENTS TO TOLARIA
[2026-05-01T22:26:35Z] [INFO] 📦 Components pushed to Tolaria: 5
[2026-05-01T22:26:35Z] [SECTION] ============================================================
[2026-05-01T22:26:35Z] [INFO] 🧩 PHASE: COMPOSER - DOMAIN INTEGRATION SYNTHESIS
[2026-05-01T22:26:35Z] [INFO] 🎨 Domain integrations synthesized: 0
[2026-05-01T22:26:35Z] [SECTION] ============================================================
[2026-05-01T22:26:35Z] [INFO] 🚀 PHASE: ADVANCED OVERNIGHT LOOP
[2026-05-01T22:26:35Z] [INFO] 🔬 Advanced loop completed cycles: 0
[2026-05-01T22:26:35Z] [WARNING] ⚠️  Git commit skipped or failed (git not initialized?): Command '['git', '-C', '/home/avalonas/.hermes/gematria/unified_overnight_research', 'add', '.']' returned non-zero exit status 128.
[2026-05-01T22:26:35Z] [INFO] 
📊 CYCLE #89 SUMMARY
[2026-05-01T22:26:35Z] [INFO] ✅ Successful tasks: 7/7
[2026-05-01T22:26:35Z] [INFO] ⏱️  Cycle duration: 1.68s
[2026-05-01T22:26:35Z] [INFO]    ⚠️ task: result
[2026-05-01T22:26:35Z] [INFO]    ⚠️ task: result
[2026-05-01T22:26:35Z] [INFO]    ⚠️ task: result
[2026-05-01T22:26:35Z] [INFO]    ⚠️ task: result
[2026-05-01T22:26:35Z] [INFO]    ⚠️ task: result
[2026-05-01T22:26:35Z] [INFO]    ⚠️ task: result
[2026-05-01T22:26:35Z] [INFO]    ⚠️ task: result
[2026-05-01T22:26:35Z] [HEADER] ================================================================================
[2026-05-01T22:26:35Z] [INFO] 🔄 OVERNIGHT RESEARCH PIPELINE - CYCLE #90
[2026-05-01T22:26:35Z] [INFO] ================================================================================
[2026-05-01T22:26:35Z] [HEADER] ============================================================
[2026-05-01T22:26:35Z] [INFO] 🌙 STARTING OVERNIGHT RESEARCH CYCLE #90
[2026-05-01T22:26:35Z] [INFO] 🔍 Running overnight research protocol (web scraping + cross-symbol analysis)...
[2026-05-01T22:26:35Z] [INFO] 📊 Cycle duration: 0.58s, Files generated: 0
[2026-05-01T22:26:35Z] [INFO] 💾 Database updated with cycle results
[2026-05-01T22:26:35Z] [SECTION] ============================================================
[2026-05-01T22:26:35Z] [INFO] 🔮 PHASE: HIDDEN LAYERING DETECTION
[2026-05-01T22:26:35Z] [INFO] 🔗 Hidden layering detection complete. Connections identified: 2
[2026-05-01T22:26:35Z] [SECTION] ============================================================
[2026-05-01T22:26:35Z] [INFO] 🔬 PHASE: DOMAIN CORRELATION ANALYSIS
[2026-05-01T22:26:35Z] [INFO] 📊 Domain correlation matrices created: 1
[2026-05-01T22:26:35Z] [SECTION] ============================================================
[2026-05-01T22:26:35Z] [INFO] 🖼️  PHASE: IMAGE-SEED ANALYSIS
[2026-05-01T22:26:35Z] [INFO] 📂 Image seed analysis bootstrapping from 0 images...
[2026-05-01T22:26:35Z] [SECTION] ============================================================
[2026-05-01T22:26:35Z] [INFO] 📤 PHASE: PUSH COMPONENTS TO TOLARIA
[2026-05-01T22:26:36Z] [INFO] 📦 Components pushed to Tolaria: 5
[2026-05-01T22:26:36Z] [SECTION] ============================================================
[2026-05-01T22:26:36Z] [INFO] 🧩 PHASE: COMPOSER - DOMAIN INTEGRATION SYNTHESIS
[2026-05-01T22:26:36Z] [INFO] 🎨 Domain integrations synthesized: 0
[2026-05-01T22:26:36Z] [SECTION] ============================================================
[2026-05-01T22:26:36Z] [INFO] 🚀 PHASE: ADVANCED OVERNIGHT LOOP
[2026-05-01T22:26:36Z] [INFO] 🔬 Advanced loop completed cycles: 0
[2026-05-01T22:26:36Z] [WARNING] ⚠️  Git commit skipped or failed (git not initialized?): Command '['git', '-C', '/home/avalonas/.hermes/gematria/unified_overnight_research', 'add', '.']' returned non-zero exit status 128.
[2026-05-01T22:26:36Z] [INFO] 
📊 CYCLE #90 SUMMARY
[2026-05-01T22:26:36Z] [INFO] ✅ Successful tasks: 7/7
[2026-05-01T22:26:36Z] [INFO] ⏱️  Cycle duration: 1.55s
[2026-05-01T22:26:36Z] [INFO]    ⚠️ task: result
[2026-05-01T22:26:36Z] [INFO]    ⚠️ task: result
[2026-05-01T22:26:36Z] [INFO]    ⚠️ task: result
[2026-05-01T22:26:36Z] [INFO]    ⚠️ task: result
[2026-05-01T22:26:36Z] [INFO]    ⚠️ task: result
[2026-05-01T22:26:36Z] [INFO]    ⚠️ task: result
[2026-05-01T22:26:36Z] [INFO]    ⚠️ task: result
[2026-05-01T22:26:36Z] [HEADER] ================================================================================
[2026-05-01T22:26:36Z] [INFO] 🔄 OVERNIGHT RESEARCH PIPELINE - CYCLE #91
[2026-05-01T22:26:36Z] [INFO] ================================================================================
[2026-05-01T22:26:36Z] [HEADER] ============================================================
[2026-05-01T22:26:36Z] [INFO] 🌙 STARTING OVERNIGHT RESEARCH CYCLE #91
[2026-05-01T22:26:36Z] [INFO] 🔍 Running overnight research protocol (web scraping + cross-symbol analysis)...
[2026-05-01T22:26:37Z] [INFO] 📊 Cycle duration: 0.60s, Files generated: 0
[2026-05-01T22:26:37Z] [INFO] 💾 Database updated with cycle results
[2026-05-01T22:26:37Z] [SECTION] ============================================================
[2026-05-01T22:26:37Z] [INFO] 🔮 PHASE: HIDDEN LAYERING DETECTION
[2026-05-01T22:26:37Z] [INFO] 🔗 Hidden layering detection complete. Connections identified: 2
[2026-05-01T22:26:37Z] [SECTION] ============================================================
[2026-05-01T22:26:37Z] [INFO] 🔬 PHASE: DOMAIN CORRELATION ANALYSIS
[2026-05-01T22:26:37Z] [INFO] 📊 Domain correlation matrices created: 1
[2026-05-01T22:26:37Z] [SECTION] ============================================================
[2026-05-01T22:26:37Z] [INFO] 🖼️  PHASE: IMAGE-SEED ANALYSIS
[2026-05-01T22:26:37Z] [INFO] 📂 Image seed analysis bootstrapping from 0 images...
[2026-05-01T22:26:37Z] [SECTION] ============================================================
[2026-05-01T22:26:37Z] [INFO] 📤 PHASE: PUSH COMPONENTS TO TOLARIA
[2026-05-01T22:26:38Z] [INFO] 📦 Components pushed to Tolaria: 5
[2026-05-01T22:26:38Z] [SECTION] ============================================================
[2026-05-01T22:26:38Z] [INFO] 🧩 PHASE: COMPOSER - DOMAIN INTEGRATION SYNTHESIS
[2026-05-01T22:26:38Z] [INFO] 🎨 Domain integrations synthesized: 0
[2026-05-01T22:26:38Z] [SECTION] ============================================================
[2026-05-01T22:26:38Z] [INFO] 🚀 PHASE: ADVANCED OVERNIGHT LOOP
[2026-05-01T22:26:38Z] [INFO] 🔬 Advanced loop completed cycles: 0
[2026-05-01T22:26:38Z] [WARNING] ⚠️  Git commit skipped or failed (git not initialized?): Command '['git', '-C', '/home/avalonas/.hermes/gematria/unified_overnight_research', 'add', '.']' returned non-zero exit status 128.
[2026-05-01T22:26:38Z] [INFO] 
📊 CYCLE #91 SUMMARY
[2026-05-01T22:26:38Z] [INFO] ✅ Successful tasks: 7/7
[2026-05-01T22:26:38Z] [INFO] ⏱️  Cycle duration: 1.73s
[2026-05-01T22:26:38Z] [INFO]    ⚠️ task: result
[2026-05-01T22:26:38Z] [INFO]    ⚠️ task: result
[2026-05-01T22:26:38Z] [INFO]    ⚠️ task: result
[2026-05-01T22:26:38Z] [INFO]    ⚠️ task: result
[2026-05-01T22:26:38Z] [INFO]    ⚠️ task: result
[2026-05-01T22:26:38Z] [INFO]    ⚠️ task: result
[2026-05-01T22:26:38Z] [INFO]    ⚠️ task: result
[2026-05-01T22:26:38Z] [HEADER] ================================================================================
[2026-05-01T22:26:38Z] [INFO] 🔄 OVERNIGHT RESEARCH PIPELINE - CYCLE #92
[2026-05-01T22:26:38Z] [INFO] ================================================================================
[2026-05-01T22:26:38Z] [HEADER] ============================================================
[2026-05-01T22:26:38Z] [INFO] 🌙 STARTING OVERNIGHT RESEARCH CYCLE #92
[2026-05-01T22:26:38Z] [INFO] 🔍 Running overnight research protocol (web scraping + cross-symbol analysis)...
[2026-05-01T22:26:39Z] [INFO] 📊 Cycle duration: 0.64s, Files generated: 0
[2026-05-01T22:26:39Z] [INFO] 💾 Database updated with cycle results
[2026-05-01T22:26:39Z] [SECTION] ============================================================
[2026-05-01T22:26:39Z] [INFO] 🔮 PHASE: HIDDEN LAYERING DETECTION
[2026-05-01T22:26:39Z] [INFO] 🔗 Hidden layering detection complete. Connections identified: 2
[2026-05-01T22:26:39Z] [SECTION] ============================================================
[2026-05-01T22:26:39Z] [INFO] 🔬 PHASE: DOMAIN CORRELATION ANALYSIS
[2026-05-01T22:26:39Z] [INFO] 📊 Domain correlation matrices created: 1
[2026-05-01T22:26:39Z] [SECTION] ============================================================
[2026-05-01T22:26:39Z] [INFO] 🖼️  PHASE: IMAGE-SEED ANALYSIS
[2026-05-01T22:26:39Z] [INFO] 📂 Image seed analysis bootstrapping from 0 images...
[2026-05-01T22:26:39Z] [SECTION] ============================================================
[2026-05-01T22:26:39Z] [INFO] 📤 PHASE: PUSH COMPONENTS TO TOLARIA
[2026-05-01T22:26:39Z] [INFO] 📦 Components pushed to Tolaria: 5
[2026-05-01T22:26:39Z] [SECTION] ============================================================
[2026-05-01T22:26:39Z] [INFO] 🧩 PHASE: COMPOSER - DOMAIN INTEGRATION SYNTHESIS
[2026-05-01T22:26:40Z] [INFO] 🎨 Domain integrations synthesized: 0
[2026-05-01T22:26:40Z] [SECTION] ============================================================
[2026-05-01T22:26:40Z] [INFO] 🚀 PHASE: ADVANCED OVERNIGHT LOOP
[2026-05-01T22:26:40Z] [INFO] 🔬 Advanced loop completed cycles: 0
[2026-05-01T22:26:40Z] [WARNING] ⚠️  Git commit skipped or failed (git not initialized?): Command '['git', '-C', '/home/avalonas/.hermes/gematria/unified_overnight_research', 'add', '.']' returned non-zero exit status 128.
[2026-05-01T22:26:40Z] [INFO] 
📊 CYCLE #92 SUMMARY
[2026-05-01T22:26:40Z] [INFO] ✅ Successful tasks: 7/7
[2026-05-01T22:26:40Z] [INFO] ⏱️  Cycle duration: 1.80s
[2026-05-01T22:26:40Z] [INFO]    ⚠️ task: result
[2026-05-01T22:26:40Z] [INFO]    ⚠️ task: result
[2026-05-01T22:26:40Z] [INFO]    ⚠️ task: result
[2026-05-01T22:26:40Z] [INFO]    ⚠️ task: result
[2026-05-01T22:26:40Z] [INFO]    ⚠️ task: result
[2026-05-01T22:26:40Z] [INFO]    ⚠️ task: result
[2026-05-01T22:26:40Z] [INFO]    ⚠️ task: result
[2026-05-01T22:26:40Z] [HEADER] ================================================================================
[2026-05-01T22:26:40Z] [INFO] 🔄 OVERNIGHT RESEARCH PIPELINE - CYCLE #93
[2026-05-01T22:26:40Z] [INFO] ================================================================================
[2026-05-01T22:26:40Z] [HEADER] ============================================================
[2026-05-01T22:26:40Z] [INFO] 🌙 STARTING OVERNIGHT RESEARCH CYCLE #93
[2026-05-01T22:26:40Z] [INFO] 🔍 Running overnight research protocol (web scraping + cross-symbol analysis)...
[2026-05-01T22:26:40Z] [INFO] 📊 Cycle duration: 0.65s, Files generated: 0
[2026-05-01T22:26:40Z] [INFO] 💾 Database updated with cycle results
[2026-05-01T22:26:40Z] [SECTION] ============================================================
[2026-05-01T22:26:40Z] [INFO] 🔮 PHASE: HIDDEN LAYERING DETECTION
[2026-05-01T22:26:40Z] [INFO] 🔗 Hidden layering detection complete. Connections identified: 2
[2026-05-01T22:26:40Z] [SECTION] ============================================================
[2026-05-01T22:26:40Z] [INFO] 🔬 PHASE: DOMAIN CORRELATION ANALYSIS
[2026-05-01T22:26:41Z] [INFO] 📊 Domain correlation matrices created: 1
[2026-05-01T22:26:41Z] [SECTION] ============================================================
[2026-05-01T22:26:41Z] [INFO] 🖼️  PHASE: IMAGE-SEED ANALYSIS
[2026-05-01T22:26:41Z] [INFO] 📂 Image seed analysis bootstrapping from 0 images...
[2026-05-01T22:26:41Z] [SECTION] ============================================================
[2026-05-01T22:26:41Z] [INFO] 📤 PHASE: PUSH COMPONENTS TO TOLARIA
[2026-05-01T22:26:41Z] [INFO] 📦 Components pushed to Tolaria: 5
[2026-05-01T22:26:41Z] [SECTION] ============================================================
[2026-05-01T22:26:41Z] [INFO] 🧩 PHASE: COMPOSER - DOMAIN INTEGRATION SYNTHESIS
[2026-05-01T22:26:41Z] [INFO] 🎨 Domain integrations synthesized: 0
[2026-05-01T22:26:41Z] [SECTION] ============================================================
[2026-05-01T22:26:41Z] [INFO] 🚀 PHASE: ADVANCED OVERNIGHT LOOP
[2026-05-01T22:26:41Z] [INFO] 🔬 Advanced loop completed cycles: 0
[2026-05-01T22:26:42Z] [WARNING] ⚠️  Git commit skipped or failed (git not initialized?): Command '['git', '-C', '/home/avalonas/.hermes/gematria/unified_overnight_research', 'add', '.']' returned non-zero exit status 128.
[2026-05-01T22:26:42Z] [INFO] 
📊 CYCLE #93 SUMMARY
[2026-05-01T22:26:42Z] [INFO] ✅ Successful tasks: 7/7
[2026-05-01T22:26:42Z] [INFO] ⏱️  Cycle duration: 1.72s
[2026-05-01T22:26:42Z] [INFO]    ⚠️ task: result
[2026-05-01T22:26:42Z] [INFO]    ⚠️ task: result
[2026-05-01T22:26:42Z] [INFO]    ⚠️ task: result
[2026-05-01T22:26:42Z] [INFO]    ⚠️ task: result
[2026-05-01T22:26:42Z] [INFO]    ⚠️ task: result
[2026-05-01T22:26:42Z] [INFO]    ⚠️ task: result
[2026-05-01T22:26:42Z] [INFO]    ⚠️ task: result
[2026-05-01T22:26:42Z] [HEADER] ================================================================================
[2026-05-01T22:26:42Z] [INFO] 🔄 OVERNIGHT RESEARCH PIPELINE - CYCLE #94
[2026-05-01T22:26:42Z] [INFO] ================================================================================
[2026-05-01T22:26:42Z] [HEADER] ============================================================
[2026-05-01T22:26:42Z] [INFO] 🌙 STARTING OVERNIGHT RESEARCH CYCLE #94
[2026-05-01T22:26:42Z] [INFO] 🔍 Running overnight research protocol (web scraping + cross-symbol analysis)...
[2026-05-01T22:26:42Z] [INFO] 📊 Cycle duration: 0.64s, Files generated: 0
[2026-05-01T22:26:42Z] [INFO] 💾 Database updated with cycle results
[2026-05-01T22:26:42Z] [SECTION] ============================================================
[2026-05-01T22:26:42Z] [INFO] 🔮 PHASE: HIDDEN LAYERING DETECTION
[2026-05-01T22:26:42Z] [INFO] 🔗 Hidden layering detection complete. Connections identified: 2
[2026-05-01T22:26:42Z] [SECTION] ============================================================
[2026-05-01T22:26:42Z] [INFO] 🔬 PHASE: DOMAIN CORRELATION ANALYSIS
[2026-05-01T22:26:42Z] [INFO] 📊 Domain correlation matrices created: 1
[2026-05-01T22:26:42Z] [SECTION] ============================================================
[2026-05-01T22:26:42Z] [INFO] 🖼️  PHASE: IMAGE-SEED ANALYSIS
[2026-05-01T22:26:42Z] [INFO] 📂 Image seed analysis bootstrapping from 0 images...
[2026-05-01T22:26:42Z] [SECTION] ============================================================
[2026-05-01T22:26:42Z] [INFO] 📤 PHASE: PUSH COMPONENTS TO TOLARIA
[2026-05-01T22:26:43Z] [INFO] 📦 Components pushed to Tolaria: 5
[2026-05-01T22:26:43Z] [SECTION] ============================================================
[2026-05-01T22:26:43Z] [INFO] 🧩 PHASE: COMPOSER - DOMAIN INTEGRATION SYNTHESIS
[2026-05-01T22:26:43Z] [INFO] 🎨 Domain integrations synthesized: 0
[2026-05-01T22:26:43Z] [SECTION] ============================================================
[2026-05-01T22:26:43Z] [INFO] 🚀 PHASE: ADVANCED OVERNIGHT LOOP
[2026-05-01T22:26:43Z] [INFO] 🔬 Advanced loop completed cycles: 0
[2026-05-01T22:26:43Z] [WARNING] ⚠️  Git commit skipped or failed (git not initialized?): Command '['git', '-C', '/home/avalonas/.hermes/gematria/unified_overnight_research', 'add', '.']' returned non-zero exit status 128.
[2026-05-01T22:26:43Z] [INFO] 
📊 CYCLE #94 SUMMARY
[2026-05-01T22:26:43Z] [INFO] ✅ Successful tasks: 7/7
[2026-05-01T22:26:43Z] [INFO] ⏱️  Cycle duration: 1.60s
[2026-05-01T22:26:43Z] [INFO]    ⚠️ task: result
[2026-05-01T22:26:43Z] [INFO]    ⚠️ task: result
[2026-05-01T22:26:43Z] [INFO]    ⚠️ task: result
[2026-05-01T22:26:43Z] [INFO]    ⚠️ task: result
[2026-05-01T22:26:43Z] [INFO]    ⚠️ task: result
[2026-05-01T22:26:43Z] [INFO]    ⚠️ task: result
[2026-05-01T22:26:43Z] [INFO]    ⚠️ task: result
[2026-05-01T22:26:43Z] [HEADER] ================================================================================
[2026-05-01T22:26:43Z] [INFO] 🔄 OVERNIGHT RESEARCH PIPELINE - CYCLE #95
[2026-05-01T22:26:43Z] [INFO] ================================================================================
[2026-05-01T22:26:43Z] [HEADER] ============================================================
[2026-05-01T22:26:43Z] [INFO] 🌙 STARTING OVERNIGHT RESEARCH CYCLE #95
[2026-05-01T22:26:43Z] [INFO] 🔍 Running overnight research protocol (web scraping + cross-symbol analysis)...
[2026-05-01T22:26:44Z] [INFO] 📊 Cycle duration: 0.59s, Files generated: 0
[2026-05-01T22:26:44Z] [INFO] 💾 Database updated with cycle results
[2026-05-01T22:26:44Z] [SECTION] ============================================================
[2026-05-01T22:26:44Z] [INFO] 🔮 PHASE: HIDDEN LAYERING DETECTION
[2026-05-01T22:26:44Z] [INFO] 🔗 Hidden layering detection complete. Connections identified: 2
[2026-05-01T22:26:44Z] [SECTION] ============================================================
[2026-05-01T22:26:44Z] [INFO] 🔬 PHASE: DOMAIN CORRELATION ANALYSIS
[2026-05-01T22:26:44Z] [INFO] 📊 Domain correlation matrices created: 1
[2026-05-01T22:26:44Z] [SECTION] ============================================================
[2026-05-01T22:26:44Z] [INFO] 🖼️  PHASE: IMAGE-SEED ANALYSIS
[2026-05-01T22:26:44Z] [INFO] 📂 Image seed analysis bootstrapping from 0 images...
[2026-05-01T22:26:44Z] [SECTION] ============================================================
[2026-05-01T22:26:44Z] [INFO] 📤 PHASE: PUSH COMPONENTS TO TOLARIA
[2026-05-01T22:26:45Z] [INFO] 📦 Components pushed to Tolaria: 5
[2026-05-01T22:26:45Z] [SECTION] ============================================================
[2026-05-01T22:26:45Z] [INFO] 🧩 PHASE: COMPOSER - DOMAIN INTEGRATION SYNTHESIS
[2026-05-01T22:26:45Z] [INFO] 🎨 Domain integrations synthesized: 0
[2026-05-01T22:26:45Z] [SECTION] ============================================================
[2026-05-01T22:26:45Z] [INFO] 🚀 PHASE: ADVANCED OVERNIGHT LOOP
[2026-05-01T22:26:45Z] [INFO] 🔬 Advanced loop completed cycles: 0
[2026-05-01T22:26:45Z] [WARNING] ⚠️  Git commit skipped or failed (git not initialized?): Command '['git', '-C', '/home/avalonas/.hermes/gematria/unified_overnight_research', 'add', '.']' returned non-zero exit status 128.
[2026-05-01T22:26:45Z] [INFO] 
📊 CYCLE #95 SUMMARY
[2026-05-01T22:26:45Z] [INFO] ✅ Successful tasks: 7/7
[2026-05-01T22:26:45Z] [INFO] ⏱️  Cycle duration: 1.64s
[2026-05-01T22:26:45Z] [INFO]    ⚠️ task: result
[2026-05-01T22:26:45Z] [INFO]    ⚠️ task: result
[2026-05-01T22:26:45Z] [INFO]    ⚠️ task: result
[2026-05-01T22:26:45Z] [INFO]    ⚠️ task: result
[2026-05-01T22:26:45Z] [INFO]    ⚠️ task: result
[2026-05-01T22:26:45Z] [INFO]    ⚠️ task: result
[2026-05-01T22:26:45Z] [INFO]    ⚠️ task: result
[2026-05-01T22:26:45Z] [HEADER] ================================================================================
[2026-05-01T22:26:45Z] [INFO] 🔄 OVERNIGHT RESEARCH PIPELINE - CYCLE #96
[2026-05-01T22:26:45Z] [INFO] ================================================================================
[2026-05-01T22:26:45Z] [HEADER] ============================================================
[2026-05-01T22:26:45Z] [INFO] 🌙 STARTING OVERNIGHT RESEARCH CYCLE #96
[2026-05-01T22:26:45Z] [INFO] 🔍 Running overnight research protocol (web scraping + cross-symbol analysis)...
[2026-05-01T22:26:45Z] [INFO] 📊 Cycle duration: 0.58s, Files generated: 0
[2026-05-01T22:26:45Z] [INFO] 💾 Database updated with cycle results
[2026-05-01T22:26:45Z] [SECTION] ============================================================
[2026-05-01T22:26:45Z] [INFO] 🔮 PHASE: HIDDEN LAYERING DETECTION
[2026-05-01T22:26:45Z] [INFO] 🔗 Hidden layering detection complete. Connections identified: 2
[2026-05-01T22:26:45Z] [SECTION] ============================================================
[2026-05-01T22:26:45Z] [INFO] 🔬 PHASE: DOMAIN CORRELATION ANALYSIS
[2026-05-01T22:26:45Z] [INFO] 📊 Domain correlation matrices created: 1
[2026-05-01T22:26:45Z] [SECTION] ============================================================
[2026-05-01T22:26:45Z] [INFO] 🖼️  PHASE: IMAGE-SEED ANALYSIS
[2026-05-01T22:26:45Z] [INFO] 📂 Image seed analysis bootstrapping from 0 images...
[2026-05-01T22:26:45Z] [SECTION] ============================================================
[2026-05-01T22:26:45Z] [INFO] 📤 PHASE: PUSH COMPONENTS TO TOLARIA
[2026-05-01T22:26:46Z] [INFO] 📦 Components pushed to Tolaria: 5
[2026-05-01T22:26:46Z] [SECTION] ============================================================
[2026-05-01T22:26:46Z] [INFO] 🧩 PHASE: COMPOSER - DOMAIN INTEGRATION SYNTHESIS
[2026-05-01T22:26:46Z] [INFO] 🎨 Domain integrations synthesized: 0
[2026-05-01T22:26:46Z] [SECTION] ============================================================
[2026-05-01T22:26:46Z] [INFO] 🚀 PHASE: ADVANCED OVERNIGHT LOOP
[2026-05-01T22:26:46Z] [INFO] 🔬 Advanced loop completed cycles: 0
[2026-05-01T22:26:46Z] [WARNING] ⚠️  Git commit skipped or failed (git not initialized?): Command '['git', '-C', '/home/avalonas/.hermes/gematria/unified_overnight_research', 'add', '.']' returned non-zero exit status 128.
[2026-05-01T22:26:46Z] [INFO] 
📊 CYCLE #96 SUMMARY
[2026-05-01T22:26:46Z] [INFO] ✅ Successful tasks: 7/7
[2026-05-01T22:26:46Z] [INFO] ⏱️  Cycle duration: 1.68s
[2026-05-01T22:26:46Z] [INFO]    ⚠️ task: result
[2026-05-01T22:26:46Z] [INFO]    ⚠️ task: result
[2026-05-01T22:26:46Z] [INFO]    ⚠️ task: result
[2026-05-01T22:26:46Z] [INFO]    ⚠️ task: result
[2026-05-01T22:26:46Z] [INFO]    ⚠️ task: result
[2026-05-01T22:26:46Z] [INFO]    ⚠️ task: result
[2026-05-01T22:26:46Z] [INFO]    ⚠️ task: result
[2026-05-01T22:26:46Z] [HEADER] ================================================================================
[2026-05-01T22:26:46Z] [INFO] 🔄 OVERNIGHT RESEARCH PIPELINE - CYCLE #97
[2026-05-01T22:26:46Z] [INFO] ================================================================================
[2026-05-01T22:26:46Z] [HEADER] ============================================================
[2026-05-01T22:26:46Z] [INFO] 🌙 STARTING OVERNIGHT RESEARCH CYCLE #97
[2026-05-01T22:26:46Z] [INFO] 🔍 Running overnight research protocol (web scraping + cross-symbol analysis)...
[2026-05-01T22:26:47Z] [INFO] 📊 Cycle duration: 0.59s, Files generated: 0
[2026-05-01T22:26:47Z] [INFO] 💾 Database updated with cycle results
[2026-05-01T22:26:47Z] [SECTION] ============================================================
[2026-05-01T22:26:47Z] [INFO] 🔮 PHASE: HIDDEN LAYERING DETECTION
[2026-05-01T22:26:47Z] [INFO] 🔗 Hidden layering detection complete. Connections identified: 2
[2026-05-01T22:26:47Z] [SECTION] ============================================================
[2026-05-01T22:26:47Z] [INFO] 🔬 PHASE: DOMAIN CORRELATION ANALYSIS
[2026-05-01T22:26:47Z] [INFO] 📊 Domain correlation matrices created: 1
[2026-05-01T22:26:47Z] [SECTION] ============================================================
[2026-05-01T22:26:47Z] [INFO] 🖼️  PHASE: IMAGE-SEED ANALYSIS
[2026-05-01T22:26:47Z] [INFO] 📂 Image seed analysis bootstrapping from 0 images...
[2026-05-01T22:26:47Z] [SECTION] ============================================================
[2026-05-01T22:26:47Z] [INFO] 📤 PHASE: PUSH COMPONENTS TO TOLARIA
[2026-05-01T22:26:48Z] [INFO] 📦 Components pushed to Tolaria: 5
[2026-05-01T22:26:48Z] [SECTION] ============================================================
[2026-05-01T22:26:48Z] [INFO] 🧩 PHASE: COMPOSER - DOMAIN INTEGRATION SYNTHESIS
[2026-05-01T22:26:48Z] [INFO] 🎨 Domain integrations synthesized: 0
[2026-05-01T22:26:48Z] [SECTION] ============================================================
[2026-05-01T22:26:48Z] [INFO] 🚀 PHASE: ADVANCED OVERNIGHT LOOP
[2026-05-01T22:26:48Z] [INFO] 🔬 Advanced loop completed cycles: 0
[2026-05-01T22:26:48Z] [WARNING] ⚠️  Git commit skipped or failed (git not initialized?): Command '['git', '-C', '/home/avalonas/.hermes/gematria/unified_overnight_research', 'add', '.']' returned non-zero exit status 128.
[2026-05-01T22:26:48Z] [INFO] 
📊 CYCLE #97 SUMMARY
[2026-05-01T22:26:48Z] [INFO] ✅ Successful tasks: 7/7
[2026-05-01T22:26:48Z] [INFO] ⏱️  Cycle duration: 1.69s
[2026-05-01T22:26:48Z] [INFO]    ⚠️ task: result
[2026-05-01T22:26:48Z] [INFO]    ⚠️ task: result
[2026-05-01T22:26:48Z] [INFO]    ⚠️ task: result
[2026-05-01T22:26:48Z] [INFO]    ⚠️ task: result
[2026-05-01T22:26:48Z] [INFO]    ⚠️ task: result
[2026-05-01T22:26:48Z] [INFO]    ⚠️ task: result
[2026-05-01T22:26:48Z] [INFO]    ⚠️ task: result
[2026-05-01T22:26:48Z] [HEADER] ================================================================================
[2026-05-01T22:26:48Z] [INFO] 🔄 OVERNIGHT RESEARCH PIPELINE - CYCLE #98
[2026-05-01T22:26:48Z] [INFO] ================================================================================
[2026-05-01T22:26:48Z] [HEADER] ============================================================
[2026-05-01T22:26:48Z] [INFO] 🌙 STARTING OVERNIGHT RESEARCH CYCLE #98
[2026-05-01T22:26:48Z] [INFO] 🔍 Running overnight research protocol (web scraping + cross-symbol analysis)...
[2026-05-01T22:26:49Z] [INFO] 📊 Cycle duration: 0.62s, Files generated: 0
[2026-05-01T22:26:49Z] [INFO] 💾 Database updated with cycle results
[2026-05-01T22:26:49Z] [SECTION] ============================================================
[2026-05-01T22:26:49Z] [INFO] 🔮 PHASE: HIDDEN LAYERING DETECTION
[2026-05-01T22:26:49Z] [INFO] 🔗 Hidden layering detection complete. Connections identified: 2
[2026-05-01T22:26:49Z] [SECTION] ============================================================
[2026-05-01T22:26:49Z] [INFO] 🔬 PHASE: DOMAIN CORRELATION ANALYSIS
[2026-05-01T22:26:49Z] [INFO] 📊 Domain correlation matrices created: 1
[2026-05-01T22:26:49Z] [SECTION] ============================================================
[2026-05-01T22:26:49Z] [INFO] 🖼️  PHASE: IMAGE-SEED ANALYSIS
[2026-05-01T22:26:49Z] [INFO] 📂 Image seed analysis bootstrapping from 0 images...
[2026-05-01T22:26:49Z] [SECTION] ============================================================
[2026-05-01T22:26:49Z] [INFO] 📤 PHASE: PUSH COMPONENTS TO TOLARIA
[2026-05-01T22:26:50Z] [INFO] 📦 Components pushed to Tolaria: 5
[2026-05-01T22:26:50Z] [SECTION] ============================================================
[2026-05-01T22:26:50Z] [INFO] 🧩 PHASE: COMPOSER - DOMAIN INTEGRATION SYNTHESIS
[2026-05-01T22:26:50Z] [INFO] 🎨 Domain integrations synthesized: 0
[2026-05-01T22:26:50Z] [SECTION] ============================================================
[2026-05-01T22:26:50Z] [INFO] 🚀 PHASE: ADVANCED OVERNIGHT LOOP
[2026-05-01T22:26:50Z] [INFO] 🔬 Advanced loop completed cycles: 0
[2026-05-01T22:26:50Z] [WARNING] ⚠️  Git commit skipped or failed (git not initialized?): Command '['git', '-C', '/home/avalonas/.hermes/gematria/unified_overnight_research', 'add', '.']' returned non-zero exit status 128.
[2026-05-01T22:26:50Z] [INFO] 
📊 CYCLE #98 SUMMARY
[2026-05-01T22:26:50Z] [INFO] ✅ Successful tasks: 7/7
[2026-05-01T22:26:50Z] [INFO] ⏱️  Cycle duration: 1.74s
[2026-05-01T22:26:50Z] [INFO]    ⚠️ task: result
[2026-05-01T22:26:50Z] [INFO]    ⚠️ task: result
[2026-05-01T22:26:50Z] [INFO]    ⚠️ task: result
[2026-05-01T22:26:50Z] [INFO]    ⚠️ task: result
[2026-05-01T22:26:50Z] [INFO]    ⚠️ task: result
[2026-05-01T22:26:50Z] [INFO]    ⚠️ task: result
[2026-05-01T22:26:50Z] [INFO]    ⚠️ task: result
[2026-05-01T22:26:50Z] [HEADER] ================================================================================
[2026-05-01T22:26:50Z] [INFO] 🔄 OVERNIGHT RESEARCH PIPELINE - CYCLE #99
[2026-05-01T22:26:50Z] [INFO] ================================================================================
[2026-05-01T22:26:50Z] [HEADER] ============================================================
[2026-05-01T22:26:50Z] [INFO] 🌙 STARTING OVERNIGHT RESEARCH CYCLE #99
[2026-05-01T22:26:50Z] [INFO] 🔍 Running overnight research protocol (web scraping + cross-symbol analysis)...
[2026-05-01T22:26:50Z] [INFO] 📊 Cycle duration: 0.61s, Files generated: 0
[2026-05-01T22:26:50Z] [INFO] 💾 Database updated with cycle results
[2026-05-01T22:26:50Z] [SECTION] ============================================================
[2026-05-01T22:26:50Z] [INFO] 🔮 PHASE: HIDDEN LAYERING DETECTION
[2026-05-01T22:26:51Z] [INFO] 🔗 Hidden layering detection complete. Connections identified: 2
[2026-05-01T22:26:51Z] [SECTION] ============================================================
[2026-05-01T22:26:51Z] [INFO] 🔬 PHASE: DOMAIN CORRELATION ANALYSIS
[2026-05-01T22:26:51Z] [INFO] 📊 Domain correlation matrices created: 1
[2026-05-01T22:26:51Z] [SECTION] ============================================================
[2026-05-01T22:26:51Z] [INFO] 🖼️  PHASE: IMAGE-SEED ANALYSIS
[2026-05-01T22:26:51Z] [INFO] 📂 Image seed analysis bootstrapping from 0 images...
[2026-05-01T22:26:51Z] [SECTION] ============================================================
[2026-05-01T22:26:51Z] [INFO] 📤 PHASE: PUSH COMPONENTS TO TOLARIA
[2026-05-01T22:26:51Z] [INFO] 📦 Components pushed to Tolaria: 5
[2026-05-01T22:26:51Z] [SECTION] ============================================================
[2026-05-01T22:26:51Z] [INFO] 🧩 PHASE: COMPOSER - DOMAIN INTEGRATION SYNTHESIS
[2026-05-01T22:26:51Z] [INFO] 🎨 Domain integrations synthesized: 0
[2026-05-01T22:26:51Z] [SECTION] ============================================================
[2026-05-01T22:26:51Z] [INFO] 🚀 PHASE: ADVANCED OVERNIGHT LOOP
[2026-05-01T22:26:51Z] [INFO] 🔬 Advanced loop completed cycles: 0
[2026-05-01T22:26:52Z] [WARNING] ⚠️  Git commit skipped or failed (git not initialized?): Command '['git', '-C', '/home/avalonas/.hermes/gematria/unified_overnight_research', 'add', '.']' returned non-zero exit status 128.
[2026-05-01T22:26:52Z] [INFO] 
📊 CYCLE #99 SUMMARY
[2026-05-01T22:26:52Z] [INFO] ✅ Successful tasks: 7/7
[2026-05-01T22:26:52Z] [INFO] ⏱️  Cycle duration: 1.70s
[2026-05-01T22:26:52Z] [INFO]    ⚠️ task: result
[2026-05-01T22:26:52Z] [INFO]    ⚠️ task: result
[2026-05-01T22:26:52Z] [INFO]    ⚠️ task: result
[2026-05-01T22:26:52Z] [INFO]    ⚠️ task: result
[2026-05-01T22:26:52Z] [INFO]    ⚠️ task: result
[2026-05-01T22:26:52Z] [INFO]    ⚠️ task: result
[2026-05-01T22:26:52Z] [INFO]    ⚠️ task: result
[2026-05-01T22:26:52Z] [HEADER] ================================================================================
[2026-05-01T22:26:52Z] [INFO] 🔄 OVERNIGHT RESEARCH PIPELINE - CYCLE #100
[2026-05-01T22:26:52Z] [INFO] ================================================================================
[2026-05-01T22:26:52Z] [HEADER] ============================================================
[2026-05-01T22:26:52Z] [INFO] 🌙 STARTING OVERNIGHT RESEARCH CYCLE #100
[2026-05-01T22:26:52Z] [INFO] 🔍 Running overnight research protocol (web scraping + cross-symbol analysis)...
[2026-05-01T22:26:52Z] [INFO] 📊 Cycle duration: 0.59s, Files generated: 0
[2026-05-01T22:26:52Z] [INFO] 💾 Database updated with cycle results
[2026-05-01T22:26:52Z] [SECTION] ============================================================
[2026-05-01T22:26:52Z] [INFO] 🔮 PHASE: HIDDEN LAYERING DETECTION
[2026-05-01T22:26:52Z] [INFO] 🔗 Hidden layering detection complete. Connections identified: 2
[2026-05-01T22:26:52Z] [SECTION] ============================================================
[2026-05-01T22:26:52Z] [INFO] 🔬 PHASE: DOMAIN CORRELATION ANALYSIS
[2026-05-01T22:26:52Z] [INFO] 📊 Domain correlation matrices created: 1
[2026-05-01T22:26:52Z] [SECTION] ============================================================
[2026-05-01T22:26:52Z] [INFO] 🖼️  PHASE: IMAGE-SEED ANALYSIS
[2026-05-01T22:26:52Z] [INFO] 📂 Image seed analysis bootstrapping from 0 images...
[2026-05-01T22:26:52Z] [SECTION] ============================================================
[2026-05-01T22:26:52Z] [INFO] 📤 PHASE: PUSH COMPONENTS TO TOLARIA
[2026-05-01T22:26:53Z] [INFO] 📦 Components pushed to Tolaria: 5
[2026-05-01T22:26:53Z] [SECTION] ============================================================
[2026-05-01T22:26:53Z] [INFO] 🧩 PHASE: COMPOSER - DOMAIN INTEGRATION SYNTHESIS
[2026-05-01T22:26:53Z] [INFO] 🎨 Domain integrations synthesized: 0
[2026-05-01T22:26:53Z] [SECTION] ============================================================
[2026-05-01T22:26:53Z] [INFO] 🚀 PHASE: ADVANCED OVERNIGHT LOOP
[2026-05-01T22:26:53Z] [INFO] 🔬 Advanced loop completed cycles: 0
[2026-05-01T22:26:53Z] [WARNING] ⚠️  Git commit skipped or failed (git not initialized?): Command '['git', '-C', '/home/avalonas/.hermes/gematria/unified_overnight_research', 'add', '.']' returned non-zero exit status 128.
[2026-05-01T22:26:53Z] [INFO] 
📊 CYCLE #100 SUMMARY
[2026-05-01T22:26:53Z] [INFO] ✅ Successful tasks: 7/7
[2026-05-01T22:26:53Z] [INFO] ⏱️  Cycle duration: 1.72s
[2026-05-01T22:26:53Z] [INFO]    ⚠️ task: result
[2026-05-01T22:26:53Z] [INFO]    ⚠️ task: result
[2026-05-01T22:26:53Z] [INFO]    ⚠️ task: result
[2026-05-01T22:26:53Z] [INFO]    ⚠️ task: result
[2026-05-01T22:26:53Z] [INFO]    ⚠️ task: result
[2026-05-01T22:26:53Z] [INFO]    ⚠️ task: result
[2026-05-01T22:26:53Z] [INFO]    ⚠️ task: result
[2026-05-01T22:26:53Z] [HEADER] ================================================================================
[2026-05-01T22:26:53Z] [INFO] 🔄 OVERNIGHT RESEARCH PIPELINE - CYCLE #101
[2026-05-01T22:26:53Z] [INFO] ================================================================================
[2026-05-01T22:26:53Z] [HEADER] ============================================================
[2026-05-01T22:26:53Z] [INFO] 🌙 STARTING OVERNIGHT RESEARCH CYCLE #101
[2026-05-01T22:26:53Z] [INFO] 🔍 Running overnight research protocol (web scraping + cross-symbol analysis)...
[2026-05-01T22:26:54Z] [INFO] 📊 Cycle duration: 0.45s, Files generated: 0
[2026-05-01T22:26:54Z] [INFO] 💾 Database updated with cycle results
[2026-05-01T22:26:54Z] [SECTION] ============================================================
[2026-05-01T22:26:54Z] [INFO] 🔮 PHASE: HIDDEN LAYERING DETECTION
[2026-05-01T22:26:54Z] [INFO] 🔗 Hidden layering detection complete. Connections identified: 2
[2026-05-01T22:26:54Z] [SECTION] ============================================================
[2026-05-01T22:26:54Z] [INFO] 🔬 PHASE: DOMAIN CORRELATION ANALYSIS
[2026-05-01T22:26:54Z] [INFO] 📊 Domain correlation matrices created: 1
[2026-05-01T22:26:54Z] [SECTION] ============================================================
[2026-05-01T22:26:54Z] [INFO] 🖼️  PHASE: IMAGE-SEED ANALYSIS
[2026-05-01T22:26:54Z] [INFO] 📂 Image seed analysis bootstrapping from 0 images...
[2026-05-01T22:26:54Z] [SECTION] ============================================================
[2026-05-01T22:26:54Z] [INFO] 📤 PHASE: PUSH COMPONENTS TO TOLARIA
[2026-05-01T22:26:55Z] [INFO] 📦 Components pushed to Tolaria: 5
[2026-05-01T22:26:55Z] [SECTION] ============================================================
[2026-05-01T22:26:55Z] [INFO] 🧩 PHASE: COMPOSER - DOMAIN INTEGRATION SYNTHESIS
[2026-05-01T22:26:55Z] [INFO] 🎨 Domain integrations synthesized: 0
[2026-05-01T22:26:55Z] [SECTION] ============================================================
[2026-05-01T22:26:55Z] [INFO] 🚀 PHASE: ADVANCED OVERNIGHT LOOP
[2026-05-01T22:26:55Z] [INFO] 🔬 Advanced loop completed cycles: 0
[2026-05-01T22:26:55Z] [WARNING] ⚠️  Git commit skipped or failed (git not initialized?): Command '['git', '-C', '/home/avalonas/.hermes/gematria/unified_overnight_research', 'add', '.']' returned non-zero exit status 128.
[2026-05-01T22:26:55Z] [INFO] 
📊 CYCLE #101 SUMMARY
[2026-05-01T22:26:55Z] [INFO] ✅ Successful tasks: 7/7
[2026-05-01T22:26:55Z] [INFO] ⏱️  Cycle duration: 1.63s
[2026-05-01T22:26:55Z] [INFO]    ⚠️ task: result
[2026-05-01T22:26:55Z] [INFO]    ⚠️ task: result
[2026-05-01T22:26:55Z] [INFO]    ⚠️ task: result
[2026-05-01T22:26:55Z] [INFO]    ⚠️ task: result
[2026-05-01T22:26:55Z] [INFO]    ⚠️ task: result
[2026-05-01T22:26:55Z] [INFO]    ⚠️ task: result
[2026-05-01T22:26:55Z] [INFO]    ⚠️ task: result
[2026-05-01T22:26:55Z] [HEADER] ================================================================================
[2026-05-01T22:26:55Z] [INFO] 🔄 OVERNIGHT RESEARCH PIPELINE - CYCLE #102
[2026-05-01T22:26:55Z] [INFO] ================================================================================
[2026-05-01T22:26:55Z] [HEADER] ============================================================
[2026-05-01T22:26:55Z] [INFO] 🌙 STARTING OVERNIGHT RESEARCH CYCLE #102
[2026-05-01T22:26:55Z] [INFO] 🔍 Running overnight research protocol (web scraping + cross-symbol analysis)...
[2026-05-01T22:26:56Z] [INFO] 📊 Cycle duration: 0.57s, Files generated: 0
[2026-05-01T22:26:56Z] [INFO] 💾 Database updated with cycle results
[2026-05-01T22:26:56Z] [SECTION] ============================================================
[2026-05-01T22:26:56Z] [INFO] 🔮 PHASE: HIDDEN LAYERING DETECTION
[2026-05-01T22:26:56Z] [INFO] 🔗 Hidden layering detection complete. Connections identified: 2
[2026-05-01T22:26:56Z] [SECTION] ============================================================
[2026-05-01T22:26:56Z] [INFO] 🔬 PHASE: DOMAIN CORRELATION ANALYSIS
[2026-05-01T22:26:56Z] [INFO] 📊 Domain correlation matrices created: 1
[2026-05-01T22:26:56Z] [SECTION] ============================================================
[2026-05-01T22:26:56Z] [INFO] 🖼️  PHASE: IMAGE-SEED ANALYSIS
[2026-05-01T22:26:56Z] [INFO] 📂 Image seed analysis bootstrapping from 0 images...
[2026-05-01T22:26:56Z] [SECTION] ============================================================
[2026-05-01T22:26:56Z] [INFO] 📤 PHASE: PUSH COMPONENTS TO TOLARIA
[2026-05-01T22:26:56Z] [INFO] 📦 Components pushed to Tolaria: 5
[2026-05-01T22:26:56Z] [SECTION] ============================================================
[2026-05-01T22:26:56Z] [INFO] 🧩 PHASE: COMPOSER - DOMAIN INTEGRATION SYNTHESIS
[2026-05-01T22:26:56Z] [INFO] 🎨 Domain integrations synthesized: 0
[2026-05-01T22:26:56Z] [SECTION] ============================================================
[2026-05-01T22:26:56Z] [INFO] 🚀 PHASE: ADVANCED OVERNIGHT LOOP
[2026-05-01T22:26:57Z] [INFO] 🔬 Advanced loop completed cycles: 0
[2026-05-01T22:26:57Z] [WARNING] ⚠️  Git commit skipped or failed (git not initialized?): Command '['git', '-C', '/home/avalonas/.hermes/gematria/unified_overnight_research', 'add', '.']' returned non-zero exit status 128.
[2026-05-01T22:26:57Z] [INFO] 
📊 CYCLE #102 SUMMARY
[2026-05-01T22:26:57Z] [INFO] ✅ Successful tasks: 7/7
[2026-05-01T22:26:57Z] [INFO] ⏱️  Cycle duration: 1.69s
[2026-05-01T22:26:57Z] [INFO]    ⚠️ task: result
[2026-05-01T22:26:57Z] [INFO]    ⚠️ task: result
[2026-05-01T22:26:57Z] [INFO]    ⚠️ task: result
[2026-05-01T22:26:57Z] [INFO]    ⚠️ task: result
[2026-05-01T22:26:57Z] [INFO]    ⚠️ task: result
[2026-05-01T22:26:57Z] [INFO]    ⚠️ task: result
[2026-05-01T22:26:57Z] [INFO]    ⚠️ task: result
[2026-05-01T22:26:57Z] [HEADER] ================================================================================
[2026-05-01T22:26:57Z] [INFO] 🔄 OVERNIGHT RESEARCH PIPELINE - CYCLE #103
[2026-05-01T22:26:57Z] [INFO] ================================================================================
[2026-05-01T22:26:57Z] [HEADER] ============================================================
[2026-05-01T22:26:57Z] [INFO] 🌙 STARTING OVERNIGHT RESEARCH CYCLE #103
[2026-05-01T22:26:57Z] [INFO] 🔍 Running overnight research protocol (web scraping + cross-symbol analysis)...
[2026-05-01T22:26:57Z] [INFO] 📊 Cycle duration: 0.57s, Files generated: 0
[2026-05-01T22:26:57Z] [INFO] 💾 Database updated with cycle results
[2026-05-01T22:26:57Z] [SECTION] ============================================================
[2026-05-01T22:26:57Z] [INFO] 🔮 PHASE: HIDDEN LAYERING DETECTION
[2026-05-01T22:26:57Z] [INFO] 🔗 Hidden layering detection complete. Connections identified: 2
[2026-05-01T22:26:57Z] [SECTION] ============================================================
[2026-05-01T22:26:57Z] [INFO] 🔬 PHASE: DOMAIN CORRELATION ANALYSIS
[2026-05-01T22:26:57Z] [INFO] 📊 Domain correlation matrices created: 1
[2026-05-01T22:26:57Z] [SECTION] ============================================================
[2026-05-01T22:26:57Z] [INFO] 🖼️  PHASE: IMAGE-SEED ANALYSIS
[2026-05-01T22:26:57Z] [INFO] 📂 Image seed analysis bootstrapping from 0 images...
[2026-05-01T22:26:57Z] [SECTION] ============================================================
[2026-05-01T22:26:57Z] [INFO] 📤 PHASE: PUSH COMPONENTS TO TOLARIA
[2026-05-01T22:26:58Z] [INFO] 📦 Components pushed to Tolaria: 5
[2026-05-01T22:26:58Z] [SECTION] ============================================================
[2026-05-01T22:26:58Z] [INFO] 🧩 PHASE: COMPOSER - DOMAIN INTEGRATION SYNTHESIS
[2026-05-01T22:26:58Z] [INFO] 🎨 Domain integrations synthesized: 0
[2026-05-01T22:26:58Z] [SECTION] ============================================================
[2026-05-01T22:26:58Z] [INFO] 🚀 PHASE: ADVANCED OVERNIGHT LOOP
[2026-05-01T22:26:58Z] [INFO] 🔬 Advanced loop completed cycles: 0
[2026-05-01T22:26:58Z] [WARNING] ⚠️  Git commit skipped or failed (git not initialized?): Command '['git', '-C', '/home/avalonas/.hermes/gematria/unified_overnight_research', 'add', '.']' returned non-zero exit status 128.
[2026-05-01T22:26:58Z] [INFO] 
📊 CYCLE #103 SUMMARY
[2026-05-01T22:26:58Z] [INFO] ✅ Successful tasks: 7/7
[2026-05-01T22:26:58Z] [INFO] ⏱️  Cycle duration: 1.75s
[2026-05-01T22:26:58Z] [INFO]    ⚠️ task: result
[2026-05-01T22:26:58Z] [INFO]    ⚠️ task: result
[2026-05-01T22:26:58Z] [INFO]    ⚠️ task: result
[2026-05-01T22:26:58Z] [INFO]    ⚠️ task: result
[2026-05-01T22:26:58Z] [INFO]    ⚠️ task: result
[2026-05-01T22:26:58Z] [INFO]    ⚠️ task: result
[2026-05-01T22:26:58Z] [INFO]    ⚠️ task: result
[2026-05-01T22:26:58Z] [HEADER] ================================================================================
[2026-05-01T22:26:58Z] [INFO] 🔄 OVERNIGHT RESEARCH PIPELINE - CYCLE #104
[2026-05-01T22:26:58Z] [INFO] ================================================================================
[2026-05-01T22:26:58Z] [HEADER] ============================================================
[2026-05-01T22:26:58Z] [INFO] 🌙 STARTING OVERNIGHT RESEARCH CYCLE #104
[2026-05-01T22:26:58Z] [INFO] 🔍 Running overnight research protocol (web scraping + cross-symbol analysis)...
[2026-05-01T22:26:59Z] [INFO] 📊 Cycle duration: 0.62s, Files generated: 0
[2026-05-01T22:26:59Z] [INFO] 💾 Database updated with cycle results
[2026-05-01T22:26:59Z] [SECTION] ============================================================
[2026-05-01T22:26:59Z] [INFO] 🔮 PHASE: HIDDEN LAYERING DETECTION
[2026-05-01T22:26:59Z] [INFO] 🔗 Hidden layering detection complete. Connections identified: 2
[2026-05-01T22:26:59Z] [SECTION] ============================================================
[2026-05-01T22:26:59Z] [INFO] 🔬 PHASE: DOMAIN CORRELATION ANALYSIS
[2026-05-01T22:26:59Z] [INFO] 📊 Domain correlation matrices created: 1
[2026-05-01T22:26:59Z] [SECTION] ============================================================
[2026-05-01T22:26:59Z] [INFO] 🖼️  PHASE: IMAGE-SEED ANALYSIS
[2026-05-01T22:26:59Z] [INFO] 📂 Image seed analysis bootstrapping from 0 images...
[2026-05-01T22:26:59Z] [SECTION] ============================================================
[2026-05-01T22:26:59Z] [INFO] 📤 PHASE: PUSH COMPONENTS TO TOLARIA
[2026-05-01T22:27:00Z] [INFO] 📦 Components pushed to Tolaria: 5
[2026-05-01T22:27:00Z] [SECTION] ============================================================
[2026-05-01T22:27:00Z] [INFO] 🧩 PHASE: COMPOSER - DOMAIN INTEGRATION SYNTHESIS
[2026-05-01T22:27:00Z] [INFO] 🎨 Domain integrations synthesized: 0
[2026-05-01T22:27:00Z] [SECTION] ============================================================
[2026-05-01T22:27:00Z] [INFO] 🚀 PHASE: ADVANCED OVERNIGHT LOOP
[2026-05-01T22:27:00Z] [INFO] 🔬 Advanced loop completed cycles: 0
[2026-05-01T22:27:00Z] [WARNING] ⚠️  Git commit skipped or failed (git not initialized?): Command '['git', '-C', '/home/avalonas/.hermes/gematria/unified_overnight_research', 'add', '.']' returned non-zero exit status 128.
[2026-05-01T22:27:00Z] [INFO] 
📊 CYCLE #104 SUMMARY
[2026-05-01T22:27:00Z] [INFO] ✅ Successful tasks: 7/7
[2026-05-01T22:27:00Z] [INFO] ⏱️  Cycle duration: 1.69s
[2026-05-01T22:27:00Z] [INFO]    ⚠️ task: result
[2026-05-01T22:27:00Z] [INFO]    ⚠️ task: result
[2026-05-01T22:27:00Z] [INFO]    ⚠️ task: result
[2026-05-01T22:27:00Z] [INFO]    ⚠️ task: result
[2026-05-01T22:27:00Z] [INFO]    ⚠️ task: result
[2026-05-01T22:27:00Z] [INFO]    ⚠️ task: result
[2026-05-01T22:27:00Z] [INFO]    ⚠️ task: result
[2026-05-01T22:27:00Z] [HEADER] ================================================================================
[2026-05-01T22:27:00Z] [INFO] 🔄 OVERNIGHT RESEARCH PIPELINE - CYCLE #105
[2026-05-01T22:27:00Z] [INFO] ================================================================================
[2026-05-01T22:27:00Z] [HEADER] ============================================================
[2026-05-01T22:27:00Z] [INFO] 🌙 STARTING OVERNIGHT RESEARCH CYCLE #105
[2026-05-01T22:27:00Z] [INFO] 🔍 Running overnight research protocol (web scraping + cross-symbol analysis)...
[2026-05-01T22:27:01Z] [INFO] 📊 Cycle duration: 0.62s, Files generated: 0
[2026-05-01T22:27:01Z] [INFO] 💾 Database updated with cycle results
[2026-05-01T22:27:01Z] [SECTION] ============================================================
[2026-05-01T22:27:01Z] [INFO] 🔮 PHASE: HIDDEN LAYERING DETECTION
[2026-05-01T22:27:01Z] [INFO] 🔗 Hidden layering detection complete. Connections identified: 2
[2026-05-01T22:27:01Z] [SECTION] ============================================================
[2026-05-01T22:27:01Z] [INFO] 🔬 PHASE: DOMAIN CORRELATION ANALYSIS
[2026-05-01T22:27:01Z] [INFO] 📊 Domain correlation matrices created: 1
[2026-05-01T22:27:01Z] [SECTION] ============================================================
[2026-05-01T22:27:01Z] [INFO] 🖼️  PHASE: IMAGE-SEED ANALYSIS
[2026-05-01T22:27:01Z] [INFO] 📂 Image seed analysis bootstrapping from 0 images...
[2026-05-01T22:27:01Z] [SECTION] ============================================================
[2026-05-01T22:27:01Z] [INFO] 📤 PHASE: PUSH COMPONENTS TO TOLARIA
[2026-05-01T22:27:01Z] [INFO] 📦 Components pushed to Tolaria: 5
[2026-05-01T22:27:01Z] [SECTION] ============================================================
[2026-05-01T22:27:01Z] [INFO] 🧩 PHASE: COMPOSER - DOMAIN INTEGRATION SYNTHESIS
[2026-05-01T22:27:02Z] [INFO] 🎨 Domain integrations synthesized: 0
[2026-05-01T22:27:02Z] [SECTION] ============================================================
[2026-05-01T22:27:02Z] [INFO] 🚀 PHASE: ADVANCED OVERNIGHT LOOP
[2026-05-01T22:27:02Z] [INFO] 🔬 Advanced loop completed cycles: 0
[2026-05-01T22:27:02Z] [WARNING] ⚠️  Git commit skipped or failed (git not initialized?): Command '['git', '-C', '/home/avalonas/.hermes/gematria/unified_overnight_research', 'add', '.']' returned non-zero exit status 128.
[2026-05-01T22:27:02Z] [INFO] 
📊 CYCLE #105 SUMMARY
[2026-05-01T22:27:02Z] [INFO] ✅ Successful tasks: 7/7
[2026-05-01T22:27:02Z] [INFO] ⏱️  Cycle duration: 1.74s
[2026-05-01T22:27:02Z] [INFO]    ⚠️ task: result
[2026-05-01T22:27:02Z] [INFO]    ⚠️ task: result
[2026-05-01T22:27:02Z] [INFO]    ⚠️ task: result
[2026-05-01T22:27:02Z] [INFO]    ⚠️ task: result
[2026-05-01T22:27:02Z] [INFO]    ⚠️ task: result
[2026-05-01T22:27:02Z] [INFO]    ⚠️ task: result
[2026-05-01T22:27:02Z] [INFO]    ⚠️ task: result
[2026-05-01T22:27:02Z] [HEADER] ================================================================================
[2026-05-01T22:27:02Z] [INFO] 🔄 OVERNIGHT RESEARCH PIPELINE - CYCLE #106
[2026-05-01T22:27:02Z] [INFO] ================================================================================
[2026-05-01T22:27:02Z] [HEADER] ============================================================
[2026-05-01T22:27:02Z] [INFO] 🌙 STARTING OVERNIGHT RESEARCH CYCLE #106
[2026-05-01T22:27:02Z] [INFO] 🔍 Running overnight research protocol (web scraping + cross-symbol analysis)...
[2026-05-01T22:27:02Z] [INFO] 📊 Cycle duration: 0.47s, Files generated: 0
[2026-05-01T22:27:02Z] [INFO] 💾 Database updated with cycle results
[2026-05-01T22:27:02Z] [SECTION] ============================================================
[2026-05-01T22:27:02Z] [INFO] 🔮 PHASE: HIDDEN LAYERING DETECTION
[2026-05-01T22:27:02Z] [INFO] 🔗 Hidden layering detection complete. Connections identified: 2
[2026-05-01T22:27:02Z] [SECTION] ============================================================
[2026-05-01T22:27:02Z] [INFO] 🔬 PHASE: DOMAIN CORRELATION ANALYSIS
[2026-05-01T22:27:02Z] [INFO] 📊 Domain correlation matrices created: 1
[2026-05-01T22:27:02Z] [SECTION] ============================================================
[2026-05-01T22:27:02Z] [INFO] 🖼️  PHASE: IMAGE-SEED ANALYSIS
[2026-05-01T22:27:02Z] [INFO] 📂 Image seed analysis bootstrapping from 0 images...
[2026-05-01T22:27:02Z] [SECTION] ============================================================
[2026-05-01T22:27:02Z] [INFO] 📤 PHASE: PUSH COMPONENTS TO TOLARIA
[2026-05-01T22:27:03Z] [INFO] 📦 Components pushed to Tolaria: 5
[2026-05-01T22:27:03Z] [SECTION] ============================================================
[2026-05-01T22:27:03Z] [INFO] 🧩 PHASE: COMPOSER - DOMAIN INTEGRATION SYNTHESIS
[2026-05-01T22:27:03Z] [INFO] 🎨 Domain integrations synthesized: 0
[2026-05-01T22:27:03Z] [SECTION] ============================================================
[2026-05-01T22:27:03Z] [INFO] 🚀 PHASE: ADVANCED OVERNIGHT LOOP
[2026-05-01T22:27:03Z] [INFO] 🔬 Advanced loop completed cycles: 0
[2026-05-01T22:27:03Z] [WARNING] ⚠️  Git commit skipped or failed (git not initialized?): Command '['git', '-C', '/home/avalonas/.hermes/gematria/unified_overnight_research', 'add', '.']' returned non-zero exit status 128.
[2026-05-01T22:27:03Z] [INFO] 
📊 CYCLE #106 SUMMARY
[2026-05-01T22:27:03Z] [INFO] ✅ Successful tasks: 7/7
[2026-05-01T22:27:03Z] [INFO] ⏱️  Cycle duration: 1.48s
[2026-05-01T22:27:03Z] [INFO]    ⚠️ task: result
[2026-05-01T22:27:03Z] [INFO]    ⚠️ task: result
[2026-05-01T22:27:03Z] [INFO]    ⚠️ task: result
[2026-05-01T22:27:03Z] [INFO]    ⚠️ task: result
[2026-05-01T22:27:03Z] [INFO]    ⚠️ task: result
[2026-05-01T22:27:03Z] [INFO]    ⚠️ task: result
[2026-05-01T22:27:03Z] [INFO]    ⚠️ task: result
[2026-05-01T22:27:03Z] [HEADER] ================================================================================
[2026-05-01T22:27:03Z] [INFO] 🔄 OVERNIGHT RESEARCH PIPELINE - CYCLE #107
[2026-05-01T22:27:03Z] [INFO] ================================================================================
[2026-05-01T22:27:03Z] [HEADER] ============================================================
[2026-05-01T22:27:03Z] [INFO] 🌙 STARTING OVERNIGHT RESEARCH CYCLE #107
[2026-05-01T22:27:03Z] [INFO] 🔍 Running overnight research protocol (web scraping + cross-symbol analysis)...
[2026-05-01T22:27:04Z] [INFO] 📊 Cycle duration: 0.47s, Files generated: 0
[2026-05-01T22:27:04Z] [INFO] 💾 Database updated with cycle results
[2026-05-01T22:27:04Z] [SECTION] ============================================================
[2026-05-01T22:27:04Z] [INFO] 🔮 PHASE: HIDDEN LAYERING DETECTION
[2026-05-01T22:27:04Z] [INFO] 🔗 Hidden layering detection complete. Connections identified: 2
[2026-05-01T22:27:04Z] [SECTION] ============================================================
[2026-05-01T22:27:04Z] [INFO] 🔬 PHASE: DOMAIN CORRELATION ANALYSIS
[2026-05-01T22:27:04Z] [INFO] 📊 Domain correlation matrices created: 1
[2026-05-01T22:27:04Z] [SECTION] ============================================================
[2026-05-01T22:27:04Z] [INFO] 🖼️  PHASE: IMAGE-SEED ANALYSIS
[2026-05-01T22:27:04Z] [INFO] 📂 Image seed analysis bootstrapping from 0 images...
[2026-05-01T22:27:04Z] [SECTION] ============================================================
[2026-05-01T22:27:04Z] [INFO] 📤 PHASE: PUSH COMPONENTS TO TOLARIA
[2026-05-01T22:27:05Z] [INFO] 📦 Components pushed to Tolaria: 5
[2026-05-01T22:27:05Z] [SECTION] ============================================================
[2026-05-01T22:27:05Z] [INFO] 🧩 PHASE: COMPOSER - DOMAIN INTEGRATION SYNTHESIS
[2026-05-01T22:27:05Z] [INFO] 🎨 Domain integrations synthesized: 0
[2026-05-01T22:27:05Z] [SECTION] ============================================================
[2026-05-01T22:27:05Z] [INFO] 🚀 PHASE: ADVANCED OVERNIGHT LOOP
[2026-05-01T22:27:05Z] [INFO] 🔬 Advanced loop completed cycles: 0
[2026-05-01T22:27:05Z] [WARNING] ⚠️  Git commit skipped or failed (git not initialized?): Command '['git', '-C', '/home/avalonas/.hermes/gematria/unified_overnight_research', 'add', '.']' returned non-zero exit status 128.
[2026-05-01T22:27:05Z] [INFO] 
📊 CYCLE #107 SUMMARY
[2026-05-01T22:27:05Z] [INFO] ✅ Successful tasks: 7/7
[2026-05-01T22:27:05Z] [INFO] ⏱️  Cycle duration: 1.65s
[2026-05-01T22:27:05Z] [INFO]    ⚠️ task: result
[2026-05-01T22:27:05Z] [INFO]    ⚠️ task: result
[2026-05-01T22:27:05Z] [INFO]    ⚠️ task: result
[2026-05-01T22:27:05Z] [INFO]    ⚠️ task: result
[2026-05-01T22:27:05Z] [INFO]    ⚠️ task: result
[2026-05-01T22:27:05Z] [INFO]    ⚠️ task: result
[2026-05-01T22:27:05Z] [INFO]    ⚠️ task: result
[2026-05-01T22:27:05Z] [HEADER] ================================================================================
[2026-05-01T22:27:05Z] [INFO] 🔄 OVERNIGHT RESEARCH PIPELINE - CYCLE #108
[2026-05-01T22:27:05Z] [INFO] ================================================================================
[2026-05-01T22:27:05Z] [HEADER] ============================================================
[2026-05-01T22:27:05Z] [INFO] 🌙 STARTING OVERNIGHT RESEARCH CYCLE #108
[2026-05-01T22:27:05Z] [INFO] 🔍 Running overnight research protocol (web scraping + cross-symbol analysis)...
[2026-05-01T22:27:06Z] [INFO] 📊 Cycle duration: 0.59s, Files generated: 0
[2026-05-01T22:27:06Z] [INFO] 💾 Database updated with cycle results
[2026-05-01T22:27:06Z] [SECTION] ============================================================
[2026-05-01T22:27:06Z] [INFO] 🔮 PHASE: HIDDEN LAYERING DETECTION
[2026-05-01T22:27:06Z] [INFO] 🔗 Hidden layering detection complete. Connections identified: 2
[2026-05-01T22:27:06Z] [SECTION] ============================================================
[2026-05-01T22:27:06Z] [INFO] 🔬 PHASE: DOMAIN CORRELATION ANALYSIS
[2026-05-01T22:27:06Z] [INFO] 📊 Domain correlation matrices created: 1
[2026-05-01T22:27:06Z] [SECTION] ============================================================
[2026-05-01T22:27:06Z] [INFO] 🖼️  PHASE: IMAGE-SEED ANALYSIS
[2026-05-01T22:27:06Z] [INFO] 📂 Image seed analysis bootstrapping from 0 images...
[2026-05-01T22:27:06Z] [SECTION] ============================================================
[2026-05-01T22:27:06Z] [INFO] 📤 PHASE: PUSH COMPONENTS TO TOLARIA
[2026-05-01T22:27:06Z] [INFO] 📦 Components pushed to Tolaria: 5
[2026-05-01T22:27:06Z] [SECTION] ============================================================
[2026-05-01T22:27:06Z] [INFO] 🧩 PHASE: COMPOSER - DOMAIN INTEGRATION SYNTHESIS
[2026-05-01T22:27:06Z] [INFO] 🎨 Domain integrations synthesized: 0
[2026-05-01T22:27:06Z] [SECTION] ============================================================
[2026-05-01T22:27:06Z] [INFO] 🚀 PHASE: ADVANCED OVERNIGHT LOOP
[2026-05-01T22:27:07Z] [INFO] 🔬 Advanced loop completed cycles: 0
[2026-05-01T22:27:07Z] [WARNING] ⚠️  Git commit skipped or failed (git not initialized?): Command '['git', '-C', '/home/avalonas/.hermes/gematria/unified_overnight_research', 'add', '.']' returned non-zero exit status 128.
[2026-05-01T22:27:07Z] [INFO] 
📊 CYCLE #108 SUMMARY
[2026-05-01T22:27:07Z] [INFO] ✅ Successful tasks: 7/7
[2026-05-01T22:27:07Z] [INFO] ⏱️  Cycle duration: 1.71s
[2026-05-01T22:27:07Z] [INFO]    ⚠️ task: result
[2026-05-01T22:27:07Z] [INFO]    ⚠️ task: result
[2026-05-01T22:27:07Z] [INFO]    ⚠️ task: result
[2026-05-01T22:27:07Z] [INFO]    ⚠️ task: result
[2026-05-01T22:27:07Z] [INFO]    ⚠️ task: result
[2026-05-01T22:27:07Z] [INFO]    ⚠️ task: result
[2026-05-01T22:27:07Z] [INFO]    ⚠️ task: result
[2026-05-01T22:27:07Z] [HEADER] ================================================================================
[2026-05-01T22:27:07Z] [INFO] 🔄 OVERNIGHT RESEARCH PIPELINE - CYCLE #109
[2026-05-01T22:27:07Z] [INFO] ================================================================================
[2026-05-01T22:27:07Z] [HEADER] ============================================================
[2026-05-01T22:27:07Z] [INFO] 🌙 STARTING OVERNIGHT RESEARCH CYCLE #109
[2026-05-01T22:27:07Z] [INFO] 🔍 Running overnight research protocol (web scraping + cross-symbol analysis)...
[2026-05-01T22:27:07Z] [INFO] 📊 Cycle duration: 0.45s, Files generated: 0
[2026-05-01T22:27:07Z] [INFO] 💾 Database updated with cycle results
[2026-05-01T22:27:07Z] [SECTION] ============================================================
[2026-05-01T22:27:07Z] [INFO] 🔮 PHASE: HIDDEN LAYERING DETECTION
[2026-05-01T22:27:07Z] [INFO] 🔗 Hidden layering detection complete. Connections identified: 2
[2026-05-01T22:27:07Z] [SECTION] ============================================================
[2026-05-01T22:27:07Z] [INFO] 🔬 PHASE: DOMAIN CORRELATION ANALYSIS
[2026-05-01T22:27:07Z] [INFO] 📊 Domain correlation matrices created: 1
[2026-05-01T22:27:07Z] [SECTION] ============================================================
[2026-05-01T22:27:07Z] [INFO] 🖼️  PHASE: IMAGE-SEED ANALYSIS
[2026-05-01T22:27:07Z] [INFO] 📂 Image seed analysis bootstrapping from 0 images...
[2026-05-01T22:27:07Z] [SECTION] ============================================================
[2026-05-01T22:27:07Z] [INFO] 📤 PHASE: PUSH COMPONENTS TO TOLARIA
[2026-05-01T22:27:08Z] [INFO] 📦 Components pushed to Tolaria: 5
[2026-05-01T22:27:08Z] [SECTION] ============================================================
[2026-05-01T22:27:08Z] [INFO] 🧩 PHASE: COMPOSER - DOMAIN INTEGRATION SYNTHESIS
[2026-05-01T22:27:08Z] [INFO] 🎨 Domain integrations synthesized: 0
[2026-05-01T22:27:08Z] [SECTION] ============================================================
[2026-05-01T22:27:08Z] [INFO] 🚀 PHASE: ADVANCED OVERNIGHT LOOP
[2026-05-01T22:27:08Z] [INFO] 🔬 Advanced loop completed cycles: 0
[2026-05-01T22:27:08Z] [WARNING] ⚠️  Git commit skipped or failed (git not initialized?): Command '['git', '-C', '/home/avalonas/.hermes/gematria/unified_overnight_research', 'add', '.']' returned non-zero exit status 128.
[2026-05-01T22:27:08Z] [INFO] 
📊 CYCLE #109 SUMMARY
[2026-05-01T22:27:08Z] [INFO] ✅ Successful tasks: 7/7
[2026-05-01T22:27:08Z] [INFO] ⏱️  Cycle duration: 1.48s
[2026-05-01T22:27:08Z] [INFO]    ⚠️ task: result
[2026-05-01T22:27:08Z] [INFO]    ⚠️ task: result
[2026-05-01T22:27:08Z] [INFO]    ⚠️ task: result
[2026-05-01T22:27:08Z] [INFO]    ⚠️ task: result
[2026-05-01T22:27:08Z] [INFO]    ⚠️ task: result
[2026-05-01T22:27:08Z] [INFO]    ⚠️ task: result
[2026-05-01T22:27:08Z] [INFO]    ⚠️ task: result
[2026-05-01T22:27:08Z] [HEADER] ================================================================================
[2026-05-01T22:27:08Z] [INFO] 🔄 OVERNIGHT RESEARCH PIPELINE - CYCLE #110
[2026-05-01T22:27:08Z] [INFO] ================================================================================
[2026-05-01T22:27:08Z] [HEADER] ============================================================
[2026-05-01T22:27:08Z] [INFO] 🌙 STARTING OVERNIGHT RESEARCH CYCLE #110
[2026-05-01T22:27:08Z] [INFO] 🔍 Running overnight research protocol (web scraping + cross-symbol analysis)...
[2026-05-01T22:27:09Z] [INFO] 📊 Cycle duration: 0.57s, Files generated: 0
[2026-05-01T22:27:09Z] [INFO] 💾 Database updated with cycle results
[2026-05-01T22:27:09Z] [SECTION] ============================================================
[2026-05-01T22:27:09Z] [INFO] 🔮 PHASE: HIDDEN LAYERING DETECTION
[2026-05-01T22:27:09Z] [INFO] 🔗 Hidden layering detection complete. Connections identified: 2
[2026-05-01T22:27:09Z] [SECTION] ============================================================
[2026-05-01T22:27:09Z] [INFO] 🔬 PHASE: DOMAIN CORRELATION ANALYSIS
[2026-05-01T22:27:09Z] [INFO] 📊 Domain correlation matrices created: 1
[2026-05-01T22:27:09Z] [SECTION] ============================================================
[2026-05-01T22:27:09Z] [INFO] 🖼️  PHASE: IMAGE-SEED ANALYSIS
[2026-05-01T22:27:09Z] [INFO] 📂 Image seed analysis bootstrapping from 0 images...
[2026-05-01T22:27:09Z] [SECTION] ============================================================
[2026-05-01T22:27:09Z] [INFO] 📤 PHASE: PUSH COMPONENTS TO TOLARIA
[2026-05-01T22:27:09Z] [INFO] 📦 Components pushed to Tolaria: 5
[2026-05-01T22:27:09Z] [SECTION] ============================================================
[2026-05-01T22:27:09Z] [INFO] 🧩 PHASE: COMPOSER - DOMAIN INTEGRATION SYNTHESIS
[2026-05-01T22:27:10Z] [INFO] 🎨 Domain integrations synthesized: 0
[2026-05-01T22:27:10Z] [SECTION] ============================================================
[2026-05-01T22:27:10Z] [INFO] 🚀 PHASE: ADVANCED OVERNIGHT LOOP
[2026-05-01T22:27:10Z] [INFO] 🔬 Advanced loop completed cycles: 0
[2026-05-01T22:27:10Z] [WARNING] ⚠️  Git commit skipped or failed (git not initialized?): Command '['git', '-C', '/home/avalonas/.hermes/gematria/unified_overnight_research', 'add', '.']' returned non-zero exit status 128.
[2026-05-01T22:27:10Z] [INFO] 
📊 CYCLE #110 SUMMARY
[2026-05-01T22:27:10Z] [INFO] ✅ Successful tasks: 7/7
[2026-05-01T22:27:10Z] [INFO] ⏱️  Cycle duration: 1.55s
[2026-05-01T22:27:10Z] [INFO]    ⚠️ task: result
[2026-05-01T22:27:10Z] [INFO]    ⚠️ task: result
[2026-05-01T22:27:10Z] [INFO]    ⚠️ task: result
[2026-05-01T22:27:10Z] [INFO]    ⚠️ task: result
[2026-05-01T22:27:10Z] [INFO]    ⚠️ task: result
[2026-05-01T22:27:10Z] [INFO]    ⚠️ task: result
[2026-05-01T22:27:10Z] [INFO]    ⚠️ task: result
[2026-05-01T22:27:10Z] [HEADER] ================================================================================
[2026-05-01T22:27:10Z] [INFO] 🔄 OVERNIGHT RESEARCH PIPELINE - CYCLE #111
[2026-05-01T22:27:10Z] [INFO] ================================================================================
[2026-05-01T22:27:10Z] [HEADER] ============================================================
[2026-05-01T22:27:10Z] [INFO] 🌙 STARTING OVERNIGHT RESEARCH CYCLE #111
[2026-05-01T22:27:10Z] [INFO] 🔍 Running overnight research protocol (web scraping + cross-symbol analysis)...
[2026-05-01T22:27:10Z] [INFO] 📊 Cycle duration: 0.45s, Files generated: 0
[2026-05-01T22:27:10Z] [INFO] 💾 Database updated with cycle results
[2026-05-01T22:27:10Z] [SECTION] ============================================================
[2026-05-01T22:27:10Z] [INFO] 🔮 PHASE: HIDDEN LAYERING DETECTION
[2026-05-01T22:27:10Z] [INFO] 🔗 Hidden layering detection complete. Connections identified: 2
[2026-05-01T22:27:10Z] [SECTION] ============================================================
[2026-05-01T22:27:10Z] [INFO] 🔬 PHASE: DOMAIN CORRELATION ANALYSIS
[2026-05-01T22:27:10Z] [INFO] 📊 Domain correlation matrices created: 1
[2026-05-01T22:27:10Z] [SECTION] ============================================================
[2026-05-01T22:27:10Z] [INFO] 🖼️  PHASE: IMAGE-SEED ANALYSIS
[2026-05-01T22:27:10Z] [INFO] 📂 Image seed analysis bootstrapping from 0 images...
[2026-05-01T22:27:10Z] [SECTION] ============================================================
[2026-05-01T22:27:10Z] [INFO] 📤 PHASE: PUSH COMPONENTS TO TOLARIA
[2026-05-01T22:27:11Z] [INFO] 📦 Components pushed to Tolaria: 5
[2026-05-01T22:27:11Z] [SECTION] ============================================================
[2026-05-01T22:27:11Z] [INFO] 🧩 PHASE: COMPOSER - DOMAIN INTEGRATION SYNTHESIS
[2026-05-01T22:27:11Z] [INFO] 🎨 Domain integrations synthesized: 0
[2026-05-01T22:27:11Z] [SECTION] ============================================================
[2026-05-01T22:27:11Z] [INFO] 🚀 PHASE: ADVANCED OVERNIGHT LOOP
[2026-05-01T22:27:11Z] [INFO] 🔬 Advanced loop completed cycles: 0
[2026-05-01T22:27:11Z] [WARNING] ⚠️  Git commit skipped or failed (git not initialized?): Command '['git', '-C', '/home/avalonas/.hermes/gematria/unified_overnight_research', 'add', '.']' returned non-zero exit status 128.
[2026-05-01T22:27:11Z] [INFO] 
📊 CYCLE #111 SUMMARY
[2026-05-01T22:27:11Z] [INFO] ✅ Successful tasks: 7/7
[2026-05-01T22:27:11Z] [INFO] ⏱️  Cycle duration: 1.56s
[2026-05-01T22:27:11Z] [INFO]    ⚠️ task: result
[2026-05-01T22:27:11Z] [INFO]    ⚠️ task: result
[2026-05-01T22:27:11Z] [INFO]    ⚠️ task: result
[2026-05-01T22:27:11Z] [INFO]    ⚠️ task: result
[2026-05-01T22:27:11Z] [INFO]    ⚠️ task: result
[2026-05-01T22:27:11Z] [INFO]    ⚠️ task: result
[2026-05-01T22:27:11Z] [INFO]    ⚠️ task: result
[2026-05-01T22:27:11Z] [HEADER] ================================================================================
[2026-05-01T22:27:11Z] [INFO] 🔄 OVERNIGHT RESEARCH PIPELINE - CYCLE #112
[2026-05-01T22:27:11Z] [INFO] ================================================================================
[2026-05-01T22:27:11Z] [HEADER] ============================================================
[2026-05-01T22:27:11Z] [INFO] 🌙 STARTING OVERNIGHT RESEARCH CYCLE #112
[2026-05-01T22:27:11Z] [INFO] 🔍 Running overnight research protocol (web scraping + cross-symbol analysis)...
[2026-05-01T22:27:12Z] [INFO] 📊 Cycle duration: 0.45s, Files generated: 0
[2026-05-01T22:27:12Z] [INFO] 💾 Database updated with cycle results
[2026-05-01T22:27:12Z] [SECTION] ============================================================
[2026-05-01T22:27:12Z] [INFO] 🔮 PHASE: HIDDEN LAYERING DETECTION
[2026-05-01T22:27:12Z] [INFO] 🔗 Hidden layering detection complete. Connections identified: 2
[2026-05-01T22:27:12Z] [SECTION] ============================================================
[2026-05-01T22:27:12Z] [INFO] 🔬 PHASE: DOMAIN CORRELATION ANALYSIS
[2026-05-01T22:27:12Z] [INFO] 📊 Domain correlation matrices created: 1
[2026-05-01T22:27:12Z] [SECTION] ============================================================
[2026-05-01T22:27:12Z] [INFO] 🖼️  PHASE: IMAGE-SEED ANALYSIS
[2026-05-01T22:27:12Z] [INFO] 📂 Image seed analysis bootstrapping from 0 images...
[2026-05-01T22:27:12Z] [SECTION] ============================================================
[2026-05-01T22:27:12Z] [INFO] 📤 PHASE: PUSH COMPONENTS TO TOLARIA
[2026-05-01T22:27:13Z] [INFO] 📦 Components pushed to Tolaria: 5
[2026-05-01T22:27:13Z] [SECTION] ============================================================
[2026-05-01T22:27:13Z] [INFO] 🧩 PHASE: COMPOSER - DOMAIN INTEGRATION SYNTHESIS
[2026-05-01T22:27:13Z] [INFO] 🎨 Domain integrations synthesized: 0
[2026-05-01T22:27:13Z] [SECTION] ============================================================
[2026-05-01T22:27:13Z] [INFO] 🚀 PHASE: ADVANCED OVERNIGHT LOOP
[2026-05-01T22:27:13Z] [INFO] 🔬 Advanced loop completed cycles: 0
[2026-05-01T22:27:13Z] [WARNING] ⚠️  Git commit skipped or failed (git not initialized?): Command '['git', '-C', '/home/avalonas/.hermes/gematria/unified_overnight_research', 'add', '.']' returned non-zero exit status 128.
[2026-05-01T22:27:13Z] [INFO] 
📊 CYCLE #112 SUMMARY
[2026-05-01T22:27:13Z] [INFO] ✅ Successful tasks: 7/7
[2026-05-01T22:27:13Z] [INFO] ⏱️  Cycle duration: 1.62s
[2026-05-01T22:27:13Z] [INFO]    ⚠️ task: result
[2026-05-01T22:27:13Z] [INFO]    ⚠️ task: result
[2026-05-01T22:27:13Z] [INFO]    ⚠️ task: result
[2026-05-01T22:27:13Z] [INFO]    ⚠️ task: result
[2026-05-01T22:27:13Z] [INFO]    ⚠️ task: result
[2026-05-01T22:27:13Z] [INFO]    ⚠️ task: result
[2026-05-01T22:27:13Z] [INFO]    ⚠️ task: result
[2026-05-01T22:27:13Z] [HEADER] ================================================================================
[2026-05-01T22:27:13Z] [INFO] 🔄 OVERNIGHT RESEARCH PIPELINE - CYCLE #113
[2026-05-01T22:27:13Z] [INFO] ================================================================================
[2026-05-01T22:27:13Z] [HEADER] ============================================================
[2026-05-01T22:27:13Z] [INFO] 🌙 STARTING OVERNIGHT RESEARCH CYCLE #113
[2026-05-01T22:27:13Z] [INFO] 🔍 Running overnight research protocol (web scraping + cross-symbol analysis)...
[2026-05-01T22:27:13Z] [INFO] 📊 Cycle duration: 0.56s, Files generated: 0
[2026-05-01T22:27:13Z] [INFO] 💾 Database updated with cycle results
[2026-05-01T22:27:13Z] [SECTION] ============================================================
[2026-05-01T22:27:13Z] [INFO] 🔮 PHASE: HIDDEN LAYERING DETECTION
[2026-05-01T22:27:13Z] [INFO] 🔗 Hidden layering detection complete. Connections identified: 2
[2026-05-01T22:27:13Z] [SECTION] ============================================================
[2026-05-01T22:27:13Z] [INFO] 🔬 PHASE: DOMAIN CORRELATION ANALYSIS
[2026-05-01T22:27:13Z] [INFO] 📊 Domain correlation matrices created: 1
[2026-05-01T22:27:13Z] [SECTION] ============================================================
[2026-05-01T22:27:13Z] [INFO] 🖼️  PHASE: IMAGE-SEED ANALYSIS
[2026-05-01T22:27:13Z] [INFO] 📂 Image seed analysis bootstrapping from 0 images...
[2026-05-01T22:27:14Z] [SECTION] ============================================================
[2026-05-01T22:27:14Z] [INFO] 📤 PHASE: PUSH COMPONENTS TO TOLARIA
[2026-05-01T22:27:14Z] [INFO] 📦 Components pushed to Tolaria: 5
[2026-05-01T22:27:14Z] [SECTION] ============================================================
[2026-05-01T22:27:14Z] [INFO] 🧩 PHASE: COMPOSER - DOMAIN INTEGRATION SYNTHESIS
[2026-05-01T22:27:14Z] [INFO] 🎨 Domain integrations synthesized: 0
[2026-05-01T22:27:14Z] [SECTION] ============================================================
[2026-05-01T22:27:14Z] [INFO] 🚀 PHASE: ADVANCED OVERNIGHT LOOP
[2026-05-01T22:27:15Z] [INFO] 🔬 Advanced loop completed cycles: 0
[2026-05-01T22:27:15Z] [WARNING] ⚠️  Git commit skipped or failed (git not initialized?): Command '['git', '-C', '/home/avalonas/.hermes/gematria/unified_overnight_research', 'add', '.']' returned non-zero exit status 128.
[2026-05-01T22:27:15Z] [INFO] 
📊 CYCLE #113 SUMMARY
[2026-05-01T22:27:15Z] [INFO] ✅ Successful tasks: 7/7
[2026-05-01T22:27:15Z] [INFO] ⏱️  Cycle duration: 1.85s
[2026-05-01T22:27:15Z] [INFO]    ⚠️ task: result
[2026-05-01T22:27:15Z] [INFO]    ⚠️ task: result
[2026-05-01T22:27:15Z] [INFO]    ⚠️ task: result
[2026-05-01T22:27:15Z] [INFO]    ⚠️ task: result
[2026-05-01T22:27:15Z] [INFO]    ⚠️ task: result
[2026-05-01T22:27:15Z] [INFO]    ⚠️ task: result
[2026-05-01T22:27:15Z] [INFO]    ⚠️ task: result
[2026-05-01T22:27:15Z] [HEADER] ================================================================================
[2026-05-01T22:27:15Z] [INFO] 🔄 OVERNIGHT RESEARCH PIPELINE - CYCLE #114
[2026-05-01T22:27:15Z] [INFO] ================================================================================
[2026-05-01T22:27:15Z] [HEADER] ============================================================
[2026-05-01T22:27:15Z] [INFO] 🌙 STARTING OVERNIGHT RESEARCH CYCLE #114
[2026-05-01T22:27:15Z] [INFO] 🔍 Running overnight research protocol (web scraping + cross-symbol analysis)...
[2026-05-01T22:27:15Z] [INFO] 📊 Cycle duration: 0.60s, Files generated: 0
[2026-05-01T22:27:15Z] [INFO] 💾 Database updated with cycle results
[2026-05-01T22:27:15Z] [SECTION] ============================================================
[2026-05-01T22:27:15Z] [INFO] 🔮 PHASE: HIDDEN LAYERING DETECTION
[2026-05-01T22:27:15Z] [INFO] 🔗 Hidden layering detection complete. Connections identified: 2
[2026-05-01T22:27:15Z] [SECTION] ============================================================
[2026-05-01T22:27:15Z] [INFO] 🔬 PHASE: DOMAIN CORRELATION ANALYSIS
[2026-05-01T22:27:15Z] [INFO] 📊 Domain correlation matrices created: 1
[2026-05-01T22:27:15Z] [SECTION] ============================================================
[2026-05-01T22:27:15Z] [INFO] 🖼️  PHASE: IMAGE-SEED ANALYSIS
[2026-05-01T22:27:15Z] [INFO] 📂 Image seed analysis bootstrapping from 0 images...
[2026-05-01T22:27:15Z] [SECTION] ============================================================
[2026-05-01T22:27:15Z] [INFO] 📤 PHASE: PUSH COMPONENTS TO TOLARIA
[2026-05-01T22:27:16Z] [INFO] 📦 Components pushed to Tolaria: 5
[2026-05-01T22:27:16Z] [SECTION] ============================================================
[2026-05-01T22:27:16Z] [INFO] 🧩 PHASE: COMPOSER - DOMAIN INTEGRATION SYNTHESIS
[2026-05-01T22:27:16Z] [INFO] 🎨 Domain integrations synthesized: 0
[2026-05-01T22:27:16Z] [SECTION] ============================================================
[2026-05-01T22:27:16Z] [INFO] 🚀 PHASE: ADVANCED OVERNIGHT LOOP
[2026-05-01T22:27:16Z] [INFO] 🔬 Advanced loop completed cycles: 0
[2026-05-01T22:27:16Z] [WARNING] ⚠️  Git commit skipped or failed (git not initialized?): Command '['git', '-C', '/home/avalonas/.hermes/gematria/unified_overnight_research', 'add', '.']' returned non-zero exit status 128.
[2026-05-01T22:27:16Z] [INFO] 
📊 CYCLE #114 SUMMARY
[2026-05-01T22:27:16Z] [INFO] ✅ Successful tasks: 7/7
[2026-05-01T22:27:16Z] [INFO] ⏱️  Cycle duration: 1.69s
[2026-05-01T22:27:16Z] [INFO]    ⚠️ task: result
[2026-05-01T22:27:16Z] [INFO]    ⚠️ task: result
[2026-05-01T22:27:16Z] [INFO]    ⚠️ task: result
[2026-05-01T22:27:16Z] [INFO]    ⚠️ task: result
[2026-05-01T22:27:16Z] [INFO]    ⚠️ task: result
[2026-05-01T22:27:16Z] [INFO]    ⚠️ task: result
[2026-05-01T22:27:16Z] [INFO]    ⚠️ task: result
[2026-05-01T22:27:16Z] [HEADER] ================================================================================
[2026-05-01T22:27:16Z] [INFO] 🔄 OVERNIGHT RESEARCH PIPELINE - CYCLE #115
[2026-05-01T22:27:16Z] [INFO] ================================================================================
[2026-05-01T22:27:16Z] [HEADER] ============================================================
[2026-05-01T22:27:16Z] [INFO] 🌙 STARTING OVERNIGHT RESEARCH CYCLE #115
[2026-05-01T22:27:16Z] [INFO] 🔍 Running overnight research protocol (web scraping + cross-symbol analysis)...
[2026-05-01T22:27:17Z] [INFO] 📊 Cycle duration: 0.45s, Files generated: 0
[2026-05-01T22:27:17Z] [INFO] 💾 Database updated with cycle results
[2026-05-01T22:27:17Z] [SECTION] ============================================================
[2026-05-01T22:27:17Z] [INFO] 🔮 PHASE: HIDDEN LAYERING DETECTION
[2026-05-01T22:27:17Z] [INFO] 🔗 Hidden layering detection complete. Connections identified: 2
[2026-05-01T22:27:17Z] [SECTION] ============================================================
[2026-05-01T22:27:17Z] [INFO] 🔬 PHASE: DOMAIN CORRELATION ANALYSIS
[2026-05-01T22:27:17Z] [INFO] 📊 Domain correlation matrices created: 1
[2026-05-01T22:27:17Z] [SECTION] ============================================================
[2026-05-01T22:27:17Z] [INFO] 🖼️  PHASE: IMAGE-SEED ANALYSIS
[2026-05-01T22:27:17Z] [INFO] 📂 Image seed analysis bootstrapping from 0 images...
[2026-05-01T22:27:17Z] [SECTION] ============================================================
[2026-05-01T22:27:17Z] [INFO] 📤 PHASE: PUSH COMPONENTS TO TOLARIA
[2026-05-01T22:27:18Z] [INFO] 📦 Components pushed to Tolaria: 5
[2026-05-01T22:27:18Z] [SECTION] ============================================================
[2026-05-01T22:27:18Z] [INFO] 🧩 PHASE: COMPOSER - DOMAIN INTEGRATION SYNTHESIS
[2026-05-01T22:27:18Z] [INFO] 🎨 Domain integrations synthesized: 0
[2026-05-01T22:27:18Z] [SECTION] ============================================================
[2026-05-01T22:27:18Z] [INFO] 🚀 PHASE: ADVANCED OVERNIGHT LOOP
[2026-05-01T22:27:18Z] [INFO] 🔬 Advanced loop completed cycles: 0
[2026-05-01T22:27:18Z] [WARNING] ⚠️  Git commit skipped or failed (git not initialized?): Command '['git', '-C', '/home/avalonas/.hermes/gematria/unified_overnight_research', 'add', '.']' returned non-zero exit status 128.
[2026-05-01T22:27:18Z] [INFO] 
📊 CYCLE #115 SUMMARY
[2026-05-01T22:27:18Z] [INFO] ✅ Successful tasks: 7/7
[2026-05-01T22:27:18Z] [INFO] ⏱️  Cycle duration: 1.57s
[2026-05-01T22:27:18Z] [INFO]    ⚠️ task: result
[2026-05-01T22:27:18Z] [INFO]    ⚠️ task: result
[2026-05-01T22:27:18Z] [INFO]    ⚠️ task: result
[2026-05-01T22:27:18Z] [INFO]    ⚠️ task: result
[2026-05-01T22:27:18Z] [INFO]    ⚠️ task: result
[2026-05-01T22:27:18Z] [INFO]    ⚠️ task: result
[2026-05-01T22:27:18Z] [INFO]    ⚠️ task: result
[2026-05-01T22:27:18Z] [HEADER] ================================================================================
[2026-05-01T22:27:18Z] [INFO] 🔄 OVERNIGHT RESEARCH PIPELINE - CYCLE #116
[2026-05-01T22:27:18Z] [INFO] ================================================================================
[2026-05-01T22:27:18Z] [HEADER] ============================================================
[2026-05-01T22:27:18Z] [INFO] 🌙 STARTING OVERNIGHT RESEARCH CYCLE #116
[2026-05-01T22:27:18Z] [INFO] 🔍 Running overnight research protocol (web scraping + cross-symbol analysis)...
[2026-05-01T22:27:18Z] [INFO] 📊 Cycle duration: 0.45s, Files generated: 0
[2026-05-01T22:27:18Z] [INFO] 💾 Database updated with cycle results
[2026-05-01T22:27:18Z] [SECTION] ============================================================
[2026-05-01T22:27:18Z] [INFO] 🔮 PHASE: HIDDEN LAYERING DETECTION
[2026-05-01T22:27:18Z] [INFO] 🔗 Hidden layering detection complete. Connections identified: 2
[2026-05-01T22:27:18Z] [SECTION] ============================================================
[2026-05-01T22:27:18Z] [INFO] 🔬 PHASE: DOMAIN CORRELATION ANALYSIS
[2026-05-01T22:27:18Z] [INFO] 📊 Domain correlation matrices created: 1
[2026-05-01T22:27:18Z] [SECTION] ============================================================
[2026-05-01T22:27:18Z] [INFO] 🖼️  PHASE: IMAGE-SEED ANALYSIS
[2026-05-01T22:27:18Z] [INFO] 📂 Image seed analysis bootstrapping from 0 images...
[2026-05-01T22:27:19Z] [SECTION] ============================================================
[2026-05-01T22:27:19Z] [INFO] 📤 PHASE: PUSH COMPONENTS TO TOLARIA
[2026-05-01T22:27:19Z] [INFO] 📦 Components pushed to Tolaria: 5
[2026-05-01T22:27:19Z] [SECTION] ============================================================
[2026-05-01T22:27:19Z] [INFO] 🧩 PHASE: COMPOSER - DOMAIN INTEGRATION SYNTHESIS
[2026-05-01T22:27:19Z] [INFO] 🎨 Domain integrations synthesized: 0
[2026-05-01T22:27:19Z] [SECTION] ============================================================
[2026-05-01T22:27:19Z] [INFO] 🚀 PHASE: ADVANCED OVERNIGHT LOOP
[2026-05-01T22:27:20Z] [INFO] 🔬 Advanced loop completed cycles: 0
[2026-05-01T22:27:20Z] [WARNING] ⚠️  Git commit skipped or failed (git not initialized?): Command '['git', '-C', '/home/avalonas/.hermes/gematria/unified_overnight_research', 'add', '.']' returned non-zero exit status 128.
[2026-05-01T22:27:20Z] [INFO] 
📊 CYCLE #116 SUMMARY
[2026-05-01T22:27:20Z] [INFO] ✅ Successful tasks: 7/7
[2026-05-01T22:27:20Z] [INFO] ⏱️  Cycle duration: 1.72s
[2026-05-01T22:27:20Z] [INFO]    ⚠️ task: result
[2026-05-01T22:27:20Z] [INFO]    ⚠️ task: result
[2026-05-01T22:27:20Z] [INFO]    ⚠️ task: result
[2026-05-01T22:27:20Z] [INFO]    ⚠️ task: result
[2026-05-01T22:27:20Z] [INFO]    ⚠️ task: result
[2026-05-01T22:27:20Z] [INFO]    ⚠️ task: result
[2026-05-01T22:27:20Z] [INFO]    ⚠️ task: result
[2026-05-01T22:27:20Z] [HEADER] ================================================================================
[2026-05-01T22:27:20Z] [INFO] 🔄 OVERNIGHT RESEARCH PIPELINE - CYCLE #117
[2026-05-01T22:27:20Z] [INFO] ================================================================================
[2026-05-01T22:27:20Z] [HEADER] ============================================================
[2026-05-01T22:27:20Z] [INFO] 🌙 STARTING OVERNIGHT RESEARCH CYCLE #117
[2026-05-01T22:27:20Z] [INFO] 🔍 Running overnight research protocol (web scraping + cross-symbol analysis)...
[2026-05-01T22:27:20Z] [INFO] 📊 Cycle duration: 0.45s, Files generated: 0
[2026-05-01T22:27:20Z] [INFO] 💾 Database updated with cycle results
[2026-05-01T22:27:20Z] [SECTION] ============================================================
[2026-05-01T22:27:20Z] [INFO] 🔮 PHASE: HIDDEN LAYERING DETECTION
[2026-05-01T22:27:20Z] [INFO] 🔗 Hidden layering detection complete. Connections identified: 2
[2026-05-01T22:27:20Z] [SECTION] ============================================================
[2026-05-01T22:27:20Z] [INFO] 🔬 PHASE: DOMAIN CORRELATION ANALYSIS
[2026-05-01T22:27:20Z] [INFO] 📊 Domain correlation matrices created: 1
[2026-05-01T22:27:20Z] [SECTION] ============================================================
[2026-05-01T22:27:20Z] [INFO] 🖼️  PHASE: IMAGE-SEED ANALYSIS
[2026-05-01T22:27:20Z] [INFO] 📂 Image seed analysis bootstrapping from 0 images...
[2026-05-01T22:27:20Z] [SECTION] ============================================================
[2026-05-01T22:27:20Z] [INFO] 📤 PHASE: PUSH COMPONENTS TO TOLARIA
[2026-05-01T22:27:21Z] [INFO] 📦 Components pushed to Tolaria: 5
[2026-05-01T22:27:21Z] [SECTION] ============================================================
[2026-05-01T22:27:21Z] [INFO] 🧩 PHASE: COMPOSER - DOMAIN INTEGRATION SYNTHESIS
[2026-05-01T22:27:21Z] [INFO] 🎨 Domain integrations synthesized: 0
[2026-05-01T22:27:21Z] [SECTION] ============================================================
[2026-05-01T22:27:21Z] [INFO] 🚀 PHASE: ADVANCED OVERNIGHT LOOP
[2026-05-01T22:27:21Z] [INFO] 🔬 Advanced loop completed cycles: 0
[2026-05-01T22:27:21Z] [WARNING] ⚠️  Git commit skipped or failed (git not initialized?): Command '['git', '-C', '/home/avalonas/.hermes/gematria/unified_overnight_research', 'add', '.']' returned non-zero exit status 128.
[2026-05-01T22:27:21Z] [INFO] 
📊 CYCLE #117 SUMMARY
[2026-05-01T22:27:21Z] [INFO] ✅ Successful tasks: 7/7
[2026-05-01T22:27:21Z] [INFO] ⏱️  Cycle duration: 1.66s
[2026-05-01T22:27:21Z] [INFO]    ⚠️ task: result
[2026-05-01T22:27:21Z] [INFO]    ⚠️ task: result
[2026-05-01T22:27:21Z] [INFO]    ⚠️ task: result
[2026-05-01T22:27:21Z] [INFO]    ⚠️ task: result
[2026-05-01T22:27:21Z] [INFO]    ⚠️ task: result
[2026-05-01T22:27:21Z] [INFO]    ⚠️ task: result
[2026-05-01T22:27:21Z] [INFO]    ⚠️ task: result
[2026-05-01T22:27:21Z] [HEADER] ================================================================================
[2026-05-01T22:27:21Z] [INFO] 🔄 OVERNIGHT RESEARCH PIPELINE - CYCLE #118
[2026-05-01T22:27:21Z] [INFO] ================================================================================
[2026-05-01T22:27:21Z] [HEADER] ============================================================
[2026-05-01T22:27:21Z] [INFO] 🌙 STARTING OVERNIGHT RESEARCH CYCLE #118
[2026-05-01T22:27:21Z] [INFO] 🔍 Running overnight research protocol (web scraping + cross-symbol analysis)...
[2026-05-01T22:27:22Z] [INFO] 📊 Cycle duration: 0.57s, Files generated: 0
[2026-05-01T22:27:22Z] [INFO] 💾 Database updated with cycle results
[2026-05-01T22:27:22Z] [SECTION] ============================================================
[2026-05-01T22:27:22Z] [INFO] 🔮 PHASE: HIDDEN LAYERING DETECTION
[2026-05-01T22:27:22Z] [INFO] 🔗 Hidden layering detection complete. Connections identified: 2
[2026-05-01T22:27:22Z] [SECTION] ============================================================
[2026-05-01T22:27:22Z] [INFO] 🔬 PHASE: DOMAIN CORRELATION ANALYSIS
[2026-05-01T22:27:22Z] [INFO] 📊 Domain correlation matrices created: 1
[2026-05-01T22:27:22Z] [SECTION] ============================================================
[2026-05-01T22:27:22Z] [INFO] 🖼️  PHASE: IMAGE-SEED ANALYSIS
[2026-05-01T22:27:22Z] [INFO] 📂 Image seed analysis bootstrapping from 0 images...
[2026-05-01T22:27:22Z] [SECTION] ============================================================
[2026-05-01T22:27:22Z] [INFO] 📤 PHASE: PUSH COMPONENTS TO TOLARIA
[2026-05-01T22:27:23Z] [INFO] 📦 Components pushed to Tolaria: 5
[2026-05-01T22:27:23Z] [SECTION] ============================================================
[2026-05-01T22:27:23Z] [INFO] 🧩 PHASE: COMPOSER - DOMAIN INTEGRATION SYNTHESIS
[2026-05-01T22:27:23Z] [INFO] 🎨 Domain integrations synthesized: 0
[2026-05-01T22:27:23Z] [SECTION] ============================================================
[2026-05-01T22:27:23Z] [INFO] 🚀 PHASE: ADVANCED OVERNIGHT LOOP
[2026-05-01T22:27:23Z] [INFO] 🔬 Advanced loop completed cycles: 0
[2026-05-01T22:27:23Z] [WARNING] ⚠️  Git commit skipped or failed (git not initialized?): Command '['git', '-C', '/home/avalonas/.hermes/gematria/unified_overnight_research', 'add', '.']' returned non-zero exit status 128.
[2026-05-01T22:27:23Z] [INFO] 
📊 CYCLE #118 SUMMARY
[2026-05-01T22:27:23Z] [INFO] ✅ Successful tasks: 7/7
[2026-05-01T22:27:23Z] [INFO] ⏱️  Cycle duration: 1.68s
[2026-05-01T22:27:23Z] [INFO]    ⚠️ task: result
[2026-05-01T22:27:23Z] [INFO]    ⚠️ task: result
[2026-05-01T22:27:23Z] [INFO]    ⚠️ task: result
[2026-05-01T22:27:23Z] [INFO]    ⚠️ task: result
[2026-05-01T22:27:23Z] [INFO]    ⚠️ task: result
[2026-05-01T22:27:23Z] [INFO]    ⚠️ task: result
[2026-05-01T22:27:23Z] [INFO]    ⚠️ task: result
[2026-05-01T22:27:23Z] [HEADER] ================================================================================
[2026-05-01T22:27:23Z] [INFO] 🔄 OVERNIGHT RESEARCH PIPELINE - CYCLE #119
[2026-05-01T22:27:23Z] [INFO] ================================================================================
[2026-05-01T22:27:23Z] [HEADER] ============================================================
[2026-05-01T22:27:23Z] [INFO] 🌙 STARTING OVERNIGHT RESEARCH CYCLE #119
[2026-05-01T22:27:23Z] [INFO] 🔍 Running overnight research protocol (web scraping + cross-symbol analysis)...
[2026-05-01T22:27:24Z] [INFO] 📊 Cycle duration: 0.62s, Files generated: 0
[2026-05-01T22:27:24Z] [INFO] 💾 Database updated with cycle results
[2026-05-01T22:27:24Z] [SECTION] ============================================================
[2026-05-01T22:27:24Z] [INFO] 🔮 PHASE: HIDDEN LAYERING DETECTION
[2026-05-01T22:27:24Z] [INFO] 🔗 Hidden layering detection complete. Connections identified: 2
[2026-05-01T22:27:24Z] [SECTION] ============================================================
[2026-05-01T22:27:24Z] [INFO] 🔬 PHASE: DOMAIN CORRELATION ANALYSIS
[2026-05-01T22:27:24Z] [INFO] 📊 Domain correlation matrices created: 1
[2026-05-01T22:27:24Z] [SECTION] ============================================================
[2026-05-01T22:27:24Z] [INFO] 🖼️  PHASE: IMAGE-SEED ANALYSIS
[2026-05-01T22:27:24Z] [INFO] 📂 Image seed analysis bootstrapping from 0 images...
[2026-05-01T22:27:24Z] [SECTION] ============================================================
[2026-05-01T22:27:24Z] [INFO] 📤 PHASE: PUSH COMPONENTS TO TOLARIA
[2026-05-01T22:27:25Z] [INFO] 📦 Components pushed to Tolaria: 5
[2026-05-01T22:27:25Z] [SECTION] ============================================================
[2026-05-01T22:27:25Z] [INFO] 🧩 PHASE: COMPOSER - DOMAIN INTEGRATION SYNTHESIS
[2026-05-01T22:27:25Z] [INFO] 🎨 Domain integrations synthesized: 0
[2026-05-01T22:27:25Z] [SECTION] ============================================================
[2026-05-01T22:27:25Z] [INFO] 🚀 PHASE: ADVANCED OVERNIGHT LOOP
[2026-05-01T22:27:25Z] [INFO] 🔬 Advanced loop completed cycles: 0
[2026-05-01T22:27:25Z] [WARNING] ⚠️  Git commit skipped or failed (git not initialized?): Command '['git', '-C', '/home/avalonas/.hermes/gematria/unified_overnight_research', 'add', '.']' returned non-zero exit status 128.
[2026-05-01T22:27:25Z] [INFO] 
📊 CYCLE #119 SUMMARY
[2026-05-01T22:27:25Z] [INFO] ✅ Successful tasks: 7/7
[2026-05-01T22:27:25Z] [INFO] ⏱️  Cycle duration: 2.07s
[2026-05-01T22:27:25Z] [INFO]    ⚠️ task: result
[2026-05-01T22:27:25Z] [INFO]    ⚠️ task: result
[2026-05-01T22:27:25Z] [INFO]    ⚠️ task: result
[2026-05-01T22:27:25Z] [INFO]    ⚠️ task: result
[2026-05-01T22:27:25Z] [INFO]    ⚠️ task: result
[2026-05-01T22:27:25Z] [INFO]    ⚠️ task: result
[2026-05-01T22:27:25Z] [INFO]    ⚠️ task: result
[2026-05-01T22:27:25Z] [HEADER] ================================================================================
[2026-05-01T22:27:25Z] [INFO] 🔄 OVERNIGHT RESEARCH PIPELINE - CYCLE #120
[2026-05-01T22:27:25Z] [INFO] ================================================================================
[2026-05-01T22:27:25Z] [HEADER] ============================================================
[2026-05-01T22:27:25Z] [INFO] 🌙 STARTING OVERNIGHT RESEARCH CYCLE #120
[2026-05-01T22:27:25Z] [INFO] 🔍 Running overnight research protocol (web scraping + cross-symbol analysis)...
[2026-05-01T22:27:26Z] [INFO] 📊 Cycle duration: 0.56s, Files generated: 0
[2026-05-01T22:27:26Z] [INFO] 💾 Database updated with cycle results
[2026-05-01T22:27:26Z] [SECTION] ============================================================
[2026-05-01T22:27:26Z] [INFO] 🔮 PHASE: HIDDEN LAYERING DETECTION
[2026-05-01T22:27:26Z] [INFO] 🔗 Hidden layering detection complete. Connections identified: 2
[2026-05-01T22:27:26Z] [SECTION] ============================================================
[2026-05-01T22:27:26Z] [INFO] 🔬 PHASE: DOMAIN CORRELATION ANALYSIS
[2026-05-01T22:27:26Z] [INFO] 📊 Domain correlation matrices created: 1
[2026-05-01T22:27:26Z] [SECTION] ============================================================
[2026-05-01T22:27:26Z] [INFO] 🖼️  PHASE: IMAGE-SEED ANALYSIS
[2026-05-01T22:27:26Z] [INFO] 📂 Image seed analysis bootstrapping from 0 images...
[2026-05-01T22:27:26Z] [SECTION] ============================================================
[2026-05-01T22:27:26Z] [INFO] 📤 PHASE: PUSH COMPONENTS TO TOLARIA
[2026-05-01T22:27:29Z] [INFO] 📦 Components pushed to Tolaria: 5
[2026-05-01T22:27:29Z] [SECTION] ============================================================
[2026-05-01T22:27:29Z] [INFO] 🧩 PHASE: COMPOSER - DOMAIN INTEGRATION SYNTHESIS
[2026-05-01T22:27:29Z] [INFO] 🎨 Domain integrations synthesized: 0
[2026-05-01T22:27:29Z] [SECTION] ============================================================
[2026-05-01T22:27:29Z] [INFO] 🚀 PHASE: ADVANCED OVERNIGHT LOOP
[2026-05-01T22:27:29Z] [INFO] 🔬 Advanced loop completed cycles: 0
[2026-05-01T22:27:29Z] [WARNING] ⚠️  Git commit skipped or failed (git not initialized?): Command '['git', '-C', '/home/avalonas/.hermes/gematria/unified_overnight_research', 'add', '.']' returned non-zero exit status 128.
[2026-05-01T22:27:29Z] [INFO] 
📊 CYCLE #120 SUMMARY
[2026-05-01T22:27:29Z] [INFO] ✅ Successful tasks: 7/7
[2026-05-01T22:27:29Z] [INFO] ⏱️  Cycle duration: 3.72s
[2026-05-01T22:27:29Z] [INFO]    ⚠️ task: result
[2026-05-01T22:27:29Z] [INFO]    ⚠️ task: result
[2026-05-01T22:27:29Z] [INFO]    ⚠️ task: result
[2026-05-01T22:27:29Z] [INFO]    ⚠️ task: result
[2026-05-01T22:27:29Z] [INFO]    ⚠️ task: result
[2026-05-01T22:27:29Z] [INFO]    ⚠️ task: result
[2026-05-01T22:27:29Z] [INFO]    ⚠️ task: result
[2026-05-01T22:27:29Z] [HEADER] ================================================================================
[2026-05-01T22:27:29Z] [INFO] 🔄 OVERNIGHT RESEARCH PIPELINE - CYCLE #121
[2026-05-01T22:27:29Z] [INFO] ================================================================================
[2026-05-01T22:27:29Z] [HEADER] ============================================================
[2026-05-01T22:27:29Z] [INFO] 🌙 STARTING OVERNIGHT RESEARCH CYCLE #121
[2026-05-01T22:27:29Z] [INFO] 🔍 Running overnight research protocol (web scraping + cross-symbol analysis)...
[2026-05-01T22:27:29Z] [INFO] 📊 Cycle duration: 0.58s, Files generated: 0
[2026-05-01T22:27:29Z] [INFO] 💾 Database updated with cycle results
[2026-05-01T22:27:29Z] [SECTION] ============================================================
[2026-05-01T22:27:29Z] [INFO] 🔮 PHASE: HIDDEN LAYERING DETECTION
[2026-05-01T22:27:29Z] [INFO] 🔗 Hidden layering detection complete. Connections identified: 2
[2026-05-01T22:27:29Z] [SECTION] ============================================================
[2026-05-01T22:27:29Z] [INFO] 🔬 PHASE: DOMAIN CORRELATION ANALYSIS
[2026-05-01T22:27:29Z] [INFO] 📊 Domain correlation matrices created: 1
[2026-05-01T22:27:29Z] [SECTION] ============================================================
[2026-05-01T22:27:29Z] [INFO] 🖼️  PHASE: IMAGE-SEED ANALYSIS
[2026-05-01T22:27:29Z] [INFO] 📂 Image seed analysis bootstrapping from 0 images...
[2026-05-01T22:27:29Z] [SECTION] ============================================================
[2026-05-01T22:27:29Z] [INFO] 📤 PHASE: PUSH COMPONENTS TO TOLARIA
[2026-05-01T22:27:30Z] [INFO] 📦 Components pushed to Tolaria: 5
[2026-05-01T22:27:30Z] [SECTION] ============================================================
[2026-05-01T22:27:30Z] [INFO] 🧩 PHASE: COMPOSER - DOMAIN INTEGRATION SYNTHESIS
[2026-05-01T22:27:30Z] [INFO] 🎨 Domain integrations synthesized: 0
[2026-05-01T22:27:30Z] [SECTION] ============================================================
[2026-05-01T22:27:30Z] [INFO] 🚀 PHASE: ADVANCED OVERNIGHT LOOP
[2026-05-01T22:27:30Z] [INFO] 🔬 Advanced loop completed cycles: 0
[2026-05-01T22:27:31Z] [WARNING] ⚠️  Git commit skipped or failed (git not initialized?): Command '['git', '-C', '/home/avalonas/.hermes/gematria/unified_overnight_research', 'add', '.']' returned non-zero exit status 128.
[2026-05-01T22:27:31Z] [INFO] 
📊 CYCLE #121 SUMMARY
[2026-05-01T22:27:31Z] [INFO] ✅ Successful tasks: 7/7
[2026-05-01T22:27:31Z] [INFO] ⏱️  Cycle duration: 1.75s
[2026-05-01T22:27:31Z] [INFO]    ⚠️ task: result
[2026-05-01T22:27:31Z] [INFO]    ⚠️ task: result
[2026-05-01T22:27:31Z] [INFO]    ⚠️ task: result
[2026-05-01T22:27:31Z] [INFO]    ⚠️ task: result
[2026-05-01T22:27:31Z] [INFO]    ⚠️ task: result
[2026-05-01T22:27:31Z] [INFO]    ⚠️ task: result
[2026-05-01T22:27:31Z] [INFO]    ⚠️ task: result
[2026-05-01T22:27:31Z] [HEADER] ================================================================================
[2026-05-01T22:27:31Z] [INFO] 🔄 OVERNIGHT RESEARCH PIPELINE - CYCLE #122
[2026-05-01T22:27:31Z] [INFO] ================================================================================
[2026-05-01T22:27:31Z] [HEADER] ============================================================
[2026-05-01T22:27:31Z] [INFO] 🌙 STARTING OVERNIGHT RESEARCH CYCLE #122
[2026-05-01T22:27:31Z] [INFO] 🔍 Running overnight research protocol (web scraping + cross-symbol analysis)...
[2026-05-01T22:27:31Z] [INFO] 📊 Cycle duration: 0.65s, Files generated: 0
[2026-05-01T22:27:31Z] [INFO] 💾 Database updated with cycle results
[2026-05-01T22:27:31Z] [SECTION] ============================================================
[2026-05-01T22:27:31Z] [INFO] 🔮 PHASE: HIDDEN LAYERING DETECTION
[2026-05-01T22:27:31Z] [INFO] 🔗 Hidden layering detection complete. Connections identified: 2
[2026-05-01T22:27:31Z] [SECTION] ============================================================
[2026-05-01T22:27:31Z] [INFO] 🔬 PHASE: DOMAIN CORRELATION ANALYSIS
[2026-05-01T22:27:31Z] [INFO] 📊 Domain correlation matrices created: 1
[2026-05-01T22:27:31Z] [SECTION] ============================================================
[2026-05-01T22:27:31Z] [INFO] 🖼️  PHASE: IMAGE-SEED ANALYSIS
[2026-05-01T22:27:31Z] [INFO] 📂 Image seed analysis bootstrapping from 0 images...
[2026-05-01T22:27:31Z] [SECTION] ============================================================
[2026-05-01T22:27:31Z] [INFO] 📤 PHASE: PUSH COMPONENTS TO TOLARIA
[2026-05-01T22:27:32Z] [INFO] 📦 Components pushed to Tolaria: 5
[2026-05-01T22:27:32Z] [SECTION] ============================================================
[2026-05-01T22:27:32Z] [INFO] 🧩 PHASE: COMPOSER - DOMAIN INTEGRATION SYNTHESIS
[2026-05-01T22:27:32Z] [INFO] 🎨 Domain integrations synthesized: 0
[2026-05-01T22:27:32Z] [SECTION] ============================================================
[2026-05-01T22:27:32Z] [INFO] 🚀 PHASE: ADVANCED OVERNIGHT LOOP
[2026-05-01T22:27:32Z] [INFO] 🔬 Advanced loop completed cycles: 0
[2026-05-01T22:27:32Z] [WARNING] ⚠️  Git commit skipped or failed (git not initialized?): Command '['git', '-C', '/home/avalonas/.hermes/gematria/unified_overnight_research', 'add', '.']' returned non-zero exit status 128.
[2026-05-01T22:27:32Z] [INFO] 
📊 CYCLE #122 SUMMARY
[2026-05-01T22:27:32Z] [INFO] ✅ Successful tasks: 7/7
[2026-05-01T22:27:32Z] [INFO] ⏱️  Cycle duration: 1.91s
[2026-05-01T22:27:32Z] [INFO]    ⚠️ task: result
[2026-05-01T22:27:32Z] [INFO]    ⚠️ task: result
[2026-05-01T22:27:32Z] [INFO]    ⚠️ task: result
[2026-05-01T22:27:32Z] [INFO]    ⚠️ task: result
[2026-05-01T22:27:32Z] [INFO]    ⚠️ task: result
[2026-05-01T22:27:32Z] [INFO]    ⚠️ task: result
[2026-05-01T22:27:32Z] [INFO]    ⚠️ task: result
[2026-05-01T22:27:32Z] [HEADER] ================================================================================
[2026-05-01T22:27:32Z] [INFO] 🔄 OVERNIGHT RESEARCH PIPELINE - CYCLE #123
[2026-05-01T22:27:32Z] [INFO] ================================================================================
[2026-05-01T22:27:32Z] [HEADER] ============================================================
[2026-05-01T22:27:32Z] [INFO] 🌙 STARTING OVERNIGHT RESEARCH CYCLE #123
[2026-05-01T22:27:32Z] [INFO] 🔍 Running overnight research protocol (web scraping + cross-symbol analysis)...
[2026-05-01T22:27:33Z] [INFO] 📊 Cycle duration: 0.63s, Files generated: 0
[2026-05-01T22:27:33Z] [INFO] 💾 Database updated with cycle results
[2026-05-01T22:27:33Z] [SECTION] ============================================================
[2026-05-01T22:27:33Z] [INFO] 🔮 PHASE: HIDDEN LAYERING DETECTION
[2026-05-01T22:27:33Z] [INFO] 🔗 Hidden layering detection complete. Connections identified: 2
[2026-05-01T22:27:33Z] [SECTION] ============================================================
[2026-05-01T22:27:33Z] [INFO] 🔬 PHASE: DOMAIN CORRELATION ANALYSIS
[2026-05-01T22:27:33Z] [INFO] 📊 Domain correlation matrices created: 1
[2026-05-01T22:27:33Z] [SECTION] ============================================================
[2026-05-01T22:27:33Z] [INFO] 🖼️  PHASE: IMAGE-SEED ANALYSIS
[2026-05-01T22:27:33Z] [INFO] 📂 Image seed analysis bootstrapping from 0 images...
[2026-05-01T22:27:33Z] [SECTION] ============================================================
[2026-05-01T22:27:33Z] [INFO] 📤 PHASE: PUSH COMPONENTS TO TOLARIA
[2026-05-01T22:27:34Z] [INFO] 📦 Components pushed to Tolaria: 5
[2026-05-01T22:27:34Z] [SECTION] ============================================================
[2026-05-01T22:27:34Z] [INFO] 🧩 PHASE: COMPOSER - DOMAIN INTEGRATION SYNTHESIS
[2026-05-01T22:27:34Z] [INFO] 🎨 Domain integrations synthesized: 0
[2026-05-01T22:27:34Z] [SECTION] ============================================================
[2026-05-01T22:27:34Z] [INFO] 🚀 PHASE: ADVANCED OVERNIGHT LOOP
[2026-05-01T22:27:34Z] [INFO] 🔬 Advanced loop completed cycles: 0
[2026-05-01T22:27:34Z] [WARNING] ⚠️  Git commit skipped or failed (git not initialized?): Command '['git', '-C', '/home/avalonas/.hermes/gematria/unified_overnight_research', 'add', '.']' returned non-zero exit status 128.
[2026-05-01T22:27:34Z] [INFO] 
📊 CYCLE #123 SUMMARY
[2026-05-01T22:27:34Z] [INFO] ✅ Successful tasks: 7/7
[2026-05-01T22:27:34Z] [INFO] ⏱️  Cycle duration: 1.76s
[2026-05-01T22:27:34Z] [INFO]    ⚠️ task: result
[2026-05-01T22:27:34Z] [INFO]    ⚠️ task: result
[2026-05-01T22:27:34Z] [INFO]    ⚠️ task: result
[2026-05-01T22:27:34Z] [INFO]    ⚠️ task: result
[2026-05-01T22:27:34Z] [INFO]    ⚠️ task: result
[2026-05-01T22:27:34Z] [INFO]    ⚠️ task: result
[2026-05-01T22:27:34Z] [INFO]    ⚠️ task: result
[2026-05-01T22:27:34Z] [HEADER] ================================================================================
[2026-05-01T22:27:34Z] [INFO] 🔄 OVERNIGHT RESEARCH PIPELINE - CYCLE #124
[2026-05-01T22:27:34Z] [INFO] ================================================================================
[2026-05-01T22:27:34Z] [HEADER] ============================================================
[2026-05-01T22:27:34Z] [INFO] 🌙 STARTING OVERNIGHT RESEARCH CYCLE #124
[2026-05-01T22:27:34Z] [INFO] 🔍 Running overnight research protocol (web scraping + cross-symbol analysis)...
[2026-05-01T22:27:35Z] [INFO] 📊 Cycle duration: 0.61s, Files generated: 0
[2026-05-01T22:27:35Z] [INFO] 💾 Database updated with cycle results
[2026-05-01T22:27:35Z] [SECTION] ============================================================
[2026-05-01T22:27:35Z] [INFO] 🔮 PHASE: HIDDEN LAYERING DETECTION
[2026-05-01T22:27:35Z] [INFO] 🔗 Hidden layering detection complete. Connections identified: 2
[2026-05-01T22:27:35Z] [SECTION] ============================================================
[2026-05-01T22:27:35Z] [INFO] 🔬 PHASE: DOMAIN CORRELATION ANALYSIS
[2026-05-01T22:27:35Z] [INFO] 📊 Domain correlation matrices created: 1
[2026-05-01T22:27:35Z] [SECTION] ============================================================
[2026-05-01T22:27:35Z] [INFO] 🖼️  PHASE: IMAGE-SEED ANALYSIS
[2026-05-01T22:27:35Z] [INFO] 📂 Image seed analysis bootstrapping from 0 images...
[2026-05-01T22:27:35Z] [SECTION] ============================================================
[2026-05-01T22:27:35Z] [INFO] 📤 PHASE: PUSH COMPONENTS TO TOLARIA
[2026-05-01T22:27:36Z] [INFO] 📦 Components pushed to Tolaria: 5
[2026-05-01T22:27:36Z] [SECTION] ============================================================
[2026-05-01T22:27:36Z] [INFO] 🧩 PHASE: COMPOSER - DOMAIN INTEGRATION SYNTHESIS
[2026-05-01T22:27:36Z] [INFO] 🎨 Domain integrations synthesized: 0
[2026-05-01T22:27:36Z] [SECTION] ============================================================
[2026-05-01T22:27:36Z] [INFO] 🚀 PHASE: ADVANCED OVERNIGHT LOOP
[2026-05-01T22:27:36Z] [INFO] 🔬 Advanced loop completed cycles: 0
[2026-05-01T22:27:36Z] [WARNING] ⚠️  Git commit skipped or failed (git not initialized?): Command '['git', '-C', '/home/avalonas/.hermes/gematria/unified_overnight_research', 'add', '.']' returned non-zero exit status 128.
[2026-05-01T22:27:36Z] [INFO] 
📊 CYCLE #124 SUMMARY
[2026-05-01T22:27:36Z] [INFO] ✅ Successful tasks: 7/7
[2026-05-01T22:27:36Z] [INFO] ⏱️  Cycle duration: 1.54s
[2026-05-01T22:27:36Z] [INFO]    ⚠️ task: result
[2026-05-01T22:27:36Z] [INFO]    ⚠️ task: result
[2026-05-01T22:27:36Z] [INFO]    ⚠️ task: result
[2026-05-01T22:27:36Z] [INFO]    ⚠️ task: result
[2026-05-01T22:27:36Z] [INFO]    ⚠️ task: result
[2026-05-01T22:27:36Z] [INFO]    ⚠️ task: result
[2026-05-01T22:27:36Z] [INFO]    ⚠️ task: result
[2026-05-01T22:27:36Z] [HEADER] ================================================================================
[2026-05-01T22:27:36Z] [INFO] 🔄 OVERNIGHT RESEARCH PIPELINE - CYCLE #125
[2026-05-01T22:27:36Z] [INFO] ================================================================================
[2026-05-01T22:27:36Z] [HEADER] ============================================================
[2026-05-01T22:27:36Z] [INFO] 🌙 STARTING OVERNIGHT RESEARCH CYCLE #125
[2026-05-01T22:27:36Z] [INFO] 🔍 Running overnight research protocol (web scraping + cross-symbol analysis)...
[2026-05-01T22:27:36Z] [INFO] 📊 Cycle duration: 0.59s, Files generated: 0
[2026-05-01T22:27:36Z] [INFO] 💾 Database updated with cycle results
[2026-05-01T22:27:36Z] [SECTION] ============================================================
[2026-05-01T22:27:36Z] [INFO] 🔮 PHASE: HIDDEN LAYERING DETECTION
[2026-05-01T22:27:36Z] [INFO] 🔗 Hidden layering detection complete. Connections identified: 2
[2026-05-01T22:27:36Z] [SECTION] ============================================================
[2026-05-01T22:27:36Z] [INFO] 🔬 PHASE: DOMAIN CORRELATION ANALYSIS
[2026-05-01T22:27:36Z] [INFO] 📊 Domain correlation matrices created: 1
[2026-05-01T22:27:36Z] [SECTION] ============================================================
[2026-05-01T22:27:36Z] [INFO] 🖼️  PHASE: IMAGE-SEED ANALYSIS
[2026-05-01T22:27:36Z] [INFO] 📂 Image seed analysis bootstrapping from 0 images...
[2026-05-01T22:27:36Z] [SECTION] ============================================================
[2026-05-01T22:27:36Z] [INFO] 📤 PHASE: PUSH COMPONENTS TO TOLARIA
[2026-05-01T22:27:37Z] [INFO] 📦 Components pushed to Tolaria: 5
[2026-05-01T22:27:37Z] [SECTION] ============================================================
[2026-05-01T22:27:37Z] [INFO] 🧩 PHASE: COMPOSER - DOMAIN INTEGRATION SYNTHESIS
[2026-05-01T22:27:37Z] [INFO] 🎨 Domain integrations synthesized: 0
[2026-05-01T22:27:37Z] [SECTION] ============================================================
[2026-05-01T22:27:37Z] [INFO] 🚀 PHASE: ADVANCED OVERNIGHT LOOP
[2026-05-01T22:27:37Z] [INFO] 🔬 Advanced loop completed cycles: 0
[2026-05-01T22:27:37Z] [WARNING] ⚠️  Git commit skipped or failed (git not initialized?): Command '['git', '-C', '/home/avalonas/.hermes/gematria/unified_overnight_research', 'add', '.']' returned non-zero exit status 128.
[2026-05-01T22:27:37Z] [INFO] 
📊 CYCLE #125 SUMMARY
[2026-05-01T22:27:37Z] [INFO] ✅ Successful tasks: 7/7
[2026-05-01T22:27:37Z] [INFO] ⏱️  Cycle duration: 1.50s
[2026-05-01T22:27:37Z] [INFO]    ⚠️ task: result
[2026-05-01T22:27:37Z] [INFO]    ⚠️ task: result
[2026-05-01T22:27:37Z] [INFO]    ⚠️ task: result
[2026-05-01T22:27:37Z] [INFO]    ⚠️ task: result
[2026-05-01T22:27:37Z] [INFO]    ⚠️ task: result
[2026-05-01T22:27:37Z] [INFO]    ⚠️ task: result
[2026-05-01T22:27:37Z] [INFO]    ⚠️ task: result
[2026-05-01T22:27:37Z] [HEADER] ================================================================================
[2026-05-01T22:27:37Z] [INFO] 🔄 OVERNIGHT RESEARCH PIPELINE - CYCLE #126
[2026-05-01T22:27:37Z] [INFO] ================================================================================
[2026-05-01T22:27:37Z] [HEADER] ============================================================
[2026-05-01T22:27:37Z] [INFO] 🌙 STARTING OVERNIGHT RESEARCH CYCLE #126
[2026-05-01T22:27:37Z] [INFO] 🔍 Running overnight research protocol (web scraping + cross-symbol analysis)...
[2026-05-01T22:27:38Z] [INFO] 📊 Cycle duration: 0.60s, Files generated: 0
[2026-05-01T22:27:38Z] [INFO] 💾 Database updated with cycle results
[2026-05-01T22:27:38Z] [SECTION] ============================================================
[2026-05-01T22:27:38Z] [INFO] 🔮 PHASE: HIDDEN LAYERING DETECTION
[2026-05-01T22:27:38Z] [INFO] 🔗 Hidden layering detection complete. Connections identified: 2
[2026-05-01T22:27:38Z] [SECTION] ============================================================
[2026-05-01T22:27:38Z] [INFO] 🔬 PHASE: DOMAIN CORRELATION ANALYSIS
[2026-05-01T22:27:38Z] [INFO] 📊 Domain correlation matrices created: 1
[2026-05-01T22:27:38Z] [SECTION] ============================================================
[2026-05-01T22:27:38Z] [INFO] 🖼️  PHASE: IMAGE-SEED ANALYSIS
[2026-05-01T22:27:38Z] [INFO] 📂 Image seed analysis bootstrapping from 0 images...
[2026-05-01T22:27:38Z] [SECTION] ============================================================
[2026-05-01T22:27:38Z] [INFO] 📤 PHASE: PUSH COMPONENTS TO TOLARIA
[2026-05-01T22:27:39Z] [INFO] 📦 Components pushed to Tolaria: 5
[2026-05-01T22:27:39Z] [SECTION] ============================================================
[2026-05-01T22:27:39Z] [INFO] 🧩 PHASE: COMPOSER - DOMAIN INTEGRATION SYNTHESIS
[2026-05-01T22:27:39Z] [INFO] 🎨 Domain integrations synthesized: 0
[2026-05-01T22:27:39Z] [SECTION] ============================================================
[2026-05-01T22:27:39Z] [INFO] 🚀 PHASE: ADVANCED OVERNIGHT LOOP
[2026-05-01T22:27:39Z] [INFO] 🔬 Advanced loop completed cycles: 0
[2026-05-01T22:27:39Z] [WARNING] ⚠️  Git commit skipped or failed (git not initialized?): Command '['git', '-C', '/home/avalonas/.hermes/gematria/unified_overnight_research', 'add', '.']' returned non-zero exit status 128.
[2026-05-01T22:27:39Z] [INFO] 
📊 CYCLE #126 SUMMARY
[2026-05-01T22:27:39Z] [INFO] ✅ Successful tasks: 7/7
[2026-05-01T22:27:39Z] [INFO] ⏱️  Cycle duration: 1.72s
[2026-05-01T22:27:39Z] [INFO]    ⚠️ task: result
[2026-05-01T22:27:39Z] [INFO]    ⚠️ task: result
[2026-05-01T22:27:39Z] [INFO]    ⚠️ task: result
[2026-05-01T22:27:39Z] [INFO]    ⚠️ task: result
[2026-05-01T22:27:39Z] [INFO]    ⚠️ task: result
[2026-05-01T22:27:39Z] [INFO]    ⚠️ task: result
[2026-05-01T22:27:39Z] [INFO]    ⚠️ task: result
[2026-05-01T22:27:39Z] [HEADER] ================================================================================
[2026-05-01T22:27:39Z] [INFO] 🔄 OVERNIGHT RESEARCH PIPELINE - CYCLE #127
[2026-05-01T22:27:39Z] [INFO] ================================================================================
[2026-05-01T22:27:39Z] [HEADER] ============================================================
[2026-05-01T22:27:39Z] [INFO] 🌙 STARTING OVERNIGHT RESEARCH CYCLE #127
[2026-05-01T22:27:39Z] [INFO] 🔍 Running overnight research protocol (web scraping + cross-symbol analysis)...
[2026-05-01T22:27:40Z] [INFO] 📊 Cycle duration: 0.61s, Files generated: 0
[2026-05-01T22:27:40Z] [INFO] 💾 Database updated with cycle results
[2026-05-01T22:27:40Z] [SECTION] ============================================================
[2026-05-01T22:27:40Z] [INFO] 🔮 PHASE: HIDDEN LAYERING DETECTION
[2026-05-01T22:27:40Z] [INFO] 🔗 Hidden layering detection complete. Connections identified: 2
[2026-05-01T22:27:40Z] [SECTION] ============================================================
[2026-05-01T22:27:40Z] [INFO] 🔬 PHASE: DOMAIN CORRELATION ANALYSIS
[2026-05-01T22:27:40Z] [INFO] 📊 Domain correlation matrices created: 1
[2026-05-01T22:27:40Z] [SECTION] ============================================================
[2026-05-01T22:27:40Z] [INFO] 🖼️  PHASE: IMAGE-SEED ANALYSIS
[2026-05-01T22:27:40Z] [INFO] 📂 Image seed analysis bootstrapping from 0 images...
[2026-05-01T22:27:40Z] [SECTION] ============================================================
[2026-05-01T22:27:40Z] [INFO] 📤 PHASE: PUSH COMPONENTS TO TOLARIA
[2026-05-01T22:27:40Z] [INFO] 📦 Components pushed to Tolaria: 5
[2026-05-01T22:27:40Z] [SECTION] ============================================================
[2026-05-01T22:27:40Z] [INFO] 🧩 PHASE: COMPOSER - DOMAIN INTEGRATION SYNTHESIS
[2026-05-01T22:27:40Z] [INFO] 🎨 Domain integrations synthesized: 0
[2026-05-01T22:27:40Z] [SECTION] ============================================================
[2026-05-01T22:27:40Z] [INFO] 🚀 PHASE: ADVANCED OVERNIGHT LOOP
[2026-05-01T22:27:41Z] [INFO] 🔬 Advanced loop completed cycles: 0
[2026-05-01T22:27:41Z] [WARNING] ⚠️  Git commit skipped or failed (git not initialized?): Command '['git', '-C', '/home/avalonas/.hermes/gematria/unified_overnight_research', 'add', '.']' returned non-zero exit status 128.
[2026-05-01T22:27:41Z] [INFO] 
📊 CYCLE #127 SUMMARY
[2026-05-01T22:27:41Z] [INFO] ✅ Successful tasks: 7/7
[2026-05-01T22:27:41Z] [INFO] ⏱️  Cycle duration: 1.70s
[2026-05-01T22:27:41Z] [INFO]    ⚠️ task: result
[2026-05-01T22:27:41Z] [INFO]    ⚠️ task: result
[2026-05-01T22:27:41Z] [INFO]    ⚠️ task: result
[2026-05-01T22:27:41Z] [INFO]    ⚠️ task: result
[2026-05-01T22:27:41Z] [INFO]    ⚠️ task: result
[2026-05-01T22:27:41Z] [INFO]    ⚠️ task: result
[2026-05-01T22:27:41Z] [INFO]    ⚠️ task: result
[2026-05-01T22:27:41Z] [HEADER] ================================================================================
[2026-05-01T22:27:41Z] [INFO] 🔄 OVERNIGHT RESEARCH PIPELINE - CYCLE #128
[2026-05-01T22:27:41Z] [INFO] ================================================================================
[2026-05-01T22:27:41Z] [HEADER] ============================================================
[2026-05-01T22:27:41Z] [INFO] 🌙 STARTING OVERNIGHT RESEARCH CYCLE #128
[2026-05-01T22:27:41Z] [INFO] 🔍 Running overnight research protocol (web scraping + cross-symbol analysis)...
[2026-05-01T22:27:41Z] [INFO] 📊 Cycle duration: 0.61s, Files generated: 0
[2026-05-01T22:27:41Z] [INFO] 💾 Database updated with cycle results
[2026-05-01T22:27:41Z] [SECTION] ============================================================
[2026-05-01T22:27:41Z] [INFO] 🔮 PHASE: HIDDEN LAYERING DETECTION
[2026-05-01T22:27:41Z] [INFO] 🔗 Hidden layering detection complete. Connections identified: 2
[2026-05-01T22:27:41Z] [SECTION] ============================================================
[2026-05-01T22:27:41Z] [INFO] 🔬 PHASE: DOMAIN CORRELATION ANALYSIS
[2026-05-01T22:27:41Z] [INFO] 📊 Domain correlation matrices created: 1
[2026-05-01T22:27:41Z] [SECTION] ============================================================
[2026-05-01T22:27:41Z] [INFO] 🖼️  PHASE: IMAGE-SEED ANALYSIS
[2026-05-01T22:27:41Z] [INFO] 📂 Image seed analysis bootstrapping from 0 images...
[2026-05-01T22:27:41Z] [SECTION] ============================================================
[2026-05-01T22:27:41Z] [INFO] 📤 PHASE: PUSH COMPONENTS TO TOLARIA
[2026-05-01T22:27:42Z] [INFO] 📦 Components pushed to Tolaria: 5
[2026-05-01T22:27:42Z] [SECTION] ============================================================
[2026-05-01T22:27:42Z] [INFO] 🧩 PHASE: COMPOSER - DOMAIN INTEGRATION SYNTHESIS
[2026-05-01T22:27:42Z] [INFO] 🎨 Domain integrations synthesized: 0
[2026-05-01T22:27:42Z] [SECTION] ============================================================
[2026-05-01T22:27:42Z] [INFO] 🚀 PHASE: ADVANCED OVERNIGHT LOOP
[2026-05-01T22:27:42Z] [INFO] 🔬 Advanced loop completed cycles: 0
[2026-05-01T22:27:43Z] [WARNING] ⚠️  Git commit skipped or failed (git not initialized?): Command '['git', '-C', '/home/avalonas/.hermes/gematria/unified_overnight_research', 'add', '.']' returned non-zero exit status 128.
[2026-05-01T22:27:43Z] [INFO] 
📊 CYCLE #128 SUMMARY
[2026-05-01T22:27:43Z] [INFO] ✅ Successful tasks: 7/7
[2026-05-01T22:27:43Z] [INFO] ⏱️  Cycle duration: 1.79s
[2026-05-01T22:27:43Z] [INFO]    ⚠️ task: result
[2026-05-01T22:27:43Z] [INFO]    ⚠️ task: result
[2026-05-01T22:27:43Z] [INFO]    ⚠️ task: result
[2026-05-01T22:27:43Z] [INFO]    ⚠️ task: result
[2026-05-01T22:27:43Z] [INFO]    ⚠️ task: result
[2026-05-01T22:27:43Z] [INFO]    ⚠️ task: result
[2026-05-01T22:27:43Z] [INFO]    ⚠️ task: result
[2026-05-01T22:27:43Z] [HEADER] ================================================================================
[2026-05-01T22:27:43Z] [INFO] 🔄 OVERNIGHT RESEARCH PIPELINE - CYCLE #129
[2026-05-01T22:27:43Z] [INFO] ================================================================================
[2026-05-01T22:27:43Z] [HEADER] ============================================================
[2026-05-01T22:27:43Z] [INFO] 🌙 STARTING OVERNIGHT RESEARCH CYCLE #129
[2026-05-01T22:27:43Z] [INFO] 🔍 Running overnight research protocol (web scraping + cross-symbol analysis)...
[2026-05-01T22:27:43Z] [INFO] 📊 Cycle duration: 0.58s, Files generated: 0
[2026-05-01T22:27:43Z] [INFO] 💾 Database updated with cycle results
[2026-05-01T22:27:43Z] [SECTION] ============================================================
[2026-05-01T22:27:43Z] [INFO] 🔮 PHASE: HIDDEN LAYERING DETECTION
[2026-05-01T22:27:43Z] [INFO] 🔗 Hidden layering detection complete. Connections identified: 2
[2026-05-01T22:27:43Z] [SECTION] ============================================================
[2026-05-01T22:27:43Z] [INFO] 🔬 PHASE: DOMAIN CORRELATION ANALYSIS
[2026-05-01T22:27:43Z] [INFO] 📊 Domain correlation matrices created: 1
[2026-05-01T22:27:43Z] [SECTION] ============================================================
[2026-05-01T22:27:43Z] [INFO] 🖼️  PHASE: IMAGE-SEED ANALYSIS
[2026-05-01T22:27:43Z] [INFO] 📂 Image seed analysis bootstrapping from 0 images...
[2026-05-01T22:27:43Z] [SECTION] ============================================================
[2026-05-01T22:27:43Z] [INFO] 📤 PHASE: PUSH COMPONENTS TO TOLARIA
[2026-05-01T22:27:44Z] [INFO] 📦 Components pushed to Tolaria: 5
[2026-05-01T22:27:44Z] [SECTION] ============================================================
[2026-05-01T22:27:44Z] [INFO] 🧩 PHASE: COMPOSER - DOMAIN INTEGRATION SYNTHESIS
[2026-05-01T22:27:44Z] [INFO] 🎨 Domain integrations synthesized: 0
[2026-05-01T22:27:44Z] [SECTION] ============================================================
[2026-05-01T22:27:44Z] [INFO] 🚀 PHASE: ADVANCED OVERNIGHT LOOP
[2026-05-01T22:27:44Z] [INFO] 🔬 Advanced loop completed cycles: 0
[2026-05-01T22:27:44Z] [WARNING] ⚠️  Git commit skipped or failed (git not initialized?): Command '['git', '-C', '/home/avalonas/.hermes/gematria/unified_overnight_research', 'add', '.']' returned non-zero exit status 128.
[2026-05-01T22:27:44Z] [INFO] 
📊 CYCLE #129 SUMMARY
[2026-05-01T22:27:44Z] [INFO] ✅ Successful tasks: 7/7
[2026-05-01T22:27:44Z] [INFO] ⏱️  Cycle duration: 1.69s
[2026-05-01T22:27:44Z] [INFO]    ⚠️ task: result
[2026-05-01T22:27:44Z] [INFO]    ⚠️ task: result
[2026-05-01T22:27:44Z] [INFO]    ⚠️ task: result
[2026-05-01T22:27:44Z] [INFO]    ⚠️ task: result
[2026-05-01T22:27:44Z] [INFO]    ⚠️ task: result
[2026-05-01T22:27:44Z] [INFO]    ⚠️ task: result
[2026-05-01T22:27:44Z] [INFO]    ⚠️ task: result
[2026-05-01T22:27:44Z] [HEADER] ================================================================================
[2026-05-01T22:27:44Z] [INFO] 🔄 OVERNIGHT RESEARCH PIPELINE - CYCLE #130
[2026-05-01T22:27:44Z] [INFO] ================================================================================
[2026-05-01T22:27:44Z] [HEADER] ============================================================
[2026-05-01T22:27:44Z] [INFO] 🌙 STARTING OVERNIGHT RESEARCH CYCLE #130
[2026-05-01T22:27:44Z] [INFO] 🔍 Running overnight research protocol (web scraping + cross-symbol analysis)...
[2026-05-01T22:27:45Z] [INFO] 📊 Cycle duration: 0.61s, Files generated: 0
[2026-05-01T22:27:45Z] [INFO] 💾 Database updated with cycle results
[2026-05-01T22:27:45Z] [SECTION] ============================================================
[2026-05-01T22:27:45Z] [INFO] 🔮 PHASE: HIDDEN LAYERING DETECTION
[2026-05-01T22:27:45Z] [INFO] 🔗 Hidden layering detection complete. Connections identified: 2
[2026-05-01T22:27:45Z] [SECTION] ============================================================
[2026-05-01T22:27:45Z] [INFO] 🔬 PHASE: DOMAIN CORRELATION ANALYSIS
[2026-05-01T22:27:45Z] [INFO] 📊 Domain correlation matrices created: 1
[2026-05-01T22:27:45Z] [SECTION] ============================================================
[2026-05-01T22:27:45Z] [INFO] 🖼️  PHASE: IMAGE-SEED ANALYSIS
[2026-05-01T22:27:45Z] [INFO] 📂 Image seed analysis bootstrapping from 0 images...
[2026-05-01T22:27:45Z] [SECTION] ============================================================
[2026-05-01T22:27:45Z] [INFO] 📤 PHASE: PUSH COMPONENTS TO TOLARIA
[2026-05-01T22:27:46Z] [INFO] 📦 Components pushed to Tolaria: 5
[2026-05-01T22:27:46Z] [SECTION] ============================================================
[2026-05-01T22:27:46Z] [INFO] 🧩 PHASE: COMPOSER - DOMAIN INTEGRATION SYNTHESIS
[2026-05-01T22:27:46Z] [INFO] 🎨 Domain integrations synthesized: 0
[2026-05-01T22:27:46Z] [SECTION] ============================================================
[2026-05-01T22:27:46Z] [INFO] 🚀 PHASE: ADVANCED OVERNIGHT LOOP
[2026-05-01T22:27:46Z] [INFO] 🔬 Advanced loop completed cycles: 0
[2026-05-01T22:27:46Z] [WARNING] ⚠️  Git commit skipped or failed (git not initialized?): Command '['git', '-C', '/home/avalonas/.hermes/gematria/unified_overnight_research', 'add', '.']' returned non-zero exit status 128.
[2026-05-01T22:27:46Z] [INFO] 
📊 CYCLE #130 SUMMARY
[2026-05-01T22:27:46Z] [INFO] ✅ Successful tasks: 7/7
[2026-05-01T22:27:46Z] [INFO] ⏱️  Cycle duration: 1.55s
[2026-05-01T22:27:46Z] [INFO]    ⚠️ task: result
[2026-05-01T22:27:46Z] [INFO]    ⚠️ task: result
[2026-05-01T22:27:46Z] [INFO]    ⚠️ task: result
[2026-05-01T22:27:46Z] [INFO]    ⚠️ task: result
[2026-05-01T22:27:46Z] [INFO]    ⚠️ task: result
[2026-05-01T22:27:46Z] [INFO]    ⚠️ task: result
[2026-05-01T22:27:46Z] [INFO]    ⚠️ task: result
[2026-05-01T22:27:46Z] [HEADER] ================================================================================
[2026-05-01T22:27:46Z] [INFO] 🔄 OVERNIGHT RESEARCH PIPELINE - CYCLE #131
[2026-05-01T22:27:46Z] [INFO] ================================================================================
[2026-05-01T22:27:46Z] [HEADER] ============================================================
[2026-05-01T22:27:46Z] [INFO] 🌙 STARTING OVERNIGHT RESEARCH CYCLE #131
[2026-05-01T22:27:46Z] [INFO] 🔍 Running overnight research protocol (web scraping + cross-symbol analysis)...
[2026-05-01T22:27:46Z] [INFO] 📊 Cycle duration: 0.57s, Files generated: 0
[2026-05-01T22:27:46Z] [INFO] 💾 Database updated with cycle results
[2026-05-01T22:27:46Z] [SECTION] ============================================================
[2026-05-01T22:27:46Z] [INFO] 🔮 PHASE: HIDDEN LAYERING DETECTION
[2026-05-01T22:27:46Z] [INFO] 🔗 Hidden layering detection complete. Connections identified: 2
[2026-05-01T22:27:46Z] [SECTION] ============================================================
[2026-05-01T22:27:46Z] [INFO] 🔬 PHASE: DOMAIN CORRELATION ANALYSIS
[2026-05-01T22:27:46Z] [INFO] 📊 Domain correlation matrices created: 1
[2026-05-01T22:27:46Z] [SECTION] ============================================================
[2026-05-01T22:27:46Z] [INFO] 🖼️  PHASE: IMAGE-SEED ANALYSIS
[2026-05-01T22:27:46Z] [INFO] 📂 Image seed analysis bootstrapping from 0 images...
[2026-05-01T22:27:46Z] [SECTION] ============================================================
[2026-05-01T22:27:46Z] [INFO] 📤 PHASE: PUSH COMPONENTS TO TOLARIA
[2026-05-01T22:27:47Z] [INFO] 📦 Components pushed to Tolaria: 5
[2026-05-01T22:27:47Z] [SECTION] ============================================================
[2026-05-01T22:27:47Z] [INFO] 🧩 PHASE: COMPOSER - DOMAIN INTEGRATION SYNTHESIS
[2026-05-01T22:27:47Z] [INFO] 🎨 Domain integrations synthesized: 0
[2026-05-01T22:27:47Z] [SECTION] ============================================================
[2026-05-01T22:27:47Z] [INFO] 🚀 PHASE: ADVANCED OVERNIGHT LOOP
[2026-05-01T22:27:48Z] [INFO] 🔬 Advanced loop completed cycles: 0
[2026-05-01T22:27:48Z] [WARNING] ⚠️  Git commit skipped or failed (git not initialized?): Command '['git', '-C', '/home/avalonas/.hermes/gematria/unified_overnight_research', 'add', '.']' returned non-zero exit status 128.
[2026-05-01T22:27:48Z] [INFO] 
📊 CYCLE #131 SUMMARY
[2026-05-01T22:27:48Z] [INFO] ✅ Successful tasks: 7/7
[2026-05-01T22:27:48Z] [INFO] ⏱️  Cycle duration: 1.81s
[2026-05-01T22:27:48Z] [INFO]    ⚠️ task: result
[2026-05-01T22:27:48Z] [INFO]    ⚠️ task: result
[2026-05-01T22:27:48Z] [INFO]    ⚠️ task: result
[2026-05-01T22:27:48Z] [INFO]    ⚠️ task: result
[2026-05-01T22:27:48Z] [INFO]    ⚠️ task: result
[2026-05-01T22:27:48Z] [INFO]    ⚠️ task: result
[2026-05-01T22:27:48Z] [INFO]    ⚠️ task: result
[2026-05-01T22:27:48Z] [HEADER] ================================================================================
[2026-05-01T22:27:48Z] [INFO] 🔄 OVERNIGHT RESEARCH PIPELINE - CYCLE #132
[2026-05-01T22:27:48Z] [INFO] ================================================================================
[2026-05-01T22:27:48Z] [HEADER] ============================================================
[2026-05-01T22:27:48Z] [INFO] 🌙 STARTING OVERNIGHT RESEARCH CYCLE #132
[2026-05-01T22:27:48Z] [INFO] 🔍 Running overnight research protocol (web scraping + cross-symbol analysis)...
[2026-05-01T22:27:48Z] [INFO] 📊 Cycle duration: 0.59s, Files generated: 0
[2026-05-01T22:27:48Z] [INFO] 💾 Database updated with cycle results
[2026-05-01T22:27:48Z] [SECTION] ============================================================
[2026-05-01T22:27:48Z] [INFO] 🔮 PHASE: HIDDEN LAYERING DETECTION
[2026-05-01T22:27:48Z] [INFO] 🔗 Hidden layering detection complete. Connections identified: 2
[2026-05-01T22:27:48Z] [SECTION] ============================================================
[2026-05-01T22:27:48Z] [INFO] 🔬 PHASE: DOMAIN CORRELATION ANALYSIS
[2026-05-01T22:27:48Z] [INFO] 📊 Domain correlation matrices created: 1
[2026-05-01T22:27:48Z] [SECTION] ============================================================
[2026-05-01T22:27:48Z] [INFO] 🖼️  PHASE: IMAGE-SEED ANALYSIS
[2026-05-01T22:27:48Z] [INFO] 📂 Image seed analysis bootstrapping from 0 images...
[2026-05-01T22:27:48Z] [SECTION] ============================================================
[2026-05-01T22:27:48Z] [INFO] 📤 PHASE: PUSH COMPONENTS TO TOLARIA
[2026-05-01T22:27:49Z] [INFO] 📦 Components pushed to Tolaria: 5
[2026-05-01T22:27:49Z] [SECTION] ============================================================
[2026-05-01T22:27:49Z] [INFO] 🧩 PHASE: COMPOSER - DOMAIN INTEGRATION SYNTHESIS
[2026-05-01T22:27:49Z] [INFO] 🎨 Domain integrations synthesized: 0
[2026-05-01T22:27:49Z] [SECTION] ============================================================
[2026-05-01T22:27:49Z] [INFO] 🚀 PHASE: ADVANCED OVERNIGHT LOOP
[2026-05-01T22:27:49Z] [INFO] 🔬 Advanced loop completed cycles: 0
[2026-05-01T22:27:49Z] [WARNING] ⚠️  Git commit skipped or failed (git not initialized?): Command '['git', '-C', '/home/avalonas/.hermes/gematria/unified_overnight_research', 'add', '.']' returned non-zero exit status 128.
[2026-05-01T22:27:49Z] [INFO] 
📊 CYCLE #132 SUMMARY
[2026-05-01T22:27:49Z] [INFO] ✅ Successful tasks: 7/7
[2026-05-01T22:27:49Z] [INFO] ⏱️  Cycle duration: 1.81s
[2026-05-01T22:27:49Z] [INFO]    ⚠️ task: result
[2026-05-01T22:27:49Z] [INFO]    ⚠️ task: result
[2026-05-01T22:27:49Z] [INFO]    ⚠️ task: result
[2026-05-01T22:27:49Z] [INFO]    ⚠️ task: result
[2026-05-01T22:27:49Z] [INFO]    ⚠️ task: result
[2026-05-01T22:27:49Z] [INFO]    ⚠️ task: result
[2026-05-01T22:27:49Z] [INFO]    ⚠️ task: result
[2026-05-01T22:27:49Z] [HEADER] ================================================================================
[2026-05-01T22:27:49Z] [INFO] 🔄 OVERNIGHT RESEARCH PIPELINE - CYCLE #133
[2026-05-01T22:27:49Z] [INFO] ================================================================================
[2026-05-01T22:27:49Z] [HEADER] ============================================================
[2026-05-01T22:27:49Z] [INFO] 🌙 STARTING OVERNIGHT RESEARCH CYCLE #133
[2026-05-01T22:27:49Z] [INFO] 🔍 Running overnight research protocol (web scraping + cross-symbol analysis)...
[2026-05-01T22:27:50Z] [INFO] 📊 Cycle duration: 0.60s, Files generated: 0
[2026-05-01T22:27:50Z] [INFO] 💾 Database updated with cycle results
[2026-05-01T22:27:50Z] [SECTION] ============================================================
[2026-05-01T22:27:50Z] [INFO] 🔮 PHASE: HIDDEN LAYERING DETECTION
[2026-05-01T22:27:50Z] [INFO] 🔗 Hidden layering detection complete. Connections identified: 2
[2026-05-01T22:27:50Z] [SECTION] ============================================================
[2026-05-01T22:27:50Z] [INFO] 🔬 PHASE: DOMAIN CORRELATION ANALYSIS
[2026-05-01T22:27:50Z] [INFO] 📊 Domain correlation matrices created: 1
[2026-05-01T22:27:50Z] [SECTION] ============================================================
[2026-05-01T22:27:50Z] [INFO] 🖼️  PHASE: IMAGE-SEED ANALYSIS
[2026-05-01T22:27:50Z] [INFO] 📂 Image seed analysis bootstrapping from 0 images...
[2026-05-01T22:27:50Z] [SECTION] ============================================================
[2026-05-01T22:27:50Z] [INFO] 📤 PHASE: PUSH COMPONENTS TO TOLARIA
[2026-05-01T22:27:51Z] [INFO] 📦 Components pushed to Tolaria: 5
[2026-05-01T22:27:51Z] [SECTION] ============================================================
[2026-05-01T22:27:51Z] [INFO] 🧩 PHASE: COMPOSER - DOMAIN INTEGRATION SYNTHESIS
[2026-05-01T22:27:51Z] [INFO] 🎨 Domain integrations synthesized: 0
[2026-05-01T22:27:51Z] [SECTION] ============================================================
[2026-05-01T22:27:51Z] [INFO] 🚀 PHASE: ADVANCED OVERNIGHT LOOP
[2026-05-01T22:27:51Z] [INFO] 🔬 Advanced loop completed cycles: 0
[2026-05-01T22:27:51Z] [WARNING] ⚠️  Git commit skipped or failed (git not initialized?): Command '['git', '-C', '/home/avalonas/.hermes/gematria/unified_overnight_research', 'add', '.']' returned non-zero exit status 128.
[2026-05-01T22:27:51Z] [INFO] 
📊 CYCLE #133 SUMMARY
[2026-05-01T22:27:51Z] [INFO] ✅ Successful tasks: 7/7
[2026-05-01T22:27:51Z] [INFO] ⏱️  Cycle duration: 1.89s
[2026-05-01T22:27:51Z] [INFO]    ⚠️ task: result
[2026-05-01T22:27:51Z] [INFO]    ⚠️ task: result
[2026-05-01T22:27:51Z] [INFO]    ⚠️ task: result
[2026-05-01T22:27:51Z] [INFO]    ⚠️ task: result
[2026-05-01T22:27:51Z] [INFO]    ⚠️ task: result
[2026-05-01T22:27:51Z] [INFO]    ⚠️ task: result
[2026-05-01T22:27:51Z] [INFO]    ⚠️ task: result
[2026-05-01T22:27:51Z] [HEADER] ================================================================================
[2026-05-01T22:27:51Z] [INFO] 🔄 OVERNIGHT RESEARCH PIPELINE - CYCLE #134
[2026-05-01T22:27:51Z] [INFO] ================================================================================
[2026-05-01T22:27:51Z] [HEADER] ============================================================
[2026-05-01T22:27:51Z] [INFO] 🌙 STARTING OVERNIGHT RESEARCH CYCLE #134
[2026-05-01T22:27:51Z] [INFO] 🔍 Running overnight research protocol (web scraping + cross-symbol analysis)...
[2026-05-01T22:27:52Z] [INFO] 📊 Cycle duration: 0.45s, Files generated: 0
[2026-05-01T22:27:52Z] [INFO] 💾 Database updated with cycle results
[2026-05-01T22:27:52Z] [SECTION] ============================================================
[2026-05-01T22:27:52Z] [INFO] 🔮 PHASE: HIDDEN LAYERING DETECTION
[2026-05-01T22:27:52Z] [INFO] 🔗 Hidden layering detection complete. Connections identified: 2
[2026-05-01T22:27:52Z] [SECTION] ============================================================
[2026-05-01T22:27:52Z] [INFO] 🔬 PHASE: DOMAIN CORRELATION ANALYSIS
[2026-05-01T22:27:52Z] [INFO] 📊 Domain correlation matrices created: 1
[2026-05-01T22:27:52Z] [SECTION] ============================================================
[2026-05-01T22:27:52Z] [INFO] 🖼️  PHASE: IMAGE-SEED ANALYSIS
[2026-05-01T22:27:52Z] [INFO] 📂 Image seed analysis bootstrapping from 0 images...
[2026-05-01T22:27:52Z] [SECTION] ============================================================
[2026-05-01T22:27:52Z] [INFO] 📤 PHASE: PUSH COMPONENTS TO TOLARIA
[2026-05-01T22:27:53Z] [INFO] 📦 Components pushed to Tolaria: 5
[2026-05-01T22:27:53Z] [SECTION] ============================================================
[2026-05-01T22:27:53Z] [INFO] 🧩 PHASE: COMPOSER - DOMAIN INTEGRATION SYNTHESIS
[2026-05-01T22:27:53Z] [INFO] 🎨 Domain integrations synthesized: 0
[2026-05-01T22:27:53Z] [SECTION] ============================================================
[2026-05-01T22:27:53Z] [INFO] 🚀 PHASE: ADVANCED OVERNIGHT LOOP
[2026-05-01T22:27:53Z] [INFO] 🔬 Advanced loop completed cycles: 0
[2026-05-01T22:27:53Z] [WARNING] ⚠️  Git commit skipped or failed (git not initialized?): Command '['git', '-C', '/home/avalonas/.hermes/gematria/unified_overnight_research', 'add', '.']' returned non-zero exit status 128.
[2026-05-01T22:27:53Z] [INFO] 
📊 CYCLE #134 SUMMARY
[2026-05-01T22:27:53Z] [INFO] ✅ Successful tasks: 7/7
[2026-05-01T22:27:53Z] [INFO] ⏱️  Cycle duration: 1.79s
[2026-05-01T22:27:53Z] [INFO]    ⚠️ task: result
[2026-05-01T22:27:53Z] [INFO]    ⚠️ task: result
[2026-05-01T22:27:53Z] [INFO]    ⚠️ task: result
[2026-05-01T22:27:53Z] [INFO]    ⚠️ task: result
[2026-05-01T22:27:53Z] [INFO]    ⚠️ task: result
[2026-05-01T22:27:53Z] [INFO]    ⚠️ task: result
[2026-05-01T22:27:53Z] [INFO]    ⚠️ task: result
[2026-05-01T22:27:53Z] [HEADER] ================================================================================
[2026-05-01T22:27:53Z] [INFO] 🔄 OVERNIGHT RESEARCH PIPELINE - CYCLE #135
[2026-05-01T22:27:53Z] [INFO] ================================================================================
[2026-05-01T22:27:53Z] [HEADER] ============================================================
[2026-05-01T22:27:53Z] [INFO] 🌙 STARTING OVERNIGHT RESEARCH CYCLE #135
[2026-05-01T22:27:53Z] [INFO] 🔍 Running overnight research protocol (web scraping + cross-symbol analysis)...
[2026-05-01T22:27:54Z] [INFO] 📊 Cycle duration: 0.58s, Files generated: 0
[2026-05-01T22:27:54Z] [INFO] 💾 Database updated with cycle results
[2026-05-01T22:27:54Z] [SECTION] ============================================================
[2026-05-01T22:27:54Z] [INFO] 🔮 PHASE: HIDDEN LAYERING DETECTION
[2026-05-01T22:27:54Z] [INFO] 🔗 Hidden layering detection complete. Connections identified: 2
[2026-05-01T22:27:54Z] [SECTION] ============================================================
[2026-05-01T22:27:54Z] [INFO] 🔬 PHASE: DOMAIN CORRELATION ANALYSIS
[2026-05-01T22:27:54Z] [INFO] 📊 Domain correlation matrices created: 1
[2026-05-01T22:27:54Z] [SECTION] ============================================================
[2026-05-01T22:27:54Z] [INFO] 🖼️  PHASE: IMAGE-SEED ANALYSIS
[2026-05-01T22:27:54Z] [INFO] 📂 Image seed analysis bootstrapping from 0 images...
[2026-05-01T22:27:54Z] [SECTION] ============================================================
[2026-05-01T22:27:54Z] [INFO] 📤 PHASE: PUSH COMPONENTS TO TOLARIA
[2026-05-01T22:27:55Z] [INFO] 📦 Components pushed to Tolaria: 5
[2026-05-01T22:27:55Z] [SECTION] ============================================================
[2026-05-01T22:27:55Z] [INFO] 🧩 PHASE: COMPOSER - DOMAIN INTEGRATION SYNTHESIS
[2026-05-01T22:27:55Z] [INFO] 🎨 Domain integrations synthesized: 0
[2026-05-01T22:27:55Z] [SECTION] ============================================================
[2026-05-01T22:27:55Z] [INFO] 🚀 PHASE: ADVANCED OVERNIGHT LOOP
[2026-05-01T22:27:55Z] [INFO] 🔬 Advanced loop completed cycles: 0
[2026-05-01T22:27:55Z] [WARNING] ⚠️  Git commit skipped or failed (git not initialized?): Command '['git', '-C', '/home/avalonas/.hermes/gematria/unified_overnight_research', 'add', '.']' returned non-zero exit status 128.
[2026-05-01T22:27:55Z] [INFO] 
📊 CYCLE #135 SUMMARY
[2026-05-01T22:27:55Z] [INFO] ✅ Successful tasks: 7/7
[2026-05-01T22:27:55Z] [INFO] ⏱️  Cycle duration: 1.89s
[2026-05-01T22:27:55Z] [INFO]    ⚠️ task: result
[2026-05-01T22:27:55Z] [INFO]    ⚠️ task: result
[2026-05-01T22:27:55Z] [INFO]    ⚠️ task: result
[2026-05-01T22:27:55Z] [INFO]    ⚠️ task: result
[2026-05-01T22:27:55Z] [INFO]    ⚠️ task: result
[2026-05-01T22:27:55Z] [INFO]    ⚠️ task: result
[2026-05-01T22:27:55Z] [INFO]    ⚠️ task: result
[2026-05-01T22:27:55Z] [HEADER] ================================================================================
[2026-05-01T22:27:55Z] [INFO] 🔄 OVERNIGHT RESEARCH PIPELINE - CYCLE #136
[2026-05-01T22:27:55Z] [INFO] ================================================================================
[2026-05-01T22:27:55Z] [HEADER] ============================================================
[2026-05-01T22:27:55Z] [INFO] 🌙 STARTING OVERNIGHT RESEARCH CYCLE #136
[2026-05-01T22:27:55Z] [INFO] 🔍 Running overnight research protocol (web scraping + cross-symbol analysis)...
[2026-05-01T22:27:55Z] [INFO] 📊 Cycle duration: 0.48s, Files generated: 0
[2026-05-01T22:27:55Z] [INFO] 💾 Database updated with cycle results
[2026-05-01T22:27:55Z] [SECTION] ============================================================
[2026-05-01T22:27:55Z] [INFO] 🔮 PHASE: HIDDEN LAYERING DETECTION
[2026-05-01T22:27:55Z] [INFO] 🔗 Hidden layering detection complete. Connections identified: 2
[2026-05-01T22:27:55Z] [SECTION] ============================================================
[2026-05-01T22:27:55Z] [INFO] 🔬 PHASE: DOMAIN CORRELATION ANALYSIS
[2026-05-01T22:27:55Z] [INFO] 📊 Domain correlation matrices created: 1
[2026-05-01T22:27:55Z] [SECTION] ============================================================
[2026-05-01T22:27:55Z] [INFO] 🖼️  PHASE: IMAGE-SEED ANALYSIS
[2026-05-01T22:27:55Z] [INFO] 📂 Image seed analysis bootstrapping from 0 images...
[2026-05-01T22:27:56Z] [SECTION] ============================================================
[2026-05-01T22:27:56Z] [INFO] 📤 PHASE: PUSH COMPONENTS TO TOLARIA
[2026-05-01T22:27:56Z] [INFO] 📦 Components pushed to Tolaria: 5
[2026-05-01T22:27:56Z] [SECTION] ============================================================
[2026-05-01T22:27:56Z] [INFO] 🧩 PHASE: COMPOSER - DOMAIN INTEGRATION SYNTHESIS
[2026-05-01T22:27:56Z] [INFO] 🎨 Domain integrations synthesized: 0
[2026-05-01T22:27:56Z] [SECTION] ============================================================
[2026-05-01T22:27:56Z] [INFO] 🚀 PHASE: ADVANCED OVERNIGHT LOOP
[2026-05-01T22:27:56Z] [INFO] 🔬 Advanced loop completed cycles: 0
[2026-05-01T22:27:57Z] [WARNING] ⚠️  Git commit skipped or failed (git not initialized?): Command '['git', '-C', '/home/avalonas/.hermes/gematria/unified_overnight_research', 'add', '.']' returned non-zero exit status 128.
[2026-05-01T22:27:57Z] [INFO] 
📊 CYCLE #136 SUMMARY
[2026-05-01T22:27:57Z] [INFO] ✅ Successful tasks: 7/7
[2026-05-01T22:27:57Z] [INFO] ⏱️  Cycle duration: 1.69s
[2026-05-01T22:27:57Z] [INFO]    ⚠️ task: result
[2026-05-01T22:27:57Z] [INFO]    ⚠️ task: result
[2026-05-01T22:27:57Z] [INFO]    ⚠️ task: result
[2026-05-01T22:27:57Z] [INFO]    ⚠️ task: result
[2026-05-01T22:27:57Z] [INFO]    ⚠️ task: result
[2026-05-01T22:27:57Z] [INFO]    ⚠️ task: result
[2026-05-01T22:27:57Z] [INFO]    ⚠️ task: result
[2026-05-01T22:27:57Z] [HEADER] ================================================================================
[2026-05-01T22:27:57Z] [INFO] 🔄 OVERNIGHT RESEARCH PIPELINE - CYCLE #137
[2026-05-01T22:27:57Z] [INFO] ================================================================================
[2026-05-01T22:27:57Z] [HEADER] ============================================================
[2026-05-01T22:27:57Z] [INFO] 🌙 STARTING OVERNIGHT RESEARCH CYCLE #137
[2026-05-01T22:27:57Z] [INFO] 🔍 Running overnight research protocol (web scraping + cross-symbol analysis)...
[2026-05-01T22:27:57Z] [INFO] 📊 Cycle duration: 0.60s, Files generated: 0
[2026-05-01T22:27:57Z] [INFO] 💾 Database updated with cycle results
[2026-05-01T22:27:57Z] [SECTION] ============================================================
[2026-05-01T22:27:57Z] [INFO] 🔮 PHASE: HIDDEN LAYERING DETECTION
[2026-05-01T22:27:57Z] [INFO] 🔗 Hidden layering detection complete. Connections identified: 2
[2026-05-01T22:27:57Z] [SECTION] ============================================================
[2026-05-01T22:27:57Z] [INFO] 🔬 PHASE: DOMAIN CORRELATION ANALYSIS
[2026-05-01T22:27:57Z] [INFO] 📊 Domain correlation matrices created: 1
[2026-05-01T22:27:57Z] [SECTION] ============================================================
[2026-05-01T22:27:57Z] [INFO] 🖼️  PHASE: IMAGE-SEED ANALYSIS
[2026-05-01T22:27:57Z] [INFO] 📂 Image seed analysis bootstrapping from 0 images...
[2026-05-01T22:27:57Z] [SECTION] ============================================================
[2026-05-01T22:27:57Z] [INFO] 📤 PHASE: PUSH COMPONENTS TO TOLARIA
[2026-05-01T22:27:58Z] [INFO] 📦 Components pushed to Tolaria: 5
[2026-05-01T22:27:58Z] [SECTION] ============================================================
[2026-05-01T22:27:58Z] [INFO] 🧩 PHASE: COMPOSER - DOMAIN INTEGRATION SYNTHESIS
[2026-05-01T22:27:58Z] [INFO] 🎨 Domain integrations synthesized: 0
[2026-05-01T22:27:58Z] [SECTION] ============================================================
[2026-05-01T22:27:58Z] [INFO] 🚀 PHASE: ADVANCED OVERNIGHT LOOP
[2026-05-01T22:27:58Z] [INFO] 🔬 Advanced loop completed cycles: 0
[2026-05-01T22:27:58Z] [WARNING] ⚠️  Git commit skipped or failed (git not initialized?): Command '['git', '-C', '/home/avalonas/.hermes/gematria/unified_overnight_research', 'add', '.']' returned non-zero exit status 128.
[2026-05-01T22:27:58Z] [INFO] 
📊 CYCLE #137 SUMMARY
[2026-05-01T22:27:58Z] [INFO] ✅ Successful tasks: 7/7
[2026-05-01T22:27:58Z] [INFO] ⏱️  Cycle duration: 1.66s
[2026-05-01T22:27:58Z] [INFO]    ⚠️ task: result
[2026-05-01T22:27:58Z] [INFO]    ⚠️ task: result
[2026-05-01T22:27:58Z] [INFO]    ⚠️ task: result
[2026-05-01T22:27:58Z] [INFO]    ⚠️ task: result
[2026-05-01T22:27:58Z] [INFO]    ⚠️ task: result
[2026-05-01T22:27:58Z] [INFO]    ⚠️ task: result
[2026-05-01T22:27:58Z] [INFO]    ⚠️ task: result
[2026-05-01T22:27:58Z] [HEADER] ================================================================================
[2026-05-01T22:27:58Z] [INFO] 🔄 OVERNIGHT RESEARCH PIPELINE - CYCLE #138
[2026-05-01T22:27:58Z] [INFO] ================================================================================
[2026-05-01T22:27:58Z] [HEADER] ============================================================
[2026-05-01T22:27:58Z] [INFO] 🌙 STARTING OVERNIGHT RESEARCH CYCLE #138
[2026-05-01T22:27:58Z] [INFO] 🔍 Running overnight research protocol (web scraping + cross-symbol analysis)...
[2026-05-01T22:27:59Z] [INFO] 📊 Cycle duration: 0.57s, Files generated: 0
[2026-05-01T22:27:59Z] [INFO] 💾 Database updated with cycle results
[2026-05-01T22:27:59Z] [SECTION] ============================================================
[2026-05-01T22:27:59Z] [INFO] 🔮 PHASE: HIDDEN LAYERING DETECTION
[2026-05-01T22:27:59Z] [INFO] 🔗 Hidden layering detection complete. Connections identified: 2
[2026-05-01T22:27:59Z] [SECTION] ============================================================
[2026-05-01T22:27:59Z] [INFO] 🔬 PHASE: DOMAIN CORRELATION ANALYSIS
[2026-05-01T22:27:59Z] [INFO] 📊 Domain correlation matrices created: 1
[2026-05-01T22:27:59Z] [SECTION] ============================================================
[2026-05-01T22:27:59Z] [INFO] 🖼️  PHASE: IMAGE-SEED ANALYSIS
[2026-05-01T22:27:59Z] [INFO] 📂 Image seed analysis bootstrapping from 0 images...
[2026-05-01T22:27:59Z] [SECTION] ============================================================
[2026-05-01T22:27:59Z] [INFO] 📤 PHASE: PUSH COMPONENTS TO TOLARIA
[2026-05-01T22:28:00Z] [INFO] 📦 Components pushed to Tolaria: 5
[2026-05-01T22:28:00Z] [SECTION] ============================================================
[2026-05-01T22:28:00Z] [INFO] 🧩 PHASE: COMPOSER - DOMAIN INTEGRATION SYNTHESIS
[2026-05-01T22:28:00Z] [INFO] 🎨 Domain integrations synthesized: 0
[2026-05-01T22:28:00Z] [SECTION] ============================================================
[2026-05-01T22:28:00Z] [INFO] 🚀 PHASE: ADVANCED OVERNIGHT LOOP
[2026-05-01T22:28:00Z] [INFO] 🔬 Advanced loop completed cycles: 0
[2026-05-01T22:28:00Z] [WARNING] ⚠️  Git commit skipped or failed (git not initialized?): Command '['git', '-C', '/home/avalonas/.hermes/gematria/unified_overnight_research', 'add', '.']' returned non-zero exit status 128.
[2026-05-01T22:28:00Z] [INFO] 
📊 CYCLE #138 SUMMARY
[2026-05-01T22:28:00Z] [INFO] ✅ Successful tasks: 7/7
[2026-05-01T22:28:00Z] [INFO] ⏱️  Cycle duration: 1.62s
[2026-05-01T22:28:00Z] [INFO]    ⚠️ task: result
[2026-05-01T22:28:00Z] [INFO]    ⚠️ task: result
[2026-05-01T22:28:00Z] [INFO]    ⚠️ task: result
[2026-05-01T22:28:00Z] [INFO]    ⚠️ task: result
[2026-05-01T22:28:00Z] [INFO]    ⚠️ task: result
[2026-05-01T22:28:00Z] [INFO]    ⚠️ task: result
[2026-05-01T22:28:00Z] [INFO]    ⚠️ task: result
[2026-05-01T22:28:00Z] [HEADER] ================================================================================
[2026-05-01T22:28:00Z] [INFO] 🔄 OVERNIGHT RESEARCH PIPELINE - CYCLE #139
[2026-05-01T22:28:00Z] [INFO] ================================================================================
[2026-05-01T22:28:00Z] [HEADER] ============================================================
[2026-05-01T22:28:00Z] [INFO] 🌙 STARTING OVERNIGHT RESEARCH CYCLE #139
[2026-05-01T22:28:00Z] [INFO] 🔍 Running overnight research protocol (web scraping + cross-symbol analysis)...
[2026-05-01T22:28:00Z] [INFO] 📊 Cycle duration: 0.56s, Files generated: 0
[2026-05-01T22:28:00Z] [INFO] 💾 Database updated with cycle results
[2026-05-01T22:28:00Z] [SECTION] ============================================================
[2026-05-01T22:28:00Z] [INFO] 🔮 PHASE: HIDDEN LAYERING DETECTION
[2026-05-01T22:28:00Z] [INFO] 🔗 Hidden layering detection complete. Connections identified: 2
[2026-05-01T22:28:00Z] [SECTION] ============================================================
[2026-05-01T22:28:00Z] [INFO] 🔬 PHASE: DOMAIN CORRELATION ANALYSIS
[2026-05-01T22:28:01Z] [INFO] 📊 Domain correlation matrices created: 1
[2026-05-01T22:28:01Z] [SECTION] ============================================================
[2026-05-01T22:28:01Z] [INFO] 🖼️  PHASE: IMAGE-SEED ANALYSIS
[2026-05-01T22:28:01Z] [INFO] 📂 Image seed analysis bootstrapping from 0 images...
[2026-05-01T22:28:01Z] [SECTION] ============================================================
[2026-05-01T22:28:01Z] [INFO] 📤 PHASE: PUSH COMPONENTS TO TOLARIA
[2026-05-01T22:28:01Z] [INFO] 📦 Components pushed to Tolaria: 5
[2026-05-01T22:28:01Z] [SECTION] ============================================================
[2026-05-01T22:28:01Z] [INFO] 🧩 PHASE: COMPOSER - DOMAIN INTEGRATION SYNTHESIS
[2026-05-01T22:28:01Z] [INFO] 🎨 Domain integrations synthesized: 0
[2026-05-01T22:28:01Z] [SECTION] ============================================================
[2026-05-01T22:28:01Z] [INFO] 🚀 PHASE: ADVANCED OVERNIGHT LOOP
[2026-05-01T22:28:01Z] [INFO] 🔬 Advanced loop completed cycles: 0
[2026-05-01T22:28:02Z] [WARNING] ⚠️  Git commit skipped or failed (git not initialized?): Command '['git', '-C', '/home/avalonas/.hermes/gematria/unified_overnight_research', 'add', '.']' returned non-zero exit status 128.
[2026-05-01T22:28:02Z] [INFO] 
📊 CYCLE #139 SUMMARY
[2026-05-01T22:28:02Z] [INFO] ✅ Successful tasks: 7/7
[2026-05-01T22:28:02Z] [INFO] ⏱️  Cycle duration: 1.62s
[2026-05-01T22:28:02Z] [INFO]    ⚠️ task: result
[2026-05-01T22:28:02Z] [INFO]    ⚠️ task: result
[2026-05-01T22:28:02Z] [INFO]    ⚠️ task: result
[2026-05-01T22:28:02Z] [INFO]    ⚠️ task: result
[2026-05-01T22:28:02Z] [INFO]    ⚠️ task: result
[2026-05-01T22:28:02Z] [INFO]    ⚠️ task: result
[2026-05-01T22:28:02Z] [INFO]    ⚠️ task: result
[2026-05-01T22:28:02Z] [HEADER] ================================================================================
[2026-05-01T22:28:02Z] [INFO] 🔄 OVERNIGHT RESEARCH PIPELINE - CYCLE #140
[2026-05-01T22:28:02Z] [INFO] ================================================================================
[2026-05-01T22:28:02Z] [HEADER] ============================================================
[2026-05-01T22:28:02Z] [INFO] 🌙 STARTING OVERNIGHT RESEARCH CYCLE #140
[2026-05-01T22:28:02Z] [INFO] 🔍 Running overnight research protocol (web scraping + cross-symbol analysis)...
[2026-05-01T22:28:02Z] [INFO] 📊 Cycle duration: 0.60s, Files generated: 0
[2026-05-01T22:28:02Z] [INFO] 💾 Database updated with cycle results
[2026-05-01T22:28:02Z] [SECTION] ============================================================
[2026-05-01T22:28:02Z] [INFO] 🔮 PHASE: HIDDEN LAYERING DETECTION
[2026-05-01T22:28:02Z] [INFO] 🔗 Hidden layering detection complete. Connections identified: 2
[2026-05-01T22:28:02Z] [SECTION] ============================================================
[2026-05-01T22:28:02Z] [INFO] 🔬 PHASE: DOMAIN CORRELATION ANALYSIS
[2026-05-01T22:28:02Z] [INFO] 📊 Domain correlation matrices created: 1
[2026-05-01T22:28:02Z] [SECTION] ============================================================
[2026-05-01T22:28:02Z] [INFO] 🖼️  PHASE: IMAGE-SEED ANALYSIS
[2026-05-01T22:28:02Z] [INFO] 📂 Image seed analysis bootstrapping from 0 images...
[2026-05-01T22:28:02Z] [SECTION] ============================================================
[2026-05-01T22:28:02Z] [INFO] 📤 PHASE: PUSH COMPONENTS TO TOLARIA
[2026-05-01T22:28:03Z] [INFO] 📦 Components pushed to Tolaria: 5
[2026-05-01T22:28:03Z] [SECTION] ============================================================
[2026-05-01T22:28:03Z] [INFO] 🧩 PHASE: COMPOSER - DOMAIN INTEGRATION SYNTHESIS
[2026-05-01T22:28:03Z] [INFO] 🎨 Domain integrations synthesized: 0
[2026-05-01T22:28:03Z] [SECTION] ============================================================
[2026-05-01T22:28:03Z] [INFO] 🚀 PHASE: ADVANCED OVERNIGHT LOOP
[2026-05-01T22:28:03Z] [INFO] 🔬 Advanced loop completed cycles: 0
[2026-05-01T22:28:03Z] [WARNING] ⚠️  Git commit skipped or failed (git not initialized?): Command '['git', '-C', '/home/avalonas/.hermes/gematria/unified_overnight_research', 'add', '.']' returned non-zero exit status 128.
[2026-05-01T22:28:03Z] [INFO] 
📊 CYCLE #140 SUMMARY
[2026-05-01T22:28:03Z] [INFO] ✅ Successful tasks: 7/7
[2026-05-01T22:28:03Z] [INFO] ⏱️  Cycle duration: 1.68s
[2026-05-01T22:28:03Z] [INFO]    ⚠️ task: result
[2026-05-01T22:28:03Z] [INFO]    ⚠️ task: result
[2026-05-01T22:28:03Z] [INFO]    ⚠️ task: result
[2026-05-01T22:28:03Z] [INFO]    ⚠️ task: result
[2026-05-01T22:28:03Z] [INFO]    ⚠️ task: result
[2026-05-01T22:28:03Z] [INFO]    ⚠️ task: result
[2026-05-01T22:28:03Z] [INFO]    ⚠️ task: result
[2026-05-01T22:28:03Z] [HEADER] ================================================================================
[2026-05-01T22:28:03Z] [INFO] 🔄 OVERNIGHT RESEARCH PIPELINE - CYCLE #141
[2026-05-01T22:28:03Z] [INFO] ================================================================================
[2026-05-01T22:28:03Z] [HEADER] ============================================================
[2026-05-01T22:28:03Z] [INFO] 🌙 STARTING OVERNIGHT RESEARCH CYCLE #141
[2026-05-01T22:28:03Z] [INFO] 🔍 Running overnight research protocol (web scraping + cross-symbol analysis)...
[2026-05-01T22:28:04Z] [INFO] 📊 Cycle duration: 0.60s, Files generated: 0
[2026-05-01T22:28:04Z] [INFO] 💾 Database updated with cycle results
[2026-05-01T22:28:04Z] [SECTION] ============================================================
[2026-05-01T22:28:04Z] [INFO] 🔮 PHASE: HIDDEN LAYERING DETECTION
[2026-05-01T22:28:04Z] [INFO] 🔗 Hidden layering detection complete. Connections identified: 2
[2026-05-01T22:28:04Z] [SECTION] ============================================================
[2026-05-01T22:28:04Z] [INFO] 🔬 PHASE: DOMAIN CORRELATION ANALYSIS
[2026-05-01T22:28:04Z] [INFO] 📊 Domain correlation matrices created: 1
[2026-05-01T22:28:04Z] [SECTION] ============================================================
[2026-05-01T22:28:04Z] [INFO] 🖼️  PHASE: IMAGE-SEED ANALYSIS
[2026-05-01T22:28:04Z] [INFO] 📂 Image seed analysis bootstrapping from 0 images...
[2026-05-01T22:28:04Z] [SECTION] ============================================================
[2026-05-01T22:28:04Z] [INFO] 📤 PHASE: PUSH COMPONENTS TO TOLARIA
[2026-05-01T22:28:05Z] [INFO] 📦 Components pushed to Tolaria: 5
[2026-05-01T22:28:05Z] [SECTION] ============================================================
[2026-05-01T22:28:05Z] [INFO] 🧩 PHASE: COMPOSER - DOMAIN INTEGRATION SYNTHESIS
[2026-05-01T22:28:05Z] [INFO] 🎨 Domain integrations synthesized: 0
[2026-05-01T22:28:05Z] [SECTION] ============================================================
[2026-05-01T22:28:05Z] [INFO] 🚀 PHASE: ADVANCED OVERNIGHT LOOP
[2026-05-01T22:28:05Z] [INFO] 🔬 Advanced loop completed cycles: 0
[2026-05-01T22:28:05Z] [WARNING] ⚠️  Git commit skipped or failed (git not initialized?): Command '['git', '-C', '/home/avalonas/.hermes/gematria/unified_overnight_research', 'add', '.']' returned non-zero exit status 128.
[2026-05-01T22:28:05Z] [INFO] 
📊 CYCLE #141 SUMMARY
[2026-05-01T22:28:05Z] [INFO] ✅ Successful tasks: 7/7
[2026-05-01T22:28:05Z] [INFO] ⏱️  Cycle duration: 1.60s
[2026-05-01T22:28:05Z] [INFO]    ⚠️ task: result
[2026-05-01T22:28:05Z] [INFO]    ⚠️ task: result
[2026-05-01T22:28:05Z] [INFO]    ⚠️ task: result
[2026-05-01T22:28:05Z] [INFO]    ⚠️ task: result
[2026-05-01T22:28:05Z] [INFO]    ⚠️ task: result
[2026-05-01T22:28:05Z] [INFO]    ⚠️ task: result
[2026-05-01T22:28:05Z] [INFO]    ⚠️ task: result
[2026-05-01T22:28:05Z] [HEADER] ================================================================================
[2026-05-01T22:28:05Z] [INFO] 🔄 OVERNIGHT RESEARCH PIPELINE - CYCLE #142
[2026-05-01T22:28:05Z] [INFO] ================================================================================
[2026-05-01T22:28:05Z] [HEADER] ============================================================
[2026-05-01T22:28:05Z] [INFO] 🌙 STARTING OVERNIGHT RESEARCH CYCLE #142
[2026-05-01T22:28:05Z] [INFO] 🔍 Running overnight research protocol (web scraping + cross-symbol analysis)...
[2026-05-01T22:28:05Z] [INFO] 📊 Cycle duration: 0.46s, Files generated: 0
[2026-05-01T22:28:05Z] [INFO] 💾 Database updated with cycle results
[2026-05-01T22:28:05Z] [SECTION] ============================================================
[2026-05-01T22:28:05Z] [INFO] 🔮 PHASE: HIDDEN LAYERING DETECTION
[2026-05-01T22:28:05Z] [INFO] 🔗 Hidden layering detection complete. Connections identified: 2
[2026-05-01T22:28:05Z] [SECTION] ============================================================
[2026-05-01T22:28:05Z] [INFO] 🔬 PHASE: DOMAIN CORRELATION ANALYSIS
[2026-05-01T22:28:05Z] [INFO] 📊 Domain correlation matrices created: 1
[2026-05-01T22:28:05Z] [SECTION] ============================================================
[2026-05-01T22:28:05Z] [INFO] 🖼️  PHASE: IMAGE-SEED ANALYSIS
[2026-05-01T22:28:05Z] [INFO] 📂 Image seed analysis bootstrapping from 0 images...
[2026-05-01T22:28:05Z] [SECTION] ============================================================
[2026-05-01T22:28:05Z] [INFO] 📤 PHASE: PUSH COMPONENTS TO TOLARIA
[2026-05-01T22:28:06Z] [INFO] 📦 Components pushed to Tolaria: 5
[2026-05-01T22:28:06Z] [SECTION] ============================================================
[2026-05-01T22:28:06Z] [INFO] 🧩 PHASE: COMPOSER - DOMAIN INTEGRATION SYNTHESIS
[2026-05-01T22:28:06Z] [INFO] 🎨 Domain integrations synthesized: 0
[2026-05-01T22:28:06Z] [SECTION] ============================================================
[2026-05-01T22:28:06Z] [INFO] 🚀 PHASE: ADVANCED OVERNIGHT LOOP
[2026-05-01T22:28:06Z] [INFO] 🔬 Advanced loop completed cycles: 0
[2026-05-01T22:28:06Z] [WARNING] ⚠️  Git commit skipped or failed (git not initialized?): Command '['git', '-C', '/home/avalonas/.hermes/gematria/unified_overnight_research', 'add', '.']' returned non-zero exit status 128.
[2026-05-01T22:28:06Z] [INFO] 
📊 CYCLE #142 SUMMARY
[2026-05-01T22:28:06Z] [INFO] ✅ Successful tasks: 7/7
[2026-05-01T22:28:06Z] [INFO] ⏱️  Cycle duration: 1.58s
[2026-05-01T22:28:06Z] [INFO]    ⚠️ task: result
[2026-05-01T22:28:06Z] [INFO]    ⚠️ task: result
[2026-05-01T22:28:06Z] [INFO]    ⚠️ task: result
[2026-05-01T22:28:06Z] [INFO]    ⚠️ task: result
[2026-05-01T22:28:06Z] [INFO]    ⚠️ task: result
[2026-05-01T22:28:06Z] [INFO]    ⚠️ task: result
[2026-05-01T22:28:06Z] [INFO]    ⚠️ task: result
[2026-05-01T22:28:06Z] [HEADER] ================================================================================
[2026-05-01T22:28:06Z] [INFO] 🔄 OVERNIGHT RESEARCH PIPELINE - CYCLE #143
[2026-05-01T22:28:06Z] [INFO] ================================================================================
[2026-05-01T22:28:06Z] [HEADER] ============================================================
[2026-05-01T22:28:06Z] [INFO] 🌙 STARTING OVERNIGHT RESEARCH CYCLE #143
[2026-05-01T22:28:06Z] [INFO] 🔍 Running overnight research protocol (web scraping + cross-symbol analysis)...
[2026-05-01T22:28:07Z] [INFO] 📊 Cycle duration: 0.48s, Files generated: 0
[2026-05-01T22:28:07Z] [INFO] 💾 Database updated with cycle results
[2026-05-01T22:28:07Z] [SECTION] ============================================================
[2026-05-01T22:28:07Z] [INFO] 🔮 PHASE: HIDDEN LAYERING DETECTION
[2026-05-01T22:28:07Z] [INFO] 🔗 Hidden layering detection complete. Connections identified: 2
[2026-05-01T22:28:07Z] [SECTION] ============================================================
[2026-05-01T22:28:07Z] [INFO] 🔬 PHASE: DOMAIN CORRELATION ANALYSIS
[2026-05-01T22:28:07Z] [INFO] 📊 Domain correlation matrices created: 1
[2026-05-01T22:28:07Z] [SECTION] ============================================================
[2026-05-01T22:28:07Z] [INFO] 🖼️  PHASE: IMAGE-SEED ANALYSIS
[2026-05-01T22:28:07Z] [INFO] 📂 Image seed analysis bootstrapping from 0 images...
[2026-05-01T22:28:07Z] [SECTION] ============================================================
[2026-05-01T22:28:07Z] [INFO] 📤 PHASE: PUSH COMPONENTS TO TOLARIA
[2026-05-01T22:28:08Z] [INFO] 📦 Components pushed to Tolaria: 5
[2026-05-01T22:28:08Z] [SECTION] ============================================================
[2026-05-01T22:28:08Z] [INFO] 🧩 PHASE: COMPOSER - DOMAIN INTEGRATION SYNTHESIS
[2026-05-01T22:28:08Z] [INFO] 🎨 Domain integrations synthesized: 0
[2026-05-01T22:28:08Z] [SECTION] ============================================================
[2026-05-01T22:28:08Z] [INFO] 🚀 PHASE: ADVANCED OVERNIGHT LOOP
[2026-05-01T22:28:08Z] [INFO] 🔬 Advanced loop completed cycles: 0
[2026-05-01T22:28:08Z] [WARNING] ⚠️  Git commit skipped or failed (git not initialized?): Command '['git', '-C', '/home/avalonas/.hermes/gematria/unified_overnight_research', 'add', '.']' returned non-zero exit status 128.
[2026-05-01T22:28:08Z] [INFO] 
📊 CYCLE #143 SUMMARY
[2026-05-01T22:28:08Z] [INFO] ✅ Successful tasks: 7/7
[2026-05-01T22:28:08Z] [INFO] ⏱️  Cycle duration: 1.58s
[2026-05-01T22:28:08Z] [INFO]    ⚠️ task: result
[2026-05-01T22:28:08Z] [INFO]    ⚠️ task: result
[2026-05-01T22:28:08Z] [INFO]    ⚠️ task: result
[2026-05-01T22:28:08Z] [INFO]    ⚠️ task: result
[2026-05-01T22:28:08Z] [INFO]    ⚠️ task: result
[2026-05-01T22:28:08Z] [INFO]    ⚠️ task: result
[2026-05-01T22:28:08Z] [INFO]    ⚠️ task: result
[2026-05-01T22:28:08Z] [HEADER] ================================================================================
[2026-05-01T22:28:08Z] [INFO] 🔄 OVERNIGHT RESEARCH PIPELINE - CYCLE #144
[2026-05-01T22:28:08Z] [INFO] ================================================================================
[2026-05-01T22:28:08Z] [HEADER] ============================================================
[2026-05-01T22:28:08Z] [INFO] 🌙 STARTING OVERNIGHT RESEARCH CYCLE #144
[2026-05-01T22:28:08Z] [INFO] 🔍 Running overnight research protocol (web scraping + cross-symbol analysis)...
[2026-05-01T22:28:09Z] [INFO] 📊 Cycle duration: 0.61s, Files generated: 0
[2026-05-01T22:28:09Z] [INFO] 💾 Database updated with cycle results
[2026-05-01T22:28:09Z] [SECTION] ============================================================
[2026-05-01T22:28:09Z] [INFO] 🔮 PHASE: HIDDEN LAYERING DETECTION
[2026-05-01T22:28:09Z] [INFO] 🔗 Hidden layering detection complete. Connections identified: 2
[2026-05-01T22:28:09Z] [SECTION] ============================================================
[2026-05-01T22:28:09Z] [INFO] 🔬 PHASE: DOMAIN CORRELATION ANALYSIS
[2026-05-01T22:28:09Z] [INFO] 📊 Domain correlation matrices created: 1
[2026-05-01T22:28:09Z] [SECTION] ============================================================
[2026-05-01T22:28:09Z] [INFO] 🖼️  PHASE: IMAGE-SEED ANALYSIS
[2026-05-01T22:28:09Z] [INFO] 📂 Image seed analysis bootstrapping from 0 images...
[2026-05-01T22:28:09Z] [SECTION] ============================================================
[2026-05-01T22:28:09Z] [INFO] 📤 PHASE: PUSH COMPONENTS TO TOLARIA
[2026-05-01T22:28:09Z] [INFO] 📦 Components pushed to Tolaria: 5
[2026-05-01T22:28:09Z] [SECTION] ============================================================
[2026-05-01T22:28:09Z] [INFO] 🧩 PHASE: COMPOSER - DOMAIN INTEGRATION SYNTHESIS
[2026-05-01T22:28:09Z] [INFO] 🎨 Domain integrations synthesized: 0
[2026-05-01T22:28:09Z] [SECTION] ============================================================
[2026-05-01T22:28:09Z] [INFO] 🚀 PHASE: ADVANCED OVERNIGHT LOOP
[2026-05-01T22:28:10Z] [INFO] 🔬 Advanced loop completed cycles: 0
[2026-05-01T22:28:10Z] [WARNING] ⚠️  Git commit skipped or failed (git not initialized?): Command '['git', '-C', '/home/avalonas/.hermes/gematria/unified_overnight_research', 'add', '.']' returned non-zero exit status 128.
[2026-05-01T22:28:10Z] [INFO] 
📊 CYCLE #144 SUMMARY
[2026-05-01T22:28:10Z] [INFO] ✅ Successful tasks: 7/7
[2026-05-01T22:28:10Z] [INFO] ⏱️  Cycle duration: 1.64s
[2026-05-01T22:28:10Z] [INFO]    ⚠️ task: result
[2026-05-01T22:28:10Z] [INFO]    ⚠️ task: result
[2026-05-01T22:28:10Z] [INFO]    ⚠️ task: result
[2026-05-01T22:28:10Z] [INFO]    ⚠️ task: result
[2026-05-01T22:28:10Z] [INFO]    ⚠️ task: result
[2026-05-01T22:28:10Z] [INFO]    ⚠️ task: result
[2026-05-01T22:28:10Z] [INFO]    ⚠️ task: result
[2026-05-01T22:28:10Z] [HEADER] ================================================================================
[2026-05-01T22:28:10Z] [INFO] 🔄 OVERNIGHT RESEARCH PIPELINE - CYCLE #145
[2026-05-01T22:28:10Z] [INFO] ================================================================================
[2026-05-01T22:28:10Z] [HEADER] ============================================================
[2026-05-01T22:28:10Z] [INFO] 🌙 STARTING OVERNIGHT RESEARCH CYCLE #145
[2026-05-01T22:28:10Z] [INFO] 🔍 Running overnight research protocol (web scraping + cross-symbol analysis)...
[2026-05-01T22:28:10Z] [INFO] 📊 Cycle duration: 0.58s, Files generated: 0
[2026-05-01T22:28:10Z] [INFO] 💾 Database updated with cycle results
[2026-05-01T22:28:10Z] [SECTION] ============================================================
[2026-05-01T22:28:10Z] [INFO] 🔮 PHASE: HIDDEN LAYERING DETECTION
[2026-05-01T22:28:10Z] [INFO] 🔗 Hidden layering detection complete. Connections identified: 2
[2026-05-01T22:28:10Z] [SECTION] ============================================================
[2026-05-01T22:28:10Z] [INFO] 🔬 PHASE: DOMAIN CORRELATION ANALYSIS
[2026-05-01T22:28:10Z] [INFO] 📊 Domain correlation matrices created: 1
[2026-05-01T22:28:10Z] [SECTION] ============================================================
[2026-05-01T22:28:10Z] [INFO] 🖼️  PHASE: IMAGE-SEED ANALYSIS
[2026-05-01T22:28:10Z] [INFO] 📂 Image seed analysis bootstrapping from 0 images...
[2026-05-01T22:28:10Z] [SECTION] ============================================================
[2026-05-01T22:28:10Z] [INFO] 📤 PHASE: PUSH COMPONENTS TO TOLARIA
[2026-05-01T22:28:11Z] [INFO] 📦 Components pushed to Tolaria: 5
[2026-05-01T22:28:11Z] [SECTION] ============================================================
[2026-05-01T22:28:11Z] [INFO] 🧩 PHASE: COMPOSER - DOMAIN INTEGRATION SYNTHESIS
[2026-05-01T22:28:11Z] [INFO] 🎨 Domain integrations synthesized: 0
[2026-05-01T22:28:11Z] [SECTION] ============================================================
[2026-05-01T22:28:11Z] [INFO] 🚀 PHASE: ADVANCED OVERNIGHT LOOP
[2026-05-01T22:28:11Z] [INFO] 🔬 Advanced loop completed cycles: 0
[2026-05-01T22:28:11Z] [WARNING] ⚠️  Git commit skipped or failed (git not initialized?): Command '['git', '-C', '/home/avalonas/.hermes/gematria/unified_overnight_research', 'add', '.']' returned non-zero exit status 128.
[2026-05-01T22:28:11Z] [INFO] 
📊 CYCLE #145 SUMMARY
[2026-05-01T22:28:11Z] [INFO] ✅ Successful tasks: 7/7
[2026-05-01T22:28:11Z] [INFO] ⏱️  Cycle duration: 1.77s
[2026-05-01T22:28:11Z] [INFO]    ⚠️ task: result
[2026-05-01T22:28:11Z] [INFO]    ⚠️ task: result
[2026-05-01T22:28:11Z] [INFO]    ⚠️ task: result
[2026-05-01T22:28:11Z] [INFO]    ⚠️ task: result
[2026-05-01T22:28:11Z] [INFO]    ⚠️ task: result
[2026-05-01T22:28:11Z] [INFO]    ⚠️ task: result
[2026-05-01T22:28:11Z] [INFO]    ⚠️ task: result
[2026-05-01T22:28:11Z] [HEADER] ================================================================================
[2026-05-01T22:28:11Z] [INFO] 🔄 OVERNIGHT RESEARCH PIPELINE - CYCLE #146
[2026-05-01T22:28:11Z] [INFO] ================================================================================
[2026-05-01T22:28:11Z] [HEADER] ============================================================
[2026-05-01T22:28:11Z] [INFO] 🌙 STARTING OVERNIGHT RESEARCH CYCLE #146
[2026-05-01T22:28:11Z] [INFO] 🔍 Running overnight research protocol (web scraping + cross-symbol analysis)...
[2026-05-01T22:28:12Z] [INFO] 📊 Cycle duration: 0.57s, Files generated: 0
[2026-05-01T22:28:12Z] [INFO] 💾 Database updated with cycle results
[2026-05-01T22:28:12Z] [SECTION] ============================================================
[2026-05-01T22:28:12Z] [INFO] 🔮 PHASE: HIDDEN LAYERING DETECTION
[2026-05-01T22:28:12Z] [INFO] 🔗 Hidden layering detection complete. Connections identified: 2
[2026-05-01T22:28:12Z] [SECTION] ============================================================
[2026-05-01T22:28:12Z] [INFO] 🔬 PHASE: DOMAIN CORRELATION ANALYSIS
[2026-05-01T22:28:12Z] [INFO] 📊 Domain correlation matrices created: 1
[2026-05-01T22:28:12Z] [SECTION] ============================================================
[2026-05-01T22:28:12Z] [INFO] 🖼️  PHASE: IMAGE-SEED ANALYSIS
[2026-05-01T22:28:12Z] [INFO] 📂 Image seed analysis bootstrapping from 0 images...
[2026-05-01T22:28:12Z] [SECTION] ============================================================
[2026-05-01T22:28:12Z] [INFO] 📤 PHASE: PUSH COMPONENTS TO TOLARIA
[2026-05-01T22:28:13Z] [INFO] 📦 Components pushed to Tolaria: 5
[2026-05-01T22:28:13Z] [SECTION] ============================================================
[2026-05-01T22:28:13Z] [INFO] 🧩 PHASE: COMPOSER - DOMAIN INTEGRATION SYNTHESIS
[2026-05-01T22:28:13Z] [INFO] 🎨 Domain integrations synthesized: 0
[2026-05-01T22:28:13Z] [SECTION] ============================================================
[2026-05-01T22:28:13Z] [INFO] 🚀 PHASE: ADVANCED OVERNIGHT LOOP
[2026-05-01T22:28:13Z] [INFO] 🔬 Advanced loop completed cycles: 0
[2026-05-01T22:28:13Z] [WARNING] ⚠️  Git commit skipped or failed (git not initialized?): Command '['git', '-C', '/home/avalonas/.hermes/gematria/unified_overnight_research', 'add', '.']' returned non-zero exit status 128.
[2026-05-01T22:28:13Z] [INFO] 
📊 CYCLE #146 SUMMARY
[2026-05-01T22:28:13Z] [INFO] ✅ Successful tasks: 7/7
[2026-05-01T22:28:13Z] [INFO] ⏱️  Cycle duration: 1.84s
[2026-05-01T22:28:13Z] [INFO]    ⚠️ task: result
[2026-05-01T22:28:13Z] [INFO]    ⚠️ task: result
[2026-05-01T22:28:13Z] [INFO]    ⚠️ task: result
[2026-05-01T22:28:13Z] [INFO]    ⚠️ task: result
[2026-05-01T22:28:13Z] [INFO]    ⚠️ task: result
[2026-05-01T22:28:13Z] [INFO]    ⚠️ task: result
[2026-05-01T22:28:13Z] [INFO]    ⚠️ task: result
[2026-05-01T22:28:13Z] [HEADER] ================================================================================
[2026-05-01T22:28:13Z] [INFO] 🔄 OVERNIGHT RESEARCH PIPELINE - CYCLE #147
[2026-05-01T22:28:13Z] [INFO] ================================================================================
[2026-05-01T22:28:13Z] [HEADER] ============================================================
[2026-05-01T22:28:13Z] [INFO] 🌙 STARTING OVERNIGHT RESEARCH CYCLE #147
[2026-05-01T22:28:13Z] [INFO] 🔍 Running overnight research protocol (web scraping + cross-symbol analysis)...
[2026-05-01T22:28:14Z] [INFO] 📊 Cycle duration: 0.45s, Files generated: 0
[2026-05-01T22:28:14Z] [INFO] 💾 Database updated with cycle results
[2026-05-01T22:28:14Z] [SECTION] ============================================================
[2026-05-01T22:28:14Z] [INFO] 🔮 PHASE: HIDDEN LAYERING DETECTION
[2026-05-01T22:28:14Z] [INFO] 🔗 Hidden layering detection complete. Connections identified: 2
[2026-05-01T22:28:14Z] [SECTION] ============================================================
[2026-05-01T22:28:14Z] [INFO] 🔬 PHASE: DOMAIN CORRELATION ANALYSIS
[2026-05-01T22:28:14Z] [INFO] 📊 Domain correlation matrices created: 1
[2026-05-01T22:28:14Z] [SECTION] ============================================================
[2026-05-01T22:28:14Z] [INFO] 🖼️  PHASE: IMAGE-SEED ANALYSIS
[2026-05-01T22:28:14Z] [INFO] 📂 Image seed analysis bootstrapping from 0 images...
[2026-05-01T22:28:14Z] [SECTION] ============================================================
[2026-05-01T22:28:14Z] [INFO] 📤 PHASE: PUSH COMPONENTS TO TOLARIA
[2026-05-01T22:28:14Z] [INFO] 📦 Components pushed to Tolaria: 5
[2026-05-01T22:28:14Z] [SECTION] ============================================================
[2026-05-01T22:28:14Z] [INFO] 🧩 PHASE: COMPOSER - DOMAIN INTEGRATION SYNTHESIS
[2026-05-01T22:28:15Z] [INFO] 🎨 Domain integrations synthesized: 0
[2026-05-01T22:28:15Z] [SECTION] ============================================================
[2026-05-01T22:28:15Z] [INFO] 🚀 PHASE: ADVANCED OVERNIGHT LOOP
[2026-05-01T22:28:15Z] [INFO] 🔬 Advanced loop completed cycles: 0
[2026-05-01T22:28:15Z] [WARNING] ⚠️  Git commit skipped or failed (git not initialized?): Command '['git', '-C', '/home/avalonas/.hermes/gematria/unified_overnight_research', 'add', '.']' returned non-zero exit status 128.
[2026-05-01T22:28:15Z] [INFO] 
📊 CYCLE #147 SUMMARY
[2026-05-01T22:28:15Z] [INFO] ✅ Successful tasks: 7/7
[2026-05-01T22:28:15Z] [INFO] ⏱️  Cycle duration: 1.46s
[2026-05-01T22:28:15Z] [INFO]    ⚠️ task: result
[2026-05-01T22:28:15Z] [INFO]    ⚠️ task: result
[2026-05-01T22:28:15Z] [INFO]    ⚠️ task: result
[2026-05-01T22:28:15Z] [INFO]    ⚠️ task: result
[2026-05-01T22:28:15Z] [INFO]    ⚠️ task: result
[2026-05-01T22:28:15Z] [INFO]    ⚠️ task: result
[2026-05-01T22:28:15Z] [INFO]    ⚠️ task: result
[2026-05-01T22:28:15Z] [HEADER] ================================================================================
[2026-05-01T22:28:15Z] [INFO] 🔄 OVERNIGHT RESEARCH PIPELINE - CYCLE #148
[2026-05-01T22:28:15Z] [INFO] ================================================================================
[2026-05-01T22:28:15Z] [HEADER] ============================================================
[2026-05-01T22:28:15Z] [INFO] 🌙 STARTING OVERNIGHT RESEARCH CYCLE #148
[2026-05-01T22:28:15Z] [INFO] 🔍 Running overnight research protocol (web scraping + cross-symbol analysis)...
[2026-05-01T22:28:15Z] [INFO] 📊 Cycle duration: 0.57s, Files generated: 0
[2026-05-01T22:28:15Z] [INFO] 💾 Database updated with cycle results
[2026-05-01T22:28:15Z] [SECTION] ============================================================
[2026-05-01T22:28:15Z] [INFO] 🔮 PHASE: HIDDEN LAYERING DETECTION
[2026-05-01T22:28:15Z] [INFO] 🔗 Hidden layering detection complete. Connections identified: 2
[2026-05-01T22:28:15Z] [SECTION] ============================================================
[2026-05-01T22:28:15Z] [INFO] 🔬 PHASE: DOMAIN CORRELATION ANALYSIS
[2026-05-01T22:28:15Z] [INFO] 📊 Domain correlation matrices created: 1
[2026-05-01T22:28:15Z] [SECTION] ============================================================
[2026-05-01T22:28:15Z] [INFO] 🖼️  PHASE: IMAGE-SEED ANALYSIS
[2026-05-01T22:28:15Z] [INFO] 📂 Image seed analysis bootstrapping from 0 images...
[2026-05-01T22:28:15Z] [SECTION] ============================================================
[2026-05-01T22:28:15Z] [INFO] 📤 PHASE: PUSH COMPONENTS TO TOLARIA
[2026-05-01T22:28:16Z] [INFO] 📦 Components pushed to Tolaria: 5
[2026-05-01T22:28:16Z] [SECTION] ============================================================
[2026-05-01T22:28:16Z] [INFO] 🧩 PHASE: COMPOSER - DOMAIN INTEGRATION SYNTHESIS
[2026-05-01T22:28:16Z] [INFO] 🎨 Domain integrations synthesized: 0
[2026-05-01T22:28:16Z] [SECTION] ============================================================
[2026-05-01T22:28:16Z] [INFO] 🚀 PHASE: ADVANCED OVERNIGHT LOOP
[2026-05-01T22:28:16Z] [INFO] 🔬 Advanced loop completed cycles: 0
[2026-05-01T22:28:16Z] [WARNING] ⚠️  Git commit skipped or failed (git not initialized?): Command '['git', '-C', '/home/avalonas/.hermes/gematria/unified_overnight_research', 'add', '.']' returned non-zero exit status 128.
[2026-05-01T22:28:16Z] [INFO] 
📊 CYCLE #148 SUMMARY
[2026-05-01T22:28:16Z] [INFO] ✅ Successful tasks: 7/7
[2026-05-01T22:28:16Z] [INFO] ⏱️  Cycle duration: 1.59s
[2026-05-01T22:28:16Z] [INFO]    ⚠️ task: result
[2026-05-01T22:28:16Z] [INFO]    ⚠️ task: result
[2026-05-01T22:28:16Z] [INFO]    ⚠️ task: result
[2026-05-01T22:28:16Z] [INFO]    ⚠️ task: result
[2026-05-01T22:28:16Z] [INFO]    ⚠️ task: result
[2026-05-01T22:28:16Z] [INFO]    ⚠️ task: result
[2026-05-01T22:28:16Z] [INFO]    ⚠️ task: result
[2026-05-01T22:28:16Z] [HEADER] ================================================================================
[2026-05-01T22:28:16Z] [INFO] 🔄 OVERNIGHT RESEARCH PIPELINE - CYCLE #149
[2026-05-01T22:28:16Z] [INFO] ================================================================================
[2026-05-01T22:28:16Z] [HEADER] ============================================================
[2026-05-01T22:28:16Z] [INFO] 🌙 STARTING OVERNIGHT RESEARCH CYCLE #149
[2026-05-01T22:28:16Z] [INFO] 🔍 Running overnight research protocol (web scraping + cross-symbol analysis)...
[2026-05-01T22:28:17Z] [INFO] 📊 Cycle duration: 0.57s, Files generated: 0
[2026-05-01T22:28:17Z] [INFO] 💾 Database updated with cycle results
[2026-05-01T22:28:17Z] [SECTION] ============================================================
[2026-05-01T22:28:17Z] [INFO] 🔮 PHASE: HIDDEN LAYERING DETECTION
[2026-05-01T22:28:17Z] [INFO] 🔗 Hidden layering detection complete. Connections identified: 2
[2026-05-01T22:28:17Z] [SECTION] ============================================================
[2026-05-01T22:28:17Z] [INFO] 🔬 PHASE: DOMAIN CORRELATION ANALYSIS
[2026-05-01T22:28:17Z] [INFO] 📊 Domain correlation matrices created: 1
[2026-05-01T22:28:17Z] [SECTION] ============================================================
[2026-05-01T22:28:17Z] [INFO] 🖼️  PHASE: IMAGE-SEED ANALYSIS
[2026-05-01T22:28:17Z] [INFO] 📂 Image seed analysis bootstrapping from 0 images...
[2026-05-01T22:28:17Z] [SECTION] ============================================================
[2026-05-01T22:28:17Z] [INFO] 📤 PHASE: PUSH COMPONENTS TO TOLARIA
[2026-05-01T22:28:18Z] [INFO] 📦 Components pushed to Tolaria: 5
[2026-05-01T22:28:18Z] [SECTION] ============================================================
[2026-05-01T22:28:18Z] [INFO] 🧩 PHASE: COMPOSER - DOMAIN INTEGRATION SYNTHESIS
[2026-05-01T22:28:18Z] [INFO] 🎨 Domain integrations synthesized: 0
[2026-05-01T22:28:18Z] [SECTION] ============================================================
[2026-05-01T22:28:18Z] [INFO] 🚀 PHASE: ADVANCED OVERNIGHT LOOP
[2026-05-01T22:28:18Z] [INFO] 🔬 Advanced loop completed cycles: 0
[2026-05-01T22:28:18Z] [WARNING] ⚠️  Git commit skipped or failed (git not initialized?): Command '['git', '-C', '/home/avalonas/.hermes/gematria/unified_overnight_research', 'add', '.']' returned non-zero exit status 128.
[2026-05-01T22:28:18Z] [INFO] 
📊 CYCLE #149 SUMMARY
[2026-05-01T22:28:18Z] [INFO] ✅ Successful tasks: 7/7
[2026-05-01T22:28:18Z] [INFO] ⏱️  Cycle duration: 1.73s
[2026-05-01T22:28:18Z] [INFO]    ⚠️ task: result
[2026-05-01T22:28:18Z] [INFO]    ⚠️ task: result
[2026-05-01T22:28:18Z] [INFO]    ⚠️ task: result
[2026-05-01T22:28:18Z] [INFO]    ⚠️ task: result
[2026-05-01T22:28:18Z] [INFO]    ⚠️ task: result
[2026-05-01T22:28:18Z] [INFO]    ⚠️ task: result
[2026-05-01T22:28:18Z] [INFO]    ⚠️ task: result
[2026-05-01T22:28:18Z] [HEADER] ================================================================================
[2026-05-01T22:28:18Z] [INFO] 🔄 OVERNIGHT RESEARCH PIPELINE - CYCLE #150
[2026-05-01T22:28:18Z] [INFO] ================================================================================
[2026-05-01T22:28:18Z] [HEADER] ============================================================
[2026-05-01T22:28:18Z] [INFO] 🌙 STARTING OVERNIGHT RESEARCH CYCLE #150
[2026-05-01T22:28:18Z] [INFO] 🔍 Running overnight research protocol (web scraping + cross-symbol analysis)...
[2026-05-01T22:28:19Z] [INFO] 📊 Cycle duration: 0.57s, Files generated: 0
[2026-05-01T22:28:19Z] [INFO] 💾 Database updated with cycle results
[2026-05-01T22:28:19Z] [SECTION] ============================================================
[2026-05-01T22:28:19Z] [INFO] 🔮 PHASE: HIDDEN LAYERING DETECTION
[2026-05-01T22:28:19Z] [INFO] 🔗 Hidden layering detection complete. Connections identified: 2
[2026-05-01T22:28:19Z] [SECTION] ============================================================
[2026-05-01T22:28:19Z] [INFO] 🔬 PHASE: DOMAIN CORRELATION ANALYSIS
[2026-05-01T22:28:19Z] [INFO] 📊 Domain correlation matrices created: 1
[2026-05-01T22:28:19Z] [SECTION] ============================================================
[2026-05-01T22:28:19Z] [INFO] 🖼️  PHASE: IMAGE-SEED ANALYSIS
[2026-05-01T22:28:19Z] [INFO] 📂 Image seed analysis bootstrapping from 0 images...
[2026-05-01T22:28:19Z] [SECTION] ============================================================
[2026-05-01T22:28:19Z] [INFO] 📤 PHASE: PUSH COMPONENTS TO TOLARIA
[2026-05-01T22:28:19Z] [INFO] 📦 Components pushed to Tolaria: 5
[2026-05-01T22:28:19Z] [SECTION] ============================================================
[2026-05-01T22:28:19Z] [INFO] 🧩 PHASE: COMPOSER - DOMAIN INTEGRATION SYNTHESIS
[2026-05-01T22:28:19Z] [INFO] 🎨 Domain integrations synthesized: 0
[2026-05-01T22:28:19Z] [SECTION] ============================================================
[2026-05-01T22:28:19Z] [INFO] 🚀 PHASE: ADVANCED OVERNIGHT LOOP
[2026-05-01T22:28:19Z] [INFO] 🔬 Advanced loop completed cycles: 0
[2026-05-01T22:28:19Z] [WARNING] ⚠️  Git commit skipped or failed (git not initialized?): Command '['git', '-C', '/home/avalonas/.hermes/gematria/unified_overnight_research', 'add', '.']' returned non-zero exit status 128.
[2026-05-01T22:28:19Z] [INFO] 
📊 CYCLE #150 SUMMARY
[2026-05-01T22:28:19Z] [INFO] ✅ Successful tasks: 7/7
[2026-05-01T22:28:19Z] [INFO] ⏱️  Cycle duration: 1.50s
[2026-05-01T22:28:19Z] [INFO]    ⚠️ task: result
[2026-05-01T22:28:19Z] [INFO]    ⚠️ task: result
[2026-05-01T22:28:19Z] [INFO]    ⚠️ task: result
[2026-05-01T22:28:19Z] [INFO]    ⚠️ task: result
[2026-05-01T22:28:19Z] [INFO]    ⚠️ task: result
[2026-05-01T22:28:19Z] [INFO]    ⚠️ task: result
[2026-05-01T22:28:19Z] [INFO]    ⚠️ task: result
[2026-05-01T22:28:19Z] [HEADER] ================================================================================
[2026-05-01T22:28:19Z] [INFO] 🔄 OVERNIGHT RESEARCH PIPELINE - CYCLE #151
[2026-05-01T22:28:19Z] [INFO] ================================================================================
[2026-05-01T22:28:19Z] [HEADER] ============================================================
[2026-05-01T22:28:19Z] [INFO] 🌙 STARTING OVERNIGHT RESEARCH CYCLE #151
[2026-05-01T22:28:19Z] [INFO] 🔍 Running overnight research protocol (web scraping + cross-symbol analysis)...
[2026-05-01T22:28:20Z] [INFO] 📊 Cycle duration: 0.62s, Files generated: 0
[2026-05-01T22:28:20Z] [INFO] 💾 Database updated with cycle results
[2026-05-01T22:28:20Z] [SECTION] ============================================================
[2026-05-01T22:28:20Z] [INFO] 🔮 PHASE: HIDDEN LAYERING DETECTION
[2026-05-01T22:28:20Z] [INFO] 🔗 Hidden layering detection complete. Connections identified: 2
[2026-05-01T22:28:20Z] [SECTION] ============================================================
[2026-05-01T22:28:20Z] [INFO] 🔬 PHASE: DOMAIN CORRELATION ANALYSIS
[2026-05-01T22:28:20Z] [INFO] 📊 Domain correlation matrices created: 1
[2026-05-01T22:28:20Z] [SECTION] ============================================================
[2026-05-01T22:28:20Z] [INFO] 🖼️  PHASE: IMAGE-SEED ANALYSIS
[2026-05-01T22:28:20Z] [INFO] 📂 Image seed analysis bootstrapping from 0 images...
[2026-05-01T22:28:20Z] [SECTION] ============================================================
[2026-05-01T22:28:20Z] [INFO] 📤 PHASE: PUSH COMPONENTS TO TOLARIA
[2026-05-01T22:28:21Z] [INFO] 📦 Components pushed to Tolaria: 5
[2026-05-01T22:28:21Z] [SECTION] ============================================================
[2026-05-01T22:28:21Z] [INFO] 🧩 PHASE: COMPOSER - DOMAIN INTEGRATION SYNTHESIS
[2026-05-01T22:28:21Z] [INFO] 🎨 Domain integrations synthesized: 0
[2026-05-01T22:28:21Z] [SECTION] ============================================================
[2026-05-01T22:28:21Z] [INFO] 🚀 PHASE: ADVANCED OVERNIGHT LOOP
[2026-05-01T22:28:21Z] [INFO] 🔬 Advanced loop completed cycles: 0
[2026-05-01T22:28:21Z] [WARNING] ⚠️  Git commit skipped or failed (git not initialized?): Command '['git', '-C', '/home/avalonas/.hermes/gematria/unified_overnight_research', 'add', '.']' returned non-zero exit status 128.
[2026-05-01T22:28:21Z] [INFO] 
📊 CYCLE #151 SUMMARY
[2026-05-01T22:28:21Z] [INFO] ✅ Successful tasks: 7/7
[2026-05-01T22:28:21Z] [INFO] ⏱️  Cycle duration: 1.73s
[2026-05-01T22:28:21Z] [INFO]    ⚠️ task: result
[2026-05-01T22:28:21Z] [INFO]    ⚠️ task: result
[2026-05-01T22:28:21Z] [INFO]    ⚠️ task: result
[2026-05-01T22:28:21Z] [INFO]    ⚠️ task: result
[2026-05-01T22:28:21Z] [INFO]    ⚠️ task: result
[2026-05-01T22:28:21Z] [INFO]    ⚠️ task: result
[2026-05-01T22:28:21Z] [INFO]    ⚠️ task: result
[2026-05-01T22:28:21Z] [HEADER] ================================================================================
[2026-05-01T22:28:21Z] [INFO] 🔄 OVERNIGHT RESEARCH PIPELINE - CYCLE #152
[2026-05-01T22:28:21Z] [INFO] ================================================================================
[2026-05-01T22:28:21Z] [HEADER] ============================================================
[2026-05-01T22:28:21Z] [INFO] 🌙 STARTING OVERNIGHT RESEARCH CYCLE #152
[2026-05-01T22:28:21Z] [INFO] 🔍 Running overnight research protocol (web scraping + cross-symbol analysis)...
[2026-05-01T22:28:22Z] [INFO] 📊 Cycle duration: 0.61s, Files generated: 0
[2026-05-01T22:28:22Z] [INFO] 💾 Database updated with cycle results
[2026-05-01T22:28:22Z] [SECTION] ============================================================
[2026-05-01T22:28:22Z] [INFO] 🔮 PHASE: HIDDEN LAYERING DETECTION
[2026-05-01T22:28:22Z] [INFO] 🔗 Hidden layering detection complete. Connections identified: 2
[2026-05-01T22:28:22Z] [SECTION] ============================================================
[2026-05-01T22:28:22Z] [INFO] 🔬 PHASE: DOMAIN CORRELATION ANALYSIS
[2026-05-01T22:28:22Z] [INFO] 📊 Domain correlation matrices created: 1
[2026-05-01T22:28:22Z] [SECTION] ============================================================
[2026-05-01T22:28:22Z] [INFO] 🖼️  PHASE: IMAGE-SEED ANALYSIS
[2026-05-01T22:28:22Z] [INFO] 📂 Image seed analysis bootstrapping from 0 images...
[2026-05-01T22:28:22Z] [SECTION] ============================================================
[2026-05-01T22:28:22Z] [INFO] 📤 PHASE: PUSH COMPONENTS TO TOLARIA
[2026-05-01T22:28:23Z] [INFO] 📦 Components pushed to Tolaria: 5
[2026-05-01T22:28:23Z] [SECTION] ============================================================
[2026-05-01T22:28:23Z] [INFO] 🧩 PHASE: COMPOSER - DOMAIN INTEGRATION SYNTHESIS
[2026-05-01T22:28:23Z] [INFO] 🎨 Domain integrations synthesized: 0
[2026-05-01T22:28:23Z] [SECTION] ============================================================
[2026-05-01T22:28:23Z] [INFO] 🚀 PHASE: ADVANCED OVERNIGHT LOOP
[2026-05-01T22:28:23Z] [INFO] 🔬 Advanced loop completed cycles: 0
[2026-05-01T22:28:23Z] [WARNING] ⚠️  Git commit skipped or failed (git not initialized?): Command '['git', '-C', '/home/avalonas/.hermes/gematria/unified_overnight_research', 'add', '.']' returned non-zero exit status 128.
[2026-05-01T22:28:23Z] [INFO] 
📊 CYCLE #152 SUMMARY
[2026-05-01T22:28:23Z] [INFO] ✅ Successful tasks: 7/7
[2026-05-01T22:28:23Z] [INFO] ⏱️  Cycle duration: 1.77s
[2026-05-01T22:28:23Z] [INFO]    ⚠️ task: result
[2026-05-01T22:28:23Z] [INFO]    ⚠️ task: result
[2026-05-01T22:28:23Z] [INFO]    ⚠️ task: result
[2026-05-01T22:28:23Z] [INFO]    ⚠️ task: result
[2026-05-01T22:28:23Z] [INFO]    ⚠️ task: result
[2026-05-01T22:28:23Z] [INFO]    ⚠️ task: result
[2026-05-01T22:28:23Z] [INFO]    ⚠️ task: result
[2026-05-01T22:28:23Z] [HEADER] ================================================================================
[2026-05-01T22:28:23Z] [INFO] 🔄 OVERNIGHT RESEARCH PIPELINE - CYCLE #153
[2026-05-01T22:28:23Z] [INFO] ================================================================================
[2026-05-01T22:28:23Z] [HEADER] ============================================================
[2026-05-01T22:28:23Z] [INFO] 🌙 STARTING OVERNIGHT RESEARCH CYCLE #153
[2026-05-01T22:28:23Z] [INFO] 🔍 Running overnight research protocol (web scraping + cross-symbol analysis)...
[2026-05-01T22:28:23Z] [INFO] 📊 Cycle duration: 0.47s, Files generated: 0
[2026-05-01T22:28:23Z] [INFO] 💾 Database updated with cycle results
[2026-05-01T22:28:23Z] [SECTION] ============================================================
[2026-05-01T22:28:23Z] [INFO] 🔮 PHASE: HIDDEN LAYERING DETECTION
[2026-05-01T22:28:24Z] [INFO] 🔗 Hidden layering detection complete. Connections identified: 2
[2026-05-01T22:28:24Z] [SECTION] ============================================================
[2026-05-01T22:28:24Z] [INFO] 🔬 PHASE: DOMAIN CORRELATION ANALYSIS
[2026-05-01T22:28:24Z] [INFO] 📊 Domain correlation matrices created: 1
[2026-05-01T22:28:24Z] [SECTION] ============================================================
[2026-05-01T22:28:24Z] [INFO] 🖼️  PHASE: IMAGE-SEED ANALYSIS
[2026-05-01T22:28:24Z] [INFO] 📂 Image seed analysis bootstrapping from 0 images...
[2026-05-01T22:28:24Z] [SECTION] ============================================================
[2026-05-01T22:28:24Z] [INFO] 📤 PHASE: PUSH COMPONENTS TO TOLARIA
[2026-05-01T22:28:24Z] [INFO] 📦 Components pushed to Tolaria: 5
[2026-05-01T22:28:24Z] [SECTION] ============================================================
[2026-05-01T22:28:24Z] [INFO] 🧩 PHASE: COMPOSER - DOMAIN INTEGRATION SYNTHESIS
[2026-05-01T22:28:24Z] [INFO] 🎨 Domain integrations synthesized: 0
[2026-05-01T22:28:24Z] [SECTION] ============================================================
[2026-05-01T22:28:24Z] [INFO] 🚀 PHASE: ADVANCED OVERNIGHT LOOP
[2026-05-01T22:28:25Z] [INFO] 🔬 Advanced loop completed cycles: 0
[2026-05-01T22:28:25Z] [WARNING] ⚠️  Git commit skipped or failed (git not initialized?): Command '['git', '-C', '/home/avalonas/.hermes/gematria/unified_overnight_research', 'add', '.']' returned non-zero exit status 128.
[2026-05-01T22:28:25Z] [INFO] 
📊 CYCLE #153 SUMMARY
[2026-05-01T22:28:25Z] [INFO] ✅ Successful tasks: 7/7
[2026-05-01T22:28:25Z] [INFO] ⏱️  Cycle duration: 1.54s
[2026-05-01T22:28:25Z] [INFO]    ⚠️ task: result
[2026-05-01T22:28:25Z] [INFO]    ⚠️ task: result
[2026-05-01T22:28:25Z] [INFO]    ⚠️ task: result
[2026-05-01T22:28:25Z] [INFO]    ⚠️ task: result
[2026-05-01T22:28:25Z] [INFO]    ⚠️ task: result
[2026-05-01T22:28:25Z] [INFO]    ⚠️ task: result
[2026-05-01T22:28:25Z] [INFO]    ⚠️ task: result
[2026-05-01T22:28:25Z] [HEADER] ================================================================================
[2026-05-01T22:28:25Z] [INFO] 🔄 OVERNIGHT RESEARCH PIPELINE - CYCLE #154
[2026-05-01T22:28:25Z] [INFO] ================================================================================
[2026-05-01T22:28:25Z] [HEADER] ============================================================
[2026-05-01T22:28:25Z] [INFO] 🌙 STARTING OVERNIGHT RESEARCH CYCLE #154
[2026-05-01T22:28:25Z] [INFO] 🔍 Running overnight research protocol (web scraping + cross-symbol analysis)...
[2026-05-01T22:28:25Z] [INFO] 📊 Cycle duration: 0.61s, Files generated: 0
[2026-05-01T22:28:25Z] [INFO] 💾 Database updated with cycle results
[2026-05-01T22:28:25Z] [SECTION] ============================================================
[2026-05-01T22:28:25Z] [INFO] 🔮 PHASE: HIDDEN LAYERING DETECTION
[2026-05-01T22:28:25Z] [INFO] 🔗 Hidden layering detection complete. Connections identified: 2
[2026-05-01T22:28:25Z] [SECTION] ============================================================
[2026-05-01T22:28:25Z] [INFO] 🔬 PHASE: DOMAIN CORRELATION ANALYSIS
[2026-05-01T22:28:25Z] [INFO] 📊 Domain correlation matrices created: 1
[2026-05-01T22:28:25Z] [SECTION] ============================================================
[2026-05-01T22:28:25Z] [INFO] 🖼️  PHASE: IMAGE-SEED ANALYSIS
[2026-05-01T22:28:25Z] [INFO] 📂 Image seed analysis bootstrapping from 0 images...
[2026-05-01T22:28:25Z] [SECTION] ============================================================
[2026-05-01T22:28:25Z] [INFO] 📤 PHASE: PUSH COMPONENTS TO TOLARIA
[2026-05-01T22:28:26Z] [INFO] 📦 Components pushed to Tolaria: 5
[2026-05-01T22:28:26Z] [SECTION] ============================================================
[2026-05-01T22:28:26Z] [INFO] 🧩 PHASE: COMPOSER - DOMAIN INTEGRATION SYNTHESIS
[2026-05-01T22:28:26Z] [INFO] 🎨 Domain integrations synthesized: 0
[2026-05-01T22:28:26Z] [SECTION] ============================================================
[2026-05-01T22:28:26Z] [INFO] 🚀 PHASE: ADVANCED OVERNIGHT LOOP
[2026-05-01T22:28:26Z] [INFO] 🔬 Advanced loop completed cycles: 0
[2026-05-01T22:28:26Z] [WARNING] ⚠️  Git commit skipped or failed (git not initialized?): Command '['git', '-C', '/home/avalonas/.hermes/gematria/unified_overnight_research', 'add', '.']' returned non-zero exit status 128.
[2026-05-01T22:28:26Z] [INFO] 
📊 CYCLE #154 SUMMARY
[2026-05-01T22:28:26Z] [INFO] ✅ Successful tasks: 7/7
[2026-05-01T22:28:26Z] [INFO] ⏱️  Cycle duration: 1.75s
[2026-05-01T22:28:26Z] [INFO]    ⚠️ task: result
[2026-05-01T22:28:26Z] [INFO]    ⚠️ task: result
[2026-05-01T22:28:26Z] [INFO]    ⚠️ task: result
[2026-05-01T22:28:26Z] [INFO]    ⚠️ task: result
[2026-05-01T22:28:26Z] [INFO]    ⚠️ task: result
[2026-05-01T22:28:26Z] [INFO]    ⚠️ task: result
[2026-05-01T22:28:26Z] [INFO]    ⚠️ task: result
[2026-05-01T22:28:26Z] [HEADER] ================================================================================
[2026-05-01T22:28:26Z] [INFO] 🔄 OVERNIGHT RESEARCH PIPELINE - CYCLE #155
[2026-05-01T22:28:26Z] [INFO] ================================================================================
[2026-05-01T22:28:26Z] [HEADER] ============================================================
[2026-05-01T22:28:26Z] [INFO] 🌙 STARTING OVERNIGHT RESEARCH CYCLE #155
[2026-05-01T22:28:26Z] [INFO] 🔍 Running overnight research protocol (web scraping + cross-symbol analysis)...
[2026-05-01T22:28:27Z] [INFO] 📊 Cycle duration: 0.59s, Files generated: 0
[2026-05-01T22:28:27Z] [INFO] 💾 Database updated with cycle results
[2026-05-01T22:28:27Z] [SECTION] ============================================================
[2026-05-01T22:28:27Z] [INFO] 🔮 PHASE: HIDDEN LAYERING DETECTION
[2026-05-01T22:28:27Z] [INFO] 🔗 Hidden layering detection complete. Connections identified: 2
[2026-05-01T22:28:27Z] [SECTION] ============================================================
[2026-05-01T22:28:27Z] [INFO] 🔬 PHASE: DOMAIN CORRELATION ANALYSIS
[2026-05-01T22:28:27Z] [INFO] 📊 Domain correlation matrices created: 1
[2026-05-01T22:28:27Z] [SECTION] ============================================================
[2026-05-01T22:28:27Z] [INFO] 🖼️  PHASE: IMAGE-SEED ANALYSIS
[2026-05-01T22:28:27Z] [INFO] 📂 Image seed analysis bootstrapping from 0 images...
[2026-05-01T22:28:27Z] [SECTION] ============================================================
[2026-05-01T22:28:27Z] [INFO] 📤 PHASE: PUSH COMPONENTS TO TOLARIA
[2026-05-01T22:28:28Z] [INFO] 📦 Components pushed to Tolaria: 5
[2026-05-01T22:28:28Z] [SECTION] ============================================================
[2026-05-01T22:28:28Z] [INFO] 🧩 PHASE: COMPOSER - DOMAIN INTEGRATION SYNTHESIS
[2026-05-01T22:28:28Z] [INFO] 🎨 Domain integrations synthesized: 0
[2026-05-01T22:28:28Z] [SECTION] ============================================================
[2026-05-01T22:28:28Z] [INFO] 🚀 PHASE: ADVANCED OVERNIGHT LOOP
[2026-05-01T22:28:28Z] [INFO] 🔬 Advanced loop completed cycles: 0
[2026-05-01T22:28:28Z] [WARNING] ⚠️  Git commit skipped or failed (git not initialized?): Command '['git', '-C', '/home/avalonas/.hermes/gematria/unified_overnight_research', 'add', '.']' returned non-zero exit status 128.
[2026-05-01T22:28:28Z] [INFO] 
📊 CYCLE #155 SUMMARY
[2026-05-01T22:28:28Z] [INFO] ✅ Successful tasks: 7/7
[2026-05-01T22:28:28Z] [INFO] ⏱️  Cycle duration: 1.75s
[2026-05-01T22:28:28Z] [INFO]    ⚠️ task: result
[2026-05-01T22:28:28Z] [INFO]    ⚠️ task: result
[2026-05-01T22:28:28Z] [INFO]    ⚠️ task: result
[2026-05-01T22:28:28Z] [INFO]    ⚠️ task: result
[2026-05-01T22:28:28Z] [INFO]    ⚠️ task: result
[2026-05-01T22:28:28Z] [INFO]    ⚠️ task: result
[2026-05-01T22:28:28Z] [INFO]    ⚠️ task: result
[2026-05-01T22:28:28Z] [HEADER] ================================================================================
[2026-05-01T22:28:28Z] [INFO] 🔄 OVERNIGHT RESEARCH PIPELINE - CYCLE #156
[2026-05-01T22:28:28Z] [INFO] ================================================================================
[2026-05-01T22:28:28Z] [HEADER] ============================================================
[2026-05-01T22:28:28Z] [INFO] 🌙 STARTING OVERNIGHT RESEARCH CYCLE #156
[2026-05-01T22:28:28Z] [INFO] 🔍 Running overnight research protocol (web scraping + cross-symbol analysis)...
[2026-05-01T22:28:29Z] [INFO] 📊 Cycle duration: 0.60s, Files generated: 0
[2026-05-01T22:28:29Z] [INFO] 💾 Database updated with cycle results
[2026-05-01T22:28:29Z] [SECTION] ============================================================
[2026-05-01T22:28:29Z] [INFO] 🔮 PHASE: HIDDEN LAYERING DETECTION
[2026-05-01T22:28:29Z] [INFO] 🔗 Hidden layering detection complete. Connections identified: 2
[2026-05-01T22:28:29Z] [SECTION] ============================================================
[2026-05-01T22:28:29Z] [INFO] 🔬 PHASE: DOMAIN CORRELATION ANALYSIS
[2026-05-01T22:28:29Z] [INFO] 📊 Domain correlation matrices created: 1
[2026-05-01T22:28:29Z] [SECTION] ============================================================
[2026-05-01T22:28:29Z] [INFO] 🖼️  PHASE: IMAGE-SEED ANALYSIS
[2026-05-01T22:28:29Z] [INFO] 📂 Image seed analysis bootstrapping from 0 images...
[2026-05-01T22:28:29Z] [SECTION] ============================================================
[2026-05-01T22:28:29Z] [INFO] 📤 PHASE: PUSH COMPONENTS TO TOLARIA
[2026-05-01T22:28:29Z] [INFO] 📦 Components pushed to Tolaria: 5
[2026-05-01T22:28:29Z] [SECTION] ============================================================
[2026-05-01T22:28:29Z] [INFO] 🧩 PHASE: COMPOSER - DOMAIN INTEGRATION SYNTHESIS
[2026-05-01T22:28:30Z] [INFO] 🎨 Domain integrations synthesized: 0
[2026-05-01T22:28:30Z] [SECTION] ============================================================
[2026-05-01T22:28:30Z] [INFO] 🚀 PHASE: ADVANCED OVERNIGHT LOOP
[2026-05-01T22:28:30Z] [INFO] 🔬 Advanced loop completed cycles: 0
[2026-05-01T22:28:30Z] [WARNING] ⚠️  Git commit skipped or failed (git not initialized?): Command '['git', '-C', '/home/avalonas/.hermes/gematria/unified_overnight_research', 'add', '.']' returned non-zero exit status 128.
[2026-05-01T22:28:30Z] [INFO] 
📊 CYCLE #156 SUMMARY
[2026-05-01T22:28:30Z] [INFO] ✅ Successful tasks: 7/7
[2026-05-01T22:28:30Z] [INFO] ⏱️  Cycle duration: 1.74s
[2026-05-01T22:28:30Z] [INFO]    ⚠️ task: result
[2026-05-01T22:28:30Z] [INFO]    ⚠️ task: result
[2026-05-01T22:28:30Z] [INFO]    ⚠️ task: result
[2026-05-01T22:28:30Z] [INFO]    ⚠️ task: result
[2026-05-01T22:28:30Z] [INFO]    ⚠️ task: result
[2026-05-01T22:28:30Z] [INFO]    ⚠️ task: result
[2026-05-01T22:28:30Z] [INFO]    ⚠️ task: result
[2026-05-01T22:28:30Z] [HEADER] ================================================================================
[2026-05-01T22:28:30Z] [INFO] 🔄 OVERNIGHT RESEARCH PIPELINE - CYCLE #157
[2026-05-01T22:28:30Z] [INFO] ================================================================================
[2026-05-01T22:28:30Z] [HEADER] ============================================================
[2026-05-01T22:28:30Z] [INFO] 🌙 STARTING OVERNIGHT RESEARCH CYCLE #157
[2026-05-01T22:28:30Z] [INFO] 🔍 Running overnight research protocol (web scraping + cross-symbol analysis)...
[2026-05-01T22:28:30Z] [INFO] 📊 Cycle duration: 0.45s, Files generated: 0
[2026-05-01T22:28:30Z] [INFO] 💾 Database updated with cycle results
[2026-05-01T22:28:30Z] [SECTION] ============================================================
[2026-05-01T22:28:30Z] [INFO] 🔮 PHASE: HIDDEN LAYERING DETECTION
[2026-05-01T22:28:30Z] [INFO] 🔗 Hidden layering detection complete. Connections identified: 2
[2026-05-01T22:28:30Z] [SECTION] ============================================================
[2026-05-01T22:28:30Z] [INFO] 🔬 PHASE: DOMAIN CORRELATION ANALYSIS
[2026-05-01T22:28:30Z] [INFO] 📊 Domain correlation matrices created: 1
[2026-05-01T22:28:30Z] [SECTION] ============================================================
[2026-05-01T22:28:30Z] [INFO] 🖼️  PHASE: IMAGE-SEED ANALYSIS
[2026-05-01T22:28:30Z] [INFO] 📂 Image seed analysis bootstrapping from 0 images...
[2026-05-01T22:28:30Z] [SECTION] ============================================================
[2026-05-01T22:28:30Z] [INFO] 📤 PHASE: PUSH COMPONENTS TO TOLARIA
[2026-05-01T22:28:31Z] [INFO] 📦 Components pushed to Tolaria: 5
[2026-05-01T22:28:31Z] [SECTION] ============================================================
[2026-05-01T22:28:31Z] [INFO] 🧩 PHASE: COMPOSER - DOMAIN INTEGRATION SYNTHESIS
[2026-05-01T22:28:31Z] [INFO] 🎨 Domain integrations synthesized: 0
[2026-05-01T22:28:31Z] [SECTION] ============================================================
[2026-05-01T22:28:31Z] [INFO] 🚀 PHASE: ADVANCED OVERNIGHT LOOP
[2026-05-01T22:28:31Z] [INFO] 🔬 Advanced loop completed cycles: 0
[2026-05-01T22:28:31Z] [WARNING] ⚠️  Git commit skipped or failed (git not initialized?): Command '['git', '-C', '/home/avalonas/.hermes/gematria/unified_overnight_research', 'add', '.']' returned non-zero exit status 128.
[2026-05-01T22:28:31Z] [INFO] 
📊 CYCLE #157 SUMMARY
[2026-05-01T22:28:31Z] [INFO] ✅ Successful tasks: 7/7
[2026-05-01T22:28:31Z] [INFO] ⏱️  Cycle duration: 1.60s
[2026-05-01T22:28:31Z] [INFO]    ⚠️ task: result
[2026-05-01T22:28:31Z] [INFO]    ⚠️ task: result
[2026-05-01T22:28:31Z] [INFO]    ⚠️ task: result
[2026-05-01T22:28:31Z] [INFO]    ⚠️ task: result
[2026-05-01T22:28:31Z] [INFO]    ⚠️ task: result
[2026-05-01T22:28:31Z] [INFO]    ⚠️ task: result
[2026-05-01T22:28:31Z] [INFO]    ⚠️ task: result
[2026-05-01T22:28:31Z] [HEADER] ================================================================================
[2026-05-01T22:28:31Z] [INFO] 🔄 OVERNIGHT RESEARCH PIPELINE - CYCLE #158
[2026-05-01T22:28:31Z] [INFO] ================================================================================
[2026-05-01T22:28:31Z] [HEADER] ============================================================
[2026-05-01T22:28:31Z] [INFO] 🌙 STARTING OVERNIGHT RESEARCH CYCLE #158
[2026-05-01T22:28:31Z] [INFO] 🔍 Running overnight research protocol (web scraping + cross-symbol analysis)...
[2026-05-01T22:28:32Z] [INFO] 📊 Cycle duration: 0.57s, Files generated: 0
[2026-05-01T22:28:32Z] [INFO] 💾 Database updated with cycle results
[2026-05-01T22:28:32Z] [SECTION] ============================================================
[2026-05-01T22:28:32Z] [INFO] 🔮 PHASE: HIDDEN LAYERING DETECTION
[2026-05-01T22:28:32Z] [INFO] 🔗 Hidden layering detection complete. Connections identified: 2
[2026-05-01T22:28:32Z] [SECTION] ============================================================
[2026-05-01T22:28:32Z] [INFO] 🔬 PHASE: DOMAIN CORRELATION ANALYSIS
[2026-05-01T22:28:32Z] [INFO] 📊 Domain correlation matrices created: 1
[2026-05-01T22:28:32Z] [SECTION] ============================================================
[2026-05-01T22:28:32Z] [INFO] 🖼️  PHASE: IMAGE-SEED ANALYSIS
[2026-05-01T22:28:32Z] [INFO] 📂 Image seed analysis bootstrapping from 0 images...
[2026-05-01T22:28:32Z] [SECTION] ============================================================
[2026-05-01T22:28:32Z] [INFO] 📤 PHASE: PUSH COMPONENTS TO TOLARIA
[2026-05-01T22:28:33Z] [INFO] 📦 Components pushed to Tolaria: 5
[2026-05-01T22:28:33Z] [SECTION] ============================================================
[2026-05-01T22:28:33Z] [INFO] 🧩 PHASE: COMPOSER - DOMAIN INTEGRATION SYNTHESIS
[2026-05-01T22:28:33Z] [INFO] 🎨 Domain integrations synthesized: 0
[2026-05-01T22:28:33Z] [SECTION] ============================================================
[2026-05-01T22:28:33Z] [INFO] 🚀 PHASE: ADVANCED OVERNIGHT LOOP
[2026-05-01T22:28:33Z] [INFO] 🔬 Advanced loop completed cycles: 0
[2026-05-01T22:28:33Z] [WARNING] ⚠️  Git commit skipped or failed (git not initialized?): Command '['git', '-C', '/home/avalonas/.hermes/gematria/unified_overnight_research', 'add', '.']' returned non-zero exit status 128.
[2026-05-01T22:28:33Z] [INFO] 
📊 CYCLE #158 SUMMARY
[2026-05-01T22:28:33Z] [INFO] ✅ Successful tasks: 7/7
[2026-05-01T22:28:33Z] [INFO] ⏱️  Cycle duration: 1.83s
[2026-05-01T22:28:33Z] [INFO]    ⚠️ task: result
[2026-05-01T22:28:33Z] [INFO]    ⚠️ task: result
[2026-05-01T22:28:33Z] [INFO]    ⚠️ task: result
[2026-05-01T22:28:33Z] [INFO]    ⚠️ task: result
[2026-05-01T22:28:33Z] [INFO]    ⚠️ task: result
[2026-05-01T22:28:33Z] [INFO]    ⚠️ task: result
[2026-05-01T22:28:33Z] [INFO]    ⚠️ task: result
[2026-05-01T22:28:33Z] [HEADER] ================================================================================
[2026-05-01T22:28:33Z] [INFO] 🔄 OVERNIGHT RESEARCH PIPELINE - CYCLE #159
[2026-05-01T22:28:33Z] [INFO] ================================================================================
[2026-05-01T22:28:33Z] [HEADER] ============================================================
[2026-05-01T22:28:33Z] [INFO] 🌙 STARTING OVERNIGHT RESEARCH CYCLE #159
[2026-05-01T22:28:33Z] [INFO] 🔍 Running overnight research protocol (web scraping + cross-symbol analysis)...
[2026-05-01T22:28:34Z] [INFO] 📊 Cycle duration: 0.64s, Files generated: 0
[2026-05-01T22:28:34Z] [INFO] 💾 Database updated with cycle results
[2026-05-01T22:28:34Z] [SECTION] ============================================================
[2026-05-01T22:28:34Z] [INFO] 🔮 PHASE: HIDDEN LAYERING DETECTION
[2026-05-01T22:28:34Z] [INFO] 🔗 Hidden layering detection complete. Connections identified: 2
[2026-05-01T22:28:34Z] [SECTION] ============================================================
[2026-05-01T22:28:34Z] [INFO] 🔬 PHASE: DOMAIN CORRELATION ANALYSIS
[2026-05-01T22:28:34Z] [INFO] 📊 Domain correlation matrices created: 1
[2026-05-01T22:28:34Z] [SECTION] ============================================================
[2026-05-01T22:28:34Z] [INFO] 🖼️  PHASE: IMAGE-SEED ANALYSIS
[2026-05-01T22:28:34Z] [INFO] 📂 Image seed analysis bootstrapping from 0 images...
[2026-05-01T22:28:34Z] [SECTION] ============================================================
[2026-05-01T22:28:34Z] [INFO] 📤 PHASE: PUSH COMPONENTS TO TOLARIA
[2026-05-01T22:28:35Z] [INFO] 📦 Components pushed to Tolaria: 5
[2026-05-01T22:28:35Z] [SECTION] ============================================================
[2026-05-01T22:28:35Z] [INFO] 🧩 PHASE: COMPOSER - DOMAIN INTEGRATION SYNTHESIS
[2026-05-01T22:28:35Z] [INFO] 🎨 Domain integrations synthesized: 0
[2026-05-01T22:28:35Z] [SECTION] ============================================================
[2026-05-01T22:28:35Z] [INFO] 🚀 PHASE: ADVANCED OVERNIGHT LOOP
[2026-05-01T22:28:35Z] [INFO] 🔬 Advanced loop completed cycles: 0
[2026-05-01T22:28:35Z] [WARNING] ⚠️  Git commit skipped or failed (git not initialized?): Command '['git', '-C', '/home/avalonas/.hermes/gematria/unified_overnight_research', 'add', '.']' returned non-zero exit status 128.
[2026-05-01T22:28:35Z] [INFO] 
📊 CYCLE #159 SUMMARY
[2026-05-01T22:28:35Z] [INFO] ✅ Successful tasks: 7/7
[2026-05-01T22:28:35Z] [INFO] ⏱️  Cycle duration: 1.73s
[2026-05-01T22:28:35Z] [INFO]    ⚠️ task: result
[2026-05-01T22:28:35Z] [INFO]    ⚠️ task: result
[2026-05-01T22:28:35Z] [INFO]    ⚠️ task: result
[2026-05-01T22:28:35Z] [INFO]    ⚠️ task: result
[2026-05-01T22:28:35Z] [INFO]    ⚠️ task: result
[2026-05-01T22:28:35Z] [INFO]    ⚠️ task: result
[2026-05-01T22:28:35Z] [INFO]    ⚠️ task: result
[2026-05-01T22:28:35Z] [HEADER] ================================================================================
[2026-05-01T22:28:35Z] [INFO] 🔄 OVERNIGHT RESEARCH PIPELINE - CYCLE #160
[2026-05-01T22:28:35Z] [INFO] ================================================================================
[2026-05-01T22:28:35Z] [HEADER] ============================================================
[2026-05-01T22:28:35Z] [INFO] 🌙 STARTING OVERNIGHT RESEARCH CYCLE #160
[2026-05-01T22:28:35Z] [INFO] 🔍 Running overnight research protocol (web scraping + cross-symbol analysis)...
[2026-05-01T22:28:35Z] [INFO] 📊 Cycle duration: 0.46s, Files generated: 0
[2026-05-01T22:28:35Z] [INFO] 💾 Database updated with cycle results
[2026-05-01T22:28:35Z] [SECTION] ============================================================
[2026-05-01T22:28:35Z] [INFO] 🔮 PHASE: HIDDEN LAYERING DETECTION
[2026-05-01T22:28:35Z] [INFO] 🔗 Hidden layering detection complete. Connections identified: 2
[2026-05-01T22:28:35Z] [SECTION] ============================================================
[2026-05-01T22:28:35Z] [INFO] 🔬 PHASE: DOMAIN CORRELATION ANALYSIS
[2026-05-01T22:28:35Z] [INFO] 📊 Domain correlation matrices created: 1
[2026-05-01T22:28:35Z] [SECTION] ============================================================
[2026-05-01T22:28:35Z] [INFO] 🖼️  PHASE: IMAGE-SEED ANALYSIS
[2026-05-01T22:28:35Z] [INFO] 📂 Image seed analysis bootstrapping from 0 images...
[2026-05-01T22:28:35Z] [SECTION] ============================================================
[2026-05-01T22:28:35Z] [INFO] 📤 PHASE: PUSH COMPONENTS TO TOLARIA
[2026-05-01T22:28:36Z] [INFO] 📦 Components pushed to Tolaria: 5
[2026-05-01T22:28:36Z] [SECTION] ============================================================
[2026-05-01T22:28:36Z] [INFO] 🧩 PHASE: COMPOSER - DOMAIN INTEGRATION SYNTHESIS
[2026-05-01T22:28:36Z] [INFO] 🎨 Domain integrations synthesized: 0
[2026-05-01T22:28:36Z] [SECTION] ============================================================
[2026-05-01T22:28:36Z] [INFO] 🚀 PHASE: ADVANCED OVERNIGHT LOOP
[2026-05-01T22:28:36Z] [INFO] 🔬 Advanced loop completed cycles: 0
[2026-05-01T22:28:36Z] [WARNING] ⚠️  Git commit skipped or failed (git not initialized?): Command '['git', '-C', '/home/avalonas/.hermes/gematria/unified_overnight_research', 'add', '.']' returned non-zero exit status 128.
[2026-05-01T22:28:36Z] [INFO] 
📊 CYCLE #160 SUMMARY
[2026-05-01T22:28:36Z] [INFO] ✅ Successful tasks: 7/7
[2026-05-01T22:28:36Z] [INFO] ⏱️  Cycle duration: 1.44s
[2026-05-01T22:28:36Z] [INFO]    ⚠️ task: result
[2026-05-01T22:28:36Z] [INFO]    ⚠️ task: result
[2026-05-01T22:28:36Z] [INFO]    ⚠️ task: result
[2026-05-01T22:28:36Z] [INFO]    ⚠️ task: result
[2026-05-01T22:28:36Z] [INFO]    ⚠️ task: result
[2026-05-01T22:28:36Z] [INFO]    ⚠️ task: result
[2026-05-01T22:28:36Z] [INFO]    ⚠️ task: result
[2026-05-01T22:28:36Z] [HEADER] ================================================================================
[2026-05-01T22:28:36Z] [INFO] 🔄 OVERNIGHT RESEARCH PIPELINE - CYCLE #161
[2026-05-01T22:28:36Z] [INFO] ================================================================================
[2026-05-01T22:28:36Z] [HEADER] ============================================================
[2026-05-01T22:28:36Z] [INFO] 🌙 STARTING OVERNIGHT RESEARCH CYCLE #161
[2026-05-01T22:28:36Z] [INFO] 🔍 Running overnight research protocol (web scraping + cross-symbol analysis)...
[2026-05-01T22:28:37Z] [INFO] 📊 Cycle duration: 0.57s, Files generated: 0
[2026-05-01T22:28:37Z] [INFO] 💾 Database updated with cycle results
[2026-05-01T22:28:37Z] [SECTION] ============================================================
[2026-05-01T22:28:37Z] [INFO] 🔮 PHASE: HIDDEN LAYERING DETECTION
[2026-05-01T22:28:37Z] [INFO] 🔗 Hidden layering detection complete. Connections identified: 2
[2026-05-01T22:28:37Z] [SECTION] ============================================================
[2026-05-01T22:28:37Z] [INFO] 🔬 PHASE: DOMAIN CORRELATION ANALYSIS
[2026-05-01T22:28:37Z] [INFO] 📊 Domain correlation matrices created: 1
[2026-05-01T22:28:37Z] [SECTION] ============================================================
[2026-05-01T22:28:37Z] [INFO] 🖼️  PHASE: IMAGE-SEED ANALYSIS
[2026-05-01T22:28:37Z] [INFO] 📂 Image seed analysis bootstrapping from 0 images...
[2026-05-01T22:28:37Z] [SECTION] ============================================================
[2026-05-01T22:28:37Z] [INFO] 📤 PHASE: PUSH COMPONENTS TO TOLARIA
[2026-05-01T22:28:38Z] [INFO] 📦 Components pushed to Tolaria: 5
[2026-05-01T22:28:38Z] [SECTION] ============================================================
[2026-05-01T22:28:38Z] [INFO] 🧩 PHASE: COMPOSER - DOMAIN INTEGRATION SYNTHESIS
[2026-05-01T22:28:38Z] [INFO] 🎨 Domain integrations synthesized: 0
[2026-05-01T22:28:38Z] [SECTION] ============================================================
[2026-05-01T22:28:38Z] [INFO] 🚀 PHASE: ADVANCED OVERNIGHT LOOP
[2026-05-01T22:28:38Z] [INFO] 🔬 Advanced loop completed cycles: 0
[2026-05-01T22:28:38Z] [WARNING] ⚠️  Git commit skipped or failed (git not initialized?): Command '['git', '-C', '/home/avalonas/.hermes/gematria/unified_overnight_research', 'add', '.']' returned non-zero exit status 128.
[2026-05-01T22:28:38Z] [INFO] 
📊 CYCLE #161 SUMMARY
[2026-05-01T22:28:38Z] [INFO] ✅ Successful tasks: 7/7
[2026-05-01T22:28:38Z] [INFO] ⏱️  Cycle duration: 1.62s
[2026-05-01T22:28:38Z] [INFO]    ⚠️ task: result
[2026-05-01T22:28:38Z] [INFO]    ⚠️ task: result
[2026-05-01T22:28:38Z] [INFO]    ⚠️ task: result
[2026-05-01T22:28:38Z] [INFO]    ⚠️ task: result
[2026-05-01T22:28:38Z] [INFO]    ⚠️ task: result
[2026-05-01T22:28:38Z] [INFO]    ⚠️ task: result
[2026-05-01T22:28:38Z] [INFO]    ⚠️ task: result
[2026-05-01T22:28:38Z] [HEADER] ================================================================================
[2026-05-01T22:28:38Z] [INFO] 🔄 OVERNIGHT RESEARCH PIPELINE - CYCLE #162
[2026-05-01T22:28:38Z] [INFO] ================================================================================
[2026-05-01T22:28:38Z] [HEADER] ============================================================
[2026-05-01T22:28:38Z] [INFO] 🌙 STARTING OVERNIGHT RESEARCH CYCLE #162
[2026-05-01T22:28:38Z] [INFO] 🔍 Running overnight research protocol (web scraping + cross-symbol analysis)...
[2026-05-01T22:28:39Z] [INFO] 📊 Cycle duration: 0.58s, Files generated: 0
[2026-05-01T22:28:39Z] [INFO] 💾 Database updated with cycle results
[2026-05-01T22:28:39Z] [SECTION] ============================================================
[2026-05-01T22:28:39Z] [INFO] 🔮 PHASE: HIDDEN LAYERING DETECTION
[2026-05-01T22:28:39Z] [INFO] 🔗 Hidden layering detection complete. Connections identified: 2
[2026-05-01T22:28:39Z] [SECTION] ============================================================
[2026-05-01T22:28:39Z] [INFO] 🔬 PHASE: DOMAIN CORRELATION ANALYSIS
[2026-05-01T22:28:39Z] [INFO] 📊 Domain correlation matrices created: 1
[2026-05-01T22:28:39Z] [SECTION] ============================================================
[2026-05-01T22:28:39Z] [INFO] 🖼️  PHASE: IMAGE-SEED ANALYSIS
[2026-05-01T22:28:39Z] [INFO] 📂 Image seed analysis bootstrapping from 0 images...
[2026-05-01T22:28:39Z] [SECTION] ============================================================
[2026-05-01T22:28:39Z] [INFO] 📤 PHASE: PUSH COMPONENTS TO TOLARIA
[2026-05-01T22:28:39Z] [INFO] 📦 Components pushed to Tolaria: 5
[2026-05-01T22:28:39Z] [SECTION] ============================================================
[2026-05-01T22:28:39Z] [INFO] 🧩 PHASE: COMPOSER - DOMAIN INTEGRATION SYNTHESIS
[2026-05-01T22:28:39Z] [INFO] 🎨 Domain integrations synthesized: 0
[2026-05-01T22:28:39Z] [SECTION] ============================================================
[2026-05-01T22:28:39Z] [INFO] 🚀 PHASE: ADVANCED OVERNIGHT LOOP
[2026-05-01T22:28:39Z] [INFO] 🔬 Advanced loop completed cycles: 0
[2026-05-01T22:28:40Z] [WARNING] ⚠️  Git commit skipped or failed (git not initialized?): Command '['git', '-C', '/home/avalonas/.hermes/gematria/unified_overnight_research', 'add', '.']' returned non-zero exit status 128.
[2026-05-01T22:28:40Z] [INFO] 
📊 CYCLE #162 SUMMARY
[2026-05-01T22:28:40Z] [INFO] ✅ Successful tasks: 7/7
[2026-05-01T22:28:40Z] [INFO] ⏱️  Cycle duration: 1.60s
[2026-05-01T22:28:40Z] [INFO]    ⚠️ task: result
[2026-05-01T22:28:40Z] [INFO]    ⚠️ task: result
[2026-05-01T22:28:40Z] [INFO]    ⚠️ task: result
[2026-05-01T22:28:40Z] [INFO]    ⚠️ task: result
[2026-05-01T22:28:40Z] [INFO]    ⚠️ task: result
[2026-05-01T22:28:40Z] [INFO]    ⚠️ task: result
[2026-05-01T22:28:40Z] [INFO]    ⚠️ task: result
[2026-05-01T22:28:40Z] [HEADER] ================================================================================
[2026-05-01T22:28:40Z] [INFO] 🔄 OVERNIGHT RESEARCH PIPELINE - CYCLE #163
[2026-05-01T22:28:40Z] [INFO] ================================================================================
[2026-05-01T22:28:40Z] [HEADER] ============================================================
[2026-05-01T22:28:40Z] [INFO] 🌙 STARTING OVERNIGHT RESEARCH CYCLE #163
[2026-05-01T22:28:40Z] [INFO] 🔍 Running overnight research protocol (web scraping + cross-symbol analysis)...
[2026-05-01T22:28:40Z] [INFO] 📊 Cycle duration: 0.61s, Files generated: 0
[2026-05-01T22:28:40Z] [INFO] 💾 Database updated with cycle results
[2026-05-01T22:28:40Z] [SECTION] ============================================================
[2026-05-01T22:28:40Z] [INFO] 🔮 PHASE: HIDDEN LAYERING DETECTION
[2026-05-01T22:28:40Z] [INFO] 🔗 Hidden layering detection complete. Connections identified: 2
[2026-05-01T22:28:40Z] [SECTION] ============================================================
[2026-05-01T22:28:40Z] [INFO] 🔬 PHASE: DOMAIN CORRELATION ANALYSIS
[2026-05-01T22:28:40Z] [INFO] 📊 Domain correlation matrices created: 1
[2026-05-01T22:28:40Z] [SECTION] ============================================================
[2026-05-01T22:28:40Z] [INFO] 🖼️  PHASE: IMAGE-SEED ANALYSIS
[2026-05-01T22:28:40Z] [INFO] 📂 Image seed analysis bootstrapping from 0 images...
[2026-05-01T22:28:40Z] [SECTION] ============================================================
[2026-05-01T22:28:40Z] [INFO] 📤 PHASE: PUSH COMPONENTS TO TOLARIA
[2026-05-01T22:28:41Z] [INFO] 📦 Components pushed to Tolaria: 5
[2026-05-01T22:28:41Z] [SECTION] ============================================================
[2026-05-01T22:28:41Z] [INFO] 🧩 PHASE: COMPOSER - DOMAIN INTEGRATION SYNTHESIS
[2026-05-01T22:28:41Z] [INFO] 🎨 Domain integrations synthesized: 0
[2026-05-01T22:28:41Z] [SECTION] ============================================================
[2026-05-01T22:28:41Z] [INFO] 🚀 PHASE: ADVANCED OVERNIGHT LOOP
[2026-05-01T22:28:41Z] [INFO] 🔬 Advanced loop completed cycles: 0
[2026-05-01T22:28:41Z] [WARNING] ⚠️  Git commit skipped or failed (git not initialized?): Command '['git', '-C', '/home/avalonas/.hermes/gematria/unified_overnight_research', 'add', '.']' returned non-zero exit status 128.
[2026-05-01T22:28:41Z] [INFO] 
📊 CYCLE #163 SUMMARY
[2026-05-01T22:28:41Z] [INFO] ✅ Successful tasks: 7/7
[2026-05-01T22:28:41Z] [INFO] ⏱️  Cycle duration: 1.63s
[2026-05-01T22:28:41Z] [INFO]    ⚠️ task: result
[2026-05-01T22:28:41Z] [INFO]    ⚠️ task: result
[2026-05-01T22:28:41Z] [INFO]    ⚠️ task: result
[2026-05-01T22:28:41Z] [INFO]    ⚠️ task: result
[2026-05-01T22:28:41Z] [INFO]    ⚠️ task: result
[2026-05-01T22:28:41Z] [INFO]    ⚠️ task: result
[2026-05-01T22:28:41Z] [INFO]    ⚠️ task: result
[2026-05-01T22:28:41Z] [HEADER] ================================================================================
[2026-05-01T22:28:41Z] [INFO] 🔄 OVERNIGHT RESEARCH PIPELINE - CYCLE #164
[2026-05-01T22:28:41Z] [INFO] ================================================================================
[2026-05-01T22:28:41Z] [HEADER] ============================================================
[2026-05-01T22:28:41Z] [INFO] 🌙 STARTING OVERNIGHT RESEARCH CYCLE #164
[2026-05-01T22:28:41Z] [INFO] 🔍 Running overnight research protocol (web scraping + cross-symbol analysis)...
[2026-05-01T22:28:42Z] [INFO] 📊 Cycle duration: 0.61s, Files generated: 0
[2026-05-01T22:28:42Z] [INFO] 💾 Database updated with cycle results
[2026-05-01T22:28:42Z] [SECTION] ============================================================
[2026-05-01T22:28:42Z] [INFO] 🔮 PHASE: HIDDEN LAYERING DETECTION
[2026-05-01T22:28:42Z] [INFO] 🔗 Hidden layering detection complete. Connections identified: 2
[2026-05-01T22:28:42Z] [SECTION] ============================================================
[2026-05-01T22:28:42Z] [INFO] 🔬 PHASE: DOMAIN CORRELATION ANALYSIS
[2026-05-01T22:28:42Z] [INFO] 📊 Domain correlation matrices created: 1
[2026-05-01T22:28:42Z] [SECTION] ============================================================
[2026-05-01T22:28:42Z] [INFO] 🖼️  PHASE: IMAGE-SEED ANALYSIS
[2026-05-01T22:28:42Z] [INFO] 📂 Image seed analysis bootstrapping from 0 images...
[2026-05-01T22:28:42Z] [SECTION] ============================================================
[2026-05-01T22:28:42Z] [INFO] 📤 PHASE: PUSH COMPONENTS TO TOLARIA
[2026-05-01T22:28:43Z] [INFO] 📦 Components pushed to Tolaria: 5
[2026-05-01T22:28:43Z] [SECTION] ============================================================
[2026-05-01T22:28:43Z] [INFO] 🧩 PHASE: COMPOSER - DOMAIN INTEGRATION SYNTHESIS
[2026-05-01T22:28:43Z] [INFO] 🎨 Domain integrations synthesized: 0
[2026-05-01T22:28:43Z] [SECTION] ============================================================
[2026-05-01T22:28:43Z] [INFO] 🚀 PHASE: ADVANCED OVERNIGHT LOOP
[2026-05-01T22:28:43Z] [INFO] 🔬 Advanced loop completed cycles: 0
[2026-05-01T22:28:43Z] [WARNING] ⚠️  Git commit skipped or failed (git not initialized?): Command '['git', '-C', '/home/avalonas/.hermes/gematria/unified_overnight_research', 'add', '.']' returned non-zero exit status 128.
[2026-05-01T22:28:43Z] [INFO] 
📊 CYCLE #164 SUMMARY
[2026-05-01T22:28:43Z] [INFO] ✅ Successful tasks: 7/7
[2026-05-01T22:28:43Z] [INFO] ⏱️  Cycle duration: 1.62s
[2026-05-01T22:28:43Z] [INFO]    ⚠️ task: result
[2026-05-01T22:28:43Z] [INFO]    ⚠️ task: result
[2026-05-01T22:28:43Z] [INFO]    ⚠️ task: result
[2026-05-01T22:28:43Z] [INFO]    ⚠️ task: result
[2026-05-01T22:28:43Z] [INFO]    ⚠️ task: result
[2026-05-01T22:28:43Z] [INFO]    ⚠️ task: result
[2026-05-01T22:28:43Z] [INFO]    ⚠️ task: result
[2026-05-01T22:28:43Z] [HEADER] ================================================================================
[2026-05-01T22:28:43Z] [INFO] 🔄 OVERNIGHT RESEARCH PIPELINE - CYCLE #165
[2026-05-01T22:28:43Z] [INFO] ================================================================================
[2026-05-01T22:28:43Z] [HEADER] ============================================================
[2026-05-01T22:28:43Z] [INFO] 🌙 STARTING OVERNIGHT RESEARCH CYCLE #165
[2026-05-01T22:28:43Z] [INFO] 🔍 Running overnight research protocol (web scraping + cross-symbol analysis)...
[2026-05-01T22:28:43Z] [INFO] 📊 Cycle duration: 0.56s, Files generated: 0
[2026-05-01T22:28:43Z] [INFO] 💾 Database updated with cycle results
[2026-05-01T22:28:43Z] [SECTION] ============================================================
[2026-05-01T22:28:43Z] [INFO] 🔮 PHASE: HIDDEN LAYERING DETECTION
[2026-05-01T22:28:43Z] [INFO] 🔗 Hidden layering detection complete. Connections identified: 2
[2026-05-01T22:28:43Z] [SECTION] ============================================================
[2026-05-01T22:28:43Z] [INFO] 🔬 PHASE: DOMAIN CORRELATION ANALYSIS
[2026-05-01T22:28:43Z] [INFO] 📊 Domain correlation matrices created: 1
[2026-05-01T22:28:43Z] [SECTION] ============================================================
[2026-05-01T22:28:43Z] [INFO] 🖼️  PHASE: IMAGE-SEED ANALYSIS
[2026-05-01T22:28:43Z] [INFO] 📂 Image seed analysis bootstrapping from 0 images...
[2026-05-01T22:28:43Z] [SECTION] ============================================================
[2026-05-01T22:28:43Z] [INFO] 📤 PHASE: PUSH COMPONENTS TO TOLARIA
[2026-05-01T22:28:44Z] [INFO] 📦 Components pushed to Tolaria: 5
[2026-05-01T22:28:44Z] [SECTION] ============================================================
[2026-05-01T22:28:44Z] [INFO] 🧩 PHASE: COMPOSER - DOMAIN INTEGRATION SYNTHESIS
[2026-05-01T22:28:44Z] [INFO] 🎨 Domain integrations synthesized: 0
[2026-05-01T22:28:44Z] [SECTION] ============================================================
[2026-05-01T22:28:44Z] [INFO] 🚀 PHASE: ADVANCED OVERNIGHT LOOP
[2026-05-01T22:28:44Z] [INFO] 🔬 Advanced loop completed cycles: 0
[2026-05-01T22:28:45Z] [WARNING] ⚠️  Git commit skipped or failed (git not initialized?): Command '['git', '-C', '/home/avalonas/.hermes/gematria/unified_overnight_research', 'add', '.']' returned non-zero exit status 128.
[2026-05-01T22:28:45Z] [INFO] 
📊 CYCLE #165 SUMMARY
[2026-05-01T22:28:45Z] [INFO] ✅ Successful tasks: 7/7
[2026-05-01T22:28:45Z] [INFO] ⏱️  Cycle duration: 1.73s
[2026-05-01T22:28:45Z] [INFO]    ⚠️ task: result
[2026-05-01T22:28:45Z] [INFO]    ⚠️ task: result
[2026-05-01T22:28:45Z] [INFO]    ⚠️ task: result
[2026-05-01T22:28:45Z] [INFO]    ⚠️ task: result
[2026-05-01T22:28:45Z] [INFO]    ⚠️ task: result
[2026-05-01T22:28:45Z] [INFO]    ⚠️ task: result
[2026-05-01T22:28:45Z] [INFO]    ⚠️ task: result
[2026-05-01T22:28:45Z] [HEADER] ================================================================================
[2026-05-01T22:28:45Z] [INFO] 🔄 OVERNIGHT RESEARCH PIPELINE - CYCLE #166
[2026-05-01T22:28:45Z] [INFO] ================================================================================
[2026-05-01T22:28:45Z] [HEADER] ============================================================
[2026-05-01T22:28:45Z] [INFO] 🌙 STARTING OVERNIGHT RESEARCH CYCLE #166
[2026-05-01T22:28:45Z] [INFO] 🔍 Running overnight research protocol (web scraping + cross-symbol analysis)...
[2026-05-01T22:28:45Z] [INFO] 📊 Cycle duration: 0.45s, Files generated: 0
[2026-05-01T22:28:45Z] [INFO] 💾 Database updated with cycle results
[2026-05-01T22:28:45Z] [SECTION] ============================================================
[2026-05-01T22:28:45Z] [INFO] 🔮 PHASE: HIDDEN LAYERING DETECTION
[2026-05-01T22:28:45Z] [INFO] 🔗 Hidden layering detection complete. Connections identified: 2
[2026-05-01T22:28:45Z] [SECTION] ============================================================
[2026-05-01T22:28:45Z] [INFO] 🔬 PHASE: DOMAIN CORRELATION ANALYSIS
[2026-05-01T22:28:45Z] [INFO] 📊 Domain correlation matrices created: 1
[2026-05-01T22:28:45Z] [SECTION] ============================================================
[2026-05-01T22:28:45Z] [INFO] 🖼️  PHASE: IMAGE-SEED ANALYSIS
[2026-05-01T22:28:45Z] [INFO] 📂 Image seed analysis bootstrapping from 0 images...
[2026-05-01T22:28:45Z] [SECTION] ============================================================
[2026-05-01T22:28:45Z] [INFO] 📤 PHASE: PUSH COMPONENTS TO TOLARIA
[2026-05-01T22:28:46Z] [INFO] 📦 Components pushed to Tolaria: 5
[2026-05-01T22:28:46Z] [SECTION] ============================================================
[2026-05-01T22:28:46Z] [INFO] 🧩 PHASE: COMPOSER - DOMAIN INTEGRATION SYNTHESIS
[2026-05-01T22:28:46Z] [INFO] 🎨 Domain integrations synthesized: 0
[2026-05-01T22:28:46Z] [SECTION] ============================================================
[2026-05-01T22:28:46Z] [INFO] 🚀 PHASE: ADVANCED OVERNIGHT LOOP
[2026-05-01T22:28:46Z] [INFO] 🔬 Advanced loop completed cycles: 0
[2026-05-01T22:28:46Z] [WARNING] ⚠️  Git commit skipped or failed (git not initialized?): Command '['git', '-C', '/home/avalonas/.hermes/gematria/unified_overnight_research', 'add', '.']' returned non-zero exit status 128.
[2026-05-01T22:28:46Z] [INFO] 
📊 CYCLE #166 SUMMARY
[2026-05-01T22:28:46Z] [INFO] ✅ Successful tasks: 7/7
[2026-05-01T22:28:46Z] [INFO] ⏱️  Cycle duration: 1.58s
[2026-05-01T22:28:46Z] [INFO]    ⚠️ task: result
[2026-05-01T22:28:46Z] [INFO]    ⚠️ task: result
[2026-05-01T22:28:46Z] [INFO]    ⚠️ task: result
[2026-05-01T22:28:46Z] [INFO]    ⚠️ task: result
[2026-05-01T22:28:46Z] [INFO]    ⚠️ task: result
[2026-05-01T22:28:46Z] [INFO]    ⚠️ task: result
[2026-05-01T22:28:46Z] [INFO]    ⚠️ task: result
[2026-05-01T22:28:46Z] [HEADER] ================================================================================
[2026-05-01T22:28:46Z] [INFO] 🔄 OVERNIGHT RESEARCH PIPELINE - CYCLE #167
[2026-05-01T22:28:46Z] [INFO] ================================================================================
[2026-05-01T22:28:46Z] [HEADER] ============================================================
[2026-05-01T22:28:46Z] [INFO] 🌙 STARTING OVERNIGHT RESEARCH CYCLE #167
[2026-05-01T22:28:46Z] [INFO] 🔍 Running overnight research protocol (web scraping + cross-symbol analysis)...
[2026-05-01T22:28:47Z] [INFO] 📊 Cycle duration: 0.45s, Files generated: 0
[2026-05-01T22:28:47Z] [INFO] 💾 Database updated with cycle results
[2026-05-01T22:28:47Z] [SECTION] ============================================================
[2026-05-01T22:28:47Z] [INFO] 🔮 PHASE: HIDDEN LAYERING DETECTION
[2026-05-01T22:28:47Z] [INFO] 🔗 Hidden layering detection complete. Connections identified: 2
[2026-05-01T22:28:47Z] [SECTION] ============================================================
[2026-05-01T22:28:47Z] [INFO] 🔬 PHASE: DOMAIN CORRELATION ANALYSIS
[2026-05-01T22:28:47Z] [INFO] 📊 Domain correlation matrices created: 1
[2026-05-01T22:28:47Z] [SECTION] ============================================================
[2026-05-01T22:28:47Z] [INFO] 🖼️  PHASE: IMAGE-SEED ANALYSIS
[2026-05-01T22:28:47Z] [INFO] 📂 Image seed analysis bootstrapping from 0 images...
[2026-05-01T22:28:47Z] [SECTION] ============================================================
[2026-05-01T22:28:47Z] [INFO] 📤 PHASE: PUSH COMPONENTS TO TOLARIA
[2026-05-01T22:28:47Z] [INFO] 📦 Components pushed to Tolaria: 5
[2026-05-01T22:28:47Z] [SECTION] ============================================================
[2026-05-01T22:28:47Z] [INFO] 🧩 PHASE: COMPOSER - DOMAIN INTEGRATION SYNTHESIS
[2026-05-01T22:28:48Z] [INFO] 🎨 Domain integrations synthesized: 0
[2026-05-01T22:28:48Z] [SECTION] ============================================================
[2026-05-01T22:28:48Z] [INFO] 🚀 PHASE: ADVANCED OVERNIGHT LOOP
[2026-05-01T22:28:48Z] [INFO] 🔬 Advanced loop completed cycles: 0
[2026-05-01T22:28:48Z] [WARNING] ⚠️  Git commit skipped or failed (git not initialized?): Command '['git', '-C', '/home/avalonas/.hermes/gematria/unified_overnight_research', 'add', '.']' returned non-zero exit status 128.
[2026-05-01T22:28:48Z] [INFO] 
📊 CYCLE #167 SUMMARY
[2026-05-01T22:28:48Z] [INFO] ✅ Successful tasks: 7/7
[2026-05-01T22:28:48Z] [INFO] ⏱️  Cycle duration: 1.49s
[2026-05-01T22:28:48Z] [INFO]    ⚠️ task: result
[2026-05-01T22:28:48Z] [INFO]    ⚠️ task: result
[2026-05-01T22:28:48Z] [INFO]    ⚠️ task: result
[2026-05-01T22:28:48Z] [INFO]    ⚠️ task: result
[2026-05-01T22:28:48Z] [INFO]    ⚠️ task: result
[2026-05-01T22:28:48Z] [INFO]    ⚠️ task: result
[2026-05-01T22:28:48Z] [INFO]    ⚠️ task: result
[2026-05-01T22:28:48Z] [HEADER] ================================================================================
[2026-05-01T22:28:48Z] [INFO] 🔄 OVERNIGHT RESEARCH PIPELINE - CYCLE #168
[2026-05-01T22:28:48Z] [INFO] ================================================================================
[2026-05-01T22:28:48Z] [HEADER] ============================================================
[2026-05-01T22:28:48Z] [INFO] 🌙 STARTING OVERNIGHT RESEARCH CYCLE #168
[2026-05-01T22:28:48Z] [INFO] 🔍 Running overnight research protocol (web scraping + cross-symbol analysis)...
[2026-05-01T22:28:48Z] [INFO] 📊 Cycle duration: 0.45s, Files generated: 0
[2026-05-01T22:28:48Z] [INFO] 💾 Database updated with cycle results
[2026-05-01T22:28:48Z] [SECTION] ============================================================
[2026-05-01T22:28:48Z] [INFO] 🔮 PHASE: HIDDEN LAYERING DETECTION
[2026-05-01T22:28:48Z] [INFO] 🔗 Hidden layering detection complete. Connections identified: 2
[2026-05-01T22:28:48Z] [SECTION] ============================================================
[2026-05-01T22:28:48Z] [INFO] 🔬 PHASE: DOMAIN CORRELATION ANALYSIS
[2026-05-01T22:28:48Z] [INFO] 📊 Domain correlation matrices created: 1
[2026-05-01T22:28:48Z] [SECTION] ============================================================
[2026-05-01T22:28:48Z] [INFO] 🖼️  PHASE: IMAGE-SEED ANALYSIS
[2026-05-01T22:28:48Z] [INFO] 📂 Image seed analysis bootstrapping from 0 images...
[2026-05-01T22:28:48Z] [SECTION] ============================================================
[2026-05-01T22:28:48Z] [INFO] 📤 PHASE: PUSH COMPONENTS TO TOLARIA
[2026-05-01T22:28:49Z] [INFO] 📦 Components pushed to Tolaria: 5
[2026-05-01T22:28:49Z] [SECTION] ============================================================
[2026-05-01T22:28:49Z] [INFO] 🧩 PHASE: COMPOSER - DOMAIN INTEGRATION SYNTHESIS
[2026-05-01T22:28:49Z] [INFO] 🎨 Domain integrations synthesized: 0
[2026-05-01T22:28:49Z] [SECTION] ============================================================
[2026-05-01T22:28:49Z] [INFO] 🚀 PHASE: ADVANCED OVERNIGHT LOOP
[2026-05-01T22:28:49Z] [INFO] 🔬 Advanced loop completed cycles: 0
[2026-05-01T22:28:49Z] [WARNING] ⚠️  Git commit skipped or failed (git not initialized?): Command '['git', '-C', '/home/avalonas/.hermes/gematria/unified_overnight_research', 'add', '.']' returned non-zero exit status 128.
[2026-05-01T22:28:49Z] [INFO] 
📊 CYCLE #168 SUMMARY
[2026-05-01T22:28:49Z] [INFO] ✅ Successful tasks: 7/7
[2026-05-01T22:28:49Z] [INFO] ⏱️  Cycle duration: 1.63s
[2026-05-01T22:28:49Z] [INFO]    ⚠️ task: result
[2026-05-01T22:28:49Z] [INFO]    ⚠️ task: result
[2026-05-01T22:28:49Z] [INFO]    ⚠️ task: result
[2026-05-01T22:28:49Z] [INFO]    ⚠️ task: result
[2026-05-01T22:28:49Z] [INFO]    ⚠️ task: result
[2026-05-01T22:28:49Z] [INFO]    ⚠️ task: result
[2026-05-01T22:28:49Z] [INFO]    ⚠️ task: result
[2026-05-01T22:28:49Z] [HEADER] ================================================================================
[2026-05-01T22:28:49Z] [INFO] 🔄 OVERNIGHT RESEARCH PIPELINE - CYCLE #169
[2026-05-01T22:28:49Z] [INFO] ================================================================================
[2026-05-01T22:28:49Z] [HEADER] ============================================================
[2026-05-01T22:28:49Z] [INFO] 🌙 STARTING OVERNIGHT RESEARCH CYCLE #169
[2026-05-01T22:28:49Z] [INFO] 🔍 Running overnight research protocol (web scraping + cross-symbol analysis)...
[2026-05-01T22:28:50Z] [INFO] 📊 Cycle duration: 0.45s, Files generated: 0
[2026-05-01T22:28:50Z] [INFO] 💾 Database updated with cycle results
[2026-05-01T22:28:50Z] [SECTION] ============================================================
[2026-05-01T22:28:50Z] [INFO] 🔮 PHASE: HIDDEN LAYERING DETECTION
[2026-05-01T22:28:50Z] [INFO] 🔗 Hidden layering detection complete. Connections identified: 2
[2026-05-01T22:28:50Z] [SECTION] ============================================================
[2026-05-01T22:28:50Z] [INFO] 🔬 PHASE: DOMAIN CORRELATION ANALYSIS
[2026-05-01T22:28:50Z] [INFO] 📊 Domain correlation matrices created: 1
[2026-05-01T22:28:50Z] [SECTION] ============================================================
[2026-05-01T22:28:50Z] [INFO] 🖼️  PHASE: IMAGE-SEED ANALYSIS
[2026-05-01T22:28:50Z] [INFO] 📂 Image seed analysis bootstrapping from 0 images...
[2026-05-01T22:28:50Z] [SECTION] ============================================================
[2026-05-01T22:28:50Z] [INFO] 📤 PHASE: PUSH COMPONENTS TO TOLARIA
[2026-05-01T22:28:51Z] [INFO] 📦 Components pushed to Tolaria: 5
[2026-05-01T22:28:51Z] [SECTION] ============================================================
[2026-05-01T22:28:51Z] [INFO] 🧩 PHASE: COMPOSER - DOMAIN INTEGRATION SYNTHESIS
[2026-05-01T22:28:51Z] [INFO] 🎨 Domain integrations synthesized: 0
[2026-05-01T22:28:51Z] [SECTION] ============================================================
[2026-05-01T22:28:51Z] [INFO] 🚀 PHASE: ADVANCED OVERNIGHT LOOP
[2026-05-01T22:28:51Z] [INFO] 🔬 Advanced loop completed cycles: 0
[2026-05-01T22:28:51Z] [WARNING] ⚠️  Git commit skipped or failed (git not initialized?): Command '['git', '-C', '/home/avalonas/.hermes/gematria/unified_overnight_research', 'add', '.']' returned non-zero exit status 128.
[2026-05-01T22:28:51Z] [INFO] 
📊 CYCLE #169 SUMMARY
[2026-05-01T22:28:51Z] [INFO] ✅ Successful tasks: 7/7
[2026-05-01T22:28:51Z] [INFO] ⏱️  Cycle duration: 1.61s
[2026-05-01T22:28:51Z] [INFO]    ⚠️ task: result
[2026-05-01T22:28:51Z] [INFO]    ⚠️ task: result
[2026-05-01T22:28:51Z] [INFO]    ⚠️ task: result
[2026-05-01T22:28:51Z] [INFO]    ⚠️ task: result
[2026-05-01T22:28:51Z] [INFO]    ⚠️ task: result
[2026-05-01T22:28:51Z] [INFO]    ⚠️ task: result
[2026-05-01T22:28:51Z] [INFO]    ⚠️ task: result
[2026-05-01T22:28:51Z] [HEADER] ================================================================================
[2026-05-01T22:28:51Z] [INFO] 🔄 OVERNIGHT RESEARCH PIPELINE - CYCLE #170
[2026-05-01T22:28:51Z] [INFO] ================================================================================
[2026-05-01T22:28:51Z] [HEADER] ============================================================
[2026-05-01T22:28:51Z] [INFO] 🌙 STARTING OVERNIGHT RESEARCH CYCLE #170
[2026-05-01T22:28:51Z] [INFO] 🔍 Running overnight research protocol (web scraping + cross-symbol analysis)...
[2026-05-01T22:28:51Z] [INFO] 📊 Cycle duration: 0.45s, Files generated: 0
[2026-05-01T22:28:51Z] [INFO] 💾 Database updated with cycle results
[2026-05-01T22:28:51Z] [SECTION] ============================================================
[2026-05-01T22:28:51Z] [INFO] 🔮 PHASE: HIDDEN LAYERING DETECTION
[2026-05-01T22:28:51Z] [INFO] 🔗 Hidden layering detection complete. Connections identified: 2
[2026-05-01T22:28:51Z] [SECTION] ============================================================
[2026-05-01T22:28:51Z] [INFO] 🔬 PHASE: DOMAIN CORRELATION ANALYSIS
[2026-05-01T22:28:51Z] [INFO] 📊 Domain correlation matrices created: 1
[2026-05-01T22:28:51Z] [SECTION] ============================================================
[2026-05-01T22:28:51Z] [INFO] 🖼️  PHASE: IMAGE-SEED ANALYSIS
[2026-05-01T22:28:51Z] [INFO] 📂 Image seed analysis bootstrapping from 0 images...
[2026-05-01T22:28:51Z] [SECTION] ============================================================
[2026-05-01T22:28:51Z] [INFO] 📤 PHASE: PUSH COMPONENTS TO TOLARIA
[2026-05-01T22:28:52Z] [INFO] 📦 Components pushed to Tolaria: 5
[2026-05-01T22:28:52Z] [SECTION] ============================================================
[2026-05-01T22:28:52Z] [INFO] 🧩 PHASE: COMPOSER - DOMAIN INTEGRATION SYNTHESIS
[2026-05-01T22:28:52Z] [INFO] 🎨 Domain integrations synthesized: 0
[2026-05-01T22:28:52Z] [SECTION] ============================================================
[2026-05-01T22:28:52Z] [INFO] 🚀 PHASE: ADVANCED OVERNIGHT LOOP
[2026-05-01T22:28:52Z] [INFO] 🔬 Advanced loop completed cycles: 0
[2026-05-01T22:28:52Z] [WARNING] ⚠️  Git commit skipped or failed (git not initialized?): Command '['git', '-C', '/home/avalonas/.hermes/gematria/unified_overnight_research', 'add', '.']' returned non-zero exit status 128.
[2026-05-01T22:28:52Z] [INFO] 
📊 CYCLE #170 SUMMARY
[2026-05-01T22:28:52Z] [INFO] ✅ Successful tasks: 7/7
[2026-05-01T22:28:52Z] [INFO] ⏱️  Cycle duration: 1.55s
[2026-05-01T22:28:52Z] [INFO]    ⚠️ task: result
[2026-05-01T22:28:52Z] [INFO]    ⚠️ task: result
[2026-05-01T22:28:52Z] [INFO]    ⚠️ task: result
[2026-05-01T22:28:52Z] [INFO]    ⚠️ task: result
[2026-05-01T22:28:52Z] [INFO]    ⚠️ task: result
[2026-05-01T22:28:52Z] [INFO]    ⚠️ task: result
[2026-05-01T22:28:52Z] [INFO]    ⚠️ task: result
[2026-05-01T22:28:52Z] [HEADER] ================================================================================
[2026-05-01T22:28:52Z] [INFO] 🔄 OVERNIGHT RESEARCH PIPELINE - CYCLE #171
[2026-05-01T22:28:52Z] [INFO] ================================================================================
[2026-05-01T22:28:52Z] [HEADER] ============================================================
[2026-05-01T22:28:52Z] [INFO] 🌙 STARTING OVERNIGHT RESEARCH CYCLE #171
[2026-05-01T22:28:52Z] [INFO] 🔍 Running overnight research protocol (web scraping + cross-symbol analysis)...
[2026-05-01T22:28:53Z] [INFO] 📊 Cycle duration: 0.57s, Files generated: 0
[2026-05-01T22:28:53Z] [INFO] 💾 Database updated with cycle results
[2026-05-01T22:28:53Z] [SECTION] ============================================================
[2026-05-01T22:28:53Z] [INFO] 🔮 PHASE: HIDDEN LAYERING DETECTION
[2026-05-01T22:28:53Z] [INFO] 🔗 Hidden layering detection complete. Connections identified: 2
[2026-05-01T22:28:53Z] [SECTION] ============================================================
[2026-05-01T22:28:53Z] [INFO] 🔬 PHASE: DOMAIN CORRELATION ANALYSIS
[2026-05-01T22:28:53Z] [INFO] 📊 Domain correlation matrices created: 1
[2026-05-01T22:28:53Z] [SECTION] ============================================================
[2026-05-01T22:28:53Z] [INFO] 🖼️  PHASE: IMAGE-SEED ANALYSIS
[2026-05-01T22:28:53Z] [INFO] 📂 Image seed analysis bootstrapping from 0 images...
[2026-05-01T22:28:53Z] [SECTION] ============================================================
[2026-05-01T22:28:53Z] [INFO] 📤 PHASE: PUSH COMPONENTS TO TOLARIA
[2026-05-01T22:28:54Z] [INFO] 📦 Components pushed to Tolaria: 5
[2026-05-01T22:28:54Z] [SECTION] ============================================================
[2026-05-01T22:28:54Z] [INFO] 🧩 PHASE: COMPOSER - DOMAIN INTEGRATION SYNTHESIS
[2026-05-01T22:28:54Z] [INFO] 🎨 Domain integrations synthesized: 0
[2026-05-01T22:28:54Z] [SECTION] ============================================================
[2026-05-01T22:28:54Z] [INFO] 🚀 PHASE: ADVANCED OVERNIGHT LOOP
[2026-05-01T22:28:54Z] [INFO] 🔬 Advanced loop completed cycles: 0
[2026-05-01T22:28:54Z] [WARNING] ⚠️  Git commit skipped or failed (git not initialized?): Command '['git', '-C', '/home/avalonas/.hermes/gematria/unified_overnight_research', 'add', '.']' returned non-zero exit status 128.
[2026-05-01T22:28:54Z] [INFO] 
📊 CYCLE #171 SUMMARY
[2026-05-01T22:28:54Z] [INFO] ✅ Successful tasks: 7/7
[2026-05-01T22:28:54Z] [INFO] ⏱️  Cycle duration: 1.58s
[2026-05-01T22:28:54Z] [INFO]    ⚠️ task: result
[2026-05-01T22:28:54Z] [INFO]    ⚠️ task: result
[2026-05-01T22:28:54Z] [INFO]    ⚠️ task: result
[2026-05-01T22:28:54Z] [INFO]    ⚠️ task: result
[2026-05-01T22:28:54Z] [INFO]    ⚠️ task: result
[2026-05-01T22:28:54Z] [INFO]    ⚠️ task: result
[2026-05-01T22:28:54Z] [INFO]    ⚠️ task: result
[2026-05-01T22:28:54Z] [HEADER] ================================================================================
[2026-05-01T22:28:54Z] [INFO] 🔄 OVERNIGHT RESEARCH PIPELINE - CYCLE #172
[2026-05-01T22:28:54Z] [INFO] ================================================================================
[2026-05-01T22:28:54Z] [HEADER] ============================================================
[2026-05-01T22:28:54Z] [INFO] 🌙 STARTING OVERNIGHT RESEARCH CYCLE #172
[2026-05-01T22:28:54Z] [INFO] 🔍 Running overnight research protocol (web scraping + cross-symbol analysis)...
[2026-05-01T22:28:54Z] [INFO] 📊 Cycle duration: 0.44s, Files generated: 0
[2026-05-01T22:28:54Z] [INFO] 💾 Database updated with cycle results
[2026-05-01T22:28:54Z] [SECTION] ============================================================
[2026-05-01T22:28:54Z] [INFO] 🔮 PHASE: HIDDEN LAYERING DETECTION
[2026-05-01T22:28:54Z] [INFO] 🔗 Hidden layering detection complete. Connections identified: 2
[2026-05-01T22:28:54Z] [SECTION] ============================================================
[2026-05-01T22:28:54Z] [INFO] 🔬 PHASE: DOMAIN CORRELATION ANALYSIS
[2026-05-01T22:28:55Z] [INFO] 📊 Domain correlation matrices created: 1
[2026-05-01T22:28:55Z] [SECTION] ============================================================
[2026-05-01T22:28:55Z] [INFO] 🖼️  PHASE: IMAGE-SEED ANALYSIS
[2026-05-01T22:28:55Z] [INFO] 📂 Image seed analysis bootstrapping from 0 images...
[2026-05-01T22:28:55Z] [SECTION] ============================================================
[2026-05-01T22:28:55Z] [INFO] 📤 PHASE: PUSH COMPONENTS TO TOLARIA
[2026-05-01T22:28:55Z] [INFO] 📦 Components pushed to Tolaria: 5
[2026-05-01T22:28:55Z] [SECTION] ============================================================
[2026-05-01T22:28:55Z] [INFO] 🧩 PHASE: COMPOSER - DOMAIN INTEGRATION SYNTHESIS
[2026-05-01T22:28:55Z] [INFO] 🎨 Domain integrations synthesized: 0
[2026-05-01T22:28:55Z] [SECTION] ============================================================
[2026-05-01T22:28:55Z] [INFO] 🚀 PHASE: ADVANCED OVERNIGHT LOOP
[2026-05-01T22:28:56Z] [INFO] 🔬 Advanced loop completed cycles: 0
[2026-05-01T22:28:56Z] [WARNING] ⚠️  Git commit skipped or failed (git not initialized?): Command '['git', '-C', '/home/avalonas/.hermes/gematria/unified_overnight_research', 'add', '.']' returned non-zero exit status 128.
[2026-05-01T22:28:56Z] [INFO] 
📊 CYCLE #172 SUMMARY
[2026-05-01T22:28:56Z] [INFO] ✅ Successful tasks: 7/7
[2026-05-01T22:28:56Z] [INFO] ⏱️  Cycle duration: 1.61s
[2026-05-01T22:28:56Z] [INFO]    ⚠️ task: result
[2026-05-01T22:28:56Z] [INFO]    ⚠️ task: result
[2026-05-01T22:28:56Z] [INFO]    ⚠️ task: result
[2026-05-01T22:28:56Z] [INFO]    ⚠️ task: result
[2026-05-01T22:28:56Z] [INFO]    ⚠️ task: result
[2026-05-01T22:28:56Z] [INFO]    ⚠️ task: result
[2026-05-01T22:28:56Z] [INFO]    ⚠️ task: result
[2026-05-01T22:28:56Z] [HEADER] ================================================================================
[2026-05-01T22:28:56Z] [INFO] 🔄 OVERNIGHT RESEARCH PIPELINE - CYCLE #173
[2026-05-01T22:28:56Z] [INFO] ================================================================================
[2026-05-01T22:28:56Z] [HEADER] ============================================================
[2026-05-01T22:28:56Z] [INFO] 🌙 STARTING OVERNIGHT RESEARCH CYCLE #173
[2026-05-01T22:28:56Z] [INFO] 🔍 Running overnight research protocol (web scraping + cross-symbol analysis)...
[2026-05-01T22:28:56Z] [INFO] 📊 Cycle duration: 0.45s, Files generated: 0
[2026-05-01T22:28:56Z] [INFO] 💾 Database updated with cycle results
[2026-05-01T22:28:56Z] [SECTION] ============================================================
[2026-05-01T22:28:56Z] [INFO] 🔮 PHASE: HIDDEN LAYERING DETECTION
[2026-05-01T22:28:56Z] [INFO] 🔗 Hidden layering detection complete. Connections identified: 2
[2026-05-01T22:28:56Z] [SECTION] ============================================================
[2026-05-01T22:28:56Z] [INFO] 🔬 PHASE: DOMAIN CORRELATION ANALYSIS
[2026-05-01T22:28:56Z] [INFO] 📊 Domain correlation matrices created: 1
[2026-05-01T22:28:56Z] [SECTION] ============================================================
[2026-05-01T22:28:56Z] [INFO] 🖼️  PHASE: IMAGE-SEED ANALYSIS
[2026-05-01T22:28:56Z] [INFO] 📂 Image seed analysis bootstrapping from 0 images...
[2026-05-01T22:28:56Z] [SECTION] ============================================================
[2026-05-01T22:28:56Z] [INFO] 📤 PHASE: PUSH COMPONENTS TO TOLARIA
[2026-05-01T22:28:57Z] [INFO] 📦 Components pushed to Tolaria: 5
[2026-05-01T22:28:57Z] [SECTION] ============================================================
[2026-05-01T22:28:57Z] [INFO] 🧩 PHASE: COMPOSER - DOMAIN INTEGRATION SYNTHESIS
[2026-05-01T22:28:57Z] [INFO] 🎨 Domain integrations synthesized: 0
[2026-05-01T22:28:57Z] [SECTION] ============================================================
[2026-05-01T22:28:57Z] [INFO] 🚀 PHASE: ADVANCED OVERNIGHT LOOP
[2026-05-01T22:28:57Z] [INFO] 🔬 Advanced loop completed cycles: 0
[2026-05-01T22:28:57Z] [WARNING] ⚠️  Git commit skipped or failed (git not initialized?): Command '['git', '-C', '/home/avalonas/.hermes/gematria/unified_overnight_research', 'add', '.']' returned non-zero exit status 128.
[2026-05-01T22:28:57Z] [INFO] 
📊 CYCLE #173 SUMMARY
[2026-05-01T22:28:57Z] [INFO] ✅ Successful tasks: 7/7
[2026-05-01T22:28:57Z] [INFO] ⏱️  Cycle duration: 1.61s
[2026-05-01T22:28:57Z] [INFO]    ⚠️ task: result
[2026-05-01T22:28:57Z] [INFO]    ⚠️ task: result
[2026-05-01T22:28:57Z] [INFO]    ⚠️ task: result
[2026-05-01T22:28:57Z] [INFO]    ⚠️ task: result
[2026-05-01T22:28:57Z] [INFO]    ⚠️ task: result
[2026-05-01T22:28:57Z] [INFO]    ⚠️ task: result
[2026-05-01T22:28:57Z] [INFO]    ⚠️ task: result
[2026-05-01T22:28:57Z] [HEADER] ================================================================================
[2026-05-01T22:28:57Z] [INFO] 🔄 OVERNIGHT RESEARCH PIPELINE - CYCLE #174
[2026-05-01T22:28:57Z] [INFO] ================================================================================
[2026-05-01T22:28:57Z] [HEADER] ============================================================
[2026-05-01T22:28:57Z] [INFO] 🌙 STARTING OVERNIGHT RESEARCH CYCLE #174
[2026-05-01T22:28:57Z] [INFO] 🔍 Running overnight research protocol (web scraping + cross-symbol analysis)...
[2026-05-01T22:28:58Z] [INFO] 📊 Cycle duration: 0.45s, Files generated: 0
[2026-05-01T22:28:58Z] [INFO] 💾 Database updated with cycle results
[2026-05-01T22:28:58Z] [SECTION] ============================================================
[2026-05-01T22:28:58Z] [INFO] 🔮 PHASE: HIDDEN LAYERING DETECTION
[2026-05-01T22:28:58Z] [INFO] 🔗 Hidden layering detection complete. Connections identified: 2
[2026-05-01T22:28:58Z] [SECTION] ============================================================
[2026-05-01T22:28:58Z] [INFO] 🔬 PHASE: DOMAIN CORRELATION ANALYSIS
[2026-05-01T22:28:58Z] [INFO] 📊 Domain correlation matrices created: 1
[2026-05-01T22:28:58Z] [SECTION] ============================================================
[2026-05-01T22:28:58Z] [INFO] 🖼️  PHASE: IMAGE-SEED ANALYSIS
[2026-05-01T22:28:58Z] [INFO] 📂 Image seed analysis bootstrapping from 0 images...
[2026-05-01T22:28:58Z] [SECTION] ============================================================
[2026-05-01T22:28:58Z] [INFO] 📤 PHASE: PUSH COMPONENTS TO TOLARIA
[2026-05-01T22:28:59Z] [INFO] 📦 Components pushed to Tolaria: 5
[2026-05-01T22:28:59Z] [SECTION] ============================================================
[2026-05-01T22:28:59Z] [INFO] 🧩 PHASE: COMPOSER - DOMAIN INTEGRATION SYNTHESIS
[2026-05-01T22:28:59Z] [INFO] 🎨 Domain integrations synthesized: 0
[2026-05-01T22:28:59Z] [SECTION] ============================================================
[2026-05-01T22:28:59Z] [INFO] 🚀 PHASE: ADVANCED OVERNIGHT LOOP
[2026-05-01T22:28:59Z] [INFO] 🔬 Advanced loop completed cycles: 0
[2026-05-01T22:28:59Z] [WARNING] ⚠️  Git commit skipped or failed (git not initialized?): Command '['git', '-C', '/home/avalonas/.hermes/gematria/unified_overnight_research', 'add', '.']' returned non-zero exit status 128.
[2026-05-01T22:28:59Z] [INFO] 
📊 CYCLE #174 SUMMARY
[2026-05-01T22:28:59Z] [INFO] ✅ Successful tasks: 7/7
[2026-05-01T22:28:59Z] [INFO] ⏱️  Cycle duration: 1.61s
[2026-05-01T22:28:59Z] [INFO]    ⚠️ task: result
[2026-05-01T22:28:59Z] [INFO]    ⚠️ task: result
[2026-05-01T22:28:59Z] [INFO]    ⚠️ task: result
[2026-05-01T22:28:59Z] [INFO]    ⚠️ task: result
[2026-05-01T22:28:59Z] [INFO]    ⚠️ task: result
[2026-05-01T22:28:59Z] [INFO]    ⚠️ task: result
[2026-05-01T22:28:59Z] [INFO]    ⚠️ task: result
[2026-05-01T22:28:59Z] [HEADER] ================================================================================
[2026-05-01T22:28:59Z] [INFO] 🔄 OVERNIGHT RESEARCH PIPELINE - CYCLE #175
[2026-05-01T22:28:59Z] [INFO] ================================================================================
[2026-05-01T22:28:59Z] [HEADER] ============================================================
[2026-05-01T22:28:59Z] [INFO] 🌙 STARTING OVERNIGHT RESEARCH CYCLE #175
[2026-05-01T22:28:59Z] [INFO] 🔍 Running overnight research protocol (web scraping + cross-symbol analysis)...
[2026-05-01T22:28:59Z] [INFO] 📊 Cycle duration: 0.57s, Files generated: 0
[2026-05-01T22:28:59Z] [INFO] 💾 Database updated with cycle results
[2026-05-01T22:28:59Z] [SECTION] ============================================================
[2026-05-01T22:28:59Z] [INFO] 🔮 PHASE: HIDDEN LAYERING DETECTION
[2026-05-01T22:28:59Z] [INFO] 🔗 Hidden layering detection complete. Connections identified: 2
[2026-05-01T22:28:59Z] [SECTION] ============================================================
[2026-05-01T22:28:59Z] [INFO] 🔬 PHASE: DOMAIN CORRELATION ANALYSIS
[2026-05-01T22:28:59Z] [INFO] 📊 Domain correlation matrices created: 1
[2026-05-01T22:28:59Z] [SECTION] ============================================================
[2026-05-01T22:28:59Z] [INFO] 🖼️  PHASE: IMAGE-SEED ANALYSIS
[2026-05-01T22:28:59Z] [INFO] 📂 Image seed analysis bootstrapping from 0 images...
[2026-05-01T22:28:59Z] [SECTION] ============================================================
[2026-05-01T22:28:59Z] [INFO] 📤 PHASE: PUSH COMPONENTS TO TOLARIA
[2026-05-01T22:29:00Z] [INFO] 📦 Components pushed to Tolaria: 5
[2026-05-01T22:29:00Z] [SECTION] ============================================================
[2026-05-01T22:29:00Z] [INFO] 🧩 PHASE: COMPOSER - DOMAIN INTEGRATION SYNTHESIS
[2026-05-01T22:29:00Z] [INFO] 🎨 Domain integrations synthesized: 0
[2026-05-01T22:29:00Z] [SECTION] ============================================================
[2026-05-01T22:29:00Z] [INFO] 🚀 PHASE: ADVANCED OVERNIGHT LOOP
[2026-05-01T22:29:00Z] [INFO] 🔬 Advanced loop completed cycles: 0
[2026-05-01T22:29:01Z] [WARNING] ⚠️  Git commit skipped or failed (git not initialized?): Command '['git', '-C', '/home/avalonas/.hermes/gematria/unified_overnight_research', 'add', '.']' returned non-zero exit status 128.
[2026-05-01T22:29:01Z] [INFO] 
📊 CYCLE #175 SUMMARY
[2026-05-01T22:29:01Z] [INFO] ✅ Successful tasks: 7/7
[2026-05-01T22:29:01Z] [INFO] ⏱️  Cycle duration: 1.70s
[2026-05-01T22:29:01Z] [INFO]    ⚠️ task: result
[2026-05-01T22:29:01Z] [INFO]    ⚠️ task: result
[2026-05-01T22:29:01Z] [INFO]    ⚠️ task: result
[2026-05-01T22:29:01Z] [INFO]    ⚠️ task: result
[2026-05-01T22:29:01Z] [INFO]    ⚠️ task: result
[2026-05-01T22:29:01Z] [INFO]    ⚠️ task: result
[2026-05-01T22:29:01Z] [INFO]    ⚠️ task: result
[2026-05-01T22:29:01Z] [HEADER] ================================================================================
[2026-05-01T22:29:01Z] [INFO] 🔄 OVERNIGHT RESEARCH PIPELINE - CYCLE #176
[2026-05-01T22:29:01Z] [INFO] ================================================================================
[2026-05-01T22:29:01Z] [HEADER] ============================================================
[2026-05-01T22:29:01Z] [INFO] 🌙 STARTING OVERNIGHT RESEARCH CYCLE #176
[2026-05-01T22:29:01Z] [INFO] 🔍 Running overnight research protocol (web scraping + cross-symbol analysis)...
[2026-05-01T22:29:01Z] [INFO] 📊 Cycle duration: 0.61s, Files generated: 0
[2026-05-01T22:29:01Z] [INFO] 💾 Database updated with cycle results
[2026-05-01T22:29:01Z] [SECTION] ============================================================
[2026-05-01T22:29:01Z] [INFO] 🔮 PHASE: HIDDEN LAYERING DETECTION
[2026-05-01T22:29:01Z] [INFO] 🔗 Hidden layering detection complete. Connections identified: 2
[2026-05-01T22:29:01Z] [SECTION] ============================================================
[2026-05-01T22:29:01Z] [INFO] 🔬 PHASE: DOMAIN CORRELATION ANALYSIS
[2026-05-01T22:29:01Z] [INFO] 📊 Domain correlation matrices created: 1
[2026-05-01T22:29:01Z] [SECTION] ============================================================
[2026-05-01T22:29:01Z] [INFO] 🖼️  PHASE: IMAGE-SEED ANALYSIS
[2026-05-01T22:29:01Z] [INFO] 📂 Image seed analysis bootstrapping from 0 images...
[2026-05-01T22:29:01Z] [SECTION] ============================================================
[2026-05-01T22:29:01Z] [INFO] 📤 PHASE: PUSH COMPONENTS TO TOLARIA
[2026-05-01T22:29:02Z] [INFO] 📦 Components pushed to Tolaria: 5
[2026-05-01T22:29:02Z] [SECTION] ============================================================
[2026-05-01T22:29:02Z] [INFO] 🧩 PHASE: COMPOSER - DOMAIN INTEGRATION SYNTHESIS
[2026-05-01T22:29:02Z] [INFO] 🎨 Domain integrations synthesized: 0
[2026-05-01T22:29:02Z] [SECTION] ============================================================
[2026-05-01T22:29:02Z] [INFO] 🚀 PHASE: ADVANCED OVERNIGHT LOOP
[2026-05-01T22:29:02Z] [INFO] 🔬 Advanced loop completed cycles: 0
[2026-05-01T22:29:02Z] [WARNING] ⚠️  Git commit skipped or failed (git not initialized?): Command '['git', '-C', '/home/avalonas/.hermes/gematria/unified_overnight_research', 'add', '.']' returned non-zero exit status 128.
[2026-05-01T22:29:02Z] [INFO] 
📊 CYCLE #176 SUMMARY
[2026-05-01T22:29:02Z] [INFO] ✅ Successful tasks: 7/7
[2026-05-01T22:29:02Z] [INFO] ⏱️  Cycle duration: 1.70s
[2026-05-01T22:29:02Z] [INFO]    ⚠️ task: result
[2026-05-01T22:29:02Z] [INFO]    ⚠️ task: result
[2026-05-01T22:29:02Z] [INFO]    ⚠️ task: result
[2026-05-01T22:29:02Z] [INFO]    ⚠️ task: result
[2026-05-01T22:29:02Z] [INFO]    ⚠️ task: result
[2026-05-01T22:29:02Z] [INFO]    ⚠️ task: result
[2026-05-01T22:29:02Z] [INFO]    ⚠️ task: result
[2026-05-01T22:29:02Z] [HEADER] ================================================================================
[2026-05-01T22:29:02Z] [INFO] 🔄 OVERNIGHT RESEARCH PIPELINE - CYCLE #177
[2026-05-01T22:29:02Z] [INFO] ================================================================================
[2026-05-01T22:29:02Z] [HEADER] ============================================================
[2026-05-01T22:29:02Z] [INFO] 🌙 STARTING OVERNIGHT RESEARCH CYCLE #177
[2026-05-01T22:29:02Z] [INFO] 🔍 Running overnight research protocol (web scraping + cross-symbol analysis)...
[2026-05-01T22:29:03Z] [INFO] 📊 Cycle duration: 0.62s, Files generated: 0
[2026-05-01T22:29:03Z] [INFO] 💾 Database updated with cycle results
[2026-05-01T22:29:03Z] [SECTION] ============================================================
[2026-05-01T22:29:03Z] [INFO] 🔮 PHASE: HIDDEN LAYERING DETECTION
[2026-05-01T22:29:03Z] [INFO] 🔗 Hidden layering detection complete. Connections identified: 2
[2026-05-01T22:29:03Z] [SECTION] ============================================================
[2026-05-01T22:29:03Z] [INFO] 🔬 PHASE: DOMAIN CORRELATION ANALYSIS
[2026-05-01T22:29:03Z] [INFO] 📊 Domain correlation matrices created: 1
[2026-05-01T22:29:03Z] [SECTION] ============================================================
[2026-05-01T22:29:03Z] [INFO] 🖼️  PHASE: IMAGE-SEED ANALYSIS
[2026-05-01T22:29:03Z] [INFO] 📂 Image seed analysis bootstrapping from 0 images...
[2026-05-01T22:29:03Z] [SECTION] ============================================================
[2026-05-01T22:29:03Z] [INFO] 📤 PHASE: PUSH COMPONENTS TO TOLARIA
