[2026-05-01T10:14:46Z] [HEADER] ================================================================================
[2026-05-01T10:14:46Z] [INFO] 🔄 OVERNIGHT RESEARCH PIPELINE - CYCLE #2
[2026-05-01T10:14:46Z] [INFO] ================================================================================
[2026-05-01T10:14:46Z] [HEADER] ============================================================
[2026-05-01T10:14:46Z] [INFO] 🌙 STARTING OVERNIGHT RESEARCH CYCLE #2
[2026-05-01T10:14:46Z] [INFO] 🔍 Running overnight research protocol (web scraping + cross-symbol analysis)...
[2026-05-01T10:14:46Z] [INFO] 📊 Cycle duration: 0.18s, Files generated: 1
[2026-05-01T10:14:46Z] [WARNING] ⚠️ Database not initialized for cycle counting
[2026-05-01T10:14:46Z] [INFO] 💾 Database updated with cycle results
[2026-05-01T10:14:46Z] [SECTION] ============================================================
[2026-05-01T10:14:46Z] [INFO] 🔮 PHASE: HIDDEN LAYERING DETECTION
[2026-05-01T10:14:46Z] [INFO] 🔗 Hidden layering detection complete. Connections identified: 2
[2026-05-01T10:14:46Z] [SECTION] ============================================================
[2026-05-01T10:14:46Z] [INFO] 🔬 PHASE: DOMAIN CORRELATION ANALYSIS
[2026-05-01T10:14:46Z] [INFO] 📊 Domain correlation matrices created: 2
[2026-05-01T10:14:46Z] [SECTION] ============================================================
[2026-05-01T10:14:46Z] [INFO] 🖼️  PHASE: IMAGE-SEED ANALYSIS
[2026-05-01T10:14:46Z] [INFO] 📂 Image seed analysis bootstrapping from 0 images...
[2026-05-01T10:14:46Z] [SECTION] ============================================================
[2026-05-01T10:14:46Z] [INFO] 📤 PHASE: PUSH COMPONENTS TO TOLARIA
[2026-05-01T10:14:47Z] [INFO] 📦 Components pushed to Tolaria: 5
[2026-05-01T10:14:47Z] [SECTION] ============================================================
[2026-05-01T10:14:47Z] [INFO] 🧩 PHASE: COMPOSER - DOMAIN INTEGRATION SYNTHESIS
[2026-05-01T10:15:00Z] [INFO] 🎨 Domain integrations synthesized: 0
[2026-05-01T10:15:00Z] [SECTION] ============================================================
[2026-05-01T10:15:00Z] [INFO] 🚀 PHASE: ADVANCED OVERNIGHT LOOP
[2026-05-01T10:15:45Z] [INFO] 🔬 Advanced loop completed cycles: 0
[2026-05-01T10:15:45Z] [WARNING] ⚠️  Git commit skipped or failed (git not initialized?): Command '['git', '-C', '/home/avalonas/.hermes/gematria/unified_overnight_research', 'add', '.']' returned non-zero exit status 128.
[2026-05-01T10:15:45Z] [INFO] 
📊 CYCLE #2 SUMMARY
[2026-05-01T10:15:45Z] [INFO] ✅ Successful tasks: 7/7
[2026-05-01T10:15:45Z] [INFO] ⏱️  Cycle duration: 59.54s
[2026-05-01T10:15:45Z] [INFO]    ⚠️ task: result
[2026-05-01T10:15:45Z] [INFO]    ⚠️ task: result
[2026-05-01T10:15:45Z] [INFO]    ⚠️ task: result
[2026-05-01T10:15:45Z] [INFO]    ⚠️ task: result
[2026-05-01T10:15:45Z] [INFO]    ⚠️ task: result
[2026-05-01T10:15:45Z] [INFO]    ⚠️ task: result
[2026-05-01T10:15:45Z] [INFO]    ⚠️ task: result
[2026-05-01T10:15:45Z] [HEADER] ================================================================================
[2026-05-01T10:15:45Z] [INFO] 🔄 OVERNIGHT RESEARCH PIPELINE - CYCLE #3
[2026-05-01T10:15:45Z] [INFO] ================================================================================
[2026-05-01T10:15:45Z] [HEADER] ============================================================
[2026-05-01T10:15:45Z] [INFO] 🌙 STARTING OVERNIGHT RESEARCH CYCLE #3
[2026-05-01T10:15:45Z] [INFO] 🔍 Running overnight research protocol (web scraping + cross-symbol analysis)...
[2026-05-01T10:15:45Z] [INFO] 📊 Cycle duration: 0.16s, Files generated: 1
[2026-05-01T10:15:45Z] [WARNING] ⚠️ Database not initialized for cycle counting
[2026-05-01T10:15:45Z] [INFO] 💾 Database updated with cycle results
[2026-05-01T10:15:45Z] [SECTION] ============================================================
[2026-05-01T10:15:45Z] [INFO] 🔮 PHASE: HIDDEN LAYERING DETECTION
[2026-05-01T10:15:45Z] [INFO] 🔗 Hidden layering detection complete. Connections identified: 2
[2026-05-01T10:15:45Z] [SECTION] ============================================================
[2026-05-01T10:15:45Z] [INFO] 🔬 PHASE: DOMAIN CORRELATION ANALYSIS
[2026-05-01T10:15:45Z] [INFO] 📊 Domain correlation matrices created: 2
[2026-05-01T10:15:45Z] [SECTION] ============================================================
[2026-05-01T10:15:45Z] [INFO] 🖼️  PHASE: IMAGE-SEED ANALYSIS
[2026-05-01T10:15:45Z] [INFO] 📂 Image seed analysis bootstrapping from 0 images...
[2026-05-01T10:15:45Z] [SECTION] ============================================================
[2026-05-01T10:15:45Z] [INFO] 📤 PHASE: PUSH COMPONENTS TO TOLARIA
[2026-05-01T10:15:46Z] [INFO] 📦 Components pushed to Tolaria: 5
[2026-05-01T10:15:46Z] [SECTION] ============================================================
[2026-05-01T10:15:46Z] [INFO] 🧩 PHASE: COMPOSER - DOMAIN INTEGRATION SYNTHESIS
[2026-05-01T10:16:01Z] [INFO] 🎨 Domain integrations synthesized: 0
[2026-05-01T10:16:01Z] [SECTION] ============================================================
[2026-05-01T10:16:01Z] [INFO] 🚀 PHASE: ADVANCED OVERNIGHT LOOP
[2026-05-01T10:16:47Z] [INFO] 🔬 Advanced loop completed cycles: 0
[2026-05-01T10:16:47Z] [WARNING] ⚠️  Git commit skipped or failed (git not initialized?): Command '['git', '-C', '/home/avalonas/.hermes/gematria/unified_overnight_research', 'add', '.']' returned non-zero exit status 128.
[2026-05-01T10:16:47Z] [INFO] 
📊 CYCLE #3 SUMMARY
[2026-05-01T10:16:47Z] [INFO] ✅ Successful tasks: 7/7
[2026-05-01T10:16:47Z] [INFO] ⏱️  Cycle duration: 61.47s
[2026-05-01T10:16:47Z] [INFO]    ⚠️ task: result
[2026-05-01T10:16:47Z] [INFO]    ⚠️ task: result
[2026-05-01T10:16:47Z] [INFO]    ⚠️ task: result
[2026-05-01T10:16:47Z] [INFO]    ⚠️ task: result
[2026-05-01T10:16:47Z] [INFO]    ⚠️ task: result
[2026-05-01T10:16:47Z] [INFO]    ⚠️ task: result
[2026-05-01T10:16:47Z] [INFO]    ⚠️ task: result
[2026-05-01T10:16:47Z] [HEADER] ================================================================================
[2026-05-01T10:16:47Z] [INFO] 🔄 OVERNIGHT RESEARCH PIPELINE - CYCLE #4
[2026-05-01T10:16:47Z] [INFO] ================================================================================
[2026-05-01T10:16:47Z] [HEADER] ============================================================
[2026-05-01T10:16:47Z] [INFO] 🌙 STARTING OVERNIGHT RESEARCH CYCLE #4
[2026-05-01T10:16:47Z] [INFO] 🔍 Running overnight research protocol (web scraping + cross-symbol analysis)...
[2026-05-01T10:16:47Z] [INFO] 📊 Cycle duration: 0.17s, Files generated: 1
[2026-05-01T10:16:47Z] [WARNING] ⚠️ Database not initialized for cycle counting
[2026-05-01T10:16:47Z] [INFO] 💾 Database updated with cycle results
[2026-05-01T10:16:47Z] [SECTION] ============================================================
[2026-05-01T10:16:47Z] [INFO] 🔮 PHASE: HIDDEN LAYERING DETECTION
[2026-05-01T10:16:47Z] [INFO] 🔗 Hidden layering detection complete. Connections identified: 2
[2026-05-01T10:16:47Z] [SECTION] ============================================================
[2026-05-01T10:16:47Z] [INFO] 🔬 PHASE: DOMAIN CORRELATION ANALYSIS
[2026-05-01T10:16:47Z] [INFO] 📊 Domain correlation matrices created: 2
[2026-05-01T10:16:47Z] [SECTION] ============================================================
[2026-05-01T10:16:47Z] [INFO] 🖼️  PHASE: IMAGE-SEED ANALYSIS
[2026-05-01T10:16:47Z] [INFO] 📂 Image seed analysis bootstrapping from 0 images...
[2026-05-01T10:16:47Z] [SECTION] ============================================================
[2026-05-01T10:16:47Z] [INFO] 📤 PHASE: PUSH COMPONENTS TO TOLARIA
[2026-05-01T10:16:48Z] [INFO] 📦 Components pushed to Tolaria: 5
[2026-05-01T10:16:48Z] [SECTION] ============================================================
[2026-05-01T10:16:48Z] [INFO] 🧩 PHASE: COMPOSER - DOMAIN INTEGRATION SYNTHESIS
[2026-05-01T10:17:03Z] [INFO] 🎨 Domain integrations synthesized: 0
[2026-05-01T10:17:03Z] [SECTION] ============================================================
[2026-05-01T10:17:03Z] [INFO] 🚀 PHASE: ADVANCED OVERNIGHT LOOP
[2026-05-01T10:17:47Z] [INFO] 🔬 Advanced loop completed cycles: 0
[2026-05-01T10:17:47Z] [WARNING] ⚠️  Git commit skipped or failed (git not initialized?): Command '['git', '-C', '/home/avalonas/.hermes/gematria/unified_overnight_research', 'add', '.']' returned non-zero exit status 128.
[2026-05-01T10:17:47Z] [INFO] 
📊 CYCLE #4 SUMMARY
[2026-05-01T10:17:47Z] [INFO] ✅ Successful tasks: 7/7
[2026-05-01T10:17:47Z] [INFO] ⏱️  Cycle duration: 60.82s
[2026-05-01T10:17:47Z] [INFO]    ⚠️ task: result
[2026-05-01T10:17:47Z] [INFO]    ⚠️ task: result
[2026-05-01T10:17:47Z] [INFO]    ⚠️ task: result
[2026-05-01T10:17:47Z] [INFO]    ⚠️ task: result
[2026-05-01T10:17:47Z] [INFO]    ⚠️ task: result
[2026-05-01T10:17:47Z] [INFO]    ⚠️ task: result
[2026-05-01T10:17:47Z] [INFO]    ⚠️ task: result
[2026-05-01T10:17:47Z] [HEADER] ================================================================================
[2026-05-01T10:17:47Z] [INFO] 🔄 OVERNIGHT RESEARCH PIPELINE - CYCLE #5
[2026-05-01T10:17:47Z] [INFO] ================================================================================
[2026-05-01T10:17:47Z] [HEADER] ============================================================
[2026-05-01T10:17:47Z] [INFO] 🌙 STARTING OVERNIGHT RESEARCH CYCLE #5
[2026-05-01T10:17:47Z] [INFO] 🔍 Running overnight research protocol (web scraping + cross-symbol analysis)...
[2026-05-01T10:17:48Z] [INFO] 📊 Cycle duration: 0.13s, Files generated: 1
[2026-05-01T10:17:48Z] [WARNING] ⚠️ Database not initialized for cycle counting
[2026-05-01T10:17:48Z] [INFO] 💾 Database updated with cycle results
[2026-05-01T10:17:48Z] [SECTION] ============================================================
[2026-05-01T10:17:48Z] [INFO] 🔮 PHASE: HIDDEN LAYERING DETECTION
[2026-05-01T10:17:48Z] [INFO] 🔗 Hidden layering detection complete. Connections identified: 2
[2026-05-01T10:17:48Z] [SECTION] ============================================================
[2026-05-01T10:17:48Z] [INFO] 🔬 PHASE: DOMAIN CORRELATION ANALYSIS
[2026-05-01T10:17:48Z] [INFO] 📊 Domain correlation matrices created: 2
[2026-05-01T10:17:48Z] [SECTION] ============================================================
[2026-05-01T10:17:48Z] [INFO] 🖼️  PHASE: IMAGE-SEED ANALYSIS
[2026-05-01T10:17:48Z] [INFO] 📂 Image seed analysis bootstrapping from 0 images...
[2026-05-01T10:17:48Z] [SECTION] ============================================================
[2026-05-01T10:17:48Z] [INFO] 📤 PHASE: PUSH COMPONENTS TO TOLARIA
[2026-05-01T10:17:49Z] [INFO] 📦 Components pushed to Tolaria: 5
[2026-05-01T10:17:49Z] [SECTION] ============================================================
[2026-05-01T10:17:49Z] [INFO] 🧩 PHASE: COMPOSER - DOMAIN INTEGRATION SYNTHESIS
[2026-05-01T10:18:00Z] [INFO] 🎨 Domain integrations synthesized: 0
[2026-05-01T10:18:00Z] [SECTION] ============================================================
[2026-05-01T10:18:00Z] [INFO] 🚀 PHASE: ADVANCED OVERNIGHT LOOP
[2026-05-01T10:18:40Z] [INFO] 🔬 Advanced loop completed cycles: 0
[2026-05-01T10:18:40Z] [WARNING] ⚠️  Git commit skipped or failed (git not initialized?): Command '['git', '-C', '/home/avalonas/.hermes/gematria/unified_overnight_research', 'add', '.']' returned non-zero exit status 128.
[2026-05-01T10:18:40Z] [INFO] 
📊 CYCLE #5 SUMMARY
[2026-05-01T10:18:40Z] [INFO] ✅ Successful tasks: 7/7
[2026-05-01T10:18:40Z] [INFO] ⏱️  Cycle duration: 53.02s
[2026-05-01T10:18:40Z] [INFO]    ⚠️ task: result
[2026-05-01T10:18:40Z] [INFO]    ⚠️ task: result
[2026-05-01T10:18:40Z] [INFO]    ⚠️ task: result
[2026-05-01T10:18:40Z] [INFO]    ⚠️ task: result
[2026-05-01T10:18:40Z] [INFO]    ⚠️ task: result
[2026-05-01T10:18:40Z] [INFO]    ⚠️ task: result
[2026-05-01T10:18:40Z] [INFO]    ⚠️ task: result
[2026-05-01T10:18:40Z] [HEADER] ================================================================================
[2026-05-01T10:18:40Z] [INFO] 🔄 OVERNIGHT RESEARCH PIPELINE - CYCLE #6
[2026-05-01T10:18:40Z] [INFO] ================================================================================
[2026-05-01T10:18:40Z] [HEADER] ============================================================
[2026-05-01T10:18:40Z] [INFO] 🌙 STARTING OVERNIGHT RESEARCH CYCLE #6
[2026-05-01T10:18:40Z] [INFO] 🔍 Running overnight research protocol (web scraping + cross-symbol analysis)...
[2026-05-01T10:18:41Z] [INFO] 📊 Cycle duration: 0.17s, Files generated: 1
[2026-05-01T10:18:41Z] [WARNING] ⚠️ Database not initialized for cycle counting
[2026-05-01T10:18:41Z] [INFO] 💾 Database updated with cycle results
[2026-05-01T10:18:41Z] [SECTION] ============================================================
[2026-05-01T10:18:41Z] [INFO] 🔮 PHASE: HIDDEN LAYERING DETECTION
[2026-05-01T10:18:41Z] [INFO] 🔗 Hidden layering detection complete. Connections identified: 2
[2026-05-01T10:18:41Z] [SECTION] ============================================================
[2026-05-01T10:18:41Z] [INFO] 🔬 PHASE: DOMAIN CORRELATION ANALYSIS
[2026-05-01T10:18:41Z] [INFO] 📊 Domain correlation matrices created: 2
[2026-05-01T10:18:41Z] [SECTION] ============================================================
[2026-05-01T10:18:41Z] [INFO] 🖼️  PHASE: IMAGE-SEED ANALYSIS
[2026-05-01T10:18:41Z] [INFO] 📂 Image seed analysis bootstrapping from 0 images...
[2026-05-01T10:18:41Z] [SECTION] ============================================================
[2026-05-01T10:18:41Z] [INFO] 📤 PHASE: PUSH COMPONENTS TO TOLARIA
[2026-05-01T10:18:42Z] [INFO] 📦 Components pushed to Tolaria: 5
[2026-05-01T10:18:42Z] [SECTION] ============================================================
[2026-05-01T10:18:42Z] [INFO] 🧩 PHASE: COMPOSER - DOMAIN INTEGRATION SYNTHESIS
[2026-05-01T10:19:01Z] [INFO] 🎨 Domain integrations synthesized: 0
[2026-05-01T10:19:01Z] [SECTION] ============================================================
[2026-05-01T10:19:01Z] [INFO] 🚀 PHASE: ADVANCED OVERNIGHT LOOP
[2026-05-01T10:19:47Z] [INFO] 🔬 Advanced loop completed cycles: 0
[2026-05-01T10:19:47Z] [WARNING] ⚠️  Git commit skipped or failed (git not initialized?): Command '['git', '-C', '/home/avalonas/.hermes/gematria/unified_overnight_research', 'commit', '-m', '[2026-05-01T10:19:47Z] Cycle 5: Cycle 6: Web research + hidden layering detection']' returned non-zero exit status 1.
[2026-05-01T10:19:47Z] [INFO] 
📊 CYCLE #6 SUMMARY
[2026-05-01T10:19:47Z] [INFO] ✅ Successful tasks: 7/7
[2026-05-01T10:19:47Z] [INFO] ⏱️  Cycle duration: 66.08s
[2026-05-01T10:19:47Z] [INFO]    ⚠️ task: result
[2026-05-01T10:19:47Z] [INFO]    ⚠️ task: result
[2026-05-01T10:19:47Z] [INFO]    ⚠️ task: result
[2026-05-01T10:19:47Z] [INFO]    ⚠️ task: result
[2026-05-01T10:19:47Z] [INFO]    ⚠️ task: result
[2026-05-01T10:19:47Z] [INFO]    ⚠️ task: result
[2026-05-01T10:19:47Z] [INFO]    ⚠️ task: result
[2026-05-01T10:19:47Z] [HEADER] ================================================================================
[2026-05-01T10:19:47Z] [INFO] 🔄 OVERNIGHT RESEARCH PIPELINE - CYCLE #7
[2026-05-01T10:19:47Z] [INFO] ================================================================================
[2026-05-01T10:19:47Z] [HEADER] ============================================================
[2026-05-01T10:19:47Z] [INFO] 🌙 STARTING OVERNIGHT RESEARCH CYCLE #7
[2026-05-01T10:19:47Z] [INFO] 🔍 Running overnight research protocol (web scraping + cross-symbol analysis)...
[2026-05-01T10:19:47Z] [INFO] 📊 Cycle duration: 0.16s, Files generated: 1
[2026-05-01T10:19:47Z] [WARNING] ⚠️ Database not initialized for cycle counting
[2026-05-01T10:19:47Z] [INFO] 💾 Database updated with cycle results
[2026-05-01T10:19:47Z] [SECTION] ============================================================
[2026-05-01T10:19:47Z] [INFO] 🔮 PHASE: HIDDEN LAYERING DETECTION
[2026-05-01T10:19:47Z] [INFO] 🔗 Hidden layering detection complete. Connections identified: 2
[2026-05-01T10:19:47Z] [SECTION] ============================================================
[2026-05-01T10:19:47Z] [INFO] 🔬 PHASE: DOMAIN CORRELATION ANALYSIS
[2026-05-01T10:19:47Z] [INFO] 📊 Domain correlation matrices created: 2
[2026-05-01T10:19:47Z] [SECTION] ============================================================
[2026-05-01T10:19:47Z] [INFO] 🖼️  PHASE: IMAGE-SEED ANALYSIS
[2026-05-01T10:19:47Z] [INFO] 📂 Image seed analysis bootstrapping from 0 images...
[2026-05-01T10:19:47Z] [SECTION] ============================================================
[2026-05-01T10:19:47Z] [INFO] 📤 PHASE: PUSH COMPONENTS TO TOLARIA
[2026-05-01T10:19:48Z] [INFO] 📦 Components pushed to Tolaria: 5
[2026-05-01T10:19:48Z] [SECTION] ============================================================
[2026-05-01T10:19:48Z] [INFO] 🧩 PHASE: COMPOSER - DOMAIN INTEGRATION SYNTHESIS
[2026-05-01T10:20:01Z] [INFO] 🎨 Domain integrations synthesized: 0
[2026-05-01T10:20:01Z] [SECTION] ============================================================
[2026-05-01T10:20:01Z] [INFO] 🚀 PHASE: ADVANCED OVERNIGHT LOOP
[2026-05-01T10:20:43Z] [INFO] 🔬 Advanced loop completed cycles: 0
[2026-05-01T10:20:43Z] [WARNING] ⚠️  Git commit skipped or failed (git not initialized?): Command '['git', '-C', '/home/avalonas/.hermes/gematria/unified_overnight_research', 'add', '.']' returned non-zero exit status 128.
[2026-05-01T10:20:43Z] [INFO] 
📊 CYCLE #7 SUMMARY
[2026-05-01T10:20:43Z] [INFO] ✅ Successful tasks: 7/7
[2026-05-01T10:20:43Z] [INFO] ⏱️  Cycle duration: 56.08s
[2026-05-01T10:20:43Z] [INFO]    ⚠️ task: result
[2026-05-01T10:20:43Z] [INFO]    ⚠️ task: result
[2026-05-01T10:20:43Z] [INFO]    ⚠️ task: result
[2026-05-01T10:20:43Z] [INFO]    ⚠️ task: result
[2026-05-01T10:20:43Z] [INFO]    ⚠️ task: result
[2026-05-01T10:20:43Z] [INFO]    ⚠️ task: result
[2026-05-01T10:20:43Z] [INFO]    ⚠️ task: result
[2026-05-01T10:20:43Z] [HEADER] ================================================================================
[2026-05-01T10:20:43Z] [INFO] 🔄 OVERNIGHT RESEARCH PIPELINE - CYCLE #8
[2026-05-01T10:20:43Z] [INFO] ================================================================================
[2026-05-01T10:20:43Z] [HEADER] ============================================================
[2026-05-01T10:20:43Z] [INFO] 🌙 STARTING OVERNIGHT RESEARCH CYCLE #8
[2026-05-01T10:20:43Z] [INFO] 🔍 Running overnight research protocol (web scraping + cross-symbol analysis)...
[2026-05-01T10:20:43Z] [INFO] 📊 Cycle duration: 0.17s, Files generated: 1
[2026-05-01T10:20:43Z] [WARNING] ⚠️ Database not initialized for cycle counting
[2026-05-01T10:20:43Z] [INFO] 💾 Database updated with cycle results
[2026-05-01T10:20:43Z] [SECTION] ============================================================
[2026-05-01T10:20:43Z] [INFO] 🔮 PHASE: HIDDEN LAYERING DETECTION
[2026-05-01T10:20:43Z] [INFO] 🔗 Hidden layering detection complete. Connections identified: 2
[2026-05-01T10:20:43Z] [SECTION] ============================================================
[2026-05-01T10:20:43Z] [INFO] 🔬 PHASE: DOMAIN CORRELATION ANALYSIS
[2026-05-01T10:20:43Z] [INFO] 📊 Domain correlation matrices created: 2
[2026-05-01T10:20:43Z] [SECTION] ============================================================
[2026-05-01T10:20:43Z] [INFO] 🖼️  PHASE: IMAGE-SEED ANALYSIS
[2026-05-01T10:20:43Z] [INFO] 📂 Image seed analysis bootstrapping from 0 images...
[2026-05-01T10:20:43Z] [SECTION] ============================================================
[2026-05-01T10:20:43Z] [INFO] 📤 PHASE: PUSH COMPONENTS TO TOLARIA
[2026-05-01T10:20:44Z] [INFO] 📦 Components pushed to Tolaria: 5
[2026-05-01T10:20:44Z] [SECTION] ============================================================
[2026-05-01T10:20:44Z] [INFO] 🧩 PHASE: COMPOSER - DOMAIN INTEGRATION SYNTHESIS
[2026-05-01T10:20:59Z] [INFO] 🎨 Domain integrations synthesized: 0
[2026-05-01T10:20:59Z] [SECTION] ============================================================
[2026-05-01T10:20:59Z] [INFO] 🚀 PHASE: ADVANCED OVERNIGHT LOOP
[2026-05-01T10:20:59Z] [INFO] 🔬 Advanced loop completed cycles: 0
[2026-05-01T10:20:59Z] [WARNING] ⚠️  Git commit skipped or failed (git not initialized?): Command '['git', '-C', '/home/avalonas/.hermes/gematria/unified_overnight_research', 'add', '.']' returned non-zero exit status 128.
[2026-05-01T10:20:59Z] [INFO] 
📊 CYCLE #8 SUMMARY
[2026-05-01T10:20:59Z] [INFO] ✅ Successful tasks: 7/7
[2026-05-01T10:20:59Z] [INFO] ⏱️  Cycle duration: 16.21s
[2026-05-01T10:20:59Z] [INFO]    ⚠️ task: result
[2026-05-01T10:20:59Z] [INFO]    ⚠️ task: result
[2026-05-01T10:20:59Z] [INFO]    ⚠️ task: result
[2026-05-01T10:20:59Z] [INFO]    ⚠️ task: result
[2026-05-01T10:20:59Z] [INFO]    ⚠️ task: result
[2026-05-01T10:20:59Z] [INFO]    ⚠️ task: result
[2026-05-01T10:20:59Z] [INFO]    ⚠️ task: result
[2026-05-01T10:20:59Z] [HEADER] ================================================================================
[2026-05-01T10:20:59Z] [INFO] 🔄 OVERNIGHT RESEARCH PIPELINE - CYCLE #9
[2026-05-01T10:20:59Z] [INFO] ================================================================================
[2026-05-01T10:20:59Z] [HEADER] ============================================================
[2026-05-01T10:20:59Z] [INFO] 🌙 STARTING OVERNIGHT RESEARCH CYCLE #9
[2026-05-01T10:20:59Z] [INFO] 🔍 Running overnight research protocol (web scraping + cross-symbol analysis)...
[2026-05-01T10:20:59Z] [INFO] 📊 Cycle duration: 0.17s, Files generated: 1
[2026-05-01T10:20:59Z] [WARNING] ⚠️ Database not initialized for cycle counting
[2026-05-01T10:20:59Z] [INFO] 💾 Database updated with cycle results
[2026-05-01T10:20:59Z] [SECTION] ============================================================
[2026-05-01T10:20:59Z] [INFO] 🔮 PHASE: HIDDEN LAYERING DETECTION
[2026-05-01T10:20:59Z] [INFO] 🔗 Hidden layering detection complete. Connections identified: 2
[2026-05-01T10:20:59Z] [SECTION] ============================================================
[2026-05-01T10:20:59Z] [INFO] 🔬 PHASE: DOMAIN CORRELATION ANALYSIS
[2026-05-01T10:20:59Z] [INFO] 📊 Domain correlation matrices created: 2
[2026-05-01T10:20:59Z] [SECTION] ============================================================
[2026-05-01T10:20:59Z] [INFO] 🖼️  PHASE: IMAGE-SEED ANALYSIS
[2026-05-01T10:20:59Z] [INFO] 📂 Image seed analysis bootstrapping from 0 images...
[2026-05-01T10:20:59Z] [SECTION] ============================================================
[2026-05-01T10:20:59Z] [INFO] 📤 PHASE: PUSH COMPONENTS TO TOLARIA
[2026-05-01T10:21:00Z] [INFO] 📦 Components pushed to Tolaria: 5
[2026-05-01T10:21:00Z] [SECTION] ============================================================
[2026-05-01T10:21:00Z] [INFO] 🧩 PHASE: COMPOSER - DOMAIN INTEGRATION SYNTHESIS
[2026-05-01T10:21:17Z] [INFO] 🎨 Domain integrations synthesized: 0
[2026-05-01T10:21:17Z] [SECTION] ============================================================
[2026-05-01T10:21:17Z] [INFO] 🚀 PHASE: ADVANCED OVERNIGHT LOOP
[2026-05-01T10:22:01Z] [INFO] 🔬 Advanced loop completed cycles: 0
[2026-05-01T10:22:01Z] [WARNING] ⚠️  Git commit skipped or failed (git not initialized?): Command '['git', '-C', '/home/avalonas/.hermes/gematria/unified_overnight_research', 'add', '.']' returned non-zero exit status 128.
[2026-05-01T10:22:01Z] [INFO] 
📊 CYCLE #9 SUMMARY
[2026-05-01T10:22:01Z] [INFO] ✅ Successful tasks: 7/7
[2026-05-01T10:22:01Z] [INFO] ⏱️  Cycle duration: 62.31s
[2026-05-01T10:22:01Z] [INFO]    ⚠️ task: result
[2026-05-01T10:22:01Z] [INFO]    ⚠️ task: result
[2026-05-01T10:22:01Z] [INFO]    ⚠️ task: result
[2026-05-01T10:22:01Z] [INFO]    ⚠️ task: result
[2026-05-01T10:22:01Z] [INFO]    ⚠️ task: result
[2026-05-01T10:22:01Z] [INFO]    ⚠️ task: result
[2026-05-01T10:22:01Z] [INFO]    ⚠️ task: result
[2026-05-01T10:22:01Z] [HEADER] ================================================================================
[2026-05-01T10:22:01Z] [INFO] 🔄 OVERNIGHT RESEARCH PIPELINE - CYCLE #10
[2026-05-01T10:22:01Z] [INFO] ================================================================================
[2026-05-01T10:22:01Z] [HEADER] ============================================================
[2026-05-01T10:22:01Z] [INFO] 🌙 STARTING OVERNIGHT RESEARCH CYCLE #10
[2026-05-01T10:22:01Z] [INFO] 🔍 Running overnight research protocol (web scraping + cross-symbol analysis)...
[2026-05-01T10:22:01Z] [INFO] 📊 Cycle duration: 0.17s, Files generated: 1
[2026-05-01T10:22:01Z] [WARNING] ⚠️ Database not initialized for cycle counting
[2026-05-01T10:22:01Z] [INFO] 💾 Database updated with cycle results
[2026-05-01T10:22:01Z] [SECTION] ============================================================
[2026-05-01T10:22:01Z] [INFO] 🔮 PHASE: HIDDEN LAYERING DETECTION
[2026-05-01T10:22:01Z] [INFO] 🔗 Hidden layering detection complete. Connections identified: 2
[2026-05-01T10:22:01Z] [SECTION] ============================================================
[2026-05-01T10:22:01Z] [INFO] 🔬 PHASE: DOMAIN CORRELATION ANALYSIS
[2026-05-01T10:22:01Z] [INFO] 📊 Domain correlation matrices created: 2
[2026-05-01T10:22:01Z] [SECTION] ============================================================
[2026-05-01T10:22:01Z] [INFO] 🖼️  PHASE: IMAGE-SEED ANALYSIS
[2026-05-01T10:22:01Z] [INFO] 📂 Image seed analysis bootstrapping from 0 images...
[2026-05-01T10:22:01Z] [SECTION] ============================================================
[2026-05-01T10:22:01Z] [INFO] 📤 PHASE: PUSH COMPONENTS TO TOLARIA
[2026-05-01T10:22:04Z] [INFO] 📦 Components pushed to Tolaria: 5
[2026-05-01T10:22:04Z] [SECTION] ============================================================
[2026-05-01T10:22:04Z] [INFO] 🧩 PHASE: COMPOSER - DOMAIN INTEGRATION SYNTHESIS
[2026-05-01T10:22:13Z] [INFO] 🎨 Domain integrations synthesized: 0
[2026-05-01T10:22:13Z] [SECTION] ============================================================
[2026-05-01T10:22:13Z] [INFO] 🚀 PHASE: ADVANCED OVERNIGHT LOOP
[2026-05-01T10:22:58Z] [INFO] 🔬 Advanced loop completed cycles: 0
[2026-05-01T10:22:58Z] [WARNING] ⚠️  Git commit skipped or failed (git not initialized?): Command '['git', '-C', '/home/avalonas/.hermes/gematria/unified_overnight_research', 'add', '.']' returned non-zero exit status 128.
[2026-05-01T10:22:58Z] [INFO] 
📊 CYCLE #10 SUMMARY
[2026-05-01T10:22:58Z] [INFO] ✅ Successful tasks: 7/7
[2026-05-01T10:22:58Z] [INFO] ⏱️  Cycle duration: 56.56s
[2026-05-01T10:22:58Z] [INFO]    ⚠️ task: result
[2026-05-01T10:22:58Z] [INFO]    ⚠️ task: result
[2026-05-01T10:22:58Z] [INFO]    ⚠️ task: result
[2026-05-01T10:22:58Z] [INFO]    ⚠️ task: result
[2026-05-01T10:22:58Z] [INFO]    ⚠️ task: result
[2026-05-01T10:22:58Z] [INFO]    ⚠️ task: result
[2026-05-01T10:22:58Z] [INFO]    ⚠️ task: result
[2026-05-01T10:22:58Z] [HEADER] ================================================================================
[2026-05-01T10:22:58Z] [INFO] 🔄 OVERNIGHT RESEARCH PIPELINE - CYCLE #11
[2026-05-01T10:22:58Z] [INFO] ================================================================================
[2026-05-01T10:22:58Z] [HEADER] ============================================================
[2026-05-01T10:22:58Z] [INFO] 🌙 STARTING OVERNIGHT RESEARCH CYCLE #11
[2026-05-01T10:22:58Z] [INFO] 🔍 Running overnight research protocol (web scraping + cross-symbol analysis)...
[2026-05-01T10:22:58Z] [INFO] 📊 Cycle duration: 0.17s, Files generated: 1
[2026-05-01T10:22:58Z] [WARNING] ⚠️ Database not initialized for cycle counting
[2026-05-01T10:22:58Z] [INFO] 💾 Database updated with cycle results
[2026-05-01T10:22:58Z] [SECTION] ============================================================
[2026-05-01T10:22:58Z] [INFO] 🔮 PHASE: HIDDEN LAYERING DETECTION
[2026-05-01T10:22:58Z] [INFO] 🔗 Hidden layering detection complete. Connections identified: 2
[2026-05-01T10:22:58Z] [SECTION] ============================================================
[2026-05-01T10:22:58Z] [INFO] 🔬 PHASE: DOMAIN CORRELATION ANALYSIS
[2026-05-01T10:22:58Z] [INFO] 📊 Domain correlation matrices created: 2
[2026-05-01T10:22:58Z] [SECTION] ============================================================
[2026-05-01T10:22:58Z] [INFO] 🖼️  PHASE: IMAGE-SEED ANALYSIS
[2026-05-01T10:22:58Z] [INFO] 📂 Image seed analysis bootstrapping from 0 images...
[2026-05-01T10:22:58Z] [SECTION] ============================================================
[2026-05-01T10:22:58Z] [INFO] 📤 PHASE: PUSH COMPONENTS TO TOLARIA
[2026-05-01T10:22:59Z] [INFO] 📦 Components pushed to Tolaria: 5
[2026-05-01T10:22:59Z] [SECTION] ============================================================
[2026-05-01T10:22:59Z] [INFO] 🧩 PHASE: COMPOSER - DOMAIN INTEGRATION SYNTHESIS
[2026-05-01T10:23:14Z] [INFO] 🎨 Domain integrations synthesized: 0
[2026-05-01T10:23:14Z] [SECTION] ============================================================
[2026-05-01T10:23:14Z] [INFO] 🚀 PHASE: ADVANCED OVERNIGHT LOOP
[2026-05-01T10:23:55Z] [INFO] 🔬 Advanced loop completed cycles: 0
[2026-05-01T10:23:55Z] [WARNING] ⚠️  Git commit skipped or failed (git not initialized?): Command '['git', '-C', '/home/avalonas/.hermes/gematria/unified_overnight_research', 'commit', '-m', '[2026-05-01T10:23:55Z] Cycle 10: Cycle 11: Web research + hidden layering detection']' returned non-zero exit status 1.
[2026-05-01T10:23:55Z] [INFO] 
📊 CYCLE #11 SUMMARY
[2026-05-01T10:23:55Z] [INFO] ✅ Successful tasks: 7/7
[2026-05-01T10:23:55Z] [INFO] ⏱️  Cycle duration: 57.06s
[2026-05-01T10:23:55Z] [INFO]    ⚠️ task: result
[2026-05-01T10:23:55Z] [INFO]    ⚠️ task: result
[2026-05-01T10:23:55Z] [INFO]    ⚠️ task: result
[2026-05-01T10:23:55Z] [INFO]    ⚠️ task: result
[2026-05-01T10:23:55Z] [INFO]    ⚠️ task: result
[2026-05-01T10:23:55Z] [INFO]    ⚠️ task: result
[2026-05-01T10:23:55Z] [INFO]    ⚠️ task: result
[2026-05-01T10:23:55Z] [HEADER] ================================================================================
[2026-05-01T10:23:55Z] [INFO] 🔄 OVERNIGHT RESEARCH PIPELINE - CYCLE #12
[2026-05-01T10:23:55Z] [INFO] ================================================================================
[2026-05-01T10:23:55Z] [HEADER] ============================================================
[2026-05-01T10:23:55Z] [INFO] 🌙 STARTING OVERNIGHT RESEARCH CYCLE #12
[2026-05-01T10:23:55Z] [INFO] 🔍 Running overnight research protocol (web scraping + cross-symbol analysis)...
[2026-05-01T10:23:55Z] [INFO] 📊 Cycle duration: 0.12s, Files generated: 1
[2026-05-01T10:23:55Z] [WARNING] ⚠️ Database not initialized for cycle counting
[2026-05-01T10:23:55Z] [INFO] 💾 Database updated with cycle results
[2026-05-01T10:23:55Z] [SECTION] ============================================================
[2026-05-01T10:23:55Z] [INFO] 🔮 PHASE: HIDDEN LAYERING DETECTION
[2026-05-01T10:23:55Z] [INFO] 🔗 Hidden layering detection complete. Connections identified: 2
[2026-05-01T10:23:55Z] [SECTION] ============================================================
[2026-05-01T10:23:55Z] [INFO] 🔬 PHASE: DOMAIN CORRELATION ANALYSIS
[2026-05-01T10:23:55Z] [INFO] 📊 Domain correlation matrices created: 2
[2026-05-01T10:23:55Z] [SECTION] ============================================================
[2026-05-01T10:23:55Z] [INFO] 🖼️  PHASE: IMAGE-SEED ANALYSIS
[2026-05-01T10:23:55Z] [INFO] 📂 Image seed analysis bootstrapping from 0 images...
[2026-05-01T10:23:55Z] [SECTION] ============================================================
[2026-05-01T10:23:55Z] [INFO] 📤 PHASE: PUSH COMPONENTS TO TOLARIA
[2026-05-01T10:23:56Z] [INFO] 📦 Components pushed to Tolaria: 5
[2026-05-01T10:23:56Z] [SECTION] ============================================================
[2026-05-01T10:23:56Z] [INFO] 🧩 PHASE: COMPOSER - DOMAIN INTEGRATION SYNTHESIS
[2026-05-01T10:24:11Z] [INFO] 🎨 Domain integrations synthesized: 0
[2026-05-01T10:24:11Z] [SECTION] ============================================================
[2026-05-01T10:24:11Z] [INFO] 🚀 PHASE: ADVANCED OVERNIGHT LOOP
[2026-05-01T10:24:57Z] [INFO] 🔬 Advanced loop completed cycles: 0
[2026-05-01T10:24:57Z] [WARNING] ⚠️  Git commit skipped or failed (git not initialized?): Command '['git', '-C', '/home/avalonas/.hermes/gematria/unified_overnight_research', 'add', '.']' returned non-zero exit status 128.
[2026-05-01T10:24:57Z] [INFO] 
📊 CYCLE #12 SUMMARY
[2026-05-01T10:24:57Z] [INFO] ✅ Successful tasks: 7/7
[2026-05-01T10:24:57Z] [INFO] ⏱️  Cycle duration: 61.92s
[2026-05-01T10:24:57Z] [INFO]    ⚠️ task: result
[2026-05-01T10:24:57Z] [INFO]    ⚠️ task: result
[2026-05-01T10:24:57Z] [INFO]    ⚠️ task: result
[2026-05-01T10:24:57Z] [INFO]    ⚠️ task: result
[2026-05-01T10:24:57Z] [INFO]    ⚠️ task: result
[2026-05-01T10:24:57Z] [INFO]    ⚠️ task: result
[2026-05-01T10:24:57Z] [INFO]    ⚠️ task: result
[2026-05-01T10:24:57Z] [HEADER] ================================================================================
[2026-05-01T10:24:57Z] [INFO] 🔄 OVERNIGHT RESEARCH PIPELINE - CYCLE #13
[2026-05-01T10:24:57Z] [INFO] ================================================================================
[2026-05-01T10:24:57Z] [HEADER] ============================================================
[2026-05-01T10:24:57Z] [INFO] 🌙 STARTING OVERNIGHT RESEARCH CYCLE #13
[2026-05-01T10:24:57Z] [INFO] 🔍 Running overnight research protocol (web scraping + cross-symbol analysis)...
[2026-05-01T10:24:57Z] [INFO] 📊 Cycle duration: 0.17s, Files generated: 1
[2026-05-01T10:24:57Z] [WARNING] ⚠️ Database not initialized for cycle counting
[2026-05-01T10:24:57Z] [INFO] 💾 Database updated with cycle results
[2026-05-01T10:24:57Z] [SECTION] ============================================================
[2026-05-01T10:24:57Z] [INFO] 🔮 PHASE: HIDDEN LAYERING DETECTION
[2026-05-01T10:24:57Z] [INFO] 🔗 Hidden layering detection complete. Connections identified: 2
[2026-05-01T10:24:57Z] [SECTION] ============================================================
[2026-05-01T10:24:57Z] [INFO] 🔬 PHASE: DOMAIN CORRELATION ANALYSIS
[2026-05-01T10:24:57Z] [INFO] 📊 Domain correlation matrices created: 2
[2026-05-01T10:24:57Z] [SECTION] ============================================================
[2026-05-01T10:24:57Z] [INFO] 🖼️  PHASE: IMAGE-SEED ANALYSIS
[2026-05-01T10:24:57Z] [INFO] 📂 Image seed analysis bootstrapping from 0 images...
[2026-05-01T10:24:57Z] [SECTION] ============================================================
[2026-05-01T10:24:57Z] [INFO] 📤 PHASE: PUSH COMPONENTS TO TOLARIA
[2026-05-01T10:24:58Z] [INFO] 📦 Components pushed to Tolaria: 5
[2026-05-01T10:24:58Z] [SECTION] ============================================================
[2026-05-01T10:24:58Z] [INFO] 🧩 PHASE: COMPOSER - DOMAIN INTEGRATION SYNTHESIS
[2026-05-01T10:25:10Z] [INFO] 🎨 Domain integrations synthesized: 0
[2026-05-01T10:25:10Z] [SECTION] ============================================================
[2026-05-01T10:25:10Z] [INFO] 🚀 PHASE: ADVANCED OVERNIGHT LOOP
[2026-05-01T10:26:01Z] [INFO] 🔬 Advanced loop completed cycles: 0
[2026-05-01T10:26:01Z] [WARNING] ⚠️  Git commit skipped or failed (git not initialized?): Command '['git', '-C', '/home/avalonas/.hermes/gematria/unified_overnight_research', 'add', '.']' returned non-zero exit status 128.
[2026-05-01T10:26:01Z] [INFO] 
📊 CYCLE #13 SUMMARY
[2026-05-01T10:26:01Z] [INFO] ✅ Successful tasks: 7/7
[2026-05-01T10:26:01Z] [INFO] ⏱️  Cycle duration: 64.52s
[2026-05-01T10:26:01Z] [INFO]    ⚠️ task: result
[2026-05-01T10:26:01Z] [INFO]    ⚠️ task: result
[2026-05-01T10:26:01Z] [INFO]    ⚠️ task: result
[2026-05-01T10:26:01Z] [INFO]    ⚠️ task: result
[2026-05-01T10:26:01Z] [INFO]    ⚠️ task: result
[2026-05-01T10:26:01Z] [INFO]    ⚠️ task: result
[2026-05-01T10:26:01Z] [INFO]    ⚠️ task: result
[2026-05-01T10:26:01Z] [HEADER] ================================================================================
[2026-05-01T10:26:01Z] [INFO] 🔄 OVERNIGHT RESEARCH PIPELINE - CYCLE #14
[2026-05-01T10:26:01Z] [INFO] ================================================================================
[2026-05-01T10:26:01Z] [HEADER] ============================================================
[2026-05-01T10:26:01Z] [INFO] 🌙 STARTING OVERNIGHT RESEARCH CYCLE #14
[2026-05-01T10:26:01Z] [INFO] 🔍 Running overnight research protocol (web scraping + cross-symbol analysis)...
[2026-05-01T10:26:01Z] [INFO] 📊 Cycle duration: 0.16s, Files generated: 1
[2026-05-01T10:26:01Z] [WARNING] ⚠️ Database not initialized for cycle counting
[2026-05-01T10:26:01Z] [INFO] 💾 Database updated with cycle results
[2026-05-01T10:26:01Z] [SECTION] ============================================================
[2026-05-01T10:26:01Z] [INFO] 🔮 PHASE: HIDDEN LAYERING DETECTION
[2026-05-01T10:26:01Z] [INFO] 🔗 Hidden layering detection complete. Connections identified: 2
[2026-05-01T10:26:01Z] [SECTION] ============================================================
[2026-05-01T10:26:01Z] [INFO] 🔬 PHASE: DOMAIN CORRELATION ANALYSIS
[2026-05-01T10:26:01Z] [INFO] 📊 Domain correlation matrices created: 2
[2026-05-01T10:26:01Z] [SECTION] ============================================================
[2026-05-01T10:26:01Z] [INFO] 🖼️  PHASE: IMAGE-SEED ANALYSIS
[2026-05-01T10:26:01Z] [INFO] 📂 Image seed analysis bootstrapping from 0 images...
[2026-05-01T10:26:02Z] [SECTION] ============================================================
[2026-05-01T10:26:02Z] [INFO] 📤 PHASE: PUSH COMPONENTS TO TOLARIA
[2026-05-01T10:26:02Z] [INFO] 📦 Components pushed to Tolaria: 5
[2026-05-01T10:26:02Z] [SECTION] ============================================================
[2026-05-01T10:26:02Z] [INFO] 🧩 PHASE: COMPOSER - DOMAIN INTEGRATION SYNTHESIS
[2026-05-01T10:26:13Z] [INFO] 🎨 Domain integrations synthesized: 0
[2026-05-01T10:26:13Z] [SECTION] ============================================================
[2026-05-01T10:26:13Z] [INFO] 🚀 PHASE: ADVANCED OVERNIGHT LOOP
[2026-05-01T10:26:55Z] [INFO] 🔬 Advanced loop completed cycles: 0
[2026-05-01T10:26:55Z] [WARNING] ⚠️  Git commit skipped or failed (git not initialized?): Command '['git', '-C', '/home/avalonas/.hermes/gematria/unified_overnight_research', 'add', '.']' returned non-zero exit status 128.
[2026-05-01T10:26:55Z] [INFO] 
📊 CYCLE #14 SUMMARY
[2026-05-01T10:26:55Z] [INFO] ✅ Successful tasks: 7/7
[2026-05-01T10:26:55Z] [INFO] ⏱️  Cycle duration: 53.51s
[2026-05-01T10:26:55Z] [INFO]    ⚠️ task: result
[2026-05-01T10:26:55Z] [INFO]    ⚠️ task: result
[2026-05-01T10:26:55Z] [INFO]    ⚠️ task: result
[2026-05-01T10:26:55Z] [INFO]    ⚠️ task: result
[2026-05-01T10:26:55Z] [INFO]    ⚠️ task: result
[2026-05-01T10:26:55Z] [INFO]    ⚠️ task: result
[2026-05-01T10:26:55Z] [INFO]    ⚠️ task: result
[2026-05-01T10:26:55Z] [HEADER] ================================================================================
[2026-05-01T10:26:55Z] [INFO] 🔄 OVERNIGHT RESEARCH PIPELINE - CYCLE #15
[2026-05-01T10:26:55Z] [INFO] ================================================================================
[2026-05-01T10:26:55Z] [HEADER] ============================================================
[2026-05-01T10:26:55Z] [INFO] 🌙 STARTING OVERNIGHT RESEARCH CYCLE #15
[2026-05-01T10:26:55Z] [INFO] 🔍 Running overnight research protocol (web scraping + cross-symbol analysis)...
[2026-05-01T10:26:55Z] [INFO] 📊 Cycle duration: 0.18s, Files generated: 1
[2026-05-01T10:26:55Z] [WARNING] ⚠️ Database not initialized for cycle counting
[2026-05-01T10:26:55Z] [INFO] 💾 Database updated with cycle results
[2026-05-01T10:26:55Z] [SECTION] ============================================================
[2026-05-01T10:26:55Z] [INFO] 🔮 PHASE: HIDDEN LAYERING DETECTION
[2026-05-01T10:26:55Z] [INFO] 🔗 Hidden layering detection complete. Connections identified: 2
[2026-05-01T10:26:55Z] [SECTION] ============================================================
[2026-05-01T10:26:55Z] [INFO] 🔬 PHASE: DOMAIN CORRELATION ANALYSIS
[2026-05-01T10:26:55Z] [INFO] 📊 Domain correlation matrices created: 2
[2026-05-01T10:26:55Z] [SECTION] ============================================================
[2026-05-01T10:26:55Z] [INFO] 🖼️  PHASE: IMAGE-SEED ANALYSIS
[2026-05-01T10:26:55Z] [INFO] 📂 Image seed analysis bootstrapping from 0 images...
[2026-05-01T10:26:55Z] [SECTION] ============================================================
[2026-05-01T10:26:55Z] [INFO] 📤 PHASE: PUSH COMPONENTS TO TOLARIA
[2026-05-01T10:26:56Z] [INFO] 📦 Components pushed to Tolaria: 5
[2026-05-01T10:26:56Z] [SECTION] ============================================================
[2026-05-01T10:26:56Z] [INFO] 🧩 PHASE: COMPOSER - DOMAIN INTEGRATION SYNTHESIS
[2026-05-01T10:27:15Z] [INFO] 🎨 Domain integrations synthesized: 0
[2026-05-01T10:27:15Z] [SECTION] ============================================================
[2026-05-01T10:27:15Z] [INFO] 🚀 PHASE: ADVANCED OVERNIGHT LOOP
[2026-05-01T10:28:02Z] [INFO] 🔬 Advanced loop completed cycles: 0
[2026-05-01T10:28:02Z] [WARNING] ⚠️  Git commit skipped or failed (git not initialized?): Command '['git', '-C', '/home/avalonas/.hermes/gematria/unified_overnight_research', 'commit', '-m', '[2026-05-01T10:28:02Z] Cycle 14: Cycle 15: Web research + hidden layering detection']' returned non-zero exit status 1.
[2026-05-01T10:28:02Z] [INFO] 
📊 CYCLE #15 SUMMARY
[2026-05-01T10:28:02Z] [INFO] ✅ Successful tasks: 7/7
[2026-05-01T10:28:02Z] [INFO] ⏱️  Cycle duration: 66.87s
[2026-05-01T10:28:02Z] [INFO]    ⚠️ task: result
[2026-05-01T10:28:02Z] [INFO]    ⚠️ task: result
[2026-05-01T10:28:02Z] [INFO]    ⚠️ task: result
[2026-05-01T10:28:02Z] [INFO]    ⚠️ task: result
[2026-05-01T10:28:02Z] [INFO]    ⚠️ task: result
[2026-05-01T10:28:02Z] [INFO]    ⚠️ task: result
[2026-05-01T10:28:02Z] [INFO]    ⚠️ task: result
[2026-05-01T10:28:02Z] [HEADER] ================================================================================
[2026-05-01T10:28:02Z] [INFO] 🔄 OVERNIGHT RESEARCH PIPELINE - CYCLE #16
[2026-05-01T10:28:02Z] [INFO] ================================================================================
[2026-05-01T10:28:02Z] [HEADER] ============================================================
[2026-05-01T10:28:02Z] [INFO] 🌙 STARTING OVERNIGHT RESEARCH CYCLE #16
[2026-05-01T10:28:02Z] [INFO] 🔍 Running overnight research protocol (web scraping + cross-symbol analysis)...
[2026-05-01T10:28:02Z] [INFO] 📊 Cycle duration: 0.17s, Files generated: 1
[2026-05-01T10:28:02Z] [WARNING] ⚠️ Database not initialized for cycle counting
[2026-05-01T10:28:02Z] [INFO] 💾 Database updated with cycle results
[2026-05-01T10:28:02Z] [SECTION] ============================================================
[2026-05-01T10:28:02Z] [INFO] 🔮 PHASE: HIDDEN LAYERING DETECTION
[2026-05-01T10:28:02Z] [INFO] 🔗 Hidden layering detection complete. Connections identified: 2
[2026-05-01T10:28:02Z] [SECTION] ============================================================
[2026-05-01T10:28:02Z] [INFO] 🔬 PHASE: DOMAIN CORRELATION ANALYSIS
[2026-05-01T10:28:02Z] [INFO] 📊 Domain correlation matrices created: 2
[2026-05-01T10:28:02Z] [SECTION] ============================================================
[2026-05-01T10:28:02Z] [INFO] 🖼️  PHASE: IMAGE-SEED ANALYSIS
[2026-05-01T10:28:02Z] [INFO] 📂 Image seed analysis bootstrapping from 0 images...
[2026-05-01T10:28:02Z] [SECTION] ============================================================
[2026-05-01T10:28:02Z] [INFO] 📤 PHASE: PUSH COMPONENTS TO TOLARIA
[2026-05-01T10:28:03Z] [INFO] 📦 Components pushed to Tolaria: 5
[2026-05-01T10:28:03Z] [SECTION] ============================================================
[2026-05-01T10:28:03Z] [INFO] 🧩 PHASE: COMPOSER - DOMAIN INTEGRATION SYNTHESIS
[2026-05-01T10:28:18Z] [INFO] 🎨 Domain integrations synthesized: 0
[2026-05-01T10:28:18Z] [SECTION] ============================================================
[2026-05-01T10:28:18Z] [INFO] 🚀 PHASE: ADVANCED OVERNIGHT LOOP
[2026-05-01T10:29:02Z] [INFO] 🔬 Advanced loop completed cycles: 0
[2026-05-01T10:29:02Z] [WARNING] ⚠️  Git commit skipped or failed (git not initialized?): Command '['git', '-C', '/home/avalonas/.hermes/gematria/unified_overnight_research', 'add', '.']' returned non-zero exit status 128.
[2026-05-01T10:29:02Z] [INFO] 
📊 CYCLE #16 SUMMARY
[2026-05-01T10:29:02Z] [INFO] ✅ Successful tasks: 7/7
[2026-05-01T10:29:02Z] [INFO] ⏱️  Cycle duration: 60.30s
[2026-05-01T10:29:02Z] [INFO]    ⚠️ task: result
[2026-05-01T10:29:02Z] [INFO]    ⚠️ task: result
[2026-05-01T10:29:02Z] [INFO]    ⚠️ task: result
[2026-05-01T10:29:02Z] [INFO]    ⚠️ task: result
[2026-05-01T10:29:02Z] [INFO]    ⚠️ task: result
[2026-05-01T10:29:02Z] [INFO]    ⚠️ task: result
[2026-05-01T10:29:02Z] [INFO]    ⚠️ task: result
[2026-05-01T10:29:02Z] [HEADER] ================================================================================
[2026-05-01T10:29:02Z] [INFO] 🔄 OVERNIGHT RESEARCH PIPELINE - CYCLE #17
[2026-05-01T10:29:02Z] [INFO] ================================================================================
[2026-05-01T10:29:02Z] [HEADER] ============================================================
[2026-05-01T10:29:02Z] [INFO] 🌙 STARTING OVERNIGHT RESEARCH CYCLE #17
[2026-05-01T10:29:02Z] [INFO] 🔍 Running overnight research protocol (web scraping + cross-symbol analysis)...
[2026-05-01T10:29:02Z] [INFO] 📊 Cycle duration: 0.21s, Files generated: 0
[2026-05-01T10:29:02Z] [WARNING] ⚠️ Database not initialized for cycle counting
[2026-05-01T10:29:02Z] [INFO] 💾 Database updated with cycle results
[2026-05-01T10:29:02Z] [SECTION] ============================================================
[2026-05-01T10:29:02Z] [INFO] 🔮 PHASE: HIDDEN LAYERING DETECTION
[2026-05-01T10:29:02Z] [INFO] 🔗 Hidden layering detection complete. Connections identified: 2
[2026-05-01T10:29:02Z] [SECTION] ============================================================
[2026-05-01T10:29:02Z] [INFO] 🔬 PHASE: DOMAIN CORRELATION ANALYSIS
[2026-05-01T10:29:02Z] [INFO] 📊 Domain correlation matrices created: 2
[2026-05-01T10:29:02Z] [SECTION] ============================================================
[2026-05-01T10:29:02Z] [INFO] 🖼️  PHASE: IMAGE-SEED ANALYSIS
[2026-05-01T10:29:02Z] [INFO] 📂 Image seed analysis bootstrapping from 0 images...
[2026-05-01T10:29:02Z] [SECTION] ============================================================
[2026-05-01T10:29:02Z] [INFO] 📤 PHASE: PUSH COMPONENTS TO TOLARIA
[2026-05-01T10:29:03Z] [INFO] 📦 Components pushed to Tolaria: 5
[2026-05-01T10:29:03Z] [SECTION] ============================================================
[2026-05-01T10:29:03Z] [INFO] 🧩 PHASE: COMPOSER - DOMAIN INTEGRATION SYNTHESIS
[2026-05-01T10:29:13Z] [INFO] 🎨 Domain integrations synthesized: 0
[2026-05-01T10:29:13Z] [SECTION] ============================================================
[2026-05-01T10:29:13Z] [INFO] 🚀 PHASE: ADVANCED OVERNIGHT LOOP
[2026-05-01T10:29:14Z] [INFO] 🔬 Advanced loop completed cycles: 0
[2026-05-01T10:29:14Z] [WARNING] ⚠️  Git commit skipped or failed (git not initialized?): Command '['git', '-C', '/home/avalonas/.hermes/gematria/unified_overnight_research', 'add', '.']' returned non-zero exit status 128.
[2026-05-01T10:29:14Z] [INFO] 
📊 CYCLE #17 SUMMARY
[2026-05-01T10:29:14Z] [INFO] ✅ Successful tasks: 7/7
[2026-05-01T10:29:14Z] [INFO] ⏱️  Cycle duration: 11.72s
[2026-05-01T10:29:14Z] [INFO]    ⚠️ task: result
[2026-05-01T10:29:14Z] [INFO]    ⚠️ task: result
[2026-05-01T10:29:14Z] [INFO]    ⚠️ task: result
[2026-05-01T10:29:14Z] [INFO]    ⚠️ task: result
[2026-05-01T10:29:14Z] [INFO]    ⚠️ task: result
[2026-05-01T10:29:14Z] [INFO]    ⚠️ task: result
[2026-05-01T10:29:14Z] [INFO]    ⚠️ task: result
[2026-05-01T10:29:14Z] [HEADER] ================================================================================
[2026-05-01T10:29:14Z] [INFO] 🔄 OVERNIGHT RESEARCH PIPELINE - CYCLE #18
[2026-05-01T10:29:14Z] [INFO] ================================================================================
[2026-05-01T10:29:14Z] [HEADER] ============================================================
[2026-05-01T10:29:14Z] [INFO] 🌙 STARTING OVERNIGHT RESEARCH CYCLE #18
[2026-05-01T10:29:14Z] [INFO] 🔍 Running overnight research protocol (web scraping + cross-symbol analysis)...
[2026-05-01T10:29:14Z] [INFO] 📊 Cycle duration: 0.17s, Files generated: 0
[2026-05-01T10:29:14Z] [WARNING] ⚠️ Database not initialized for cycle counting
[2026-05-01T10:29:14Z] [INFO] 💾 Database updated with cycle results
[2026-05-01T10:29:14Z] [SECTION] ============================================================
[2026-05-01T10:29:14Z] [INFO] 🔮 PHASE: HIDDEN LAYERING DETECTION
[2026-05-01T10:29:14Z] [INFO] 🔗 Hidden layering detection complete. Connections identified: 2
[2026-05-01T10:29:14Z] [SECTION] ============================================================
[2026-05-01T10:29:14Z] [INFO] 🔬 PHASE: DOMAIN CORRELATION ANALYSIS
[2026-05-01T10:29:14Z] [INFO] 📊 Domain correlation matrices created: 2
[2026-05-01T10:29:14Z] [SECTION] ============================================================
[2026-05-01T10:29:14Z] [INFO] 🖼️  PHASE: IMAGE-SEED ANALYSIS
[2026-05-01T10:29:14Z] [INFO] 📂 Image seed analysis bootstrapping from 0 images...
[2026-05-01T10:29:14Z] [SECTION] ============================================================
[2026-05-01T10:29:14Z] [INFO] 📤 PHASE: PUSH COMPONENTS TO TOLARIA
[2026-05-01T10:29:15Z] [INFO] 📦 Components pushed to Tolaria: 5
[2026-05-01T10:29:15Z] [SECTION] ============================================================
[2026-05-01T10:29:15Z] [INFO] 🧩 PHASE: COMPOSER - DOMAIN INTEGRATION SYNTHESIS
[2026-05-01T10:29:34Z] [INFO] 🎨 Domain integrations synthesized: 0
[2026-05-01T10:29:34Z] [SECTION] ============================================================
[2026-05-01T10:29:34Z] [INFO] 🚀 PHASE: ADVANCED OVERNIGHT LOOP
[2026-05-01T10:30:20Z] [INFO] 🔬 Advanced loop completed cycles: 0
[2026-05-01T10:30:20Z] [WARNING] ⚠️  Git commit skipped or failed (git not initialized?): Command '['git', '-C', '/home/avalonas/.hermes/gematria/unified_overnight_research', 'commit', '-m', '[2026-05-01T10:30:20Z] Cycle 17: Cycle 18: Web research + hidden layering detection']' returned non-zero exit status 1.
[2026-05-01T10:30:20Z] [INFO] 
📊 CYCLE #18 SUMMARY
[2026-05-01T10:30:20Z] [INFO] ✅ Successful tasks: 7/7
[2026-05-01T10:30:20Z] [INFO] ⏱️  Cycle duration: 66.44s
[2026-05-01T10:30:20Z] [INFO]    ⚠️ task: result
[2026-05-01T10:30:20Z] [INFO]    ⚠️ task: result
[2026-05-01T10:30:20Z] [INFO]    ⚠️ task: result
[2026-05-01T10:30:20Z] [INFO]    ⚠️ task: result
[2026-05-01T10:30:20Z] [INFO]    ⚠️ task: result
[2026-05-01T10:30:20Z] [INFO]    ⚠️ task: result
[2026-05-01T10:30:20Z] [INFO]    ⚠️ task: result
[2026-05-01T10:30:20Z] [HEADER] ================================================================================
[2026-05-01T10:30:20Z] [INFO] 🔄 OVERNIGHT RESEARCH PIPELINE - CYCLE #19
[2026-05-01T10:30:20Z] [INFO] ================================================================================
[2026-05-01T10:30:20Z] [HEADER] ============================================================
[2026-05-01T10:30:20Z] [INFO] 🌙 STARTING OVERNIGHT RESEARCH CYCLE #19
[2026-05-01T10:30:20Z] [INFO] 🔍 Running overnight research protocol (web scraping + cross-symbol analysis)...
[2026-05-01T10:30:20Z] [INFO] 📊 Cycle duration: 0.13s, Files generated: 1
[2026-05-01T10:30:20Z] [WARNING] ⚠️ Database not initialized for cycle counting
[2026-05-01T10:30:20Z] [INFO] 💾 Database updated with cycle results
[2026-05-01T10:30:20Z] [SECTION] ============================================================
[2026-05-01T10:30:20Z] [INFO] 🔮 PHASE: HIDDEN LAYERING DETECTION
[2026-05-01T10:30:20Z] [INFO] 🔗 Hidden layering detection complete. Connections identified: 2
[2026-05-01T10:30:20Z] [SECTION] ============================================================
[2026-05-01T10:30:20Z] [INFO] 🔬 PHASE: DOMAIN CORRELATION ANALYSIS
[2026-05-01T10:30:20Z] [INFO] 📊 Domain correlation matrices created: 2
[2026-05-01T10:30:20Z] [SECTION] ============================================================
[2026-05-01T10:30:20Z] [INFO] 🖼️  PHASE: IMAGE-SEED ANALYSIS
[2026-05-01T10:30:20Z] [INFO] 📂 Image seed analysis bootstrapping from 0 images...
[2026-05-01T10:30:20Z] [SECTION] ============================================================
[2026-05-01T10:30:20Z] [INFO] 📤 PHASE: PUSH COMPONENTS TO TOLARIA
[2026-05-01T10:30:21Z] [INFO] 📦 Components pushed to Tolaria: 5
[2026-05-01T10:30:21Z] [SECTION] ============================================================
[2026-05-01T10:30:21Z] [INFO] 🧩 PHASE: COMPOSER - DOMAIN INTEGRATION SYNTHESIS
[2026-05-01T10:30:40Z] [INFO] 🎨 Domain integrations synthesized: 0
[2026-05-01T10:30:40Z] [SECTION] ============================================================
[2026-05-01T10:30:40Z] [INFO] 🚀 PHASE: ADVANCED OVERNIGHT LOOP
[2026-05-01T10:31:25Z] [INFO] 🔬 Advanced loop completed cycles: 0
[2026-05-01T10:31:25Z] [WARNING] ⚠️  Git commit skipped or failed (git not initialized?): Command '['git', '-C', '/home/avalonas/.hermes/gematria/unified_overnight_research', 'commit', '-m', '[2026-05-01T10:31:25Z] Cycle 18: Cycle 19: Web research + hidden layering detection']' returned non-zero exit status 1.
[2026-05-01T10:31:25Z] [INFO] 
📊 CYCLE #19 SUMMARY
[2026-05-01T10:31:25Z] [INFO] ✅ Successful tasks: 7/7
[2026-05-01T10:31:25Z] [INFO] ⏱️  Cycle duration: 64.97s
[2026-05-01T10:31:25Z] [INFO]    ⚠️ task: result
[2026-05-01T10:31:25Z] [INFO]    ⚠️ task: result
[2026-05-01T10:31:25Z] [INFO]    ⚠️ task: result
[2026-05-01T10:31:25Z] [INFO]    ⚠️ task: result
[2026-05-01T10:31:25Z] [INFO]    ⚠️ task: result
[2026-05-01T10:31:25Z] [INFO]    ⚠️ task: result
[2026-05-01T10:31:25Z] [INFO]    ⚠️ task: result
[2026-05-01T10:31:25Z] [HEADER] ================================================================================
[2026-05-01T10:31:25Z] [INFO] 🔄 OVERNIGHT RESEARCH PIPELINE - CYCLE #20
[2026-05-01T10:31:25Z] [INFO] ================================================================================
[2026-05-01T10:31:25Z] [HEADER] ============================================================
[2026-05-01T10:31:25Z] [INFO] 🌙 STARTING OVERNIGHT RESEARCH CYCLE #20
[2026-05-01T10:31:25Z] [INFO] 🔍 Running overnight research protocol (web scraping + cross-symbol analysis)...
[2026-05-01T10:31:25Z] [INFO] 📊 Cycle duration: 0.15s, Files generated: 1
[2026-05-01T10:31:25Z] [WARNING] ⚠️ Database not initialized for cycle counting
[2026-05-01T10:31:25Z] [INFO] 💾 Database updated with cycle results
[2026-05-01T10:31:25Z] [SECTION] ============================================================
[2026-05-01T10:31:25Z] [INFO] 🔮 PHASE: HIDDEN LAYERING DETECTION
[2026-05-01T10:31:25Z] [INFO] 🔗 Hidden layering detection complete. Connections identified: 2
[2026-05-01T10:31:25Z] [SECTION] ============================================================
[2026-05-01T10:31:25Z] [INFO] 🔬 PHASE: DOMAIN CORRELATION ANALYSIS
[2026-05-01T10:31:25Z] [INFO] 📊 Domain correlation matrices created: 2
[2026-05-01T10:31:25Z] [SECTION] ============================================================
[2026-05-01T10:31:25Z] [INFO] 🖼️  PHASE: IMAGE-SEED ANALYSIS
[2026-05-01T10:31:25Z] [INFO] 📂 Image seed analysis bootstrapping from 0 images...
[2026-05-01T10:31:25Z] [SECTION] ============================================================
[2026-05-01T10:31:25Z] [INFO] 📤 PHASE: PUSH COMPONENTS TO TOLARIA
[2026-05-01T10:31:26Z] [INFO] 📦 Components pushed to Tolaria: 5
[2026-05-01T10:31:26Z] [SECTION] ============================================================
[2026-05-01T10:31:26Z] [INFO] 🧩 PHASE: COMPOSER - DOMAIN INTEGRATION SYNTHESIS
[2026-05-01T10:31:43Z] [INFO] 🎨 Domain integrations synthesized: 0
[2026-05-01T10:31:43Z] [SECTION] ============================================================
[2026-05-01T10:31:43Z] [INFO] 🚀 PHASE: ADVANCED OVERNIGHT LOOP
[2026-05-01T10:32:27Z] [INFO] 🔬 Advanced loop completed cycles: 0
[2026-05-01T10:32:27Z] [WARNING] ⚠️  Git commit skipped or failed (git not initialized?): Command '['git', '-C', '/home/avalonas/.hermes/gematria/unified_overnight_research', 'commit', '-m', '[2026-05-01T10:32:27Z] Cycle 19: Cycle 20: Web research + hidden layering detection']' returned non-zero exit status 1.
[2026-05-01T10:32:27Z] [INFO] 
📊 CYCLE #20 SUMMARY
[2026-05-01T10:32:27Z] [INFO] ✅ Successful tasks: 7/7
[2026-05-01T10:32:27Z] [INFO] ⏱️  Cycle duration: 61.99s
[2026-05-01T10:32:27Z] [INFO]    ⚠️ task: result
[2026-05-01T10:32:27Z] [INFO]    ⚠️ task: result
[2026-05-01T10:32:27Z] [INFO]    ⚠️ task: result
[2026-05-01T10:32:27Z] [INFO]    ⚠️ task: result
[2026-05-01T10:32:27Z] [INFO]    ⚠️ task: result
[2026-05-01T10:32:27Z] [INFO]    ⚠️ task: result
[2026-05-01T10:32:27Z] [INFO]    ⚠️ task: result
[2026-05-01T10:32:27Z] [HEADER] ================================================================================
[2026-05-01T10:32:27Z] [INFO] 🔄 OVERNIGHT RESEARCH PIPELINE - CYCLE #21
[2026-05-01T10:32:27Z] [INFO] ================================================================================
[2026-05-01T10:32:27Z] [HEADER] ============================================================
[2026-05-01T10:32:27Z] [INFO] 🌙 STARTING OVERNIGHT RESEARCH CYCLE #21
[2026-05-01T10:32:27Z] [INFO] 🔍 Running overnight research protocol (web scraping + cross-symbol analysis)...
[2026-05-01T10:32:27Z] [INFO] 📊 Cycle duration: 0.16s, Files generated: 1
[2026-05-01T10:32:27Z] [WARNING] ⚠️ Database not initialized for cycle counting
[2026-05-01T10:32:27Z] [INFO] 💾 Database updated with cycle results
[2026-05-01T10:32:27Z] [SECTION] ============================================================
[2026-05-01T10:32:27Z] [INFO] 🔮 PHASE: HIDDEN LAYERING DETECTION
[2026-05-01T10:32:27Z] [INFO] 🔗 Hidden layering detection complete. Connections identified: 2
[2026-05-01T10:32:27Z] [SECTION] ============================================================
[2026-05-01T10:32:27Z] [INFO] 🔬 PHASE: DOMAIN CORRELATION ANALYSIS
[2026-05-01T10:32:27Z] [INFO] 📊 Domain correlation matrices created: 2
[2026-05-01T10:32:27Z] [SECTION] ============================================================
[2026-05-01T10:32:27Z] [INFO] 🖼️  PHASE: IMAGE-SEED ANALYSIS
[2026-05-01T10:32:27Z] [INFO] 📂 Image seed analysis bootstrapping from 0 images...
[2026-05-01T10:32:27Z] [SECTION] ============================================================
[2026-05-01T10:32:27Z] [INFO] 📤 PHASE: PUSH COMPONENTS TO TOLARIA
[2026-05-01T10:32:28Z] [INFO] 📦 Components pushed to Tolaria: 5
[2026-05-01T10:32:28Z] [SECTION] ============================================================
[2026-05-01T10:32:28Z] [INFO] 🧩 PHASE: COMPOSER - DOMAIN INTEGRATION SYNTHESIS
[2026-05-01T10:32:41Z] [INFO] 🎨 Domain integrations synthesized: 0
[2026-05-01T10:32:41Z] [SECTION] ============================================================
[2026-05-01T10:32:41Z] [INFO] 🚀 PHASE: ADVANCED OVERNIGHT LOOP
[2026-05-01T10:33:24Z] [INFO] 🔬 Advanced loop completed cycles: 0
[2026-05-01T10:33:24Z] [WARNING] ⚠️  Git commit skipped or failed (git not initialized?): Command '['git', '-C', '/home/avalonas/.hermes/gematria/unified_overnight_research', 'add', '.']' returned non-zero exit status 128.
[2026-05-01T10:33:24Z] [INFO] 
📊 CYCLE #21 SUMMARY
[2026-05-01T10:33:24Z] [INFO] ✅ Successful tasks: 7/7
[2026-05-01T10:33:24Z] [INFO] ⏱️  Cycle duration: 57.16s
[2026-05-01T10:33:24Z] [INFO]    ⚠️ task: result
[2026-05-01T10:33:24Z] [INFO]    ⚠️ task: result
[2026-05-01T10:33:24Z] [INFO]    ⚠️ task: result
[2026-05-01T10:33:24Z] [INFO]    ⚠️ task: result
[2026-05-01T10:33:24Z] [INFO]    ⚠️ task: result
[2026-05-01T10:33:24Z] [INFO]    ⚠️ task: result
[2026-05-01T10:33:24Z] [INFO]    ⚠️ task: result
[2026-05-01T10:33:24Z] [HEADER] ================================================================================
[2026-05-01T10:33:24Z] [INFO] 🔄 OVERNIGHT RESEARCH PIPELINE - CYCLE #22
[2026-05-01T10:33:24Z] [INFO] ================================================================================
[2026-05-01T10:33:24Z] [HEADER] ============================================================
[2026-05-01T10:33:24Z] [INFO] 🌙 STARTING OVERNIGHT RESEARCH CYCLE #22
[2026-05-01T10:33:24Z] [INFO] 🔍 Running overnight research protocol (web scraping + cross-symbol analysis)...
[2026-05-01T10:33:24Z] [INFO] 📊 Cycle duration: 0.19s, Files generated: 1
[2026-05-01T10:33:24Z] [WARNING] ⚠️ Database not initialized for cycle counting
[2026-05-01T10:33:24Z] [INFO] 💾 Database updated with cycle results
[2026-05-01T10:33:24Z] [SECTION] ============================================================
[2026-05-01T10:33:24Z] [INFO] 🔮 PHASE: HIDDEN LAYERING DETECTION
[2026-05-01T10:33:24Z] [INFO] 🔗 Hidden layering detection complete. Connections identified: 2
[2026-05-01T10:33:24Z] [SECTION] ============================================================
[2026-05-01T10:33:24Z] [INFO] 🔬 PHASE: DOMAIN CORRELATION ANALYSIS
[2026-05-01T10:33:25Z] [INFO] 📊 Domain correlation matrices created: 2
[2026-05-01T10:33:25Z] [SECTION] ============================================================
[2026-05-01T10:33:25Z] [INFO] 🖼️  PHASE: IMAGE-SEED ANALYSIS
[2026-05-01T10:33:25Z] [INFO] 📂 Image seed analysis bootstrapping from 0 images...
[2026-05-01T10:33:25Z] [SECTION] ============================================================
[2026-05-01T10:33:25Z] [INFO] 📤 PHASE: PUSH COMPONENTS TO TOLARIA
[2026-05-01T10:33:25Z] [INFO] 📦 Components pushed to Tolaria: 5
[2026-05-01T10:33:25Z] [SECTION] ============================================================
[2026-05-01T10:33:25Z] [INFO] 🧩 PHASE: COMPOSER - DOMAIN INTEGRATION SYNTHESIS
[2026-05-01T10:33:36Z] [INFO] 🎨 Domain integrations synthesized: 0
[2026-05-01T10:33:36Z] [SECTION] ============================================================
[2026-05-01T10:33:36Z] [INFO] 🚀 PHASE: ADVANCED OVERNIGHT LOOP
[2026-05-01T10:34:17Z] [INFO] 🔬 Advanced loop completed cycles: 0
[2026-05-01T10:34:17Z] [WARNING] ⚠️  Git commit skipped or failed (git not initialized?): Command '['git', '-C', '/home/avalonas/.hermes/gematria/unified_overnight_research', 'commit', '-m', '[2026-05-01T10:34:17Z] Cycle 21: Cycle 22: Web research + hidden layering detection']' returned non-zero exit status 1.
[2026-05-01T10:34:17Z] [INFO] 
📊 CYCLE #22 SUMMARY
[2026-05-01T10:34:17Z] [INFO] ✅ Successful tasks: 7/7
[2026-05-01T10:34:17Z] [INFO] ⏱️  Cycle duration: 52.49s
[2026-05-01T10:34:17Z] [INFO]    ⚠️ task: result
[2026-05-01T10:34:17Z] [INFO]    ⚠️ task: result
[2026-05-01T10:34:17Z] [INFO]    ⚠️ task: result
[2026-05-01T10:34:17Z] [INFO]    ⚠️ task: result
[2026-05-01T10:34:17Z] [INFO]    ⚠️ task: result
[2026-05-01T10:34:17Z] [INFO]    ⚠️ task: result
[2026-05-01T10:34:17Z] [INFO]    ⚠️ task: result
[2026-05-01T10:34:17Z] [HEADER] ================================================================================
[2026-05-01T10:34:17Z] [INFO] 🔄 OVERNIGHT RESEARCH PIPELINE - CYCLE #23
[2026-05-01T10:34:17Z] [INFO] ================================================================================
[2026-05-01T10:34:17Z] [HEADER] ============================================================
[2026-05-01T10:34:17Z] [INFO] 🌙 STARTING OVERNIGHT RESEARCH CYCLE #23
[2026-05-01T10:34:17Z] [INFO] 🔍 Running overnight research protocol (web scraping + cross-symbol analysis)...
[2026-05-01T10:34:17Z] [INFO] 📊 Cycle duration: 0.17s, Files generated: 1
[2026-05-01T10:34:17Z] [WARNING] ⚠️ Database not initialized for cycle counting
[2026-05-01T10:34:17Z] [INFO] 💾 Database updated with cycle results
[2026-05-01T10:34:17Z] [SECTION] ============================================================
[2026-05-01T10:34:17Z] [INFO] 🔮 PHASE: HIDDEN LAYERING DETECTION
[2026-05-01T10:34:17Z] [INFO] 🔗 Hidden layering detection complete. Connections identified: 2
[2026-05-01T10:34:17Z] [SECTION] ============================================================
[2026-05-01T10:34:17Z] [INFO] 🔬 PHASE: DOMAIN CORRELATION ANALYSIS
[2026-05-01T10:34:17Z] [INFO] 📊 Domain correlation matrices created: 2
[2026-05-01T10:34:17Z] [SECTION] ============================================================
[2026-05-01T10:34:17Z] [INFO] 🖼️  PHASE: IMAGE-SEED ANALYSIS
[2026-05-01T10:34:17Z] [INFO] 📂 Image seed analysis bootstrapping from 0 images...
[2026-05-01T10:34:17Z] [SECTION] ============================================================
[2026-05-01T10:34:17Z] [INFO] 📤 PHASE: PUSH COMPONENTS TO TOLARIA
[2026-05-01T10:34:18Z] [INFO] 📦 Components pushed to Tolaria: 5
[2026-05-01T10:34:18Z] [SECTION] ============================================================
[2026-05-01T10:34:18Z] [INFO] 🧩 PHASE: COMPOSER - DOMAIN INTEGRATION SYNTHESIS
[2026-05-01T10:34:35Z] [INFO] 🎨 Domain integrations synthesized: 0
[2026-05-01T10:34:35Z] [SECTION] ============================================================
[2026-05-01T10:34:35Z] [INFO] 🚀 PHASE: ADVANCED OVERNIGHT LOOP
[2026-05-01T10:35:14Z] [INFO] 🔬 Advanced loop completed cycles: 0
[2026-05-01T10:35:14Z] [WARNING] ⚠️  Git commit skipped or failed (git not initialized?): Command '['git', '-C', '/home/avalonas/.hermes/gematria/unified_overnight_research', 'add', '.']' returned non-zero exit status 128.
[2026-05-01T10:35:14Z] [INFO] 
📊 CYCLE #23 SUMMARY
[2026-05-01T10:35:14Z] [INFO] ✅ Successful tasks: 7/7
[2026-05-01T10:35:14Z] [INFO] ⏱️  Cycle duration: 56.95s
[2026-05-01T10:35:14Z] [INFO]    ⚠️ task: result
[2026-05-01T10:35:14Z] [INFO]    ⚠️ task: result
[2026-05-01T10:35:14Z] [INFO]    ⚠️ task: result
[2026-05-01T10:35:14Z] [INFO]    ⚠️ task: result
[2026-05-01T10:35:14Z] [INFO]    ⚠️ task: result
[2026-05-01T10:35:14Z] [INFO]    ⚠️ task: result
[2026-05-01T10:35:14Z] [INFO]    ⚠️ task: result
[2026-05-01T10:35:14Z] [HEADER] ================================================================================
[2026-05-01T10:35:14Z] [INFO] 🔄 OVERNIGHT RESEARCH PIPELINE - CYCLE #24
[2026-05-01T10:35:14Z] [INFO] ================================================================================
[2026-05-01T10:35:14Z] [HEADER] ============================================================
[2026-05-01T10:35:14Z] [INFO] 🌙 STARTING OVERNIGHT RESEARCH CYCLE #24
[2026-05-01T10:35:14Z] [INFO] 🔍 Running overnight research protocol (web scraping + cross-symbol analysis)...
[2026-05-01T10:35:14Z] [INFO] 📊 Cycle duration: 0.14s, Files generated: 1
[2026-05-01T10:35:14Z] [WARNING] ⚠️ Database not initialized for cycle counting
[2026-05-01T10:35:14Z] [INFO] 💾 Database updated with cycle results
[2026-05-01T10:35:14Z] [SECTION] ============================================================
[2026-05-01T10:35:14Z] [INFO] 🔮 PHASE: HIDDEN LAYERING DETECTION
[2026-05-01T10:35:14Z] [INFO] 🔗 Hidden layering detection complete. Connections identified: 2
[2026-05-01T10:35:14Z] [SECTION] ============================================================
[2026-05-01T10:35:14Z] [INFO] 🔬 PHASE: DOMAIN CORRELATION ANALYSIS
[2026-05-01T10:35:14Z] [INFO] 📊 Domain correlation matrices created: 2
[2026-05-01T10:35:14Z] [SECTION] ============================================================
[2026-05-01T10:35:14Z] [INFO] 🖼️  PHASE: IMAGE-SEED ANALYSIS
[2026-05-01T10:35:14Z] [INFO] 📂 Image seed analysis bootstrapping from 0 images...
[2026-05-01T10:35:14Z] [SECTION] ============================================================
[2026-05-01T10:35:14Z] [INFO] 📤 PHASE: PUSH COMPONENTS TO TOLARIA
[2026-05-01T10:35:15Z] [INFO] 📦 Components pushed to Tolaria: 5
[2026-05-01T10:35:15Z] [SECTION] ============================================================
[2026-05-01T10:35:15Z] [INFO] 🧩 PHASE: COMPOSER - DOMAIN INTEGRATION SYNTHESIS
[2026-05-01T10:35:34Z] [INFO] 🎨 Domain integrations synthesized: 0
[2026-05-01T10:35:34Z] [SECTION] ============================================================
[2026-05-01T10:35:34Z] [INFO] 🚀 PHASE: ADVANCED OVERNIGHT LOOP
[2026-05-01T10:36:23Z] [INFO] 🔬 Advanced loop completed cycles: 0
[2026-05-01T10:36:23Z] [WARNING] ⚠️  Git commit skipped or failed (git not initialized?): Command '['git', '-C', '/home/avalonas/.hermes/gematria/unified_overnight_research', 'commit', '-m', '[2026-05-01T10:36:23Z] Cycle 23: Cycle 24: Web research + hidden layering detection']' returned non-zero exit status 1.
[2026-05-01T10:36:23Z] [INFO] 
📊 CYCLE #24 SUMMARY
[2026-05-01T10:36:23Z] [INFO] ✅ Successful tasks: 7/7
[2026-05-01T10:36:23Z] [INFO] ⏱️  Cycle duration: 69.19s
[2026-05-01T10:36:23Z] [INFO]    ⚠️ task: result
[2026-05-01T10:36:23Z] [INFO]    ⚠️ task: result
[2026-05-01T10:36:23Z] [INFO]    ⚠️ task: result
[2026-05-01T10:36:23Z] [INFO]    ⚠️ task: result
[2026-05-01T10:36:23Z] [INFO]    ⚠️ task: result
[2026-05-01T10:36:23Z] [INFO]    ⚠️ task: result
[2026-05-01T10:36:23Z] [INFO]    ⚠️ task: result
[2026-05-01T10:36:23Z] [HEADER] ================================================================================
[2026-05-01T10:36:23Z] [INFO] 🔄 OVERNIGHT RESEARCH PIPELINE - CYCLE #25
[2026-05-01T10:36:23Z] [INFO] ================================================================================
[2026-05-01T10:36:23Z] [HEADER] ============================================================
[2026-05-01T10:36:23Z] [INFO] 🌙 STARTING OVERNIGHT RESEARCH CYCLE #25
[2026-05-01T10:36:23Z] [INFO] 🔍 Running overnight research protocol (web scraping + cross-symbol analysis)...
[2026-05-01T10:36:23Z] [INFO] 📊 Cycle duration: 0.18s, Files generated: 1
[2026-05-01T10:36:23Z] [WARNING] ⚠️ Database not initialized for cycle counting
[2026-05-01T10:36:23Z] [INFO] 💾 Database updated with cycle results
[2026-05-01T10:36:23Z] [SECTION] ============================================================
[2026-05-01T10:36:23Z] [INFO] 🔮 PHASE: HIDDEN LAYERING DETECTION
[2026-05-01T10:36:23Z] [INFO] 🔗 Hidden layering detection complete. Connections identified: 2
[2026-05-01T10:36:23Z] [SECTION] ============================================================
[2026-05-01T10:36:23Z] [INFO] 🔬 PHASE: DOMAIN CORRELATION ANALYSIS
[2026-05-01T10:36:23Z] [INFO] 📊 Domain correlation matrices created: 2
[2026-05-01T10:36:23Z] [SECTION] ============================================================
[2026-05-01T10:36:23Z] [INFO] 🖼️  PHASE: IMAGE-SEED ANALYSIS
[2026-05-01T10:36:23Z] [INFO] 📂 Image seed analysis bootstrapping from 0 images...
[2026-05-01T10:36:23Z] [SECTION] ============================================================
[2026-05-01T10:36:23Z] [INFO] 📤 PHASE: PUSH COMPONENTS TO TOLARIA
[2026-05-01T10:36:24Z] [INFO] 📦 Components pushed to Tolaria: 5
[2026-05-01T10:36:24Z] [SECTION] ============================================================
[2026-05-01T10:36:24Z] [INFO] 🧩 PHASE: COMPOSER - DOMAIN INTEGRATION SYNTHESIS
[2026-05-01T10:36:43Z] [INFO] 🎨 Domain integrations synthesized: 0
[2026-05-01T10:36:43Z] [SECTION] ============================================================
[2026-05-01T10:36:43Z] [INFO] 🚀 PHASE: ADVANCED OVERNIGHT LOOP
[2026-05-01T10:37:28Z] [INFO] 🔬 Advanced loop completed cycles: 0
[2026-05-01T10:37:28Z] [WARNING] ⚠️  Git commit skipped or failed (git not initialized?): Command '['git', '-C', '/home/avalonas/.hermes/gematria/unified_overnight_research', 'add', '.']' returned non-zero exit status 128.
[2026-05-01T10:37:28Z] [INFO] 
📊 CYCLE #25 SUMMARY
[2026-05-01T10:37:28Z] [INFO] ✅ Successful tasks: 7/7
[2026-05-01T10:37:28Z] [INFO] ⏱️  Cycle duration: 65.39s
[2026-05-01T10:37:28Z] [INFO]    ⚠️ task: result
[2026-05-01T10:37:28Z] [INFO]    ⚠️ task: result
[2026-05-01T10:37:28Z] [INFO]    ⚠️ task: result
[2026-05-01T10:37:28Z] [INFO]    ⚠️ task: result
[2026-05-01T10:37:28Z] [INFO]    ⚠️ task: result
[2026-05-01T10:37:28Z] [INFO]    ⚠️ task: result
[2026-05-01T10:37:28Z] [INFO]    ⚠️ task: result
[2026-05-01T10:37:28Z] [HEADER] ================================================================================
[2026-05-01T10:37:28Z] [INFO] 🔄 OVERNIGHT RESEARCH PIPELINE - CYCLE #26
[2026-05-01T10:37:28Z] [INFO] ================================================================================
[2026-05-01T10:37:28Z] [HEADER] ============================================================
[2026-05-01T10:37:28Z] [INFO] 🌙 STARTING OVERNIGHT RESEARCH CYCLE #26
[2026-05-01T10:37:28Z] [INFO] 🔍 Running overnight research protocol (web scraping + cross-symbol analysis)...
[2026-05-01T10:37:28Z] [INFO] 📊 Cycle duration: 0.16s, Files generated: 0
[2026-05-01T10:37:28Z] [WARNING] ⚠️ Database not initialized for cycle counting
[2026-05-01T10:37:28Z] [INFO] 💾 Database updated with cycle results
[2026-05-01T10:37:28Z] [SECTION] ============================================================
[2026-05-01T10:37:28Z] [INFO] 🔮 PHASE: HIDDEN LAYERING DETECTION
[2026-05-01T10:37:28Z] [INFO] 🔗 Hidden layering detection complete. Connections identified: 2
[2026-05-01T10:37:28Z] [SECTION] ============================================================
[2026-05-01T10:37:28Z] [INFO] 🔬 PHASE: DOMAIN CORRELATION ANALYSIS
[2026-05-01T10:37:28Z] [INFO] 📊 Domain correlation matrices created: 2
[2026-05-01T10:37:28Z] [SECTION] ============================================================
[2026-05-01T10:37:28Z] [INFO] 🖼️  PHASE: IMAGE-SEED ANALYSIS
[2026-05-01T10:37:28Z] [INFO] 📂 Image seed analysis bootstrapping from 0 images...
[2026-05-01T10:37:28Z] [SECTION] ============================================================
[2026-05-01T10:37:28Z] [INFO] 📤 PHASE: PUSH COMPONENTS TO TOLARIA
[2026-05-01T10:37:29Z] [INFO] 📦 Components pushed to Tolaria: 5
[2026-05-01T10:37:29Z] [SECTION] ============================================================
[2026-05-01T10:37:29Z] [INFO] 🧩 PHASE: COMPOSER - DOMAIN INTEGRATION SYNTHESIS
[2026-05-01T10:37:46Z] [INFO] 🎨 Domain integrations synthesized: 0
[2026-05-01T10:37:46Z] [SECTION] ============================================================
[2026-05-01T10:37:46Z] [INFO] 🚀 PHASE: ADVANCED OVERNIGHT LOOP
[2026-05-01T10:38:25Z] [INFO] 🔬 Advanced loop completed cycles: 0
[2026-05-01T10:38:26Z] [WARNING] ⚠️  Git commit skipped or failed (git not initialized?): Command '['git', '-C', '/home/avalonas/.hermes/gematria/unified_overnight_research', 'commit', '-m', '[2026-05-01T10:38:26Z] Cycle 25: Cycle 26: Web research + hidden layering detection']' returned non-zero exit status 1.
[2026-05-01T10:38:26Z] [INFO] 
📊 CYCLE #26 SUMMARY
[2026-05-01T10:38:26Z] [INFO] ✅ Successful tasks: 7/7
[2026-05-01T10:38:26Z] [INFO] ⏱️  Cycle duration: 57.30s
[2026-05-01T10:38:26Z] [INFO]    ⚠️ task: result
[2026-05-01T10:38:26Z] [INFO]    ⚠️ task: result
[2026-05-01T10:38:26Z] [INFO]    ⚠️ task: result
[2026-05-01T10:38:26Z] [INFO]    ⚠️ task: result
[2026-05-01T10:38:26Z] [INFO]    ⚠️ task: result
[2026-05-01T10:38:26Z] [INFO]    ⚠️ task: result
[2026-05-01T10:38:26Z] [INFO]    ⚠️ task: result
[2026-05-01T10:38:26Z] [HEADER] ================================================================================
[2026-05-01T10:38:26Z] [INFO] 🔄 OVERNIGHT RESEARCH PIPELINE - CYCLE #27
[2026-05-01T10:38:26Z] [INFO] ================================================================================
[2026-05-01T10:38:26Z] [HEADER] ============================================================
[2026-05-01T10:38:26Z] [INFO] 🌙 STARTING OVERNIGHT RESEARCH CYCLE #27
[2026-05-01T10:38:26Z] [INFO] 🔍 Running overnight research protocol (web scraping + cross-symbol analysis)...
[2026-05-01T10:38:26Z] [INFO] 📊 Cycle duration: 0.16s, Files generated: 1
[2026-05-01T10:38:26Z] [WARNING] ⚠️ Database not initialized for cycle counting
[2026-05-01T10:38:26Z] [INFO] 💾 Database updated with cycle results
[2026-05-01T10:38:26Z] [SECTION] ============================================================
[2026-05-01T10:38:26Z] [INFO] 🔮 PHASE: HIDDEN LAYERING DETECTION
[2026-05-01T10:38:26Z] [INFO] 🔗 Hidden layering detection complete. Connections identified: 2
[2026-05-01T10:38:26Z] [SECTION] ============================================================
[2026-05-01T10:38:26Z] [INFO] 🔬 PHASE: DOMAIN CORRELATION ANALYSIS
[2026-05-01T10:38:26Z] [INFO] 📊 Domain correlation matrices created: 2
[2026-05-01T10:38:26Z] [SECTION] ============================================================
[2026-05-01T10:38:26Z] [INFO] 🖼️  PHASE: IMAGE-SEED ANALYSIS
[2026-05-01T10:38:26Z] [INFO] 📂 Image seed analysis bootstrapping from 0 images...
[2026-05-01T10:38:26Z] [SECTION] ============================================================
[2026-05-01T10:38:26Z] [INFO] 📤 PHASE: PUSH COMPONENTS TO TOLARIA
[2026-05-01T10:38:27Z] [INFO] 📦 Components pushed to Tolaria: 5
[2026-05-01T10:38:27Z] [SECTION] ============================================================
[2026-05-01T10:38:27Z] [INFO] 🧩 PHASE: COMPOSER - DOMAIN INTEGRATION SYNTHESIS
[2026-05-01T10:38:45Z] [INFO] 🎨 Domain integrations synthesized: 0
[2026-05-01T10:38:45Z] [SECTION] ============================================================
[2026-05-01T10:38:45Z] [INFO] 🚀 PHASE: ADVANCED OVERNIGHT LOOP
[2026-05-01T10:39:24Z] [INFO] 🔬 Advanced loop completed cycles: 0
[2026-05-01T10:39:24Z] [WARNING] ⚠️  Git commit skipped or failed (git not initialized?): Command '['git', '-C', '/home/avalonas/.hermes/gematria/unified_overnight_research', 'commit', '-m', '[2026-05-01T10:39:24Z] Cycle 26: Cycle 27: Web research + hidden layering detection']' returned non-zero exit status 1.
[2026-05-01T10:39:24Z] [INFO] 
📊 CYCLE #27 SUMMARY
[2026-05-01T10:39:24Z] [INFO] ✅ Successful tasks: 7/7
[2026-05-01T10:39:24Z] [INFO] ⏱️  Cycle duration: 58.33s
[2026-05-01T10:39:24Z] [INFO]    ⚠️ task: result
[2026-05-01T10:39:24Z] [INFO]    ⚠️ task: result
[2026-05-01T10:39:24Z] [INFO]    ⚠️ task: result
[2026-05-01T10:39:24Z] [INFO]    ⚠️ task: result
[2026-05-01T10:39:24Z] [INFO]    ⚠️ task: result
[2026-05-01T10:39:24Z] [INFO]    ⚠️ task: result
[2026-05-01T10:39:24Z] [INFO]    ⚠️ task: result
[2026-05-01T10:39:24Z] [HEADER] ================================================================================
[2026-05-01T10:39:24Z] [INFO] 🔄 OVERNIGHT RESEARCH PIPELINE - CYCLE #28
[2026-05-01T10:39:24Z] [INFO] ================================================================================
[2026-05-01T10:39:24Z] [HEADER] ============================================================
[2026-05-01T10:39:24Z] [INFO] 🌙 STARTING OVERNIGHT RESEARCH CYCLE #28
[2026-05-01T10:39:24Z] [INFO] 🔍 Running overnight research protocol (web scraping + cross-symbol analysis)...
[2026-05-01T10:39:24Z] [INFO] 📊 Cycle duration: 0.15s, Files generated: 1
[2026-05-01T10:39:24Z] [WARNING] ⚠️ Database not initialized for cycle counting
[2026-05-01T10:39:24Z] [INFO] 💾 Database updated with cycle results
[2026-05-01T10:39:24Z] [SECTION] ============================================================
[2026-05-01T10:39:24Z] [INFO] 🔮 PHASE: HIDDEN LAYERING DETECTION
[2026-05-01T10:39:24Z] [INFO] 🔗 Hidden layering detection complete. Connections identified: 2
[2026-05-01T10:39:24Z] [SECTION] ============================================================
[2026-05-01T10:39:24Z] [INFO] 🔬 PHASE: DOMAIN CORRELATION ANALYSIS
[2026-05-01T10:39:24Z] [INFO] 📊 Domain correlation matrices created: 2
[2026-05-01T10:39:24Z] [SECTION] ============================================================
[2026-05-01T10:39:24Z] [INFO] 🖼️  PHASE: IMAGE-SEED ANALYSIS
[2026-05-01T10:39:24Z] [INFO] 📂 Image seed analysis bootstrapping from 0 images...
[2026-05-01T10:39:24Z] [SECTION] ============================================================
[2026-05-01T10:39:24Z] [INFO] 📤 PHASE: PUSH COMPONENTS TO TOLARIA
[2026-05-01T10:39:25Z] [INFO] 📦 Components pushed to Tolaria: 5
[2026-05-01T10:39:25Z] [SECTION] ============================================================
[2026-05-01T10:39:25Z] [INFO] 🧩 PHASE: COMPOSER - DOMAIN INTEGRATION SYNTHESIS
[2026-05-01T10:39:44Z] [INFO] 🎨 Domain integrations synthesized: 0
[2026-05-01T10:39:44Z] [SECTION] ============================================================
[2026-05-01T10:39:44Z] [INFO] 🚀 PHASE: ADVANCED OVERNIGHT LOOP
[2026-05-01T10:40:32Z] [INFO] 🔬 Advanced loop completed cycles: 0
[2026-05-01T10:40:32Z] [WARNING] ⚠️  Git commit skipped or failed (git not initialized?): Command '['git', '-C', '/home/avalonas/.hermes/gematria/unified_overnight_research', 'add', '.']' returned non-zero exit status 128.
[2026-05-01T10:40:32Z] [INFO] 
📊 CYCLE #28 SUMMARY
[2026-05-01T10:40:32Z] [INFO] ✅ Successful tasks: 7/7
[2026-05-01T10:40:32Z] [INFO] ⏱️  Cycle duration: 68.38s
[2026-05-01T10:40:32Z] [INFO]    ⚠️ task: result
[2026-05-01T10:40:32Z] [INFO]    ⚠️ task: result
[2026-05-01T10:40:32Z] [INFO]    ⚠️ task: result
[2026-05-01T10:40:32Z] [INFO]    ⚠️ task: result
[2026-05-01T10:40:32Z] [INFO]    ⚠️ task: result
[2026-05-01T10:40:32Z] [INFO]    ⚠️ task: result
[2026-05-01T10:40:32Z] [INFO]    ⚠️ task: result
[2026-05-01T10:40:32Z] [HEADER] ================================================================================
[2026-05-01T10:40:32Z] [INFO] 🔄 OVERNIGHT RESEARCH PIPELINE - CYCLE #29
[2026-05-01T10:40:32Z] [INFO] ================================================================================
[2026-05-01T10:40:32Z] [HEADER] ============================================================
[2026-05-01T10:40:32Z] [INFO] 🌙 STARTING OVERNIGHT RESEARCH CYCLE #29
[2026-05-01T10:40:32Z] [INFO] 🔍 Running overnight research protocol (web scraping + cross-symbol analysis)...
[2026-05-01T10:40:32Z] [INFO] 📊 Cycle duration: 0.17s, Files generated: 1
[2026-05-01T10:40:32Z] [WARNING] ⚠️ Database not initialized for cycle counting
[2026-05-01T10:40:32Z] [INFO] 💾 Database updated with cycle results
[2026-05-01T10:40:32Z] [SECTION] ============================================================
[2026-05-01T10:40:32Z] [INFO] 🔮 PHASE: HIDDEN LAYERING DETECTION
[2026-05-01T10:40:33Z] [INFO] 🔗 Hidden layering detection complete. Connections identified: 2
[2026-05-01T10:40:33Z] [SECTION] ============================================================
[2026-05-01T10:40:33Z] [INFO] 🔬 PHASE: DOMAIN CORRELATION ANALYSIS
[2026-05-01T10:40:33Z] [INFO] 📊 Domain correlation matrices created: 2
[2026-05-01T10:40:33Z] [SECTION] ============================================================
[2026-05-01T10:40:33Z] [INFO] 🖼️  PHASE: IMAGE-SEED ANALYSIS
[2026-05-01T10:40:33Z] [INFO] 📂 Image seed analysis bootstrapping from 0 images...
[2026-05-01T10:40:33Z] [SECTION] ============================================================
[2026-05-01T10:40:33Z] [INFO] 📤 PHASE: PUSH COMPONENTS TO TOLARIA
[2026-05-01T10:40:34Z] [INFO] 📦 Components pushed to Tolaria: 5
[2026-05-01T10:40:34Z] [SECTION] ============================================================
[2026-05-01T10:40:34Z] [INFO] 🧩 PHASE: COMPOSER - DOMAIN INTEGRATION SYNTHESIS
[2026-05-01T10:40:45Z] [INFO] 🎨 Domain integrations synthesized: 0
[2026-05-01T10:40:45Z] [SECTION] ============================================================
[2026-05-01T10:40:45Z] [INFO] 🚀 PHASE: ADVANCED OVERNIGHT LOOP
[2026-05-01T10:41:25Z] [INFO] 🔬 Advanced loop completed cycles: 0
[2026-05-01T10:41:26Z] [WARNING] ⚠️  Git commit skipped or failed (git not initialized?): Command '['git', '-C', '/home/avalonas/.hermes/gematria/unified_overnight_research', 'commit', '-m', '[2026-05-01T10:41:25Z] Cycle 28: Cycle 29: Web research + hidden layering detection']' returned non-zero exit status 1.
[2026-05-01T10:41:26Z] [INFO] 
📊 CYCLE #29 SUMMARY
[2026-05-01T10:41:26Z] [INFO] ✅ Successful tasks: 7/7
[2026-05-01T10:41:26Z] [INFO] ⏱️  Cycle duration: 53.26s
[2026-05-01T10:41:26Z] [INFO]    ⚠️ task: result
[2026-05-01T10:41:26Z] [INFO]    ⚠️ task: result
[2026-05-01T10:41:26Z] [INFO]    ⚠️ task: result
[2026-05-01T10:41:26Z] [INFO]    ⚠️ task: result
[2026-05-01T10:41:26Z] [INFO]    ⚠️ task: result
[2026-05-01T10:41:26Z] [INFO]    ⚠️ task: result
[2026-05-01T10:41:26Z] [INFO]    ⚠️ task: result
[2026-05-01T10:41:26Z] [HEADER] ================================================================================
[2026-05-01T10:41:26Z] [INFO] 🔄 OVERNIGHT RESEARCH PIPELINE - CYCLE #30
[2026-05-01T10:41:26Z] [INFO] ================================================================================
[2026-05-01T10:41:26Z] [HEADER] ============================================================
[2026-05-01T10:41:26Z] [INFO] 🌙 STARTING OVERNIGHT RESEARCH CYCLE #30
[2026-05-01T10:41:26Z] [INFO] 🔍 Running overnight research protocol (web scraping + cross-symbol analysis)...
[2026-05-01T10:41:26Z] [INFO] 📊 Cycle duration: 0.16s, Files generated: 1
[2026-05-01T10:41:26Z] [WARNING] ⚠️ Database not initialized for cycle counting
[2026-05-01T10:41:26Z] [INFO] 💾 Database updated with cycle results
[2026-05-01T10:41:26Z] [SECTION] ============================================================
[2026-05-01T10:41:26Z] [INFO] 🔮 PHASE: HIDDEN LAYERING DETECTION
[2026-05-01T10:41:26Z] [INFO] 🔗 Hidden layering detection complete. Connections identified: 2
[2026-05-01T10:41:26Z] [SECTION] ============================================================
[2026-05-01T10:41:26Z] [INFO] 🔬 PHASE: DOMAIN CORRELATION ANALYSIS
[2026-05-01T10:41:26Z] [INFO] 📊 Domain correlation matrices created: 2
[2026-05-01T10:41:26Z] [SECTION] ============================================================
[2026-05-01T10:41:26Z] [INFO] 🖼️  PHASE: IMAGE-SEED ANALYSIS
[2026-05-01T10:41:26Z] [INFO] 📂 Image seed analysis bootstrapping from 0 images...
[2026-05-01T10:41:26Z] [SECTION] ============================================================
[2026-05-01T10:41:26Z] [INFO] 📤 PHASE: PUSH COMPONENTS TO TOLARIA
[2026-05-01T10:41:27Z] [INFO] 📦 Components pushed to Tolaria: 5
[2026-05-01T10:41:27Z] [SECTION] ============================================================
[2026-05-01T10:41:27Z] [INFO] 🧩 PHASE: COMPOSER - DOMAIN INTEGRATION SYNTHESIS
[2026-05-01T10:41:44Z] [INFO] 🎨 Domain integrations synthesized: 0
[2026-05-01T10:41:44Z] [SECTION] ============================================================
[2026-05-01T10:41:44Z] [INFO] 🚀 PHASE: ADVANCED OVERNIGHT LOOP
[2026-05-01T10:42:26Z] [INFO] 🔬 Advanced loop completed cycles: 0
[2026-05-01T10:42:26Z] [WARNING] ⚠️  Git commit skipped or failed (git not initialized?): Command '['git', '-C', '/home/avalonas/.hermes/gematria/unified_overnight_research', 'commit', '-m', '[2026-05-01T10:42:26Z] Cycle 29: Cycle 30: Web research + hidden layering detection']' returned non-zero exit status 1.
[2026-05-01T10:42:26Z] [INFO] 
📊 CYCLE #30 SUMMARY
[2026-05-01T10:42:26Z] [INFO] ✅ Successful tasks: 7/7
[2026-05-01T10:42:26Z] [INFO] ⏱️  Cycle duration: 60.54s
[2026-05-01T10:42:26Z] [INFO]    ⚠️ task: result
[2026-05-01T10:42:26Z] [INFO]    ⚠️ task: result
[2026-05-01T10:42:26Z] [INFO]    ⚠️ task: result
[2026-05-01T10:42:26Z] [INFO]    ⚠️ task: result
[2026-05-01T10:42:26Z] [INFO]    ⚠️ task: result
[2026-05-01T10:42:26Z] [INFO]    ⚠️ task: result
[2026-05-01T10:42:26Z] [INFO]    ⚠️ task: result
[2026-05-01T10:42:26Z] [HEADER] ================================================================================
[2026-05-01T10:42:26Z] [INFO] 🔄 OVERNIGHT RESEARCH PIPELINE - CYCLE #31
[2026-05-01T10:42:26Z] [INFO] ================================================================================
[2026-05-01T10:42:26Z] [HEADER] ============================================================
[2026-05-01T10:42:26Z] [INFO] 🌙 STARTING OVERNIGHT RESEARCH CYCLE #31
[2026-05-01T10:42:26Z] [INFO] 🔍 Running overnight research protocol (web scraping + cross-symbol analysis)...
[2026-05-01T10:42:26Z] [INFO] 📊 Cycle duration: 0.17s, Files generated: 1
[2026-05-01T10:42:26Z] [WARNING] ⚠️ Database not initialized for cycle counting
[2026-05-01T10:42:26Z] [INFO] 💾 Database updated with cycle results
[2026-05-01T10:42:26Z] [SECTION] ============================================================
[2026-05-01T10:42:26Z] [INFO] 🔮 PHASE: HIDDEN LAYERING DETECTION
[2026-05-01T10:42:26Z] [INFO] 🔗 Hidden layering detection complete. Connections identified: 2
[2026-05-01T10:42:26Z] [SECTION] ============================================================
[2026-05-01T10:42:26Z] [INFO] 🔬 PHASE: DOMAIN CORRELATION ANALYSIS
[2026-05-01T10:42:26Z] [INFO] 📊 Domain correlation matrices created: 2
[2026-05-01T10:42:26Z] [SECTION] ============================================================
[2026-05-01T10:42:26Z] [INFO] 🖼️  PHASE: IMAGE-SEED ANALYSIS
[2026-05-01T10:42:26Z] [INFO] 📂 Image seed analysis bootstrapping from 0 images...
[2026-05-01T10:42:26Z] [SECTION] ============================================================
[2026-05-01T10:42:26Z] [INFO] 📤 PHASE: PUSH COMPONENTS TO TOLARIA
[2026-05-01T10:42:27Z] [INFO] 📦 Components pushed to Tolaria: 5
[2026-05-01T10:42:27Z] [SECTION] ============================================================
[2026-05-01T10:42:27Z] [INFO] 🧩 PHASE: COMPOSER - DOMAIN INTEGRATION SYNTHESIS
[2026-05-01T10:42:39Z] [INFO] 🎨 Domain integrations synthesized: 0
[2026-05-01T10:42:39Z] [SECTION] ============================================================
[2026-05-01T10:42:39Z] [INFO] 🚀 PHASE: ADVANCED OVERNIGHT LOOP
[2026-05-01T10:43:20Z] [INFO] 🔬 Advanced loop completed cycles: 0
[2026-05-01T10:43:20Z] [WARNING] ⚠️  Git commit skipped or failed (git not initialized?): Command '['git', '-C', '/home/avalonas/.hermes/gematria/unified_overnight_research', 'commit', '-m', '[2026-05-01T10:43:20Z] Cycle 30: Cycle 31: Web research + hidden layering detection']' returned non-zero exit status 1.
[2026-05-01T10:43:20Z] [INFO] 
📊 CYCLE #31 SUMMARY
[2026-05-01T10:43:20Z] [INFO] ✅ Successful tasks: 7/7
[2026-05-01T10:43:20Z] [INFO] ⏱️  Cycle duration: 54.24s
[2026-05-01T10:43:20Z] [INFO]    ⚠️ task: result
[2026-05-01T10:43:20Z] [INFO]    ⚠️ task: result
[2026-05-01T10:43:20Z] [INFO]    ⚠️ task: result
[2026-05-01T10:43:20Z] [INFO]    ⚠️ task: result
[2026-05-01T10:43:20Z] [INFO]    ⚠️ task: result
[2026-05-01T10:43:20Z] [INFO]    ⚠️ task: result
[2026-05-01T10:43:20Z] [INFO]    ⚠️ task: result
[2026-05-01T10:43:20Z] [HEADER] ================================================================================
[2026-05-01T10:43:20Z] [INFO] 🔄 OVERNIGHT RESEARCH PIPELINE - CYCLE #32
[2026-05-01T10:43:20Z] [INFO] ================================================================================
[2026-05-01T10:43:20Z] [HEADER] ============================================================
[2026-05-01T10:43:20Z] [INFO] 🌙 STARTING OVERNIGHT RESEARCH CYCLE #32
[2026-05-01T10:43:20Z] [INFO] 🔍 Running overnight research protocol (web scraping + cross-symbol analysis)...
[2026-05-01T10:43:20Z] [INFO] 📊 Cycle duration: 0.13s, Files generated: 1
[2026-05-01T10:43:20Z] [WARNING] ⚠️ Database not initialized for cycle counting
[2026-05-01T10:43:20Z] [INFO] 💾 Database updated with cycle results
[2026-05-01T10:43:20Z] [SECTION] ============================================================
[2026-05-01T10:43:20Z] [INFO] 🔮 PHASE: HIDDEN LAYERING DETECTION
[2026-05-01T10:43:20Z] [INFO] 🔗 Hidden layering detection complete. Connections identified: 2
[2026-05-01T10:43:20Z] [SECTION] ============================================================
[2026-05-01T10:43:20Z] [INFO] 🔬 PHASE: DOMAIN CORRELATION ANALYSIS
[2026-05-01T10:43:20Z] [INFO] 📊 Domain correlation matrices created: 2
[2026-05-01T10:43:20Z] [SECTION] ============================================================
[2026-05-01T10:43:20Z] [INFO] 🖼️  PHASE: IMAGE-SEED ANALYSIS
[2026-05-01T10:43:20Z] [INFO] 📂 Image seed analysis bootstrapping from 0 images...
[2026-05-01T10:43:21Z] [SECTION] ============================================================
[2026-05-01T10:43:21Z] [INFO] 📤 PHASE: PUSH COMPONENTS TO TOLARIA
[2026-05-01T10:43:21Z] [INFO] 📦 Components pushed to Tolaria: 5
[2026-05-01T10:43:21Z] [SECTION] ============================================================
[2026-05-01T10:43:21Z] [INFO] 🧩 PHASE: COMPOSER - DOMAIN INTEGRATION SYNTHESIS
[2026-05-01T10:43:41Z] [INFO] 🎨 Domain integrations synthesized: 0
[2026-05-01T10:43:41Z] [SECTION] ============================================================
[2026-05-01T10:43:41Z] [INFO] 🚀 PHASE: ADVANCED OVERNIGHT LOOP
[2026-05-01T10:44:26Z] [INFO] 🔬 Advanced loop completed cycles: 0
[2026-05-01T10:44:26Z] [WARNING] ⚠️  Git commit skipped or failed (git not initialized?): Command '['git', '-C', '/home/avalonas/.hermes/gematria/unified_overnight_research', 'commit', '-m', '[2026-05-01T10:44:26Z] Cycle 31: Cycle 32: Web research + hidden layering detection']' returned non-zero exit status 1.
[2026-05-01T10:44:26Z] [INFO] 
📊 CYCLE #32 SUMMARY
[2026-05-01T10:44:26Z] [INFO] ✅ Successful tasks: 7/7
[2026-05-01T10:44:26Z] [INFO] ⏱️  Cycle duration: 65.60s
[2026-05-01T10:44:26Z] [INFO]    ⚠️ task: result
[2026-05-01T10:44:26Z] [INFO]    ⚠️ task: result
[2026-05-01T10:44:26Z] [INFO]    ⚠️ task: result
[2026-05-01T10:44:26Z] [INFO]    ⚠️ task: result
[2026-05-01T10:44:26Z] [INFO]    ⚠️ task: result
[2026-05-01T10:44:26Z] [INFO]    ⚠️ task: result
[2026-05-01T10:44:26Z] [INFO]    ⚠️ task: result
[2026-05-01T10:44:26Z] [HEADER] ================================================================================
[2026-05-01T10:44:26Z] [INFO] 🔄 OVERNIGHT RESEARCH PIPELINE - CYCLE #33
[2026-05-01T10:44:26Z] [INFO] ================================================================================
[2026-05-01T10:44:26Z] [HEADER] ============================================================
[2026-05-01T10:44:26Z] [INFO] 🌙 STARTING OVERNIGHT RESEARCH CYCLE #33
[2026-05-01T10:44:26Z] [INFO] 🔍 Running overnight research protocol (web scraping + cross-symbol analysis)...
[2026-05-01T10:44:26Z] [INFO] 📊 Cycle duration: 0.16s, Files generated: 1
[2026-05-01T10:44:26Z] [WARNING] ⚠️ Database not initialized for cycle counting
[2026-05-01T10:44:26Z] [INFO] 💾 Database updated with cycle results
[2026-05-01T10:44:26Z] [SECTION] ============================================================
[2026-05-01T10:44:26Z] [INFO] 🔮 PHASE: HIDDEN LAYERING DETECTION
[2026-05-01T10:44:26Z] [INFO] 🔗 Hidden layering detection complete. Connections identified: 2
[2026-05-01T10:44:26Z] [SECTION] ============================================================
[2026-05-01T10:44:26Z] [INFO] 🔬 PHASE: DOMAIN CORRELATION ANALYSIS
[2026-05-01T10:44:26Z] [INFO] 📊 Domain correlation matrices created: 2
[2026-05-01T10:44:26Z] [SECTION] ============================================================
[2026-05-01T10:44:26Z] [INFO] 🖼️  PHASE: IMAGE-SEED ANALYSIS
[2026-05-01T10:44:26Z] [INFO] 📂 Image seed analysis bootstrapping from 0 images...
[2026-05-01T10:44:26Z] [SECTION] ============================================================
[2026-05-01T10:44:26Z] [INFO] 📤 PHASE: PUSH COMPONENTS TO TOLARIA
[2026-05-01T10:44:27Z] [INFO] 📦 Components pushed to Tolaria: 5
[2026-05-01T10:44:27Z] [SECTION] ============================================================
[2026-05-01T10:44:27Z] [INFO] 🧩 PHASE: COMPOSER - DOMAIN INTEGRATION SYNTHESIS
[2026-05-01T10:44:45Z] [INFO] 🎨 Domain integrations synthesized: 0
[2026-05-01T10:44:45Z] [SECTION] ============================================================
[2026-05-01T10:44:45Z] [INFO] 🚀 PHASE: ADVANCED OVERNIGHT LOOP
[2026-05-01T10:45:31Z] [INFO] 🔬 Advanced loop completed cycles: 0
[2026-05-01T10:45:31Z] [WARNING] ⚠️  Git commit skipped or failed (git not initialized?): Command '['git', '-C', '/home/avalonas/.hermes/gematria/unified_overnight_research', 'add', '.']' returned non-zero exit status 128.
[2026-05-01T10:45:31Z] [INFO] 
📊 CYCLE #33 SUMMARY
[2026-05-01T10:45:31Z] [INFO] ✅ Successful tasks: 7/7
[2026-05-01T10:45:31Z] [INFO] ⏱️  Cycle duration: 64.69s
[2026-05-01T10:45:31Z] [INFO]    ⚠️ task: result
[2026-05-01T10:45:31Z] [INFO]    ⚠️ task: result
[2026-05-01T10:45:31Z] [INFO]    ⚠️ task: result
[2026-05-01T10:45:31Z] [INFO]    ⚠️ task: result
[2026-05-01T10:45:31Z] [INFO]    ⚠️ task: result
[2026-05-01T10:45:31Z] [INFO]    ⚠️ task: result
[2026-05-01T10:45:31Z] [INFO]    ⚠️ task: result
[2026-05-01T10:45:31Z] [HEADER] ================================================================================
[2026-05-01T10:45:31Z] [INFO] 🔄 OVERNIGHT RESEARCH PIPELINE - CYCLE #34
[2026-05-01T10:45:31Z] [INFO] ================================================================================
[2026-05-01T10:45:31Z] [HEADER] ============================================================
[2026-05-01T10:45:31Z] [INFO] 🌙 STARTING OVERNIGHT RESEARCH CYCLE #34
[2026-05-01T10:45:31Z] [INFO] 🔍 Running overnight research protocol (web scraping + cross-symbol analysis)...
[2026-05-01T10:45:31Z] [INFO] 📊 Cycle duration: 0.16s, Files generated: 1
[2026-05-01T10:45:31Z] [WARNING] ⚠️ Database not initialized for cycle counting
[2026-05-01T10:45:31Z] [INFO] 💾 Database updated with cycle results
[2026-05-01T10:45:31Z] [SECTION] ============================================================
[2026-05-01T10:45:31Z] [INFO] 🔮 PHASE: HIDDEN LAYERING DETECTION
[2026-05-01T10:45:31Z] [INFO] 🔗 Hidden layering detection complete. Connections identified: 2
[2026-05-01T10:45:31Z] [SECTION] ============================================================
[2026-05-01T10:45:31Z] [INFO] 🔬 PHASE: DOMAIN CORRELATION ANALYSIS
[2026-05-01T10:45:31Z] [INFO] 📊 Domain correlation matrices created: 2
[2026-05-01T10:45:31Z] [SECTION] ============================================================
[2026-05-01T10:45:31Z] [INFO] 🖼️  PHASE: IMAGE-SEED ANALYSIS
[2026-05-01T10:45:31Z] [INFO] 📂 Image seed analysis bootstrapping from 0 images...
[2026-05-01T10:45:31Z] [SECTION] ============================================================
[2026-05-01T10:45:31Z] [INFO] 📤 PHASE: PUSH COMPONENTS TO TOLARIA
[2026-05-01T10:45:32Z] [INFO] 📦 Components pushed to Tolaria: 5
[2026-05-01T10:45:32Z] [SECTION] ============================================================
[2026-05-01T10:45:32Z] [INFO] 🧩 PHASE: COMPOSER - DOMAIN INTEGRATION SYNTHESIS
[2026-05-01T10:45:49Z] [INFO] 🎨 Domain integrations synthesized: 0
[2026-05-01T10:45:49Z] [SECTION] ============================================================
[2026-05-01T10:45:49Z] [INFO] 🚀 PHASE: ADVANCED OVERNIGHT LOOP
[2026-05-01T10:46:31Z] [INFO] 🔬 Advanced loop completed cycles: 0
[2026-05-01T10:46:31Z] [WARNING] ⚠️  Git commit skipped or failed (git not initialized?): Command '['git', '-C', '/home/avalonas/.hermes/gematria/unified_overnight_research', 'commit', '-m', '[2026-05-01T10:46:31Z] Cycle 33: Cycle 34: Web research + hidden layering detection']' returned non-zero exit status 1.
[2026-05-01T10:46:31Z] [INFO] 
📊 CYCLE #34 SUMMARY
[2026-05-01T10:46:31Z] [INFO] ✅ Successful tasks: 7/7
[2026-05-01T10:46:31Z] [INFO] ⏱️  Cycle duration: 60.18s
[2026-05-01T10:46:31Z] [INFO]    ⚠️ task: result
[2026-05-01T10:46:31Z] [INFO]    ⚠️ task: result
[2026-05-01T10:46:31Z] [INFO]    ⚠️ task: result
[2026-05-01T10:46:31Z] [INFO]    ⚠️ task: result
[2026-05-01T10:46:31Z] [INFO]    ⚠️ task: result
[2026-05-01T10:46:31Z] [INFO]    ⚠️ task: result
[2026-05-01T10:46:31Z] [INFO]    ⚠️ task: result
[2026-05-01T10:46:31Z] [HEADER] ================================================================================
[2026-05-01T10:46:31Z] [INFO] 🔄 OVERNIGHT RESEARCH PIPELINE - CYCLE #35
[2026-05-01T10:46:31Z] [INFO] ================================================================================
[2026-05-01T10:46:31Z] [HEADER] ============================================================
[2026-05-01T10:46:31Z] [INFO] 🌙 STARTING OVERNIGHT RESEARCH CYCLE #35
[2026-05-01T10:46:31Z] [INFO] 🔍 Running overnight research protocol (web scraping + cross-symbol analysis)...
[2026-05-01T10:46:31Z] [INFO] 📊 Cycle duration: 0.16s, Files generated: 1
[2026-05-01T10:46:31Z] [WARNING] ⚠️ Database not initialized for cycle counting
[2026-05-01T10:46:31Z] [INFO] 💾 Database updated with cycle results
[2026-05-01T10:46:31Z] [SECTION] ============================================================
[2026-05-01T10:46:31Z] [INFO] 🔮 PHASE: HIDDEN LAYERING DETECTION
[2026-05-01T10:46:31Z] [INFO] 🔗 Hidden layering detection complete. Connections identified: 2
[2026-05-01T10:46:31Z] [SECTION] ============================================================
[2026-05-01T10:46:31Z] [INFO] 🔬 PHASE: DOMAIN CORRELATION ANALYSIS
[2026-05-01T10:46:31Z] [INFO] 📊 Domain correlation matrices created: 2
[2026-05-01T10:46:31Z] [SECTION] ============================================================
[2026-05-01T10:46:31Z] [INFO] 🖼️  PHASE: IMAGE-SEED ANALYSIS
[2026-05-01T10:46:31Z] [INFO] 📂 Image seed analysis bootstrapping from 0 images...
[2026-05-01T10:46:31Z] [SECTION] ============================================================
[2026-05-01T10:46:31Z] [INFO] 📤 PHASE: PUSH COMPONENTS TO TOLARIA
[2026-05-01T10:46:32Z] [INFO] 📦 Components pushed to Tolaria: 5
[2026-05-01T10:46:32Z] [SECTION] ============================================================
[2026-05-01T10:46:32Z] [INFO] 🧩 PHASE: COMPOSER - DOMAIN INTEGRATION SYNTHESIS
[2026-05-01T10:46:48Z] [INFO] 🎨 Domain integrations synthesized: 0
[2026-05-01T10:46:48Z] [SECTION] ============================================================
[2026-05-01T10:46:48Z] [INFO] 🚀 PHASE: ADVANCED OVERNIGHT LOOP
[2026-05-01T10:47:32Z] [INFO] 🔬 Advanced loop completed cycles: 0
[2026-05-01T10:47:32Z] [WARNING] ⚠️  Git commit skipped or failed (git not initialized?): Command '['git', '-C', '/home/avalonas/.hermes/gematria/unified_overnight_research', 'add', '.']' returned non-zero exit status 128.
[2026-05-01T10:47:32Z] [INFO] 
📊 CYCLE #35 SUMMARY
[2026-05-01T10:47:32Z] [INFO] ✅ Successful tasks: 7/7
[2026-05-01T10:47:32Z] [INFO] ⏱️  Cycle duration: 61.64s
[2026-05-01T10:47:32Z] [INFO]    ⚠️ task: result
[2026-05-01T10:47:32Z] [INFO]    ⚠️ task: result
[2026-05-01T10:47:32Z] [INFO]    ⚠️ task: result
[2026-05-01T10:47:32Z] [INFO]    ⚠️ task: result
[2026-05-01T10:47:32Z] [INFO]    ⚠️ task: result
[2026-05-01T10:47:32Z] [INFO]    ⚠️ task: result
[2026-05-01T10:47:32Z] [INFO]    ⚠️ task: result
[2026-05-01T10:47:32Z] [HEADER] ================================================================================
[2026-05-01T10:47:32Z] [INFO] 🔄 OVERNIGHT RESEARCH PIPELINE - CYCLE #36
[2026-05-01T10:47:32Z] [INFO] ================================================================================
[2026-05-01T10:47:32Z] [HEADER] ============================================================
[2026-05-01T10:47:32Z] [INFO] 🌙 STARTING OVERNIGHT RESEARCH CYCLE #36
[2026-05-01T10:47:32Z] [INFO] 🔍 Running overnight research protocol (web scraping + cross-symbol analysis)...
[2026-05-01T10:47:33Z] [INFO] 📊 Cycle duration: 0.19s, Files generated: 1
[2026-05-01T10:47:33Z] [WARNING] ⚠️ Database not initialized for cycle counting
[2026-05-01T10:47:33Z] [INFO] 💾 Database updated with cycle results
[2026-05-01T10:47:33Z] [SECTION] ============================================================
[2026-05-01T10:47:33Z] [INFO] 🔮 PHASE: HIDDEN LAYERING DETECTION
[2026-05-01T10:47:33Z] [INFO] 🔗 Hidden layering detection complete. Connections identified: 2
[2026-05-01T10:47:33Z] [SECTION] ============================================================
[2026-05-01T10:47:33Z] [INFO] 🔬 PHASE: DOMAIN CORRELATION ANALYSIS
[2026-05-01T10:47:33Z] [INFO] 📊 Domain correlation matrices created: 2
[2026-05-01T10:47:33Z] [SECTION] ============================================================
[2026-05-01T10:47:33Z] [INFO] 🖼️  PHASE: IMAGE-SEED ANALYSIS
[2026-05-01T10:47:33Z] [INFO] 📂 Image seed analysis bootstrapping from 0 images...
[2026-05-01T10:47:33Z] [SECTION] ============================================================
[2026-05-01T10:47:33Z] [INFO] 📤 PHASE: PUSH COMPONENTS TO TOLARIA
[2026-05-01T10:47:34Z] [INFO] 📦 Components pushed to Tolaria: 5
[2026-05-01T10:47:34Z] [SECTION] ============================================================
[2026-05-01T10:47:34Z] [INFO] 🧩 PHASE: COMPOSER - DOMAIN INTEGRATION SYNTHESIS
[2026-05-01T10:47:48Z] [INFO] 🎨 Domain integrations synthesized: 0
[2026-05-01T10:47:48Z] [SECTION] ============================================================
[2026-05-01T10:47:48Z] [INFO] 🚀 PHASE: ADVANCED OVERNIGHT LOOP
[2026-05-01T10:48:34Z] [INFO] 🔬 Advanced loop completed cycles: 0
[2026-05-01T10:48:34Z] [WARNING] ⚠️  Git commit skipped or failed (git not initialized?): Command '['git', '-C', '/home/avalonas/.hermes/gematria/unified_overnight_research', 'commit', '-m', '[2026-05-01T10:48:34Z] Cycle 35: Cycle 36: Web research + hidden layering detection']' returned non-zero exit status 1.
[2026-05-01T10:48:34Z] [INFO] 
📊 CYCLE #36 SUMMARY
[2026-05-01T10:48:34Z] [INFO] ✅ Successful tasks: 7/7
[2026-05-01T10:48:34Z] [INFO] ⏱️  Cycle duration: 61.38s
[2026-05-01T10:48:34Z] [INFO]    ⚠️ task: result
[2026-05-01T10:48:34Z] [INFO]    ⚠️ task: result
[2026-05-01T10:48:34Z] [INFO]    ⚠️ task: result
[2026-05-01T10:48:34Z] [INFO]    ⚠️ task: result
[2026-05-01T10:48:34Z] [INFO]    ⚠️ task: result
[2026-05-01T10:48:34Z] [INFO]    ⚠️ task: result
[2026-05-01T10:48:34Z] [INFO]    ⚠️ task: result
[2026-05-01T10:48:34Z] [HEADER] ================================================================================
[2026-05-01T10:48:34Z] [INFO] 🔄 OVERNIGHT RESEARCH PIPELINE - CYCLE #37
[2026-05-01T10:48:34Z] [INFO] ================================================================================
[2026-05-01T10:48:34Z] [HEADER] ============================================================
[2026-05-01T10:48:34Z] [INFO] 🌙 STARTING OVERNIGHT RESEARCH CYCLE #37
[2026-05-01T10:48:34Z] [INFO] 🔍 Running overnight research protocol (web scraping + cross-symbol analysis)...
[2026-05-01T10:48:34Z] [INFO] 📊 Cycle duration: 0.17s, Files generated: 1
[2026-05-01T10:48:34Z] [WARNING] ⚠️ Database not initialized for cycle counting
[2026-05-01T10:48:34Z] [INFO] 💾 Database updated with cycle results
[2026-05-01T10:48:34Z] [SECTION] ============================================================
[2026-05-01T10:48:34Z] [INFO] 🔮 PHASE: HIDDEN LAYERING DETECTION
[2026-05-01T10:48:34Z] [INFO] 🔗 Hidden layering detection complete. Connections identified: 2
[2026-05-01T10:48:34Z] [SECTION] ============================================================
[2026-05-01T10:48:34Z] [INFO] 🔬 PHASE: DOMAIN CORRELATION ANALYSIS
[2026-05-01T10:48:34Z] [INFO] 📊 Domain correlation matrices created: 2
[2026-05-01T10:48:34Z] [SECTION] ============================================================
[2026-05-01T10:48:34Z] [INFO] 🖼️  PHASE: IMAGE-SEED ANALYSIS
[2026-05-01T10:48:34Z] [INFO] 📂 Image seed analysis bootstrapping from 0 images...
[2026-05-01T10:48:34Z] [SECTION] ============================================================
[2026-05-01T10:48:34Z] [INFO] 📤 PHASE: PUSH COMPONENTS TO TOLARIA
[2026-05-01T10:48:35Z] [INFO] 📦 Components pushed to Tolaria: 5
[2026-05-01T10:48:35Z] [SECTION] ============================================================
[2026-05-01T10:48:35Z] [INFO] 🧩 PHASE: COMPOSER - DOMAIN INTEGRATION SYNTHESIS
[2026-05-01T10:48:49Z] [INFO] 🎨 Domain integrations synthesized: 0
[2026-05-01T10:48:49Z] [SECTION] ============================================================
[2026-05-01T10:48:49Z] [INFO] 🚀 PHASE: ADVANCED OVERNIGHT LOOP
[2026-05-01T10:49:30Z] [INFO] 🔬 Advanced loop completed cycles: 0
[2026-05-01T10:49:30Z] [WARNING] ⚠️  Git commit skipped or failed (git not initialized?): Command '['git', '-C', '/home/avalonas/.hermes/gematria/unified_overnight_research', 'commit', '-m', '[2026-05-01T10:49:30Z] Cycle 36: Cycle 37: Web research + hidden layering detection']' returned non-zero exit status 1.
[2026-05-01T10:49:30Z] [INFO] 
📊 CYCLE #37 SUMMARY
[2026-05-01T10:49:30Z] [INFO] ✅ Successful tasks: 7/7
[2026-05-01T10:49:30Z] [INFO] ⏱️  Cycle duration: 56.41s
[2026-05-01T10:49:30Z] [INFO]    ⚠️ task: result
[2026-05-01T10:49:30Z] [INFO]    ⚠️ task: result
[2026-05-01T10:49:30Z] [INFO]    ⚠️ task: result
[2026-05-01T10:49:30Z] [INFO]    ⚠️ task: result
[2026-05-01T10:49:30Z] [INFO]    ⚠️ task: result
[2026-05-01T10:49:30Z] [INFO]    ⚠️ task: result
[2026-05-01T10:49:30Z] [INFO]    ⚠️ task: result
[2026-05-01T10:49:30Z] [HEADER] ================================================================================
[2026-05-01T10:49:30Z] [INFO] 🔄 OVERNIGHT RESEARCH PIPELINE - CYCLE #38
[2026-05-01T10:49:30Z] [INFO] ================================================================================
[2026-05-01T10:49:30Z] [HEADER] ============================================================
[2026-05-01T10:49:30Z] [INFO] 🌙 STARTING OVERNIGHT RESEARCH CYCLE #38
[2026-05-01T10:49:30Z] [INFO] 🔍 Running overnight research protocol (web scraping + cross-symbol analysis)...
[2026-05-01T10:49:30Z] [INFO] 📊 Cycle duration: 0.16s, Files generated: 1
[2026-05-01T10:49:30Z] [WARNING] ⚠️ Database not initialized for cycle counting
[2026-05-01T10:49:30Z] [INFO] 💾 Database updated with cycle results
[2026-05-01T10:49:30Z] [SECTION] ============================================================
[2026-05-01T10:49:30Z] [INFO] 🔮 PHASE: HIDDEN LAYERING DETECTION
[2026-05-01T10:49:30Z] [INFO] 🔗 Hidden layering detection complete. Connections identified: 2
[2026-05-01T10:49:30Z] [SECTION] ============================================================
[2026-05-01T10:49:30Z] [INFO] 🔬 PHASE: DOMAIN CORRELATION ANALYSIS
[2026-05-01T10:49:30Z] [INFO] 📊 Domain correlation matrices created: 2
[2026-05-01T10:49:30Z] [SECTION] ============================================================
[2026-05-01T10:49:30Z] [INFO] 🖼️  PHASE: IMAGE-SEED ANALYSIS
[2026-05-01T10:49:30Z] [INFO] 📂 Image seed analysis bootstrapping from 0 images...
[2026-05-01T10:49:30Z] [SECTION] ============================================================
[2026-05-01T10:49:30Z] [INFO] 📤 PHASE: PUSH COMPONENTS TO TOLARIA
[2026-05-01T10:49:31Z] [INFO] 📦 Components pushed to Tolaria: 5
[2026-05-01T10:49:31Z] [SECTION] ============================================================
[2026-05-01T10:49:31Z] [INFO] 🧩 PHASE: COMPOSER - DOMAIN INTEGRATION SYNTHESIS
[2026-05-01T10:49:46Z] [INFO] 🎨 Domain integrations synthesized: 0
[2026-05-01T10:49:46Z] [SECTION] ============================================================
[2026-05-01T10:49:46Z] [INFO] 🚀 PHASE: ADVANCED OVERNIGHT LOOP
[2026-05-01T10:50:27Z] [INFO] 🔬 Advanced loop completed cycles: 0
[2026-05-01T10:50:27Z] [WARNING] ⚠️  Git commit skipped or failed (git not initialized?): Command '['git', '-C', '/home/avalonas/.hermes/gematria/unified_overnight_research', 'add', '.']' returned non-zero exit status 128.
[2026-05-01T10:50:27Z] [INFO] 
📊 CYCLE #38 SUMMARY
[2026-05-01T10:50:27Z] [INFO] ✅ Successful tasks: 7/7
[2026-05-01T10:50:27Z] [INFO] ⏱️  Cycle duration: 57.21s
[2026-05-01T10:50:27Z] [INFO]    ⚠️ task: result
[2026-05-01T10:50:27Z] [INFO]    ⚠️ task: result
[2026-05-01T10:50:27Z] [INFO]    ⚠️ task: result
[2026-05-01T10:50:27Z] [INFO]    ⚠️ task: result
[2026-05-01T10:50:27Z] [INFO]    ⚠️ task: result
[2026-05-01T10:50:27Z] [INFO]    ⚠️ task: result
[2026-05-01T10:50:27Z] [INFO]    ⚠️ task: result
[2026-05-01T10:50:27Z] [HEADER] ================================================================================
[2026-05-01T10:50:27Z] [INFO] 🔄 OVERNIGHT RESEARCH PIPELINE - CYCLE #39
[2026-05-01T10:50:27Z] [INFO] ================================================================================
[2026-05-01T10:50:27Z] [HEADER] ============================================================
[2026-05-01T10:50:27Z] [INFO] 🌙 STARTING OVERNIGHT RESEARCH CYCLE #39
[2026-05-01T10:50:27Z] [INFO] 🔍 Running overnight research protocol (web scraping + cross-symbol analysis)...
[2026-05-01T10:50:28Z] [INFO] 📊 Cycle duration: 0.12s, Files generated: 1
[2026-05-01T10:50:28Z] [WARNING] ⚠️ Database not initialized for cycle counting
[2026-05-01T10:50:28Z] [INFO] 💾 Database updated with cycle results
[2026-05-01T10:50:28Z] [SECTION] ============================================================
[2026-05-01T10:50:28Z] [INFO] 🔮 PHASE: HIDDEN LAYERING DETECTION
[2026-05-01T10:50:28Z] [INFO] 🔗 Hidden layering detection complete. Connections identified: 2
[2026-05-01T10:50:28Z] [SECTION] ============================================================
[2026-05-01T10:50:28Z] [INFO] 🔬 PHASE: DOMAIN CORRELATION ANALYSIS
[2026-05-01T10:50:28Z] [INFO] 📊 Domain correlation matrices created: 2
[2026-05-01T10:50:28Z] [SECTION] ============================================================
[2026-05-01T10:50:28Z] [INFO] 🖼️  PHASE: IMAGE-SEED ANALYSIS
[2026-05-01T10:50:28Z] [INFO] 📂 Image seed analysis bootstrapping from 0 images...
[2026-05-01T10:50:28Z] [SECTION] ============================================================
[2026-05-01T10:50:28Z] [INFO] 📤 PHASE: PUSH COMPONENTS TO TOLARIA
[2026-05-01T10:50:29Z] [INFO] 📦 Components pushed to Tolaria: 5
[2026-05-01T10:50:29Z] [SECTION] ============================================================
[2026-05-01T10:50:29Z] [INFO] 🧩 PHASE: COMPOSER - DOMAIN INTEGRATION SYNTHESIS
[2026-05-01T10:50:43Z] [INFO] 🎨 Domain integrations synthesized: 0
[2026-05-01T10:50:43Z] [SECTION] ============================================================
[2026-05-01T10:50:43Z] [INFO] 🚀 PHASE: ADVANCED OVERNIGHT LOOP
[2026-05-01T10:51:28Z] [INFO] 🔬 Advanced loop completed cycles: 0
[2026-05-01T10:51:28Z] [WARNING] ⚠️  Git commit skipped or failed (git not initialized?): Command '['git', '-C', '/home/avalonas/.hermes/gematria/unified_overnight_research', 'commit', '-m', '[2026-05-01T10:51:28Z] Cycle 38: Cycle 39: Web research + hidden layering detection']' returned non-zero exit status 1.
[2026-05-01T10:51:28Z] [INFO] 
📊 CYCLE #39 SUMMARY
[2026-05-01T10:51:28Z] [INFO] ✅ Successful tasks: 7/7
[2026-05-01T10:51:28Z] [INFO] ⏱️  Cycle duration: 60.86s
[2026-05-01T10:51:28Z] [INFO]    ⚠️ task: result
[2026-05-01T10:51:28Z] [INFO]    ⚠️ task: result
[2026-05-01T10:51:28Z] [INFO]    ⚠️ task: result
[2026-05-01T10:51:28Z] [INFO]    ⚠️ task: result
[2026-05-01T10:51:28Z] [INFO]    ⚠️ task: result
[2026-05-01T10:51:28Z] [INFO]    ⚠️ task: result
[2026-05-01T10:51:28Z] [INFO]    ⚠️ task: result
[2026-05-01T10:51:28Z] [HEADER] ================================================================================
[2026-05-01T10:51:28Z] [INFO] 🔄 OVERNIGHT RESEARCH PIPELINE - CYCLE #40
[2026-05-01T10:51:28Z] [INFO] ================================================================================
[2026-05-01T10:51:28Z] [HEADER] ============================================================
[2026-05-01T10:51:28Z] [INFO] 🌙 STARTING OVERNIGHT RESEARCH CYCLE #40
[2026-05-01T10:51:28Z] [INFO] 🔍 Running overnight research protocol (web scraping + cross-symbol analysis)...
[2026-05-01T10:51:29Z] [INFO] 📊 Cycle duration: 0.37s, Files generated: 1
[2026-05-01T10:51:29Z] [WARNING] ⚠️ Database not initialized for cycle counting
[2026-05-01T10:51:29Z] [INFO] 💾 Database updated with cycle results
[2026-05-01T10:51:29Z] [SECTION] ============================================================
[2026-05-01T10:51:29Z] [INFO] 🔮 PHASE: HIDDEN LAYERING DETECTION
[2026-05-01T10:51:29Z] [INFO] 🔗 Hidden layering detection complete. Connections identified: 2
[2026-05-01T10:51:29Z] [SECTION] ============================================================
[2026-05-01T10:51:29Z] [INFO] 🔬 PHASE: DOMAIN CORRELATION ANALYSIS
[2026-05-01T10:51:29Z] [INFO] 📊 Domain correlation matrices created: 2
[2026-05-01T10:51:29Z] [SECTION] ============================================================
[2026-05-01T10:51:29Z] [INFO] 🖼️  PHASE: IMAGE-SEED ANALYSIS
[2026-05-01T10:51:29Z] [INFO] 📂 Image seed analysis bootstrapping from 0 images...
[2026-05-01T10:51:29Z] [SECTION] ============================================================
[2026-05-01T10:51:29Z] [INFO] 📤 PHASE: PUSH COMPONENTS TO TOLARIA
[2026-05-01T10:51:30Z] [INFO] 📦 Components pushed to Tolaria: 5
[2026-05-01T10:51:30Z] [SECTION] ============================================================
[2026-05-01T10:51:30Z] [INFO] 🧩 PHASE: COMPOSER - DOMAIN INTEGRATION SYNTHESIS
[2026-05-01T10:51:40Z] [INFO] 🎨 Domain integrations synthesized: 0
[2026-05-01T10:51:40Z] [SECTION] ============================================================
[2026-05-01T10:51:40Z] [INFO] 🚀 PHASE: ADVANCED OVERNIGHT LOOP
[2026-05-01T10:52:25Z] [INFO] 🔬 Advanced loop completed cycles: 0
[2026-05-01T10:52:25Z] [WARNING] ⚠️  Git commit skipped or failed (git not initialized?): Command '['git', '-C', '/home/avalonas/.hermes/gematria/unified_overnight_research', 'commit', '-m', '[2026-05-01T10:52:25Z] Cycle 39: Cycle 40: Web research + hidden layering detection']' returned non-zero exit status 128.
[2026-05-01T10:52:25Z] [INFO] 
📊 CYCLE #40 SUMMARY
[2026-05-01T10:52:25Z] [INFO] ✅ Successful tasks: 7/7
[2026-05-01T10:52:25Z] [INFO] ⏱️  Cycle duration: 56.46s
[2026-05-01T10:52:25Z] [INFO]    ⚠️ task: result
[2026-05-01T10:52:25Z] [INFO]    ⚠️ task: result
[2026-05-01T10:52:25Z] [INFO]    ⚠️ task: result
[2026-05-01T10:52:25Z] [INFO]    ⚠️ task: result
[2026-05-01T10:52:25Z] [INFO]    ⚠️ task: result
[2026-05-01T10:52:25Z] [INFO]    ⚠️ task: result
[2026-05-01T10:52:25Z] [INFO]    ⚠️ task: result
[2026-05-01T10:52:25Z] [HEADER] ================================================================================
[2026-05-01T10:52:25Z] [INFO] 🔄 OVERNIGHT RESEARCH PIPELINE - CYCLE #41
[2026-05-01T10:52:25Z] [INFO] ================================================================================
[2026-05-01T10:52:25Z] [HEADER] ============================================================
[2026-05-01T10:52:25Z] [INFO] 🌙 STARTING OVERNIGHT RESEARCH CYCLE #41
[2026-05-01T10:52:25Z] [INFO] 🔍 Running overnight research protocol (web scraping + cross-symbol analysis)...
[2026-05-01T10:52:25Z] [INFO] 📊 Cycle duration: 0.17s, Files generated: 1
[2026-05-01T10:52:25Z] [WARNING] ⚠️ Database not initialized for cycle counting
[2026-05-01T10:52:25Z] [INFO] 💾 Database updated with cycle results
[2026-05-01T10:52:25Z] [SECTION] ============================================================
[2026-05-01T10:52:25Z] [INFO] 🔮 PHASE: HIDDEN LAYERING DETECTION
[2026-05-01T10:52:25Z] [INFO] 🔗 Hidden layering detection complete. Connections identified: 2
[2026-05-01T10:52:25Z] [SECTION] ============================================================
[2026-05-01T10:52:25Z] [INFO] 🔬 PHASE: DOMAIN CORRELATION ANALYSIS
[2026-05-01T10:52:25Z] [INFO] 📊 Domain correlation matrices created: 2
[2026-05-01T10:52:25Z] [SECTION] ============================================================
[2026-05-01T10:52:25Z] [INFO] 🖼️  PHASE: IMAGE-SEED ANALYSIS
[2026-05-01T10:52:25Z] [INFO] 📂 Image seed analysis bootstrapping from 0 images...
[2026-05-01T10:52:25Z] [SECTION] ============================================================
[2026-05-01T10:52:25Z] [INFO] 📤 PHASE: PUSH COMPONENTS TO TOLARIA
[2026-05-01T10:52:26Z] [INFO] 📦 Components pushed to Tolaria: 5
[2026-05-01T10:52:26Z] [SECTION] ============================================================
[2026-05-01T10:52:26Z] [INFO] 🧩 PHASE: COMPOSER - DOMAIN INTEGRATION SYNTHESIS
[2026-05-01T10:52:41Z] [INFO] 🎨 Domain integrations synthesized: 0
[2026-05-01T10:52:41Z] [SECTION] ============================================================
[2026-05-01T10:52:41Z] [INFO] 🚀 PHASE: ADVANCED OVERNIGHT LOOP
[2026-05-01T10:53:26Z] [INFO] 🔬 Advanced loop completed cycles: 0
[2026-05-01T10:53:26Z] [WARNING] ⚠️  Git commit skipped or failed (git not initialized?): Command '['git', '-C', '/home/avalonas/.hermes/gematria/unified_overnight_research', 'commit', '-m', '[2026-05-01T10:53:26Z] Cycle 40: Cycle 41: Web research + hidden layering detection']' returned non-zero exit status 1.
[2026-05-01T10:53:26Z] [INFO] 
📊 CYCLE #41 SUMMARY
[2026-05-01T10:53:26Z] [INFO] ✅ Successful tasks: 7/7
[2026-05-01T10:53:26Z] [INFO] ⏱️  Cycle duration: 61.35s
[2026-05-01T10:53:26Z] [INFO]    ⚠️ task: result
[2026-05-01T10:53:26Z] [INFO]    ⚠️ task: result
[2026-05-01T10:53:26Z] [INFO]    ⚠️ task: result
[2026-05-01T10:53:26Z] [INFO]    ⚠️ task: result
[2026-05-01T10:53:26Z] [INFO]    ⚠️ task: result
[2026-05-01T10:53:26Z] [INFO]    ⚠️ task: result
[2026-05-01T10:53:26Z] [INFO]    ⚠️ task: result
[2026-05-01T10:53:26Z] [HEADER] ================================================================================
[2026-05-01T10:53:26Z] [INFO] 🔄 OVERNIGHT RESEARCH PIPELINE - CYCLE #42
[2026-05-01T10:53:26Z] [INFO] ================================================================================
[2026-05-01T10:53:26Z] [HEADER] ============================================================
[2026-05-01T10:53:26Z] [INFO] 🌙 STARTING OVERNIGHT RESEARCH CYCLE #42
[2026-05-01T10:53:26Z] [INFO] 🔍 Running overnight research protocol (web scraping + cross-symbol analysis)...
[2026-05-01T10:53:26Z] [INFO] 📊 Cycle duration: 0.22s, Files generated: 1
[2026-05-01T10:53:26Z] [WARNING] ⚠️ Database not initialized for cycle counting
[2026-05-01T10:53:26Z] [INFO] 💾 Database updated with cycle results
[2026-05-01T10:53:26Z] [SECTION] ============================================================
[2026-05-01T10:53:26Z] [INFO] 🔮 PHASE: HIDDEN LAYERING DETECTION
[2026-05-01T10:53:26Z] [INFO] 🔗 Hidden layering detection complete. Connections identified: 2
[2026-05-01T10:53:26Z] [SECTION] ============================================================
[2026-05-01T10:53:26Z] [INFO] 🔬 PHASE: DOMAIN CORRELATION ANALYSIS
[2026-05-01T10:53:26Z] [INFO] 📊 Domain correlation matrices created: 2
[2026-05-01T10:53:26Z] [SECTION] ============================================================
[2026-05-01T10:53:26Z] [INFO] 🖼️  PHASE: IMAGE-SEED ANALYSIS
[2026-05-01T10:53:26Z] [INFO] 📂 Image seed analysis bootstrapping from 0 images...
[2026-05-01T10:53:27Z] [SECTION] ============================================================
[2026-05-01T10:53:27Z] [INFO] 📤 PHASE: PUSH COMPONENTS TO TOLARIA
[2026-05-01T10:53:28Z] [INFO] 📦 Components pushed to Tolaria: 5
[2026-05-01T10:53:28Z] [SECTION] ============================================================
[2026-05-01T10:53:28Z] [INFO] 🧩 PHASE: COMPOSER - DOMAIN INTEGRATION SYNTHESIS
[2026-05-01T10:53:44Z] [INFO] 🎨 Domain integrations synthesized: 0
[2026-05-01T10:53:44Z] [SECTION] ============================================================
[2026-05-01T10:53:44Z] [INFO] 🚀 PHASE: ADVANCED OVERNIGHT LOOP
[2026-05-01T10:54:23Z] [INFO] 🔬 Advanced loop completed cycles: 0
[2026-05-01T10:54:23Z] [WARNING] ⚠️  Git commit skipped or failed (git not initialized?): Command '['git', '-C', '/home/avalonas/.hermes/gematria/unified_overnight_research', 'commit', '-m', '[2026-05-01T10:54:23Z] Cycle 41: Cycle 42: Web research + hidden layering detection']' returned non-zero exit status 1.
[2026-05-01T10:54:23Z] [INFO] 
📊 CYCLE #42 SUMMARY
[2026-05-01T10:54:23Z] [INFO] ✅ Successful tasks: 7/7
[2026-05-01T10:54:23Z] [INFO] ⏱️  Cycle duration: 57.02s
[2026-05-01T10:54:23Z] [INFO]    ⚠️ task: result
[2026-05-01T10:54:23Z] [INFO]    ⚠️ task: result
[2026-05-01T10:54:23Z] [INFO]    ⚠️ task: result
[2026-05-01T10:54:23Z] [INFO]    ⚠️ task: result
[2026-05-01T10:54:23Z] [INFO]    ⚠️ task: result
[2026-05-01T10:54:23Z] [INFO]    ⚠️ task: result
[2026-05-01T10:54:23Z] [INFO]    ⚠️ task: result
[2026-05-01T10:54:23Z] [HEADER] ================================================================================
[2026-05-01T10:54:23Z] [INFO] 🔄 OVERNIGHT RESEARCH PIPELINE - CYCLE #43
[2026-05-01T10:54:23Z] [INFO] ================================================================================
[2026-05-01T10:54:23Z] [HEADER] ============================================================
[2026-05-01T10:54:23Z] [INFO] 🌙 STARTING OVERNIGHT RESEARCH CYCLE #43
[2026-05-01T10:54:23Z] [INFO] 🔍 Running overnight research protocol (web scraping + cross-symbol analysis)...
[2026-05-01T10:54:23Z] [INFO] 📊 Cycle duration: 0.16s, Files generated: 1
[2026-05-01T10:54:23Z] [WARNING] ⚠️ Database not initialized for cycle counting
[2026-05-01T10:54:23Z] [INFO] 💾 Database updated with cycle results
[2026-05-01T10:54:23Z] [SECTION] ============================================================
[2026-05-01T10:54:23Z] [INFO] 🔮 PHASE: HIDDEN LAYERING DETECTION
[2026-05-01T10:54:23Z] [INFO] 🔗 Hidden layering detection complete. Connections identified: 2
[2026-05-01T10:54:23Z] [SECTION] ============================================================
[2026-05-01T10:54:23Z] [INFO] 🔬 PHASE: DOMAIN CORRELATION ANALYSIS
[2026-05-01T10:54:23Z] [INFO] 📊 Domain correlation matrices created: 2
[2026-05-01T10:54:23Z] [SECTION] ============================================================
[2026-05-01T10:54:23Z] [INFO] 🖼️  PHASE: IMAGE-SEED ANALYSIS
[2026-05-01T10:54:23Z] [INFO] 📂 Image seed analysis bootstrapping from 0 images...
[2026-05-01T10:54:23Z] [SECTION] ============================================================
[2026-05-01T10:54:23Z] [INFO] 📤 PHASE: PUSH COMPONENTS TO TOLARIA
[2026-05-01T10:54:24Z] [INFO] 📦 Components pushed to Tolaria: 5
[2026-05-01T10:54:24Z] [SECTION] ============================================================
[2026-05-01T10:54:24Z] [INFO] 🧩 PHASE: COMPOSER - DOMAIN INTEGRATION SYNTHESIS
[2026-05-01T10:54:43Z] [INFO] 🎨 Domain integrations synthesized: 0
[2026-05-01T10:54:43Z] [SECTION] ============================================================
[2026-05-01T10:54:43Z] [INFO] 🚀 PHASE: ADVANCED OVERNIGHT LOOP
[2026-05-01T10:55:31Z] [INFO] 🔬 Advanced loop completed cycles: 0
[2026-05-01T10:55:31Z] [WARNING] ⚠️  Git commit skipped or failed (git not initialized?): Command '['git', '-C', '/home/avalonas/.hermes/gematria/unified_overnight_research', 'commit', '-m', '[2026-05-01T10:55:31Z] Cycle 42: Cycle 43: Web research + hidden layering detection']' returned non-zero exit status 1.
[2026-05-01T10:55:31Z] [INFO] 
📊 CYCLE #43 SUMMARY
[2026-05-01T10:55:31Z] [INFO] ✅ Successful tasks: 7/7
[2026-05-01T10:55:31Z] [INFO] ⏱️  Cycle duration: 68.13s
[2026-05-01T10:55:31Z] [INFO]    ⚠️ task: result
[2026-05-01T10:55:31Z] [INFO]    ⚠️ task: result
[2026-05-01T10:55:31Z] [INFO]    ⚠️ task: result
[2026-05-01T10:55:31Z] [INFO]    ⚠️ task: result
[2026-05-01T10:55:31Z] [INFO]    ⚠️ task: result
[2026-05-01T10:55:31Z] [INFO]    ⚠️ task: result
[2026-05-01T10:55:31Z] [INFO]    ⚠️ task: result
[2026-05-01T10:55:31Z] [HEADER] ================================================================================
[2026-05-01T10:55:31Z] [INFO] 🔄 OVERNIGHT RESEARCH PIPELINE - CYCLE #44
[2026-05-01T10:55:31Z] [INFO] ================================================================================
[2026-05-01T10:55:31Z] [HEADER] ============================================================
[2026-05-01T10:55:31Z] [INFO] 🌙 STARTING OVERNIGHT RESEARCH CYCLE #44
[2026-05-01T10:55:31Z] [INFO] 🔍 Running overnight research protocol (web scraping + cross-symbol analysis)...
[2026-05-01T10:55:31Z] [INFO] 📊 Cycle duration: 0.16s, Files generated: 1
[2026-05-01T10:55:31Z] [WARNING] ⚠️ Database not initialized for cycle counting
[2026-05-01T10:55:31Z] [INFO] 💾 Database updated with cycle results
[2026-05-01T10:55:31Z] [SECTION] ============================================================
[2026-05-01T10:55:31Z] [INFO] 🔮 PHASE: HIDDEN LAYERING DETECTION
[2026-05-01T10:55:31Z] [INFO] 🔗 Hidden layering detection complete. Connections identified: 2
[2026-05-01T10:55:31Z] [SECTION] ============================================================
[2026-05-01T10:55:31Z] [INFO] 🔬 PHASE: DOMAIN CORRELATION ANALYSIS
[2026-05-01T10:55:31Z] [INFO] 📊 Domain correlation matrices created: 2
[2026-05-01T10:55:31Z] [SECTION] ============================================================
[2026-05-01T10:55:31Z] [INFO] 🖼️  PHASE: IMAGE-SEED ANALYSIS
[2026-05-01T10:55:31Z] [INFO] 📂 Image seed analysis bootstrapping from 0 images...
[2026-05-01T10:55:31Z] [SECTION] ============================================================
[2026-05-01T10:55:31Z] [INFO] 📤 PHASE: PUSH COMPONENTS TO TOLARIA
[2026-05-01T10:55:32Z] [INFO] 📦 Components pushed to Tolaria: 5
[2026-05-01T10:55:32Z] [SECTION] ============================================================
[2026-05-01T10:55:32Z] [INFO] 🧩 PHASE: COMPOSER - DOMAIN INTEGRATION SYNTHESIS
[2026-05-01T10:55:44Z] [INFO] 🎨 Domain integrations synthesized: 0
[2026-05-01T10:55:44Z] [SECTION] ============================================================
[2026-05-01T10:55:44Z] [INFO] 🚀 PHASE: ADVANCED OVERNIGHT LOOP
[2026-05-01T10:56:23Z] [INFO] 🔬 Advanced loop completed cycles: 0
[2026-05-01T10:56:23Z] [WARNING] ⚠️  Git commit skipped or failed (git not initialized?): Command '['git', '-C', '/home/avalonas/.hermes/gematria/unified_overnight_research', 'commit', '-m', '[2026-05-01T10:56:23Z] Cycle 43: Cycle 44: Web research + hidden layering detection']' returned non-zero exit status 1.
[2026-05-01T10:56:23Z] [INFO] 
📊 CYCLE #44 SUMMARY
[2026-05-01T10:56:23Z] [INFO] ✅ Successful tasks: 7/7
[2026-05-01T10:56:23Z] [INFO] ⏱️  Cycle duration: 52.12s
[2026-05-01T10:56:23Z] [INFO]    ⚠️ task: result
[2026-05-01T10:56:23Z] [INFO]    ⚠️ task: result
[2026-05-01T10:56:23Z] [INFO]    ⚠️ task: result
[2026-05-01T10:56:23Z] [INFO]    ⚠️ task: result
[2026-05-01T10:56:23Z] [INFO]    ⚠️ task: result
[2026-05-01T10:56:23Z] [INFO]    ⚠️ task: result
[2026-05-01T10:56:23Z] [INFO]    ⚠️ task: result
[2026-05-01T10:56:23Z] [HEADER] ================================================================================
[2026-05-01T10:56:23Z] [INFO] 🔄 OVERNIGHT RESEARCH PIPELINE - CYCLE #45
[2026-05-01T10:56:23Z] [INFO] ================================================================================
[2026-05-01T10:56:23Z] [HEADER] ============================================================
[2026-05-01T10:56:23Z] [INFO] 🌙 STARTING OVERNIGHT RESEARCH CYCLE #45
[2026-05-01T10:56:23Z] [INFO] 🔍 Running overnight research protocol (web scraping + cross-symbol analysis)...
[2026-05-01T10:56:23Z] [INFO] 📊 Cycle duration: 0.16s, Files generated: 1
[2026-05-01T10:56:24Z] [WARNING] ⚠️ Database not initialized for cycle counting
[2026-05-01T10:56:24Z] [INFO] 💾 Database updated with cycle results
[2026-05-01T10:56:24Z] [SECTION] ============================================================
[2026-05-01T10:56:24Z] [INFO] 🔮 PHASE: HIDDEN LAYERING DETECTION
[2026-05-01T10:56:24Z] [INFO] 🔗 Hidden layering detection complete. Connections identified: 2
[2026-05-01T10:56:24Z] [SECTION] ============================================================
[2026-05-01T10:56:24Z] [INFO] 🔬 PHASE: DOMAIN CORRELATION ANALYSIS
[2026-05-01T10:56:24Z] [INFO] 📊 Domain correlation matrices created: 2
[2026-05-01T10:56:24Z] [SECTION] ============================================================
[2026-05-01T10:56:24Z] [INFO] 🖼️  PHASE: IMAGE-SEED ANALYSIS
[2026-05-01T10:56:24Z] [INFO] 📂 Image seed analysis bootstrapping from 0 images...
[2026-05-01T10:56:24Z] [SECTION] ============================================================
[2026-05-01T10:56:24Z] [INFO] 📤 PHASE: PUSH COMPONENTS TO TOLARIA
[2026-05-01T10:56:25Z] [INFO] 📦 Components pushed to Tolaria: 5
[2026-05-01T10:56:25Z] [SECTION] ============================================================
[2026-05-01T10:56:25Z] [INFO] 🧩 PHASE: COMPOSER - DOMAIN INTEGRATION SYNTHESIS
[2026-05-01T10:56:40Z] [INFO] 🎨 Domain integrations synthesized: 0
[2026-05-01T10:56:40Z] [SECTION] ============================================================
[2026-05-01T10:56:40Z] [INFO] 🚀 PHASE: ADVANCED OVERNIGHT LOOP
[2026-05-01T10:57:29Z] [INFO] 🔬 Advanced loop completed cycles: 0
[2026-05-01T10:57:29Z] [WARNING] ⚠️  Git commit skipped or failed (git not initialized?): Command '['git', '-C', '/home/avalonas/.hermes/gematria/unified_overnight_research', 'add', '.']' returned non-zero exit status 128.
[2026-05-01T10:57:29Z] [INFO] 
📊 CYCLE #45 SUMMARY
[2026-05-01T10:57:29Z] [INFO] ✅ Successful tasks: 7/7
[2026-05-01T10:57:29Z] [INFO] ⏱️  Cycle duration: 65.26s
[2026-05-01T10:57:29Z] [INFO]    ⚠️ task: result
[2026-05-01T10:57:29Z] [INFO]    ⚠️ task: result
[2026-05-01T10:57:29Z] [INFO]    ⚠️ task: result
[2026-05-01T10:57:29Z] [INFO]    ⚠️ task: result
[2026-05-01T10:57:29Z] [INFO]    ⚠️ task: result
[2026-05-01T10:57:29Z] [INFO]    ⚠️ task: result
[2026-05-01T10:57:29Z] [INFO]    ⚠️ task: result
[2026-05-01T10:57:29Z] [HEADER] ================================================================================
[2026-05-01T10:57:29Z] [INFO] 🔄 OVERNIGHT RESEARCH PIPELINE - CYCLE #46
[2026-05-01T10:57:29Z] [INFO] ================================================================================
[2026-05-01T10:57:29Z] [HEADER] ============================================================
[2026-05-01T10:57:29Z] [INFO] 🌙 STARTING OVERNIGHT RESEARCH CYCLE #46
[2026-05-01T10:57:29Z] [INFO] 🔍 Running overnight research protocol (web scraping + cross-symbol analysis)...
[2026-05-01T10:57:29Z] [INFO] 📊 Cycle duration: 0.17s, Files generated: 1
[2026-05-01T10:57:29Z] [WARNING] ⚠️ Database not initialized for cycle counting
[2026-05-01T10:57:29Z] [INFO] 💾 Database updated with cycle results
[2026-05-01T10:57:29Z] [SECTION] ============================================================
[2026-05-01T10:57:29Z] [INFO] 🔮 PHASE: HIDDEN LAYERING DETECTION
[2026-05-01T10:57:29Z] [INFO] 🔗 Hidden layering detection complete. Connections identified: 2
[2026-05-01T10:57:29Z] [SECTION] ============================================================
[2026-05-01T10:57:29Z] [INFO] 🔬 PHASE: DOMAIN CORRELATION ANALYSIS
[2026-05-01T10:57:29Z] [INFO] 📊 Domain correlation matrices created: 2
[2026-05-01T10:57:29Z] [SECTION] ============================================================
[2026-05-01T10:57:29Z] [INFO] 🖼️  PHASE: IMAGE-SEED ANALYSIS
[2026-05-01T10:57:29Z] [INFO] 📂 Image seed analysis bootstrapping from 0 images...
[2026-05-01T10:57:29Z] [SECTION] ============================================================
[2026-05-01T10:57:29Z] [INFO] 📤 PHASE: PUSH COMPONENTS TO TOLARIA
[2026-05-01T10:57:30Z] [INFO] 📦 Components pushed to Tolaria: 5
[2026-05-01T10:57:30Z] [SECTION] ============================================================
[2026-05-01T10:57:30Z] [INFO] 🧩 PHASE: COMPOSER - DOMAIN INTEGRATION SYNTHESIS
[2026-05-01T10:57:42Z] [INFO] 🎨 Domain integrations synthesized: 0
[2026-05-01T10:57:42Z] [SECTION] ============================================================
[2026-05-01T10:57:42Z] [INFO] 🚀 PHASE: ADVANCED OVERNIGHT LOOP
[2026-05-01T10:58:22Z] [INFO] 🔬 Advanced loop completed cycles: 0
[2026-05-01T10:58:22Z] [WARNING] ⚠️  Git commit skipped or failed (git not initialized?): Command '['git', '-C', '/home/avalonas/.hermes/gematria/unified_overnight_research', 'commit', '-m', '[2026-05-01T10:58:22Z] Cycle 45: Cycle 46: Web research + hidden layering detection']' returned non-zero exit status 1.
[2026-05-01T10:58:22Z] [INFO] 
📊 CYCLE #46 SUMMARY
[2026-05-01T10:58:22Z] [INFO] ✅ Successful tasks: 7/7
[2026-05-01T10:58:22Z] [INFO] ⏱️  Cycle duration: 53.33s
[2026-05-01T10:58:22Z] [INFO]    ⚠️ task: result
[2026-05-01T10:58:22Z] [INFO]    ⚠️ task: result
[2026-05-01T10:58:22Z] [INFO]    ⚠️ task: result
[2026-05-01T10:58:22Z] [INFO]    ⚠️ task: result
[2026-05-01T10:58:22Z] [INFO]    ⚠️ task: result
[2026-05-01T10:58:22Z] [INFO]    ⚠️ task: result
[2026-05-01T10:58:22Z] [INFO]    ⚠️ task: result
[2026-05-01T10:58:22Z] [HEADER] ================================================================================
[2026-05-01T10:58:22Z] [INFO] 🔄 OVERNIGHT RESEARCH PIPELINE - CYCLE #47
[2026-05-01T10:58:22Z] [INFO] ================================================================================
[2026-05-01T10:58:22Z] [HEADER] ============================================================
[2026-05-01T10:58:22Z] [INFO] 🌙 STARTING OVERNIGHT RESEARCH CYCLE #47
[2026-05-01T10:58:22Z] [INFO] 🔍 Running overnight research protocol (web scraping + cross-symbol analysis)...
[2026-05-01T10:58:22Z] [INFO] 📊 Cycle duration: 0.22s, Files generated: 1
[2026-05-01T10:58:22Z] [WARNING] ⚠️ Database not initialized for cycle counting
[2026-05-01T10:58:22Z] [INFO] 💾 Database updated with cycle results
[2026-05-01T10:58:22Z] [SECTION] ============================================================
[2026-05-01T10:58:22Z] [INFO] 🔮 PHASE: HIDDEN LAYERING DETECTION
[2026-05-01T10:58:22Z] [INFO] 🔗 Hidden layering detection complete. Connections identified: 2
[2026-05-01T10:58:22Z] [SECTION] ============================================================
[2026-05-01T10:58:22Z] [INFO] 🔬 PHASE: DOMAIN CORRELATION ANALYSIS
[2026-05-01T10:58:22Z] [INFO] 📊 Domain correlation matrices created: 2
[2026-05-01T10:58:22Z] [SECTION] ============================================================
[2026-05-01T10:58:22Z] [INFO] 🖼️  PHASE: IMAGE-SEED ANALYSIS
[2026-05-01T10:58:22Z] [INFO] 📂 Image seed analysis bootstrapping from 0 images...
[2026-05-01T10:58:22Z] [SECTION] ============================================================
[2026-05-01T10:58:22Z] [INFO] 📤 PHASE: PUSH COMPONENTS TO TOLARIA
[2026-05-01T10:58:23Z] [INFO] 📦 Components pushed to Tolaria: 5
[2026-05-01T10:58:23Z] [SECTION] ============================================================
[2026-05-01T10:58:23Z] [INFO] 🧩 PHASE: COMPOSER - DOMAIN INTEGRATION SYNTHESIS
[2026-05-01T10:58:39Z] [INFO] 🎨 Domain integrations synthesized: 0
[2026-05-01T10:58:39Z] [SECTION] ============================================================
[2026-05-01T10:58:39Z] [INFO] 🚀 PHASE: ADVANCED OVERNIGHT LOOP
[2026-05-01T10:59:23Z] [INFO] 🔬 Advanced loop completed cycles: 0
[2026-05-01T10:59:23Z] [WARNING] ⚠️  Git commit skipped or failed (git not initialized?): Command '['git', '-C', '/home/avalonas/.hermes/gematria/unified_overnight_research', 'commit', '-m', '[2026-05-01T10:59:23Z] Cycle 46: Cycle 47: Web research + hidden layering detection']' returned non-zero exit status 1.
[2026-05-01T10:59:23Z] [INFO] 
📊 CYCLE #47 SUMMARY
[2026-05-01T10:59:23Z] [INFO] ✅ Successful tasks: 7/7
[2026-05-01T10:59:23Z] [INFO] ⏱️  Cycle duration: 61.49s
[2026-05-01T10:59:23Z] [INFO]    ⚠️ task: result
[2026-05-01T10:59:23Z] [INFO]    ⚠️ task: result
[2026-05-01T10:59:23Z] [INFO]    ⚠️ task: result
[2026-05-01T10:59:23Z] [INFO]    ⚠️ task: result
[2026-05-01T10:59:23Z] [INFO]    ⚠️ task: result
[2026-05-01T10:59:23Z] [INFO]    ⚠️ task: result
[2026-05-01T10:59:23Z] [INFO]    ⚠️ task: result
[2026-05-01T10:59:23Z] [HEADER] ================================================================================
[2026-05-01T10:59:23Z] [INFO] 🔄 OVERNIGHT RESEARCH PIPELINE - CYCLE #48
[2026-05-01T10:59:23Z] [INFO] ================================================================================
[2026-05-01T10:59:23Z] [HEADER] ============================================================
[2026-05-01T10:59:23Z] [INFO] 🌙 STARTING OVERNIGHT RESEARCH CYCLE #48
[2026-05-01T10:59:23Z] [INFO] 🔍 Running overnight research protocol (web scraping + cross-symbol analysis)...
[2026-05-01T10:59:24Z] [INFO] 📊 Cycle duration: 0.15s, Files generated: 1
[2026-05-01T10:59:24Z] [WARNING] ⚠️ Database not initialized for cycle counting
[2026-05-01T10:59:24Z] [INFO] 💾 Database updated with cycle results
[2026-05-01T10:59:24Z] [SECTION] ============================================================
[2026-05-01T10:59:24Z] [INFO] 🔮 PHASE: HIDDEN LAYERING DETECTION
[2026-05-01T10:59:24Z] [INFO] 🔗 Hidden layering detection complete. Connections identified: 2
[2026-05-01T10:59:24Z] [SECTION] ============================================================
[2026-05-01T10:59:24Z] [INFO] 🔬 PHASE: DOMAIN CORRELATION ANALYSIS
[2026-05-01T10:59:24Z] [INFO] 📊 Domain correlation matrices created: 2
[2026-05-01T10:59:24Z] [SECTION] ============================================================
[2026-05-01T10:59:24Z] [INFO] 🖼️  PHASE: IMAGE-SEED ANALYSIS
[2026-05-01T10:59:24Z] [INFO] 📂 Image seed analysis bootstrapping from 0 images...
[2026-05-01T10:59:24Z] [SECTION] ============================================================
[2026-05-01T10:59:24Z] [INFO] 📤 PHASE: PUSH COMPONENTS TO TOLARIA
[2026-05-01T10:59:25Z] [INFO] 📦 Components pushed to Tolaria: 5
[2026-05-01T10:59:25Z] [SECTION] ============================================================
[2026-05-01T10:59:25Z] [INFO] 🧩 PHASE: COMPOSER - DOMAIN INTEGRATION SYNTHESIS
[2026-05-01T10:59:36Z] [INFO] 🎨 Domain integrations synthesized: 0
[2026-05-01T10:59:36Z] [SECTION] ============================================================
[2026-05-01T10:59:36Z] [INFO] 🚀 PHASE: ADVANCED OVERNIGHT LOOP
[2026-05-01T11:00:16Z] [INFO] 🔬 Advanced loop completed cycles: 0
[2026-05-01T11:00:16Z] [WARNING] ⚠️  Git commit skipped or failed (git not initialized?): Command '['git', '-C', '/home/avalonas/.hermes/gematria/unified_overnight_research', 'add', '.']' returned non-zero exit status 128.
[2026-05-01T11:00:16Z] [INFO] 
📊 CYCLE #48 SUMMARY
[2026-05-01T11:00:16Z] [INFO] ✅ Successful tasks: 7/7
[2026-05-01T11:00:16Z] [INFO] ⏱️  Cycle duration: 53.06s
[2026-05-01T11:00:16Z] [INFO]    ⚠️ task: result
[2026-05-01T11:00:16Z] [INFO]    ⚠️ task: result
[2026-05-01T11:00:16Z] [INFO]    ⚠️ task: result
[2026-05-01T11:00:16Z] [INFO]    ⚠️ task: result
[2026-05-01T11:00:16Z] [INFO]    ⚠️ task: result
[2026-05-01T11:00:16Z] [INFO]    ⚠️ task: result
[2026-05-01T11:00:16Z] [INFO]    ⚠️ task: result
[2026-05-01T11:00:16Z] [HEADER] ================================================================================
[2026-05-01T11:00:16Z] [INFO] 🔄 OVERNIGHT RESEARCH PIPELINE - CYCLE #49
[2026-05-01T11:00:16Z] [INFO] ================================================================================
[2026-05-01T11:00:16Z] [HEADER] ============================================================
[2026-05-01T11:00:16Z] [INFO] 🌙 STARTING OVERNIGHT RESEARCH CYCLE #49
[2026-05-01T11:00:16Z] [INFO] 🔍 Running overnight research protocol (web scraping + cross-symbol analysis)...
[2026-05-01T11:00:17Z] [INFO] 📊 Cycle duration: 0.16s, Files generated: 1
[2026-05-01T11:00:17Z] [WARNING] ⚠️ Database not initialized for cycle counting
[2026-05-01T11:00:17Z] [INFO] 💾 Database updated with cycle results
[2026-05-01T11:00:17Z] [SECTION] ============================================================
[2026-05-01T11:00:17Z] [INFO] 🔮 PHASE: HIDDEN LAYERING DETECTION
[2026-05-01T11:00:17Z] [INFO] 🔗 Hidden layering detection complete. Connections identified: 2
[2026-05-01T11:00:17Z] [SECTION] ============================================================
[2026-05-01T11:00:17Z] [INFO] 🔬 PHASE: DOMAIN CORRELATION ANALYSIS
[2026-05-01T11:00:17Z] [INFO] 📊 Domain correlation matrices created: 2
[2026-05-01T11:00:17Z] [SECTION] ============================================================
[2026-05-01T11:00:17Z] [INFO] 🖼️  PHASE: IMAGE-SEED ANALYSIS
[2026-05-01T11:00:17Z] [INFO] 📂 Image seed analysis bootstrapping from 0 images...
[2026-05-01T11:00:17Z] [SECTION] ============================================================
[2026-05-01T11:00:17Z] [INFO] 📤 PHASE: PUSH COMPONENTS TO TOLARIA
[2026-05-01T11:00:18Z] [INFO] 📦 Components pushed to Tolaria: 5
[2026-05-01T11:00:18Z] [SECTION] ============================================================
[2026-05-01T11:00:18Z] [INFO] 🧩 PHASE: COMPOSER - DOMAIN INTEGRATION SYNTHESIS
[2026-05-01T11:00:33Z] [INFO] 🎨 Domain integrations synthesized: 0
[2026-05-01T11:00:33Z] [SECTION] ============================================================
[2026-05-01T11:00:33Z] [INFO] 🚀 PHASE: ADVANCED OVERNIGHT LOOP
[2026-05-01T11:01:13Z] [INFO] 🔬 Advanced loop completed cycles: 0
[2026-05-01T11:01:14Z] [WARNING] ⚠️  Git commit skipped or failed (git not initialized?): Command '['git', '-C', '/home/avalonas/.hermes/gematria/unified_overnight_research', 'commit', '-m', '[2026-05-01T11:01:14Z] Cycle 48: Cycle 49: Web research + hidden layering detection']' returned non-zero exit status 1.
[2026-05-01T11:01:14Z] [INFO] 
📊 CYCLE #49 SUMMARY
[2026-05-01T11:01:14Z] [INFO] ✅ Successful tasks: 7/7
[2026-05-01T11:01:14Z] [INFO] ⏱️  Cycle duration: 57.07s
[2026-05-01T11:01:14Z] [INFO]    ⚠️ task: result
[2026-05-01T11:01:14Z] [INFO]    ⚠️ task: result
[2026-05-01T11:01:14Z] [INFO]    ⚠️ task: result
[2026-05-01T11:01:14Z] [INFO]    ⚠️ task: result
[2026-05-01T11:01:14Z] [INFO]    ⚠️ task: result
[2026-05-01T11:01:14Z] [INFO]    ⚠️ task: result
[2026-05-01T11:01:14Z] [INFO]    ⚠️ task: result
[2026-05-01T11:01:14Z] [HEADER] ================================================================================
[2026-05-01T11:01:14Z] [INFO] 🔄 OVERNIGHT RESEARCH PIPELINE - CYCLE #50
[2026-05-01T11:01:14Z] [INFO] ================================================================================
[2026-05-01T11:01:14Z] [HEADER] ============================================================
[2026-05-01T11:01:14Z] [INFO] 🌙 STARTING OVERNIGHT RESEARCH CYCLE #50
[2026-05-01T11:01:14Z] [INFO] 🔍 Running overnight research protocol (web scraping + cross-symbol analysis)...
[2026-05-01T11:01:14Z] [INFO] 📊 Cycle duration: 0.13s, Files generated: 1
[2026-05-01T11:01:14Z] [WARNING] ⚠️ Database not initialized for cycle counting
[2026-05-01T11:01:14Z] [INFO] 💾 Database updated with cycle results
[2026-05-01T11:01:14Z] [SECTION] ============================================================
[2026-05-01T11:01:14Z] [INFO] 🔮 PHASE: HIDDEN LAYERING DETECTION
[2026-05-01T11:01:14Z] [INFO] 🔗 Hidden layering detection complete. Connections identified: 2
[2026-05-01T11:01:14Z] [SECTION] ============================================================
[2026-05-01T11:01:14Z] [INFO] 🔬 PHASE: DOMAIN CORRELATION ANALYSIS
[2026-05-01T11:01:14Z] [INFO] 📊 Domain correlation matrices created: 2
[2026-05-01T11:01:14Z] [SECTION] ============================================================
[2026-05-01T11:01:14Z] [INFO] 🖼️  PHASE: IMAGE-SEED ANALYSIS
[2026-05-01T11:01:14Z] [INFO] 📂 Image seed analysis bootstrapping from 0 images...
[2026-05-01T11:01:14Z] [SECTION] ============================================================
[2026-05-01T11:01:14Z] [INFO] 📤 PHASE: PUSH COMPONENTS TO TOLARIA
[2026-05-01T11:01:15Z] [INFO] 📦 Components pushed to Tolaria: 5
[2026-05-01T11:01:15Z] [SECTION] ============================================================
[2026-05-01T11:01:15Z] [INFO] 🧩 PHASE: COMPOSER - DOMAIN INTEGRATION SYNTHESIS
[2026-05-01T11:01:32Z] [INFO] 🎨 Domain integrations synthesized: 0
[2026-05-01T11:01:32Z] [SECTION] ============================================================
[2026-05-01T11:01:32Z] [INFO] 🚀 PHASE: ADVANCED OVERNIGHT LOOP
[2026-05-01T11:02:12Z] [INFO] 🔬 Advanced loop completed cycles: 0
[2026-05-01T11:02:12Z] [WARNING] ⚠️  Git commit skipped or failed (git not initialized?): Command '['git', '-C', '/home/avalonas/.hermes/gematria/unified_overnight_research', 'commit', '-m', '[2026-05-01T11:02:12Z] Cycle 49: Cycle 50: Web research + hidden layering detection']' returned non-zero exit status 1.
[2026-05-01T11:02:12Z] [INFO] 
📊 CYCLE #50 SUMMARY
[2026-05-01T11:02:12Z] [INFO] ✅ Successful tasks: 7/7
[2026-05-01T11:02:12Z] [INFO] ⏱️  Cycle duration: 58.54s
[2026-05-01T11:02:12Z] [INFO]    ⚠️ task: result
[2026-05-01T11:02:12Z] [INFO]    ⚠️ task: result
[2026-05-01T11:02:12Z] [INFO]    ⚠️ task: result
[2026-05-01T11:02:12Z] [INFO]    ⚠️ task: result
[2026-05-01T11:02:12Z] [INFO]    ⚠️ task: result
[2026-05-01T11:02:12Z] [INFO]    ⚠️ task: result
[2026-05-01T11:02:12Z] [INFO]    ⚠️ task: result
[2026-05-01T11:02:12Z] [HEADER] ================================================================================
[2026-05-01T11:02:12Z] [INFO] 🔄 OVERNIGHT RESEARCH PIPELINE - CYCLE #51
[2026-05-01T11:02:12Z] [INFO] ================================================================================
[2026-05-01T11:02:12Z] [HEADER] ============================================================
[2026-05-01T11:02:12Z] [INFO] 🌙 STARTING OVERNIGHT RESEARCH CYCLE #51
[2026-05-01T11:02:12Z] [INFO] 🔍 Running overnight research protocol (web scraping + cross-symbol analysis)...
[2026-05-01T11:02:12Z] [INFO] 📊 Cycle duration: 0.16s, Files generated: 1
[2026-05-01T11:02:12Z] [WARNING] ⚠️ Database not initialized for cycle counting
[2026-05-01T11:02:12Z] [INFO] 💾 Database updated with cycle results
[2026-05-01T11:02:12Z] [SECTION] ============================================================
[2026-05-01T11:02:12Z] [INFO] 🔮 PHASE: HIDDEN LAYERING DETECTION
[2026-05-01T11:02:12Z] [INFO] 🔗 Hidden layering detection complete. Connections identified: 2
[2026-05-01T11:02:12Z] [SECTION] ============================================================
[2026-05-01T11:02:12Z] [INFO] 🔬 PHASE: DOMAIN CORRELATION ANALYSIS
[2026-05-01T11:02:12Z] [INFO] 📊 Domain correlation matrices created: 2
[2026-05-01T11:02:12Z] [SECTION] ============================================================
[2026-05-01T11:02:12Z] [INFO] 🖼️  PHASE: IMAGE-SEED ANALYSIS
[2026-05-01T11:02:12Z] [INFO] 📂 Image seed analysis bootstrapping from 0 images...
[2026-05-01T11:02:12Z] [SECTION] ============================================================
[2026-05-01T11:02:12Z] [INFO] 📤 PHASE: PUSH COMPONENTS TO TOLARIA
[2026-05-01T11:02:13Z] [INFO] 📦 Components pushed to Tolaria: 5
[2026-05-01T11:02:13Z] [SECTION] ============================================================
[2026-05-01T11:02:13Z] [INFO] 🧩 PHASE: COMPOSER - DOMAIN INTEGRATION SYNTHESIS
[2026-05-01T11:02:33Z] [INFO] 🎨 Domain integrations synthesized: 0
[2026-05-01T11:02:33Z] [SECTION] ============================================================
[2026-05-01T11:02:33Z] [INFO] 🚀 PHASE: ADVANCED OVERNIGHT LOOP
[2026-05-01T11:03:24Z] [INFO] 🔬 Advanced loop completed cycles: 0
[2026-05-01T11:03:24Z] [WARNING] ⚠️  Git commit skipped or failed (git not initialized?): Command '['git', '-C', '/home/avalonas/.hermes/gematria/unified_overnight_research', 'commit', '-m', '[2026-05-01T11:03:24Z] Cycle 50: Cycle 51: Web research + hidden layering detection']' returned non-zero exit status 1.
[2026-05-01T11:03:24Z] [INFO] 
📊 CYCLE #51 SUMMARY
[2026-05-01T11:03:24Z] [INFO] ✅ Successful tasks: 7/7
[2026-05-01T11:03:24Z] [INFO] ⏱️  Cycle duration: 72.11s
[2026-05-01T11:03:24Z] [INFO]    ⚠️ task: result
[2026-05-01T11:03:24Z] [INFO]    ⚠️ task: result
[2026-05-01T11:03:24Z] [INFO]    ⚠️ task: result
[2026-05-01T11:03:24Z] [INFO]    ⚠️ task: result
[2026-05-01T11:03:24Z] [INFO]    ⚠️ task: result
[2026-05-01T11:03:24Z] [INFO]    ⚠️ task: result
[2026-05-01T11:03:24Z] [INFO]    ⚠️ task: result
[2026-05-01T11:03:24Z] [HEADER] ================================================================================
[2026-05-01T11:03:24Z] [INFO] 🔄 OVERNIGHT RESEARCH PIPELINE - CYCLE #52
[2026-05-01T11:03:24Z] [INFO] ================================================================================
[2026-05-01T11:03:24Z] [HEADER] ============================================================
[2026-05-01T11:03:24Z] [INFO] 🌙 STARTING OVERNIGHT RESEARCH CYCLE #52
[2026-05-01T11:03:24Z] [INFO] 🔍 Running overnight research protocol (web scraping + cross-symbol analysis)...
[2026-05-01T11:03:24Z] [INFO] 📊 Cycle duration: 0.12s, Files generated: 1
[2026-05-01T11:03:24Z] [WARNING] ⚠️ Database not initialized for cycle counting
[2026-05-01T11:03:24Z] [INFO] 💾 Database updated with cycle results
[2026-05-01T11:03:24Z] [SECTION] ============================================================
[2026-05-01T11:03:24Z] [INFO] 🔮 PHASE: HIDDEN LAYERING DETECTION
[2026-05-01T11:03:24Z] [INFO] 🔗 Hidden layering detection complete. Connections identified: 2
[2026-05-01T11:03:24Z] [SECTION] ============================================================
[2026-05-01T11:03:24Z] [INFO] 🔬 PHASE: DOMAIN CORRELATION ANALYSIS
[2026-05-01T11:03:24Z] [INFO] 📊 Domain correlation matrices created: 2
[2026-05-01T11:03:24Z] [SECTION] ============================================================
[2026-05-01T11:03:24Z] [INFO] 🖼️  PHASE: IMAGE-SEED ANALYSIS
[2026-05-01T11:03:24Z] [INFO] 📂 Image seed analysis bootstrapping from 0 images...
[2026-05-01T11:03:25Z] [SECTION] ============================================================
[2026-05-01T11:03:25Z] [INFO] 📤 PHASE: PUSH COMPONENTS TO TOLARIA
[2026-05-01T11:03:25Z] [INFO] 📦 Components pushed to Tolaria: 5
[2026-05-01T11:03:25Z] [SECTION] ============================================================
[2026-05-01T11:03:25Z] [INFO] 🧩 PHASE: COMPOSER - DOMAIN INTEGRATION SYNTHESIS
[2026-05-01T11:03:38Z] [INFO] 🎨 Domain integrations synthesized: 0
[2026-05-01T11:03:38Z] [SECTION] ============================================================
[2026-05-01T11:03:38Z] [INFO] 🚀 PHASE: ADVANCED OVERNIGHT LOOP
[2026-05-01T11:04:17Z] [INFO] 🔬 Advanced loop completed cycles: 0
[2026-05-01T11:04:17Z] [WARNING] ⚠️  Git commit skipped or failed (git not initialized?): Command '['git', '-C', '/home/avalonas/.hermes/gematria/unified_overnight_research', 'add', '.']' returned non-zero exit status 128.
[2026-05-01T11:04:17Z] [INFO] 
📊 CYCLE #52 SUMMARY
[2026-05-01T11:04:17Z] [INFO] ✅ Successful tasks: 7/7
[2026-05-01T11:04:17Z] [INFO] ⏱️  Cycle duration: 52.59s
[2026-05-01T11:04:17Z] [INFO]    ⚠️ task: result
[2026-05-01T11:04:17Z] [INFO]    ⚠️ task: result
[2026-05-01T11:04:17Z] [INFO]    ⚠️ task: result
[2026-05-01T11:04:17Z] [INFO]    ⚠️ task: result
[2026-05-01T11:04:17Z] [INFO]    ⚠️ task: result
[2026-05-01T11:04:17Z] [INFO]    ⚠️ task: result
[2026-05-01T11:04:17Z] [INFO]    ⚠️ task: result
[2026-05-01T11:04:17Z] [HEADER] ================================================================================
[2026-05-01T11:04:17Z] [INFO] 🔄 OVERNIGHT RESEARCH PIPELINE - CYCLE #53
[2026-05-01T11:04:17Z] [INFO] ================================================================================
[2026-05-01T11:04:17Z] [HEADER] ============================================================
[2026-05-01T11:04:17Z] [INFO] 🌙 STARTING OVERNIGHT RESEARCH CYCLE #53
[2026-05-01T11:04:17Z] [INFO] 🔍 Running overnight research protocol (web scraping + cross-symbol analysis)...
[2026-05-01T11:04:17Z] [INFO] 📊 Cycle duration: 0.14s, Files generated: 1
[2026-05-01T11:04:17Z] [WARNING] ⚠️ Database not initialized for cycle counting
[2026-05-01T11:04:17Z] [INFO] 💾 Database updated with cycle results
[2026-05-01T11:04:17Z] [SECTION] ============================================================
[2026-05-01T11:04:17Z] [INFO] 🔮 PHASE: HIDDEN LAYERING DETECTION
[2026-05-01T11:04:17Z] [INFO] 🔗 Hidden layering detection complete. Connections identified: 2
[2026-05-01T11:04:17Z] [SECTION] ============================================================
[2026-05-01T11:04:17Z] [INFO] 🔬 PHASE: DOMAIN CORRELATION ANALYSIS
[2026-05-01T11:04:17Z] [INFO] 📊 Domain correlation matrices created: 2
[2026-05-01T11:04:17Z] [SECTION] ============================================================
[2026-05-01T11:04:17Z] [INFO] 🖼️  PHASE: IMAGE-SEED ANALYSIS
[2026-05-01T11:04:17Z] [INFO] 📂 Image seed analysis bootstrapping from 0 images...
[2026-05-01T11:04:17Z] [SECTION] ============================================================
[2026-05-01T11:04:17Z] [INFO] 📤 PHASE: PUSH COMPONENTS TO TOLARIA
[2026-05-01T11:04:18Z] [INFO] 📦 Components pushed to Tolaria: 5
[2026-05-01T11:04:18Z] [SECTION] ============================================================
[2026-05-01T11:04:18Z] [INFO] 🧩 PHASE: COMPOSER - DOMAIN INTEGRATION SYNTHESIS
[2026-05-01T11:04:33Z] [INFO] 🎨 Domain integrations synthesized: 0
[2026-05-01T11:04:33Z] [SECTION] ============================================================
[2026-05-01T11:04:33Z] [INFO] 🚀 PHASE: ADVANCED OVERNIGHT LOOP
[2026-05-01T11:05:14Z] [INFO] 🔬 Advanced loop completed cycles: 0
[2026-05-01T11:05:14Z] [WARNING] ⚠️  Git commit skipped or failed (git not initialized?): Command '['git', '-C', '/home/avalonas/.hermes/gematria/unified_overnight_research', 'commit', '-m', '[2026-05-01T11:05:14Z] Cycle 52: Cycle 53: Web research + hidden layering detection']' returned non-zero exit status 1.
[2026-05-01T11:05:14Z] [INFO] 
📊 CYCLE #53 SUMMARY
[2026-05-01T11:05:14Z] [INFO] ✅ Successful tasks: 7/7
[2026-05-01T11:05:14Z] [INFO] ⏱️  Cycle duration: 57.50s
[2026-05-01T11:05:14Z] [INFO]    ⚠️ task: result
[2026-05-01T11:05:14Z] [INFO]    ⚠️ task: result
[2026-05-01T11:05:14Z] [INFO]    ⚠️ task: result
[2026-05-01T11:05:14Z] [INFO]    ⚠️ task: result
[2026-05-01T11:05:14Z] [INFO]    ⚠️ task: result
[2026-05-01T11:05:14Z] [INFO]    ⚠️ task: result
[2026-05-01T11:05:14Z] [INFO]    ⚠️ task: result
[2026-05-01T11:05:14Z] [HEADER] ================================================================================
[2026-05-01T11:05:14Z] [INFO] 🔄 OVERNIGHT RESEARCH PIPELINE - CYCLE #54
[2026-05-01T11:05:14Z] [INFO] ================================================================================
[2026-05-01T11:05:14Z] [HEADER] ============================================================
[2026-05-01T11:05:14Z] [INFO] 🌙 STARTING OVERNIGHT RESEARCH CYCLE #54
[2026-05-01T11:05:14Z] [INFO] 🔍 Running overnight research protocol (web scraping + cross-symbol analysis)...
[2026-05-01T11:05:15Z] [INFO] 📊 Cycle duration: 0.21s, Files generated: 1
[2026-05-01T11:05:15Z] [WARNING] ⚠️ Database not initialized for cycle counting
[2026-05-01T11:05:15Z] [INFO] 💾 Database updated with cycle results
[2026-05-01T11:05:15Z] [SECTION] ============================================================
[2026-05-01T11:05:15Z] [INFO] 🔮 PHASE: HIDDEN LAYERING DETECTION
[2026-05-01T11:05:15Z] [INFO] 🔗 Hidden layering detection complete. Connections identified: 2
[2026-05-01T11:05:15Z] [SECTION] ============================================================
[2026-05-01T11:05:15Z] [INFO] 🔬 PHASE: DOMAIN CORRELATION ANALYSIS
[2026-05-01T11:05:15Z] [INFO] 📊 Domain correlation matrices created: 2
[2026-05-01T11:05:15Z] [SECTION] ============================================================
[2026-05-01T11:05:15Z] [INFO] 🖼️  PHASE: IMAGE-SEED ANALYSIS
[2026-05-01T11:05:15Z] [INFO] 📂 Image seed analysis bootstrapping from 0 images...
[2026-05-01T11:05:15Z] [SECTION] ============================================================
[2026-05-01T11:05:15Z] [INFO] 📤 PHASE: PUSH COMPONENTS TO TOLARIA
[2026-05-01T11:05:16Z] [INFO] 📦 Components pushed to Tolaria: 5
[2026-05-01T11:05:16Z] [SECTION] ============================================================
[2026-05-01T11:05:16Z] [INFO] 🧩 PHASE: COMPOSER - DOMAIN INTEGRATION SYNTHESIS
[2026-05-01T11:05:30Z] [INFO] 🎨 Domain integrations synthesized: 0
[2026-05-01T11:05:30Z] [SECTION] ============================================================
[2026-05-01T11:05:30Z] [INFO] 🚀 PHASE: ADVANCED OVERNIGHT LOOP
[2026-05-01T11:06:13Z] [INFO] 🔬 Advanced loop completed cycles: 0
[2026-05-01T11:06:13Z] [WARNING] ⚠️  Git commit skipped or failed (git not initialized?): Command '['git', '-C', '/home/avalonas/.hermes/gematria/unified_overnight_research', 'add', '.']' returned non-zero exit status 128.
[2026-05-01T11:06:13Z] [INFO] 
📊 CYCLE #54 SUMMARY
[2026-05-01T11:06:13Z] [INFO] ✅ Successful tasks: 7/7
[2026-05-01T11:06:13Z] [INFO] ⏱️  Cycle duration: 58.22s
[2026-05-01T11:06:13Z] [INFO]    ⚠️ task: result
[2026-05-01T11:06:13Z] [INFO]    ⚠️ task: result
[2026-05-01T11:06:13Z] [INFO]    ⚠️ task: result
[2026-05-01T11:06:13Z] [INFO]    ⚠️ task: result
[2026-05-01T11:06:13Z] [INFO]    ⚠️ task: result
[2026-05-01T11:06:13Z] [INFO]    ⚠️ task: result
[2026-05-01T11:06:13Z] [INFO]    ⚠️ task: result
[2026-05-01T11:06:13Z] [HEADER] ================================================================================
[2026-05-01T11:06:13Z] [INFO] 🔄 OVERNIGHT RESEARCH PIPELINE - CYCLE #55
[2026-05-01T11:06:13Z] [INFO] ================================================================================
[2026-05-01T11:06:13Z] [HEADER] ============================================================
[2026-05-01T11:06:13Z] [INFO] 🌙 STARTING OVERNIGHT RESEARCH CYCLE #55
[2026-05-01T11:06:13Z] [INFO] 🔍 Running overnight research protocol (web scraping + cross-symbol analysis)...
[2026-05-01T11:06:13Z] [INFO] 📊 Cycle duration: 0.16s, Files generated: 0
[2026-05-01T11:06:13Z] [WARNING] ⚠️ Database not initialized for cycle counting
[2026-05-01T11:06:13Z] [INFO] 💾 Database updated with cycle results
[2026-05-01T11:06:13Z] [SECTION] ============================================================
[2026-05-01T11:06:13Z] [INFO] 🔮 PHASE: HIDDEN LAYERING DETECTION
[2026-05-01T11:06:13Z] [INFO] 🔗 Hidden layering detection complete. Connections identified: 2
[2026-05-01T11:06:13Z] [SECTION] ============================================================
[2026-05-01T11:06:13Z] [INFO] 🔬 PHASE: DOMAIN CORRELATION ANALYSIS
[2026-05-01T11:06:13Z] [INFO] 📊 Domain correlation matrices created: 2
[2026-05-01T11:06:13Z] [SECTION] ============================================================
[2026-05-01T11:06:13Z] [INFO] 🖼️  PHASE: IMAGE-SEED ANALYSIS
[2026-05-01T11:06:13Z] [INFO] 📂 Image seed analysis bootstrapping from 0 images...
[2026-05-01T11:06:13Z] [SECTION] ============================================================
[2026-05-01T11:06:13Z] [INFO] 📤 PHASE: PUSH COMPONENTS TO TOLARIA
[2026-05-01T11:06:14Z] [INFO] 📦 Components pushed to Tolaria: 5
[2026-05-01T11:06:14Z] [SECTION] ============================================================
[2026-05-01T11:06:14Z] [INFO] 🧩 PHASE: COMPOSER - DOMAIN INTEGRATION SYNTHESIS
[2026-05-01T11:06:32Z] [INFO] 🎨 Domain integrations synthesized: 0
[2026-05-01T11:06:32Z] [SECTION] ============================================================
[2026-05-01T11:06:32Z] [INFO] 🚀 PHASE: ADVANCED OVERNIGHT LOOP
[2026-05-01T11:07:21Z] [INFO] 🔬 Advanced loop completed cycles: 0
[2026-05-01T11:07:21Z] [WARNING] ⚠️  Git commit skipped or failed (git not initialized?): Command '['git', '-C', '/home/avalonas/.hermes/gematria/unified_overnight_research', 'commit', '-m', '[2026-05-01T11:07:21Z] Cycle 54: Cycle 55: Web research + hidden layering detection']' returned non-zero exit status 1.
[2026-05-01T11:07:21Z] [INFO] 
📊 CYCLE #55 SUMMARY
[2026-05-01T11:07:21Z] [INFO] ✅ Successful tasks: 7/7
[2026-05-01T11:07:21Z] [INFO] ⏱️  Cycle duration: 68.86s
[2026-05-01T11:07:21Z] [INFO]    ⚠️ task: result
[2026-05-01T11:07:21Z] [INFO]    ⚠️ task: result
[2026-05-01T11:07:21Z] [INFO]    ⚠️ task: result
[2026-05-01T11:07:21Z] [INFO]    ⚠️ task: result
[2026-05-01T11:07:21Z] [INFO]    ⚠️ task: result
[2026-05-01T11:07:21Z] [INFO]    ⚠️ task: result
[2026-05-01T11:07:21Z] [INFO]    ⚠️ task: result
[2026-05-01T11:07:21Z] [HEADER] ================================================================================
[2026-05-01T11:07:21Z] [INFO] 🔄 OVERNIGHT RESEARCH PIPELINE - CYCLE #56
[2026-05-01T11:07:21Z] [INFO] ================================================================================
[2026-05-01T11:07:21Z] [HEADER] ============================================================
[2026-05-01T11:07:21Z] [INFO] 🌙 STARTING OVERNIGHT RESEARCH CYCLE #56
[2026-05-01T11:07:21Z] [INFO] 🔍 Running overnight research protocol (web scraping + cross-symbol analysis)...
[2026-05-01T11:07:22Z] [INFO] 📊 Cycle duration: 0.16s, Files generated: 1
[2026-05-01T11:07:22Z] [WARNING] ⚠️ Database not initialized for cycle counting
[2026-05-01T11:07:22Z] [INFO] 💾 Database updated with cycle results
[2026-05-01T11:07:22Z] [SECTION] ============================================================
[2026-05-01T11:07:22Z] [INFO] 🔮 PHASE: HIDDEN LAYERING DETECTION
[2026-05-01T11:07:22Z] [INFO] 🔗 Hidden layering detection complete. Connections identified: 2
[2026-05-01T11:07:22Z] [SECTION] ============================================================
[2026-05-01T11:07:22Z] [INFO] 🔬 PHASE: DOMAIN CORRELATION ANALYSIS
[2026-05-01T11:07:22Z] [INFO] 📊 Domain correlation matrices created: 2
[2026-05-01T11:07:22Z] [SECTION] ============================================================
[2026-05-01T11:07:22Z] [INFO] 🖼️  PHASE: IMAGE-SEED ANALYSIS
[2026-05-01T11:07:22Z] [INFO] 📂 Image seed analysis bootstrapping from 0 images...
[2026-05-01T11:07:22Z] [SECTION] ============================================================
[2026-05-01T11:07:22Z] [INFO] 📤 PHASE: PUSH COMPONENTS TO TOLARIA
[2026-05-01T11:07:23Z] [INFO] 📦 Components pushed to Tolaria: 5
[2026-05-01T11:07:23Z] [SECTION] ============================================================
[2026-05-01T11:07:23Z] [INFO] 🧩 PHASE: COMPOSER - DOMAIN INTEGRATION SYNTHESIS
[2026-05-01T11:07:42Z] [INFO] 🎨 Domain integrations synthesized: 0
[2026-05-01T11:07:42Z] [SECTION] ============================================================
[2026-05-01T11:07:42Z] [INFO] 🚀 PHASE: ADVANCED OVERNIGHT LOOP
[2026-05-01T11:08:22Z] [INFO] 🔬 Advanced loop completed cycles: 0
[2026-05-01T11:08:22Z] [WARNING] ⚠️  Git commit skipped or failed (git not initialized?): Command '['git', '-C', '/home/avalonas/.hermes/gematria/unified_overnight_research', 'commit', '-m', '[2026-05-01T11:08:22Z] Cycle 55: Cycle 56: Web research + hidden layering detection']' returned non-zero exit status 1.
[2026-05-01T11:08:22Z] [INFO] 
📊 CYCLE #56 SUMMARY
[2026-05-01T11:08:22Z] [INFO] ✅ Successful tasks: 7/7
[2026-05-01T11:08:22Z] [INFO] ⏱️  Cycle duration: 60.72s
[2026-05-01T11:08:22Z] [INFO]    ⚠️ task: result
[2026-05-01T11:08:22Z] [INFO]    ⚠️ task: result
[2026-05-01T11:08:22Z] [INFO]    ⚠️ task: result
[2026-05-01T11:08:22Z] [INFO]    ⚠️ task: result
[2026-05-01T11:08:22Z] [INFO]    ⚠️ task: result
[2026-05-01T11:08:22Z] [INFO]    ⚠️ task: result
[2026-05-01T11:08:22Z] [INFO]    ⚠️ task: result
[2026-05-01T11:08:22Z] [HEADER] ================================================================================
[2026-05-01T11:08:22Z] [INFO] 🔄 OVERNIGHT RESEARCH PIPELINE - CYCLE #57
[2026-05-01T11:08:22Z] [INFO] ================================================================================
[2026-05-01T11:08:22Z] [HEADER] ============================================================
[2026-05-01T11:08:22Z] [INFO] 🌙 STARTING OVERNIGHT RESEARCH CYCLE #57
[2026-05-01T11:08:22Z] [INFO] 🔍 Running overnight research protocol (web scraping + cross-symbol analysis)...
[2026-05-01T11:08:22Z] [INFO] 📊 Cycle duration: 0.18s, Files generated: 1
[2026-05-01T11:08:22Z] [WARNING] ⚠️ Database not initialized for cycle counting
[2026-05-01T11:08:22Z] [INFO] 💾 Database updated with cycle results
[2026-05-01T11:08:22Z] [SECTION] ============================================================
[2026-05-01T11:08:22Z] [INFO] 🔮 PHASE: HIDDEN LAYERING DETECTION
[2026-05-01T11:08:22Z] [INFO] 🔗 Hidden layering detection complete. Connections identified: 2
[2026-05-01T11:08:22Z] [SECTION] ============================================================
[2026-05-01T11:08:22Z] [INFO] 🔬 PHASE: DOMAIN CORRELATION ANALYSIS
[2026-05-01T11:08:22Z] [INFO] 📊 Domain correlation matrices created: 2
[2026-05-01T11:08:22Z] [SECTION] ============================================================
[2026-05-01T11:08:22Z] [INFO] 🖼️  PHASE: IMAGE-SEED ANALYSIS
[2026-05-01T11:08:22Z] [INFO] 📂 Image seed analysis bootstrapping from 0 images...
[2026-05-01T11:08:22Z] [SECTION] ============================================================
[2026-05-01T11:08:22Z] [INFO] 📤 PHASE: PUSH COMPONENTS TO TOLARIA
[2026-05-01T11:08:24Z] [INFO] 📦 Components pushed to Tolaria: 5
[2026-05-01T11:08:24Z] [SECTION] ============================================================
[2026-05-01T11:08:24Z] [INFO] 🧩 PHASE: COMPOSER - DOMAIN INTEGRATION SYNTHESIS
[2026-05-01T11:08:38Z] [INFO] 🎨 Domain integrations synthesized: 0
[2026-05-01T11:08:38Z] [SECTION] ============================================================
[2026-05-01T11:08:38Z] [INFO] 🚀 PHASE: ADVANCED OVERNIGHT LOOP
[2026-05-01T11:08:38Z] [INFO] 🔬 Advanced loop completed cycles: 0
[2026-05-01T11:08:38Z] [WARNING] ⚠️  Git commit skipped or failed (git not initialized?): Command '['git', '-C', '/home/avalonas/.hermes/gematria/unified_overnight_research', 'commit', '-m', '[2026-05-01T11:08:38Z] Cycle 56: Cycle 57: Web research + hidden layering detection']' returned non-zero exit status 1.
[2026-05-01T11:08:38Z] [INFO] 
📊 CYCLE #57 SUMMARY
[2026-05-01T11:08:38Z] [INFO] ✅ Successful tasks: 7/7
[2026-05-01T11:08:38Z] [INFO] ⏱️  Cycle duration: 15.74s
[2026-05-01T11:08:38Z] [INFO]    ⚠️ task: result
[2026-05-01T11:08:38Z] [INFO]    ⚠️ task: result
[2026-05-01T11:08:38Z] [INFO]    ⚠️ task: result
[2026-05-01T11:08:38Z] [INFO]    ⚠️ task: result
[2026-05-01T11:08:38Z] [INFO]    ⚠️ task: result
[2026-05-01T11:08:38Z] [INFO]    ⚠️ task: result
[2026-05-01T11:08:38Z] [INFO]    ⚠️ task: result
[2026-05-01T11:08:38Z] [HEADER] ================================================================================
[2026-05-01T11:08:38Z] [INFO] 🔄 OVERNIGHT RESEARCH PIPELINE - CYCLE #58
[2026-05-01T11:08:38Z] [INFO] ================================================================================
[2026-05-01T11:08:38Z] [HEADER] ============================================================
[2026-05-01T11:08:38Z] [INFO] 🌙 STARTING OVERNIGHT RESEARCH CYCLE #58
[2026-05-01T11:08:38Z] [INFO] 🔍 Running overnight research protocol (web scraping + cross-symbol analysis)...
[2026-05-01T11:08:38Z] [INFO] 📊 Cycle duration: 0.17s, Files generated: 0
[2026-05-01T11:08:38Z] [WARNING] ⚠️ Database not initialized for cycle counting
[2026-05-01T11:08:38Z] [INFO] 💾 Database updated with cycle results
[2026-05-01T11:08:38Z] [SECTION] ============================================================
[2026-05-01T11:08:38Z] [INFO] 🔮 PHASE: HIDDEN LAYERING DETECTION
[2026-05-01T11:08:38Z] [INFO] 🔗 Hidden layering detection complete. Connections identified: 2
[2026-05-01T11:08:38Z] [SECTION] ============================================================
[2026-05-01T11:08:38Z] [INFO] 🔬 PHASE: DOMAIN CORRELATION ANALYSIS
[2026-05-01T11:08:38Z] [INFO] 📊 Domain correlation matrices created: 2
[2026-05-01T11:08:38Z] [SECTION] ============================================================
[2026-05-01T11:08:38Z] [INFO] 🖼️  PHASE: IMAGE-SEED ANALYSIS
[2026-05-01T11:08:38Z] [INFO] 📂 Image seed analysis bootstrapping from 0 images...
[2026-05-01T11:08:38Z] [SECTION] ============================================================
[2026-05-01T11:08:38Z] [INFO] 📤 PHASE: PUSH COMPONENTS TO TOLARIA
[2026-05-01T11:08:39Z] [INFO] 📦 Components pushed to Tolaria: 5
[2026-05-01T11:08:39Z] [SECTION] ============================================================
[2026-05-01T11:08:39Z] [INFO] 🧩 PHASE: COMPOSER - DOMAIN INTEGRATION SYNTHESIS
[2026-05-01T11:08:58Z] [INFO] 🎨 Domain integrations synthesized: 0
[2026-05-01T11:08:58Z] [SECTION] ============================================================
[2026-05-01T11:08:58Z] [INFO] 🚀 PHASE: ADVANCED OVERNIGHT LOOP
[2026-05-01T11:08:58Z] [INFO] 🔬 Advanced loop completed cycles: 0
[2026-05-01T11:08:58Z] [WARNING] ⚠️  Git commit skipped or failed (git not initialized?): Command '['git', '-C', '/home/avalonas/.hermes/gematria/unified_overnight_research', 'commit', '-m', '[2026-05-01T11:08:58Z] Cycle 57: Cycle 58: Web research + hidden layering detection']' returned non-zero exit status 1.
[2026-05-01T11:08:58Z] [INFO] 
📊 CYCLE #58 SUMMARY
[2026-05-01T11:08:58Z] [INFO] ✅ Successful tasks: 7/7
[2026-05-01T11:08:58Z] [INFO] ⏱️  Cycle duration: 20.32s
[2026-05-01T11:08:58Z] [INFO]    ⚠️ task: result
[2026-05-01T11:08:58Z] [INFO]    ⚠️ task: result
[2026-05-01T11:08:58Z] [INFO]    ⚠️ task: result
[2026-05-01T11:08:58Z] [INFO]    ⚠️ task: result
[2026-05-01T11:08:58Z] [INFO]    ⚠️ task: result
[2026-05-01T11:08:58Z] [INFO]    ⚠️ task: result
[2026-05-01T11:08:58Z] [INFO]    ⚠️ task: result
[2026-05-01T11:08:58Z] [HEADER] ================================================================================
[2026-05-01T11:08:58Z] [INFO] 🔄 OVERNIGHT RESEARCH PIPELINE - CYCLE #59
[2026-05-01T11:08:58Z] [INFO] ================================================================================
[2026-05-01T11:08:58Z] [HEADER] ============================================================
[2026-05-01T11:08:58Z] [INFO] 🌙 STARTING OVERNIGHT RESEARCH CYCLE #59
[2026-05-01T11:08:58Z] [INFO] 🔍 Running overnight research protocol (web scraping + cross-symbol analysis)...
[2026-05-01T11:08:58Z] [INFO] 📊 Cycle duration: 0.16s, Files generated: 0
[2026-05-01T11:08:58Z] [WARNING] ⚠️ Database not initialized for cycle counting
[2026-05-01T11:08:58Z] [INFO] 💾 Database updated with cycle results
[2026-05-01T11:08:58Z] [SECTION] ============================================================
[2026-05-01T11:08:58Z] [INFO] 🔮 PHASE: HIDDEN LAYERING DETECTION
[2026-05-01T11:08:58Z] [INFO] 🔗 Hidden layering detection complete. Connections identified: 2
[2026-05-01T11:08:58Z] [SECTION] ============================================================
[2026-05-01T11:08:58Z] [INFO] 🔬 PHASE: DOMAIN CORRELATION ANALYSIS
[2026-05-01T11:08:58Z] [INFO] 📊 Domain correlation matrices created: 2
[2026-05-01T11:08:58Z] [SECTION] ============================================================
[2026-05-01T11:08:58Z] [INFO] 🖼️  PHASE: IMAGE-SEED ANALYSIS
[2026-05-01T11:08:58Z] [INFO] 📂 Image seed analysis bootstrapping from 0 images...
[2026-05-01T11:08:58Z] [SECTION] ============================================================
[2026-05-01T11:08:58Z] [INFO] 📤 PHASE: PUSH COMPONENTS TO TOLARIA
[2026-05-01T11:08:59Z] [INFO] 📦 Components pushed to Tolaria: 5
[2026-05-01T11:08:59Z] [SECTION] ============================================================
[2026-05-01T11:08:59Z] [INFO] 🧩 PHASE: COMPOSER - DOMAIN INTEGRATION SYNTHESIS
[2026-05-01T11:09:10Z] [INFO] 🎨 Domain integrations synthesized: 0
[2026-05-01T11:09:10Z] [SECTION] ============================================================
[2026-05-01T11:09:10Z] [INFO] 🚀 PHASE: ADVANCED OVERNIGHT LOOP
[2026-05-01T11:09:10Z] [INFO] 🔬 Advanced loop completed cycles: 0
[2026-05-01T11:09:10Z] [WARNING] ⚠️  Git commit skipped or failed (git not initialized?): Command '['git', '-C', '/home/avalonas/.hermes/gematria/unified_overnight_research', 'commit', '-m', '[2026-05-01T11:09:10Z] Cycle 58: Cycle 59: Web research + hidden layering detection']' returned non-zero exit status 1.
[2026-05-01T11:09:10Z] [INFO] 
📊 CYCLE #59 SUMMARY
[2026-05-01T11:09:10Z] [INFO] ✅ Successful tasks: 7/7
[2026-05-01T11:09:10Z] [INFO] ⏱️  Cycle duration: 11.90s
[2026-05-01T11:09:10Z] [INFO]    ⚠️ task: result
[2026-05-01T11:09:10Z] [INFO]    ⚠️ task: result
[2026-05-01T11:09:10Z] [INFO]    ⚠️ task: result
[2026-05-01T11:09:10Z] [INFO]    ⚠️ task: result
[2026-05-01T11:09:10Z] [INFO]    ⚠️ task: result
[2026-05-01T11:09:10Z] [INFO]    ⚠️ task: result
[2026-05-01T11:09:10Z] [INFO]    ⚠️ task: result
[2026-05-01T11:09:10Z] [HEADER] ================================================================================
[2026-05-01T11:09:10Z] [INFO] 🔄 OVERNIGHT RESEARCH PIPELINE - CYCLE #60
[2026-05-01T11:09:10Z] [INFO] ================================================================================
[2026-05-01T11:09:10Z] [HEADER] ============================================================
[2026-05-01T11:09:10Z] [INFO] 🌙 STARTING OVERNIGHT RESEARCH CYCLE #60
[2026-05-01T11:09:10Z] [INFO] 🔍 Running overnight research protocol (web scraping + cross-symbol analysis)...
[2026-05-01T11:09:10Z] [INFO] 📊 Cycle duration: 0.18s, Files generated: 0
[2026-05-01T11:09:10Z] [WARNING] ⚠️ Database not initialized for cycle counting
[2026-05-01T11:09:10Z] [INFO] 💾 Database updated with cycle results
[2026-05-01T11:09:10Z] [SECTION] ============================================================
[2026-05-01T11:09:10Z] [INFO] 🔮 PHASE: HIDDEN LAYERING DETECTION
[2026-05-01T11:09:10Z] [INFO] 🔗 Hidden layering detection complete. Connections identified: 2
[2026-05-01T11:09:10Z] [SECTION] ============================================================
[2026-05-01T11:09:10Z] [INFO] 🔬 PHASE: DOMAIN CORRELATION ANALYSIS
[2026-05-01T11:09:10Z] [INFO] 📊 Domain correlation matrices created: 2
[2026-05-01T11:09:10Z] [SECTION] ============================================================
[2026-05-01T11:09:10Z] [INFO] 🖼️  PHASE: IMAGE-SEED ANALYSIS
[2026-05-01T11:09:10Z] [INFO] 📂 Image seed analysis bootstrapping from 0 images...
[2026-05-01T11:09:10Z] [SECTION] ============================================================
[2026-05-01T11:09:10Z] [INFO] 📤 PHASE: PUSH COMPONENTS TO TOLARIA
[2026-05-01T11:09:11Z] [INFO] 📦 Components pushed to Tolaria: 5
[2026-05-01T11:09:11Z] [SECTION] ============================================================
[2026-05-01T11:09:11Z] [INFO] 🧩 PHASE: COMPOSER - DOMAIN INTEGRATION SYNTHESIS
[2026-05-01T11:09:26Z] [INFO] 🎨 Domain integrations synthesized: 0
[2026-05-01T11:09:26Z] [SECTION] ============================================================
[2026-05-01T11:09:26Z] [INFO] 🚀 PHASE: ADVANCED OVERNIGHT LOOP
[2026-05-01T11:10:07Z] [INFO] 🔬 Advanced loop completed cycles: 0
[2026-05-01T11:10:07Z] [WARNING] ⚠️  Git commit skipped or failed (git not initialized?): Command '['git', '-C', '/home/avalonas/.hermes/gematria/unified_overnight_research', 'commit', '-m', '[2026-05-01T11:10:07Z] Cycle 59: Cycle 60: Web research + hidden layering detection']' returned non-zero exit status 1.
[2026-05-01T11:10:07Z] [INFO] 
📊 CYCLE #60 SUMMARY
[2026-05-01T11:10:07Z] [INFO] ✅ Successful tasks: 7/7
[2026-05-01T11:10:07Z] [INFO] ⏱️  Cycle duration: 57.14s
[2026-05-01T11:10:07Z] [INFO]    ⚠️ task: result
[2026-05-01T11:10:07Z] [INFO]    ⚠️ task: result
[2026-05-01T11:10:07Z] [INFO]    ⚠️ task: result
[2026-05-01T11:10:07Z] [INFO]    ⚠️ task: result
[2026-05-01T11:10:07Z] [INFO]    ⚠️ task: result
[2026-05-01T11:10:07Z] [INFO]    ⚠️ task: result
[2026-05-01T11:10:07Z] [INFO]    ⚠️ task: result
[2026-05-01T11:10:07Z] [HEADER] ================================================================================
[2026-05-01T11:10:07Z] [INFO] 🔄 OVERNIGHT RESEARCH PIPELINE - CYCLE #61
[2026-05-01T11:10:07Z] [INFO] ================================================================================
[2026-05-01T11:10:07Z] [HEADER] ============================================================
[2026-05-01T11:10:07Z] [INFO] 🌙 STARTING OVERNIGHT RESEARCH CYCLE #61
[2026-05-01T11:10:07Z] [INFO] 🔍 Running overnight research protocol (web scraping + cross-symbol analysis)...
[2026-05-01T11:10:07Z] [INFO] 📊 Cycle duration: 0.19s, Files generated: 1
[2026-05-01T11:10:07Z] [WARNING] ⚠️ Database not initialized for cycle counting
[2026-05-01T11:10:07Z] [INFO] 💾 Database updated with cycle results
[2026-05-01T11:10:07Z] [SECTION] ============================================================
[2026-05-01T11:10:07Z] [INFO] 🔮 PHASE: HIDDEN LAYERING DETECTION
[2026-05-01T11:10:07Z] [INFO] 🔗 Hidden layering detection complete. Connections identified: 2
[2026-05-01T11:10:07Z] [SECTION] ============================================================
[2026-05-01T11:10:07Z] [INFO] 🔬 PHASE: DOMAIN CORRELATION ANALYSIS
[2026-05-01T11:10:07Z] [INFO] 📊 Domain correlation matrices created: 2
[2026-05-01T11:10:07Z] [SECTION] ============================================================
[2026-05-01T11:10:07Z] [INFO] 🖼️  PHASE: IMAGE-SEED ANALYSIS
[2026-05-01T11:10:07Z] [INFO] 📂 Image seed analysis bootstrapping from 0 images...
[2026-05-01T11:10:08Z] [SECTION] ============================================================
[2026-05-01T11:10:08Z] [INFO] 📤 PHASE: PUSH COMPONENTS TO TOLARIA
[2026-05-01T11:10:08Z] [INFO] 📦 Components pushed to Tolaria: 5
[2026-05-01T11:10:08Z] [SECTION] ============================================================
[2026-05-01T11:10:08Z] [INFO] 🧩 PHASE: COMPOSER - DOMAIN INTEGRATION SYNTHESIS
[2026-05-01T11:10:23Z] [INFO] 🎨 Domain integrations synthesized: 0
[2026-05-01T11:10:23Z] [SECTION] ============================================================
[2026-05-01T11:10:23Z] [INFO] 🚀 PHASE: ADVANCED OVERNIGHT LOOP
[2026-05-01T11:11:08Z] [INFO] 🔬 Advanced loop completed cycles: 0
[2026-05-01T11:11:08Z] [WARNING] ⚠️  Git commit skipped or failed (git not initialized?): Command '['git', '-C', '/home/avalonas/.hermes/gematria/unified_overnight_research', 'commit', '-m', '[2026-05-01T11:11:08Z] Cycle 60: Cycle 61: Web research + hidden layering detection']' returned non-zero exit status 128.
[2026-05-01T11:11:08Z] [INFO] 
📊 CYCLE #61 SUMMARY
[2026-05-01T11:11:08Z] [INFO] ✅ Successful tasks: 7/7
[2026-05-01T11:11:08Z] [INFO] ⏱️  Cycle duration: 60.79s
[2026-05-01T11:11:08Z] [INFO]    ⚠️ task: result
[2026-05-01T11:11:08Z] [INFO]    ⚠️ task: result
[2026-05-01T11:11:08Z] [INFO]    ⚠️ task: result
[2026-05-01T11:11:08Z] [INFO]    ⚠️ task: result
[2026-05-01T11:11:08Z] [INFO]    ⚠️ task: result
[2026-05-01T11:11:08Z] [INFO]    ⚠️ task: result
[2026-05-01T11:11:08Z] [INFO]    ⚠️ task: result
[2026-05-01T11:11:08Z] [HEADER] ================================================================================
[2026-05-01T11:11:08Z] [INFO] 🔄 OVERNIGHT RESEARCH PIPELINE - CYCLE #62
[2026-05-01T11:11:08Z] [INFO] ================================================================================
[2026-05-01T11:11:08Z] [HEADER] ============================================================
[2026-05-01T11:11:08Z] [INFO] 🌙 STARTING OVERNIGHT RESEARCH CYCLE #62
[2026-05-01T11:11:08Z] [INFO] 🔍 Running overnight research protocol (web scraping + cross-symbol analysis)...
[2026-05-01T11:11:08Z] [INFO] 📊 Cycle duration: 0.13s, Files generated: 1
[2026-05-01T11:11:08Z] [WARNING] ⚠️ Database not initialized for cycle counting
[2026-05-01T11:11:08Z] [INFO] 💾 Database updated with cycle results
[2026-05-01T11:11:08Z] [SECTION] ============================================================
[2026-05-01T11:11:08Z] [INFO] 🔮 PHASE: HIDDEN LAYERING DETECTION
[2026-05-01T11:11:08Z] [INFO] 🔗 Hidden layering detection complete. Connections identified: 2
[2026-05-01T11:11:08Z] [SECTION] ============================================================
[2026-05-01T11:11:08Z] [INFO] 🔬 PHASE: DOMAIN CORRELATION ANALYSIS
[2026-05-01T11:11:08Z] [INFO] 📊 Domain correlation matrices created: 2
[2026-05-01T11:11:08Z] [SECTION] ============================================================
[2026-05-01T11:11:08Z] [INFO] 🖼️  PHASE: IMAGE-SEED ANALYSIS
[2026-05-01T11:11:08Z] [INFO] 📂 Image seed analysis bootstrapping from 0 images...
[2026-05-01T11:11:08Z] [SECTION] ============================================================
[2026-05-01T11:11:08Z] [INFO] 📤 PHASE: PUSH COMPONENTS TO TOLARIA
[2026-05-01T11:11:09Z] [INFO] 📦 Components pushed to Tolaria: 5
[2026-05-01T11:11:09Z] [SECTION] ============================================================
[2026-05-01T11:11:09Z] [INFO] 🧩 PHASE: COMPOSER - DOMAIN INTEGRATION SYNTHESIS
[2026-05-01T11:11:25Z] [INFO] 🎨 Domain integrations synthesized: 0
[2026-05-01T11:11:25Z] [SECTION] ============================================================
[2026-05-01T11:11:25Z] [INFO] 🚀 PHASE: ADVANCED OVERNIGHT LOOP
[2026-05-01T11:11:25Z] [INFO] 🔬 Advanced loop completed cycles: 0
[2026-05-01T11:11:25Z] [WARNING] ⚠️  Git commit skipped or failed (git not initialized?): Command '['git', '-C', '/home/avalonas/.hermes/gematria/unified_overnight_research', 'commit', '-m', '[2026-05-01T11:11:25Z] Cycle 61: Cycle 62: Web research + hidden layering detection']' returned non-zero exit status 1.
[2026-05-01T11:11:25Z] [INFO] 
📊 CYCLE #62 SUMMARY
[2026-05-01T11:11:25Z] [INFO] ✅ Successful tasks: 7/7
[2026-05-01T11:11:25Z] [INFO] ⏱️  Cycle duration: 17.41s
[2026-05-01T11:11:25Z] [INFO]    ⚠️ task: result
[2026-05-01T11:11:25Z] [INFO]    ⚠️ task: result
[2026-05-01T11:11:25Z] [INFO]    ⚠️ task: result
[2026-05-01T11:11:25Z] [INFO]    ⚠️ task: result
[2026-05-01T11:11:25Z] [INFO]    ⚠️ task: result
[2026-05-01T11:11:25Z] [INFO]    ⚠️ task: result
[2026-05-01T11:11:25Z] [INFO]    ⚠️ task: result
[2026-05-01T11:11:25Z] [HEADER] ================================================================================
[2026-05-01T11:11:25Z] [INFO] 🔄 OVERNIGHT RESEARCH PIPELINE - CYCLE #63
[2026-05-01T11:11:25Z] [INFO] ================================================================================
[2026-05-01T11:11:25Z] [HEADER] ============================================================
[2026-05-01T11:11:25Z] [INFO] 🌙 STARTING OVERNIGHT RESEARCH CYCLE #63
[2026-05-01T11:11:25Z] [INFO] 🔍 Running overnight research protocol (web scraping + cross-symbol analysis)...
[2026-05-01T11:11:26Z] [INFO] 📊 Cycle duration: 0.13s, Files generated: 1
[2026-05-01T11:11:26Z] [WARNING] ⚠️ Database not initialized for cycle counting
[2026-05-01T11:11:26Z] [INFO] 💾 Database updated with cycle results
[2026-05-01T11:11:26Z] [SECTION] ============================================================
[2026-05-01T11:11:26Z] [INFO] 🔮 PHASE: HIDDEN LAYERING DETECTION
[2026-05-01T11:11:26Z] [INFO] 🔗 Hidden layering detection complete. Connections identified: 2
[2026-05-01T11:11:26Z] [SECTION] ============================================================
[2026-05-01T11:11:26Z] [INFO] 🔬 PHASE: DOMAIN CORRELATION ANALYSIS
[2026-05-01T11:11:26Z] [INFO] 📊 Domain correlation matrices created: 2
[2026-05-01T11:11:26Z] [SECTION] ============================================================
[2026-05-01T11:11:26Z] [INFO] 🖼️  PHASE: IMAGE-SEED ANALYSIS
[2026-05-01T11:11:26Z] [INFO] 📂 Image seed analysis bootstrapping from 0 images...
[2026-05-01T11:11:26Z] [SECTION] ============================================================
[2026-05-01T11:11:26Z] [INFO] 📤 PHASE: PUSH COMPONENTS TO TOLARIA
[2026-05-01T11:11:26Z] [INFO] 📦 Components pushed to Tolaria: 5
[2026-05-01T11:11:26Z] [SECTION] ============================================================
[2026-05-01T11:11:26Z] [INFO] 🧩 PHASE: COMPOSER - DOMAIN INTEGRATION SYNTHESIS
[2026-05-01T11:11:38Z] [INFO] 🎨 Domain integrations synthesized: 0
[2026-05-01T11:11:38Z] [SECTION] ============================================================
[2026-05-01T11:11:38Z] [INFO] 🚀 PHASE: ADVANCED OVERNIGHT LOOP
[2026-05-01T11:12:24Z] [INFO] 🔬 Advanced loop completed cycles: 0
[2026-05-01T11:12:24Z] [WARNING] ⚠️  Git commit skipped or failed (git not initialized?): Command '['git', '-C', '/home/avalonas/.hermes/gematria/unified_overnight_research', 'commit', '-m', '[2026-05-01T11:12:24Z] Cycle 62: Cycle 63: Web research + hidden layering detection']' returned non-zero exit status 1.
[2026-05-01T11:12:24Z] [INFO] 
📊 CYCLE #63 SUMMARY
[2026-05-01T11:12:24Z] [INFO] ✅ Successful tasks: 7/7
[2026-05-01T11:12:24Z] [INFO] ⏱️  Cycle duration: 58.35s
[2026-05-01T11:12:24Z] [INFO]    ⚠️ task: result
[2026-05-01T11:12:24Z] [INFO]    ⚠️ task: result
[2026-05-01T11:12:24Z] [INFO]    ⚠️ task: result
[2026-05-01T11:12:24Z] [INFO]    ⚠️ task: result
[2026-05-01T11:12:24Z] [INFO]    ⚠️ task: result
[2026-05-01T11:12:24Z] [INFO]    ⚠️ task: result
[2026-05-01T11:12:24Z] [INFO]    ⚠️ task: result
[2026-05-01T11:12:24Z] [HEADER] ================================================================================
[2026-05-01T11:12:24Z] [INFO] 🔄 OVERNIGHT RESEARCH PIPELINE - CYCLE #64
[2026-05-01T11:12:24Z] [INFO] ================================================================================
[2026-05-01T11:12:24Z] [HEADER] ============================================================
[2026-05-01T11:12:24Z] [INFO] 🌙 STARTING OVERNIGHT RESEARCH CYCLE #64
[2026-05-01T11:12:24Z] [INFO] 🔍 Running overnight research protocol (web scraping + cross-symbol analysis)...
[2026-05-01T11:12:24Z] [INFO] 📊 Cycle duration: 0.16s, Files generated: 1
[2026-05-01T11:12:24Z] [WARNING] ⚠️ Database not initialized for cycle counting
[2026-05-01T11:12:24Z] [INFO] 💾 Database updated with cycle results
[2026-05-01T11:12:24Z] [SECTION] ============================================================
[2026-05-01T11:12:24Z] [INFO] 🔮 PHASE: HIDDEN LAYERING DETECTION
[2026-05-01T11:12:24Z] [INFO] 🔗 Hidden layering detection complete. Connections identified: 2
[2026-05-01T11:12:24Z] [SECTION] ============================================================
[2026-05-01T11:12:24Z] [INFO] 🔬 PHASE: DOMAIN CORRELATION ANALYSIS
[2026-05-01T11:12:24Z] [INFO] 📊 Domain correlation matrices created: 2
[2026-05-01T11:12:24Z] [SECTION] ============================================================
[2026-05-01T11:12:24Z] [INFO] 🖼️  PHASE: IMAGE-SEED ANALYSIS
[2026-05-01T11:12:24Z] [INFO] 📂 Image seed analysis bootstrapping from 0 images...
[2026-05-01T11:12:24Z] [SECTION] ============================================================
[2026-05-01T11:12:24Z] [INFO] 📤 PHASE: PUSH COMPONENTS TO TOLARIA
[2026-05-01T11:12:25Z] [INFO] 📦 Components pushed to Tolaria: 5
[2026-05-01T11:12:25Z] [SECTION] ============================================================
[2026-05-01T11:12:25Z] [INFO] 🧩 PHASE: COMPOSER - DOMAIN INTEGRATION SYNTHESIS
[2026-05-01T11:12:40Z] [INFO] 🎨 Domain integrations synthesized: 0
[2026-05-01T11:12:40Z] [SECTION] ============================================================
[2026-05-01T11:12:40Z] [INFO] 🚀 PHASE: ADVANCED OVERNIGHT LOOP
[2026-05-01T11:13:24Z] [INFO] 🔬 Advanced loop completed cycles: 0
[2026-05-01T11:13:24Z] [WARNING] ⚠️  Git commit skipped or failed (git not initialized?): Command '['git', '-C', '/home/avalonas/.hermes/gematria/unified_overnight_research', 'commit', '-m', '[2026-05-01T11:13:24Z] Cycle 63: Cycle 64: Web research + hidden layering detection']' returned non-zero exit status 1.
[2026-05-01T11:13:24Z] [INFO] 
📊 CYCLE #64 SUMMARY
[2026-05-01T11:13:24Z] [INFO] ✅ Successful tasks: 7/7
[2026-05-01T11:13:24Z] [INFO] ⏱️  Cycle duration: 60.74s
[2026-05-01T11:13:24Z] [INFO]    ⚠️ task: result
[2026-05-01T11:13:24Z] [INFO]    ⚠️ task: result
[2026-05-01T11:13:24Z] [INFO]    ⚠️ task: result
[2026-05-01T11:13:24Z] [INFO]    ⚠️ task: result
[2026-05-01T11:13:24Z] [INFO]    ⚠️ task: result
[2026-05-01T11:13:24Z] [INFO]    ⚠️ task: result
[2026-05-01T11:13:24Z] [INFO]    ⚠️ task: result
[2026-05-01T11:13:24Z] [HEADER] ================================================================================
[2026-05-01T11:13:24Z] [INFO] 🔄 OVERNIGHT RESEARCH PIPELINE - CYCLE #65
[2026-05-01T11:13:24Z] [INFO] ================================================================================
[2026-05-01T11:13:24Z] [HEADER] ============================================================
[2026-05-01T11:13:24Z] [INFO] 🌙 STARTING OVERNIGHT RESEARCH CYCLE #65
[2026-05-01T11:13:24Z] [INFO] 🔍 Running overnight research protocol (web scraping + cross-symbol analysis)...
[2026-05-01T11:13:25Z] [INFO] 📊 Cycle duration: 0.12s, Files generated: 1
[2026-05-01T11:13:25Z] [WARNING] ⚠️ Database not initialized for cycle counting
[2026-05-01T11:13:25Z] [INFO] 💾 Database updated with cycle results
[2026-05-01T11:13:25Z] [SECTION] ============================================================
[2026-05-01T11:13:25Z] [INFO] 🔮 PHASE: HIDDEN LAYERING DETECTION
[2026-05-01T11:13:25Z] [INFO] 🔗 Hidden layering detection complete. Connections identified: 2
[2026-05-01T11:13:25Z] [SECTION] ============================================================
[2026-05-01T11:13:25Z] [INFO] 🔬 PHASE: DOMAIN CORRELATION ANALYSIS
[2026-05-01T11:13:25Z] [INFO] 📊 Domain correlation matrices created: 2
[2026-05-01T11:13:25Z] [SECTION] ============================================================
[2026-05-01T11:13:25Z] [INFO] 🖼️  PHASE: IMAGE-SEED ANALYSIS
[2026-05-01T11:13:25Z] [INFO] 📂 Image seed analysis bootstrapping from 0 images...
[2026-05-01T11:13:25Z] [SECTION] ============================================================
[2026-05-01T11:13:25Z] [INFO] 📤 PHASE: PUSH COMPONENTS TO TOLARIA
[2026-05-01T11:13:26Z] [INFO] 📦 Components pushed to Tolaria: 5
[2026-05-01T11:13:26Z] [SECTION] ============================================================
[2026-05-01T11:13:26Z] [INFO] 🧩 PHASE: COMPOSER - DOMAIN INTEGRATION SYNTHESIS
[2026-05-01T11:13:45Z] [INFO] 🎨 Domain integrations synthesized: 0
[2026-05-01T11:13:45Z] [SECTION] ============================================================
[2026-05-01T11:13:45Z] [INFO] 🚀 PHASE: ADVANCED OVERNIGHT LOOP
[2026-05-01T11:14:51Z] [INFO] 🔬 Advanced loop completed cycles: 0
[2026-05-01T11:14:51Z] [WARNING] ⚠️  Git commit skipped or failed (git not initialized?): Command '['git', '-C', '/home/avalonas/.hermes/gematria/unified_overnight_research', 'commit', '-m', '[2026-05-01T11:14:51Z] Cycle 64: Cycle 65: Web research + hidden layering detection']' returned non-zero exit status 128.
[2026-05-01T11:14:51Z] [INFO] 
📊 CYCLE #65 SUMMARY
[2026-05-01T11:14:51Z] [INFO] ✅ Successful tasks: 7/7
[2026-05-01T11:14:51Z] [INFO] ⏱️  Cycle duration: 86.66s
[2026-05-01T11:14:51Z] [INFO]    ⚠️ task: result
[2026-05-01T11:14:51Z] [INFO]    ⚠️ task: result
[2026-05-01T11:14:51Z] [INFO]    ⚠️ task: result
[2026-05-01T11:14:51Z] [INFO]    ⚠️ task: result
[2026-05-01T11:14:51Z] [INFO]    ⚠️ task: result
[2026-05-01T11:14:51Z] [INFO]    ⚠️ task: result
[2026-05-01T11:14:51Z] [INFO]    ⚠️ task: result
[2026-05-01T11:14:51Z] [HEADER] ================================================================================
[2026-05-01T11:14:51Z] [INFO] 🔄 OVERNIGHT RESEARCH PIPELINE - CYCLE #66
[2026-05-01T11:14:51Z] [INFO] ================================================================================
[2026-05-01T11:14:51Z] [HEADER] ============================================================
[2026-05-01T11:14:51Z] [INFO] 🌙 STARTING OVERNIGHT RESEARCH CYCLE #66
[2026-05-01T11:14:51Z] [INFO] 🔍 Running overnight research protocol (web scraping + cross-symbol analysis)...
[2026-05-01T11:14:51Z] [INFO] 📊 Cycle duration: 0.13s, Files generated: 0
[2026-05-01T11:14:51Z] [WARNING] ⚠️ Database not initialized for cycle counting
[2026-05-01T11:14:51Z] [INFO] 💾 Database updated with cycle results
[2026-05-01T11:14:51Z] [SECTION] ============================================================
[2026-05-01T11:14:51Z] [INFO] 🔮 PHASE: HIDDEN LAYERING DETECTION
[2026-05-01T11:14:51Z] [INFO] 🔗 Hidden layering detection complete. Connections identified: 2
[2026-05-01T11:14:51Z] [SECTION] ============================================================
[2026-05-01T11:14:51Z] [INFO] 🔬 PHASE: DOMAIN CORRELATION ANALYSIS
[2026-05-01T11:14:51Z] [INFO] 📊 Domain correlation matrices created: 2
[2026-05-01T11:14:51Z] [SECTION] ============================================================
[2026-05-01T11:14:51Z] [INFO] 🖼️  PHASE: IMAGE-SEED ANALYSIS
[2026-05-01T11:14:51Z] [INFO] 📂 Image seed analysis bootstrapping from 0 images...
[2026-05-01T11:14:51Z] [SECTION] ============================================================
[2026-05-01T11:14:51Z] [INFO] 📤 PHASE: PUSH COMPONENTS TO TOLARIA
[2026-05-01T11:14:52Z] [INFO] 📦 Components pushed to Tolaria: 5
[2026-05-01T11:14:52Z] [SECTION] ============================================================
[2026-05-01T11:14:52Z] [INFO] 🧩 PHASE: COMPOSER - DOMAIN INTEGRATION SYNTHESIS
[2026-05-01T11:15:12Z] [INFO] 🎨 Domain integrations synthesized: 0
[2026-05-01T11:15:12Z] [SECTION] ============================================================
[2026-05-01T11:15:12Z] [INFO] 🚀 PHASE: ADVANCED OVERNIGHT LOOP
[2026-05-01T11:15:12Z] [INFO] 🔬 Advanced loop completed cycles: 0
[2026-05-01T11:15:12Z] [WARNING] ⚠️  Git commit skipped or failed (git not initialized?): Command '['git', '-C', '/home/avalonas/.hermes/gematria/unified_overnight_research', 'add', '.']' returned non-zero exit status 128.
[2026-05-01T11:15:12Z] [INFO] 
📊 CYCLE #66 SUMMARY
[2026-05-01T11:15:12Z] [INFO] ✅ Successful tasks: 7/7
[2026-05-01T11:15:12Z] [INFO] ⏱️  Cycle duration: 21.21s
[2026-05-01T11:15:12Z] [INFO]    ⚠️ task: result
[2026-05-01T11:15:12Z] [INFO]    ⚠️ task: result
[2026-05-01T11:15:12Z] [INFO]    ⚠️ task: result
[2026-05-01T11:15:12Z] [INFO]    ⚠️ task: result
[2026-05-01T11:15:12Z] [INFO]    ⚠️ task: result
[2026-05-01T11:15:12Z] [INFO]    ⚠️ task: result
[2026-05-01T11:15:12Z] [INFO]    ⚠️ task: result
[2026-05-01T11:15:12Z] [HEADER] ================================================================================
[2026-05-01T11:15:12Z] [INFO] 🔄 OVERNIGHT RESEARCH PIPELINE - CYCLE #67
[2026-05-01T11:15:12Z] [INFO] ================================================================================
[2026-05-01T11:15:12Z] [HEADER] ============================================================
[2026-05-01T11:15:12Z] [INFO] 🌙 STARTING OVERNIGHT RESEARCH CYCLE #67
[2026-05-01T11:15:12Z] [INFO] 🔍 Running overnight research protocol (web scraping + cross-symbol analysis)...
[2026-05-01T11:15:12Z] [INFO] 📊 Cycle duration: 0.13s, Files generated: 0
[2026-05-01T11:15:12Z] [WARNING] ⚠️ Database not initialized for cycle counting
[2026-05-01T11:15:12Z] [INFO] 💾 Database updated with cycle results
[2026-05-01T11:15:12Z] [SECTION] ============================================================
[2026-05-01T11:15:12Z] [INFO] 🔮 PHASE: HIDDEN LAYERING DETECTION
[2026-05-01T11:15:13Z] [INFO] 🔗 Hidden layering detection complete. Connections identified: 2
[2026-05-01T11:15:13Z] [SECTION] ============================================================
[2026-05-01T11:15:13Z] [INFO] 🔬 PHASE: DOMAIN CORRELATION ANALYSIS
[2026-05-01T11:15:13Z] [INFO] 📊 Domain correlation matrices created: 2
[2026-05-01T11:15:13Z] [SECTION] ============================================================
[2026-05-01T11:15:13Z] [INFO] 🖼️  PHASE: IMAGE-SEED ANALYSIS
[2026-05-01T11:15:13Z] [INFO] 📂 Image seed analysis bootstrapping from 0 images...
[2026-05-01T11:15:13Z] [SECTION] ============================================================
[2026-05-01T11:15:13Z] [INFO] 📤 PHASE: PUSH COMPONENTS TO TOLARIA
[2026-05-01T11:15:13Z] [INFO] 📦 Components pushed to Tolaria: 5
[2026-05-01T11:15:13Z] [SECTION] ============================================================
[2026-05-01T11:15:13Z] [INFO] 🧩 PHASE: COMPOSER - DOMAIN INTEGRATION SYNTHESIS
[2026-05-01T11:15:36Z] [INFO] 🎨 Domain integrations synthesized: 0
[2026-05-01T11:15:36Z] [SECTION] ============================================================
[2026-05-01T11:15:36Z] [INFO] 🚀 PHASE: ADVANCED OVERNIGHT LOOP
[2026-05-01T11:16:44Z] [INFO] 🔬 Advanced loop completed cycles: 0
[2026-05-01T11:16:44Z] [WARNING] ⚠️  Git commit skipped or failed (git not initialized?): Command '['git', '-C', '/home/avalonas/.hermes/gematria/unified_overnight_research', 'add', '.']' returned non-zero exit status 128.
[2026-05-01T11:16:44Z] [INFO] 
📊 CYCLE #67 SUMMARY
[2026-05-01T11:16:44Z] [INFO] ✅ Successful tasks: 7/7
[2026-05-01T11:16:44Z] [INFO] ⏱️  Cycle duration: 91.75s
[2026-05-01T11:16:44Z] [INFO]    ⚠️ task: result
[2026-05-01T11:16:44Z] [INFO]    ⚠️ task: result
[2026-05-01T11:16:44Z] [INFO]    ⚠️ task: result
[2026-05-01T11:16:44Z] [INFO]    ⚠️ task: result
[2026-05-01T11:16:44Z] [INFO]    ⚠️ task: result
[2026-05-01T11:16:44Z] [INFO]    ⚠️ task: result
[2026-05-01T11:16:44Z] [INFO]    ⚠️ task: result
[2026-05-01T11:16:44Z] [HEADER] ================================================================================
[2026-05-01T11:16:44Z] [INFO] 🔄 OVERNIGHT RESEARCH PIPELINE - CYCLE #68
[2026-05-01T11:16:44Z] [INFO] ================================================================================
[2026-05-01T11:16:44Z] [HEADER] ============================================================
[2026-05-01T11:16:44Z] [INFO] 🌙 STARTING OVERNIGHT RESEARCH CYCLE #68
[2026-05-01T11:16:44Z] [INFO] 🔍 Running overnight research protocol (web scraping + cross-symbol analysis)...
[2026-05-01T11:16:44Z] [INFO] 📊 Cycle duration: 0.20s, Files generated: 1
[2026-05-01T11:16:44Z] [WARNING] ⚠️ Database not initialized for cycle counting
[2026-05-01T11:16:44Z] [INFO] 💾 Database updated with cycle results
[2026-05-01T11:16:44Z] [SECTION] ============================================================
[2026-05-01T11:16:44Z] [INFO] 🔮 PHASE: HIDDEN LAYERING DETECTION
[2026-05-01T11:16:44Z] [INFO] 🔗 Hidden layering detection complete. Connections identified: 2
[2026-05-01T11:16:44Z] [SECTION] ============================================================
[2026-05-01T11:16:44Z] [INFO] 🔬 PHASE: DOMAIN CORRELATION ANALYSIS
[2026-05-01T11:16:44Z] [INFO] 📊 Domain correlation matrices created: 2
[2026-05-01T11:16:44Z] [SECTION] ============================================================
[2026-05-01T11:16:44Z] [INFO] 🖼️  PHASE: IMAGE-SEED ANALYSIS
[2026-05-01T11:16:44Z] [INFO] 📂 Image seed analysis bootstrapping from 0 images...
[2026-05-01T11:16:44Z] [SECTION] ============================================================
[2026-05-01T11:16:44Z] [INFO] 📤 PHASE: PUSH COMPONENTS TO TOLARIA
[2026-05-01T11:16:45Z] [INFO] 📦 Components pushed to Tolaria: 5
[2026-05-01T11:16:45Z] [SECTION] ============================================================
[2026-05-01T11:16:45Z] [INFO] 🧩 PHASE: COMPOSER - DOMAIN INTEGRATION SYNTHESIS
[2026-05-01T11:17:07Z] [INFO] 🎨 Domain integrations synthesized: 0
[2026-05-01T11:17:07Z] [SECTION] ============================================================
[2026-05-01T11:17:07Z] [INFO] 🚀 PHASE: ADVANCED OVERNIGHT LOOP
[2026-05-01T11:18:15Z] [INFO] 🔬 Advanced loop completed cycles: 0
[2026-05-01T11:18:15Z] [WARNING] ⚠️  Git commit skipped or failed (git not initialized?): Command '['git', '-C', '/home/avalonas/.hermes/gematria/unified_overnight_research', 'commit', '-m', '[2026-05-01T11:18:15Z] Cycle 67: Cycle 68: Web research + hidden layering detection']' returned non-zero exit status 1.
[2026-05-01T11:18:15Z] [INFO] 
📊 CYCLE #68 SUMMARY
[2026-05-01T11:18:15Z] [INFO] ✅ Successful tasks: 7/7
[2026-05-01T11:18:15Z] [INFO] ⏱️  Cycle duration: 91.08s
[2026-05-01T11:18:15Z] [INFO]    ⚠️ task: result
[2026-05-01T11:18:15Z] [INFO]    ⚠️ task: result
[2026-05-01T11:18:15Z] [INFO]    ⚠️ task: result
[2026-05-01T11:18:15Z] [INFO]    ⚠️ task: result
[2026-05-01T11:18:15Z] [INFO]    ⚠️ task: result
[2026-05-01T11:18:15Z] [INFO]    ⚠️ task: result
[2026-05-01T11:18:15Z] [INFO]    ⚠️ task: result
[2026-05-01T11:18:15Z] [HEADER] ================================================================================
[2026-05-01T11:18:15Z] [INFO] 🔄 OVERNIGHT RESEARCH PIPELINE - CYCLE #69
[2026-05-01T11:18:15Z] [INFO] ================================================================================
[2026-05-01T11:18:15Z] [HEADER] ============================================================
[2026-05-01T11:18:15Z] [INFO] 🌙 STARTING OVERNIGHT RESEARCH CYCLE #69
[2026-05-01T11:18:15Z] [INFO] 🔍 Running overnight research protocol (web scraping + cross-symbol analysis)...
[2026-05-01T11:18:15Z] [INFO] 📊 Cycle duration: 0.23s, Files generated: 1
[2026-05-01T11:18:15Z] [WARNING] ⚠️ Database not initialized for cycle counting
[2026-05-01T11:18:15Z] [INFO] 💾 Database updated with cycle results
[2026-05-01T11:18:15Z] [SECTION] ============================================================
[2026-05-01T11:18:15Z] [INFO] 🔮 PHASE: HIDDEN LAYERING DETECTION
[2026-05-01T11:18:15Z] [INFO] 🔗 Hidden layering detection complete. Connections identified: 2
[2026-05-01T11:18:15Z] [SECTION] ============================================================
[2026-05-01T11:18:15Z] [INFO] 🔬 PHASE: DOMAIN CORRELATION ANALYSIS
[2026-05-01T11:18:15Z] [INFO] 📊 Domain correlation matrices created: 2
[2026-05-01T11:18:15Z] [SECTION] ============================================================
[2026-05-01T11:18:15Z] [INFO] 🖼️  PHASE: IMAGE-SEED ANALYSIS
[2026-05-01T11:18:15Z] [INFO] 📂 Image seed analysis bootstrapping from 0 images...
[2026-05-01T11:18:16Z] [SECTION] ============================================================
[2026-05-01T11:18:16Z] [INFO] 📤 PHASE: PUSH COMPONENTS TO TOLARIA
[2026-05-01T11:18:16Z] [INFO] 📦 Components pushed to Tolaria: 5
[2026-05-01T11:18:16Z] [SECTION] ============================================================
[2026-05-01T11:18:16Z] [INFO] 🧩 PHASE: COMPOSER - DOMAIN INTEGRATION SYNTHESIS
[2026-05-01T11:18:38Z] [INFO] 🎨 Domain integrations synthesized: 0
[2026-05-01T11:18:38Z] [SECTION] ============================================================
[2026-05-01T11:18:38Z] [INFO] 🚀 PHASE: ADVANCED OVERNIGHT LOOP
[2026-05-01T11:19:45Z] [INFO] 🔬 Advanced loop completed cycles: 0
[2026-05-01T11:19:45Z] [WARNING] ⚠️  Git commit skipped or failed (git not initialized?): Command '['git', '-C', '/home/avalonas/.hermes/gematria/unified_overnight_research', 'add', '.']' returned non-zero exit status 128.
[2026-05-01T11:19:45Z] [INFO] 
📊 CYCLE #69 SUMMARY
[2026-05-01T11:19:45Z] [INFO] ✅ Successful tasks: 7/7
[2026-05-01T11:19:45Z] [INFO] ⏱️  Cycle duration: 90.17s
[2026-05-01T11:19:45Z] [INFO]    ⚠️ task: result
[2026-05-01T11:19:45Z] [INFO]    ⚠️ task: result
[2026-05-01T11:19:45Z] [INFO]    ⚠️ task: result
[2026-05-01T11:19:45Z] [INFO]    ⚠️ task: result
[2026-05-01T11:19:45Z] [INFO]    ⚠️ task: result
[2026-05-01T11:19:45Z] [INFO]    ⚠️ task: result
[2026-05-01T11:19:45Z] [INFO]    ⚠️ task: result
[2026-05-01T11:19:45Z] [HEADER] ================================================================================
[2026-05-01T11:19:45Z] [INFO] 🔄 OVERNIGHT RESEARCH PIPELINE - CYCLE #70
[2026-05-01T11:19:45Z] [INFO] ================================================================================
[2026-05-01T11:19:45Z] [HEADER] ============================================================
[2026-05-01T11:19:45Z] [INFO] 🌙 STARTING OVERNIGHT RESEARCH CYCLE #70
[2026-05-01T11:19:45Z] [INFO] 🔍 Running overnight research protocol (web scraping + cross-symbol analysis)...
[2026-05-01T11:19:45Z] [INFO] 📊 Cycle duration: 0.15s, Files generated: 1
[2026-05-01T11:19:45Z] [WARNING] ⚠️ Database not initialized for cycle counting
[2026-05-01T11:19:45Z] [INFO] 💾 Database updated with cycle results
[2026-05-01T11:19:45Z] [SECTION] ============================================================
[2026-05-01T11:19:45Z] [INFO] 🔮 PHASE: HIDDEN LAYERING DETECTION
[2026-05-01T11:19:46Z] [INFO] 🔗 Hidden layering detection complete. Connections identified: 2
[2026-05-01T11:19:46Z] [SECTION] ============================================================
[2026-05-01T11:19:46Z] [INFO] 🔬 PHASE: DOMAIN CORRELATION ANALYSIS
[2026-05-01T11:19:46Z] [INFO] 📊 Domain correlation matrices created: 2
[2026-05-01T11:19:46Z] [SECTION] ============================================================
[2026-05-01T11:19:46Z] [INFO] 🖼️  PHASE: IMAGE-SEED ANALYSIS
[2026-05-01T11:19:46Z] [INFO] 📂 Image seed analysis bootstrapping from 0 images...
[2026-05-01T11:19:46Z] [SECTION] ============================================================
[2026-05-01T11:19:46Z] [INFO] 📤 PHASE: PUSH COMPONENTS TO TOLARIA
[2026-05-01T11:19:47Z] [INFO] 📦 Components pushed to Tolaria: 5
[2026-05-01T11:19:47Z] [SECTION] ============================================================
[2026-05-01T11:19:47Z] [INFO] 🧩 PHASE: COMPOSER - DOMAIN INTEGRATION SYNTHESIS
[2026-05-01T11:20:08Z] [INFO] 🎨 Domain integrations synthesized: 0
[2026-05-01T11:20:08Z] [SECTION] ============================================================
[2026-05-01T11:20:08Z] [INFO] 🚀 PHASE: ADVANCED OVERNIGHT LOOP
[2026-05-01T11:21:15Z] [INFO] 🔬 Advanced loop completed cycles: 0
[2026-05-01T11:21:15Z] [WARNING] ⚠️  Git commit skipped or failed (git not initialized?): Command '['git', '-C', '/home/avalonas/.hermes/gematria/unified_overnight_research', 'add', '.']' returned non-zero exit status 128.
[2026-05-01T11:21:15Z] [INFO] 
📊 CYCLE #70 SUMMARY
[2026-05-01T11:21:15Z] [INFO] ✅ Successful tasks: 7/7
[2026-05-01T11:21:15Z] [INFO] ⏱️  Cycle duration: 89.50s
[2026-05-01T11:21:15Z] [INFO]    ⚠️ task: result
[2026-05-01T11:21:15Z] [INFO]    ⚠️ task: result
[2026-05-01T11:21:15Z] [INFO]    ⚠️ task: result
[2026-05-01T11:21:15Z] [INFO]    ⚠️ task: result
[2026-05-01T11:21:15Z] [INFO]    ⚠️ task: result
[2026-05-01T11:21:15Z] [INFO]    ⚠️ task: result
[2026-05-01T11:21:15Z] [INFO]    ⚠️ task: result
[2026-05-01T11:21:15Z] [HEADER] ================================================================================
[2026-05-01T11:21:15Z] [INFO] 🔄 OVERNIGHT RESEARCH PIPELINE - CYCLE #71
[2026-05-01T11:21:15Z] [INFO] ================================================================================
[2026-05-01T11:21:15Z] [HEADER] ============================================================
[2026-05-01T11:21:15Z] [INFO] 🌙 STARTING OVERNIGHT RESEARCH CYCLE #71
[2026-05-01T11:21:15Z] [INFO] 🔍 Running overnight research protocol (web scraping + cross-symbol analysis)...
[2026-05-01T11:21:15Z] [INFO] 📊 Cycle duration: 0.21s, Files generated: 0
[2026-05-01T11:21:15Z] [WARNING] ⚠️ Database not initialized for cycle counting
[2026-05-01T11:21:15Z] [INFO] 💾 Database updated with cycle results
[2026-05-01T11:21:15Z] [SECTION] ============================================================
[2026-05-01T11:21:15Z] [INFO] 🔮 PHASE: HIDDEN LAYERING DETECTION
[2026-05-01T11:21:15Z] [INFO] 🔗 Hidden layering detection complete. Connections identified: 2
[2026-05-01T11:21:15Z] [SECTION] ============================================================
[2026-05-01T11:21:15Z] [INFO] 🔬 PHASE: DOMAIN CORRELATION ANALYSIS
[2026-05-01T11:21:15Z] [INFO] 📊 Domain correlation matrices created: 2
[2026-05-01T11:21:15Z] [SECTION] ============================================================
[2026-05-01T11:21:15Z] [INFO] 🖼️  PHASE: IMAGE-SEED ANALYSIS
[2026-05-01T11:21:15Z] [INFO] 📂 Image seed analysis bootstrapping from 0 images...
[2026-05-01T11:21:15Z] [SECTION] ============================================================
[2026-05-01T11:21:15Z] [INFO] 📤 PHASE: PUSH COMPONENTS TO TOLARIA
[2026-05-01T11:21:16Z] [INFO] 📦 Components pushed to Tolaria: 5
[2026-05-01T11:21:16Z] [SECTION] ============================================================
[2026-05-01T11:21:16Z] [INFO] 🧩 PHASE: COMPOSER - DOMAIN INTEGRATION SYNTHESIS
[2026-05-01T11:21:38Z] [INFO] 🎨 Domain integrations synthesized: 0
[2026-05-01T11:21:38Z] [SECTION] ============================================================
[2026-05-01T11:21:38Z] [INFO] 🚀 PHASE: ADVANCED OVERNIGHT LOOP
[2026-05-01T11:22:45Z] [INFO] 🔬 Advanced loop completed cycles: 0
[2026-05-01T11:22:45Z] [WARNING] ⚠️  Git commit skipped or failed (git not initialized?): Command '['git', '-C', '/home/avalonas/.hermes/gematria/unified_overnight_research', 'add', '.']' returned non-zero exit status 128.
[2026-05-01T11:22:45Z] [INFO] 
📊 CYCLE #71 SUMMARY
[2026-05-01T11:22:45Z] [INFO] ✅ Successful tasks: 7/7
[2026-05-01T11:22:45Z] [INFO] ⏱️  Cycle duration: 90.26s
[2026-05-01T11:22:45Z] [INFO]    ⚠️ task: result
[2026-05-01T11:22:45Z] [INFO]    ⚠️ task: result
[2026-05-01T11:22:45Z] [INFO]    ⚠️ task: result
[2026-05-01T11:22:45Z] [INFO]    ⚠️ task: result
[2026-05-01T11:22:45Z] [INFO]    ⚠️ task: result
[2026-05-01T11:22:45Z] [INFO]    ⚠️ task: result
[2026-05-01T11:22:45Z] [INFO]    ⚠️ task: result
[2026-05-01T11:22:45Z] [HEADER] ================================================================================
[2026-05-01T11:22:45Z] [INFO] 🔄 OVERNIGHT RESEARCH PIPELINE - CYCLE #72
[2026-05-01T11:22:45Z] [INFO] ================================================================================
[2026-05-01T11:22:45Z] [HEADER] ============================================================
[2026-05-01T11:22:45Z] [INFO] 🌙 STARTING OVERNIGHT RESEARCH CYCLE #72
[2026-05-01T11:22:45Z] [INFO] 🔍 Running overnight research protocol (web scraping + cross-symbol analysis)...
[2026-05-01T11:22:45Z] [INFO] 📊 Cycle duration: 0.17s, Files generated: 1
[2026-05-01T11:22:45Z] [WARNING] ⚠️ Database not initialized for cycle counting
[2026-05-01T11:22:45Z] [INFO] 💾 Database updated with cycle results
[2026-05-01T11:22:45Z] [SECTION] ============================================================
[2026-05-01T11:22:45Z] [INFO] 🔮 PHASE: HIDDEN LAYERING DETECTION
[2026-05-01T11:22:45Z] [INFO] 🔗 Hidden layering detection complete. Connections identified: 2
[2026-05-01T11:22:45Z] [SECTION] ============================================================
[2026-05-01T11:22:45Z] [INFO] 🔬 PHASE: DOMAIN CORRELATION ANALYSIS
[2026-05-01T11:22:45Z] [INFO] 📊 Domain correlation matrices created: 2
[2026-05-01T11:22:45Z] [SECTION] ============================================================
[2026-05-01T11:22:45Z] [INFO] 🖼️  PHASE: IMAGE-SEED ANALYSIS
[2026-05-01T11:22:45Z] [INFO] 📂 Image seed analysis bootstrapping from 0 images...
[2026-05-01T11:22:45Z] [SECTION] ============================================================
[2026-05-01T11:22:45Z] [INFO] 📤 PHASE: PUSH COMPONENTS TO TOLARIA
[2026-05-01T11:22:46Z] [INFO] 📦 Components pushed to Tolaria: 5
[2026-05-01T11:22:46Z] [SECTION] ============================================================
[2026-05-01T11:22:46Z] [INFO] 🧩 PHASE: COMPOSER - DOMAIN INTEGRATION SYNTHESIS
[2026-05-01T11:23:08Z] [INFO] 🎨 Domain integrations synthesized: 0
[2026-05-01T11:23:08Z] [SECTION] ============================================================
[2026-05-01T11:23:08Z] [INFO] 🚀 PHASE: ADVANCED OVERNIGHT LOOP
[2026-05-01T11:24:16Z] [INFO] 🔬 Advanced loop completed cycles: 0
[2026-05-01T11:24:16Z] [WARNING] ⚠️  Git commit skipped or failed (git not initialized?): Command '['git', '-C', '/home/avalonas/.hermes/gematria/unified_overnight_research', 'commit', '-m', '[2026-05-01T11:24:16Z] Cycle 71: Cycle 72: Web research + hidden layering detection']' returned non-zero exit status 1.
[2026-05-01T11:24:16Z] [INFO] 
📊 CYCLE #72 SUMMARY
[2026-05-01T11:24:16Z] [INFO] ✅ Successful tasks: 7/7
[2026-05-01T11:24:16Z] [INFO] ⏱️  Cycle duration: 91.32s
[2026-05-01T11:24:16Z] [INFO]    ⚠️ task: result
[2026-05-01T11:24:16Z] [INFO]    ⚠️ task: result
[2026-05-01T11:24:16Z] [INFO]    ⚠️ task: result
[2026-05-01T11:24:16Z] [INFO]    ⚠️ task: result
[2026-05-01T11:24:16Z] [INFO]    ⚠️ task: result
[2026-05-01T11:24:16Z] [INFO]    ⚠️ task: result
[2026-05-01T11:24:16Z] [INFO]    ⚠️ task: result
[2026-05-01T11:24:16Z] [HEADER] ================================================================================
[2026-05-01T11:24:16Z] [INFO] 🔄 OVERNIGHT RESEARCH PIPELINE - CYCLE #73
[2026-05-01T11:24:16Z] [INFO] ================================================================================
[2026-05-01T11:24:16Z] [HEADER] ============================================================
[2026-05-01T11:24:16Z] [INFO] 🌙 STARTING OVERNIGHT RESEARCH CYCLE #73
[2026-05-01T11:24:16Z] [INFO] 🔍 Running overnight research protocol (web scraping + cross-symbol analysis)...
[2026-05-01T11:24:17Z] [INFO] 📊 Cycle duration: 0.23s, Files generated: 1
[2026-05-01T11:24:17Z] [WARNING] ⚠️ Database not initialized for cycle counting
[2026-05-01T11:24:17Z] [INFO] 💾 Database updated with cycle results
[2026-05-01T11:24:17Z] [SECTION] ============================================================
[2026-05-01T11:24:17Z] [INFO] 🔮 PHASE: HIDDEN LAYERING DETECTION
[2026-05-01T11:24:17Z] [INFO] 🔗 Hidden layering detection complete. Connections identified: 2
[2026-05-01T11:24:17Z] [SECTION] ============================================================
[2026-05-01T11:24:17Z] [INFO] 🔬 PHASE: DOMAIN CORRELATION ANALYSIS
[2026-05-01T11:24:17Z] [INFO] 📊 Domain correlation matrices created: 2
[2026-05-01T11:24:17Z] [SECTION] ============================================================
[2026-05-01T11:24:17Z] [INFO] 🖼️  PHASE: IMAGE-SEED ANALYSIS
[2026-05-01T11:24:17Z] [INFO] 📂 Image seed analysis bootstrapping from 0 images...
[2026-05-01T11:24:17Z] [SECTION] ============================================================
[2026-05-01T11:24:17Z] [INFO] 📤 PHASE: PUSH COMPONENTS TO TOLARIA
[2026-05-01T11:24:17Z] [INFO] 📦 Components pushed to Tolaria: 5
[2026-05-01T11:24:17Z] [SECTION] ============================================================
[2026-05-01T11:24:17Z] [INFO] 🧩 PHASE: COMPOSER - DOMAIN INTEGRATION SYNTHESIS
[2026-05-01T11:24:39Z] [INFO] 🎨 Domain integrations synthesized: 0
[2026-05-01T11:24:39Z] [SECTION] ============================================================
[2026-05-01T11:24:39Z] [INFO] 🚀 PHASE: ADVANCED OVERNIGHT LOOP
[2026-05-01T11:25:44Z] [INFO] 🔬 Advanced loop completed cycles: 0
[2026-05-01T11:25:44Z] [WARNING] ⚠️  Git commit skipped or failed (git not initialized?): Command '['git', '-C', '/home/avalonas/.hermes/gematria/unified_overnight_research', 'commit', '-m', '[2026-05-01T11:25:44Z] Cycle 72: Cycle 73: Web research + hidden layering detection']' returned non-zero exit status 1.
[2026-05-01T11:25:44Z] [INFO] 
📊 CYCLE #73 SUMMARY
[2026-05-01T11:25:44Z] [INFO] ✅ Successful tasks: 7/7
[2026-05-01T11:25:44Z] [INFO] ⏱️  Cycle duration: 88.03s
[2026-05-01T11:25:44Z] [INFO]    ⚠️ task: result
[2026-05-01T11:25:44Z] [INFO]    ⚠️ task: result
[2026-05-01T11:25:44Z] [INFO]    ⚠️ task: result
[2026-05-01T11:25:44Z] [INFO]    ⚠️ task: result
[2026-05-01T11:25:44Z] [INFO]    ⚠️ task: result
[2026-05-01T11:25:44Z] [INFO]    ⚠️ task: result
[2026-05-01T11:25:44Z] [INFO]    ⚠️ task: result
[2026-05-01T11:25:44Z] [HEADER] ================================================================================
[2026-05-01T11:25:44Z] [INFO] 🔄 OVERNIGHT RESEARCH PIPELINE - CYCLE #74
[2026-05-01T11:25:44Z] [INFO] ================================================================================
[2026-05-01T11:25:44Z] [HEADER] ============================================================
[2026-05-01T11:25:44Z] [INFO] 🌙 STARTING OVERNIGHT RESEARCH CYCLE #74
[2026-05-01T11:25:44Z] [INFO] 🔍 Running overnight research protocol (web scraping + cross-symbol analysis)...
[2026-05-01T11:25:45Z] [INFO] 📊 Cycle duration: 0.18s, Files generated: 1
[2026-05-01T11:25:45Z] [WARNING] ⚠️ Database not initialized for cycle counting
[2026-05-01T11:25:45Z] [INFO] 💾 Database updated with cycle results
[2026-05-01T11:25:45Z] [SECTION] ============================================================
[2026-05-01T11:25:45Z] [INFO] 🔮 PHASE: HIDDEN LAYERING DETECTION
[2026-05-01T11:25:45Z] [INFO] 🔗 Hidden layering detection complete. Connections identified: 2
[2026-05-01T11:25:45Z] [SECTION] ============================================================
[2026-05-01T11:25:45Z] [INFO] 🔬 PHASE: DOMAIN CORRELATION ANALYSIS
[2026-05-01T11:25:45Z] [INFO] 📊 Domain correlation matrices created: 2
[2026-05-01T11:25:45Z] [SECTION] ============================================================
[2026-05-01T11:25:45Z] [INFO] 🖼️  PHASE: IMAGE-SEED ANALYSIS
[2026-05-01T11:25:45Z] [INFO] 📂 Image seed analysis bootstrapping from 0 images...
[2026-05-01T11:25:45Z] [SECTION] ============================================================
[2026-05-01T11:25:45Z] [INFO] 📤 PHASE: PUSH COMPONENTS TO TOLARIA
[2026-05-01T11:25:46Z] [INFO] 📦 Components pushed to Tolaria: 5
[2026-05-01T11:25:46Z] [SECTION] ============================================================
[2026-05-01T11:25:46Z] [INFO] 🧩 PHASE: COMPOSER - DOMAIN INTEGRATION SYNTHESIS
[2026-05-01T11:26:07Z] [INFO] 🎨 Domain integrations synthesized: 0
[2026-05-01T11:26:07Z] [SECTION] ============================================================
[2026-05-01T11:26:07Z] [INFO] 🚀 PHASE: ADVANCED OVERNIGHT LOOP
[2026-05-01T11:27:13Z] [INFO] 🔬 Advanced loop completed cycles: 0
[2026-05-01T11:27:13Z] [WARNING] ⚠️  Git commit skipped or failed (git not initialized?): Command '['git', '-C', '/home/avalonas/.hermes/gematria/unified_overnight_research', 'add', '.']' returned non-zero exit status 128.
[2026-05-01T11:27:13Z] [INFO] 
📊 CYCLE #74 SUMMARY
[2026-05-01T11:27:13Z] [INFO] ✅ Successful tasks: 7/7
[2026-05-01T11:27:13Z] [INFO] ⏱️  Cycle duration: 88.91s
[2026-05-01T11:27:13Z] [INFO]    ⚠️ task: result
[2026-05-01T11:27:13Z] [INFO]    ⚠️ task: result
[2026-05-01T11:27:13Z] [INFO]    ⚠️ task: result
[2026-05-01T11:27:13Z] [INFO]    ⚠️ task: result
[2026-05-01T11:27:13Z] [INFO]    ⚠️ task: result
[2026-05-01T11:27:13Z] [INFO]    ⚠️ task: result
[2026-05-01T11:27:13Z] [INFO]    ⚠️ task: result
[2026-05-01T11:27:13Z] [HEADER] ================================================================================
[2026-05-01T11:27:13Z] [INFO] 🔄 OVERNIGHT RESEARCH PIPELINE - CYCLE #75
[2026-05-01T11:27:13Z] [INFO] ================================================================================
[2026-05-01T11:27:13Z] [HEADER] ============================================================
[2026-05-01T11:27:13Z] [INFO] 🌙 STARTING OVERNIGHT RESEARCH CYCLE #75
[2026-05-01T11:27:13Z] [INFO] 🔍 Running overnight research protocol (web scraping + cross-symbol analysis)...
[2026-05-01T11:27:14Z] [INFO] 📊 Cycle duration: 0.17s, Files generated: 1
[2026-05-01T11:27:14Z] [WARNING] ⚠️ Database not initialized for cycle counting
[2026-05-01T11:27:14Z] [INFO] 💾 Database updated with cycle results
[2026-05-01T11:27:14Z] [SECTION] ============================================================
[2026-05-01T11:27:14Z] [INFO] 🔮 PHASE: HIDDEN LAYERING DETECTION
[2026-05-01T11:27:14Z] [INFO] 🔗 Hidden layering detection complete. Connections identified: 2
[2026-05-01T11:27:14Z] [SECTION] ============================================================
[2026-05-01T11:27:14Z] [INFO] 🔬 PHASE: DOMAIN CORRELATION ANALYSIS
[2026-05-01T11:27:14Z] [INFO] 📊 Domain correlation matrices created: 2
[2026-05-01T11:27:14Z] [SECTION] ============================================================
[2026-05-01T11:27:14Z] [INFO] 🖼️  PHASE: IMAGE-SEED ANALYSIS
[2026-05-01T11:27:14Z] [INFO] 📂 Image seed analysis bootstrapping from 0 images...
[2026-05-01T11:27:14Z] [SECTION] ============================================================
[2026-05-01T11:27:14Z] [INFO] 📤 PHASE: PUSH COMPONENTS TO TOLARIA
[2026-05-01T11:27:14Z] [INFO] 📦 Components pushed to Tolaria: 5
[2026-05-01T11:27:14Z] [SECTION] ============================================================
[2026-05-01T11:27:14Z] [INFO] 🧩 PHASE: COMPOSER - DOMAIN INTEGRATION SYNTHESIS
[2026-05-01T11:27:36Z] [INFO] 🎨 Domain integrations synthesized: 0
[2026-05-01T11:27:36Z] [SECTION] ============================================================
[2026-05-01T11:27:36Z] [INFO] 🚀 PHASE: ADVANCED OVERNIGHT LOOP
[2026-05-01T11:28:39Z] [INFO] 🔬 Advanced loop completed cycles: 0
[2026-05-01T11:28:39Z] [WARNING] ⚠️  Git commit skipped or failed (git not initialized?): Command '['git', '-C', '/home/avalonas/.hermes/gematria/unified_overnight_research', 'add', '.']' returned non-zero exit status 128.
[2026-05-01T11:28:39Z] [INFO] 
📊 CYCLE #75 SUMMARY
[2026-05-01T11:28:39Z] [INFO] ✅ Successful tasks: 7/7
[2026-05-01T11:28:39Z] [INFO] ⏱️  Cycle duration: 85.52s
[2026-05-01T11:28:39Z] [INFO]    ⚠️ task: result
[2026-05-01T11:28:39Z] [INFO]    ⚠️ task: result
[2026-05-01T11:28:39Z] [INFO]    ⚠️ task: result
[2026-05-01T11:28:39Z] [INFO]    ⚠️ task: result
[2026-05-01T11:28:39Z] [INFO]    ⚠️ task: result
[2026-05-01T11:28:39Z] [INFO]    ⚠️ task: result
[2026-05-01T11:28:39Z] [INFO]    ⚠️ task: result
[2026-05-01T11:28:39Z] [HEADER] ================================================================================
[2026-05-01T11:28:39Z] [INFO] 🔄 OVERNIGHT RESEARCH PIPELINE - CYCLE #76
[2026-05-01T11:28:39Z] [INFO] ================================================================================
[2026-05-01T11:28:39Z] [HEADER] ============================================================
[2026-05-01T11:28:39Z] [INFO] 🌙 STARTING OVERNIGHT RESEARCH CYCLE #76
[2026-05-01T11:28:39Z] [INFO] 🔍 Running overnight research protocol (web scraping + cross-symbol analysis)...
[2026-05-01T11:28:39Z] [INFO] 📊 Cycle duration: 0.15s, Files generated: 1
[2026-05-01T11:28:39Z] [WARNING] ⚠️ Database not initialized for cycle counting
[2026-05-01T11:28:39Z] [INFO] 💾 Database updated with cycle results
[2026-05-01T11:28:39Z] [SECTION] ============================================================
[2026-05-01T11:28:39Z] [INFO] 🔮 PHASE: HIDDEN LAYERING DETECTION
[2026-05-01T11:28:39Z] [INFO] 🔗 Hidden layering detection complete. Connections identified: 2
[2026-05-01T11:28:39Z] [SECTION] ============================================================
[2026-05-01T11:28:39Z] [INFO] 🔬 PHASE: DOMAIN CORRELATION ANALYSIS
[2026-05-01T11:28:39Z] [INFO] 📊 Domain correlation matrices created: 2
[2026-05-01T11:28:39Z] [SECTION] ============================================================
[2026-05-01T11:28:39Z] [INFO] 🖼️  PHASE: IMAGE-SEED ANALYSIS
[2026-05-01T11:28:39Z] [INFO] 📂 Image seed analysis bootstrapping from 0 images...
[2026-05-01T11:28:39Z] [SECTION] ============================================================
[2026-05-01T11:28:39Z] [INFO] 📤 PHASE: PUSH COMPONENTS TO TOLARIA
[2026-05-01T11:28:40Z] [INFO] 📦 Components pushed to Tolaria: 5
[2026-05-01T11:28:40Z] [SECTION] ============================================================
[2026-05-01T11:28:40Z] [INFO] 🧩 PHASE: COMPOSER - DOMAIN INTEGRATION SYNTHESIS
[2026-05-01T11:29:02Z] [INFO] 🎨 Domain integrations synthesized: 0
[2026-05-01T11:29:02Z] [SECTION] ============================================================
[2026-05-01T11:29:02Z] [INFO] 🚀 PHASE: ADVANCED OVERNIGHT LOOP
[2026-05-01T11:30:08Z] [INFO] 🔬 Advanced loop completed cycles: 0
[2026-05-01T11:30:08Z] [WARNING] ⚠️  Git commit skipped or failed (git not initialized?): Command '['git', '-C', '/home/avalonas/.hermes/gematria/unified_overnight_research', 'add', '.']' returned non-zero exit status 128.
[2026-05-01T11:30:08Z] [INFO] 
📊 CYCLE #76 SUMMARY
[2026-05-01T11:30:08Z] [INFO] ✅ Successful tasks: 7/7
[2026-05-01T11:30:08Z] [INFO] ⏱️  Cycle duration: 88.97s
[2026-05-01T11:30:08Z] [INFO]    ⚠️ task: result
[2026-05-01T11:30:08Z] [INFO]    ⚠️ task: result
[2026-05-01T11:30:08Z] [INFO]    ⚠️ task: result
[2026-05-01T11:30:08Z] [INFO]    ⚠️ task: result
[2026-05-01T11:30:08Z] [INFO]    ⚠️ task: result
[2026-05-01T11:30:08Z] [INFO]    ⚠️ task: result
[2026-05-01T11:30:08Z] [INFO]    ⚠️ task: result
[2026-05-01T11:30:08Z] [HEADER] ================================================================================
[2026-05-01T11:30:08Z] [INFO] 🔄 OVERNIGHT RESEARCH PIPELINE - CYCLE #77
[2026-05-01T11:30:08Z] [INFO] ================================================================================
[2026-05-01T11:30:08Z] [HEADER] ============================================================
[2026-05-01T11:30:08Z] [INFO] 🌙 STARTING OVERNIGHT RESEARCH CYCLE #77
[2026-05-01T11:30:08Z] [INFO] 🔍 Running overnight research protocol (web scraping + cross-symbol analysis)...
[2026-05-01T11:30:08Z] [INFO] 📊 Cycle duration: 0.16s, Files generated: 1
[2026-05-01T11:30:08Z] [WARNING] ⚠️ Database not initialized for cycle counting
[2026-05-01T11:30:08Z] [INFO] 💾 Database updated with cycle results
[2026-05-01T11:30:08Z] [SECTION] ============================================================
[2026-05-01T11:30:08Z] [INFO] 🔮 PHASE: HIDDEN LAYERING DETECTION
[2026-05-01T11:30:08Z] [INFO] 🔗 Hidden layering detection complete. Connections identified: 2
[2026-05-01T11:30:08Z] [SECTION] ============================================================
[2026-05-01T11:30:08Z] [INFO] 🔬 PHASE: DOMAIN CORRELATION ANALYSIS
[2026-05-01T11:30:08Z] [INFO] 📊 Domain correlation matrices created: 2
[2026-05-01T11:30:08Z] [SECTION] ============================================================
[2026-05-01T11:30:08Z] [INFO] 🖼️  PHASE: IMAGE-SEED ANALYSIS
[2026-05-01T11:30:08Z] [INFO] 📂 Image seed analysis bootstrapping from 0 images...
[2026-05-01T11:30:08Z] [SECTION] ============================================================
[2026-05-01T11:30:08Z] [INFO] 📤 PHASE: PUSH COMPONENTS TO TOLARIA
[2026-05-01T11:30:09Z] [INFO] 📦 Components pushed to Tolaria: 5
[2026-05-01T11:30:09Z] [SECTION] ============================================================
[2026-05-01T11:30:09Z] [INFO] 🧩 PHASE: COMPOSER - DOMAIN INTEGRATION SYNTHESIS
[2026-05-01T11:30:30Z] [INFO] 🎨 Domain integrations synthesized: 0
[2026-05-01T11:30:30Z] [SECTION] ============================================================
[2026-05-01T11:30:30Z] [INFO] 🚀 PHASE: ADVANCED OVERNIGHT LOOP
[2026-05-01T11:31:36Z] [INFO] 🔬 Advanced loop completed cycles: 0
[2026-05-01T11:31:36Z] [WARNING] ⚠️  Git commit skipped or failed (git not initialized?): Command '['git', '-C', '/home/avalonas/.hermes/gematria/unified_overnight_research', 'add', '.']' returned non-zero exit status 128.
[2026-05-01T11:31:36Z] [INFO] 
📊 CYCLE #77 SUMMARY
[2026-05-01T11:31:36Z] [INFO] ✅ Successful tasks: 7/7
[2026-05-01T11:31:36Z] [INFO] ⏱️  Cycle duration: 88.02s
[2026-05-01T11:31:36Z] [INFO]    ⚠️ task: result
[2026-05-01T11:31:36Z] [INFO]    ⚠️ task: result
[2026-05-01T11:31:36Z] [INFO]    ⚠️ task: result
[2026-05-01T11:31:36Z] [INFO]    ⚠️ task: result
[2026-05-01T11:31:36Z] [INFO]    ⚠️ task: result
[2026-05-01T11:31:36Z] [INFO]    ⚠️ task: result
[2026-05-01T11:31:36Z] [INFO]    ⚠️ task: result
[2026-05-01T11:31:36Z] [HEADER] ================================================================================
[2026-05-01T11:31:36Z] [INFO] 🔄 OVERNIGHT RESEARCH PIPELINE - CYCLE #78
[2026-05-01T11:31:36Z] [INFO] ================================================================================
[2026-05-01T11:31:36Z] [HEADER] ============================================================
[2026-05-01T11:31:36Z] [INFO] 🌙 STARTING OVERNIGHT RESEARCH CYCLE #78
[2026-05-01T11:31:36Z] [INFO] 🔍 Running overnight research protocol (web scraping + cross-symbol analysis)...
[2026-05-01T11:31:36Z] [INFO] 📊 Cycle duration: 0.22s, Files generated: 0
[2026-05-01T11:31:36Z] [WARNING] ⚠️ Database not initialized for cycle counting
[2026-05-01T11:31:36Z] [INFO] 💾 Database updated with cycle results
[2026-05-01T11:31:36Z] [SECTION] ============================================================
[2026-05-01T11:31:36Z] [INFO] 🔮 PHASE: HIDDEN LAYERING DETECTION
[2026-05-01T11:31:36Z] [INFO] 🔗 Hidden layering detection complete. Connections identified: 2
[2026-05-01T11:31:36Z] [SECTION] ============================================================
[2026-05-01T11:31:36Z] [INFO] 🔬 PHASE: DOMAIN CORRELATION ANALYSIS
[2026-05-01T11:31:36Z] [INFO] 📊 Domain correlation matrices created: 2
[2026-05-01T11:31:36Z] [SECTION] ============================================================
[2026-05-01T11:31:36Z] [INFO] 🖼️  PHASE: IMAGE-SEED ANALYSIS
[2026-05-01T11:31:36Z] [INFO] 📂 Image seed analysis bootstrapping from 0 images...
[2026-05-01T11:31:36Z] [SECTION] ============================================================
[2026-05-01T11:31:36Z] [INFO] 📤 PHASE: PUSH COMPONENTS TO TOLARIA
[2026-05-01T11:31:37Z] [INFO] 📦 Components pushed to Tolaria: 5
[2026-05-01T11:31:37Z] [SECTION] ============================================================
[2026-05-01T11:31:37Z] [INFO] 🧩 PHASE: COMPOSER - DOMAIN INTEGRATION SYNTHESIS
[2026-05-01T11:31:58Z] [INFO] 🎨 Domain integrations synthesized: 0
[2026-05-01T11:31:58Z] [SECTION] ============================================================
[2026-05-01T11:31:58Z] [INFO] 🚀 PHASE: ADVANCED OVERNIGHT LOOP
[2026-05-01T11:33:07Z] [INFO] 🔬 Advanced loop completed cycles: 0
[2026-05-01T11:33:07Z] [WARNING] ⚠️  Git commit skipped or failed (git not initialized?): Command '['git', '-C', '/home/avalonas/.hermes/gematria/unified_overnight_research', 'add', '.']' returned non-zero exit status 128.
[2026-05-01T11:33:07Z] [INFO] 
📊 CYCLE #78 SUMMARY
[2026-05-01T11:33:07Z] [INFO] ✅ Successful tasks: 7/7
[2026-05-01T11:33:07Z] [INFO] ⏱️  Cycle duration: 91.50s
[2026-05-01T11:33:07Z] [INFO]    ⚠️ task: result
[2026-05-01T11:33:07Z] [INFO]    ⚠️ task: result
[2026-05-01T11:33:07Z] [INFO]    ⚠️ task: result
[2026-05-01T11:33:07Z] [INFO]    ⚠️ task: result
[2026-05-01T11:33:07Z] [INFO]    ⚠️ task: result
[2026-05-01T11:33:07Z] [INFO]    ⚠️ task: result
[2026-05-01T11:33:07Z] [INFO]    ⚠️ task: result
[2026-05-01T11:33:07Z] [HEADER] ================================================================================
[2026-05-01T11:33:07Z] [INFO] 🔄 OVERNIGHT RESEARCH PIPELINE - CYCLE #79
[2026-05-01T11:33:07Z] [INFO] ================================================================================
[2026-05-01T11:33:07Z] [HEADER] ============================================================
[2026-05-01T11:33:07Z] [INFO] 🌙 STARTING OVERNIGHT RESEARCH CYCLE #79
[2026-05-01T11:33:07Z] [INFO] 🔍 Running overnight research protocol (web scraping + cross-symbol analysis)...
[2026-05-01T11:33:08Z] [INFO] 📊 Cycle duration: 0.15s, Files generated: 0
[2026-05-01T11:33:08Z] [WARNING] ⚠️ Database not initialized for cycle counting
[2026-05-01T11:33:08Z] [INFO] 💾 Database updated with cycle results
[2026-05-01T11:33:08Z] [SECTION] ============================================================
[2026-05-01T11:33:08Z] [INFO] 🔮 PHASE: HIDDEN LAYERING DETECTION
[2026-05-01T11:33:08Z] [INFO] 🔗 Hidden layering detection complete. Connections identified: 2
[2026-05-01T11:33:08Z] [SECTION] ============================================================
[2026-05-01T11:33:08Z] [INFO] 🔬 PHASE: DOMAIN CORRELATION ANALYSIS
[2026-05-01T11:33:08Z] [INFO] 📊 Domain correlation matrices created: 2
[2026-05-01T11:33:08Z] [SECTION] ============================================================
[2026-05-01T11:33:08Z] [INFO] 🖼️  PHASE: IMAGE-SEED ANALYSIS
[2026-05-01T11:33:08Z] [INFO] 📂 Image seed analysis bootstrapping from 0 images...
[2026-05-01T11:33:08Z] [SECTION] ============================================================
[2026-05-01T11:33:08Z] [INFO] 📤 PHASE: PUSH COMPONENTS TO TOLARIA
[2026-05-01T11:33:08Z] [INFO] 📦 Components pushed to Tolaria: 5
[2026-05-01T11:33:08Z] [SECTION] ============================================================
[2026-05-01T11:33:08Z] [INFO] 🧩 PHASE: COMPOSER - DOMAIN INTEGRATION SYNTHESIS
[2026-05-01T11:33:28Z] [INFO] 🎨 Domain integrations synthesized: 0
[2026-05-01T11:33:28Z] [SECTION] ============================================================
[2026-05-01T11:33:28Z] [INFO] 🚀 PHASE: ADVANCED OVERNIGHT LOOP
[2026-05-01T11:34:34Z] [INFO] 🔬 Advanced loop completed cycles: 0
[2026-05-01T11:34:34Z] [WARNING] ⚠️  Git commit skipped or failed (git not initialized?): Command '['git', '-C', '/home/avalonas/.hermes/gematria/unified_overnight_research', 'add', '.']' returned non-zero exit status 128.
[2026-05-01T11:34:34Z] [INFO] 
📊 CYCLE #79 SUMMARY
[2026-05-01T11:34:34Z] [INFO] ✅ Successful tasks: 7/7
[2026-05-01T11:34:34Z] [INFO] ⏱️  Cycle duration: 86.98s
[2026-05-01T11:34:34Z] [INFO]    ⚠️ task: result
[2026-05-01T11:34:34Z] [INFO]    ⚠️ task: result
[2026-05-01T11:34:34Z] [INFO]    ⚠️ task: result
[2026-05-01T11:34:34Z] [INFO]    ⚠️ task: result
[2026-05-01T11:34:34Z] [INFO]    ⚠️ task: result
[2026-05-01T11:34:34Z] [INFO]    ⚠️ task: result
[2026-05-01T11:34:34Z] [INFO]    ⚠️ task: result
[2026-05-01T11:34:34Z] [HEADER] ================================================================================
[2026-05-01T11:34:34Z] [INFO] 🔄 OVERNIGHT RESEARCH PIPELINE - CYCLE #80
[2026-05-01T11:34:34Z] [INFO] ================================================================================
[2026-05-01T11:34:34Z] [HEADER] ============================================================
[2026-05-01T11:34:34Z] [INFO] 🌙 STARTING OVERNIGHT RESEARCH CYCLE #80
[2026-05-01T11:34:34Z] [INFO] 🔍 Running overnight research protocol (web scraping + cross-symbol analysis)...
[2026-05-01T11:34:35Z] [INFO] 📊 Cycle duration: 0.18s, Files generated: 0
[2026-05-01T11:34:35Z] [WARNING] ⚠️ Database not initialized for cycle counting
[2026-05-01T11:34:35Z] [INFO] 💾 Database updated with cycle results
[2026-05-01T11:34:35Z] [SECTION] ============================================================
[2026-05-01T11:34:35Z] [INFO] 🔮 PHASE: HIDDEN LAYERING DETECTION
[2026-05-01T11:34:35Z] [INFO] 🔗 Hidden layering detection complete. Connections identified: 2
[2026-05-01T11:34:35Z] [SECTION] ============================================================
[2026-05-01T11:34:35Z] [INFO] 🔬 PHASE: DOMAIN CORRELATION ANALYSIS
[2026-05-01T11:34:35Z] [INFO] 📊 Domain correlation matrices created: 2
[2026-05-01T11:34:35Z] [SECTION] ============================================================
[2026-05-01T11:34:35Z] [INFO] 🖼️  PHASE: IMAGE-SEED ANALYSIS
[2026-05-01T11:34:35Z] [INFO] 📂 Image seed analysis bootstrapping from 0 images...
[2026-05-01T11:34:35Z] [SECTION] ============================================================
[2026-05-01T11:34:35Z] [INFO] 📤 PHASE: PUSH COMPONENTS TO TOLARIA
[2026-05-01T11:34:35Z] [INFO] 📦 Components pushed to Tolaria: 5
[2026-05-01T11:34:35Z] [SECTION] ============================================================
[2026-05-01T11:34:35Z] [INFO] 🧩 PHASE: COMPOSER - DOMAIN INTEGRATION SYNTHESIS
[2026-05-01T11:34:57Z] [INFO] 🎨 Domain integrations synthesized: 0
[2026-05-01T11:34:57Z] [SECTION] ============================================================
[2026-05-01T11:34:57Z] [INFO] 🚀 PHASE: ADVANCED OVERNIGHT LOOP
[2026-05-01T11:36:03Z] [INFO] 🔬 Advanced loop completed cycles: 0
[2026-05-01T11:36:03Z] [WARNING] ⚠️  Git commit skipped or failed (git not initialized?): Command '['git', '-C', '/home/avalonas/.hermes/gematria/unified_overnight_research', 'add', '.']' returned non-zero exit status 128.
[2026-05-01T11:36:03Z] [INFO] 
📊 CYCLE #80 SUMMARY
[2026-05-01T11:36:03Z] [INFO] ✅ Successful tasks: 7/7
[2026-05-01T11:36:03Z] [INFO] ⏱️  Cycle duration: 88.27s
[2026-05-01T11:36:03Z] [INFO]    ⚠️ task: result
[2026-05-01T11:36:03Z] [INFO]    ⚠️ task: result
[2026-05-01T11:36:03Z] [INFO]    ⚠️ task: result
[2026-05-01T11:36:03Z] [INFO]    ⚠️ task: result
[2026-05-01T11:36:03Z] [INFO]    ⚠️ task: result
[2026-05-01T11:36:03Z] [INFO]    ⚠️ task: result
[2026-05-01T11:36:03Z] [INFO]    ⚠️ task: result
[2026-05-01T11:36:03Z] [HEADER] ================================================================================
[2026-05-01T11:36:03Z] [INFO] 🔄 OVERNIGHT RESEARCH PIPELINE - CYCLE #81
[2026-05-01T11:36:03Z] [INFO] ================================================================================
[2026-05-01T11:36:03Z] [HEADER] ============================================================
[2026-05-01T11:36:03Z] [INFO] 🌙 STARTING OVERNIGHT RESEARCH CYCLE #81
[2026-05-01T11:36:03Z] [INFO] 🔍 Running overnight research protocol (web scraping + cross-symbol analysis)...
[2026-05-01T11:36:03Z] [INFO] 📊 Cycle duration: 0.20s, Files generated: 0
[2026-05-01T11:36:03Z] [WARNING] ⚠️ Database not initialized for cycle counting
[2026-05-01T11:36:03Z] [INFO] 💾 Database updated with cycle results
[2026-05-01T11:36:03Z] [SECTION] ============================================================
[2026-05-01T11:36:03Z] [INFO] 🔮 PHASE: HIDDEN LAYERING DETECTION
[2026-05-01T11:36:03Z] [INFO] 🔗 Hidden layering detection complete. Connections identified: 2
[2026-05-01T11:36:03Z] [SECTION] ============================================================
[2026-05-01T11:36:03Z] [INFO] 🔬 PHASE: DOMAIN CORRELATION ANALYSIS
[2026-05-01T11:36:03Z] [INFO] 📊 Domain correlation matrices created: 2
[2026-05-01T11:36:03Z] [SECTION] ============================================================
[2026-05-01T11:36:03Z] [INFO] 🖼️  PHASE: IMAGE-SEED ANALYSIS
[2026-05-01T11:36:03Z] [INFO] 📂 Image seed analysis bootstrapping from 0 images...
[2026-05-01T11:36:03Z] [SECTION] ============================================================
[2026-05-01T11:36:03Z] [INFO] 📤 PHASE: PUSH COMPONENTS TO TOLARIA
[2026-05-01T11:36:04Z] [INFO] 📦 Components pushed to Tolaria: 5
[2026-05-01T11:36:04Z] [SECTION] ============================================================
[2026-05-01T11:36:04Z] [INFO] 🧩 PHASE: COMPOSER - DOMAIN INTEGRATION SYNTHESIS
[2026-05-01T11:36:25Z] [INFO] 🎨 Domain integrations synthesized: 0
[2026-05-01T11:36:25Z] [SECTION] ============================================================
[2026-05-01T11:36:25Z] [INFO] 🚀 PHASE: ADVANCED OVERNIGHT LOOP
[2026-05-01T11:37:31Z] [INFO] 🔬 Advanced loop completed cycles: 0
[2026-05-01T11:37:31Z] [WARNING] ⚠️  Git commit skipped or failed (git not initialized?): Command '['git', '-C', '/home/avalonas/.hermes/gematria/unified_overnight_research', 'add', '.']' returned non-zero exit status 128.
[2026-05-01T11:37:31Z] [INFO] 
📊 CYCLE #81 SUMMARY
[2026-05-01T11:37:31Z] [INFO] ✅ Successful tasks: 7/7
[2026-05-01T11:37:31Z] [INFO] ⏱️  Cycle duration: 88.48s
[2026-05-01T11:37:31Z] [INFO]    ⚠️ task: result
[2026-05-01T11:37:31Z] [INFO]    ⚠️ task: result
[2026-05-01T11:37:31Z] [INFO]    ⚠️ task: result
[2026-05-01T11:37:31Z] [INFO]    ⚠️ task: result
[2026-05-01T11:37:31Z] [INFO]    ⚠️ task: result
[2026-05-01T11:37:31Z] [INFO]    ⚠️ task: result
[2026-05-01T11:37:31Z] [INFO]    ⚠️ task: result
[2026-05-01T11:37:31Z] [HEADER] ================================================================================
[2026-05-01T11:37:31Z] [INFO] 🔄 OVERNIGHT RESEARCH PIPELINE - CYCLE #82
[2026-05-01T11:37:31Z] [INFO] ================================================================================
[2026-05-01T11:37:31Z] [HEADER] ============================================================
[2026-05-01T11:37:31Z] [INFO] 🌙 STARTING OVERNIGHT RESEARCH CYCLE #82
[2026-05-01T11:37:31Z] [INFO] 🔍 Running overnight research protocol (web scraping + cross-symbol analysis)...
[2026-05-01T11:37:31Z] [INFO] 📊 Cycle duration: 0.15s, Files generated: 0
[2026-05-01T11:37:31Z] [WARNING] ⚠️ Database not initialized for cycle counting
[2026-05-01T11:37:31Z] [INFO] 💾 Database updated with cycle results
[2026-05-01T11:37:31Z] [SECTION] ============================================================
[2026-05-01T11:37:31Z] [INFO] 🔮 PHASE: HIDDEN LAYERING DETECTION
[2026-05-01T11:37:31Z] [INFO] 🔗 Hidden layering detection complete. Connections identified: 2
[2026-05-01T11:37:31Z] [SECTION] ============================================================
[2026-05-01T11:37:31Z] [INFO] 🔬 PHASE: DOMAIN CORRELATION ANALYSIS
[2026-05-01T11:37:31Z] [INFO] 📊 Domain correlation matrices created: 2
[2026-05-01T11:37:31Z] [SECTION] ============================================================
[2026-05-01T11:37:31Z] [INFO] 🖼️  PHASE: IMAGE-SEED ANALYSIS
[2026-05-01T11:37:31Z] [INFO] 📂 Image seed analysis bootstrapping from 0 images...
[2026-05-01T11:37:31Z] [SECTION] ============================================================
[2026-05-01T11:37:31Z] [INFO] 📤 PHASE: PUSH COMPONENTS TO TOLARIA
[2026-05-01T11:37:35Z] [INFO] 📦 Components pushed to Tolaria: 5
[2026-05-01T11:37:35Z] [SECTION] ============================================================
[2026-05-01T11:37:35Z] [INFO] 🧩 PHASE: COMPOSER - DOMAIN INTEGRATION SYNTHESIS
[2026-05-01T11:37:53Z] [INFO] 🎨 Domain integrations synthesized: 0
[2026-05-01T11:37:53Z] [SECTION] ============================================================
[2026-05-01T11:37:53Z] [INFO] 🚀 PHASE: ADVANCED OVERNIGHT LOOP
[2026-05-01T11:39:00Z] [INFO] 🔬 Advanced loop completed cycles: 0
[2026-05-01T11:39:00Z] [WARNING] ⚠️  Git commit skipped or failed (git not initialized?): Command '['git', '-C', '/home/avalonas/.hermes/gematria/unified_overnight_research', 'add', '.']' returned non-zero exit status 128.
[2026-05-01T11:39:00Z] [INFO] 
📊 CYCLE #82 SUMMARY
[2026-05-01T11:39:00Z] [INFO] ✅ Successful tasks: 7/7
[2026-05-01T11:39:00Z] [INFO] ⏱️  Cycle duration: 88.50s
[2026-05-01T11:39:00Z] [INFO]    ⚠️ task: result
[2026-05-01T11:39:00Z] [INFO]    ⚠️ task: result
[2026-05-01T11:39:00Z] [INFO]    ⚠️ task: result
[2026-05-01T11:39:00Z] [INFO]    ⚠️ task: result
[2026-05-01T11:39:00Z] [INFO]    ⚠️ task: result
[2026-05-01T11:39:00Z] [INFO]    ⚠️ task: result
[2026-05-01T11:39:00Z] [INFO]    ⚠️ task: result
[2026-05-01T11:39:00Z] [HEADER] ================================================================================
[2026-05-01T11:39:00Z] [INFO] 🔄 OVERNIGHT RESEARCH PIPELINE - CYCLE #83
[2026-05-01T11:39:00Z] [INFO] ================================================================================
[2026-05-01T11:39:00Z] [HEADER] ============================================================
[2026-05-01T11:39:00Z] [INFO] 🌙 STARTING OVERNIGHT RESEARCH CYCLE #83
[2026-05-01T11:39:00Z] [INFO] 🔍 Running overnight research protocol (web scraping + cross-symbol analysis)...
[2026-05-01T11:39:00Z] [INFO] 📊 Cycle duration: 0.19s, Files generated: 1
[2026-05-01T11:39:00Z] [WARNING] ⚠️ Database not initialized for cycle counting
[2026-05-01T11:39:00Z] [INFO] 💾 Database updated with cycle results
[2026-05-01T11:39:00Z] [SECTION] ============================================================
[2026-05-01T11:39:00Z] [INFO] 🔮 PHASE: HIDDEN LAYERING DETECTION
[2026-05-01T11:39:00Z] [INFO] 🔗 Hidden layering detection complete. Connections identified: 2
[2026-05-01T11:39:00Z] [SECTION] ============================================================
[2026-05-01T11:39:00Z] [INFO] 🔬 PHASE: DOMAIN CORRELATION ANALYSIS
[2026-05-01T11:39:00Z] [INFO] 📊 Domain correlation matrices created: 2
[2026-05-01T11:39:00Z] [SECTION] ============================================================
[2026-05-01T11:39:00Z] [INFO] 🖼️  PHASE: IMAGE-SEED ANALYSIS
[2026-05-01T11:39:00Z] [INFO] 📂 Image seed analysis bootstrapping from 0 images...
[2026-05-01T11:39:00Z] [SECTION] ============================================================
[2026-05-01T11:39:00Z] [INFO] 📤 PHASE: PUSH COMPONENTS TO TOLARIA
[2026-05-01T11:39:01Z] [INFO] 📦 Components pushed to Tolaria: 5
[2026-05-01T11:39:01Z] [SECTION] ============================================================
[2026-05-01T11:39:01Z] [INFO] 🧩 PHASE: COMPOSER - DOMAIN INTEGRATION SYNTHESIS
[2026-05-01T11:39:22Z] [INFO] 🎨 Domain integrations synthesized: 0
[2026-05-01T11:39:22Z] [SECTION] ============================================================
[2026-05-01T11:39:22Z] [INFO] 🚀 PHASE: ADVANCED OVERNIGHT LOOP
[2026-05-01T11:40:28Z] [INFO] 🔬 Advanced loop completed cycles: 0
[2026-05-01T11:40:28Z] [WARNING] ⚠️  Git commit skipped or failed (git not initialized?): Command '['git', '-C', '/home/avalonas/.hermes/gematria/unified_overnight_research', 'add', '.']' returned non-zero exit status 128.
[2026-05-01T11:40:28Z] [INFO] 
📊 CYCLE #83 SUMMARY
[2026-05-01T11:40:28Z] [INFO] ✅ Successful tasks: 7/7
[2026-05-01T11:40:28Z] [INFO] ⏱️  Cycle duration: 88.74s
[2026-05-01T11:40:28Z] [INFO]    ⚠️ task: result
[2026-05-01T11:40:28Z] [INFO]    ⚠️ task: result
[2026-05-01T11:40:28Z] [INFO]    ⚠️ task: result
[2026-05-01T11:40:28Z] [INFO]    ⚠️ task: result
[2026-05-01T11:40:28Z] [INFO]    ⚠️ task: result
[2026-05-01T11:40:28Z] [INFO]    ⚠️ task: result
[2026-05-01T11:40:28Z] [INFO]    ⚠️ task: result
[2026-05-01T11:40:28Z] [HEADER] ================================================================================
[2026-05-01T11:40:28Z] [INFO] 🔄 OVERNIGHT RESEARCH PIPELINE - CYCLE #84
[2026-05-01T11:40:28Z] [INFO] ================================================================================
[2026-05-01T11:40:28Z] [HEADER] ============================================================
[2026-05-01T11:40:28Z] [INFO] 🌙 STARTING OVERNIGHT RESEARCH CYCLE #84
[2026-05-01T11:40:28Z] [INFO] 🔍 Running overnight research protocol (web scraping + cross-symbol analysis)...
[2026-05-01T11:40:29Z] [INFO] 📊 Cycle duration: 0.15s, Files generated: 1
[2026-05-01T11:40:29Z] [WARNING] ⚠️ Database not initialized for cycle counting
[2026-05-01T11:40:29Z] [INFO] 💾 Database updated with cycle results
[2026-05-01T11:40:29Z] [SECTION] ============================================================
[2026-05-01T11:40:29Z] [INFO] 🔮 PHASE: HIDDEN LAYERING DETECTION
[2026-05-01T11:40:29Z] [INFO] 🔗 Hidden layering detection complete. Connections identified: 2
[2026-05-01T11:40:29Z] [SECTION] ============================================================
[2026-05-01T11:40:29Z] [INFO] 🔬 PHASE: DOMAIN CORRELATION ANALYSIS
[2026-05-01T11:40:29Z] [INFO] 📊 Domain correlation matrices created: 2
[2026-05-01T11:40:29Z] [SECTION] ============================================================
[2026-05-01T11:40:29Z] [INFO] 🖼️  PHASE: IMAGE-SEED ANALYSIS
[2026-05-01T11:40:29Z] [INFO] 📂 Image seed analysis bootstrapping from 0 images...
[2026-05-01T11:40:29Z] [SECTION] ============================================================
[2026-05-01T11:40:29Z] [INFO] 📤 PHASE: PUSH COMPONENTS TO TOLARIA
[2026-05-01T11:40:30Z] [INFO] 📦 Components pushed to Tolaria: 5
[2026-05-01T11:40:30Z] [SECTION] ============================================================
[2026-05-01T11:40:30Z] [INFO] 🧩 PHASE: COMPOSER - DOMAIN INTEGRATION SYNTHESIS
[2026-05-01T11:40:51Z] [INFO] 🎨 Domain integrations synthesized: 0
[2026-05-01T11:40:51Z] [SECTION] ============================================================
[2026-05-01T11:40:51Z] [INFO] 🚀 PHASE: ADVANCED OVERNIGHT LOOP
[2026-05-01T11:41:57Z] [INFO] 🔬 Advanced loop completed cycles: 0
[2026-05-01T11:41:57Z] [WARNING] ⚠️  Git commit skipped or failed (git not initialized?): Command '['git', '-C', '/home/avalonas/.hermes/gematria/unified_overnight_research', 'add', '.']' returned non-zero exit status 128.
[2026-05-01T11:41:57Z] [INFO] 
📊 CYCLE #84 SUMMARY
[2026-05-01T11:41:57Z] [INFO] ✅ Successful tasks: 7/7
[2026-05-01T11:41:57Z] [INFO] ⏱️  Cycle duration: 88.50s
[2026-05-01T11:41:57Z] [INFO]    ⚠️ task: result
[2026-05-01T11:41:57Z] [INFO]    ⚠️ task: result
[2026-05-01T11:41:57Z] [INFO]    ⚠️ task: result
[2026-05-01T11:41:57Z] [INFO]    ⚠️ task: result
[2026-05-01T11:41:57Z] [INFO]    ⚠️ task: result
[2026-05-01T11:41:57Z] [INFO]    ⚠️ task: result
[2026-05-01T11:41:57Z] [INFO]    ⚠️ task: result
[2026-05-01T11:41:57Z] [HEADER] ================================================================================
[2026-05-01T11:41:57Z] [INFO] 🔄 OVERNIGHT RESEARCH PIPELINE - CYCLE #85
[2026-05-01T11:41:57Z] [INFO] ================================================================================
[2026-05-01T11:41:57Z] [HEADER] ============================================================
[2026-05-01T11:41:57Z] [INFO] 🌙 STARTING OVERNIGHT RESEARCH CYCLE #85
[2026-05-01T11:41:57Z] [INFO] 🔍 Running overnight research protocol (web scraping + cross-symbol analysis)...
[2026-05-01T11:41:57Z] [INFO] 📊 Cycle duration: 0.17s, Files generated: 1
[2026-05-01T11:41:57Z] [WARNING] ⚠️ Database not initialized for cycle counting
[2026-05-01T11:41:57Z] [INFO] 💾 Database updated with cycle results
[2026-05-01T11:41:57Z] [SECTION] ============================================================
[2026-05-01T11:41:57Z] [INFO] 🔮 PHASE: HIDDEN LAYERING DETECTION
[2026-05-01T11:41:57Z] [INFO] 🔗 Hidden layering detection complete. Connections identified: 2
[2026-05-01T11:41:57Z] [SECTION] ============================================================
[2026-05-01T11:41:57Z] [INFO] 🔬 PHASE: DOMAIN CORRELATION ANALYSIS
[2026-05-01T11:41:57Z] [INFO] 📊 Domain correlation matrices created: 2
[2026-05-01T11:41:57Z] [SECTION] ============================================================
[2026-05-01T11:41:57Z] [INFO] 🖼️  PHASE: IMAGE-SEED ANALYSIS
[2026-05-01T11:41:57Z] [INFO] 📂 Image seed analysis bootstrapping from 0 images...
[2026-05-01T11:41:57Z] [SECTION] ============================================================
[2026-05-01T11:41:57Z] [INFO] 📤 PHASE: PUSH COMPONENTS TO TOLARIA
[2026-05-01T11:41:58Z] [INFO] 📦 Components pushed to Tolaria: 5
[2026-05-01T11:41:58Z] [SECTION] ============================================================
[2026-05-01T11:41:58Z] [INFO] 🧩 PHASE: COMPOSER - DOMAIN INTEGRATION SYNTHESIS
[2026-05-01T11:42:20Z] [INFO] 🎨 Domain integrations synthesized: 0
[2026-05-01T11:42:20Z] [SECTION] ============================================================
[2026-05-01T11:42:20Z] [INFO] 🚀 PHASE: ADVANCED OVERNIGHT LOOP
[2026-05-01T11:43:25Z] [INFO] 🔬 Advanced loop completed cycles: 0
[2026-05-01T11:43:25Z] [WARNING] ⚠️  Git commit skipped or failed (git not initialized?): Command '['git', '-C', '/home/avalonas/.hermes/gematria/unified_overnight_research', 'add', '.']' returned non-zero exit status 128.
[2026-05-01T11:43:25Z] [INFO] 
📊 CYCLE #85 SUMMARY
[2026-05-01T11:43:25Z] [INFO] ✅ Successful tasks: 7/7
[2026-05-01T11:43:25Z] [INFO] ⏱️  Cycle duration: 88.51s
[2026-05-01T11:43:25Z] [INFO]    ⚠️ task: result
[2026-05-01T11:43:25Z] [INFO]    ⚠️ task: result
[2026-05-01T11:43:25Z] [INFO]    ⚠️ task: result
[2026-05-01T11:43:25Z] [INFO]    ⚠️ task: result
[2026-05-01T11:43:25Z] [INFO]    ⚠️ task: result
[2026-05-01T11:43:25Z] [INFO]    ⚠️ task: result
[2026-05-01T11:43:25Z] [INFO]    ⚠️ task: result
[2026-05-01T11:43:25Z] [HEADER] ================================================================================
[2026-05-01T11:43:25Z] [INFO] 🔄 OVERNIGHT RESEARCH PIPELINE - CYCLE #86
[2026-05-01T11:43:25Z] [INFO] ================================================================================
[2026-05-01T11:43:25Z] [HEADER] ============================================================
[2026-05-01T11:43:25Z] [INFO] 🌙 STARTING OVERNIGHT RESEARCH CYCLE #86
[2026-05-01T11:43:25Z] [INFO] 🔍 Running overnight research protocol (web scraping + cross-symbol analysis)...
[2026-05-01T11:43:26Z] [INFO] 📊 Cycle duration: 0.18s, Files generated: 1
[2026-05-01T11:43:26Z] [WARNING] ⚠️ Database not initialized for cycle counting
[2026-05-01T11:43:26Z] [INFO] 💾 Database updated with cycle results
[2026-05-01T11:43:26Z] [SECTION] ============================================================
[2026-05-01T11:43:26Z] [INFO] 🔮 PHASE: HIDDEN LAYERING DETECTION
[2026-05-01T11:43:26Z] [INFO] 🔗 Hidden layering detection complete. Connections identified: 2
[2026-05-01T11:43:26Z] [SECTION] ============================================================
[2026-05-01T11:43:26Z] [INFO] 🔬 PHASE: DOMAIN CORRELATION ANALYSIS
[2026-05-01T11:43:26Z] [INFO] 📊 Domain correlation matrices created: 2
[2026-05-01T11:43:26Z] [SECTION] ============================================================
[2026-05-01T11:43:26Z] [INFO] 🖼️  PHASE: IMAGE-SEED ANALYSIS
[2026-05-01T11:43:26Z] [INFO] 📂 Image seed analysis bootstrapping from 0 images...
[2026-05-01T11:43:26Z] [SECTION] ============================================================
[2026-05-01T11:43:26Z] [INFO] 📤 PHASE: PUSH COMPONENTS TO TOLARIA
[2026-05-01T11:43:26Z] [INFO] 📦 Components pushed to Tolaria: 5
[2026-05-01T11:43:26Z] [SECTION] ============================================================
[2026-05-01T11:43:26Z] [INFO] 🧩 PHASE: COMPOSER - DOMAIN INTEGRATION SYNTHESIS
[2026-05-01T11:43:48Z] [INFO] 🎨 Domain integrations synthesized: 0
[2026-05-01T11:43:48Z] [SECTION] ============================================================
[2026-05-01T11:43:48Z] [INFO] 🚀 PHASE: ADVANCED OVERNIGHT LOOP
[2026-05-01T11:44:54Z] [INFO] 🔬 Advanced loop completed cycles: 0
[2026-05-01T11:44:54Z] [WARNING] ⚠️  Git commit skipped or failed (git not initialized?): Command '['git', '-C', '/home/avalonas/.hermes/gematria/unified_overnight_research', 'add', '.']' returned non-zero exit status 128.
[2026-05-01T11:44:54Z] [INFO] 
📊 CYCLE #86 SUMMARY
[2026-05-01T11:44:54Z] [INFO] ✅ Successful tasks: 7/7
[2026-05-01T11:44:54Z] [INFO] ⏱️  Cycle duration: 89.00s
[2026-05-01T11:44:54Z] [INFO]    ⚠️ task: result
[2026-05-01T11:44:54Z] [INFO]    ⚠️ task: result
[2026-05-01T11:44:54Z] [INFO]    ⚠️ task: result
[2026-05-01T11:44:54Z] [INFO]    ⚠️ task: result
[2026-05-01T11:44:54Z] [INFO]    ⚠️ task: result
[2026-05-01T11:44:54Z] [INFO]    ⚠️ task: result
[2026-05-01T11:44:54Z] [INFO]    ⚠️ task: result
[2026-05-01T11:44:54Z] [HEADER] ================================================================================
[2026-05-01T11:44:54Z] [INFO] 🔄 OVERNIGHT RESEARCH PIPELINE - CYCLE #87
[2026-05-01T11:44:54Z] [INFO] ================================================================================
[2026-05-01T11:44:54Z] [HEADER] ============================================================
[2026-05-01T11:44:54Z] [INFO] 🌙 STARTING OVERNIGHT RESEARCH CYCLE #87
[2026-05-01T11:44:54Z] [INFO] 🔍 Running overnight research protocol (web scraping + cross-symbol analysis)...
[2026-05-01T11:44:55Z] [INFO] 📊 Cycle duration: 0.15s, Files generated: 0
[2026-05-01T11:44:55Z] [WARNING] ⚠️ Database not initialized for cycle counting
[2026-05-01T11:44:55Z] [INFO] 💾 Database updated with cycle results
[2026-05-01T11:44:55Z] [SECTION] ============================================================
[2026-05-01T11:44:55Z] [INFO] 🔮 PHASE: HIDDEN LAYERING DETECTION
[2026-05-01T11:44:55Z] [INFO] 🔗 Hidden layering detection complete. Connections identified: 2
[2026-05-01T11:44:55Z] [SECTION] ============================================================
[2026-05-01T11:44:55Z] [INFO] 🔬 PHASE: DOMAIN CORRELATION ANALYSIS
[2026-05-01T11:44:55Z] [INFO] 📊 Domain correlation matrices created: 2
[2026-05-01T11:44:55Z] [SECTION] ============================================================
[2026-05-01T11:44:55Z] [INFO] 🖼️  PHASE: IMAGE-SEED ANALYSIS
[2026-05-01T11:44:55Z] [INFO] 📂 Image seed analysis bootstrapping from 0 images...
[2026-05-01T11:44:55Z] [SECTION] ============================================================
[2026-05-01T11:44:55Z] [INFO] 📤 PHASE: PUSH COMPONENTS TO TOLARIA
[2026-05-01T11:44:55Z] [INFO] 📦 Components pushed to Tolaria: 5
[2026-05-01T11:44:55Z] [SECTION] ============================================================
[2026-05-01T11:44:55Z] [INFO] 🧩 PHASE: COMPOSER - DOMAIN INTEGRATION SYNTHESIS
[2026-05-01T11:45:17Z] [INFO] 🎨 Domain integrations synthesized: 0
[2026-05-01T11:45:17Z] [SECTION] ============================================================
[2026-05-01T11:45:17Z] [INFO] 🚀 PHASE: ADVANCED OVERNIGHT LOOP
[2026-05-01T11:46:24Z] [INFO] 🔬 Advanced loop completed cycles: 0
[2026-05-01T11:46:24Z] [WARNING] ⚠️  Git commit skipped or failed (git not initialized?): Command '['git', '-C', '/home/avalonas/.hermes/gematria/unified_overnight_research', 'add', '.']' returned non-zero exit status 128.
[2026-05-01T11:46:24Z] [INFO] 
📊 CYCLE #87 SUMMARY
[2026-05-01T11:46:24Z] [INFO] ✅ Successful tasks: 7/7
[2026-05-01T11:46:24Z] [INFO] ⏱️  Cycle duration: 89.75s
[2026-05-01T11:46:24Z] [INFO]    ⚠️ task: result
[2026-05-01T11:46:24Z] [INFO]    ⚠️ task: result
[2026-05-01T11:46:24Z] [INFO]    ⚠️ task: result
[2026-05-01T11:46:24Z] [INFO]    ⚠️ task: result
[2026-05-01T11:46:24Z] [INFO]    ⚠️ task: result
[2026-05-01T11:46:24Z] [INFO]    ⚠️ task: result
[2026-05-01T11:46:24Z] [INFO]    ⚠️ task: result
[2026-05-01T11:46:24Z] [HEADER] ================================================================================
[2026-05-01T11:46:24Z] [INFO] 🔄 OVERNIGHT RESEARCH PIPELINE - CYCLE #88
[2026-05-01T11:46:24Z] [INFO] ================================================================================
[2026-05-01T11:46:24Z] [HEADER] ============================================================
[2026-05-01T11:46:24Z] [INFO] 🌙 STARTING OVERNIGHT RESEARCH CYCLE #88
[2026-05-01T11:46:24Z] [INFO] 🔍 Running overnight research protocol (web scraping + cross-symbol analysis)...
[2026-05-01T11:46:24Z] [INFO] 📊 Cycle duration: 0.17s, Files generated: 0
[2026-05-01T11:46:24Z] [WARNING] ⚠️ Database not initialized for cycle counting
[2026-05-01T11:46:24Z] [INFO] 💾 Database updated with cycle results
[2026-05-01T11:46:24Z] [SECTION] ============================================================
[2026-05-01T11:46:24Z] [INFO] 🔮 PHASE: HIDDEN LAYERING DETECTION
[2026-05-01T11:46:24Z] [INFO] 🔗 Hidden layering detection complete. Connections identified: 2
[2026-05-01T11:46:24Z] [SECTION] ============================================================
[2026-05-01T11:46:24Z] [INFO] 🔬 PHASE: DOMAIN CORRELATION ANALYSIS
[2026-05-01T11:46:24Z] [INFO] 📊 Domain correlation matrices created: 2
[2026-05-01T11:46:24Z] [SECTION] ============================================================
[2026-05-01T11:46:24Z] [INFO] 🖼️  PHASE: IMAGE-SEED ANALYSIS
[2026-05-01T11:46:24Z] [INFO] 📂 Image seed analysis bootstrapping from 0 images...
[2026-05-01T11:46:24Z] [SECTION] ============================================================
[2026-05-01T11:46:24Z] [INFO] 📤 PHASE: PUSH COMPONENTS TO TOLARIA
[2026-05-01T11:46:25Z] [INFO] 📦 Components pushed to Tolaria: 5
[2026-05-01T11:46:25Z] [SECTION] ============================================================
[2026-05-01T11:46:25Z] [INFO] 🧩 PHASE: COMPOSER - DOMAIN INTEGRATION SYNTHESIS
[2026-05-01T11:46:46Z] [INFO] 🎨 Domain integrations synthesized: 0
[2026-05-01T11:46:46Z] [SECTION] ============================================================
[2026-05-01T11:46:46Z] [INFO] 🚀 PHASE: ADVANCED OVERNIGHT LOOP
[2026-05-01T11:47:53Z] [INFO] 🔬 Advanced loop completed cycles: 0
[2026-05-01T11:47:53Z] [WARNING] ⚠️  Git commit skipped or failed (git not initialized?): Command '['git', '-C', '/home/avalonas/.hermes/gematria/unified_overnight_research', 'add', '.']' returned non-zero exit status 128.
[2026-05-01T11:47:53Z] [INFO] 
📊 CYCLE #88 SUMMARY
[2026-05-01T11:47:53Z] [INFO] ✅ Successful tasks: 7/7
[2026-05-01T11:47:53Z] [INFO] ⏱️  Cycle duration: 89.00s
[2026-05-01T11:47:53Z] [INFO]    ⚠️ task: result
[2026-05-01T11:47:53Z] [INFO]    ⚠️ task: result
[2026-05-01T11:47:53Z] [INFO]    ⚠️ task: result
[2026-05-01T11:47:53Z] [INFO]    ⚠️ task: result
[2026-05-01T11:47:53Z] [INFO]    ⚠️ task: result
[2026-05-01T11:47:53Z] [INFO]    ⚠️ task: result
[2026-05-01T11:47:53Z] [INFO]    ⚠️ task: result
[2026-05-01T11:47:53Z] [HEADER] ================================================================================
[2026-05-01T11:47:53Z] [INFO] 🔄 OVERNIGHT RESEARCH PIPELINE - CYCLE #89
[2026-05-01T11:47:53Z] [INFO] ================================================================================
[2026-05-01T11:47:53Z] [HEADER] ============================================================
[2026-05-01T11:47:53Z] [INFO] 🌙 STARTING OVERNIGHT RESEARCH CYCLE #89
[2026-05-01T11:47:53Z] [INFO] 🔍 Running overnight research protocol (web scraping + cross-symbol analysis)...
[2026-05-01T11:47:53Z] [INFO] 📊 Cycle duration: 0.15s, Files generated: 0
[2026-05-01T11:47:53Z] [WARNING] ⚠️ Database not initialized for cycle counting
[2026-05-01T11:47:53Z] [INFO] 💾 Database updated with cycle results
[2026-05-01T11:47:53Z] [SECTION] ============================================================
[2026-05-01T11:47:53Z] [INFO] 🔮 PHASE: HIDDEN LAYERING DETECTION
[2026-05-01T11:47:53Z] [INFO] 🔗 Hidden layering detection complete. Connections identified: 2
[2026-05-01T11:47:53Z] [SECTION] ============================================================
[2026-05-01T11:47:53Z] [INFO] 🔬 PHASE: DOMAIN CORRELATION ANALYSIS
[2026-05-01T11:47:53Z] [INFO] 📊 Domain correlation matrices created: 2
[2026-05-01T11:47:53Z] [SECTION] ============================================================
[2026-05-01T11:47:53Z] [INFO] 🖼️  PHASE: IMAGE-SEED ANALYSIS
[2026-05-01T11:47:53Z] [INFO] 📂 Image seed analysis bootstrapping from 0 images...
[2026-05-01T11:47:53Z] [SECTION] ============================================================
[2026-05-01T11:47:53Z] [INFO] 📤 PHASE: PUSH COMPONENTS TO TOLARIA
[2026-05-01T11:47:54Z] [INFO] 📦 Components pushed to Tolaria: 5
[2026-05-01T11:47:54Z] [SECTION] ============================================================
[2026-05-01T11:47:54Z] [INFO] 🧩 PHASE: COMPOSER - DOMAIN INTEGRATION SYNTHESIS
[2026-05-01T11:48:16Z] [INFO] 🎨 Domain integrations synthesized: 0
[2026-05-01T11:48:16Z] [SECTION] ============================================================
[2026-05-01T11:48:16Z] [INFO] 🚀 PHASE: ADVANCED OVERNIGHT LOOP
[2026-05-01T11:49:24Z] [INFO] 🔬 Advanced loop completed cycles: 0
[2026-05-01T11:49:24Z] [WARNING] ⚠️  Git commit skipped or failed (git not initialized?): Command '['git', '-C', '/home/avalonas/.hermes/gematria/unified_overnight_research', 'add', '.']' returned non-zero exit status 128.
[2026-05-01T11:49:24Z] [INFO] 
📊 CYCLE #89 SUMMARY
[2026-05-01T11:49:24Z] [INFO] ✅ Successful tasks: 7/7
[2026-05-01T11:49:24Z] [INFO] ⏱️  Cycle duration: 91.25s
[2026-05-01T11:49:24Z] [INFO]    ⚠️ task: result
[2026-05-01T11:49:24Z] [INFO]    ⚠️ task: result
[2026-05-01T11:49:24Z] [INFO]    ⚠️ task: result
[2026-05-01T11:49:24Z] [INFO]    ⚠️ task: result
[2026-05-01T11:49:24Z] [INFO]    ⚠️ task: result
[2026-05-01T11:49:24Z] [INFO]    ⚠️ task: result
[2026-05-01T11:49:24Z] [INFO]    ⚠️ task: result
[2026-05-01T11:49:24Z] [HEADER] ================================================================================
[2026-05-01T11:49:24Z] [INFO] 🔄 OVERNIGHT RESEARCH PIPELINE - CYCLE #90
[2026-05-01T11:49:24Z] [INFO] ================================================================================
[2026-05-01T11:49:24Z] [HEADER] ============================================================
[2026-05-01T11:49:24Z] [INFO] 🌙 STARTING OVERNIGHT RESEARCH CYCLE #90
[2026-05-01T11:49:24Z] [INFO] 🔍 Running overnight research protocol (web scraping + cross-symbol analysis)...
[2026-05-01T11:49:25Z] [INFO] 📊 Cycle duration: 0.23s, Files generated: 1
[2026-05-01T11:49:25Z] [WARNING] ⚠️ Database not initialized for cycle counting
[2026-05-01T11:49:25Z] [INFO] 💾 Database updated with cycle results
[2026-05-01T11:49:25Z] [SECTION] ============================================================
[2026-05-01T11:49:25Z] [INFO] 🔮 PHASE: HIDDEN LAYERING DETECTION
[2026-05-01T11:49:25Z] [INFO] 🔗 Hidden layering detection complete. Connections identified: 2
[2026-05-01T11:49:25Z] [SECTION] ============================================================
[2026-05-01T11:49:25Z] [INFO] 🔬 PHASE: DOMAIN CORRELATION ANALYSIS
[2026-05-01T11:49:25Z] [INFO] 📊 Domain correlation matrices created: 2
[2026-05-01T11:49:25Z] [SECTION] ============================================================
[2026-05-01T11:49:25Z] [INFO] 🖼️  PHASE: IMAGE-SEED ANALYSIS
[2026-05-01T11:49:25Z] [INFO] 📂 Image seed analysis bootstrapping from 0 images...
[2026-05-01T11:49:25Z] [SECTION] ============================================================
[2026-05-01T11:49:25Z] [INFO] 📤 PHASE: PUSH COMPONENTS TO TOLARIA
[2026-05-01T11:49:26Z] [INFO] 📦 Components pushed to Tolaria: 5
[2026-05-01T11:49:26Z] [SECTION] ============================================================
[2026-05-01T11:49:26Z] [INFO] 🧩 PHASE: COMPOSER - DOMAIN INTEGRATION SYNTHESIS
[2026-05-01T11:49:47Z] [INFO] 🎨 Domain integrations synthesized: 0
[2026-05-01T11:49:47Z] [SECTION] ============================================================
[2026-05-01T11:49:47Z] [INFO] 🚀 PHASE: ADVANCED OVERNIGHT LOOP
[2026-05-01T11:49:47Z] [INFO] 🔬 Advanced loop completed cycles: 0
[2026-05-01T11:49:47Z] [WARNING] ⚠️  Git commit skipped or failed (git not initialized?): Command '['git', '-C', '/home/avalonas/.hermes/gematria/unified_overnight_research', 'commit', '-m', '[2026-05-01T11:49:47Z] Cycle 89: Cycle 90: Web research + hidden layering detection']' returned non-zero exit status 1.
[2026-05-01T11:49:47Z] [INFO] 
📊 CYCLE #90 SUMMARY
[2026-05-01T11:49:47Z] [INFO] ✅ Successful tasks: 7/7
[2026-05-01T11:49:47Z] [INFO] ⏱️  Cycle duration: 22.48s
[2026-05-01T11:49:47Z] [INFO]    ⚠️ task: result
[2026-05-01T11:49:47Z] [INFO]    ⚠️ task: result
[2026-05-01T11:49:47Z] [INFO]    ⚠️ task: result
[2026-05-01T11:49:47Z] [INFO]    ⚠️ task: result
[2026-05-01T11:49:47Z] [INFO]    ⚠️ task: result
[2026-05-01T11:49:47Z] [INFO]    ⚠️ task: result
[2026-05-01T11:49:47Z] [INFO]    ⚠️ task: result
[2026-05-01T11:49:47Z] [HEADER] ================================================================================
[2026-05-01T11:49:47Z] [INFO] 🔄 OVERNIGHT RESEARCH PIPELINE - CYCLE #91
[2026-05-01T11:49:47Z] [INFO] ================================================================================
[2026-05-01T11:49:47Z] [HEADER] ============================================================
[2026-05-01T11:49:47Z] [INFO] 🌙 STARTING OVERNIGHT RESEARCH CYCLE #91
[2026-05-01T11:49:47Z] [INFO] 🔍 Running overnight research protocol (web scraping + cross-symbol analysis)...
[2026-05-01T11:49:47Z] [INFO] 📊 Cycle duration: 0.27s, Files generated: 0
[2026-05-01T11:49:47Z] [WARNING] ⚠️ Database not initialized for cycle counting
[2026-05-01T11:49:47Z] [INFO] 💾 Database updated with cycle results
[2026-05-01T11:49:47Z] [SECTION] ============================================================
[2026-05-01T11:49:47Z] [INFO] 🔮 PHASE: HIDDEN LAYERING DETECTION
[2026-05-01T11:49:47Z] [INFO] 🔗 Hidden layering detection complete. Connections identified: 2
[2026-05-01T11:49:47Z] [SECTION] ============================================================
[2026-05-01T11:49:47Z] [INFO] 🔬 PHASE: DOMAIN CORRELATION ANALYSIS
[2026-05-01T11:49:47Z] [INFO] 📊 Domain correlation matrices created: 2
[2026-05-01T11:49:47Z] [SECTION] ============================================================
[2026-05-01T11:49:47Z] [INFO] 🖼️  PHASE: IMAGE-SEED ANALYSIS
[2026-05-01T11:49:47Z] [INFO] 📂 Image seed analysis bootstrapping from 0 images...
[2026-05-01T11:49:47Z] [SECTION] ============================================================
[2026-05-01T11:49:47Z] [INFO] 📤 PHASE: PUSH COMPONENTS TO TOLARIA
[2026-05-01T11:49:48Z] [INFO] 📦 Components pushed to Tolaria: 5
[2026-05-01T11:49:48Z] [SECTION] ============================================================
[2026-05-01T11:49:48Z] [INFO] 🧩 PHASE: COMPOSER - DOMAIN INTEGRATION SYNTHESIS
[2026-05-01T11:50:10Z] [INFO] 🎨 Domain integrations synthesized: 0
[2026-05-01T11:50:10Z] [SECTION] ============================================================
[2026-05-01T11:50:10Z] [INFO] 🚀 PHASE: ADVANCED OVERNIGHT LOOP
[2026-05-01T11:50:11Z] [INFO] 🔬 Advanced loop completed cycles: 0
[2026-05-01T11:50:11Z] [WARNING] ⚠️  Git commit skipped or failed (git not initialized?): Command '['git', '-C', '/home/avalonas/.hermes/gematria/unified_overnight_research', 'add', '.']' returned non-zero exit status 128.
[2026-05-01T11:50:11Z] [INFO] 
📊 CYCLE #91 SUMMARY
[2026-05-01T11:50:11Z] [INFO] ✅ Successful tasks: 7/7
[2026-05-01T11:50:11Z] [INFO] ⏱️  Cycle duration: 23.73s
[2026-05-01T11:50:11Z] [INFO]    ⚠️ task: result
[2026-05-01T11:50:11Z] [INFO]    ⚠️ task: result
[2026-05-01T11:50:11Z] [INFO]    ⚠️ task: result
[2026-05-01T11:50:11Z] [INFO]    ⚠️ task: result
[2026-05-01T11:50:11Z] [INFO]    ⚠️ task: result
[2026-05-01T11:50:11Z] [INFO]    ⚠️ task: result
[2026-05-01T11:50:11Z] [INFO]    ⚠️ task: result
[2026-05-01T11:50:11Z] [HEADER] ================================================================================
[2026-05-01T11:50:11Z] [INFO] 🔄 OVERNIGHT RESEARCH PIPELINE - CYCLE #92
[2026-05-01T11:50:11Z] [INFO] ================================================================================
[2026-05-01T11:50:11Z] [HEADER] ============================================================
[2026-05-01T11:50:11Z] [INFO] 🌙 STARTING OVERNIGHT RESEARCH CYCLE #92
[2026-05-01T11:50:11Z] [INFO] 🔍 Running overnight research protocol (web scraping + cross-symbol analysis)...
[2026-05-01T11:50:11Z] [INFO] 📊 Cycle duration: 0.23s, Files generated: 0
[2026-05-01T11:50:11Z] [WARNING] ⚠️ Database not initialized for cycle counting
[2026-05-01T11:50:11Z] [INFO] 💾 Database updated with cycle results
[2026-05-01T11:50:11Z] [SECTION] ============================================================
[2026-05-01T11:50:11Z] [INFO] 🔮 PHASE: HIDDEN LAYERING DETECTION
[2026-05-01T11:50:11Z] [INFO] 🔗 Hidden layering detection complete. Connections identified: 2
[2026-05-01T11:50:11Z] [SECTION] ============================================================
[2026-05-01T11:50:11Z] [INFO] 🔬 PHASE: DOMAIN CORRELATION ANALYSIS
[2026-05-01T11:50:11Z] [INFO] 📊 Domain correlation matrices created: 2
[2026-05-01T11:50:11Z] [SECTION] ============================================================
[2026-05-01T11:50:11Z] [INFO] 🖼️  PHASE: IMAGE-SEED ANALYSIS
[2026-05-01T11:50:11Z] [INFO] 📂 Image seed analysis bootstrapping from 0 images...
[2026-05-01T11:50:11Z] [SECTION] ============================================================
[2026-05-01T11:50:11Z] [INFO] 📤 PHASE: PUSH COMPONENTS TO TOLARIA
[2026-05-01T11:50:12Z] [INFO] 📦 Components pushed to Tolaria: 5
[2026-05-01T11:50:12Z] [SECTION] ============================================================
[2026-05-01T11:50:12Z] [INFO] 🧩 PHASE: COMPOSER - DOMAIN INTEGRATION SYNTHESIS
[2026-05-01T11:50:34Z] [INFO] 🎨 Domain integrations synthesized: 0
[2026-05-01T11:50:34Z] [SECTION] ============================================================
[2026-05-01T11:50:34Z] [INFO] 🚀 PHASE: ADVANCED OVERNIGHT LOOP
[2026-05-01T11:51:40Z] [INFO] 🔬 Advanced loop completed cycles: 0
[2026-05-01T11:51:40Z] [WARNING] ⚠️  Git commit skipped or failed (git not initialized?): Command '['git', '-C', '/home/avalonas/.hermes/gematria/unified_overnight_research', 'add', '.']' returned non-zero exit status 128.
[2026-05-01T11:51:40Z] [INFO] 
📊 CYCLE #92 SUMMARY
[2026-05-01T11:51:40Z] [INFO] ✅ Successful tasks: 7/7
[2026-05-01T11:51:40Z] [INFO] ⏱️  Cycle duration: 89.30s
[2026-05-01T11:51:40Z] [INFO]    ⚠️ task: result
[2026-05-01T11:51:40Z] [INFO]    ⚠️ task: result
[2026-05-01T11:51:40Z] [INFO]    ⚠️ task: result
[2026-05-01T11:51:40Z] [INFO]    ⚠️ task: result
[2026-05-01T11:51:40Z] [INFO]    ⚠️ task: result
[2026-05-01T11:51:40Z] [INFO]    ⚠️ task: result
[2026-05-01T11:51:40Z] [INFO]    ⚠️ task: result
[2026-05-01T11:51:40Z] [HEADER] ================================================================================
[2026-05-01T11:51:40Z] [INFO] 🔄 OVERNIGHT RESEARCH PIPELINE - CYCLE #93
[2026-05-01T11:51:40Z] [INFO] ================================================================================
[2026-05-01T11:51:40Z] [HEADER] ============================================================
[2026-05-01T11:51:40Z] [INFO] 🌙 STARTING OVERNIGHT RESEARCH CYCLE #93
[2026-05-01T11:51:40Z] [INFO] 🔍 Running overnight research protocol (web scraping + cross-symbol analysis)...
[2026-05-01T11:51:40Z] [INFO] 📊 Cycle duration: 0.41s, Files generated: 1
[2026-05-01T11:51:40Z] [WARNING] ⚠️ Database not initialized for cycle counting
[2026-05-01T11:51:40Z] [INFO] 💾 Database updated with cycle results
[2026-05-01T11:51:40Z] [SECTION] ============================================================
[2026-05-01T11:51:40Z] [INFO] 🔮 PHASE: HIDDEN LAYERING DETECTION
[2026-05-01T11:51:40Z] [INFO] 🔗 Hidden layering detection complete. Connections identified: 2
[2026-05-01T11:51:40Z] [SECTION] ============================================================
[2026-05-01T11:51:40Z] [INFO] 🔬 PHASE: DOMAIN CORRELATION ANALYSIS
[2026-05-01T11:51:41Z] [INFO] 📊 Domain correlation matrices created: 2
[2026-05-01T11:51:41Z] [SECTION] ============================================================
[2026-05-01T11:51:41Z] [INFO] 🖼️  PHASE: IMAGE-SEED ANALYSIS
[2026-05-01T11:51:41Z] [INFO] 📂 Image seed analysis bootstrapping from 0 images...
[2026-05-01T11:51:41Z] [SECTION] ============================================================
[2026-05-01T11:51:41Z] [INFO] 📤 PHASE: PUSH COMPONENTS TO TOLARIA
[2026-05-01T11:51:41Z] [INFO] 📦 Components pushed to Tolaria: 5
[2026-05-01T11:51:41Z] [SECTION] ============================================================
[2026-05-01T11:51:41Z] [INFO] 🧩 PHASE: COMPOSER - DOMAIN INTEGRATION SYNTHESIS
[2026-05-01T11:52:04Z] [INFO] 🎨 Domain integrations synthesized: 0
[2026-05-01T11:52:04Z] [SECTION] ============================================================
[2026-05-01T11:52:04Z] [INFO] 🚀 PHASE: ADVANCED OVERNIGHT LOOP
[2026-05-01T11:53:16Z] [INFO] 🔬 Advanced loop completed cycles: 0
[2026-05-01T11:53:16Z] [WARNING] ⚠️  Git commit skipped or failed (git not initialized?): Command '['git', '-C', '/home/avalonas/.hermes/gematria/unified_overnight_research', 'add', '.']' returned non-zero exit status 128.
[2026-05-01T11:53:16Z] [INFO] 
📊 CYCLE #93 SUMMARY
[2026-05-01T11:53:16Z] [INFO] ✅ Successful tasks: 7/7
[2026-05-01T11:53:16Z] [INFO] ⏱️  Cycle duration: 96.48s
[2026-05-01T11:53:16Z] [INFO]    ⚠️ task: result
[2026-05-01T11:53:16Z] [INFO]    ⚠️ task: result
[2026-05-01T11:53:16Z] [INFO]    ⚠️ task: result
[2026-05-01T11:53:16Z] [INFO]    ⚠️ task: result
[2026-05-01T11:53:16Z] [INFO]    ⚠️ task: result
[2026-05-01T11:53:16Z] [INFO]    ⚠️ task: result
[2026-05-01T11:53:16Z] [INFO]    ⚠️ task: result
[2026-05-01T11:53:16Z] [HEADER] ================================================================================
[2026-05-01T11:53:16Z] [INFO] 🔄 OVERNIGHT RESEARCH PIPELINE - CYCLE #94
[2026-05-01T11:53:16Z] [INFO] ================================================================================
[2026-05-01T11:53:16Z] [HEADER] ============================================================
[2026-05-01T11:53:16Z] [INFO] 🌙 STARTING OVERNIGHT RESEARCH CYCLE #94
[2026-05-01T11:53:16Z] [INFO] 🔍 Running overnight research protocol (web scraping + cross-symbol analysis)...
[2026-05-01T11:53:17Z] [INFO] 📊 Cycle duration: 0.23s, Files generated: 0
[2026-05-01T11:53:17Z] [WARNING] ⚠️ Database not initialized for cycle counting
[2026-05-01T11:53:17Z] [INFO] 💾 Database updated with cycle results
[2026-05-01T11:53:17Z] [SECTION] ============================================================
[2026-05-01T11:53:17Z] [INFO] 🔮 PHASE: HIDDEN LAYERING DETECTION
[2026-05-01T11:53:17Z] [INFO] 🔗 Hidden layering detection complete. Connections identified: 2
[2026-05-01T11:53:17Z] [SECTION] ============================================================
[2026-05-01T11:53:17Z] [INFO] 🔬 PHASE: DOMAIN CORRELATION ANALYSIS
[2026-05-01T11:53:17Z] [INFO] 📊 Domain correlation matrices created: 2
[2026-05-01T11:53:17Z] [SECTION] ============================================================
[2026-05-01T11:53:17Z] [INFO] 🖼️  PHASE: IMAGE-SEED ANALYSIS
[2026-05-01T11:53:17Z] [INFO] 📂 Image seed analysis bootstrapping from 0 images...
[2026-05-01T11:53:17Z] [SECTION] ============================================================
[2026-05-01T11:53:17Z] [INFO] 📤 PHASE: PUSH COMPONENTS TO TOLARIA
[2026-05-01T11:53:17Z] [INFO] 📦 Components pushed to Tolaria: 5
[2026-05-01T11:53:17Z] [SECTION] ============================================================
[2026-05-01T11:53:17Z] [INFO] 🧩 PHASE: COMPOSER - DOMAIN INTEGRATION SYNTHESIS
[2026-05-01T11:53:40Z] [INFO] 🎨 Domain integrations synthesized: 0
[2026-05-01T11:53:40Z] [SECTION] ============================================================
[2026-05-01T11:53:40Z] [INFO] 🚀 PHASE: ADVANCED OVERNIGHT LOOP
[2026-05-01T11:54:46Z] [INFO] 🔬 Advanced loop completed cycles: 0
[2026-05-01T11:54:46Z] [WARNING] ⚠️  Git commit skipped or failed (git not initialized?): Command '['git', '-C', '/home/avalonas/.hermes/gematria/unified_overnight_research', 'add', '.']' returned non-zero exit status 128.
[2026-05-01T11:54:46Z] [INFO] 
📊 CYCLE #94 SUMMARY
[2026-05-01T11:54:46Z] [INFO] ✅ Successful tasks: 7/7
[2026-05-01T11:54:46Z] [INFO] ⏱️  Cycle duration: 89.25s
[2026-05-01T11:54:46Z] [INFO]    ⚠️ task: result
[2026-05-01T11:54:46Z] [INFO]    ⚠️ task: result
[2026-05-01T11:54:46Z] [INFO]    ⚠️ task: result
[2026-05-01T11:54:46Z] [INFO]    ⚠️ task: result
[2026-05-01T11:54:46Z] [INFO]    ⚠️ task: result
[2026-05-01T11:54:46Z] [INFO]    ⚠️ task: result
[2026-05-01T11:54:46Z] [INFO]    ⚠️ task: result
[2026-05-01T11:54:46Z] [HEADER] ================================================================================
[2026-05-01T11:54:46Z] [INFO] 🔄 OVERNIGHT RESEARCH PIPELINE - CYCLE #95
[2026-05-01T11:54:46Z] [INFO] ================================================================================
[2026-05-01T11:54:46Z] [HEADER] ============================================================
[2026-05-01T11:54:46Z] [INFO] 🌙 STARTING OVERNIGHT RESEARCH CYCLE #95
[2026-05-01T11:54:46Z] [INFO] 🔍 Running overnight research protocol (web scraping + cross-symbol analysis)...
[2026-05-01T11:54:46Z] [INFO] 📊 Cycle duration: 0.23s, Files generated: 0
[2026-05-01T11:54:46Z] [WARNING] ⚠️ Database not initialized for cycle counting
[2026-05-01T11:54:46Z] [INFO] 💾 Database updated with cycle results
[2026-05-01T11:54:46Z] [SECTION] ============================================================
[2026-05-01T11:54:46Z] [INFO] 🔮 PHASE: HIDDEN LAYERING DETECTION
[2026-05-01T11:54:46Z] [INFO] 🔗 Hidden layering detection complete. Connections identified: 2
[2026-05-01T11:54:46Z] [SECTION] ============================================================
[2026-05-01T11:54:46Z] [INFO] 🔬 PHASE: DOMAIN CORRELATION ANALYSIS
[2026-05-01T11:54:46Z] [INFO] 📊 Domain correlation matrices created: 2
[2026-05-01T11:54:46Z] [SECTION] ============================================================
[2026-05-01T11:54:46Z] [INFO] 🖼️  PHASE: IMAGE-SEED ANALYSIS
[2026-05-01T11:54:46Z] [INFO] 📂 Image seed analysis bootstrapping from 0 images...
[2026-05-01T11:54:46Z] [SECTION] ============================================================
[2026-05-01T11:54:46Z] [INFO] 📤 PHASE: PUSH COMPONENTS TO TOLARIA
[2026-05-01T11:54:47Z] [INFO] 📦 Components pushed to Tolaria: 5
[2026-05-01T11:54:47Z] [SECTION] ============================================================
[2026-05-01T11:54:47Z] [INFO] 🧩 PHASE: COMPOSER - DOMAIN INTEGRATION SYNTHESIS
[2026-05-01T11:55:10Z] [INFO] 🎨 Domain integrations synthesized: 0
[2026-05-01T11:55:10Z] [SECTION] ============================================================
[2026-05-01T11:55:10Z] [INFO] 🚀 PHASE: ADVANCED OVERNIGHT LOOP
[2026-05-01T11:55:10Z] [INFO] 🔬 Advanced loop completed cycles: 0
[2026-05-01T11:55:10Z] [WARNING] ⚠️  Git commit skipped or failed (git not initialized?): Command '['git', '-C', '/home/avalonas/.hermes/gematria/unified_overnight_research', 'add', '.']' returned non-zero exit status 128.
[2026-05-01T11:55:10Z] [INFO] 
📊 CYCLE #95 SUMMARY
[2026-05-01T11:55:10Z] [INFO] ✅ Successful tasks: 7/7
[2026-05-01T11:55:10Z] [INFO] ⏱️  Cycle duration: 24.21s
[2026-05-01T11:55:10Z] [INFO]    ⚠️ task: result
[2026-05-01T11:55:10Z] [INFO]    ⚠️ task: result
[2026-05-01T11:55:10Z] [INFO]    ⚠️ task: result
[2026-05-01T11:55:10Z] [INFO]    ⚠️ task: result
[2026-05-01T11:55:10Z] [INFO]    ⚠️ task: result
[2026-05-01T11:55:10Z] [INFO]    ⚠️ task: result
[2026-05-01T11:55:10Z] [INFO]    ⚠️ task: result
[2026-05-01T11:55:10Z] [HEADER] ================================================================================
[2026-05-01T11:55:10Z] [INFO] 🔄 OVERNIGHT RESEARCH PIPELINE - CYCLE #96
[2026-05-01T11:55:10Z] [INFO] ================================================================================
[2026-05-01T11:55:10Z] [HEADER] ============================================================
[2026-05-01T11:55:10Z] [INFO] 🌙 STARTING OVERNIGHT RESEARCH CYCLE #96
[2026-05-01T11:55:10Z] [INFO] 🔍 Running overnight research protocol (web scraping + cross-symbol analysis)...
[2026-05-01T11:55:10Z] [INFO] 📊 Cycle duration: 0.28s, Files generated: 0
[2026-05-01T11:55:10Z] [WARNING] ⚠️ Database not initialized for cycle counting
[2026-05-01T11:55:10Z] [INFO] 💾 Database updated with cycle results
[2026-05-01T11:55:10Z] [SECTION] ============================================================
[2026-05-01T11:55:10Z] [INFO] 🔮 PHASE: HIDDEN LAYERING DETECTION
[2026-05-01T11:55:10Z] [INFO] 🔗 Hidden layering detection complete. Connections identified: 2
[2026-05-01T11:55:10Z] [SECTION] ============================================================
[2026-05-01T11:55:10Z] [INFO] 🔬 PHASE: DOMAIN CORRELATION ANALYSIS
[2026-05-01T11:55:10Z] [INFO] 📊 Domain correlation matrices created: 2
[2026-05-01T11:55:10Z] [SECTION] ============================================================
[2026-05-01T11:55:10Z] [INFO] 🖼️  PHASE: IMAGE-SEED ANALYSIS
[2026-05-01T11:55:10Z] [INFO] 📂 Image seed analysis bootstrapping from 0 images...
[2026-05-01T11:55:10Z] [SECTION] ============================================================
[2026-05-01T11:55:10Z] [INFO] 📤 PHASE: PUSH COMPONENTS TO TOLARIA
[2026-05-01T11:55:11Z] [INFO] 📦 Components pushed to Tolaria: 5
[2026-05-01T11:55:11Z] [SECTION] ============================================================
[2026-05-01T11:55:11Z] [INFO] 🧩 PHASE: COMPOSER - DOMAIN INTEGRATION SYNTHESIS
[2026-05-01T11:55:34Z] [INFO] 🎨 Domain integrations synthesized: 0
[2026-05-01T11:55:34Z] [SECTION] ============================================================
[2026-05-01T11:55:34Z] [INFO] 🚀 PHASE: ADVANCED OVERNIGHT LOOP
[2026-05-01T11:56:43Z] [INFO] 🔬 Advanced loop completed cycles: 0
[2026-05-01T11:56:43Z] [WARNING] ⚠️  Git commit skipped or failed (git not initialized?): Command '['git', '-C', '/home/avalonas/.hermes/gematria/unified_overnight_research', 'add', '.']' returned non-zero exit status 128.
[2026-05-01T11:56:43Z] [INFO] 
📊 CYCLE #96 SUMMARY
[2026-05-01T11:56:43Z] [INFO] ✅ Successful tasks: 7/7
[2026-05-01T11:56:43Z] [INFO] ⏱️  Cycle duration: 93.30s
[2026-05-01T11:56:43Z] [INFO]    ⚠️ task: result
[2026-05-01T11:56:43Z] [INFO]    ⚠️ task: result
[2026-05-01T11:56:43Z] [INFO]    ⚠️ task: result
[2026-05-01T11:56:43Z] [INFO]    ⚠️ task: result
[2026-05-01T11:56:43Z] [INFO]    ⚠️ task: result
[2026-05-01T11:56:43Z] [INFO]    ⚠️ task: result
[2026-05-01T11:56:43Z] [INFO]    ⚠️ task: result
[2026-05-01T11:56:43Z] [HEADER] ================================================================================
[2026-05-01T11:56:43Z] [INFO] 🔄 OVERNIGHT RESEARCH PIPELINE - CYCLE #97
[2026-05-01T11:56:43Z] [INFO] ================================================================================
[2026-05-01T11:56:43Z] [HEADER] ============================================================
[2026-05-01T11:56:43Z] [INFO] 🌙 STARTING OVERNIGHT RESEARCH CYCLE #97
[2026-05-01T11:56:43Z] [INFO] 🔍 Running overnight research protocol (web scraping + cross-symbol analysis)...
[2026-05-01T11:56:43Z] [INFO] 📊 Cycle duration: 0.36s, Files generated: 0
[2026-05-01T11:56:43Z] [WARNING] ⚠️ Database not initialized for cycle counting
[2026-05-01T11:56:43Z] [INFO] 💾 Database updated with cycle results
[2026-05-01T11:56:43Z] [SECTION] ============================================================
[2026-05-01T11:56:43Z] [INFO] 🔮 PHASE: HIDDEN LAYERING DETECTION
[2026-05-01T11:56:44Z] [INFO] 🔗 Hidden layering detection complete. Connections identified: 2
[2026-05-01T11:56:44Z] [SECTION] ============================================================
[2026-05-01T11:56:44Z] [INFO] 🔬 PHASE: DOMAIN CORRELATION ANALYSIS
[2026-05-01T11:56:44Z] [INFO] 📊 Domain correlation matrices created: 2
[2026-05-01T11:56:44Z] [SECTION] ============================================================
[2026-05-01T11:56:44Z] [INFO] 🖼️  PHASE: IMAGE-SEED ANALYSIS
[2026-05-01T11:56:44Z] [INFO] 📂 Image seed analysis bootstrapping from 0 images...
[2026-05-01T11:56:44Z] [SECTION] ============================================================
[2026-05-01T11:56:44Z] [INFO] 📤 PHASE: PUSH COMPONENTS TO TOLARIA
[2026-05-01T11:56:44Z] [INFO] 📦 Components pushed to Tolaria: 5
[2026-05-01T11:56:44Z] [SECTION] ============================================================
[2026-05-01T11:56:44Z] [INFO] 🧩 PHASE: COMPOSER - DOMAIN INTEGRATION SYNTHESIS
[2026-05-01T11:57:07Z] [INFO] 🎨 Domain integrations synthesized: 0
[2026-05-01T11:57:07Z] [SECTION] ============================================================
[2026-05-01T11:57:07Z] [INFO] 🚀 PHASE: ADVANCED OVERNIGHT LOOP
[2026-05-01T11:58:20Z] [INFO] 🔬 Advanced loop completed cycles: 0
[2026-05-01T11:58:20Z] [WARNING] ⚠️  Git commit skipped or failed (git not initialized?): Command '['git', '-C', '/home/avalonas/.hermes/gematria/unified_overnight_research', 'add', '.']' returned non-zero exit status 128.
[2026-05-01T11:58:20Z] [INFO] 
📊 CYCLE #97 SUMMARY
[2026-05-01T11:58:20Z] [INFO] ✅ Successful tasks: 7/7
[2026-05-01T11:58:20Z] [INFO] ⏱️  Cycle duration: 96.74s
[2026-05-01T11:58:20Z] [INFO]    ⚠️ task: result
[2026-05-01T11:58:20Z] [INFO]    ⚠️ task: result
[2026-05-01T11:58:20Z] [INFO]    ⚠️ task: result
[2026-05-01T11:58:20Z] [INFO]    ⚠️ task: result
[2026-05-01T11:58:20Z] [INFO]    ⚠️ task: result
[2026-05-01T11:58:20Z] [INFO]    ⚠️ task: result
[2026-05-01T11:58:20Z] [INFO]    ⚠️ task: result
[2026-05-01T11:58:20Z] [HEADER] ================================================================================
[2026-05-01T11:58:20Z] [INFO] 🔄 OVERNIGHT RESEARCH PIPELINE - CYCLE #98
[2026-05-01T11:58:20Z] [INFO] ================================================================================
[2026-05-01T11:58:20Z] [HEADER] ============================================================
[2026-05-01T11:58:20Z] [INFO] 🌙 STARTING OVERNIGHT RESEARCH CYCLE #98
[2026-05-01T11:58:20Z] [INFO] 🔍 Running overnight research protocol (web scraping + cross-symbol analysis)...
[2026-05-01T11:58:20Z] [INFO] 📊 Cycle duration: 0.26s, Files generated: 1
[2026-05-01T11:58:20Z] [WARNING] ⚠️ Database not initialized for cycle counting
[2026-05-01T11:58:20Z] [INFO] 💾 Database updated with cycle results
[2026-05-01T11:58:20Z] [SECTION] ============================================================
[2026-05-01T11:58:20Z] [INFO] 🔮 PHASE: HIDDEN LAYERING DETECTION
[2026-05-01T11:58:20Z] [INFO] 🔗 Hidden layering detection complete. Connections identified: 2
[2026-05-01T11:58:20Z] [SECTION] ============================================================
[2026-05-01T11:58:20Z] [INFO] 🔬 PHASE: DOMAIN CORRELATION ANALYSIS
[2026-05-01T11:58:20Z] [INFO] 📊 Domain correlation matrices created: 2
[2026-05-01T11:58:20Z] [SECTION] ============================================================
[2026-05-01T11:58:20Z] [INFO] 🖼️  PHASE: IMAGE-SEED ANALYSIS
[2026-05-01T11:58:20Z] [INFO] 📂 Image seed analysis bootstrapping from 0 images...
[2026-05-01T11:58:20Z] [SECTION] ============================================================
[2026-05-01T11:58:20Z] [INFO] 📤 PHASE: PUSH COMPONENTS TO TOLARIA
[2026-05-01T11:58:21Z] [INFO] 📦 Components pushed to Tolaria: 5
[2026-05-01T11:58:21Z] [SECTION] ============================================================
[2026-05-01T11:58:21Z] [INFO] 🧩 PHASE: COMPOSER - DOMAIN INTEGRATION SYNTHESIS
[2026-05-01T11:58:44Z] [INFO] 🎨 Domain integrations synthesized: 0
[2026-05-01T11:58:44Z] [SECTION] ============================================================
[2026-05-01T11:58:44Z] [INFO] 🚀 PHASE: ADVANCED OVERNIGHT LOOP
[2026-05-01T11:59:50Z] [INFO] 🔬 Advanced loop completed cycles: 0
[2026-05-01T11:59:50Z] [WARNING] ⚠️  Git commit skipped or failed (git not initialized?): Command '['git', '-C', '/home/avalonas/.hermes/gematria/unified_overnight_research', 'add', '.']' returned non-zero exit status 128.
[2026-05-01T11:59:50Z] [INFO] 
📊 CYCLE #98 SUMMARY
[2026-05-01T11:59:50Z] [INFO] ✅ Successful tasks: 7/7
[2026-05-01T11:59:50Z] [INFO] ⏱️  Cycle duration: 89.76s
[2026-05-01T11:59:50Z] [INFO]    ⚠️ task: result
[2026-05-01T11:59:50Z] [INFO]    ⚠️ task: result
[2026-05-01T11:59:50Z] [INFO]    ⚠️ task: result
[2026-05-01T11:59:50Z] [INFO]    ⚠️ task: result
[2026-05-01T11:59:50Z] [INFO]    ⚠️ task: result
[2026-05-01T11:59:50Z] [INFO]    ⚠️ task: result
[2026-05-01T11:59:50Z] [INFO]    ⚠️ task: result
[2026-05-01T11:59:50Z] [HEADER] ================================================================================
[2026-05-01T11:59:50Z] [INFO] 🔄 OVERNIGHT RESEARCH PIPELINE - CYCLE #99
[2026-05-01T11:59:50Z] [INFO] ================================================================================
[2026-05-01T11:59:50Z] [HEADER] ============================================================
[2026-05-01T11:59:50Z] [INFO] 🌙 STARTING OVERNIGHT RESEARCH CYCLE #99
[2026-05-01T11:59:50Z] [INFO] 🔍 Running overnight research protocol (web scraping + cross-symbol analysis)...
[2026-05-01T11:59:50Z] [INFO] 📊 Cycle duration: 0.33s, Files generated: 0
[2026-05-01T11:59:50Z] [WARNING] ⚠️ Database not initialized for cycle counting
[2026-05-01T11:59:50Z] [INFO] 💾 Database updated with cycle results
[2026-05-01T11:59:50Z] [SECTION] ============================================================
[2026-05-01T11:59:50Z] [INFO] 🔮 PHASE: HIDDEN LAYERING DETECTION
[2026-05-01T11:59:50Z] [INFO] 🔗 Hidden layering detection complete. Connections identified: 2
[2026-05-01T11:59:50Z] [SECTION] ============================================================
[2026-05-01T11:59:50Z] [INFO] 🔬 PHASE: DOMAIN CORRELATION ANALYSIS
[2026-05-01T11:59:50Z] [INFO] 📊 Domain correlation matrices created: 2
[2026-05-01T11:59:50Z] [SECTION] ============================================================
[2026-05-01T11:59:50Z] [INFO] 🖼️  PHASE: IMAGE-SEED ANALYSIS
[2026-05-01T11:59:50Z] [INFO] 📂 Image seed analysis bootstrapping from 0 images...
[2026-05-01T11:59:50Z] [SECTION] ============================================================
[2026-05-01T11:59:50Z] [INFO] 📤 PHASE: PUSH COMPONENTS TO TOLARIA
[2026-05-01T11:59:51Z] [INFO] 📦 Components pushed to Tolaria: 5
[2026-05-01T11:59:51Z] [SECTION] ============================================================
[2026-05-01T11:59:51Z] [INFO] 🧩 PHASE: COMPOSER - DOMAIN INTEGRATION SYNTHESIS
[2026-05-01T12:00:14Z] [INFO] 🎨 Domain integrations synthesized: 0
[2026-05-01T12:00:14Z] [SECTION] ============================================================
[2026-05-01T12:00:14Z] [INFO] 🚀 PHASE: ADVANCED OVERNIGHT LOOP
[2026-05-01T12:01:23Z] [INFO] 🔬 Advanced loop completed cycles: 0
[2026-05-01T12:01:23Z] [WARNING] ⚠️  Git commit skipped or failed (git not initialized?): Command '['git', '-C', '/home/avalonas/.hermes/gematria/unified_overnight_research', 'add', '.']' returned non-zero exit status 128.
[2026-05-01T12:01:23Z] [INFO] 
📊 CYCLE #99 SUMMARY
[2026-05-01T12:01:23Z] [INFO] ✅ Successful tasks: 7/7
[2026-05-01T12:01:23Z] [INFO] ⏱️  Cycle duration: 92.99s
[2026-05-01T12:01:23Z] [INFO]    ⚠️ task: result
[2026-05-01T12:01:23Z] [INFO]    ⚠️ task: result
[2026-05-01T12:01:23Z] [INFO]    ⚠️ task: result
[2026-05-01T12:01:23Z] [INFO]    ⚠️ task: result
[2026-05-01T12:01:23Z] [INFO]    ⚠️ task: result
[2026-05-01T12:01:23Z] [INFO]    ⚠️ task: result
[2026-05-01T12:01:23Z] [INFO]    ⚠️ task: result
[2026-05-01T12:01:23Z] [HEADER] ================================================================================
[2026-05-01T12:01:23Z] [INFO] 🔄 OVERNIGHT RESEARCH PIPELINE - CYCLE #100
[2026-05-01T12:01:23Z] [INFO] ================================================================================
[2026-05-01T12:01:23Z] [HEADER] ============================================================
[2026-05-01T12:01:23Z] [INFO] 🌙 STARTING OVERNIGHT RESEARCH CYCLE #100
[2026-05-01T12:01:23Z] [INFO] 🔍 Running overnight research protocol (web scraping + cross-symbol analysis)...
[2026-05-01T12:01:23Z] [INFO] 📊 Cycle duration: 0.24s, Files generated: 0
[2026-05-01T12:01:23Z] [WARNING] ⚠️ Database not initialized for cycle counting
[2026-05-01T12:01:23Z] [INFO] 💾 Database updated with cycle results
[2026-05-01T12:01:23Z] [SECTION] ============================================================
[2026-05-01T12:01:23Z] [INFO] 🔮 PHASE: HIDDEN LAYERING DETECTION
[2026-05-01T12:01:23Z] [INFO] 🔗 Hidden layering detection complete. Connections identified: 2
[2026-05-01T12:01:23Z] [SECTION] ============================================================
[2026-05-01T12:01:23Z] [INFO] 🔬 PHASE: DOMAIN CORRELATION ANALYSIS
[2026-05-01T12:01:23Z] [INFO] 📊 Domain correlation matrices created: 2
[2026-05-01T12:01:23Z] [SECTION] ============================================================
[2026-05-01T12:01:23Z] [INFO] 🖼️  PHASE: IMAGE-SEED ANALYSIS
[2026-05-01T12:01:23Z] [INFO] 📂 Image seed analysis bootstrapping from 0 images...
[2026-05-01T12:01:23Z] [SECTION] ============================================================
[2026-05-01T12:01:23Z] [INFO] 📤 PHASE: PUSH COMPONENTS TO TOLARIA
[2026-05-01T12:01:24Z] [INFO] 📦 Components pushed to Tolaria: 5
[2026-05-01T12:01:24Z] [SECTION] ============================================================
[2026-05-01T12:01:24Z] [INFO] 🧩 PHASE: COMPOSER - DOMAIN INTEGRATION SYNTHESIS
[2026-05-01T12:01:47Z] [INFO] 🎨 Domain integrations synthesized: 0
[2026-05-01T12:01:47Z] [SECTION] ============================================================
[2026-05-01T12:01:47Z] [INFO] 🚀 PHASE: ADVANCED OVERNIGHT LOOP
[2026-05-01T12:02:50Z] [INFO] 🔬 Advanced loop completed cycles: 0
[2026-05-01T12:02:50Z] [WARNING] ⚠️  Git commit skipped or failed (git not initialized?): Command '['git', '-C', '/home/avalonas/.hermes/gematria/unified_overnight_research', 'add', '.']' returned non-zero exit status 128.
[2026-05-01T12:02:50Z] [INFO] 
📊 CYCLE #100 SUMMARY
[2026-05-01T12:02:50Z] [INFO] ✅ Successful tasks: 7/7
[2026-05-01T12:02:50Z] [INFO] ⏱️  Cycle duration: 87.75s
[2026-05-01T12:02:50Z] [INFO]    ⚠️ task: result
[2026-05-01T12:02:50Z] [INFO]    ⚠️ task: result
[2026-05-01T12:02:50Z] [INFO]    ⚠️ task: result
[2026-05-01T12:02:50Z] [INFO]    ⚠️ task: result
[2026-05-01T12:02:50Z] [INFO]    ⚠️ task: result
[2026-05-01T12:02:50Z] [INFO]    ⚠️ task: result
[2026-05-01T12:02:50Z] [INFO]    ⚠️ task: result
[2026-05-01T12:02:50Z] [HEADER] ================================================================================
[2026-05-01T12:02:50Z] [INFO] 🔄 OVERNIGHT RESEARCH PIPELINE - CYCLE #101
[2026-05-01T12:02:50Z] [INFO] ================================================================================
[2026-05-01T12:02:50Z] [HEADER] ============================================================
[2026-05-01T12:02:50Z] [INFO] 🌙 STARTING OVERNIGHT RESEARCH CYCLE #101
[2026-05-01T12:02:50Z] [INFO] 🔍 Running overnight research protocol (web scraping + cross-symbol analysis)...
[2026-05-01T12:02:51Z] [INFO] 📊 Cycle duration: 0.42s, Files generated: 0
[2026-05-01T12:02:51Z] [WARNING] ⚠️ Database not initialized for cycle counting
[2026-05-01T12:02:51Z] [INFO] 💾 Database updated with cycle results
[2026-05-01T12:02:51Z] [SECTION] ============================================================
[2026-05-01T12:02:51Z] [INFO] 🔮 PHASE: HIDDEN LAYERING DETECTION
[2026-05-01T12:02:51Z] [INFO] 🔗 Hidden layering detection complete. Connections identified: 2
[2026-05-01T12:02:51Z] [SECTION] ============================================================
[2026-05-01T12:02:51Z] [INFO] 🔬 PHASE: DOMAIN CORRELATION ANALYSIS
[2026-05-01T12:02:51Z] [INFO] 📊 Domain correlation matrices created: 2
[2026-05-01T12:02:51Z] [SECTION] ============================================================
[2026-05-01T12:02:51Z] [INFO] 🖼️  PHASE: IMAGE-SEED ANALYSIS
[2026-05-01T12:02:51Z] [INFO] 📂 Image seed analysis bootstrapping from 0 images...
[2026-05-01T12:02:51Z] [SECTION] ============================================================
[2026-05-01T12:02:51Z] [INFO] 📤 PHASE: PUSH COMPONENTS TO TOLARIA
[2026-05-01T12:02:52Z] [INFO] 📦 Components pushed to Tolaria: 5
[2026-05-01T12:02:52Z] [SECTION] ============================================================
[2026-05-01T12:02:52Z] [INFO] 🧩 PHASE: COMPOSER - DOMAIN INTEGRATION SYNTHESIS
[2026-05-01T12:03:14Z] [INFO] 🎨 Domain integrations synthesized: 0
[2026-05-01T12:03:14Z] [SECTION] ============================================================
[2026-05-01T12:03:14Z] [INFO] 🚀 PHASE: ADVANCED OVERNIGHT LOOP
[2026-05-01T12:03:15Z] [INFO] 🔬 Advanced loop completed cycles: 0
[2026-05-01T12:03:15Z] [WARNING] ⚠️  Git commit skipped or failed (git not initialized?): Command '['git', '-C', '/home/avalonas/.hermes/gematria/unified_overnight_research', 'add', '.']' returned non-zero exit status 128.
[2026-05-01T12:03:15Z] [INFO] 
📊 CYCLE #101 SUMMARY
[2026-05-01T12:03:15Z] [INFO] ✅ Successful tasks: 7/7
[2026-05-01T12:03:15Z] [INFO] ⏱️  Cycle duration: 24.29s
[2026-05-01T12:03:15Z] [INFO]    ⚠️ task: result
[2026-05-01T12:03:15Z] [INFO]    ⚠️ task: result
[2026-05-01T12:03:15Z] [INFO]    ⚠️ task: result
[2026-05-01T12:03:15Z] [INFO]    ⚠️ task: result
[2026-05-01T12:03:15Z] [INFO]    ⚠️ task: result
[2026-05-01T12:03:15Z] [INFO]    ⚠️ task: result
[2026-05-01T12:03:15Z] [INFO]    ⚠️ task: result
[2026-05-01T12:03:15Z] [HEADER] ================================================================================
[2026-05-01T12:03:15Z] [INFO] 🔄 OVERNIGHT RESEARCH PIPELINE - CYCLE #102
[2026-05-01T12:03:15Z] [INFO] ================================================================================
[2026-05-01T12:03:15Z] [HEADER] ============================================================
[2026-05-01T12:03:15Z] [INFO] 🌙 STARTING OVERNIGHT RESEARCH CYCLE #102
[2026-05-01T12:03:15Z] [INFO] 🔍 Running overnight research protocol (web scraping + cross-symbol analysis)...
[2026-05-01T12:03:15Z] [INFO] 📊 Cycle duration: 0.27s, Files generated: 0
[2026-05-01T12:03:15Z] [WARNING] ⚠️ Database not initialized for cycle counting
[2026-05-01T12:03:15Z] [INFO] 💾 Database updated with cycle results
[2026-05-01T12:03:15Z] [SECTION] ============================================================
[2026-05-01T12:03:15Z] [INFO] 🔮 PHASE: HIDDEN LAYERING DETECTION
[2026-05-01T12:03:15Z] [INFO] 🔗 Hidden layering detection complete. Connections identified: 2
[2026-05-01T12:03:15Z] [SECTION] ============================================================
[2026-05-01T12:03:15Z] [INFO] 🔬 PHASE: DOMAIN CORRELATION ANALYSIS
[2026-05-01T12:03:15Z] [INFO] 📊 Domain correlation matrices created: 2
[2026-05-01T12:03:15Z] [SECTION] ============================================================
[2026-05-01T12:03:15Z] [INFO] 🖼️  PHASE: IMAGE-SEED ANALYSIS
[2026-05-01T12:03:15Z] [INFO] 📂 Image seed analysis bootstrapping from 0 images...
[2026-05-01T12:03:15Z] [SECTION] ============================================================
[2026-05-01T12:03:15Z] [INFO] 📤 PHASE: PUSH COMPONENTS TO TOLARIA
[2026-05-01T12:03:16Z] [INFO] 📦 Components pushed to Tolaria: 5
[2026-05-01T12:03:16Z] [SECTION] ============================================================
[2026-05-01T12:03:16Z] [INFO] 🧩 PHASE: COMPOSER - DOMAIN INTEGRATION SYNTHESIS
[2026-05-01T12:03:38Z] [INFO] 🎨 Domain integrations synthesized: 0
[2026-05-01T12:03:38Z] [SECTION] ============================================================
[2026-05-01T12:03:38Z] [INFO] 🚀 PHASE: ADVANCED OVERNIGHT LOOP
[2026-05-01T12:04:48Z] [INFO] 🔬 Advanced loop completed cycles: 0
[2026-05-01T12:04:48Z] [WARNING] ⚠️  Git commit skipped or failed (git not initialized?): Command '['git', '-C', '/home/avalonas/.hermes/gematria/unified_overnight_research', 'add', '.']' returned non-zero exit status 128.
[2026-05-01T12:04:48Z] [INFO] 
📊 CYCLE #102 SUMMARY
[2026-05-01T12:04:48Z] [INFO] ✅ Successful tasks: 7/7
[2026-05-01T12:04:48Z] [INFO] ⏱️  Cycle duration: 92.96s
[2026-05-01T12:04:48Z] [INFO]    ⚠️ task: result
[2026-05-01T12:04:48Z] [INFO]    ⚠️ task: result
[2026-05-01T12:04:48Z] [INFO]    ⚠️ task: result
[2026-05-01T12:04:48Z] [INFO]    ⚠️ task: result
[2026-05-01T12:04:48Z] [INFO]    ⚠️ task: result
[2026-05-01T12:04:48Z] [INFO]    ⚠️ task: result
[2026-05-01T12:04:48Z] [INFO]    ⚠️ task: result
[2026-05-01T12:04:48Z] [HEADER] ================================================================================
[2026-05-01T12:04:48Z] [INFO] 🔄 OVERNIGHT RESEARCH PIPELINE - CYCLE #103
[2026-05-01T12:04:48Z] [INFO] ================================================================================
[2026-05-01T12:04:48Z] [HEADER] ============================================================
[2026-05-01T12:04:48Z] [INFO] 🌙 STARTING OVERNIGHT RESEARCH CYCLE #103
[2026-05-01T12:04:48Z] [INFO] 🔍 Running overnight research protocol (web scraping + cross-symbol analysis)...
[2026-05-01T12:04:48Z] [INFO] 📊 Cycle duration: 0.21s, Files generated: 1
[2026-05-01T12:04:48Z] [WARNING] ⚠️ Database not initialized for cycle counting
[2026-05-01T12:04:48Z] [INFO] 💾 Database updated with cycle results
[2026-05-01T12:04:48Z] [SECTION] ============================================================
[2026-05-01T12:04:48Z] [INFO] 🔮 PHASE: HIDDEN LAYERING DETECTION
[2026-05-01T12:04:48Z] [INFO] 🔗 Hidden layering detection complete. Connections identified: 2
[2026-05-01T12:04:48Z] [SECTION] ============================================================
[2026-05-01T12:04:48Z] [INFO] 🔬 PHASE: DOMAIN CORRELATION ANALYSIS
[2026-05-01T12:04:48Z] [INFO] 📊 Domain correlation matrices created: 2
[2026-05-01T12:04:48Z] [SECTION] ============================================================
[2026-05-01T12:04:48Z] [INFO] 🖼️  PHASE: IMAGE-SEED ANALYSIS
[2026-05-01T12:04:48Z] [INFO] 📂 Image seed analysis bootstrapping from 0 images...
[2026-05-01T12:04:48Z] [SECTION] ============================================================
[2026-05-01T12:04:48Z] [INFO] 📤 PHASE: PUSH COMPONENTS TO TOLARIA
[2026-05-01T12:04:49Z] [INFO] 📦 Components pushed to Tolaria: 5
[2026-05-01T12:04:49Z] [SECTION] ============================================================
[2026-05-01T12:04:49Z] [INFO] 🧩 PHASE: COMPOSER - DOMAIN INTEGRATION SYNTHESIS
[2026-05-01T12:05:11Z] [INFO] 🎨 Domain integrations synthesized: 0
[2026-05-01T12:05:11Z] [SECTION] ============================================================
[2026-05-01T12:05:11Z] [INFO] 🚀 PHASE: ADVANCED OVERNIGHT LOOP
[2026-05-01T12:06:16Z] [INFO] 🔬 Advanced loop completed cycles: 0
[2026-05-01T12:06:16Z] [WARNING] ⚠️  Git commit skipped or failed (git not initialized?): Command '['git', '-C', '/home/avalonas/.hermes/gematria/unified_overnight_research', 'add', '.']' returned non-zero exit status 128.
[2026-05-01T12:06:16Z] [INFO] 
📊 CYCLE #103 SUMMARY
[2026-05-01T12:06:16Z] [INFO] ✅ Successful tasks: 7/7
[2026-05-01T12:06:16Z] [INFO] ⏱️  Cycle duration: 88.25s
[2026-05-01T12:06:16Z] [INFO]    ⚠️ task: result
[2026-05-01T12:06:16Z] [INFO]    ⚠️ task: result
[2026-05-01T12:06:16Z] [INFO]    ⚠️ task: result
[2026-05-01T12:06:16Z] [INFO]    ⚠️ task: result
[2026-05-01T12:06:16Z] [INFO]    ⚠️ task: result
[2026-05-01T12:06:16Z] [INFO]    ⚠️ task: result
[2026-05-01T12:06:16Z] [INFO]    ⚠️ task: result
[2026-05-01T12:06:16Z] [HEADER] ================================================================================
[2026-05-01T12:06:16Z] [INFO] 🔄 OVERNIGHT RESEARCH PIPELINE - CYCLE #104
[2026-05-01T12:06:16Z] [INFO] ================================================================================
[2026-05-01T12:06:16Z] [HEADER] ============================================================
[2026-05-01T12:06:16Z] [INFO] 🌙 STARTING OVERNIGHT RESEARCH CYCLE #104
[2026-05-01T12:06:16Z] [INFO] 🔍 Running overnight research protocol (web scraping + cross-symbol analysis)...
[2026-05-01T12:06:16Z] [INFO] 📊 Cycle duration: 0.19s, Files generated: 1
[2026-05-01T12:06:16Z] [WARNING] ⚠️ Database not initialized for cycle counting
[2026-05-01T12:06:16Z] [INFO] 💾 Database updated with cycle results
[2026-05-01T12:06:16Z] [SECTION] ============================================================
[2026-05-01T12:06:16Z] [INFO] 🔮 PHASE: HIDDEN LAYERING DETECTION
[2026-05-01T12:06:16Z] [INFO] 🔗 Hidden layering detection complete. Connections identified: 2
[2026-05-01T12:06:16Z] [SECTION] ============================================================
[2026-05-01T12:06:16Z] [INFO] 🔬 PHASE: DOMAIN CORRELATION ANALYSIS
[2026-05-01T12:06:16Z] [INFO] 📊 Domain correlation matrices created: 2
[2026-05-01T12:06:16Z] [SECTION] ============================================================
[2026-05-01T12:06:16Z] [INFO] 🖼️  PHASE: IMAGE-SEED ANALYSIS
[2026-05-01T12:06:16Z] [INFO] 📂 Image seed analysis bootstrapping from 0 images...
[2026-05-01T12:06:16Z] [SECTION] ============================================================
[2026-05-01T12:06:16Z] [INFO] 📤 PHASE: PUSH COMPONENTS TO TOLARIA
[2026-05-01T12:06:17Z] [INFO] 📦 Components pushed to Tolaria: 5
[2026-05-01T12:06:17Z] [SECTION] ============================================================
[2026-05-01T12:06:17Z] [INFO] 🧩 PHASE: COMPOSER - DOMAIN INTEGRATION SYNTHESIS
[2026-05-01T12:06:38Z] [INFO] 🎨 Domain integrations synthesized: 0
[2026-05-01T12:06:38Z] [SECTION] ============================================================
[2026-05-01T12:06:38Z] [INFO] 🚀 PHASE: ADVANCED OVERNIGHT LOOP
[2026-05-01T12:07:45Z] [INFO] 🔬 Advanced loop completed cycles: 0
[2026-05-01T12:07:45Z] [WARNING] ⚠️  Git commit skipped or failed (git not initialized?): Command '['git', '-C', '/home/avalonas/.hermes/gematria/unified_overnight_research', 'add', '.']' returned non-zero exit status 128.
[2026-05-01T12:07:45Z] [INFO] 
📊 CYCLE #104 SUMMARY
[2026-05-01T12:07:45Z] [INFO] ✅ Successful tasks: 7/7
[2026-05-01T12:07:45Z] [INFO] ⏱️  Cycle duration: 89.50s
[2026-05-01T12:07:45Z] [INFO]    ⚠️ task: result
[2026-05-01T12:07:45Z] [INFO]    ⚠️ task: result
[2026-05-01T12:07:45Z] [INFO]    ⚠️ task: result
[2026-05-01T12:07:45Z] [INFO]    ⚠️ task: result
[2026-05-01T12:07:45Z] [INFO]    ⚠️ task: result
[2026-05-01T12:07:45Z] [INFO]    ⚠️ task: result
[2026-05-01T12:07:45Z] [INFO]    ⚠️ task: result
[2026-05-01T12:07:45Z] [HEADER] ================================================================================
[2026-05-01T12:07:45Z] [INFO] 🔄 OVERNIGHT RESEARCH PIPELINE - CYCLE #105
[2026-05-01T12:07:45Z] [INFO] ================================================================================
[2026-05-01T12:07:45Z] [HEADER] ============================================================
[2026-05-01T12:07:45Z] [INFO] 🌙 STARTING OVERNIGHT RESEARCH CYCLE #105
[2026-05-01T12:07:45Z] [INFO] 🔍 Running overnight research protocol (web scraping + cross-symbol analysis)...
[2026-05-01T12:07:46Z] [INFO] 📊 Cycle duration: 0.32s, Files generated: 1
[2026-05-01T12:07:46Z] [WARNING] ⚠️ Database not initialized for cycle counting
[2026-05-01T12:07:46Z] [INFO] 💾 Database updated with cycle results
[2026-05-01T12:07:46Z] [SECTION] ============================================================
[2026-05-01T12:07:46Z] [INFO] 🔮 PHASE: HIDDEN LAYERING DETECTION
[2026-05-01T12:07:46Z] [INFO] 🔗 Hidden layering detection complete. Connections identified: 2
[2026-05-01T12:07:46Z] [SECTION] ============================================================
[2026-05-01T12:07:46Z] [INFO] 🔬 PHASE: DOMAIN CORRELATION ANALYSIS
[2026-05-01T12:07:46Z] [INFO] 📊 Domain correlation matrices created: 2
[2026-05-01T12:07:46Z] [SECTION] ============================================================
[2026-05-01T12:07:46Z] [INFO] 🖼️  PHASE: IMAGE-SEED ANALYSIS
[2026-05-01T12:07:46Z] [INFO] 📂 Image seed analysis bootstrapping from 0 images...
[2026-05-01T12:07:46Z] [SECTION] ============================================================
[2026-05-01T12:07:46Z] [INFO] 📤 PHASE: PUSH COMPONENTS TO TOLARIA
[2026-05-01T12:07:47Z] [INFO] 📦 Components pushed to Tolaria: 5
[2026-05-01T12:07:47Z] [SECTION] ============================================================
[2026-05-01T12:07:47Z] [INFO] 🧩 PHASE: COMPOSER - DOMAIN INTEGRATION SYNTHESIS
[2026-05-01T12:08:09Z] [INFO] 🎨 Domain integrations synthesized: 0
[2026-05-01T12:08:09Z] [SECTION] ============================================================
[2026-05-01T12:08:09Z] [INFO] 🚀 PHASE: ADVANCED OVERNIGHT LOOP
[2026-05-01T12:09:14Z] [INFO] 🔬 Advanced loop completed cycles: 0
[2026-05-01T12:09:14Z] [WARNING] ⚠️  Git commit skipped or failed (git not initialized?): Command '['git', '-C', '/home/avalonas/.hermes/gematria/unified_overnight_research', 'add', '.']' returned non-zero exit status 128.
[2026-05-01T12:09:14Z] [INFO] 
📊 CYCLE #105 SUMMARY
[2026-05-01T12:09:14Z] [INFO] ✅ Successful tasks: 7/7
[2026-05-01T12:09:14Z] [INFO] ⏱️  Cycle duration: 88.99s
[2026-05-01T12:09:14Z] [INFO]    ⚠️ task: result
[2026-05-01T12:09:14Z] [INFO]    ⚠️ task: result
[2026-05-01T12:09:14Z] [INFO]    ⚠️ task: result
[2026-05-01T12:09:14Z] [INFO]    ⚠️ task: result
[2026-05-01T12:09:14Z] [INFO]    ⚠️ task: result
[2026-05-01T12:09:14Z] [INFO]    ⚠️ task: result
[2026-05-01T12:09:14Z] [INFO]    ⚠️ task: result
[2026-05-01T12:09:14Z] [HEADER] ================================================================================
[2026-05-01T12:09:14Z] [INFO] 🔄 OVERNIGHT RESEARCH PIPELINE - CYCLE #106
[2026-05-01T12:09:14Z] [INFO] ================================================================================
[2026-05-01T12:09:14Z] [HEADER] ============================================================
[2026-05-01T12:09:14Z] [INFO] 🌙 STARTING OVERNIGHT RESEARCH CYCLE #106
[2026-05-01T12:09:14Z] [INFO] 🔍 Running overnight research protocol (web scraping + cross-symbol analysis)...
[2026-05-01T12:09:15Z] [INFO] 📊 Cycle duration: 0.19s, Files generated: 0
[2026-05-01T12:09:15Z] [WARNING] ⚠️ Database not initialized for cycle counting
[2026-05-01T12:09:15Z] [INFO] 💾 Database updated with cycle results
[2026-05-01T12:09:15Z] [SECTION] ============================================================
[2026-05-01T12:09:15Z] [INFO] 🔮 PHASE: HIDDEN LAYERING DETECTION
[2026-05-01T12:09:15Z] [INFO] 🔗 Hidden layering detection complete. Connections identified: 2
[2026-05-01T12:09:15Z] [SECTION] ============================================================
[2026-05-01T12:09:15Z] [INFO] 🔬 PHASE: DOMAIN CORRELATION ANALYSIS
[2026-05-01T12:09:15Z] [INFO] 📊 Domain correlation matrices created: 2
[2026-05-01T12:09:15Z] [SECTION] ============================================================
[2026-05-01T12:09:15Z] [INFO] 🖼️  PHASE: IMAGE-SEED ANALYSIS
[2026-05-01T12:09:15Z] [INFO] 📂 Image seed analysis bootstrapping from 0 images...
[2026-05-01T12:09:15Z] [SECTION] ============================================================
[2026-05-01T12:09:15Z] [INFO] 📤 PHASE: PUSH COMPONENTS TO TOLARIA
[2026-05-01T12:09:15Z] [INFO] 📦 Components pushed to Tolaria: 5
[2026-05-01T12:09:15Z] [SECTION] ============================================================
[2026-05-01T12:09:15Z] [INFO] 🧩 PHASE: COMPOSER - DOMAIN INTEGRATION SYNTHESIS
[2026-05-01T12:09:38Z] [INFO] 🎨 Domain integrations synthesized: 0
[2026-05-01T12:09:38Z] [SECTION] ============================================================
[2026-05-01T12:09:38Z] [INFO] 🚀 PHASE: ADVANCED OVERNIGHT LOOP
[2026-05-01T12:10:47Z] [INFO] 🔬 Advanced loop completed cycles: 0
[2026-05-01T12:10:47Z] [WARNING] ⚠️  Git commit skipped or failed (git not initialized?): Command '['git', '-C', '/home/avalonas/.hermes/gematria/unified_overnight_research', 'add', '.']' returned non-zero exit status 128.
[2026-05-01T12:10:47Z] [INFO] 
📊 CYCLE #106 SUMMARY
[2026-05-01T12:10:47Z] [INFO] ✅ Successful tasks: 7/7
[2026-05-01T12:10:47Z] [INFO] ⏱️  Cycle duration: 92.31s
[2026-05-01T12:10:47Z] [INFO]    ⚠️ task: result
[2026-05-01T12:10:47Z] [INFO]    ⚠️ task: result
[2026-05-01T12:10:47Z] [INFO]    ⚠️ task: result
[2026-05-01T12:10:47Z] [INFO]    ⚠️ task: result
[2026-05-01T12:10:47Z] [INFO]    ⚠️ task: result
[2026-05-01T12:10:47Z] [INFO]    ⚠️ task: result
[2026-05-01T12:10:47Z] [INFO]    ⚠️ task: result
[2026-05-01T12:10:47Z] [HEADER] ================================================================================
[2026-05-01T12:10:47Z] [INFO] 🔄 OVERNIGHT RESEARCH PIPELINE - CYCLE #107
[2026-05-01T12:10:47Z] [INFO] ================================================================================
[2026-05-01T12:10:47Z] [HEADER] ============================================================
[2026-05-01T12:10:47Z] [INFO] 🌙 STARTING OVERNIGHT RESEARCH CYCLE #107
[2026-05-01T12:10:47Z] [INFO] 🔍 Running overnight research protocol (web scraping + cross-symbol analysis)...
[2026-05-01T12:10:47Z] [INFO] 📊 Cycle duration: 0.37s, Files generated: 0
[2026-05-01T12:10:47Z] [WARNING] ⚠️ Database not initialized for cycle counting
[2026-05-01T12:10:47Z] [INFO] 💾 Database updated with cycle results
[2026-05-01T12:10:47Z] [SECTION] ============================================================
[2026-05-01T12:10:47Z] [INFO] 🔮 PHASE: HIDDEN LAYERING DETECTION
[2026-05-01T12:10:47Z] [INFO] 🔗 Hidden layering detection complete. Connections identified: 2
[2026-05-01T12:10:47Z] [SECTION] ============================================================
[2026-05-01T12:10:47Z] [INFO] 🔬 PHASE: DOMAIN CORRELATION ANALYSIS
[2026-05-01T12:10:47Z] [INFO] 📊 Domain correlation matrices created: 2
[2026-05-01T12:10:47Z] [SECTION] ============================================================
[2026-05-01T12:10:47Z] [INFO] 🖼️  PHASE: IMAGE-SEED ANALYSIS
[2026-05-01T12:10:47Z] [INFO] 📂 Image seed analysis bootstrapping from 0 images...
[2026-05-01T12:10:47Z] [SECTION] ============================================================
[2026-05-01T12:10:47Z] [INFO] 📤 PHASE: PUSH COMPONENTS TO TOLARIA
[2026-05-01T12:10:48Z] [INFO] 📦 Components pushed to Tolaria: 5
[2026-05-01T12:10:48Z] [SECTION] ============================================================
[2026-05-01T12:10:48Z] [INFO] 🧩 PHASE: COMPOSER - DOMAIN INTEGRATION SYNTHESIS
[2026-05-01T12:11:11Z] [INFO] 🎨 Domain integrations synthesized: 0
[2026-05-01T12:11:11Z] [SECTION] ============================================================
[2026-05-01T12:11:11Z] [INFO] 🚀 PHASE: ADVANCED OVERNIGHT LOOP
[2026-05-01T12:12:20Z] [INFO] 🔬 Advanced loop completed cycles: 0
[2026-05-01T12:12:20Z] [WARNING] ⚠️  Git commit skipped or failed (git not initialized?): Command '['git', '-C', '/home/avalonas/.hermes/gematria/unified_overnight_research', 'add', '.']' returned non-zero exit status 128.
[2026-05-01T12:12:20Z] [INFO] 
📊 CYCLE #107 SUMMARY
[2026-05-01T12:12:20Z] [INFO] ✅ Successful tasks: 7/7
[2026-05-01T12:12:20Z] [INFO] ⏱️  Cycle duration: 93.73s
[2026-05-01T12:12:20Z] [INFO]    ⚠️ task: result
[2026-05-01T12:12:20Z] [INFO]    ⚠️ task: result
[2026-05-01T12:12:20Z] [INFO]    ⚠️ task: result
[2026-05-01T12:12:20Z] [INFO]    ⚠️ task: result
[2026-05-01T12:12:20Z] [INFO]    ⚠️ task: result
[2026-05-01T12:12:20Z] [INFO]    ⚠️ task: result
[2026-05-01T12:12:20Z] [INFO]    ⚠️ task: result
[2026-05-01T12:12:20Z] [HEADER] ================================================================================
[2026-05-01T12:12:20Z] [INFO] 🔄 OVERNIGHT RESEARCH PIPELINE - CYCLE #108
[2026-05-01T12:12:20Z] [INFO] ================================================================================
[2026-05-01T12:12:20Z] [HEADER] ============================================================
[2026-05-01T12:12:20Z] [INFO] 🌙 STARTING OVERNIGHT RESEARCH CYCLE #108
[2026-05-01T12:12:20Z] [INFO] 🔍 Running overnight research protocol (web scraping + cross-symbol analysis)...
[2026-05-01T12:12:21Z] [INFO] 📊 Cycle duration: 0.38s, Files generated: 0
[2026-05-01T12:12:21Z] [WARNING] ⚠️ Database not initialized for cycle counting
[2026-05-01T12:12:21Z] [INFO] 💾 Database updated with cycle results
[2026-05-01T12:12:21Z] [SECTION] ============================================================
[2026-05-01T12:12:21Z] [INFO] 🔮 PHASE: HIDDEN LAYERING DETECTION
[2026-05-01T12:12:21Z] [INFO] 🔗 Hidden layering detection complete. Connections identified: 2
[2026-05-01T12:12:21Z] [SECTION] ============================================================
[2026-05-01T12:12:21Z] [INFO] 🔬 PHASE: DOMAIN CORRELATION ANALYSIS
[2026-05-01T12:12:21Z] [INFO] 📊 Domain correlation matrices created: 2
[2026-05-01T12:12:21Z] [SECTION] ============================================================
[2026-05-01T12:12:21Z] [INFO] 🖼️  PHASE: IMAGE-SEED ANALYSIS
[2026-05-01T12:12:21Z] [INFO] 📂 Image seed analysis bootstrapping from 0 images...
[2026-05-01T12:12:21Z] [SECTION] ============================================================
[2026-05-01T12:12:21Z] [INFO] 📤 PHASE: PUSH COMPONENTS TO TOLARIA
[2026-05-01T12:12:22Z] [INFO] 📦 Components pushed to Tolaria: 5
[2026-05-01T12:12:22Z] [SECTION] ============================================================
[2026-05-01T12:12:22Z] [INFO] 🧩 PHASE: COMPOSER - DOMAIN INTEGRATION SYNTHESIS
[2026-05-01T12:12:44Z] [INFO] 🎨 Domain integrations synthesized: 0
[2026-05-01T12:12:44Z] [SECTION] ============================================================
[2026-05-01T12:12:44Z] [INFO] 🚀 PHASE: ADVANCED OVERNIGHT LOOP
[2026-05-01T12:13:50Z] [INFO] 🔬 Advanced loop completed cycles: 0
[2026-05-01T12:13:50Z] [WARNING] ⚠️  Git commit skipped or failed (git not initialized?): Command '['git', '-C', '/home/avalonas/.hermes/gematria/unified_overnight_research', 'add', '.']' returned non-zero exit status 128.
[2026-05-01T12:13:50Z] [INFO] 
📊 CYCLE #108 SUMMARY
[2026-05-01T12:13:50Z] [INFO] ✅ Successful tasks: 7/7
[2026-05-01T12:13:50Z] [INFO] ⏱️  Cycle duration: 89.70s
[2026-05-01T12:13:50Z] [INFO]    ⚠️ task: result
[2026-05-01T12:13:50Z] [INFO]    ⚠️ task: result
[2026-05-01T12:13:50Z] [INFO]    ⚠️ task: result
[2026-05-01T12:13:50Z] [INFO]    ⚠️ task: result
[2026-05-01T12:13:50Z] [INFO]    ⚠️ task: result
[2026-05-01T12:13:50Z] [INFO]    ⚠️ task: result
[2026-05-01T12:13:50Z] [INFO]    ⚠️ task: result
[2026-05-01T12:13:50Z] [HEADER] ================================================================================
[2026-05-01T12:13:50Z] [INFO] 🔄 OVERNIGHT RESEARCH PIPELINE - CYCLE #109
[2026-05-01T12:13:50Z] [INFO] ================================================================================
[2026-05-01T12:13:50Z] [HEADER] ============================================================
[2026-05-01T12:13:50Z] [INFO] 🌙 STARTING OVERNIGHT RESEARCH CYCLE #109
[2026-05-01T12:13:50Z] [INFO] 🔍 Running overnight research protocol (web scraping + cross-symbol analysis)...
[2026-05-01T12:13:50Z] [INFO] 📊 Cycle duration: 0.24s, Files generated: 1
[2026-05-01T12:13:50Z] [WARNING] ⚠️ Database not initialized for cycle counting
[2026-05-01T12:13:50Z] [INFO] 💾 Database updated with cycle results
[2026-05-01T12:13:50Z] [SECTION] ============================================================
[2026-05-01T12:13:50Z] [INFO] 🔮 PHASE: HIDDEN LAYERING DETECTION
[2026-05-01T12:13:50Z] [INFO] 🔗 Hidden layering detection complete. Connections identified: 2
[2026-05-01T12:13:50Z] [SECTION] ============================================================
[2026-05-01T12:13:50Z] [INFO] 🔬 PHASE: DOMAIN CORRELATION ANALYSIS
[2026-05-01T12:13:51Z] [INFO] 📊 Domain correlation matrices created: 2
[2026-05-01T12:13:51Z] [SECTION] ============================================================
[2026-05-01T12:13:51Z] [INFO] 🖼️  PHASE: IMAGE-SEED ANALYSIS
[2026-05-01T12:13:51Z] [INFO] 📂 Image seed analysis bootstrapping from 0 images...
[2026-05-01T12:13:51Z] [SECTION] ============================================================
[2026-05-01T12:13:51Z] [INFO] 📤 PHASE: PUSH COMPONENTS TO TOLARIA
[2026-05-01T12:13:52Z] [INFO] 📦 Components pushed to Tolaria: 5
[2026-05-01T12:13:52Z] [SECTION] ============================================================
[2026-05-01T12:13:52Z] [INFO] 🧩 PHASE: COMPOSER - DOMAIN INTEGRATION SYNTHESIS
[2026-05-01T12:14:14Z] [INFO] 🎨 Domain integrations synthesized: 0
[2026-05-01T12:14:14Z] [SECTION] ============================================================
[2026-05-01T12:14:14Z] [INFO] 🚀 PHASE: ADVANCED OVERNIGHT LOOP
[2026-05-01T12:15:23Z] [INFO] 🔬 Advanced loop completed cycles: 0
[2026-05-01T12:15:23Z] [WARNING] ⚠️  Git commit skipped or failed (git not initialized?): Command '['git', '-C', '/home/avalonas/.hermes/gematria/unified_overnight_research', 'add', '.']' returned non-zero exit status 128.
[2026-05-01T12:15:23Z] [INFO] 
📊 CYCLE #109 SUMMARY
[2026-05-01T12:15:23Z] [INFO] ✅ Successful tasks: 7/7
[2026-05-01T12:15:23Z] [INFO] ⏱️  Cycle duration: 92.77s
[2026-05-01T12:15:23Z] [INFO]    ⚠️ task: result
[2026-05-01T12:15:23Z] [INFO]    ⚠️ task: result
[2026-05-01T12:15:23Z] [INFO]    ⚠️ task: result
[2026-05-01T12:15:23Z] [INFO]    ⚠️ task: result
[2026-05-01T12:15:23Z] [INFO]    ⚠️ task: result
[2026-05-01T12:15:23Z] [INFO]    ⚠️ task: result
[2026-05-01T12:15:23Z] [INFO]    ⚠️ task: result
[2026-05-01T12:15:23Z] [HEADER] ================================================================================
[2026-05-01T12:15:23Z] [INFO] 🔄 OVERNIGHT RESEARCH PIPELINE - CYCLE #110
[2026-05-01T12:15:23Z] [INFO] ================================================================================
[2026-05-01T12:15:23Z] [HEADER] ============================================================
[2026-05-01T12:15:23Z] [INFO] 🌙 STARTING OVERNIGHT RESEARCH CYCLE #110
[2026-05-01T12:15:23Z] [INFO] 🔍 Running overnight research protocol (web scraping + cross-symbol analysis)...
[2026-05-01T12:15:23Z] [INFO] 📊 Cycle duration: 0.22s, Files generated: 1
[2026-05-01T12:15:23Z] [WARNING] ⚠️ Database not initialized for cycle counting
[2026-05-01T12:15:23Z] [INFO] 💾 Database updated with cycle results
[2026-05-01T12:15:23Z] [SECTION] ============================================================
[2026-05-01T12:15:23Z] [INFO] 🔮 PHASE: HIDDEN LAYERING DETECTION
[2026-05-01T12:15:23Z] [INFO] 🔗 Hidden layering detection complete. Connections identified: 2
[2026-05-01T12:15:23Z] [SECTION] ============================================================
[2026-05-01T12:15:23Z] [INFO] 🔬 PHASE: DOMAIN CORRELATION ANALYSIS
[2026-05-01T12:15:23Z] [INFO] 📊 Domain correlation matrices created: 2
[2026-05-01T12:15:23Z] [SECTION] ============================================================
[2026-05-01T12:15:23Z] [INFO] 🖼️  PHASE: IMAGE-SEED ANALYSIS
[2026-05-01T12:15:23Z] [INFO] 📂 Image seed analysis bootstrapping from 0 images...
[2026-05-01T12:15:23Z] [SECTION] ============================================================
[2026-05-01T12:15:23Z] [INFO] 📤 PHASE: PUSH COMPONENTS TO TOLARIA
[2026-05-01T12:15:24Z] [INFO] 📦 Components pushed to Tolaria: 5
[2026-05-01T12:15:24Z] [SECTION] ============================================================
[2026-05-01T12:15:24Z] [INFO] 🧩 PHASE: COMPOSER - DOMAIN INTEGRATION SYNTHESIS
[2026-05-01T12:15:47Z] [INFO] 🎨 Domain integrations synthesized: 0
[2026-05-01T12:15:47Z] [SECTION] ============================================================
[2026-05-01T12:15:47Z] [INFO] 🚀 PHASE: ADVANCED OVERNIGHT LOOP
[2026-05-01T12:16:57Z] [INFO] 🔬 Advanced loop completed cycles: 0
[2026-05-01T12:16:57Z] [WARNING] ⚠️  Git commit skipped or failed (git not initialized?): Command '['git', '-C', '/home/avalonas/.hermes/gematria/unified_overnight_research', 'add', '.']' returned non-zero exit status 128.
[2026-05-01T12:16:57Z] [INFO] 
📊 CYCLE #110 SUMMARY
[2026-05-01T12:16:57Z] [INFO] ✅ Successful tasks: 7/7
[2026-05-01T12:16:57Z] [INFO] ⏱️  Cycle duration: 93.73s
[2026-05-01T12:16:57Z] [INFO]    ⚠️ task: result
[2026-05-01T12:16:57Z] [INFO]    ⚠️ task: result
[2026-05-01T12:16:57Z] [INFO]    ⚠️ task: result
[2026-05-01T12:16:57Z] [INFO]    ⚠️ task: result
[2026-05-01T12:16:57Z] [INFO]    ⚠️ task: result
[2026-05-01T12:16:57Z] [INFO]    ⚠️ task: result
[2026-05-01T12:16:57Z] [INFO]    ⚠️ task: result
[2026-05-01T12:16:57Z] [HEADER] ================================================================================
[2026-05-01T12:16:57Z] [INFO] 🔄 OVERNIGHT RESEARCH PIPELINE - CYCLE #111
[2026-05-01T12:16:57Z] [INFO] ================================================================================
[2026-05-01T12:16:57Z] [HEADER] ============================================================
[2026-05-01T12:16:57Z] [INFO] 🌙 STARTING OVERNIGHT RESEARCH CYCLE #111
[2026-05-01T12:16:57Z] [INFO] 🔍 Running overnight research protocol (web scraping + cross-symbol analysis)...
[2026-05-01T12:16:57Z] [INFO] 📊 Cycle duration: 0.36s, Files generated: 1
[2026-05-01T12:16:57Z] [WARNING] ⚠️ Database not initialized for cycle counting
[2026-05-01T12:16:57Z] [INFO] 💾 Database updated with cycle results
[2026-05-01T12:16:57Z] [SECTION] ============================================================
[2026-05-01T12:16:57Z] [INFO] 🔮 PHASE: HIDDEN LAYERING DETECTION
[2026-05-01T12:16:57Z] [INFO] 🔗 Hidden layering detection complete. Connections identified: 2
[2026-05-01T12:16:57Z] [SECTION] ============================================================
[2026-05-01T12:16:57Z] [INFO] 🔬 PHASE: DOMAIN CORRELATION ANALYSIS
[2026-05-01T12:16:57Z] [INFO] 📊 Domain correlation matrices created: 2
[2026-05-01T12:16:57Z] [SECTION] ============================================================
[2026-05-01T12:16:57Z] [INFO] 🖼️  PHASE: IMAGE-SEED ANALYSIS
[2026-05-01T12:16:57Z] [INFO] 📂 Image seed analysis bootstrapping from 0 images...
[2026-05-01T12:16:57Z] [SECTION] ============================================================
[2026-05-01T12:16:57Z] [INFO] 📤 PHASE: PUSH COMPONENTS TO TOLARIA
[2026-05-01T12:16:58Z] [INFO] 📦 Components pushed to Tolaria: 5
[2026-05-01T12:16:58Z] [SECTION] ============================================================
[2026-05-01T12:16:58Z] [INFO] 🧩 PHASE: COMPOSER - DOMAIN INTEGRATION SYNTHESIS
[2026-05-01T12:17:21Z] [INFO] 🎨 Domain integrations synthesized: 0
[2026-05-01T12:17:21Z] [SECTION] ============================================================
[2026-05-01T12:17:21Z] [INFO] 🚀 PHASE: ADVANCED OVERNIGHT LOOP
[2026-05-01T12:18:30Z] [INFO] 🔬 Advanced loop completed cycles: 0
[2026-05-01T12:18:30Z] [WARNING] ⚠️  Git commit skipped or failed (git not initialized?): Command '['git', '-C', '/home/avalonas/.hermes/gematria/unified_overnight_research', 'add', '.']' returned non-zero exit status 128.
[2026-05-01T12:18:30Z] [INFO] 
📊 CYCLE #111 SUMMARY
[2026-05-01T12:18:30Z] [INFO] ✅ Successful tasks: 7/7
[2026-05-01T12:18:30Z] [INFO] ⏱️  Cycle duration: 93.12s
[2026-05-01T12:18:30Z] [INFO]    ⚠️ task: result
[2026-05-01T12:18:30Z] [INFO]    ⚠️ task: result
[2026-05-01T12:18:30Z] [INFO]    ⚠️ task: result
[2026-05-01T12:18:30Z] [INFO]    ⚠️ task: result
[2026-05-01T12:18:30Z] [INFO]    ⚠️ task: result
[2026-05-01T12:18:30Z] [INFO]    ⚠️ task: result
[2026-05-01T12:18:30Z] [INFO]    ⚠️ task: result
[2026-05-01T12:18:30Z] [HEADER] ================================================================================
[2026-05-01T12:18:30Z] [INFO] 🔄 OVERNIGHT RESEARCH PIPELINE - CYCLE #112
[2026-05-01T12:18:30Z] [INFO] ================================================================================
[2026-05-01T12:18:30Z] [HEADER] ============================================================
[2026-05-01T12:18:30Z] [INFO] 🌙 STARTING OVERNIGHT RESEARCH CYCLE #112
[2026-05-01T12:18:30Z] [INFO] 🔍 Running overnight research protocol (web scraping + cross-symbol analysis)...
[2026-05-01T12:18:30Z] [INFO] 📊 Cycle duration: 0.36s, Files generated: 1
[2026-05-01T12:18:30Z] [WARNING] ⚠️ Database not initialized for cycle counting
[2026-05-01T12:18:30Z] [INFO] 💾 Database updated with cycle results
[2026-05-01T12:18:30Z] [SECTION] ============================================================
[2026-05-01T12:18:30Z] [INFO] 🔮 PHASE: HIDDEN LAYERING DETECTION
[2026-05-01T12:18:30Z] [INFO] 🔗 Hidden layering detection complete. Connections identified: 2
[2026-05-01T12:18:30Z] [SECTION] ============================================================
[2026-05-01T12:18:30Z] [INFO] 🔬 PHASE: DOMAIN CORRELATION ANALYSIS
[2026-05-01T12:18:30Z] [INFO] 📊 Domain correlation matrices created: 2
[2026-05-01T12:18:30Z] [SECTION] ============================================================
[2026-05-01T12:18:30Z] [INFO] 🖼️  PHASE: IMAGE-SEED ANALYSIS
[2026-05-01T12:18:30Z] [INFO] 📂 Image seed analysis bootstrapping from 0 images...
[2026-05-01T12:18:30Z] [SECTION] ============================================================
[2026-05-01T12:18:30Z] [INFO] 📤 PHASE: PUSH COMPONENTS TO TOLARIA
[2026-05-01T12:18:31Z] [INFO] 📦 Components pushed to Tolaria: 5
[2026-05-01T12:18:31Z] [SECTION] ============================================================
[2026-05-01T12:18:31Z] [INFO] 🧩 PHASE: COMPOSER - DOMAIN INTEGRATION SYNTHESIS
[2026-05-01T12:18:53Z] [INFO] 🎨 Domain integrations synthesized: 0
[2026-05-01T12:18:53Z] [SECTION] ============================================================
[2026-05-01T12:18:53Z] [INFO] 🚀 PHASE: ADVANCED OVERNIGHT LOOP
[2026-05-01T12:20:01Z] [INFO] 🔬 Advanced loop completed cycles: 0
[2026-05-01T12:20:01Z] [WARNING] ⚠️  Git commit skipped or failed (git not initialized?): Command '['git', '-C', '/home/avalonas/.hermes/gematria/unified_overnight_research', 'add', '.']' returned non-zero exit status 128.
[2026-05-01T12:20:01Z] [INFO] 
📊 CYCLE #112 SUMMARY
[2026-05-01T12:20:01Z] [INFO] ✅ Successful tasks: 7/7
[2026-05-01T12:20:01Z] [INFO] ⏱️  Cycle duration: 91.64s
[2026-05-01T12:20:01Z] [INFO]    ⚠️ task: result
[2026-05-01T12:20:01Z] [INFO]    ⚠️ task: result
[2026-05-01T12:20:01Z] [INFO]    ⚠️ task: result
[2026-05-01T12:20:01Z] [INFO]    ⚠️ task: result
[2026-05-01T12:20:01Z] [INFO]    ⚠️ task: result
[2026-05-01T12:20:01Z] [INFO]    ⚠️ task: result
[2026-05-01T12:20:01Z] [INFO]    ⚠️ task: result
[2026-05-01T12:20:01Z] [HEADER] ================================================================================
[2026-05-01T12:20:01Z] [INFO] 🔄 OVERNIGHT RESEARCH PIPELINE - CYCLE #113
[2026-05-01T12:20:01Z] [INFO] ================================================================================
[2026-05-01T12:20:01Z] [HEADER] ============================================================
[2026-05-01T12:20:01Z] [INFO] 🌙 STARTING OVERNIGHT RESEARCH CYCLE #113
[2026-05-01T12:20:01Z] [INFO] 🔍 Running overnight research protocol (web scraping + cross-symbol analysis)...
[2026-05-01T12:20:02Z] [INFO] 📊 Cycle duration: 0.20s, Files generated: 0
[2026-05-01T12:20:02Z] [WARNING] ⚠️ Database not initialized for cycle counting
[2026-05-01T12:20:02Z] [INFO] 💾 Database updated with cycle results
[2026-05-01T12:20:02Z] [SECTION] ============================================================
[2026-05-01T12:20:02Z] [INFO] 🔮 PHASE: HIDDEN LAYERING DETECTION
[2026-05-01T12:20:02Z] [INFO] 🔗 Hidden layering detection complete. Connections identified: 2
[2026-05-01T12:20:02Z] [SECTION] ============================================================
[2026-05-01T12:20:02Z] [INFO] 🔬 PHASE: DOMAIN CORRELATION ANALYSIS
[2026-05-01T12:20:02Z] [INFO] 📊 Domain correlation matrices created: 2
[2026-05-01T12:20:02Z] [SECTION] ============================================================
[2026-05-01T12:20:02Z] [INFO] 🖼️  PHASE: IMAGE-SEED ANALYSIS
[2026-05-01T12:20:02Z] [INFO] 📂 Image seed analysis bootstrapping from 0 images...
[2026-05-01T12:20:02Z] [SECTION] ============================================================
[2026-05-01T12:20:02Z] [INFO] 📤 PHASE: PUSH COMPONENTS TO TOLARIA
[2026-05-01T12:20:03Z] [INFO] 📦 Components pushed to Tolaria: 5
[2026-05-01T12:20:03Z] [SECTION] ============================================================
[2026-05-01T12:20:03Z] [INFO] 🧩 PHASE: COMPOSER - DOMAIN INTEGRATION SYNTHESIS
[2026-05-01T12:20:25Z] [INFO] 🎨 Domain integrations synthesized: 0
[2026-05-01T12:20:25Z] [SECTION] ============================================================
[2026-05-01T12:20:25Z] [INFO] 🚀 PHASE: ADVANCED OVERNIGHT LOOP
[2026-05-01T12:21:31Z] [INFO] 🔬 Advanced loop completed cycles: 0
[2026-05-01T12:21:31Z] [WARNING] ⚠️  Git commit skipped or failed (git not initialized?): Command '['git', '-C', '/home/avalonas/.hermes/gematria/unified_overnight_research', 'commit', '-m', '[2026-05-01T12:21:31Z] Cycle 112: Cycle 113: Web research + hidden layering detection']' returned non-zero exit status 128.
[2026-05-01T12:21:31Z] [INFO] 
📊 CYCLE #113 SUMMARY
[2026-05-01T12:21:31Z] [INFO] ✅ Successful tasks: 7/7
[2026-05-01T12:21:31Z] [INFO] ⏱️  Cycle duration: 89.41s
[2026-05-01T12:21:31Z] [INFO]    ⚠️ task: result
[2026-05-01T12:21:31Z] [INFO]    ⚠️ task: result
[2026-05-01T12:21:31Z] [INFO]    ⚠️ task: result
[2026-05-01T12:21:31Z] [INFO]    ⚠️ task: result
[2026-05-01T12:21:31Z] [INFO]    ⚠️ task: result
[2026-05-01T12:21:31Z] [INFO]    ⚠️ task: result
[2026-05-01T12:21:31Z] [INFO]    ⚠️ task: result
[2026-05-01T12:21:31Z] [HEADER] ================================================================================
[2026-05-01T12:21:31Z] [INFO] 🔄 OVERNIGHT RESEARCH PIPELINE - CYCLE #114
[2026-05-01T12:21:31Z] [INFO] ================================================================================
[2026-05-01T12:21:31Z] [HEADER] ============================================================
[2026-05-01T12:21:31Z] [INFO] 🌙 STARTING OVERNIGHT RESEARCH CYCLE #114
[2026-05-01T12:21:31Z] [INFO] 🔍 Running overnight research protocol (web scraping + cross-symbol analysis)...
[2026-05-01T12:21:31Z] [INFO] 📊 Cycle duration: 0.22s, Files generated: 0
[2026-05-01T12:21:31Z] [WARNING] ⚠️ Database not initialized for cycle counting
[2026-05-01T12:21:31Z] [INFO] 💾 Database updated with cycle results
[2026-05-01T12:21:31Z] [SECTION] ============================================================
[2026-05-01T12:21:31Z] [INFO] 🔮 PHASE: HIDDEN LAYERING DETECTION
[2026-05-01T12:21:31Z] [INFO] 🔗 Hidden layering detection complete. Connections identified: 2
[2026-05-01T12:21:31Z] [SECTION] ============================================================
[2026-05-01T12:21:31Z] [INFO] 🔬 PHASE: DOMAIN CORRELATION ANALYSIS
[2026-05-01T12:21:31Z] [INFO] 📊 Domain correlation matrices created: 2
[2026-05-01T12:21:31Z] [SECTION] ============================================================
[2026-05-01T12:21:31Z] [INFO] 🖼️  PHASE: IMAGE-SEED ANALYSIS
[2026-05-01T12:21:31Z] [INFO] 📂 Image seed analysis bootstrapping from 0 images...
[2026-05-01T12:21:31Z] [SECTION] ============================================================
[2026-05-01T12:21:31Z] [INFO] 📤 PHASE: PUSH COMPONENTS TO TOLARIA
[2026-05-01T12:21:32Z] [INFO] 📦 Components pushed to Tolaria: 5
[2026-05-01T12:21:32Z] [SECTION] ============================================================
[2026-05-01T12:21:32Z] [INFO] 🧩 PHASE: COMPOSER - DOMAIN INTEGRATION SYNTHESIS
[2026-05-01T12:21:55Z] [INFO] 🎨 Domain integrations synthesized: 0
[2026-05-01T12:21:55Z] [SECTION] ============================================================
[2026-05-01T12:21:55Z] [INFO] 🚀 PHASE: ADVANCED OVERNIGHT LOOP
[2026-05-01T12:23:05Z] [INFO] 🔬 Advanced loop completed cycles: 0
[2026-05-01T12:23:05Z] [WARNING] ⚠️  Git commit skipped or failed (git not initialized?): Command '['git', '-C', '/home/avalonas/.hermes/gematria/unified_overnight_research', 'commit', '-m', '[2026-05-01T12:23:05Z] Cycle 113: Cycle 114: Web research + hidden layering detection']' returned non-zero exit status 1.
[2026-05-01T12:23:05Z] [INFO] 
📊 CYCLE #114 SUMMARY
[2026-05-01T12:23:05Z] [INFO] ✅ Successful tasks: 7/7
[2026-05-01T12:23:05Z] [INFO] ⏱️  Cycle duration: 93.92s
[2026-05-01T12:23:05Z] [INFO]    ⚠️ task: result
[2026-05-01T12:23:05Z] [INFO]    ⚠️ task: result
[2026-05-01T12:23:05Z] [INFO]    ⚠️ task: result
[2026-05-01T12:23:05Z] [INFO]    ⚠️ task: result
[2026-05-01T12:23:05Z] [INFO]    ⚠️ task: result
[2026-05-01T12:23:05Z] [INFO]    ⚠️ task: result
[2026-05-01T12:23:05Z] [INFO]    ⚠️ task: result
[2026-05-01T12:23:05Z] [HEADER] ================================================================================
[2026-05-01T12:23:05Z] [INFO] 🔄 OVERNIGHT RESEARCH PIPELINE - CYCLE #115
[2026-05-01T12:23:05Z] [INFO] ================================================================================
[2026-05-01T12:23:05Z] [HEADER] ============================================================
[2026-05-01T12:23:05Z] [INFO] 🌙 STARTING OVERNIGHT RESEARCH CYCLE #115
[2026-05-01T12:23:05Z] [INFO] 🔍 Running overnight research protocol (web scraping + cross-symbol analysis)...
[2026-05-01T12:23:05Z] [INFO] 📊 Cycle duration: 0.22s, Files generated: 1
[2026-05-01T12:23:05Z] [WARNING] ⚠️ Database not initialized for cycle counting
[2026-05-01T12:23:05Z] [INFO] 💾 Database updated with cycle results
[2026-05-01T12:23:05Z] [SECTION] ============================================================
[2026-05-01T12:23:05Z] [INFO] 🔮 PHASE: HIDDEN LAYERING DETECTION
[2026-05-01T12:23:05Z] [INFO] 🔗 Hidden layering detection complete. Connections identified: 2
[2026-05-01T12:23:05Z] [SECTION] ============================================================
[2026-05-01T12:23:05Z] [INFO] 🔬 PHASE: DOMAIN CORRELATION ANALYSIS
[2026-05-01T12:23:05Z] [INFO] 📊 Domain correlation matrices created: 2
[2026-05-01T12:23:05Z] [SECTION] ============================================================
[2026-05-01T12:23:05Z] [INFO] 🖼️  PHASE: IMAGE-SEED ANALYSIS
[2026-05-01T12:23:05Z] [INFO] 📂 Image seed analysis bootstrapping from 0 images...
[2026-05-01T12:23:05Z] [SECTION] ============================================================
[2026-05-01T12:23:05Z] [INFO] 📤 PHASE: PUSH COMPONENTS TO TOLARIA
[2026-05-01T12:23:06Z] [INFO] 📦 Components pushed to Tolaria: 5
[2026-05-01T12:23:06Z] [SECTION] ============================================================
[2026-05-01T12:23:06Z] [INFO] 🧩 PHASE: COMPOSER - DOMAIN INTEGRATION SYNTHESIS
[2026-05-01T12:23:28Z] [INFO] 🎨 Domain integrations synthesized: 0
[2026-05-01T12:23:28Z] [SECTION] ============================================================
[2026-05-01T12:23:28Z] [INFO] 🚀 PHASE: ADVANCED OVERNIGHT LOOP
[2026-05-01T12:24:36Z] [INFO] 🔬 Advanced loop completed cycles: 0
[2026-05-01T12:24:37Z] [WARNING] ⚠️  Git commit skipped or failed (git not initialized?): Command '['git', '-C', '/home/avalonas/.hermes/gematria/unified_overnight_research', 'commit', '-m', '[2026-05-01T12:24:37Z] Cycle 114: Cycle 115: Web research + hidden layering detection']' returned non-zero exit status 1.
[2026-05-01T12:24:37Z] [INFO] 
📊 CYCLE #115 SUMMARY
[2026-05-01T12:24:37Z] [INFO] ✅ Successful tasks: 7/7
[2026-05-01T12:24:37Z] [INFO] ⏱️  Cycle duration: 91.89s
[2026-05-01T12:24:37Z] [INFO]    ⚠️ task: result
[2026-05-01T12:24:37Z] [INFO]    ⚠️ task: result
[2026-05-01T12:24:37Z] [INFO]    ⚠️ task: result
[2026-05-01T12:24:37Z] [INFO]    ⚠️ task: result
[2026-05-01T12:24:37Z] [INFO]    ⚠️ task: result
[2026-05-01T12:24:37Z] [INFO]    ⚠️ task: result
[2026-05-01T12:24:37Z] [INFO]    ⚠️ task: result
[2026-05-01T12:24:37Z] [HEADER] ================================================================================
[2026-05-01T12:24:37Z] [INFO] 🔄 OVERNIGHT RESEARCH PIPELINE - CYCLE #116
[2026-05-01T12:24:37Z] [INFO] ================================================================================
[2026-05-01T12:24:37Z] [HEADER] ============================================================
[2026-05-01T12:24:37Z] [INFO] 🌙 STARTING OVERNIGHT RESEARCH CYCLE #116
[2026-05-01T12:24:37Z] [INFO] 🔍 Running overnight research protocol (web scraping + cross-symbol analysis)...
[2026-05-01T12:24:37Z] [INFO] 📊 Cycle duration: 0.35s, Files generated: 1
[2026-05-01T12:24:37Z] [WARNING] ⚠️ Database not initialized for cycle counting
[2026-05-01T12:24:37Z] [INFO] 💾 Database updated with cycle results
[2026-05-01T12:24:37Z] [SECTION] ============================================================
[2026-05-01T12:24:37Z] [INFO] 🔮 PHASE: HIDDEN LAYERING DETECTION
[2026-05-01T12:24:37Z] [INFO] 🔗 Hidden layering detection complete. Connections identified: 2
[2026-05-01T12:24:37Z] [SECTION] ============================================================
[2026-05-01T12:24:37Z] [INFO] 🔬 PHASE: DOMAIN CORRELATION ANALYSIS
[2026-05-01T12:24:37Z] [INFO] 📊 Domain correlation matrices created: 2
[2026-05-01T12:24:37Z] [SECTION] ============================================================
[2026-05-01T12:24:37Z] [INFO] 🖼️  PHASE: IMAGE-SEED ANALYSIS
[2026-05-01T12:24:37Z] [INFO] 📂 Image seed analysis bootstrapping from 0 images...
[2026-05-01T12:24:37Z] [SECTION] ============================================================
[2026-05-01T12:24:37Z] [INFO] 📤 PHASE: PUSH COMPONENTS TO TOLARIA
[2026-05-01T12:24:38Z] [INFO] 📦 Components pushed to Tolaria: 5
[2026-05-01T12:24:38Z] [SECTION] ============================================================
[2026-05-01T12:24:38Z] [INFO] 🧩 PHASE: COMPOSER - DOMAIN INTEGRATION SYNTHESIS
[2026-05-01T12:25:00Z] [INFO] 🎨 Domain integrations synthesized: 0
[2026-05-01T12:25:00Z] [SECTION] ============================================================
[2026-05-01T12:25:00Z] [INFO] 🚀 PHASE: ADVANCED OVERNIGHT LOOP
[2026-05-01T12:26:06Z] [INFO] 🔬 Advanced loop completed cycles: 0
[2026-05-01T12:26:06Z] [WARNING] ⚠️  Git commit skipped or failed (git not initialized?): Command '['git', '-C', '/home/avalonas/.hermes/gematria/unified_overnight_research', 'add', '.']' returned non-zero exit status 128.
[2026-05-01T12:26:06Z] [INFO] 
📊 CYCLE #116 SUMMARY
[2026-05-01T12:26:06Z] [INFO] ✅ Successful tasks: 7/7
[2026-05-01T12:26:06Z] [INFO] ⏱️  Cycle duration: 89.02s
[2026-05-01T12:26:06Z] [INFO]    ⚠️ task: result
[2026-05-01T12:26:06Z] [INFO]    ⚠️ task: result
[2026-05-01T12:26:06Z] [INFO]    ⚠️ task: result
[2026-05-01T12:26:06Z] [INFO]    ⚠️ task: result
[2026-05-01T12:26:06Z] [INFO]    ⚠️ task: result
[2026-05-01T12:26:06Z] [INFO]    ⚠️ task: result
[2026-05-01T12:26:06Z] [INFO]    ⚠️ task: result
[2026-05-01T12:26:06Z] [HEADER] ================================================================================
[2026-05-01T12:26:06Z] [INFO] 🔄 OVERNIGHT RESEARCH PIPELINE - CYCLE #117
[2026-05-01T12:26:06Z] [INFO] ================================================================================
[2026-05-01T12:26:06Z] [HEADER] ============================================================
[2026-05-01T12:26:06Z] [INFO] 🌙 STARTING OVERNIGHT RESEARCH CYCLE #117
[2026-05-01T12:26:06Z] [INFO] 🔍 Running overnight research protocol (web scraping + cross-symbol analysis)...
[2026-05-01T12:26:06Z] [INFO] 📊 Cycle duration: 0.18s, Files generated: 0
[2026-05-01T12:26:06Z] [WARNING] ⚠️ Database not initialized for cycle counting
[2026-05-01T12:26:06Z] [INFO] 💾 Database updated with cycle results
[2026-05-01T12:26:06Z] [SECTION] ============================================================
[2026-05-01T12:26:06Z] [INFO] 🔮 PHASE: HIDDEN LAYERING DETECTION
[2026-05-01T12:26:06Z] [INFO] 🔗 Hidden layering detection complete. Connections identified: 2
[2026-05-01T12:26:06Z] [SECTION] ============================================================
[2026-05-01T12:26:06Z] [INFO] 🔬 PHASE: DOMAIN CORRELATION ANALYSIS
[2026-05-01T12:26:06Z] [INFO] 📊 Domain correlation matrices created: 2
[2026-05-01T12:26:06Z] [SECTION] ============================================================
[2026-05-01T12:26:06Z] [INFO] 🖼️  PHASE: IMAGE-SEED ANALYSIS
[2026-05-01T12:26:06Z] [INFO] 📂 Image seed analysis bootstrapping from 0 images...
[2026-05-01T12:26:06Z] [SECTION] ============================================================
[2026-05-01T12:26:06Z] [INFO] 📤 PHASE: PUSH COMPONENTS TO TOLARIA
[2026-05-01T12:26:07Z] [INFO] 📦 Components pushed to Tolaria: 5
[2026-05-01T12:26:07Z] [SECTION] ============================================================
[2026-05-01T12:26:07Z] [INFO] 🧩 PHASE: COMPOSER - DOMAIN INTEGRATION SYNTHESIS
[2026-05-01T12:26:30Z] [INFO] 🎨 Domain integrations synthesized: 0
[2026-05-01T12:26:30Z] [SECTION] ============================================================
[2026-05-01T12:26:30Z] [INFO] 🚀 PHASE: ADVANCED OVERNIGHT LOOP
[2026-05-01T12:27:35Z] [INFO] 🔬 Advanced loop completed cycles: 0
[2026-05-01T12:27:35Z] [WARNING] ⚠️  Git commit skipped or failed (git not initialized?): Command '['git', '-C', '/home/avalonas/.hermes/gematria/unified_overnight_research', 'add', '.']' returned non-zero exit status 128.
[2026-05-01T12:27:35Z] [INFO] 
📊 CYCLE #117 SUMMARY
[2026-05-01T12:27:35Z] [INFO] ✅ Successful tasks: 7/7
[2026-05-01T12:27:35Z] [INFO] ⏱️  Cycle duration: 89.02s
[2026-05-01T12:27:35Z] [INFO]    ⚠️ task: result
[2026-05-01T12:27:35Z] [INFO]    ⚠️ task: result
[2026-05-01T12:27:35Z] [INFO]    ⚠️ task: result
[2026-05-01T12:27:35Z] [INFO]    ⚠️ task: result
[2026-05-01T12:27:35Z] [INFO]    ⚠️ task: result
[2026-05-01T12:27:35Z] [INFO]    ⚠️ task: result
[2026-05-01T12:27:35Z] [INFO]    ⚠️ task: result
[2026-05-01T12:27:35Z] [HEADER] ================================================================================
[2026-05-01T12:27:35Z] [INFO] 🔄 OVERNIGHT RESEARCH PIPELINE - CYCLE #118
[2026-05-01T12:27:35Z] [INFO] ================================================================================
[2026-05-01T12:27:35Z] [HEADER] ============================================================
[2026-05-01T12:27:35Z] [INFO] 🌙 STARTING OVERNIGHT RESEARCH CYCLE #118
[2026-05-01T12:27:35Z] [INFO] 🔍 Running overnight research protocol (web scraping + cross-symbol analysis)...
[2026-05-01T12:27:35Z] [INFO] 📊 Cycle duration: 0.39s, Files generated: 1
[2026-05-01T12:27:35Z] [WARNING] ⚠️ Database not initialized for cycle counting
[2026-05-01T12:27:35Z] [INFO] 💾 Database updated with cycle results
[2026-05-01T12:27:35Z] [SECTION] ============================================================
[2026-05-01T12:27:35Z] [INFO] 🔮 PHASE: HIDDEN LAYERING DETECTION
[2026-05-01T12:27:35Z] [INFO] 🔗 Hidden layering detection complete. Connections identified: 2
[2026-05-01T12:27:35Z] [SECTION] ============================================================
[2026-05-01T12:27:35Z] [INFO] 🔬 PHASE: DOMAIN CORRELATION ANALYSIS
[2026-05-01T12:27:35Z] [INFO] 📊 Domain correlation matrices created: 2
[2026-05-01T12:27:35Z] [SECTION] ============================================================
[2026-05-01T12:27:35Z] [INFO] 🖼️  PHASE: IMAGE-SEED ANALYSIS
[2026-05-01T12:27:35Z] [INFO] 📂 Image seed analysis bootstrapping from 0 images...
[2026-05-01T12:27:35Z] [SECTION] ============================================================
[2026-05-01T12:27:35Z] [INFO] 📤 PHASE: PUSH COMPONENTS TO TOLARIA
[2026-05-01T12:27:36Z] [INFO] 📦 Components pushed to Tolaria: 5
[2026-05-01T12:27:36Z] [SECTION] ============================================================
[2026-05-01T12:27:36Z] [INFO] 🧩 PHASE: COMPOSER - DOMAIN INTEGRATION SYNTHESIS
[2026-05-01T12:27:59Z] [INFO] 🎨 Domain integrations synthesized: 0
[2026-05-01T12:27:59Z] [SECTION] ============================================================
[2026-05-01T12:27:59Z] [INFO] 🚀 PHASE: ADVANCED OVERNIGHT LOOP
[2026-05-01T12:29:04Z] [INFO] 🔬 Advanced loop completed cycles: 0
[2026-05-01T12:29:04Z] [WARNING] ⚠️  Git commit skipped or failed (git not initialized?): Command '['git', '-C', '/home/avalonas/.hermes/gematria/unified_overnight_research', 'add', '.']' returned non-zero exit status 128.
[2026-05-01T12:29:04Z] [INFO] 
📊 CYCLE #118 SUMMARY
[2026-05-01T12:29:04Z] [INFO] ✅ Successful tasks: 7/7
[2026-05-01T12:29:04Z] [INFO] ⏱️  Cycle duration: 89.73s
[2026-05-01T12:29:04Z] [INFO]    ⚠️ task: result
[2026-05-01T12:29:04Z] [INFO]    ⚠️ task: result
[2026-05-01T12:29:04Z] [INFO]    ⚠️ task: result
[2026-05-01T12:29:04Z] [INFO]    ⚠️ task: result
[2026-05-01T12:29:04Z] [INFO]    ⚠️ task: result
[2026-05-01T12:29:04Z] [INFO]    ⚠️ task: result
[2026-05-01T12:29:04Z] [INFO]    ⚠️ task: result
[2026-05-01T12:29:04Z] [HEADER] ================================================================================
[2026-05-01T12:29:04Z] [INFO] 🔄 OVERNIGHT RESEARCH PIPELINE - CYCLE #119
[2026-05-01T12:29:04Z] [INFO] ================================================================================
[2026-05-01T12:29:04Z] [HEADER] ============================================================
[2026-05-01T12:29:04Z] [INFO] 🌙 STARTING OVERNIGHT RESEARCH CYCLE #119
[2026-05-01T12:29:04Z] [INFO] 🔍 Running overnight research protocol (web scraping + cross-symbol analysis)...
[2026-05-01T12:29:05Z] [INFO] 📊 Cycle duration: 0.28s, Files generated: 1
[2026-05-01T12:29:05Z] [WARNING] ⚠️ Database not initialized for cycle counting
[2026-05-01T12:29:05Z] [INFO] 💾 Database updated with cycle results
[2026-05-01T12:29:05Z] [SECTION] ============================================================
[2026-05-01T12:29:05Z] [INFO] 🔮 PHASE: HIDDEN LAYERING DETECTION
[2026-05-01T12:29:05Z] [INFO] 🔗 Hidden layering detection complete. Connections identified: 2
[2026-05-01T12:29:05Z] [SECTION] ============================================================
[2026-05-01T12:29:05Z] [INFO] 🔬 PHASE: DOMAIN CORRELATION ANALYSIS
[2026-05-01T12:29:05Z] [INFO] 📊 Domain correlation matrices created: 2
[2026-05-01T12:29:05Z] [SECTION] ============================================================
[2026-05-01T12:29:05Z] [INFO] 🖼️  PHASE: IMAGE-SEED ANALYSIS
[2026-05-01T12:29:05Z] [INFO] 📂 Image seed analysis bootstrapping from 0 images...
[2026-05-01T12:29:05Z] [SECTION] ============================================================
[2026-05-01T12:29:05Z] [INFO] 📤 PHASE: PUSH COMPONENTS TO TOLARIA
[2026-05-01T12:29:06Z] [INFO] 📦 Components pushed to Tolaria: 5
[2026-05-01T12:29:06Z] [SECTION] ============================================================
[2026-05-01T12:29:06Z] [INFO] 🧩 PHASE: COMPOSER - DOMAIN INTEGRATION SYNTHESIS
[2026-05-01T12:29:28Z] [INFO] 🎨 Domain integrations synthesized: 0
[2026-05-01T12:29:28Z] [SECTION] ============================================================
[2026-05-01T12:29:28Z] [INFO] 🚀 PHASE: ADVANCED OVERNIGHT LOOP
[2026-05-01T12:30:34Z] [INFO] 🔬 Advanced loop completed cycles: 0
[2026-05-01T12:30:34Z] [WARNING] ⚠️  Git commit skipped or failed (git not initialized?): Command '['git', '-C', '/home/avalonas/.hermes/gematria/unified_overnight_research', 'add', '.']' returned non-zero exit status 128.
[2026-05-01T12:30:34Z] [INFO] 
📊 CYCLE #119 SUMMARY
[2026-05-01T12:30:34Z] [INFO] ✅ Successful tasks: 7/7
[2026-05-01T12:30:34Z] [INFO] ⏱️  Cycle duration: 89.75s
[2026-05-01T12:30:34Z] [INFO]    ⚠️ task: result
[2026-05-01T12:30:34Z] [INFO]    ⚠️ task: result
[2026-05-01T12:30:34Z] [INFO]    ⚠️ task: result
[2026-05-01T12:30:34Z] [INFO]    ⚠️ task: result
[2026-05-01T12:30:34Z] [INFO]    ⚠️ task: result
[2026-05-01T12:30:34Z] [INFO]    ⚠️ task: result
[2026-05-01T12:30:34Z] [INFO]    ⚠️ task: result
[2026-05-01T12:30:34Z] [HEADER] ================================================================================
[2026-05-01T12:30:34Z] [INFO] 🔄 OVERNIGHT RESEARCH PIPELINE - CYCLE #120
[2026-05-01T12:30:34Z] [INFO] ================================================================================
[2026-05-01T12:30:34Z] [HEADER] ============================================================
[2026-05-01T12:30:34Z] [INFO] 🌙 STARTING OVERNIGHT RESEARCH CYCLE #120
[2026-05-01T12:30:34Z] [INFO] 🔍 Running overnight research protocol (web scraping + cross-symbol analysis)...
[2026-05-01T12:30:34Z] [INFO] 📊 Cycle duration: 0.26s, Files generated: 1
[2026-05-01T12:30:34Z] [WARNING] ⚠️ Database not initialized for cycle counting
[2026-05-01T12:30:34Z] [INFO] 💾 Database updated with cycle results
[2026-05-01T12:30:34Z] [SECTION] ============================================================
[2026-05-01T12:30:34Z] [INFO] 🔮 PHASE: HIDDEN LAYERING DETECTION
[2026-05-01T12:30:35Z] [INFO] 🔗 Hidden layering detection complete. Connections identified: 2
[2026-05-01T12:30:35Z] [SECTION] ============================================================
[2026-05-01T12:30:35Z] [INFO] 🔬 PHASE: DOMAIN CORRELATION ANALYSIS
[2026-05-01T12:30:35Z] [INFO] 📊 Domain correlation matrices created: 2
[2026-05-01T12:30:35Z] [SECTION] ============================================================
[2026-05-01T12:30:35Z] [INFO] 🖼️  PHASE: IMAGE-SEED ANALYSIS
[2026-05-01T12:30:35Z] [INFO] 📂 Image seed analysis bootstrapping from 0 images...
[2026-05-01T12:30:35Z] [SECTION] ============================================================
[2026-05-01T12:30:35Z] [INFO] 📤 PHASE: PUSH COMPONENTS TO TOLARIA
[2026-05-01T12:30:35Z] [INFO] 📦 Components pushed to Tolaria: 5
[2026-05-01T12:30:35Z] [SECTION] ============================================================
[2026-05-01T12:30:35Z] [INFO] 🧩 PHASE: COMPOSER - DOMAIN INTEGRATION SYNTHESIS
[2026-05-01T12:30:57Z] [INFO] 🎨 Domain integrations synthesized: 0
[2026-05-01T12:30:57Z] [SECTION] ============================================================
[2026-05-01T12:30:57Z] [INFO] 🚀 PHASE: ADVANCED OVERNIGHT LOOP
[2026-05-01T12:32:06Z] [INFO] 🔬 Advanced loop completed cycles: 0
[2026-05-01T12:32:06Z] [WARNING] ⚠️  Git commit skipped or failed (git not initialized?): Command '['git', '-C', '/home/avalonas/.hermes/gematria/unified_overnight_research', 'add', '.']' returned non-zero exit status 128.
[2026-05-01T12:32:06Z] [INFO] 
📊 CYCLE #120 SUMMARY
[2026-05-01T12:32:06Z] [INFO] ✅ Successful tasks: 7/7
[2026-05-01T12:32:06Z] [INFO] ⏱️  Cycle duration: 91.76s
[2026-05-01T12:32:06Z] [INFO]    ⚠️ task: result
[2026-05-01T12:32:06Z] [INFO]    ⚠️ task: result
[2026-05-01T12:32:06Z] [INFO]    ⚠️ task: result
[2026-05-01T12:32:06Z] [INFO]    ⚠️ task: result
[2026-05-01T12:32:06Z] [INFO]    ⚠️ task: result
[2026-05-01T12:32:06Z] [INFO]    ⚠️ task: result
[2026-05-01T12:32:06Z] [INFO]    ⚠️ task: result
[2026-05-01T12:32:06Z] [HEADER] ================================================================================
[2026-05-01T12:32:06Z] [INFO] 🔄 OVERNIGHT RESEARCH PIPELINE - CYCLE #121
[2026-05-01T12:32:06Z] [INFO] ================================================================================
[2026-05-01T12:32:06Z] [HEADER] ============================================================
[2026-05-01T12:32:06Z] [INFO] 🌙 STARTING OVERNIGHT RESEARCH CYCLE #121
[2026-05-01T12:32:06Z] [INFO] 🔍 Running overnight research protocol (web scraping + cross-symbol analysis)...
[2026-05-01T12:32:06Z] [INFO] 📊 Cycle duration: 0.21s, Files generated: 1
[2026-05-01T12:32:06Z] [WARNING] ⚠️ Database not initialized for cycle counting
[2026-05-01T12:32:06Z] [INFO] 💾 Database updated with cycle results
[2026-05-01T12:32:06Z] [SECTION] ============================================================
[2026-05-01T12:32:06Z] [INFO] 🔮 PHASE: HIDDEN LAYERING DETECTION
[2026-05-01T12:32:06Z] [INFO] 🔗 Hidden layering detection complete. Connections identified: 2
[2026-05-01T12:32:06Z] [SECTION] ============================================================
[2026-05-01T12:32:06Z] [INFO] 🔬 PHASE: DOMAIN CORRELATION ANALYSIS
[2026-05-01T12:32:06Z] [INFO] 📊 Domain correlation matrices created: 2
[2026-05-01T12:32:06Z] [SECTION] ============================================================
[2026-05-01T12:32:06Z] [INFO] 🖼️  PHASE: IMAGE-SEED ANALYSIS
[2026-05-01T12:32:06Z] [INFO] 📂 Image seed analysis bootstrapping from 0 images...
[2026-05-01T12:32:06Z] [SECTION] ============================================================
[2026-05-01T12:32:06Z] [INFO] 📤 PHASE: PUSH COMPONENTS TO TOLARIA
[2026-05-01T12:32:07Z] [INFO] 📦 Components pushed to Tolaria: 5
[2026-05-01T12:32:07Z] [SECTION] ============================================================
[2026-05-01T12:32:07Z] [INFO] 🧩 PHASE: COMPOSER - DOMAIN INTEGRATION SYNTHESIS
[2026-05-01T12:32:28Z] [INFO] 🎨 Domain integrations synthesized: 0
[2026-05-01T12:32:28Z] [SECTION] ============================================================
[2026-05-01T12:32:28Z] [INFO] 🚀 PHASE: ADVANCED OVERNIGHT LOOP
[2026-05-01T12:33:37Z] [INFO] 🔬 Advanced loop completed cycles: 0
[2026-05-01T12:33:37Z] [WARNING] ⚠️  Git commit skipped or failed (git not initialized?): Command '['git', '-C', '/home/avalonas/.hermes/gematria/unified_overnight_research', 'add', '.']' returned non-zero exit status 128.
[2026-05-01T12:33:37Z] [INFO] 
📊 CYCLE #121 SUMMARY
[2026-05-01T12:33:37Z] [INFO] ✅ Successful tasks: 7/7
[2026-05-01T12:33:37Z] [INFO] ⏱️  Cycle duration: 91.49s
[2026-05-01T12:33:37Z] [INFO]    ⚠️ task: result
[2026-05-01T12:33:37Z] [INFO]    ⚠️ task: result
[2026-05-01T12:33:37Z] [INFO]    ⚠️ task: result
[2026-05-01T12:33:37Z] [INFO]    ⚠️ task: result
[2026-05-01T12:33:37Z] [INFO]    ⚠️ task: result
[2026-05-01T12:33:37Z] [INFO]    ⚠️ task: result
[2026-05-01T12:33:37Z] [INFO]    ⚠️ task: result
[2026-05-01T12:33:37Z] [HEADER] ================================================================================
[2026-05-01T12:33:37Z] [INFO] 🔄 OVERNIGHT RESEARCH PIPELINE - CYCLE #122
[2026-05-01T12:33:37Z] [INFO] ================================================================================
[2026-05-01T12:33:37Z] [HEADER] ============================================================
[2026-05-01T12:33:37Z] [INFO] 🌙 STARTING OVERNIGHT RESEARCH CYCLE #122
[2026-05-01T12:33:37Z] [INFO] 🔍 Running overnight research protocol (web scraping + cross-symbol analysis)...
[2026-05-01T12:33:38Z] [INFO] 📊 Cycle duration: 0.14s, Files generated: 1
[2026-05-01T12:33:38Z] [WARNING] ⚠️ Database not initialized for cycle counting
[2026-05-01T12:33:38Z] [INFO] 💾 Database updated with cycle results
[2026-05-01T12:33:38Z] [SECTION] ============================================================
[2026-05-01T12:33:38Z] [INFO] 🔮 PHASE: HIDDEN LAYERING DETECTION
[2026-05-01T12:33:38Z] [INFO] 🔗 Hidden layering detection complete. Connections identified: 2
[2026-05-01T12:33:38Z] [SECTION] ============================================================
[2026-05-01T12:33:38Z] [INFO] 🔬 PHASE: DOMAIN CORRELATION ANALYSIS
[2026-05-01T12:33:38Z] [INFO] 📊 Domain correlation matrices created: 2
[2026-05-01T12:33:38Z] [SECTION] ============================================================
[2026-05-01T12:33:38Z] [INFO] 🖼️  PHASE: IMAGE-SEED ANALYSIS
[2026-05-01T12:33:38Z] [INFO] 📂 Image seed analysis bootstrapping from 0 images...
[2026-05-01T12:33:38Z] [SECTION] ============================================================
[2026-05-01T12:33:38Z] [INFO] 📤 PHASE: PUSH COMPONENTS TO TOLARIA
[2026-05-01T12:33:38Z] [INFO] 📦 Components pushed to Tolaria: 5
[2026-05-01T12:33:38Z] [SECTION] ============================================================
[2026-05-01T12:33:38Z] [INFO] 🧩 PHASE: COMPOSER - DOMAIN INTEGRATION SYNTHESIS
[2026-05-01T12:33:59Z] [INFO] 🎨 Domain integrations synthesized: 0
[2026-05-01T12:33:59Z] [SECTION] ============================================================
[2026-05-01T12:33:59Z] [INFO] 🚀 PHASE: ADVANCED OVERNIGHT LOOP
[2026-05-01T12:35:07Z] [INFO] 🔬 Advanced loop completed cycles: 0
[2026-05-01T12:35:07Z] [WARNING] ⚠️  Git commit skipped or failed (git not initialized?): Command '['git', '-C', '/home/avalonas/.hermes/gematria/unified_overnight_research', 'add', '.']' returned non-zero exit status 128.
[2026-05-01T12:35:07Z] [INFO] 
📊 CYCLE #122 SUMMARY
[2026-05-01T12:35:07Z] [INFO] ✅ Successful tasks: 7/7
[2026-05-01T12:35:07Z] [INFO] ⏱️  Cycle duration: 89.28s
[2026-05-01T12:35:07Z] [INFO]    ⚠️ task: result
[2026-05-01T12:35:07Z] [INFO]    ⚠️ task: result
[2026-05-01T12:35:07Z] [INFO]    ⚠️ task: result
[2026-05-01T12:35:07Z] [INFO]    ⚠️ task: result
[2026-05-01T12:35:07Z] [INFO]    ⚠️ task: result
[2026-05-01T12:35:07Z] [INFO]    ⚠️ task: result
[2026-05-01T12:35:07Z] [INFO]    ⚠️ task: result
[2026-05-01T12:35:07Z] [HEADER] ================================================================================
[2026-05-01T12:35:07Z] [INFO] 🔄 OVERNIGHT RESEARCH PIPELINE - CYCLE #123
[2026-05-01T12:35:07Z] [INFO] ================================================================================
[2026-05-01T12:35:07Z] [HEADER] ============================================================
[2026-05-01T12:35:07Z] [INFO] 🌙 STARTING OVERNIGHT RESEARCH CYCLE #123
[2026-05-01T12:35:07Z] [INFO] 🔍 Running overnight research protocol (web scraping + cross-symbol analysis)...
[2026-05-01T12:35:07Z] [INFO] 📊 Cycle duration: 0.22s, Files generated: 1
[2026-05-01T12:35:07Z] [WARNING] ⚠️ Database not initialized for cycle counting
[2026-05-01T12:35:07Z] [INFO] 💾 Database updated with cycle results
[2026-05-01T12:35:07Z] [SECTION] ============================================================
[2026-05-01T12:35:07Z] [INFO] 🔮 PHASE: HIDDEN LAYERING DETECTION
[2026-05-01T12:35:07Z] [INFO] 🔗 Hidden layering detection complete. Connections identified: 2
[2026-05-01T12:35:07Z] [SECTION] ============================================================
[2026-05-01T12:35:07Z] [INFO] 🔬 PHASE: DOMAIN CORRELATION ANALYSIS
[2026-05-01T12:35:07Z] [INFO] 📊 Domain correlation matrices created: 2
[2026-05-01T12:35:07Z] [SECTION] ============================================================
[2026-05-01T12:35:07Z] [INFO] 🖼️  PHASE: IMAGE-SEED ANALYSIS
[2026-05-01T12:35:07Z] [INFO] 📂 Image seed analysis bootstrapping from 0 images...
[2026-05-01T12:35:07Z] [SECTION] ============================================================
[2026-05-01T12:35:07Z] [INFO] 📤 PHASE: PUSH COMPONENTS TO TOLARIA
[2026-05-01T12:35:08Z] [INFO] 📦 Components pushed to Tolaria: 5
[2026-05-01T12:35:08Z] [SECTION] ============================================================
[2026-05-01T12:35:08Z] [INFO] 🧩 PHASE: COMPOSER - DOMAIN INTEGRATION SYNTHESIS
[2026-05-01T12:35:29Z] [INFO] 🎨 Domain integrations synthesized: 0
[2026-05-01T12:35:29Z] [SECTION] ============================================================
[2026-05-01T12:35:29Z] [INFO] 🚀 PHASE: ADVANCED OVERNIGHT LOOP
[2026-05-01T12:36:41Z] [INFO] 🔬 Advanced loop completed cycles: 0
[2026-05-01T12:36:41Z] [WARNING] ⚠️  Git commit skipped or failed (git not initialized?): Command '['git', '-C', '/home/avalonas/.hermes/gematria/unified_overnight_research', 'add', '.']' returned non-zero exit status 128.
[2026-05-01T12:36:41Z] [INFO] 
📊 CYCLE #123 SUMMARY
[2026-05-01T12:36:41Z] [INFO] ✅ Successful tasks: 7/7
[2026-05-01T12:36:41Z] [INFO] ⏱️  Cycle duration: 94.47s
[2026-05-01T12:36:41Z] [INFO]    ⚠️ task: result
[2026-05-01T12:36:41Z] [INFO]    ⚠️ task: result
[2026-05-01T12:36:41Z] [INFO]    ⚠️ task: result
[2026-05-01T12:36:41Z] [INFO]    ⚠️ task: result
[2026-05-01T12:36:41Z] [INFO]    ⚠️ task: result
[2026-05-01T12:36:41Z] [INFO]    ⚠️ task: result
[2026-05-01T12:36:41Z] [INFO]    ⚠️ task: result
[2026-05-01T12:36:41Z] [HEADER] ================================================================================
[2026-05-01T12:36:41Z] [INFO] 🔄 OVERNIGHT RESEARCH PIPELINE - CYCLE #124
[2026-05-01T12:36:41Z] [INFO] ================================================================================
[2026-05-01T12:36:41Z] [HEADER] ============================================================
[2026-05-01T12:36:41Z] [INFO] 🌙 STARTING OVERNIGHT RESEARCH CYCLE #124
[2026-05-01T12:36:41Z] [INFO] 🔍 Running overnight research protocol (web scraping + cross-symbol analysis)...
[2026-05-01T12:36:41Z] [INFO] 📊 Cycle duration: 0.21s, Files generated: 1
[2026-05-01T12:36:41Z] [WARNING] ⚠️ Database not initialized for cycle counting
[2026-05-01T12:36:41Z] [INFO] 💾 Database updated with cycle results
[2026-05-01T12:36:41Z] [SECTION] ============================================================
[2026-05-01T12:36:41Z] [INFO] 🔮 PHASE: HIDDEN LAYERING DETECTION
[2026-05-01T12:36:41Z] [INFO] 🔗 Hidden layering detection complete. Connections identified: 2
[2026-05-01T12:36:41Z] [SECTION] ============================================================
[2026-05-01T12:36:41Z] [INFO] 🔬 PHASE: DOMAIN CORRELATION ANALYSIS
[2026-05-01T12:36:41Z] [INFO] 📊 Domain correlation matrices created: 2
[2026-05-01T12:36:41Z] [SECTION] ============================================================
[2026-05-01T12:36:41Z] [INFO] 🖼️  PHASE: IMAGE-SEED ANALYSIS
[2026-05-01T12:36:41Z] [INFO] 📂 Image seed analysis bootstrapping from 0 images...
[2026-05-01T12:36:41Z] [SECTION] ============================================================
[2026-05-01T12:36:41Z] [INFO] 📤 PHASE: PUSH COMPONENTS TO TOLARIA
[2026-05-01T12:36:42Z] [INFO] 📦 Components pushed to Tolaria: 5
[2026-05-01T12:36:42Z] [SECTION] ============================================================
[2026-05-01T12:36:42Z] [INFO] 🧩 PHASE: COMPOSER - DOMAIN INTEGRATION SYNTHESIS
[2026-05-01T12:37:04Z] [INFO] 🎨 Domain integrations synthesized: 0
[2026-05-01T12:37:04Z] [SECTION] ============================================================
[2026-05-01T12:37:04Z] [INFO] 🚀 PHASE: ADVANCED OVERNIGHT LOOP
[2026-05-01T12:38:13Z] [INFO] 🔬 Advanced loop completed cycles: 0
[2026-05-01T12:38:13Z] [WARNING] ⚠️  Git commit skipped or failed (git not initialized?): Command '['git', '-C', '/home/avalonas/.hermes/gematria/unified_overnight_research', 'commit', '-m', '[2026-05-01T12:38:13Z] Cycle 123: Cycle 124: Web research + hidden layering detection']' returned non-zero exit status 1.
[2026-05-01T12:38:13Z] [INFO] 
📊 CYCLE #124 SUMMARY
[2026-05-01T12:38:13Z] [INFO] ✅ Successful tasks: 7/7
[2026-05-01T12:38:13Z] [INFO] ⏱️  Cycle duration: 92.10s
[2026-05-01T12:38:13Z] [INFO]    ⚠️ task: result
[2026-05-01T12:38:13Z] [INFO]    ⚠️ task: result
[2026-05-01T12:38:13Z] [INFO]    ⚠️ task: result
[2026-05-01T12:38:13Z] [INFO]    ⚠️ task: result
[2026-05-01T12:38:13Z] [INFO]    ⚠️ task: result
[2026-05-01T12:38:13Z] [INFO]    ⚠️ task: result
[2026-05-01T12:38:13Z] [INFO]    ⚠️ task: result
[2026-05-01T12:38:13Z] [HEADER] ================================================================================
[2026-05-01T12:38:13Z] [INFO] 🔄 OVERNIGHT RESEARCH PIPELINE - CYCLE #125
[2026-05-01T12:38:13Z] [INFO] ================================================================================
[2026-05-01T12:38:13Z] [HEADER] ============================================================
[2026-05-01T12:38:13Z] [INFO] 🌙 STARTING OVERNIGHT RESEARCH CYCLE #125
[2026-05-01T12:38:13Z] [INFO] 🔍 Running overnight research protocol (web scraping + cross-symbol analysis)...
[2026-05-01T12:38:13Z] [INFO] 📊 Cycle duration: 0.22s, Files generated: 1
[2026-05-01T12:38:13Z] [WARNING] ⚠️ Database not initialized for cycle counting
[2026-05-01T12:38:13Z] [INFO] 💾 Database updated with cycle results
[2026-05-01T12:38:13Z] [SECTION] ============================================================
[2026-05-01T12:38:13Z] [INFO] 🔮 PHASE: HIDDEN LAYERING DETECTION
[2026-05-01T12:38:14Z] [INFO] 🔗 Hidden layering detection complete. Connections identified: 2
[2026-05-01T12:38:14Z] [SECTION] ============================================================
[2026-05-01T12:38:14Z] [INFO] 🔬 PHASE: DOMAIN CORRELATION ANALYSIS
[2026-05-01T12:38:14Z] [INFO] 📊 Domain correlation matrices created: 2
[2026-05-01T12:38:14Z] [SECTION] ============================================================
[2026-05-01T12:38:14Z] [INFO] 🖼️  PHASE: IMAGE-SEED ANALYSIS
[2026-05-01T12:38:14Z] [INFO] 📂 Image seed analysis bootstrapping from 0 images...
[2026-05-01T12:38:14Z] [SECTION] ============================================================
[2026-05-01T12:38:14Z] [INFO] 📤 PHASE: PUSH COMPONENTS TO TOLARIA
[2026-05-01T12:38:14Z] [INFO] 📦 Components pushed to Tolaria: 5
[2026-05-01T12:38:14Z] [SECTION] ============================================================
[2026-05-01T12:38:14Z] [INFO] 🧩 PHASE: COMPOSER - DOMAIN INTEGRATION SYNTHESIS
[2026-05-01T12:38:36Z] [INFO] 🎨 Domain integrations synthesized: 0
[2026-05-01T12:38:36Z] [SECTION] ============================================================
[2026-05-01T12:38:36Z] [INFO] 🚀 PHASE: ADVANCED OVERNIGHT LOOP
[2026-05-01T12:39:44Z] [INFO] 🔬 Advanced loop completed cycles: 0
[2026-05-01T12:39:44Z] [WARNING] ⚠️  Git commit skipped or failed (git not initialized?): Command '['git', '-C', '/home/avalonas/.hermes/gematria/unified_overnight_research', 'add', '.']' returned non-zero exit status 128.
[2026-05-01T12:39:44Z] [INFO] 
📊 CYCLE #125 SUMMARY
[2026-05-01T12:39:44Z] [INFO] ✅ Successful tasks: 7/7
[2026-05-01T12:39:44Z] [INFO] ⏱️  Cycle duration: 90.90s
[2026-05-01T12:39:44Z] [INFO]    ⚠️ task: result
[2026-05-01T12:39:44Z] [INFO]    ⚠️ task: result
[2026-05-01T12:39:44Z] [INFO]    ⚠️ task: result
[2026-05-01T12:39:44Z] [INFO]    ⚠️ task: result
[2026-05-01T12:39:44Z] [INFO]    ⚠️ task: result
[2026-05-01T12:39:44Z] [INFO]    ⚠️ task: result
[2026-05-01T12:39:44Z] [INFO]    ⚠️ task: result
[2026-05-01T12:39:44Z] [HEADER] ================================================================================
[2026-05-01T12:39:44Z] [INFO] 🔄 OVERNIGHT RESEARCH PIPELINE - CYCLE #126
[2026-05-01T12:39:44Z] [INFO] ================================================================================
[2026-05-01T12:39:44Z] [HEADER] ============================================================
[2026-05-01T12:39:44Z] [INFO] 🌙 STARTING OVERNIGHT RESEARCH CYCLE #126
[2026-05-01T12:39:44Z] [INFO] 🔍 Running overnight research protocol (web scraping + cross-symbol analysis)...
[2026-05-01T12:39:45Z] [INFO] 📊 Cycle duration: 0.42s, Files generated: 1
[2026-05-01T12:39:45Z] [WARNING] ⚠️ Database not initialized for cycle counting
[2026-05-01T12:39:45Z] [INFO] 💾 Database updated with cycle results
[2026-05-01T12:39:45Z] [SECTION] ============================================================
[2026-05-01T12:39:45Z] [INFO] 🔮 PHASE: HIDDEN LAYERING DETECTION
[2026-05-01T12:39:45Z] [INFO] 🔗 Hidden layering detection complete. Connections identified: 2
[2026-05-01T12:39:45Z] [SECTION] ============================================================
[2026-05-01T12:39:45Z] [INFO] 🔬 PHASE: DOMAIN CORRELATION ANALYSIS
[2026-05-01T12:39:45Z] [INFO] 📊 Domain correlation matrices created: 2
[2026-05-01T12:39:45Z] [SECTION] ============================================================
[2026-05-01T12:39:45Z] [INFO] 🖼️  PHASE: IMAGE-SEED ANALYSIS
[2026-05-01T12:39:45Z] [INFO] 📂 Image seed analysis bootstrapping from 0 images...
[2026-05-01T12:39:45Z] [SECTION] ============================================================
[2026-05-01T12:39:45Z] [INFO] 📤 PHASE: PUSH COMPONENTS TO TOLARIA
[2026-05-01T12:39:45Z] [INFO] 📦 Components pushed to Tolaria: 5
[2026-05-01T12:39:45Z] [SECTION] ============================================================
[2026-05-01T12:39:45Z] [INFO] 🧩 PHASE: COMPOSER - DOMAIN INTEGRATION SYNTHESIS
[2026-05-01T12:40:07Z] [INFO] 🎨 Domain integrations synthesized: 0
[2026-05-01T12:40:07Z] [SECTION] ============================================================
[2026-05-01T12:40:07Z] [INFO] 🚀 PHASE: ADVANCED OVERNIGHT LOOP
[2026-05-01T12:40:07Z] [INFO] 🔬 Advanced loop completed cycles: 0
[2026-05-01T12:40:07Z] [WARNING] ⚠️  Git commit skipped or failed (git not initialized?): Command '['git', '-C', '/home/avalonas/.hermes/gematria/unified_overnight_research', 'add', '.']' returned non-zero exit status 128.
[2026-05-01T12:40:07Z] [INFO] 
📊 CYCLE #126 SUMMARY
[2026-05-01T12:40:07Z] [INFO] ✅ Successful tasks: 7/7
[2026-05-01T12:40:07Z] [INFO] ⏱️  Cycle duration: 23.01s
[2026-05-01T12:40:07Z] [INFO]    ⚠️ task: result
[2026-05-01T12:40:07Z] [INFO]    ⚠️ task: result
[2026-05-01T12:40:07Z] [INFO]    ⚠️ task: result
[2026-05-01T12:40:07Z] [INFO]    ⚠️ task: result
[2026-05-01T12:40:07Z] [INFO]    ⚠️ task: result
[2026-05-01T12:40:07Z] [INFO]    ⚠️ task: result
[2026-05-01T12:40:07Z] [INFO]    ⚠️ task: result
[2026-05-01T12:40:07Z] [HEADER] ================================================================================
[2026-05-01T12:40:07Z] [INFO] 🔄 OVERNIGHT RESEARCH PIPELINE - CYCLE #127
[2026-05-01T12:40:07Z] [INFO] ================================================================================
[2026-05-01T12:40:07Z] [HEADER] ============================================================
[2026-05-01T12:40:07Z] [INFO] 🌙 STARTING OVERNIGHT RESEARCH CYCLE #127
[2026-05-01T12:40:07Z] [INFO] 🔍 Running overnight research protocol (web scraping + cross-symbol analysis)...
[2026-05-01T12:40:07Z] [INFO] 📊 Cycle duration: 0.20s, Files generated: 0
[2026-05-01T12:40:07Z] [WARNING] ⚠️ Database not initialized for cycle counting
[2026-05-01T12:40:07Z] [INFO] 💾 Database updated with cycle results
[2026-05-01T12:40:07Z] [SECTION] ============================================================
[2026-05-01T12:40:07Z] [INFO] 🔮 PHASE: HIDDEN LAYERING DETECTION
[2026-05-01T12:40:07Z] [INFO] 🔗 Hidden layering detection complete. Connections identified: 2
[2026-05-01T12:40:07Z] [SECTION] ============================================================
[2026-05-01T12:40:07Z] [INFO] 🔬 PHASE: DOMAIN CORRELATION ANALYSIS
[2026-05-01T12:40:07Z] [INFO] 📊 Domain correlation matrices created: 2
[2026-05-01T12:40:07Z] [SECTION] ============================================================
[2026-05-01T12:40:07Z] [INFO] 🖼️  PHASE: IMAGE-SEED ANALYSIS
[2026-05-01T12:40:07Z] [INFO] 📂 Image seed analysis bootstrapping from 0 images...
[2026-05-01T12:40:07Z] [SECTION] ============================================================
[2026-05-01T12:40:07Z] [INFO] 📤 PHASE: PUSH COMPONENTS TO TOLARIA
[2026-05-01T12:40:08Z] [INFO] 📦 Components pushed to Tolaria: 5
[2026-05-01T12:40:08Z] [SECTION] ============================================================
[2026-05-01T12:40:08Z] [INFO] 🧩 PHASE: COMPOSER - DOMAIN INTEGRATION SYNTHESIS
[2026-05-01T12:40:31Z] [INFO] 🎨 Domain integrations synthesized: 0
[2026-05-01T12:40:31Z] [SECTION] ============================================================
[2026-05-01T12:40:31Z] [INFO] 🚀 PHASE: ADVANCED OVERNIGHT LOOP
[2026-05-01T12:41:37Z] [INFO] 🔬 Advanced loop completed cycles: 0
[2026-05-01T12:41:37Z] [WARNING] ⚠️  Git commit skipped or failed (git not initialized?): Command '['git', '-C', '/home/avalonas/.hermes/gematria/unified_overnight_research', 'commit', '-m', '[2026-05-01T12:41:37Z] Cycle 126: Cycle 127: Web research + hidden layering detection']' returned non-zero exit status 128.
[2026-05-01T12:41:37Z] [INFO] 
📊 CYCLE #127 SUMMARY
[2026-05-01T12:41:37Z] [INFO] ✅ Successful tasks: 7/7
[2026-05-01T12:41:37Z] [INFO] ⏱️  Cycle duration: 89.94s
[2026-05-01T12:41:37Z] [INFO]    ⚠️ task: result
[2026-05-01T12:41:37Z] [INFO]    ⚠️ task: result
[2026-05-01T12:41:37Z] [INFO]    ⚠️ task: result
[2026-05-01T12:41:37Z] [INFO]    ⚠️ task: result
[2026-05-01T12:41:37Z] [INFO]    ⚠️ task: result
[2026-05-01T12:41:37Z] [INFO]    ⚠️ task: result
[2026-05-01T12:41:37Z] [INFO]    ⚠️ task: result
[2026-05-01T12:41:37Z] [HEADER] ================================================================================
[2026-05-01T12:41:37Z] [INFO] 🔄 OVERNIGHT RESEARCH PIPELINE - CYCLE #128
[2026-05-01T12:41:37Z] [INFO] ================================================================================
[2026-05-01T12:41:37Z] [HEADER] ============================================================
[2026-05-01T12:41:37Z] [INFO] 🌙 STARTING OVERNIGHT RESEARCH CYCLE #128
[2026-05-01T12:41:37Z] [INFO] 🔍 Running overnight research protocol (web scraping + cross-symbol analysis)...
[2026-05-01T12:41:37Z] [INFO] 📊 Cycle duration: 0.36s, Files generated: 1
[2026-05-01T12:41:37Z] [WARNING] ⚠️ Database not initialized for cycle counting
[2026-05-01T12:41:37Z] [INFO] 💾 Database updated with cycle results
[2026-05-01T12:41:37Z] [SECTION] ============================================================
[2026-05-01T12:41:37Z] [INFO] 🔮 PHASE: HIDDEN LAYERING DETECTION
[2026-05-01T12:41:38Z] [INFO] 🔗 Hidden layering detection complete. Connections identified: 2
[2026-05-01T12:41:38Z] [SECTION] ============================================================
[2026-05-01T12:41:38Z] [INFO] 🔬 PHASE: DOMAIN CORRELATION ANALYSIS
[2026-05-01T12:41:38Z] [INFO] 📊 Domain correlation matrices created: 2
[2026-05-01T12:41:38Z] [SECTION] ============================================================
[2026-05-01T12:41:38Z] [INFO] 🖼️  PHASE: IMAGE-SEED ANALYSIS
[2026-05-01T12:41:38Z] [INFO] 📂 Image seed analysis bootstrapping from 0 images...
[2026-05-01T12:41:38Z] [SECTION] ============================================================
[2026-05-01T12:41:38Z] [INFO] 📤 PHASE: PUSH COMPONENTS TO TOLARIA
[2026-05-01T12:41:38Z] [INFO] 📦 Components pushed to Tolaria: 5
[2026-05-01T12:41:38Z] [SECTION] ============================================================
[2026-05-01T12:41:38Z] [INFO] 🧩 PHASE: COMPOSER - DOMAIN INTEGRATION SYNTHESIS
[2026-05-01T12:42:01Z] [INFO] 🎨 Domain integrations synthesized: 0
[2026-05-01T12:42:01Z] [SECTION] ============================================================
[2026-05-01T12:42:01Z] [INFO] 🚀 PHASE: ADVANCED OVERNIGHT LOOP
[2026-05-01T12:43:14Z] [INFO] 🔬 Advanced loop completed cycles: 0
[2026-05-01T12:43:14Z] [WARNING] ⚠️  Git commit skipped or failed (git not initialized?): Command '['git', '-C', '/home/avalonas/.hermes/gematria/unified_overnight_research', 'add', '.']' returned non-zero exit status 128.
[2026-05-01T12:43:14Z] [INFO] 
📊 CYCLE #128 SUMMARY
[2026-05-01T12:43:14Z] [INFO] ✅ Successful tasks: 7/7
[2026-05-01T12:43:14Z] [INFO] ⏱️  Cycle duration: 96.55s
[2026-05-01T12:43:14Z] [INFO]    ⚠️ task: result
[2026-05-01T12:43:14Z] [INFO]    ⚠️ task: result
[2026-05-01T12:43:14Z] [INFO]    ⚠️ task: result
[2026-05-01T12:43:14Z] [INFO]    ⚠️ task: result
[2026-05-01T12:43:14Z] [INFO]    ⚠️ task: result
[2026-05-01T12:43:14Z] [INFO]    ⚠️ task: result
[2026-05-01T12:43:14Z] [INFO]    ⚠️ task: result
[2026-05-01T12:43:14Z] [HEADER] ================================================================================
[2026-05-01T12:43:14Z] [INFO] 🔄 OVERNIGHT RESEARCH PIPELINE - CYCLE #129
[2026-05-01T12:43:14Z] [INFO] ================================================================================
[2026-05-01T12:43:14Z] [HEADER] ============================================================
[2026-05-01T12:43:14Z] [INFO] 🌙 STARTING OVERNIGHT RESEARCH CYCLE #129
[2026-05-01T12:43:14Z] [INFO] 🔍 Running overnight research protocol (web scraping + cross-symbol analysis)...
[2026-05-01T12:43:14Z] [INFO] 📊 Cycle duration: 0.22s, Files generated: 0
[2026-05-01T12:43:14Z] [WARNING] ⚠️ Database not initialized for cycle counting
[2026-05-01T12:43:14Z] [INFO] 💾 Database updated with cycle results
[2026-05-01T12:43:14Z] [SECTION] ============================================================
[2026-05-01T12:43:14Z] [INFO] 🔮 PHASE: HIDDEN LAYERING DETECTION
[2026-05-01T12:43:14Z] [INFO] 🔗 Hidden layering detection complete. Connections identified: 2
[2026-05-01T12:43:14Z] [SECTION] ============================================================
[2026-05-01T12:43:14Z] [INFO] 🔬 PHASE: DOMAIN CORRELATION ANALYSIS
[2026-05-01T12:43:14Z] [INFO] 📊 Domain correlation matrices created: 2
[2026-05-01T12:43:14Z] [SECTION] ============================================================
[2026-05-01T12:43:14Z] [INFO] 🖼️  PHASE: IMAGE-SEED ANALYSIS
[2026-05-01T12:43:14Z] [INFO] 📂 Image seed analysis bootstrapping from 0 images...
[2026-05-01T12:43:14Z] [SECTION] ============================================================
[2026-05-01T12:43:14Z] [INFO] 📤 PHASE: PUSH COMPONENTS TO TOLARIA
[2026-05-01T12:43:15Z] [INFO] 📦 Components pushed to Tolaria: 5
[2026-05-01T12:43:15Z] [SECTION] ============================================================
[2026-05-01T12:43:15Z] [INFO] 🧩 PHASE: COMPOSER - DOMAIN INTEGRATION SYNTHESIS
[2026-05-01T12:43:38Z] [INFO] 🎨 Domain integrations synthesized: 0
[2026-05-01T12:43:38Z] [SECTION] ============================================================
[2026-05-01T12:43:38Z] [INFO] 🚀 PHASE: ADVANCED OVERNIGHT LOOP
[2026-05-01T12:44:47Z] [INFO] 🔬 Advanced loop completed cycles: 0
[2026-05-01T12:44:47Z] [WARNING] ⚠️  Git commit skipped or failed (git not initialized?): Command '['git', '-C', '/home/avalonas/.hermes/gematria/unified_overnight_research', 'commit', '-m', '[2026-05-01T12:44:47Z] Cycle 128: Cycle 129: Web research + hidden layering detection']' returned non-zero exit status 128.
[2026-05-01T12:44:47Z] [INFO] 
📊 CYCLE #129 SUMMARY
[2026-05-01T12:44:47Z] [INFO] ✅ Successful tasks: 7/7
[2026-05-01T12:44:47Z] [INFO] ⏱️  Cycle duration: 93.48s
[2026-05-01T12:44:47Z] [INFO]    ⚠️ task: result
[2026-05-01T12:44:47Z] [INFO]    ⚠️ task: result
[2026-05-01T12:44:47Z] [INFO]    ⚠️ task: result
[2026-05-01T12:44:47Z] [INFO]    ⚠️ task: result
[2026-05-01T12:44:47Z] [INFO]    ⚠️ task: result
[2026-05-01T12:44:47Z] [INFO]    ⚠️ task: result
[2026-05-01T12:44:47Z] [INFO]    ⚠️ task: result
[2026-05-01T12:44:47Z] [HEADER] ================================================================================
[2026-05-01T12:44:47Z] [INFO] 🔄 OVERNIGHT RESEARCH PIPELINE - CYCLE #130
[2026-05-01T12:44:47Z] [INFO] ================================================================================
[2026-05-01T12:44:47Z] [HEADER] ============================================================
[2026-05-01T12:44:47Z] [INFO] 🌙 STARTING OVERNIGHT RESEARCH CYCLE #130
[2026-05-01T12:44:47Z] [INFO] 🔍 Running overnight research protocol (web scraping + cross-symbol analysis)...
[2026-05-01T12:44:48Z] [INFO] 📊 Cycle duration: 0.45s, Files generated: 1
[2026-05-01T12:44:48Z] [WARNING] ⚠️ Database not initialized for cycle counting
[2026-05-01T12:44:48Z] [INFO] 💾 Database updated with cycle results
[2026-05-01T12:44:48Z] [SECTION] ============================================================
[2026-05-01T12:44:48Z] [INFO] 🔮 PHASE: HIDDEN LAYERING DETECTION
[2026-05-01T12:44:48Z] [INFO] 🔗 Hidden layering detection complete. Connections identified: 2
[2026-05-01T12:44:48Z] [SECTION] ============================================================
[2026-05-01T12:44:48Z] [INFO] 🔬 PHASE: DOMAIN CORRELATION ANALYSIS
[2026-05-01T12:44:48Z] [INFO] 📊 Domain correlation matrices created: 2
[2026-05-01T12:44:48Z] [SECTION] ============================================================
[2026-05-01T12:44:48Z] [INFO] 🖼️  PHASE: IMAGE-SEED ANALYSIS
[2026-05-01T12:44:48Z] [INFO] 📂 Image seed analysis bootstrapping from 0 images...
[2026-05-01T12:44:48Z] [SECTION] ============================================================
[2026-05-01T12:44:48Z] [INFO] 📤 PHASE: PUSH COMPONENTS TO TOLARIA
[2026-05-01T12:44:48Z] [INFO] 📦 Components pushed to Tolaria: 5
[2026-05-01T12:44:48Z] [SECTION] ============================================================
[2026-05-01T12:44:48Z] [INFO] 🧩 PHASE: COMPOSER - DOMAIN INTEGRATION SYNTHESIS
[2026-05-01T12:45:11Z] [INFO] 🎨 Domain integrations synthesized: 0
[2026-05-01T12:45:11Z] [SECTION] ============================================================
[2026-05-01T12:45:11Z] [INFO] 🚀 PHASE: ADVANCED OVERNIGHT LOOP
[2026-05-01T12:46:20Z] [INFO] 🔬 Advanced loop completed cycles: 0
[2026-05-01T12:46:20Z] [WARNING] ⚠️  Git commit skipped or failed (git not initialized?): Command '['git', '-C', '/home/avalonas/.hermes/gematria/unified_overnight_research', 'add', '.']' returned non-zero exit status 128.
[2026-05-01T12:46:20Z] [INFO] 
📊 CYCLE #130 SUMMARY
[2026-05-01T12:46:20Z] [INFO] ✅ Successful tasks: 7/7
[2026-05-01T12:46:20Z] [INFO] ⏱️  Cycle duration: 92.58s
[2026-05-01T12:46:20Z] [INFO]    ⚠️ task: result
[2026-05-01T12:46:20Z] [INFO]    ⚠️ task: result
[2026-05-01T12:46:20Z] [INFO]    ⚠️ task: result
[2026-05-01T12:46:20Z] [INFO]    ⚠️ task: result
[2026-05-01T12:46:20Z] [INFO]    ⚠️ task: result
[2026-05-01T12:46:20Z] [INFO]    ⚠️ task: result
[2026-05-01T12:46:20Z] [INFO]    ⚠️ task: result
[2026-05-01T12:46:20Z] [HEADER] ================================================================================
[2026-05-01T12:46:20Z] [INFO] 🔄 OVERNIGHT RESEARCH PIPELINE - CYCLE #131
[2026-05-01T12:46:20Z] [INFO] ================================================================================
[2026-05-01T12:46:20Z] [HEADER] ============================================================
[2026-05-01T12:46:20Z] [INFO] 🌙 STARTING OVERNIGHT RESEARCH CYCLE #131
[2026-05-01T12:46:20Z] [INFO] 🔍 Running overnight research protocol (web scraping + cross-symbol analysis)...
[2026-05-01T12:46:20Z] [INFO] 📊 Cycle duration: 0.29s, Files generated: 0
[2026-05-01T12:46:20Z] [WARNING] ⚠️ Database not initialized for cycle counting
[2026-05-01T12:46:20Z] [INFO] 💾 Database updated with cycle results
[2026-05-01T12:46:20Z] [SECTION] ============================================================
[2026-05-01T12:46:20Z] [INFO] 🔮 PHASE: HIDDEN LAYERING DETECTION
[2026-05-01T12:46:20Z] [INFO] 🔗 Hidden layering detection complete. Connections identified: 2
[2026-05-01T12:46:20Z] [SECTION] ============================================================
[2026-05-01T12:46:20Z] [INFO] 🔬 PHASE: DOMAIN CORRELATION ANALYSIS
[2026-05-01T12:46:20Z] [INFO] 📊 Domain correlation matrices created: 2
[2026-05-01T12:46:20Z] [SECTION] ============================================================
[2026-05-01T12:46:20Z] [INFO] 🖼️  PHASE: IMAGE-SEED ANALYSIS
[2026-05-01T12:46:20Z] [INFO] 📂 Image seed analysis bootstrapping from 0 images...
[2026-05-01T12:46:20Z] [SECTION] ============================================================
[2026-05-01T12:46:20Z] [INFO] 📤 PHASE: PUSH COMPONENTS TO TOLARIA
[2026-05-01T12:46:21Z] [INFO] 📦 Components pushed to Tolaria: 5
[2026-05-01T12:46:21Z] [SECTION] ============================================================
[2026-05-01T12:46:21Z] [INFO] 🧩 PHASE: COMPOSER - DOMAIN INTEGRATION SYNTHESIS
[2026-05-01T12:46:43Z] [INFO] 🎨 Domain integrations synthesized: 0
[2026-05-01T12:46:43Z] [SECTION] ============================================================
[2026-05-01T12:46:43Z] [INFO] 🚀 PHASE: ADVANCED OVERNIGHT LOOP
[2026-05-01T12:47:53Z] [INFO] 🔬 Advanced loop completed cycles: 0
[2026-05-01T12:47:53Z] [WARNING] ⚠️  Git commit skipped or failed (git not initialized?): Command '['git', '-C', '/home/avalonas/.hermes/gematria/unified_overnight_research', 'add', '.']' returned non-zero exit status 128.
[2026-05-01T12:47:53Z] [INFO] 
📊 CYCLE #131 SUMMARY
[2026-05-01T12:47:53Z] [INFO] ✅ Successful tasks: 7/7
[2026-05-01T12:47:53Z] [INFO] ⏱️  Cycle duration: 92.96s
[2026-05-01T12:47:53Z] [INFO]    ⚠️ task: result
[2026-05-01T12:47:53Z] [INFO]    ⚠️ task: result
[2026-05-01T12:47:53Z] [INFO]    ⚠️ task: result
[2026-05-01T12:47:53Z] [INFO]    ⚠️ task: result
[2026-05-01T12:47:53Z] [INFO]    ⚠️ task: result
[2026-05-01T12:47:53Z] [INFO]    ⚠️ task: result
[2026-05-01T12:47:53Z] [INFO]    ⚠️ task: result
[2026-05-01T12:47:53Z] [HEADER] ================================================================================
[2026-05-01T12:47:53Z] [INFO] 🔄 OVERNIGHT RESEARCH PIPELINE - CYCLE #132
[2026-05-01T12:47:53Z] [INFO] ================================================================================
[2026-05-01T12:47:53Z] [HEADER] ============================================================
[2026-05-01T12:47:53Z] [INFO] 🌙 STARTING OVERNIGHT RESEARCH CYCLE #132
[2026-05-01T12:47:53Z] [INFO] 🔍 Running overnight research protocol (web scraping + cross-symbol analysis)...
[2026-05-01T12:47:53Z] [INFO] 📊 Cycle duration: 0.19s, Files generated: 0
[2026-05-01T12:47:53Z] [WARNING] ⚠️ Database not initialized for cycle counting
[2026-05-01T12:47:53Z] [INFO] 💾 Database updated with cycle results
[2026-05-01T12:47:53Z] [SECTION] ============================================================
[2026-05-01T12:47:53Z] [INFO] 🔮 PHASE: HIDDEN LAYERING DETECTION
[2026-05-01T12:47:53Z] [INFO] 🔗 Hidden layering detection complete. Connections identified: 2
[2026-05-01T12:47:53Z] [SECTION] ============================================================
[2026-05-01T12:47:53Z] [INFO] 🔬 PHASE: DOMAIN CORRELATION ANALYSIS
[2026-05-01T12:47:53Z] [INFO] 📊 Domain correlation matrices created: 2
[2026-05-01T12:47:53Z] [SECTION] ============================================================
[2026-05-01T12:47:53Z] [INFO] 🖼️  PHASE: IMAGE-SEED ANALYSIS
[2026-05-01T12:47:53Z] [INFO] 📂 Image seed analysis bootstrapping from 0 images...
[2026-05-01T12:47:53Z] [SECTION] ============================================================
[2026-05-01T12:47:53Z] [INFO] 📤 PHASE: PUSH COMPONENTS TO TOLARIA
[2026-05-01T12:47:54Z] [INFO] 📦 Components pushed to Tolaria: 5
[2026-05-01T12:47:54Z] [SECTION] ============================================================
[2026-05-01T12:47:54Z] [INFO] 🧩 PHASE: COMPOSER - DOMAIN INTEGRATION SYNTHESIS
[2026-05-01T12:48:17Z] [INFO] 🎨 Domain integrations synthesized: 0
[2026-05-01T12:48:17Z] [SECTION] ============================================================
[2026-05-01T12:48:17Z] [INFO] 🚀 PHASE: ADVANCED OVERNIGHT LOOP
[2026-05-01T12:48:17Z] [INFO] 🔬 Advanced loop completed cycles: 0
[2026-05-01T12:48:17Z] [WARNING] ⚠️  Git commit skipped or failed (git not initialized?): Command '['git', '-C', '/home/avalonas/.hermes/gematria/unified_overnight_research', 'add', '.']' returned non-zero exit status 128.
[2026-05-01T12:48:17Z] [INFO] 
📊 CYCLE #132 SUMMARY
[2026-05-01T12:48:17Z] [INFO] ✅ Successful tasks: 7/7
[2026-05-01T12:48:17Z] [INFO] ⏱️  Cycle duration: 24.22s
[2026-05-01T12:48:17Z] [INFO]    ⚠️ task: result
[2026-05-01T12:48:17Z] [INFO]    ⚠️ task: result
[2026-05-01T12:48:17Z] [INFO]    ⚠️ task: result
[2026-05-01T12:48:17Z] [INFO]    ⚠️ task: result
[2026-05-01T12:48:17Z] [INFO]    ⚠️ task: result
[2026-05-01T12:48:17Z] [INFO]    ⚠️ task: result
[2026-05-01T12:48:17Z] [INFO]    ⚠️ task: result
[2026-05-01T12:48:17Z] [HEADER] ================================================================================
[2026-05-01T12:48:17Z] [INFO] 🔄 OVERNIGHT RESEARCH PIPELINE - CYCLE #133
[2026-05-01T12:48:17Z] [INFO] ================================================================================
[2026-05-01T12:48:17Z] [HEADER] ============================================================
[2026-05-01T12:48:17Z] [INFO] 🌙 STARTING OVERNIGHT RESEARCH CYCLE #133
[2026-05-01T12:48:17Z] [INFO] 🔍 Running overnight research protocol (web scraping + cross-symbol analysis)...
[2026-05-01T12:48:17Z] [INFO] 📊 Cycle duration: 0.25s, Files generated: 0
[2026-05-01T12:48:17Z] [WARNING] ⚠️ Database not initialized for cycle counting
[2026-05-01T12:48:17Z] [INFO] 💾 Database updated with cycle results
[2026-05-01T12:48:17Z] [SECTION] ============================================================
[2026-05-01T12:48:17Z] [INFO] 🔮 PHASE: HIDDEN LAYERING DETECTION
[2026-05-01T12:48:17Z] [INFO] 🔗 Hidden layering detection complete. Connections identified: 2
[2026-05-01T12:48:17Z] [SECTION] ============================================================
[2026-05-01T12:48:17Z] [INFO] 🔬 PHASE: DOMAIN CORRELATION ANALYSIS
[2026-05-01T12:48:17Z] [INFO] 📊 Domain correlation matrices created: 2
[2026-05-01T12:48:17Z] [SECTION] ============================================================
[2026-05-01T12:48:17Z] [INFO] 🖼️  PHASE: IMAGE-SEED ANALYSIS
[2026-05-01T12:48:17Z] [INFO] 📂 Image seed analysis bootstrapping from 0 images...
[2026-05-01T12:48:17Z] [SECTION] ============================================================
[2026-05-01T12:48:17Z] [INFO] 📤 PHASE: PUSH COMPONENTS TO TOLARIA
[2026-05-01T12:48:18Z] [INFO] 📦 Components pushed to Tolaria: 5
[2026-05-01T12:48:18Z] [SECTION] ============================================================
[2026-05-01T12:48:18Z] [INFO] 🧩 PHASE: COMPOSER - DOMAIN INTEGRATION SYNTHESIS
[2026-05-01T12:48:41Z] [INFO] 🎨 Domain integrations synthesized: 0
[2026-05-01T12:48:41Z] [SECTION] ============================================================
[2026-05-01T12:48:41Z] [INFO] 🚀 PHASE: ADVANCED OVERNIGHT LOOP
[2026-05-01T12:49:50Z] [INFO] 🔬 Advanced loop completed cycles: 0
[2026-05-01T12:49:50Z] [WARNING] ⚠️  Git commit skipped or failed (git not initialized?): Command '['git', '-C', '/home/avalonas/.hermes/gematria/unified_overnight_research', 'add', '.']' returned non-zero exit status 128.
[2026-05-01T12:49:50Z] [INFO] 
📊 CYCLE #133 SUMMARY
[2026-05-01T12:49:50Z] [INFO] ✅ Successful tasks: 7/7
[2026-05-01T12:49:50Z] [INFO] ⏱️  Cycle duration: 93.26s
[2026-05-01T12:49:50Z] [INFO]    ⚠️ task: result
[2026-05-01T12:49:50Z] [INFO]    ⚠️ task: result
[2026-05-01T12:49:50Z] [INFO]    ⚠️ task: result
[2026-05-01T12:49:50Z] [INFO]    ⚠️ task: result
[2026-05-01T12:49:50Z] [INFO]    ⚠️ task: result
[2026-05-01T12:49:50Z] [INFO]    ⚠️ task: result
[2026-05-01T12:49:50Z] [INFO]    ⚠️ task: result
[2026-05-01T12:49:50Z] [HEADER] ================================================================================
[2026-05-01T12:49:50Z] [INFO] 🔄 OVERNIGHT RESEARCH PIPELINE - CYCLE #134
[2026-05-01T12:49:50Z] [INFO] ================================================================================
[2026-05-01T12:49:50Z] [HEADER] ============================================================
[2026-05-01T12:49:50Z] [INFO] 🌙 STARTING OVERNIGHT RESEARCH CYCLE #134
[2026-05-01T12:49:50Z] [INFO] 🔍 Running overnight research protocol (web scraping + cross-symbol analysis)...
[2026-05-01T12:49:50Z] [INFO] 📊 Cycle duration: 0.22s, Files generated: 0
[2026-05-01T12:49:50Z] [WARNING] ⚠️ Database not initialized for cycle counting
[2026-05-01T12:49:50Z] [INFO] 💾 Database updated with cycle results
[2026-05-01T12:49:50Z] [SECTION] ============================================================
[2026-05-01T12:49:50Z] [INFO] 🔮 PHASE: HIDDEN LAYERING DETECTION
[2026-05-01T12:49:50Z] [INFO] 🔗 Hidden layering detection complete. Connections identified: 2
[2026-05-01T12:49:50Z] [SECTION] ============================================================
[2026-05-01T12:49:50Z] [INFO] 🔬 PHASE: DOMAIN CORRELATION ANALYSIS
[2026-05-01T12:49:51Z] [INFO] 📊 Domain correlation matrices created: 2
[2026-05-01T12:49:51Z] [SECTION] ============================================================
[2026-05-01T12:49:51Z] [INFO] 🖼️  PHASE: IMAGE-SEED ANALYSIS
[2026-05-01T12:49:51Z] [INFO] 📂 Image seed analysis bootstrapping from 0 images...
[2026-05-01T12:49:51Z] [SECTION] ============================================================
[2026-05-01T12:49:51Z] [INFO] 📤 PHASE: PUSH COMPONENTS TO TOLARIA
[2026-05-01T12:49:51Z] [INFO] 📦 Components pushed to Tolaria: 5
[2026-05-01T12:49:51Z] [SECTION] ============================================================
[2026-05-01T12:49:51Z] [INFO] 🧩 PHASE: COMPOSER - DOMAIN INTEGRATION SYNTHESIS
[2026-05-01T12:50:13Z] [INFO] 🎨 Domain integrations synthesized: 0
[2026-05-01T12:50:13Z] [SECTION] ============================================================
[2026-05-01T12:50:13Z] [INFO] 🚀 PHASE: ADVANCED OVERNIGHT LOOP
[2026-05-01T12:51:19Z] [INFO] 🔬 Advanced loop completed cycles: 0
[2026-05-01T12:51:19Z] [WARNING] ⚠️  Git commit skipped or failed (git not initialized?): Command '['git', '-C', '/home/avalonas/.hermes/gematria/unified_overnight_research', 'commit', '-m', '[2026-05-01T12:51:19Z] Cycle 133: Cycle 134: Web research + hidden layering detection']' returned non-zero exit status 1.
[2026-05-01T12:51:19Z] [INFO] 
📊 CYCLE #134 SUMMARY
[2026-05-01T12:51:19Z] [INFO] ✅ Successful tasks: 7/7
[2026-05-01T12:51:19Z] [INFO] ⏱️  Cycle duration: 88.81s
[2026-05-01T12:51:19Z] [INFO]    ⚠️ task: result
[2026-05-01T12:51:19Z] [INFO]    ⚠️ task: result
[2026-05-01T12:51:19Z] [INFO]    ⚠️ task: result
[2026-05-01T12:51:19Z] [INFO]    ⚠️ task: result
[2026-05-01T12:51:19Z] [INFO]    ⚠️ task: result
[2026-05-01T12:51:19Z] [INFO]    ⚠️ task: result
[2026-05-01T12:51:19Z] [INFO]    ⚠️ task: result
[2026-05-01T12:51:19Z] [HEADER] ================================================================================
[2026-05-01T12:51:19Z] [INFO] 🔄 OVERNIGHT RESEARCH PIPELINE - CYCLE #135
[2026-05-01T12:51:19Z] [INFO] ================================================================================
[2026-05-01T12:51:19Z] [HEADER] ============================================================
[2026-05-01T12:51:19Z] [INFO] 🌙 STARTING OVERNIGHT RESEARCH CYCLE #135
[2026-05-01T12:51:19Z] [INFO] 🔍 Running overnight research protocol (web scraping + cross-symbol analysis)...
[2026-05-01T12:51:19Z] [INFO] 📊 Cycle duration: 0.27s, Files generated: 1
[2026-05-01T12:51:19Z] [WARNING] ⚠️ Database not initialized for cycle counting
[2026-05-01T12:51:19Z] [INFO] 💾 Database updated with cycle results
[2026-05-01T12:51:19Z] [SECTION] ============================================================
[2026-05-01T12:51:19Z] [INFO] 🔮 PHASE: HIDDEN LAYERING DETECTION
[2026-05-01T12:51:19Z] [INFO] 🔗 Hidden layering detection complete. Connections identified: 2
[2026-05-01T12:51:19Z] [SECTION] ============================================================
[2026-05-01T12:51:19Z] [INFO] 🔬 PHASE: DOMAIN CORRELATION ANALYSIS
[2026-05-01T12:51:19Z] [INFO] 📊 Domain correlation matrices created: 2
[2026-05-01T12:51:19Z] [SECTION] ============================================================
[2026-05-01T12:51:19Z] [INFO] 🖼️  PHASE: IMAGE-SEED ANALYSIS
[2026-05-01T12:51:19Z] [INFO] 📂 Image seed analysis bootstrapping from 0 images...
[2026-05-01T12:51:20Z] [SECTION] ============================================================
[2026-05-01T12:51:20Z] [INFO] 📤 PHASE: PUSH COMPONENTS TO TOLARIA
[2026-05-01T12:51:20Z] [INFO] 📦 Components pushed to Tolaria: 5
[2026-05-01T12:51:20Z] [SECTION] ============================================================
[2026-05-01T12:51:20Z] [INFO] 🧩 PHASE: COMPOSER - DOMAIN INTEGRATION SYNTHESIS
[2026-05-01T12:51:42Z] [INFO] 🎨 Domain integrations synthesized: 0
[2026-05-01T12:51:42Z] [SECTION] ============================================================
[2026-05-01T12:51:42Z] [INFO] 🚀 PHASE: ADVANCED OVERNIGHT LOOP
[2026-05-01T12:52:48Z] [INFO] 🔬 Advanced loop completed cycles: 0
[2026-05-01T12:52:48Z] [WARNING] ⚠️  Git commit skipped or failed (git not initialized?): Command '['git', '-C', '/home/avalonas/.hermes/gematria/unified_overnight_research', 'add', '.']' returned non-zero exit status 128.
[2026-05-01T12:52:48Z] [INFO] 
📊 CYCLE #135 SUMMARY
[2026-05-01T12:52:48Z] [INFO] ✅ Successful tasks: 7/7
[2026-05-01T12:52:48Z] [INFO] ⏱️  Cycle duration: 88.60s
[2026-05-01T12:52:48Z] [INFO]    ⚠️ task: result
[2026-05-01T12:52:48Z] [INFO]    ⚠️ task: result
[2026-05-01T12:52:48Z] [INFO]    ⚠️ task: result
[2026-05-01T12:52:48Z] [INFO]    ⚠️ task: result
[2026-05-01T12:52:48Z] [INFO]    ⚠️ task: result
[2026-05-01T12:52:48Z] [INFO]    ⚠️ task: result
[2026-05-01T12:52:48Z] [INFO]    ⚠️ task: result
[2026-05-01T12:52:48Z] [HEADER] ================================================================================
[2026-05-01T12:52:48Z] [INFO] 🔄 OVERNIGHT RESEARCH PIPELINE - CYCLE #136
[2026-05-01T12:52:48Z] [INFO] ================================================================================
[2026-05-01T12:52:48Z] [HEADER] ============================================================
[2026-05-01T12:52:48Z] [INFO] 🌙 STARTING OVERNIGHT RESEARCH CYCLE #136
[2026-05-01T12:52:48Z] [INFO] 🔍 Running overnight research protocol (web scraping + cross-symbol analysis)...
[2026-05-01T12:52:48Z] [INFO] 📊 Cycle duration: 0.38s, Files generated: 1
[2026-05-01T12:52:48Z] [WARNING] ⚠️ Database not initialized for cycle counting
[2026-05-01T12:52:48Z] [INFO] 💾 Database updated with cycle results
[2026-05-01T12:52:48Z] [SECTION] ============================================================
[2026-05-01T12:52:48Z] [INFO] 🔮 PHASE: HIDDEN LAYERING DETECTION
[2026-05-01T12:52:48Z] [INFO] 🔗 Hidden layering detection complete. Connections identified: 2
[2026-05-01T12:52:48Z] [SECTION] ============================================================
[2026-05-01T12:52:48Z] [INFO] 🔬 PHASE: DOMAIN CORRELATION ANALYSIS
[2026-05-01T12:52:48Z] [INFO] 📊 Domain correlation matrices created: 2
[2026-05-01T12:52:48Z] [SECTION] ============================================================
[2026-05-01T12:52:48Z] [INFO] 🖼️  PHASE: IMAGE-SEED ANALYSIS
[2026-05-01T12:52:48Z] [INFO] 📂 Image seed analysis bootstrapping from 0 images...
[2026-05-01T12:52:48Z] [SECTION] ============================================================
[2026-05-01T12:52:48Z] [INFO] 📤 PHASE: PUSH COMPONENTS TO TOLARIA
[2026-05-01T12:52:49Z] [INFO] 📦 Components pushed to Tolaria: 5
[2026-05-01T12:52:49Z] [SECTION] ============================================================
[2026-05-01T12:52:49Z] [INFO] 🧩 PHASE: COMPOSER - DOMAIN INTEGRATION SYNTHESIS
[2026-05-01T12:53:11Z] [INFO] 🎨 Domain integrations synthesized: 0
[2026-05-01T12:53:11Z] [SECTION] ============================================================
[2026-05-01T12:53:11Z] [INFO] 🚀 PHASE: ADVANCED OVERNIGHT LOOP
[2026-05-01T12:54:20Z] [INFO] 🔬 Advanced loop completed cycles: 0
[2026-05-01T12:54:20Z] [WARNING] ⚠️  Git commit skipped or failed (git not initialized?): Command '['git', '-C', '/home/avalonas/.hermes/gematria/unified_overnight_research', 'add', '.']' returned non-zero exit status 128.
[2026-05-01T12:54:20Z] [INFO] 
📊 CYCLE #136 SUMMARY
[2026-05-01T12:54:20Z] [INFO] ✅ Successful tasks: 7/7
[2026-05-01T12:54:20Z] [INFO] ⏱️  Cycle duration: 92.60s
[2026-05-01T12:54:20Z] [INFO]    ⚠️ task: result
[2026-05-01T12:54:20Z] [INFO]    ⚠️ task: result
[2026-05-01T12:54:20Z] [INFO]    ⚠️ task: result
[2026-05-01T12:54:20Z] [INFO]    ⚠️ task: result
[2026-05-01T12:54:20Z] [INFO]    ⚠️ task: result
[2026-05-01T12:54:20Z] [INFO]    ⚠️ task: result
[2026-05-01T12:54:20Z] [INFO]    ⚠️ task: result
[2026-05-01T12:54:20Z] [HEADER] ================================================================================
[2026-05-01T12:54:20Z] [INFO] 🔄 OVERNIGHT RESEARCH PIPELINE - CYCLE #137
[2026-05-01T12:54:20Z] [INFO] ================================================================================
[2026-05-01T12:54:20Z] [HEADER] ============================================================
[2026-05-01T12:54:20Z] [INFO] 🌙 STARTING OVERNIGHT RESEARCH CYCLE #137
[2026-05-01T12:54:20Z] [INFO] 🔍 Running overnight research protocol (web scraping + cross-symbol analysis)...
[2026-05-01T12:54:20Z] [INFO] 📊 Cycle duration: 0.23s, Files generated: 0
[2026-05-01T12:54:20Z] [WARNING] ⚠️ Database not initialized for cycle counting
[2026-05-01T12:54:20Z] [INFO] 💾 Database updated with cycle results
[2026-05-01T12:54:20Z] [SECTION] ============================================================
[2026-05-01T12:54:20Z] [INFO] 🔮 PHASE: HIDDEN LAYERING DETECTION
[2026-05-01T12:54:20Z] [INFO] 🔗 Hidden layering detection complete. Connections identified: 2
[2026-05-01T12:54:20Z] [SECTION] ============================================================
[2026-05-01T12:54:20Z] [INFO] 🔬 PHASE: DOMAIN CORRELATION ANALYSIS
[2026-05-01T12:54:20Z] [INFO] 📊 Domain correlation matrices created: 2
[2026-05-01T12:54:20Z] [SECTION] ============================================================
[2026-05-01T12:54:20Z] [INFO] 🖼️  PHASE: IMAGE-SEED ANALYSIS
[2026-05-01T12:54:20Z] [INFO] 📂 Image seed analysis bootstrapping from 0 images...
[2026-05-01T12:54:21Z] [SECTION] ============================================================
[2026-05-01T12:54:21Z] [INFO] 📤 PHASE: PUSH COMPONENTS TO TOLARIA
[2026-05-01T12:54:21Z] [INFO] 📦 Components pushed to Tolaria: 5
[2026-05-01T12:54:21Z] [SECTION] ============================================================
[2026-05-01T12:54:21Z] [INFO] 🧩 PHASE: COMPOSER - DOMAIN INTEGRATION SYNTHESIS
[2026-05-01T12:54:44Z] [INFO] 🎨 Domain integrations synthesized: 0
[2026-05-01T12:54:44Z] [SECTION] ============================================================
[2026-05-01T12:54:44Z] [INFO] 🚀 PHASE: ADVANCED OVERNIGHT LOOP
[2026-05-01T12:55:50Z] [INFO] 🔬 Advanced loop completed cycles: 0
[2026-05-01T12:55:50Z] [WARNING] ⚠️  Git commit skipped or failed (git not initialized?): Command '['git', '-C', '/home/avalonas/.hermes/gematria/unified_overnight_research', 'add', '.']' returned non-zero exit status 128.
[2026-05-01T12:55:50Z] [INFO] 
📊 CYCLE #137 SUMMARY
[2026-05-01T12:55:50Z] [INFO] ✅ Successful tasks: 7/7
[2026-05-01T12:55:50Z] [INFO] ⏱️  Cycle duration: 89.50s
[2026-05-01T12:55:50Z] [INFO]    ⚠️ task: result
[2026-05-01T12:55:50Z] [INFO]    ⚠️ task: result
[2026-05-01T12:55:50Z] [INFO]    ⚠️ task: result
[2026-05-01T12:55:50Z] [INFO]    ⚠️ task: result
[2026-05-01T12:55:50Z] [INFO]    ⚠️ task: result
[2026-05-01T12:55:50Z] [INFO]    ⚠️ task: result
[2026-05-01T12:55:50Z] [INFO]    ⚠️ task: result
[2026-05-01T12:55:50Z] [HEADER] ================================================================================
[2026-05-01T12:55:50Z] [INFO] 🔄 OVERNIGHT RESEARCH PIPELINE - CYCLE #138
[2026-05-01T12:55:50Z] [INFO] ================================================================================
[2026-05-01T12:55:50Z] [HEADER] ============================================================
[2026-05-01T12:55:50Z] [INFO] 🌙 STARTING OVERNIGHT RESEARCH CYCLE #138
[2026-05-01T12:55:50Z] [INFO] 🔍 Running overnight research protocol (web scraping + cross-symbol analysis)...
[2026-05-01T12:55:50Z] [INFO] 📊 Cycle duration: 0.22s, Files generated: 1
[2026-05-01T12:55:50Z] [WARNING] ⚠️ Database not initialized for cycle counting
[2026-05-01T12:55:50Z] [INFO] 💾 Database updated with cycle results
[2026-05-01T12:55:50Z] [SECTION] ============================================================
[2026-05-01T12:55:50Z] [INFO] 🔮 PHASE: HIDDEN LAYERING DETECTION
[2026-05-01T12:55:50Z] [INFO] 🔗 Hidden layering detection complete. Connections identified: 2
[2026-05-01T12:55:50Z] [SECTION] ============================================================
[2026-05-01T12:55:50Z] [INFO] 🔬 PHASE: DOMAIN CORRELATION ANALYSIS
[2026-05-01T12:55:50Z] [INFO] 📊 Domain correlation matrices created: 2
[2026-05-01T12:55:50Z] [SECTION] ============================================================
[2026-05-01T12:55:50Z] [INFO] 🖼️  PHASE: IMAGE-SEED ANALYSIS
[2026-05-01T12:55:50Z] [INFO] 📂 Image seed analysis bootstrapping from 0 images...
[2026-05-01T12:55:50Z] [SECTION] ============================================================
[2026-05-01T12:55:50Z] [INFO] 📤 PHASE: PUSH COMPONENTS TO TOLARIA
[2026-05-01T12:55:51Z] [INFO] 📦 Components pushed to Tolaria: 5
[2026-05-01T12:55:51Z] [SECTION] ============================================================
[2026-05-01T12:55:51Z] [INFO] 🧩 PHASE: COMPOSER - DOMAIN INTEGRATION SYNTHESIS
[2026-05-01T12:56:13Z] [INFO] 🎨 Domain integrations synthesized: 0
[2026-05-01T12:56:13Z] [SECTION] ============================================================
[2026-05-01T12:56:13Z] [INFO] 🚀 PHASE: ADVANCED OVERNIGHT LOOP
[2026-05-01T12:57:19Z] [INFO] 🔬 Advanced loop completed cycles: 0
[2026-05-01T12:57:19Z] [WARNING] ⚠️  Git commit skipped or failed (git not initialized?): Command '['git', '-C', '/home/avalonas/.hermes/gematria/unified_overnight_research', 'add', '.']' returned non-zero exit status 128.
[2026-05-01T12:57:19Z] [INFO] 
📊 CYCLE #138 SUMMARY
[2026-05-01T12:57:19Z] [INFO] ✅ Successful tasks: 7/7
[2026-05-01T12:57:19Z] [INFO] ⏱️  Cycle duration: 89.24s
[2026-05-01T12:57:19Z] [INFO]    ⚠️ task: result
[2026-05-01T12:57:19Z] [INFO]    ⚠️ task: result
[2026-05-01T12:57:19Z] [INFO]    ⚠️ task: result
[2026-05-01T12:57:19Z] [INFO]    ⚠️ task: result
[2026-05-01T12:57:19Z] [INFO]    ⚠️ task: result
[2026-05-01T12:57:19Z] [INFO]    ⚠️ task: result
[2026-05-01T12:57:19Z] [INFO]    ⚠️ task: result
[2026-05-01T12:57:19Z] [HEADER] ================================================================================
[2026-05-01T12:57:19Z] [INFO] 🔄 OVERNIGHT RESEARCH PIPELINE - CYCLE #139
[2026-05-01T12:57:19Z] [INFO] ================================================================================
[2026-05-01T12:57:19Z] [HEADER] ============================================================
[2026-05-01T12:57:19Z] [INFO] 🌙 STARTING OVERNIGHT RESEARCH CYCLE #139
[2026-05-01T12:57:19Z] [INFO] 🔍 Running overnight research protocol (web scraping + cross-symbol analysis)...
[2026-05-01T12:57:19Z] [INFO] 📊 Cycle duration: 0.21s, Files generated: 0
[2026-05-01T12:57:19Z] [WARNING] ⚠️ Database not initialized for cycle counting
[2026-05-01T12:57:19Z] [INFO] 💾 Database updated with cycle results
[2026-05-01T12:57:19Z] [SECTION] ============================================================
[2026-05-01T12:57:19Z] [INFO] 🔮 PHASE: HIDDEN LAYERING DETECTION
[2026-05-01T12:57:19Z] [INFO] 🔗 Hidden layering detection complete. Connections identified: 2
[2026-05-01T12:57:19Z] [SECTION] ============================================================
[2026-05-01T12:57:19Z] [INFO] 🔬 PHASE: DOMAIN CORRELATION ANALYSIS
[2026-05-01T12:57:19Z] [INFO] 📊 Domain correlation matrices created: 2
[2026-05-01T12:57:19Z] [SECTION] ============================================================
[2026-05-01T12:57:19Z] [INFO] 🖼️  PHASE: IMAGE-SEED ANALYSIS
[2026-05-01T12:57:19Z] [INFO] 📂 Image seed analysis bootstrapping from 0 images...
[2026-05-01T12:57:19Z] [SECTION] ============================================================
[2026-05-01T12:57:19Z] [INFO] 📤 PHASE: PUSH COMPONENTS TO TOLARIA
[2026-05-01T12:57:20Z] [INFO] 📦 Components pushed to Tolaria: 5
[2026-05-01T12:57:20Z] [SECTION] ============================================================
[2026-05-01T12:57:20Z] [INFO] 🧩 PHASE: COMPOSER - DOMAIN INTEGRATION SYNTHESIS
[2026-05-01T12:57:41Z] [INFO] 🎨 Domain integrations synthesized: 0
[2026-05-01T12:57:41Z] [SECTION] ============================================================
[2026-05-01T12:57:41Z] [INFO] 🚀 PHASE: ADVANCED OVERNIGHT LOOP
[2026-05-01T12:58:49Z] [INFO] 🔬 Advanced loop completed cycles: 0
[2026-05-01T12:58:50Z] [WARNING] ⚠️  Git commit skipped or failed (git not initialized?): Command '['git', '-C', '/home/avalonas/.hermes/gematria/unified_overnight_research', 'commit', '-m', '[2026-05-01T12:58:50Z] Cycle 138: Cycle 139: Web research + hidden layering detection']' returned non-zero exit status 128.
[2026-05-01T12:58:50Z] [INFO] 
📊 CYCLE #139 SUMMARY
[2026-05-01T12:58:50Z] [INFO] ✅ Successful tasks: 7/7
[2026-05-01T12:58:50Z] [INFO] ⏱️  Cycle duration: 90.78s
[2026-05-01T12:58:50Z] [INFO]    ⚠️ task: result
[2026-05-01T12:58:50Z] [INFO]    ⚠️ task: result
[2026-05-01T12:58:50Z] [INFO]    ⚠️ task: result
[2026-05-01T12:58:50Z] [INFO]    ⚠️ task: result
[2026-05-01T12:58:50Z] [INFO]    ⚠️ task: result
[2026-05-01T12:58:50Z] [INFO]    ⚠️ task: result
[2026-05-01T12:58:50Z] [INFO]    ⚠️ task: result
[2026-05-01T12:58:50Z] [HEADER] ================================================================================
[2026-05-01T12:58:50Z] [INFO] 🔄 OVERNIGHT RESEARCH PIPELINE - CYCLE #140
[2026-05-01T12:58:50Z] [INFO] ================================================================================
[2026-05-01T12:58:50Z] [HEADER] ============================================================
[2026-05-01T12:58:50Z] [INFO] 🌙 STARTING OVERNIGHT RESEARCH CYCLE #140
[2026-05-01T12:58:50Z] [INFO] 🔍 Running overnight research protocol (web scraping + cross-symbol analysis)...
[2026-05-01T12:58:50Z] [INFO] 📊 Cycle duration: 0.20s, Files generated: 1
[2026-05-01T12:58:50Z] [WARNING] ⚠️ Database not initialized for cycle counting
[2026-05-01T12:58:50Z] [INFO] 💾 Database updated with cycle results
[2026-05-01T12:58:50Z] [SECTION] ============================================================
[2026-05-01T12:58:50Z] [INFO] 🔮 PHASE: HIDDEN LAYERING DETECTION
[2026-05-01T12:58:50Z] [INFO] 🔗 Hidden layering detection complete. Connections identified: 2
[2026-05-01T12:58:50Z] [SECTION] ============================================================
[2026-05-01T12:58:50Z] [INFO] 🔬 PHASE: DOMAIN CORRELATION ANALYSIS
[2026-05-01T12:58:50Z] [INFO] 📊 Domain correlation matrices created: 2
[2026-05-01T12:58:50Z] [SECTION] ============================================================
[2026-05-01T12:58:50Z] [INFO] 🖼️  PHASE: IMAGE-SEED ANALYSIS
[2026-05-01T12:58:50Z] [INFO] 📂 Image seed analysis bootstrapping from 0 images...
[2026-05-01T12:58:50Z] [SECTION] ============================================================
[2026-05-01T12:58:50Z] [INFO] 📤 PHASE: PUSH COMPONENTS TO TOLARIA
[2026-05-01T12:58:51Z] [INFO] 📦 Components pushed to Tolaria: 5
[2026-05-01T12:58:51Z] [SECTION] ============================================================
[2026-05-01T12:58:51Z] [INFO] 🧩 PHASE: COMPOSER - DOMAIN INTEGRATION SYNTHESIS
[2026-05-01T12:59:12Z] [INFO] 🎨 Domain integrations synthesized: 0
[2026-05-01T12:59:12Z] [SECTION] ============================================================
[2026-05-01T12:59:12Z] [INFO] 🚀 PHASE: ADVANCED OVERNIGHT LOOP
[2026-05-01T13:00:18Z] [INFO] 🔬 Advanced loop completed cycles: 0
[2026-05-01T13:00:18Z] [WARNING] ⚠️  Git commit skipped or failed (git not initialized?): Command '['git', '-C', '/home/avalonas/.hermes/gematria/unified_overnight_research', 'add', '.']' returned non-zero exit status 128.
[2026-05-01T13:00:18Z] [INFO] 
📊 CYCLE #140 SUMMARY
[2026-05-01T13:00:18Z] [INFO] ✅ Successful tasks: 7/7
[2026-05-01T13:00:18Z] [INFO] ⏱️  Cycle duration: 88.23s
[2026-05-01T13:00:18Z] [INFO]    ⚠️ task: result
[2026-05-01T13:00:18Z] [INFO]    ⚠️ task: result
[2026-05-01T13:00:18Z] [INFO]    ⚠️ task: result
[2026-05-01T13:00:18Z] [INFO]    ⚠️ task: result
[2026-05-01T13:00:18Z] [INFO]    ⚠️ task: result
[2026-05-01T13:00:18Z] [INFO]    ⚠️ task: result
[2026-05-01T13:00:18Z] [INFO]    ⚠️ task: result
[2026-05-01T13:00:18Z] [HEADER] ================================================================================
[2026-05-01T13:00:18Z] [INFO] 🔄 OVERNIGHT RESEARCH PIPELINE - CYCLE #141
[2026-05-01T13:00:18Z] [INFO] ================================================================================
[2026-05-01T13:00:18Z] [HEADER] ============================================================
[2026-05-01T13:00:18Z] [INFO] 🌙 STARTING OVERNIGHT RESEARCH CYCLE #141
[2026-05-01T13:00:18Z] [INFO] 🔍 Running overnight research protocol (web scraping + cross-symbol analysis)...
[2026-05-01T13:00:18Z] [INFO] 📊 Cycle duration: 0.19s, Files generated: 0
[2026-05-01T13:00:18Z] [WARNING] ⚠️ Database not initialized for cycle counting
[2026-05-01T13:00:18Z] [INFO] 💾 Database updated with cycle results
[2026-05-01T13:00:18Z] [SECTION] ============================================================
[2026-05-01T13:00:18Z] [INFO] 🔮 PHASE: HIDDEN LAYERING DETECTION
[2026-05-01T13:00:18Z] [INFO] 🔗 Hidden layering detection complete. Connections identified: 2
[2026-05-01T13:00:18Z] [SECTION] ============================================================
[2026-05-01T13:00:18Z] [INFO] 🔬 PHASE: DOMAIN CORRELATION ANALYSIS
[2026-05-01T13:00:18Z] [INFO] 📊 Domain correlation matrices created: 2
[2026-05-01T13:00:18Z] [SECTION] ============================================================
[2026-05-01T13:00:18Z] [INFO] 🖼️  PHASE: IMAGE-SEED ANALYSIS
[2026-05-01T13:00:18Z] [INFO] 📂 Image seed analysis bootstrapping from 0 images...
[2026-05-01T13:00:18Z] [SECTION] ============================================================
[2026-05-01T13:00:18Z] [INFO] 📤 PHASE: PUSH COMPONENTS TO TOLARIA
[2026-05-01T13:00:19Z] [INFO] 📦 Components pushed to Tolaria: 5
[2026-05-01T13:00:19Z] [SECTION] ============================================================
[2026-05-01T13:00:19Z] [INFO] 🧩 PHASE: COMPOSER - DOMAIN INTEGRATION SYNTHESIS
[2026-05-01T13:00:40Z] [INFO] 🎨 Domain integrations synthesized: 0
[2026-05-01T13:00:40Z] [SECTION] ============================================================
[2026-05-01T13:00:40Z] [INFO] 🚀 PHASE: ADVANCED OVERNIGHT LOOP
[2026-05-01T13:01:48Z] [INFO] 🔬 Advanced loop completed cycles: 0
[2026-05-01T13:01:48Z] [WARNING] ⚠️  Git commit skipped or failed (git not initialized?): Command '['git', '-C', '/home/avalonas/.hermes/gematria/unified_overnight_research', 'commit', '-m', '[2026-05-01T13:01:48Z] Cycle 140: Cycle 141: Web research + hidden layering detection']' returned non-zero exit status 128.
[2026-05-01T13:01:48Z] [INFO] 
📊 CYCLE #141 SUMMARY
[2026-05-01T13:01:48Z] [INFO] ✅ Successful tasks: 7/7
[2026-05-01T13:01:48Z] [INFO] ⏱️  Cycle duration: 90.15s
[2026-05-01T13:01:48Z] [INFO]    ⚠️ task: result
[2026-05-01T13:01:48Z] [INFO]    ⚠️ task: result
[2026-05-01T13:01:48Z] [INFO]    ⚠️ task: result
[2026-05-01T13:01:48Z] [INFO]    ⚠️ task: result
[2026-05-01T13:01:48Z] [INFO]    ⚠️ task: result
[2026-05-01T13:01:48Z] [INFO]    ⚠️ task: result
[2026-05-01T13:01:48Z] [INFO]    ⚠️ task: result
[2026-05-01T13:01:48Z] [HEADER] ================================================================================
[2026-05-01T13:01:48Z] [INFO] 🔄 OVERNIGHT RESEARCH PIPELINE - CYCLE #142
[2026-05-01T13:01:48Z] [INFO] ================================================================================
[2026-05-01T13:01:48Z] [HEADER] ============================================================
[2026-05-01T13:01:48Z] [INFO] 🌙 STARTING OVERNIGHT RESEARCH CYCLE #142
[2026-05-01T13:01:48Z] [INFO] 🔍 Running overnight research protocol (web scraping + cross-symbol analysis)...
[2026-05-01T13:01:48Z] [INFO] 📊 Cycle duration: 0.35s, Files generated: 1
[2026-05-01T13:01:48Z] [WARNING] ⚠️ Database not initialized for cycle counting
[2026-05-01T13:01:48Z] [INFO] 💾 Database updated with cycle results
[2026-05-01T13:01:48Z] [SECTION] ============================================================
[2026-05-01T13:01:48Z] [INFO] 🔮 PHASE: HIDDEN LAYERING DETECTION
[2026-05-01T13:01:49Z] [INFO] 🔗 Hidden layering detection complete. Connections identified: 2
[2026-05-01T13:01:49Z] [SECTION] ============================================================
[2026-05-01T13:01:49Z] [INFO] 🔬 PHASE: DOMAIN CORRELATION ANALYSIS
[2026-05-01T13:01:49Z] [INFO] 📊 Domain correlation matrices created: 2
[2026-05-01T13:01:49Z] [SECTION] ============================================================
[2026-05-01T13:01:49Z] [INFO] 🖼️  PHASE: IMAGE-SEED ANALYSIS
[2026-05-01T13:01:49Z] [INFO] 📂 Image seed analysis bootstrapping from 0 images...
[2026-05-01T13:01:49Z] [SECTION] ============================================================
[2026-05-01T13:01:49Z] [INFO] 📤 PHASE: PUSH COMPONENTS TO TOLARIA
[2026-05-01T13:01:49Z] [INFO] 📦 Components pushed to Tolaria: 5
[2026-05-01T13:01:49Z] [SECTION] ============================================================
[2026-05-01T13:01:49Z] [INFO] 🧩 PHASE: COMPOSER - DOMAIN INTEGRATION SYNTHESIS
[2026-05-01T13:02:10Z] [INFO] 🎨 Domain integrations synthesized: 0
[2026-05-01T13:02:10Z] [SECTION] ============================================================
[2026-05-01T13:02:10Z] [INFO] 🚀 PHASE: ADVANCED OVERNIGHT LOOP
[2026-05-01T13:03:18Z] [INFO] 🔬 Advanced loop completed cycles: 0
[2026-05-01T13:03:18Z] [WARNING] ⚠️  Git commit skipped or failed (git not initialized?): Command '['git', '-C', '/home/avalonas/.hermes/gematria/unified_overnight_research', 'add', '.']' returned non-zero exit status 128.
[2026-05-01T13:03:18Z] [INFO] 
📊 CYCLE #142 SUMMARY
[2026-05-01T13:03:18Z] [INFO] ✅ Successful tasks: 7/7
[2026-05-01T13:03:18Z] [INFO] ⏱️  Cycle duration: 90.26s
[2026-05-01T13:03:18Z] [INFO]    ⚠️ task: result
[2026-05-01T13:03:18Z] [INFO]    ⚠️ task: result
[2026-05-01T13:03:18Z] [INFO]    ⚠️ task: result
[2026-05-01T13:03:18Z] [INFO]    ⚠️ task: result
[2026-05-01T13:03:18Z] [INFO]    ⚠️ task: result
[2026-05-01T13:03:18Z] [INFO]    ⚠️ task: result
[2026-05-01T13:03:18Z] [INFO]    ⚠️ task: result
[2026-05-01T13:03:18Z] [HEADER] ================================================================================
[2026-05-01T13:03:18Z] [INFO] 🔄 OVERNIGHT RESEARCH PIPELINE - CYCLE #143
[2026-05-01T13:03:18Z] [INFO] ================================================================================
[2026-05-01T13:03:18Z] [HEADER] ============================================================
[2026-05-01T13:03:18Z] [INFO] 🌙 STARTING OVERNIGHT RESEARCH CYCLE #143
[2026-05-01T13:03:18Z] [INFO] 🔍 Running overnight research protocol (web scraping + cross-symbol analysis)...
[2026-05-01T13:03:18Z] [INFO] 📊 Cycle duration: 0.17s, Files generated: 1
[2026-05-01T13:03:18Z] [WARNING] ⚠️ Database not initialized for cycle counting
[2026-05-01T13:03:18Z] [INFO] 💾 Database updated with cycle results
[2026-05-01T13:03:18Z] [SECTION] ============================================================
[2026-05-01T13:03:18Z] [INFO] 🔮 PHASE: HIDDEN LAYERING DETECTION
[2026-05-01T13:03:19Z] [INFO] 🔗 Hidden layering detection complete. Connections identified: 2
[2026-05-01T13:03:19Z] [SECTION] ============================================================
[2026-05-01T13:03:19Z] [INFO] 🔬 PHASE: DOMAIN CORRELATION ANALYSIS
[2026-05-01T13:03:19Z] [INFO] 📊 Domain correlation matrices created: 2
[2026-05-01T13:03:19Z] [SECTION] ============================================================
[2026-05-01T13:03:19Z] [INFO] 🖼️  PHASE: IMAGE-SEED ANALYSIS
[2026-05-01T13:03:19Z] [INFO] 📂 Image seed analysis bootstrapping from 0 images...
[2026-05-01T13:03:19Z] [SECTION] ============================================================
[2026-05-01T13:03:19Z] [INFO] 📤 PHASE: PUSH COMPONENTS TO TOLARIA
[2026-05-01T13:03:19Z] [INFO] 📦 Components pushed to Tolaria: 5
[2026-05-01T13:03:19Z] [SECTION] ============================================================
[2026-05-01T13:03:19Z] [INFO] 🧩 PHASE: COMPOSER - DOMAIN INTEGRATION SYNTHESIS
[2026-05-01T13:03:41Z] [INFO] 🎨 Domain integrations synthesized: 0
[2026-05-01T13:03:41Z] [SECTION] ============================================================
[2026-05-01T13:03:41Z] [INFO] 🚀 PHASE: ADVANCED OVERNIGHT LOOP
[2026-05-01T13:04:49Z] [INFO] 🔬 Advanced loop completed cycles: 0
[2026-05-01T13:04:49Z] [WARNING] ⚠️  Git commit skipped or failed (git not initialized?): Command '['git', '-C', '/home/avalonas/.hermes/gematria/unified_overnight_research', 'add', '.']' returned non-zero exit status 128.
[2026-05-01T13:04:49Z] [INFO] 
📊 CYCLE #143 SUMMARY
[2026-05-01T13:04:49Z] [INFO] ✅ Successful tasks: 7/7
[2026-05-01T13:04:49Z] [INFO] ⏱️  Cycle duration: 91.07s
[2026-05-01T13:04:49Z] [INFO]    ⚠️ task: result
[2026-05-01T13:04:49Z] [INFO]    ⚠️ task: result
[2026-05-01T13:04:49Z] [INFO]    ⚠️ task: result
[2026-05-01T13:04:49Z] [INFO]    ⚠️ task: result
[2026-05-01T13:04:49Z] [INFO]    ⚠️ task: result
[2026-05-01T13:04:49Z] [INFO]    ⚠️ task: result
[2026-05-01T13:04:49Z] [INFO]    ⚠️ task: result
[2026-05-01T13:04:49Z] [HEADER] ================================================================================
[2026-05-01T13:04:49Z] [INFO] 🔄 OVERNIGHT RESEARCH PIPELINE - CYCLE #144
[2026-05-01T13:04:49Z] [INFO] ================================================================================
[2026-05-01T13:04:49Z] [HEADER] ============================================================
[2026-05-01T13:04:49Z] [INFO] 🌙 STARTING OVERNIGHT RESEARCH CYCLE #144
[2026-05-01T13:04:49Z] [INFO] 🔍 Running overnight research protocol (web scraping + cross-symbol analysis)...
[2026-05-01T13:04:50Z] [INFO] 📊 Cycle duration: 0.24s, Files generated: 1
[2026-05-01T13:04:50Z] [WARNING] ⚠️ Database not initialized for cycle counting
[2026-05-01T13:04:50Z] [INFO] 💾 Database updated with cycle results
[2026-05-01T13:04:50Z] [SECTION] ============================================================
[2026-05-01T13:04:50Z] [INFO] 🔮 PHASE: HIDDEN LAYERING DETECTION
[2026-05-01T13:04:50Z] [INFO] 🔗 Hidden layering detection complete. Connections identified: 2
[2026-05-01T13:04:50Z] [SECTION] ============================================================
[2026-05-01T13:04:50Z] [INFO] 🔬 PHASE: DOMAIN CORRELATION ANALYSIS
[2026-05-01T13:04:50Z] [INFO] 📊 Domain correlation matrices created: 2
[2026-05-01T13:04:50Z] [SECTION] ============================================================
[2026-05-01T13:04:50Z] [INFO] 🖼️  PHASE: IMAGE-SEED ANALYSIS
[2026-05-01T13:04:50Z] [INFO] 📂 Image seed analysis bootstrapping from 0 images...
[2026-05-01T13:04:50Z] [SECTION] ============================================================
[2026-05-01T13:04:50Z] [INFO] 📤 PHASE: PUSH COMPONENTS TO TOLARIA
[2026-05-01T13:04:51Z] [INFO] 📦 Components pushed to Tolaria: 5
[2026-05-01T13:04:51Z] [SECTION] ============================================================
[2026-05-01T13:04:51Z] [INFO] 🧩 PHASE: COMPOSER - DOMAIN INTEGRATION SYNTHESIS
[2026-05-01T13:05:12Z] [INFO] 🎨 Domain integrations synthesized: 0
[2026-05-01T13:05:12Z] [SECTION] ============================================================
[2026-05-01T13:05:12Z] [INFO] 🚀 PHASE: ADVANCED OVERNIGHT LOOP
[2026-05-01T13:06:20Z] [INFO] 🔬 Advanced loop completed cycles: 0
[2026-05-01T13:06:20Z] [WARNING] ⚠️  Git commit skipped or failed (git not initialized?): Command '['git', '-C', '/home/avalonas/.hermes/gematria/unified_overnight_research', 'add', '.']' returned non-zero exit status 128.
[2026-05-01T13:06:20Z] [INFO] 
📊 CYCLE #144 SUMMARY
[2026-05-01T13:06:20Z] [INFO] ✅ Successful tasks: 7/7
[2026-05-01T13:06:20Z] [INFO] ⏱️  Cycle duration: 90.99s
[2026-05-01T13:06:20Z] [INFO]    ⚠️ task: result
[2026-05-01T13:06:20Z] [INFO]    ⚠️ task: result
[2026-05-01T13:06:20Z] [INFO]    ⚠️ task: result
[2026-05-01T13:06:20Z] [INFO]    ⚠️ task: result
[2026-05-01T13:06:20Z] [INFO]    ⚠️ task: result
[2026-05-01T13:06:20Z] [INFO]    ⚠️ task: result
[2026-05-01T13:06:20Z] [INFO]    ⚠️ task: result
[2026-05-01T13:06:20Z] [HEADER] ================================================================================
[2026-05-01T13:06:20Z] [INFO] 🔄 OVERNIGHT RESEARCH PIPELINE - CYCLE #145
[2026-05-01T13:06:20Z] [INFO] ================================================================================
[2026-05-01T13:06:20Z] [HEADER] ============================================================
[2026-05-01T13:06:20Z] [INFO] 🌙 STARTING OVERNIGHT RESEARCH CYCLE #145
[2026-05-01T13:06:20Z] [INFO] 🔍 Running overnight research protocol (web scraping + cross-symbol analysis)...
[2026-05-01T13:06:21Z] [INFO] 📊 Cycle duration: 0.18s, Files generated: 0
[2026-05-01T13:06:21Z] [WARNING] ⚠️ Database not initialized for cycle counting
[2026-05-01T13:06:21Z] [INFO] 💾 Database updated with cycle results
[2026-05-01T13:06:21Z] [SECTION] ============================================================
[2026-05-01T13:06:21Z] [INFO] 🔮 PHASE: HIDDEN LAYERING DETECTION
[2026-05-01T13:06:21Z] [INFO] 🔗 Hidden layering detection complete. Connections identified: 2
[2026-05-01T13:06:21Z] [SECTION] ============================================================
[2026-05-01T13:06:21Z] [INFO] 🔬 PHASE: DOMAIN CORRELATION ANALYSIS
[2026-05-01T13:06:21Z] [INFO] 📊 Domain correlation matrices created: 2
[2026-05-01T13:06:21Z] [SECTION] ============================================================
[2026-05-01T13:06:21Z] [INFO] 🖼️  PHASE: IMAGE-SEED ANALYSIS
[2026-05-01T13:06:21Z] [INFO] 📂 Image seed analysis bootstrapping from 0 images...
[2026-05-01T13:06:21Z] [SECTION] ============================================================
[2026-05-01T13:06:21Z] [INFO] 📤 PHASE: PUSH COMPONENTS TO TOLARIA
[2026-05-01T13:06:21Z] [INFO] 📦 Components pushed to Tolaria: 5
[2026-05-01T13:06:21Z] [SECTION] ============================================================
[2026-05-01T13:06:21Z] [INFO] 🧩 PHASE: COMPOSER - DOMAIN INTEGRATION SYNTHESIS
[2026-05-01T13:06:43Z] [INFO] 🎨 Domain integrations synthesized: 0
[2026-05-01T13:06:43Z] [SECTION] ============================================================
[2026-05-01T13:06:43Z] [INFO] 🚀 PHASE: ADVANCED OVERNIGHT LOOP
[2026-05-01T13:07:55Z] [INFO] 🔬 Advanced loop completed cycles: 0
[2026-05-01T13:07:55Z] [WARNING] ⚠️  Git commit skipped or failed (git not initialized?): Command '['git', '-C', '/home/avalonas/.hermes/gematria/unified_overnight_research', 'add', '.']' returned non-zero exit status 128.
[2026-05-01T13:07:55Z] [INFO] 
📊 CYCLE #145 SUMMARY
[2026-05-01T13:07:55Z] [INFO] ✅ Successful tasks: 7/7
[2026-05-01T13:07:55Z] [INFO] ⏱️  Cycle duration: 95.00s
[2026-05-01T13:07:55Z] [INFO]    ⚠️ task: result
[2026-05-01T13:07:55Z] [INFO]    ⚠️ task: result
[2026-05-01T13:07:55Z] [INFO]    ⚠️ task: result
[2026-05-01T13:07:55Z] [INFO]    ⚠️ task: result
[2026-05-01T13:07:55Z] [INFO]    ⚠️ task: result
[2026-05-01T13:07:55Z] [INFO]    ⚠️ task: result
[2026-05-01T13:07:55Z] [INFO]    ⚠️ task: result
[2026-05-01T13:07:55Z] [HEADER] ================================================================================
[2026-05-01T13:07:55Z] [INFO] 🔄 OVERNIGHT RESEARCH PIPELINE - CYCLE #146
[2026-05-01T13:07:55Z] [INFO] ================================================================================
[2026-05-01T13:07:55Z] [HEADER] ============================================================
[2026-05-01T13:07:55Z] [INFO] 🌙 STARTING OVERNIGHT RESEARCH CYCLE #146
[2026-05-01T13:07:55Z] [INFO] 🔍 Running overnight research protocol (web scraping + cross-symbol analysis)...
[2026-05-01T13:07:56Z] [INFO] 📊 Cycle duration: 0.18s, Files generated: 1
[2026-05-01T13:07:56Z] [WARNING] ⚠️ Database not initialized for cycle counting
[2026-05-01T13:07:56Z] [INFO] 💾 Database updated with cycle results
[2026-05-01T13:07:56Z] [SECTION] ============================================================
[2026-05-01T13:07:56Z] [INFO] 🔮 PHASE: HIDDEN LAYERING DETECTION
[2026-05-01T13:07:56Z] [INFO] 🔗 Hidden layering detection complete. Connections identified: 2
[2026-05-01T13:07:56Z] [SECTION] ============================================================
[2026-05-01T13:07:56Z] [INFO] 🔬 PHASE: DOMAIN CORRELATION ANALYSIS
[2026-05-01T13:07:56Z] [INFO] 📊 Domain correlation matrices created: 2
[2026-05-01T13:07:56Z] [SECTION] ============================================================
[2026-05-01T13:07:56Z] [INFO] 🖼️  PHASE: IMAGE-SEED ANALYSIS
[2026-05-01T13:07:56Z] [INFO] 📂 Image seed analysis bootstrapping from 0 images...
[2026-05-01T13:07:56Z] [SECTION] ============================================================
[2026-05-01T13:07:56Z] [INFO] 📤 PHASE: PUSH COMPONENTS TO TOLARIA
[2026-05-01T13:07:57Z] [INFO] 📦 Components pushed to Tolaria: 5
[2026-05-01T13:07:57Z] [SECTION] ============================================================
[2026-05-01T13:07:57Z] [INFO] 🧩 PHASE: COMPOSER - DOMAIN INTEGRATION SYNTHESIS
[2026-05-01T13:08:18Z] [INFO] 🎨 Domain integrations synthesized: 0
[2026-05-01T13:08:18Z] [SECTION] ============================================================
[2026-05-01T13:08:18Z] [INFO] 🚀 PHASE: ADVANCED OVERNIGHT LOOP
[2026-05-01T13:09:26Z] [INFO] 🔬 Advanced loop completed cycles: 0
[2026-05-01T13:09:26Z] [WARNING] ⚠️  Git commit skipped or failed (git not initialized?): Command '['git', '-C', '/home/avalonas/.hermes/gematria/unified_overnight_research', 'add', '.']' returned non-zero exit status 128.
[2026-05-01T13:09:26Z] [INFO] 
📊 CYCLE #146 SUMMARY
[2026-05-01T13:09:26Z] [INFO] ✅ Successful tasks: 7/7
[2026-05-01T13:09:26Z] [INFO] ⏱️  Cycle duration: 90.75s
[2026-05-01T13:09:26Z] [INFO]    ⚠️ task: result
[2026-05-01T13:09:26Z] [INFO]    ⚠️ task: result
[2026-05-01T13:09:26Z] [INFO]    ⚠️ task: result
[2026-05-01T13:09:26Z] [INFO]    ⚠️ task: result
[2026-05-01T13:09:26Z] [INFO]    ⚠️ task: result
[2026-05-01T13:09:26Z] [INFO]    ⚠️ task: result
[2026-05-01T13:09:26Z] [INFO]    ⚠️ task: result
[2026-05-01T13:09:26Z] [HEADER] ================================================================================
[2026-05-01T13:09:26Z] [INFO] 🔄 OVERNIGHT RESEARCH PIPELINE - CYCLE #147
[2026-05-01T13:09:26Z] [INFO] ================================================================================
[2026-05-01T13:09:26Z] [HEADER] ============================================================
[2026-05-01T13:09:26Z] [INFO] 🌙 STARTING OVERNIGHT RESEARCH CYCLE #147
[2026-05-01T13:09:26Z] [INFO] 🔍 Running overnight research protocol (web scraping + cross-symbol analysis)...
[2026-05-01T13:09:26Z] [INFO] 📊 Cycle duration: 0.29s, Files generated: 1
[2026-05-01T13:09:26Z] [WARNING] ⚠️ Database not initialized for cycle counting
[2026-05-01T13:09:26Z] [INFO] 💾 Database updated with cycle results
[2026-05-01T13:09:26Z] [SECTION] ============================================================
[2026-05-01T13:09:26Z] [INFO] 🔮 PHASE: HIDDEN LAYERING DETECTION
[2026-05-01T13:09:27Z] [INFO] 🔗 Hidden layering detection complete. Connections identified: 2
[2026-05-01T13:09:27Z] [SECTION] ============================================================
[2026-05-01T13:09:27Z] [INFO] 🔬 PHASE: DOMAIN CORRELATION ANALYSIS
[2026-05-01T13:09:27Z] [INFO] 📊 Domain correlation matrices created: 2
[2026-05-01T13:09:27Z] [SECTION] ============================================================
[2026-05-01T13:09:27Z] [INFO] 🖼️  PHASE: IMAGE-SEED ANALYSIS
[2026-05-01T13:09:27Z] [INFO] 📂 Image seed analysis bootstrapping from 0 images...
[2026-05-01T13:09:27Z] [SECTION] ============================================================
[2026-05-01T13:09:27Z] [INFO] 📤 PHASE: PUSH COMPONENTS TO TOLARIA
[2026-05-01T13:09:27Z] [INFO] 📦 Components pushed to Tolaria: 5
[2026-05-01T13:09:27Z] [SECTION] ============================================================
[2026-05-01T13:09:27Z] [INFO] 🧩 PHASE: COMPOSER - DOMAIN INTEGRATION SYNTHESIS
[2026-05-01T13:09:48Z] [INFO] 🎨 Domain integrations synthesized: 0
[2026-05-01T13:09:48Z] [SECTION] ============================================================
[2026-05-01T13:09:48Z] [INFO] 🚀 PHASE: ADVANCED OVERNIGHT LOOP
[2026-05-01T13:10:56Z] [INFO] 🔬 Advanced loop completed cycles: 0
[2026-05-01T13:10:56Z] [WARNING] ⚠️  Git commit skipped or failed (git not initialized?): Command '['git', '-C', '/home/avalonas/.hermes/gematria/unified_overnight_research', 'add', '.']' returned non-zero exit status 128.
[2026-05-01T13:10:56Z] [INFO] 
📊 CYCLE #147 SUMMARY
[2026-05-01T13:10:56Z] [INFO] ✅ Successful tasks: 7/7
[2026-05-01T13:10:56Z] [INFO] ⏱️  Cycle duration: 90.03s
[2026-05-01T13:10:56Z] [INFO]    ⚠️ task: result
[2026-05-01T13:10:56Z] [INFO]    ⚠️ task: result
[2026-05-01T13:10:56Z] [INFO]    ⚠️ task: result
[2026-05-01T13:10:56Z] [INFO]    ⚠️ task: result
[2026-05-01T13:10:56Z] [INFO]    ⚠️ task: result
[2026-05-01T13:10:56Z] [INFO]    ⚠️ task: result
[2026-05-01T13:10:56Z] [INFO]    ⚠️ task: result
[2026-05-01T13:10:56Z] [HEADER] ================================================================================
[2026-05-01T13:10:56Z] [INFO] 🔄 OVERNIGHT RESEARCH PIPELINE - CYCLE #148
[2026-05-01T13:10:56Z] [INFO] ================================================================================
[2026-05-01T13:10:56Z] [HEADER] ============================================================
[2026-05-01T13:10:56Z] [INFO] 🌙 STARTING OVERNIGHT RESEARCH CYCLE #148
[2026-05-01T13:10:56Z] [INFO] 🔍 Running overnight research protocol (web scraping + cross-symbol analysis)...
[2026-05-01T13:10:57Z] [INFO] 📊 Cycle duration: 0.36s, Files generated: 1
[2026-05-01T13:10:57Z] [WARNING] ⚠️ Database not initialized for cycle counting
[2026-05-01T13:10:57Z] [INFO] 💾 Database updated with cycle results
[2026-05-01T13:10:57Z] [SECTION] ============================================================
[2026-05-01T13:10:57Z] [INFO] 🔮 PHASE: HIDDEN LAYERING DETECTION
[2026-05-01T13:10:57Z] [INFO] 🔗 Hidden layering detection complete. Connections identified: 2
[2026-05-01T13:10:57Z] [SECTION] ============================================================
[2026-05-01T13:10:57Z] [INFO] 🔬 PHASE: DOMAIN CORRELATION ANALYSIS
[2026-05-01T13:10:57Z] [INFO] 📊 Domain correlation matrices created: 2
[2026-05-01T13:10:57Z] [SECTION] ============================================================
[2026-05-01T13:10:57Z] [INFO] 🖼️  PHASE: IMAGE-SEED ANALYSIS
[2026-05-01T13:10:57Z] [INFO] 📂 Image seed analysis bootstrapping from 0 images...
[2026-05-01T13:10:57Z] [SECTION] ============================================================
[2026-05-01T13:10:57Z] [INFO] 📤 PHASE: PUSH COMPONENTS TO TOLARIA
[2026-05-01T13:10:58Z] [INFO] 📦 Components pushed to Tolaria: 5
[2026-05-01T13:10:58Z] [SECTION] ============================================================
[2026-05-01T13:10:58Z] [INFO] 🧩 PHASE: COMPOSER - DOMAIN INTEGRATION SYNTHESIS
[2026-05-01T13:11:19Z] [INFO] 🎨 Domain integrations synthesized: 0
[2026-05-01T13:11:19Z] [SECTION] ============================================================
[2026-05-01T13:11:19Z] [INFO] 🚀 PHASE: ADVANCED OVERNIGHT LOOP
[2026-05-01T13:11:19Z] [INFO] 🔬 Advanced loop completed cycles: 0
[2026-05-01T13:11:19Z] [WARNING] ⚠️  Git commit skipped or failed (git not initialized?): Command '['git', '-C', '/home/avalonas/.hermes/gematria/unified_overnight_research', 'add', '.']' returned non-zero exit status 128.
[2026-05-01T13:11:19Z] [INFO] 
📊 CYCLE #148 SUMMARY
[2026-05-01T13:11:19Z] [INFO] ✅ Successful tasks: 7/7
[2026-05-01T13:11:19Z] [INFO] ⏱️  Cycle duration: 22.92s
[2026-05-01T13:11:19Z] [INFO]    ⚠️ task: result
[2026-05-01T13:11:19Z] [INFO]    ⚠️ task: result
[2026-05-01T13:11:19Z] [INFO]    ⚠️ task: result
[2026-05-01T13:11:19Z] [INFO]    ⚠️ task: result
[2026-05-01T13:11:19Z] [INFO]    ⚠️ task: result
[2026-05-01T13:11:19Z] [INFO]    ⚠️ task: result
[2026-05-01T13:11:19Z] [INFO]    ⚠️ task: result
[2026-05-01T13:11:19Z] [HEADER] ================================================================================
[2026-05-01T13:11:19Z] [INFO] 🔄 OVERNIGHT RESEARCH PIPELINE - CYCLE #149
[2026-05-01T13:11:19Z] [INFO] ================================================================================
[2026-05-01T13:11:19Z] [HEADER] ============================================================
[2026-05-01T13:11:19Z] [INFO] 🌙 STARTING OVERNIGHT RESEARCH CYCLE #149
[2026-05-01T13:11:19Z] [INFO] 🔍 Running overnight research protocol (web scraping + cross-symbol analysis)...
[2026-05-01T13:11:19Z] [INFO] 📊 Cycle duration: 0.18s, Files generated: 0
[2026-05-01T13:11:19Z] [WARNING] ⚠️ Database not initialized for cycle counting
[2026-05-01T13:11:19Z] [INFO] 💾 Database updated with cycle results
[2026-05-01T13:11:19Z] [SECTION] ============================================================
[2026-05-01T13:11:19Z] [INFO] 🔮 PHASE: HIDDEN LAYERING DETECTION
[2026-05-01T13:11:19Z] [INFO] 🔗 Hidden layering detection complete. Connections identified: 2
[2026-05-01T13:11:19Z] [SECTION] ============================================================
[2026-05-01T13:11:19Z] [INFO] 🔬 PHASE: DOMAIN CORRELATION ANALYSIS
[2026-05-01T13:11:19Z] [INFO] 📊 Domain correlation matrices created: 2
[2026-05-01T13:11:19Z] [SECTION] ============================================================
[2026-05-01T13:11:19Z] [INFO] 🖼️  PHASE: IMAGE-SEED ANALYSIS
[2026-05-01T13:11:19Z] [INFO] 📂 Image seed analysis bootstrapping from 0 images...
[2026-05-01T13:11:19Z] [SECTION] ============================================================
[2026-05-01T13:11:19Z] [INFO] 📤 PHASE: PUSH COMPONENTS TO TOLARIA
[2026-05-01T13:11:20Z] [INFO] 📦 Components pushed to Tolaria: 5
[2026-05-01T13:11:20Z] [SECTION] ============================================================
[2026-05-01T13:11:20Z] [INFO] 🧩 PHASE: COMPOSER - DOMAIN INTEGRATION SYNTHESIS
[2026-05-01T13:11:43Z] [INFO] 🎨 Domain integrations synthesized: 0
[2026-05-01T13:11:43Z] [SECTION] ============================================================
[2026-05-01T13:11:43Z] [INFO] 🚀 PHASE: ADVANCED OVERNIGHT LOOP
[2026-05-01T13:12:48Z] [INFO] 🔬 Advanced loop completed cycles: 0
[2026-05-01T13:12:48Z] [WARNING] ⚠️  Git commit skipped or failed (git not initialized?): Command '['git', '-C', '/home/avalonas/.hermes/gematria/unified_overnight_research', 'add', '.']' returned non-zero exit status 128.
[2026-05-01T13:12:48Z] [INFO] 
📊 CYCLE #149 SUMMARY
[2026-05-01T13:12:48Z] [INFO] ✅ Successful tasks: 7/7
[2026-05-01T13:12:48Z] [INFO] ⏱️  Cycle duration: 88.57s
[2026-05-01T13:12:48Z] [INFO]    ⚠️ task: result
[2026-05-01T13:12:48Z] [INFO]    ⚠️ task: result
[2026-05-01T13:12:48Z] [INFO]    ⚠️ task: result
[2026-05-01T13:12:48Z] [INFO]    ⚠️ task: result
[2026-05-01T13:12:48Z] [INFO]    ⚠️ task: result
[2026-05-01T13:12:48Z] [INFO]    ⚠️ task: result
[2026-05-01T13:12:48Z] [INFO]    ⚠️ task: result
[2026-05-01T13:12:48Z] [HEADER] ================================================================================
[2026-05-01T13:12:48Z] [INFO] 🔄 OVERNIGHT RESEARCH PIPELINE - CYCLE #150
[2026-05-01T13:12:48Z] [INFO] ================================================================================
[2026-05-01T13:12:48Z] [HEADER] ============================================================
[2026-05-01T13:12:48Z] [INFO] 🌙 STARTING OVERNIGHT RESEARCH CYCLE #150
[2026-05-01T13:12:48Z] [INFO] 🔍 Running overnight research protocol (web scraping + cross-symbol analysis)...
[2026-05-01T13:12:48Z] [INFO] 📊 Cycle duration: 0.23s, Files generated: 0
[2026-05-01T13:12:48Z] [WARNING] ⚠️ Database not initialized for cycle counting
[2026-05-01T13:12:48Z] [INFO] 💾 Database updated with cycle results
[2026-05-01T13:12:48Z] [SECTION] ============================================================
[2026-05-01T13:12:48Z] [INFO] 🔮 PHASE: HIDDEN LAYERING DETECTION
[2026-05-01T13:12:48Z] [INFO] 🔗 Hidden layering detection complete. Connections identified: 2
[2026-05-01T13:12:48Z] [SECTION] ============================================================
[2026-05-01T13:12:48Z] [INFO] 🔬 PHASE: DOMAIN CORRELATION ANALYSIS
[2026-05-01T13:12:48Z] [INFO] 📊 Domain correlation matrices created: 2
[2026-05-01T13:12:48Z] [SECTION] ============================================================
[2026-05-01T13:12:48Z] [INFO] 🖼️  PHASE: IMAGE-SEED ANALYSIS
[2026-05-01T13:12:48Z] [INFO] 📂 Image seed analysis bootstrapping from 0 images...
[2026-05-01T13:12:48Z] [SECTION] ============================================================
[2026-05-01T13:12:48Z] [INFO] 📤 PHASE: PUSH COMPONENTS TO TOLARIA
[2026-05-01T13:12:49Z] [INFO] 📦 Components pushed to Tolaria: 5
[2026-05-01T13:12:49Z] [SECTION] ============================================================
[2026-05-01T13:12:49Z] [INFO] 🧩 PHASE: COMPOSER - DOMAIN INTEGRATION SYNTHESIS
[2026-05-01T13:13:12Z] [INFO] 🎨 Domain integrations synthesized: 0
[2026-05-01T13:13:12Z] [SECTION] ============================================================
[2026-05-01T13:13:12Z] [INFO] 🚀 PHASE: ADVANCED OVERNIGHT LOOP
[2026-05-01T13:14:16Z] [INFO] 🔬 Advanced loop completed cycles: 0
[2026-05-01T13:14:16Z] [WARNING] ⚠️  Git commit skipped or failed (git not initialized?): Command '['git', '-C', '/home/avalonas/.hermes/gematria/unified_overnight_research', 'add', '.']' returned non-zero exit status 128.
[2026-05-01T13:14:16Z] [INFO] 
📊 CYCLE #150 SUMMARY
[2026-05-01T13:14:16Z] [INFO] ✅ Successful tasks: 7/7
[2026-05-01T13:14:16Z] [INFO] ⏱️  Cycle duration: 88.20s
[2026-05-01T13:14:16Z] [INFO]    ⚠️ task: result
[2026-05-01T13:14:16Z] [INFO]    ⚠️ task: result
[2026-05-01T13:14:16Z] [INFO]    ⚠️ task: result
[2026-05-01T13:14:16Z] [INFO]    ⚠️ task: result
[2026-05-01T13:14:16Z] [INFO]    ⚠️ task: result
[2026-05-01T13:14:16Z] [INFO]    ⚠️ task: result
[2026-05-01T13:14:16Z] [INFO]    ⚠️ task: result
[2026-05-01T13:14:16Z] [HEADER] ================================================================================
[2026-05-01T13:14:16Z] [INFO] 🔄 OVERNIGHT RESEARCH PIPELINE - CYCLE #151
[2026-05-01T13:14:16Z] [INFO] ================================================================================
[2026-05-01T13:14:16Z] [HEADER] ============================================================
[2026-05-01T13:14:16Z] [INFO] 🌙 STARTING OVERNIGHT RESEARCH CYCLE #151
[2026-05-01T13:14:16Z] [INFO] 🔍 Running overnight research protocol (web scraping + cross-symbol analysis)...
[2026-05-01T13:14:16Z] [INFO] 📊 Cycle duration: 0.16s, Files generated: 1
[2026-05-01T13:14:16Z] [WARNING] ⚠️ Database not initialized for cycle counting
[2026-05-01T13:14:16Z] [INFO] 💾 Database updated with cycle results
[2026-05-01T13:14:16Z] [SECTION] ============================================================
[2026-05-01T13:14:16Z] [INFO] 🔮 PHASE: HIDDEN LAYERING DETECTION
[2026-05-01T13:14:16Z] [INFO] 🔗 Hidden layering detection complete. Connections identified: 2
[2026-05-01T13:14:16Z] [SECTION] ============================================================
[2026-05-01T13:14:16Z] [INFO] 🔬 PHASE: DOMAIN CORRELATION ANALYSIS
[2026-05-01T13:14:16Z] [INFO] 📊 Domain correlation matrices created: 2
[2026-05-01T13:14:16Z] [SECTION] ============================================================
[2026-05-01T13:14:16Z] [INFO] 🖼️  PHASE: IMAGE-SEED ANALYSIS
[2026-05-01T13:14:16Z] [INFO] 📂 Image seed analysis bootstrapping from 0 images...
[2026-05-01T13:14:16Z] [SECTION] ============================================================
[2026-05-01T13:14:16Z] [INFO] 📤 PHASE: PUSH COMPONENTS TO TOLARIA
[2026-05-01T13:14:17Z] [INFO] 📦 Components pushed to Tolaria: 5
[2026-05-01T13:14:17Z] [SECTION] ============================================================
[2026-05-01T13:14:17Z] [INFO] 🧩 PHASE: COMPOSER - DOMAIN INTEGRATION SYNTHESIS
[2026-05-01T13:14:34Z] [INFO] 🎨 Domain integrations synthesized: 0
[2026-05-01T13:14:34Z] [SECTION] ============================================================
[2026-05-01T13:14:34Z] [INFO] 🚀 PHASE: ADVANCED OVERNIGHT LOOP
[2026-05-01T13:15:36Z] [INFO] 🔬 Advanced loop completed cycles: 0
[2026-05-01T13:15:36Z] [WARNING] ⚠️  Git commit skipped or failed (git not initialized?): Command '['git', '-C', '/home/avalonas/.hermes/gematria/unified_overnight_research', 'add', '.']' returned non-zero exit status 128.
[2026-05-01T13:15:36Z] [INFO] 
📊 CYCLE #151 SUMMARY
[2026-05-01T13:15:36Z] [INFO] ✅ Successful tasks: 7/7
[2026-05-01T13:15:36Z] [INFO] ⏱️  Cycle duration: 80.37s
[2026-05-01T13:15:36Z] [INFO]    ⚠️ task: result
[2026-05-01T13:15:36Z] [INFO]    ⚠️ task: result
[2026-05-01T13:15:36Z] [INFO]    ⚠️ task: result
[2026-05-01T13:15:36Z] [INFO]    ⚠️ task: result
[2026-05-01T13:15:36Z] [INFO]    ⚠️ task: result
[2026-05-01T13:15:36Z] [INFO]    ⚠️ task: result
[2026-05-01T13:15:36Z] [INFO]    ⚠️ task: result
[2026-05-01T13:15:36Z] [HEADER] ================================================================================
[2026-05-01T13:15:36Z] [INFO] 🔄 OVERNIGHT RESEARCH PIPELINE - CYCLE #152
[2026-05-01T13:15:36Z] [INFO] ================================================================================
[2026-05-01T13:15:36Z] [HEADER] ============================================================
[2026-05-01T13:15:36Z] [INFO] 🌙 STARTING OVERNIGHT RESEARCH CYCLE #152
[2026-05-01T13:15:36Z] [INFO] 🔍 Running overnight research protocol (web scraping + cross-symbol analysis)...
[2026-05-01T13:15:37Z] [INFO] 📊 Cycle duration: 0.42s, Files generated: 1
[2026-05-01T13:15:37Z] [WARNING] ⚠️ Database not initialized for cycle counting
[2026-05-01T13:15:37Z] [INFO] 💾 Database updated with cycle results
[2026-05-01T13:15:37Z] [SECTION] ============================================================
[2026-05-01T13:15:37Z] [INFO] 🔮 PHASE: HIDDEN LAYERING DETECTION
[2026-05-01T13:15:37Z] [INFO] 🔗 Hidden layering detection complete. Connections identified: 2
[2026-05-01T13:15:37Z] [SECTION] ============================================================
[2026-05-01T13:15:37Z] [INFO] 🔬 PHASE: DOMAIN CORRELATION ANALYSIS
[2026-05-01T13:15:37Z] [INFO] 📊 Domain correlation matrices created: 2
[2026-05-01T13:15:37Z] [SECTION] ============================================================
[2026-05-01T13:15:37Z] [INFO] 🖼️  PHASE: IMAGE-SEED ANALYSIS
[2026-05-01T13:15:37Z] [INFO] 📂 Image seed analysis bootstrapping from 0 images...
[2026-05-01T13:15:37Z] [SECTION] ============================================================
[2026-05-01T13:15:37Z] [INFO] 📤 PHASE: PUSH COMPONENTS TO TOLARIA
[2026-05-01T13:15:38Z] [INFO] 📦 Components pushed to Tolaria: 5
[2026-05-01T13:15:38Z] [SECTION] ============================================================
[2026-05-01T13:15:38Z] [INFO] 🧩 PHASE: COMPOSER - DOMAIN INTEGRATION SYNTHESIS
[2026-05-01T13:16:00Z] [INFO] 🎨 Domain integrations synthesized: 0
[2026-05-01T13:16:00Z] [SECTION] ============================================================
[2026-05-01T13:16:00Z] [INFO] 🚀 PHASE: ADVANCED OVERNIGHT LOOP
[2026-05-01T13:16:44Z] [INFO] 🔬 Advanced loop completed cycles: 0
[2026-05-01T13:16:44Z] [WARNING] ⚠️  Git commit skipped or failed (git not initialized?): Command '['git', '-C', '/home/avalonas/.hermes/gematria/unified_overnight_research', 'add', '.']' returned non-zero exit status 128.
[2026-05-01T13:16:44Z] [INFO] 
📊 CYCLE #152 SUMMARY
[2026-05-01T13:16:44Z] [INFO] ✅ Successful tasks: 7/7
[2026-05-01T13:16:44Z] [INFO] ⏱️  Cycle duration: 67.50s
[2026-05-01T13:16:44Z] [INFO]    ⚠️ task: result
[2026-05-01T13:16:44Z] [INFO]    ⚠️ task: result
[2026-05-01T13:16:44Z] [INFO]    ⚠️ task: result
[2026-05-01T13:16:44Z] [INFO]    ⚠️ task: result
[2026-05-01T13:16:44Z] [INFO]    ⚠️ task: result
[2026-05-01T13:16:44Z] [INFO]    ⚠️ task: result
[2026-05-01T13:16:44Z] [INFO]    ⚠️ task: result
[2026-05-01T13:16:44Z] [HEADER] ================================================================================
[2026-05-01T13:16:44Z] [INFO] 🔄 OVERNIGHT RESEARCH PIPELINE - CYCLE #153
[2026-05-01T13:16:44Z] [INFO] ================================================================================
[2026-05-01T13:16:44Z] [HEADER] ============================================================
[2026-05-01T13:16:44Z] [INFO] 🌙 STARTING OVERNIGHT RESEARCH CYCLE #153
[2026-05-01T13:16:44Z] [INFO] 🔍 Running overnight research protocol (web scraping + cross-symbol analysis)...
[2026-05-01T13:16:44Z] [INFO] 📊 Cycle duration: 0.18s, Files generated: 1
[2026-05-01T13:16:44Z] [WARNING] ⚠️ Database not initialized for cycle counting
[2026-05-01T13:16:44Z] [INFO] 💾 Database updated with cycle results
[2026-05-01T13:16:44Z] [SECTION] ============================================================
[2026-05-01T13:16:44Z] [INFO] 🔮 PHASE: HIDDEN LAYERING DETECTION
[2026-05-01T13:16:44Z] [INFO] 🔗 Hidden layering detection complete. Connections identified: 2
[2026-05-01T13:16:44Z] [SECTION] ============================================================
[2026-05-01T13:16:44Z] [INFO] 🔬 PHASE: DOMAIN CORRELATION ANALYSIS
[2026-05-01T13:16:44Z] [INFO] 📊 Domain correlation matrices created: 2
[2026-05-01T13:16:44Z] [SECTION] ============================================================
[2026-05-01T13:16:44Z] [INFO] 🖼️  PHASE: IMAGE-SEED ANALYSIS
[2026-05-01T13:16:44Z] [INFO] 📂 Image seed analysis bootstrapping from 0 images...
[2026-05-01T13:16:44Z] [SECTION] ============================================================
[2026-05-01T13:16:44Z] [INFO] 📤 PHASE: PUSH COMPONENTS TO TOLARIA
[2026-05-01T13:16:45Z] [INFO] 📦 Components pushed to Tolaria: 5
[2026-05-01T13:16:45Z] [SECTION] ============================================================
[2026-05-01T13:16:45Z] [INFO] 🧩 PHASE: COMPOSER - DOMAIN INTEGRATION SYNTHESIS
[2026-05-01T13:17:01Z] [INFO] 🎨 Domain integrations synthesized: 0
[2026-05-01T13:17:01Z] [SECTION] ============================================================
[2026-05-01T13:17:01Z] [INFO] 🚀 PHASE: ADVANCED OVERNIGHT LOOP
[2026-05-01T13:17:45Z] [INFO] 🔬 Advanced loop completed cycles: 0
[2026-05-01T13:17:45Z] [WARNING] ⚠️  Git commit skipped or failed (git not initialized?): Command '['git', '-C', '/home/avalonas/.hermes/gematria/unified_overnight_research', 'add', '.']' returned non-zero exit status 128.
[2026-05-01T13:17:45Z] [INFO] 
📊 CYCLE #153 SUMMARY
[2026-05-01T13:17:45Z] [INFO] ✅ Successful tasks: 7/7
[2026-05-01T13:17:45Z] [INFO] ⏱️  Cycle duration: 60.93s
[2026-05-01T13:17:45Z] [INFO]    ⚠️ task: result
[2026-05-01T13:17:45Z] [INFO]    ⚠️ task: result
[2026-05-01T13:17:45Z] [INFO]    ⚠️ task: result
[2026-05-01T13:17:45Z] [INFO]    ⚠️ task: result
[2026-05-01T13:17:45Z] [INFO]    ⚠️ task: result
[2026-05-01T13:17:45Z] [INFO]    ⚠️ task: result
[2026-05-01T13:17:45Z] [INFO]    ⚠️ task: result
[2026-05-01T13:17:45Z] [HEADER] ================================================================================
[2026-05-01T13:17:45Z] [INFO] 🔄 OVERNIGHT RESEARCH PIPELINE - CYCLE #154
[2026-05-01T13:17:45Z] [INFO] ================================================================================
[2026-05-01T13:17:45Z] [HEADER] ============================================================
[2026-05-01T13:17:45Z] [INFO] 🌙 STARTING OVERNIGHT RESEARCH CYCLE #154
[2026-05-01T13:17:45Z] [INFO] 🔍 Running overnight research protocol (web scraping + cross-symbol analysis)...
[2026-05-01T13:17:45Z] [INFO] 📊 Cycle duration: 0.16s, Files generated: 1
[2026-05-01T13:17:45Z] [WARNING] ⚠️ Database not initialized for cycle counting
[2026-05-01T13:17:45Z] [INFO] 💾 Database updated with cycle results
[2026-05-01T13:17:45Z] [SECTION] ============================================================
[2026-05-01T13:17:45Z] [INFO] 🔮 PHASE: HIDDEN LAYERING DETECTION
[2026-05-01T13:17:45Z] [INFO] 🔗 Hidden layering detection complete. Connections identified: 2
[2026-05-01T13:17:45Z] [SECTION] ============================================================
[2026-05-01T13:17:45Z] [INFO] 🔬 PHASE: DOMAIN CORRELATION ANALYSIS
[2026-05-01T13:17:45Z] [INFO] 📊 Domain correlation matrices created: 2
[2026-05-01T13:17:45Z] [SECTION] ============================================================
[2026-05-01T13:17:45Z] [INFO] 🖼️  PHASE: IMAGE-SEED ANALYSIS
[2026-05-01T13:17:45Z] [INFO] 📂 Image seed analysis bootstrapping from 0 images...
[2026-05-01T13:17:45Z] [SECTION] ============================================================
[2026-05-01T13:17:45Z] [INFO] 📤 PHASE: PUSH COMPONENTS TO TOLARIA
[2026-05-01T13:17:46Z] [INFO] 📦 Components pushed to Tolaria: 5
[2026-05-01T13:17:46Z] [SECTION] ============================================================
[2026-05-01T13:17:46Z] [INFO] 🧩 PHASE: COMPOSER - DOMAIN INTEGRATION SYNTHESIS
[2026-05-01T13:18:04Z] [INFO] 🎨 Domain integrations synthesized: 0
[2026-05-01T13:18:04Z] [SECTION] ============================================================
[2026-05-01T13:18:04Z] [INFO] 🚀 PHASE: ADVANCED OVERNIGHT LOOP
[2026-05-01T13:18:43Z] [INFO] 🔬 Advanced loop completed cycles: 0
[2026-05-01T13:18:43Z] [WARNING] ⚠️  Git commit skipped or failed (git not initialized?): Command '['git', '-C', '/home/avalonas/.hermes/gematria/unified_overnight_research', 'add', '.']' returned non-zero exit status 128.
[2026-05-01T13:18:43Z] [INFO] 
📊 CYCLE #154 SUMMARY
[2026-05-01T13:18:43Z] [INFO] ✅ Successful tasks: 7/7
[2026-05-01T13:18:43Z] [INFO] ⏱️  Cycle duration: 58.41s
[2026-05-01T13:18:43Z] [INFO]    ⚠️ task: result
[2026-05-01T13:18:43Z] [INFO]    ⚠️ task: result
[2026-05-01T13:18:43Z] [INFO]    ⚠️ task: result
[2026-05-01T13:18:43Z] [INFO]    ⚠️ task: result
[2026-05-01T13:18:43Z] [INFO]    ⚠️ task: result
[2026-05-01T13:18:43Z] [INFO]    ⚠️ task: result
[2026-05-01T13:18:43Z] [INFO]    ⚠️ task: result
[2026-05-01T13:18:43Z] [HEADER] ================================================================================
[2026-05-01T13:18:43Z] [INFO] 🔄 OVERNIGHT RESEARCH PIPELINE - CYCLE #155
[2026-05-01T13:18:43Z] [INFO] ================================================================================
[2026-05-01T13:18:43Z] [HEADER] ============================================================
[2026-05-01T13:18:43Z] [INFO] 🌙 STARTING OVERNIGHT RESEARCH CYCLE #155
[2026-05-01T13:18:43Z] [INFO] 🔍 Running overnight research protocol (web scraping + cross-symbol analysis)...
[2026-05-01T13:18:43Z] [INFO] 📊 Cycle duration: 0.21s, Files generated: 0
[2026-05-01T13:18:43Z] [WARNING] ⚠️ Database not initialized for cycle counting
[2026-05-01T13:18:43Z] [INFO] 💾 Database updated with cycle results
[2026-05-01T13:18:43Z] [SECTION] ============================================================
[2026-05-01T13:18:43Z] [INFO] 🔮 PHASE: HIDDEN LAYERING DETECTION
[2026-05-01T13:18:43Z] [INFO] 🔗 Hidden layering detection complete. Connections identified: 2
[2026-05-01T13:18:43Z] [SECTION] ============================================================
[2026-05-01T13:18:43Z] [INFO] 🔬 PHASE: DOMAIN CORRELATION ANALYSIS
[2026-05-01T13:18:43Z] [INFO] 📊 Domain correlation matrices created: 2
[2026-05-01T13:18:43Z] [SECTION] ============================================================
[2026-05-01T13:18:43Z] [INFO] 🖼️  PHASE: IMAGE-SEED ANALYSIS
[2026-05-01T13:18:43Z] [INFO] 📂 Image seed analysis bootstrapping from 0 images...
[2026-05-01T13:18:43Z] [SECTION] ============================================================
[2026-05-01T13:18:43Z] [INFO] 📤 PHASE: PUSH COMPONENTS TO TOLARIA
[2026-05-01T13:18:44Z] [INFO] 📦 Components pushed to Tolaria: 5
[2026-05-01T13:18:44Z] [SECTION] ============================================================
[2026-05-01T13:18:44Z] [INFO] 🧩 PHASE: COMPOSER - DOMAIN INTEGRATION SYNTHESIS
[2026-05-01T13:18:59Z] [INFO] 🎨 Domain integrations synthesized: 0
[2026-05-01T13:18:59Z] [SECTION] ============================================================
[2026-05-01T13:18:59Z] [INFO] 🚀 PHASE: ADVANCED OVERNIGHT LOOP
[2026-05-01T13:19:40Z] [INFO] 🔬 Advanced loop completed cycles: 0
[2026-05-01T13:19:40Z] [WARNING] ⚠️  Git commit skipped or failed (git not initialized?): Command '['git', '-C', '/home/avalonas/.hermes/gematria/unified_overnight_research', 'add', '.']' returned non-zero exit status 128.
[2026-05-01T13:19:40Z] [INFO] 
📊 CYCLE #155 SUMMARY
[2026-05-01T13:19:40Z] [INFO] ✅ Successful tasks: 7/7
[2026-05-01T13:19:40Z] [INFO] ⏱️  Cycle duration: 57.01s
[2026-05-01T13:19:40Z] [INFO]    ⚠️ task: result
[2026-05-01T13:19:40Z] [INFO]    ⚠️ task: result
[2026-05-01T13:19:40Z] [INFO]    ⚠️ task: result
[2026-05-01T13:19:40Z] [INFO]    ⚠️ task: result
[2026-05-01T13:19:40Z] [INFO]    ⚠️ task: result
[2026-05-01T13:19:40Z] [INFO]    ⚠️ task: result
[2026-05-01T13:19:40Z] [INFO]    ⚠️ task: result
[2026-05-01T13:19:40Z] [HEADER] ================================================================================
[2026-05-01T13:19:40Z] [INFO] 🔄 OVERNIGHT RESEARCH PIPELINE - CYCLE #156
[2026-05-01T13:19:40Z] [INFO] ================================================================================
[2026-05-01T13:19:40Z] [HEADER] ============================================================
[2026-05-01T13:19:40Z] [INFO] 🌙 STARTING OVERNIGHT RESEARCH CYCLE #156
[2026-05-01T13:19:40Z] [INFO] 🔍 Running overnight research protocol (web scraping + cross-symbol analysis)...
[2026-05-01T13:19:40Z] [INFO] 📊 Cycle duration: 0.19s, Files generated: 1
[2026-05-01T13:19:40Z] [WARNING] ⚠️ Database not initialized for cycle counting
[2026-05-01T13:19:40Z] [INFO] 💾 Database updated with cycle results
[2026-05-01T13:19:40Z] [SECTION] ============================================================
[2026-05-01T13:19:40Z] [INFO] 🔮 PHASE: HIDDEN LAYERING DETECTION
[2026-05-01T13:19:40Z] [INFO] 🔗 Hidden layering detection complete. Connections identified: 2
[2026-05-01T13:19:40Z] [SECTION] ============================================================
[2026-05-01T13:19:40Z] [INFO] 🔬 PHASE: DOMAIN CORRELATION ANALYSIS
[2026-05-01T13:19:40Z] [INFO] 📊 Domain correlation matrices created: 2
[2026-05-01T13:19:40Z] [SECTION] ============================================================
[2026-05-01T13:19:40Z] [INFO] 🖼️  PHASE: IMAGE-SEED ANALYSIS
[2026-05-01T13:19:40Z] [INFO] 📂 Image seed analysis bootstrapping from 0 images...
[2026-05-01T13:19:40Z] [SECTION] ============================================================
[2026-05-01T13:19:40Z] [INFO] 📤 PHASE: PUSH COMPONENTS TO TOLARIA
[2026-05-01T13:19:41Z] [INFO] 📦 Components pushed to Tolaria: 5
[2026-05-01T13:19:41Z] [SECTION] ============================================================
[2026-05-01T13:19:41Z] [INFO] 🧩 PHASE: COMPOSER - DOMAIN INTEGRATION SYNTHESIS
[2026-05-01T13:19:58Z] [INFO] 🎨 Domain integrations synthesized: 0
[2026-05-01T13:19:58Z] [SECTION] ============================================================
[2026-05-01T13:19:58Z] [INFO] 🚀 PHASE: ADVANCED OVERNIGHT LOOP
[2026-05-01T13:20:38Z] [INFO] 🔬 Advanced loop completed cycles: 0
[2026-05-01T13:20:38Z] [WARNING] ⚠️  Git commit skipped or failed (git not initialized?): Command '['git', '-C', '/home/avalonas/.hermes/gematria/unified_overnight_research', 'commit', '-m', '[2026-05-01T13:20:38Z] Cycle 155: Cycle 156: Web research + hidden layering detection']' returned non-zero exit status 128.
[2026-05-01T13:20:38Z] [INFO] 
📊 CYCLE #156 SUMMARY
[2026-05-01T13:20:38Z] [INFO] ✅ Successful tasks: 7/7
[2026-05-01T13:20:38Z] [INFO] ⏱️  Cycle duration: 57.78s
[2026-05-01T13:20:38Z] [INFO]    ⚠️ task: result
[2026-05-01T13:20:38Z] [INFO]    ⚠️ task: result
[2026-05-01T13:20:38Z] [INFO]    ⚠️ task: result
[2026-05-01T13:20:38Z] [INFO]    ⚠️ task: result
[2026-05-01T13:20:38Z] [INFO]    ⚠️ task: result
[2026-05-01T13:20:38Z] [INFO]    ⚠️ task: result
[2026-05-01T13:20:38Z] [INFO]    ⚠️ task: result
[2026-05-01T13:20:38Z] [HEADER] ================================================================================
[2026-05-01T13:20:38Z] [INFO] 🔄 OVERNIGHT RESEARCH PIPELINE - CYCLE #157
[2026-05-01T13:20:38Z] [INFO] ================================================================================
[2026-05-01T13:20:38Z] [HEADER] ============================================================
[2026-05-01T13:20:38Z] [INFO] 🌙 STARTING OVERNIGHT RESEARCH CYCLE #157
[2026-05-01T13:20:38Z] [INFO] 🔍 Running overnight research protocol (web scraping + cross-symbol analysis)...
[2026-05-01T13:20:38Z] [INFO] 📊 Cycle duration: 0.25s, Files generated: 1
[2026-05-01T13:20:38Z] [WARNING] ⚠️ Database not initialized for cycle counting
[2026-05-01T13:20:38Z] [INFO] 💾 Database updated with cycle results
[2026-05-01T13:20:38Z] [SECTION] ============================================================
[2026-05-01T13:20:38Z] [INFO] 🔮 PHASE: HIDDEN LAYERING DETECTION
[2026-05-01T13:20:38Z] [INFO] 🔗 Hidden layering detection complete. Connections identified: 2
[2026-05-01T13:20:38Z] [SECTION] ============================================================
[2026-05-01T13:20:38Z] [INFO] 🔬 PHASE: DOMAIN CORRELATION ANALYSIS
[2026-05-01T13:20:38Z] [INFO] 📊 Domain correlation matrices created: 2
[2026-05-01T13:20:38Z] [SECTION] ============================================================
[2026-05-01T13:20:38Z] [INFO] 🖼️  PHASE: IMAGE-SEED ANALYSIS
[2026-05-01T13:20:38Z] [INFO] 📂 Image seed analysis bootstrapping from 0 images...
[2026-05-01T13:20:38Z] [SECTION] ============================================================
[2026-05-01T13:20:38Z] [INFO] 📤 PHASE: PUSH COMPONENTS TO TOLARIA
[2026-05-01T13:20:39Z] [INFO] 📦 Components pushed to Tolaria: 5
[2026-05-01T13:20:39Z] [SECTION] ============================================================
[2026-05-01T13:20:39Z] [INFO] 🧩 PHASE: COMPOSER - DOMAIN INTEGRATION SYNTHESIS
[2026-05-01T13:20:54Z] [INFO] 🎨 Domain integrations synthesized: 0
[2026-05-01T13:20:54Z] [SECTION] ============================================================
[2026-05-01T13:20:54Z] [INFO] 🚀 PHASE: ADVANCED OVERNIGHT LOOP
[2026-05-01T13:21:38Z] [INFO] 🔬 Advanced loop completed cycles: 0
[2026-05-01T13:21:38Z] [WARNING] ⚠️  Git commit skipped or failed (git not initialized?): Command '['git', '-C', '/home/avalonas/.hermes/gematria/unified_overnight_research', 'add', '.']' returned non-zero exit status 128.
[2026-05-01T13:21:38Z] [INFO] 
📊 CYCLE #157 SUMMARY
[2026-05-01T13:21:38Z] [INFO] ✅ Successful tasks: 7/7
[2026-05-01T13:21:38Z] [INFO] ⏱️  Cycle duration: 59.70s
[2026-05-01T13:21:38Z] [INFO]    ⚠️ task: result
[2026-05-01T13:21:38Z] [INFO]    ⚠️ task: result
[2026-05-01T13:21:38Z] [INFO]    ⚠️ task: result
[2026-05-01T13:21:38Z] [INFO]    ⚠️ task: result
[2026-05-01T13:21:38Z] [INFO]    ⚠️ task: result
[2026-05-01T13:21:38Z] [INFO]    ⚠️ task: result
[2026-05-01T13:21:38Z] [INFO]    ⚠️ task: result
[2026-05-01T13:21:38Z] [HEADER] ================================================================================
[2026-05-01T13:21:38Z] [INFO] 🔄 OVERNIGHT RESEARCH PIPELINE - CYCLE #158
[2026-05-01T13:21:38Z] [INFO] ================================================================================
[2026-05-01T13:21:38Z] [HEADER] ============================================================
[2026-05-01T13:21:38Z] [INFO] 🌙 STARTING OVERNIGHT RESEARCH CYCLE #158
[2026-05-01T13:21:38Z] [INFO] 🔍 Running overnight research protocol (web scraping + cross-symbol analysis)...
[2026-05-01T13:21:38Z] [INFO] 📊 Cycle duration: 0.14s, Files generated: 1
[2026-05-01T13:21:38Z] [WARNING] ⚠️ Database not initialized for cycle counting
[2026-05-01T13:21:38Z] [INFO] 💾 Database updated with cycle results
[2026-05-01T13:21:38Z] [SECTION] ============================================================
[2026-05-01T13:21:38Z] [INFO] 🔮 PHASE: HIDDEN LAYERING DETECTION
[2026-05-01T13:21:38Z] [INFO] 🔗 Hidden layering detection complete. Connections identified: 2
[2026-05-01T13:21:38Z] [SECTION] ============================================================
[2026-05-01T13:21:38Z] [INFO] 🔬 PHASE: DOMAIN CORRELATION ANALYSIS
[2026-05-01T13:21:38Z] [INFO] 📊 Domain correlation matrices created: 2
[2026-05-01T13:21:38Z] [SECTION] ============================================================
[2026-05-01T13:21:38Z] [INFO] 🖼️  PHASE: IMAGE-SEED ANALYSIS
[2026-05-01T13:21:38Z] [INFO] 📂 Image seed analysis bootstrapping from 0 images...
[2026-05-01T13:21:38Z] [SECTION] ============================================================
[2026-05-01T13:21:38Z] [INFO] 📤 PHASE: PUSH COMPONENTS TO TOLARIA
[2026-05-01T13:21:39Z] [INFO] 📦 Components pushed to Tolaria: 5
[2026-05-01T13:21:39Z] [SECTION] ============================================================
[2026-05-01T13:21:39Z] [INFO] 🧩 PHASE: COMPOSER - DOMAIN INTEGRATION SYNTHESIS
[2026-05-01T13:21:50Z] [INFO] 🎨 Domain integrations synthesized: 0
[2026-05-01T13:21:50Z] [SECTION] ============================================================
[2026-05-01T13:21:50Z] [INFO] 🚀 PHASE: ADVANCED OVERNIGHT LOOP
[2026-05-01T13:22:37Z] [INFO] 🔬 Advanced loop completed cycles: 0
[2026-05-01T13:22:37Z] [WARNING] ⚠️  Git commit skipped or failed (git not initialized?): Command '['git', '-C', '/home/avalonas/.hermes/gematria/unified_overnight_research', 'commit', '-m', '[2026-05-01T13:22:37Z] Cycle 157: Cycle 158: Web research + hidden layering detection']' returned non-zero exit status 1.
[2026-05-01T13:22:37Z] [INFO] 
📊 CYCLE #158 SUMMARY
[2026-05-01T13:22:37Z] [INFO] ✅ Successful tasks: 7/7
[2026-05-01T13:22:37Z] [INFO] ⏱️  Cycle duration: 59.29s
[2026-05-01T13:22:37Z] [INFO]    ⚠️ task: result
[2026-05-01T13:22:37Z] [INFO]    ⚠️ task: result
[2026-05-01T13:22:37Z] [INFO]    ⚠️ task: result
[2026-05-01T13:22:37Z] [INFO]    ⚠️ task: result
[2026-05-01T13:22:37Z] [INFO]    ⚠️ task: result
[2026-05-01T13:22:37Z] [INFO]    ⚠️ task: result
[2026-05-01T13:22:37Z] [INFO]    ⚠️ task: result
[2026-05-01T13:22:37Z] [HEADER] ================================================================================
[2026-05-01T13:22:37Z] [INFO] 🔄 OVERNIGHT RESEARCH PIPELINE - CYCLE #159
[2026-05-01T13:22:37Z] [INFO] ================================================================================
[2026-05-01T13:22:37Z] [HEADER] ============================================================
[2026-05-01T13:22:37Z] [INFO] 🌙 STARTING OVERNIGHT RESEARCH CYCLE #159
[2026-05-01T13:22:37Z] [INFO] 🔍 Running overnight research protocol (web scraping + cross-symbol analysis)...
[2026-05-01T13:22:37Z] [INFO] 📊 Cycle duration: 0.21s, Files generated: 1
[2026-05-01T13:22:37Z] [WARNING] ⚠️ Database not initialized for cycle counting
[2026-05-01T13:22:37Z] [INFO] 💾 Database updated with cycle results
[2026-05-01T13:22:37Z] [SECTION] ============================================================
[2026-05-01T13:22:37Z] [INFO] 🔮 PHASE: HIDDEN LAYERING DETECTION
[2026-05-01T13:22:37Z] [INFO] 🔗 Hidden layering detection complete. Connections identified: 2
[2026-05-01T13:22:37Z] [SECTION] ============================================================
[2026-05-01T13:22:37Z] [INFO] 🔬 PHASE: DOMAIN CORRELATION ANALYSIS
[2026-05-01T13:22:37Z] [INFO] 📊 Domain correlation matrices created: 2
[2026-05-01T13:22:37Z] [SECTION] ============================================================
[2026-05-01T13:22:37Z] [INFO] 🖼️  PHASE: IMAGE-SEED ANALYSIS
[2026-05-01T13:22:37Z] [INFO] 📂 Image seed analysis bootstrapping from 0 images...
[2026-05-01T13:22:37Z] [SECTION] ============================================================
[2026-05-01T13:22:37Z] [INFO] 📤 PHASE: PUSH COMPONENTS TO TOLARIA
[2026-05-01T13:22:39Z] [INFO] 📦 Components pushed to Tolaria: 5
[2026-05-01T13:22:39Z] [SECTION] ============================================================
[2026-05-01T13:22:39Z] [INFO] 🧩 PHASE: COMPOSER - DOMAIN INTEGRATION SYNTHESIS
[2026-05-01T13:22:57Z] [INFO] 🎨 Domain integrations synthesized: 0
[2026-05-01T13:22:57Z] [SECTION] ============================================================
[2026-05-01T13:22:57Z] [INFO] 🚀 PHASE: ADVANCED OVERNIGHT LOOP
[2026-05-01T13:23:50Z] [INFO] 🔬 Advanced loop completed cycles: 0
[2026-05-01T13:23:50Z] [WARNING] ⚠️  Git commit skipped or failed (git not initialized?): Command '['git', '-C', '/home/avalonas/.hermes/gematria/unified_overnight_research', 'commit', '-m', '[2026-05-01T13:23:50Z] Cycle 158: Cycle 159: Web research + hidden layering detection']' returned non-zero exit status 1.
[2026-05-01T13:23:50Z] [INFO] 
📊 CYCLE #159 SUMMARY
[2026-05-01T13:23:50Z] [INFO] ✅ Successful tasks: 7/7
[2026-05-01T13:23:50Z] [INFO] ⏱️  Cycle duration: 73.23s
[2026-05-01T13:23:50Z] [INFO]    ⚠️ task: result
[2026-05-01T13:23:50Z] [INFO]    ⚠️ task: result
[2026-05-01T13:23:50Z] [INFO]    ⚠️ task: result
[2026-05-01T13:23:50Z] [INFO]    ⚠️ task: result
[2026-05-01T13:23:50Z] [INFO]    ⚠️ task: result
[2026-05-01T13:23:50Z] [INFO]    ⚠️ task: result
[2026-05-01T13:23:50Z] [INFO]    ⚠️ task: result
[2026-05-01T13:23:50Z] [HEADER] ================================================================================
[2026-05-01T13:23:50Z] [INFO] 🔄 OVERNIGHT RESEARCH PIPELINE - CYCLE #160
[2026-05-01T13:23:50Z] [INFO] ================================================================================
[2026-05-01T13:23:50Z] [HEADER] ============================================================
[2026-05-01T13:23:50Z] [INFO] 🌙 STARTING OVERNIGHT RESEARCH CYCLE #160
[2026-05-01T13:23:50Z] [INFO] 🔍 Running overnight research protocol (web scraping + cross-symbol analysis)...
[2026-05-01T13:23:50Z] [INFO] 📊 Cycle duration: 0.14s, Files generated: 1
[2026-05-01T13:23:50Z] [WARNING] ⚠️ Database not initialized for cycle counting
[2026-05-01T13:23:50Z] [INFO] 💾 Database updated with cycle results
[2026-05-01T13:23:50Z] [SECTION] ============================================================
[2026-05-01T13:23:50Z] [INFO] 🔮 PHASE: HIDDEN LAYERING DETECTION
[2026-05-01T13:23:50Z] [INFO] 🔗 Hidden layering detection complete. Connections identified: 2
[2026-05-01T13:23:50Z] [SECTION] ============================================================
[2026-05-01T13:23:50Z] [INFO] 🔬 PHASE: DOMAIN CORRELATION ANALYSIS
[2026-05-01T13:23:50Z] [INFO] 📊 Domain correlation matrices created: 2
[2026-05-01T13:23:50Z] [SECTION] ============================================================
[2026-05-01T13:23:50Z] [INFO] 🖼️  PHASE: IMAGE-SEED ANALYSIS
[2026-05-01T13:23:50Z] [INFO] 📂 Image seed analysis bootstrapping from 0 images...
[2026-05-01T13:23:51Z] [SECTION] ============================================================
[2026-05-01T13:23:51Z] [INFO] 📤 PHASE: PUSH COMPONENTS TO TOLARIA
[2026-05-01T13:23:53Z] [INFO] 📦 Components pushed to Tolaria: 5
[2026-05-01T13:23:53Z] [SECTION] ============================================================
[2026-05-01T13:23:53Z] [INFO] 🧩 PHASE: COMPOSER - DOMAIN INTEGRATION SYNTHESIS
[2026-05-01T13:24:05Z] [INFO] 🎨 Domain integrations synthesized: 0
[2026-05-01T13:24:05Z] [SECTION] ============================================================
[2026-05-01T13:24:05Z] [INFO] 🚀 PHASE: ADVANCED OVERNIGHT LOOP
[2026-05-01T13:24:43Z] [INFO] 🔬 Advanced loop completed cycles: 0
[2026-05-01T13:24:43Z] [WARNING] ⚠️  Git commit skipped or failed (git not initialized?): Command '['git', '-C', '/home/avalonas/.hermes/gematria/unified_overnight_research', 'commit', '-m', '[2026-05-01T13:24:43Z] Cycle 159: Cycle 160: Web research + hidden layering detection']' returned non-zero exit status 128.
[2026-05-01T13:24:43Z] [INFO] 
📊 CYCLE #160 SUMMARY
[2026-05-01T13:24:43Z] [INFO] ✅ Successful tasks: 7/7
[2026-05-01T13:24:43Z] [INFO] ⏱️  Cycle duration: 52.88s
[2026-05-01T13:24:43Z] [INFO]    ⚠️ task: result
[2026-05-01T13:24:43Z] [INFO]    ⚠️ task: result
[2026-05-01T13:24:43Z] [INFO]    ⚠️ task: result
[2026-05-01T13:24:43Z] [INFO]    ⚠️ task: result
[2026-05-01T13:24:43Z] [INFO]    ⚠️ task: result
[2026-05-01T13:24:43Z] [INFO]    ⚠️ task: result
[2026-05-01T13:24:43Z] [INFO]    ⚠️ task: result
[2026-05-01T13:24:43Z] [HEADER] ================================================================================
[2026-05-01T13:24:43Z] [INFO] 🔄 OVERNIGHT RESEARCH PIPELINE - CYCLE #161
[2026-05-01T13:24:43Z] [INFO] ================================================================================
[2026-05-01T13:24:43Z] [HEADER] ============================================================
[2026-05-01T13:24:43Z] [INFO] 🌙 STARTING OVERNIGHT RESEARCH CYCLE #161
[2026-05-01T13:24:43Z] [INFO] 🔍 Running overnight research protocol (web scraping + cross-symbol analysis)...
[2026-05-01T13:24:43Z] [INFO] 📊 Cycle duration: 0.24s, Files generated: 1
[2026-05-01T13:24:43Z] [WARNING] ⚠️ Database not initialized for cycle counting
[2026-05-01T13:24:43Z] [INFO] 💾 Database updated with cycle results
[2026-05-01T13:24:43Z] [SECTION] ============================================================
[2026-05-01T13:24:43Z] [INFO] 🔮 PHASE: HIDDEN LAYERING DETECTION
[2026-05-01T13:24:43Z] [INFO] 🔗 Hidden layering detection complete. Connections identified: 2
[2026-05-01T13:24:43Z] [SECTION] ============================================================
[2026-05-01T13:24:43Z] [INFO] 🔬 PHASE: DOMAIN CORRELATION ANALYSIS
[2026-05-01T13:24:43Z] [INFO] 📊 Domain correlation matrices created: 2
[2026-05-01T13:24:43Z] [SECTION] ============================================================
[2026-05-01T13:24:43Z] [INFO] 🖼️  PHASE: IMAGE-SEED ANALYSIS
[2026-05-01T13:24:43Z] [INFO] 📂 Image seed analysis bootstrapping from 0 images...
[2026-05-01T13:24:43Z] [SECTION] ============================================================
[2026-05-01T13:24:43Z] [INFO] 📤 PHASE: PUSH COMPONENTS TO TOLARIA
[2026-05-01T13:24:44Z] [INFO] 📦 Components pushed to Tolaria: 5
[2026-05-01T13:24:44Z] [SECTION] ============================================================
[2026-05-01T13:24:44Z] [INFO] 🧩 PHASE: COMPOSER - DOMAIN INTEGRATION SYNTHESIS
[2026-05-01T13:24:59Z] [INFO] 🎨 Domain integrations synthesized: 0
[2026-05-01T13:24:59Z] [SECTION] ============================================================
[2026-05-01T13:24:59Z] [INFO] 🚀 PHASE: ADVANCED OVERNIGHT LOOP
[2026-05-01T13:25:39Z] [INFO] 🔬 Advanced loop completed cycles: 0
[2026-05-01T13:25:40Z] [WARNING] ⚠️  Git commit skipped or failed (git not initialized?): Command '['git', '-C', '/home/avalonas/.hermes/gematria/unified_overnight_research', 'commit', '-m', '[2026-05-01T13:25:40Z] Cycle 160: Cycle 161: Web research + hidden layering detection']' returned non-zero exit status 1.
[2026-05-01T13:25:40Z] [INFO] 
📊 CYCLE #161 SUMMARY
[2026-05-01T13:25:40Z] [INFO] ✅ Successful tasks: 7/7
[2026-05-01T13:25:40Z] [INFO] ⏱️  Cycle duration: 56.61s
[2026-05-01T13:25:40Z] [INFO]    ⚠️ task: result
[2026-05-01T13:25:40Z] [INFO]    ⚠️ task: result
[2026-05-01T13:25:40Z] [INFO]    ⚠️ task: result
[2026-05-01T13:25:40Z] [INFO]    ⚠️ task: result
[2026-05-01T13:25:40Z] [INFO]    ⚠️ task: result
[2026-05-01T13:25:40Z] [INFO]    ⚠️ task: result
[2026-05-01T13:25:40Z] [INFO]    ⚠️ task: result
[2026-05-01T13:25:40Z] [HEADER] ================================================================================
[2026-05-01T13:25:40Z] [INFO] 🔄 OVERNIGHT RESEARCH PIPELINE - CYCLE #162
[2026-05-01T13:25:40Z] [INFO] ================================================================================
[2026-05-01T13:25:40Z] [HEADER] ============================================================
[2026-05-01T13:25:40Z] [INFO] 🌙 STARTING OVERNIGHT RESEARCH CYCLE #162
[2026-05-01T13:25:40Z] [INFO] 🔍 Running overnight research protocol (web scraping + cross-symbol analysis)...
[2026-05-01T13:25:40Z] [INFO] 📊 Cycle duration: 0.13s, Files generated: 1
[2026-05-01T13:25:40Z] [WARNING] ⚠️ Database not initialized for cycle counting
[2026-05-01T13:25:40Z] [INFO] 💾 Database updated with cycle results
[2026-05-01T13:25:40Z] [SECTION] ============================================================
[2026-05-01T13:25:40Z] [INFO] 🔮 PHASE: HIDDEN LAYERING DETECTION
[2026-05-01T13:25:40Z] [INFO] 🔗 Hidden layering detection complete. Connections identified: 2
[2026-05-01T13:25:40Z] [SECTION] ============================================================
[2026-05-01T13:25:40Z] [INFO] 🔬 PHASE: DOMAIN CORRELATION ANALYSIS
[2026-05-01T13:25:40Z] [INFO] 📊 Domain correlation matrices created: 2
[2026-05-01T13:25:40Z] [SECTION] ============================================================
[2026-05-01T13:25:40Z] [INFO] 🖼️  PHASE: IMAGE-SEED ANALYSIS
[2026-05-01T13:25:40Z] [INFO] 📂 Image seed analysis bootstrapping from 0 images...
[2026-05-01T13:25:40Z] [SECTION] ============================================================
[2026-05-01T13:25:40Z] [INFO] 📤 PHASE: PUSH COMPONENTS TO TOLARIA
[2026-05-01T13:25:41Z] [INFO] 📦 Components pushed to Tolaria: 5
[2026-05-01T13:25:41Z] [SECTION] ============================================================
[2026-05-01T13:25:41Z] [INFO] 🧩 PHASE: COMPOSER - DOMAIN INTEGRATION SYNTHESIS
[2026-05-01T13:25:52Z] [INFO] 🎨 Domain integrations synthesized: 0
[2026-05-01T13:25:52Z] [SECTION] ============================================================
[2026-05-01T13:25:52Z] [INFO] 🚀 PHASE: ADVANCED OVERNIGHT LOOP
[2026-05-01T13:26:31Z] [INFO] 🔬 Advanced loop completed cycles: 0
[2026-05-01T13:26:32Z] [WARNING] ⚠️  Git commit skipped or failed (git not initialized?): Command '['git', '-C', '/home/avalonas/.hermes/gematria/unified_overnight_research', 'commit', '-m', '[2026-05-01T13:26:31Z] Cycle 161: Cycle 162: Web research + hidden layering detection']' returned non-zero exit status 1.
[2026-05-01T13:26:32Z] [INFO] 
📊 CYCLE #162 SUMMARY
[2026-05-01T13:26:32Z] [INFO] ✅ Successful tasks: 7/7
[2026-05-01T13:26:32Z] [INFO] ⏱️  Cycle duration: 51.95s
[2026-05-01T13:26:32Z] [INFO]    ⚠️ task: result
[2026-05-01T13:26:32Z] [INFO]    ⚠️ task: result
[2026-05-01T13:26:32Z] [INFO]    ⚠️ task: result
[2026-05-01T13:26:32Z] [INFO]    ⚠️ task: result
[2026-05-01T13:26:32Z] [INFO]    ⚠️ task: result
[2026-05-01T13:26:32Z] [INFO]    ⚠️ task: result
[2026-05-01T13:26:32Z] [INFO]    ⚠️ task: result
[2026-05-01T13:26:32Z] [HEADER] ================================================================================
[2026-05-01T13:26:32Z] [INFO] 🔄 OVERNIGHT RESEARCH PIPELINE - CYCLE #163
[2026-05-01T13:26:32Z] [INFO] ================================================================================
[2026-05-01T13:26:32Z] [HEADER] ============================================================
[2026-05-01T13:26:32Z] [INFO] 🌙 STARTING OVERNIGHT RESEARCH CYCLE #163
[2026-05-01T13:26:32Z] [INFO] 🔍 Running overnight research protocol (web scraping + cross-symbol analysis)...
[2026-05-01T13:26:32Z] [INFO] 📊 Cycle duration: 0.23s, Files generated: 1
[2026-05-01T13:26:32Z] [WARNING] ⚠️ Database not initialized for cycle counting
[2026-05-01T13:26:32Z] [INFO] 💾 Database updated with cycle results
[2026-05-01T13:26:32Z] [SECTION] ============================================================
[2026-05-01T13:26:32Z] [INFO] 🔮 PHASE: HIDDEN LAYERING DETECTION
[2026-05-01T13:26:32Z] [INFO] 🔗 Hidden layering detection complete. Connections identified: 2
[2026-05-01T13:26:32Z] [SECTION] ============================================================
[2026-05-01T13:26:32Z] [INFO] 🔬 PHASE: DOMAIN CORRELATION ANALYSIS
[2026-05-01T13:26:32Z] [INFO] 📊 Domain correlation matrices created: 2
[2026-05-01T13:26:32Z] [SECTION] ============================================================
[2026-05-01T13:26:32Z] [INFO] 🖼️  PHASE: IMAGE-SEED ANALYSIS
[2026-05-01T13:26:32Z] [INFO] 📂 Image seed analysis bootstrapping from 0 images...
[2026-05-01T13:26:32Z] [SECTION] ============================================================
[2026-05-01T13:26:32Z] [INFO] 📤 PHASE: PUSH COMPONENTS TO TOLARIA
[2026-05-01T13:26:33Z] [INFO] 📦 Components pushed to Tolaria: 5
[2026-05-01T13:26:33Z] [SECTION] ============================================================
[2026-05-01T13:26:33Z] [INFO] 🧩 PHASE: COMPOSER - DOMAIN INTEGRATION SYNTHESIS
[2026-05-01T13:26:49Z] [INFO] 🎨 Domain integrations synthesized: 0
[2026-05-01T13:26:49Z] [SECTION] ============================================================
[2026-05-01T13:26:49Z] [INFO] 🚀 PHASE: ADVANCED OVERNIGHT LOOP
[2026-05-01T13:27:28Z] [INFO] 🔬 Advanced loop completed cycles: 0
[2026-05-01T13:27:28Z] [WARNING] ⚠️  Git commit skipped or failed (git not initialized?): Command '['git', '-C', '/home/avalonas/.hermes/gematria/unified_overnight_research', 'add', '.']' returned non-zero exit status 128.
[2026-05-01T13:27:28Z] [INFO] 
📊 CYCLE #163 SUMMARY
[2026-05-01T13:27:28Z] [INFO] ✅ Successful tasks: 7/7
[2026-05-01T13:27:28Z] [INFO] ⏱️  Cycle duration: 56.25s
[2026-05-01T13:27:28Z] [INFO]    ⚠️ task: result
[2026-05-01T13:27:28Z] [INFO]    ⚠️ task: result
[2026-05-01T13:27:28Z] [INFO]    ⚠️ task: result
[2026-05-01T13:27:28Z] [INFO]    ⚠️ task: result
[2026-05-01T13:27:28Z] [INFO]    ⚠️ task: result
[2026-05-01T13:27:28Z] [INFO]    ⚠️ task: result
[2026-05-01T13:27:28Z] [INFO]    ⚠️ task: result
[2026-05-01T13:27:28Z] [HEADER] ================================================================================
[2026-05-01T13:27:28Z] [INFO] 🔄 OVERNIGHT RESEARCH PIPELINE - CYCLE #164
[2026-05-01T13:27:28Z] [INFO] ================================================================================
[2026-05-01T13:27:28Z] [HEADER] ============================================================
[2026-05-01T13:27:28Z] [INFO] 🌙 STARTING OVERNIGHT RESEARCH CYCLE #164
[2026-05-01T13:27:28Z] [INFO] 🔍 Running overnight research protocol (web scraping + cross-symbol analysis)...
[2026-05-01T13:27:28Z] [INFO] 📊 Cycle duration: 0.18s, Files generated: 1
[2026-05-01T13:27:28Z] [WARNING] ⚠️ Database not initialized for cycle counting
[2026-05-01T13:27:28Z] [INFO] 💾 Database updated with cycle results
[2026-05-01T13:27:28Z] [SECTION] ============================================================
[2026-05-01T13:27:28Z] [INFO] 🔮 PHASE: HIDDEN LAYERING DETECTION
[2026-05-01T13:27:28Z] [INFO] 🔗 Hidden layering detection complete. Connections identified: 2
[2026-05-01T13:27:28Z] [SECTION] ============================================================
[2026-05-01T13:27:28Z] [INFO] 🔬 PHASE: DOMAIN CORRELATION ANALYSIS
[2026-05-01T13:27:28Z] [INFO] 📊 Domain correlation matrices created: 2
[2026-05-01T13:27:28Z] [SECTION] ============================================================
[2026-05-01T13:27:28Z] [INFO] 🖼️  PHASE: IMAGE-SEED ANALYSIS
[2026-05-01T13:27:28Z] [INFO] 📂 Image seed analysis bootstrapping from 0 images...
[2026-05-01T13:27:28Z] [SECTION] ============================================================
[2026-05-01T13:27:28Z] [INFO] 📤 PHASE: PUSH COMPONENTS TO TOLARIA
[2026-05-01T13:27:29Z] [INFO] 📦 Components pushed to Tolaria: 5
[2026-05-01T13:27:29Z] [SECTION] ============================================================
[2026-05-01T13:27:29Z] [INFO] 🧩 PHASE: COMPOSER - DOMAIN INTEGRATION SYNTHESIS
[2026-05-01T13:27:44Z] [INFO] 🎨 Domain integrations synthesized: 0
[2026-05-01T13:27:44Z] [SECTION] ============================================================
[2026-05-01T13:27:44Z] [INFO] 🚀 PHASE: ADVANCED OVERNIGHT LOOP
[2026-05-01T13:28:30Z] [INFO] 🔬 Advanced loop completed cycles: 0
[2026-05-01T13:28:30Z] [WARNING] ⚠️  Git commit skipped or failed (git not initialized?): Command '['git', '-C', '/home/avalonas/.hermes/gematria/unified_overnight_research', 'add', '.']' returned non-zero exit status 128.
[2026-05-01T13:28:30Z] [INFO] 
📊 CYCLE #164 SUMMARY
[2026-05-01T13:28:30Z] [INFO] ✅ Successful tasks: 7/7
[2026-05-01T13:28:30Z] [INFO] ⏱️  Cycle duration: 62.00s
[2026-05-01T13:28:30Z] [INFO]    ⚠️ task: result
[2026-05-01T13:28:30Z] [INFO]    ⚠️ task: result
[2026-05-01T13:28:30Z] [INFO]    ⚠️ task: result
[2026-05-01T13:28:30Z] [INFO]    ⚠️ task: result
[2026-05-01T13:28:30Z] [INFO]    ⚠️ task: result
[2026-05-01T13:28:30Z] [INFO]    ⚠️ task: result
[2026-05-01T13:28:30Z] [INFO]    ⚠️ task: result
[2026-05-01T13:28:30Z] [HEADER] ================================================================================
[2026-05-01T13:28:30Z] [INFO] 🔄 OVERNIGHT RESEARCH PIPELINE - CYCLE #165
[2026-05-01T13:28:30Z] [INFO] ================================================================================
[2026-05-01T13:28:30Z] [HEADER] ============================================================
[2026-05-01T13:28:30Z] [INFO] 🌙 STARTING OVERNIGHT RESEARCH CYCLE #165
[2026-05-01T13:28:30Z] [INFO] 🔍 Running overnight research protocol (web scraping + cross-symbol analysis)...
[2026-05-01T13:28:30Z] [INFO] 📊 Cycle duration: 0.15s, Files generated: 1
[2026-05-01T13:28:30Z] [WARNING] ⚠️ Database not initialized for cycle counting
[2026-05-01T13:28:30Z] [INFO] 💾 Database updated with cycle results
[2026-05-01T13:28:30Z] [SECTION] ============================================================
[2026-05-01T13:28:30Z] [INFO] 🔮 PHASE: HIDDEN LAYERING DETECTION
[2026-05-01T13:28:30Z] [INFO] 🔗 Hidden layering detection complete. Connections identified: 2
[2026-05-01T13:28:30Z] [SECTION] ============================================================
[2026-05-01T13:28:30Z] [INFO] 🔬 PHASE: DOMAIN CORRELATION ANALYSIS
[2026-05-01T13:28:30Z] [INFO] 📊 Domain correlation matrices created: 2
[2026-05-01T13:28:30Z] [SECTION] ============================================================
[2026-05-01T13:28:30Z] [INFO] 🖼️  PHASE: IMAGE-SEED ANALYSIS
[2026-05-01T13:28:30Z] [INFO] 📂 Image seed analysis bootstrapping from 0 images...
[2026-05-01T13:28:30Z] [SECTION] ============================================================
[2026-05-01T13:28:30Z] [INFO] 📤 PHASE: PUSH COMPONENTS TO TOLARIA
[2026-05-01T13:28:31Z] [INFO] 📦 Components pushed to Tolaria: 5
[2026-05-01T13:28:31Z] [SECTION] ============================================================
[2026-05-01T13:28:31Z] [INFO] 🧩 PHASE: COMPOSER - DOMAIN INTEGRATION SYNTHESIS
[2026-05-01T13:28:42Z] [INFO] 🎨 Domain integrations synthesized: 0
[2026-05-01T13:28:42Z] [SECTION] ============================================================
[2026-05-01T13:28:42Z] [INFO] 🚀 PHASE: ADVANCED OVERNIGHT LOOP
[2026-05-01T13:29:35Z] [INFO] 🔬 Advanced loop completed cycles: 0
[2026-05-01T13:29:35Z] [WARNING] ⚠️  Git commit skipped or failed (git not initialized?): Command '['git', '-C', '/home/avalonas/.hermes/gematria/unified_overnight_research', 'commit', '-m', '[2026-05-01T13:29:35Z] Cycle 164: Cycle 165: Web research + hidden layering detection']' returned non-zero exit status 1.
[2026-05-01T13:29:35Z] [INFO] 
📊 CYCLE #165 SUMMARY
[2026-05-01T13:29:35Z] [INFO] ✅ Successful tasks: 7/7
[2026-05-01T13:29:35Z] [INFO] ⏱️  Cycle duration: 65.24s
[2026-05-01T13:29:35Z] [INFO]    ⚠️ task: result
[2026-05-01T13:29:35Z] [INFO]    ⚠️ task: result
[2026-05-01T13:29:35Z] [INFO]    ⚠️ task: result
[2026-05-01T13:29:35Z] [INFO]    ⚠️ task: result
[2026-05-01T13:29:35Z] [INFO]    ⚠️ task: result
[2026-05-01T13:29:35Z] [INFO]    ⚠️ task: result
[2026-05-01T13:29:35Z] [INFO]    ⚠️ task: result
[2026-05-01T13:29:35Z] [HEADER] ================================================================================
[2026-05-01T13:29:35Z] [INFO] 🔄 OVERNIGHT RESEARCH PIPELINE - CYCLE #166
[2026-05-01T13:29:35Z] [INFO] ================================================================================
[2026-05-01T13:29:35Z] [HEADER] ============================================================
[2026-05-01T13:29:35Z] [INFO] 🌙 STARTING OVERNIGHT RESEARCH CYCLE #166
[2026-05-01T13:29:35Z] [INFO] 🔍 Running overnight research protocol (web scraping + cross-symbol analysis)...
[2026-05-01T13:29:35Z] [INFO] 📊 Cycle duration: 0.25s, Files generated: 1
[2026-05-01T13:29:35Z] [WARNING] ⚠️ Database not initialized for cycle counting
[2026-05-01T13:29:35Z] [INFO] 💾 Database updated with cycle results
[2026-05-01T13:29:35Z] [SECTION] ============================================================
[2026-05-01T13:29:35Z] [INFO] 🔮 PHASE: HIDDEN LAYERING DETECTION
[2026-05-01T13:29:35Z] [INFO] 🔗 Hidden layering detection complete. Connections identified: 2
[2026-05-01T13:29:35Z] [SECTION] ============================================================
[2026-05-01T13:29:35Z] [INFO] 🔬 PHASE: DOMAIN CORRELATION ANALYSIS
[2026-05-01T13:29:35Z] [INFO] 📊 Domain correlation matrices created: 2
[2026-05-01T13:29:35Z] [SECTION] ============================================================
[2026-05-01T13:29:35Z] [INFO] 🖼️  PHASE: IMAGE-SEED ANALYSIS
[2026-05-01T13:29:35Z] [INFO] 📂 Image seed analysis bootstrapping from 0 images...
[2026-05-01T13:29:35Z] [SECTION] ============================================================
[2026-05-01T13:29:35Z] [INFO] 📤 PHASE: PUSH COMPONENTS TO TOLARIA
[2026-05-01T13:29:38Z] [INFO] 📦 Components pushed to Tolaria: 5
[2026-05-01T13:29:38Z] [SECTION] ============================================================
[2026-05-01T13:29:38Z] [INFO] 🧩 PHASE: COMPOSER - DOMAIN INTEGRATION SYNTHESIS
[2026-05-01T13:29:53Z] [INFO] 🎨 Domain integrations synthesized: 0
[2026-05-01T13:29:53Z] [SECTION] ============================================================
[2026-05-01T13:29:53Z] [INFO] 🚀 PHASE: ADVANCED OVERNIGHT LOOP
[2026-05-01T13:30:32Z] [INFO] 🔬 Advanced loop completed cycles: 0
[2026-05-01T13:30:32Z] [WARNING] ⚠️  Git commit skipped or failed (git not initialized?): Command '['git', '-C', '/home/avalonas/.hermes/gematria/unified_overnight_research', 'add', '.']' returned non-zero exit status 128.
[2026-05-01T13:30:32Z] [INFO] 
📊 CYCLE #166 SUMMARY
[2026-05-01T13:30:32Z] [INFO] ✅ Successful tasks: 7/7
[2026-05-01T13:30:32Z] [INFO] ⏱️  Cycle duration: 57.06s
[2026-05-01T13:30:32Z] [INFO]    ⚠️ task: result
[2026-05-01T13:30:32Z] [INFO]    ⚠️ task: result
[2026-05-01T13:30:32Z] [INFO]    ⚠️ task: result
[2026-05-01T13:30:32Z] [INFO]    ⚠️ task: result
[2026-05-01T13:30:32Z] [INFO]    ⚠️ task: result
[2026-05-01T13:30:32Z] [INFO]    ⚠️ task: result
[2026-05-01T13:30:32Z] [INFO]    ⚠️ task: result
[2026-05-01T13:30:32Z] [HEADER] ================================================================================
[2026-05-01T13:30:32Z] [INFO] 🔄 OVERNIGHT RESEARCH PIPELINE - CYCLE #167
[2026-05-01T13:30:32Z] [INFO] ================================================================================
[2026-05-01T13:30:32Z] [HEADER] ============================================================
[2026-05-01T13:30:32Z] [INFO] 🌙 STARTING OVERNIGHT RESEARCH CYCLE #167
[2026-05-01T13:30:32Z] [INFO] 🔍 Running overnight research protocol (web scraping + cross-symbol analysis)...
[2026-05-01T13:30:32Z] [INFO] 📊 Cycle duration: 0.27s, Files generated: 1
[2026-05-01T13:30:32Z] [WARNING] ⚠️ Database not initialized for cycle counting
[2026-05-01T13:30:32Z] [INFO] 💾 Database updated with cycle results
[2026-05-01T13:30:32Z] [SECTION] ============================================================
[2026-05-01T13:30:32Z] [INFO] 🔮 PHASE: HIDDEN LAYERING DETECTION
[2026-05-01T13:30:32Z] [INFO] 🔗 Hidden layering detection complete. Connections identified: 2
[2026-05-01T13:30:32Z] [SECTION] ============================================================
[2026-05-01T13:30:32Z] [INFO] 🔬 PHASE: DOMAIN CORRELATION ANALYSIS
[2026-05-01T13:30:32Z] [INFO] 📊 Domain correlation matrices created: 2
[2026-05-01T13:30:32Z] [SECTION] ============================================================
[2026-05-01T13:30:32Z] [INFO] 🖼️  PHASE: IMAGE-SEED ANALYSIS
[2026-05-01T13:30:32Z] [INFO] 📂 Image seed analysis bootstrapping from 0 images...
[2026-05-01T13:30:32Z] [SECTION] ============================================================
[2026-05-01T13:30:32Z] [INFO] 📤 PHASE: PUSH COMPONENTS TO TOLARIA
[2026-05-01T13:30:33Z] [INFO] 📦 Components pushed to Tolaria: 5
[2026-05-01T13:30:33Z] [SECTION] ============================================================
[2026-05-01T13:30:33Z] [INFO] 🧩 PHASE: COMPOSER - DOMAIN INTEGRATION SYNTHESIS
[2026-05-01T13:30:52Z] [INFO] 🎨 Domain integrations synthesized: 0
[2026-05-01T13:30:52Z] [SECTION] ============================================================
[2026-05-01T13:30:52Z] [INFO] 🚀 PHASE: ADVANCED OVERNIGHT LOOP
[2026-05-01T13:31:37Z] [INFO] 🔬 Advanced loop completed cycles: 0
[2026-05-01T13:31:37Z] [WARNING] ⚠️  Git commit skipped or failed (git not initialized?): Command '['git', '-C', '/home/avalonas/.hermes/gematria/unified_overnight_research', 'add', '.']' returned non-zero exit status 128.
[2026-05-01T13:31:37Z] [INFO] 
📊 CYCLE #167 SUMMARY
[2026-05-01T13:31:37Z] [INFO] ✅ Successful tasks: 7/7
[2026-05-01T13:31:37Z] [INFO] ⏱️  Cycle duration: 64.58s
[2026-05-01T13:31:37Z] [INFO]    ⚠️ task: result
[2026-05-01T13:31:37Z] [INFO]    ⚠️ task: result
[2026-05-01T13:31:37Z] [INFO]    ⚠️ task: result
[2026-05-01T13:31:37Z] [INFO]    ⚠️ task: result
[2026-05-01T13:31:37Z] [INFO]    ⚠️ task: result
[2026-05-01T13:31:37Z] [INFO]    ⚠️ task: result
[2026-05-01T13:31:37Z] [INFO]    ⚠️ task: result
[2026-05-01T13:31:37Z] [HEADER] ================================================================================
[2026-05-01T13:31:37Z] [INFO] 🔄 OVERNIGHT RESEARCH PIPELINE - CYCLE #168
[2026-05-01T13:31:37Z] [INFO] ================================================================================
[2026-05-01T13:31:37Z] [HEADER] ============================================================
[2026-05-01T13:31:37Z] [INFO] 🌙 STARTING OVERNIGHT RESEARCH CYCLE #168
[2026-05-01T13:31:37Z] [INFO] 🔍 Running overnight research protocol (web scraping + cross-symbol analysis)...
[2026-05-01T13:31:37Z] [INFO] 📊 Cycle duration: 0.15s, Files generated: 1
[2026-05-01T13:31:37Z] [WARNING] ⚠️ Database not initialized for cycle counting
[2026-05-01T13:31:37Z] [INFO] 💾 Database updated with cycle results
[2026-05-01T13:31:37Z] [SECTION] ============================================================
[2026-05-01T13:31:37Z] [INFO] 🔮 PHASE: HIDDEN LAYERING DETECTION
[2026-05-01T13:31:37Z] [INFO] 🔗 Hidden layering detection complete. Connections identified: 2
[2026-05-01T13:31:37Z] [SECTION] ============================================================
[2026-05-01T13:31:37Z] [INFO] 🔬 PHASE: DOMAIN CORRELATION ANALYSIS
[2026-05-01T13:31:37Z] [INFO] 📊 Domain correlation matrices created: 2
[2026-05-01T13:31:37Z] [SECTION] ============================================================
[2026-05-01T13:31:37Z] [INFO] 🖼️  PHASE: IMAGE-SEED ANALYSIS
[2026-05-01T13:31:37Z] [INFO] 📂 Image seed analysis bootstrapping from 0 images...
[2026-05-01T13:31:37Z] [SECTION] ============================================================
[2026-05-01T13:31:37Z] [INFO] 📤 PHASE: PUSH COMPONENTS TO TOLARIA
[2026-05-01T13:31:38Z] [INFO] 📦 Components pushed to Tolaria: 5
[2026-05-01T13:31:38Z] [SECTION] ============================================================
[2026-05-01T13:31:38Z] [INFO] 🧩 PHASE: COMPOSER - DOMAIN INTEGRATION SYNTHESIS
[2026-05-01T13:31:53Z] [INFO] 🎨 Domain integrations synthesized: 0
[2026-05-01T13:31:53Z] [SECTION] ============================================================
[2026-05-01T13:31:53Z] [INFO] 🚀 PHASE: ADVANCED OVERNIGHT LOOP
[2026-05-01T13:32:34Z] [INFO] 🔬 Advanced loop completed cycles: 0
[2026-05-01T13:32:34Z] [WARNING] ⚠️  Git commit skipped or failed (git not initialized?): Command '['git', '-C', '/home/avalonas/.hermes/gematria/unified_overnight_research', 'add', '.']' returned non-zero exit status 128.
[2026-05-01T13:32:34Z] [INFO] 
📊 CYCLE #168 SUMMARY
[2026-05-01T13:32:34Z] [INFO] ✅ Successful tasks: 7/7
[2026-05-01T13:32:34Z] [INFO] ⏱️  Cycle duration: 57.26s
[2026-05-01T13:32:34Z] [INFO]    ⚠️ task: result
[2026-05-01T13:32:34Z] [INFO]    ⚠️ task: result
[2026-05-01T13:32:34Z] [INFO]    ⚠️ task: result
[2026-05-01T13:32:34Z] [INFO]    ⚠️ task: result
[2026-05-01T13:32:34Z] [INFO]    ⚠️ task: result
[2026-05-01T13:32:34Z] [INFO]    ⚠️ task: result
[2026-05-01T13:32:34Z] [INFO]    ⚠️ task: result
[2026-05-01T13:32:34Z] [HEADER] ================================================================================
[2026-05-01T13:32:34Z] [INFO] 🔄 OVERNIGHT RESEARCH PIPELINE - CYCLE #169
[2026-05-01T13:32:34Z] [INFO] ================================================================================
[2026-05-01T13:32:34Z] [HEADER] ============================================================
[2026-05-01T13:32:34Z] [INFO] 🌙 STARTING OVERNIGHT RESEARCH CYCLE #169
[2026-05-01T13:32:34Z] [INFO] 🔍 Running overnight research protocol (web scraping + cross-symbol analysis)...
[2026-05-01T13:32:34Z] [INFO] 📊 Cycle duration: 0.24s, Files generated: 1
[2026-05-01T13:32:34Z] [WARNING] ⚠️ Database not initialized for cycle counting
[2026-05-01T13:32:34Z] [INFO] 💾 Database updated with cycle results
[2026-05-01T13:32:34Z] [SECTION] ============================================================
[2026-05-01T13:32:34Z] [INFO] 🔮 PHASE: HIDDEN LAYERING DETECTION
[2026-05-01T13:32:34Z] [INFO] 🔗 Hidden layering detection complete. Connections identified: 2
[2026-05-01T13:32:34Z] [SECTION] ============================================================
[2026-05-01T13:32:34Z] [INFO] 🔬 PHASE: DOMAIN CORRELATION ANALYSIS
[2026-05-01T13:32:34Z] [INFO] 📊 Domain correlation matrices created: 2
[2026-05-01T13:32:34Z] [SECTION] ============================================================
[2026-05-01T13:32:34Z] [INFO] 🖼️  PHASE: IMAGE-SEED ANALYSIS
[2026-05-01T13:32:34Z] [INFO] 📂 Image seed analysis bootstrapping from 0 images...
[2026-05-01T13:32:34Z] [SECTION] ============================================================
[2026-05-01T13:32:34Z] [INFO] 📤 PHASE: PUSH COMPONENTS TO TOLARIA
[2026-05-01T13:32:35Z] [INFO] 📦 Components pushed to Tolaria: 5
[2026-05-01T13:32:35Z] [SECTION] ============================================================
[2026-05-01T13:32:35Z] [INFO] 🧩 PHASE: COMPOSER - DOMAIN INTEGRATION SYNTHESIS
[2026-05-01T13:32:50Z] [INFO] 🎨 Domain integrations synthesized: 0
[2026-05-01T13:32:50Z] [SECTION] ============================================================
[2026-05-01T13:32:50Z] [INFO] 🚀 PHASE: ADVANCED OVERNIGHT LOOP
[2026-05-01T13:33:35Z] [INFO] 🔬 Advanced loop completed cycles: 0
[2026-05-01T13:33:35Z] [WARNING] ⚠️  Git commit skipped or failed (git not initialized?): Command '['git', '-C', '/home/avalonas/.hermes/gematria/unified_overnight_research', 'add', '.']' returned non-zero exit status 128.
[2026-05-01T13:33:35Z] [INFO] 
📊 CYCLE #169 SUMMARY
[2026-05-01T13:33:35Z] [INFO] ✅ Successful tasks: 7/7
[2026-05-01T13:33:35Z] [INFO] ⏱️  Cycle duration: 60.79s
[2026-05-01T13:33:35Z] [INFO]    ⚠️ task: result
[2026-05-01T13:33:35Z] [INFO]    ⚠️ task: result
[2026-05-01T13:33:35Z] [INFO]    ⚠️ task: result
[2026-05-01T13:33:35Z] [INFO]    ⚠️ task: result
[2026-05-01T13:33:35Z] [INFO]    ⚠️ task: result
[2026-05-01T13:33:35Z] [INFO]    ⚠️ task: result
[2026-05-01T13:33:35Z] [INFO]    ⚠️ task: result
[2026-05-01T13:33:35Z] [HEADER] ================================================================================
[2026-05-01T13:33:35Z] [INFO] 🔄 OVERNIGHT RESEARCH PIPELINE - CYCLE #170
[2026-05-01T13:33:35Z] [INFO] ================================================================================
[2026-05-01T13:33:35Z] [HEADER] ============================================================
[2026-05-01T13:33:35Z] [INFO] 🌙 STARTING OVERNIGHT RESEARCH CYCLE #170
[2026-05-01T13:33:35Z] [INFO] 🔍 Running overnight research protocol (web scraping + cross-symbol analysis)...
[2026-05-01T13:33:35Z] [INFO] 📊 Cycle duration: 0.13s, Files generated: 1
[2026-05-01T13:33:35Z] [WARNING] ⚠️ Database not initialized for cycle counting
[2026-05-01T13:33:35Z] [INFO] 💾 Database updated with cycle results
[2026-05-01T13:33:35Z] [SECTION] ============================================================
[2026-05-01T13:33:35Z] [INFO] 🔮 PHASE: HIDDEN LAYERING DETECTION
[2026-05-01T13:33:35Z] [INFO] 🔗 Hidden layering detection complete. Connections identified: 2
[2026-05-01T13:33:35Z] [SECTION] ============================================================
[2026-05-01T13:33:35Z] [INFO] 🔬 PHASE: DOMAIN CORRELATION ANALYSIS
[2026-05-01T13:33:35Z] [INFO] 📊 Domain correlation matrices created: 2
[2026-05-01T13:33:35Z] [SECTION] ============================================================
[2026-05-01T13:33:35Z] [INFO] 🖼️  PHASE: IMAGE-SEED ANALYSIS
[2026-05-01T13:33:35Z] [INFO] 📂 Image seed analysis bootstrapping from 0 images...
[2026-05-01T13:33:35Z] [SECTION] ============================================================
[2026-05-01T13:33:35Z] [INFO] 📤 PHASE: PUSH COMPONENTS TO TOLARIA
[2026-05-01T13:33:36Z] [INFO] 📦 Components pushed to Tolaria: 5
[2026-05-01T13:33:36Z] [SECTION] ============================================================
[2026-05-01T13:33:36Z] [INFO] 🧩 PHASE: COMPOSER - DOMAIN INTEGRATION SYNTHESIS
[2026-05-01T13:33:46Z] [INFO] 🎨 Domain integrations synthesized: 0
[2026-05-01T13:33:46Z] [SECTION] ============================================================
[2026-05-01T13:33:46Z] [INFO] 🚀 PHASE: ADVANCED OVERNIGHT LOOP
[2026-05-01T13:34:31Z] [INFO] 🔬 Advanced loop completed cycles: 0
[2026-05-01T13:34:31Z] [WARNING] ⚠️  Git commit skipped or failed (git not initialized?): Command '['git', '-C', '/home/avalonas/.hermes/gematria/unified_overnight_research', 'add', '.']' returned non-zero exit status 128.
[2026-05-01T13:34:31Z] [INFO] 
📊 CYCLE #170 SUMMARY
[2026-05-01T13:34:31Z] [INFO] ✅ Successful tasks: 7/7
[2026-05-01T13:34:31Z] [INFO] ⏱️  Cycle duration: 56.37s
[2026-05-01T13:34:31Z] [INFO]    ⚠️ task: result
[2026-05-01T13:34:31Z] [INFO]    ⚠️ task: result
[2026-05-01T13:34:31Z] [INFO]    ⚠️ task: result
[2026-05-01T13:34:31Z] [INFO]    ⚠️ task: result
[2026-05-01T13:34:31Z] [INFO]    ⚠️ task: result
[2026-05-01T13:34:31Z] [INFO]    ⚠️ task: result
[2026-05-01T13:34:31Z] [INFO]    ⚠️ task: result
[2026-05-01T13:34:31Z] [HEADER] ================================================================================
[2026-05-01T13:34:31Z] [INFO] 🔄 OVERNIGHT RESEARCH PIPELINE - CYCLE #171
[2026-05-01T13:34:31Z] [INFO] ================================================================================
[2026-05-01T13:34:31Z] [HEADER] ============================================================
[2026-05-01T13:34:31Z] [INFO] 🌙 STARTING OVERNIGHT RESEARCH CYCLE #171
[2026-05-01T13:34:31Z] [INFO] 🔍 Running overnight research protocol (web scraping + cross-symbol analysis)...
[2026-05-01T13:34:31Z] [INFO] 📊 Cycle duration: 0.23s, Files generated: 1
[2026-05-01T13:34:31Z] [WARNING] ⚠️ Database not initialized for cycle counting
[2026-05-01T13:34:31Z] [INFO] 💾 Database updated with cycle results
[2026-05-01T13:34:31Z] [SECTION] ============================================================
[2026-05-01T13:34:31Z] [INFO] 🔮 PHASE: HIDDEN LAYERING DETECTION
[2026-05-01T13:34:31Z] [INFO] 🔗 Hidden layering detection complete. Connections identified: 2
[2026-05-01T13:34:31Z] [SECTION] ============================================================
[2026-05-01T13:34:31Z] [INFO] 🔬 PHASE: DOMAIN CORRELATION ANALYSIS
[2026-05-01T13:34:31Z] [INFO] 📊 Domain correlation matrices created: 2
[2026-05-01T13:34:31Z] [SECTION] ============================================================
[2026-05-01T13:34:31Z] [INFO] 🖼️  PHASE: IMAGE-SEED ANALYSIS
[2026-05-01T13:34:31Z] [INFO] 📂 Image seed analysis bootstrapping from 0 images...
[2026-05-01T13:34:31Z] [SECTION] ============================================================
[2026-05-01T13:34:31Z] [INFO] 📤 PHASE: PUSH COMPONENTS TO TOLARIA
[2026-05-01T13:34:32Z] [INFO] 📦 Components pushed to Tolaria: 5
[2026-05-01T13:34:32Z] [SECTION] ============================================================
[2026-05-01T13:34:32Z] [INFO] 🧩 PHASE: COMPOSER - DOMAIN INTEGRATION SYNTHESIS
[2026-05-01T13:34:49Z] [INFO] 🎨 Domain integrations synthesized: 0
[2026-05-01T13:34:49Z] [SECTION] ============================================================
[2026-05-01T13:34:49Z] [INFO] 🚀 PHASE: ADVANCED OVERNIGHT LOOP
[2026-05-01T13:35:31Z] [INFO] 🔬 Advanced loop completed cycles: 0
[2026-05-01T13:35:31Z] [WARNING] ⚠️  Git commit skipped or failed (git not initialized?): Command '['git', '-C', '/home/avalonas/.hermes/gematria/unified_overnight_research', 'add', '.']' returned non-zero exit status 128.
[2026-05-01T13:35:31Z] [INFO] 
📊 CYCLE #171 SUMMARY
[2026-05-01T13:35:31Z] [INFO] ✅ Successful tasks: 7/7
[2026-05-01T13:35:31Z] [INFO] ⏱️  Cycle duration: 60.39s
[2026-05-01T13:35:31Z] [INFO]    ⚠️ task: result
[2026-05-01T13:35:31Z] [INFO]    ⚠️ task: result
[2026-05-01T13:35:31Z] [INFO]    ⚠️ task: result
[2026-05-01T13:35:31Z] [INFO]    ⚠️ task: result
[2026-05-01T13:35:31Z] [INFO]    ⚠️ task: result
[2026-05-01T13:35:31Z] [INFO]    ⚠️ task: result
[2026-05-01T13:35:31Z] [INFO]    ⚠️ task: result
[2026-05-01T13:35:31Z] [HEADER] ================================================================================
[2026-05-01T13:35:31Z] [INFO] 🔄 OVERNIGHT RESEARCH PIPELINE - CYCLE #172
[2026-05-01T13:35:31Z] [INFO] ================================================================================
[2026-05-01T13:35:31Z] [HEADER] ============================================================
[2026-05-01T13:35:31Z] [INFO] 🌙 STARTING OVERNIGHT RESEARCH CYCLE #172
[2026-05-01T13:35:31Z] [INFO] 🔍 Running overnight research protocol (web scraping + cross-symbol analysis)...
[2026-05-01T13:35:32Z] [INFO] 📊 Cycle duration: 0.16s, Files generated: 1
[2026-05-01T13:35:32Z] [WARNING] ⚠️ Database not initialized for cycle counting
[2026-05-01T13:35:32Z] [INFO] 💾 Database updated with cycle results
[2026-05-01T13:35:32Z] [SECTION] ============================================================
[2026-05-01T13:35:32Z] [INFO] 🔮 PHASE: HIDDEN LAYERING DETECTION
[2026-05-01T13:35:32Z] [INFO] 🔗 Hidden layering detection complete. Connections identified: 2
[2026-05-01T13:35:32Z] [SECTION] ============================================================
[2026-05-01T13:35:32Z] [INFO] 🔬 PHASE: DOMAIN CORRELATION ANALYSIS
[2026-05-01T13:35:32Z] [INFO] 📊 Domain correlation matrices created: 2
[2026-05-01T13:35:32Z] [SECTION] ============================================================
[2026-05-01T13:35:32Z] [INFO] 🖼️  PHASE: IMAGE-SEED ANALYSIS
[2026-05-01T13:35:32Z] [INFO] 📂 Image seed analysis bootstrapping from 0 images...
[2026-05-01T13:35:32Z] [SECTION] ============================================================
[2026-05-01T13:35:32Z] [INFO] 📤 PHASE: PUSH COMPONENTS TO TOLARIA
[2026-05-01T13:35:33Z] [INFO] 📦 Components pushed to Tolaria: 5
[2026-05-01T13:35:33Z] [SECTION] ============================================================
[2026-05-01T13:35:33Z] [INFO] 🧩 PHASE: COMPOSER - DOMAIN INTEGRATION SYNTHESIS
[2026-05-01T13:35:47Z] [INFO] 🎨 Domain integrations synthesized: 0
[2026-05-01T13:35:47Z] [SECTION] ============================================================
[2026-05-01T13:35:47Z] [INFO] 🚀 PHASE: ADVANCED OVERNIGHT LOOP
[2026-05-01T13:36:31Z] [INFO] 🔬 Advanced loop completed cycles: 0
[2026-05-01T13:36:32Z] [WARNING] ⚠️  Git commit skipped or failed (git not initialized?): Command '['git', '-C', '/home/avalonas/.hermes/gematria/unified_overnight_research', 'commit', '-m', '[2026-05-01T13:36:32Z] Cycle 171: Cycle 172: Web research + hidden layering detection']' returned non-zero exit status 1.
[2026-05-01T13:36:32Z] [INFO] 
📊 CYCLE #172 SUMMARY
[2026-05-01T13:36:32Z] [INFO] ✅ Successful tasks: 7/7
[2026-05-01T13:36:32Z] [INFO] ⏱️  Cycle duration: 60.12s
[2026-05-01T13:36:32Z] [INFO]    ⚠️ task: result
[2026-05-01T13:36:32Z] [INFO]    ⚠️ task: result
[2026-05-01T13:36:32Z] [INFO]    ⚠️ task: result
[2026-05-01T13:36:32Z] [INFO]    ⚠️ task: result
[2026-05-01T13:36:32Z] [INFO]    ⚠️ task: result
[2026-05-01T13:36:32Z] [INFO]    ⚠️ task: result
[2026-05-01T13:36:32Z] [INFO]    ⚠️ task: result
[2026-05-01T13:36:32Z] [HEADER] ================================================================================
[2026-05-01T13:36:32Z] [INFO] 🔄 OVERNIGHT RESEARCH PIPELINE - CYCLE #173
[2026-05-01T13:36:32Z] [INFO] ================================================================================
[2026-05-01T13:36:32Z] [HEADER] ============================================================
[2026-05-01T13:36:32Z] [INFO] 🌙 STARTING OVERNIGHT RESEARCH CYCLE #173
[2026-05-01T13:36:32Z] [INFO] 🔍 Running overnight research protocol (web scraping + cross-symbol analysis)...
[2026-05-01T13:36:32Z] [INFO] 📊 Cycle duration: 0.19s, Files generated: 1
[2026-05-01T13:36:32Z] [WARNING] ⚠️ Database not initialized for cycle counting
[2026-05-01T13:36:32Z] [INFO] 💾 Database updated with cycle results
[2026-05-01T13:36:32Z] [SECTION] ============================================================
[2026-05-01T13:36:32Z] [INFO] 🔮 PHASE: HIDDEN LAYERING DETECTION
[2026-05-01T13:36:32Z] [INFO] 🔗 Hidden layering detection complete. Connections identified: 2
[2026-05-01T13:36:32Z] [SECTION] ============================================================
[2026-05-01T13:36:32Z] [INFO] 🔬 PHASE: DOMAIN CORRELATION ANALYSIS
[2026-05-01T13:36:32Z] [INFO] 📊 Domain correlation matrices created: 2
[2026-05-01T13:36:32Z] [SECTION] ============================================================
[2026-05-01T13:36:32Z] [INFO] 🖼️  PHASE: IMAGE-SEED ANALYSIS
[2026-05-01T13:36:32Z] [INFO] 📂 Image seed analysis bootstrapping from 0 images...
[2026-05-01T13:36:32Z] [SECTION] ============================================================
[2026-05-01T13:36:32Z] [INFO] 📤 PHASE: PUSH COMPONENTS TO TOLARIA
[2026-05-01T13:36:33Z] [INFO] 📦 Components pushed to Tolaria: 5
[2026-05-01T13:36:33Z] [SECTION] ============================================================
[2026-05-01T13:36:33Z] [INFO] 🧩 PHASE: COMPOSER - DOMAIN INTEGRATION SYNTHESIS
[2026-05-01T13:36:48Z] [INFO] 🎨 Domain integrations synthesized: 0
[2026-05-01T13:36:48Z] [SECTION] ============================================================
[2026-05-01T13:36:48Z] [INFO] 🚀 PHASE: ADVANCED OVERNIGHT LOOP
[2026-05-01T13:37:28Z] [INFO] 🔬 Advanced loop completed cycles: 0
[2026-05-01T13:37:28Z] [WARNING] ⚠️  Git commit skipped or failed (git not initialized?): Command '['git', '-C', '/home/avalonas/.hermes/gematria/unified_overnight_research', 'commit', '-m', '[2026-05-01T13:37:28Z] Cycle 172: Cycle 173: Web research + hidden layering detection']' returned non-zero exit status 128.
[2026-05-01T13:37:28Z] [INFO] 
📊 CYCLE #173 SUMMARY
[2026-05-01T13:37:28Z] [INFO] ✅ Successful tasks: 7/7
[2026-05-01T13:37:28Z] [INFO] ⏱️  Cycle duration: 56.58s
[2026-05-01T13:37:28Z] [INFO]    ⚠️ task: result
[2026-05-01T13:37:28Z] [INFO]    ⚠️ task: result
[2026-05-01T13:37:28Z] [INFO]    ⚠️ task: result
[2026-05-01T13:37:28Z] [INFO]    ⚠️ task: result
[2026-05-01T13:37:28Z] [INFO]    ⚠️ task: result
[2026-05-01T13:37:28Z] [INFO]    ⚠️ task: result
[2026-05-01T13:37:28Z] [INFO]    ⚠️ task: result
[2026-05-01T13:37:28Z] [HEADER] ================================================================================
[2026-05-01T13:37:28Z] [INFO] 🔄 OVERNIGHT RESEARCH PIPELINE - CYCLE #174
[2026-05-01T13:37:28Z] [INFO] ================================================================================
[2026-05-01T13:37:28Z] [HEADER] ============================================================
[2026-05-01T13:37:28Z] [INFO] 🌙 STARTING OVERNIGHT RESEARCH CYCLE #174
[2026-05-01T13:37:28Z] [INFO] 🔍 Running overnight research protocol (web scraping + cross-symbol analysis)...
[2026-05-01T13:37:28Z] [INFO] 📊 Cycle duration: 0.21s, Files generated: 0
[2026-05-01T13:37:28Z] [WARNING] ⚠️ Database not initialized for cycle counting
[2026-05-01T13:37:28Z] [INFO] 💾 Database updated with cycle results
[2026-05-01T13:37:28Z] [SECTION] ============================================================
[2026-05-01T13:37:28Z] [INFO] 🔮 PHASE: HIDDEN LAYERING DETECTION
[2026-05-01T13:37:28Z] [INFO] 🔗 Hidden layering detection complete. Connections identified: 2
[2026-05-01T13:37:28Z] [SECTION] ============================================================
[2026-05-01T13:37:28Z] [INFO] 🔬 PHASE: DOMAIN CORRELATION ANALYSIS
[2026-05-01T13:37:28Z] [INFO] 📊 Domain correlation matrices created: 2
[2026-05-01T13:37:28Z] [SECTION] ============================================================
[2026-05-01T13:37:28Z] [INFO] 🖼️  PHASE: IMAGE-SEED ANALYSIS
[2026-05-01T13:37:28Z] [INFO] 📂 Image seed analysis bootstrapping from 0 images...
[2026-05-01T13:37:29Z] [SECTION] ============================================================
[2026-05-01T13:37:29Z] [INFO] 📤 PHASE: PUSH COMPONENTS TO TOLARIA
[2026-05-01T13:37:30Z] [INFO] 📦 Components pushed to Tolaria: 5
[2026-05-01T13:37:30Z] [SECTION] ============================================================
[2026-05-01T13:37:30Z] [INFO] 🧩 PHASE: COMPOSER - DOMAIN INTEGRATION SYNTHESIS
[2026-05-01T13:37:44Z] [INFO] 🎨 Domain integrations synthesized: 0
[2026-05-01T13:37:44Z] [SECTION] ============================================================
[2026-05-01T13:37:44Z] [INFO] 🚀 PHASE: ADVANCED OVERNIGHT LOOP
[2026-05-01T13:38:23Z] [INFO] 🔬 Advanced loop completed cycles: 0
[2026-05-01T13:38:23Z] [WARNING] ⚠️  Git commit skipped or failed (git not initialized?): Command '['git', '-C', '/home/avalonas/.hermes/gematria/unified_overnight_research', 'add', '.']' returned non-zero exit status 128.
[2026-05-01T13:38:23Z] [INFO] 
📊 CYCLE #174 SUMMARY
[2026-05-01T13:38:23Z] [INFO] ✅ Successful tasks: 7/7
[2026-05-01T13:38:23Z] [INFO] ⏱️  Cycle duration: 55.06s
[2026-05-01T13:38:23Z] [INFO]    ⚠️ task: result
[2026-05-01T13:38:23Z] [INFO]    ⚠️ task: result
[2026-05-01T13:38:23Z] [INFO]    ⚠️ task: result
[2026-05-01T13:38:23Z] [INFO]    ⚠️ task: result
[2026-05-01T13:38:23Z] [INFO]    ⚠️ task: result
[2026-05-01T13:38:23Z] [INFO]    ⚠️ task: result
[2026-05-01T13:38:23Z] [INFO]    ⚠️ task: result
[2026-05-01T13:38:23Z] [HEADER] ================================================================================
[2026-05-01T13:38:23Z] [INFO] 🔄 OVERNIGHT RESEARCH PIPELINE - CYCLE #175
[2026-05-01T13:38:23Z] [INFO] ================================================================================
[2026-05-01T13:38:23Z] [HEADER] ============================================================
[2026-05-01T13:38:23Z] [INFO] 🌙 STARTING OVERNIGHT RESEARCH CYCLE #175
[2026-05-01T13:38:23Z] [INFO] 🔍 Running overnight research protocol (web scraping + cross-symbol analysis)...
[2026-05-01T13:38:23Z] [INFO] 📊 Cycle duration: 0.21s, Files generated: 1
[2026-05-01T13:38:23Z] [WARNING] ⚠️ Database not initialized for cycle counting
[2026-05-01T13:38:23Z] [INFO] 💾 Database updated with cycle results
[2026-05-01T13:38:23Z] [SECTION] ============================================================
[2026-05-01T13:38:23Z] [INFO] 🔮 PHASE: HIDDEN LAYERING DETECTION
[2026-05-01T13:38:23Z] [INFO] 🔗 Hidden layering detection complete. Connections identified: 2
[2026-05-01T13:38:23Z] [SECTION] ============================================================
[2026-05-01T13:38:23Z] [INFO] 🔬 PHASE: DOMAIN CORRELATION ANALYSIS
[2026-05-01T13:38:24Z] [INFO] 📊 Domain correlation matrices created: 2
[2026-05-01T13:38:24Z] [SECTION] ============================================================
[2026-05-01T13:38:24Z] [INFO] 🖼️  PHASE: IMAGE-SEED ANALYSIS
[2026-05-01T13:38:24Z] [INFO] 📂 Image seed analysis bootstrapping from 0 images...
[2026-05-01T13:38:24Z] [SECTION] ============================================================
[2026-05-01T13:38:24Z] [INFO] 📤 PHASE: PUSH COMPONENTS TO TOLARIA
[2026-05-01T13:38:25Z] [INFO] 📦 Components pushed to Tolaria: 5
[2026-05-01T13:38:25Z] [SECTION] ============================================================
[2026-05-01T13:38:25Z] [INFO] 🧩 PHASE: COMPOSER - DOMAIN INTEGRATION SYNTHESIS
[2026-05-01T13:38:41Z] [INFO] 🎨 Domain integrations synthesized: 0
[2026-05-01T13:38:41Z] [SECTION] ============================================================
[2026-05-01T13:38:41Z] [INFO] 🚀 PHASE: ADVANCED OVERNIGHT LOOP
[2026-05-01T13:39:21Z] [INFO] 🔬 Advanced loop completed cycles: 0
[2026-05-01T13:39:21Z] [WARNING] ⚠️  Git commit skipped or failed (git not initialized?): Command '['git', '-C', '/home/avalonas/.hermes/gematria/unified_overnight_research', 'add', '.']' returned non-zero exit status 128.
[2026-05-01T13:39:21Z] [INFO] 
📊 CYCLE #175 SUMMARY
[2026-05-01T13:39:21Z] [INFO] ✅ Successful tasks: 7/7
[2026-05-01T13:39:21Z] [INFO] ⏱️  Cycle duration: 57.52s
[2026-05-01T13:39:21Z] [INFO]    ⚠️ task: result
[2026-05-01T13:39:21Z] [INFO]    ⚠️ task: result
[2026-05-01T13:39:21Z] [INFO]    ⚠️ task: result
[2026-05-01T13:39:21Z] [INFO]    ⚠️ task: result
[2026-05-01T13:39:21Z] [INFO]    ⚠️ task: result
[2026-05-01T13:39:21Z] [INFO]    ⚠️ task: result
[2026-05-01T13:39:21Z] [INFO]    ⚠️ task: result
[2026-05-01T13:39:21Z] [HEADER] ================================================================================
[2026-05-01T13:39:21Z] [INFO] 🔄 OVERNIGHT RESEARCH PIPELINE - CYCLE #176
[2026-05-01T13:39:21Z] [INFO] ================================================================================
[2026-05-01T13:39:21Z] [HEADER] ============================================================
[2026-05-01T13:39:21Z] [INFO] 🌙 STARTING OVERNIGHT RESEARCH CYCLE #176
[2026-05-01T13:39:21Z] [INFO] 🔍 Running overnight research protocol (web scraping + cross-symbol analysis)...
[2026-05-01T13:39:21Z] [INFO] 📊 Cycle duration: 0.19s, Files generated: 1
[2026-05-01T13:39:21Z] [WARNING] ⚠️ Database not initialized for cycle counting
[2026-05-01T13:39:21Z] [INFO] 💾 Database updated with cycle results
[2026-05-01T13:39:21Z] [SECTION] ============================================================
[2026-05-01T13:39:21Z] [INFO] 🔮 PHASE: HIDDEN LAYERING DETECTION
[2026-05-01T13:39:21Z] [INFO] 🔗 Hidden layering detection complete. Connections identified: 2
[2026-05-01T13:39:21Z] [SECTION] ============================================================
[2026-05-01T13:39:21Z] [INFO] 🔬 PHASE: DOMAIN CORRELATION ANALYSIS
[2026-05-01T13:39:21Z] [INFO] 📊 Domain correlation matrices created: 2
[2026-05-01T13:39:21Z] [SECTION] ============================================================
[2026-05-01T13:39:21Z] [INFO] 🖼️  PHASE: IMAGE-SEED ANALYSIS
[2026-05-01T13:39:21Z] [INFO] 📂 Image seed analysis bootstrapping from 0 images...
[2026-05-01T13:39:21Z] [SECTION] ============================================================
[2026-05-01T13:39:21Z] [INFO] 📤 PHASE: PUSH COMPONENTS TO TOLARIA
[2026-05-01T13:39:22Z] [INFO] 📦 Components pushed to Tolaria: 5
[2026-05-01T13:39:22Z] [SECTION] ============================================================
[2026-05-01T13:39:22Z] [INFO] 🧩 PHASE: COMPOSER - DOMAIN INTEGRATION SYNTHESIS
[2026-05-01T13:39:40Z] [INFO] 🎨 Domain integrations synthesized: 0
[2026-05-01T13:39:40Z] [SECTION] ============================================================
[2026-05-01T13:39:40Z] [INFO] 🚀 PHASE: ADVANCED OVERNIGHT LOOP
[2026-05-01T13:40:28Z] [INFO] 🔬 Advanced loop completed cycles: 0
[2026-05-01T13:40:28Z] [WARNING] ⚠️  Git commit skipped or failed (git not initialized?): Command '['git', '-C', '/home/avalonas/.hermes/gematria/unified_overnight_research', 'add', '.']' returned non-zero exit status 128.
[2026-05-01T13:40:28Z] [INFO] 
📊 CYCLE #176 SUMMARY
[2026-05-01T13:40:28Z] [INFO] ✅ Successful tasks: 7/7
[2026-05-01T13:40:28Z] [INFO] ⏱️  Cycle duration: 67.53s
[2026-05-01T13:40:28Z] [INFO]    ⚠️ task: result
[2026-05-01T13:40:28Z] [INFO]    ⚠️ task: result
[2026-05-01T13:40:28Z] [INFO]    ⚠️ task: result
[2026-05-01T13:40:28Z] [INFO]    ⚠️ task: result
[2026-05-01T13:40:28Z] [INFO]    ⚠️ task: result
[2026-05-01T13:40:28Z] [INFO]    ⚠️ task: result
[2026-05-01T13:40:28Z] [INFO]    ⚠️ task: result
[2026-05-01T13:40:28Z] [HEADER] ================================================================================
[2026-05-01T13:40:28Z] [INFO] 🔄 OVERNIGHT RESEARCH PIPELINE - CYCLE #177
[2026-05-01T13:40:28Z] [INFO] ================================================================================
[2026-05-01T13:40:28Z] [HEADER] ============================================================
[2026-05-01T13:40:28Z] [INFO] 🌙 STARTING OVERNIGHT RESEARCH CYCLE #177
[2026-05-01T13:40:28Z] [INFO] 🔍 Running overnight research protocol (web scraping + cross-symbol analysis)...
[2026-05-01T13:40:28Z] [INFO] 📊 Cycle duration: 0.23s, Files generated: 0
[2026-05-01T13:40:28Z] [WARNING] ⚠️ Database not initialized for cycle counting
[2026-05-01T13:40:28Z] [INFO] 💾 Database updated with cycle results
[2026-05-01T13:40:28Z] [SECTION] ============================================================
[2026-05-01T13:40:28Z] [INFO] 🔮 PHASE: HIDDEN LAYERING DETECTION
[2026-05-01T13:40:29Z] [INFO] 🔗 Hidden layering detection complete. Connections identified: 2
[2026-05-01T13:40:29Z] [SECTION] ============================================================
[2026-05-01T13:40:29Z] [INFO] 🔬 PHASE: DOMAIN CORRELATION ANALYSIS
[2026-05-01T13:40:29Z] [INFO] 📊 Domain correlation matrices created: 2
[2026-05-01T13:40:29Z] [SECTION] ============================================================
[2026-05-01T13:40:29Z] [INFO] 🖼️  PHASE: IMAGE-SEED ANALYSIS
[2026-05-01T13:40:29Z] [INFO] 📂 Image seed analysis bootstrapping from 0 images...
[2026-05-01T13:40:29Z] [SECTION] ============================================================
[2026-05-01T13:40:29Z] [INFO] 📤 PHASE: PUSH COMPONENTS TO TOLARIA
[2026-05-01T13:40:30Z] [INFO] 📦 Components pushed to Tolaria: 5
[2026-05-01T13:40:30Z] [SECTION] ============================================================
[2026-05-01T13:40:30Z] [INFO] 🧩 PHASE: COMPOSER - DOMAIN INTEGRATION SYNTHESIS
[2026-05-01T13:40:44Z] [INFO] 🎨 Domain integrations synthesized: 0
[2026-05-01T13:40:44Z] [SECTION] ============================================================
[2026-05-01T13:40:44Z] [INFO] 🚀 PHASE: ADVANCED OVERNIGHT LOOP
[2026-05-01T13:41:26Z] [INFO] 🔬 Advanced loop completed cycles: 0
[2026-05-01T13:41:26Z] [WARNING] ⚠️  Git commit skipped or failed (git not initialized?): Command '['git', '-C', '/home/avalonas/.hermes/gematria/unified_overnight_research', 'commit', '-m', '[2026-05-01T13:41:26Z] Cycle 176: Cycle 177: Web research + hidden layering detection']' returned non-zero exit status 1.
[2026-05-01T13:41:26Z] [INFO] 
📊 CYCLE #177 SUMMARY
[2026-05-01T13:41:26Z] [INFO] ✅ Successful tasks: 7/7
[2026-05-01T13:41:26Z] [INFO] ⏱️  Cycle duration: 57.56s
[2026-05-01T13:41:26Z] [INFO]    ⚠️ task: result
[2026-05-01T13:41:26Z] [INFO]    ⚠️ task: result
[2026-05-01T13:41:26Z] [INFO]    ⚠️ task: result
[2026-05-01T13:41:26Z] [INFO]    ⚠️ task: result
[2026-05-01T13:41:26Z] [INFO]    ⚠️ task: result
[2026-05-01T13:41:26Z] [INFO]    ⚠️ task: result
[2026-05-01T13:41:26Z] [INFO]    ⚠️ task: result
[2026-05-01T13:41:26Z] [HEADER] ================================================================================
[2026-05-01T13:41:26Z] [INFO] 🔄 OVERNIGHT RESEARCH PIPELINE - CYCLE #178
[2026-05-01T13:41:26Z] [INFO] ================================================================================
[2026-05-01T13:41:26Z] [HEADER] ============================================================
[2026-05-01T13:41:26Z] [INFO] 🌙 STARTING OVERNIGHT RESEARCH CYCLE #178
[2026-05-01T13:41:26Z] [INFO] 🔍 Running overnight research protocol (web scraping + cross-symbol analysis)...
[2026-05-01T13:41:26Z] [INFO] 📊 Cycle duration: 0.33s, Files generated: 1
[2026-05-01T13:41:26Z] [WARNING] ⚠️ Database not initialized for cycle counting
[2026-05-01T13:41:26Z] [INFO] 💾 Database updated with cycle results
[2026-05-01T13:41:26Z] [SECTION] ============================================================
[2026-05-01T13:41:26Z] [INFO] 🔮 PHASE: HIDDEN LAYERING DETECTION
[2026-05-01T13:41:26Z] [INFO] 🔗 Hidden layering detection complete. Connections identified: 2
[2026-05-01T13:41:26Z] [SECTION] ============================================================
[2026-05-01T13:41:26Z] [INFO] 🔬 PHASE: DOMAIN CORRELATION ANALYSIS
[2026-05-01T13:41:26Z] [INFO] 📊 Domain correlation matrices created: 2
[2026-05-01T13:41:26Z] [SECTION] ============================================================
[2026-05-01T13:41:26Z] [INFO] 🖼️  PHASE: IMAGE-SEED ANALYSIS
[2026-05-01T13:41:26Z] [INFO] 📂 Image seed analysis bootstrapping from 0 images...
[2026-05-01T13:41:26Z] [SECTION] ============================================================
[2026-05-01T13:41:26Z] [INFO] 📤 PHASE: PUSH COMPONENTS TO TOLARIA
[2026-05-01T13:41:27Z] [INFO] 📦 Components pushed to Tolaria: 5
[2026-05-01T13:41:27Z] [SECTION] ============================================================
[2026-05-01T13:41:27Z] [INFO] 🧩 PHASE: COMPOSER - DOMAIN INTEGRATION SYNTHESIS
[2026-05-01T13:41:43Z] [INFO] 🎨 Domain integrations synthesized: 0
[2026-05-01T13:41:43Z] [SECTION] ============================================================
[2026-05-01T13:41:43Z] [INFO] 🚀 PHASE: ADVANCED OVERNIGHT LOOP
[2026-05-01T13:42:48Z] [INFO] 🔬 Advanced loop completed cycles: 0
[2026-05-01T13:42:48Z] [WARNING] ⚠️  Git commit skipped or failed (git not initialized?): Command '['git', '-C', '/home/avalonas/.hermes/gematria/unified_overnight_research', 'commit', '-m', '[2026-05-01T13:42:48Z] Cycle 177: Cycle 178: Web research + hidden layering detection']' returned non-zero exit status 1.
[2026-05-01T13:42:48Z] [INFO] 
📊 CYCLE #178 SUMMARY
[2026-05-01T13:42:48Z] [INFO] ✅ Successful tasks: 7/7
[2026-05-01T13:42:48Z] [INFO] ⏱️  Cycle duration: 82.12s
[2026-05-01T13:42:48Z] [INFO]    ⚠️ task: result
[2026-05-01T13:42:48Z] [INFO]    ⚠️ task: result
[2026-05-01T13:42:48Z] [INFO]    ⚠️ task: result
[2026-05-01T13:42:48Z] [INFO]    ⚠️ task: result
[2026-05-01T13:42:48Z] [INFO]    ⚠️ task: result
[2026-05-01T13:42:48Z] [INFO]    ⚠️ task: result
[2026-05-01T13:42:48Z] [INFO]    ⚠️ task: result
[2026-05-01T13:42:48Z] [HEADER] ================================================================================
[2026-05-01T13:42:48Z] [INFO] 🔄 OVERNIGHT RESEARCH PIPELINE - CYCLE #179
[2026-05-01T13:42:48Z] [INFO] ================================================================================
[2026-05-01T13:42:48Z] [HEADER] ============================================================
[2026-05-01T13:42:48Z] [INFO] 🌙 STARTING OVERNIGHT RESEARCH CYCLE #179
[2026-05-01T13:42:48Z] [INFO] 🔍 Running overnight research protocol (web scraping + cross-symbol analysis)...
[2026-05-01T13:42:48Z] [INFO] 📊 Cycle duration: 0.21s, Files generated: 1
[2026-05-01T13:42:48Z] [WARNING] ⚠️ Database not initialized for cycle counting
[2026-05-01T13:42:48Z] [INFO] 💾 Database updated with cycle results
[2026-05-01T13:42:48Z] [SECTION] ============================================================
[2026-05-01T13:42:48Z] [INFO] 🔮 PHASE: HIDDEN LAYERING DETECTION
[2026-05-01T13:42:48Z] [INFO] 🔗 Hidden layering detection complete. Connections identified: 2
[2026-05-01T13:42:48Z] [SECTION] ============================================================
[2026-05-01T13:42:48Z] [INFO] 🔬 PHASE: DOMAIN CORRELATION ANALYSIS
[2026-05-01T13:42:48Z] [INFO] 📊 Domain correlation matrices created: 2
[2026-05-01T13:42:48Z] [SECTION] ============================================================
[2026-05-01T13:42:48Z] [INFO] 🖼️  PHASE: IMAGE-SEED ANALYSIS
[2026-05-01T13:42:48Z] [INFO] 📂 Image seed analysis bootstrapping from 0 images...
[2026-05-01T13:42:48Z] [SECTION] ============================================================
[2026-05-01T13:42:48Z] [INFO] 📤 PHASE: PUSH COMPONENTS TO TOLARIA
[2026-05-01T13:42:49Z] [INFO] 📦 Components pushed to Tolaria: 5
[2026-05-01T13:42:49Z] [SECTION] ============================================================
[2026-05-01T13:42:49Z] [INFO] 🧩 PHASE: COMPOSER - DOMAIN INTEGRATION SYNTHESIS
[2026-05-01T13:43:11Z] [INFO] 🎨 Domain integrations synthesized: 0
[2026-05-01T13:43:11Z] [SECTION] ============================================================
[2026-05-01T13:43:11Z] [INFO] 🚀 PHASE: ADVANCED OVERNIGHT LOOP
[2026-05-01T13:44:16Z] [INFO] 🔬 Advanced loop completed cycles: 0
[2026-05-01T13:44:16Z] [WARNING] ⚠️  Git commit skipped or failed (git not initialized?): Command '['git', '-C', '/home/avalonas/.hermes/gematria/unified_overnight_research', 'add', '.']' returned non-zero exit status 128.
[2026-05-01T13:44:16Z] [INFO] 
📊 CYCLE #179 SUMMARY
[2026-05-01T13:44:16Z] [INFO] ✅ Successful tasks: 7/7
[2026-05-01T13:44:16Z] [INFO] ⏱️  Cycle duration: 87.73s
[2026-05-01T13:44:16Z] [INFO]    ⚠️ task: result
[2026-05-01T13:44:16Z] [INFO]    ⚠️ task: result
[2026-05-01T13:44:16Z] [INFO]    ⚠️ task: result
[2026-05-01T13:44:16Z] [INFO]    ⚠️ task: result
[2026-05-01T13:44:16Z] [INFO]    ⚠️ task: result
[2026-05-01T13:44:16Z] [INFO]    ⚠️ task: result
[2026-05-01T13:44:16Z] [INFO]    ⚠️ task: result
[2026-05-01T13:44:16Z] [HEADER] ================================================================================
[2026-05-01T13:44:16Z] [INFO] 🔄 OVERNIGHT RESEARCH PIPELINE - CYCLE #180
[2026-05-01T13:44:16Z] [INFO] ================================================================================
[2026-05-01T13:44:16Z] [HEADER] ============================================================
[2026-05-01T13:44:16Z] [INFO] 🌙 STARTING OVERNIGHT RESEARCH CYCLE #180
[2026-05-01T13:44:16Z] [INFO] 🔍 Running overnight research protocol (web scraping + cross-symbol analysis)...
[2026-05-01T13:44:16Z] [INFO] 📊 Cycle duration: 0.22s, Files generated: 1
[2026-05-01T13:44:16Z] [WARNING] ⚠️ Database not initialized for cycle counting
[2026-05-01T13:44:16Z] [INFO] 💾 Database updated with cycle results
[2026-05-01T13:44:16Z] [SECTION] ============================================================
[2026-05-01T13:44:16Z] [INFO] 🔮 PHASE: HIDDEN LAYERING DETECTION
[2026-05-01T13:44:16Z] [INFO] 🔗 Hidden layering detection complete. Connections identified: 2
[2026-05-01T13:44:16Z] [SECTION] ============================================================
[2026-05-01T13:44:16Z] [INFO] 🔬 PHASE: DOMAIN CORRELATION ANALYSIS
[2026-05-01T13:44:16Z] [INFO] 📊 Domain correlation matrices created: 2
[2026-05-01T13:44:16Z] [SECTION] ============================================================
[2026-05-01T13:44:16Z] [INFO] 🖼️  PHASE: IMAGE-SEED ANALYSIS
[2026-05-01T13:44:16Z] [INFO] 📂 Image seed analysis bootstrapping from 0 images...
[2026-05-01T13:44:16Z] [SECTION] ============================================================
[2026-05-01T13:44:16Z] [INFO] 📤 PHASE: PUSH COMPONENTS TO TOLARIA
[2026-05-01T13:44:17Z] [INFO] 📦 Components pushed to Tolaria: 5
[2026-05-01T13:44:17Z] [SECTION] ============================================================
[2026-05-01T13:44:17Z] [INFO] 🧩 PHASE: COMPOSER - DOMAIN INTEGRATION SYNTHESIS
[2026-05-01T13:44:38Z] [INFO] 🎨 Domain integrations synthesized: 0
[2026-05-01T13:44:38Z] [SECTION] ============================================================
[2026-05-01T13:44:38Z] [INFO] 🚀 PHASE: ADVANCED OVERNIGHT LOOP
[2026-05-01T13:45:44Z] [INFO] 🔬 Advanced loop completed cycles: 0
[2026-05-01T13:45:44Z] [WARNING] ⚠️  Git commit skipped or failed (git not initialized?): Command '['git', '-C', '/home/avalonas/.hermes/gematria/unified_overnight_research', 'add', '.']' returned non-zero exit status 128.
[2026-05-01T13:45:44Z] [INFO] 
📊 CYCLE #180 SUMMARY
[2026-05-01T13:45:44Z] [INFO] ✅ Successful tasks: 7/7
[2026-05-01T13:45:44Z] [INFO] ⏱️  Cycle duration: 87.91s
[2026-05-01T13:45:44Z] [INFO]    ⚠️ task: result
[2026-05-01T13:45:44Z] [INFO]    ⚠️ task: result
[2026-05-01T13:45:44Z] [INFO]    ⚠️ task: result
[2026-05-01T13:45:44Z] [INFO]    ⚠️ task: result
[2026-05-01T13:45:44Z] [INFO]    ⚠️ task: result
[2026-05-01T13:45:44Z] [INFO]    ⚠️ task: result
[2026-05-01T13:45:44Z] [INFO]    ⚠️ task: result
[2026-05-01T13:45:44Z] [HEADER] ================================================================================
[2026-05-01T13:45:44Z] [INFO] 🔄 OVERNIGHT RESEARCH PIPELINE - CYCLE #181
[2026-05-01T13:45:44Z] [INFO] ================================================================================
[2026-05-01T13:45:44Z] [HEADER] ============================================================
[2026-05-01T13:45:44Z] [INFO] 🌙 STARTING OVERNIGHT RESEARCH CYCLE #181
[2026-05-01T13:45:44Z] [INFO] 🔍 Running overnight research protocol (web scraping + cross-symbol analysis)...
[2026-05-01T13:45:44Z] [INFO] 📊 Cycle duration: 0.24s, Files generated: 1
[2026-05-01T13:45:44Z] [WARNING] ⚠️ Database not initialized for cycle counting
[2026-05-01T13:45:44Z] [INFO] 💾 Database updated with cycle results
[2026-05-01T13:45:44Z] [SECTION] ============================================================
[2026-05-01T13:45:44Z] [INFO] 🔮 PHASE: HIDDEN LAYERING DETECTION
[2026-05-01T13:45:44Z] [INFO] 🔗 Hidden layering detection complete. Connections identified: 2
[2026-05-01T13:45:44Z] [SECTION] ============================================================
[2026-05-01T13:45:44Z] [INFO] 🔬 PHASE: DOMAIN CORRELATION ANALYSIS
[2026-05-01T13:45:44Z] [INFO] 📊 Domain correlation matrices created: 2
[2026-05-01T13:45:44Z] [SECTION] ============================================================
[2026-05-01T13:45:44Z] [INFO] 🖼️  PHASE: IMAGE-SEED ANALYSIS
[2026-05-01T13:45:44Z] [INFO] 📂 Image seed analysis bootstrapping from 0 images...
[2026-05-01T13:45:44Z] [SECTION] ============================================================
[2026-05-01T13:45:44Z] [INFO] 📤 PHASE: PUSH COMPONENTS TO TOLARIA
[2026-05-01T13:45:45Z] [INFO] 📦 Components pushed to Tolaria: 5
[2026-05-01T13:45:45Z] [SECTION] ============================================================
[2026-05-01T13:45:45Z] [INFO] 🧩 PHASE: COMPOSER - DOMAIN INTEGRATION SYNTHESIS
[2026-05-01T13:46:06Z] [INFO] 🎨 Domain integrations synthesized: 0
[2026-05-01T13:46:06Z] [SECTION] ============================================================
[2026-05-01T13:46:06Z] [INFO] 🚀 PHASE: ADVANCED OVERNIGHT LOOP
[2026-05-01T13:47:13Z] [INFO] 🔬 Advanced loop completed cycles: 0
[2026-05-01T13:47:13Z] [WARNING] ⚠️  Git commit skipped or failed (git not initialized?): Command '['git', '-C', '/home/avalonas/.hermes/gematria/unified_overnight_research', 'add', '.']' returned non-zero exit status 128.
[2026-05-01T13:47:13Z] [INFO] 
📊 CYCLE #181 SUMMARY
[2026-05-01T13:47:13Z] [INFO] ✅ Successful tasks: 7/7
[2026-05-01T13:47:13Z] [INFO] ⏱️  Cycle duration: 89.25s
[2026-05-01T13:47:13Z] [INFO]    ⚠️ task: result
[2026-05-01T13:47:13Z] [INFO]    ⚠️ task: result
[2026-05-01T13:47:13Z] [INFO]    ⚠️ task: result
[2026-05-01T13:47:13Z] [INFO]    ⚠️ task: result
[2026-05-01T13:47:13Z] [INFO]    ⚠️ task: result
[2026-05-01T13:47:13Z] [INFO]    ⚠️ task: result
[2026-05-01T13:47:13Z] [INFO]    ⚠️ task: result
[2026-05-01T13:47:13Z] [HEADER] ================================================================================
[2026-05-01T13:47:13Z] [INFO] 🔄 OVERNIGHT RESEARCH PIPELINE - CYCLE #182
[2026-05-01T13:47:13Z] [INFO] ================================================================================
[2026-05-01T13:47:13Z] [HEADER] ============================================================
[2026-05-01T13:47:13Z] [INFO] 🌙 STARTING OVERNIGHT RESEARCH CYCLE #182
[2026-05-01T13:47:13Z] [INFO] 🔍 Running overnight research protocol (web scraping + cross-symbol analysis)...
[2026-05-01T13:47:13Z] [INFO] 📊 Cycle duration: 0.23s, Files generated: 1
[2026-05-01T13:47:13Z] [WARNING] ⚠️ Database not initialized for cycle counting
[2026-05-01T13:47:13Z] [INFO] 💾 Database updated with cycle results
[2026-05-01T13:47:13Z] [SECTION] ============================================================
[2026-05-01T13:47:13Z] [INFO] 🔮 PHASE: HIDDEN LAYERING DETECTION
[2026-05-01T13:47:13Z] [INFO] 🔗 Hidden layering detection complete. Connections identified: 2
[2026-05-01T13:47:13Z] [SECTION] ============================================================
[2026-05-01T13:47:13Z] [INFO] 🔬 PHASE: DOMAIN CORRELATION ANALYSIS
[2026-05-01T13:47:13Z] [INFO] 📊 Domain correlation matrices created: 2
[2026-05-01T13:47:13Z] [SECTION] ============================================================
[2026-05-01T13:47:13Z] [INFO] 🖼️  PHASE: IMAGE-SEED ANALYSIS
[2026-05-01T13:47:13Z] [INFO] 📂 Image seed analysis bootstrapping from 0 images...
[2026-05-01T13:47:13Z] [SECTION] ============================================================
[2026-05-01T13:47:13Z] [INFO] 📤 PHASE: PUSH COMPONENTS TO TOLARIA
[2026-05-01T13:47:14Z] [INFO] 📦 Components pushed to Tolaria: 5
[2026-05-01T13:47:14Z] [SECTION] ============================================================
[2026-05-01T13:47:14Z] [INFO] 🧩 PHASE: COMPOSER - DOMAIN INTEGRATION SYNTHESIS
[2026-05-01T13:47:35Z] [INFO] 🎨 Domain integrations synthesized: 0
[2026-05-01T13:47:35Z] [SECTION] ============================================================
[2026-05-01T13:47:35Z] [INFO] 🚀 PHASE: ADVANCED OVERNIGHT LOOP
[2026-05-01T13:48:41Z] [INFO] 🔬 Advanced loop completed cycles: 0
[2026-05-01T13:48:41Z] [WARNING] ⚠️  Git commit skipped or failed (git not initialized?): Command '['git', '-C', '/home/avalonas/.hermes/gematria/unified_overnight_research', 'add', '.']' returned non-zero exit status 128.
[2026-05-01T13:48:41Z] [INFO] 
📊 CYCLE #182 SUMMARY
[2026-05-01T13:48:41Z] [INFO] ✅ Successful tasks: 7/7
[2026-05-01T13:48:41Z] [INFO] ⏱️  Cycle duration: 87.74s
[2026-05-01T13:48:41Z] [INFO]    ⚠️ task: result
[2026-05-01T13:48:41Z] [INFO]    ⚠️ task: result
[2026-05-01T13:48:41Z] [INFO]    ⚠️ task: result
[2026-05-01T13:48:41Z] [INFO]    ⚠️ task: result
[2026-05-01T13:48:41Z] [INFO]    ⚠️ task: result
[2026-05-01T13:48:41Z] [INFO]    ⚠️ task: result
[2026-05-01T13:48:41Z] [INFO]    ⚠️ task: result
[2026-05-01T13:48:41Z] [HEADER] ================================================================================
[2026-05-01T13:48:41Z] [INFO] 🔄 OVERNIGHT RESEARCH PIPELINE - CYCLE #183
[2026-05-01T13:48:41Z] [INFO] ================================================================================
[2026-05-01T13:48:41Z] [HEADER] ============================================================
[2026-05-01T13:48:41Z] [INFO] 🌙 STARTING OVERNIGHT RESEARCH CYCLE #183
[2026-05-01T13:48:41Z] [INFO] 🔍 Running overnight research protocol (web scraping + cross-symbol analysis)...
[2026-05-01T13:48:41Z] [INFO] 📊 Cycle duration: 0.15s, Files generated: 1
[2026-05-01T13:48:41Z] [WARNING] ⚠️ Database not initialized for cycle counting
[2026-05-01T13:48:41Z] [INFO] 💾 Database updated with cycle results
[2026-05-01T13:48:41Z] [SECTION] ============================================================
[2026-05-01T13:48:41Z] [INFO] 🔮 PHASE: HIDDEN LAYERING DETECTION
[2026-05-01T13:48:41Z] [INFO] 🔗 Hidden layering detection complete. Connections identified: 2
[2026-05-01T13:48:41Z] [SECTION] ============================================================
[2026-05-01T13:48:41Z] [INFO] 🔬 PHASE: DOMAIN CORRELATION ANALYSIS
[2026-05-01T13:48:41Z] [INFO] 📊 Domain correlation matrices created: 2
[2026-05-01T13:48:41Z] [SECTION] ============================================================
[2026-05-01T13:48:41Z] [INFO] 🖼️  PHASE: IMAGE-SEED ANALYSIS
[2026-05-01T13:48:41Z] [INFO] 📂 Image seed analysis bootstrapping from 0 images...
[2026-05-01T13:48:41Z] [SECTION] ============================================================
[2026-05-01T13:48:41Z] [INFO] 📤 PHASE: PUSH COMPONENTS TO TOLARIA
[2026-05-01T13:48:42Z] [INFO] 📦 Components pushed to Tolaria: 5
[2026-05-01T13:48:42Z] [SECTION] ============================================================
[2026-05-01T13:48:42Z] [INFO] 🧩 PHASE: COMPOSER - DOMAIN INTEGRATION SYNTHESIS
[2026-05-01T13:49:03Z] [INFO] 🎨 Domain integrations synthesized: 0
[2026-05-01T13:49:03Z] [SECTION] ============================================================
[2026-05-01T13:49:03Z] [INFO] 🚀 PHASE: ADVANCED OVERNIGHT LOOP
[2026-05-01T13:50:08Z] [INFO] 🔬 Advanced loop completed cycles: 0
[2026-05-01T13:50:08Z] [WARNING] ⚠️  Git commit skipped or failed (git not initialized?): Command '['git', '-C', '/home/avalonas/.hermes/gematria/unified_overnight_research', 'commit', '-m', '[2026-05-01T13:50:08Z] Cycle 182: Cycle 183: Web research + hidden layering detection']' returned non-zero exit status 1.
[2026-05-01T13:50:08Z] [INFO] 
📊 CYCLE #183 SUMMARY
[2026-05-01T13:50:08Z] [INFO] ✅ Successful tasks: 7/7
[2026-05-01T13:50:08Z] [INFO] ⏱️  Cycle duration: 87.90s
[2026-05-01T13:50:08Z] [INFO]    ⚠️ task: result
[2026-05-01T13:50:08Z] [INFO]    ⚠️ task: result
[2026-05-01T13:50:08Z] [INFO]    ⚠️ task: result
[2026-05-01T13:50:08Z] [INFO]    ⚠️ task: result
[2026-05-01T13:50:08Z] [INFO]    ⚠️ task: result
[2026-05-01T13:50:08Z] [INFO]    ⚠️ task: result
[2026-05-01T13:50:08Z] [INFO]    ⚠️ task: result
[2026-05-01T13:50:08Z] [HEADER] ================================================================================
[2026-05-01T13:50:08Z] [INFO] 🔄 OVERNIGHT RESEARCH PIPELINE - CYCLE #184
[2026-05-01T13:50:08Z] [INFO] ================================================================================
[2026-05-01T13:50:08Z] [HEADER] ============================================================
[2026-05-01T13:50:08Z] [INFO] 🌙 STARTING OVERNIGHT RESEARCH CYCLE #184
[2026-05-01T13:50:08Z] [INFO] 🔍 Running overnight research protocol (web scraping + cross-symbol analysis)...
[2026-05-01T13:50:09Z] [INFO] 📊 Cycle duration: 0.25s, Files generated: 1
[2026-05-01T13:50:09Z] [WARNING] ⚠️ Database not initialized for cycle counting
[2026-05-01T13:50:09Z] [INFO] 💾 Database updated with cycle results
[2026-05-01T13:50:09Z] [SECTION] ============================================================
[2026-05-01T13:50:09Z] [INFO] 🔮 PHASE: HIDDEN LAYERING DETECTION
[2026-05-01T13:50:09Z] [INFO] 🔗 Hidden layering detection complete. Connections identified: 2
[2026-05-01T13:50:09Z] [SECTION] ============================================================
[2026-05-01T13:50:09Z] [INFO] 🔬 PHASE: DOMAIN CORRELATION ANALYSIS
[2026-05-01T13:50:09Z] [INFO] 📊 Domain correlation matrices created: 2
[2026-05-01T13:50:09Z] [SECTION] ============================================================
[2026-05-01T13:50:09Z] [INFO] 🖼️  PHASE: IMAGE-SEED ANALYSIS
[2026-05-01T13:50:09Z] [INFO] 📂 Image seed analysis bootstrapping from 0 images...
[2026-05-01T13:50:09Z] [SECTION] ============================================================
[2026-05-01T13:50:09Z] [INFO] 📤 PHASE: PUSH COMPONENTS TO TOLARIA
[2026-05-01T13:50:10Z] [INFO] 📦 Components pushed to Tolaria: 5
[2026-05-01T13:50:10Z] [SECTION] ============================================================
[2026-05-01T13:50:10Z] [INFO] 🧩 PHASE: COMPOSER - DOMAIN INTEGRATION SYNTHESIS
[2026-05-01T13:50:31Z] [INFO] 🎨 Domain integrations synthesized: 0
[2026-05-01T13:50:31Z] [SECTION] ============================================================
[2026-05-01T13:50:31Z] [INFO] 🚀 PHASE: ADVANCED OVERNIGHT LOOP
[2026-05-01T13:51:37Z] [INFO] 🔬 Advanced loop completed cycles: 0
[2026-05-01T13:51:37Z] [WARNING] ⚠️  Git commit skipped or failed (git not initialized?): Command '['git', '-C', '/home/avalonas/.hermes/gematria/unified_overnight_research', 'commit', '-m', '[2026-05-01T13:51:37Z] Cycle 183: Cycle 184: Web research + hidden layering detection']' returned non-zero exit status 1.
[2026-05-01T13:51:37Z] [INFO] 
📊 CYCLE #184 SUMMARY
[2026-05-01T13:51:37Z] [INFO] ✅ Successful tasks: 7/7
[2026-05-01T13:51:37Z] [INFO] ⏱️  Cycle duration: 88.37s
[2026-05-01T13:51:37Z] [INFO]    ⚠️ task: result
[2026-05-01T13:51:37Z] [INFO]    ⚠️ task: result
[2026-05-01T13:51:37Z] [INFO]    ⚠️ task: result
[2026-05-01T13:51:37Z] [INFO]    ⚠️ task: result
[2026-05-01T13:51:37Z] [INFO]    ⚠️ task: result
[2026-05-01T13:51:37Z] [INFO]    ⚠️ task: result
[2026-05-01T13:51:37Z] [INFO]    ⚠️ task: result
[2026-05-01T13:51:37Z] [HEADER] ================================================================================
[2026-05-01T13:51:37Z] [INFO] 🔄 OVERNIGHT RESEARCH PIPELINE - CYCLE #185
[2026-05-01T13:51:37Z] [INFO] ================================================================================
[2026-05-01T13:51:37Z] [HEADER] ============================================================
[2026-05-01T13:51:37Z] [INFO] 🌙 STARTING OVERNIGHT RESEARCH CYCLE #185
[2026-05-01T13:51:37Z] [INFO] 🔍 Running overnight research protocol (web scraping + cross-symbol analysis)...
[2026-05-01T13:51:37Z] [INFO] 📊 Cycle duration: 0.39s, Files generated: 1
[2026-05-01T13:51:37Z] [WARNING] ⚠️ Database not initialized for cycle counting
[2026-05-01T13:51:37Z] [INFO] 💾 Database updated with cycle results
[2026-05-01T13:51:37Z] [SECTION] ============================================================
[2026-05-01T13:51:37Z] [INFO] 🔮 PHASE: HIDDEN LAYERING DETECTION
[2026-05-01T13:51:37Z] [INFO] 🔗 Hidden layering detection complete. Connections identified: 2
[2026-05-01T13:51:37Z] [SECTION] ============================================================
[2026-05-01T13:51:37Z] [INFO] 🔬 PHASE: DOMAIN CORRELATION ANALYSIS
[2026-05-01T13:51:37Z] [INFO] 📊 Domain correlation matrices created: 2
[2026-05-01T13:51:37Z] [SECTION] ============================================================
[2026-05-01T13:51:37Z] [INFO] 🖼️  PHASE: IMAGE-SEED ANALYSIS
[2026-05-01T13:51:37Z] [INFO] 📂 Image seed analysis bootstrapping from 0 images...
[2026-05-01T13:51:38Z] [SECTION] ============================================================
[2026-05-01T13:51:38Z] [INFO] 📤 PHASE: PUSH COMPONENTS TO TOLARIA
[2026-05-01T13:51:38Z] [INFO] 📦 Components pushed to Tolaria: 5
[2026-05-01T13:51:38Z] [SECTION] ============================================================
[2026-05-01T13:51:38Z] [INFO] 🧩 PHASE: COMPOSER - DOMAIN INTEGRATION SYNTHESIS
[2026-05-01T13:51:59Z] [INFO] 🎨 Domain integrations synthesized: 0
[2026-05-01T13:51:59Z] [SECTION] ============================================================
[2026-05-01T13:51:59Z] [INFO] 🚀 PHASE: ADVANCED OVERNIGHT LOOP
[2026-05-01T13:53:05Z] [INFO] 🔬 Advanced loop completed cycles: 0
[2026-05-01T13:53:05Z] [WARNING] ⚠️  Git commit skipped or failed (git not initialized?): Command '['git', '-C', '/home/avalonas/.hermes/gematria/unified_overnight_research', 'add', '.']' returned non-zero exit status 128.
[2026-05-01T13:53:05Z] [INFO] 
📊 CYCLE #185 SUMMARY
[2026-05-01T13:53:05Z] [INFO] ✅ Successful tasks: 7/7
[2026-05-01T13:53:05Z] [INFO] ⏱️  Cycle duration: 87.76s
[2026-05-01T13:53:05Z] [INFO]    ⚠️ task: result
[2026-05-01T13:53:05Z] [INFO]    ⚠️ task: result
[2026-05-01T13:53:05Z] [INFO]    ⚠️ task: result
[2026-05-01T13:53:05Z] [INFO]    ⚠️ task: result
[2026-05-01T13:53:05Z] [INFO]    ⚠️ task: result
[2026-05-01T13:53:05Z] [INFO]    ⚠️ task: result
[2026-05-01T13:53:05Z] [INFO]    ⚠️ task: result
[2026-05-01T13:53:05Z] [HEADER] ================================================================================
[2026-05-01T13:53:05Z] [INFO] 🔄 OVERNIGHT RESEARCH PIPELINE - CYCLE #186
[2026-05-01T13:53:05Z] [INFO] ================================================================================
[2026-05-01T13:53:05Z] [HEADER] ============================================================
[2026-05-01T13:53:05Z] [INFO] 🌙 STARTING OVERNIGHT RESEARCH CYCLE #186
[2026-05-01T13:53:05Z] [INFO] 🔍 Running overnight research protocol (web scraping + cross-symbol analysis)...
[2026-05-01T13:53:05Z] [INFO] 📊 Cycle duration: 0.23s, Files generated: 1
[2026-05-01T13:53:05Z] [WARNING] ⚠️ Database not initialized for cycle counting
[2026-05-01T13:53:05Z] [INFO] 💾 Database updated with cycle results
[2026-05-01T13:53:05Z] [SECTION] ============================================================
[2026-05-01T13:53:05Z] [INFO] 🔮 PHASE: HIDDEN LAYERING DETECTION
[2026-05-01T13:53:05Z] [INFO] 🔗 Hidden layering detection complete. Connections identified: 2
[2026-05-01T13:53:05Z] [SECTION] ============================================================
[2026-05-01T13:53:05Z] [INFO] 🔬 PHASE: DOMAIN CORRELATION ANALYSIS
[2026-05-01T13:53:05Z] [INFO] 📊 Domain correlation matrices created: 2
[2026-05-01T13:53:05Z] [SECTION] ============================================================
[2026-05-01T13:53:05Z] [INFO] 🖼️  PHASE: IMAGE-SEED ANALYSIS
[2026-05-01T13:53:05Z] [INFO] 📂 Image seed analysis bootstrapping from 0 images...
[2026-05-01T13:53:05Z] [SECTION] ============================================================
[2026-05-01T13:53:05Z] [INFO] 📤 PHASE: PUSH COMPONENTS TO TOLARIA
[2026-05-01T13:53:06Z] [INFO] 📦 Components pushed to Tolaria: 5
[2026-05-01T13:53:06Z] [SECTION] ============================================================
[2026-05-01T13:53:06Z] [INFO] 🧩 PHASE: COMPOSER - DOMAIN INTEGRATION SYNTHESIS
[2026-05-01T13:53:27Z] [INFO] 🎨 Domain integrations synthesized: 0
[2026-05-01T13:53:27Z] [SECTION] ============================================================
[2026-05-01T13:53:27Z] [INFO] 🚀 PHASE: ADVANCED OVERNIGHT LOOP
[2026-05-01T13:54:33Z] [INFO] 🔬 Advanced loop completed cycles: 0
[2026-05-01T13:54:33Z] [WARNING] ⚠️  Git commit skipped or failed (git not initialized?): Command '['git', '-C', '/home/avalonas/.hermes/gematria/unified_overnight_research', 'commit', '-m', '[2026-05-01T13:54:33Z] Cycle 185: Cycle 186: Web research + hidden layering detection']' returned non-zero exit status 1.
[2026-05-01T13:54:33Z] [INFO] 
📊 CYCLE #186 SUMMARY
[2026-05-01T13:54:33Z] [INFO] ✅ Successful tasks: 7/7
[2026-05-01T13:54:33Z] [INFO] ⏱️  Cycle duration: 88.07s
[2026-05-01T13:54:33Z] [INFO]    ⚠️ task: result
[2026-05-01T13:54:33Z] [INFO]    ⚠️ task: result
[2026-05-01T13:54:33Z] [INFO]    ⚠️ task: result
[2026-05-01T13:54:33Z] [INFO]    ⚠️ task: result
[2026-05-01T13:54:33Z] [INFO]    ⚠️ task: result
[2026-05-01T13:54:33Z] [INFO]    ⚠️ task: result
[2026-05-01T13:54:33Z] [INFO]    ⚠️ task: result
[2026-05-01T13:54:33Z] [HEADER] ================================================================================
[2026-05-01T13:54:33Z] [INFO] 🔄 OVERNIGHT RESEARCH PIPELINE - CYCLE #187
[2026-05-01T13:54:33Z] [INFO] ================================================================================
[2026-05-01T13:54:33Z] [HEADER] ============================================================
[2026-05-01T13:54:33Z] [INFO] 🌙 STARTING OVERNIGHT RESEARCH CYCLE #187
[2026-05-01T13:54:33Z] [INFO] 🔍 Running overnight research protocol (web scraping + cross-symbol analysis)...
[2026-05-01T13:54:33Z] [INFO] 📊 Cycle duration: 0.23s, Files generated: 1
[2026-05-01T13:54:33Z] [WARNING] ⚠️ Database not initialized for cycle counting
[2026-05-01T13:54:33Z] [INFO] 💾 Database updated with cycle results
[2026-05-01T13:54:33Z] [SECTION] ============================================================
[2026-05-01T13:54:33Z] [INFO] 🔮 PHASE: HIDDEN LAYERING DETECTION
[2026-05-01T13:54:33Z] [INFO] 🔗 Hidden layering detection complete. Connections identified: 2
[2026-05-01T13:54:33Z] [SECTION] ============================================================
[2026-05-01T13:54:33Z] [INFO] 🔬 PHASE: DOMAIN CORRELATION ANALYSIS
[2026-05-01T13:54:33Z] [INFO] 📊 Domain correlation matrices created: 2
[2026-05-01T13:54:33Z] [SECTION] ============================================================
[2026-05-01T13:54:33Z] [INFO] 🖼️  PHASE: IMAGE-SEED ANALYSIS
[2026-05-01T13:54:33Z] [INFO] 📂 Image seed analysis bootstrapping from 0 images...
[2026-05-01T13:54:33Z] [SECTION] ============================================================
[2026-05-01T13:54:33Z] [INFO] 📤 PHASE: PUSH COMPONENTS TO TOLARIA
[2026-05-01T13:54:34Z] [INFO] 📦 Components pushed to Tolaria: 5
[2026-05-01T13:54:34Z] [SECTION] ============================================================
[2026-05-01T13:54:34Z] [INFO] 🧩 PHASE: COMPOSER - DOMAIN INTEGRATION SYNTHESIS
[2026-05-01T13:54:55Z] [INFO] 🎨 Domain integrations synthesized: 0
[2026-05-01T13:54:55Z] [SECTION] ============================================================
[2026-05-01T13:54:55Z] [INFO] 🚀 PHASE: ADVANCED OVERNIGHT LOOP
[2026-05-01T13:56:01Z] [INFO] 🔬 Advanced loop completed cycles: 0
[2026-05-01T13:56:01Z] [WARNING] ⚠️  Git commit skipped or failed (git not initialized?): Command '['git', '-C', '/home/avalonas/.hermes/gematria/unified_overnight_research', 'add', '.']' returned non-zero exit status 128.
[2026-05-01T13:56:01Z] [INFO] 
📊 CYCLE #187 SUMMARY
[2026-05-01T13:56:01Z] [INFO] ✅ Successful tasks: 7/7
[2026-05-01T13:56:01Z] [INFO] ⏱️  Cycle duration: 88.15s
[2026-05-01T13:56:01Z] [INFO]    ⚠️ task: result
[2026-05-01T13:56:01Z] [INFO]    ⚠️ task: result
[2026-05-01T13:56:01Z] [INFO]    ⚠️ task: result
[2026-05-01T13:56:01Z] [INFO]    ⚠️ task: result
[2026-05-01T13:56:01Z] [INFO]    ⚠️ task: result
[2026-05-01T13:56:01Z] [INFO]    ⚠️ task: result
[2026-05-01T13:56:01Z] [INFO]    ⚠️ task: result
[2026-05-01T13:56:01Z] [HEADER] ================================================================================
[2026-05-01T13:56:01Z] [INFO] 🔄 OVERNIGHT RESEARCH PIPELINE - CYCLE #188
[2026-05-01T13:56:01Z] [INFO] ================================================================================
[2026-05-01T13:56:01Z] [HEADER] ============================================================
[2026-05-01T13:56:01Z] [INFO] 🌙 STARTING OVERNIGHT RESEARCH CYCLE #188
[2026-05-01T13:56:01Z] [INFO] 🔍 Running overnight research protocol (web scraping + cross-symbol analysis)...
[2026-05-01T13:56:01Z] [INFO] 📊 Cycle duration: 0.28s, Files generated: 1
[2026-05-01T13:56:01Z] [WARNING] ⚠️ Database not initialized for cycle counting
[2026-05-01T13:56:01Z] [INFO] 💾 Database updated with cycle results
[2026-05-01T13:56:01Z] [SECTION] ============================================================
[2026-05-01T13:56:01Z] [INFO] 🔮 PHASE: HIDDEN LAYERING DETECTION
[2026-05-01T13:56:01Z] [INFO] 🔗 Hidden layering detection complete. Connections identified: 2
[2026-05-01T13:56:01Z] [SECTION] ============================================================
[2026-05-01T13:56:01Z] [INFO] 🔬 PHASE: DOMAIN CORRELATION ANALYSIS
[2026-05-01T13:56:01Z] [INFO] 📊 Domain correlation matrices created: 2
[2026-05-01T13:56:01Z] [SECTION] ============================================================
[2026-05-01T13:56:01Z] [INFO] 🖼️  PHASE: IMAGE-SEED ANALYSIS
[2026-05-01T13:56:01Z] [INFO] 📂 Image seed analysis bootstrapping from 0 images...
[2026-05-01T13:56:01Z] [SECTION] ============================================================
[2026-05-01T13:56:01Z] [INFO] 📤 PHASE: PUSH COMPONENTS TO TOLARIA
[2026-05-01T13:56:02Z] [INFO] 📦 Components pushed to Tolaria: 5
[2026-05-01T13:56:02Z] [SECTION] ============================================================
[2026-05-01T13:56:02Z] [INFO] 🧩 PHASE: COMPOSER - DOMAIN INTEGRATION SYNTHESIS
[2026-05-01T13:56:23Z] [INFO] 🎨 Domain integrations synthesized: 0
[2026-05-01T13:56:23Z] [SECTION] ============================================================
[2026-05-01T13:56:23Z] [INFO] 🚀 PHASE: ADVANCED OVERNIGHT LOOP
[2026-05-01T13:57:30Z] [INFO] 🔬 Advanced loop completed cycles: 0
[2026-05-01T13:57:30Z] [WARNING] ⚠️  Git commit skipped or failed (git not initialized?): Command '['git', '-C', '/home/avalonas/.hermes/gematria/unified_overnight_research', 'commit', '-m', '[2026-05-01T13:57:30Z] Cycle 187: Cycle 188: Web research + hidden layering detection']' returned non-zero exit status 1.
[2026-05-01T13:57:30Z] [INFO] 
📊 CYCLE #188 SUMMARY
[2026-05-01T13:57:30Z] [INFO] ✅ Successful tasks: 7/7
[2026-05-01T13:57:30Z] [INFO] ⏱️  Cycle duration: 88.89s
[2026-05-01T13:57:30Z] [INFO]    ⚠️ task: result
[2026-05-01T13:57:30Z] [INFO]    ⚠️ task: result
[2026-05-01T13:57:30Z] [INFO]    ⚠️ task: result
[2026-05-01T13:57:30Z] [INFO]    ⚠️ task: result
[2026-05-01T13:57:30Z] [INFO]    ⚠️ task: result
[2026-05-01T13:57:30Z] [INFO]    ⚠️ task: result
[2026-05-01T13:57:30Z] [INFO]    ⚠️ task: result
[2026-05-01T13:57:30Z] [HEADER] ================================================================================
[2026-05-01T13:57:30Z] [INFO] 🔄 OVERNIGHT RESEARCH PIPELINE - CYCLE #189
[2026-05-01T13:57:30Z] [INFO] ================================================================================
[2026-05-01T13:57:30Z] [HEADER] ============================================================
[2026-05-01T13:57:30Z] [INFO] 🌙 STARTING OVERNIGHT RESEARCH CYCLE #189
[2026-05-01T13:57:30Z] [INFO] 🔍 Running overnight research protocol (web scraping + cross-symbol analysis)...
[2026-05-01T13:57:30Z] [INFO] 📊 Cycle duration: 0.22s, Files generated: 1
[2026-05-01T13:57:30Z] [WARNING] ⚠️ Database not initialized for cycle counting
[2026-05-01T13:57:30Z] [INFO] 💾 Database updated with cycle results
[2026-05-01T13:57:30Z] [SECTION] ============================================================
[2026-05-01T13:57:30Z] [INFO] 🔮 PHASE: HIDDEN LAYERING DETECTION
[2026-05-01T13:57:30Z] [INFO] 🔗 Hidden layering detection complete. Connections identified: 2
[2026-05-01T13:57:30Z] [SECTION] ============================================================
[2026-05-01T13:57:30Z] [INFO] 🔬 PHASE: DOMAIN CORRELATION ANALYSIS
[2026-05-01T13:57:30Z] [INFO] 📊 Domain correlation matrices created: 2
[2026-05-01T13:57:30Z] [SECTION] ============================================================
[2026-05-01T13:57:30Z] [INFO] 🖼️  PHASE: IMAGE-SEED ANALYSIS
[2026-05-01T13:57:30Z] [INFO] 📂 Image seed analysis bootstrapping from 0 images...
[2026-05-01T13:57:30Z] [SECTION] ============================================================
[2026-05-01T13:57:30Z] [INFO] 📤 PHASE: PUSH COMPONENTS TO TOLARIA
[2026-05-01T13:57:31Z] [INFO] 📦 Components pushed to Tolaria: 5
[2026-05-01T13:57:31Z] [SECTION] ============================================================
[2026-05-01T13:57:31Z] [INFO] 🧩 PHASE: COMPOSER - DOMAIN INTEGRATION SYNTHESIS
[2026-05-01T13:57:52Z] [INFO] 🎨 Domain integrations synthesized: 0
[2026-05-01T13:57:52Z] [SECTION] ============================================================
[2026-05-01T13:57:52Z] [INFO] 🚀 PHASE: ADVANCED OVERNIGHT LOOP
[2026-05-01T13:58:58Z] [INFO] 🔬 Advanced loop completed cycles: 0
[2026-05-01T13:58:58Z] [WARNING] ⚠️  Git commit skipped or failed (git not initialized?): Command '['git', '-C', '/home/avalonas/.hermes/gematria/unified_overnight_research', 'commit', '-m', '[2026-05-01T13:58:58Z] Cycle 188: Cycle 189: Web research + hidden layering detection']' returned non-zero exit status 1.
[2026-05-01T13:58:58Z] [INFO] 
📊 CYCLE #189 SUMMARY
[2026-05-01T13:58:58Z] [INFO] ✅ Successful tasks: 7/7
[2026-05-01T13:58:58Z] [INFO] ⏱️  Cycle duration: 88.71s
[2026-05-01T13:58:58Z] [INFO]    ⚠️ task: result
[2026-05-01T13:58:58Z] [INFO]    ⚠️ task: result
[2026-05-01T13:58:58Z] [INFO]    ⚠️ task: result
[2026-05-01T13:58:58Z] [INFO]    ⚠️ task: result
[2026-05-01T13:58:58Z] [INFO]    ⚠️ task: result
[2026-05-01T13:58:58Z] [INFO]    ⚠️ task: result
[2026-05-01T13:58:58Z] [INFO]    ⚠️ task: result
[2026-05-01T13:58:58Z] [HEADER] ================================================================================
[2026-05-01T13:58:58Z] [INFO] 🔄 OVERNIGHT RESEARCH PIPELINE - CYCLE #190
[2026-05-01T13:58:58Z] [INFO] ================================================================================
[2026-05-01T13:58:58Z] [HEADER] ============================================================
[2026-05-01T13:58:58Z] [INFO] 🌙 STARTING OVERNIGHT RESEARCH CYCLE #190
[2026-05-01T13:58:58Z] [INFO] 🔍 Running overnight research protocol (web scraping + cross-symbol analysis)...
[2026-05-01T13:58:59Z] [INFO] 📊 Cycle duration: 0.22s, Files generated: 1
[2026-05-01T13:58:59Z] [WARNING] ⚠️ Database not initialized for cycle counting
[2026-05-01T13:58:59Z] [INFO] 💾 Database updated with cycle results
[2026-05-01T13:58:59Z] [SECTION] ============================================================
[2026-05-01T13:58:59Z] [INFO] 🔮 PHASE: HIDDEN LAYERING DETECTION
[2026-05-01T13:58:59Z] [INFO] 🔗 Hidden layering detection complete. Connections identified: 2
[2026-05-01T13:58:59Z] [SECTION] ============================================================
[2026-05-01T13:58:59Z] [INFO] 🔬 PHASE: DOMAIN CORRELATION ANALYSIS
[2026-05-01T13:58:59Z] [INFO] 📊 Domain correlation matrices created: 2
[2026-05-01T13:58:59Z] [SECTION] ============================================================
[2026-05-01T13:58:59Z] [INFO] 🖼️  PHASE: IMAGE-SEED ANALYSIS
[2026-05-01T13:58:59Z] [INFO] 📂 Image seed analysis bootstrapping from 0 images...
[2026-05-01T13:58:59Z] [SECTION] ============================================================
[2026-05-01T13:58:59Z] [INFO] 📤 PHASE: PUSH COMPONENTS TO TOLARIA
[2026-05-01T13:59:02Z] [INFO] 📦 Components pushed to Tolaria: 5
[2026-05-01T13:59:02Z] [SECTION] ============================================================
[2026-05-01T13:59:02Z] [INFO] 🧩 PHASE: COMPOSER - DOMAIN INTEGRATION SYNTHESIS
[2026-05-01T13:59:21Z] [INFO] 🎨 Domain integrations synthesized: 0
[2026-05-01T13:59:21Z] [SECTION] ============================================================
[2026-05-01T13:59:21Z] [INFO] 🚀 PHASE: ADVANCED OVERNIGHT LOOP
[2026-05-01T14:00:26Z] [INFO] 🔬 Advanced loop completed cycles: 0
[2026-05-01T14:00:26Z] [WARNING] ⚠️  Git commit skipped or failed (git not initialized?): Command '['git', '-C', '/home/avalonas/.hermes/gematria/unified_overnight_research', 'commit', '-m', '[2026-05-01T14:00:26Z] Cycle 189: Cycle 190: Web research + hidden layering detection']' returned non-zero exit status 1.
[2026-05-01T14:00:26Z] [INFO] 
📊 CYCLE #190 SUMMARY
[2026-05-01T14:00:26Z] [INFO] ✅ Successful tasks: 7/7
[2026-05-01T14:00:26Z] [INFO] ⏱️  Cycle duration: 87.96s
[2026-05-01T14:00:26Z] [INFO]    ⚠️ task: result
[2026-05-01T14:00:26Z] [INFO]    ⚠️ task: result
[2026-05-01T14:00:26Z] [INFO]    ⚠️ task: result
[2026-05-01T14:00:26Z] [INFO]    ⚠️ task: result
[2026-05-01T14:00:26Z] [INFO]    ⚠️ task: result
[2026-05-01T14:00:26Z] [INFO]    ⚠️ task: result
[2026-05-01T14:00:26Z] [INFO]    ⚠️ task: result
[2026-05-01T14:00:26Z] [HEADER] ================================================================================
[2026-05-01T14:00:26Z] [INFO] 🔄 OVERNIGHT RESEARCH PIPELINE - CYCLE #191
[2026-05-01T14:00:26Z] [INFO] ================================================================================
[2026-05-01T14:00:26Z] [HEADER] ============================================================
[2026-05-01T14:00:26Z] [INFO] 🌙 STARTING OVERNIGHT RESEARCH CYCLE #191
[2026-05-01T14:00:26Z] [INFO] 🔍 Running overnight research protocol (web scraping + cross-symbol analysis)...
[2026-05-01T14:00:27Z] [INFO] 📊 Cycle duration: 0.15s, Files generated: 1
[2026-05-01T14:00:27Z] [WARNING] ⚠️ Database not initialized for cycle counting
[2026-05-01T14:00:27Z] [INFO] 💾 Database updated with cycle results
[2026-05-01T14:00:27Z] [SECTION] ============================================================
[2026-05-01T14:00:27Z] [INFO] 🔮 PHASE: HIDDEN LAYERING DETECTION
[2026-05-01T14:00:27Z] [INFO] 🔗 Hidden layering detection complete. Connections identified: 2
[2026-05-01T14:00:27Z] [SECTION] ============================================================
[2026-05-01T14:00:27Z] [INFO] 🔬 PHASE: DOMAIN CORRELATION ANALYSIS
[2026-05-01T14:00:27Z] [INFO] 📊 Domain correlation matrices created: 2
[2026-05-01T14:00:27Z] [SECTION] ============================================================
[2026-05-01T14:00:27Z] [INFO] 🖼️  PHASE: IMAGE-SEED ANALYSIS
[2026-05-01T14:00:27Z] [INFO] 📂 Image seed analysis bootstrapping from 0 images...
[2026-05-01T14:00:27Z] [SECTION] ============================================================
[2026-05-01T14:00:27Z] [INFO] 📤 PHASE: PUSH COMPONENTS TO TOLARIA
[2026-05-01T14:00:28Z] [INFO] 📦 Components pushed to Tolaria: 5
[2026-05-01T14:00:28Z] [SECTION] ============================================================
[2026-05-01T14:00:28Z] [INFO] 🧩 PHASE: COMPOSER - DOMAIN INTEGRATION SYNTHESIS
[2026-05-01T14:00:49Z] [INFO] 🎨 Domain integrations synthesized: 0
[2026-05-01T14:00:49Z] [SECTION] ============================================================
[2026-05-01T14:00:49Z] [INFO] 🚀 PHASE: ADVANCED OVERNIGHT LOOP
[2026-05-01T14:01:55Z] [INFO] 🔬 Advanced loop completed cycles: 0
[2026-05-01T14:01:55Z] [WARNING] ⚠️  Git commit skipped or failed (git not initialized?): Command '['git', '-C', '/home/avalonas/.hermes/gematria/unified_overnight_research', 'add', '.']' returned non-zero exit status 128.
[2026-05-01T14:01:55Z] [INFO] 
📊 CYCLE #191 SUMMARY
[2026-05-01T14:01:55Z] [INFO] ✅ Successful tasks: 7/7
[2026-05-01T14:01:55Z] [INFO] ⏱️  Cycle duration: 88.42s
[2026-05-01T14:01:55Z] [INFO]    ⚠️ task: result
[2026-05-01T14:01:55Z] [INFO]    ⚠️ task: result
[2026-05-01T14:01:55Z] [INFO]    ⚠️ task: result
[2026-05-01T14:01:55Z] [INFO]    ⚠️ task: result
[2026-05-01T14:01:55Z] [INFO]    ⚠️ task: result
[2026-05-01T14:01:55Z] [INFO]    ⚠️ task: result
[2026-05-01T14:01:55Z] [INFO]    ⚠️ task: result
[2026-05-01T14:01:55Z] [HEADER] ================================================================================
[2026-05-01T14:01:55Z] [INFO] 🔄 OVERNIGHT RESEARCH PIPELINE - CYCLE #192
[2026-05-01T14:01:55Z] [INFO] ================================================================================
[2026-05-01T14:01:55Z] [HEADER] ============================================================
[2026-05-01T14:01:55Z] [INFO] 🌙 STARTING OVERNIGHT RESEARCH CYCLE #192
[2026-05-01T14:01:55Z] [INFO] 🔍 Running overnight research protocol (web scraping + cross-symbol analysis)...
[2026-05-01T14:01:55Z] [INFO] 📊 Cycle duration: 0.14s, Files generated: 1
[2026-05-01T14:01:55Z] [WARNING] ⚠️ Database not initialized for cycle counting
[2026-05-01T14:01:55Z] [INFO] 💾 Database updated with cycle results
[2026-05-01T14:01:55Z] [SECTION] ============================================================
[2026-05-01T14:01:55Z] [INFO] 🔮 PHASE: HIDDEN LAYERING DETECTION
[2026-05-01T14:01:55Z] [INFO] 🔗 Hidden layering detection complete. Connections identified: 2
[2026-05-01T14:01:55Z] [SECTION] ============================================================
[2026-05-01T14:01:55Z] [INFO] 🔬 PHASE: DOMAIN CORRELATION ANALYSIS
[2026-05-01T14:01:55Z] [INFO] 📊 Domain correlation matrices created: 2
[2026-05-01T14:01:55Z] [SECTION] ============================================================
[2026-05-01T14:01:55Z] [INFO] 🖼️  PHASE: IMAGE-SEED ANALYSIS
[2026-05-01T14:01:55Z] [INFO] 📂 Image seed analysis bootstrapping from 0 images...
[2026-05-01T14:01:55Z] [SECTION] ============================================================
[2026-05-01T14:01:55Z] [INFO] 📤 PHASE: PUSH COMPONENTS TO TOLARIA
[2026-05-01T14:01:56Z] [INFO] 📦 Components pushed to Tolaria: 5
[2026-05-01T14:01:56Z] [SECTION] ============================================================
[2026-05-01T14:01:56Z] [INFO] 🧩 PHASE: COMPOSER - DOMAIN INTEGRATION SYNTHESIS
[2026-05-01T14:02:17Z] [INFO] 🎨 Domain integrations synthesized: 0
[2026-05-01T14:02:17Z] [SECTION] ============================================================
[2026-05-01T14:02:17Z] [INFO] 🚀 PHASE: ADVANCED OVERNIGHT LOOP
[2026-05-01T14:03:23Z] [INFO] 🔬 Advanced loop completed cycles: 0
[2026-05-01T14:03:23Z] [WARNING] ⚠️  Git commit skipped or failed (git not initialized?): Command '['git', '-C', '/home/avalonas/.hermes/gematria/unified_overnight_research', 'add', '.']' returned non-zero exit status 128.
[2026-05-01T14:03:23Z] [INFO] 
📊 CYCLE #192 SUMMARY
[2026-05-01T14:03:23Z] [INFO] ✅ Successful tasks: 7/7
[2026-05-01T14:03:23Z] [INFO] ⏱️  Cycle duration: 88.25s
[2026-05-01T14:03:23Z] [INFO]    ⚠️ task: result
[2026-05-01T14:03:23Z] [INFO]    ⚠️ task: result
[2026-05-01T14:03:23Z] [INFO]    ⚠️ task: result
[2026-05-01T14:03:23Z] [INFO]    ⚠️ task: result
[2026-05-01T14:03:23Z] [INFO]    ⚠️ task: result
[2026-05-01T14:03:23Z] [INFO]    ⚠️ task: result
[2026-05-01T14:03:23Z] [INFO]    ⚠️ task: result
[2026-05-01T14:03:23Z] [HEADER] ================================================================================
[2026-05-01T14:03:23Z] [INFO] 🔄 OVERNIGHT RESEARCH PIPELINE - CYCLE #193
[2026-05-01T14:03:23Z] [INFO] ================================================================================
[2026-05-01T14:03:23Z] [HEADER] ============================================================
[2026-05-01T14:03:23Z] [INFO] 🌙 STARTING OVERNIGHT RESEARCH CYCLE #193
[2026-05-01T14:03:23Z] [INFO] 🔍 Running overnight research protocol (web scraping + cross-symbol analysis)...
[2026-05-01T14:03:23Z] [INFO] 📊 Cycle duration: 0.14s, Files generated: 1
[2026-05-01T14:03:23Z] [WARNING] ⚠️ Database not initialized for cycle counting
[2026-05-01T14:03:23Z] [INFO] 💾 Database updated with cycle results
[2026-05-01T14:03:23Z] [SECTION] ============================================================
[2026-05-01T14:03:23Z] [INFO] 🔮 PHASE: HIDDEN LAYERING DETECTION
[2026-05-01T14:03:23Z] [INFO] 🔗 Hidden layering detection complete. Connections identified: 2
[2026-05-01T14:03:23Z] [SECTION] ============================================================
[2026-05-01T14:03:23Z] [INFO] 🔬 PHASE: DOMAIN CORRELATION ANALYSIS
[2026-05-01T14:03:23Z] [INFO] 📊 Domain correlation matrices created: 2
[2026-05-01T14:03:23Z] [SECTION] ============================================================
[2026-05-01T14:03:23Z] [INFO] 🖼️  PHASE: IMAGE-SEED ANALYSIS
[2026-05-01T14:03:23Z] [INFO] 📂 Image seed analysis bootstrapping from 0 images...
[2026-05-01T14:03:23Z] [SECTION] ============================================================
[2026-05-01T14:03:23Z] [INFO] 📤 PHASE: PUSH COMPONENTS TO TOLARIA
[2026-05-01T14:03:24Z] [INFO] 📦 Components pushed to Tolaria: 5
[2026-05-01T14:03:24Z] [SECTION] ============================================================
[2026-05-01T14:03:24Z] [INFO] 🧩 PHASE: COMPOSER - DOMAIN INTEGRATION SYNTHESIS
[2026-05-01T14:03:46Z] [INFO] 🎨 Domain integrations synthesized: 0
[2026-05-01T14:03:46Z] [SECTION] ============================================================
[2026-05-01T14:03:46Z] [INFO] 🚀 PHASE: ADVANCED OVERNIGHT LOOP
[2026-05-01T14:04:51Z] [INFO] 🔬 Advanced loop completed cycles: 0
[2026-05-01T14:04:51Z] [WARNING] ⚠️  Git commit skipped or failed (git not initialized?): Command '['git', '-C', '/home/avalonas/.hermes/gematria/unified_overnight_research', 'commit', '-m', '[2026-05-01T14:04:51Z] Cycle 192: Cycle 193: Web research + hidden layering detection']' returned non-zero exit status 1.
[2026-05-01T14:04:51Z] [INFO] 
📊 CYCLE #193 SUMMARY
[2026-05-01T14:04:51Z] [INFO] ✅ Successful tasks: 7/7
[2026-05-01T14:04:51Z] [INFO] ⏱️  Cycle duration: 87.61s
[2026-05-01T14:04:51Z] [INFO]    ⚠️ task: result
[2026-05-01T14:04:51Z] [INFO]    ⚠️ task: result
[2026-05-01T14:04:51Z] [INFO]    ⚠️ task: result
[2026-05-01T14:04:51Z] [INFO]    ⚠️ task: result
[2026-05-01T14:04:51Z] [INFO]    ⚠️ task: result
[2026-05-01T14:04:51Z] [INFO]    ⚠️ task: result
[2026-05-01T14:04:51Z] [INFO]    ⚠️ task: result
[2026-05-01T14:04:51Z] [HEADER] ================================================================================
[2026-05-01T14:04:51Z] [INFO] 🔄 OVERNIGHT RESEARCH PIPELINE - CYCLE #194
[2026-05-01T14:04:51Z] [INFO] ================================================================================
[2026-05-01T14:04:51Z] [HEADER] ============================================================
[2026-05-01T14:04:51Z] [INFO] 🌙 STARTING OVERNIGHT RESEARCH CYCLE #194
[2026-05-01T14:04:51Z] [INFO] 🔍 Running overnight research protocol (web scraping + cross-symbol analysis)...
[2026-05-01T14:04:51Z] [INFO] 📊 Cycle duration: 0.26s, Files generated: 1
[2026-05-01T14:04:51Z] [WARNING] ⚠️ Database not initialized for cycle counting
[2026-05-01T14:04:51Z] [INFO] 💾 Database updated with cycle results
[2026-05-01T14:04:51Z] [SECTION] ============================================================
[2026-05-01T14:04:51Z] [INFO] 🔮 PHASE: HIDDEN LAYERING DETECTION
[2026-05-01T14:04:51Z] [INFO] 🔗 Hidden layering detection complete. Connections identified: 2
[2026-05-01T14:04:51Z] [SECTION] ============================================================
[2026-05-01T14:04:51Z] [INFO] 🔬 PHASE: DOMAIN CORRELATION ANALYSIS
[2026-05-01T14:04:51Z] [INFO] 📊 Domain correlation matrices created: 2
[2026-05-01T14:04:51Z] [SECTION] ============================================================
[2026-05-01T14:04:51Z] [INFO] 🖼️  PHASE: IMAGE-SEED ANALYSIS
[2026-05-01T14:04:51Z] [INFO] 📂 Image seed analysis bootstrapping from 0 images...
[2026-05-01T14:04:51Z] [SECTION] ============================================================
[2026-05-01T14:04:51Z] [INFO] 📤 PHASE: PUSH COMPONENTS TO TOLARIA
[2026-05-01T14:04:52Z] [INFO] 📦 Components pushed to Tolaria: 5
[2026-05-01T14:04:52Z] [SECTION] ============================================================
[2026-05-01T14:04:52Z] [INFO] 🧩 PHASE: COMPOSER - DOMAIN INTEGRATION SYNTHESIS
[2026-05-01T14:05:13Z] [INFO] 🎨 Domain integrations synthesized: 0
[2026-05-01T14:05:13Z] [SECTION] ============================================================
[2026-05-01T14:05:13Z] [INFO] 🚀 PHASE: ADVANCED OVERNIGHT LOOP
[2026-05-01T14:06:18Z] [INFO] 🔬 Advanced loop completed cycles: 0
[2026-05-01T14:06:18Z] [WARNING] ⚠️  Git commit skipped or failed (git not initialized?): Command '['git', '-C', '/home/avalonas/.hermes/gematria/unified_overnight_research', 'add', '.']' returned non-zero exit status 128.
[2026-05-01T14:06:18Z] [INFO] 
📊 CYCLE #194 SUMMARY
[2026-05-01T14:06:18Z] [INFO] ✅ Successful tasks: 7/7
[2026-05-01T14:06:18Z] [INFO] ⏱️  Cycle duration: 87.14s
[2026-05-01T14:06:18Z] [INFO]    ⚠️ task: result
[2026-05-01T14:06:18Z] [INFO]    ⚠️ task: result
[2026-05-01T14:06:18Z] [INFO]    ⚠️ task: result
[2026-05-01T14:06:18Z] [INFO]    ⚠️ task: result
[2026-05-01T14:06:18Z] [INFO]    ⚠️ task: result
[2026-05-01T14:06:18Z] [INFO]    ⚠️ task: result
[2026-05-01T14:06:18Z] [INFO]    ⚠️ task: result
[2026-05-01T14:06:18Z] [HEADER] ================================================================================
[2026-05-01T14:06:18Z] [INFO] 🔄 OVERNIGHT RESEARCH PIPELINE - CYCLE #195
[2026-05-01T14:06:18Z] [INFO] ================================================================================
[2026-05-01T14:06:18Z] [HEADER] ============================================================
[2026-05-01T14:06:18Z] [INFO] 🌙 STARTING OVERNIGHT RESEARCH CYCLE #195
[2026-05-01T14:06:18Z] [INFO] 🔍 Running overnight research protocol (web scraping + cross-symbol analysis)...
[2026-05-01T14:06:18Z] [INFO] 📊 Cycle duration: 0.15s, Files generated: 1
[2026-05-01T14:06:18Z] [WARNING] ⚠️ Database not initialized for cycle counting
[2026-05-01T14:06:18Z] [INFO] 💾 Database updated with cycle results
[2026-05-01T14:06:18Z] [SECTION] ============================================================
[2026-05-01T14:06:18Z] [INFO] 🔮 PHASE: HIDDEN LAYERING DETECTION
[2026-05-01T14:06:18Z] [INFO] 🔗 Hidden layering detection complete. Connections identified: 2
[2026-05-01T14:06:18Z] [SECTION] ============================================================
[2026-05-01T14:06:18Z] [INFO] 🔬 PHASE: DOMAIN CORRELATION ANALYSIS
[2026-05-01T14:06:18Z] [INFO] 📊 Domain correlation matrices created: 2
[2026-05-01T14:06:18Z] [SECTION] ============================================================
[2026-05-01T14:06:18Z] [INFO] 🖼️  PHASE: IMAGE-SEED ANALYSIS
[2026-05-01T14:06:18Z] [INFO] 📂 Image seed analysis bootstrapping from 0 images...
[2026-05-01T14:06:18Z] [SECTION] ============================================================
[2026-05-01T14:06:18Z] [INFO] 📤 PHASE: PUSH COMPONENTS TO TOLARIA
[2026-05-01T14:06:19Z] [INFO] 📦 Components pushed to Tolaria: 5
[2026-05-01T14:06:19Z] [SECTION] ============================================================
[2026-05-01T14:06:19Z] [INFO] 🧩 PHASE: COMPOSER - DOMAIN INTEGRATION SYNTHESIS
[2026-05-01T14:06:40Z] [INFO] 🎨 Domain integrations synthesized: 0
[2026-05-01T14:06:40Z] [SECTION] ============================================================
[2026-05-01T14:06:40Z] [INFO] 🚀 PHASE: ADVANCED OVERNIGHT LOOP
[2026-05-01T14:07:47Z] [INFO] 🔬 Advanced loop completed cycles: 0
[2026-05-01T14:07:47Z] [WARNING] ⚠️  Git commit skipped or failed (git not initialized?): Command '['git', '-C', '/home/avalonas/.hermes/gematria/unified_overnight_research', 'add', '.']' returned non-zero exit status 128.
[2026-05-01T14:07:47Z] [INFO] 
📊 CYCLE #195 SUMMARY
[2026-05-01T14:07:47Z] [INFO] ✅ Successful tasks: 7/7
[2026-05-01T14:07:47Z] [INFO] ⏱️  Cycle duration: 88.74s
[2026-05-01T14:07:47Z] [INFO]    ⚠️ task: result
[2026-05-01T14:07:47Z] [INFO]    ⚠️ task: result
[2026-05-01T14:07:47Z] [INFO]    ⚠️ task: result
[2026-05-01T14:07:47Z] [INFO]    ⚠️ task: result
[2026-05-01T14:07:47Z] [INFO]    ⚠️ task: result
[2026-05-01T14:07:47Z] [INFO]    ⚠️ task: result
[2026-05-01T14:07:47Z] [INFO]    ⚠️ task: result
[2026-05-01T14:07:47Z] [HEADER] ================================================================================
[2026-05-01T14:07:47Z] [INFO] 🔄 OVERNIGHT RESEARCH PIPELINE - CYCLE #196
[2026-05-01T14:07:47Z] [INFO] ================================================================================
[2026-05-01T14:07:47Z] [HEADER] ============================================================
[2026-05-01T14:07:47Z] [INFO] 🌙 STARTING OVERNIGHT RESEARCH CYCLE #196
[2026-05-01T14:07:47Z] [INFO] 🔍 Running overnight research protocol (web scraping + cross-symbol analysis)...
[2026-05-01T14:07:47Z] [INFO] 📊 Cycle duration: 0.23s, Files generated: 1
[2026-05-01T14:07:47Z] [WARNING] ⚠️ Database not initialized for cycle counting
[2026-05-01T14:07:47Z] [INFO] 💾 Database updated with cycle results
[2026-05-01T14:07:47Z] [SECTION] ============================================================
[2026-05-01T14:07:47Z] [INFO] 🔮 PHASE: HIDDEN LAYERING DETECTION
[2026-05-01T14:07:47Z] [INFO] 🔗 Hidden layering detection complete. Connections identified: 2
[2026-05-01T14:07:47Z] [SECTION] ============================================================
[2026-05-01T14:07:47Z] [INFO] 🔬 PHASE: DOMAIN CORRELATION ANALYSIS
[2026-05-01T14:07:47Z] [INFO] 📊 Domain correlation matrices created: 2
[2026-05-01T14:07:47Z] [SECTION] ============================================================
[2026-05-01T14:07:47Z] [INFO] 🖼️  PHASE: IMAGE-SEED ANALYSIS
[2026-05-01T14:07:47Z] [INFO] 📂 Image seed analysis bootstrapping from 0 images...
[2026-05-01T14:07:47Z] [SECTION] ============================================================
[2026-05-01T14:07:47Z] [INFO] 📤 PHASE: PUSH COMPONENTS TO TOLARIA
[2026-05-01T14:07:48Z] [INFO] 📦 Components pushed to Tolaria: 5
[2026-05-01T14:07:48Z] [SECTION] ============================================================
[2026-05-01T14:07:48Z] [INFO] 🧩 PHASE: COMPOSER - DOMAIN INTEGRATION SYNTHESIS
[2026-05-01T14:08:09Z] [INFO] 🎨 Domain integrations synthesized: 0
[2026-05-01T14:08:09Z] [SECTION] ============================================================
[2026-05-01T14:08:09Z] [INFO] 🚀 PHASE: ADVANCED OVERNIGHT LOOP
[2026-05-01T14:09:14Z] [INFO] 🔬 Advanced loop completed cycles: 0
[2026-05-01T14:09:14Z] [WARNING] ⚠️  Git commit skipped or failed (git not initialized?): Command '['git', '-C', '/home/avalonas/.hermes/gematria/unified_overnight_research', 'commit', '-m', '[2026-05-01T14:09:14Z] Cycle 195: Cycle 196: Web research + hidden layering detection']' returned non-zero exit status 128.
[2026-05-01T14:09:14Z] [INFO] 
📊 CYCLE #196 SUMMARY
[2026-05-01T14:09:14Z] [INFO] ✅ Successful tasks: 7/7
[2026-05-01T14:09:14Z] [INFO] ⏱️  Cycle duration: 87.35s
[2026-05-01T14:09:14Z] [INFO]    ⚠️ task: result
[2026-05-01T14:09:14Z] [INFO]    ⚠️ task: result
[2026-05-01T14:09:14Z] [INFO]    ⚠️ task: result
[2026-05-01T14:09:14Z] [INFO]    ⚠️ task: result
[2026-05-01T14:09:14Z] [INFO]    ⚠️ task: result
[2026-05-01T14:09:14Z] [INFO]    ⚠️ task: result
[2026-05-01T14:09:14Z] [INFO]    ⚠️ task: result
[2026-05-01T14:09:14Z] [HEADER] ================================================================================
[2026-05-01T14:09:14Z] [INFO] 🔄 OVERNIGHT RESEARCH PIPELINE - CYCLE #197
[2026-05-01T14:09:14Z] [INFO] ================================================================================
[2026-05-01T14:09:14Z] [HEADER] ============================================================
[2026-05-01T14:09:14Z] [INFO] 🌙 STARTING OVERNIGHT RESEARCH CYCLE #197
[2026-05-01T14:09:14Z] [INFO] 🔍 Running overnight research protocol (web scraping + cross-symbol analysis)...
[2026-05-01T14:09:14Z] [INFO] 📊 Cycle duration: 0.24s, Files generated: 1
[2026-05-01T14:09:14Z] [WARNING] ⚠️ Database not initialized for cycle counting
[2026-05-01T14:09:14Z] [INFO] 💾 Database updated with cycle results
[2026-05-01T14:09:14Z] [SECTION] ============================================================
[2026-05-01T14:09:14Z] [INFO] 🔮 PHASE: HIDDEN LAYERING DETECTION
[2026-05-01T14:09:14Z] [INFO] 🔗 Hidden layering detection complete. Connections identified: 2
[2026-05-01T14:09:14Z] [SECTION] ============================================================
[2026-05-01T14:09:14Z] [INFO] 🔬 PHASE: DOMAIN CORRELATION ANALYSIS
[2026-05-01T14:09:14Z] [INFO] 📊 Domain correlation matrices created: 2
[2026-05-01T14:09:14Z] [SECTION] ============================================================
[2026-05-01T14:09:14Z] [INFO] 🖼️  PHASE: IMAGE-SEED ANALYSIS
[2026-05-01T14:09:14Z] [INFO] 📂 Image seed analysis bootstrapping from 0 images...
[2026-05-01T14:09:14Z] [SECTION] ============================================================
[2026-05-01T14:09:14Z] [INFO] 📤 PHASE: PUSH COMPONENTS TO TOLARIA
[2026-05-01T14:09:15Z] [INFO] 📦 Components pushed to Tolaria: 5
[2026-05-01T14:09:15Z] [SECTION] ============================================================
[2026-05-01T14:09:15Z] [INFO] 🧩 PHASE: COMPOSER - DOMAIN INTEGRATION SYNTHESIS
[2026-05-01T14:09:37Z] [INFO] 🎨 Domain integrations synthesized: 0
[2026-05-01T14:09:37Z] [SECTION] ============================================================
[2026-05-01T14:09:37Z] [INFO] 🚀 PHASE: ADVANCED OVERNIGHT LOOP
[2026-05-01T14:10:42Z] [INFO] 🔬 Advanced loop completed cycles: 0
[2026-05-01T14:10:42Z] [WARNING] ⚠️  Git commit skipped or failed (git not initialized?): Command '['git', '-C', '/home/avalonas/.hermes/gematria/unified_overnight_research', 'add', '.']' returned non-zero exit status 128.
[2026-05-01T14:10:42Z] [INFO] 
📊 CYCLE #197 SUMMARY
[2026-05-01T14:10:42Z] [INFO] ✅ Successful tasks: 7/7
[2026-05-01T14:10:42Z] [INFO] ⏱️  Cycle duration: 88.15s
[2026-05-01T14:10:42Z] [INFO]    ⚠️ task: result
[2026-05-01T14:10:42Z] [INFO]    ⚠️ task: result
[2026-05-01T14:10:42Z] [INFO]    ⚠️ task: result
[2026-05-01T14:10:42Z] [INFO]    ⚠️ task: result
[2026-05-01T14:10:42Z] [INFO]    ⚠️ task: result
[2026-05-01T14:10:42Z] [INFO]    ⚠️ task: result
[2026-05-01T14:10:42Z] [INFO]    ⚠️ task: result
[2026-05-01T14:10:42Z] [HEADER] ================================================================================
[2026-05-01T14:10:42Z] [INFO] 🔄 OVERNIGHT RESEARCH PIPELINE - CYCLE #198
[2026-05-01T14:10:42Z] [INFO] ================================================================================
[2026-05-01T14:10:42Z] [HEADER] ============================================================
[2026-05-01T14:10:42Z] [INFO] 🌙 STARTING OVERNIGHT RESEARCH CYCLE #198
[2026-05-01T14:10:42Z] [INFO] 🔍 Running overnight research protocol (web scraping + cross-symbol analysis)...
[2026-05-01T14:10:42Z] [INFO] 📊 Cycle duration: 0.21s, Files generated: 1
[2026-05-01T14:10:42Z] [WARNING] ⚠️ Database not initialized for cycle counting
[2026-05-01T14:10:42Z] [INFO] 💾 Database updated with cycle results
[2026-05-01T14:10:42Z] [SECTION] ============================================================
[2026-05-01T14:10:42Z] [INFO] 🔮 PHASE: HIDDEN LAYERING DETECTION
[2026-05-01T14:10:42Z] [INFO] 🔗 Hidden layering detection complete. Connections identified: 2
[2026-05-01T14:10:42Z] [SECTION] ============================================================
[2026-05-01T14:10:42Z] [INFO] 🔬 PHASE: DOMAIN CORRELATION ANALYSIS
[2026-05-01T14:10:42Z] [INFO] 📊 Domain correlation matrices created: 2
[2026-05-01T14:10:42Z] [SECTION] ============================================================
[2026-05-01T14:10:42Z] [INFO] 🖼️  PHASE: IMAGE-SEED ANALYSIS
[2026-05-01T14:10:42Z] [INFO] 📂 Image seed analysis bootstrapping from 0 images...
[2026-05-01T14:10:43Z] [SECTION] ============================================================
[2026-05-01T14:10:43Z] [INFO] 📤 PHASE: PUSH COMPONENTS TO TOLARIA
[2026-05-01T14:10:43Z] [INFO] 📦 Components pushed to Tolaria: 5
[2026-05-01T14:10:43Z] [SECTION] ============================================================
[2026-05-01T14:10:43Z] [INFO] 🧩 PHASE: COMPOSER - DOMAIN INTEGRATION SYNTHESIS
[2026-05-01T14:11:05Z] [INFO] 🎨 Domain integrations synthesized: 0
[2026-05-01T14:11:05Z] [SECTION] ============================================================
[2026-05-01T14:11:05Z] [INFO] 🚀 PHASE: ADVANCED OVERNIGHT LOOP
[2026-05-01T14:12:11Z] [INFO] 🔬 Advanced loop completed cycles: 0
[2026-05-01T14:12:11Z] [WARNING] ⚠️  Git commit skipped or failed (git not initialized?): Command '['git', '-C', '/home/avalonas/.hermes/gematria/unified_overnight_research', 'add', '.']' returned non-zero exit status 128.
[2026-05-01T14:12:11Z] [INFO] 
📊 CYCLE #198 SUMMARY
[2026-05-01T14:12:11Z] [INFO] ✅ Successful tasks: 7/7
[2026-05-01T14:12:11Z] [INFO] ⏱️  Cycle duration: 88.77s
[2026-05-01T14:12:11Z] [INFO]    ⚠️ task: result
[2026-05-01T14:12:11Z] [INFO]    ⚠️ task: result
[2026-05-01T14:12:11Z] [INFO]    ⚠️ task: result
[2026-05-01T14:12:11Z] [INFO]    ⚠️ task: result
[2026-05-01T14:12:11Z] [INFO]    ⚠️ task: result
[2026-05-01T14:12:11Z] [INFO]    ⚠️ task: result
[2026-05-01T14:12:11Z] [INFO]    ⚠️ task: result
[2026-05-01T14:12:11Z] [HEADER] ================================================================================
[2026-05-01T14:12:11Z] [INFO] 🔄 OVERNIGHT RESEARCH PIPELINE - CYCLE #199
[2026-05-01T14:12:11Z] [INFO] ================================================================================
[2026-05-01T14:12:11Z] [HEADER] ============================================================
[2026-05-01T14:12:11Z] [INFO] 🌙 STARTING OVERNIGHT RESEARCH CYCLE #199
[2026-05-01T14:12:11Z] [INFO] 🔍 Running overnight research protocol (web scraping + cross-symbol analysis)...
[2026-05-01T14:12:11Z] [INFO] 📊 Cycle duration: 0.26s, Files generated: 1
[2026-05-01T14:12:11Z] [WARNING] ⚠️ Database not initialized for cycle counting
[2026-05-01T14:12:11Z] [INFO] 💾 Database updated with cycle results
[2026-05-01T14:12:11Z] [SECTION] ============================================================
[2026-05-01T14:12:11Z] [INFO] 🔮 PHASE: HIDDEN LAYERING DETECTION
[2026-05-01T14:12:11Z] [INFO] 🔗 Hidden layering detection complete. Connections identified: 2
[2026-05-01T14:12:11Z] [SECTION] ============================================================
[2026-05-01T14:12:11Z] [INFO] 🔬 PHASE: DOMAIN CORRELATION ANALYSIS
[2026-05-01T14:12:11Z] [INFO] 📊 Domain correlation matrices created: 2
[2026-05-01T14:12:11Z] [SECTION] ============================================================
[2026-05-01T14:12:11Z] [INFO] 🖼️  PHASE: IMAGE-SEED ANALYSIS
[2026-05-01T14:12:11Z] [INFO] 📂 Image seed analysis bootstrapping from 0 images...
[2026-05-01T14:12:11Z] [SECTION] ============================================================
[2026-05-01T14:12:11Z] [INFO] 📤 PHASE: PUSH COMPONENTS TO TOLARIA
[2026-05-01T14:12:12Z] [INFO] 📦 Components pushed to Tolaria: 5
[2026-05-01T14:12:12Z] [SECTION] ============================================================
[2026-05-01T14:12:12Z] [INFO] 🧩 PHASE: COMPOSER - DOMAIN INTEGRATION SYNTHESIS
[2026-05-01T14:12:33Z] [INFO] 🎨 Domain integrations synthesized: 0
[2026-05-01T14:12:33Z] [SECTION] ============================================================
[2026-05-01T14:12:33Z] [INFO] 🚀 PHASE: ADVANCED OVERNIGHT LOOP
[2026-05-01T14:12:33Z] [INFO] 🔬 Advanced loop completed cycles: 0
[2026-05-01T14:12:34Z] [WARNING] ⚠️  Git commit skipped or failed (git not initialized?): Command '['git', '-C', '/home/avalonas/.hermes/gematria/unified_overnight_research', 'commit', '-m', '[2026-05-01T14:12:34Z] Cycle 198: Cycle 199: Web research + hidden layering detection']' returned non-zero exit status 1.
[2026-05-01T14:12:34Z] [INFO] 
📊 CYCLE #199 SUMMARY
[2026-05-01T14:12:34Z] [INFO] ✅ Successful tasks: 7/7
[2026-05-01T14:12:34Z] [INFO] ⏱️  Cycle duration: 22.88s
[2026-05-01T14:12:34Z] [INFO]    ⚠️ task: result
[2026-05-01T14:12:34Z] [INFO]    ⚠️ task: result
[2026-05-01T14:12:34Z] [INFO]    ⚠️ task: result
[2026-05-01T14:12:34Z] [INFO]    ⚠️ task: result
[2026-05-01T14:12:34Z] [INFO]    ⚠️ task: result
[2026-05-01T14:12:34Z] [INFO]    ⚠️ task: result
[2026-05-01T14:12:34Z] [INFO]    ⚠️ task: result
[2026-05-01T14:12:34Z] [HEADER] ================================================================================
[2026-05-01T14:12:34Z] [INFO] 🔄 OVERNIGHT RESEARCH PIPELINE - CYCLE #200
[2026-05-01T14:12:34Z] [INFO] ================================================================================
[2026-05-01T14:12:34Z] [HEADER] ============================================================
[2026-05-01T14:12:34Z] [INFO] 🌙 STARTING OVERNIGHT RESEARCH CYCLE #200
[2026-05-01T14:12:34Z] [INFO] 🔍 Running overnight research protocol (web scraping + cross-symbol analysis)...
[2026-05-01T14:12:34Z] [INFO] 📊 Cycle duration: 0.16s, Files generated: 1
[2026-05-01T14:12:34Z] [WARNING] ⚠️ Database not initialized for cycle counting
[2026-05-01T14:12:34Z] [INFO] 💾 Database updated with cycle results
[2026-05-01T14:12:34Z] [SECTION] ============================================================
[2026-05-01T14:12:34Z] [INFO] 🔮 PHASE: HIDDEN LAYERING DETECTION
[2026-05-01T14:12:34Z] [INFO] 🔗 Hidden layering detection complete. Connections identified: 2
[2026-05-01T14:12:34Z] [SECTION] ============================================================
[2026-05-01T14:12:34Z] [INFO] 🔬 PHASE: DOMAIN CORRELATION ANALYSIS
[2026-05-01T14:12:34Z] [INFO] 📊 Domain correlation matrices created: 2
[2026-05-01T14:12:34Z] [SECTION] ============================================================
[2026-05-01T14:12:34Z] [INFO] 🖼️  PHASE: IMAGE-SEED ANALYSIS
[2026-05-01T14:12:34Z] [INFO] 📂 Image seed analysis bootstrapping from 0 images...
[2026-05-01T14:12:34Z] [SECTION] ============================================================
[2026-05-01T14:12:34Z] [INFO] 📤 PHASE: PUSH COMPONENTS TO TOLARIA
[2026-05-01T14:12:35Z] [INFO] 📦 Components pushed to Tolaria: 5
[2026-05-01T14:12:35Z] [SECTION] ============================================================
[2026-05-01T14:12:35Z] [INFO] 🧩 PHASE: COMPOSER - DOMAIN INTEGRATION SYNTHESIS
[2026-05-01T14:12:58Z] [INFO] 🎨 Domain integrations synthesized: 0
[2026-05-01T14:12:58Z] [SECTION] ============================================================
[2026-05-01T14:12:58Z] [INFO] 🚀 PHASE: ADVANCED OVERNIGHT LOOP
[2026-05-01T14:14:03Z] [INFO] 🔬 Advanced loop completed cycles: 0
[2026-05-01T14:14:03Z] [WARNING] ⚠️  Git commit skipped or failed (git not initialized?): Command '['git', '-C', '/home/avalonas/.hermes/gematria/unified_overnight_research', 'commit', '-m', '[2026-05-01T14:14:03Z] Cycle 199: Cycle 200: Web research + hidden layering detection']' returned non-zero exit status 128.
[2026-05-01T14:14:03Z] [INFO] 
📊 CYCLE #200 SUMMARY
[2026-05-01T14:14:03Z] [INFO] ✅ Successful tasks: 7/7
[2026-05-01T14:14:03Z] [INFO] ⏱️  Cycle duration: 89.52s
[2026-05-01T14:14:03Z] [INFO]    ⚠️ task: result
[2026-05-01T14:14:03Z] [INFO]    ⚠️ task: result
[2026-05-01T14:14:03Z] [INFO]    ⚠️ task: result
[2026-05-01T14:14:03Z] [INFO]    ⚠️ task: result
[2026-05-01T14:14:03Z] [INFO]    ⚠️ task: result
[2026-05-01T14:14:03Z] [INFO]    ⚠️ task: result
[2026-05-01T14:14:03Z] [INFO]    ⚠️ task: result
[2026-05-01T14:14:03Z] [HEADER] ================================================================================
[2026-05-01T14:14:03Z] [INFO] 🔄 OVERNIGHT RESEARCH PIPELINE - CYCLE #201
[2026-05-01T14:14:03Z] [INFO] ================================================================================
[2026-05-01T14:14:03Z] [HEADER] ============================================================
[2026-05-01T14:14:03Z] [INFO] 🌙 STARTING OVERNIGHT RESEARCH CYCLE #201
[2026-05-01T14:14:03Z] [INFO] 🔍 Running overnight research protocol (web scraping + cross-symbol analysis)...
[2026-05-01T14:14:04Z] [INFO] 📊 Cycle duration: 0.36s, Files generated: 1
[2026-05-01T14:14:04Z] [WARNING] ⚠️ Database not initialized for cycle counting
[2026-05-01T14:14:04Z] [INFO] 💾 Database updated with cycle results
[2026-05-01T14:14:04Z] [SECTION] ============================================================
[2026-05-01T14:14:04Z] [INFO] 🔮 PHASE: HIDDEN LAYERING DETECTION
[2026-05-01T14:14:04Z] [INFO] 🔗 Hidden layering detection complete. Connections identified: 2
[2026-05-01T14:14:04Z] [SECTION] ============================================================
[2026-05-01T14:14:04Z] [INFO] 🔬 PHASE: DOMAIN CORRELATION ANALYSIS
[2026-05-01T14:14:04Z] [INFO] 📊 Domain correlation matrices created: 2
[2026-05-01T14:14:04Z] [SECTION] ============================================================
[2026-05-01T14:14:04Z] [INFO] 🖼️  PHASE: IMAGE-SEED ANALYSIS
[2026-05-01T14:14:04Z] [INFO] 📂 Image seed analysis bootstrapping from 0 images...
[2026-05-01T14:14:04Z] [SECTION] ============================================================
[2026-05-01T14:14:04Z] [INFO] 📤 PHASE: PUSH COMPONENTS TO TOLARIA
[2026-05-01T14:14:05Z] [INFO] 📦 Components pushed to Tolaria: 5
[2026-05-01T14:14:05Z] [SECTION] ============================================================
[2026-05-01T14:14:05Z] [INFO] 🧩 PHASE: COMPOSER - DOMAIN INTEGRATION SYNTHESIS
[2026-05-01T14:14:26Z] [INFO] 🎨 Domain integrations synthesized: 0
[2026-05-01T14:14:26Z] [SECTION] ============================================================
[2026-05-01T14:14:26Z] [INFO] 🚀 PHASE: ADVANCED OVERNIGHT LOOP
[2026-05-01T14:15:32Z] [INFO] 🔬 Advanced loop completed cycles: 0
[2026-05-01T14:15:32Z] [WARNING] ⚠️  Git commit skipped or failed (git not initialized?): Command '['git', '-C', '/home/avalonas/.hermes/gematria/unified_overnight_research', 'add', '.']' returned non-zero exit status 128.
[2026-05-01T14:15:32Z] [INFO] 
📊 CYCLE #201 SUMMARY
[2026-05-01T14:15:32Z] [INFO] ✅ Successful tasks: 7/7
[2026-05-01T14:15:32Z] [INFO] ⏱️  Cycle duration: 88.60s
[2026-05-01T14:15:32Z] [INFO]    ⚠️ task: result
[2026-05-01T14:15:32Z] [INFO]    ⚠️ task: result
[2026-05-01T14:15:32Z] [INFO]    ⚠️ task: result
[2026-05-01T14:15:32Z] [INFO]    ⚠️ task: result
[2026-05-01T14:15:32Z] [INFO]    ⚠️ task: result
[2026-05-01T14:15:32Z] [INFO]    ⚠️ task: result
[2026-05-01T14:15:32Z] [INFO]    ⚠️ task: result
[2026-05-01T14:15:32Z] [HEADER] ================================================================================
[2026-05-01T14:15:32Z] [INFO] 🔄 OVERNIGHT RESEARCH PIPELINE - CYCLE #202
[2026-05-01T14:15:32Z] [INFO] ================================================================================
[2026-05-01T14:15:32Z] [HEADER] ============================================================
[2026-05-01T14:15:32Z] [INFO] 🌙 STARTING OVERNIGHT RESEARCH CYCLE #202
[2026-05-01T14:15:32Z] [INFO] 🔍 Running overnight research protocol (web scraping + cross-symbol analysis)...
[2026-05-01T14:15:32Z] [INFO] 📊 Cycle duration: 0.35s, Files generated: 1
[2026-05-01T14:15:32Z] [WARNING] ⚠️ Database not initialized for cycle counting
[2026-05-01T14:15:32Z] [INFO] 💾 Database updated with cycle results
[2026-05-01T14:15:32Z] [SECTION] ============================================================
[2026-05-01T14:15:32Z] [INFO] 🔮 PHASE: HIDDEN LAYERING DETECTION
[2026-05-01T14:15:32Z] [INFO] 🔗 Hidden layering detection complete. Connections identified: 2
[2026-05-01T14:15:32Z] [SECTION] ============================================================
[2026-05-01T14:15:32Z] [INFO] 🔬 PHASE: DOMAIN CORRELATION ANALYSIS
[2026-05-01T14:15:32Z] [INFO] 📊 Domain correlation matrices created: 2
[2026-05-01T14:15:32Z] [SECTION] ============================================================
[2026-05-01T14:15:32Z] [INFO] 🖼️  PHASE: IMAGE-SEED ANALYSIS
[2026-05-01T14:15:32Z] [INFO] 📂 Image seed analysis bootstrapping from 0 images...
[2026-05-01T14:15:32Z] [SECTION] ============================================================
[2026-05-01T14:15:32Z] [INFO] 📤 PHASE: PUSH COMPONENTS TO TOLARIA
[2026-05-01T14:15:33Z] [INFO] 📦 Components pushed to Tolaria: 5
[2026-05-01T14:15:33Z] [SECTION] ============================================================
[2026-05-01T14:15:33Z] [INFO] 🧩 PHASE: COMPOSER - DOMAIN INTEGRATION SYNTHESIS
[2026-05-01T14:15:55Z] [INFO] 🎨 Domain integrations synthesized: 0
[2026-05-01T14:15:55Z] [SECTION] ============================================================
[2026-05-01T14:15:55Z] [INFO] 🚀 PHASE: ADVANCED OVERNIGHT LOOP
[2026-05-01T14:15:55Z] [INFO] 🔬 Advanced loop completed cycles: 0
[2026-05-01T14:15:55Z] [WARNING] ⚠️  Git commit skipped or failed (git not initialized?): Command '['git', '-C', '/home/avalonas/.hermes/gematria/unified_overnight_research', 'add', '.']' returned non-zero exit status 128.
[2026-05-01T14:15:55Z] [INFO] 
📊 CYCLE #202 SUMMARY
[2026-05-01T14:15:55Z] [INFO] ✅ Successful tasks: 7/7
[2026-05-01T14:15:55Z] [INFO] ⏱️  Cycle duration: 22.93s
[2026-05-01T14:15:55Z] [INFO]    ⚠️ task: result
[2026-05-01T14:15:55Z] [INFO]    ⚠️ task: result
[2026-05-01T14:15:55Z] [INFO]    ⚠️ task: result
[2026-05-01T14:15:55Z] [INFO]    ⚠️ task: result
[2026-05-01T14:15:55Z] [INFO]    ⚠️ task: result
[2026-05-01T14:15:55Z] [INFO]    ⚠️ task: result
[2026-05-01T14:15:55Z] [INFO]    ⚠️ task: result
[2026-05-01T14:15:55Z] [HEADER] ================================================================================
[2026-05-01T14:15:55Z] [INFO] 🔄 OVERNIGHT RESEARCH PIPELINE - CYCLE #203
[2026-05-01T14:15:55Z] [INFO] ================================================================================
[2026-05-01T14:15:55Z] [HEADER] ============================================================
[2026-05-01T14:15:55Z] [INFO] 🌙 STARTING OVERNIGHT RESEARCH CYCLE #203
[2026-05-01T14:15:55Z] [INFO] 🔍 Running overnight research protocol (web scraping + cross-symbol analysis)...
[2026-05-01T14:15:55Z] [INFO] 📊 Cycle duration: 0.17s, Files generated: 1
[2026-05-01T14:15:55Z] [WARNING] ⚠️ Database not initialized for cycle counting
[2026-05-01T14:15:55Z] [INFO] 💾 Database updated with cycle results
[2026-05-01T14:15:55Z] [SECTION] ============================================================
[2026-05-01T14:15:55Z] [INFO] 🔮 PHASE: HIDDEN LAYERING DETECTION
[2026-05-01T14:15:55Z] [INFO] 🔗 Hidden layering detection complete. Connections identified: 2
[2026-05-01T14:15:55Z] [SECTION] ============================================================
[2026-05-01T14:15:55Z] [INFO] 🔬 PHASE: DOMAIN CORRELATION ANALYSIS
[2026-05-01T14:15:55Z] [INFO] 📊 Domain correlation matrices created: 2
[2026-05-01T14:15:55Z] [SECTION] ============================================================
[2026-05-01T14:15:55Z] [INFO] 🖼️  PHASE: IMAGE-SEED ANALYSIS
[2026-05-01T14:15:55Z] [INFO] 📂 Image seed analysis bootstrapping from 0 images...
[2026-05-01T14:15:55Z] [SECTION] ============================================================
[2026-05-01T14:15:55Z] [INFO] 📤 PHASE: PUSH COMPONENTS TO TOLARIA
[2026-05-01T14:15:56Z] [INFO] 📦 Components pushed to Tolaria: 5
[2026-05-01T14:15:56Z] [SECTION] ============================================================
[2026-05-01T14:15:56Z] [INFO] 🧩 PHASE: COMPOSER - DOMAIN INTEGRATION SYNTHESIS
[2026-05-01T14:16:19Z] [INFO] 🎨 Domain integrations synthesized: 0
[2026-05-01T14:16:19Z] [SECTION] ============================================================
[2026-05-01T14:16:19Z] [INFO] 🚀 PHASE: ADVANCED OVERNIGHT LOOP
[2026-05-01T14:17:25Z] [INFO] 🔬 Advanced loop completed cycles: 0
[2026-05-01T14:17:25Z] [WARNING] ⚠️  Git commit skipped or failed (git not initialized?): Command '['git', '-C', '/home/avalonas/.hermes/gematria/unified_overnight_research', 'commit', '-m', '[2026-05-01T14:17:25Z] Cycle 202: Cycle 203: Web research + hidden layering detection']' returned non-zero exit status 1.
[2026-05-01T14:17:25Z] [INFO] 
📊 CYCLE #203 SUMMARY
[2026-05-01T14:17:25Z] [INFO] ✅ Successful tasks: 7/7
[2026-05-01T14:17:25Z] [INFO] ⏱️  Cycle duration: 90.70s
[2026-05-01T14:17:25Z] [INFO]    ⚠️ task: result
[2026-05-01T14:17:25Z] [INFO]    ⚠️ task: result
[2026-05-01T14:17:25Z] [INFO]    ⚠️ task: result
[2026-05-01T14:17:25Z] [INFO]    ⚠️ task: result
[2026-05-01T14:17:25Z] [INFO]    ⚠️ task: result
[2026-05-01T14:17:25Z] [INFO]    ⚠️ task: result
[2026-05-01T14:17:25Z] [INFO]    ⚠️ task: result
[2026-05-01T14:17:25Z] [HEADER] ================================================================================
[2026-05-01T14:17:25Z] [INFO] 🔄 OVERNIGHT RESEARCH PIPELINE - CYCLE #204
[2026-05-01T14:17:25Z] [INFO] ================================================================================
[2026-05-01T14:17:25Z] [HEADER] ============================================================
[2026-05-01T14:17:25Z] [INFO] 🌙 STARTING OVERNIGHT RESEARCH CYCLE #204
[2026-05-01T14:17:25Z] [INFO] 🔍 Running overnight research protocol (web scraping + cross-symbol analysis)...
[2026-05-01T14:17:26Z] [INFO] 📊 Cycle duration: 0.17s, Files generated: 1
[2026-05-01T14:17:26Z] [WARNING] ⚠️ Database not initialized for cycle counting
[2026-05-01T14:17:26Z] [INFO] 💾 Database updated with cycle results
[2026-05-01T14:17:26Z] [SECTION] ============================================================
[2026-05-01T14:17:26Z] [INFO] 🔮 PHASE: HIDDEN LAYERING DETECTION
[2026-05-01T14:17:26Z] [INFO] 🔗 Hidden layering detection complete. Connections identified: 2
[2026-05-01T14:17:26Z] [SECTION] ============================================================
[2026-05-01T14:17:26Z] [INFO] 🔬 PHASE: DOMAIN CORRELATION ANALYSIS
[2026-05-01T14:17:26Z] [INFO] 📊 Domain correlation matrices created: 2
[2026-05-01T14:17:26Z] [SECTION] ============================================================
[2026-05-01T14:17:26Z] [INFO] 🖼️  PHASE: IMAGE-SEED ANALYSIS
[2026-05-01T14:17:26Z] [INFO] 📂 Image seed analysis bootstrapping from 0 images...
[2026-05-01T14:17:26Z] [SECTION] ============================================================
[2026-05-01T14:17:26Z] [INFO] 📤 PHASE: PUSH COMPONENTS TO TOLARIA
[2026-05-01T14:17:27Z] [INFO] 📦 Components pushed to Tolaria: 5
[2026-05-01T14:17:27Z] [SECTION] ============================================================
[2026-05-01T14:17:27Z] [INFO] 🧩 PHASE: COMPOSER - DOMAIN INTEGRATION SYNTHESIS
[2026-05-01T14:17:48Z] [INFO] 🎨 Domain integrations synthesized: 0
[2026-05-01T14:17:48Z] [SECTION] ============================================================
[2026-05-01T14:17:48Z] [INFO] 🚀 PHASE: ADVANCED OVERNIGHT LOOP
[2026-05-01T14:18:53Z] [INFO] 🔬 Advanced loop completed cycles: 0
[2026-05-01T14:18:54Z] [WARNING] ⚠️  Git commit skipped or failed (git not initialized?): Command '['git', '-C', '/home/avalonas/.hermes/gematria/unified_overnight_research', 'commit', '-m', '[2026-05-01T14:18:53Z] Cycle 203: Cycle 204: Web research + hidden layering detection']' returned non-zero exit status 128.
[2026-05-01T14:18:54Z] [INFO] 
📊 CYCLE #204 SUMMARY
[2026-05-01T14:18:54Z] [INFO] ✅ Successful tasks: 7/7
[2026-05-01T14:18:54Z] [INFO] ⏱️  Cycle duration: 88.03s
[2026-05-01T14:18:54Z] [INFO]    ⚠️ task: result
[2026-05-01T14:18:54Z] [INFO]    ⚠️ task: result
[2026-05-01T14:18:54Z] [INFO]    ⚠️ task: result
[2026-05-01T14:18:54Z] [INFO]    ⚠️ task: result
[2026-05-01T14:18:54Z] [INFO]    ⚠️ task: result
[2026-05-01T14:18:54Z] [INFO]    ⚠️ task: result
[2026-05-01T14:18:54Z] [INFO]    ⚠️ task: result
[2026-05-01T14:18:54Z] [HEADER] ================================================================================
[2026-05-01T14:18:54Z] [INFO] 🔄 OVERNIGHT RESEARCH PIPELINE - CYCLE #205
[2026-05-01T14:18:54Z] [INFO] ================================================================================
[2026-05-01T14:18:54Z] [HEADER] ============================================================
[2026-05-01T14:18:54Z] [INFO] 🌙 STARTING OVERNIGHT RESEARCH CYCLE #205
[2026-05-01T14:18:54Z] [INFO] 🔍 Running overnight research protocol (web scraping + cross-symbol analysis)...
[2026-05-01T14:18:54Z] [INFO] 📊 Cycle duration: 0.23s, Files generated: 1
[2026-05-01T14:18:54Z] [WARNING] ⚠️ Database not initialized for cycle counting
[2026-05-01T14:18:54Z] [INFO] 💾 Database updated with cycle results
[2026-05-01T14:18:54Z] [SECTION] ============================================================
[2026-05-01T14:18:54Z] [INFO] 🔮 PHASE: HIDDEN LAYERING DETECTION
[2026-05-01T14:18:54Z] [INFO] 🔗 Hidden layering detection complete. Connections identified: 2
[2026-05-01T14:18:54Z] [SECTION] ============================================================
[2026-05-01T14:18:54Z] [INFO] 🔬 PHASE: DOMAIN CORRELATION ANALYSIS
[2026-05-01T14:18:54Z] [INFO] 📊 Domain correlation matrices created: 2
[2026-05-01T14:18:54Z] [SECTION] ============================================================
[2026-05-01T14:18:54Z] [INFO] 🖼️  PHASE: IMAGE-SEED ANALYSIS
[2026-05-01T14:18:54Z] [INFO] 📂 Image seed analysis bootstrapping from 0 images...
[2026-05-01T14:18:54Z] [SECTION] ============================================================
[2026-05-01T14:18:54Z] [INFO] 📤 PHASE: PUSH COMPONENTS TO TOLARIA
[2026-05-01T14:18:55Z] [INFO] 📦 Components pushed to Tolaria: 5
[2026-05-01T14:18:55Z] [SECTION] ============================================================
[2026-05-01T14:18:55Z] [INFO] 🧩 PHASE: COMPOSER - DOMAIN INTEGRATION SYNTHESIS
[2026-05-01T14:19:16Z] [INFO] 🎨 Domain integrations synthesized: 0
[2026-05-01T14:19:16Z] [SECTION] ============================================================
[2026-05-01T14:19:16Z] [INFO] 🚀 PHASE: ADVANCED OVERNIGHT LOOP
[2026-05-01T14:20:22Z] [INFO] 🔬 Advanced loop completed cycles: 0
[2026-05-01T14:20:22Z] [WARNING] ⚠️  Git commit skipped or failed (git not initialized?): Command '['git', '-C', '/home/avalonas/.hermes/gematria/unified_overnight_research', 'add', '.']' returned non-zero exit status 128.
[2026-05-01T14:20:22Z] [INFO] 
📊 CYCLE #205 SUMMARY
[2026-05-01T14:20:22Z] [INFO] ✅ Successful tasks: 7/7
[2026-05-01T14:20:22Z] [INFO] ⏱️  Cycle duration: 88.07s
[2026-05-01T14:20:22Z] [INFO]    ⚠️ task: result
[2026-05-01T14:20:22Z] [INFO]    ⚠️ task: result
[2026-05-01T14:20:22Z] [INFO]    ⚠️ task: result
[2026-05-01T14:20:22Z] [INFO]    ⚠️ task: result
[2026-05-01T14:20:22Z] [INFO]    ⚠️ task: result
[2026-05-01T14:20:22Z] [INFO]    ⚠️ task: result
[2026-05-01T14:20:22Z] [INFO]    ⚠️ task: result
[2026-05-01T14:20:22Z] [HEADER] ================================================================================
[2026-05-01T14:20:22Z] [INFO] 🔄 OVERNIGHT RESEARCH PIPELINE - CYCLE #206
[2026-05-01T14:20:22Z] [INFO] ================================================================================
[2026-05-01T14:20:22Z] [HEADER] ============================================================
[2026-05-01T14:20:22Z] [INFO] 🌙 STARTING OVERNIGHT RESEARCH CYCLE #206
[2026-05-01T14:20:22Z] [INFO] 🔍 Running overnight research protocol (web scraping + cross-symbol analysis)...
[2026-05-01T14:20:22Z] [INFO] 📊 Cycle duration: 0.18s, Files generated: 1
[2026-05-01T14:20:22Z] [WARNING] ⚠️ Database not initialized for cycle counting
[2026-05-01T14:20:22Z] [INFO] 💾 Database updated with cycle results
[2026-05-01T14:20:22Z] [SECTION] ============================================================
[2026-05-01T14:20:22Z] [INFO] 🔮 PHASE: HIDDEN LAYERING DETECTION
[2026-05-01T14:20:22Z] [INFO] 🔗 Hidden layering detection complete. Connections identified: 2
[2026-05-01T14:20:22Z] [SECTION] ============================================================
[2026-05-01T14:20:22Z] [INFO] 🔬 PHASE: DOMAIN CORRELATION ANALYSIS
[2026-05-01T14:20:22Z] [INFO] 📊 Domain correlation matrices created: 2
[2026-05-01T14:20:22Z] [SECTION] ============================================================
[2026-05-01T14:20:22Z] [INFO] 🖼️  PHASE: IMAGE-SEED ANALYSIS
[2026-05-01T14:20:22Z] [INFO] 📂 Image seed analysis bootstrapping from 0 images...
[2026-05-01T14:20:22Z] [SECTION] ============================================================
[2026-05-01T14:20:22Z] [INFO] 📤 PHASE: PUSH COMPONENTS TO TOLARIA
[2026-05-01T14:20:23Z] [INFO] 📦 Components pushed to Tolaria: 5
[2026-05-01T14:20:23Z] [SECTION] ============================================================
[2026-05-01T14:20:23Z] [INFO] 🧩 PHASE: COMPOSER - DOMAIN INTEGRATION SYNTHESIS
[2026-05-01T14:20:44Z] [INFO] 🎨 Domain integrations synthesized: 0
[2026-05-01T14:20:44Z] [SECTION] ============================================================
[2026-05-01T14:20:44Z] [INFO] 🚀 PHASE: ADVANCED OVERNIGHT LOOP
[2026-05-01T14:21:50Z] [INFO] 🔬 Advanced loop completed cycles: 0
[2026-05-01T14:21:50Z] [WARNING] ⚠️  Git commit skipped or failed (git not initialized?): Command '['git', '-C', '/home/avalonas/.hermes/gematria/unified_overnight_research', 'add', '.']' returned non-zero exit status 128.
[2026-05-01T14:21:50Z] [INFO] 
📊 CYCLE #206 SUMMARY
[2026-05-01T14:21:50Z] [INFO] ✅ Successful tasks: 7/7
[2026-05-01T14:21:50Z] [INFO] ⏱️  Cycle duration: 88.02s
[2026-05-01T14:21:50Z] [INFO]    ⚠️ task: result
[2026-05-01T14:21:50Z] [INFO]    ⚠️ task: result
[2026-05-01T14:21:50Z] [INFO]    ⚠️ task: result
[2026-05-01T14:21:50Z] [INFO]    ⚠️ task: result
[2026-05-01T14:21:50Z] [INFO]    ⚠️ task: result
[2026-05-01T14:21:50Z] [INFO]    ⚠️ task: result
[2026-05-01T14:21:50Z] [INFO]    ⚠️ task: result
[2026-05-01T14:21:50Z] [HEADER] ================================================================================
[2026-05-01T14:21:50Z] [INFO] 🔄 OVERNIGHT RESEARCH PIPELINE - CYCLE #207
[2026-05-01T14:21:50Z] [INFO] ================================================================================
[2026-05-01T14:21:50Z] [HEADER] ============================================================
[2026-05-01T14:21:50Z] [INFO] 🌙 STARTING OVERNIGHT RESEARCH CYCLE #207
[2026-05-01T14:21:50Z] [INFO] 🔍 Running overnight research protocol (web scraping + cross-symbol analysis)...
[2026-05-01T14:21:50Z] [INFO] 📊 Cycle duration: 0.20s, Files generated: 1
[2026-05-01T14:21:50Z] [WARNING] ⚠️ Database not initialized for cycle counting
[2026-05-01T14:21:50Z] [INFO] 💾 Database updated with cycle results
[2026-05-01T14:21:50Z] [SECTION] ============================================================
[2026-05-01T14:21:50Z] [INFO] 🔮 PHASE: HIDDEN LAYERING DETECTION
[2026-05-01T14:21:50Z] [INFO] 🔗 Hidden layering detection complete. Connections identified: 2
[2026-05-01T14:21:50Z] [SECTION] ============================================================
[2026-05-01T14:21:50Z] [INFO] 🔬 PHASE: DOMAIN CORRELATION ANALYSIS
[2026-05-01T14:21:50Z] [INFO] 📊 Domain correlation matrices created: 2
[2026-05-01T14:21:50Z] [SECTION] ============================================================
[2026-05-01T14:21:50Z] [INFO] 🖼️  PHASE: IMAGE-SEED ANALYSIS
[2026-05-01T14:21:50Z] [INFO] 📂 Image seed analysis bootstrapping from 0 images...
[2026-05-01T14:21:50Z] [SECTION] ============================================================
[2026-05-01T14:21:50Z] [INFO] 📤 PHASE: PUSH COMPONENTS TO TOLARIA
[2026-05-01T14:21:51Z] [INFO] 📦 Components pushed to Tolaria: 5
[2026-05-01T14:21:51Z] [SECTION] ============================================================
[2026-05-01T14:21:51Z] [INFO] 🧩 PHASE: COMPOSER - DOMAIN INTEGRATION SYNTHESIS
[2026-05-01T14:22:12Z] [INFO] 🎨 Domain integrations synthesized: 0
[2026-05-01T14:22:12Z] [SECTION] ============================================================
[2026-05-01T14:22:12Z] [INFO] 🚀 PHASE: ADVANCED OVERNIGHT LOOP
[2026-05-01T14:23:14Z] [INFO] 🔬 Advanced loop completed cycles: 0
[2026-05-01T14:23:14Z] [WARNING] ⚠️  Git commit skipped or failed (git not initialized?): Command '['git', '-C', '/home/avalonas/.hermes/gematria/unified_overnight_research', 'add', '.']' returned non-zero exit status 128.
[2026-05-01T14:23:14Z] [INFO] 
📊 CYCLE #207 SUMMARY
[2026-05-01T14:23:14Z] [INFO] ✅ Successful tasks: 7/7
[2026-05-01T14:23:14Z] [INFO] ⏱️  Cycle duration: 83.97s
[2026-05-01T14:23:14Z] [INFO]    ⚠️ task: result
[2026-05-01T14:23:14Z] [INFO]    ⚠️ task: result
[2026-05-01T14:23:14Z] [INFO]    ⚠️ task: result
[2026-05-01T14:23:14Z] [INFO]    ⚠️ task: result
[2026-05-01T14:23:14Z] [INFO]    ⚠️ task: result
[2026-05-01T14:23:14Z] [INFO]    ⚠️ task: result
[2026-05-01T14:23:14Z] [INFO]    ⚠️ task: result
[2026-05-01T14:23:14Z] [HEADER] ================================================================================
[2026-05-01T14:23:14Z] [INFO] 🔄 OVERNIGHT RESEARCH PIPELINE - CYCLE #208
[2026-05-01T14:23:14Z] [INFO] ================================================================================
[2026-05-01T14:23:14Z] [HEADER] ============================================================
[2026-05-01T14:23:14Z] [INFO] 🌙 STARTING OVERNIGHT RESEARCH CYCLE #208
[2026-05-01T14:23:14Z] [INFO] 🔍 Running overnight research protocol (web scraping + cross-symbol analysis)...
[2026-05-01T14:23:14Z] [INFO] 📊 Cycle duration: 0.16s, Files generated: 1
[2026-05-01T14:23:14Z] [WARNING] ⚠️ Database not initialized for cycle counting
[2026-05-01T14:23:14Z] [INFO] 💾 Database updated with cycle results
[2026-05-01T14:23:14Z] [SECTION] ============================================================
[2026-05-01T14:23:14Z] [INFO] 🔮 PHASE: HIDDEN LAYERING DETECTION
[2026-05-01T14:23:14Z] [INFO] 🔗 Hidden layering detection complete. Connections identified: 2
[2026-05-01T14:23:14Z] [SECTION] ============================================================
[2026-05-01T14:23:14Z] [INFO] 🔬 PHASE: DOMAIN CORRELATION ANALYSIS
[2026-05-01T14:23:14Z] [INFO] 📊 Domain correlation matrices created: 2
[2026-05-01T14:23:14Z] [SECTION] ============================================================
[2026-05-01T14:23:14Z] [INFO] 🖼️  PHASE: IMAGE-SEED ANALYSIS
[2026-05-01T14:23:14Z] [INFO] 📂 Image seed analysis bootstrapping from 0 images...
[2026-05-01T14:23:14Z] [SECTION] ============================================================
[2026-05-01T14:23:14Z] [INFO] 📤 PHASE: PUSH COMPONENTS TO TOLARIA
[2026-05-01T14:23:15Z] [INFO] 📦 Components pushed to Tolaria: 5
[2026-05-01T14:23:15Z] [SECTION] ============================================================
[2026-05-01T14:23:15Z] [INFO] 🧩 PHASE: COMPOSER - DOMAIN INTEGRATION SYNTHESIS
[2026-05-01T14:23:36Z] [INFO] 🎨 Domain integrations synthesized: 0
[2026-05-01T14:23:36Z] [SECTION] ============================================================
[2026-05-01T14:23:36Z] [INFO] 🚀 PHASE: ADVANCED OVERNIGHT LOOP
[2026-05-01T14:24:42Z] [INFO] 🔬 Advanced loop completed cycles: 0
[2026-05-01T14:24:42Z] [WARNING] ⚠️  Git commit skipped or failed (git not initialized?): Command '['git', '-C', '/home/avalonas/.hermes/gematria/unified_overnight_research', 'add', '.']' returned non-zero exit status 128.
[2026-05-01T14:24:42Z] [INFO] 
📊 CYCLE #208 SUMMARY
[2026-05-01T14:24:42Z] [INFO] ✅ Successful tasks: 7/7
[2026-05-01T14:24:42Z] [INFO] ⏱️  Cycle duration: 88.53s
[2026-05-01T14:24:42Z] [INFO]    ⚠️ task: result
[2026-05-01T14:24:42Z] [INFO]    ⚠️ task: result
[2026-05-01T14:24:42Z] [INFO]    ⚠️ task: result
[2026-05-01T14:24:42Z] [INFO]    ⚠️ task: result
[2026-05-01T14:24:42Z] [INFO]    ⚠️ task: result
[2026-05-01T14:24:42Z] [INFO]    ⚠️ task: result
[2026-05-01T14:24:42Z] [INFO]    ⚠️ task: result
[2026-05-01T14:24:42Z] [HEADER] ================================================================================
[2026-05-01T14:24:42Z] [INFO] 🔄 OVERNIGHT RESEARCH PIPELINE - CYCLE #209
[2026-05-01T14:24:42Z] [INFO] ================================================================================
[2026-05-01T14:24:42Z] [HEADER] ============================================================
[2026-05-01T14:24:42Z] [INFO] 🌙 STARTING OVERNIGHT RESEARCH CYCLE #209
[2026-05-01T14:24:42Z] [INFO] 🔍 Running overnight research protocol (web scraping + cross-symbol analysis)...
[2026-05-01T14:24:42Z] [INFO] 📊 Cycle duration: 0.21s, Files generated: 1
[2026-05-01T14:24:42Z] [WARNING] ⚠️ Database not initialized for cycle counting
[2026-05-01T14:24:42Z] [INFO] 💾 Database updated with cycle results
[2026-05-01T14:24:42Z] [SECTION] ============================================================
[2026-05-01T14:24:42Z] [INFO] 🔮 PHASE: HIDDEN LAYERING DETECTION
[2026-05-01T14:24:42Z] [INFO] 🔗 Hidden layering detection complete. Connections identified: 2
[2026-05-01T14:24:42Z] [SECTION] ============================================================
[2026-05-01T14:24:42Z] [INFO] 🔬 PHASE: DOMAIN CORRELATION ANALYSIS
[2026-05-01T14:24:42Z] [INFO] 📊 Domain correlation matrices created: 2
[2026-05-01T14:24:42Z] [SECTION] ============================================================
[2026-05-01T14:24:42Z] [INFO] 🖼️  PHASE: IMAGE-SEED ANALYSIS
[2026-05-01T14:24:42Z] [INFO] 📂 Image seed analysis bootstrapping from 0 images...
[2026-05-01T14:24:42Z] [SECTION] ============================================================
[2026-05-01T14:24:42Z] [INFO] 📤 PHASE: PUSH COMPONENTS TO TOLARIA
[2026-05-01T14:24:44Z] [INFO] 📦 Components pushed to Tolaria: 5
[2026-05-01T14:24:44Z] [SECTION] ============================================================
[2026-05-01T14:24:44Z] [INFO] 🧩 PHASE: COMPOSER - DOMAIN INTEGRATION SYNTHESIS
[2026-05-01T14:25:05Z] [INFO] 🎨 Domain integrations synthesized: 0
[2026-05-01T14:25:05Z] [SECTION] ============================================================
[2026-05-01T14:25:05Z] [INFO] 🚀 PHASE: ADVANCED OVERNIGHT LOOP
[2026-05-01T14:26:10Z] [INFO] 🔬 Advanced loop completed cycles: 0
[2026-05-01T14:26:10Z] [WARNING] ⚠️  Git commit skipped or failed (git not initialized?): Command '['git', '-C', '/home/avalonas/.hermes/gematria/unified_overnight_research', 'add', '.']' returned non-zero exit status 128.
[2026-05-01T14:26:10Z] [INFO] 
📊 CYCLE #209 SUMMARY
[2026-05-01T14:26:10Z] [INFO] ✅ Successful tasks: 7/7
[2026-05-01T14:26:10Z] [INFO] ⏱️  Cycle duration: 87.74s
[2026-05-01T14:26:10Z] [INFO]    ⚠️ task: result
[2026-05-01T14:26:10Z] [INFO]    ⚠️ task: result
[2026-05-01T14:26:10Z] [INFO]    ⚠️ task: result
[2026-05-01T14:26:10Z] [INFO]    ⚠️ task: result
[2026-05-01T14:26:10Z] [INFO]    ⚠️ task: result
[2026-05-01T14:26:10Z] [INFO]    ⚠️ task: result
[2026-05-01T14:26:10Z] [INFO]    ⚠️ task: result
[2026-05-01T14:26:10Z] [HEADER] ================================================================================
[2026-05-01T14:26:10Z] [INFO] 🔄 OVERNIGHT RESEARCH PIPELINE - CYCLE #210
[2026-05-01T14:26:10Z] [INFO] ================================================================================
[2026-05-01T14:26:10Z] [HEADER] ============================================================
[2026-05-01T14:26:10Z] [INFO] 🌙 STARTING OVERNIGHT RESEARCH CYCLE #210
[2026-05-01T14:26:10Z] [INFO] 🔍 Running overnight research protocol (web scraping + cross-symbol analysis)...
[2026-05-01T14:26:10Z] [INFO] 📊 Cycle duration: 0.26s, Files generated: 1
[2026-05-01T14:26:10Z] [WARNING] ⚠️ Database not initialized for cycle counting
[2026-05-01T14:26:10Z] [INFO] 💾 Database updated with cycle results
[2026-05-01T14:26:10Z] [SECTION] ============================================================
[2026-05-01T14:26:10Z] [INFO] 🔮 PHASE: HIDDEN LAYERING DETECTION
[2026-05-01T14:26:10Z] [INFO] 🔗 Hidden layering detection complete. Connections identified: 2
[2026-05-01T14:26:10Z] [SECTION] ============================================================
[2026-05-01T14:26:10Z] [INFO] 🔬 PHASE: DOMAIN CORRELATION ANALYSIS
[2026-05-01T14:26:10Z] [INFO] 📊 Domain correlation matrices created: 2
[2026-05-01T14:26:10Z] [SECTION] ============================================================
[2026-05-01T14:26:10Z] [INFO] 🖼️  PHASE: IMAGE-SEED ANALYSIS
[2026-05-01T14:26:10Z] [INFO] 📂 Image seed analysis bootstrapping from 0 images...
[2026-05-01T14:26:10Z] [SECTION] ============================================================
[2026-05-01T14:26:10Z] [INFO] 📤 PHASE: PUSH COMPONENTS TO TOLARIA
[2026-05-01T14:26:11Z] [INFO] 📦 Components pushed to Tolaria: 5
[2026-05-01T14:26:11Z] [SECTION] ============================================================
[2026-05-01T14:26:11Z] [INFO] 🧩 PHASE: COMPOSER - DOMAIN INTEGRATION SYNTHESIS
[2026-05-01T14:26:32Z] [INFO] 🎨 Domain integrations synthesized: 0
[2026-05-01T14:26:32Z] [SECTION] ============================================================
[2026-05-01T14:26:32Z] [INFO] 🚀 PHASE: ADVANCED OVERNIGHT LOOP
[2026-05-01T14:27:38Z] [INFO] 🔬 Advanced loop completed cycles: 0
[2026-05-01T14:27:38Z] [WARNING] ⚠️  Git commit skipped or failed (git not initialized?): Command '['git', '-C', '/home/avalonas/.hermes/gematria/unified_overnight_research', 'add', '.']' returned non-zero exit status 128.
[2026-05-01T14:27:38Z] [INFO] 
📊 CYCLE #210 SUMMARY
[2026-05-01T14:27:38Z] [INFO] ✅ Successful tasks: 7/7
[2026-05-01T14:27:38Z] [INFO] ⏱️  Cycle duration: 87.72s
[2026-05-01T14:27:38Z] [INFO]    ⚠️ task: result
[2026-05-01T14:27:38Z] [INFO]    ⚠️ task: result
[2026-05-01T14:27:38Z] [INFO]    ⚠️ task: result
[2026-05-01T14:27:38Z] [INFO]    ⚠️ task: result
[2026-05-01T14:27:38Z] [INFO]    ⚠️ task: result
[2026-05-01T14:27:38Z] [INFO]    ⚠️ task: result
[2026-05-01T14:27:38Z] [INFO]    ⚠️ task: result
[2026-05-01T14:27:38Z] [HEADER] ================================================================================
[2026-05-01T14:27:38Z] [INFO] 🔄 OVERNIGHT RESEARCH PIPELINE - CYCLE #211
[2026-05-01T14:27:38Z] [INFO] ================================================================================
[2026-05-01T14:27:38Z] [HEADER] ============================================================
[2026-05-01T14:27:38Z] [INFO] 🌙 STARTING OVERNIGHT RESEARCH CYCLE #211
[2026-05-01T14:27:38Z] [INFO] 🔍 Running overnight research protocol (web scraping + cross-symbol analysis)...
[2026-05-01T14:27:38Z] [INFO] 📊 Cycle duration: 0.23s, Files generated: 1
[2026-05-01T14:27:38Z] [WARNING] ⚠️ Database not initialized for cycle counting
[2026-05-01T14:27:38Z] [INFO] 💾 Database updated with cycle results
[2026-05-01T14:27:38Z] [SECTION] ============================================================
[2026-05-01T14:27:38Z] [INFO] 🔮 PHASE: HIDDEN LAYERING DETECTION
[2026-05-01T14:27:38Z] [INFO] 🔗 Hidden layering detection complete. Connections identified: 2
[2026-05-01T14:27:38Z] [SECTION] ============================================================
[2026-05-01T14:27:38Z] [INFO] 🔬 PHASE: DOMAIN CORRELATION ANALYSIS
[2026-05-01T14:27:38Z] [INFO] 📊 Domain correlation matrices created: 2
[2026-05-01T14:27:38Z] [SECTION] ============================================================
[2026-05-01T14:27:38Z] [INFO] 🖼️  PHASE: IMAGE-SEED ANALYSIS
[2026-05-01T14:27:38Z] [INFO] 📂 Image seed analysis bootstrapping from 0 images...
[2026-05-01T14:27:38Z] [SECTION] ============================================================
[2026-05-01T14:27:38Z] [INFO] 📤 PHASE: PUSH COMPONENTS TO TOLARIA
[2026-05-01T14:27:39Z] [INFO] 📦 Components pushed to Tolaria: 5
[2026-05-01T14:27:39Z] [SECTION] ============================================================
[2026-05-01T14:27:39Z] [INFO] 🧩 PHASE: COMPOSER - DOMAIN INTEGRATION SYNTHESIS
[2026-05-01T14:27:59Z] [INFO] 🎨 Domain integrations synthesized: 0
[2026-05-01T14:27:59Z] [SECTION] ============================================================
[2026-05-01T14:27:59Z] [INFO] 🚀 PHASE: ADVANCED OVERNIGHT LOOP
[2026-05-01T14:29:02Z] [INFO] 🔬 Advanced loop completed cycles: 0
[2026-05-01T14:29:02Z] [WARNING] ⚠️  Git commit skipped or failed (git not initialized?): Command '['git', '-C', '/home/avalonas/.hermes/gematria/unified_overnight_research', 'add', '.']' returned non-zero exit status 128.
[2026-05-01T14:29:02Z] [INFO] 
📊 CYCLE #211 SUMMARY
[2026-05-01T14:29:02Z] [INFO] ✅ Successful tasks: 7/7
[2026-05-01T14:29:02Z] [INFO] ⏱️  Cycle duration: 84.85s
[2026-05-01T14:29:02Z] [INFO]    ⚠️ task: result
[2026-05-01T14:29:02Z] [INFO]    ⚠️ task: result
[2026-05-01T14:29:02Z] [INFO]    ⚠️ task: result
[2026-05-01T14:29:02Z] [INFO]    ⚠️ task: result
[2026-05-01T14:29:02Z] [INFO]    ⚠️ task: result
[2026-05-01T14:29:02Z] [INFO]    ⚠️ task: result
[2026-05-01T14:29:02Z] [INFO]    ⚠️ task: result
[2026-05-01T14:29:02Z] [HEADER] ================================================================================
[2026-05-01T14:29:02Z] [INFO] 🔄 OVERNIGHT RESEARCH PIPELINE - CYCLE #212
[2026-05-01T14:29:02Z] [INFO] ================================================================================
[2026-05-01T14:29:02Z] [HEADER] ============================================================
[2026-05-01T14:29:02Z] [INFO] 🌙 STARTING OVERNIGHT RESEARCH CYCLE #212
[2026-05-01T14:29:02Z] [INFO] 🔍 Running overnight research protocol (web scraping + cross-symbol analysis)...
[2026-05-01T14:29:03Z] [INFO] 📊 Cycle duration: 0.22s, Files generated: 1
[2026-05-01T14:29:03Z] [WARNING] ⚠️ Database not initialized for cycle counting
[2026-05-01T14:29:03Z] [INFO] 💾 Database updated with cycle results
[2026-05-01T14:29:03Z] [SECTION] ============================================================
[2026-05-01T14:29:03Z] [INFO] 🔮 PHASE: HIDDEN LAYERING DETECTION
[2026-05-01T14:29:03Z] [INFO] 🔗 Hidden layering detection complete. Connections identified: 2
[2026-05-01T14:29:03Z] [SECTION] ============================================================
[2026-05-01T14:29:03Z] [INFO] 🔬 PHASE: DOMAIN CORRELATION ANALYSIS
[2026-05-01T14:29:03Z] [INFO] 📊 Domain correlation matrices created: 2
[2026-05-01T14:29:03Z] [SECTION] ============================================================
[2026-05-01T14:29:03Z] [INFO] 🖼️  PHASE: IMAGE-SEED ANALYSIS
[2026-05-01T14:29:03Z] [INFO] 📂 Image seed analysis bootstrapping from 0 images...
[2026-05-01T14:29:03Z] [SECTION] ============================================================
[2026-05-01T14:29:03Z] [INFO] 📤 PHASE: PUSH COMPONENTS TO TOLARIA
[2026-05-01T14:29:04Z] [INFO] 📦 Components pushed to Tolaria: 5
[2026-05-01T14:29:04Z] [SECTION] ============================================================
[2026-05-01T14:29:04Z] [INFO] 🧩 PHASE: COMPOSER - DOMAIN INTEGRATION SYNTHESIS
[2026-05-01T14:29:25Z] [INFO] 🎨 Domain integrations synthesized: 0
[2026-05-01T14:29:25Z] [SECTION] ============================================================
[2026-05-01T14:29:25Z] [INFO] 🚀 PHASE: ADVANCED OVERNIGHT LOOP
[2026-05-01T14:30:31Z] [INFO] 🔬 Advanced loop completed cycles: 0
[2026-05-01T14:30:31Z] [WARNING] ⚠️  Git commit skipped or failed (git not initialized?): Command '['git', '-C', '/home/avalonas/.hermes/gematria/unified_overnight_research', 'add', '.']' returned non-zero exit status 128.
[2026-05-01T14:30:31Z] [INFO] 
📊 CYCLE #212 SUMMARY
[2026-05-01T14:30:31Z] [INFO] ✅ Successful tasks: 7/7
[2026-05-01T14:30:31Z] [INFO] ⏱️  Cycle duration: 88.94s
[2026-05-01T14:30:31Z] [INFO]    ⚠️ task: result
[2026-05-01T14:30:31Z] [INFO]    ⚠️ task: result
[2026-05-01T14:30:31Z] [INFO]    ⚠️ task: result
[2026-05-01T14:30:31Z] [INFO]    ⚠️ task: result
[2026-05-01T14:30:31Z] [INFO]    ⚠️ task: result
[2026-05-01T14:30:31Z] [INFO]    ⚠️ task: result
[2026-05-01T14:30:31Z] [INFO]    ⚠️ task: result
[2026-05-01T14:30:31Z] [HEADER] ================================================================================
[2026-05-01T14:30:31Z] [INFO] 🔄 OVERNIGHT RESEARCH PIPELINE - CYCLE #213
[2026-05-01T14:30:31Z] [INFO] ================================================================================
[2026-05-01T14:30:31Z] [HEADER] ============================================================
[2026-05-01T14:30:31Z] [INFO] 🌙 STARTING OVERNIGHT RESEARCH CYCLE #213
[2026-05-01T14:30:31Z] [INFO] 🔍 Running overnight research protocol (web scraping + cross-symbol analysis)...
[2026-05-01T14:30:32Z] [INFO] 📊 Cycle duration: 0.21s, Files generated: 1
[2026-05-01T14:30:32Z] [WARNING] ⚠️ Database not initialized for cycle counting
[2026-05-01T14:30:32Z] [INFO] 💾 Database updated with cycle results
[2026-05-01T14:30:32Z] [SECTION] ============================================================
[2026-05-01T14:30:32Z] [INFO] 🔮 PHASE: HIDDEN LAYERING DETECTION
[2026-05-01T14:30:32Z] [INFO] 🔗 Hidden layering detection complete. Connections identified: 2
[2026-05-01T14:30:32Z] [SECTION] ============================================================
[2026-05-01T14:30:32Z] [INFO] 🔬 PHASE: DOMAIN CORRELATION ANALYSIS
[2026-05-01T14:30:32Z] [INFO] 📊 Domain correlation matrices created: 2
[2026-05-01T14:30:32Z] [SECTION] ============================================================
[2026-05-01T14:30:32Z] [INFO] 🖼️  PHASE: IMAGE-SEED ANALYSIS
[2026-05-01T14:30:32Z] [INFO] 📂 Image seed analysis bootstrapping from 0 images...
[2026-05-01T14:30:32Z] [SECTION] ============================================================
[2026-05-01T14:30:32Z] [INFO] 📤 PHASE: PUSH COMPONENTS TO TOLARIA
[2026-05-01T14:30:33Z] [INFO] 📦 Components pushed to Tolaria: 5
[2026-05-01T14:30:33Z] [SECTION] ============================================================
[2026-05-01T14:30:33Z] [INFO] 🧩 PHASE: COMPOSER - DOMAIN INTEGRATION SYNTHESIS
[2026-05-01T14:30:54Z] [INFO] 🎨 Domain integrations synthesized: 0
[2026-05-01T14:30:54Z] [SECTION] ============================================================
[2026-05-01T14:30:54Z] [INFO] 🚀 PHASE: ADVANCED OVERNIGHT LOOP
[2026-05-01T14:32:00Z] [INFO] 🔬 Advanced loop completed cycles: 0
[2026-05-01T14:32:00Z] [WARNING] ⚠️  Git commit skipped or failed (git not initialized?): Command '['git', '-C', '/home/avalonas/.hermes/gematria/unified_overnight_research', 'commit', '-m', '[2026-05-01T14:32:00Z] Cycle 212: Cycle 213: Web research + hidden layering detection']' returned non-zero exit status 128.
[2026-05-01T14:32:00Z] [INFO] 
📊 CYCLE #213 SUMMARY
[2026-05-01T14:32:00Z] [INFO] ✅ Successful tasks: 7/7
[2026-05-01T14:32:00Z] [INFO] ⏱️  Cycle duration: 88.88s
[2026-05-01T14:32:00Z] [INFO]    ⚠️ task: result
[2026-05-01T14:32:00Z] [INFO]    ⚠️ task: result
[2026-05-01T14:32:00Z] [INFO]    ⚠️ task: result
[2026-05-01T14:32:00Z] [INFO]    ⚠️ task: result
[2026-05-01T14:32:00Z] [INFO]    ⚠️ task: result
[2026-05-01T14:32:00Z] [INFO]    ⚠️ task: result
[2026-05-01T14:32:00Z] [INFO]    ⚠️ task: result
[2026-05-01T14:32:00Z] [HEADER] ================================================================================
[2026-05-01T14:32:00Z] [INFO] 🔄 OVERNIGHT RESEARCH PIPELINE - CYCLE #214
[2026-05-01T14:32:00Z] [INFO] ================================================================================
[2026-05-01T14:32:00Z] [HEADER] ============================================================
[2026-05-01T14:32:00Z] [INFO] 🌙 STARTING OVERNIGHT RESEARCH CYCLE #214
[2026-05-01T14:32:00Z] [INFO] 🔍 Running overnight research protocol (web scraping + cross-symbol analysis)...
[2026-05-01T14:32:01Z] [INFO] 📊 Cycle duration: 0.29s, Files generated: 1
[2026-05-01T14:32:01Z] [WARNING] ⚠️ Database not initialized for cycle counting
[2026-05-01T14:32:01Z] [INFO] 💾 Database updated with cycle results
[2026-05-01T14:32:01Z] [SECTION] ============================================================
[2026-05-01T14:32:01Z] [INFO] 🔮 PHASE: HIDDEN LAYERING DETECTION
[2026-05-01T14:32:01Z] [INFO] 🔗 Hidden layering detection complete. Connections identified: 2
[2026-05-01T14:32:01Z] [SECTION] ============================================================
[2026-05-01T14:32:01Z] [INFO] 🔬 PHASE: DOMAIN CORRELATION ANALYSIS
[2026-05-01T14:32:01Z] [INFO] 📊 Domain correlation matrices created: 2
[2026-05-01T14:32:01Z] [SECTION] ============================================================
[2026-05-01T14:32:01Z] [INFO] 🖼️  PHASE: IMAGE-SEED ANALYSIS
[2026-05-01T14:32:01Z] [INFO] 📂 Image seed analysis bootstrapping from 0 images...
[2026-05-01T14:32:01Z] [SECTION] ============================================================
[2026-05-01T14:32:01Z] [INFO] 📤 PHASE: PUSH COMPONENTS TO TOLARIA
[2026-05-01T14:32:02Z] [INFO] 📦 Components pushed to Tolaria: 5
[2026-05-01T14:32:02Z] [SECTION] ============================================================
[2026-05-01T14:32:02Z] [INFO] 🧩 PHASE: COMPOSER - DOMAIN INTEGRATION SYNTHESIS
[2026-05-01T14:32:23Z] [INFO] 🎨 Domain integrations synthesized: 0
[2026-05-01T14:32:23Z] [SECTION] ============================================================
[2026-05-01T14:32:23Z] [INFO] 🚀 PHASE: ADVANCED OVERNIGHT LOOP
[2026-05-01T14:32:23Z] [INFO] 🔬 Advanced loop completed cycles: 0
[2026-05-01T14:32:23Z] [WARNING] ⚠️  Git commit skipped or failed (git not initialized?): Command '['git', '-C', '/home/avalonas/.hermes/gematria/unified_overnight_research', 'add', '.']' returned non-zero exit status 128.
[2026-05-01T14:32:23Z] [INFO] 
📊 CYCLE #214 SUMMARY
[2026-05-01T14:32:23Z] [INFO] ✅ Successful tasks: 7/7
[2026-05-01T14:32:23Z] [INFO] ⏱️  Cycle duration: 22.57s
[2026-05-01T14:32:23Z] [INFO]    ⚠️ task: result
[2026-05-01T14:32:23Z] [INFO]    ⚠️ task: result
[2026-05-01T14:32:23Z] [INFO]    ⚠️ task: result
[2026-05-01T14:32:23Z] [INFO]    ⚠️ task: result
[2026-05-01T14:32:23Z] [INFO]    ⚠️ task: result
[2026-05-01T14:32:23Z] [INFO]    ⚠️ task: result
[2026-05-01T14:32:23Z] [INFO]    ⚠️ task: result
[2026-05-01T14:32:23Z] [HEADER] ================================================================================
[2026-05-01T14:32:23Z] [INFO] 🔄 OVERNIGHT RESEARCH PIPELINE - CYCLE #215
[2026-05-01T14:32:23Z] [INFO] ================================================================================
[2026-05-01T14:32:23Z] [HEADER] ============================================================
[2026-05-01T14:32:23Z] [INFO] 🌙 STARTING OVERNIGHT RESEARCH CYCLE #215
[2026-05-01T14:32:23Z] [INFO] 🔍 Running overnight research protocol (web scraping + cross-symbol analysis)...
[2026-05-01T14:32:23Z] [INFO] 📊 Cycle duration: 0.22s, Files generated: 1
[2026-05-01T14:32:23Z] [WARNING] ⚠️ Database not initialized for cycle counting
[2026-05-01T14:32:23Z] [INFO] 💾 Database updated with cycle results
[2026-05-01T14:32:23Z] [SECTION] ============================================================
[2026-05-01T14:32:23Z] [INFO] 🔮 PHASE: HIDDEN LAYERING DETECTION
[2026-05-01T14:32:23Z] [INFO] 🔗 Hidden layering detection complete. Connections identified: 2
[2026-05-01T14:32:23Z] [SECTION] ============================================================
[2026-05-01T14:32:23Z] [INFO] 🔬 PHASE: DOMAIN CORRELATION ANALYSIS
[2026-05-01T14:32:23Z] [INFO] 📊 Domain correlation matrices created: 2
[2026-05-01T14:32:23Z] [SECTION] ============================================================
[2026-05-01T14:32:23Z] [INFO] 🖼️  PHASE: IMAGE-SEED ANALYSIS
[2026-05-01T14:32:23Z] [INFO] 📂 Image seed analysis bootstrapping from 0 images...
[2026-05-01T14:32:23Z] [SECTION] ============================================================
[2026-05-01T14:32:23Z] [INFO] 📤 PHASE: PUSH COMPONENTS TO TOLARIA
[2026-05-01T14:32:24Z] [INFO] 📦 Components pushed to Tolaria: 5
[2026-05-01T14:32:24Z] [SECTION] ============================================================
[2026-05-01T14:32:24Z] [INFO] 🧩 PHASE: COMPOSER - DOMAIN INTEGRATION SYNTHESIS
[2026-05-01T14:32:46Z] [INFO] 🎨 Domain integrations synthesized: 0
[2026-05-01T14:32:46Z] [SECTION] ============================================================
[2026-05-01T14:32:46Z] [INFO] 🚀 PHASE: ADVANCED OVERNIGHT LOOP
[2026-05-01T14:33:54Z] [INFO] 🔬 Advanced loop completed cycles: 0
[2026-05-01T14:33:54Z] [WARNING] ⚠️  Git commit skipped or failed (git not initialized?): Command '['git', '-C', '/home/avalonas/.hermes/gematria/unified_overnight_research', 'add', '.']' returned non-zero exit status 128.
[2026-05-01T14:33:54Z] [INFO] 
📊 CYCLE #215 SUMMARY
[2026-05-01T14:33:54Z] [INFO] ✅ Successful tasks: 7/7
[2026-05-01T14:33:54Z] [INFO] ⏱️  Cycle duration: 91.55s
[2026-05-01T14:33:54Z] [INFO]    ⚠️ task: result
[2026-05-01T14:33:54Z] [INFO]    ⚠️ task: result
[2026-05-01T14:33:54Z] [INFO]    ⚠️ task: result
[2026-05-01T14:33:54Z] [INFO]    ⚠️ task: result
[2026-05-01T14:33:54Z] [INFO]    ⚠️ task: result
[2026-05-01T14:33:54Z] [INFO]    ⚠️ task: result
[2026-05-01T14:33:54Z] [INFO]    ⚠️ task: result
[2026-05-01T14:33:54Z] [HEADER] ================================================================================
[2026-05-01T14:33:54Z] [INFO] 🔄 OVERNIGHT RESEARCH PIPELINE - CYCLE #216
[2026-05-01T14:33:54Z] [INFO] ================================================================================
[2026-05-01T14:33:54Z] [HEADER] ============================================================
[2026-05-01T14:33:54Z] [INFO] 🌙 STARTING OVERNIGHT RESEARCH CYCLE #216
[2026-05-01T14:33:54Z] [INFO] 🔍 Running overnight research protocol (web scraping + cross-symbol analysis)...
[2026-05-01T14:33:55Z] [INFO] 📊 Cycle duration: 0.19s, Files generated: 1
[2026-05-01T14:33:55Z] [WARNING] ⚠️ Database not initialized for cycle counting
[2026-05-01T14:33:55Z] [INFO] 💾 Database updated with cycle results
[2026-05-01T14:33:55Z] [SECTION] ============================================================
[2026-05-01T14:33:55Z] [INFO] 🔮 PHASE: HIDDEN LAYERING DETECTION
[2026-05-01T14:33:55Z] [INFO] 🔗 Hidden layering detection complete. Connections identified: 2
[2026-05-01T14:33:55Z] [SECTION] ============================================================
[2026-05-01T14:33:55Z] [INFO] 🔬 PHASE: DOMAIN CORRELATION ANALYSIS
[2026-05-01T14:33:55Z] [INFO] 📊 Domain correlation matrices created: 2
[2026-05-01T14:33:55Z] [SECTION] ============================================================
[2026-05-01T14:33:55Z] [INFO] 🖼️  PHASE: IMAGE-SEED ANALYSIS
[2026-05-01T14:33:55Z] [INFO] 📂 Image seed analysis bootstrapping from 0 images...
[2026-05-01T14:33:55Z] [SECTION] ============================================================
[2026-05-01T14:33:55Z] [INFO] 📤 PHASE: PUSH COMPONENTS TO TOLARIA
[2026-05-01T14:33:56Z] [INFO] 📦 Components pushed to Tolaria: 5
[2026-05-01T14:33:56Z] [SECTION] ============================================================
[2026-05-01T14:33:56Z] [INFO] 🧩 PHASE: COMPOSER - DOMAIN INTEGRATION SYNTHESIS
[2026-05-01T14:34:17Z] [INFO] 🎨 Domain integrations synthesized: 0
[2026-05-01T14:34:17Z] [SECTION] ============================================================
[2026-05-01T14:34:17Z] [INFO] 🚀 PHASE: ADVANCED OVERNIGHT LOOP
[2026-05-01T14:35:23Z] [INFO] 🔬 Advanced loop completed cycles: 0
[2026-05-01T14:35:23Z] [WARNING] ⚠️  Git commit skipped or failed (git not initialized?): Command '['git', '-C', '/home/avalonas/.hermes/gematria/unified_overnight_research', 'add', '.']' returned non-zero exit status 128.
[2026-05-01T14:35:23Z] [INFO] 
📊 CYCLE #216 SUMMARY
[2026-05-01T14:35:23Z] [INFO] ✅ Successful tasks: 7/7
[2026-05-01T14:35:23Z] [INFO] ⏱️  Cycle duration: 88.25s
[2026-05-01T14:35:23Z] [INFO]    ⚠️ task: result
[2026-05-01T14:35:23Z] [INFO]    ⚠️ task: result
[2026-05-01T14:35:23Z] [INFO]    ⚠️ task: result
[2026-05-01T14:35:23Z] [INFO]    ⚠️ task: result
[2026-05-01T14:35:23Z] [INFO]    ⚠️ task: result
[2026-05-01T14:35:23Z] [INFO]    ⚠️ task: result
[2026-05-01T14:35:23Z] [INFO]    ⚠️ task: result
[2026-05-01T14:35:23Z] [HEADER] ================================================================================
[2026-05-01T14:35:23Z] [INFO] 🔄 OVERNIGHT RESEARCH PIPELINE - CYCLE #217
[2026-05-01T14:35:23Z] [INFO] ================================================================================
[2026-05-01T14:35:23Z] [HEADER] ============================================================
[2026-05-01T14:35:23Z] [INFO] 🌙 STARTING OVERNIGHT RESEARCH CYCLE #217
[2026-05-01T14:35:23Z] [INFO] 🔍 Running overnight research protocol (web scraping + cross-symbol analysis)...
[2026-05-01T14:35:23Z] [INFO] 📊 Cycle duration: 0.21s, Files generated: 1
[2026-05-01T14:35:23Z] [WARNING] ⚠️ Database not initialized for cycle counting
[2026-05-01T14:35:23Z] [INFO] 💾 Database updated with cycle results
[2026-05-01T14:35:23Z] [SECTION] ============================================================
[2026-05-01T14:35:23Z] [INFO] 🔮 PHASE: HIDDEN LAYERING DETECTION
[2026-05-01T14:35:23Z] [INFO] 🔗 Hidden layering detection complete. Connections identified: 2
[2026-05-01T14:35:23Z] [SECTION] ============================================================
[2026-05-01T14:35:23Z] [INFO] 🔬 PHASE: DOMAIN CORRELATION ANALYSIS
[2026-05-01T14:35:23Z] [INFO] 📊 Domain correlation matrices created: 2
[2026-05-01T14:35:23Z] [SECTION] ============================================================
[2026-05-01T14:35:23Z] [INFO] 🖼️  PHASE: IMAGE-SEED ANALYSIS
[2026-05-01T14:35:23Z] [INFO] 📂 Image seed analysis bootstrapping from 0 images...
[2026-05-01T14:35:23Z] [SECTION] ============================================================
[2026-05-01T14:35:23Z] [INFO] 📤 PHASE: PUSH COMPONENTS TO TOLARIA
[2026-05-01T14:35:24Z] [INFO] 📦 Components pushed to Tolaria: 5
[2026-05-01T14:35:24Z] [SECTION] ============================================================
[2026-05-01T14:35:24Z] [INFO] 🧩 PHASE: COMPOSER - DOMAIN INTEGRATION SYNTHESIS
[2026-05-01T14:35:45Z] [INFO] 🎨 Domain integrations synthesized: 0
[2026-05-01T14:35:45Z] [SECTION] ============================================================
[2026-05-01T14:35:45Z] [INFO] 🚀 PHASE: ADVANCED OVERNIGHT LOOP
[2026-05-01T14:36:52Z] [INFO] 🔬 Advanced loop completed cycles: 0
[2026-05-01T14:36:52Z] [WARNING] ⚠️  Git commit skipped or failed (git not initialized?): Command '['git', '-C', '/home/avalonas/.hermes/gematria/unified_overnight_research', 'add', '.']' returned non-zero exit status 128.
[2026-05-01T14:36:52Z] [INFO] 
📊 CYCLE #217 SUMMARY
[2026-05-01T14:36:52Z] [INFO] ✅ Successful tasks: 7/7
[2026-05-01T14:36:52Z] [INFO] ⏱️  Cycle duration: 88.91s
[2026-05-01T14:36:52Z] [INFO]    ⚠️ task: result
[2026-05-01T14:36:52Z] [INFO]    ⚠️ task: result
[2026-05-01T14:36:52Z] [INFO]    ⚠️ task: result
[2026-05-01T14:36:52Z] [INFO]    ⚠️ task: result
[2026-05-01T14:36:52Z] [INFO]    ⚠️ task: result
[2026-05-01T14:36:52Z] [INFO]    ⚠️ task: result
[2026-05-01T14:36:52Z] [INFO]    ⚠️ task: result
[2026-05-01T14:36:52Z] [HEADER] ================================================================================
[2026-05-01T14:36:52Z] [INFO] 🔄 OVERNIGHT RESEARCH PIPELINE - CYCLE #218
[2026-05-01T14:36:52Z] [INFO] ================================================================================
[2026-05-01T14:36:52Z] [HEADER] ============================================================
[2026-05-01T14:36:52Z] [INFO] 🌙 STARTING OVERNIGHT RESEARCH CYCLE #218
[2026-05-01T14:36:52Z] [INFO] 🔍 Running overnight research protocol (web scraping + cross-symbol analysis)...
[2026-05-01T14:36:52Z] [INFO] 📊 Cycle duration: 0.25s, Files generated: 1
[2026-05-01T14:36:52Z] [WARNING] ⚠️ Database not initialized for cycle counting
[2026-05-01T14:36:52Z] [INFO] 💾 Database updated with cycle results
[2026-05-01T14:36:52Z] [SECTION] ============================================================
[2026-05-01T14:36:52Z] [INFO] 🔮 PHASE: HIDDEN LAYERING DETECTION
[2026-05-01T14:36:52Z] [INFO] 🔗 Hidden layering detection complete. Connections identified: 2
[2026-05-01T14:36:52Z] [SECTION] ============================================================
[2026-05-01T14:36:52Z] [INFO] 🔬 PHASE: DOMAIN CORRELATION ANALYSIS
[2026-05-01T14:36:52Z] [INFO] 📊 Domain correlation matrices created: 2
[2026-05-01T14:36:52Z] [SECTION] ============================================================
[2026-05-01T14:36:52Z] [INFO] 🖼️  PHASE: IMAGE-SEED ANALYSIS
[2026-05-01T14:36:52Z] [INFO] 📂 Image seed analysis bootstrapping from 0 images...
[2026-05-01T14:36:52Z] [SECTION] ============================================================
[2026-05-01T14:36:52Z] [INFO] 📤 PHASE: PUSH COMPONENTS TO TOLARIA
[2026-05-01T14:36:53Z] [INFO] 📦 Components pushed to Tolaria: 5
[2026-05-01T14:36:53Z] [SECTION] ============================================================
[2026-05-01T14:36:53Z] [INFO] 🧩 PHASE: COMPOSER - DOMAIN INTEGRATION SYNTHESIS
[2026-05-01T14:37:14Z] [INFO] 🎨 Domain integrations synthesized: 0
[2026-05-01T14:37:14Z] [SECTION] ============================================================
[2026-05-01T14:37:14Z] [INFO] 🚀 PHASE: ADVANCED OVERNIGHT LOOP
[2026-05-01T14:38:20Z] [INFO] 🔬 Advanced loop completed cycles: 0
[2026-05-01T14:38:20Z] [WARNING] ⚠️  Git commit skipped or failed (git not initialized?): Command '['git', '-C', '/home/avalonas/.hermes/gematria/unified_overnight_research', 'add', '.']' returned non-zero exit status 128.
[2026-05-01T14:38:20Z] [INFO] 
📊 CYCLE #218 SUMMARY
[2026-05-01T14:38:20Z] [INFO] ✅ Successful tasks: 7/7
[2026-05-01T14:38:20Z] [INFO] ⏱️  Cycle duration: 88.56s
[2026-05-01T14:38:20Z] [INFO]    ⚠️ task: result
[2026-05-01T14:38:20Z] [INFO]    ⚠️ task: result
[2026-05-01T14:38:20Z] [INFO]    ⚠️ task: result
[2026-05-01T14:38:20Z] [INFO]    ⚠️ task: result
[2026-05-01T14:38:20Z] [INFO]    ⚠️ task: result
[2026-05-01T14:38:20Z] [INFO]    ⚠️ task: result
[2026-05-01T14:38:20Z] [INFO]    ⚠️ task: result
[2026-05-01T14:38:20Z] [HEADER] ================================================================================
[2026-05-01T14:38:20Z] [INFO] 🔄 OVERNIGHT RESEARCH PIPELINE - CYCLE #219
[2026-05-01T14:38:20Z] [INFO] ================================================================================
[2026-05-01T14:38:20Z] [HEADER] ============================================================
[2026-05-01T14:38:20Z] [INFO] 🌙 STARTING OVERNIGHT RESEARCH CYCLE #219
[2026-05-01T14:38:20Z] [INFO] 🔍 Running overnight research protocol (web scraping + cross-symbol analysis)...
[2026-05-01T14:38:20Z] [INFO] 📊 Cycle duration: 0.18s, Files generated: 1
[2026-05-01T14:38:20Z] [WARNING] ⚠️ Database not initialized for cycle counting
[2026-05-01T14:38:20Z] [INFO] 💾 Database updated with cycle results
[2026-05-01T14:38:20Z] [SECTION] ============================================================
[2026-05-01T14:38:20Z] [INFO] 🔮 PHASE: HIDDEN LAYERING DETECTION
[2026-05-01T14:38:20Z] [INFO] 🔗 Hidden layering detection complete. Connections identified: 2
[2026-05-01T14:38:20Z] [SECTION] ============================================================
[2026-05-01T14:38:20Z] [INFO] 🔬 PHASE: DOMAIN CORRELATION ANALYSIS
[2026-05-01T14:38:21Z] [INFO] 📊 Domain correlation matrices created: 2
[2026-05-01T14:38:21Z] [SECTION] ============================================================
[2026-05-01T14:38:21Z] [INFO] 🖼️  PHASE: IMAGE-SEED ANALYSIS
[2026-05-01T14:38:21Z] [INFO] 📂 Image seed analysis bootstrapping from 0 images...
[2026-05-01T14:38:21Z] [SECTION] ============================================================
[2026-05-01T14:38:21Z] [INFO] 📤 PHASE: PUSH COMPONENTS TO TOLARIA
[2026-05-01T14:38:21Z] [INFO] 📦 Components pushed to Tolaria: 5
[2026-05-01T14:38:21Z] [SECTION] ============================================================
[2026-05-01T14:38:21Z] [INFO] 🧩 PHASE: COMPOSER - DOMAIN INTEGRATION SYNTHESIS
[2026-05-01T14:38:43Z] [INFO] 🎨 Domain integrations synthesized: 0
[2026-05-01T14:38:43Z] [SECTION] ============================================================
[2026-05-01T14:38:43Z] [INFO] 🚀 PHASE: ADVANCED OVERNIGHT LOOP
[2026-05-01T14:39:50Z] [INFO] 🔬 Advanced loop completed cycles: 0
[2026-05-01T14:39:50Z] [WARNING] ⚠️  Git commit skipped or failed (git not initialized?): Command '['git', '-C', '/home/avalonas/.hermes/gematria/unified_overnight_research', 'commit', '-m', '[2026-05-01T14:39:50Z] Cycle 218: Cycle 219: Web research + hidden layering detection']' returned non-zero exit status 128.
[2026-05-01T14:39:50Z] [INFO] 
📊 CYCLE #219 SUMMARY
[2026-05-01T14:39:50Z] [INFO] ✅ Successful tasks: 7/7
[2026-05-01T14:39:50Z] [INFO] ⏱️  Cycle duration: 90.36s
[2026-05-01T14:39:50Z] [INFO]    ⚠️ task: result
[2026-05-01T14:39:50Z] [INFO]    ⚠️ task: result
[2026-05-01T14:39:50Z] [INFO]    ⚠️ task: result
[2026-05-01T14:39:50Z] [INFO]    ⚠️ task: result
[2026-05-01T14:39:50Z] [INFO]    ⚠️ task: result
[2026-05-01T14:39:50Z] [INFO]    ⚠️ task: result
[2026-05-01T14:39:50Z] [INFO]    ⚠️ task: result
[2026-05-01T14:39:50Z] [HEADER] ================================================================================
[2026-05-01T14:39:50Z] [INFO] 🔄 OVERNIGHT RESEARCH PIPELINE - CYCLE #220
[2026-05-01T14:39:50Z] [INFO] ================================================================================
[2026-05-01T14:39:50Z] [HEADER] ============================================================
[2026-05-01T14:39:50Z] [INFO] 🌙 STARTING OVERNIGHT RESEARCH CYCLE #220
[2026-05-01T14:39:50Z] [INFO] 🔍 Running overnight research protocol (web scraping + cross-symbol analysis)...
[2026-05-01T14:39:51Z] [INFO] 📊 Cycle duration: 0.14s, Files generated: 1
[2026-05-01T14:39:51Z] [WARNING] ⚠️ Database not initialized for cycle counting
[2026-05-01T14:39:51Z] [INFO] 💾 Database updated with cycle results
[2026-05-01T14:39:51Z] [SECTION] ============================================================
[2026-05-01T14:39:51Z] [INFO] 🔮 PHASE: HIDDEN LAYERING DETECTION
[2026-05-01T14:39:51Z] [INFO] 🔗 Hidden layering detection complete. Connections identified: 2
[2026-05-01T14:39:51Z] [SECTION] ============================================================
[2026-05-01T14:39:51Z] [INFO] 🔬 PHASE: DOMAIN CORRELATION ANALYSIS
[2026-05-01T14:39:51Z] [INFO] 📊 Domain correlation matrices created: 2
[2026-05-01T14:39:51Z] [SECTION] ============================================================
[2026-05-01T14:39:51Z] [INFO] 🖼️  PHASE: IMAGE-SEED ANALYSIS
[2026-05-01T14:39:51Z] [INFO] 📂 Image seed analysis bootstrapping from 0 images...
[2026-05-01T14:39:51Z] [SECTION] ============================================================
[2026-05-01T14:39:51Z] [INFO] 📤 PHASE: PUSH COMPONENTS TO TOLARIA
[2026-05-01T14:39:52Z] [INFO] 📦 Components pushed to Tolaria: 5
[2026-05-01T14:39:52Z] [SECTION] ============================================================
[2026-05-01T14:39:52Z] [INFO] 🧩 PHASE: COMPOSER - DOMAIN INTEGRATION SYNTHESIS
[2026-05-01T14:40:13Z] [INFO] 🎨 Domain integrations synthesized: 0
[2026-05-01T14:40:13Z] [SECTION] ============================================================
[2026-05-01T14:40:13Z] [INFO] 🚀 PHASE: ADVANCED OVERNIGHT LOOP
[2026-05-01T14:41:19Z] [INFO] 🔬 Advanced loop completed cycles: 0
[2026-05-01T14:41:19Z] [WARNING] ⚠️  Git commit skipped or failed (git not initialized?): Command '['git', '-C', '/home/avalonas/.hermes/gematria/unified_overnight_research', 'add', '.']' returned non-zero exit status 128.
[2026-05-01T14:41:19Z] [INFO] 
📊 CYCLE #220 SUMMARY
[2026-05-01T14:41:19Z] [INFO] ✅ Successful tasks: 7/7
[2026-05-01T14:41:19Z] [INFO] ⏱️  Cycle duration: 88.63s
[2026-05-01T14:41:19Z] [INFO]    ⚠️ task: result
[2026-05-01T14:41:19Z] [INFO]    ⚠️ task: result
[2026-05-01T14:41:19Z] [INFO]    ⚠️ task: result
[2026-05-01T14:41:19Z] [INFO]    ⚠️ task: result
[2026-05-01T14:41:19Z] [INFO]    ⚠️ task: result
[2026-05-01T14:41:19Z] [INFO]    ⚠️ task: result
[2026-05-01T14:41:19Z] [INFO]    ⚠️ task: result
[2026-05-01T14:41:19Z] [HEADER] ================================================================================
[2026-05-01T14:41:19Z] [INFO] 🔄 OVERNIGHT RESEARCH PIPELINE - CYCLE #221
[2026-05-01T14:41:19Z] [INFO] ================================================================================
[2026-05-01T14:41:19Z] [HEADER] ============================================================
[2026-05-01T14:41:19Z] [INFO] 🌙 STARTING OVERNIGHT RESEARCH CYCLE #221
[2026-05-01T14:41:19Z] [INFO] 🔍 Running overnight research protocol (web scraping + cross-symbol analysis)...
[2026-05-01T14:41:19Z] [INFO] 📊 Cycle duration: 0.18s, Files generated: 1
[2026-05-01T14:41:19Z] [WARNING] ⚠️ Database not initialized for cycle counting
[2026-05-01T14:41:19Z] [INFO] 💾 Database updated with cycle results
[2026-05-01T14:41:19Z] [SECTION] ============================================================
[2026-05-01T14:41:19Z] [INFO] 🔮 PHASE: HIDDEN LAYERING DETECTION
[2026-05-01T14:41:20Z] [INFO] 🔗 Hidden layering detection complete. Connections identified: 2
[2026-05-01T14:41:20Z] [SECTION] ============================================================
[2026-05-01T14:41:20Z] [INFO] 🔬 PHASE: DOMAIN CORRELATION ANALYSIS
[2026-05-01T14:41:20Z] [INFO] 📊 Domain correlation matrices created: 2
[2026-05-01T14:41:20Z] [SECTION] ============================================================
[2026-05-01T14:41:20Z] [INFO] 🖼️  PHASE: IMAGE-SEED ANALYSIS
[2026-05-01T14:41:20Z] [INFO] 📂 Image seed analysis bootstrapping from 0 images...
[2026-05-01T14:41:20Z] [SECTION] ============================================================
[2026-05-01T14:41:20Z] [INFO] 📤 PHASE: PUSH COMPONENTS TO TOLARIA
[2026-05-01T14:41:21Z] [INFO] 📦 Components pushed to Tolaria: 5
[2026-05-01T14:41:21Z] [SECTION] ============================================================
[2026-05-01T14:41:21Z] [INFO] 🧩 PHASE: COMPOSER - DOMAIN INTEGRATION SYNTHESIS
[2026-05-01T14:41:42Z] [INFO] 🎨 Domain integrations synthesized: 0
[2026-05-01T14:41:42Z] [SECTION] ============================================================
[2026-05-01T14:41:42Z] [INFO] 🚀 PHASE: ADVANCED OVERNIGHT LOOP
[2026-05-01T14:42:49Z] [INFO] 🔬 Advanced loop completed cycles: 0
[2026-05-01T14:42:49Z] [WARNING] ⚠️  Git commit skipped or failed (git not initialized?): Command '['git', '-C', '/home/avalonas/.hermes/gematria/unified_overnight_research', 'add', '.']' returned non-zero exit status 128.
[2026-05-01T14:42:49Z] [INFO] 
📊 CYCLE #221 SUMMARY
[2026-05-01T14:42:49Z] [INFO] ✅ Successful tasks: 7/7
[2026-05-01T14:42:49Z] [INFO] ⏱️  Cycle duration: 89.75s
[2026-05-01T14:42:49Z] [INFO]    ⚠️ task: result
[2026-05-01T14:42:49Z] [INFO]    ⚠️ task: result
[2026-05-01T14:42:49Z] [INFO]    ⚠️ task: result
[2026-05-01T14:42:49Z] [INFO]    ⚠️ task: result
[2026-05-01T14:42:49Z] [INFO]    ⚠️ task: result
[2026-05-01T14:42:49Z] [INFO]    ⚠️ task: result
[2026-05-01T14:42:49Z] [INFO]    ⚠️ task: result
[2026-05-01T14:42:49Z] [HEADER] ================================================================================
[2026-05-01T14:42:49Z] [INFO] 🔄 OVERNIGHT RESEARCH PIPELINE - CYCLE #222
[2026-05-01T14:42:49Z] [INFO] ================================================================================
[2026-05-01T14:42:49Z] [HEADER] ============================================================
[2026-05-01T14:42:49Z] [INFO] 🌙 STARTING OVERNIGHT RESEARCH CYCLE #222
[2026-05-01T14:42:49Z] [INFO] 🔍 Running overnight research protocol (web scraping + cross-symbol analysis)...
[2026-05-01T14:42:49Z] [INFO] 📊 Cycle duration: 0.15s, Files generated: 1
[2026-05-01T14:42:49Z] [WARNING] ⚠️ Database not initialized for cycle counting
[2026-05-01T14:42:49Z] [INFO] 💾 Database updated with cycle results
[2026-05-01T14:42:49Z] [SECTION] ============================================================
[2026-05-01T14:42:49Z] [INFO] 🔮 PHASE: HIDDEN LAYERING DETECTION
[2026-05-01T14:42:49Z] [INFO] 🔗 Hidden layering detection complete. Connections identified: 2
[2026-05-01T14:42:49Z] [SECTION] ============================================================
[2026-05-01T14:42:49Z] [INFO] 🔬 PHASE: DOMAIN CORRELATION ANALYSIS
[2026-05-01T14:42:49Z] [INFO] 📊 Domain correlation matrices created: 2
[2026-05-01T14:42:49Z] [SECTION] ============================================================
[2026-05-01T14:42:49Z] [INFO] 🖼️  PHASE: IMAGE-SEED ANALYSIS
[2026-05-01T14:42:49Z] [INFO] 📂 Image seed analysis bootstrapping from 0 images...
[2026-05-01T14:42:49Z] [SECTION] ============================================================
[2026-05-01T14:42:49Z] [INFO] 📤 PHASE: PUSH COMPONENTS TO TOLARIA
[2026-05-01T14:42:50Z] [INFO] 📦 Components pushed to Tolaria: 5
[2026-05-01T14:42:50Z] [SECTION] ============================================================
[2026-05-01T14:42:50Z] [INFO] 🧩 PHASE: COMPOSER - DOMAIN INTEGRATION SYNTHESIS
[2026-05-01T14:43:11Z] [INFO] 🎨 Domain integrations synthesized: 0
[2026-05-01T14:43:11Z] [SECTION] ============================================================
[2026-05-01T14:43:11Z] [INFO] 🚀 PHASE: ADVANCED OVERNIGHT LOOP
[2026-05-01T14:44:18Z] [INFO] 🔬 Advanced loop completed cycles: 0
[2026-05-01T14:44:18Z] [WARNING] ⚠️  Git commit skipped or failed (git not initialized?): Command '['git', '-C', '/home/avalonas/.hermes/gematria/unified_overnight_research', 'add', '.']' returned non-zero exit status 128.
[2026-05-01T14:44:18Z] [INFO] 
📊 CYCLE #222 SUMMARY
[2026-05-01T14:44:18Z] [INFO] ✅ Successful tasks: 7/7
[2026-05-01T14:44:18Z] [INFO] ⏱️  Cycle duration: 89.02s
[2026-05-01T14:44:18Z] [INFO]    ⚠️ task: result
[2026-05-01T14:44:18Z] [INFO]    ⚠️ task: result
[2026-05-01T14:44:18Z] [INFO]    ⚠️ task: result
[2026-05-01T14:44:18Z] [INFO]    ⚠️ task: result
[2026-05-01T14:44:18Z] [INFO]    ⚠️ task: result
[2026-05-01T14:44:18Z] [INFO]    ⚠️ task: result
[2026-05-01T14:44:18Z] [INFO]    ⚠️ task: result
[2026-05-01T14:44:18Z] [HEADER] ================================================================================
[2026-05-01T14:44:18Z] [INFO] 🔄 OVERNIGHT RESEARCH PIPELINE - CYCLE #223
[2026-05-01T14:44:18Z] [INFO] ================================================================================
[2026-05-01T14:44:18Z] [HEADER] ============================================================
[2026-05-01T14:44:18Z] [INFO] 🌙 STARTING OVERNIGHT RESEARCH CYCLE #223
[2026-05-01T14:44:18Z] [INFO] 🔍 Running overnight research protocol (web scraping + cross-symbol analysis)...
[2026-05-01T14:44:18Z] [INFO] 📊 Cycle duration: 0.17s, Files generated: 1
[2026-05-01T14:44:18Z] [WARNING] ⚠️ Database not initialized for cycle counting
[2026-05-01T14:44:18Z] [INFO] 💾 Database updated with cycle results
[2026-05-01T14:44:18Z] [SECTION] ============================================================
[2026-05-01T14:44:18Z] [INFO] 🔮 PHASE: HIDDEN LAYERING DETECTION
[2026-05-01T14:44:18Z] [INFO] 🔗 Hidden layering detection complete. Connections identified: 2
[2026-05-01T14:44:18Z] [SECTION] ============================================================
[2026-05-01T14:44:18Z] [INFO] 🔬 PHASE: DOMAIN CORRELATION ANALYSIS
[2026-05-01T14:44:18Z] [INFO] 📊 Domain correlation matrices created: 2
[2026-05-01T14:44:18Z] [SECTION] ============================================================
[2026-05-01T14:44:18Z] [INFO] 🖼️  PHASE: IMAGE-SEED ANALYSIS
[2026-05-01T14:44:18Z] [INFO] 📂 Image seed analysis bootstrapping from 0 images...
[2026-05-01T14:44:18Z] [SECTION] ============================================================
[2026-05-01T14:44:18Z] [INFO] 📤 PHASE: PUSH COMPONENTS TO TOLARIA
[2026-05-01T14:44:20Z] [INFO] 📦 Components pushed to Tolaria: 5
[2026-05-01T14:44:20Z] [SECTION] ============================================================
[2026-05-01T14:44:20Z] [INFO] 🧩 PHASE: COMPOSER - DOMAIN INTEGRATION SYNTHESIS
[2026-05-01T14:44:40Z] [INFO] 🎨 Domain integrations synthesized: 0
[2026-05-01T14:44:40Z] [SECTION] ============================================================
[2026-05-01T14:44:40Z] [INFO] 🚀 PHASE: ADVANCED OVERNIGHT LOOP
[2026-05-01T14:44:40Z] [INFO] 🔬 Advanced loop completed cycles: 0
[2026-05-01T14:44:40Z] [WARNING] ⚠️  Git commit skipped or failed (git not initialized?): Command '['git', '-C', '/home/avalonas/.hermes/gematria/unified_overnight_research', 'add', '.']' returned non-zero exit status 128.
[2026-05-01T14:44:40Z] [INFO] 
📊 CYCLE #223 SUMMARY
[2026-05-01T14:44:40Z] [INFO] ✅ Successful tasks: 7/7
[2026-05-01T14:44:40Z] [INFO] ⏱️  Cycle duration: 22.60s
[2026-05-01T14:44:40Z] [INFO]    ⚠️ task: result
[2026-05-01T14:44:40Z] [INFO]    ⚠️ task: result
[2026-05-01T14:44:40Z] [INFO]    ⚠️ task: result
[2026-05-01T14:44:40Z] [INFO]    ⚠️ task: result
[2026-05-01T14:44:40Z] [INFO]    ⚠️ task: result
[2026-05-01T14:44:40Z] [INFO]    ⚠️ task: result
[2026-05-01T14:44:40Z] [INFO]    ⚠️ task: result
[2026-05-01T14:44:40Z] [HEADER] ================================================================================
[2026-05-01T14:44:40Z] [INFO] 🔄 OVERNIGHT RESEARCH PIPELINE - CYCLE #224
[2026-05-01T14:44:40Z] [INFO] ================================================================================
[2026-05-01T14:44:40Z] [HEADER] ============================================================
[2026-05-01T14:44:40Z] [INFO] 🌙 STARTING OVERNIGHT RESEARCH CYCLE #224
[2026-05-01T14:44:40Z] [INFO] 🔍 Running overnight research protocol (web scraping + cross-symbol analysis)...
[2026-05-01T14:44:41Z] [INFO] 📊 Cycle duration: 0.16s, Files generated: 0
[2026-05-01T14:44:41Z] [WARNING] ⚠️ Database not initialized for cycle counting
[2026-05-01T14:44:41Z] [INFO] 💾 Database updated with cycle results
[2026-05-01T14:44:41Z] [SECTION] ============================================================
[2026-05-01T14:44:41Z] [INFO] 🔮 PHASE: HIDDEN LAYERING DETECTION
[2026-05-01T14:44:41Z] [INFO] 🔗 Hidden layering detection complete. Connections identified: 2
[2026-05-01T14:44:41Z] [SECTION] ============================================================
[2026-05-01T14:44:41Z] [INFO] 🔬 PHASE: DOMAIN CORRELATION ANALYSIS
[2026-05-01T14:44:41Z] [INFO] 📊 Domain correlation matrices created: 2
[2026-05-01T14:44:41Z] [SECTION] ============================================================
[2026-05-01T14:44:41Z] [INFO] 🖼️  PHASE: IMAGE-SEED ANALYSIS
[2026-05-01T14:44:41Z] [INFO] 📂 Image seed analysis bootstrapping from 0 images...
[2026-05-01T14:44:41Z] [SECTION] ============================================================
[2026-05-01T14:44:41Z] [INFO] 📤 PHASE: PUSH COMPONENTS TO TOLARIA
[2026-05-01T14:44:42Z] [INFO] 📦 Components pushed to Tolaria: 5
[2026-05-01T14:44:42Z] [SECTION] ============================================================
[2026-05-01T14:44:42Z] [INFO] 🧩 PHASE: COMPOSER - DOMAIN INTEGRATION SYNTHESIS
[2026-05-01T14:45:01Z] [INFO] 🎨 Domain integrations synthesized: 0
[2026-05-01T14:45:01Z] [SECTION] ============================================================
[2026-05-01T14:45:01Z] [INFO] 🚀 PHASE: ADVANCED OVERNIGHT LOOP
[2026-05-01T14:45:01Z] [INFO] 🔬 Advanced loop completed cycles: 0
[2026-05-01T14:45:01Z] [WARNING] ⚠️  Git commit skipped or failed (git not initialized?): Command '['git', '-C', '/home/avalonas/.hermes/gematria/unified_overnight_research', 'add', '.']' returned non-zero exit status 128.
[2026-05-01T14:45:01Z] [INFO] 
📊 CYCLE #224 SUMMARY
[2026-05-01T14:45:01Z] [INFO] ✅ Successful tasks: 7/7
[2026-05-01T14:45:01Z] [INFO] ⏱️  Cycle duration: 20.45s
[2026-05-01T14:45:01Z] [INFO]    ⚠️ task: result
[2026-05-01T14:45:01Z] [INFO]    ⚠️ task: result
[2026-05-01T14:45:01Z] [INFO]    ⚠️ task: result
[2026-05-01T14:45:01Z] [INFO]    ⚠️ task: result
[2026-05-01T14:45:01Z] [INFO]    ⚠️ task: result
[2026-05-01T14:45:01Z] [INFO]    ⚠️ task: result
[2026-05-01T14:45:01Z] [INFO]    ⚠️ task: result
[2026-05-01T14:45:01Z] [HEADER] ================================================================================
[2026-05-01T14:45:01Z] [INFO] 🔄 OVERNIGHT RESEARCH PIPELINE - CYCLE #225
[2026-05-01T14:45:01Z] [INFO] ================================================================================
[2026-05-01T14:45:01Z] [HEADER] ============================================================
[2026-05-01T14:45:01Z] [INFO] 🌙 STARTING OVERNIGHT RESEARCH CYCLE #225
[2026-05-01T14:45:01Z] [INFO] 🔍 Running overnight research protocol (web scraping + cross-symbol analysis)...
[2026-05-01T14:45:01Z] [INFO] 📊 Cycle duration: 0.15s, Files generated: 0
[2026-05-01T14:45:01Z] [WARNING] ⚠️ Database not initialized for cycle counting
[2026-05-01T14:45:01Z] [INFO] 💾 Database updated with cycle results
[2026-05-01T14:45:01Z] [SECTION] ============================================================
[2026-05-01T14:45:01Z] [INFO] 🔮 PHASE: HIDDEN LAYERING DETECTION
[2026-05-01T14:45:01Z] [INFO] 🔗 Hidden layering detection complete. Connections identified: 2
[2026-05-01T14:45:01Z] [SECTION] ============================================================
[2026-05-01T14:45:01Z] [INFO] 🔬 PHASE: DOMAIN CORRELATION ANALYSIS
[2026-05-01T14:45:01Z] [INFO] 📊 Domain correlation matrices created: 2
[2026-05-01T14:45:01Z] [SECTION] ============================================================
[2026-05-01T14:45:01Z] [INFO] 🖼️  PHASE: IMAGE-SEED ANALYSIS
[2026-05-01T14:45:01Z] [INFO] 📂 Image seed analysis bootstrapping from 0 images...
[2026-05-01T14:45:01Z] [SECTION] ============================================================
[2026-05-01T14:45:01Z] [INFO] 📤 PHASE: PUSH COMPONENTS TO TOLARIA
[2026-05-01T14:45:02Z] [INFO] 📦 Components pushed to Tolaria: 5
[2026-05-01T14:45:02Z] [SECTION] ============================================================
[2026-05-01T14:45:02Z] [INFO] 🧩 PHASE: COMPOSER - DOMAIN INTEGRATION SYNTHESIS
[2026-05-01T14:45:25Z] [INFO] 🎨 Domain integrations synthesized: 0
[2026-05-01T14:45:25Z] [SECTION] ============================================================
[2026-05-01T14:45:25Z] [INFO] 🚀 PHASE: ADVANCED OVERNIGHT LOOP
[2026-05-01T14:45:25Z] [INFO] 🔬 Advanced loop completed cycles: 0
[2026-05-01T14:45:25Z] [WARNING] ⚠️  Git commit skipped or failed (git not initialized?): Command '['git', '-C', '/home/avalonas/.hermes/gematria/unified_overnight_research', 'add', '.']' returned non-zero exit status 128.
[2026-05-01T14:45:25Z] [INFO] 
📊 CYCLE #225 SUMMARY
[2026-05-01T14:45:25Z] [INFO] ✅ Successful tasks: 7/7
[2026-05-01T14:45:25Z] [INFO] ⏱️  Cycle duration: 24.33s
[2026-05-01T14:45:25Z] [INFO]    ⚠️ task: result
[2026-05-01T14:45:25Z] [INFO]    ⚠️ task: result
[2026-05-01T14:45:25Z] [INFO]    ⚠️ task: result
[2026-05-01T14:45:25Z] [INFO]    ⚠️ task: result
[2026-05-01T14:45:25Z] [INFO]    ⚠️ task: result
[2026-05-01T14:45:25Z] [INFO]    ⚠️ task: result
[2026-05-01T14:45:25Z] [INFO]    ⚠️ task: result
[2026-05-01T14:45:25Z] [HEADER] ================================================================================
[2026-05-01T14:45:25Z] [INFO] 🔄 OVERNIGHT RESEARCH PIPELINE - CYCLE #226
[2026-05-01T14:45:25Z] [INFO] ================================================================================
[2026-05-01T14:45:25Z] [HEADER] ============================================================
[2026-05-01T14:45:25Z] [INFO] 🌙 STARTING OVERNIGHT RESEARCH CYCLE #226
[2026-05-01T14:45:25Z] [INFO] 🔍 Running overnight research protocol (web scraping + cross-symbol analysis)...
[2026-05-01T14:45:25Z] [INFO] 📊 Cycle duration: 0.25s, Files generated: 0
[2026-05-01T14:45:25Z] [WARNING] ⚠️ Database not initialized for cycle counting
[2026-05-01T14:45:25Z] [INFO] 💾 Database updated with cycle results
[2026-05-01T14:45:25Z] [SECTION] ============================================================
[2026-05-01T14:45:25Z] [INFO] 🔮 PHASE: HIDDEN LAYERING DETECTION
[2026-05-01T14:45:26Z] [INFO] 🔗 Hidden layering detection complete. Connections identified: 2
[2026-05-01T14:45:26Z] [SECTION] ============================================================
[2026-05-01T14:45:26Z] [INFO] 🔬 PHASE: DOMAIN CORRELATION ANALYSIS
[2026-05-01T14:45:26Z] [INFO] 📊 Domain correlation matrices created: 2
[2026-05-01T14:45:26Z] [SECTION] ============================================================
[2026-05-01T14:45:26Z] [INFO] 🖼️  PHASE: IMAGE-SEED ANALYSIS
[2026-05-01T14:45:26Z] [INFO] 📂 Image seed analysis bootstrapping from 0 images...
[2026-05-01T14:45:26Z] [SECTION] ============================================================
[2026-05-01T14:45:26Z] [INFO] 📤 PHASE: PUSH COMPONENTS TO TOLARIA
[2026-05-01T14:45:27Z] [INFO] 📦 Components pushed to Tolaria: 5
[2026-05-01T14:45:27Z] [SECTION] ============================================================
[2026-05-01T14:45:27Z] [INFO] 🧩 PHASE: COMPOSER - DOMAIN INTEGRATION SYNTHESIS
[2026-05-01T14:45:49Z] [INFO] 🎨 Domain integrations synthesized: 0
[2026-05-01T14:45:49Z] [SECTION] ============================================================
[2026-05-01T14:45:49Z] [INFO] 🚀 PHASE: ADVANCED OVERNIGHT LOOP
[2026-05-01T14:45:50Z] [INFO] 🔬 Advanced loop completed cycles: 0
[2026-05-01T14:45:50Z] [WARNING] ⚠️  Git commit skipped or failed (git not initialized?): Command '['git', '-C', '/home/avalonas/.hermes/gematria/unified_overnight_research', 'add', '.']' returned non-zero exit status 128.
[2026-05-01T14:45:50Z] [INFO] 
📊 CYCLE #226 SUMMARY
[2026-05-01T14:45:50Z] [INFO] ✅ Successful tasks: 7/7
[2026-05-01T14:45:50Z] [INFO] ⏱️  Cycle duration: 24.29s
[2026-05-01T14:45:50Z] [INFO]    ⚠️ task: result
[2026-05-01T14:45:50Z] [INFO]    ⚠️ task: result
[2026-05-01T14:45:50Z] [INFO]    ⚠️ task: result
[2026-05-01T14:45:50Z] [INFO]    ⚠️ task: result
[2026-05-01T14:45:50Z] [INFO]    ⚠️ task: result
[2026-05-01T14:45:50Z] [INFO]    ⚠️ task: result
[2026-05-01T14:45:50Z] [INFO]    ⚠️ task: result
[2026-05-01T14:45:50Z] [HEADER] ================================================================================
[2026-05-01T14:45:50Z] [INFO] 🔄 OVERNIGHT RESEARCH PIPELINE - CYCLE #227
[2026-05-01T14:45:50Z] [INFO] ================================================================================
[2026-05-01T14:45:50Z] [HEADER] ============================================================
[2026-05-01T14:45:50Z] [INFO] 🌙 STARTING OVERNIGHT RESEARCH CYCLE #227
[2026-05-01T14:45:50Z] [INFO] 🔍 Running overnight research protocol (web scraping + cross-symbol analysis)...
[2026-05-01T14:45:50Z] [INFO] 📊 Cycle duration: 0.36s, Files generated: 0
[2026-05-01T14:45:50Z] [WARNING] ⚠️ Database not initialized for cycle counting
[2026-05-01T14:45:50Z] [INFO] 💾 Database updated with cycle results
[2026-05-01T14:45:50Z] [SECTION] ============================================================
[2026-05-01T14:45:50Z] [INFO] 🔮 PHASE: HIDDEN LAYERING DETECTION
[2026-05-01T14:45:50Z] [INFO] 🔗 Hidden layering detection complete. Connections identified: 2
[2026-05-01T14:45:50Z] [SECTION] ============================================================
[2026-05-01T14:45:50Z] [INFO] 🔬 PHASE: DOMAIN CORRELATION ANALYSIS
[2026-05-01T14:45:50Z] [INFO] 📊 Domain correlation matrices created: 2
[2026-05-01T14:45:50Z] [SECTION] ============================================================
[2026-05-01T14:45:50Z] [INFO] 🖼️  PHASE: IMAGE-SEED ANALYSIS
[2026-05-01T14:45:50Z] [INFO] 📂 Image seed analysis bootstrapping from 0 images...
[2026-05-01T14:45:50Z] [SECTION] ============================================================
[2026-05-01T14:45:50Z] [INFO] 📤 PHASE: PUSH COMPONENTS TO TOLARIA
[2026-05-01T14:45:51Z] [INFO] 📦 Components pushed to Tolaria: 5
[2026-05-01T14:45:51Z] [SECTION] ============================================================
[2026-05-01T14:45:51Z] [INFO] 🧩 PHASE: COMPOSER - DOMAIN INTEGRATION SYNTHESIS
[2026-05-01T14:46:14Z] [INFO] 🎨 Domain integrations synthesized: 0
[2026-05-01T14:46:14Z] [SECTION] ============================================================
[2026-05-01T14:46:14Z] [INFO] 🚀 PHASE: ADVANCED OVERNIGHT LOOP
[2026-05-01T14:46:14Z] [INFO] 🔬 Advanced loop completed cycles: 0
[2026-05-01T14:46:14Z] [WARNING] ⚠️  Git commit skipped or failed (git not initialized?): Command '['git', '-C', '/home/avalonas/.hermes/gematria/unified_overnight_research', 'commit', '-m', '[2026-05-01T14:46:14Z] Cycle 226: Cycle 227: Web research + hidden layering detection']' returned non-zero exit status 128.
[2026-05-01T14:46:14Z] [INFO] 
📊 CYCLE #227 SUMMARY
[2026-05-01T14:46:14Z] [INFO] ✅ Successful tasks: 7/7
[2026-05-01T14:46:14Z] [INFO] ⏱️  Cycle duration: 24.62s
[2026-05-01T14:46:14Z] [INFO]    ⚠️ task: result
[2026-05-01T14:46:14Z] [INFO]    ⚠️ task: result
[2026-05-01T14:46:14Z] [INFO]    ⚠️ task: result
[2026-05-01T14:46:14Z] [INFO]    ⚠️ task: result
[2026-05-01T14:46:14Z] [INFO]    ⚠️ task: result
[2026-05-01T14:46:14Z] [INFO]    ⚠️ task: result
[2026-05-01T14:46:14Z] [INFO]    ⚠️ task: result
[2026-05-01T14:46:14Z] [HEADER] ================================================================================
[2026-05-01T14:46:14Z] [INFO] 🔄 OVERNIGHT RESEARCH PIPELINE - CYCLE #228
[2026-05-01T14:46:14Z] [INFO] ================================================================================
[2026-05-01T14:46:14Z] [HEADER] ============================================================
[2026-05-01T14:46:14Z] [INFO] 🌙 STARTING OVERNIGHT RESEARCH CYCLE #228
[2026-05-01T14:46:14Z] [INFO] 🔍 Running overnight research protocol (web scraping + cross-symbol analysis)...
[2026-05-01T14:46:14Z] [INFO] 📊 Cycle duration: 0.24s, Files generated: 0
[2026-05-01T14:46:14Z] [WARNING] ⚠️ Database not initialized for cycle counting
[2026-05-01T14:46:14Z] [INFO] 💾 Database updated with cycle results
[2026-05-01T14:46:14Z] [SECTION] ============================================================
[2026-05-01T14:46:14Z] [INFO] 🔮 PHASE: HIDDEN LAYERING DETECTION
[2026-05-01T14:46:14Z] [INFO] 🔗 Hidden layering detection complete. Connections identified: 2
[2026-05-01T14:46:14Z] [SECTION] ============================================================
[2026-05-01T14:46:14Z] [INFO] 🔬 PHASE: DOMAIN CORRELATION ANALYSIS
[2026-05-01T14:46:14Z] [INFO] 📊 Domain correlation matrices created: 2
[2026-05-01T14:46:14Z] [SECTION] ============================================================
[2026-05-01T14:46:14Z] [INFO] 🖼️  PHASE: IMAGE-SEED ANALYSIS
[2026-05-01T14:46:14Z] [INFO] 📂 Image seed analysis bootstrapping from 0 images...
[2026-05-01T14:46:14Z] [SECTION] ============================================================
[2026-05-01T14:46:14Z] [INFO] 📤 PHASE: PUSH COMPONENTS TO TOLARIA
[2026-05-01T14:46:15Z] [INFO] 📦 Components pushed to Tolaria: 5
[2026-05-01T14:46:15Z] [SECTION] ============================================================
[2026-05-01T14:46:15Z] [INFO] 🧩 PHASE: COMPOSER - DOMAIN INTEGRATION SYNTHESIS
[2026-05-01T14:46:39Z] [INFO] 🎨 Domain integrations synthesized: 0
[2026-05-01T14:46:39Z] [SECTION] ============================================================
[2026-05-01T14:46:39Z] [INFO] 🚀 PHASE: ADVANCED OVERNIGHT LOOP
[2026-05-01T14:46:39Z] [INFO] 🔬 Advanced loop completed cycles: 0
[2026-05-01T14:46:39Z] [WARNING] ⚠️  Git commit skipped or failed (git not initialized?): Command '['git', '-C', '/home/avalonas/.hermes/gematria/unified_overnight_research', 'add', '.']' returned non-zero exit status 128.
[2026-05-01T14:46:39Z] [INFO] 
📊 CYCLE #228 SUMMARY
[2026-05-01T14:46:39Z] [INFO] ✅ Successful tasks: 7/7
[2026-05-01T14:46:39Z] [INFO] ⏱️  Cycle duration: 24.65s
[2026-05-01T14:46:39Z] [INFO]    ⚠️ task: result
[2026-05-01T14:46:39Z] [INFO]    ⚠️ task: result
[2026-05-01T14:46:39Z] [INFO]    ⚠️ task: result
[2026-05-01T14:46:39Z] [INFO]    ⚠️ task: result
[2026-05-01T14:46:39Z] [INFO]    ⚠️ task: result
[2026-05-01T14:46:39Z] [INFO]    ⚠️ task: result
[2026-05-01T14:46:39Z] [INFO]    ⚠️ task: result
[2026-05-01T14:46:39Z] [HEADER] ================================================================================
[2026-05-01T14:46:39Z] [INFO] 🔄 OVERNIGHT RESEARCH PIPELINE - CYCLE #229
[2026-05-01T14:46:39Z] [INFO] ================================================================================
[2026-05-01T14:46:39Z] [HEADER] ============================================================
[2026-05-01T14:46:39Z] [INFO] 🌙 STARTING OVERNIGHT RESEARCH CYCLE #229
[2026-05-01T14:46:39Z] [INFO] 🔍 Running overnight research protocol (web scraping + cross-symbol analysis)...
[2026-05-01T14:46:39Z] [INFO] 📊 Cycle duration: 0.20s, Files generated: 0
[2026-05-01T14:46:39Z] [WARNING] ⚠️ Database not initialized for cycle counting
[2026-05-01T14:46:39Z] [INFO] 💾 Database updated with cycle results
[2026-05-01T14:46:39Z] [SECTION] ============================================================
[2026-05-01T14:46:39Z] [INFO] 🔮 PHASE: HIDDEN LAYERING DETECTION
[2026-05-01T14:46:39Z] [INFO] 🔗 Hidden layering detection complete. Connections identified: 2
[2026-05-01T14:46:39Z] [SECTION] ============================================================
[2026-05-01T14:46:39Z] [INFO] 🔬 PHASE: DOMAIN CORRELATION ANALYSIS
[2026-05-01T14:46:39Z] [INFO] 📊 Domain correlation matrices created: 2
[2026-05-01T14:46:39Z] [SECTION] ============================================================
[2026-05-01T14:46:39Z] [INFO] 🖼️  PHASE: IMAGE-SEED ANALYSIS
[2026-05-01T14:46:39Z] [INFO] 📂 Image seed analysis bootstrapping from 0 images...
[2026-05-01T14:46:39Z] [SECTION] ============================================================
[2026-05-01T14:46:39Z] [INFO] 📤 PHASE: PUSH COMPONENTS TO TOLARIA
[2026-05-01T14:46:40Z] [INFO] 📦 Components pushed to Tolaria: 5
[2026-05-01T14:46:40Z] [SECTION] ============================================================
[2026-05-01T14:46:40Z] [INFO] 🧩 PHASE: COMPOSER - DOMAIN INTEGRATION SYNTHESIS
[2026-05-01T14:47:03Z] [INFO] 🎨 Domain integrations synthesized: 0
[2026-05-01T14:47:03Z] [SECTION] ============================================================
[2026-05-01T14:47:03Z] [INFO] 🚀 PHASE: ADVANCED OVERNIGHT LOOP
[2026-05-01T14:47:03Z] [INFO] 🔬 Advanced loop completed cycles: 0
[2026-05-01T14:47:03Z] [WARNING] ⚠️  Git commit skipped or failed (git not initialized?): Command '['git', '-C', '/home/avalonas/.hermes/gematria/unified_overnight_research', 'add', '.']' returned non-zero exit status 128.
[2026-05-01T14:47:03Z] [INFO] 
📊 CYCLE #229 SUMMARY
[2026-05-01T14:47:03Z] [INFO] ✅ Successful tasks: 7/7
[2026-05-01T14:47:03Z] [INFO] ⏱️  Cycle duration: 24.19s
[2026-05-01T14:47:03Z] [INFO]    ⚠️ task: result
[2026-05-01T14:47:03Z] [INFO]    ⚠️ task: result
[2026-05-01T14:47:03Z] [INFO]    ⚠️ task: result
[2026-05-01T14:47:03Z] [INFO]    ⚠️ task: result
[2026-05-01T14:47:03Z] [INFO]    ⚠️ task: result
[2026-05-01T14:47:03Z] [INFO]    ⚠️ task: result
[2026-05-01T14:47:03Z] [INFO]    ⚠️ task: result
[2026-05-01T14:47:03Z] [HEADER] ================================================================================
[2026-05-01T14:47:03Z] [INFO] 🔄 OVERNIGHT RESEARCH PIPELINE - CYCLE #230
[2026-05-01T14:47:03Z] [INFO] ================================================================================
[2026-05-01T14:47:03Z] [HEADER] ============================================================
[2026-05-01T14:47:03Z] [INFO] 🌙 STARTING OVERNIGHT RESEARCH CYCLE #230
[2026-05-01T14:47:03Z] [INFO] 🔍 Running overnight research protocol (web scraping + cross-symbol analysis)...
[2026-05-01T14:47:03Z] [INFO] 📊 Cycle duration: 0.25s, Files generated: 0
[2026-05-01T14:47:03Z] [WARNING] ⚠️ Database not initialized for cycle counting
[2026-05-01T14:47:03Z] [INFO] 💾 Database updated with cycle results
[2026-05-01T14:47:03Z] [SECTION] ============================================================
[2026-05-01T14:47:03Z] [INFO] 🔮 PHASE: HIDDEN LAYERING DETECTION
[2026-05-01T14:47:03Z] [INFO] 🔗 Hidden layering detection complete. Connections identified: 2
[2026-05-01T14:47:03Z] [SECTION] ============================================================
[2026-05-01T14:47:03Z] [INFO] 🔬 PHASE: DOMAIN CORRELATION ANALYSIS
[2026-05-01T14:47:03Z] [INFO] 📊 Domain correlation matrices created: 2
[2026-05-01T14:47:03Z] [SECTION] ============================================================
[2026-05-01T14:47:03Z] [INFO] 🖼️  PHASE: IMAGE-SEED ANALYSIS
[2026-05-01T14:47:03Z] [INFO] 📂 Image seed analysis bootstrapping from 0 images...
[2026-05-01T14:47:03Z] [SECTION] ============================================================
[2026-05-01T14:47:03Z] [INFO] 📤 PHASE: PUSH COMPONENTS TO TOLARIA
[2026-05-01T14:47:04Z] [INFO] 📦 Components pushed to Tolaria: 5
[2026-05-01T14:47:04Z] [SECTION] ============================================================
[2026-05-01T14:47:04Z] [INFO] 🧩 PHASE: COMPOSER - DOMAIN INTEGRATION SYNTHESIS
[2026-05-01T14:47:27Z] [INFO] 🎨 Domain integrations synthesized: 0
[2026-05-01T14:47:27Z] [SECTION] ============================================================
[2026-05-01T14:47:27Z] [INFO] 🚀 PHASE: ADVANCED OVERNIGHT LOOP
[2026-05-01T14:47:27Z] [INFO] 🔬 Advanced loop completed cycles: 0
[2026-05-01T14:47:27Z] [WARNING] ⚠️  Git commit skipped or failed (git not initialized?): Command '['git', '-C', '/home/avalonas/.hermes/gematria/unified_overnight_research', 'commit', '-m', '[2026-05-01T14:47:27Z] Cycle 229: Cycle 230: Web research + hidden layering detection']' returned non-zero exit status 1.
[2026-05-01T14:47:27Z] [INFO] 
📊 CYCLE #230 SUMMARY
[2026-05-01T14:47:27Z] [INFO] ✅ Successful tasks: 7/7
[2026-05-01T14:47:27Z] [INFO] ⏱️  Cycle duration: 24.46s
[2026-05-01T14:47:27Z] [INFO]    ⚠️ task: result
[2026-05-01T14:47:27Z] [INFO]    ⚠️ task: result
[2026-05-01T14:47:27Z] [INFO]    ⚠️ task: result
[2026-05-01T14:47:27Z] [INFO]    ⚠️ task: result
[2026-05-01T14:47:27Z] [INFO]    ⚠️ task: result
[2026-05-01T14:47:27Z] [INFO]    ⚠️ task: result
[2026-05-01T14:47:27Z] [INFO]    ⚠️ task: result
[2026-05-01T14:47:27Z] [HEADER] ================================================================================
[2026-05-01T14:47:27Z] [INFO] 🔄 OVERNIGHT RESEARCH PIPELINE - CYCLE #231
[2026-05-01T14:47:27Z] [INFO] ================================================================================
[2026-05-01T14:47:27Z] [HEADER] ============================================================
[2026-05-01T14:47:27Z] [INFO] 🌙 STARTING OVERNIGHT RESEARCH CYCLE #231
[2026-05-01T14:47:27Z] [INFO] 🔍 Running overnight research protocol (web scraping + cross-symbol analysis)...
[2026-05-01T14:47:28Z] [INFO] 📊 Cycle duration: 0.26s, Files generated: 0
[2026-05-01T14:47:28Z] [WARNING] ⚠️ Database not initialized for cycle counting
[2026-05-01T14:47:28Z] [INFO] 💾 Database updated with cycle results
[2026-05-01T14:47:28Z] [SECTION] ============================================================
[2026-05-01T14:47:28Z] [INFO] 🔮 PHASE: HIDDEN LAYERING DETECTION
[2026-05-01T14:47:28Z] [INFO] 🔗 Hidden layering detection complete. Connections identified: 2
[2026-05-01T14:47:28Z] [SECTION] ============================================================
[2026-05-01T14:47:28Z] [INFO] 🔬 PHASE: DOMAIN CORRELATION ANALYSIS
[2026-05-01T14:47:28Z] [INFO] 📊 Domain correlation matrices created: 2
[2026-05-01T14:47:28Z] [SECTION] ============================================================
[2026-05-01T14:47:28Z] [INFO] 🖼️  PHASE: IMAGE-SEED ANALYSIS
[2026-05-01T14:47:28Z] [INFO] 📂 Image seed analysis bootstrapping from 0 images...
[2026-05-01T14:47:28Z] [SECTION] ============================================================
[2026-05-01T14:47:28Z] [INFO] 📤 PHASE: PUSH COMPONENTS TO TOLARIA
[2026-05-01T14:47:29Z] [INFO] 📦 Components pushed to Tolaria: 5
[2026-05-01T14:47:29Z] [SECTION] ============================================================
[2026-05-01T14:47:29Z] [INFO] 🧩 PHASE: COMPOSER - DOMAIN INTEGRATION SYNTHESIS
[2026-05-01T14:47:51Z] [INFO] 🎨 Domain integrations synthesized: 0
[2026-05-01T14:47:51Z] [SECTION] ============================================================
[2026-05-01T14:47:51Z] [INFO] 🚀 PHASE: ADVANCED OVERNIGHT LOOP
[2026-05-01T14:47:51Z] [INFO] 🔬 Advanced loop completed cycles: 0
[2026-05-01T14:47:51Z] [WARNING] ⚠️  Git commit skipped or failed (git not initialized?): Command '['git', '-C', '/home/avalonas/.hermes/gematria/unified_overnight_research', 'add', '.']' returned non-zero exit status 128.
[2026-05-01T14:47:51Z] [INFO] 
📊 CYCLE #231 SUMMARY
[2026-05-01T14:47:51Z] [INFO] ✅ Successful tasks: 7/7
[2026-05-01T14:47:51Z] [INFO] ⏱️  Cycle duration: 23.61s
[2026-05-01T14:47:51Z] [INFO]    ⚠️ task: result
[2026-05-01T14:47:51Z] [INFO]    ⚠️ task: result
[2026-05-01T14:47:51Z] [INFO]    ⚠️ task: result
[2026-05-01T14:47:51Z] [INFO]    ⚠️ task: result
[2026-05-01T14:47:51Z] [INFO]    ⚠️ task: result
[2026-05-01T14:47:51Z] [INFO]    ⚠️ task: result
[2026-05-01T14:47:51Z] [INFO]    ⚠️ task: result
[2026-05-01T14:47:51Z] [HEADER] ================================================================================
[2026-05-01T14:47:51Z] [INFO] 🔄 OVERNIGHT RESEARCH PIPELINE - CYCLE #232
[2026-05-01T14:47:51Z] [INFO] ================================================================================
[2026-05-01T14:47:51Z] [HEADER] ============================================================
[2026-05-01T14:47:51Z] [INFO] 🌙 STARTING OVERNIGHT RESEARCH CYCLE #232
[2026-05-01T14:47:51Z] [INFO] 🔍 Running overnight research protocol (web scraping + cross-symbol analysis)...
[2026-05-01T14:47:51Z] [INFO] 📊 Cycle duration: 0.32s, Files generated: 0
[2026-05-01T14:47:51Z] [WARNING] ⚠️ Database not initialized for cycle counting
[2026-05-01T14:47:51Z] [INFO] 💾 Database updated with cycle results
[2026-05-01T14:47:51Z] [SECTION] ============================================================
[2026-05-01T14:47:51Z] [INFO] 🔮 PHASE: HIDDEN LAYERING DETECTION
[2026-05-01T14:47:51Z] [INFO] 🔗 Hidden layering detection complete. Connections identified: 2
[2026-05-01T14:47:51Z] [SECTION] ============================================================
[2026-05-01T14:47:51Z] [INFO] 🔬 PHASE: DOMAIN CORRELATION ANALYSIS
[2026-05-01T14:47:51Z] [INFO] 📊 Domain correlation matrices created: 2
[2026-05-01T14:47:51Z] [SECTION] ============================================================
[2026-05-01T14:47:51Z] [INFO] 🖼️  PHASE: IMAGE-SEED ANALYSIS
[2026-05-01T14:47:51Z] [INFO] 📂 Image seed analysis bootstrapping from 0 images...
[2026-05-01T14:47:51Z] [SECTION] ============================================================
[2026-05-01T14:47:51Z] [INFO] 📤 PHASE: PUSH COMPONENTS TO TOLARIA
[2026-05-01T14:47:52Z] [INFO] 📦 Components pushed to Tolaria: 5
[2026-05-01T14:47:52Z] [SECTION] ============================================================
[2026-05-01T14:47:52Z] [INFO] 🧩 PHASE: COMPOSER - DOMAIN INTEGRATION SYNTHESIS
[2026-05-01T14:48:15Z] [INFO] 🎨 Domain integrations synthesized: 0
[2026-05-01T14:48:15Z] [SECTION] ============================================================
[2026-05-01T14:48:15Z] [INFO] 🚀 PHASE: ADVANCED OVERNIGHT LOOP
[2026-05-01T14:48:15Z] [INFO] 🔬 Advanced loop completed cycles: 0
[2026-05-01T14:48:15Z] [WARNING] ⚠️  Git commit skipped or failed (git not initialized?): Command '['git', '-C', '/home/avalonas/.hermes/gematria/unified_overnight_research', 'add', '.']' returned non-zero exit status 128.
[2026-05-01T14:48:15Z] [INFO] 
📊 CYCLE #232 SUMMARY
[2026-05-01T14:48:15Z] [INFO] ✅ Successful tasks: 7/7
[2026-05-01T14:48:15Z] [INFO] ⏱️  Cycle duration: 24.42s
[2026-05-01T14:48:15Z] [INFO]    ⚠️ task: result
[2026-05-01T14:48:15Z] [INFO]    ⚠️ task: result
[2026-05-01T14:48:15Z] [INFO]    ⚠️ task: result
[2026-05-01T14:48:15Z] [INFO]    ⚠️ task: result
[2026-05-01T14:48:15Z] [INFO]    ⚠️ task: result
[2026-05-01T14:48:15Z] [INFO]    ⚠️ task: result
[2026-05-01T14:48:15Z] [INFO]    ⚠️ task: result
[2026-05-01T14:48:15Z] [HEADER] ================================================================================
[2026-05-01T14:48:15Z] [INFO] 🔄 OVERNIGHT RESEARCH PIPELINE - CYCLE #233
[2026-05-01T14:48:15Z] [INFO] ================================================================================
[2026-05-01T14:48:15Z] [HEADER] ============================================================
[2026-05-01T14:48:15Z] [INFO] 🌙 STARTING OVERNIGHT RESEARCH CYCLE #233
[2026-05-01T14:48:15Z] [INFO] 🔍 Running overnight research protocol (web scraping + cross-symbol analysis)...
[2026-05-01T14:48:16Z] [INFO] 📊 Cycle duration: 0.25s, Files generated: 0
[2026-05-01T14:48:16Z] [WARNING] ⚠️ Database not initialized for cycle counting
[2026-05-01T14:48:16Z] [INFO] 💾 Database updated with cycle results
[2026-05-01T14:48:16Z] [SECTION] ============================================================
[2026-05-01T14:48:16Z] [INFO] 🔮 PHASE: HIDDEN LAYERING DETECTION
[2026-05-01T14:48:16Z] [INFO] 🔗 Hidden layering detection complete. Connections identified: 2
[2026-05-01T14:48:16Z] [SECTION] ============================================================
[2026-05-01T14:48:16Z] [INFO] 🔬 PHASE: DOMAIN CORRELATION ANALYSIS
[2026-05-01T14:48:16Z] [INFO] 📊 Domain correlation matrices created: 2
[2026-05-01T14:48:16Z] [SECTION] ============================================================
[2026-05-01T14:48:16Z] [INFO] 🖼️  PHASE: IMAGE-SEED ANALYSIS
[2026-05-01T14:48:16Z] [INFO] 📂 Image seed analysis bootstrapping from 0 images...
[2026-05-01T14:48:16Z] [SECTION] ============================================================
[2026-05-01T14:48:16Z] [INFO] 📤 PHASE: PUSH COMPONENTS TO TOLARIA
[2026-05-01T14:48:17Z] [INFO] 📦 Components pushed to Tolaria: 5
[2026-05-01T14:48:17Z] [SECTION] ============================================================
[2026-05-01T14:48:17Z] [INFO] 🧩 PHASE: COMPOSER - DOMAIN INTEGRATION SYNTHESIS
[2026-05-01T14:48:36Z] [INFO] 🎨 Domain integrations synthesized: 0
[2026-05-01T14:48:36Z] [SECTION] ============================================================
[2026-05-01T14:48:36Z] [INFO] 🚀 PHASE: ADVANCED OVERNIGHT LOOP
[2026-05-01T14:48:36Z] [INFO] 🔬 Advanced loop completed cycles: 0
[2026-05-01T14:48:36Z] [WARNING] ⚠️  Git commit skipped or failed (git not initialized?): Command '['git', '-C', '/home/avalonas/.hermes/gematria/unified_overnight_research', 'commit', '-m', '[2026-05-01T14:48:36Z] Cycle 232: Cycle 233: Web research + hidden layering detection']' returned non-zero exit status 1.
[2026-05-01T14:48:36Z] [INFO] 
📊 CYCLE #233 SUMMARY
[2026-05-01T14:48:36Z] [INFO] ✅ Successful tasks: 7/7
[2026-05-01T14:48:36Z] [INFO] ⏱️  Cycle duration: 20.68s
[2026-05-01T14:48:36Z] [INFO]    ⚠️ task: result
[2026-05-01T14:48:36Z] [INFO]    ⚠️ task: result
[2026-05-01T14:48:36Z] [INFO]    ⚠️ task: result
[2026-05-01T14:48:36Z] [INFO]    ⚠️ task: result
[2026-05-01T14:48:36Z] [INFO]    ⚠️ task: result
[2026-05-01T14:48:36Z] [INFO]    ⚠️ task: result
[2026-05-01T14:48:36Z] [INFO]    ⚠️ task: result
[2026-05-01T14:48:36Z] [HEADER] ================================================================================
[2026-05-01T14:48:36Z] [INFO] 🔄 OVERNIGHT RESEARCH PIPELINE - CYCLE #234
[2026-05-01T14:48:36Z] [INFO] ================================================================================
[2026-05-01T14:48:36Z] [HEADER] ============================================================
[2026-05-01T14:48:36Z] [INFO] 🌙 STARTING OVERNIGHT RESEARCH CYCLE #234
[2026-05-01T14:48:36Z] [INFO] 🔍 Running overnight research protocol (web scraping + cross-symbol analysis)...
[2026-05-01T14:48:36Z] [INFO] 📊 Cycle duration: 0.19s, Files generated: 0
[2026-05-01T14:48:36Z] [WARNING] ⚠️ Database not initialized for cycle counting
[2026-05-01T14:48:36Z] [INFO] 💾 Database updated with cycle results
[2026-05-01T14:48:36Z] [SECTION] ============================================================
[2026-05-01T14:48:36Z] [INFO] 🔮 PHASE: HIDDEN LAYERING DETECTION
[2026-05-01T14:48:36Z] [INFO] 🔗 Hidden layering detection complete. Connections identified: 2
[2026-05-01T14:48:36Z] [SECTION] ============================================================
[2026-05-01T14:48:36Z] [INFO] 🔬 PHASE: DOMAIN CORRELATION ANALYSIS
[2026-05-01T14:48:36Z] [INFO] 📊 Domain correlation matrices created: 2
[2026-05-01T14:48:36Z] [SECTION] ============================================================
[2026-05-01T14:48:36Z] [INFO] 🖼️  PHASE: IMAGE-SEED ANALYSIS
[2026-05-01T14:48:36Z] [INFO] 📂 Image seed analysis bootstrapping from 0 images...
[2026-05-01T14:48:36Z] [SECTION] ============================================================
[2026-05-01T14:48:36Z] [INFO] 📤 PHASE: PUSH COMPONENTS TO TOLARIA
[2026-05-01T14:48:38Z] [INFO] 📦 Components pushed to Tolaria: 5
[2026-05-01T14:48:38Z] [SECTION] ============================================================
[2026-05-01T14:48:38Z] [INFO] 🧩 PHASE: COMPOSER - DOMAIN INTEGRATION SYNTHESIS
[2026-05-01T14:49:00Z] [INFO] 🎨 Domain integrations synthesized: 0
[2026-05-01T14:49:00Z] [SECTION] ============================================================
[2026-05-01T14:49:00Z] [INFO] 🚀 PHASE: ADVANCED OVERNIGHT LOOP
[2026-05-01T14:49:00Z] [INFO] 🔬 Advanced loop completed cycles: 0
[2026-05-01T14:49:01Z] [WARNING] ⚠️  Git commit skipped or failed (git not initialized?): Command '['git', '-C', '/home/avalonas/.hermes/gematria/unified_overnight_research', 'commit', '-m', '[2026-05-01T14:49:01Z] Cycle 233: Cycle 234: Web research + hidden layering detection']' returned non-zero exit status 128.
[2026-05-01T14:49:01Z] [INFO] 
📊 CYCLE #234 SUMMARY
[2026-05-01T14:49:01Z] [INFO] ✅ Successful tasks: 7/7
[2026-05-01T14:49:01Z] [INFO] ⏱️  Cycle duration: 24.43s
[2026-05-01T14:49:01Z] [INFO]    ⚠️ task: result
[2026-05-01T14:49:01Z] [INFO]    ⚠️ task: result
[2026-05-01T14:49:01Z] [INFO]    ⚠️ task: result
[2026-05-01T14:49:01Z] [INFO]    ⚠️ task: result
[2026-05-01T14:49:01Z] [INFO]    ⚠️ task: result
[2026-05-01T14:49:01Z] [INFO]    ⚠️ task: result
[2026-05-01T14:49:01Z] [INFO]    ⚠️ task: result
[2026-05-01T14:49:01Z] [HEADER] ================================================================================
[2026-05-01T14:49:01Z] [INFO] 🔄 OVERNIGHT RESEARCH PIPELINE - CYCLE #235
[2026-05-01T14:49:01Z] [INFO] ================================================================================
[2026-05-01T14:49:01Z] [HEADER] ============================================================
[2026-05-01T14:49:01Z] [INFO] 🌙 STARTING OVERNIGHT RESEARCH CYCLE #235
[2026-05-01T14:49:01Z] [INFO] 🔍 Running overnight research protocol (web scraping + cross-symbol analysis)...
[2026-05-01T14:49:01Z] [INFO] 📊 Cycle duration: 0.24s, Files generated: 0
[2026-05-01T14:49:01Z] [WARNING] ⚠️ Database not initialized for cycle counting
[2026-05-01T14:49:01Z] [INFO] 💾 Database updated with cycle results
[2026-05-01T14:49:01Z] [SECTION] ============================================================
[2026-05-01T14:49:01Z] [INFO] 🔮 PHASE: HIDDEN LAYERING DETECTION
[2026-05-01T14:49:01Z] [INFO] 🔗 Hidden layering detection complete. Connections identified: 2
[2026-05-01T14:49:01Z] [SECTION] ============================================================
[2026-05-01T14:49:01Z] [INFO] 🔬 PHASE: DOMAIN CORRELATION ANALYSIS
[2026-05-01T14:49:01Z] [INFO] 📊 Domain correlation matrices created: 2
[2026-05-01T14:49:01Z] [SECTION] ============================================================
[2026-05-01T14:49:01Z] [INFO] 🖼️  PHASE: IMAGE-SEED ANALYSIS
[2026-05-01T14:49:01Z] [INFO] 📂 Image seed analysis bootstrapping from 0 images...
[2026-05-01T14:49:01Z] [SECTION] ============================================================
[2026-05-01T14:49:01Z] [INFO] 📤 PHASE: PUSH COMPONENTS TO TOLARIA
[2026-05-01T14:49:02Z] [INFO] 📦 Components pushed to Tolaria: 5
[2026-05-01T14:49:02Z] [SECTION] ============================================================
[2026-05-01T14:49:02Z] [INFO] 🧩 PHASE: COMPOSER - DOMAIN INTEGRATION SYNTHESIS
[2026-05-01T14:49:25Z] [INFO] 🎨 Domain integrations synthesized: 0
[2026-05-01T14:49:25Z] [SECTION] ============================================================
[2026-05-01T14:49:25Z] [INFO] 🚀 PHASE: ADVANCED OVERNIGHT LOOP
[2026-05-01T14:49:25Z] [INFO] 🔬 Advanced loop completed cycles: 0
[2026-05-01T14:49:25Z] [WARNING] ⚠️  Git commit skipped or failed (git not initialized?): Command '['git', '-C', '/home/avalonas/.hermes/gematria/unified_overnight_research', 'add', '.']' returned non-zero exit status 128.
[2026-05-01T14:49:25Z] [INFO] 
📊 CYCLE #235 SUMMARY
[2026-05-01T14:49:25Z] [INFO] ✅ Successful tasks: 7/7
[2026-05-01T14:49:25Z] [INFO] ⏱️  Cycle duration: 24.14s
[2026-05-01T14:49:25Z] [INFO]    ⚠️ task: result
[2026-05-01T14:49:25Z] [INFO]    ⚠️ task: result
[2026-05-01T14:49:25Z] [INFO]    ⚠️ task: result
[2026-05-01T14:49:25Z] [INFO]    ⚠️ task: result
[2026-05-01T14:49:25Z] [INFO]    ⚠️ task: result
[2026-05-01T14:49:25Z] [INFO]    ⚠️ task: result
[2026-05-01T14:49:25Z] [INFO]    ⚠️ task: result
[2026-05-01T14:49:25Z] [HEADER] ================================================================================
[2026-05-01T14:49:25Z] [INFO] 🔄 OVERNIGHT RESEARCH PIPELINE - CYCLE #236
[2026-05-01T14:49:25Z] [INFO] ================================================================================
[2026-05-01T14:49:25Z] [HEADER] ============================================================
[2026-05-01T14:49:25Z] [INFO] 🌙 STARTING OVERNIGHT RESEARCH CYCLE #236
[2026-05-01T14:49:25Z] [INFO] 🔍 Running overnight research protocol (web scraping + cross-symbol analysis)...
[2026-05-01T14:49:25Z] [INFO] 📊 Cycle duration: 0.13s, Files generated: 0
[2026-05-01T14:49:25Z] [WARNING] ⚠️ Database not initialized for cycle counting
[2026-05-01T14:49:25Z] [INFO] 💾 Database updated with cycle results
[2026-05-01T14:49:25Z] [SECTION] ============================================================
[2026-05-01T14:49:25Z] [INFO] 🔮 PHASE: HIDDEN LAYERING DETECTION
[2026-05-01T14:49:25Z] [INFO] 🔗 Hidden layering detection complete. Connections identified: 2
[2026-05-01T14:49:25Z] [SECTION] ============================================================
[2026-05-01T14:49:25Z] [INFO] 🔬 PHASE: DOMAIN CORRELATION ANALYSIS
[2026-05-01T14:49:25Z] [INFO] 📊 Domain correlation matrices created: 2
[2026-05-01T14:49:25Z] [SECTION] ============================================================
[2026-05-01T14:49:25Z] [INFO] 🖼️  PHASE: IMAGE-SEED ANALYSIS
[2026-05-01T14:49:25Z] [INFO] 📂 Image seed analysis bootstrapping from 0 images...
[2026-05-01T14:49:25Z] [SECTION] ============================================================
[2026-05-01T14:49:25Z] [INFO] 📤 PHASE: PUSH COMPONENTS TO TOLARIA
[2026-05-01T14:49:26Z] [INFO] 📦 Components pushed to Tolaria: 5
[2026-05-01T14:49:26Z] [SECTION] ============================================================
[2026-05-01T14:49:26Z] [INFO] 🧩 PHASE: COMPOSER - DOMAIN INTEGRATION SYNTHESIS
[2026-05-01T14:49:45Z] [INFO] 🎨 Domain integrations synthesized: 0
[2026-05-01T14:49:45Z] [SECTION] ============================================================
[2026-05-01T14:49:45Z] [INFO] 🚀 PHASE: ADVANCED OVERNIGHT LOOP
[2026-05-01T14:49:45Z] [INFO] 🔬 Advanced loop completed cycles: 0
[2026-05-01T14:49:45Z] [WARNING] ⚠️  Git commit skipped or failed (git not initialized?): Command '['git', '-C', '/home/avalonas/.hermes/gematria/unified_overnight_research', 'add', '.']' returned non-zero exit status 128.
[2026-05-01T14:49:45Z] [INFO] 
📊 CYCLE #236 SUMMARY
[2026-05-01T14:49:45Z] [INFO] ✅ Successful tasks: 7/7
[2026-05-01T14:49:45Z] [INFO] ⏱️  Cycle duration: 20.40s
[2026-05-01T14:49:45Z] [INFO]    ⚠️ task: result
[2026-05-01T14:49:45Z] [INFO]    ⚠️ task: result
[2026-05-01T14:49:45Z] [INFO]    ⚠️ task: result
[2026-05-01T14:49:45Z] [INFO]    ⚠️ task: result
[2026-05-01T14:49:45Z] [INFO]    ⚠️ task: result
[2026-05-01T14:49:45Z] [INFO]    ⚠️ task: result
[2026-05-01T14:49:45Z] [INFO]    ⚠️ task: result
[2026-05-01T14:49:45Z] [HEADER] ================================================================================
[2026-05-01T14:49:45Z] [INFO] 🔄 OVERNIGHT RESEARCH PIPELINE - CYCLE #237
[2026-05-01T14:49:45Z] [INFO] ================================================================================
[2026-05-01T14:49:45Z] [HEADER] ============================================================
[2026-05-01T14:49:45Z] [INFO] 🌙 STARTING OVERNIGHT RESEARCH CYCLE #237
[2026-05-01T14:49:45Z] [INFO] 🔍 Running overnight research protocol (web scraping + cross-symbol analysis)...
[2026-05-01T14:49:45Z] [INFO] 📊 Cycle duration: 0.13s, Files generated: 0
[2026-05-01T14:49:45Z] [WARNING] ⚠️ Database not initialized for cycle counting
[2026-05-01T14:49:45Z] [INFO] 💾 Database updated with cycle results
[2026-05-01T14:49:45Z] [SECTION] ============================================================
[2026-05-01T14:49:45Z] [INFO] 🔮 PHASE: HIDDEN LAYERING DETECTION
[2026-05-01T14:49:45Z] [INFO] 🔗 Hidden layering detection complete. Connections identified: 2
[2026-05-01T14:49:45Z] [SECTION] ============================================================
[2026-05-01T14:49:45Z] [INFO] 🔬 PHASE: DOMAIN CORRELATION ANALYSIS
[2026-05-01T14:49:45Z] [INFO] 📊 Domain correlation matrices created: 2
[2026-05-01T14:49:45Z] [SECTION] ============================================================
[2026-05-01T14:49:45Z] [INFO] 🖼️  PHASE: IMAGE-SEED ANALYSIS
[2026-05-01T14:49:45Z] [INFO] 📂 Image seed analysis bootstrapping from 0 images...
[2026-05-01T14:49:45Z] [SECTION] ============================================================
[2026-05-01T14:49:45Z] [INFO] 📤 PHASE: PUSH COMPONENTS TO TOLARIA
[2026-05-01T14:49:46Z] [INFO] 📦 Components pushed to Tolaria: 5
[2026-05-01T14:49:46Z] [SECTION] ============================================================
[2026-05-01T14:49:46Z] [INFO] 🧩 PHASE: COMPOSER - DOMAIN INTEGRATION SYNTHESIS
[2026-05-01T14:50:09Z] [INFO] 🎨 Domain integrations synthesized: 0
[2026-05-01T14:50:09Z] [SECTION] ============================================================
[2026-05-01T14:50:09Z] [INFO] 🚀 PHASE: ADVANCED OVERNIGHT LOOP
[2026-05-01T14:50:09Z] [INFO] 🔬 Advanced loop completed cycles: 0
[2026-05-01T14:50:09Z] [WARNING] ⚠️  Git commit skipped or failed (git not initialized?): Command '['git', '-C', '/home/avalonas/.hermes/gematria/unified_overnight_research', 'add', '.']' returned non-zero exit status 128.
[2026-05-01T14:50:09Z] [INFO] 
📊 CYCLE #237 SUMMARY
[2026-05-01T14:50:09Z] [INFO] ✅ Successful tasks: 7/7
[2026-05-01T14:50:09Z] [INFO] ⏱️  Cycle duration: 24.07s
[2026-05-01T14:50:09Z] [INFO]    ⚠️ task: result
[2026-05-01T14:50:09Z] [INFO]    ⚠️ task: result
[2026-05-01T14:50:09Z] [INFO]    ⚠️ task: result
[2026-05-01T14:50:09Z] [INFO]    ⚠️ task: result
[2026-05-01T14:50:09Z] [INFO]    ⚠️ task: result
[2026-05-01T14:50:09Z] [INFO]    ⚠️ task: result
[2026-05-01T14:50:09Z] [INFO]    ⚠️ task: result
[2026-05-01T14:50:09Z] [HEADER] ================================================================================
[2026-05-01T14:50:09Z] [INFO] 🔄 OVERNIGHT RESEARCH PIPELINE - CYCLE #238
[2026-05-01T14:50:09Z] [INFO] ================================================================================
[2026-05-01T14:50:09Z] [HEADER] ============================================================
[2026-05-01T14:50:09Z] [INFO] 🌙 STARTING OVERNIGHT RESEARCH CYCLE #238
[2026-05-01T14:50:09Z] [INFO] 🔍 Running overnight research protocol (web scraping + cross-symbol analysis)...
[2026-05-01T14:50:09Z] [INFO] 📊 Cycle duration: 0.13s, Files generated: 0
[2026-05-01T14:50:09Z] [WARNING] ⚠️ Database not initialized for cycle counting
[2026-05-01T14:50:09Z] [INFO] 💾 Database updated with cycle results
[2026-05-01T14:50:09Z] [SECTION] ============================================================
[2026-05-01T14:50:09Z] [INFO] 🔮 PHASE: HIDDEN LAYERING DETECTION
[2026-05-01T14:50:09Z] [INFO] 🔗 Hidden layering detection complete. Connections identified: 2
[2026-05-01T14:50:09Z] [SECTION] ============================================================
[2026-05-01T14:50:09Z] [INFO] 🔬 PHASE: DOMAIN CORRELATION ANALYSIS
[2026-05-01T14:50:09Z] [INFO] 📊 Domain correlation matrices created: 2
[2026-05-01T14:50:09Z] [SECTION] ============================================================
[2026-05-01T14:50:09Z] [INFO] 🖼️  PHASE: IMAGE-SEED ANALYSIS
[2026-05-01T14:50:09Z] [INFO] 📂 Image seed analysis bootstrapping from 0 images...
[2026-05-01T14:50:09Z] [SECTION] ============================================================
[2026-05-01T14:50:09Z] [INFO] 📤 PHASE: PUSH COMPONENTS TO TOLARIA
[2026-05-01T14:50:10Z] [INFO] 📦 Components pushed to Tolaria: 5
[2026-05-01T14:50:10Z] [SECTION] ============================================================
[2026-05-01T14:50:10Z] [INFO] 🧩 PHASE: COMPOSER - DOMAIN INTEGRATION SYNTHESIS
[2026-05-01T14:50:33Z] [INFO] 🎨 Domain integrations synthesized: 0
[2026-05-01T14:50:33Z] [SECTION] ============================================================
[2026-05-01T14:50:33Z] [INFO] 🚀 PHASE: ADVANCED OVERNIGHT LOOP
[2026-05-01T14:50:33Z] [INFO] 🔬 Advanced loop completed cycles: 0
[2026-05-01T14:50:33Z] [WARNING] ⚠️  Git commit skipped or failed (git not initialized?): Command '['git', '-C', '/home/avalonas/.hermes/gematria/unified_overnight_research', 'add', '.']' returned non-zero exit status 128.
[2026-05-01T14:50:33Z] [INFO] 
📊 CYCLE #238 SUMMARY
[2026-05-01T14:50:33Z] [INFO] ✅ Successful tasks: 7/7
[2026-05-01T14:50:33Z] [INFO] ⏱️  Cycle duration: 24.04s
[2026-05-01T14:50:33Z] [INFO]    ⚠️ task: result
[2026-05-01T14:50:33Z] [INFO]    ⚠️ task: result
[2026-05-01T14:50:33Z] [INFO]    ⚠️ task: result
[2026-05-01T14:50:33Z] [INFO]    ⚠️ task: result
[2026-05-01T14:50:33Z] [INFO]    ⚠️ task: result
[2026-05-01T14:50:33Z] [INFO]    ⚠️ task: result
[2026-05-01T14:50:33Z] [INFO]    ⚠️ task: result
[2026-05-01T14:50:33Z] [HEADER] ================================================================================
[2026-05-01T14:50:33Z] [INFO] 🔄 OVERNIGHT RESEARCH PIPELINE - CYCLE #239
[2026-05-01T14:50:33Z] [INFO] ================================================================================
[2026-05-01T14:50:33Z] [HEADER] ============================================================
[2026-05-01T14:50:33Z] [INFO] 🌙 STARTING OVERNIGHT RESEARCH CYCLE #239
[2026-05-01T14:50:33Z] [INFO] 🔍 Running overnight research protocol (web scraping + cross-symbol analysis)...
[2026-05-01T14:50:33Z] [INFO] 📊 Cycle duration: 0.20s, Files generated: 0
[2026-05-01T14:50:33Z] [WARNING] ⚠️ Database not initialized for cycle counting
[2026-05-01T14:50:33Z] [INFO] 💾 Database updated with cycle results
[2026-05-01T14:50:33Z] [SECTION] ============================================================
[2026-05-01T14:50:33Z] [INFO] 🔮 PHASE: HIDDEN LAYERING DETECTION
[2026-05-01T14:50:33Z] [INFO] 🔗 Hidden layering detection complete. Connections identified: 2
[2026-05-01T14:50:33Z] [SECTION] ============================================================
[2026-05-01T14:50:33Z] [INFO] 🔬 PHASE: DOMAIN CORRELATION ANALYSIS
[2026-05-01T14:50:34Z] [INFO] 📊 Domain correlation matrices created: 2
[2026-05-01T14:50:34Z] [SECTION] ============================================================
[2026-05-01T14:50:34Z] [INFO] 🖼️  PHASE: IMAGE-SEED ANALYSIS
[2026-05-01T14:50:34Z] [INFO] 📂 Image seed analysis bootstrapping from 0 images...
[2026-05-01T14:50:34Z] [SECTION] ============================================================
[2026-05-01T14:50:34Z] [INFO] 📤 PHASE: PUSH COMPONENTS TO TOLARIA
[2026-05-01T14:50:35Z] [INFO] 📦 Components pushed to Tolaria: 5
[2026-05-01T14:50:35Z] [SECTION] ============================================================
[2026-05-01T14:50:35Z] [INFO] 🧩 PHASE: COMPOSER - DOMAIN INTEGRATION SYNTHESIS
[2026-05-01T14:50:57Z] [INFO] 🎨 Domain integrations synthesized: 0
[2026-05-01T14:50:57Z] [SECTION] ============================================================
[2026-05-01T14:50:57Z] [INFO] 🚀 PHASE: ADVANCED OVERNIGHT LOOP
[2026-05-01T14:50:57Z] [INFO] 🔬 Advanced loop completed cycles: 0
[2026-05-01T14:50:57Z] [WARNING] ⚠️  Git commit skipped or failed (git not initialized?): Command '['git', '-C', '/home/avalonas/.hermes/gematria/unified_overnight_research', 'add', '.']' returned non-zero exit status 128.
[2026-05-01T14:50:57Z] [INFO] 
📊 CYCLE #239 SUMMARY
[2026-05-01T14:50:57Z] [INFO] ✅ Successful tasks: 7/7
[2026-05-01T14:50:57Z] [INFO] ⏱️  Cycle duration: 24.24s
[2026-05-01T14:50:57Z] [INFO]    ⚠️ task: result
[2026-05-01T14:50:57Z] [INFO]    ⚠️ task: result
[2026-05-01T14:50:57Z] [INFO]    ⚠️ task: result
[2026-05-01T14:50:57Z] [INFO]    ⚠️ task: result
[2026-05-01T14:50:57Z] [INFO]    ⚠️ task: result
[2026-05-01T14:50:57Z] [INFO]    ⚠️ task: result
[2026-05-01T14:50:57Z] [INFO]    ⚠️ task: result
[2026-05-01T14:50:57Z] [HEADER] ================================================================================
[2026-05-01T14:50:57Z] [INFO] 🔄 OVERNIGHT RESEARCH PIPELINE - CYCLE #240
[2026-05-01T14:50:57Z] [INFO] ================================================================================
[2026-05-01T14:50:57Z] [HEADER] ============================================================
[2026-05-01T14:50:57Z] [INFO] 🌙 STARTING OVERNIGHT RESEARCH CYCLE #240
[2026-05-01T14:50:57Z] [INFO] 🔍 Running overnight research protocol (web scraping + cross-symbol analysis)...
[2026-05-01T14:50:58Z] [INFO] 📊 Cycle duration: 0.28s, Files generated: 0
[2026-05-01T14:50:58Z] [WARNING] ⚠️ Database not initialized for cycle counting
[2026-05-01T14:50:58Z] [INFO] 💾 Database updated with cycle results
[2026-05-01T14:50:58Z] [SECTION] ============================================================
[2026-05-01T14:50:58Z] [INFO] 🔮 PHASE: HIDDEN LAYERING DETECTION
[2026-05-01T14:50:58Z] [INFO] 🔗 Hidden layering detection complete. Connections identified: 2
[2026-05-01T14:50:58Z] [SECTION] ============================================================
[2026-05-01T14:50:58Z] [INFO] 🔬 PHASE: DOMAIN CORRELATION ANALYSIS
[2026-05-01T14:50:58Z] [INFO] 📊 Domain correlation matrices created: 2
[2026-05-01T14:50:58Z] [SECTION] ============================================================
[2026-05-01T14:50:58Z] [INFO] 🖼️  PHASE: IMAGE-SEED ANALYSIS
[2026-05-01T14:50:58Z] [INFO] 📂 Image seed analysis bootstrapping from 0 images...
[2026-05-01T14:50:58Z] [SECTION] ============================================================
[2026-05-01T14:50:58Z] [INFO] 📤 PHASE: PUSH COMPONENTS TO TOLARIA
[2026-05-01T14:50:59Z] [INFO] 📦 Components pushed to Tolaria: 5
[2026-05-01T14:50:59Z] [SECTION] ============================================================
[2026-05-01T14:50:59Z] [INFO] 🧩 PHASE: COMPOSER - DOMAIN INTEGRATION SYNTHESIS
[2026-05-01T14:51:22Z] [INFO] 🎨 Domain integrations synthesized: 0
[2026-05-01T14:51:22Z] [SECTION] ============================================================
[2026-05-01T14:51:22Z] [INFO] 🚀 PHASE: ADVANCED OVERNIGHT LOOP
[2026-05-01T14:51:22Z] [INFO] 🔬 Advanced loop completed cycles: 0
[2026-05-01T14:51:22Z] [WARNING] ⚠️  Git commit skipped or failed (git not initialized?): Command '['git', '-C', '/home/avalonas/.hermes/gematria/unified_overnight_research', 'commit', '-m', '[2026-05-01T14:51:22Z] Cycle 239: Cycle 240: Web research + hidden layering detection']' returned non-zero exit status 128.
[2026-05-01T14:51:22Z] [INFO] 
📊 CYCLE #240 SUMMARY
[2026-05-01T14:51:22Z] [INFO] ✅ Successful tasks: 7/7
[2026-05-01T14:51:22Z] [INFO] ⏱️  Cycle duration: 24.61s
[2026-05-01T14:51:22Z] [INFO]    ⚠️ task: result
[2026-05-01T14:51:22Z] [INFO]    ⚠️ task: result
[2026-05-01T14:51:22Z] [INFO]    ⚠️ task: result
[2026-05-01T14:51:22Z] [INFO]    ⚠️ task: result
[2026-05-01T14:51:22Z] [INFO]    ⚠️ task: result
[2026-05-01T14:51:22Z] [INFO]    ⚠️ task: result
[2026-05-01T14:51:22Z] [INFO]    ⚠️ task: result
[2026-05-01T14:51:22Z] [HEADER] ================================================================================
[2026-05-01T14:51:22Z] [INFO] 🔄 OVERNIGHT RESEARCH PIPELINE - CYCLE #241
[2026-05-01T14:51:22Z] [INFO] ================================================================================
[2026-05-01T14:51:22Z] [HEADER] ============================================================
[2026-05-01T14:51:22Z] [INFO] 🌙 STARTING OVERNIGHT RESEARCH CYCLE #241
[2026-05-01T14:51:22Z] [INFO] 🔍 Running overnight research protocol (web scraping + cross-symbol analysis)...
[2026-05-01T14:51:22Z] [INFO] 📊 Cycle duration: 0.24s, Files generated: 0
[2026-05-01T14:51:22Z] [WARNING] ⚠️ Database not initialized for cycle counting
[2026-05-01T14:51:22Z] [INFO] 💾 Database updated with cycle results
[2026-05-01T14:51:22Z] [SECTION] ============================================================
[2026-05-01T14:51:22Z] [INFO] 🔮 PHASE: HIDDEN LAYERING DETECTION
[2026-05-01T14:51:22Z] [INFO] 🔗 Hidden layering detection complete. Connections identified: 2
[2026-05-01T14:51:22Z] [SECTION] ============================================================
[2026-05-01T14:51:22Z] [INFO] 🔬 PHASE: DOMAIN CORRELATION ANALYSIS
[2026-05-01T14:51:22Z] [INFO] 📊 Domain correlation matrices created: 2
[2026-05-01T14:51:22Z] [SECTION] ============================================================
[2026-05-01T14:51:22Z] [INFO] 🖼️  PHASE: IMAGE-SEED ANALYSIS
[2026-05-01T14:51:22Z] [INFO] 📂 Image seed analysis bootstrapping from 0 images...
[2026-05-01T14:51:22Z] [SECTION] ============================================================
[2026-05-01T14:51:22Z] [INFO] 📤 PHASE: PUSH COMPONENTS TO TOLARIA
[2026-05-01T14:51:23Z] [INFO] 📦 Components pushed to Tolaria: 5
[2026-05-01T14:51:23Z] [SECTION] ============================================================
[2026-05-01T14:51:23Z] [INFO] 🧩 PHASE: COMPOSER - DOMAIN INTEGRATION SYNTHESIS
[2026-05-01T14:51:46Z] [INFO] 🎨 Domain integrations synthesized: 0
[2026-05-01T14:51:46Z] [SECTION] ============================================================
[2026-05-01T14:51:46Z] [INFO] 🚀 PHASE: ADVANCED OVERNIGHT LOOP
[2026-05-01T14:51:46Z] [INFO] 🔬 Advanced loop completed cycles: 0
[2026-05-01T14:51:46Z] [WARNING] ⚠️  Git commit skipped or failed (git not initialized?): Command '['git', '-C', '/home/avalonas/.hermes/gematria/unified_overnight_research', 'commit', '-m', '[2026-05-01T14:51:46Z] Cycle 240: Cycle 241: Web research + hidden layering detection']' returned non-zero exit status 128.
[2026-05-01T14:51:46Z] [INFO] 
📊 CYCLE #241 SUMMARY
[2026-05-01T14:51:46Z] [INFO] ✅ Successful tasks: 7/7
[2026-05-01T14:51:46Z] [INFO] ⏱️  Cycle duration: 24.30s
[2026-05-01T14:51:46Z] [INFO]    ⚠️ task: result
[2026-05-01T14:51:46Z] [INFO]    ⚠️ task: result
[2026-05-01T14:51:46Z] [INFO]    ⚠️ task: result
[2026-05-01T14:51:46Z] [INFO]    ⚠️ task: result
[2026-05-01T14:51:46Z] [INFO]    ⚠️ task: result
[2026-05-01T14:51:46Z] [INFO]    ⚠️ task: result
[2026-05-01T14:51:46Z] [INFO]    ⚠️ task: result
[2026-05-01T14:51:46Z] [HEADER] ================================================================================
[2026-05-01T14:51:46Z] [INFO] 🔄 OVERNIGHT RESEARCH PIPELINE - CYCLE #242
[2026-05-01T14:51:46Z] [INFO] ================================================================================
[2026-05-01T14:51:46Z] [HEADER] ============================================================
[2026-05-01T14:51:46Z] [INFO] 🌙 STARTING OVERNIGHT RESEARCH CYCLE #242
[2026-05-01T14:51:46Z] [INFO] 🔍 Running overnight research protocol (web scraping + cross-symbol analysis)...
[2026-05-01T14:51:47Z] [INFO] 📊 Cycle duration: 0.26s, Files generated: 0
[2026-05-01T14:51:47Z] [WARNING] ⚠️ Database not initialized for cycle counting
[2026-05-01T14:51:47Z] [INFO] 💾 Database updated with cycle results
[2026-05-01T14:51:47Z] [SECTION] ============================================================
[2026-05-01T14:51:47Z] [INFO] 🔮 PHASE: HIDDEN LAYERING DETECTION
[2026-05-01T14:51:47Z] [INFO] 🔗 Hidden layering detection complete. Connections identified: 2
[2026-05-01T14:51:47Z] [SECTION] ============================================================
[2026-05-01T14:51:47Z] [INFO] 🔬 PHASE: DOMAIN CORRELATION ANALYSIS
[2026-05-01T14:51:47Z] [INFO] 📊 Domain correlation matrices created: 2
[2026-05-01T14:51:47Z] [SECTION] ============================================================
[2026-05-01T14:51:47Z] [INFO] 🖼️  PHASE: IMAGE-SEED ANALYSIS
[2026-05-01T14:51:47Z] [INFO] 📂 Image seed analysis bootstrapping from 0 images...
[2026-05-01T14:51:47Z] [SECTION] ============================================================
[2026-05-01T14:51:47Z] [INFO] 📤 PHASE: PUSH COMPONENTS TO TOLARIA
[2026-05-01T14:51:48Z] [INFO] 📦 Components pushed to Tolaria: 5
[2026-05-01T14:51:48Z] [SECTION] ============================================================
[2026-05-01T14:51:48Z] [INFO] 🧩 PHASE: COMPOSER - DOMAIN INTEGRATION SYNTHESIS
[2026-05-01T14:52:11Z] [INFO] 🎨 Domain integrations synthesized: 0
[2026-05-01T14:52:11Z] [SECTION] ============================================================
[2026-05-01T14:52:11Z] [INFO] 🚀 PHASE: ADVANCED OVERNIGHT LOOP
[2026-05-01T14:52:11Z] [INFO] 🔬 Advanced loop completed cycles: 0
[2026-05-01T14:52:11Z] [WARNING] ⚠️  Git commit skipped or failed (git not initialized?): Command '['git', '-C', '/home/avalonas/.hermes/gematria/unified_overnight_research', 'commit', '-m', '[2026-05-01T14:52:11Z] Cycle 241: Cycle 242: Web research + hidden layering detection']' returned non-zero exit status 128.
[2026-05-01T14:52:11Z] [INFO] 
📊 CYCLE #242 SUMMARY
[2026-05-01T14:52:11Z] [INFO] ✅ Successful tasks: 7/7
[2026-05-01T14:52:11Z] [INFO] ⏱️  Cycle duration: 24.44s
[2026-05-01T14:52:11Z] [INFO]    ⚠️ task: result
[2026-05-01T14:52:11Z] [INFO]    ⚠️ task: result
[2026-05-01T14:52:11Z] [INFO]    ⚠️ task: result
[2026-05-01T14:52:11Z] [INFO]    ⚠️ task: result
[2026-05-01T14:52:11Z] [INFO]    ⚠️ task: result
[2026-05-01T14:52:11Z] [INFO]    ⚠️ task: result
[2026-05-01T14:52:11Z] [INFO]    ⚠️ task: result
[2026-05-01T14:52:11Z] [HEADER] ================================================================================
[2026-05-01T14:52:11Z] [INFO] 🔄 OVERNIGHT RESEARCH PIPELINE - CYCLE #243
[2026-05-01T14:52:11Z] [INFO] ================================================================================
[2026-05-01T14:52:11Z] [HEADER] ============================================================
[2026-05-01T14:52:11Z] [INFO] 🌙 STARTING OVERNIGHT RESEARCH CYCLE #243
[2026-05-01T14:52:11Z] [INFO] 🔍 Running overnight research protocol (web scraping + cross-symbol analysis)...
[2026-05-01T14:52:11Z] [INFO] 📊 Cycle duration: 0.25s, Files generated: 0
[2026-05-01T14:52:11Z] [WARNING] ⚠️ Database not initialized for cycle counting
[2026-05-01T14:52:11Z] [INFO] 💾 Database updated with cycle results
[2026-05-01T14:52:11Z] [SECTION] ============================================================
[2026-05-01T14:52:11Z] [INFO] 🔮 PHASE: HIDDEN LAYERING DETECTION
[2026-05-01T14:52:11Z] [INFO] 🔗 Hidden layering detection complete. Connections identified: 2
[2026-05-01T14:52:11Z] [SECTION] ============================================================
[2026-05-01T14:52:11Z] [INFO] 🔬 PHASE: DOMAIN CORRELATION ANALYSIS
[2026-05-01T14:52:11Z] [INFO] 📊 Domain correlation matrices created: 2
[2026-05-01T14:52:11Z] [SECTION] ============================================================
[2026-05-01T14:52:11Z] [INFO] 🖼️  PHASE: IMAGE-SEED ANALYSIS
[2026-05-01T14:52:11Z] [INFO] 📂 Image seed analysis bootstrapping from 0 images...
[2026-05-01T14:52:11Z] [SECTION] ============================================================
[2026-05-01T14:52:11Z] [INFO] 📤 PHASE: PUSH COMPONENTS TO TOLARIA
[2026-05-01T14:52:12Z] [INFO] 📦 Components pushed to Tolaria: 5
[2026-05-01T14:52:12Z] [SECTION] ============================================================
[2026-05-01T14:52:12Z] [INFO] 🧩 PHASE: COMPOSER - DOMAIN INTEGRATION SYNTHESIS
[2026-05-01T14:52:35Z] [INFO] 🎨 Domain integrations synthesized: 0
[2026-05-01T14:52:35Z] [SECTION] ============================================================
[2026-05-01T14:52:35Z] [INFO] 🚀 PHASE: ADVANCED OVERNIGHT LOOP
[2026-05-01T14:52:35Z] [INFO] 🔬 Advanced loop completed cycles: 0
[2026-05-01T14:52:35Z] [WARNING] ⚠️  Git commit skipped or failed (git not initialized?): Command '['git', '-C', '/home/avalonas/.hermes/gematria/unified_overnight_research', 'add', '.']' returned non-zero exit status 128.
[2026-05-01T14:52:35Z] [INFO] 
📊 CYCLE #243 SUMMARY
[2026-05-01T14:52:35Z] [INFO] ✅ Successful tasks: 7/7
[2026-05-01T14:52:35Z] [INFO] ⏱️  Cycle duration: 24.16s
[2026-05-01T14:52:35Z] [INFO]    ⚠️ task: result
[2026-05-01T14:52:35Z] [INFO]    ⚠️ task: result
[2026-05-01T14:52:35Z] [INFO]    ⚠️ task: result
[2026-05-01T14:52:35Z] [INFO]    ⚠️ task: result
[2026-05-01T14:52:35Z] [INFO]    ⚠️ task: result
[2026-05-01T14:52:35Z] [INFO]    ⚠️ task: result
[2026-05-01T14:52:35Z] [INFO]    ⚠️ task: result
[2026-05-01T14:52:35Z] [HEADER] ================================================================================
[2026-05-01T14:52:35Z] [INFO] 🔄 OVERNIGHT RESEARCH PIPELINE - CYCLE #244
[2026-05-01T14:52:35Z] [INFO] ================================================================================
[2026-05-01T14:52:35Z] [HEADER] ============================================================
[2026-05-01T14:52:35Z] [INFO] 🌙 STARTING OVERNIGHT RESEARCH CYCLE #244
[2026-05-01T14:52:35Z] [INFO] 🔍 Running overnight research protocol (web scraping + cross-symbol analysis)...
[2026-05-01T14:52:35Z] [INFO] 📊 Cycle duration: 0.26s, Files generated: 0
[2026-05-01T14:52:35Z] [WARNING] ⚠️ Database not initialized for cycle counting
[2026-05-01T14:52:35Z] [INFO] 💾 Database updated with cycle results
[2026-05-01T14:52:35Z] [SECTION] ============================================================
[2026-05-01T14:52:35Z] [INFO] 🔮 PHASE: HIDDEN LAYERING DETECTION
[2026-05-01T14:52:35Z] [INFO] 🔗 Hidden layering detection complete. Connections identified: 2
[2026-05-01T14:52:35Z] [SECTION] ============================================================
[2026-05-01T14:52:35Z] [INFO] 🔬 PHASE: DOMAIN CORRELATION ANALYSIS
[2026-05-01T14:52:35Z] [INFO] 📊 Domain correlation matrices created: 2
[2026-05-01T14:52:35Z] [SECTION] ============================================================
[2026-05-01T14:52:35Z] [INFO] 🖼️  PHASE: IMAGE-SEED ANALYSIS
[2026-05-01T14:52:35Z] [INFO] 📂 Image seed analysis bootstrapping from 0 images...
[2026-05-01T14:52:35Z] [SECTION] ============================================================
[2026-05-01T14:52:35Z] [INFO] 📤 PHASE: PUSH COMPONENTS TO TOLARIA
[2026-05-01T14:52:36Z] [INFO] 📦 Components pushed to Tolaria: 5
[2026-05-01T14:52:36Z] [SECTION] ============================================================
[2026-05-01T14:52:36Z] [INFO] 🧩 PHASE: COMPOSER - DOMAIN INTEGRATION SYNTHESIS
[2026-05-01T14:52:59Z] [INFO] 🎨 Domain integrations synthesized: 0
[2026-05-01T14:52:59Z] [SECTION] ============================================================
[2026-05-01T14:52:59Z] [INFO] 🚀 PHASE: ADVANCED OVERNIGHT LOOP
[2026-05-01T14:52:59Z] [INFO] 🔬 Advanced loop completed cycles: 0
[2026-05-01T14:52:59Z] [WARNING] ⚠️  Git commit skipped or failed (git not initialized?): Command '['git', '-C', '/home/avalonas/.hermes/gematria/unified_overnight_research', 'add', '.']' returned non-zero exit status 128.
[2026-05-01T14:52:59Z] [INFO] 
📊 CYCLE #244 SUMMARY
[2026-05-01T14:52:59Z] [INFO] ✅ Successful tasks: 7/7
[2026-05-01T14:52:59Z] [INFO] ⏱️  Cycle duration: 24.26s
[2026-05-01T14:52:59Z] [INFO]    ⚠️ task: result
[2026-05-01T14:52:59Z] [INFO]    ⚠️ task: result
[2026-05-01T14:52:59Z] [INFO]    ⚠️ task: result
[2026-05-01T14:52:59Z] [INFO]    ⚠️ task: result
[2026-05-01T14:52:59Z] [INFO]    ⚠️ task: result
[2026-05-01T14:52:59Z] [INFO]    ⚠️ task: result
[2026-05-01T14:52:59Z] [INFO]    ⚠️ task: result
[2026-05-01T14:52:59Z] [HEADER] ================================================================================
[2026-05-01T14:52:59Z] [INFO] 🔄 OVERNIGHT RESEARCH PIPELINE - CYCLE #245
[2026-05-01T14:52:59Z] [INFO] ================================================================================
[2026-05-01T14:52:59Z] [HEADER] ============================================================
[2026-05-01T14:52:59Z] [INFO] 🌙 STARTING OVERNIGHT RESEARCH CYCLE #245
[2026-05-01T14:52:59Z] [INFO] 🔍 Running overnight research protocol (web scraping + cross-symbol analysis)...
[2026-05-01T14:53:00Z] [INFO] 📊 Cycle duration: 0.25s, Files generated: 0
[2026-05-01T14:53:00Z] [WARNING] ⚠️ Database not initialized for cycle counting
[2026-05-01T14:53:00Z] [INFO] 💾 Database updated with cycle results
[2026-05-01T14:53:00Z] [SECTION] ============================================================
[2026-05-01T14:53:00Z] [INFO] 🔮 PHASE: HIDDEN LAYERING DETECTION
[2026-05-01T14:53:00Z] [INFO] 🔗 Hidden layering detection complete. Connections identified: 2
[2026-05-01T14:53:00Z] [SECTION] ============================================================
[2026-05-01T14:53:00Z] [INFO] 🔬 PHASE: DOMAIN CORRELATION ANALYSIS
[2026-05-01T14:53:00Z] [INFO] 📊 Domain correlation matrices created: 2
[2026-05-01T14:53:00Z] [SECTION] ============================================================
[2026-05-01T14:53:00Z] [INFO] 🖼️  PHASE: IMAGE-SEED ANALYSIS
[2026-05-01T14:53:00Z] [INFO] 📂 Image seed analysis bootstrapping from 0 images...
[2026-05-01T14:53:00Z] [SECTION] ============================================================
[2026-05-01T14:53:00Z] [INFO] 📤 PHASE: PUSH COMPONENTS TO TOLARIA
[2026-05-01T14:53:01Z] [INFO] 📦 Components pushed to Tolaria: 5
[2026-05-01T14:53:01Z] [SECTION] ============================================================
[2026-05-01T14:53:01Z] [INFO] 🧩 PHASE: COMPOSER - DOMAIN INTEGRATION SYNTHESIS
[2026-05-01T14:53:23Z] [INFO] 🎨 Domain integrations synthesized: 0
[2026-05-01T14:53:23Z] [SECTION] ============================================================
[2026-05-01T14:53:23Z] [INFO] 🚀 PHASE: ADVANCED OVERNIGHT LOOP
[2026-05-01T14:53:23Z] [INFO] 🔬 Advanced loop completed cycles: 0
[2026-05-01T14:53:23Z] [WARNING] ⚠️  Git commit skipped or failed (git not initialized?): Command '['git', '-C', '/home/avalonas/.hermes/gematria/unified_overnight_research', 'add', '.']' returned non-zero exit status 128.
[2026-05-01T14:53:23Z] [INFO] 
📊 CYCLE #245 SUMMARY
[2026-05-01T14:53:23Z] [INFO] ✅ Successful tasks: 7/7
[2026-05-01T14:53:23Z] [INFO] ⏱️  Cycle duration: 24.21s
[2026-05-01T14:53:23Z] [INFO]    ⚠️ task: result
[2026-05-01T14:53:23Z] [INFO]    ⚠️ task: result
[2026-05-01T14:53:23Z] [INFO]    ⚠️ task: result
[2026-05-01T14:53:23Z] [INFO]    ⚠️ task: result
[2026-05-01T14:53:23Z] [INFO]    ⚠️ task: result
[2026-05-01T14:53:23Z] [INFO]    ⚠️ task: result
[2026-05-01T14:53:23Z] [INFO]    ⚠️ task: result
[2026-05-01T14:53:23Z] [HEADER] ================================================================================
[2026-05-01T14:53:23Z] [INFO] 🔄 OVERNIGHT RESEARCH PIPELINE - CYCLE #246
[2026-05-01T14:53:23Z] [INFO] ================================================================================
[2026-05-01T14:53:23Z] [HEADER] ============================================================
[2026-05-01T14:53:23Z] [INFO] 🌙 STARTING OVERNIGHT RESEARCH CYCLE #246
[2026-05-01T14:53:23Z] [INFO] 🔍 Running overnight research protocol (web scraping + cross-symbol analysis)...
[2026-05-01T14:53:24Z] [INFO] 📊 Cycle duration: 0.14s, Files generated: 0
[2026-05-01T14:53:24Z] [WARNING] ⚠️ Database not initialized for cycle counting
[2026-05-01T14:53:24Z] [INFO] 💾 Database updated with cycle results
[2026-05-01T14:53:24Z] [SECTION] ============================================================
[2026-05-01T14:53:24Z] [INFO] 🔮 PHASE: HIDDEN LAYERING DETECTION
[2026-05-01T14:53:24Z] [INFO] 🔗 Hidden layering detection complete. Connections identified: 2
[2026-05-01T14:53:24Z] [SECTION] ============================================================
[2026-05-01T14:53:24Z] [INFO] 🔬 PHASE: DOMAIN CORRELATION ANALYSIS
[2026-05-01T14:53:24Z] [INFO] 📊 Domain correlation matrices created: 2
[2026-05-01T14:53:24Z] [SECTION] ============================================================
[2026-05-01T14:53:24Z] [INFO] 🖼️  PHASE: IMAGE-SEED ANALYSIS
[2026-05-01T14:53:24Z] [INFO] 📂 Image seed analysis bootstrapping from 0 images...
[2026-05-01T14:53:24Z] [SECTION] ============================================================
[2026-05-01T14:53:24Z] [INFO] 📤 PHASE: PUSH COMPONENTS TO TOLARIA
[2026-05-01T14:53:25Z] [INFO] 📦 Components pushed to Tolaria: 5
[2026-05-01T14:53:25Z] [SECTION] ============================================================
[2026-05-01T14:53:25Z] [INFO] 🧩 PHASE: COMPOSER - DOMAIN INTEGRATION SYNTHESIS
[2026-05-01T14:53:48Z] [INFO] 🎨 Domain integrations synthesized: 0
[2026-05-01T14:53:48Z] [SECTION] ============================================================
[2026-05-01T14:53:48Z] [INFO] 🚀 PHASE: ADVANCED OVERNIGHT LOOP
[2026-05-01T14:53:48Z] [INFO] 🔬 Advanced loop completed cycles: 0
[2026-05-01T14:53:48Z] [WARNING] ⚠️  Git commit skipped or failed (git not initialized?): Command '['git', '-C', '/home/avalonas/.hermes/gematria/unified_overnight_research', 'commit', '-m', '[2026-05-01T14:53:48Z] Cycle 245: Cycle 246: Web research + hidden layering detection']' returned non-zero exit status 128.
[2026-05-01T14:53:48Z] [INFO] 
📊 CYCLE #246 SUMMARY
[2026-05-01T14:53:48Z] [INFO] ✅ Successful tasks: 7/7
[2026-05-01T14:53:48Z] [INFO] ⏱️  Cycle duration: 24.36s
[2026-05-01T14:53:48Z] [INFO]    ⚠️ task: result
[2026-05-01T14:53:48Z] [INFO]    ⚠️ task: result
[2026-05-01T14:53:48Z] [INFO]    ⚠️ task: result
[2026-05-01T14:53:48Z] [INFO]    ⚠️ task: result
[2026-05-01T14:53:48Z] [INFO]    ⚠️ task: result
[2026-05-01T14:53:48Z] [INFO]    ⚠️ task: result
[2026-05-01T14:53:48Z] [INFO]    ⚠️ task: result
[2026-05-01T14:53:48Z] [HEADER] ================================================================================
[2026-05-01T14:53:48Z] [INFO] 🔄 OVERNIGHT RESEARCH PIPELINE - CYCLE #247
[2026-05-01T14:53:48Z] [INFO] ================================================================================
[2026-05-01T14:53:48Z] [HEADER] ============================================================
[2026-05-01T14:53:48Z] [INFO] 🌙 STARTING OVERNIGHT RESEARCH CYCLE #247
[2026-05-01T14:53:48Z] [INFO] 🔍 Running overnight research protocol (web scraping + cross-symbol analysis)...
[2026-05-01T14:53:48Z] [INFO] 📊 Cycle duration: 0.24s, Files generated: 0
[2026-05-01T14:53:48Z] [WARNING] ⚠️ Database not initialized for cycle counting
[2026-05-01T14:53:48Z] [INFO] 💾 Database updated with cycle results
[2026-05-01T14:53:48Z] [SECTION] ============================================================
[2026-05-01T14:53:48Z] [INFO] 🔮 PHASE: HIDDEN LAYERING DETECTION
[2026-05-01T14:53:48Z] [INFO] 🔗 Hidden layering detection complete. Connections identified: 2
[2026-05-01T14:53:48Z] [SECTION] ============================================================
[2026-05-01T14:53:48Z] [INFO] 🔬 PHASE: DOMAIN CORRELATION ANALYSIS
[2026-05-01T14:53:48Z] [INFO] 📊 Domain correlation matrices created: 2
[2026-05-01T14:53:48Z] [SECTION] ============================================================
[2026-05-01T14:53:48Z] [INFO] 🖼️  PHASE: IMAGE-SEED ANALYSIS
[2026-05-01T14:53:48Z] [INFO] 📂 Image seed analysis bootstrapping from 0 images...
[2026-05-01T14:53:48Z] [SECTION] ============================================================
[2026-05-01T14:53:48Z] [INFO] 📤 PHASE: PUSH COMPONENTS TO TOLARIA
[2026-05-01T14:53:49Z] [INFO] 📦 Components pushed to Tolaria: 5
[2026-05-01T14:53:49Z] [SECTION] ============================================================
[2026-05-01T14:53:49Z] [INFO] 🧩 PHASE: COMPOSER - DOMAIN INTEGRATION SYNTHESIS
[2026-05-01T14:54:12Z] [INFO] 🎨 Domain integrations synthesized: 0
[2026-05-01T14:54:12Z] [SECTION] ============================================================
[2026-05-01T14:54:12Z] [INFO] 🚀 PHASE: ADVANCED OVERNIGHT LOOP
[2026-05-01T14:54:12Z] [INFO] 🔬 Advanced loop completed cycles: 0
[2026-05-01T14:54:12Z] [WARNING] ⚠️  Git commit skipped or failed (git not initialized?): Command '['git', '-C', '/home/avalonas/.hermes/gematria/unified_overnight_research', 'add', '.']' returned non-zero exit status 128.
[2026-05-01T14:54:12Z] [INFO] 
📊 CYCLE #247 SUMMARY
[2026-05-01T14:54:12Z] [INFO] ✅ Successful tasks: 7/7
[2026-05-01T14:54:12Z] [INFO] ⏱️  Cycle duration: 23.88s
[2026-05-01T14:54:12Z] [INFO]    ⚠️ task: result
[2026-05-01T14:54:12Z] [INFO]    ⚠️ task: result
[2026-05-01T14:54:12Z] [INFO]    ⚠️ task: result
[2026-05-01T14:54:12Z] [INFO]    ⚠️ task: result
[2026-05-01T14:54:12Z] [INFO]    ⚠️ task: result
[2026-05-01T14:54:12Z] [INFO]    ⚠️ task: result
[2026-05-01T14:54:12Z] [INFO]    ⚠️ task: result
[2026-05-01T14:54:12Z] [HEADER] ================================================================================
[2026-05-01T14:54:12Z] [INFO] 🔄 OVERNIGHT RESEARCH PIPELINE - CYCLE #248
[2026-05-01T14:54:12Z] [INFO] ================================================================================
[2026-05-01T14:54:12Z] [HEADER] ============================================================
[2026-05-01T14:54:12Z] [INFO] 🌙 STARTING OVERNIGHT RESEARCH CYCLE #248
[2026-05-01T14:54:12Z] [INFO] 🔍 Running overnight research protocol (web scraping + cross-symbol analysis)...
[2026-05-01T14:54:12Z] [INFO] 📊 Cycle duration: 0.14s, Files generated: 0
[2026-05-01T14:54:12Z] [WARNING] ⚠️ Database not initialized for cycle counting
[2026-05-01T14:54:12Z] [INFO] 💾 Database updated with cycle results
[2026-05-01T14:54:12Z] [SECTION] ============================================================
[2026-05-01T14:54:12Z] [INFO] 🔮 PHASE: HIDDEN LAYERING DETECTION
[2026-05-01T14:54:12Z] [INFO] 🔗 Hidden layering detection complete. Connections identified: 2
[2026-05-01T14:54:12Z] [SECTION] ============================================================
[2026-05-01T14:54:12Z] [INFO] 🔬 PHASE: DOMAIN CORRELATION ANALYSIS
[2026-05-01T14:54:12Z] [INFO] 📊 Domain correlation matrices created: 2
[2026-05-01T14:54:12Z] [SECTION] ============================================================
[2026-05-01T14:54:12Z] [INFO] 🖼️  PHASE: IMAGE-SEED ANALYSIS
[2026-05-01T14:54:12Z] [INFO] 📂 Image seed analysis bootstrapping from 0 images...
[2026-05-01T14:54:12Z] [SECTION] ============================================================
[2026-05-01T14:54:12Z] [INFO] 📤 PHASE: PUSH COMPONENTS TO TOLARIA
[2026-05-01T14:54:13Z] [INFO] 📦 Components pushed to Tolaria: 5
[2026-05-01T14:54:13Z] [SECTION] ============================================================
[2026-05-01T14:54:13Z] [INFO] 🧩 PHASE: COMPOSER - DOMAIN INTEGRATION SYNTHESIS
[2026-05-01T14:54:36Z] [INFO] 🎨 Domain integrations synthesized: 0
[2026-05-01T14:54:36Z] [SECTION] ============================================================
[2026-05-01T14:54:36Z] [INFO] 🚀 PHASE: ADVANCED OVERNIGHT LOOP
[2026-05-01T14:54:36Z] [INFO] 🔬 Advanced loop completed cycles: 0
[2026-05-01T14:54:36Z] [WARNING] ⚠️  Git commit skipped or failed (git not initialized?): Command '['git', '-C', '/home/avalonas/.hermes/gematria/unified_overnight_research', 'add', '.']' returned non-zero exit status 128.
[2026-05-01T14:54:36Z] [INFO] 
📊 CYCLE #248 SUMMARY
[2026-05-01T14:54:36Z] [INFO] ✅ Successful tasks: 7/7
[2026-05-01T14:54:36Z] [INFO] ⏱️  Cycle duration: 24.01s
[2026-05-01T14:54:36Z] [INFO]    ⚠️ task: result
[2026-05-01T14:54:36Z] [INFO]    ⚠️ task: result
[2026-05-01T14:54:36Z] [INFO]    ⚠️ task: result
[2026-05-01T14:54:36Z] [INFO]    ⚠️ task: result
[2026-05-01T14:54:36Z] [INFO]    ⚠️ task: result
[2026-05-01T14:54:36Z] [INFO]    ⚠️ task: result
[2026-05-01T14:54:36Z] [INFO]    ⚠️ task: result
[2026-05-01T14:54:36Z] [HEADER] ================================================================================
[2026-05-01T14:54:36Z] [INFO] 🔄 OVERNIGHT RESEARCH PIPELINE - CYCLE #249
[2026-05-01T14:54:36Z] [INFO] ================================================================================
[2026-05-01T14:54:36Z] [HEADER] ============================================================
[2026-05-01T14:54:36Z] [INFO] 🌙 STARTING OVERNIGHT RESEARCH CYCLE #249
[2026-05-01T14:54:36Z] [INFO] 🔍 Running overnight research protocol (web scraping + cross-symbol analysis)...
[2026-05-01T14:54:36Z] [INFO] 📊 Cycle duration: 0.33s, Files generated: 0
[2026-05-01T14:54:36Z] [WARNING] ⚠️ Database not initialized for cycle counting
[2026-05-01T14:54:36Z] [INFO] 💾 Database updated with cycle results
[2026-05-01T14:54:36Z] [SECTION] ============================================================
[2026-05-01T14:54:36Z] [INFO] 🔮 PHASE: HIDDEN LAYERING DETECTION
[2026-05-01T14:54:36Z] [INFO] 🔗 Hidden layering detection complete. Connections identified: 2
[2026-05-01T14:54:36Z] [SECTION] ============================================================
[2026-05-01T14:54:36Z] [INFO] 🔬 PHASE: DOMAIN CORRELATION ANALYSIS
[2026-05-01T14:54:36Z] [INFO] 📊 Domain correlation matrices created: 2
[2026-05-01T14:54:36Z] [SECTION] ============================================================
[2026-05-01T14:54:36Z] [INFO] 🖼️  PHASE: IMAGE-SEED ANALYSIS
[2026-05-01T14:54:36Z] [INFO] 📂 Image seed analysis bootstrapping from 0 images...
[2026-05-01T14:54:36Z] [SECTION] ============================================================
[2026-05-01T14:54:36Z] [INFO] 📤 PHASE: PUSH COMPONENTS TO TOLARIA
[2026-05-01T14:54:37Z] [INFO] 📦 Components pushed to Tolaria: 5
[2026-05-01T14:54:37Z] [SECTION] ============================================================
[2026-05-01T14:54:37Z] [INFO] 🧩 PHASE: COMPOSER - DOMAIN INTEGRATION SYNTHESIS
[2026-05-01T14:54:56Z] [INFO] 🎨 Domain integrations synthesized: 0
[2026-05-01T14:54:56Z] [SECTION] ============================================================
[2026-05-01T14:54:56Z] [INFO] 🚀 PHASE: ADVANCED OVERNIGHT LOOP
[2026-05-01T14:54:56Z] [INFO] 🔬 Advanced loop completed cycles: 0
[2026-05-01T14:54:56Z] [WARNING] ⚠️  Git commit skipped or failed (git not initialized?): Command '['git', '-C', '/home/avalonas/.hermes/gematria/unified_overnight_research', 'commit', '-m', '[2026-05-01T14:54:56Z] Cycle 248: Cycle 249: Web research + hidden layering detection']' returned non-zero exit status 1.
[2026-05-01T14:54:56Z] [INFO] 
📊 CYCLE #249 SUMMARY
[2026-05-01T14:54:56Z] [INFO] ✅ Successful tasks: 7/7
[2026-05-01T14:54:56Z] [INFO] ⏱️  Cycle duration: 20.66s
[2026-05-01T14:54:56Z] [INFO]    ⚠️ task: result
[2026-05-01T14:54:56Z] [INFO]    ⚠️ task: result
[2026-05-01T14:54:56Z] [INFO]    ⚠️ task: result
[2026-05-01T14:54:56Z] [INFO]    ⚠️ task: result
[2026-05-01T14:54:56Z] [INFO]    ⚠️ task: result
[2026-05-01T14:54:56Z] [INFO]    ⚠️ task: result
[2026-05-01T14:54:56Z] [INFO]    ⚠️ task: result
[2026-05-01T14:54:56Z] [HEADER] ================================================================================
[2026-05-01T14:54:56Z] [INFO] 🔄 OVERNIGHT RESEARCH PIPELINE - CYCLE #250
[2026-05-01T14:54:56Z] [INFO] ================================================================================
[2026-05-01T14:54:56Z] [HEADER] ============================================================
[2026-05-01T14:54:56Z] [INFO] 🌙 STARTING OVERNIGHT RESEARCH CYCLE #250
[2026-05-01T14:54:56Z] [INFO] 🔍 Running overnight research protocol (web scraping + cross-symbol analysis)...
[2026-05-01T14:54:57Z] [INFO] 📊 Cycle duration: 0.14s, Files generated: 0
[2026-05-01T14:54:57Z] [WARNING] ⚠️ Database not initialized for cycle counting
[2026-05-01T14:54:57Z] [INFO] 💾 Database updated with cycle results
[2026-05-01T14:54:57Z] [SECTION] ============================================================
[2026-05-01T14:54:57Z] [INFO] 🔮 PHASE: HIDDEN LAYERING DETECTION
[2026-05-01T14:54:57Z] [INFO] 🔗 Hidden layering detection complete. Connections identified: 2
[2026-05-01T14:54:57Z] [SECTION] ============================================================
[2026-05-01T14:54:57Z] [INFO] 🔬 PHASE: DOMAIN CORRELATION ANALYSIS
[2026-05-01T14:54:57Z] [INFO] 📊 Domain correlation matrices created: 2
[2026-05-01T14:54:57Z] [SECTION] ============================================================
[2026-05-01T14:54:57Z] [INFO] 🖼️  PHASE: IMAGE-SEED ANALYSIS
[2026-05-01T14:54:57Z] [INFO] 📂 Image seed analysis bootstrapping from 0 images...
[2026-05-01T14:54:57Z] [SECTION] ============================================================
[2026-05-01T14:54:57Z] [INFO] 📤 PHASE: PUSH COMPONENTS TO TOLARIA
[2026-05-01T14:54:58Z] [INFO] 📦 Components pushed to Tolaria: 5
[2026-05-01T14:54:58Z] [SECTION] ============================================================
[2026-05-01T14:54:58Z] [INFO] 🧩 PHASE: COMPOSER - DOMAIN INTEGRATION SYNTHESIS
[2026-05-01T14:55:21Z] [INFO] 🎨 Domain integrations synthesized: 0
[2026-05-01T14:55:21Z] [SECTION] ============================================================
[2026-05-01T14:55:21Z] [INFO] 🚀 PHASE: ADVANCED OVERNIGHT LOOP
[2026-05-01T14:55:21Z] [INFO] 🔬 Advanced loop completed cycles: 0
[2026-05-01T14:55:21Z] [WARNING] ⚠️  Git commit skipped or failed (git not initialized?): Command '['git', '-C', '/home/avalonas/.hermes/gematria/unified_overnight_research', 'add', '.']' returned non-zero exit status 128.
[2026-05-01T14:55:21Z] [INFO] 
📊 CYCLE #250 SUMMARY
[2026-05-01T14:55:21Z] [INFO] ✅ Successful tasks: 7/7
[2026-05-01T14:55:21Z] [INFO] ⏱️  Cycle duration: 24.40s
[2026-05-01T14:55:21Z] [INFO]    ⚠️ task: result
[2026-05-01T14:55:21Z] [INFO]    ⚠️ task: result
[2026-05-01T14:55:21Z] [INFO]    ⚠️ task: result
[2026-05-01T14:55:21Z] [INFO]    ⚠️ task: result
[2026-05-01T14:55:21Z] [INFO]    ⚠️ task: result
[2026-05-01T14:55:21Z] [INFO]    ⚠️ task: result
[2026-05-01T14:55:21Z] [INFO]    ⚠️ task: result
[2026-05-01T14:55:21Z] [HEADER] ================================================================================
[2026-05-01T14:55:21Z] [INFO] 🔄 OVERNIGHT RESEARCH PIPELINE - CYCLE #251
[2026-05-01T14:55:21Z] [INFO] ================================================================================
[2026-05-01T14:55:21Z] [HEADER] ============================================================
[2026-05-01T14:55:21Z] [INFO] 🌙 STARTING OVERNIGHT RESEARCH CYCLE #251
[2026-05-01T14:55:21Z] [INFO] 🔍 Running overnight research protocol (web scraping + cross-symbol analysis)...
[2026-05-01T14:55:21Z] [INFO] 📊 Cycle duration: 0.28s, Files generated: 0
[2026-05-01T14:55:21Z] [WARNING] ⚠️ Database not initialized for cycle counting
[2026-05-01T14:55:21Z] [INFO] 💾 Database updated with cycle results
[2026-05-01T14:55:21Z] [SECTION] ============================================================
[2026-05-01T14:55:21Z] [INFO] 🔮 PHASE: HIDDEN LAYERING DETECTION
[2026-05-01T14:55:21Z] [INFO] 🔗 Hidden layering detection complete. Connections identified: 2
[2026-05-01T14:55:21Z] [SECTION] ============================================================
[2026-05-01T14:55:21Z] [INFO] 🔬 PHASE: DOMAIN CORRELATION ANALYSIS
[2026-05-01T14:55:21Z] [INFO] 📊 Domain correlation matrices created: 2
[2026-05-01T14:55:21Z] [SECTION] ============================================================
[2026-05-01T14:55:21Z] [INFO] 🖼️  PHASE: IMAGE-SEED ANALYSIS
[2026-05-01T14:55:21Z] [INFO] 📂 Image seed analysis bootstrapping from 0 images...
[2026-05-01T14:55:21Z] [SECTION] ============================================================
[2026-05-01T14:55:21Z] [INFO] 📤 PHASE: PUSH COMPONENTS TO TOLARIA
[2026-05-01T14:55:24Z] [INFO] 📦 Components pushed to Tolaria: 5
[2026-05-01T14:55:24Z] [SECTION] ============================================================
[2026-05-01T14:55:24Z] [INFO] 🧩 PHASE: COMPOSER - DOMAIN INTEGRATION SYNTHESIS
[2026-05-01T14:55:45Z] [INFO] 🎨 Domain integrations synthesized: 0
[2026-05-01T14:55:45Z] [SECTION] ============================================================
[2026-05-01T14:55:45Z] [INFO] 🚀 PHASE: ADVANCED OVERNIGHT LOOP
[2026-05-01T14:55:45Z] [INFO] 🔬 Advanced loop completed cycles: 0
[2026-05-01T14:55:45Z] [WARNING] ⚠️  Git commit skipped or failed (git not initialized?): Command '['git', '-C', '/home/avalonas/.hermes/gematria/unified_overnight_research', 'add', '.']' returned non-zero exit status 128.
[2026-05-01T14:55:45Z] [INFO] 
📊 CYCLE #251 SUMMARY
[2026-05-01T14:55:45Z] [INFO] ✅ Successful tasks: 7/7
[2026-05-01T14:55:45Z] [INFO] ⏱️  Cycle duration: 24.17s
[2026-05-01T14:55:45Z] [INFO]    ⚠️ task: result
[2026-05-01T14:55:45Z] [INFO]    ⚠️ task: result
[2026-05-01T14:55:45Z] [INFO]    ⚠️ task: result
[2026-05-01T14:55:45Z] [INFO]    ⚠️ task: result
[2026-05-01T14:55:45Z] [INFO]    ⚠️ task: result
[2026-05-01T14:55:45Z] [INFO]    ⚠️ task: result
[2026-05-01T14:55:45Z] [INFO]    ⚠️ task: result
[2026-05-01T14:55:45Z] [HEADER] ================================================================================
[2026-05-01T14:55:45Z] [INFO] 🔄 OVERNIGHT RESEARCH PIPELINE - CYCLE #252
[2026-05-01T14:55:45Z] [INFO] ================================================================================
[2026-05-01T14:55:45Z] [HEADER] ============================================================
[2026-05-01T14:55:45Z] [INFO] 🌙 STARTING OVERNIGHT RESEARCH CYCLE #252
[2026-05-01T14:55:45Z] [INFO] 🔍 Running overnight research protocol (web scraping + cross-symbol analysis)...
[2026-05-01T14:55:45Z] [INFO] 📊 Cycle duration: 0.14s, Files generated: 0
[2026-05-01T14:55:45Z] [WARNING] ⚠️ Database not initialized for cycle counting
[2026-05-01T14:55:45Z] [INFO] 💾 Database updated with cycle results
[2026-05-01T14:55:45Z] [SECTION] ============================================================
[2026-05-01T14:55:45Z] [INFO] 🔮 PHASE: HIDDEN LAYERING DETECTION
[2026-05-01T14:55:45Z] [INFO] 🔗 Hidden layering detection complete. Connections identified: 2
[2026-05-01T14:55:45Z] [SECTION] ============================================================
[2026-05-01T14:55:45Z] [INFO] 🔬 PHASE: DOMAIN CORRELATION ANALYSIS
[2026-05-01T14:55:45Z] [INFO] 📊 Domain correlation matrices created: 2
[2026-05-01T14:55:45Z] [SECTION] ============================================================
[2026-05-01T14:55:45Z] [INFO] 🖼️  PHASE: IMAGE-SEED ANALYSIS
[2026-05-01T14:55:45Z] [INFO] 📂 Image seed analysis bootstrapping from 0 images...
[2026-05-01T14:55:45Z] [SECTION] ============================================================
[2026-05-01T14:55:45Z] [INFO] 📤 PHASE: PUSH COMPONENTS TO TOLARIA
[2026-05-01T14:55:47Z] [INFO] 📦 Components pushed to Tolaria: 5
[2026-05-01T14:55:47Z] [SECTION] ============================================================
[2026-05-01T14:55:47Z] [INFO] 🧩 PHASE: COMPOSER - DOMAIN INTEGRATION SYNTHESIS
[2026-05-01T14:56:09Z] [INFO] 🎨 Domain integrations synthesized: 0
[2026-05-01T14:56:09Z] [SECTION] ============================================================
[2026-05-01T14:56:09Z] [INFO] 🚀 PHASE: ADVANCED OVERNIGHT LOOP
[2026-05-01T14:56:09Z] [INFO] 🔬 Advanced loop completed cycles: 0
[2026-05-01T14:56:09Z] [WARNING] ⚠️  Git commit skipped or failed (git not initialized?): Command '['git', '-C', '/home/avalonas/.hermes/gematria/unified_overnight_research', 'add', '.']' returned non-zero exit status 128.
[2026-05-01T14:56:09Z] [INFO] 
📊 CYCLE #252 SUMMARY
[2026-05-01T14:56:09Z] [INFO] ✅ Successful tasks: 7/7
[2026-05-01T14:56:09Z] [INFO] ⏱️  Cycle duration: 24.34s
[2026-05-01T14:56:09Z] [INFO]    ⚠️ task: result
[2026-05-01T14:56:09Z] [INFO]    ⚠️ task: result
[2026-05-01T14:56:09Z] [INFO]    ⚠️ task: result
[2026-05-01T14:56:09Z] [INFO]    ⚠️ task: result
[2026-05-01T14:56:09Z] [INFO]    ⚠️ task: result
[2026-05-01T14:56:09Z] [INFO]    ⚠️ task: result
[2026-05-01T14:56:09Z] [INFO]    ⚠️ task: result
[2026-05-01T14:56:09Z] [HEADER] ================================================================================
[2026-05-01T14:56:09Z] [INFO] 🔄 OVERNIGHT RESEARCH PIPELINE - CYCLE #253
[2026-05-01T14:56:09Z] [INFO] ================================================================================
[2026-05-01T14:56:09Z] [HEADER] ============================================================
[2026-05-01T14:56:09Z] [INFO] 🌙 STARTING OVERNIGHT RESEARCH CYCLE #253
[2026-05-01T14:56:09Z] [INFO] 🔍 Running overnight research protocol (web scraping + cross-symbol analysis)...
[2026-05-01T14:56:10Z] [INFO] 📊 Cycle duration: 0.36s, Files generated: 0
[2026-05-01T14:56:10Z] [WARNING] ⚠️ Database not initialized for cycle counting
[2026-05-01T14:56:10Z] [INFO] 💾 Database updated with cycle results
[2026-05-01T14:56:10Z] [SECTION] ============================================================
[2026-05-01T14:56:10Z] [INFO] 🔮 PHASE: HIDDEN LAYERING DETECTION
[2026-05-01T14:56:10Z] [INFO] 🔗 Hidden layering detection complete. Connections identified: 2
[2026-05-01T14:56:10Z] [SECTION] ============================================================
[2026-05-01T14:56:10Z] [INFO] 🔬 PHASE: DOMAIN CORRELATION ANALYSIS
[2026-05-01T14:56:10Z] [INFO] 📊 Domain correlation matrices created: 2
[2026-05-01T14:56:10Z] [SECTION] ============================================================
[2026-05-01T14:56:10Z] [INFO] 🖼️  PHASE: IMAGE-SEED ANALYSIS
[2026-05-01T14:56:10Z] [INFO] 📂 Image seed analysis bootstrapping from 0 images...
[2026-05-01T14:56:10Z] [SECTION] ============================================================
[2026-05-01T14:56:10Z] [INFO] 📤 PHASE: PUSH COMPONENTS TO TOLARIA
[2026-05-01T14:56:11Z] [INFO] 📦 Components pushed to Tolaria: 5
[2026-05-01T14:56:11Z] [SECTION] ============================================================
[2026-05-01T14:56:11Z] [INFO] 🧩 PHASE: COMPOSER - DOMAIN INTEGRATION SYNTHESIS
[2026-05-01T14:56:33Z] [INFO] 🎨 Domain integrations synthesized: 0
[2026-05-01T14:56:33Z] [SECTION] ============================================================
[2026-05-01T14:56:33Z] [INFO] 🚀 PHASE: ADVANCED OVERNIGHT LOOP
[2026-05-01T14:56:33Z] [INFO] 🔬 Advanced loop completed cycles: 0
[2026-05-01T14:56:33Z] [WARNING] ⚠️  Git commit skipped or failed (git not initialized?): Command '['git', '-C', '/home/avalonas/.hermes/gematria/unified_overnight_research', 'add', '.']' returned non-zero exit status 128.
[2026-05-01T14:56:33Z] [INFO] 
📊 CYCLE #253 SUMMARY
[2026-05-01T14:56:33Z] [INFO] ✅ Successful tasks: 7/7
[2026-05-01T14:56:33Z] [INFO] ⏱️  Cycle duration: 24.17s
[2026-05-01T14:56:33Z] [INFO]    ⚠️ task: result
[2026-05-01T14:56:33Z] [INFO]    ⚠️ task: result
[2026-05-01T14:56:33Z] [INFO]    ⚠️ task: result
[2026-05-01T14:56:33Z] [INFO]    ⚠️ task: result
[2026-05-01T14:56:33Z] [INFO]    ⚠️ task: result
[2026-05-01T14:56:33Z] [INFO]    ⚠️ task: result
[2026-05-01T14:56:33Z] [INFO]    ⚠️ task: result
[2026-05-01T14:56:33Z] [HEADER] ================================================================================
[2026-05-01T14:56:33Z] [INFO] 🔄 OVERNIGHT RESEARCH PIPELINE - CYCLE #254
[2026-05-01T14:56:33Z] [INFO] ================================================================================
[2026-05-01T14:56:33Z] [HEADER] ============================================================
[2026-05-01T14:56:33Z] [INFO] 🌙 STARTING OVERNIGHT RESEARCH CYCLE #254
[2026-05-01T14:56:33Z] [INFO] 🔍 Running overnight research protocol (web scraping + cross-symbol analysis)...
[2026-05-01T14:56:34Z] [INFO] 📊 Cycle duration: 0.25s, Files generated: 0
[2026-05-01T14:56:34Z] [WARNING] ⚠️ Database not initialized for cycle counting
[2026-05-01T14:56:34Z] [INFO] 💾 Database updated with cycle results
[2026-05-01T14:56:34Z] [SECTION] ============================================================
[2026-05-01T14:56:34Z] [INFO] 🔮 PHASE: HIDDEN LAYERING DETECTION
[2026-05-01T14:56:34Z] [INFO] 🔗 Hidden layering detection complete. Connections identified: 2
[2026-05-01T14:56:34Z] [SECTION] ============================================================
[2026-05-01T14:56:34Z] [INFO] 🔬 PHASE: DOMAIN CORRELATION ANALYSIS
[2026-05-01T14:56:34Z] [INFO] 📊 Domain correlation matrices created: 2
[2026-05-01T14:56:34Z] [SECTION] ============================================================
[2026-05-01T14:56:34Z] [INFO] 🖼️  PHASE: IMAGE-SEED ANALYSIS
[2026-05-01T14:56:34Z] [INFO] 📂 Image seed analysis bootstrapping from 0 images...
[2026-05-01T14:56:34Z] [SECTION] ============================================================
[2026-05-01T14:56:34Z] [INFO] 📤 PHASE: PUSH COMPONENTS TO TOLARIA
[2026-05-01T14:56:35Z] [INFO] 📦 Components pushed to Tolaria: 5
[2026-05-01T14:56:35Z] [SECTION] ============================================================
[2026-05-01T14:56:35Z] [INFO] 🧩 PHASE: COMPOSER - DOMAIN INTEGRATION SYNTHESIS
[2026-05-01T14:56:57Z] [INFO] 🎨 Domain integrations synthesized: 0
[2026-05-01T14:56:57Z] [SECTION] ============================================================
[2026-05-01T14:56:57Z] [INFO] 🚀 PHASE: ADVANCED OVERNIGHT LOOP
[2026-05-01T14:56:57Z] [INFO] 🔬 Advanced loop completed cycles: 0
[2026-05-01T14:56:57Z] [WARNING] ⚠️  Git commit skipped or failed (git not initialized?): Command '['git', '-C', '/home/avalonas/.hermes/gematria/unified_overnight_research', 'add', '.']' returned non-zero exit status 128.
[2026-05-01T14:56:57Z] [INFO] 
📊 CYCLE #254 SUMMARY
[2026-05-01T14:56:57Z] [INFO] ✅ Successful tasks: 7/7
[2026-05-01T14:56:57Z] [INFO] ⏱️  Cycle duration: 23.99s
[2026-05-01T14:56:57Z] [INFO]    ⚠️ task: result
[2026-05-01T14:56:57Z] [INFO]    ⚠️ task: result
[2026-05-01T14:56:57Z] [INFO]    ⚠️ task: result
[2026-05-01T14:56:57Z] [INFO]    ⚠️ task: result
[2026-05-01T14:56:57Z] [INFO]    ⚠️ task: result
[2026-05-01T14:56:57Z] [INFO]    ⚠️ task: result
[2026-05-01T14:56:57Z] [INFO]    ⚠️ task: result
[2026-05-01T14:56:57Z] [HEADER] ================================================================================
[2026-05-01T14:56:57Z] [INFO] 🔄 OVERNIGHT RESEARCH PIPELINE - CYCLE #255
[2026-05-01T14:56:57Z] [INFO] ================================================================================
[2026-05-01T14:56:57Z] [HEADER] ============================================================
[2026-05-01T14:56:57Z] [INFO] 🌙 STARTING OVERNIGHT RESEARCH CYCLE #255
[2026-05-01T14:56:57Z] [INFO] 🔍 Running overnight research protocol (web scraping + cross-symbol analysis)...
[2026-05-01T14:56:58Z] [INFO] 📊 Cycle duration: 0.15s, Files generated: 0
[2026-05-01T14:56:58Z] [WARNING] ⚠️ Database not initialized for cycle counting
[2026-05-01T14:56:58Z] [INFO] 💾 Database updated with cycle results
[2026-05-01T14:56:58Z] [SECTION] ============================================================
[2026-05-01T14:56:58Z] [INFO] 🔮 PHASE: HIDDEN LAYERING DETECTION
[2026-05-01T14:56:58Z] [INFO] 🔗 Hidden layering detection complete. Connections identified: 2
[2026-05-01T14:56:58Z] [SECTION] ============================================================
[2026-05-01T14:56:58Z] [INFO] 🔬 PHASE: DOMAIN CORRELATION ANALYSIS
[2026-05-01T14:56:58Z] [INFO] 📊 Domain correlation matrices created: 2
[2026-05-01T14:56:58Z] [SECTION] ============================================================
[2026-05-01T14:56:58Z] [INFO] 🖼️  PHASE: IMAGE-SEED ANALYSIS
[2026-05-01T14:56:58Z] [INFO] 📂 Image seed analysis bootstrapping from 0 images...
[2026-05-01T14:56:58Z] [SECTION] ============================================================
[2026-05-01T14:56:58Z] [INFO] 📤 PHASE: PUSH COMPONENTS TO TOLARIA
[2026-05-01T14:56:59Z] [INFO] 📦 Components pushed to Tolaria: 5
[2026-05-01T14:56:59Z] [SECTION] ============================================================
[2026-05-01T14:56:59Z] [INFO] 🧩 PHASE: COMPOSER - DOMAIN INTEGRATION SYNTHESIS
[2026-05-01T14:57:22Z] [INFO] 🎨 Domain integrations synthesized: 0
[2026-05-01T14:57:22Z] [SECTION] ============================================================
[2026-05-01T14:57:22Z] [INFO] 🚀 PHASE: ADVANCED OVERNIGHT LOOP
[2026-05-01T14:57:22Z] [INFO] 🔬 Advanced loop completed cycles: 0
[2026-05-01T14:57:22Z] [WARNING] ⚠️  Git commit skipped or failed (git not initialized?): Command '['git', '-C', '/home/avalonas/.hermes/gematria/unified_overnight_research', 'add', '.']' returned non-zero exit status 128.
[2026-05-01T14:57:22Z] [INFO] 
📊 CYCLE #255 SUMMARY
[2026-05-01T14:57:22Z] [INFO] ✅ Successful tasks: 7/7
[2026-05-01T14:57:22Z] [INFO] ⏱️  Cycle duration: 24.29s
[2026-05-01T14:57:22Z] [INFO]    ⚠️ task: result
[2026-05-01T14:57:22Z] [INFO]    ⚠️ task: result
[2026-05-01T14:57:22Z] [INFO]    ⚠️ task: result
[2026-05-01T14:57:22Z] [INFO]    ⚠️ task: result
[2026-05-01T14:57:22Z] [INFO]    ⚠️ task: result
[2026-05-01T14:57:22Z] [INFO]    ⚠️ task: result
[2026-05-01T14:57:22Z] [INFO]    ⚠️ task: result
[2026-05-01T14:57:22Z] [HEADER] ================================================================================
[2026-05-01T14:57:22Z] [INFO] 🔄 OVERNIGHT RESEARCH PIPELINE - CYCLE #256
[2026-05-01T14:57:22Z] [INFO] ================================================================================
[2026-05-01T14:57:22Z] [HEADER] ============================================================
[2026-05-01T14:57:22Z] [INFO] 🌙 STARTING OVERNIGHT RESEARCH CYCLE #256
[2026-05-01T14:57:22Z] [INFO] 🔍 Running overnight research protocol (web scraping + cross-symbol analysis)...
[2026-05-01T14:57:22Z] [INFO] 📊 Cycle duration: 0.27s, Files generated: 0
[2026-05-01T14:57:22Z] [WARNING] ⚠️ Database not initialized for cycle counting
[2026-05-01T14:57:22Z] [INFO] 💾 Database updated with cycle results
[2026-05-01T14:57:22Z] [SECTION] ============================================================
[2026-05-01T14:57:22Z] [INFO] 🔮 PHASE: HIDDEN LAYERING DETECTION
[2026-05-01T14:57:22Z] [INFO] 🔗 Hidden layering detection complete. Connections identified: 2
[2026-05-01T14:57:22Z] [SECTION] ============================================================
[2026-05-01T14:57:22Z] [INFO] 🔬 PHASE: DOMAIN CORRELATION ANALYSIS
[2026-05-01T14:57:22Z] [INFO] 📊 Domain correlation matrices created: 2
[2026-05-01T14:57:22Z] [SECTION] ============================================================
[2026-05-01T14:57:22Z] [INFO] 🖼️  PHASE: IMAGE-SEED ANALYSIS
[2026-05-01T14:57:22Z] [INFO] 📂 Image seed analysis bootstrapping from 0 images...
[2026-05-01T14:57:22Z] [SECTION] ============================================================
[2026-05-01T14:57:22Z] [INFO] 📤 PHASE: PUSH COMPONENTS TO TOLARIA
[2026-05-01T14:57:23Z] [INFO] 📦 Components pushed to Tolaria: 5
[2026-05-01T14:57:23Z] [SECTION] ============================================================
[2026-05-01T14:57:23Z] [INFO] 🧩 PHASE: COMPOSER - DOMAIN INTEGRATION SYNTHESIS
[2026-05-01T14:57:46Z] [INFO] 🎨 Domain integrations synthesized: 0
[2026-05-01T14:57:46Z] [SECTION] ============================================================
[2026-05-01T14:57:46Z] [INFO] 🚀 PHASE: ADVANCED OVERNIGHT LOOP
[2026-05-01T14:57:46Z] [INFO] 🔬 Advanced loop completed cycles: 0
[2026-05-01T14:57:46Z] [WARNING] ⚠️  Git commit skipped or failed (git not initialized?): Command '['git', '-C', '/home/avalonas/.hermes/gematria/unified_overnight_research', 'commit', '-m', '[2026-05-01T14:57:46Z] Cycle 255: Cycle 256: Web research + hidden layering detection']' returned non-zero exit status 1.
[2026-05-01T14:57:46Z] [INFO] 
📊 CYCLE #256 SUMMARY
[2026-05-01T14:57:46Z] [INFO] ✅ Successful tasks: 7/7
[2026-05-01T14:57:46Z] [INFO] ⏱️  Cycle duration: 24.36s
[2026-05-01T14:57:46Z] [INFO]    ⚠️ task: result
[2026-05-01T14:57:46Z] [INFO]    ⚠️ task: result
[2026-05-01T14:57:46Z] [INFO]    ⚠️ task: result
[2026-05-01T14:57:46Z] [INFO]    ⚠️ task: result
[2026-05-01T14:57:46Z] [INFO]    ⚠️ task: result
[2026-05-01T14:57:46Z] [INFO]    ⚠️ task: result
[2026-05-01T14:57:46Z] [INFO]    ⚠️ task: result
[2026-05-01T14:57:46Z] [HEADER] ================================================================================
[2026-05-01T14:57:46Z] [INFO] 🔄 OVERNIGHT RESEARCH PIPELINE - CYCLE #257
[2026-05-01T14:57:46Z] [INFO] ================================================================================
[2026-05-01T14:57:46Z] [HEADER] ============================================================
[2026-05-01T14:57:46Z] [INFO] 🌙 STARTING OVERNIGHT RESEARCH CYCLE #257
[2026-05-01T14:57:46Z] [INFO] 🔍 Running overnight research protocol (web scraping + cross-symbol analysis)...
[2026-05-01T14:57:46Z] [INFO] 📊 Cycle duration: 0.15s, Files generated: 0
[2026-05-01T14:57:46Z] [WARNING] ⚠️ Database not initialized for cycle counting
[2026-05-01T14:57:46Z] [INFO] 💾 Database updated with cycle results
[2026-05-01T14:57:46Z] [SECTION] ============================================================
[2026-05-01T14:57:46Z] [INFO] 🔮 PHASE: HIDDEN LAYERING DETECTION
[2026-05-01T14:57:46Z] [INFO] 🔗 Hidden layering detection complete. Connections identified: 2
[2026-05-01T14:57:46Z] [SECTION] ============================================================
[2026-05-01T14:57:46Z] [INFO] 🔬 PHASE: DOMAIN CORRELATION ANALYSIS
[2026-05-01T14:57:46Z] [INFO] 📊 Domain correlation matrices created: 2
[2026-05-01T14:57:46Z] [SECTION] ============================================================
[2026-05-01T14:57:46Z] [INFO] 🖼️  PHASE: IMAGE-SEED ANALYSIS
[2026-05-01T14:57:46Z] [INFO] 📂 Image seed analysis bootstrapping from 0 images...
[2026-05-01T14:57:46Z] [SECTION] ============================================================
[2026-05-01T14:57:46Z] [INFO] 📤 PHASE: PUSH COMPONENTS TO TOLARIA
[2026-05-01T14:57:47Z] [INFO] 📦 Components pushed to Tolaria: 5
[2026-05-01T14:57:47Z] [SECTION] ============================================================
[2026-05-01T14:57:47Z] [INFO] 🧩 PHASE: COMPOSER - DOMAIN INTEGRATION SYNTHESIS
[2026-05-01T14:58:10Z] [INFO] 🎨 Domain integrations synthesized: 0
[2026-05-01T14:58:10Z] [SECTION] ============================================================
[2026-05-01T14:58:10Z] [INFO] 🚀 PHASE: ADVANCED OVERNIGHT LOOP
[2026-05-01T14:58:10Z] [INFO] 🔬 Advanced loop completed cycles: 0
[2026-05-01T14:58:10Z] [WARNING] ⚠️  Git commit skipped or failed (git not initialized?): Command '['git', '-C', '/home/avalonas/.hermes/gematria/unified_overnight_research', 'add', '.']' returned non-zero exit status 128.
[2026-05-01T14:58:10Z] [INFO] 
📊 CYCLE #257 SUMMARY
[2026-05-01T14:58:10Z] [INFO] ✅ Successful tasks: 7/7
[2026-05-01T14:58:10Z] [INFO] ⏱️  Cycle duration: 24.36s
[2026-05-01T14:58:10Z] [INFO]    ⚠️ task: result
[2026-05-01T14:58:10Z] [INFO]    ⚠️ task: result
[2026-05-01T14:58:10Z] [INFO]    ⚠️ task: result
[2026-05-01T14:58:10Z] [INFO]    ⚠️ task: result
[2026-05-01T14:58:10Z] [INFO]    ⚠️ task: result
[2026-05-01T14:58:10Z] [INFO]    ⚠️ task: result
[2026-05-01T14:58:10Z] [INFO]    ⚠️ task: result
[2026-05-01T14:58:10Z] [HEADER] ================================================================================
[2026-05-01T14:58:10Z] [INFO] 🔄 OVERNIGHT RESEARCH PIPELINE - CYCLE #258
[2026-05-01T14:58:10Z] [INFO] ================================================================================
[2026-05-01T14:58:10Z] [HEADER] ============================================================
[2026-05-01T14:58:10Z] [INFO] 🌙 STARTING OVERNIGHT RESEARCH CYCLE #258
[2026-05-01T14:58:10Z] [INFO] 🔍 Running overnight research protocol (web scraping + cross-symbol analysis)...
[2026-05-01T14:58:11Z] [INFO] 📊 Cycle duration: 0.34s, Files generated: 0
[2026-05-01T14:58:11Z] [WARNING] ⚠️ Database not initialized for cycle counting
[2026-05-01T14:58:11Z] [INFO] 💾 Database updated with cycle results
[2026-05-01T14:58:11Z] [SECTION] ============================================================
[2026-05-01T14:58:11Z] [INFO] 🔮 PHASE: HIDDEN LAYERING DETECTION
[2026-05-01T14:58:11Z] [INFO] 🔗 Hidden layering detection complete. Connections identified: 2
[2026-05-01T14:58:11Z] [SECTION] ============================================================
[2026-05-01T14:58:11Z] [INFO] 🔬 PHASE: DOMAIN CORRELATION ANALYSIS
[2026-05-01T14:58:11Z] [INFO] 📊 Domain correlation matrices created: 2
[2026-05-01T14:58:11Z] [SECTION] ============================================================
[2026-05-01T14:58:11Z] [INFO] 🖼️  PHASE: IMAGE-SEED ANALYSIS
[2026-05-01T14:58:11Z] [INFO] 📂 Image seed analysis bootstrapping from 0 images...
[2026-05-01T14:58:11Z] [SECTION] ============================================================
[2026-05-01T14:58:11Z] [INFO] 📤 PHASE: PUSH COMPONENTS TO TOLARIA
[2026-05-01T14:58:12Z] [INFO] 📦 Components pushed to Tolaria: 5
[2026-05-01T14:58:12Z] [SECTION] ============================================================
[2026-05-01T14:58:12Z] [INFO] 🧩 PHASE: COMPOSER - DOMAIN INTEGRATION SYNTHESIS
[2026-05-01T14:58:34Z] [INFO] 🎨 Domain integrations synthesized: 0
[2026-05-01T14:58:34Z] [SECTION] ============================================================
[2026-05-01T14:58:34Z] [INFO] 🚀 PHASE: ADVANCED OVERNIGHT LOOP
[2026-05-01T14:58:34Z] [INFO] 🔬 Advanced loop completed cycles: 0
[2026-05-01T14:58:34Z] [WARNING] ⚠️  Git commit skipped or failed (git not initialized?): Command '['git', '-C', '/home/avalonas/.hermes/gematria/unified_overnight_research', 'add', '.']' returned non-zero exit status 128.
[2026-05-01T14:58:34Z] [INFO] 
📊 CYCLE #258 SUMMARY
[2026-05-01T14:58:34Z] [INFO] ✅ Successful tasks: 7/7
[2026-05-01T14:58:34Z] [INFO] ⏱️  Cycle duration: 23.74s
[2026-05-01T14:58:34Z] [INFO]    ⚠️ task: result
[2026-05-01T14:58:34Z] [INFO]    ⚠️ task: result
[2026-05-01T14:58:34Z] [INFO]    ⚠️ task: result
[2026-05-01T14:58:34Z] [INFO]    ⚠️ task: result
[2026-05-01T14:58:34Z] [INFO]    ⚠️ task: result
[2026-05-01T14:58:34Z] [INFO]    ⚠️ task: result
[2026-05-01T14:58:34Z] [INFO]    ⚠️ task: result
[2026-05-01T14:58:34Z] [HEADER] ================================================================================
[2026-05-01T14:58:34Z] [INFO] 🔄 OVERNIGHT RESEARCH PIPELINE - CYCLE #259
[2026-05-01T14:58:34Z] [INFO] ================================================================================
[2026-05-01T14:58:34Z] [HEADER] ============================================================
[2026-05-01T14:58:34Z] [INFO] 🌙 STARTING OVERNIGHT RESEARCH CYCLE #259
[2026-05-01T14:58:34Z] [INFO] 🔍 Running overnight research protocol (web scraping + cross-symbol analysis)...
[2026-05-01T14:58:34Z] [INFO] 📊 Cycle duration: 0.15s, Files generated: 0
[2026-05-01T14:58:34Z] [WARNING] ⚠️ Database not initialized for cycle counting
[2026-05-01T14:58:34Z] [INFO] 💾 Database updated with cycle results
[2026-05-01T14:58:34Z] [SECTION] ============================================================
[2026-05-01T14:58:34Z] [INFO] 🔮 PHASE: HIDDEN LAYERING DETECTION
[2026-05-01T14:58:34Z] [INFO] 🔗 Hidden layering detection complete. Connections identified: 2
[2026-05-01T14:58:34Z] [SECTION] ============================================================
[2026-05-01T14:58:34Z] [INFO] 🔬 PHASE: DOMAIN CORRELATION ANALYSIS
[2026-05-01T14:58:34Z] [INFO] 📊 Domain correlation matrices created: 2
[2026-05-01T14:58:34Z] [SECTION] ============================================================
[2026-05-01T14:58:34Z] [INFO] 🖼️  PHASE: IMAGE-SEED ANALYSIS
[2026-05-01T14:58:34Z] [INFO] 📂 Image seed analysis bootstrapping from 0 images...
[2026-05-01T14:58:34Z] [SECTION] ============================================================
[2026-05-01T14:58:34Z] [INFO] 📤 PHASE: PUSH COMPONENTS TO TOLARIA
[2026-05-01T14:58:36Z] [INFO] 📦 Components pushed to Tolaria: 5
[2026-05-01T14:58:36Z] [SECTION] ============================================================
[2026-05-01T14:58:36Z] [INFO] 🧩 PHASE: COMPOSER - DOMAIN INTEGRATION SYNTHESIS
[2026-05-01T14:58:58Z] [INFO] 🎨 Domain integrations synthesized: 0
[2026-05-01T14:58:58Z] [SECTION] ============================================================
[2026-05-01T14:58:58Z] [INFO] 🚀 PHASE: ADVANCED OVERNIGHT LOOP
[2026-05-01T14:58:58Z] [INFO] 🔬 Advanced loop completed cycles: 0
[2026-05-01T14:58:58Z] [WARNING] ⚠️  Git commit skipped or failed (git not initialized?): Command '['git', '-C', '/home/avalonas/.hermes/gematria/unified_overnight_research', 'add', '.']' returned non-zero exit status 128.
[2026-05-01T14:58:58Z] [INFO] 
📊 CYCLE #259 SUMMARY
[2026-05-01T14:58:58Z] [INFO] ✅ Successful tasks: 7/7
[2026-05-01T14:58:58Z] [INFO] ⏱️  Cycle duration: 24.29s
[2026-05-01T14:58:58Z] [INFO]    ⚠️ task: result
[2026-05-01T14:58:58Z] [INFO]    ⚠️ task: result
[2026-05-01T14:58:58Z] [INFO]    ⚠️ task: result
[2026-05-01T14:58:58Z] [INFO]    ⚠️ task: result
[2026-05-01T14:58:58Z] [INFO]    ⚠️ task: result
[2026-05-01T14:58:58Z] [INFO]    ⚠️ task: result
[2026-05-01T14:58:58Z] [INFO]    ⚠️ task: result
[2026-05-01T14:58:58Z] [HEADER] ================================================================================
[2026-05-01T14:58:58Z] [INFO] 🔄 OVERNIGHT RESEARCH PIPELINE - CYCLE #260
[2026-05-01T14:58:58Z] [INFO] ================================================================================
[2026-05-01T14:58:58Z] [HEADER] ============================================================
[2026-05-01T14:58:58Z] [INFO] 🌙 STARTING OVERNIGHT RESEARCH CYCLE #260
[2026-05-01T14:58:58Z] [INFO] 🔍 Running overnight research protocol (web scraping + cross-symbol analysis)...
[2026-05-01T14:58:59Z] [INFO] 📊 Cycle duration: 0.24s, Files generated: 0
[2026-05-01T14:58:59Z] [WARNING] ⚠️ Database not initialized for cycle counting
[2026-05-01T14:58:59Z] [INFO] 💾 Database updated with cycle results
[2026-05-01T14:58:59Z] [SECTION] ============================================================
[2026-05-01T14:58:59Z] [INFO] 🔮 PHASE: HIDDEN LAYERING DETECTION
[2026-05-01T14:58:59Z] [INFO] 🔗 Hidden layering detection complete. Connections identified: 2
[2026-05-01T14:58:59Z] [SECTION] ============================================================
[2026-05-01T14:58:59Z] [INFO] 🔬 PHASE: DOMAIN CORRELATION ANALYSIS
[2026-05-01T14:58:59Z] [INFO] 📊 Domain correlation matrices created: 2
[2026-05-01T14:58:59Z] [SECTION] ============================================================
[2026-05-01T14:58:59Z] [INFO] 🖼️  PHASE: IMAGE-SEED ANALYSIS
[2026-05-01T14:58:59Z] [INFO] 📂 Image seed analysis bootstrapping from 0 images...
[2026-05-01T14:58:59Z] [SECTION] ============================================================
[2026-05-01T14:58:59Z] [INFO] 📤 PHASE: PUSH COMPONENTS TO TOLARIA
[2026-05-01T14:59:00Z] [INFO] 📦 Components pushed to Tolaria: 5
[2026-05-01T14:59:00Z] [SECTION] ============================================================
[2026-05-01T14:59:00Z] [INFO] 🧩 PHASE: COMPOSER - DOMAIN INTEGRATION SYNTHESIS
[2026-05-01T14:59:23Z] [INFO] 🎨 Domain integrations synthesized: 0
[2026-05-01T14:59:23Z] [SECTION] ============================================================
[2026-05-01T14:59:23Z] [INFO] 🚀 PHASE: ADVANCED OVERNIGHT LOOP
[2026-05-01T14:59:23Z] [INFO] 🔬 Advanced loop completed cycles: 0
[2026-05-01T14:59:23Z] [WARNING] ⚠️  Git commit skipped or failed (git not initialized?): Command '['git', '-C', '/home/avalonas/.hermes/gematria/unified_overnight_research', 'add', '.']' returned non-zero exit status 128.
[2026-05-01T14:59:23Z] [INFO] 
📊 CYCLE #260 SUMMARY
[2026-05-01T14:59:23Z] [INFO] ✅ Successful tasks: 7/7
[2026-05-01T14:59:23Z] [INFO] ⏱️  Cycle duration: 24.20s
[2026-05-01T14:59:23Z] [INFO]    ⚠️ task: result
[2026-05-01T14:59:23Z] [INFO]    ⚠️ task: result
[2026-05-01T14:59:23Z] [INFO]    ⚠️ task: result
[2026-05-01T14:59:23Z] [INFO]    ⚠️ task: result
[2026-05-01T14:59:23Z] [INFO]    ⚠️ task: result
[2026-05-01T14:59:23Z] [INFO]    ⚠️ task: result
[2026-05-01T14:59:23Z] [INFO]    ⚠️ task: result
[2026-05-01T14:59:23Z] [HEADER] ================================================================================
[2026-05-01T14:59:23Z] [INFO] 🔄 OVERNIGHT RESEARCH PIPELINE - CYCLE #261
[2026-05-01T14:59:23Z] [INFO] ================================================================================
[2026-05-01T14:59:23Z] [HEADER] ============================================================
[2026-05-01T14:59:23Z] [INFO] 🌙 STARTING OVERNIGHT RESEARCH CYCLE #261
[2026-05-01T14:59:23Z] [INFO] 🔍 Running overnight research protocol (web scraping + cross-symbol analysis)...
[2026-05-01T14:59:23Z] [INFO] 📊 Cycle duration: 0.15s, Files generated: 0
[2026-05-01T14:59:23Z] [WARNING] ⚠️ Database not initialized for cycle counting
[2026-05-01T14:59:23Z] [INFO] 💾 Database updated with cycle results
[2026-05-01T14:59:23Z] [SECTION] ============================================================
[2026-05-01T14:59:23Z] [INFO] 🔮 PHASE: HIDDEN LAYERING DETECTION
[2026-05-01T14:59:23Z] [INFO] 🔗 Hidden layering detection complete. Connections identified: 2
[2026-05-01T14:59:23Z] [SECTION] ============================================================
[2026-05-01T14:59:23Z] [INFO] 🔬 PHASE: DOMAIN CORRELATION ANALYSIS
[2026-05-01T14:59:23Z] [INFO] 📊 Domain correlation matrices created: 2
[2026-05-01T14:59:23Z] [SECTION] ============================================================
[2026-05-01T14:59:23Z] [INFO] 🖼️  PHASE: IMAGE-SEED ANALYSIS
[2026-05-01T14:59:23Z] [INFO] 📂 Image seed analysis bootstrapping from 0 images...
[2026-05-01T14:59:23Z] [SECTION] ============================================================
[2026-05-01T14:59:23Z] [INFO] 📤 PHASE: PUSH COMPONENTS TO TOLARIA
[2026-05-01T14:59:24Z] [INFO] 📦 Components pushed to Tolaria: 5
[2026-05-01T14:59:24Z] [SECTION] ============================================================
[2026-05-01T14:59:24Z] [INFO] 🧩 PHASE: COMPOSER - DOMAIN INTEGRATION SYNTHESIS
[2026-05-01T14:59:47Z] [INFO] 🎨 Domain integrations synthesized: 0
[2026-05-01T14:59:47Z] [SECTION] ============================================================
[2026-05-01T14:59:47Z] [INFO] 🚀 PHASE: ADVANCED OVERNIGHT LOOP
[2026-05-01T14:59:47Z] [INFO] 🔬 Advanced loop completed cycles: 0
[2026-05-01T14:59:47Z] [WARNING] ⚠️  Git commit skipped or failed (git not initialized?): Command '['git', '-C', '/home/avalonas/.hermes/gematria/unified_overnight_research', 'commit', '-m', '[2026-05-01T14:59:47Z] Cycle 260: Cycle 261: Web research + hidden layering detection']' returned non-zero exit status 128.
[2026-05-01T14:59:47Z] [INFO] 
📊 CYCLE #261 SUMMARY
[2026-05-01T14:59:47Z] [INFO] ✅ Successful tasks: 7/7
[2026-05-01T14:59:47Z] [INFO] ⏱️  Cycle duration: 24.14s
[2026-05-01T14:59:47Z] [INFO]    ⚠️ task: result
[2026-05-01T14:59:47Z] [INFO]    ⚠️ task: result
[2026-05-01T14:59:47Z] [INFO]    ⚠️ task: result
[2026-05-01T14:59:47Z] [INFO]    ⚠️ task: result
[2026-05-01T14:59:47Z] [INFO]    ⚠️ task: result
[2026-05-01T14:59:47Z] [INFO]    ⚠️ task: result
[2026-05-01T14:59:47Z] [INFO]    ⚠️ task: result
[2026-05-01T14:59:47Z] [HEADER] ================================================================================
[2026-05-01T14:59:47Z] [INFO] 🔄 OVERNIGHT RESEARCH PIPELINE - CYCLE #262
[2026-05-01T14:59:47Z] [INFO] ================================================================================
[2026-05-01T14:59:47Z] [HEADER] ============================================================
[2026-05-01T14:59:47Z] [INFO] 🌙 STARTING OVERNIGHT RESEARCH CYCLE #262
[2026-05-01T14:59:47Z] [INFO] 🔍 Running overnight research protocol (web scraping + cross-symbol analysis)...
[2026-05-01T14:59:47Z] [INFO] 📊 Cycle duration: 0.14s, Files generated: 0
[2026-05-01T14:59:47Z] [WARNING] ⚠️ Database not initialized for cycle counting
[2026-05-01T14:59:47Z] [INFO] 💾 Database updated with cycle results
[2026-05-01T14:59:47Z] [SECTION] ============================================================
[2026-05-01T14:59:47Z] [INFO] 🔮 PHASE: HIDDEN LAYERING DETECTION
[2026-05-01T14:59:47Z] [INFO] 🔗 Hidden layering detection complete. Connections identified: 2
[2026-05-01T14:59:47Z] [SECTION] ============================================================
[2026-05-01T14:59:47Z] [INFO] 🔬 PHASE: DOMAIN CORRELATION ANALYSIS
[2026-05-01T14:59:47Z] [INFO] 📊 Domain correlation matrices created: 2
[2026-05-01T14:59:47Z] [SECTION] ============================================================
[2026-05-01T14:59:47Z] [INFO] 🖼️  PHASE: IMAGE-SEED ANALYSIS
[2026-05-01T14:59:47Z] [INFO] 📂 Image seed analysis bootstrapping from 0 images...
[2026-05-01T14:59:47Z] [SECTION] ============================================================
[2026-05-01T14:59:47Z] [INFO] 📤 PHASE: PUSH COMPONENTS TO TOLARIA
[2026-05-01T14:59:48Z] [INFO] 📦 Components pushed to Tolaria: 5
[2026-05-01T14:59:48Z] [SECTION] ============================================================
[2026-05-01T14:59:48Z] [INFO] 🧩 PHASE: COMPOSER - DOMAIN INTEGRATION SYNTHESIS
[2026-05-01T15:00:11Z] [INFO] 🎨 Domain integrations synthesized: 0
[2026-05-01T15:00:11Z] [SECTION] ============================================================
[2026-05-01T15:00:11Z] [INFO] 🚀 PHASE: ADVANCED OVERNIGHT LOOP
[2026-05-01T15:00:11Z] [INFO] 🔬 Advanced loop completed cycles: 0
[2026-05-01T15:00:11Z] [WARNING] ⚠️  Git commit skipped or failed (git not initialized?): Command '['git', '-C', '/home/avalonas/.hermes/gematria/unified_overnight_research', 'add', '.']' returned non-zero exit status 128.
[2026-05-01T15:00:11Z] [INFO] 
📊 CYCLE #262 SUMMARY
[2026-05-01T15:00:11Z] [INFO] ✅ Successful tasks: 7/7
[2026-05-01T15:00:11Z] [INFO] ⏱️  Cycle duration: 23.88s
[2026-05-01T15:00:11Z] [INFO]    ⚠️ task: result
[2026-05-01T15:00:11Z] [INFO]    ⚠️ task: result
[2026-05-01T15:00:11Z] [INFO]    ⚠️ task: result
[2026-05-01T15:00:11Z] [INFO]    ⚠️ task: result
[2026-05-01T15:00:11Z] [INFO]    ⚠️ task: result
[2026-05-01T15:00:11Z] [INFO]    ⚠️ task: result
[2026-05-01T15:00:11Z] [INFO]    ⚠️ task: result
[2026-05-01T15:00:11Z] [HEADER] ================================================================================
[2026-05-01T15:00:11Z] [INFO] 🔄 OVERNIGHT RESEARCH PIPELINE - CYCLE #263
[2026-05-01T15:00:11Z] [INFO] ================================================================================
[2026-05-01T15:00:11Z] [HEADER] ============================================================
[2026-05-01T15:00:11Z] [INFO] 🌙 STARTING OVERNIGHT RESEARCH CYCLE #263
[2026-05-01T15:00:11Z] [INFO] 🔍 Running overnight research protocol (web scraping + cross-symbol analysis)...
[2026-05-01T15:00:11Z] [INFO] 📊 Cycle duration: 0.14s, Files generated: 0
[2026-05-01T15:00:11Z] [WARNING] ⚠️ Database not initialized for cycle counting
[2026-05-01T15:00:11Z] [INFO] 💾 Database updated with cycle results
[2026-05-01T15:00:11Z] [SECTION] ============================================================
[2026-05-01T15:00:11Z] [INFO] 🔮 PHASE: HIDDEN LAYERING DETECTION
[2026-05-01T15:00:11Z] [INFO] 🔗 Hidden layering detection complete. Connections identified: 2
[2026-05-01T15:00:11Z] [SECTION] ============================================================
[2026-05-01T15:00:11Z] [INFO] 🔬 PHASE: DOMAIN CORRELATION ANALYSIS
[2026-05-01T15:00:11Z] [INFO] 📊 Domain correlation matrices created: 2
[2026-05-01T15:00:11Z] [SECTION] ============================================================
[2026-05-01T15:00:11Z] [INFO] 🖼️  PHASE: IMAGE-SEED ANALYSIS
[2026-05-01T15:00:11Z] [INFO] 📂 Image seed analysis bootstrapping from 0 images...
[2026-05-01T15:00:11Z] [SECTION] ============================================================
[2026-05-01T15:00:11Z] [INFO] 📤 PHASE: PUSH COMPONENTS TO TOLARIA
[2026-05-01T15:00:13Z] [INFO] 📦 Components pushed to Tolaria: 5
[2026-05-01T15:00:13Z] [SECTION] ============================================================
[2026-05-01T15:00:13Z] [INFO] 🧩 PHASE: COMPOSER - DOMAIN INTEGRATION SYNTHESIS
[2026-05-01T15:00:35Z] [INFO] 🎨 Domain integrations synthesized: 0
[2026-05-01T15:00:35Z] [SECTION] ============================================================
[2026-05-01T15:00:35Z] [INFO] 🚀 PHASE: ADVANCED OVERNIGHT LOOP
[2026-05-01T15:00:35Z] [INFO] 🔬 Advanced loop completed cycles: 0
[2026-05-01T15:00:35Z] [WARNING] ⚠️  Git commit skipped or failed (git not initialized?): Command '['git', '-C', '/home/avalonas/.hermes/gematria/unified_overnight_research', 'commit', '-m', '[2026-05-01T15:00:35Z] Cycle 262: Cycle 263: Web research + hidden layering detection']' returned non-zero exit status 128.
[2026-05-01T15:00:35Z] [INFO] 
📊 CYCLE #263 SUMMARY
[2026-05-01T15:00:35Z] [INFO] ✅ Successful tasks: 7/7
[2026-05-01T15:00:35Z] [INFO] ⏱️  Cycle duration: 24.18s
[2026-05-01T15:00:35Z] [INFO]    ⚠️ task: result
[2026-05-01T15:00:35Z] [INFO]    ⚠️ task: result
[2026-05-01T15:00:35Z] [INFO]    ⚠️ task: result
[2026-05-01T15:00:35Z] [INFO]    ⚠️ task: result
[2026-05-01T15:00:35Z] [INFO]    ⚠️ task: result
[2026-05-01T15:00:35Z] [INFO]    ⚠️ task: result
[2026-05-01T15:00:35Z] [INFO]    ⚠️ task: result
[2026-05-01T15:00:35Z] [HEADER] ================================================================================
[2026-05-01T15:00:35Z] [INFO] 🔄 OVERNIGHT RESEARCH PIPELINE - CYCLE #264
[2026-05-01T15:00:35Z] [INFO] ================================================================================
[2026-05-01T15:00:35Z] [HEADER] ============================================================
[2026-05-01T15:00:35Z] [INFO] 🌙 STARTING OVERNIGHT RESEARCH CYCLE #264
[2026-05-01T15:00:35Z] [INFO] 🔍 Running overnight research protocol (web scraping + cross-symbol analysis)...
[2026-05-01T15:00:35Z] [INFO] 📊 Cycle duration: 0.26s, Files generated: 0
[2026-05-01T15:00:35Z] [WARNING] ⚠️ Database not initialized for cycle counting
[2026-05-01T15:00:35Z] [INFO] 💾 Database updated with cycle results
[2026-05-01T15:00:35Z] [SECTION] ============================================================
[2026-05-01T15:00:35Z] [INFO] 🔮 PHASE: HIDDEN LAYERING DETECTION
[2026-05-01T15:00:35Z] [INFO] 🔗 Hidden layering detection complete. Connections identified: 2
[2026-05-01T15:00:35Z] [SECTION] ============================================================
[2026-05-01T15:00:35Z] [INFO] 🔬 PHASE: DOMAIN CORRELATION ANALYSIS
[2026-05-01T15:00:35Z] [INFO] 📊 Domain correlation matrices created: 2
[2026-05-01T15:00:35Z] [SECTION] ============================================================
[2026-05-01T15:00:35Z] [INFO] 🖼️  PHASE: IMAGE-SEED ANALYSIS
[2026-05-01T15:00:35Z] [INFO] 📂 Image seed analysis bootstrapping from 0 images...
[2026-05-01T15:00:35Z] [SECTION] ============================================================
[2026-05-01T15:00:35Z] [INFO] 📤 PHASE: PUSH COMPONENTS TO TOLARIA
[2026-05-01T15:00:36Z] [INFO] 📦 Components pushed to Tolaria: 5
[2026-05-01T15:00:36Z] [SECTION] ============================================================
[2026-05-01T15:00:36Z] [INFO] 🧩 PHASE: COMPOSER - DOMAIN INTEGRATION SYNTHESIS
[2026-05-01T15:00:59Z] [INFO] 🎨 Domain integrations synthesized: 0
[2026-05-01T15:00:59Z] [SECTION] ============================================================
[2026-05-01T15:00:59Z] [INFO] 🚀 PHASE: ADVANCED OVERNIGHT LOOP
[2026-05-01T15:00:59Z] [INFO] 🔬 Advanced loop completed cycles: 0
[2026-05-01T15:00:59Z] [WARNING] ⚠️  Git commit skipped or failed (git not initialized?): Command '['git', '-C', '/home/avalonas/.hermes/gematria/unified_overnight_research', 'add', '.']' returned non-zero exit status 128.
[2026-05-01T15:00:59Z] [INFO] 
📊 CYCLE #264 SUMMARY
[2026-05-01T15:00:59Z] [INFO] ✅ Successful tasks: 7/7
[2026-05-01T15:00:59Z] [INFO] ⏱️  Cycle duration: 24.30s
[2026-05-01T15:00:59Z] [INFO]    ⚠️ task: result
[2026-05-01T15:00:59Z] [INFO]    ⚠️ task: result
[2026-05-01T15:00:59Z] [INFO]    ⚠️ task: result
[2026-05-01T15:00:59Z] [INFO]    ⚠️ task: result
[2026-05-01T15:00:59Z] [INFO]    ⚠️ task: result
[2026-05-01T15:00:59Z] [INFO]    ⚠️ task: result
[2026-05-01T15:00:59Z] [INFO]    ⚠️ task: result
[2026-05-01T15:00:59Z] [HEADER] ================================================================================
[2026-05-01T15:00:59Z] [INFO] 🔄 OVERNIGHT RESEARCH PIPELINE - CYCLE #265
[2026-05-01T15:00:59Z] [INFO] ================================================================================
[2026-05-01T15:00:59Z] [HEADER] ============================================================
[2026-05-01T15:00:59Z] [INFO] 🌙 STARTING OVERNIGHT RESEARCH CYCLE #265
[2026-05-01T15:00:59Z] [INFO] 🔍 Running overnight research protocol (web scraping + cross-symbol analysis)...
[2026-05-01T15:00:59Z] [INFO] 📊 Cycle duration: 0.26s, Files generated: 0
[2026-05-01T15:00:59Z] [WARNING] ⚠️ Database not initialized for cycle counting
[2026-05-01T15:00:59Z] [INFO] 💾 Database updated with cycle results
[2026-05-01T15:00:59Z] [SECTION] ============================================================
[2026-05-01T15:00:59Z] [INFO] 🔮 PHASE: HIDDEN LAYERING DETECTION
[2026-05-01T15:01:00Z] [INFO] 🔗 Hidden layering detection complete. Connections identified: 2
[2026-05-01T15:01:00Z] [SECTION] ============================================================
[2026-05-01T15:01:00Z] [INFO] 🔬 PHASE: DOMAIN CORRELATION ANALYSIS
[2026-05-01T15:01:00Z] [INFO] 📊 Domain correlation matrices created: 2
[2026-05-01T15:01:00Z] [SECTION] ============================================================
[2026-05-01T15:01:00Z] [INFO] 🖼️  PHASE: IMAGE-SEED ANALYSIS
[2026-05-01T15:01:00Z] [INFO] 📂 Image seed analysis bootstrapping from 0 images...
[2026-05-01T15:01:00Z] [SECTION] ============================================================
[2026-05-01T15:01:00Z] [INFO] 📤 PHASE: PUSH COMPONENTS TO TOLARIA
[2026-05-01T15:01:01Z] [INFO] 📦 Components pushed to Tolaria: 5
[2026-05-01T15:01:01Z] [SECTION] ============================================================
[2026-05-01T15:01:01Z] [INFO] 🧩 PHASE: COMPOSER - DOMAIN INTEGRATION SYNTHESIS
[2026-05-01T15:01:23Z] [INFO] 🎨 Domain integrations synthesized: 0
[2026-05-01T15:01:23Z] [SECTION] ============================================================
[2026-05-01T15:01:23Z] [INFO] 🚀 PHASE: ADVANCED OVERNIGHT LOOP
[2026-05-01T15:01:23Z] [INFO] 🔬 Advanced loop completed cycles: 0
[2026-05-01T15:01:23Z] [WARNING] ⚠️  Git commit skipped or failed (git not initialized?): Command '['git', '-C', '/home/avalonas/.hermes/gematria/unified_overnight_research', 'add', '.']' returned non-zero exit status 128.
[2026-05-01T15:01:23Z] [INFO] 
📊 CYCLE #265 SUMMARY
[2026-05-01T15:01:23Z] [INFO] ✅ Successful tasks: 7/7
[2026-05-01T15:01:23Z] [INFO] ⏱️  Cycle duration: 24.27s
[2026-05-01T15:01:23Z] [INFO]    ⚠️ task: result
[2026-05-01T15:01:23Z] [INFO]    ⚠️ task: result
[2026-05-01T15:01:23Z] [INFO]    ⚠️ task: result
[2026-05-01T15:01:23Z] [INFO]    ⚠️ task: result
[2026-05-01T15:01:23Z] [INFO]    ⚠️ task: result
[2026-05-01T15:01:23Z] [INFO]    ⚠️ task: result
[2026-05-01T15:01:23Z] [INFO]    ⚠️ task: result
[2026-05-01T15:01:23Z] [HEADER] ================================================================================
[2026-05-01T15:01:23Z] [INFO] 🔄 OVERNIGHT RESEARCH PIPELINE - CYCLE #266
[2026-05-01T15:01:23Z] [INFO] ================================================================================
[2026-05-01T15:01:23Z] [HEADER] ============================================================
[2026-05-01T15:01:23Z] [INFO] 🌙 STARTING OVERNIGHT RESEARCH CYCLE #266
[2026-05-01T15:01:23Z] [INFO] 🔍 Running overnight research protocol (web scraping + cross-symbol analysis)...
[2026-05-01T15:01:24Z] [INFO] 📊 Cycle duration: 0.21s, Files generated: 0
[2026-05-01T15:01:24Z] [WARNING] ⚠️ Database not initialized for cycle counting
[2026-05-01T15:01:24Z] [INFO] 💾 Database updated with cycle results
[2026-05-01T15:01:24Z] [SECTION] ============================================================
[2026-05-01T15:01:24Z] [INFO] 🔮 PHASE: HIDDEN LAYERING DETECTION
[2026-05-01T15:01:24Z] [INFO] 🔗 Hidden layering detection complete. Connections identified: 2
[2026-05-01T15:01:24Z] [SECTION] ============================================================
[2026-05-01T15:01:24Z] [INFO] 🔬 PHASE: DOMAIN CORRELATION ANALYSIS
[2026-05-01T15:01:24Z] [INFO] 📊 Domain correlation matrices created: 2
[2026-05-01T15:01:24Z] [SECTION] ============================================================
[2026-05-01T15:01:24Z] [INFO] 🖼️  PHASE: IMAGE-SEED ANALYSIS
[2026-05-01T15:01:24Z] [INFO] 📂 Image seed analysis bootstrapping from 0 images...
[2026-05-01T15:01:24Z] [SECTION] ============================================================
[2026-05-01T15:01:24Z] [INFO] 📤 PHASE: PUSH COMPONENTS TO TOLARIA
[2026-05-01T15:01:25Z] [INFO] 📦 Components pushed to Tolaria: 5
[2026-05-01T15:01:25Z] [SECTION] ============================================================
[2026-05-01T15:01:25Z] [INFO] 🧩 PHASE: COMPOSER - DOMAIN INTEGRATION SYNTHESIS
[2026-05-01T15:01:47Z] [INFO] 🎨 Domain integrations synthesized: 0
[2026-05-01T15:01:47Z] [SECTION] ============================================================
[2026-05-01T15:01:47Z] [INFO] 🚀 PHASE: ADVANCED OVERNIGHT LOOP
[2026-05-01T15:01:47Z] [INFO] 🔬 Advanced loop completed cycles: 0
[2026-05-01T15:01:48Z] [WARNING] ⚠️  Git commit skipped or failed (git not initialized?): Command '['git', '-C', '/home/avalonas/.hermes/gematria/unified_overnight_research', 'commit', '-m', '[2026-05-01T15:01:48Z] Cycle 265: Cycle 266: Web research + hidden layering detection']' returned non-zero exit status 1.
[2026-05-01T15:01:48Z] [INFO] 
📊 CYCLE #266 SUMMARY
[2026-05-01T15:01:48Z] [INFO] ✅ Successful tasks: 7/7
[2026-05-01T15:01:48Z] [INFO] ⏱️  Cycle duration: 24.16s
[2026-05-01T15:01:48Z] [INFO]    ⚠️ task: result
[2026-05-01T15:01:48Z] [INFO]    ⚠️ task: result
[2026-05-01T15:01:48Z] [INFO]    ⚠️ task: result
[2026-05-01T15:01:48Z] [INFO]    ⚠️ task: result
[2026-05-01T15:01:48Z] [INFO]    ⚠️ task: result
[2026-05-01T15:01:48Z] [INFO]    ⚠️ task: result
[2026-05-01T15:01:48Z] [INFO]    ⚠️ task: result
[2026-05-01T15:01:48Z] [HEADER] ================================================================================
[2026-05-01T15:01:48Z] [INFO] 🔄 OVERNIGHT RESEARCH PIPELINE - CYCLE #267
[2026-05-01T15:01:48Z] [INFO] ================================================================================
[2026-05-01T15:01:48Z] [HEADER] ============================================================
[2026-05-01T15:01:48Z] [INFO] 🌙 STARTING OVERNIGHT RESEARCH CYCLE #267
[2026-05-01T15:01:48Z] [INFO] 🔍 Running overnight research protocol (web scraping + cross-symbol analysis)...
[2026-05-01T15:01:48Z] [INFO] 📊 Cycle duration: 0.22s, Files generated: 0
[2026-05-01T15:01:48Z] [WARNING] ⚠️ Database not initialized for cycle counting
[2026-05-01T15:01:48Z] [INFO] 💾 Database updated with cycle results
[2026-05-01T15:01:48Z] [SECTION] ============================================================
[2026-05-01T15:01:48Z] [INFO] 🔮 PHASE: HIDDEN LAYERING DETECTION
[2026-05-01T15:01:48Z] [INFO] 🔗 Hidden layering detection complete. Connections identified: 2
[2026-05-01T15:01:48Z] [SECTION] ============================================================
[2026-05-01T15:01:48Z] [INFO] 🔬 PHASE: DOMAIN CORRELATION ANALYSIS
[2026-05-01T15:01:48Z] [INFO] 📊 Domain correlation matrices created: 2
[2026-05-01T15:01:48Z] [SECTION] ============================================================
[2026-05-01T15:01:48Z] [INFO] 🖼️  PHASE: IMAGE-SEED ANALYSIS
[2026-05-01T15:01:48Z] [INFO] 📂 Image seed analysis bootstrapping from 0 images...
[2026-05-01T15:01:48Z] [SECTION] ============================================================
[2026-05-01T15:01:48Z] [INFO] 📤 PHASE: PUSH COMPONENTS TO TOLARIA
[2026-05-01T15:01:49Z] [INFO] 📦 Components pushed to Tolaria: 5
[2026-05-01T15:01:49Z] [SECTION] ============================================================
[2026-05-01T15:01:49Z] [INFO] 🧩 PHASE: COMPOSER - DOMAIN INTEGRATION SYNTHESIS
[2026-05-01T15:02:12Z] [INFO] 🎨 Domain integrations synthesized: 0
[2026-05-01T15:02:12Z] [SECTION] ============================================================
[2026-05-01T15:02:12Z] [INFO] 🚀 PHASE: ADVANCED OVERNIGHT LOOP
[2026-05-01T15:02:12Z] [INFO] 🔬 Advanced loop completed cycles: 0
[2026-05-01T15:02:12Z] [WARNING] ⚠️  Git commit skipped or failed (git not initialized?): Command '['git', '-C', '/home/avalonas/.hermes/gematria/unified_overnight_research', 'add', '.']' returned non-zero exit status 128.
[2026-05-01T15:02:12Z] [INFO] 
📊 CYCLE #267 SUMMARY
[2026-05-01T15:02:12Z] [INFO] ✅ Successful tasks: 7/7
[2026-05-01T15:02:12Z] [INFO] ⏱️  Cycle duration: 24.10s
[2026-05-01T15:02:12Z] [INFO]    ⚠️ task: result
[2026-05-01T15:02:12Z] [INFO]    ⚠️ task: result
[2026-05-01T15:02:12Z] [INFO]    ⚠️ task: result
[2026-05-01T15:02:12Z] [INFO]    ⚠️ task: result
[2026-05-01T15:02:12Z] [INFO]    ⚠️ task: result
[2026-05-01T15:02:12Z] [INFO]    ⚠️ task: result
[2026-05-01T15:02:12Z] [INFO]    ⚠️ task: result
[2026-05-01T15:02:12Z] [HEADER] ================================================================================
[2026-05-01T15:02:12Z] [INFO] 🔄 OVERNIGHT RESEARCH PIPELINE - CYCLE #268
[2026-05-01T15:02:12Z] [INFO] ================================================================================
[2026-05-01T15:02:12Z] [HEADER] ============================================================
[2026-05-01T15:02:12Z] [INFO] 🌙 STARTING OVERNIGHT RESEARCH CYCLE #268
[2026-05-01T15:02:12Z] [INFO] 🔍 Running overnight research protocol (web scraping + cross-symbol analysis)...
[2026-05-01T15:02:12Z] [INFO] 📊 Cycle duration: 0.15s, Files generated: 0
[2026-05-01T15:02:12Z] [WARNING] ⚠️ Database not initialized for cycle counting
[2026-05-01T15:02:12Z] [INFO] 💾 Database updated with cycle results
[2026-05-01T15:02:12Z] [SECTION] ============================================================
[2026-05-01T15:02:12Z] [INFO] 🔮 PHASE: HIDDEN LAYERING DETECTION
[2026-05-01T15:02:12Z] [INFO] 🔗 Hidden layering detection complete. Connections identified: 2
[2026-05-01T15:02:12Z] [SECTION] ============================================================
[2026-05-01T15:02:12Z] [INFO] 🔬 PHASE: DOMAIN CORRELATION ANALYSIS
[2026-05-01T15:02:12Z] [INFO] 📊 Domain correlation matrices created: 2
[2026-05-01T15:02:12Z] [SECTION] ============================================================
[2026-05-01T15:02:12Z] [INFO] 🖼️  PHASE: IMAGE-SEED ANALYSIS
[2026-05-01T15:02:12Z] [INFO] 📂 Image seed analysis bootstrapping from 0 images...
[2026-05-01T15:02:12Z] [SECTION] ============================================================
[2026-05-01T15:02:12Z] [INFO] 📤 PHASE: PUSH COMPONENTS TO TOLARIA
[2026-05-01T15:02:13Z] [INFO] 📦 Components pushed to Tolaria: 5
[2026-05-01T15:02:13Z] [SECTION] ============================================================
[2026-05-01T15:02:13Z] [INFO] 🧩 PHASE: COMPOSER - DOMAIN INTEGRATION SYNTHESIS
[2026-05-01T15:02:33Z] [INFO] 🎨 Domain integrations synthesized: 0
[2026-05-01T15:02:33Z] [SECTION] ============================================================
[2026-05-01T15:02:33Z] [INFO] 🚀 PHASE: ADVANCED OVERNIGHT LOOP
[2026-05-01T15:02:33Z] [INFO] 🔬 Advanced loop completed cycles: 0
[2026-05-01T15:02:33Z] [WARNING] ⚠️  Git commit skipped or failed (git not initialized?): Command '['git', '-C', '/home/avalonas/.hermes/gematria/unified_overnight_research', 'add', '.']' returned non-zero exit status 128.
[2026-05-01T15:02:33Z] [INFO] 
📊 CYCLE #268 SUMMARY
[2026-05-01T15:02:33Z] [INFO] ✅ Successful tasks: 7/7
[2026-05-01T15:02:33Z] [INFO] ⏱️  Cycle duration: 21.70s
[2026-05-01T15:02:33Z] [INFO]    ⚠️ task: result
[2026-05-01T15:02:33Z] [INFO]    ⚠️ task: result
[2026-05-01T15:02:33Z] [INFO]    ⚠️ task: result
[2026-05-01T15:02:33Z] [INFO]    ⚠️ task: result
[2026-05-01T15:02:33Z] [INFO]    ⚠️ task: result
[2026-05-01T15:02:33Z] [INFO]    ⚠️ task: result
[2026-05-01T15:02:33Z] [INFO]    ⚠️ task: result
[2026-05-01T15:02:33Z] [HEADER] ================================================================================
[2026-05-01T15:02:33Z] [INFO] 🔄 OVERNIGHT RESEARCH PIPELINE - CYCLE #269
[2026-05-01T15:02:33Z] [INFO] ================================================================================
[2026-05-01T15:02:33Z] [HEADER] ============================================================
[2026-05-01T15:02:33Z] [INFO] 🌙 STARTING OVERNIGHT RESEARCH CYCLE #269
[2026-05-01T15:02:33Z] [INFO] 🔍 Running overnight research protocol (web scraping + cross-symbol analysis)...
[2026-05-01T15:02:34Z] [INFO] 📊 Cycle duration: 0.24s, Files generated: 0
[2026-05-01T15:02:34Z] [WARNING] ⚠️ Database not initialized for cycle counting
[2026-05-01T15:02:34Z] [INFO] 💾 Database updated with cycle results
[2026-05-01T15:02:34Z] [SECTION] ============================================================
[2026-05-01T15:02:34Z] [INFO] 🔮 PHASE: HIDDEN LAYERING DETECTION
[2026-05-01T15:02:34Z] [INFO] 🔗 Hidden layering detection complete. Connections identified: 2
[2026-05-01T15:02:34Z] [SECTION] ============================================================
[2026-05-01T15:02:34Z] [INFO] 🔬 PHASE: DOMAIN CORRELATION ANALYSIS
[2026-05-01T15:02:34Z] [INFO] 📊 Domain correlation matrices created: 2
[2026-05-01T15:02:34Z] [SECTION] ============================================================
[2026-05-01T15:02:34Z] [INFO] 🖼️  PHASE: IMAGE-SEED ANALYSIS
[2026-05-01T15:02:34Z] [INFO] 📂 Image seed analysis bootstrapping from 0 images...
[2026-05-01T15:02:34Z] [SECTION] ============================================================
[2026-05-01T15:02:34Z] [INFO] 📤 PHASE: PUSH COMPONENTS TO TOLARIA
[2026-05-01T15:02:35Z] [INFO] 📦 Components pushed to Tolaria: 5
[2026-05-01T15:02:35Z] [SECTION] ============================================================
[2026-05-01T15:02:35Z] [INFO] 🧩 PHASE: COMPOSER - DOMAIN INTEGRATION SYNTHESIS
[2026-05-01T15:02:56Z] [INFO] 🎨 Domain integrations synthesized: 0
[2026-05-01T15:02:56Z] [SECTION] ============================================================
[2026-05-01T15:02:56Z] [INFO] 🚀 PHASE: ADVANCED OVERNIGHT LOOP
[2026-05-01T15:02:56Z] [INFO] 🔬 Advanced loop completed cycles: 0
[2026-05-01T15:02:56Z] [WARNING] ⚠️  Git commit skipped or failed (git not initialized?): Command '['git', '-C', '/home/avalonas/.hermes/gematria/unified_overnight_research', 'commit', '-m', '[2026-05-01T15:02:56Z] Cycle 268: Cycle 269: Web research + hidden layering detection']' returned non-zero exit status 1.
[2026-05-01T15:02:56Z] [INFO] 
📊 CYCLE #269 SUMMARY
[2026-05-01T15:02:56Z] [INFO] ✅ Successful tasks: 7/7
[2026-05-01T15:02:56Z] [INFO] ⏱️  Cycle duration: 22.98s
[2026-05-01T15:02:56Z] [INFO]    ⚠️ task: result
[2026-05-01T15:02:56Z] [INFO]    ⚠️ task: result
[2026-05-01T15:02:56Z] [INFO]    ⚠️ task: result
[2026-05-01T15:02:56Z] [INFO]    ⚠️ task: result
[2026-05-01T15:02:56Z] [INFO]    ⚠️ task: result
[2026-05-01T15:02:56Z] [INFO]    ⚠️ task: result
[2026-05-01T15:02:56Z] [INFO]    ⚠️ task: result
[2026-05-01T15:02:56Z] [HEADER] ================================================================================
[2026-05-01T15:02:56Z] [INFO] 🔄 OVERNIGHT RESEARCH PIPELINE - CYCLE #270
[2026-05-01T15:02:56Z] [INFO] ================================================================================
[2026-05-01T15:02:56Z] [HEADER] ============================================================
[2026-05-01T15:02:56Z] [INFO] 🌙 STARTING OVERNIGHT RESEARCH CYCLE #270
[2026-05-01T15:02:56Z] [INFO] 🔍 Running overnight research protocol (web scraping + cross-symbol analysis)...
[2026-05-01T15:02:57Z] [INFO] 📊 Cycle duration: 0.24s, Files generated: 0
[2026-05-01T15:02:57Z] [WARNING] ⚠️ Database not initialized for cycle counting
[2026-05-01T15:02:57Z] [INFO] 💾 Database updated with cycle results
[2026-05-01T15:02:57Z] [SECTION] ============================================================
[2026-05-01T15:02:57Z] [INFO] 🔮 PHASE: HIDDEN LAYERING DETECTION
[2026-05-01T15:02:57Z] [INFO] 🔗 Hidden layering detection complete. Connections identified: 2
[2026-05-01T15:02:57Z] [SECTION] ============================================================
[2026-05-01T15:02:57Z] [INFO] 🔬 PHASE: DOMAIN CORRELATION ANALYSIS
[2026-05-01T15:02:57Z] [INFO] 📊 Domain correlation matrices created: 2
[2026-05-01T15:02:57Z] [SECTION] ============================================================
[2026-05-01T15:02:57Z] [INFO] 🖼️  PHASE: IMAGE-SEED ANALYSIS
[2026-05-01T15:02:57Z] [INFO] 📂 Image seed analysis bootstrapping from 0 images...
[2026-05-01T15:02:57Z] [SECTION] ============================================================
[2026-05-01T15:02:57Z] [INFO] 📤 PHASE: PUSH COMPONENTS TO TOLARIA
[2026-05-01T15:02:58Z] [INFO] 📦 Components pushed to Tolaria: 5
[2026-05-01T15:02:58Z] [SECTION] ============================================================
[2026-05-01T15:02:58Z] [INFO] 🧩 PHASE: COMPOSER - DOMAIN INTEGRATION SYNTHESIS
[2026-05-01T15:03:20Z] [INFO] 🎨 Domain integrations synthesized: 0
[2026-05-01T15:03:20Z] [SECTION] ============================================================
[2026-05-01T15:03:20Z] [INFO] 🚀 PHASE: ADVANCED OVERNIGHT LOOP
[2026-05-01T15:03:20Z] [INFO] 🔬 Advanced loop completed cycles: 0
[2026-05-01T15:03:20Z] [WARNING] ⚠️  Git commit skipped or failed (git not initialized?): Command '['git', '-C', '/home/avalonas/.hermes/gematria/unified_overnight_research', 'commit', '-m', '[2026-05-01T15:03:20Z] Cycle 269: Cycle 270: Web research + hidden layering detection']' returned non-zero exit status 128.
[2026-05-01T15:03:20Z] [INFO] 
📊 CYCLE #270 SUMMARY
[2026-05-01T15:03:20Z] [INFO] ✅ Successful tasks: 7/7
[2026-05-01T15:03:20Z] [INFO] ⏱️  Cycle duration: 24.00s
[2026-05-01T15:03:20Z] [INFO]    ⚠️ task: result
[2026-05-01T15:03:20Z] [INFO]    ⚠️ task: result
[2026-05-01T15:03:20Z] [INFO]    ⚠️ task: result
[2026-05-01T15:03:20Z] [INFO]    ⚠️ task: result
[2026-05-01T15:03:20Z] [INFO]    ⚠️ task: result
[2026-05-01T15:03:20Z] [INFO]    ⚠️ task: result
[2026-05-01T15:03:20Z] [INFO]    ⚠️ task: result
[2026-05-01T15:03:20Z] [HEADER] ================================================================================
[2026-05-01T15:03:20Z] [INFO] 🔄 OVERNIGHT RESEARCH PIPELINE - CYCLE #271
[2026-05-01T15:03:20Z] [INFO] ================================================================================
[2026-05-01T15:03:20Z] [HEADER] ============================================================
[2026-05-01T15:03:20Z] [INFO] 🌙 STARTING OVERNIGHT RESEARCH CYCLE #271
[2026-05-01T15:03:20Z] [INFO] 🔍 Running overnight research protocol (web scraping + cross-symbol analysis)...
[2026-05-01T15:03:21Z] [INFO] 📊 Cycle duration: 0.14s, Files generated: 0
[2026-05-01T15:03:21Z] [WARNING] ⚠️ Database not initialized for cycle counting
[2026-05-01T15:03:21Z] [INFO] 💾 Database updated with cycle results
[2026-05-01T15:03:21Z] [SECTION] ============================================================
[2026-05-01T15:03:21Z] [INFO] 🔮 PHASE: HIDDEN LAYERING DETECTION
[2026-05-01T15:03:21Z] [INFO] 🔗 Hidden layering detection complete. Connections identified: 2
[2026-05-01T15:03:21Z] [SECTION] ============================================================
[2026-05-01T15:03:21Z] [INFO] 🔬 PHASE: DOMAIN CORRELATION ANALYSIS
[2026-05-01T15:03:21Z] [INFO] 📊 Domain correlation matrices created: 2
[2026-05-01T15:03:21Z] [SECTION] ============================================================
[2026-05-01T15:03:21Z] [INFO] 🖼️  PHASE: IMAGE-SEED ANALYSIS
[2026-05-01T15:03:21Z] [INFO] 📂 Image seed analysis bootstrapping from 0 images...
[2026-05-01T15:03:21Z] [SECTION] ============================================================
[2026-05-01T15:03:21Z] [INFO] 📤 PHASE: PUSH COMPONENTS TO TOLARIA
[2026-05-01T15:03:22Z] [INFO] 📦 Components pushed to Tolaria: 5
[2026-05-01T15:03:22Z] [SECTION] ============================================================
[2026-05-01T15:03:22Z] [INFO] 🧩 PHASE: COMPOSER - DOMAIN INTEGRATION SYNTHESIS
[2026-05-01T15:03:44Z] [INFO] 🎨 Domain integrations synthesized: 0
[2026-05-01T15:03:44Z] [SECTION] ============================================================
[2026-05-01T15:03:44Z] [INFO] 🚀 PHASE: ADVANCED OVERNIGHT LOOP
[2026-05-01T15:03:44Z] [INFO] 🔬 Advanced loop completed cycles: 0
[2026-05-01T15:03:44Z] [WARNING] ⚠️  Git commit skipped or failed (git not initialized?): Command '['git', '-C', '/home/avalonas/.hermes/gematria/unified_overnight_research', 'add', '.']' returned non-zero exit status 128.
[2026-05-01T15:03:44Z] [INFO] 
📊 CYCLE #271 SUMMARY
[2026-05-01T15:03:44Z] [INFO] ✅ Successful tasks: 7/7
[2026-05-01T15:03:44Z] [INFO] ⏱️  Cycle duration: 23.59s
[2026-05-01T15:03:44Z] [INFO]    ⚠️ task: result
[2026-05-01T15:03:44Z] [INFO]    ⚠️ task: result
[2026-05-01T15:03:44Z] [INFO]    ⚠️ task: result
[2026-05-01T15:03:44Z] [INFO]    ⚠️ task: result
[2026-05-01T15:03:44Z] [INFO]    ⚠️ task: result
[2026-05-01T15:03:44Z] [INFO]    ⚠️ task: result
[2026-05-01T15:03:44Z] [INFO]    ⚠️ task: result
[2026-05-01T15:03:44Z] [HEADER] ================================================================================
[2026-05-01T15:03:44Z] [INFO] 🔄 OVERNIGHT RESEARCH PIPELINE - CYCLE #272
[2026-05-01T15:03:44Z] [INFO] ================================================================================
[2026-05-01T15:03:44Z] [HEADER] ============================================================
[2026-05-01T15:03:44Z] [INFO] 🌙 STARTING OVERNIGHT RESEARCH CYCLE #272
[2026-05-01T15:03:44Z] [INFO] 🔍 Running overnight research protocol (web scraping + cross-symbol analysis)...
[2026-05-01T15:03:44Z] [INFO] 📊 Cycle duration: 0.12s, Files generated: 0
[2026-05-01T15:03:44Z] [WARNING] ⚠️ Database not initialized for cycle counting
[2026-05-01T15:03:44Z] [INFO] 💾 Database updated with cycle results
[2026-05-01T15:03:44Z] [SECTION] ============================================================
[2026-05-01T15:03:44Z] [INFO] 🔮 PHASE: HIDDEN LAYERING DETECTION
[2026-05-01T15:03:44Z] [INFO] 🔗 Hidden layering detection complete. Connections identified: 2
[2026-05-01T15:03:44Z] [SECTION] ============================================================
[2026-05-01T15:03:44Z] [INFO] 🔬 PHASE: DOMAIN CORRELATION ANALYSIS
[2026-05-01T15:03:44Z] [INFO] 📊 Domain correlation matrices created: 2
[2026-05-01T15:03:44Z] [SECTION] ============================================================
[2026-05-01T15:03:44Z] [INFO] 🖼️  PHASE: IMAGE-SEED ANALYSIS
[2026-05-01T15:03:44Z] [INFO] 📂 Image seed analysis bootstrapping from 0 images...
[2026-05-01T15:03:44Z] [SECTION] ============================================================
[2026-05-01T15:03:44Z] [INFO] 📤 PHASE: PUSH COMPONENTS TO TOLARIA
[2026-05-01T15:03:45Z] [INFO] 📦 Components pushed to Tolaria: 5
[2026-05-01T15:03:45Z] [SECTION] ============================================================
[2026-05-01T15:03:45Z] [INFO] 🧩 PHASE: COMPOSER - DOMAIN INTEGRATION SYNTHESIS
[2026-05-01T15:04:08Z] [INFO] 🎨 Domain integrations synthesized: 0
[2026-05-01T15:04:08Z] [SECTION] ============================================================
[2026-05-01T15:04:08Z] [INFO] 🚀 PHASE: ADVANCED OVERNIGHT LOOP
[2026-05-01T15:04:08Z] [INFO] 🔬 Advanced loop completed cycles: 0
[2026-05-01T15:04:08Z] [WARNING] ⚠️  Git commit skipped or failed (git not initialized?): Command '['git', '-C', '/home/avalonas/.hermes/gematria/unified_overnight_research', 'add', '.']' returned non-zero exit status 128.
[2026-05-01T15:04:08Z] [INFO] 
📊 CYCLE #272 SUMMARY
[2026-05-01T15:04:08Z] [INFO] ✅ Successful tasks: 7/7
[2026-05-01T15:04:08Z] [INFO] ⏱️  Cycle duration: 24.28s
[2026-05-01T15:04:08Z] [INFO]    ⚠️ task: result
[2026-05-01T15:04:08Z] [INFO]    ⚠️ task: result
[2026-05-01T15:04:08Z] [INFO]    ⚠️ task: result
[2026-05-01T15:04:08Z] [INFO]    ⚠️ task: result
[2026-05-01T15:04:08Z] [INFO]    ⚠️ task: result
[2026-05-01T15:04:08Z] [INFO]    ⚠️ task: result
[2026-05-01T15:04:08Z] [INFO]    ⚠️ task: result
[2026-05-01T15:04:08Z] [HEADER] ================================================================================
[2026-05-01T15:04:08Z] [INFO] 🔄 OVERNIGHT RESEARCH PIPELINE - CYCLE #273
[2026-05-01T15:04:08Z] [INFO] ================================================================================
[2026-05-01T15:04:08Z] [HEADER] ============================================================
[2026-05-01T15:04:08Z] [INFO] 🌙 STARTING OVERNIGHT RESEARCH CYCLE #273
[2026-05-01T15:04:08Z] [INFO] 🔍 Running overnight research protocol (web scraping + cross-symbol analysis)...
[2026-05-01T15:04:08Z] [INFO] 📊 Cycle duration: 0.15s, Files generated: 0
[2026-05-01T15:04:08Z] [WARNING] ⚠️ Database not initialized for cycle counting
[2026-05-01T15:04:08Z] [INFO] 💾 Database updated with cycle results
[2026-05-01T15:04:08Z] [SECTION] ============================================================
[2026-05-01T15:04:08Z] [INFO] 🔮 PHASE: HIDDEN LAYERING DETECTION
[2026-05-01T15:04:08Z] [INFO] 🔗 Hidden layering detection complete. Connections identified: 2
[2026-05-01T15:04:08Z] [SECTION] ============================================================
[2026-05-01T15:04:08Z] [INFO] 🔬 PHASE: DOMAIN CORRELATION ANALYSIS
[2026-05-01T15:04:09Z] [INFO] 📊 Domain correlation matrices created: 2
[2026-05-01T15:04:09Z] [SECTION] ============================================================
[2026-05-01T15:04:09Z] [INFO] 🖼️  PHASE: IMAGE-SEED ANALYSIS
[2026-05-01T15:04:09Z] [INFO] 📂 Image seed analysis bootstrapping from 0 images...
[2026-05-01T15:04:09Z] [SECTION] ============================================================
[2026-05-01T15:04:09Z] [INFO] 📤 PHASE: PUSH COMPONENTS TO TOLARIA
[2026-05-01T15:04:09Z] [INFO] 📦 Components pushed to Tolaria: 5
[2026-05-01T15:04:09Z] [SECTION] ============================================================
[2026-05-01T15:04:09Z] [INFO] 🧩 PHASE: COMPOSER - DOMAIN INTEGRATION SYNTHESIS
[2026-05-01T15:04:32Z] [INFO] 🎨 Domain integrations synthesized: 0
[2026-05-01T15:04:32Z] [SECTION] ============================================================
[2026-05-01T15:04:32Z] [INFO] 🚀 PHASE: ADVANCED OVERNIGHT LOOP
[2026-05-01T15:04:32Z] [INFO] 🔬 Advanced loop completed cycles: 0
[2026-05-01T15:04:32Z] [WARNING] ⚠️  Git commit skipped or failed (git not initialized?): Command '['git', '-C', '/home/avalonas/.hermes/gematria/unified_overnight_research', 'add', '.']' returned non-zero exit status 128.
[2026-05-01T15:04:32Z] [INFO] 
📊 CYCLE #273 SUMMARY
[2026-05-01T15:04:32Z] [INFO] ✅ Successful tasks: 7/7
[2026-05-01T15:04:32Z] [INFO] ⏱️  Cycle duration: 24.19s
[2026-05-01T15:04:32Z] [INFO]    ⚠️ task: result
[2026-05-01T15:04:32Z] [INFO]    ⚠️ task: result
[2026-05-01T15:04:32Z] [INFO]    ⚠️ task: result
[2026-05-01T15:04:32Z] [INFO]    ⚠️ task: result
[2026-05-01T15:04:32Z] [INFO]    ⚠️ task: result
[2026-05-01T15:04:32Z] [INFO]    ⚠️ task: result
[2026-05-01T15:04:32Z] [INFO]    ⚠️ task: result
[2026-05-01T15:04:32Z] [HEADER] ================================================================================
[2026-05-01T15:04:32Z] [INFO] 🔄 OVERNIGHT RESEARCH PIPELINE - CYCLE #274
[2026-05-01T15:04:32Z] [INFO] ================================================================================
[2026-05-01T15:04:32Z] [HEADER] ============================================================
[2026-05-01T15:04:32Z] [INFO] 🌙 STARTING OVERNIGHT RESEARCH CYCLE #274
[2026-05-01T15:04:32Z] [INFO] 🔍 Running overnight research protocol (web scraping + cross-symbol analysis)...
[2026-05-01T15:04:33Z] [INFO] 📊 Cycle duration: 0.13s, Files generated: 0
[2026-05-01T15:04:33Z] [WARNING] ⚠️ Database not initialized for cycle counting
[2026-05-01T15:04:33Z] [INFO] 💾 Database updated with cycle results
[2026-05-01T15:04:33Z] [SECTION] ============================================================
[2026-05-01T15:04:33Z] [INFO] 🔮 PHASE: HIDDEN LAYERING DETECTION
[2026-05-01T15:04:33Z] [INFO] 🔗 Hidden layering detection complete. Connections identified: 2
[2026-05-01T15:04:33Z] [SECTION] ============================================================
[2026-05-01T15:04:33Z] [INFO] 🔬 PHASE: DOMAIN CORRELATION ANALYSIS
[2026-05-01T15:04:33Z] [INFO] 📊 Domain correlation matrices created: 2
[2026-05-01T15:04:33Z] [SECTION] ============================================================
[2026-05-01T15:04:33Z] [INFO] 🖼️  PHASE: IMAGE-SEED ANALYSIS
[2026-05-01T15:04:33Z] [INFO] 📂 Image seed analysis bootstrapping from 0 images...
[2026-05-01T15:04:33Z] [SECTION] ============================================================
[2026-05-01T15:04:33Z] [INFO] 📤 PHASE: PUSH COMPONENTS TO TOLARIA
[2026-05-01T15:04:34Z] [INFO] 📦 Components pushed to Tolaria: 5
[2026-05-01T15:04:34Z] [SECTION] ============================================================
[2026-05-01T15:04:34Z] [INFO] 🧩 PHASE: COMPOSER - DOMAIN INTEGRATION SYNTHESIS
[2026-05-01T15:04:56Z] [INFO] 🎨 Domain integrations synthesized: 0
[2026-05-01T15:04:56Z] [SECTION] ============================================================
[2026-05-01T15:04:56Z] [INFO] 🚀 PHASE: ADVANCED OVERNIGHT LOOP
[2026-05-01T15:04:56Z] [INFO] 🔬 Advanced loop completed cycles: 0
[2026-05-01T15:04:56Z] [WARNING] ⚠️  Git commit skipped or failed (git not initialized?): Command '['git', '-C', '/home/avalonas/.hermes/gematria/unified_overnight_research', 'add', '.']' returned non-zero exit status 128.
[2026-05-01T15:04:56Z] [INFO] 
📊 CYCLE #274 SUMMARY
[2026-05-01T15:04:56Z] [INFO] ✅ Successful tasks: 7/7
[2026-05-01T15:04:56Z] [INFO] ⏱️  Cycle duration: 23.80s
[2026-05-01T15:04:56Z] [INFO]    ⚠️ task: result
[2026-05-01T15:04:56Z] [INFO]    ⚠️ task: result
[2026-05-01T15:04:56Z] [INFO]    ⚠️ task: result
[2026-05-01T15:04:56Z] [INFO]    ⚠️ task: result
[2026-05-01T15:04:56Z] [INFO]    ⚠️ task: result
[2026-05-01T15:04:56Z] [INFO]    ⚠️ task: result
[2026-05-01T15:04:56Z] [INFO]    ⚠️ task: result
[2026-05-01T15:04:56Z] [HEADER] ================================================================================
[2026-05-01T15:04:56Z] [INFO] 🔄 OVERNIGHT RESEARCH PIPELINE - CYCLE #275
[2026-05-01T15:04:56Z] [INFO] ================================================================================
[2026-05-01T15:04:56Z] [HEADER] ============================================================
[2026-05-01T15:04:56Z] [INFO] 🌙 STARTING OVERNIGHT RESEARCH CYCLE #275
[2026-05-01T15:04:56Z] [INFO] 🔍 Running overnight research protocol (web scraping + cross-symbol analysis)...
[2026-05-01T15:04:56Z] [INFO] 📊 Cycle duration: 0.13s, Files generated: 0
[2026-05-01T15:04:56Z] [WARNING] ⚠️ Database not initialized for cycle counting
[2026-05-01T15:04:56Z] [INFO] 💾 Database updated with cycle results
[2026-05-01T15:04:56Z] [SECTION] ============================================================
[2026-05-01T15:04:56Z] [INFO] 🔮 PHASE: HIDDEN LAYERING DETECTION
[2026-05-01T15:04:56Z] [INFO] 🔗 Hidden layering detection complete. Connections identified: 2
[2026-05-01T15:04:56Z] [SECTION] ============================================================
[2026-05-01T15:04:56Z] [INFO] 🔬 PHASE: DOMAIN CORRELATION ANALYSIS
[2026-05-01T15:04:56Z] [INFO] 📊 Domain correlation matrices created: 2
[2026-05-01T15:04:56Z] [SECTION] ============================================================
[2026-05-01T15:04:56Z] [INFO] 🖼️  PHASE: IMAGE-SEED ANALYSIS
[2026-05-01T15:04:56Z] [INFO] 📂 Image seed analysis bootstrapping from 0 images...
[2026-05-01T15:04:56Z] [SECTION] ============================================================
[2026-05-01T15:04:56Z] [INFO] 📤 PHASE: PUSH COMPONENTS TO TOLARIA
[2026-05-01T15:04:57Z] [INFO] 📦 Components pushed to Tolaria: 5
[2026-05-01T15:04:57Z] [SECTION] ============================================================
[2026-05-01T15:04:57Z] [INFO] 🧩 PHASE: COMPOSER - DOMAIN INTEGRATION SYNTHESIS
[2026-05-01T15:05:20Z] [INFO] 🎨 Domain integrations synthesized: 0
[2026-05-01T15:05:20Z] [SECTION] ============================================================
[2026-05-01T15:05:20Z] [INFO] 🚀 PHASE: ADVANCED OVERNIGHT LOOP
[2026-05-01T15:05:20Z] [INFO] 🔬 Advanced loop completed cycles: 0
[2026-05-01T15:05:20Z] [WARNING] ⚠️  Git commit skipped or failed (git not initialized?): Command '['git', '-C', '/home/avalonas/.hermes/gematria/unified_overnight_research', 'add', '.']' returned non-zero exit status 128.
[2026-05-01T15:05:20Z] [INFO] 
📊 CYCLE #275 SUMMARY
[2026-05-01T15:05:20Z] [INFO] ✅ Successful tasks: 7/7
[2026-05-01T15:05:20Z] [INFO] ⏱️  Cycle duration: 23.96s
[2026-05-01T15:05:20Z] [INFO]    ⚠️ task: result
[2026-05-01T15:05:20Z] [INFO]    ⚠️ task: result
[2026-05-01T15:05:20Z] [INFO]    ⚠️ task: result
[2026-05-01T15:05:20Z] [INFO]    ⚠️ task: result
[2026-05-01T15:05:20Z] [INFO]    ⚠️ task: result
[2026-05-01T15:05:20Z] [INFO]    ⚠️ task: result
[2026-05-01T15:05:20Z] [INFO]    ⚠️ task: result
[2026-05-01T15:05:20Z] [HEADER] ================================================================================
[2026-05-01T15:05:20Z] [INFO] 🔄 OVERNIGHT RESEARCH PIPELINE - CYCLE #276
[2026-05-01T15:05:20Z] [INFO] ================================================================================
[2026-05-01T15:05:20Z] [HEADER] ============================================================
[2026-05-01T15:05:20Z] [INFO] 🌙 STARTING OVERNIGHT RESEARCH CYCLE #276
[2026-05-01T15:05:20Z] [INFO] 🔍 Running overnight research protocol (web scraping + cross-symbol analysis)...
[2026-05-01T15:05:20Z] [INFO] 📊 Cycle duration: 0.15s, Files generated: 0
[2026-05-01T15:05:20Z] [WARNING] ⚠️ Database not initialized for cycle counting
[2026-05-01T15:05:20Z] [INFO] 💾 Database updated with cycle results
[2026-05-01T15:05:20Z] [SECTION] ============================================================
[2026-05-01T15:05:20Z] [INFO] 🔮 PHASE: HIDDEN LAYERING DETECTION
[2026-05-01T15:05:20Z] [INFO] 🔗 Hidden layering detection complete. Connections identified: 2
[2026-05-01T15:05:20Z] [SECTION] ============================================================
[2026-05-01T15:05:20Z] [INFO] 🔬 PHASE: DOMAIN CORRELATION ANALYSIS
[2026-05-01T15:05:20Z] [INFO] 📊 Domain correlation matrices created: 2
[2026-05-01T15:05:20Z] [SECTION] ============================================================
[2026-05-01T15:05:20Z] [INFO] 🖼️  PHASE: IMAGE-SEED ANALYSIS
[2026-05-01T15:05:20Z] [INFO] 📂 Image seed analysis bootstrapping from 0 images...
[2026-05-01T15:05:20Z] [SECTION] ============================================================
[2026-05-01T15:05:20Z] [INFO] 📤 PHASE: PUSH COMPONENTS TO TOLARIA
[2026-05-01T15:05:22Z] [INFO] 📦 Components pushed to Tolaria: 5
[2026-05-01T15:05:22Z] [SECTION] ============================================================
[2026-05-01T15:05:22Z] [INFO] 🧩 PHASE: COMPOSER - DOMAIN INTEGRATION SYNTHESIS
[2026-05-01T15:05:44Z] [INFO] 🎨 Domain integrations synthesized: 0
[2026-05-01T15:05:44Z] [SECTION] ============================================================
[2026-05-01T15:05:44Z] [INFO] 🚀 PHASE: ADVANCED OVERNIGHT LOOP
[2026-05-01T15:05:44Z] [INFO] 🔬 Advanced loop completed cycles: 0
[2026-05-01T15:05:44Z] [WARNING] ⚠️  Git commit skipped or failed (git not initialized?): Command '['git', '-C', '/home/avalonas/.hermes/gematria/unified_overnight_research', 'add', '.']' returned non-zero exit status 128.
[2026-05-01T15:05:44Z] [INFO] 
📊 CYCLE #276 SUMMARY
[2026-05-01T15:05:44Z] [INFO] ✅ Successful tasks: 7/7
[2026-05-01T15:05:44Z] [INFO] ⏱️  Cycle duration: 23.99s
[2026-05-01T15:05:44Z] [INFO]    ⚠️ task: result
[2026-05-01T15:05:44Z] [INFO]    ⚠️ task: result
[2026-05-01T15:05:44Z] [INFO]    ⚠️ task: result
[2026-05-01T15:05:44Z] [INFO]    ⚠️ task: result
[2026-05-01T15:05:44Z] [INFO]    ⚠️ task: result
[2026-05-01T15:05:44Z] [INFO]    ⚠️ task: result
[2026-05-01T15:05:44Z] [INFO]    ⚠️ task: result
[2026-05-01T15:05:44Z] [HEADER] ================================================================================
[2026-05-01T15:05:44Z] [INFO] 🔄 OVERNIGHT RESEARCH PIPELINE - CYCLE #277
[2026-05-01T15:05:44Z] [INFO] ================================================================================
[2026-05-01T15:05:44Z] [HEADER] ============================================================
[2026-05-01T15:05:44Z] [INFO] 🌙 STARTING OVERNIGHT RESEARCH CYCLE #277
[2026-05-01T15:05:44Z] [INFO] 🔍 Running overnight research protocol (web scraping + cross-symbol analysis)...
[2026-05-01T15:05:44Z] [INFO] 📊 Cycle duration: 0.16s, Files generated: 0
[2026-05-01T15:05:44Z] [WARNING] ⚠️ Database not initialized for cycle counting
[2026-05-01T15:05:44Z] [INFO] 💾 Database updated with cycle results
[2026-05-01T15:05:44Z] [SECTION] ============================================================
[2026-05-01T15:05:44Z] [INFO] 🔮 PHASE: HIDDEN LAYERING DETECTION
[2026-05-01T15:05:44Z] [INFO] 🔗 Hidden layering detection complete. Connections identified: 2
[2026-05-01T15:05:44Z] [SECTION] ============================================================
[2026-05-01T15:05:44Z] [INFO] 🔬 PHASE: DOMAIN CORRELATION ANALYSIS
[2026-05-01T15:05:44Z] [INFO] 📊 Domain correlation matrices created: 2
[2026-05-01T15:05:44Z] [SECTION] ============================================================
[2026-05-01T15:05:44Z] [INFO] 🖼️  PHASE: IMAGE-SEED ANALYSIS
[2026-05-01T15:05:44Z] [INFO] 📂 Image seed analysis bootstrapping from 0 images...
[2026-05-01T15:05:44Z] [SECTION] ============================================================
[2026-05-01T15:05:44Z] [INFO] 📤 PHASE: PUSH COMPONENTS TO TOLARIA
[2026-05-01T15:05:45Z] [INFO] 📦 Components pushed to Tolaria: 5
[2026-05-01T15:05:45Z] [SECTION] ============================================================
[2026-05-01T15:05:45Z] [INFO] 🧩 PHASE: COMPOSER - DOMAIN INTEGRATION SYNTHESIS
[2026-05-01T15:06:09Z] [INFO] 🎨 Domain integrations synthesized: 0
[2026-05-01T15:06:09Z] [SECTION] ============================================================
[2026-05-01T15:06:09Z] [INFO] 🚀 PHASE: ADVANCED OVERNIGHT LOOP
[2026-05-01T15:06:09Z] [INFO] 🔬 Advanced loop completed cycles: 0
[2026-05-01T15:06:09Z] [WARNING] ⚠️  Git commit skipped or failed (git not initialized?): Command '['git', '-C', '/home/avalonas/.hermes/gematria/unified_overnight_research', 'add', '.']' returned non-zero exit status 128.
[2026-05-01T15:06:09Z] [INFO] 
📊 CYCLE #277 SUMMARY
[2026-05-01T15:06:09Z] [INFO] ✅ Successful tasks: 7/7
[2026-05-01T15:06:09Z] [INFO] ⏱️  Cycle duration: 24.51s
[2026-05-01T15:06:09Z] [INFO]    ⚠️ task: result
[2026-05-01T15:06:09Z] [INFO]    ⚠️ task: result
[2026-05-01T15:06:09Z] [INFO]    ⚠️ task: result
[2026-05-01T15:06:09Z] [INFO]    ⚠️ task: result
[2026-05-01T15:06:09Z] [INFO]    ⚠️ task: result
[2026-05-01T15:06:09Z] [INFO]    ⚠️ task: result
[2026-05-01T15:06:09Z] [INFO]    ⚠️ task: result
[2026-05-01T15:06:09Z] [HEADER] ================================================================================
[2026-05-01T15:06:09Z] [INFO] 🔄 OVERNIGHT RESEARCH PIPELINE - CYCLE #278
[2026-05-01T15:06:09Z] [INFO] ================================================================================
[2026-05-01T15:06:09Z] [HEADER] ============================================================
[2026-05-01T15:06:09Z] [INFO] 🌙 STARTING OVERNIGHT RESEARCH CYCLE #278
[2026-05-01T15:06:09Z] [INFO] 🔍 Running overnight research protocol (web scraping + cross-symbol analysis)...
[2026-05-01T15:06:09Z] [INFO] 📊 Cycle duration: 0.24s, Files generated: 0
[2026-05-01T15:06:09Z] [WARNING] ⚠️ Database not initialized for cycle counting
[2026-05-01T15:06:09Z] [INFO] 💾 Database updated with cycle results
[2026-05-01T15:06:09Z] [SECTION] ============================================================
[2026-05-01T15:06:09Z] [INFO] 🔮 PHASE: HIDDEN LAYERING DETECTION
[2026-05-01T15:06:09Z] [INFO] 🔗 Hidden layering detection complete. Connections identified: 2
[2026-05-01T15:06:09Z] [SECTION] ============================================================
[2026-05-01T15:06:09Z] [INFO] 🔬 PHASE: DOMAIN CORRELATION ANALYSIS
[2026-05-01T15:06:09Z] [INFO] 📊 Domain correlation matrices created: 2
[2026-05-01T15:06:09Z] [SECTION] ============================================================
[2026-05-01T15:06:09Z] [INFO] 🖼️  PHASE: IMAGE-SEED ANALYSIS
[2026-05-01T15:06:09Z] [INFO] 📂 Image seed analysis bootstrapping from 0 images...
[2026-05-01T15:06:09Z] [SECTION] ============================================================
[2026-05-01T15:06:09Z] [INFO] 📤 PHASE: PUSH COMPONENTS TO TOLARIA
[2026-05-01T15:06:10Z] [INFO] 📦 Components pushed to Tolaria: 5
[2026-05-01T15:06:10Z] [SECTION] ============================================================
[2026-05-01T15:06:10Z] [INFO] 🧩 PHASE: COMPOSER - DOMAIN INTEGRATION SYNTHESIS
[2026-05-01T15:06:32Z] [INFO] 🎨 Domain integrations synthesized: 0
[2026-05-01T15:06:32Z] [SECTION] ============================================================
[2026-05-01T15:06:32Z] [INFO] 🚀 PHASE: ADVANCED OVERNIGHT LOOP
[2026-05-01T15:06:32Z] [INFO] 🔬 Advanced loop completed cycles: 0
[2026-05-01T15:06:32Z] [WARNING] ⚠️  Git commit skipped or failed (git not initialized?): Command '['git', '-C', '/home/avalonas/.hermes/gematria/unified_overnight_research', 'add', '.']' returned non-zero exit status 128.
[2026-05-01T15:06:32Z] [INFO] 
📊 CYCLE #278 SUMMARY
[2026-05-01T15:06:32Z] [INFO] ✅ Successful tasks: 7/7
[2026-05-01T15:06:32Z] [INFO] ⏱️  Cycle duration: 23.75s
[2026-05-01T15:06:32Z] [INFO]    ⚠️ task: result
[2026-05-01T15:06:32Z] [INFO]    ⚠️ task: result
[2026-05-01T15:06:32Z] [INFO]    ⚠️ task: result
[2026-05-01T15:06:32Z] [INFO]    ⚠️ task: result
[2026-05-01T15:06:32Z] [INFO]    ⚠️ task: result
[2026-05-01T15:06:32Z] [INFO]    ⚠️ task: result
[2026-05-01T15:06:32Z] [INFO]    ⚠️ task: result
[2026-05-01T15:06:32Z] [HEADER] ================================================================================
[2026-05-01T15:06:32Z] [INFO] 🔄 OVERNIGHT RESEARCH PIPELINE - CYCLE #279
[2026-05-01T15:06:32Z] [INFO] ================================================================================
[2026-05-01T15:06:32Z] [HEADER] ============================================================
[2026-05-01T15:06:32Z] [INFO] 🌙 STARTING OVERNIGHT RESEARCH CYCLE #279
[2026-05-01T15:06:32Z] [INFO] 🔍 Running overnight research protocol (web scraping + cross-symbol analysis)...
[2026-05-01T15:06:33Z] [INFO] 📊 Cycle duration: 0.13s, Files generated: 0
[2026-05-01T15:06:33Z] [WARNING] ⚠️ Database not initialized for cycle counting
[2026-05-01T15:06:33Z] [INFO] 💾 Database updated with cycle results
[2026-05-01T15:06:33Z] [SECTION] ============================================================
[2026-05-01T15:06:33Z] [INFO] 🔮 PHASE: HIDDEN LAYERING DETECTION
[2026-05-01T15:06:33Z] [INFO] 🔗 Hidden layering detection complete. Connections identified: 2
[2026-05-01T15:06:33Z] [SECTION] ============================================================
[2026-05-01T15:06:33Z] [INFO] 🔬 PHASE: DOMAIN CORRELATION ANALYSIS
[2026-05-01T15:06:33Z] [INFO] 📊 Domain correlation matrices created: 2
[2026-05-01T15:06:33Z] [SECTION] ============================================================
[2026-05-01T15:06:33Z] [INFO] 🖼️  PHASE: IMAGE-SEED ANALYSIS
[2026-05-01T15:06:33Z] [INFO] 📂 Image seed analysis bootstrapping from 0 images...
[2026-05-01T15:06:33Z] [SECTION] ============================================================
[2026-05-01T15:06:33Z] [INFO] 📤 PHASE: PUSH COMPONENTS TO TOLARIA
[2026-05-01T15:06:34Z] [INFO] 📦 Components pushed to Tolaria: 5
[2026-05-01T15:06:34Z] [SECTION] ============================================================
[2026-05-01T15:06:34Z] [INFO] 🧩 PHASE: COMPOSER - DOMAIN INTEGRATION SYNTHESIS
[2026-05-01T15:06:56Z] [INFO] 🎨 Domain integrations synthesized: 0
[2026-05-01T15:06:56Z] [SECTION] ============================================================
[2026-05-01T15:06:56Z] [INFO] 🚀 PHASE: ADVANCED OVERNIGHT LOOP
[2026-05-01T15:06:56Z] [INFO] 🔬 Advanced loop completed cycles: 0
[2026-05-01T15:06:57Z] [WARNING] ⚠️  Git commit skipped or failed (git not initialized?): Command '['git', '-C', '/home/avalonas/.hermes/gematria/unified_overnight_research', 'add', '.']' returned non-zero exit status 128.
[2026-05-01T15:06:57Z] [INFO] 
📊 CYCLE #279 SUMMARY
[2026-05-01T15:06:57Z] [INFO] ✅ Successful tasks: 7/7
[2026-05-01T15:06:57Z] [INFO] ⏱️  Cycle duration: 24.02s
[2026-05-01T15:06:57Z] [INFO]    ⚠️ task: result
[2026-05-01T15:06:57Z] [INFO]    ⚠️ task: result
[2026-05-01T15:06:57Z] [INFO]    ⚠️ task: result
[2026-05-01T15:06:57Z] [INFO]    ⚠️ task: result
[2026-05-01T15:06:57Z] [INFO]    ⚠️ task: result
[2026-05-01T15:06:57Z] [INFO]    ⚠️ task: result
[2026-05-01T15:06:57Z] [INFO]    ⚠️ task: result
[2026-05-01T15:06:57Z] [HEADER] ================================================================================
[2026-05-01T15:06:57Z] [INFO] 🔄 OVERNIGHT RESEARCH PIPELINE - CYCLE #280
[2026-05-01T15:06:57Z] [INFO] ================================================================================
[2026-05-01T15:06:57Z] [HEADER] ============================================================
[2026-05-01T15:06:57Z] [INFO] 🌙 STARTING OVERNIGHT RESEARCH CYCLE #280
[2026-05-01T15:06:57Z] [INFO] 🔍 Running overnight research protocol (web scraping + cross-symbol analysis)...
[2026-05-01T15:06:57Z] [INFO] 📊 Cycle duration: 0.13s, Files generated: 0
[2026-05-01T15:06:57Z] [WARNING] ⚠️ Database not initialized for cycle counting
[2026-05-01T15:06:57Z] [INFO] 💾 Database updated with cycle results
[2026-05-01T15:06:57Z] [SECTION] ============================================================
[2026-05-01T15:06:57Z] [INFO] 🔮 PHASE: HIDDEN LAYERING DETECTION
[2026-05-01T15:06:57Z] [INFO] 🔗 Hidden layering detection complete. Connections identified: 2
[2026-05-01T15:06:57Z] [SECTION] ============================================================
[2026-05-01T15:06:57Z] [INFO] 🔬 PHASE: DOMAIN CORRELATION ANALYSIS
[2026-05-01T15:06:57Z] [INFO] 📊 Domain correlation matrices created: 2
[2026-05-01T15:06:57Z] [SECTION] ============================================================
[2026-05-01T15:06:57Z] [INFO] 🖼️  PHASE: IMAGE-SEED ANALYSIS
[2026-05-01T15:06:57Z] [INFO] 📂 Image seed analysis bootstrapping from 0 images...
[2026-05-01T15:06:57Z] [SECTION] ============================================================
[2026-05-01T15:06:57Z] [INFO] 📤 PHASE: PUSH COMPONENTS TO TOLARIA
[2026-05-01T15:06:58Z] [INFO] 📦 Components pushed to Tolaria: 5
[2026-05-01T15:06:58Z] [SECTION] ============================================================
[2026-05-01T15:06:58Z] [INFO] 🧩 PHASE: COMPOSER - DOMAIN INTEGRATION SYNTHESIS
[2026-05-01T15:07:20Z] [INFO] 🎨 Domain integrations synthesized: 0
[2026-05-01T15:07:20Z] [SECTION] ============================================================
[2026-05-01T15:07:20Z] [INFO] 🚀 PHASE: ADVANCED OVERNIGHT LOOP
[2026-05-01T15:07:20Z] [INFO] 🔬 Advanced loop completed cycles: 0
[2026-05-01T15:07:20Z] [WARNING] ⚠️  Git commit skipped or failed (git not initialized?): Command '['git', '-C', '/home/avalonas/.hermes/gematria/unified_overnight_research', 'add', '.']' returned non-zero exit status 128.
[2026-05-01T15:07:20Z] [INFO] 
📊 CYCLE #280 SUMMARY
[2026-05-01T15:07:20Z] [INFO] ✅ Successful tasks: 7/7
[2026-05-01T15:07:20Z] [INFO] ⏱️  Cycle duration: 23.99s
[2026-05-01T15:07:20Z] [INFO]    ⚠️ task: result
[2026-05-01T15:07:20Z] [INFO]    ⚠️ task: result
[2026-05-01T15:07:20Z] [INFO]    ⚠️ task: result
[2026-05-01T15:07:20Z] [INFO]    ⚠️ task: result
[2026-05-01T15:07:20Z] [INFO]    ⚠️ task: result
[2026-05-01T15:07:20Z] [INFO]    ⚠️ task: result
[2026-05-01T15:07:20Z] [INFO]    ⚠️ task: result
[2026-05-01T15:07:20Z] [HEADER] ================================================================================
[2026-05-01T15:07:20Z] [INFO] 🔄 OVERNIGHT RESEARCH PIPELINE - CYCLE #281
[2026-05-01T15:07:20Z] [INFO] ================================================================================
[2026-05-01T15:07:20Z] [HEADER] ============================================================
[2026-05-01T15:07:20Z] [INFO] 🌙 STARTING OVERNIGHT RESEARCH CYCLE #281
[2026-05-01T15:07:20Z] [INFO] 🔍 Running overnight research protocol (web scraping + cross-symbol analysis)...
[2026-05-01T15:07:21Z] [INFO] 📊 Cycle duration: 0.24s, Files generated: 0
[2026-05-01T15:07:21Z] [WARNING] ⚠️ Database not initialized for cycle counting
[2026-05-01T15:07:21Z] [INFO] 💾 Database updated with cycle results
[2026-05-01T15:07:21Z] [SECTION] ============================================================
[2026-05-01T15:07:21Z] [INFO] 🔮 PHASE: HIDDEN LAYERING DETECTION
[2026-05-01T15:07:21Z] [INFO] 🔗 Hidden layering detection complete. Connections identified: 2
[2026-05-01T15:07:21Z] [SECTION] ============================================================
[2026-05-01T15:07:21Z] [INFO] 🔬 PHASE: DOMAIN CORRELATION ANALYSIS
[2026-05-01T15:07:21Z] [INFO] 📊 Domain correlation matrices created: 2
[2026-05-01T15:07:21Z] [SECTION] ============================================================
[2026-05-01T15:07:21Z] [INFO] 🖼️  PHASE: IMAGE-SEED ANALYSIS
[2026-05-01T15:07:21Z] [INFO] 📂 Image seed analysis bootstrapping from 0 images...
[2026-05-01T15:07:21Z] [SECTION] ============================================================
[2026-05-01T15:07:21Z] [INFO] 📤 PHASE: PUSH COMPONENTS TO TOLARIA
[2026-05-01T15:07:22Z] [INFO] 📦 Components pushed to Tolaria: 5
[2026-05-01T15:07:22Z] [SECTION] ============================================================
[2026-05-01T15:07:22Z] [INFO] 🧩 PHASE: COMPOSER - DOMAIN INTEGRATION SYNTHESIS
[2026-05-01T15:07:45Z] [INFO] 🎨 Domain integrations synthesized: 0
[2026-05-01T15:07:45Z] [SECTION] ============================================================
[2026-05-01T15:07:45Z] [INFO] 🚀 PHASE: ADVANCED OVERNIGHT LOOP
[2026-05-01T15:07:45Z] [INFO] 🔬 Advanced loop completed cycles: 0
[2026-05-01T15:07:45Z] [WARNING] ⚠️  Git commit skipped or failed (git not initialized?): Command '['git', '-C', '/home/avalonas/.hermes/gematria/unified_overnight_research', 'add', '.']' returned non-zero exit status 128.
[2026-05-01T15:07:45Z] [INFO] 
📊 CYCLE #281 SUMMARY
[2026-05-01T15:07:45Z] [INFO] ✅ Successful tasks: 7/7
[2026-05-01T15:07:45Z] [INFO] ⏱️  Cycle duration: 24.29s
[2026-05-01T15:07:45Z] [INFO]    ⚠️ task: result
[2026-05-01T15:07:45Z] [INFO]    ⚠️ task: result
[2026-05-01T15:07:45Z] [INFO]    ⚠️ task: result
[2026-05-01T15:07:45Z] [INFO]    ⚠️ task: result
[2026-05-01T15:07:45Z] [INFO]    ⚠️ task: result
[2026-05-01T15:07:45Z] [INFO]    ⚠️ task: result
[2026-05-01T15:07:45Z] [INFO]    ⚠️ task: result
[2026-05-01T15:07:45Z] [HEADER] ================================================================================
[2026-05-01T15:07:45Z] [INFO] 🔄 OVERNIGHT RESEARCH PIPELINE - CYCLE #282
[2026-05-01T15:07:45Z] [INFO] ================================================================================
[2026-05-01T15:07:45Z] [HEADER] ============================================================
[2026-05-01T15:07:45Z] [INFO] 🌙 STARTING OVERNIGHT RESEARCH CYCLE #282
[2026-05-01T15:07:45Z] [INFO] 🔍 Running overnight research protocol (web scraping + cross-symbol analysis)...
[2026-05-01T15:07:45Z] [INFO] 📊 Cycle duration: 0.18s, Files generated: 0
[2026-05-01T15:07:45Z] [WARNING] ⚠️ Database not initialized for cycle counting
[2026-05-01T15:07:45Z] [INFO] 💾 Database updated with cycle results
[2026-05-01T15:07:45Z] [SECTION] ============================================================
[2026-05-01T15:07:45Z] [INFO] 🔮 PHASE: HIDDEN LAYERING DETECTION
[2026-05-01T15:07:45Z] [INFO] 🔗 Hidden layering detection complete. Connections identified: 2
[2026-05-01T15:07:45Z] [SECTION] ============================================================
[2026-05-01T15:07:45Z] [INFO] 🔬 PHASE: DOMAIN CORRELATION ANALYSIS
[2026-05-01T15:07:45Z] [INFO] 📊 Domain correlation matrices created: 2
[2026-05-01T15:07:45Z] [SECTION] ============================================================
[2026-05-01T15:07:45Z] [INFO] 🖼️  PHASE: IMAGE-SEED ANALYSIS
[2026-05-01T15:07:45Z] [INFO] 📂 Image seed analysis bootstrapping from 0 images...
[2026-05-01T15:07:45Z] [SECTION] ============================================================
[2026-05-01T15:07:45Z] [INFO] 📤 PHASE: PUSH COMPONENTS TO TOLARIA
[2026-05-01T15:07:47Z] [INFO] 📦 Components pushed to Tolaria: 5
[2026-05-01T15:07:47Z] [SECTION] ============================================================
[2026-05-01T15:07:47Z] [INFO] 🧩 PHASE: COMPOSER - DOMAIN INTEGRATION SYNTHESIS
[2026-05-01T15:08:05Z] [INFO] 🎨 Domain integrations synthesized: 0
[2026-05-01T15:08:05Z] [SECTION] ============================================================
[2026-05-01T15:08:05Z] [INFO] 🚀 PHASE: ADVANCED OVERNIGHT LOOP
[2026-05-01T15:08:05Z] [INFO] 🔬 Advanced loop completed cycles: 0
[2026-05-01T15:08:05Z] [WARNING] ⚠️  Git commit skipped or failed (git not initialized?): Command '['git', '-C', '/home/avalonas/.hermes/gematria/unified_overnight_research', 'add', '.']' returned non-zero exit status 128.
[2026-05-01T15:08:05Z] [INFO] 
📊 CYCLE #282 SUMMARY
[2026-05-01T15:08:05Z] [INFO] ✅ Successful tasks: 7/7
[2026-05-01T15:08:05Z] [INFO] ⏱️  Cycle duration: 19.90s
[2026-05-01T15:08:05Z] [INFO]    ⚠️ task: result
[2026-05-01T15:08:05Z] [INFO]    ⚠️ task: result
[2026-05-01T15:08:05Z] [INFO]    ⚠️ task: result
[2026-05-01T15:08:05Z] [INFO]    ⚠️ task: result
[2026-05-01T15:08:05Z] [INFO]    ⚠️ task: result
[2026-05-01T15:08:05Z] [INFO]    ⚠️ task: result
[2026-05-01T15:08:05Z] [INFO]    ⚠️ task: result
[2026-05-01T15:08:05Z] [HEADER] ================================================================================
[2026-05-01T15:08:05Z] [INFO] 🔄 OVERNIGHT RESEARCH PIPELINE - CYCLE #283
[2026-05-01T15:08:05Z] [INFO] ================================================================================
[2026-05-01T15:08:05Z] [HEADER] ============================================================
[2026-05-01T15:08:05Z] [INFO] 🌙 STARTING OVERNIGHT RESEARCH CYCLE #283
[2026-05-01T15:08:05Z] [INFO] 🔍 Running overnight research protocol (web scraping + cross-symbol analysis)...
[2026-05-01T15:08:05Z] [INFO] 📊 Cycle duration: 0.25s, Files generated: 0
[2026-05-01T15:08:05Z] [WARNING] ⚠️ Database not initialized for cycle counting
[2026-05-01T15:08:05Z] [INFO] 💾 Database updated with cycle results
[2026-05-01T15:08:05Z] [SECTION] ============================================================
[2026-05-01T15:08:05Z] [INFO] 🔮 PHASE: HIDDEN LAYERING DETECTION
[2026-05-01T15:08:05Z] [INFO] 🔗 Hidden layering detection complete. Connections identified: 2
[2026-05-01T15:08:05Z] [SECTION] ============================================================
[2026-05-01T15:08:05Z] [INFO] 🔬 PHASE: DOMAIN CORRELATION ANALYSIS
[2026-05-01T15:08:05Z] [INFO] 📊 Domain correlation matrices created: 2
[2026-05-01T15:08:05Z] [SECTION] ============================================================
[2026-05-01T15:08:05Z] [INFO] 🖼️  PHASE: IMAGE-SEED ANALYSIS
[2026-05-01T15:08:05Z] [INFO] 📂 Image seed analysis bootstrapping from 0 images...
[2026-05-01T15:08:05Z] [SECTION] ============================================================
[2026-05-01T15:08:05Z] [INFO] 📤 PHASE: PUSH COMPONENTS TO TOLARIA
[2026-05-01T15:08:06Z] [INFO] 📦 Components pushed to Tolaria: 5
[2026-05-01T15:08:06Z] [SECTION] ============================================================
[2026-05-01T15:08:06Z] [INFO] 🧩 PHASE: COMPOSER - DOMAIN INTEGRATION SYNTHESIS
[2026-05-01T15:08:27Z] [INFO] 🎨 Domain integrations synthesized: 0
[2026-05-01T15:08:27Z] [SECTION] ============================================================
[2026-05-01T15:08:27Z] [INFO] 🚀 PHASE: ADVANCED OVERNIGHT LOOP
[2026-05-01T15:08:27Z] [INFO] 🔬 Advanced loop completed cycles: 0
[2026-05-01T15:08:28Z] [WARNING] ⚠️  Git commit skipped or failed (git not initialized?): Command '['git', '-C', '/home/avalonas/.hermes/gematria/unified_overnight_research', 'commit', '-m', '[2026-05-01T15:08:28Z] Cycle 282: Cycle 283: Web research + hidden layering detection']' returned non-zero exit status 1.
[2026-05-01T15:08:28Z] [INFO] 
📊 CYCLE #283 SUMMARY
[2026-05-01T15:08:28Z] [INFO] ✅ Successful tasks: 7/7
[2026-05-01T15:08:28Z] [INFO] ⏱️  Cycle duration: 22.94s
[2026-05-01T15:08:28Z] [INFO]    ⚠️ task: result
[2026-05-01T15:08:28Z] [INFO]    ⚠️ task: result
[2026-05-01T15:08:28Z] [INFO]    ⚠️ task: result
[2026-05-01T15:08:28Z] [INFO]    ⚠️ task: result
[2026-05-01T15:08:28Z] [INFO]    ⚠️ task: result
[2026-05-01T15:08:28Z] [INFO]    ⚠️ task: result
[2026-05-01T15:08:28Z] [INFO]    ⚠️ task: result
[2026-05-01T15:08:28Z] [HEADER] ================================================================================
[2026-05-01T15:08:28Z] [INFO] 🔄 OVERNIGHT RESEARCH PIPELINE - CYCLE #284
[2026-05-01T15:08:28Z] [INFO] ================================================================================
[2026-05-01T15:08:28Z] [HEADER] ============================================================
[2026-05-01T15:08:28Z] [INFO] 🌙 STARTING OVERNIGHT RESEARCH CYCLE #284
[2026-05-01T15:08:28Z] [INFO] 🔍 Running overnight research protocol (web scraping + cross-symbol analysis)...
[2026-05-01T15:08:28Z] [INFO] 📊 Cycle duration: 0.32s, Files generated: 0
[2026-05-01T15:08:28Z] [WARNING] ⚠️ Database not initialized for cycle counting
[2026-05-01T15:08:28Z] [INFO] 💾 Database updated with cycle results
[2026-05-01T15:08:28Z] [SECTION] ============================================================
[2026-05-01T15:08:28Z] [INFO] 🔮 PHASE: HIDDEN LAYERING DETECTION
[2026-05-01T15:08:28Z] [INFO] 🔗 Hidden layering detection complete. Connections identified: 2
[2026-05-01T15:08:28Z] [SECTION] ============================================================
[2026-05-01T15:08:28Z] [INFO] 🔬 PHASE: DOMAIN CORRELATION ANALYSIS
[2026-05-01T15:08:28Z] [INFO] 📊 Domain correlation matrices created: 2
[2026-05-01T15:08:28Z] [SECTION] ============================================================
[2026-05-01T15:08:28Z] [INFO] 🖼️  PHASE: IMAGE-SEED ANALYSIS
[2026-05-01T15:08:28Z] [INFO] 📂 Image seed analysis bootstrapping from 0 images...
[2026-05-01T15:08:28Z] [SECTION] ============================================================
[2026-05-01T15:08:28Z] [INFO] 📤 PHASE: PUSH COMPONENTS TO TOLARIA
[2026-05-01T15:08:29Z] [INFO] 📦 Components pushed to Tolaria: 5
[2026-05-01T15:08:29Z] [SECTION] ============================================================
[2026-05-01T15:08:29Z] [INFO] 🧩 PHASE: COMPOSER - DOMAIN INTEGRATION SYNTHESIS
[2026-05-01T15:08:51Z] [INFO] 🎨 Domain integrations synthesized: 0
[2026-05-01T15:08:51Z] [SECTION] ============================================================
[2026-05-01T15:08:51Z] [INFO] 🚀 PHASE: ADVANCED OVERNIGHT LOOP
[2026-05-01T15:08:51Z] [INFO] 🔬 Advanced loop completed cycles: 0
[2026-05-01T15:08:51Z] [WARNING] ⚠️  Git commit skipped or failed (git not initialized?): Command '['git', '-C', '/home/avalonas/.hermes/gematria/unified_overnight_research', 'add', '.']' returned non-zero exit status 128.
[2026-05-01T15:08:51Z] [INFO] 
📊 CYCLE #284 SUMMARY
[2026-05-01T15:08:51Z] [INFO] ✅ Successful tasks: 7/7
[2026-05-01T15:08:51Z] [INFO] ⏱️  Cycle duration: 23.60s
[2026-05-01T15:08:51Z] [INFO]    ⚠️ task: result
[2026-05-01T15:08:51Z] [INFO]    ⚠️ task: result
[2026-05-01T15:08:51Z] [INFO]    ⚠️ task: result
[2026-05-01T15:08:51Z] [INFO]    ⚠️ task: result
[2026-05-01T15:08:51Z] [INFO]    ⚠️ task: result
[2026-05-01T15:08:51Z] [INFO]    ⚠️ task: result
[2026-05-01T15:08:51Z] [INFO]    ⚠️ task: result
[2026-05-01T15:08:51Z] [HEADER] ================================================================================
[2026-05-01T15:08:51Z] [INFO] 🔄 OVERNIGHT RESEARCH PIPELINE - CYCLE #285
[2026-05-01T15:08:51Z] [INFO] ================================================================================
[2026-05-01T15:08:51Z] [HEADER] ============================================================
[2026-05-01T15:08:51Z] [INFO] 🌙 STARTING OVERNIGHT RESEARCH CYCLE #285
[2026-05-01T15:08:51Z] [INFO] 🔍 Running overnight research protocol (web scraping + cross-symbol analysis)...
[2026-05-01T15:08:51Z] [INFO] 📊 Cycle duration: 0.24s, Files generated: 0
[2026-05-01T15:08:51Z] [WARNING] ⚠️ Database not initialized for cycle counting
[2026-05-01T15:08:51Z] [INFO] 💾 Database updated with cycle results
[2026-05-01T15:08:51Z] [SECTION] ============================================================
[2026-05-01T15:08:51Z] [INFO] 🔮 PHASE: HIDDEN LAYERING DETECTION
[2026-05-01T15:08:52Z] [INFO] 🔗 Hidden layering detection complete. Connections identified: 2
[2026-05-01T15:08:52Z] [SECTION] ============================================================
[2026-05-01T15:08:52Z] [INFO] 🔬 PHASE: DOMAIN CORRELATION ANALYSIS
[2026-05-01T15:08:52Z] [INFO] 📊 Domain correlation matrices created: 2
[2026-05-01T15:08:52Z] [SECTION] ============================================================
[2026-05-01T15:08:52Z] [INFO] 🖼️  PHASE: IMAGE-SEED ANALYSIS
[2026-05-01T15:08:52Z] [INFO] 📂 Image seed analysis bootstrapping from 0 images...
[2026-05-01T15:08:52Z] [SECTION] ============================================================
[2026-05-01T15:08:52Z] [INFO] 📤 PHASE: PUSH COMPONENTS TO TOLARIA
[2026-05-01T15:08:52Z] [INFO] 📦 Components pushed to Tolaria: 5
[2026-05-01T15:08:52Z] [SECTION] ============================================================
[2026-05-01T15:08:52Z] [INFO] 🧩 PHASE: COMPOSER - DOMAIN INTEGRATION SYNTHESIS
[2026-05-01T15:09:15Z] [INFO] 🎨 Domain integrations synthesized: 0
[2026-05-01T15:09:15Z] [SECTION] ============================================================
[2026-05-01T15:09:15Z] [INFO] 🚀 PHASE: ADVANCED OVERNIGHT LOOP
[2026-05-01T15:09:15Z] [INFO] 🔬 Advanced loop completed cycles: 0
[2026-05-01T15:09:15Z] [WARNING] ⚠️  Git commit skipped or failed (git not initialized?): Command '['git', '-C', '/home/avalonas/.hermes/gematria/unified_overnight_research', 'add', '.']' returned non-zero exit status 128.
[2026-05-01T15:09:15Z] [INFO] 
📊 CYCLE #285 SUMMARY
[2026-05-01T15:09:15Z] [INFO] ✅ Successful tasks: 7/7
[2026-05-01T15:09:15Z] [INFO] ⏱️  Cycle duration: 24.26s
[2026-05-01T15:09:15Z] [INFO]    ⚠️ task: result
[2026-05-01T15:09:15Z] [INFO]    ⚠️ task: result
[2026-05-01T15:09:15Z] [INFO]    ⚠️ task: result
[2026-05-01T15:09:15Z] [INFO]    ⚠️ task: result
[2026-05-01T15:09:15Z] [INFO]    ⚠️ task: result
[2026-05-01T15:09:15Z] [INFO]    ⚠️ task: result
[2026-05-01T15:09:15Z] [INFO]    ⚠️ task: result
[2026-05-01T15:09:15Z] [HEADER] ================================================================================
[2026-05-01T15:09:15Z] [INFO] 🔄 OVERNIGHT RESEARCH PIPELINE - CYCLE #286
[2026-05-01T15:09:15Z] [INFO] ================================================================================
[2026-05-01T15:09:15Z] [HEADER] ============================================================
[2026-05-01T15:09:15Z] [INFO] 🌙 STARTING OVERNIGHT RESEARCH CYCLE #286
[2026-05-01T15:09:15Z] [INFO] 🔍 Running overnight research protocol (web scraping + cross-symbol analysis)...
[2026-05-01T15:09:16Z] [INFO] 📊 Cycle duration: 0.14s, Files generated: 0
[2026-05-01T15:09:16Z] [WARNING] ⚠️ Database not initialized for cycle counting
[2026-05-01T15:09:16Z] [INFO] 💾 Database updated with cycle results
[2026-05-01T15:09:16Z] [SECTION] ============================================================
[2026-05-01T15:09:16Z] [INFO] 🔮 PHASE: HIDDEN LAYERING DETECTION
[2026-05-01T15:09:16Z] [INFO] 🔗 Hidden layering detection complete. Connections identified: 2
[2026-05-01T15:09:16Z] [SECTION] ============================================================
[2026-05-01T15:09:16Z] [INFO] 🔬 PHASE: DOMAIN CORRELATION ANALYSIS
[2026-05-01T15:09:16Z] [INFO] 📊 Domain correlation matrices created: 2
[2026-05-01T15:09:16Z] [SECTION] ============================================================
[2026-05-01T15:09:16Z] [INFO] 🖼️  PHASE: IMAGE-SEED ANALYSIS
[2026-05-01T15:09:16Z] [INFO] 📂 Image seed analysis bootstrapping from 0 images...
[2026-05-01T15:09:16Z] [SECTION] ============================================================
[2026-05-01T15:09:16Z] [INFO] 📤 PHASE: PUSH COMPONENTS TO TOLARIA
[2026-05-01T15:09:18Z] [INFO] 📦 Components pushed to Tolaria: 5
[2026-05-01T15:09:18Z] [SECTION] ============================================================
[2026-05-01T15:09:18Z] [INFO] 🧩 PHASE: COMPOSER - DOMAIN INTEGRATION SYNTHESIS
[2026-05-01T15:09:39Z] [INFO] 🎨 Domain integrations synthesized: 0
[2026-05-01T15:09:39Z] [SECTION] ============================================================
[2026-05-01T15:09:39Z] [INFO] 🚀 PHASE: ADVANCED OVERNIGHT LOOP
[2026-05-01T15:09:39Z] [INFO] 🔬 Advanced loop completed cycles: 0
[2026-05-01T15:09:39Z] [WARNING] ⚠️  Git commit skipped or failed (git not initialized?): Command '['git', '-C', '/home/avalonas/.hermes/gematria/unified_overnight_research', 'add', '.']' returned non-zero exit status 128.
[2026-05-01T15:09:39Z] [INFO] 
📊 CYCLE #286 SUMMARY
[2026-05-01T15:09:39Z] [INFO] ✅ Successful tasks: 7/7
[2026-05-01T15:09:39Z] [INFO] ⏱️  Cycle duration: 23.78s
[2026-05-01T15:09:39Z] [INFO]    ⚠️ task: result
[2026-05-01T15:09:39Z] [INFO]    ⚠️ task: result
[2026-05-01T15:09:39Z] [INFO]    ⚠️ task: result
[2026-05-01T15:09:39Z] [INFO]    ⚠️ task: result
[2026-05-01T15:09:39Z] [INFO]    ⚠️ task: result
[2026-05-01T15:09:39Z] [INFO]    ⚠️ task: result
[2026-05-01T15:09:39Z] [INFO]    ⚠️ task: result
[2026-05-01T15:09:39Z] [HEADER] ================================================================================
[2026-05-01T15:09:39Z] [INFO] 🔄 OVERNIGHT RESEARCH PIPELINE - CYCLE #287
[2026-05-01T15:09:39Z] [INFO] ================================================================================
[2026-05-01T15:09:39Z] [HEADER] ============================================================
[2026-05-01T15:09:39Z] [INFO] 🌙 STARTING OVERNIGHT RESEARCH CYCLE #287
[2026-05-01T15:09:39Z] [INFO] 🔍 Running overnight research protocol (web scraping + cross-symbol analysis)...
[2026-05-01T15:09:40Z] [INFO] 📊 Cycle duration: 0.30s, Files generated: 0
[2026-05-01T15:09:40Z] [WARNING] ⚠️ Database not initialized for cycle counting
[2026-05-01T15:09:40Z] [INFO] 💾 Database updated with cycle results
[2026-05-01T15:09:40Z] [SECTION] ============================================================
[2026-05-01T15:09:40Z] [INFO] 🔮 PHASE: HIDDEN LAYERING DETECTION
[2026-05-01T15:09:40Z] [INFO] 🔗 Hidden layering detection complete. Connections identified: 2
[2026-05-01T15:09:40Z] [SECTION] ============================================================
[2026-05-01T15:09:40Z] [INFO] 🔬 PHASE: DOMAIN CORRELATION ANALYSIS
[2026-05-01T15:09:40Z] [INFO] 📊 Domain correlation matrices created: 2
[2026-05-01T15:09:40Z] [SECTION] ============================================================
[2026-05-01T15:09:40Z] [INFO] 🖼️  PHASE: IMAGE-SEED ANALYSIS
[2026-05-01T15:09:40Z] [INFO] 📂 Image seed analysis bootstrapping from 0 images...
[2026-05-01T15:09:40Z] [SECTION] ============================================================
[2026-05-01T15:09:40Z] [INFO] 📤 PHASE: PUSH COMPONENTS TO TOLARIA
[2026-05-01T15:09:41Z] [INFO] 📦 Components pushed to Tolaria: 5
[2026-05-01T15:09:41Z] [SECTION] ============================================================
[2026-05-01T15:09:41Z] [INFO] 🧩 PHASE: COMPOSER - DOMAIN INTEGRATION SYNTHESIS
[2026-05-01T15:10:03Z] [INFO] 🎨 Domain integrations synthesized: 0
[2026-05-01T15:10:03Z] [SECTION] ============================================================
[2026-05-01T15:10:03Z] [INFO] 🚀 PHASE: ADVANCED OVERNIGHT LOOP
[2026-05-01T15:10:03Z] [INFO] 🔬 Advanced loop completed cycles: 0
[2026-05-01T15:10:03Z] [WARNING] ⚠️  Git commit skipped or failed (git not initialized?): Command '['git', '-C', '/home/avalonas/.hermes/gematria/unified_overnight_research', 'add', '.']' returned non-zero exit status 128.
[2026-05-01T15:10:03Z] [INFO] 
📊 CYCLE #287 SUMMARY
[2026-05-01T15:10:03Z] [INFO] ✅ Successful tasks: 7/7
[2026-05-01T15:10:03Z] [INFO] ⏱️  Cycle duration: 24.23s
[2026-05-01T15:10:03Z] [INFO]    ⚠️ task: result
[2026-05-01T15:10:03Z] [INFO]    ⚠️ task: result
[2026-05-01T15:10:03Z] [INFO]    ⚠️ task: result
[2026-05-01T15:10:03Z] [INFO]    ⚠️ task: result
[2026-05-01T15:10:03Z] [INFO]    ⚠️ task: result
[2026-05-01T15:10:03Z] [INFO]    ⚠️ task: result
[2026-05-01T15:10:03Z] [INFO]    ⚠️ task: result
[2026-05-01T15:10:03Z] [HEADER] ================================================================================
[2026-05-01T15:10:03Z] [INFO] 🔄 OVERNIGHT RESEARCH PIPELINE - CYCLE #288
[2026-05-01T15:10:03Z] [INFO] ================================================================================
[2026-05-01T15:10:03Z] [HEADER] ============================================================
[2026-05-01T15:10:03Z] [INFO] 🌙 STARTING OVERNIGHT RESEARCH CYCLE #288
[2026-05-01T15:10:03Z] [INFO] 🔍 Running overnight research protocol (web scraping + cross-symbol analysis)...
[2026-05-01T15:10:04Z] [INFO] 📊 Cycle duration: 0.14s, Files generated: 0
[2026-05-01T15:10:04Z] [WARNING] ⚠️ Database not initialized for cycle counting
[2026-05-01T15:10:04Z] [INFO] 💾 Database updated with cycle results
[2026-05-01T15:10:04Z] [SECTION] ============================================================
[2026-05-01T15:10:04Z] [INFO] 🔮 PHASE: HIDDEN LAYERING DETECTION
[2026-05-01T15:10:04Z] [INFO] 🔗 Hidden layering detection complete. Connections identified: 2
[2026-05-01T15:10:04Z] [SECTION] ============================================================
[2026-05-01T15:10:04Z] [INFO] 🔬 PHASE: DOMAIN CORRELATION ANALYSIS
[2026-05-01T15:10:04Z] [INFO] 📊 Domain correlation matrices created: 2
[2026-05-01T15:10:04Z] [SECTION] ============================================================
[2026-05-01T15:10:04Z] [INFO] 🖼️  PHASE: IMAGE-SEED ANALYSIS
[2026-05-01T15:10:04Z] [INFO] 📂 Image seed analysis bootstrapping from 0 images...
[2026-05-01T15:10:04Z] [SECTION] ============================================================
[2026-05-01T15:10:04Z] [INFO] 📤 PHASE: PUSH COMPONENTS TO TOLARIA
[2026-05-01T15:10:05Z] [INFO] 📦 Components pushed to Tolaria: 5
[2026-05-01T15:10:05Z] [SECTION] ============================================================
[2026-05-01T15:10:05Z] [INFO] 🧩 PHASE: COMPOSER - DOMAIN INTEGRATION SYNTHESIS
[2026-05-01T15:10:27Z] [INFO] 🎨 Domain integrations synthesized: 0
[2026-05-01T15:10:27Z] [SECTION] ============================================================
[2026-05-01T15:10:27Z] [INFO] 🚀 PHASE: ADVANCED OVERNIGHT LOOP
[2026-05-01T15:10:27Z] [INFO] 🔬 Advanced loop completed cycles: 0
[2026-05-01T15:10:27Z] [WARNING] ⚠️  Git commit skipped or failed (git not initialized?): Command '['git', '-C', '/home/avalonas/.hermes/gematria/unified_overnight_research', 'add', '.']' returned non-zero exit status 128.
[2026-05-01T15:10:27Z] [INFO] 
📊 CYCLE #288 SUMMARY
[2026-05-01T15:10:27Z] [INFO] ✅ Successful tasks: 7/7
[2026-05-01T15:10:27Z] [INFO] ⏱️  Cycle duration: 23.75s
[2026-05-01T15:10:27Z] [INFO]    ⚠️ task: result
[2026-05-01T15:10:27Z] [INFO]    ⚠️ task: result
[2026-05-01T15:10:27Z] [INFO]    ⚠️ task: result
[2026-05-01T15:10:27Z] [INFO]    ⚠️ task: result
[2026-05-01T15:10:27Z] [INFO]    ⚠️ task: result
[2026-05-01T15:10:27Z] [INFO]    ⚠️ task: result
[2026-05-01T15:10:27Z] [INFO]    ⚠️ task: result
[2026-05-01T15:10:27Z] [HEADER] ================================================================================
[2026-05-01T15:10:27Z] [INFO] 🔄 OVERNIGHT RESEARCH PIPELINE - CYCLE #289
[2026-05-01T15:10:27Z] [INFO] ================================================================================
[2026-05-01T15:10:27Z] [HEADER] ============================================================
[2026-05-01T15:10:27Z] [INFO] 🌙 STARTING OVERNIGHT RESEARCH CYCLE #289
[2026-05-01T15:10:27Z] [INFO] 🔍 Running overnight research protocol (web scraping + cross-symbol analysis)...
[2026-05-01T15:10:27Z] [INFO] 📊 Cycle duration: 0.14s, Files generated: 0
[2026-05-01T15:10:27Z] [WARNING] ⚠️ Database not initialized for cycle counting
[2026-05-01T15:10:27Z] [INFO] 💾 Database updated with cycle results
[2026-05-01T15:10:27Z] [SECTION] ============================================================
[2026-05-01T15:10:27Z] [INFO] 🔮 PHASE: HIDDEN LAYERING DETECTION
[2026-05-01T15:10:27Z] [INFO] 🔗 Hidden layering detection complete. Connections identified: 2
[2026-05-01T15:10:27Z] [SECTION] ============================================================
[2026-05-01T15:10:27Z] [INFO] 🔬 PHASE: DOMAIN CORRELATION ANALYSIS
[2026-05-01T15:10:27Z] [INFO] 📊 Domain correlation matrices created: 2
[2026-05-01T15:10:27Z] [SECTION] ============================================================
[2026-05-01T15:10:27Z] [INFO] 🖼️  PHASE: IMAGE-SEED ANALYSIS
[2026-05-01T15:10:27Z] [INFO] 📂 Image seed analysis bootstrapping from 0 images...
[2026-05-01T15:10:27Z] [SECTION] ============================================================
[2026-05-01T15:10:27Z] [INFO] 📤 PHASE: PUSH COMPONENTS TO TOLARIA
[2026-05-01T15:10:28Z] [INFO] 📦 Components pushed to Tolaria: 5
[2026-05-01T15:10:28Z] [SECTION] ============================================================
[2026-05-01T15:10:28Z] [INFO] 🧩 PHASE: COMPOSER - DOMAIN INTEGRATION SYNTHESIS
[2026-05-01T15:10:51Z] [INFO] 🎨 Domain integrations synthesized: 0
[2026-05-01T15:10:51Z] [SECTION] ============================================================
[2026-05-01T15:10:51Z] [INFO] 🚀 PHASE: ADVANCED OVERNIGHT LOOP
[2026-05-01T15:10:51Z] [INFO] 🔬 Advanced loop completed cycles: 0
[2026-05-01T15:10:52Z] [WARNING] ⚠️  Git commit skipped or failed (git not initialized?): Command '['git', '-C', '/home/avalonas/.hermes/gematria/unified_overnight_research', 'commit', '-m', '[2026-05-01T15:10:52Z] Cycle 288: Cycle 289: Web research + hidden layering detection']' returned non-zero exit status 1.
[2026-05-01T15:10:52Z] [INFO] 
📊 CYCLE #289 SUMMARY
[2026-05-01T15:10:52Z] [INFO] ✅ Successful tasks: 7/7
[2026-05-01T15:10:52Z] [INFO] ⏱️  Cycle duration: 24.40s
[2026-05-01T15:10:52Z] [INFO]    ⚠️ task: result
[2026-05-01T15:10:52Z] [INFO]    ⚠️ task: result
[2026-05-01T15:10:52Z] [INFO]    ⚠️ task: result
[2026-05-01T15:10:52Z] [INFO]    ⚠️ task: result
[2026-05-01T15:10:52Z] [INFO]    ⚠️ task: result
[2026-05-01T15:10:52Z] [INFO]    ⚠️ task: result
[2026-05-01T15:10:52Z] [INFO]    ⚠️ task: result
[2026-05-01T15:10:52Z] [HEADER] ================================================================================
[2026-05-01T15:10:52Z] [INFO] 🔄 OVERNIGHT RESEARCH PIPELINE - CYCLE #290
[2026-05-01T15:10:52Z] [INFO] ================================================================================
[2026-05-01T15:10:52Z] [HEADER] ============================================================
[2026-05-01T15:10:52Z] [INFO] 🌙 STARTING OVERNIGHT RESEARCH CYCLE #290
[2026-05-01T15:10:52Z] [INFO] 🔍 Running overnight research protocol (web scraping + cross-symbol analysis)...
[2026-05-01T15:10:52Z] [INFO] 📊 Cycle duration: 0.13s, Files generated: 0
[2026-05-01T15:10:52Z] [WARNING] ⚠️ Database not initialized for cycle counting
[2026-05-01T15:10:52Z] [INFO] 💾 Database updated with cycle results
[2026-05-01T15:10:52Z] [SECTION] ============================================================
[2026-05-01T15:10:52Z] [INFO] 🔮 PHASE: HIDDEN LAYERING DETECTION
[2026-05-01T15:10:52Z] [INFO] 🔗 Hidden layering detection complete. Connections identified: 2
[2026-05-01T15:10:52Z] [SECTION] ============================================================
[2026-05-01T15:10:52Z] [INFO] 🔬 PHASE: DOMAIN CORRELATION ANALYSIS
[2026-05-01T15:10:52Z] [INFO] 📊 Domain correlation matrices created: 2
[2026-05-01T15:10:52Z] [SECTION] ============================================================
[2026-05-01T15:10:52Z] [INFO] 🖼️  PHASE: IMAGE-SEED ANALYSIS
[2026-05-01T15:10:52Z] [INFO] 📂 Image seed analysis bootstrapping from 0 images...
[2026-05-01T15:10:52Z] [SECTION] ============================================================
[2026-05-01T15:10:52Z] [INFO] 📤 PHASE: PUSH COMPONENTS TO TOLARIA
[2026-05-01T15:10:53Z] [INFO] 📦 Components pushed to Tolaria: 5
[2026-05-01T15:10:53Z] [SECTION] ============================================================
[2026-05-01T15:10:53Z] [INFO] 🧩 PHASE: COMPOSER - DOMAIN INTEGRATION SYNTHESIS
[2026-05-01T15:11:15Z] [INFO] 🎨 Domain integrations synthesized: 0
[2026-05-01T15:11:15Z] [SECTION] ============================================================
[2026-05-01T15:11:15Z] [INFO] 🚀 PHASE: ADVANCED OVERNIGHT LOOP
[2026-05-01T15:11:15Z] [INFO] 🔬 Advanced loop completed cycles: 0
[2026-05-01T15:11:16Z] [WARNING] ⚠️  Git commit skipped or failed (git not initialized?): Command '['git', '-C', '/home/avalonas/.hermes/gematria/unified_overnight_research', 'commit', '-m', '[2026-05-01T15:11:16Z] Cycle 289: Cycle 290: Web research + hidden layering detection']' returned non-zero exit status 1.
[2026-05-01T15:11:16Z] [INFO] 
📊 CYCLE #290 SUMMARY
[2026-05-01T15:11:16Z] [INFO] ✅ Successful tasks: 7/7
[2026-05-01T15:11:16Z] [INFO] ⏱️  Cycle duration: 24.01s
[2026-05-01T15:11:16Z] [INFO]    ⚠️ task: result
[2026-05-01T15:11:16Z] [INFO]    ⚠️ task: result
[2026-05-01T15:11:16Z] [INFO]    ⚠️ task: result
[2026-05-01T15:11:16Z] [INFO]    ⚠️ task: result
[2026-05-01T15:11:16Z] [INFO]    ⚠️ task: result
[2026-05-01T15:11:16Z] [INFO]    ⚠️ task: result
[2026-05-01T15:11:16Z] [INFO]    ⚠️ task: result
[2026-05-01T15:11:16Z] [HEADER] ================================================================================
[2026-05-01T15:11:16Z] [INFO] 🔄 OVERNIGHT RESEARCH PIPELINE - CYCLE #291
[2026-05-01T15:11:16Z] [INFO] ================================================================================
[2026-05-01T15:11:16Z] [HEADER] ============================================================
[2026-05-01T15:11:16Z] [INFO] 🌙 STARTING OVERNIGHT RESEARCH CYCLE #291
[2026-05-01T15:11:16Z] [INFO] 🔍 Running overnight research protocol (web scraping + cross-symbol analysis)...
[2026-05-01T15:11:16Z] [INFO] 📊 Cycle duration: 0.22s, Files generated: 0
[2026-05-01T15:11:16Z] [WARNING] ⚠️ Database not initialized for cycle counting
[2026-05-01T15:11:16Z] [INFO] 💾 Database updated with cycle results
[2026-05-01T15:11:16Z] [SECTION] ============================================================
[2026-05-01T15:11:16Z] [INFO] 🔮 PHASE: HIDDEN LAYERING DETECTION
[2026-05-01T15:11:16Z] [INFO] 🔗 Hidden layering detection complete. Connections identified: 2
[2026-05-01T15:11:16Z] [SECTION] ============================================================
[2026-05-01T15:11:16Z] [INFO] 🔬 PHASE: DOMAIN CORRELATION ANALYSIS
[2026-05-01T15:11:16Z] [INFO] 📊 Domain correlation matrices created: 2
[2026-05-01T15:11:16Z] [SECTION] ============================================================
[2026-05-01T15:11:16Z] [INFO] 🖼️  PHASE: IMAGE-SEED ANALYSIS
[2026-05-01T15:11:16Z] [INFO] 📂 Image seed analysis bootstrapping from 0 images...
[2026-05-01T15:11:16Z] [SECTION] ============================================================
[2026-05-01T15:11:16Z] [INFO] 📤 PHASE: PUSH COMPONENTS TO TOLARIA
[2026-05-01T15:11:17Z] [INFO] 📦 Components pushed to Tolaria: 5
[2026-05-01T15:11:17Z] [SECTION] ============================================================
[2026-05-01T15:11:17Z] [INFO] 🧩 PHASE: COMPOSER - DOMAIN INTEGRATION SYNTHESIS
[2026-05-01T15:11:39Z] [INFO] 🎨 Domain integrations synthesized: 0
[2026-05-01T15:11:39Z] [SECTION] ============================================================
[2026-05-01T15:11:39Z] [INFO] 🚀 PHASE: ADVANCED OVERNIGHT LOOP
[2026-05-01T15:11:39Z] [INFO] 🔬 Advanced loop completed cycles: 0
[2026-05-01T15:11:39Z] [WARNING] ⚠️  Git commit skipped or failed (git not initialized?): Command '['git', '-C', '/home/avalonas/.hermes/gematria/unified_overnight_research', 'add', '.']' returned non-zero exit status 128.
[2026-05-01T15:11:39Z] [INFO] 
📊 CYCLE #291 SUMMARY
[2026-05-01T15:11:39Z] [INFO] ✅ Successful tasks: 7/7
[2026-05-01T15:11:39Z] [INFO] ⏱️  Cycle duration: 23.84s
[2026-05-01T15:11:39Z] [INFO]    ⚠️ task: result
[2026-05-01T15:11:39Z] [INFO]    ⚠️ task: result
[2026-05-01T15:11:39Z] [INFO]    ⚠️ task: result
[2026-05-01T15:11:39Z] [INFO]    ⚠️ task: result
[2026-05-01T15:11:39Z] [INFO]    ⚠️ task: result
[2026-05-01T15:11:39Z] [INFO]    ⚠️ task: result
[2026-05-01T15:11:39Z] [INFO]    ⚠️ task: result
[2026-05-01T15:11:39Z] [HEADER] ================================================================================
[2026-05-01T15:11:39Z] [INFO] 🔄 OVERNIGHT RESEARCH PIPELINE - CYCLE #292
[2026-05-01T15:11:39Z] [INFO] ================================================================================
[2026-05-01T15:11:39Z] [HEADER] ============================================================
[2026-05-01T15:11:39Z] [INFO] 🌙 STARTING OVERNIGHT RESEARCH CYCLE #292
[2026-05-01T15:11:39Z] [INFO] 🔍 Running overnight research protocol (web scraping + cross-symbol analysis)...
[2026-05-01T15:11:40Z] [INFO] 📊 Cycle duration: 0.13s, Files generated: 0
[2026-05-01T15:11:40Z] [WARNING] ⚠️ Database not initialized for cycle counting
[2026-05-01T15:11:40Z] [INFO] 💾 Database updated with cycle results
[2026-05-01T15:11:40Z] [SECTION] ============================================================
[2026-05-01T15:11:40Z] [INFO] 🔮 PHASE: HIDDEN LAYERING DETECTION
[2026-05-01T15:11:40Z] [INFO] 🔗 Hidden layering detection complete. Connections identified: 2
[2026-05-01T15:11:40Z] [SECTION] ============================================================
[2026-05-01T15:11:40Z] [INFO] 🔬 PHASE: DOMAIN CORRELATION ANALYSIS
[2026-05-01T15:11:40Z] [INFO] 📊 Domain correlation matrices created: 2
[2026-05-01T15:11:40Z] [SECTION] ============================================================
[2026-05-01T15:11:40Z] [INFO] 🖼️  PHASE: IMAGE-SEED ANALYSIS
[2026-05-01T15:11:40Z] [INFO] 📂 Image seed analysis bootstrapping from 0 images...
[2026-05-01T15:11:40Z] [SECTION] ============================================================
[2026-05-01T15:11:40Z] [INFO] 📤 PHASE: PUSH COMPONENTS TO TOLARIA
[2026-05-01T15:11:41Z] [INFO] 📦 Components pushed to Tolaria: 5
[2026-05-01T15:11:41Z] [SECTION] ============================================================
[2026-05-01T15:11:41Z] [INFO] 🧩 PHASE: COMPOSER - DOMAIN INTEGRATION SYNTHESIS
[2026-05-01T15:12:03Z] [INFO] 🎨 Domain integrations synthesized: 0
[2026-05-01T15:12:03Z] [SECTION] ============================================================
[2026-05-01T15:12:03Z] [INFO] 🚀 PHASE: ADVANCED OVERNIGHT LOOP
[2026-05-01T15:12:03Z] [INFO] 🔬 Advanced loop completed cycles: 0
[2026-05-01T15:12:03Z] [WARNING] ⚠️  Git commit skipped or failed (git not initialized?): Command '['git', '-C', '/home/avalonas/.hermes/gematria/unified_overnight_research', 'add', '.']' returned non-zero exit status 128.
[2026-05-01T15:12:03Z] [INFO] 
📊 CYCLE #292 SUMMARY
[2026-05-01T15:12:03Z] [INFO] ✅ Successful tasks: 7/7
[2026-05-01T15:12:03Z] [INFO] ⏱️  Cycle duration: 23.98s
[2026-05-01T15:12:03Z] [INFO]    ⚠️ task: result
[2026-05-01T15:12:03Z] [INFO]    ⚠️ task: result
[2026-05-01T15:12:03Z] [INFO]    ⚠️ task: result
[2026-05-01T15:12:03Z] [INFO]    ⚠️ task: result
[2026-05-01T15:12:03Z] [INFO]    ⚠️ task: result
[2026-05-01T15:12:03Z] [INFO]    ⚠️ task: result
[2026-05-01T15:12:03Z] [INFO]    ⚠️ task: result
[2026-05-01T15:12:03Z] [HEADER] ================================================================================
[2026-05-01T15:12:03Z] [INFO] 🔄 OVERNIGHT RESEARCH PIPELINE - CYCLE #293
[2026-05-01T15:12:03Z] [INFO] ================================================================================
[2026-05-01T15:12:03Z] [HEADER] ============================================================
[2026-05-01T15:12:03Z] [INFO] 🌙 STARTING OVERNIGHT RESEARCH CYCLE #293
[2026-05-01T15:12:03Z] [INFO] 🔍 Running overnight research protocol (web scraping + cross-symbol analysis)...
[2026-05-01T15:12:04Z] [INFO] 📊 Cycle duration: 0.13s, Files generated: 0
[2026-05-01T15:12:04Z] [WARNING] ⚠️ Database not initialized for cycle counting
[2026-05-01T15:12:04Z] [INFO] 💾 Database updated with cycle results
[2026-05-01T15:12:04Z] [SECTION] ============================================================
[2026-05-01T15:12:04Z] [INFO] 🔮 PHASE: HIDDEN LAYERING DETECTION
[2026-05-01T15:12:04Z] [INFO] 🔗 Hidden layering detection complete. Connections identified: 2
[2026-05-01T15:12:04Z] [SECTION] ============================================================
[2026-05-01T15:12:04Z] [INFO] 🔬 PHASE: DOMAIN CORRELATION ANALYSIS
[2026-05-01T15:12:04Z] [INFO] 📊 Domain correlation matrices created: 2
[2026-05-01T15:12:04Z] [SECTION] ============================================================
[2026-05-01T15:12:04Z] [INFO] 🖼️  PHASE: IMAGE-SEED ANALYSIS
[2026-05-01T15:12:04Z] [INFO] 📂 Image seed analysis bootstrapping from 0 images...
[2026-05-01T15:12:04Z] [SECTION] ============================================================
[2026-05-01T15:12:04Z] [INFO] 📤 PHASE: PUSH COMPONENTS TO TOLARIA
[2026-05-01T15:12:05Z] [INFO] 📦 Components pushed to Tolaria: 5
[2026-05-01T15:12:05Z] [SECTION] ============================================================
[2026-05-01T15:12:05Z] [INFO] 🧩 PHASE: COMPOSER - DOMAIN INTEGRATION SYNTHESIS
[2026-05-01T15:12:27Z] [INFO] 🎨 Domain integrations synthesized: 0
[2026-05-01T15:12:27Z] [SECTION] ============================================================
[2026-05-01T15:12:27Z] [INFO] 🚀 PHASE: ADVANCED OVERNIGHT LOOP
[2026-05-01T15:12:27Z] [INFO] 🔬 Advanced loop completed cycles: 0
[2026-05-01T15:12:27Z] [WARNING] ⚠️  Git commit skipped or failed (git not initialized?): Command '['git', '-C', '/home/avalonas/.hermes/gematria/unified_overnight_research', 'add', '.']' returned non-zero exit status 128.
[2026-05-01T15:12:27Z] [INFO] 
📊 CYCLE #293 SUMMARY
[2026-05-01T15:12:27Z] [INFO] ✅ Successful tasks: 7/7
[2026-05-01T15:12:27Z] [INFO] ⏱️  Cycle duration: 23.97s
[2026-05-01T15:12:27Z] [INFO]    ⚠️ task: result
[2026-05-01T15:12:27Z] [INFO]    ⚠️ task: result
[2026-05-01T15:12:27Z] [INFO]    ⚠️ task: result
[2026-05-01T15:12:27Z] [INFO]    ⚠️ task: result
[2026-05-01T15:12:27Z] [INFO]    ⚠️ task: result
[2026-05-01T15:12:27Z] [INFO]    ⚠️ task: result
[2026-05-01T15:12:27Z] [INFO]    ⚠️ task: result
[2026-05-01T15:12:27Z] [HEADER] ================================================================================
[2026-05-01T15:12:27Z] [INFO] 🔄 OVERNIGHT RESEARCH PIPELINE - CYCLE #294
[2026-05-01T15:12:27Z] [INFO] ================================================================================
[2026-05-01T15:12:27Z] [HEADER] ============================================================
[2026-05-01T15:12:27Z] [INFO] 🌙 STARTING OVERNIGHT RESEARCH CYCLE #294
[2026-05-01T15:12:27Z] [INFO] 🔍 Running overnight research protocol (web scraping + cross-symbol analysis)...
[2026-05-01T15:12:28Z] [INFO] 📊 Cycle duration: 0.14s, Files generated: 0
[2026-05-01T15:12:28Z] [WARNING] ⚠️ Database not initialized for cycle counting
[2026-05-01T15:12:28Z] [INFO] 💾 Database updated with cycle results
[2026-05-01T15:12:28Z] [SECTION] ============================================================
[2026-05-01T15:12:28Z] [INFO] 🔮 PHASE: HIDDEN LAYERING DETECTION
[2026-05-01T15:12:28Z] [INFO] 🔗 Hidden layering detection complete. Connections identified: 2
[2026-05-01T15:12:28Z] [SECTION] ============================================================
[2026-05-01T15:12:28Z] [INFO] 🔬 PHASE: DOMAIN CORRELATION ANALYSIS
[2026-05-01T15:12:28Z] [INFO] 📊 Domain correlation matrices created: 2
[2026-05-01T15:12:28Z] [SECTION] ============================================================
[2026-05-01T15:12:28Z] [INFO] 🖼️  PHASE: IMAGE-SEED ANALYSIS
[2026-05-01T15:12:28Z] [INFO] 📂 Image seed analysis bootstrapping from 0 images...
[2026-05-01T15:12:28Z] [SECTION] ============================================================
[2026-05-01T15:12:28Z] [INFO] 📤 PHASE: PUSH COMPONENTS TO TOLARIA
[2026-05-01T15:12:29Z] [INFO] 📦 Components pushed to Tolaria: 5
[2026-05-01T15:12:29Z] [SECTION] ============================================================
[2026-05-01T15:12:29Z] [INFO] 🧩 PHASE: COMPOSER - DOMAIN INTEGRATION SYNTHESIS
[2026-05-01T15:12:51Z] [INFO] 🎨 Domain integrations synthesized: 0
[2026-05-01T15:12:51Z] [SECTION] ============================================================
[2026-05-01T15:12:51Z] [INFO] 🚀 PHASE: ADVANCED OVERNIGHT LOOP
[2026-05-01T15:12:51Z] [INFO] 🔬 Advanced loop completed cycles: 0
[2026-05-01T15:12:51Z] [WARNING] ⚠️  Git commit skipped or failed (git not initialized?): Command '['git', '-C', '/home/avalonas/.hermes/gematria/unified_overnight_research', 'add', '.']' returned non-zero exit status 128.
[2026-05-01T15:12:51Z] [INFO] 
📊 CYCLE #294 SUMMARY
[2026-05-01T15:12:51Z] [INFO] ✅ Successful tasks: 7/7
[2026-05-01T15:12:51Z] [INFO] ⏱️  Cycle duration: 24.00s
[2026-05-01T15:12:51Z] [INFO]    ⚠️ task: result
[2026-05-01T15:12:51Z] [INFO]    ⚠️ task: result
[2026-05-01T15:12:51Z] [INFO]    ⚠️ task: result
[2026-05-01T15:12:51Z] [INFO]    ⚠️ task: result
[2026-05-01T15:12:51Z] [INFO]    ⚠️ task: result
[2026-05-01T15:12:51Z] [INFO]    ⚠️ task: result
[2026-05-01T15:12:51Z] [INFO]    ⚠️ task: result
[2026-05-01T15:12:51Z] [HEADER] ================================================================================
[2026-05-01T15:12:51Z] [INFO] 🔄 OVERNIGHT RESEARCH PIPELINE - CYCLE #295
[2026-05-01T15:12:51Z] [INFO] ================================================================================
[2026-05-01T15:12:51Z] [HEADER] ============================================================
[2026-05-01T15:12:51Z] [INFO] 🌙 STARTING OVERNIGHT RESEARCH CYCLE #295
[2026-05-01T15:12:51Z] [INFO] 🔍 Running overnight research protocol (web scraping + cross-symbol analysis)...
[2026-05-01T15:12:52Z] [INFO] 📊 Cycle duration: 0.25s, Files generated: 0
[2026-05-01T15:12:52Z] [WARNING] ⚠️ Database not initialized for cycle counting
[2026-05-01T15:12:52Z] [INFO] 💾 Database updated with cycle results
[2026-05-01T15:12:52Z] [SECTION] ============================================================
[2026-05-01T15:12:52Z] [INFO] 🔮 PHASE: HIDDEN LAYERING DETECTION
[2026-05-01T15:12:52Z] [INFO] 🔗 Hidden layering detection complete. Connections identified: 2
[2026-05-01T15:12:52Z] [SECTION] ============================================================
[2026-05-01T15:12:52Z] [INFO] 🔬 PHASE: DOMAIN CORRELATION ANALYSIS
[2026-05-01T15:12:52Z] [INFO] 📊 Domain correlation matrices created: 2
[2026-05-01T15:12:52Z] [SECTION] ============================================================
[2026-05-01T15:12:52Z] [INFO] 🖼️  PHASE: IMAGE-SEED ANALYSIS
[2026-05-01T15:12:52Z] [INFO] 📂 Image seed analysis bootstrapping from 0 images...
[2026-05-01T15:12:52Z] [SECTION] ============================================================
[2026-05-01T15:12:52Z] [INFO] 📤 PHASE: PUSH COMPONENTS TO TOLARIA
[2026-05-01T15:12:53Z] [INFO] 📦 Components pushed to Tolaria: 5
[2026-05-01T15:12:53Z] [SECTION] ============================================================
[2026-05-01T15:12:53Z] [INFO] 🧩 PHASE: COMPOSER - DOMAIN INTEGRATION SYNTHESIS
