[2026-05-01T13:59:22Z] [HEADER] ================================================================================
[2026-05-01T13:59:22Z] [INFO] 🔄 OVERNIGHT RESEARCH PIPELINE - CYCLE #2
[2026-05-01T13:59:22Z] [INFO] ================================================================================
[2026-05-01T13:59:22Z] [HEADER] ============================================================
[2026-05-01T13:59:22Z] [INFO] 🌙 STARTING OVERNIGHT RESEARCH CYCLE #2
[2026-05-01T13:59:22Z] [INFO] 🔍 Running overnight research protocol (web scraping + cross-symbol analysis)...
[2026-05-01T13:59:23Z] [INFO] 📊 Cycle duration: 0.25s, Files generated: 1
[2026-05-01T13:59:23Z] [WARNING] ⚠️ Database not initialized for cycle counting
[2026-05-01T13:59:23Z] [INFO] 💾 Database updated with cycle results
[2026-05-01T13:59:23Z] [SECTION] ============================================================
[2026-05-01T13:59:23Z] [INFO] 🔮 PHASE: HIDDEN LAYERING DETECTION
[2026-05-01T13:59:23Z] [INFO] 🔗 Hidden layering detection complete. Connections identified: 2
[2026-05-01T13:59:23Z] [SECTION] ============================================================
[2026-05-01T13:59:23Z] [INFO] 🔬 PHASE: DOMAIN CORRELATION ANALYSIS
[2026-05-01T13:59:23Z] [INFO] 📊 Domain correlation matrices created: 2
[2026-05-01T13:59:23Z] [SECTION] ============================================================
[2026-05-01T13:59:23Z] [INFO] 🖼️  PHASE: IMAGE-SEED ANALYSIS
[2026-05-01T13:59:23Z] [INFO] 📂 Image seed analysis bootstrapping from 0 images...
[2026-05-01T13:59:23Z] [SECTION] ============================================================
[2026-05-01T13:59:23Z] [INFO] 📤 PHASE: PUSH COMPONENTS TO TOLARIA
[2026-05-01T13:59:24Z] [INFO] 📦 Components pushed to Tolaria: 5
[2026-05-01T13:59:24Z] [SECTION] ============================================================
[2026-05-01T13:59:24Z] [INFO] 🧩 PHASE: COMPOSER - DOMAIN INTEGRATION SYNTHESIS
[2026-05-01T13:59:46Z] [INFO] 🎨 Domain integrations synthesized: 0
[2026-05-01T13:59:46Z] [SECTION] ============================================================
[2026-05-01T13:59:46Z] [INFO] 🚀 PHASE: ADVANCED OVERNIGHT LOOP
[2026-05-01T14:00:52Z] [INFO] 🔬 Advanced loop completed cycles: 0
[2026-05-01T14:00:52Z] [WARNING] ⚠️  Git commit skipped or failed (git not initialized?): Command '['git', '-C', '/home/avalonas/.hermes/gematria/unified_overnight_research', 'add', '.']' returned non-zero exit status 128.
[2026-05-01T14:00:52Z] [INFO] 
📊 CYCLE #2 SUMMARY
[2026-05-01T14:00:52Z] [INFO] ✅ Successful tasks: 7/7
[2026-05-01T14:00:52Z] [INFO] ⏱️  Cycle duration: 89.47s
[2026-05-01T14:00:52Z] [INFO]    ⚠️ task: result
[2026-05-01T14:00:52Z] [INFO]    ⚠️ task: result
[2026-05-01T14:00:52Z] [INFO]    ⚠️ task: result
[2026-05-01T14:00:52Z] [INFO]    ⚠️ task: result
[2026-05-01T14:00:52Z] [INFO]    ⚠️ task: result
[2026-05-01T14:00:52Z] [INFO]    ⚠️ task: result
[2026-05-01T14:00:52Z] [INFO]    ⚠️ task: result
[2026-05-01T14:00:52Z] [HEADER] ================================================================================
[2026-05-01T14:00:52Z] [INFO] 🔄 OVERNIGHT RESEARCH PIPELINE - CYCLE #3
[2026-05-01T14:00:52Z] [INFO] ================================================================================
[2026-05-01T14:00:52Z] [HEADER] ============================================================
[2026-05-01T14:00:52Z] [INFO] 🌙 STARTING OVERNIGHT RESEARCH CYCLE #3
[2026-05-01T14:00:52Z] [INFO] 🔍 Running overnight research protocol (web scraping + cross-symbol analysis)...
[2026-05-01T14:00:52Z] [INFO] 📊 Cycle duration: 0.17s, Files generated: 1
[2026-05-01T14:00:52Z] [WARNING] ⚠️ Database not initialized for cycle counting
[2026-05-01T14:00:52Z] [INFO] 💾 Database updated with cycle results
[2026-05-01T14:00:52Z] [SECTION] ============================================================
[2026-05-01T14:00:52Z] [INFO] 🔮 PHASE: HIDDEN LAYERING DETECTION
[2026-05-01T14:00:52Z] [INFO] 🔗 Hidden layering detection complete. Connections identified: 2
[2026-05-01T14:00:52Z] [SECTION] ============================================================
[2026-05-01T14:00:52Z] [INFO] 🔬 PHASE: DOMAIN CORRELATION ANALYSIS
[2026-05-01T14:00:52Z] [INFO] 📊 Domain correlation matrices created: 2
[2026-05-01T14:00:52Z] [SECTION] ============================================================
[2026-05-01T14:00:52Z] [INFO] 🖼️  PHASE: IMAGE-SEED ANALYSIS
[2026-05-01T14:00:52Z] [INFO] 📂 Image seed analysis bootstrapping from 0 images...
[2026-05-01T14:00:52Z] [SECTION] ============================================================
[2026-05-01T14:00:52Z] [INFO] 📤 PHASE: PUSH COMPONENTS TO TOLARIA
[2026-05-01T14:00:53Z] [INFO] 📦 Components pushed to Tolaria: 5
[2026-05-01T14:00:53Z] [SECTION] ============================================================
[2026-05-01T14:00:53Z] [INFO] 🧩 PHASE: COMPOSER - DOMAIN INTEGRATION SYNTHESIS
[2026-05-01T14:01:14Z] [INFO] 🎨 Domain integrations synthesized: 0
[2026-05-01T14:01:14Z] [SECTION] ============================================================
[2026-05-01T14:01:14Z] [INFO] 🚀 PHASE: ADVANCED OVERNIGHT LOOP
[2026-05-01T14:02:20Z] [INFO] 🔬 Advanced loop completed cycles: 0
[2026-05-01T14:02:20Z] [WARNING] ⚠️  Git commit skipped or failed (git not initialized?): Command '['git', '-C', '/home/avalonas/.hermes/gematria/unified_overnight_research', 'add', '.']' returned non-zero exit status 128.
[2026-05-01T14:02:20Z] [INFO] 
📊 CYCLE #3 SUMMARY
[2026-05-01T14:02:20Z] [INFO] ✅ Successful tasks: 7/7
[2026-05-01T14:02:20Z] [INFO] ⏱️  Cycle duration: 87.99s
[2026-05-01T14:02:20Z] [INFO]    ⚠️ task: result
[2026-05-01T14:02:20Z] [INFO]    ⚠️ task: result
[2026-05-01T14:02:20Z] [INFO]    ⚠️ task: result
[2026-05-01T14:02:20Z] [INFO]    ⚠️ task: result
[2026-05-01T14:02:20Z] [INFO]    ⚠️ task: result
[2026-05-01T14:02:20Z] [INFO]    ⚠️ task: result
[2026-05-01T14:02:20Z] [INFO]    ⚠️ task: result
[2026-05-01T14:02:20Z] [HEADER] ================================================================================
[2026-05-01T14:02:20Z] [INFO] 🔄 OVERNIGHT RESEARCH PIPELINE - CYCLE #4
[2026-05-01T14:02:20Z] [INFO] ================================================================================
[2026-05-01T14:02:20Z] [HEADER] ============================================================
[2026-05-01T14:02:20Z] [INFO] 🌙 STARTING OVERNIGHT RESEARCH CYCLE #4
[2026-05-01T14:02:20Z] [INFO] 🔍 Running overnight research protocol (web scraping + cross-symbol analysis)...
[2026-05-01T14:02:20Z] [INFO] 📊 Cycle duration: 0.18s, Files generated: 1
[2026-05-01T14:02:20Z] [WARNING] ⚠️ Database not initialized for cycle counting
[2026-05-01T14:02:20Z] [INFO] 💾 Database updated with cycle results
[2026-05-01T14:02:20Z] [SECTION] ============================================================
[2026-05-01T14:02:20Z] [INFO] 🔮 PHASE: HIDDEN LAYERING DETECTION
[2026-05-01T14:02:20Z] [INFO] 🔗 Hidden layering detection complete. Connections identified: 2
[2026-05-01T14:02:20Z] [SECTION] ============================================================
[2026-05-01T14:02:20Z] [INFO] 🔬 PHASE: DOMAIN CORRELATION ANALYSIS
[2026-05-01T14:02:20Z] [INFO] 📊 Domain correlation matrices created: 2
[2026-05-01T14:02:20Z] [SECTION] ============================================================
[2026-05-01T14:02:20Z] [INFO] 🖼️  PHASE: IMAGE-SEED ANALYSIS
[2026-05-01T14:02:20Z] [INFO] 📂 Image seed analysis bootstrapping from 0 images...
[2026-05-01T14:02:20Z] [SECTION] ============================================================
[2026-05-01T14:02:20Z] [INFO] 📤 PHASE: PUSH COMPONENTS TO TOLARIA
[2026-05-01T14:02:21Z] [INFO] 📦 Components pushed to Tolaria: 5
[2026-05-01T14:02:21Z] [SECTION] ============================================================
[2026-05-01T14:02:21Z] [INFO] 🧩 PHASE: COMPOSER - DOMAIN INTEGRATION SYNTHESIS
[2026-05-01T14:02:43Z] [INFO] 🎨 Domain integrations synthesized: 0
[2026-05-01T14:02:43Z] [SECTION] ============================================================
[2026-05-01T14:02:43Z] [INFO] 🚀 PHASE: ADVANCED OVERNIGHT LOOP
[2026-05-01T14:03:48Z] [INFO] 🔬 Advanced loop completed cycles: 0
[2026-05-01T14:03:48Z] [WARNING] ⚠️  Git commit skipped or failed (git not initialized?): Command '['git', '-C', '/home/avalonas/.hermes/gematria/unified_overnight_research', 'add', '.']' returned non-zero exit status 128.
[2026-05-01T14:03:48Z] [INFO] 
📊 CYCLE #4 SUMMARY
[2026-05-01T14:03:48Z] [INFO] ✅ Successful tasks: 7/7
[2026-05-01T14:03:48Z] [INFO] ⏱️  Cycle duration: 88.34s
[2026-05-01T14:03:48Z] [INFO]    ⚠️ task: result
[2026-05-01T14:03:48Z] [INFO]    ⚠️ task: result
[2026-05-01T14:03:48Z] [INFO]    ⚠️ task: result
[2026-05-01T14:03:48Z] [INFO]    ⚠️ task: result
[2026-05-01T14:03:48Z] [INFO]    ⚠️ task: result
[2026-05-01T14:03:48Z] [INFO]    ⚠️ task: result
[2026-05-01T14:03:48Z] [INFO]    ⚠️ task: result
[2026-05-01T14:03:48Z] [HEADER] ================================================================================
[2026-05-01T14:03:48Z] [INFO] 🔄 OVERNIGHT RESEARCH PIPELINE - CYCLE #5
[2026-05-01T14:03:48Z] [INFO] ================================================================================
[2026-05-01T14:03:48Z] [HEADER] ============================================================
[2026-05-01T14:03:48Z] [INFO] 🌙 STARTING OVERNIGHT RESEARCH CYCLE #5
[2026-05-01T14:03:48Z] [INFO] 🔍 Running overnight research protocol (web scraping + cross-symbol analysis)...
[2026-05-01T14:03:48Z] [INFO] 📊 Cycle duration: 0.29s, Files generated: 1
[2026-05-01T14:03:48Z] [WARNING] ⚠️ Database not initialized for cycle counting
[2026-05-01T14:03:48Z] [INFO] 💾 Database updated with cycle results
[2026-05-01T14:03:48Z] [SECTION] ============================================================
[2026-05-01T14:03:48Z] [INFO] 🔮 PHASE: HIDDEN LAYERING DETECTION
[2026-05-01T14:03:49Z] [INFO] 🔗 Hidden layering detection complete. Connections identified: 2
[2026-05-01T14:03:49Z] [SECTION] ============================================================
[2026-05-01T14:03:49Z] [INFO] 🔬 PHASE: DOMAIN CORRELATION ANALYSIS
[2026-05-01T14:03:49Z] [INFO] 📊 Domain correlation matrices created: 2
[2026-05-01T14:03:49Z] [SECTION] ============================================================
[2026-05-01T14:03:49Z] [INFO] 🖼️  PHASE: IMAGE-SEED ANALYSIS
[2026-05-01T14:03:49Z] [INFO] 📂 Image seed analysis bootstrapping from 0 images...
[2026-05-01T14:03:49Z] [SECTION] ============================================================
[2026-05-01T14:03:49Z] [INFO] 📤 PHASE: PUSH COMPONENTS TO TOLARIA
[2026-05-01T14:03:50Z] [INFO] 📦 Components pushed to Tolaria: 5
[2026-05-01T14:03:50Z] [SECTION] ============================================================
[2026-05-01T14:03:50Z] [INFO] 🧩 PHASE: COMPOSER - DOMAIN INTEGRATION SYNTHESIS
[2026-05-01T14:04:11Z] [INFO] 🎨 Domain integrations synthesized: 0
[2026-05-01T14:04:11Z] [SECTION] ============================================================
[2026-05-01T14:04:11Z] [INFO] 🚀 PHASE: ADVANCED OVERNIGHT LOOP
[2026-05-01T14:05:16Z] [INFO] 🔬 Advanced loop completed cycles: 0
[2026-05-01T14:05:16Z] [WARNING] ⚠️  Git commit skipped or failed (git not initialized?): Command '['git', '-C', '/home/avalonas/.hermes/gematria/unified_overnight_research', 'add', '.']' returned non-zero exit status 128.
[2026-05-01T14:05:16Z] [INFO] 
📊 CYCLE #5 SUMMARY
[2026-05-01T14:05:16Z] [INFO] ✅ Successful tasks: 7/7
[2026-05-01T14:05:16Z] [INFO] ⏱️  Cycle duration: 87.92s
[2026-05-01T14:05:16Z] [INFO]    ⚠️ task: result
[2026-05-01T14:05:16Z] [INFO]    ⚠️ task: result
[2026-05-01T14:05:16Z] [INFO]    ⚠️ task: result
[2026-05-01T14:05:16Z] [INFO]    ⚠️ task: result
[2026-05-01T14:05:16Z] [INFO]    ⚠️ task: result
[2026-05-01T14:05:16Z] [INFO]    ⚠️ task: result
[2026-05-01T14:05:16Z] [INFO]    ⚠️ task: result
[2026-05-01T14:05:16Z] [HEADER] ================================================================================
[2026-05-01T14:05:16Z] [INFO] 🔄 OVERNIGHT RESEARCH PIPELINE - CYCLE #6
[2026-05-01T14:05:16Z] [INFO] ================================================================================
[2026-05-01T14:05:16Z] [HEADER] ============================================================
[2026-05-01T14:05:16Z] [INFO] 🌙 STARTING OVERNIGHT RESEARCH CYCLE #6
[2026-05-01T14:05:16Z] [INFO] 🔍 Running overnight research protocol (web scraping + cross-symbol analysis)...
[2026-05-01T14:05:16Z] [INFO] 📊 Cycle duration: 0.16s, Files generated: 1
[2026-05-01T14:05:16Z] [WARNING] ⚠️ Database not initialized for cycle counting
[2026-05-01T14:05:16Z] [INFO] 💾 Database updated with cycle results
[2026-05-01T14:05:16Z] [SECTION] ============================================================
[2026-05-01T14:05:16Z] [INFO] 🔮 PHASE: HIDDEN LAYERING DETECTION
[2026-05-01T14:05:16Z] [INFO] 🔗 Hidden layering detection complete. Connections identified: 2
[2026-05-01T14:05:16Z] [SECTION] ============================================================
[2026-05-01T14:05:16Z] [INFO] 🔬 PHASE: DOMAIN CORRELATION ANALYSIS
[2026-05-01T14:05:16Z] [INFO] 📊 Domain correlation matrices created: 2
[2026-05-01T14:05:16Z] [SECTION] ============================================================
[2026-05-01T14:05:16Z] [INFO] 🖼️  PHASE: IMAGE-SEED ANALYSIS
[2026-05-01T14:05:16Z] [INFO] 📂 Image seed analysis bootstrapping from 0 images...
[2026-05-01T14:05:16Z] [SECTION] ============================================================
[2026-05-01T14:05:16Z] [INFO] 📤 PHASE: PUSH COMPONENTS TO TOLARIA
[2026-05-01T14:05:17Z] [INFO] 📦 Components pushed to Tolaria: 5
[2026-05-01T14:05:17Z] [SECTION] ============================================================
[2026-05-01T14:05:17Z] [INFO] 🧩 PHASE: COMPOSER - DOMAIN INTEGRATION SYNTHESIS
[2026-05-01T14:05:39Z] [INFO] 🎨 Domain integrations synthesized: 0
[2026-05-01T14:05:39Z] [SECTION] ============================================================
[2026-05-01T14:05:39Z] [INFO] 🚀 PHASE: ADVANCED OVERNIGHT LOOP
[2026-05-01T14:06:43Z] [INFO] 🔬 Advanced loop completed cycles: 0
[2026-05-01T14:06:43Z] [WARNING] ⚠️  Git commit skipped or failed (git not initialized?): Command '['git', '-C', '/home/avalonas/.hermes/gematria/unified_overnight_research', 'add', '.']' returned non-zero exit status 128.
[2026-05-01T14:06:43Z] [INFO] 
📊 CYCLE #6 SUMMARY
[2026-05-01T14:06:43Z] [INFO] ✅ Successful tasks: 7/7
[2026-05-01T14:06:43Z] [INFO] ⏱️  Cycle duration: 87.00s
[2026-05-01T14:06:43Z] [INFO]    ⚠️ task: result
[2026-05-01T14:06:43Z] [INFO]    ⚠️ task: result
[2026-05-01T14:06:43Z] [INFO]    ⚠️ task: result
[2026-05-01T14:06:43Z] [INFO]    ⚠️ task: result
[2026-05-01T14:06:43Z] [INFO]    ⚠️ task: result
[2026-05-01T14:06:43Z] [INFO]    ⚠️ task: result
[2026-05-01T14:06:43Z] [INFO]    ⚠️ task: result
[2026-05-01T14:06:43Z] [HEADER] ================================================================================
[2026-05-01T14:06:43Z] [INFO] 🔄 OVERNIGHT RESEARCH PIPELINE - CYCLE #7
[2026-05-01T14:06:43Z] [INFO] ================================================================================
[2026-05-01T14:06:43Z] [HEADER] ============================================================
[2026-05-01T14:06:43Z] [INFO] 🌙 STARTING OVERNIGHT RESEARCH CYCLE #7
[2026-05-01T14:06:43Z] [INFO] 🔍 Running overnight research protocol (web scraping + cross-symbol analysis)...
[2026-05-01T14:06:43Z] [INFO] 📊 Cycle duration: 0.15s, Files generated: 1
[2026-05-01T14:06:43Z] [WARNING] ⚠️ Database not initialized for cycle counting
[2026-05-01T14:06:43Z] [INFO] 💾 Database updated with cycle results
[2026-05-01T14:06:43Z] [SECTION] ============================================================
[2026-05-01T14:06:43Z] [INFO] 🔮 PHASE: HIDDEN LAYERING DETECTION
[2026-05-01T14:06:43Z] [INFO] 🔗 Hidden layering detection complete. Connections identified: 2
[2026-05-01T14:06:43Z] [SECTION] ============================================================
[2026-05-01T14:06:43Z] [INFO] 🔬 PHASE: DOMAIN CORRELATION ANALYSIS
[2026-05-01T14:06:43Z] [INFO] 📊 Domain correlation matrices created: 2
[2026-05-01T14:06:43Z] [SECTION] ============================================================
[2026-05-01T14:06:43Z] [INFO] 🖼️  PHASE: IMAGE-SEED ANALYSIS
[2026-05-01T14:06:43Z] [INFO] 📂 Image seed analysis bootstrapping from 0 images...
[2026-05-01T14:06:44Z] [SECTION] ============================================================
[2026-05-01T14:06:44Z] [INFO] 📤 PHASE: PUSH COMPONENTS TO TOLARIA
[2026-05-01T14:06:44Z] [INFO] 📦 Components pushed to Tolaria: 5
[2026-05-01T14:06:44Z] [SECTION] ============================================================
[2026-05-01T14:06:44Z] [INFO] 🧩 PHASE: COMPOSER - DOMAIN INTEGRATION SYNTHESIS
[2026-05-01T14:07:06Z] [INFO] 🎨 Domain integrations synthesized: 0
[2026-05-01T14:07:06Z] [SECTION] ============================================================
[2026-05-01T14:07:06Z] [INFO] 🚀 PHASE: ADVANCED OVERNIGHT LOOP
[2026-05-01T14:08:12Z] [INFO] 🔬 Advanced loop completed cycles: 0
[2026-05-01T14:08:12Z] [WARNING] ⚠️  Git commit skipped or failed (git not initialized?): Command '['git', '-C', '/home/avalonas/.hermes/gematria/unified_overnight_research', 'add', '.']' returned non-zero exit status 128.
[2026-05-01T14:08:12Z] [INFO] 
📊 CYCLE #7 SUMMARY
[2026-05-01T14:08:12Z] [INFO] ✅ Successful tasks: 7/7
[2026-05-01T14:08:12Z] [INFO] ⏱️  Cycle duration: 89.25s
[2026-05-01T14:08:12Z] [INFO]    ⚠️ task: result
[2026-05-01T14:08:12Z] [INFO]    ⚠️ task: result
[2026-05-01T14:08:12Z] [INFO]    ⚠️ task: result
[2026-05-01T14:08:12Z] [INFO]    ⚠️ task: result
[2026-05-01T14:08:12Z] [INFO]    ⚠️ task: result
[2026-05-01T14:08:12Z] [INFO]    ⚠️ task: result
[2026-05-01T14:08:12Z] [INFO]    ⚠️ task: result
[2026-05-01T14:08:12Z] [HEADER] ================================================================================
[2026-05-01T14:08:12Z] [INFO] 🔄 OVERNIGHT RESEARCH PIPELINE - CYCLE #8
[2026-05-01T14:08:12Z] [INFO] ================================================================================
[2026-05-01T14:08:12Z] [HEADER] ============================================================
[2026-05-01T14:08:12Z] [INFO] 🌙 STARTING OVERNIGHT RESEARCH CYCLE #8
[2026-05-01T14:08:12Z] [INFO] 🔍 Running overnight research protocol (web scraping + cross-symbol analysis)...
[2026-05-01T14:08:13Z] [INFO] 📊 Cycle duration: 0.17s, Files generated: 0
[2026-05-01T14:08:13Z] [WARNING] ⚠️ Database not initialized for cycle counting
[2026-05-01T14:08:13Z] [INFO] 💾 Database updated with cycle results
[2026-05-01T14:08:13Z] [SECTION] ============================================================
[2026-05-01T14:08:13Z] [INFO] 🔮 PHASE: HIDDEN LAYERING DETECTION
[2026-05-01T14:08:13Z] [INFO] 🔗 Hidden layering detection complete. Connections identified: 2
[2026-05-01T14:08:13Z] [SECTION] ============================================================
[2026-05-01T14:08:13Z] [INFO] 🔬 PHASE: DOMAIN CORRELATION ANALYSIS
[2026-05-01T14:08:13Z] [INFO] 📊 Domain correlation matrices created: 2
[2026-05-01T14:08:13Z] [SECTION] ============================================================
[2026-05-01T14:08:13Z] [INFO] 🖼️  PHASE: IMAGE-SEED ANALYSIS
[2026-05-01T14:08:13Z] [INFO] 📂 Image seed analysis bootstrapping from 0 images...
[2026-05-01T14:08:13Z] [SECTION] ============================================================
[2026-05-01T14:08:13Z] [INFO] 📤 PHASE: PUSH COMPONENTS TO TOLARIA
[2026-05-01T14:08:14Z] [INFO] 📦 Components pushed to Tolaria: 5
[2026-05-01T14:08:14Z] [SECTION] ============================================================
[2026-05-01T14:08:14Z] [INFO] 🧩 PHASE: COMPOSER - DOMAIN INTEGRATION SYNTHESIS
[2026-05-01T14:08:35Z] [INFO] 🎨 Domain integrations synthesized: 0
[2026-05-01T14:08:35Z] [SECTION] ============================================================
[2026-05-01T14:08:35Z] [INFO] 🚀 PHASE: ADVANCED OVERNIGHT LOOP
[2026-05-01T14:09:39Z] [INFO] 🔬 Advanced loop completed cycles: 0
[2026-05-01T14:09:39Z] [WARNING] ⚠️  Git commit skipped or failed (git not initialized?): Command '['git', '-C', '/home/avalonas/.hermes/gematria/unified_overnight_research', 'add', '.']' returned non-zero exit status 128.
[2026-05-01T14:09:39Z] [INFO] 
📊 CYCLE #8 SUMMARY
[2026-05-01T14:09:39Z] [INFO] ✅ Successful tasks: 7/7
[2026-05-01T14:09:39Z] [INFO] ⏱️  Cycle duration: 86.76s
[2026-05-01T14:09:39Z] [INFO]    ⚠️ task: result
[2026-05-01T14:09:39Z] [INFO]    ⚠️ task: result
[2026-05-01T14:09:39Z] [INFO]    ⚠️ task: result
[2026-05-01T14:09:39Z] [INFO]    ⚠️ task: result
[2026-05-01T14:09:39Z] [INFO]    ⚠️ task: result
[2026-05-01T14:09:39Z] [INFO]    ⚠️ task: result
[2026-05-01T14:09:39Z] [INFO]    ⚠️ task: result
[2026-05-01T14:09:39Z] [HEADER] ================================================================================
[2026-05-01T14:09:39Z] [INFO] 🔄 OVERNIGHT RESEARCH PIPELINE - CYCLE #9
[2026-05-01T14:09:39Z] [INFO] ================================================================================
[2026-05-01T14:09:39Z] [HEADER] ============================================================
[2026-05-01T14:09:39Z] [INFO] 🌙 STARTING OVERNIGHT RESEARCH CYCLE #9
[2026-05-01T14:09:39Z] [INFO] 🔍 Running overnight research protocol (web scraping + cross-symbol analysis)...
[2026-05-01T14:09:39Z] [INFO] 📊 Cycle duration: 0.16s, Files generated: 0
[2026-05-01T14:09:39Z] [WARNING] ⚠️ Database not initialized for cycle counting
[2026-05-01T14:09:39Z] [INFO] 💾 Database updated with cycle results
[2026-05-01T14:09:39Z] [SECTION] ============================================================
[2026-05-01T14:09:39Z] [INFO] 🔮 PHASE: HIDDEN LAYERING DETECTION
[2026-05-01T14:09:40Z] [INFO] 🔗 Hidden layering detection complete. Connections identified: 2
[2026-05-01T14:09:40Z] [SECTION] ============================================================
[2026-05-01T14:09:40Z] [INFO] 🔬 PHASE: DOMAIN CORRELATION ANALYSIS
[2026-05-01T14:09:40Z] [INFO] 📊 Domain correlation matrices created: 2
[2026-05-01T14:09:40Z] [SECTION] ============================================================
[2026-05-01T14:09:40Z] [INFO] 🖼️  PHASE: IMAGE-SEED ANALYSIS
[2026-05-01T14:09:40Z] [INFO] 📂 Image seed analysis bootstrapping from 0 images...
[2026-05-01T14:09:40Z] [SECTION] ============================================================
[2026-05-01T14:09:40Z] [INFO] 📤 PHASE: PUSH COMPONENTS TO TOLARIA
[2026-05-01T14:09:41Z] [INFO] 📦 Components pushed to Tolaria: 5
[2026-05-01T14:09:41Z] [SECTION] ============================================================
[2026-05-01T14:09:41Z] [INFO] 🧩 PHASE: COMPOSER - DOMAIN INTEGRATION SYNTHESIS
[2026-05-01T14:10:02Z] [INFO] 🎨 Domain integrations synthesized: 0
[2026-05-01T14:10:02Z] [SECTION] ============================================================
[2026-05-01T14:10:02Z] [INFO] 🚀 PHASE: ADVANCED OVERNIGHT LOOP
[2026-05-01T14:11:08Z] [INFO] 🔬 Advanced loop completed cycles: 0
[2026-05-01T14:11:08Z] [WARNING] ⚠️  Git commit skipped or failed (git not initialized?): Command '['git', '-C', '/home/avalonas/.hermes/gematria/unified_overnight_research', 'commit', '-m', '[2026-05-01T14:11:08Z] Cycle 8: Cycle 9: Web research + hidden layering detection']' returned non-zero exit status 1.
[2026-05-01T14:11:08Z] [INFO] 
📊 CYCLE #9 SUMMARY
[2026-05-01T14:11:08Z] [INFO] ✅ Successful tasks: 7/7
[2026-05-01T14:11:08Z] [INFO] ⏱️  Cycle duration: 88.88s
[2026-05-01T14:11:08Z] [INFO]    ⚠️ task: result
[2026-05-01T14:11:08Z] [INFO]    ⚠️ task: result
[2026-05-01T14:11:08Z] [INFO]    ⚠️ task: result
[2026-05-01T14:11:08Z] [INFO]    ⚠️ task: result
[2026-05-01T14:11:08Z] [INFO]    ⚠️ task: result
[2026-05-01T14:11:08Z] [INFO]    ⚠️ task: result
[2026-05-01T14:11:08Z] [INFO]    ⚠️ task: result
[2026-05-01T14:11:08Z] [HEADER] ================================================================================
[2026-05-01T14:11:08Z] [INFO] 🔄 OVERNIGHT RESEARCH PIPELINE - CYCLE #10
[2026-05-01T14:11:08Z] [INFO] ================================================================================
[2026-05-01T14:11:08Z] [HEADER] ============================================================
[2026-05-01T14:11:08Z] [INFO] 🌙 STARTING OVERNIGHT RESEARCH CYCLE #10
[2026-05-01T14:11:08Z] [INFO] 🔍 Running overnight research protocol (web scraping + cross-symbol analysis)...
[2026-05-01T14:11:08Z] [INFO] 📊 Cycle duration: 0.15s, Files generated: 1
[2026-05-01T14:11:08Z] [WARNING] ⚠️ Database not initialized for cycle counting
[2026-05-01T14:11:08Z] [INFO] 💾 Database updated with cycle results
[2026-05-01T14:11:08Z] [SECTION] ============================================================
[2026-05-01T14:11:08Z] [INFO] 🔮 PHASE: HIDDEN LAYERING DETECTION
[2026-05-01T14:11:08Z] [INFO] 🔗 Hidden layering detection complete. Connections identified: 2
[2026-05-01T14:11:08Z] [SECTION] ============================================================
[2026-05-01T14:11:08Z] [INFO] 🔬 PHASE: DOMAIN CORRELATION ANALYSIS
[2026-05-01T14:11:08Z] [INFO] 📊 Domain correlation matrices created: 2
[2026-05-01T14:11:08Z] [SECTION] ============================================================
[2026-05-01T14:11:08Z] [INFO] 🖼️  PHASE: IMAGE-SEED ANALYSIS
[2026-05-01T14:11:08Z] [INFO] 📂 Image seed analysis bootstrapping from 0 images...
[2026-05-01T14:11:08Z] [SECTION] ============================================================
[2026-05-01T14:11:08Z] [INFO] 📤 PHASE: PUSH COMPONENTS TO TOLARIA
[2026-05-01T14:11:09Z] [INFO] 📦 Components pushed to Tolaria: 5
[2026-05-01T14:11:09Z] [SECTION] ============================================================
[2026-05-01T14:11:09Z] [INFO] 🧩 PHASE: COMPOSER - DOMAIN INTEGRATION SYNTHESIS
[2026-05-01T14:11:30Z] [INFO] 🎨 Domain integrations synthesized: 0
[2026-05-01T14:11:30Z] [SECTION] ============================================================
[2026-05-01T14:11:30Z] [INFO] 🚀 PHASE: ADVANCED OVERNIGHT LOOP
[2026-05-01T14:12:36Z] [INFO] 🔬 Advanced loop completed cycles: 0
[2026-05-01T14:12:36Z] [WARNING] ⚠️  Git commit skipped or failed (git not initialized?): Command '['git', '-C', '/home/avalonas/.hermes/gematria/unified_overnight_research', 'add', '.']' returned non-zero exit status 128.
[2026-05-01T14:12:36Z] [INFO] 
📊 CYCLE #10 SUMMARY
[2026-05-01T14:12:36Z] [INFO] ✅ Successful tasks: 7/7
[2026-05-01T14:12:36Z] [INFO] ⏱️  Cycle duration: 88.10s
[2026-05-01T14:12:36Z] [INFO]    ⚠️ task: result
[2026-05-01T14:12:36Z] [INFO]    ⚠️ task: result
[2026-05-01T14:12:36Z] [INFO]    ⚠️ task: result
[2026-05-01T14:12:36Z] [INFO]    ⚠️ task: result
[2026-05-01T14:12:36Z] [INFO]    ⚠️ task: result
[2026-05-01T14:12:36Z] [INFO]    ⚠️ task: result
[2026-05-01T14:12:36Z] [INFO]    ⚠️ task: result
[2026-05-01T14:12:36Z] [HEADER] ================================================================================
[2026-05-01T14:12:36Z] [INFO] 🔄 OVERNIGHT RESEARCH PIPELINE - CYCLE #11
[2026-05-01T14:12:36Z] [INFO] ================================================================================
[2026-05-01T14:12:36Z] [HEADER] ============================================================
[2026-05-01T14:12:36Z] [INFO] 🌙 STARTING OVERNIGHT RESEARCH CYCLE #11
[2026-05-01T14:12:36Z] [INFO] 🔍 Running overnight research protocol (web scraping + cross-symbol analysis)...
[2026-05-01T14:12:37Z] [INFO] 📊 Cycle duration: 0.51s, Files generated: 1
[2026-05-01T14:12:37Z] [WARNING] ⚠️ Database not initialized for cycle counting
[2026-05-01T14:12:37Z] [INFO] 💾 Database updated with cycle results
[2026-05-01T14:12:37Z] [SECTION] ============================================================
[2026-05-01T14:12:37Z] [INFO] 🔮 PHASE: HIDDEN LAYERING DETECTION
[2026-05-01T14:12:37Z] [INFO] 🔗 Hidden layering detection complete. Connections identified: 2
[2026-05-01T14:12:37Z] [SECTION] ============================================================
[2026-05-01T14:12:37Z] [INFO] 🔬 PHASE: DOMAIN CORRELATION ANALYSIS
[2026-05-01T14:12:37Z] [INFO] 📊 Domain correlation matrices created: 2
[2026-05-01T14:12:37Z] [SECTION] ============================================================
[2026-05-01T14:12:37Z] [INFO] 🖼️  PHASE: IMAGE-SEED ANALYSIS
[2026-05-01T14:12:37Z] [INFO] 📂 Image seed analysis bootstrapping from 0 images...
[2026-05-01T14:12:37Z] [SECTION] ============================================================
[2026-05-01T14:12:37Z] [INFO] 📤 PHASE: PUSH COMPONENTS TO TOLARIA
[2026-05-01T14:12:38Z] [INFO] 📦 Components pushed to Tolaria: 5
[2026-05-01T14:12:38Z] [SECTION] ============================================================
[2026-05-01T14:12:38Z] [INFO] 🧩 PHASE: COMPOSER - DOMAIN INTEGRATION SYNTHESIS
[2026-05-01T14:12:58Z] [INFO] 🎨 Domain integrations synthesized: 0
[2026-05-01T14:12:58Z] [SECTION] ============================================================
[2026-05-01T14:12:58Z] [INFO] 🚀 PHASE: ADVANCED OVERNIGHT LOOP
[2026-05-01T14:14:03Z] [INFO] 🔬 Advanced loop completed cycles: 0
[2026-05-01T14:14:03Z] [WARNING] ⚠️  Git commit skipped or failed (git not initialized?): Command '['git', '-C', '/home/avalonas/.hermes/gematria/unified_overnight_research', 'add', '.']' returned non-zero exit status 128.
[2026-05-01T14:14:03Z] [INFO] 
📊 CYCLE #11 SUMMARY
[2026-05-01T14:14:03Z] [INFO] ✅ Successful tasks: 7/7
[2026-05-01T14:14:03Z] [INFO] ⏱️  Cycle duration: 87.00s
[2026-05-01T14:14:03Z] [INFO]    ⚠️ task: result
[2026-05-01T14:14:03Z] [INFO]    ⚠️ task: result
[2026-05-01T14:14:03Z] [INFO]    ⚠️ task: result
[2026-05-01T14:14:03Z] [INFO]    ⚠️ task: result
[2026-05-01T14:14:03Z] [INFO]    ⚠️ task: result
[2026-05-01T14:14:03Z] [INFO]    ⚠️ task: result
[2026-05-01T14:14:03Z] [INFO]    ⚠️ task: result
[2026-05-01T14:14:03Z] [HEADER] ================================================================================
[2026-05-01T14:14:03Z] [INFO] 🔄 OVERNIGHT RESEARCH PIPELINE - CYCLE #12
[2026-05-01T14:14:03Z] [INFO] ================================================================================
[2026-05-01T14:14:03Z] [HEADER] ============================================================
[2026-05-01T14:14:03Z] [INFO] 🌙 STARTING OVERNIGHT RESEARCH CYCLE #12
[2026-05-01T14:14:03Z] [INFO] 🔍 Running overnight research protocol (web scraping + cross-symbol analysis)...
[2026-05-01T14:14:03Z] [INFO] 📊 Cycle duration: 0.20s, Files generated: 1
[2026-05-01T14:14:03Z] [WARNING] ⚠️ Database not initialized for cycle counting
[2026-05-01T14:14:03Z] [INFO] 💾 Database updated with cycle results
[2026-05-01T14:14:03Z] [SECTION] ============================================================
[2026-05-01T14:14:03Z] [INFO] 🔮 PHASE: HIDDEN LAYERING DETECTION
[2026-05-01T14:14:03Z] [INFO] 🔗 Hidden layering detection complete. Connections identified: 2
[2026-05-01T14:14:03Z] [SECTION] ============================================================
[2026-05-01T14:14:03Z] [INFO] 🔬 PHASE: DOMAIN CORRELATION ANALYSIS
[2026-05-01T14:14:03Z] [INFO] 📊 Domain correlation matrices created: 2
[2026-05-01T14:14:03Z] [SECTION] ============================================================
[2026-05-01T14:14:03Z] [INFO] 🖼️  PHASE: IMAGE-SEED ANALYSIS
[2026-05-01T14:14:03Z] [INFO] 📂 Image seed analysis bootstrapping from 0 images...
[2026-05-01T14:14:03Z] [SECTION] ============================================================
[2026-05-01T14:14:03Z] [INFO] 📤 PHASE: PUSH COMPONENTS TO TOLARIA
[2026-05-01T14:14:04Z] [INFO] 📦 Components pushed to Tolaria: 5
[2026-05-01T14:14:04Z] [SECTION] ============================================================
[2026-05-01T14:14:04Z] [INFO] 🧩 PHASE: COMPOSER - DOMAIN INTEGRATION SYNTHESIS
[2026-05-01T14:14:26Z] [INFO] 🎨 Domain integrations synthesized: 0
[2026-05-01T14:14:26Z] [SECTION] ============================================================
[2026-05-01T14:14:26Z] [INFO] 🚀 PHASE: ADVANCED OVERNIGHT LOOP
[2026-05-01T14:15:32Z] [INFO] 🔬 Advanced loop completed cycles: 0
[2026-05-01T14:15:32Z] [WARNING] ⚠️  Git commit skipped or failed (git not initialized?): Command '['git', '-C', '/home/avalonas/.hermes/gematria/unified_overnight_research', 'add', '.']' returned non-zero exit status 128.
[2026-05-01T14:15:32Z] [INFO] 
📊 CYCLE #12 SUMMARY
[2026-05-01T14:15:32Z] [INFO] ✅ Successful tasks: 7/7
[2026-05-01T14:15:32Z] [INFO] ⏱️  Cycle duration: 88.75s
[2026-05-01T14:15:32Z] [INFO]    ⚠️ task: result
[2026-05-01T14:15:32Z] [INFO]    ⚠️ task: result
[2026-05-01T14:15:32Z] [INFO]    ⚠️ task: result
[2026-05-01T14:15:32Z] [INFO]    ⚠️ task: result
[2026-05-01T14:15:32Z] [INFO]    ⚠️ task: result
[2026-05-01T14:15:32Z] [INFO]    ⚠️ task: result
[2026-05-01T14:15:32Z] [INFO]    ⚠️ task: result
[2026-05-01T14:15:32Z] [HEADER] ================================================================================
[2026-05-01T14:15:32Z] [INFO] 🔄 OVERNIGHT RESEARCH PIPELINE - CYCLE #13
[2026-05-01T14:15:32Z] [INFO] ================================================================================
[2026-05-01T14:15:32Z] [HEADER] ============================================================
[2026-05-01T14:15:32Z] [INFO] 🌙 STARTING OVERNIGHT RESEARCH CYCLE #13
[2026-05-01T14:15:32Z] [INFO] 🔍 Running overnight research protocol (web scraping + cross-symbol analysis)...
[2026-05-01T14:15:32Z] [INFO] 📊 Cycle duration: 0.21s, Files generated: 1
[2026-05-01T14:15:32Z] [WARNING] ⚠️ Database not initialized for cycle counting
[2026-05-01T14:15:32Z] [INFO] 💾 Database updated with cycle results
[2026-05-01T14:15:32Z] [SECTION] ============================================================
[2026-05-01T14:15:32Z] [INFO] 🔮 PHASE: HIDDEN LAYERING DETECTION
[2026-05-01T14:15:32Z] [INFO] 🔗 Hidden layering detection complete. Connections identified: 2
[2026-05-01T14:15:32Z] [SECTION] ============================================================
[2026-05-01T14:15:32Z] [INFO] 🔬 PHASE: DOMAIN CORRELATION ANALYSIS
[2026-05-01T14:15:32Z] [INFO] 📊 Domain correlation matrices created: 2
[2026-05-01T14:15:32Z] [SECTION] ============================================================
[2026-05-01T14:15:32Z] [INFO] 🖼️  PHASE: IMAGE-SEED ANALYSIS
[2026-05-01T14:15:32Z] [INFO] 📂 Image seed analysis bootstrapping from 0 images...
[2026-05-01T14:15:32Z] [SECTION] ============================================================
[2026-05-01T14:15:32Z] [INFO] 📤 PHASE: PUSH COMPONENTS TO TOLARIA
[2026-05-01T14:15:33Z] [INFO] 📦 Components pushed to Tolaria: 5
[2026-05-01T14:15:33Z] [SECTION] ============================================================
[2026-05-01T14:15:33Z] [INFO] 🧩 PHASE: COMPOSER - DOMAIN INTEGRATION SYNTHESIS
[2026-05-01T14:15:55Z] [INFO] 🎨 Domain integrations synthesized: 0
[2026-05-01T14:15:55Z] [SECTION] ============================================================
[2026-05-01T14:15:55Z] [INFO] 🚀 PHASE: ADVANCED OVERNIGHT LOOP
[2026-05-01T14:17:00Z] [INFO] 🔬 Advanced loop completed cycles: 0
[2026-05-01T14:17:00Z] [WARNING] ⚠️  Git commit skipped or failed (git not initialized?): Command '['git', '-C', '/home/avalonas/.hermes/gematria/unified_overnight_research', 'add', '.']' returned non-zero exit status 128.
[2026-05-01T14:17:00Z] [INFO] 
📊 CYCLE #13 SUMMARY
[2026-05-01T14:17:00Z] [INFO] ✅ Successful tasks: 7/7
[2026-05-01T14:17:00Z] [INFO] ⏱️  Cycle duration: 88.24s
[2026-05-01T14:17:00Z] [INFO]    ⚠️ task: result
[2026-05-01T14:17:00Z] [INFO]    ⚠️ task: result
[2026-05-01T14:17:00Z] [INFO]    ⚠️ task: result
[2026-05-01T14:17:00Z] [INFO]    ⚠️ task: result
[2026-05-01T14:17:00Z] [INFO]    ⚠️ task: result
[2026-05-01T14:17:00Z] [INFO]    ⚠️ task: result
[2026-05-01T14:17:00Z] [INFO]    ⚠️ task: result
[2026-05-01T14:17:00Z] [HEADER] ================================================================================
[2026-05-01T14:17:00Z] [INFO] 🔄 OVERNIGHT RESEARCH PIPELINE - CYCLE #14
[2026-05-01T14:17:00Z] [INFO] ================================================================================
[2026-05-01T14:17:00Z] [HEADER] ============================================================
[2026-05-01T14:17:00Z] [INFO] 🌙 STARTING OVERNIGHT RESEARCH CYCLE #14
[2026-05-01T14:17:00Z] [INFO] 🔍 Running overnight research protocol (web scraping + cross-symbol analysis)...
[2026-05-01T14:17:00Z] [INFO] 📊 Cycle duration: 0.14s, Files generated: 1
[2026-05-01T14:17:00Z] [WARNING] ⚠️ Database not initialized for cycle counting
[2026-05-01T14:17:00Z] [INFO] 💾 Database updated with cycle results
[2026-05-01T14:17:00Z] [SECTION] ============================================================
[2026-05-01T14:17:00Z] [INFO] 🔮 PHASE: HIDDEN LAYERING DETECTION
[2026-05-01T14:17:00Z] [INFO] 🔗 Hidden layering detection complete. Connections identified: 2
[2026-05-01T14:17:00Z] [SECTION] ============================================================
[2026-05-01T14:17:00Z] [INFO] 🔬 PHASE: DOMAIN CORRELATION ANALYSIS
[2026-05-01T14:17:00Z] [INFO] 📊 Domain correlation matrices created: 2
[2026-05-01T14:17:00Z] [SECTION] ============================================================
[2026-05-01T14:17:00Z] [INFO] 🖼️  PHASE: IMAGE-SEED ANALYSIS
[2026-05-01T14:17:00Z] [INFO] 📂 Image seed analysis bootstrapping from 0 images...
[2026-05-01T14:17:00Z] [SECTION] ============================================================
[2026-05-01T14:17:00Z] [INFO] 📤 PHASE: PUSH COMPONENTS TO TOLARIA
[2026-05-01T14:17:01Z] [INFO] 📦 Components pushed to Tolaria: 5
[2026-05-01T14:17:01Z] [SECTION] ============================================================
[2026-05-01T14:17:01Z] [INFO] 🧩 PHASE: COMPOSER - DOMAIN INTEGRATION SYNTHESIS
[2026-05-01T14:17:23Z] [INFO] 🎨 Domain integrations synthesized: 0
[2026-05-01T14:17:23Z] [SECTION] ============================================================
[2026-05-01T14:17:23Z] [INFO] 🚀 PHASE: ADVANCED OVERNIGHT LOOP
[2026-05-01T14:18:28Z] [INFO] 🔬 Advanced loop completed cycles: 0
[2026-05-01T14:18:28Z] [WARNING] ⚠️  Git commit skipped or failed (git not initialized?): Command '['git', '-C', '/home/avalonas/.hermes/gematria/unified_overnight_research', 'add', '.']' returned non-zero exit status 128.
[2026-05-01T14:18:28Z] [INFO] 
📊 CYCLE #14 SUMMARY
[2026-05-01T14:18:28Z] [INFO] ✅ Successful tasks: 7/7
[2026-05-01T14:18:28Z] [INFO] ⏱️  Cycle duration: 88.27s
[2026-05-01T14:18:28Z] [INFO]    ⚠️ task: result
[2026-05-01T14:18:28Z] [INFO]    ⚠️ task: result
[2026-05-01T14:18:28Z] [INFO]    ⚠️ task: result
[2026-05-01T14:18:28Z] [INFO]    ⚠️ task: result
[2026-05-01T14:18:28Z] [INFO]    ⚠️ task: result
[2026-05-01T14:18:28Z] [INFO]    ⚠️ task: result
[2026-05-01T14:18:28Z] [INFO]    ⚠️ task: result
[2026-05-01T14:18:28Z] [HEADER] ================================================================================
[2026-05-01T14:18:28Z] [INFO] 🔄 OVERNIGHT RESEARCH PIPELINE - CYCLE #15
[2026-05-01T14:18:28Z] [INFO] ================================================================================
[2026-05-01T14:18:28Z] [HEADER] ============================================================
[2026-05-01T14:18:28Z] [INFO] 🌙 STARTING OVERNIGHT RESEARCH CYCLE #15
[2026-05-01T14:18:28Z] [INFO] 🔍 Running overnight research protocol (web scraping + cross-symbol analysis)...
[2026-05-01T14:18:29Z] [INFO] 📊 Cycle duration: 0.28s, Files generated: 1
[2026-05-01T14:18:29Z] [WARNING] ⚠️ Database not initialized for cycle counting
[2026-05-01T14:18:29Z] [INFO] 💾 Database updated with cycle results
[2026-05-01T14:18:29Z] [SECTION] ============================================================
[2026-05-01T14:18:29Z] [INFO] 🔮 PHASE: HIDDEN LAYERING DETECTION
[2026-05-01T14:18:29Z] [INFO] 🔗 Hidden layering detection complete. Connections identified: 2
[2026-05-01T14:18:29Z] [SECTION] ============================================================
[2026-05-01T14:18:29Z] [INFO] 🔬 PHASE: DOMAIN CORRELATION ANALYSIS
[2026-05-01T14:18:29Z] [INFO] 📊 Domain correlation matrices created: 2
[2026-05-01T14:18:29Z] [SECTION] ============================================================
[2026-05-01T14:18:29Z] [INFO] 🖼️  PHASE: IMAGE-SEED ANALYSIS
[2026-05-01T14:18:29Z] [INFO] 📂 Image seed analysis bootstrapping from 0 images...
[2026-05-01T14:18:29Z] [SECTION] ============================================================
[2026-05-01T14:18:29Z] [INFO] 📤 PHASE: PUSH COMPONENTS TO TOLARIA
[2026-05-01T14:18:30Z] [INFO] 📦 Components pushed to Tolaria: 5
[2026-05-01T14:18:30Z] [SECTION] ============================================================
[2026-05-01T14:18:30Z] [INFO] 🧩 PHASE: COMPOSER - DOMAIN INTEGRATION SYNTHESIS
[2026-05-01T14:18:51Z] [INFO] 🎨 Domain integrations synthesized: 0
[2026-05-01T14:18:51Z] [SECTION] ============================================================
[2026-05-01T14:18:51Z] [INFO] 🚀 PHASE: ADVANCED OVERNIGHT LOOP
[2026-05-01T14:19:57Z] [INFO] 🔬 Advanced loop completed cycles: 0
[2026-05-01T14:19:57Z] [WARNING] ⚠️  Git commit skipped or failed (git not initialized?): Command '['git', '-C', '/home/avalonas/.hermes/gematria/unified_overnight_research', 'commit', '-m', '[2026-05-01T14:19:57Z] Cycle 14: Cycle 15: Web research + hidden layering detection']' returned non-zero exit status 1.
[2026-05-01T14:19:57Z] [INFO] 
📊 CYCLE #15 SUMMARY
[2026-05-01T14:19:57Z] [INFO] ✅ Successful tasks: 7/7
[2026-05-01T14:19:57Z] [INFO] ⏱️  Cycle duration: 88.41s
[2026-05-01T14:19:57Z] [INFO]    ⚠️ task: result
[2026-05-01T14:19:57Z] [INFO]    ⚠️ task: result
[2026-05-01T14:19:57Z] [INFO]    ⚠️ task: result
[2026-05-01T14:19:57Z] [INFO]    ⚠️ task: result
[2026-05-01T14:19:57Z] [INFO]    ⚠️ task: result
[2026-05-01T14:19:57Z] [INFO]    ⚠️ task: result
[2026-05-01T14:19:57Z] [INFO]    ⚠️ task: result
[2026-05-01T14:19:57Z] [HEADER] ================================================================================
[2026-05-01T14:19:57Z] [INFO] 🔄 OVERNIGHT RESEARCH PIPELINE - CYCLE #16
[2026-05-01T14:19:57Z] [INFO] ================================================================================
[2026-05-01T14:19:57Z] [HEADER] ============================================================
[2026-05-01T14:19:57Z] [INFO] 🌙 STARTING OVERNIGHT RESEARCH CYCLE #16
[2026-05-01T14:19:57Z] [INFO] 🔍 Running overnight research protocol (web scraping + cross-symbol analysis)...
[2026-05-01T14:19:57Z] [INFO] 📊 Cycle duration: 0.19s, Files generated: 1
[2026-05-01T14:19:57Z] [WARNING] ⚠️ Database not initialized for cycle counting
[2026-05-01T14:19:57Z] [INFO] 💾 Database updated with cycle results
[2026-05-01T14:19:57Z] [SECTION] ============================================================
[2026-05-01T14:19:57Z] [INFO] 🔮 PHASE: HIDDEN LAYERING DETECTION
[2026-05-01T14:19:57Z] [INFO] 🔗 Hidden layering detection complete. Connections identified: 2
[2026-05-01T14:19:57Z] [SECTION] ============================================================
[2026-05-01T14:19:57Z] [INFO] 🔬 PHASE: DOMAIN CORRELATION ANALYSIS
[2026-05-01T14:19:57Z] [INFO] 📊 Domain correlation matrices created: 2
[2026-05-01T14:19:57Z] [SECTION] ============================================================
[2026-05-01T14:19:57Z] [INFO] 🖼️  PHASE: IMAGE-SEED ANALYSIS
[2026-05-01T14:19:57Z] [INFO] 📂 Image seed analysis bootstrapping from 0 images...
[2026-05-01T14:19:57Z] [SECTION] ============================================================
[2026-05-01T14:19:57Z] [INFO] 📤 PHASE: PUSH COMPONENTS TO TOLARIA
[2026-05-01T14:19:58Z] [INFO] 📦 Components pushed to Tolaria: 5
[2026-05-01T14:19:58Z] [SECTION] ============================================================
[2026-05-01T14:19:58Z] [INFO] 🧩 PHASE: COMPOSER - DOMAIN INTEGRATION SYNTHESIS
[2026-05-01T14:20:19Z] [INFO] 🎨 Domain integrations synthesized: 0
[2026-05-01T14:20:19Z] [SECTION] ============================================================
[2026-05-01T14:20:19Z] [INFO] 🚀 PHASE: ADVANCED OVERNIGHT LOOP
[2026-05-01T14:21:24Z] [INFO] 🔬 Advanced loop completed cycles: 0
[2026-05-01T14:21:24Z] [WARNING] ⚠️  Git commit skipped or failed (git not initialized?): Command '['git', '-C', '/home/avalonas/.hermes/gematria/unified_overnight_research', 'add', '.']' returned non-zero exit status 128.
[2026-05-01T14:21:24Z] [INFO] 
📊 CYCLE #16 SUMMARY
[2026-05-01T14:21:24Z] [INFO] ✅ Successful tasks: 7/7
[2026-05-01T14:21:24Z] [INFO] ⏱️  Cycle duration: 87.67s
[2026-05-01T14:21:24Z] [INFO]    ⚠️ task: result
[2026-05-01T14:21:24Z] [INFO]    ⚠️ task: result
[2026-05-01T14:21:24Z] [INFO]    ⚠️ task: result
[2026-05-01T14:21:24Z] [INFO]    ⚠️ task: result
[2026-05-01T14:21:24Z] [INFO]    ⚠️ task: result
[2026-05-01T14:21:24Z] [INFO]    ⚠️ task: result
[2026-05-01T14:21:24Z] [INFO]    ⚠️ task: result
[2026-05-01T14:21:24Z] [HEADER] ================================================================================
[2026-05-01T14:21:24Z] [INFO] 🔄 OVERNIGHT RESEARCH PIPELINE - CYCLE #17
[2026-05-01T14:21:24Z] [INFO] ================================================================================
[2026-05-01T14:21:24Z] [HEADER] ============================================================
[2026-05-01T14:21:24Z] [INFO] 🌙 STARTING OVERNIGHT RESEARCH CYCLE #17
[2026-05-01T14:21:24Z] [INFO] 🔍 Running overnight research protocol (web scraping + cross-symbol analysis)...
[2026-05-01T14:21:25Z] [INFO] 📊 Cycle duration: 0.17s, Files generated: 1
[2026-05-01T14:21:25Z] [WARNING] ⚠️ Database not initialized for cycle counting
[2026-05-01T14:21:25Z] [INFO] 💾 Database updated with cycle results
[2026-05-01T14:21:25Z] [SECTION] ============================================================
[2026-05-01T14:21:25Z] [INFO] 🔮 PHASE: HIDDEN LAYERING DETECTION
[2026-05-01T14:21:25Z] [INFO] 🔗 Hidden layering detection complete. Connections identified: 2
[2026-05-01T14:21:25Z] [SECTION] ============================================================
[2026-05-01T14:21:25Z] [INFO] 🔬 PHASE: DOMAIN CORRELATION ANALYSIS
[2026-05-01T14:21:25Z] [INFO] 📊 Domain correlation matrices created: 2
[2026-05-01T14:21:25Z] [SECTION] ============================================================
[2026-05-01T14:21:25Z] [INFO] 🖼️  PHASE: IMAGE-SEED ANALYSIS
[2026-05-01T14:21:25Z] [INFO] 📂 Image seed analysis bootstrapping from 0 images...
[2026-05-01T14:21:25Z] [SECTION] ============================================================
[2026-05-01T14:21:25Z] [INFO] 📤 PHASE: PUSH COMPONENTS TO TOLARIA
[2026-05-01T14:21:26Z] [INFO] 📦 Components pushed to Tolaria: 5
[2026-05-01T14:21:26Z] [SECTION] ============================================================
[2026-05-01T14:21:26Z] [INFO] 🧩 PHASE: COMPOSER - DOMAIN INTEGRATION SYNTHESIS
[2026-05-01T14:21:47Z] [INFO] 🎨 Domain integrations synthesized: 0
[2026-05-01T14:21:47Z] [SECTION] ============================================================
[2026-05-01T14:21:47Z] [INFO] 🚀 PHASE: ADVANCED OVERNIGHT LOOP
[2026-05-01T14:22:49Z] [INFO] 🔬 Advanced loop completed cycles: 0
[2026-05-01T14:22:50Z] [WARNING] ⚠️  Git commit skipped or failed (git not initialized?): Command '['git', '-C', '/home/avalonas/.hermes/gematria/unified_overnight_research', 'add', '.']' returned non-zero exit status 128.
[2026-05-01T14:22:50Z] [INFO] 
📊 CYCLE #17 SUMMARY
[2026-05-01T14:22:50Z] [INFO] ✅ Successful tasks: 7/7
[2026-05-01T14:22:50Z] [INFO] ⏱️  Cycle duration: 85.22s
[2026-05-01T14:22:50Z] [INFO]    ⚠️ task: result
[2026-05-01T14:22:50Z] [INFO]    ⚠️ task: result
[2026-05-01T14:22:50Z] [INFO]    ⚠️ task: result
[2026-05-01T14:22:50Z] [INFO]    ⚠️ task: result
[2026-05-01T14:22:50Z] [INFO]    ⚠️ task: result
[2026-05-01T14:22:50Z] [INFO]    ⚠️ task: result
[2026-05-01T14:22:50Z] [INFO]    ⚠️ task: result
[2026-05-01T14:22:50Z] [HEADER] ================================================================================
[2026-05-01T14:22:50Z] [INFO] 🔄 OVERNIGHT RESEARCH PIPELINE - CYCLE #18
[2026-05-01T14:22:50Z] [INFO] ================================================================================
[2026-05-01T14:22:50Z] [HEADER] ============================================================
[2026-05-01T14:22:50Z] [INFO] 🌙 STARTING OVERNIGHT RESEARCH CYCLE #18
[2026-05-01T14:22:50Z] [INFO] 🔍 Running overnight research protocol (web scraping + cross-symbol analysis)...
[2026-05-01T14:22:50Z] [INFO] 📊 Cycle duration: 0.36s, Files generated: 1
[2026-05-01T14:22:50Z] [WARNING] ⚠️ Database not initialized for cycle counting
[2026-05-01T14:22:50Z] [INFO] 💾 Database updated with cycle results
[2026-05-01T14:22:50Z] [SECTION] ============================================================
[2026-05-01T14:22:50Z] [INFO] 🔮 PHASE: HIDDEN LAYERING DETECTION
[2026-05-01T14:22:50Z] [INFO] 🔗 Hidden layering detection complete. Connections identified: 2
[2026-05-01T14:22:50Z] [SECTION] ============================================================
[2026-05-01T14:22:50Z] [INFO] 🔬 PHASE: DOMAIN CORRELATION ANALYSIS
[2026-05-01T14:22:50Z] [INFO] 📊 Domain correlation matrices created: 2
[2026-05-01T14:22:50Z] [SECTION] ============================================================
[2026-05-01T14:22:50Z] [INFO] 🖼️  PHASE: IMAGE-SEED ANALYSIS
[2026-05-01T14:22:50Z] [INFO] 📂 Image seed analysis bootstrapping from 0 images...
[2026-05-01T14:22:50Z] [SECTION] ============================================================
[2026-05-01T14:22:50Z] [INFO] 📤 PHASE: PUSH COMPONENTS TO TOLARIA
[2026-05-01T14:22:51Z] [INFO] 📦 Components pushed to Tolaria: 5
[2026-05-01T14:22:51Z] [SECTION] ============================================================
[2026-05-01T14:22:51Z] [INFO] 🧩 PHASE: COMPOSER - DOMAIN INTEGRATION SYNTHESIS
[2026-05-01T14:23:12Z] [INFO] 🎨 Domain integrations synthesized: 0
[2026-05-01T14:23:12Z] [SECTION] ============================================================
[2026-05-01T14:23:12Z] [INFO] 🚀 PHASE: ADVANCED OVERNIGHT LOOP
[2026-05-01T14:24:16Z] [INFO] 🔬 Advanced loop completed cycles: 0
[2026-05-01T14:24:16Z] [WARNING] ⚠️  Git commit skipped or failed (git not initialized?): Command '['git', '-C', '/home/avalonas/.hermes/gematria/unified_overnight_research', 'add', '.']' returned non-zero exit status 128.
[2026-05-01T14:24:16Z] [INFO] 
📊 CYCLE #18 SUMMARY
[2026-05-01T14:24:16Z] [INFO] ✅ Successful tasks: 7/7
[2026-05-01T14:24:16Z] [INFO] ⏱️  Cycle duration: 86.71s
[2026-05-01T14:24:16Z] [INFO]    ⚠️ task: result
[2026-05-01T14:24:16Z] [INFO]    ⚠️ task: result
[2026-05-01T14:24:16Z] [INFO]    ⚠️ task: result
[2026-05-01T14:24:16Z] [INFO]    ⚠️ task: result
[2026-05-01T14:24:16Z] [INFO]    ⚠️ task: result
[2026-05-01T14:24:16Z] [INFO]    ⚠️ task: result
[2026-05-01T14:24:16Z] [INFO]    ⚠️ task: result
[2026-05-01T14:24:16Z] [HEADER] ================================================================================
[2026-05-01T14:24:16Z] [INFO] 🔄 OVERNIGHT RESEARCH PIPELINE - CYCLE #19
[2026-05-01T14:24:16Z] [INFO] ================================================================================
[2026-05-01T14:24:16Z] [HEADER] ============================================================
[2026-05-01T14:24:16Z] [INFO] 🌙 STARTING OVERNIGHT RESEARCH CYCLE #19
[2026-05-01T14:24:16Z] [INFO] 🔍 Running overnight research protocol (web scraping + cross-symbol analysis)...
[2026-05-01T14:24:17Z] [INFO] 📊 Cycle duration: 0.32s, Files generated: 1
[2026-05-01T14:24:17Z] [WARNING] ⚠️ Database not initialized for cycle counting
[2026-05-01T14:24:17Z] [INFO] 💾 Database updated with cycle results
[2026-05-01T14:24:17Z] [SECTION] ============================================================
[2026-05-01T14:24:17Z] [INFO] 🔮 PHASE: HIDDEN LAYERING DETECTION
[2026-05-01T14:24:17Z] [INFO] 🔗 Hidden layering detection complete. Connections identified: 2
[2026-05-01T14:24:17Z] [SECTION] ============================================================
[2026-05-01T14:24:17Z] [INFO] 🔬 PHASE: DOMAIN CORRELATION ANALYSIS
[2026-05-01T14:24:17Z] [INFO] 📊 Domain correlation matrices created: 2
[2026-05-01T14:24:17Z] [SECTION] ============================================================
[2026-05-01T14:24:17Z] [INFO] 🖼️  PHASE: IMAGE-SEED ANALYSIS
[2026-05-01T14:24:17Z] [INFO] 📂 Image seed analysis bootstrapping from 0 images...
[2026-05-01T14:24:17Z] [SECTION] ============================================================
[2026-05-01T14:24:17Z] [INFO] 📤 PHASE: PUSH COMPONENTS TO TOLARIA
[2026-05-01T14:24:18Z] [INFO] 📦 Components pushed to Tolaria: 5
[2026-05-01T14:24:18Z] [SECTION] ============================================================
[2026-05-01T14:24:18Z] [INFO] 🧩 PHASE: COMPOSER - DOMAIN INTEGRATION SYNTHESIS
[2026-05-01T14:24:39Z] [INFO] 🎨 Domain integrations synthesized: 0
[2026-05-01T14:24:39Z] [SECTION] ============================================================
[2026-05-01T14:24:39Z] [INFO] 🚀 PHASE: ADVANCED OVERNIGHT LOOP
[2026-05-01T14:25:45Z] [INFO] 🔬 Advanced loop completed cycles: 0
[2026-05-01T14:25:45Z] [WARNING] ⚠️  Git commit skipped or failed (git not initialized?): Command '['git', '-C', '/home/avalonas/.hermes/gematria/unified_overnight_research', 'commit', '-m', '[2026-05-01T14:25:45Z] Cycle 18: Cycle 19: Web research + hidden layering detection']' returned non-zero exit status 128.
[2026-05-01T14:25:45Z] [INFO] 
📊 CYCLE #19 SUMMARY
[2026-05-01T14:25:45Z] [INFO] ✅ Successful tasks: 7/7
[2026-05-01T14:25:45Z] [INFO] ⏱️  Cycle duration: 88.32s
[2026-05-01T14:25:45Z] [INFO]    ⚠️ task: result
[2026-05-01T14:25:45Z] [INFO]    ⚠️ task: result
[2026-05-01T14:25:45Z] [INFO]    ⚠️ task: result
[2026-05-01T14:25:45Z] [INFO]    ⚠️ task: result
[2026-05-01T14:25:45Z] [INFO]    ⚠️ task: result
[2026-05-01T14:25:45Z] [INFO]    ⚠️ task: result
[2026-05-01T14:25:45Z] [INFO]    ⚠️ task: result
[2026-05-01T14:25:45Z] [HEADER] ================================================================================
[2026-05-01T14:25:45Z] [INFO] 🔄 OVERNIGHT RESEARCH PIPELINE - CYCLE #20
[2026-05-01T14:25:45Z] [INFO] ================================================================================
[2026-05-01T14:25:45Z] [HEADER] ============================================================
[2026-05-01T14:25:45Z] [INFO] 🌙 STARTING OVERNIGHT RESEARCH CYCLE #20
[2026-05-01T14:25:45Z] [INFO] 🔍 Running overnight research protocol (web scraping + cross-symbol analysis)...
[2026-05-01T14:25:45Z] [INFO] 📊 Cycle duration: 0.14s, Files generated: 1
[2026-05-01T14:25:45Z] [WARNING] ⚠️ Database not initialized for cycle counting
[2026-05-01T14:25:45Z] [INFO] 💾 Database updated with cycle results
[2026-05-01T14:25:45Z] [SECTION] ============================================================
[2026-05-01T14:25:45Z] [INFO] 🔮 PHASE: HIDDEN LAYERING DETECTION
[2026-05-01T14:25:45Z] [INFO] 🔗 Hidden layering detection complete. Connections identified: 2
[2026-05-01T14:25:45Z] [SECTION] ============================================================
[2026-05-01T14:25:45Z] [INFO] 🔬 PHASE: DOMAIN CORRELATION ANALYSIS
[2026-05-01T14:25:45Z] [INFO] 📊 Domain correlation matrices created: 2
[2026-05-01T14:25:45Z] [SECTION] ============================================================
[2026-05-01T14:25:45Z] [INFO] 🖼️  PHASE: IMAGE-SEED ANALYSIS
[2026-05-01T14:25:45Z] [INFO] 📂 Image seed analysis bootstrapping from 0 images...
[2026-05-01T14:25:45Z] [SECTION] ============================================================
[2026-05-01T14:25:45Z] [INFO] 📤 PHASE: PUSH COMPONENTS TO TOLARIA
[2026-05-01T14:25:46Z] [INFO] 📦 Components pushed to Tolaria: 5
[2026-05-01T14:25:46Z] [SECTION] ============================================================
[2026-05-01T14:25:46Z] [INFO] 🧩 PHASE: COMPOSER - DOMAIN INTEGRATION SYNTHESIS
[2026-05-01T14:26:07Z] [INFO] 🎨 Domain integrations synthesized: 0
[2026-05-01T14:26:07Z] [SECTION] ============================================================
[2026-05-01T14:26:07Z] [INFO] 🚀 PHASE: ADVANCED OVERNIGHT LOOP
[2026-05-01T14:27:13Z] [INFO] 🔬 Advanced loop completed cycles: 0
[2026-05-01T14:27:13Z] [WARNING] ⚠️  Git commit skipped or failed (git not initialized?): Command '['git', '-C', '/home/avalonas/.hermes/gematria/unified_overnight_research', 'add', '.']' returned non-zero exit status 128.
[2026-05-01T14:27:13Z] [INFO] 
📊 CYCLE #20 SUMMARY
[2026-05-01T14:27:13Z] [INFO] ✅ Successful tasks: 7/7
[2026-05-01T14:27:13Z] [INFO] ⏱️  Cycle duration: 87.92s
[2026-05-01T14:27:13Z] [INFO]    ⚠️ task: result
[2026-05-01T14:27:13Z] [INFO]    ⚠️ task: result
[2026-05-01T14:27:13Z] [INFO]    ⚠️ task: result
[2026-05-01T14:27:13Z] [INFO]    ⚠️ task: result
[2026-05-01T14:27:13Z] [INFO]    ⚠️ task: result
[2026-05-01T14:27:13Z] [INFO]    ⚠️ task: result
[2026-05-01T14:27:13Z] [INFO]    ⚠️ task: result
[2026-05-01T14:27:13Z] [HEADER] ================================================================================
[2026-05-01T14:27:13Z] [INFO] 🔄 OVERNIGHT RESEARCH PIPELINE - CYCLE #21
[2026-05-01T14:27:13Z] [INFO] ================================================================================
[2026-05-01T14:27:13Z] [HEADER] ============================================================
[2026-05-01T14:27:13Z] [INFO] 🌙 STARTING OVERNIGHT RESEARCH CYCLE #21
[2026-05-01T14:27:13Z] [INFO] 🔍 Running overnight research protocol (web scraping + cross-symbol analysis)...
[2026-05-01T14:27:13Z] [INFO] 📊 Cycle duration: 0.17s, Files generated: 1
[2026-05-01T14:27:13Z] [WARNING] ⚠️ Database not initialized for cycle counting
[2026-05-01T14:27:13Z] [INFO] 💾 Database updated with cycle results
[2026-05-01T14:27:13Z] [SECTION] ============================================================
[2026-05-01T14:27:13Z] [INFO] 🔮 PHASE: HIDDEN LAYERING DETECTION
[2026-05-01T14:27:13Z] [INFO] 🔗 Hidden layering detection complete. Connections identified: 2
[2026-05-01T14:27:13Z] [SECTION] ============================================================
[2026-05-01T14:27:13Z] [INFO] 🔬 PHASE: DOMAIN CORRELATION ANALYSIS
[2026-05-01T14:27:13Z] [INFO] 📊 Domain correlation matrices created: 2
[2026-05-01T14:27:13Z] [SECTION] ============================================================
[2026-05-01T14:27:13Z] [INFO] 🖼️  PHASE: IMAGE-SEED ANALYSIS
[2026-05-01T14:27:13Z] [INFO] 📂 Image seed analysis bootstrapping from 0 images...
[2026-05-01T14:27:13Z] [SECTION] ============================================================
[2026-05-01T14:27:13Z] [INFO] 📤 PHASE: PUSH COMPONENTS TO TOLARIA
[2026-05-01T14:27:14Z] [INFO] 📦 Components pushed to Tolaria: 5
[2026-05-01T14:27:14Z] [SECTION] ============================================================
[2026-05-01T14:27:14Z] [INFO] 🧩 PHASE: COMPOSER - DOMAIN INTEGRATION SYNTHESIS
[2026-05-01T14:27:35Z] [INFO] 🎨 Domain integrations synthesized: 0
[2026-05-01T14:27:35Z] [SECTION] ============================================================
[2026-05-01T14:27:35Z] [INFO] 🚀 PHASE: ADVANCED OVERNIGHT LOOP
[2026-05-01T14:27:35Z] [INFO] 🔬 Advanced loop completed cycles: 0
[2026-05-01T14:27:35Z] [WARNING] ⚠️  Git commit skipped or failed (git not initialized?): Command '['git', '-C', '/home/avalonas/.hermes/gematria/unified_overnight_research', 'add', '.']' returned non-zero exit status 128.
[2026-05-01T14:27:35Z] [INFO] 
📊 CYCLE #21 SUMMARY
[2026-05-01T14:27:35Z] [INFO] ✅ Successful tasks: 7/7
[2026-05-01T14:27:35Z] [INFO] ⏱️  Cycle duration: 22.37s
[2026-05-01T14:27:35Z] [INFO]    ⚠️ task: result
[2026-05-01T14:27:35Z] [INFO]    ⚠️ task: result
[2026-05-01T14:27:35Z] [INFO]    ⚠️ task: result
[2026-05-01T14:27:35Z] [INFO]    ⚠️ task: result
[2026-05-01T14:27:35Z] [INFO]    ⚠️ task: result
[2026-05-01T14:27:35Z] [INFO]    ⚠️ task: result
[2026-05-01T14:27:35Z] [INFO]    ⚠️ task: result
[2026-05-01T14:27:35Z] [HEADER] ================================================================================
[2026-05-01T14:27:35Z] [INFO] 🔄 OVERNIGHT RESEARCH PIPELINE - CYCLE #22
[2026-05-01T14:27:35Z] [INFO] ================================================================================
[2026-05-01T14:27:35Z] [HEADER] ============================================================
[2026-05-01T14:27:35Z] [INFO] 🌙 STARTING OVERNIGHT RESEARCH CYCLE #22
[2026-05-01T14:27:35Z] [INFO] 🔍 Running overnight research protocol (web scraping + cross-symbol analysis)...
[2026-05-01T14:27:35Z] [INFO] 📊 Cycle duration: 0.19s, Files generated: 1
[2026-05-01T14:27:35Z] [WARNING] ⚠️ Database not initialized for cycle counting
[2026-05-01T14:27:35Z] [INFO] 💾 Database updated with cycle results
[2026-05-01T14:27:35Z] [SECTION] ============================================================
[2026-05-01T14:27:35Z] [INFO] 🔮 PHASE: HIDDEN LAYERING DETECTION
[2026-05-01T14:27:35Z] [INFO] 🔗 Hidden layering detection complete. Connections identified: 2
[2026-05-01T14:27:35Z] [SECTION] ============================================================
[2026-05-01T14:27:35Z] [INFO] 🔬 PHASE: DOMAIN CORRELATION ANALYSIS
[2026-05-01T14:27:35Z] [INFO] 📊 Domain correlation matrices created: 2
[2026-05-01T14:27:35Z] [SECTION] ============================================================
[2026-05-01T14:27:35Z] [INFO] 🖼️  PHASE: IMAGE-SEED ANALYSIS
[2026-05-01T14:27:35Z] [INFO] 📂 Image seed analysis bootstrapping from 0 images...
[2026-05-01T14:27:35Z] [SECTION] ============================================================
[2026-05-01T14:27:35Z] [INFO] 📤 PHASE: PUSH COMPONENTS TO TOLARIA
[2026-05-01T14:27:36Z] [INFO] 📦 Components pushed to Tolaria: 5
[2026-05-01T14:27:36Z] [SECTION] ============================================================
[2026-05-01T14:27:36Z] [INFO] 🧩 PHASE: COMPOSER - DOMAIN INTEGRATION SYNTHESIS
[2026-05-01T14:27:59Z] [INFO] 🎨 Domain integrations synthesized: 0
[2026-05-01T14:27:59Z] [SECTION] ============================================================
[2026-05-01T14:27:59Z] [INFO] 🚀 PHASE: ADVANCED OVERNIGHT LOOP
[2026-05-01T14:29:02Z] [INFO] 🔬 Advanced loop completed cycles: 0
[2026-05-01T14:29:02Z] [WARNING] ⚠️  Git commit skipped or failed (git not initialized?): Command '['git', '-C', '/home/avalonas/.hermes/gematria/unified_overnight_research', 'add', '.']' returned non-zero exit status 128.
[2026-05-01T14:29:02Z] [INFO] 
📊 CYCLE #22 SUMMARY
[2026-05-01T14:29:02Z] [INFO] ✅ Successful tasks: 7/7
[2026-05-01T14:29:02Z] [INFO] ⏱️  Cycle duration: 87.44s
[2026-05-01T14:29:02Z] [INFO]    ⚠️ task: result
[2026-05-01T14:29:02Z] [INFO]    ⚠️ task: result
[2026-05-01T14:29:02Z] [INFO]    ⚠️ task: result
[2026-05-01T14:29:02Z] [INFO]    ⚠️ task: result
[2026-05-01T14:29:02Z] [INFO]    ⚠️ task: result
[2026-05-01T14:29:02Z] [INFO]    ⚠️ task: result
[2026-05-01T14:29:02Z] [INFO]    ⚠️ task: result
[2026-05-01T14:29:02Z] [HEADER] ================================================================================
[2026-05-01T14:29:02Z] [INFO] 🔄 OVERNIGHT RESEARCH PIPELINE - CYCLE #23
[2026-05-01T14:29:02Z] [INFO] ================================================================================
[2026-05-01T14:29:02Z] [HEADER] ============================================================
[2026-05-01T14:29:02Z] [INFO] 🌙 STARTING OVERNIGHT RESEARCH CYCLE #23
[2026-05-01T14:29:02Z] [INFO] 🔍 Running overnight research protocol (web scraping + cross-symbol analysis)...
[2026-05-01T14:29:03Z] [INFO] 📊 Cycle duration: 0.20s, Files generated: 0
[2026-05-01T14:29:03Z] [WARNING] ⚠️ Database not initialized for cycle counting
[2026-05-01T14:29:03Z] [INFO] 💾 Database updated with cycle results
[2026-05-01T14:29:03Z] [SECTION] ============================================================
[2026-05-01T14:29:03Z] [INFO] 🔮 PHASE: HIDDEN LAYERING DETECTION
[2026-05-01T14:29:03Z] [INFO] 🔗 Hidden layering detection complete. Connections identified: 2
[2026-05-01T14:29:03Z] [SECTION] ============================================================
[2026-05-01T14:29:03Z] [INFO] 🔬 PHASE: DOMAIN CORRELATION ANALYSIS
[2026-05-01T14:29:03Z] [INFO] 📊 Domain correlation matrices created: 2
[2026-05-01T14:29:03Z] [SECTION] ============================================================
[2026-05-01T14:29:03Z] [INFO] 🖼️  PHASE: IMAGE-SEED ANALYSIS
[2026-05-01T14:29:03Z] [INFO] 📂 Image seed analysis bootstrapping from 0 images...
[2026-05-01T14:29:03Z] [SECTION] ============================================================
[2026-05-01T14:29:03Z] [INFO] 📤 PHASE: PUSH COMPONENTS TO TOLARIA
[2026-05-01T14:29:04Z] [INFO] 📦 Components pushed to Tolaria: 5
[2026-05-01T14:29:04Z] [SECTION] ============================================================
[2026-05-01T14:29:04Z] [INFO] 🧩 PHASE: COMPOSER - DOMAIN INTEGRATION SYNTHESIS
[2026-05-01T14:29:25Z] [INFO] 🎨 Domain integrations synthesized: 0
[2026-05-01T14:29:25Z] [SECTION] ============================================================
[2026-05-01T14:29:25Z] [INFO] 🚀 PHASE: ADVANCED OVERNIGHT LOOP
[2026-05-01T14:30:31Z] [INFO] 🔬 Advanced loop completed cycles: 0
[2026-05-01T14:30:31Z] [WARNING] ⚠️  Git commit skipped or failed (git not initialized?): Command '['git', '-C', '/home/avalonas/.hermes/gematria/unified_overnight_research', 'add', '.']' returned non-zero exit status 128.
[2026-05-01T14:30:31Z] [INFO] 
📊 CYCLE #23 SUMMARY
[2026-05-01T14:30:31Z] [INFO] ✅ Successful tasks: 7/7
[2026-05-01T14:30:31Z] [INFO] ⏱️  Cycle duration: 88.94s
[2026-05-01T14:30:31Z] [INFO]    ⚠️ task: result
[2026-05-01T14:30:31Z] [INFO]    ⚠️ task: result
[2026-05-01T14:30:31Z] [INFO]    ⚠️ task: result
[2026-05-01T14:30:31Z] [INFO]    ⚠️ task: result
[2026-05-01T14:30:31Z] [INFO]    ⚠️ task: result
[2026-05-01T14:30:31Z] [INFO]    ⚠️ task: result
[2026-05-01T14:30:31Z] [INFO]    ⚠️ task: result
[2026-05-01T14:30:31Z] [HEADER] ================================================================================
[2026-05-01T14:30:31Z] [INFO] 🔄 OVERNIGHT RESEARCH PIPELINE - CYCLE #24
[2026-05-01T14:30:31Z] [INFO] ================================================================================
[2026-05-01T14:30:31Z] [HEADER] ============================================================
[2026-05-01T14:30:31Z] [INFO] 🌙 STARTING OVERNIGHT RESEARCH CYCLE #24
[2026-05-01T14:30:31Z] [INFO] 🔍 Running overnight research protocol (web scraping + cross-symbol analysis)...
[2026-05-01T14:30:32Z] [INFO] 📊 Cycle duration: 0.30s, Files generated: 1
[2026-05-01T14:30:32Z] [WARNING] ⚠️ Database not initialized for cycle counting
[2026-05-01T14:30:32Z] [INFO] 💾 Database updated with cycle results
[2026-05-01T14:30:32Z] [SECTION] ============================================================
[2026-05-01T14:30:32Z] [INFO] 🔮 PHASE: HIDDEN LAYERING DETECTION
[2026-05-01T14:30:32Z] [INFO] 🔗 Hidden layering detection complete. Connections identified: 2
[2026-05-01T14:30:32Z] [SECTION] ============================================================
[2026-05-01T14:30:32Z] [INFO] 🔬 PHASE: DOMAIN CORRELATION ANALYSIS
[2026-05-01T14:30:32Z] [INFO] 📊 Domain correlation matrices created: 2
[2026-05-01T14:30:32Z] [SECTION] ============================================================
[2026-05-01T14:30:32Z] [INFO] 🖼️  PHASE: IMAGE-SEED ANALYSIS
[2026-05-01T14:30:32Z] [INFO] 📂 Image seed analysis bootstrapping from 0 images...
[2026-05-01T14:30:32Z] [SECTION] ============================================================
[2026-05-01T14:30:32Z] [INFO] 📤 PHASE: PUSH COMPONENTS TO TOLARIA
[2026-05-01T14:30:33Z] [INFO] 📦 Components pushed to Tolaria: 5
[2026-05-01T14:30:33Z] [SECTION] ============================================================
[2026-05-01T14:30:33Z] [INFO] 🧩 PHASE: COMPOSER - DOMAIN INTEGRATION SYNTHESIS
[2026-05-01T14:30:54Z] [INFO] 🎨 Domain integrations synthesized: 0
[2026-05-01T14:30:54Z] [SECTION] ============================================================
[2026-05-01T14:30:54Z] [INFO] 🚀 PHASE: ADVANCED OVERNIGHT LOOP
[2026-05-01T14:32:00Z] [INFO] 🔬 Advanced loop completed cycles: 0
[2026-05-01T14:32:00Z] [WARNING] ⚠️  Git commit skipped or failed (git not initialized?): Command '['git', '-C', '/home/avalonas/.hermes/gematria/unified_overnight_research', 'add', '.']' returned non-zero exit status 128.
[2026-05-01T14:32:00Z] [INFO] 
📊 CYCLE #24 SUMMARY
[2026-05-01T14:32:00Z] [INFO] ✅ Successful tasks: 7/7
[2026-05-01T14:32:00Z] [INFO] ⏱️  Cycle duration: 88.72s
[2026-05-01T14:32:00Z] [INFO]    ⚠️ task: result
[2026-05-01T14:32:00Z] [INFO]    ⚠️ task: result
[2026-05-01T14:32:00Z] [INFO]    ⚠️ task: result
[2026-05-01T14:32:00Z] [INFO]    ⚠️ task: result
[2026-05-01T14:32:00Z] [INFO]    ⚠️ task: result
[2026-05-01T14:32:00Z] [INFO]    ⚠️ task: result
[2026-05-01T14:32:00Z] [INFO]    ⚠️ task: result
[2026-05-01T14:32:00Z] [HEADER] ================================================================================
[2026-05-01T14:32:00Z] [INFO] 🔄 OVERNIGHT RESEARCH PIPELINE - CYCLE #25
[2026-05-01T14:32:00Z] [INFO] ================================================================================
[2026-05-01T14:32:00Z] [HEADER] ============================================================
[2026-05-01T14:32:00Z] [INFO] 🌙 STARTING OVERNIGHT RESEARCH CYCLE #25
[2026-05-01T14:32:00Z] [INFO] 🔍 Running overnight research protocol (web scraping + cross-symbol analysis)...
[2026-05-01T14:32:00Z] [INFO] 📊 Cycle duration: 0.18s, Files generated: 1
[2026-05-01T14:32:00Z] [WARNING] ⚠️ Database not initialized for cycle counting
[2026-05-01T14:32:00Z] [INFO] 💾 Database updated with cycle results
[2026-05-01T14:32:00Z] [SECTION] ============================================================
[2026-05-01T14:32:00Z] [INFO] 🔮 PHASE: HIDDEN LAYERING DETECTION
[2026-05-01T14:32:00Z] [INFO] 🔗 Hidden layering detection complete. Connections identified: 2
[2026-05-01T14:32:00Z] [SECTION] ============================================================
[2026-05-01T14:32:00Z] [INFO] 🔬 PHASE: DOMAIN CORRELATION ANALYSIS
[2026-05-01T14:32:00Z] [INFO] 📊 Domain correlation matrices created: 2
[2026-05-01T14:32:00Z] [SECTION] ============================================================
[2026-05-01T14:32:00Z] [INFO] 🖼️  PHASE: IMAGE-SEED ANALYSIS
[2026-05-01T14:32:00Z] [INFO] 📂 Image seed analysis bootstrapping from 0 images...
[2026-05-01T14:32:00Z] [SECTION] ============================================================
[2026-05-01T14:32:00Z] [INFO] 📤 PHASE: PUSH COMPONENTS TO TOLARIA
[2026-05-01T14:32:01Z] [INFO] 📦 Components pushed to Tolaria: 5
[2026-05-01T14:32:01Z] [SECTION] ============================================================
[2026-05-01T14:32:01Z] [INFO] 🧩 PHASE: COMPOSER - DOMAIN INTEGRATION SYNTHESIS
[2026-05-01T14:32:23Z] [INFO] 🎨 Domain integrations synthesized: 0
[2026-05-01T14:32:23Z] [SECTION] ============================================================
[2026-05-01T14:32:23Z] [INFO] 🚀 PHASE: ADVANCED OVERNIGHT LOOP
[2026-05-01T14:33:29Z] [INFO] 🔬 Advanced loop completed cycles: 0
[2026-05-01T14:33:29Z] [WARNING] ⚠️  Git commit skipped or failed (git not initialized?): Command '['git', '-C', '/home/avalonas/.hermes/gematria/unified_overnight_research', 'add', '.']' returned non-zero exit status 128.
[2026-05-01T14:33:29Z] [INFO] 
📊 CYCLE #25 SUMMARY
[2026-05-01T14:33:29Z] [INFO] ✅ Successful tasks: 7/7
[2026-05-01T14:33:29Z] [INFO] ⏱️  Cycle duration: 89.23s
[2026-05-01T14:33:29Z] [INFO]    ⚠️ task: result
[2026-05-01T14:33:29Z] [INFO]    ⚠️ task: result
[2026-05-01T14:33:29Z] [INFO]    ⚠️ task: result
[2026-05-01T14:33:29Z] [INFO]    ⚠️ task: result
[2026-05-01T14:33:29Z] [INFO]    ⚠️ task: result
[2026-05-01T14:33:29Z] [INFO]    ⚠️ task: result
[2026-05-01T14:33:29Z] [INFO]    ⚠️ task: result
[2026-05-01T14:33:29Z] [HEADER] ================================================================================
[2026-05-01T14:33:29Z] [INFO] 🔄 OVERNIGHT RESEARCH PIPELINE - CYCLE #26
[2026-05-01T14:33:29Z] [INFO] ================================================================================
[2026-05-01T14:33:29Z] [HEADER] ============================================================
[2026-05-01T14:33:29Z] [INFO] 🌙 STARTING OVERNIGHT RESEARCH CYCLE #26
[2026-05-01T14:33:29Z] [INFO] 🔍 Running overnight research protocol (web scraping + cross-symbol analysis)...
[2026-05-01T14:33:30Z] [INFO] 📊 Cycle duration: 0.28s, Files generated: 1
[2026-05-01T14:33:30Z] [WARNING] ⚠️ Database not initialized for cycle counting
[2026-05-01T14:33:30Z] [INFO] 💾 Database updated with cycle results
[2026-05-01T14:33:30Z] [SECTION] ============================================================
[2026-05-01T14:33:30Z] [INFO] 🔮 PHASE: HIDDEN LAYERING DETECTION
[2026-05-01T14:33:30Z] [INFO] 🔗 Hidden layering detection complete. Connections identified: 2
[2026-05-01T14:33:30Z] [SECTION] ============================================================
[2026-05-01T14:33:30Z] [INFO] 🔬 PHASE: DOMAIN CORRELATION ANALYSIS
[2026-05-01T14:33:30Z] [INFO] 📊 Domain correlation matrices created: 2
[2026-05-01T14:33:30Z] [SECTION] ============================================================
[2026-05-01T14:33:30Z] [INFO] 🖼️  PHASE: IMAGE-SEED ANALYSIS
[2026-05-01T14:33:30Z] [INFO] 📂 Image seed analysis bootstrapping from 0 images...
[2026-05-01T14:33:30Z] [SECTION] ============================================================
[2026-05-01T14:33:30Z] [INFO] 📤 PHASE: PUSH COMPONENTS TO TOLARIA
[2026-05-01T14:33:31Z] [INFO] 📦 Components pushed to Tolaria: 5
[2026-05-01T14:33:31Z] [SECTION] ============================================================
[2026-05-01T14:33:31Z] [INFO] 🧩 PHASE: COMPOSER - DOMAIN INTEGRATION SYNTHESIS
[2026-05-01T14:33:52Z] [INFO] 🎨 Domain integrations synthesized: 0
[2026-05-01T14:33:52Z] [SECTION] ============================================================
[2026-05-01T14:33:52Z] [INFO] 🚀 PHASE: ADVANCED OVERNIGHT LOOP
[2026-05-01T14:34:57Z] [INFO] 🔬 Advanced loop completed cycles: 0
[2026-05-01T14:34:57Z] [WARNING] ⚠️  Git commit skipped or failed (git not initialized?): Command '['git', '-C', '/home/avalonas/.hermes/gematria/unified_overnight_research', 'commit', '-m', '[2026-05-01T14:34:57Z] Cycle 25: Cycle 26: Web research + hidden layering detection']' returned non-zero exit status 1.
[2026-05-01T14:34:57Z] [INFO] 
📊 CYCLE #26 SUMMARY
[2026-05-01T14:34:57Z] [INFO] ✅ Successful tasks: 7/7
[2026-05-01T14:34:57Z] [INFO] ⏱️  Cycle duration: 87.64s
[2026-05-01T14:34:57Z] [INFO]    ⚠️ task: result
[2026-05-01T14:34:57Z] [INFO]    ⚠️ task: result
[2026-05-01T14:34:57Z] [INFO]    ⚠️ task: result
[2026-05-01T14:34:57Z] [INFO]    ⚠️ task: result
[2026-05-01T14:34:57Z] [INFO]    ⚠️ task: result
[2026-05-01T14:34:57Z] [INFO]    ⚠️ task: result
[2026-05-01T14:34:57Z] [INFO]    ⚠️ task: result
[2026-05-01T14:34:57Z] [HEADER] ================================================================================
[2026-05-01T14:34:57Z] [INFO] 🔄 OVERNIGHT RESEARCH PIPELINE - CYCLE #27
[2026-05-01T14:34:57Z] [INFO] ================================================================================
[2026-05-01T14:34:57Z] [HEADER] ============================================================
[2026-05-01T14:34:57Z] [INFO] 🌙 STARTING OVERNIGHT RESEARCH CYCLE #27
[2026-05-01T14:34:57Z] [INFO] 🔍 Running overnight research protocol (web scraping + cross-symbol analysis)...
[2026-05-01T14:34:57Z] [INFO] 📊 Cycle duration: 0.19s, Files generated: 1
[2026-05-01T14:34:57Z] [WARNING] ⚠️ Database not initialized for cycle counting
[2026-05-01T14:34:57Z] [INFO] 💾 Database updated with cycle results
[2026-05-01T14:34:57Z] [SECTION] ============================================================
[2026-05-01T14:34:57Z] [INFO] 🔮 PHASE: HIDDEN LAYERING DETECTION
[2026-05-01T14:34:57Z] [INFO] 🔗 Hidden layering detection complete. Connections identified: 2
[2026-05-01T14:34:57Z] [SECTION] ============================================================
[2026-05-01T14:34:57Z] [INFO] 🔬 PHASE: DOMAIN CORRELATION ANALYSIS
[2026-05-01T14:34:57Z] [INFO] 📊 Domain correlation matrices created: 2
[2026-05-01T14:34:57Z] [SECTION] ============================================================
[2026-05-01T14:34:57Z] [INFO] 🖼️  PHASE: IMAGE-SEED ANALYSIS
[2026-05-01T14:34:57Z] [INFO] 📂 Image seed analysis bootstrapping from 0 images...
[2026-05-01T14:34:57Z] [SECTION] ============================================================
[2026-05-01T14:34:57Z] [INFO] 📤 PHASE: PUSH COMPONENTS TO TOLARIA
[2026-05-01T14:34:58Z] [INFO] 📦 Components pushed to Tolaria: 5
[2026-05-01T14:34:58Z] [SECTION] ============================================================
[2026-05-01T14:34:58Z] [INFO] 🧩 PHASE: COMPOSER - DOMAIN INTEGRATION SYNTHESIS
[2026-05-01T14:35:20Z] [INFO] 🎨 Domain integrations synthesized: 0
[2026-05-01T14:35:20Z] [SECTION] ============================================================
[2026-05-01T14:35:20Z] [INFO] 🚀 PHASE: ADVANCED OVERNIGHT LOOP
[2026-05-01T14:36:26Z] [INFO] 🔬 Advanced loop completed cycles: 0
[2026-05-01T14:36:26Z] [WARNING] ⚠️  Git commit skipped or failed (git not initialized?): Command '['git', '-C', '/home/avalonas/.hermes/gematria/unified_overnight_research', 'add', '.']' returned non-zero exit status 128.
[2026-05-01T14:36:26Z] [INFO] 
📊 CYCLE #27 SUMMARY
[2026-05-01T14:36:26Z] [INFO] ✅ Successful tasks: 7/7
[2026-05-01T14:36:26Z] [INFO] ⏱️  Cycle duration: 89.12s
[2026-05-01T14:36:26Z] [INFO]    ⚠️ task: result
[2026-05-01T14:36:26Z] [INFO]    ⚠️ task: result
[2026-05-01T14:36:26Z] [INFO]    ⚠️ task: result
[2026-05-01T14:36:26Z] [INFO]    ⚠️ task: result
[2026-05-01T14:36:26Z] [INFO]    ⚠️ task: result
[2026-05-01T14:36:26Z] [INFO]    ⚠️ task: result
[2026-05-01T14:36:26Z] [INFO]    ⚠️ task: result
[2026-05-01T14:36:26Z] [HEADER] ================================================================================
[2026-05-01T14:36:26Z] [INFO] 🔄 OVERNIGHT RESEARCH PIPELINE - CYCLE #28
[2026-05-01T14:36:26Z] [INFO] ================================================================================
[2026-05-01T14:36:26Z] [HEADER] ============================================================
[2026-05-01T14:36:26Z] [INFO] 🌙 STARTING OVERNIGHT RESEARCH CYCLE #28
[2026-05-01T14:36:26Z] [INFO] 🔍 Running overnight research protocol (web scraping + cross-symbol analysis)...
[2026-05-01T14:36:26Z] [INFO] 📊 Cycle duration: 0.28s, Files generated: 1
[2026-05-01T14:36:26Z] [WARNING] ⚠️ Database not initialized for cycle counting
[2026-05-01T14:36:26Z] [INFO] 💾 Database updated with cycle results
[2026-05-01T14:36:26Z] [SECTION] ============================================================
[2026-05-01T14:36:26Z] [INFO] 🔮 PHASE: HIDDEN LAYERING DETECTION
[2026-05-01T14:36:27Z] [INFO] 🔗 Hidden layering detection complete. Connections identified: 2
[2026-05-01T14:36:27Z] [SECTION] ============================================================
[2026-05-01T14:36:27Z] [INFO] 🔬 PHASE: DOMAIN CORRELATION ANALYSIS
[2026-05-01T14:36:27Z] [INFO] 📊 Domain correlation matrices created: 2
[2026-05-01T14:36:27Z] [SECTION] ============================================================
[2026-05-01T14:36:27Z] [INFO] 🖼️  PHASE: IMAGE-SEED ANALYSIS
[2026-05-01T14:36:27Z] [INFO] 📂 Image seed analysis bootstrapping from 0 images...
[2026-05-01T14:36:27Z] [SECTION] ============================================================
[2026-05-01T14:36:27Z] [INFO] 📤 PHASE: PUSH COMPONENTS TO TOLARIA
[2026-05-01T14:36:28Z] [INFO] 📦 Components pushed to Tolaria: 5
[2026-05-01T14:36:28Z] [SECTION] ============================================================
[2026-05-01T14:36:28Z] [INFO] 🧩 PHASE: COMPOSER - DOMAIN INTEGRATION SYNTHESIS
[2026-05-01T14:36:49Z] [INFO] 🎨 Domain integrations synthesized: 0
[2026-05-01T14:36:49Z] [SECTION] ============================================================
[2026-05-01T14:36:49Z] [INFO] 🚀 PHASE: ADVANCED OVERNIGHT LOOP
[2026-05-01T14:37:54Z] [INFO] 🔬 Advanced loop completed cycles: 0
[2026-05-01T14:37:54Z] [WARNING] ⚠️  Git commit skipped or failed (git not initialized?): Command '['git', '-C', '/home/avalonas/.hermes/gematria/unified_overnight_research', 'add', '.']' returned non-zero exit status 128.
[2026-05-01T14:37:54Z] [INFO] 
📊 CYCLE #28 SUMMARY
[2026-05-01T14:37:54Z] [INFO] ✅ Successful tasks: 7/7
[2026-05-01T14:37:54Z] [INFO] ⏱️  Cycle duration: 88.24s
[2026-05-01T14:37:54Z] [INFO]    ⚠️ task: result
[2026-05-01T14:37:54Z] [INFO]    ⚠️ task: result
[2026-05-01T14:37:54Z] [INFO]    ⚠️ task: result
[2026-05-01T14:37:54Z] [INFO]    ⚠️ task: result
[2026-05-01T14:37:54Z] [INFO]    ⚠️ task: result
[2026-05-01T14:37:54Z] [INFO]    ⚠️ task: result
[2026-05-01T14:37:54Z] [INFO]    ⚠️ task: result
[2026-05-01T14:37:54Z] [HEADER] ================================================================================
[2026-05-01T14:37:54Z] [INFO] 🔄 OVERNIGHT RESEARCH PIPELINE - CYCLE #29
[2026-05-01T14:37:54Z] [INFO] ================================================================================
[2026-05-01T14:37:54Z] [HEADER] ============================================================
[2026-05-01T14:37:54Z] [INFO] 🌙 STARTING OVERNIGHT RESEARCH CYCLE #29
[2026-05-01T14:37:54Z] [INFO] 🔍 Running overnight research protocol (web scraping + cross-symbol analysis)...
[2026-05-01T14:37:54Z] [INFO] 📊 Cycle duration: 0.13s, Files generated: 1
[2026-05-01T14:37:54Z] [WARNING] ⚠️ Database not initialized for cycle counting
[2026-05-01T14:37:54Z] [INFO] 💾 Database updated with cycle results
[2026-05-01T14:37:54Z] [SECTION] ============================================================
[2026-05-01T14:37:54Z] [INFO] 🔮 PHASE: HIDDEN LAYERING DETECTION
[2026-05-01T14:37:55Z] [INFO] 🔗 Hidden layering detection complete. Connections identified: 2
[2026-05-01T14:37:55Z] [SECTION] ============================================================
[2026-05-01T14:37:55Z] [INFO] 🔬 PHASE: DOMAIN CORRELATION ANALYSIS
[2026-05-01T14:37:55Z] [INFO] 📊 Domain correlation matrices created: 2
[2026-05-01T14:37:55Z] [SECTION] ============================================================
[2026-05-01T14:37:55Z] [INFO] 🖼️  PHASE: IMAGE-SEED ANALYSIS
[2026-05-01T14:37:55Z] [INFO] 📂 Image seed analysis bootstrapping from 0 images...
[2026-05-01T14:37:55Z] [SECTION] ============================================================
[2026-05-01T14:37:55Z] [INFO] 📤 PHASE: PUSH COMPONENTS TO TOLARIA
[2026-05-01T14:37:56Z] [INFO] 📦 Components pushed to Tolaria: 5
[2026-05-01T14:37:56Z] [SECTION] ============================================================
[2026-05-01T14:37:56Z] [INFO] 🧩 PHASE: COMPOSER - DOMAIN INTEGRATION SYNTHESIS
[2026-05-01T14:38:17Z] [INFO] 🎨 Domain integrations synthesized: 0
[2026-05-01T14:38:17Z] [SECTION] ============================================================
[2026-05-01T14:38:17Z] [INFO] 🚀 PHASE: ADVANCED OVERNIGHT LOOP
[2026-05-01T14:39:25Z] [INFO] 🔬 Advanced loop completed cycles: 0
[2026-05-01T14:39:25Z] [WARNING] ⚠️  Git commit skipped or failed (git not initialized?): Command '['git', '-C', '/home/avalonas/.hermes/gematria/unified_overnight_research', 'commit', '-m', '[2026-05-01T14:39:25Z] Cycle 28: Cycle 29: Web research + hidden layering detection']' returned non-zero exit status 1.
[2026-05-01T14:39:25Z] [INFO] 
📊 CYCLE #29 SUMMARY
[2026-05-01T14:39:25Z] [INFO] ✅ Successful tasks: 7/7
[2026-05-01T14:39:25Z] [INFO] ⏱️  Cycle duration: 90.34s
[2026-05-01T14:39:25Z] [INFO]    ⚠️ task: result
[2026-05-01T14:39:25Z] [INFO]    ⚠️ task: result
[2026-05-01T14:39:25Z] [INFO]    ⚠️ task: result
[2026-05-01T14:39:25Z] [INFO]    ⚠️ task: result
[2026-05-01T14:39:25Z] [INFO]    ⚠️ task: result
[2026-05-01T14:39:25Z] [INFO]    ⚠️ task: result
[2026-05-01T14:39:25Z] [INFO]    ⚠️ task: result
[2026-05-01T14:39:25Z] [HEADER] ================================================================================
[2026-05-01T14:39:25Z] [INFO] 🔄 OVERNIGHT RESEARCH PIPELINE - CYCLE #30
[2026-05-01T14:39:25Z] [INFO] ================================================================================
[2026-05-01T14:39:25Z] [HEADER] ============================================================
[2026-05-01T14:39:25Z] [INFO] 🌙 STARTING OVERNIGHT RESEARCH CYCLE #30
[2026-05-01T14:39:25Z] [INFO] 🔍 Running overnight research protocol (web scraping + cross-symbol analysis)...
[2026-05-01T14:39:25Z] [INFO] 📊 Cycle duration: 0.22s, Files generated: 1
[2026-05-01T14:39:25Z] [WARNING] ⚠️ Database not initialized for cycle counting
[2026-05-01T14:39:25Z] [INFO] 💾 Database updated with cycle results
[2026-05-01T14:39:25Z] [SECTION] ============================================================
[2026-05-01T14:39:25Z] [INFO] 🔮 PHASE: HIDDEN LAYERING DETECTION
[2026-05-01T14:39:25Z] [INFO] 🔗 Hidden layering detection complete. Connections identified: 2
[2026-05-01T14:39:25Z] [SECTION] ============================================================
[2026-05-01T14:39:25Z] [INFO] 🔬 PHASE: DOMAIN CORRELATION ANALYSIS
[2026-05-01T14:39:25Z] [INFO] 📊 Domain correlation matrices created: 2
[2026-05-01T14:39:25Z] [SECTION] ============================================================
[2026-05-01T14:39:25Z] [INFO] 🖼️  PHASE: IMAGE-SEED ANALYSIS
[2026-05-01T14:39:25Z] [INFO] 📂 Image seed analysis bootstrapping from 0 images...
[2026-05-01T14:39:25Z] [SECTION] ============================================================
[2026-05-01T14:39:25Z] [INFO] 📤 PHASE: PUSH COMPONENTS TO TOLARIA
[2026-05-01T14:39:26Z] [INFO] 📦 Components pushed to Tolaria: 5
[2026-05-01T14:39:26Z] [SECTION] ============================================================
[2026-05-01T14:39:26Z] [INFO] 🧩 PHASE: COMPOSER - DOMAIN INTEGRATION SYNTHESIS
[2026-05-01T14:39:47Z] [INFO] 🎨 Domain integrations synthesized: 0
[2026-05-01T14:39:47Z] [SECTION] ============================================================
[2026-05-01T14:39:47Z] [INFO] 🚀 PHASE: ADVANCED OVERNIGHT LOOP
[2026-05-01T14:40:53Z] [INFO] 🔬 Advanced loop completed cycles: 0
[2026-05-01T14:40:53Z] [WARNING] ⚠️  Git commit skipped or failed (git not initialized?): Command '['git', '-C', '/home/avalonas/.hermes/gematria/unified_overnight_research', 'add', '.']' returned non-zero exit status 128.
[2026-05-01T14:40:53Z] [INFO] 
📊 CYCLE #30 SUMMARY
[2026-05-01T14:40:53Z] [INFO] ✅ Successful tasks: 7/7
[2026-05-01T14:40:53Z] [INFO] ⏱️  Cycle duration: 88.68s
[2026-05-01T14:40:53Z] [INFO]    ⚠️ task: result
[2026-05-01T14:40:53Z] [INFO]    ⚠️ task: result
[2026-05-01T14:40:53Z] [INFO]    ⚠️ task: result
[2026-05-01T14:40:53Z] [INFO]    ⚠️ task: result
[2026-05-01T14:40:53Z] [INFO]    ⚠️ task: result
[2026-05-01T14:40:53Z] [INFO]    ⚠️ task: result
[2026-05-01T14:40:53Z] [INFO]    ⚠️ task: result
[2026-05-01T14:40:53Z] [HEADER] ================================================================================
[2026-05-01T14:40:53Z] [INFO] 🔄 OVERNIGHT RESEARCH PIPELINE - CYCLE #31
[2026-05-01T14:40:53Z] [INFO] ================================================================================
[2026-05-01T14:40:53Z] [HEADER] ============================================================
[2026-05-01T14:40:53Z] [INFO] 🌙 STARTING OVERNIGHT RESEARCH CYCLE #31
[2026-05-01T14:40:53Z] [INFO] 🔍 Running overnight research protocol (web scraping + cross-symbol analysis)...
[2026-05-01T14:40:54Z] [INFO] 📊 Cycle duration: 0.37s, Files generated: 1
[2026-05-01T14:40:54Z] [WARNING] ⚠️ Database not initialized for cycle counting
[2026-05-01T14:40:54Z] [INFO] 💾 Database updated with cycle results
[2026-05-01T14:40:54Z] [SECTION] ============================================================
[2026-05-01T14:40:54Z] [INFO] 🔮 PHASE: HIDDEN LAYERING DETECTION
[2026-05-01T14:40:54Z] [INFO] 🔗 Hidden layering detection complete. Connections identified: 2
[2026-05-01T14:40:54Z] [SECTION] ============================================================
[2026-05-01T14:40:54Z] [INFO] 🔬 PHASE: DOMAIN CORRELATION ANALYSIS
[2026-05-01T14:40:54Z] [INFO] 📊 Domain correlation matrices created: 2
[2026-05-01T14:40:54Z] [SECTION] ============================================================
[2026-05-01T14:40:54Z] [INFO] 🖼️  PHASE: IMAGE-SEED ANALYSIS
[2026-05-01T14:40:54Z] [INFO] 📂 Image seed analysis bootstrapping from 0 images...
[2026-05-01T14:40:54Z] [SECTION] ============================================================
[2026-05-01T14:40:54Z] [INFO] 📤 PHASE: PUSH COMPONENTS TO TOLARIA
[2026-05-01T14:40:55Z] [INFO] 📦 Components pushed to Tolaria: 5
[2026-05-01T14:40:55Z] [SECTION] ============================================================
[2026-05-01T14:40:55Z] [INFO] 🧩 PHASE: COMPOSER - DOMAIN INTEGRATION SYNTHESIS
[2026-05-01T14:41:16Z] [INFO] 🎨 Domain integrations synthesized: 0
[2026-05-01T14:41:16Z] [SECTION] ============================================================
[2026-05-01T14:41:16Z] [INFO] 🚀 PHASE: ADVANCED OVERNIGHT LOOP
[2026-05-01T14:42:23Z] [INFO] 🔬 Advanced loop completed cycles: 0
[2026-05-01T14:42:23Z] [WARNING] ⚠️  Git commit skipped or failed (git not initialized?): Command '['git', '-C', '/home/avalonas/.hermes/gematria/unified_overnight_research', 'add', '.']' returned non-zero exit status 128.
[2026-05-01T14:42:23Z] [INFO] 
📊 CYCLE #31 SUMMARY
[2026-05-01T14:42:23Z] [INFO] ✅ Successful tasks: 7/7
[2026-05-01T14:42:23Z] [INFO] ⏱️  Cycle duration: 89.73s
[2026-05-01T14:42:23Z] [INFO]    ⚠️ task: result
[2026-05-01T14:42:23Z] [INFO]    ⚠️ task: result
[2026-05-01T14:42:23Z] [INFO]    ⚠️ task: result
[2026-05-01T14:42:23Z] [INFO]    ⚠️ task: result
[2026-05-01T14:42:23Z] [INFO]    ⚠️ task: result
[2026-05-01T14:42:23Z] [INFO]    ⚠️ task: result
[2026-05-01T14:42:23Z] [INFO]    ⚠️ task: result
[2026-05-01T14:42:23Z] [HEADER] ================================================================================
[2026-05-01T14:42:23Z] [INFO] 🔄 OVERNIGHT RESEARCH PIPELINE - CYCLE #32
[2026-05-01T14:42:23Z] [INFO] ================================================================================
[2026-05-01T14:42:23Z] [HEADER] ============================================================
[2026-05-01T14:42:23Z] [INFO] 🌙 STARTING OVERNIGHT RESEARCH CYCLE #32
[2026-05-01T14:42:23Z] [INFO] 🔍 Running overnight research protocol (web scraping + cross-symbol analysis)...
[2026-05-01T14:42:23Z] [INFO] 📊 Cycle duration: 0.26s, Files generated: 1
[2026-05-01T14:42:23Z] [WARNING] ⚠️ Database not initialized for cycle counting
[2026-05-01T14:42:23Z] [INFO] 💾 Database updated with cycle results
[2026-05-01T14:42:23Z] [SECTION] ============================================================
[2026-05-01T14:42:23Z] [INFO] 🔮 PHASE: HIDDEN LAYERING DETECTION
[2026-05-01T14:42:23Z] [INFO] 🔗 Hidden layering detection complete. Connections identified: 2
[2026-05-01T14:42:23Z] [SECTION] ============================================================
[2026-05-01T14:42:23Z] [INFO] 🔬 PHASE: DOMAIN CORRELATION ANALYSIS
[2026-05-01T14:42:23Z] [INFO] 📊 Domain correlation matrices created: 2
[2026-05-01T14:42:23Z] [SECTION] ============================================================
[2026-05-01T14:42:23Z] [INFO] 🖼️  PHASE: IMAGE-SEED ANALYSIS
[2026-05-01T14:42:23Z] [INFO] 📂 Image seed analysis bootstrapping from 0 images...
[2026-05-01T14:42:23Z] [SECTION] ============================================================
[2026-05-01T14:42:23Z] [INFO] 📤 PHASE: PUSH COMPONENTS TO TOLARIA
[2026-05-01T14:42:25Z] [INFO] 📦 Components pushed to Tolaria: 5
[2026-05-01T14:42:25Z] [SECTION] ============================================================
[2026-05-01T14:42:25Z] [INFO] 🧩 PHASE: COMPOSER - DOMAIN INTEGRATION SYNTHESIS
[2026-05-01T14:42:46Z] [INFO] 🎨 Domain integrations synthesized: 0
[2026-05-01T14:42:46Z] [SECTION] ============================================================
[2026-05-01T14:42:46Z] [INFO] 🚀 PHASE: ADVANCED OVERNIGHT LOOP
[2026-05-01T14:43:52Z] [INFO] 🔬 Advanced loop completed cycles: 0
[2026-05-01T14:43:52Z] [WARNING] ⚠️  Git commit skipped or failed (git not initialized?): Command '['git', '-C', '/home/avalonas/.hermes/gematria/unified_overnight_research', 'commit', '-m', '[2026-05-01T14:43:52Z] Cycle 31: Cycle 32: Web research + hidden layering detection']' returned non-zero exit status 1.
[2026-05-01T14:43:52Z] [INFO] 
📊 CYCLE #32 SUMMARY
[2026-05-01T14:43:52Z] [INFO] ✅ Successful tasks: 7/7
[2026-05-01T14:43:52Z] [INFO] ⏱️  Cycle duration: 89.12s
[2026-05-01T14:43:52Z] [INFO]    ⚠️ task: result
[2026-05-01T14:43:52Z] [INFO]    ⚠️ task: result
[2026-05-01T14:43:52Z] [INFO]    ⚠️ task: result
[2026-05-01T14:43:52Z] [INFO]    ⚠️ task: result
[2026-05-01T14:43:52Z] [INFO]    ⚠️ task: result
[2026-05-01T14:43:52Z] [INFO]    ⚠️ task: result
[2026-05-01T14:43:52Z] [INFO]    ⚠️ task: result
[2026-05-01T14:43:52Z] [HEADER] ================================================================================
[2026-05-01T14:43:52Z] [INFO] 🔄 OVERNIGHT RESEARCH PIPELINE - CYCLE #33
[2026-05-01T14:43:52Z] [INFO] ================================================================================
[2026-05-01T14:43:52Z] [HEADER] ============================================================
[2026-05-01T14:43:52Z] [INFO] 🌙 STARTING OVERNIGHT RESEARCH CYCLE #33
[2026-05-01T14:43:52Z] [INFO] 🔍 Running overnight research protocol (web scraping + cross-symbol analysis)...
[2026-05-01T14:43:52Z] [INFO] 📊 Cycle duration: 0.25s, Files generated: 1
[2026-05-01T14:43:52Z] [WARNING] ⚠️ Database not initialized for cycle counting
[2026-05-01T14:43:52Z] [INFO] 💾 Database updated with cycle results
[2026-05-01T14:43:52Z] [SECTION] ============================================================
[2026-05-01T14:43:52Z] [INFO] 🔮 PHASE: HIDDEN LAYERING DETECTION
[2026-05-01T14:43:53Z] [INFO] 🔗 Hidden layering detection complete. Connections identified: 2
[2026-05-01T14:43:53Z] [SECTION] ============================================================
[2026-05-01T14:43:53Z] [INFO] 🔬 PHASE: DOMAIN CORRELATION ANALYSIS
[2026-05-01T14:43:53Z] [INFO] 📊 Domain correlation matrices created: 2
[2026-05-01T14:43:53Z] [SECTION] ============================================================
[2026-05-01T14:43:53Z] [INFO] 🖼️  PHASE: IMAGE-SEED ANALYSIS
[2026-05-01T14:43:53Z] [INFO] 📂 Image seed analysis bootstrapping from 0 images...
[2026-05-01T14:43:53Z] [SECTION] ============================================================
[2026-05-01T14:43:53Z] [INFO] 📤 PHASE: PUSH COMPONENTS TO TOLARIA
[2026-05-01T14:43:53Z] [INFO] 📦 Components pushed to Tolaria: 5
[2026-05-01T14:43:53Z] [SECTION] ============================================================
[2026-05-01T14:43:53Z] [INFO] 🧩 PHASE: COMPOSER - DOMAIN INTEGRATION SYNTHESIS
[2026-05-01T14:44:15Z] [INFO] 🎨 Domain integrations synthesized: 0
[2026-05-01T14:44:15Z] [SECTION] ============================================================
[2026-05-01T14:44:15Z] [INFO] 🚀 PHASE: ADVANCED OVERNIGHT LOOP
[2026-05-01T14:45:15Z] [INFO] 🔬 Advanced loop completed cycles: 0
[2026-05-01T14:45:15Z] [WARNING] ⚠️  Git commit skipped or failed (git not initialized?): Command '['git', '-C', '/home/avalonas/.hermes/gematria/unified_overnight_research', 'add', '.']' returned non-zero exit status 128.
[2026-05-01T14:45:15Z] [INFO] 
📊 CYCLE #33 SUMMARY
[2026-05-01T14:45:15Z] [INFO] ✅ Successful tasks: 7/7
[2026-05-01T14:45:15Z] [INFO] ⏱️  Cycle duration: 82.86s
[2026-05-01T14:45:15Z] [INFO]    ⚠️ task: result
[2026-05-01T14:45:15Z] [INFO]    ⚠️ task: result
[2026-05-01T14:45:15Z] [INFO]    ⚠️ task: result
[2026-05-01T14:45:15Z] [INFO]    ⚠️ task: result
[2026-05-01T14:45:15Z] [INFO]    ⚠️ task: result
[2026-05-01T14:45:15Z] [INFO]    ⚠️ task: result
[2026-05-01T14:45:15Z] [INFO]    ⚠️ task: result
[2026-05-01T14:45:15Z] [HEADER] ================================================================================
[2026-05-01T14:45:15Z] [INFO] 🔄 OVERNIGHT RESEARCH PIPELINE - CYCLE #34
[2026-05-01T14:45:15Z] [INFO] ================================================================================
[2026-05-01T14:45:15Z] [HEADER] ============================================================
[2026-05-01T14:45:15Z] [INFO] 🌙 STARTING OVERNIGHT RESEARCH CYCLE #34
[2026-05-01T14:45:15Z] [INFO] 🔍 Running overnight research protocol (web scraping + cross-symbol analysis)...
[2026-05-01T14:45:15Z] [INFO] 📊 Cycle duration: 0.13s, Files generated: 0
[2026-05-01T14:45:15Z] [WARNING] ⚠️ Database not initialized for cycle counting
[2026-05-01T14:45:15Z] [INFO] 💾 Database updated with cycle results
[2026-05-01T14:45:15Z] [SECTION] ============================================================
[2026-05-01T14:45:15Z] [INFO] 🔮 PHASE: HIDDEN LAYERING DETECTION
[2026-05-01T14:45:15Z] [INFO] 🔗 Hidden layering detection complete. Connections identified: 2
[2026-05-01T14:45:15Z] [SECTION] ============================================================
[2026-05-01T14:45:15Z] [INFO] 🔬 PHASE: DOMAIN CORRELATION ANALYSIS
[2026-05-01T14:45:15Z] [INFO] 📊 Domain correlation matrices created: 2
[2026-05-01T14:45:15Z] [SECTION] ============================================================
[2026-05-01T14:45:15Z] [INFO] 🖼️  PHASE: IMAGE-SEED ANALYSIS
[2026-05-01T14:45:15Z] [INFO] 📂 Image seed analysis bootstrapping from 0 images...
[2026-05-01T14:45:15Z] [SECTION] ============================================================
[2026-05-01T14:45:15Z] [INFO] 📤 PHASE: PUSH COMPONENTS TO TOLARIA
[2026-05-01T14:45:16Z] [INFO] 📦 Components pushed to Tolaria: 5
[2026-05-01T14:45:16Z] [SECTION] ============================================================
[2026-05-01T14:45:16Z] [INFO] 🧩 PHASE: COMPOSER - DOMAIN INTEGRATION SYNTHESIS
[2026-05-01T14:45:38Z] [INFO] 🎨 Domain integrations synthesized: 0
[2026-05-01T14:45:38Z] [SECTION] ============================================================
[2026-05-01T14:45:38Z] [INFO] 🚀 PHASE: ADVANCED OVERNIGHT LOOP
[2026-05-01T14:45:38Z] [INFO] 🔬 Advanced loop completed cycles: 0
[2026-05-01T14:45:38Z] [WARNING] ⚠️  Git commit skipped or failed (git not initialized?): Command '['git', '-C', '/home/avalonas/.hermes/gematria/unified_overnight_research', 'add', '.']' returned non-zero exit status 128.
[2026-05-01T14:45:38Z] [INFO] 
📊 CYCLE #34 SUMMARY
[2026-05-01T14:45:38Z] [INFO] ✅ Successful tasks: 7/7
[2026-05-01T14:45:38Z] [INFO] ⏱️  Cycle duration: 22.68s
[2026-05-01T14:45:38Z] [INFO]    ⚠️ task: result
[2026-05-01T14:45:38Z] [INFO]    ⚠️ task: result
[2026-05-01T14:45:38Z] [INFO]    ⚠️ task: result
[2026-05-01T14:45:38Z] [INFO]    ⚠️ task: result
[2026-05-01T14:45:38Z] [INFO]    ⚠️ task: result
[2026-05-01T14:45:38Z] [INFO]    ⚠️ task: result
[2026-05-01T14:45:38Z] [INFO]    ⚠️ task: result
[2026-05-01T14:45:38Z] [HEADER] ================================================================================
[2026-05-01T14:45:38Z] [INFO] 🔄 OVERNIGHT RESEARCH PIPELINE - CYCLE #35
[2026-05-01T14:45:38Z] [INFO] ================================================================================
[2026-05-01T14:45:38Z] [HEADER] ============================================================
[2026-05-01T14:45:38Z] [INFO] 🌙 STARTING OVERNIGHT RESEARCH CYCLE #35
[2026-05-01T14:45:38Z] [INFO] 🔍 Running overnight research protocol (web scraping + cross-symbol analysis)...
[2026-05-01T14:45:38Z] [INFO] 📊 Cycle duration: 0.14s, Files generated: 0
[2026-05-01T14:45:38Z] [WARNING] ⚠️ Database not initialized for cycle counting
[2026-05-01T14:45:38Z] [INFO] 💾 Database updated with cycle results
[2026-05-01T14:45:38Z] [SECTION] ============================================================
[2026-05-01T14:45:38Z] [INFO] 🔮 PHASE: HIDDEN LAYERING DETECTION
[2026-05-01T14:45:38Z] [INFO] 🔗 Hidden layering detection complete. Connections identified: 2
[2026-05-01T14:45:38Z] [SECTION] ============================================================
[2026-05-01T14:45:38Z] [INFO] 🔬 PHASE: DOMAIN CORRELATION ANALYSIS
[2026-05-01T14:45:38Z] [INFO] 📊 Domain correlation matrices created: 2
[2026-05-01T14:45:38Z] [SECTION] ============================================================
[2026-05-01T14:45:38Z] [INFO] 🖼️  PHASE: IMAGE-SEED ANALYSIS
[2026-05-01T14:45:38Z] [INFO] 📂 Image seed analysis bootstrapping from 0 images...
[2026-05-01T14:45:38Z] [SECTION] ============================================================
[2026-05-01T14:45:38Z] [INFO] 📤 PHASE: PUSH COMPONENTS TO TOLARIA
[2026-05-01T14:45:39Z] [INFO] 📦 Components pushed to Tolaria: 5
[2026-05-01T14:45:39Z] [SECTION] ============================================================
[2026-05-01T14:45:39Z] [INFO] 🧩 PHASE: COMPOSER - DOMAIN INTEGRATION SYNTHESIS
[2026-05-01T14:46:02Z] [INFO] 🎨 Domain integrations synthesized: 0
[2026-05-01T14:46:02Z] [SECTION] ============================================================
[2026-05-01T14:46:02Z] [INFO] 🚀 PHASE: ADVANCED OVERNIGHT LOOP
[2026-05-01T14:46:02Z] [INFO] 🔬 Advanced loop completed cycles: 0
[2026-05-01T14:46:02Z] [WARNING] ⚠️  Git commit skipped or failed (git not initialized?): Command '['git', '-C', '/home/avalonas/.hermes/gematria/unified_overnight_research', 'add', '.']' returned non-zero exit status 128.
[2026-05-01T14:46:02Z] [INFO] 
📊 CYCLE #35 SUMMARY
[2026-05-01T14:46:02Z] [INFO] ✅ Successful tasks: 7/7
[2026-05-01T14:46:02Z] [INFO] ⏱️  Cycle duration: 23.97s
[2026-05-01T14:46:02Z] [INFO]    ⚠️ task: result
[2026-05-01T14:46:02Z] [INFO]    ⚠️ task: result
[2026-05-01T14:46:02Z] [INFO]    ⚠️ task: result
[2026-05-01T14:46:02Z] [INFO]    ⚠️ task: result
[2026-05-01T14:46:02Z] [INFO]    ⚠️ task: result
[2026-05-01T14:46:02Z] [INFO]    ⚠️ task: result
[2026-05-01T14:46:02Z] [INFO]    ⚠️ task: result
[2026-05-01T14:46:02Z] [HEADER] ================================================================================
[2026-05-01T14:46:02Z] [INFO] 🔄 OVERNIGHT RESEARCH PIPELINE - CYCLE #36
[2026-05-01T14:46:02Z] [INFO] ================================================================================
[2026-05-01T14:46:02Z] [HEADER] ============================================================
[2026-05-01T14:46:02Z] [INFO] 🌙 STARTING OVERNIGHT RESEARCH CYCLE #36
[2026-05-01T14:46:02Z] [INFO] 🔍 Running overnight research protocol (web scraping + cross-symbol analysis)...
[2026-05-01T14:46:02Z] [INFO] 📊 Cycle duration: 0.20s, Files generated: 0
[2026-05-01T14:46:02Z] [WARNING] ⚠️ Database not initialized for cycle counting
[2026-05-01T14:46:02Z] [INFO] 💾 Database updated with cycle results
[2026-05-01T14:46:02Z] [SECTION] ============================================================
[2026-05-01T14:46:02Z] [INFO] 🔮 PHASE: HIDDEN LAYERING DETECTION
[2026-05-01T14:46:02Z] [INFO] 🔗 Hidden layering detection complete. Connections identified: 2
[2026-05-01T14:46:02Z] [SECTION] ============================================================
[2026-05-01T14:46:02Z] [INFO] 🔬 PHASE: DOMAIN CORRELATION ANALYSIS
[2026-05-01T14:46:02Z] [INFO] 📊 Domain correlation matrices created: 2
[2026-05-01T14:46:02Z] [SECTION] ============================================================
[2026-05-01T14:46:02Z] [INFO] 🖼️  PHASE: IMAGE-SEED ANALYSIS
[2026-05-01T14:46:02Z] [INFO] 📂 Image seed analysis bootstrapping from 0 images...
[2026-05-01T14:46:02Z] [SECTION] ============================================================
[2026-05-01T14:46:02Z] [INFO] 📤 PHASE: PUSH COMPONENTS TO TOLARIA
[2026-05-01T14:46:03Z] [INFO] 📦 Components pushed to Tolaria: 5
[2026-05-01T14:46:03Z] [SECTION] ============================================================
[2026-05-01T14:46:03Z] [INFO] 🧩 PHASE: COMPOSER - DOMAIN INTEGRATION SYNTHESIS
[2026-05-01T14:46:26Z] [INFO] 🎨 Domain integrations synthesized: 0
[2026-05-01T14:46:26Z] [SECTION] ============================================================
[2026-05-01T14:46:26Z] [INFO] 🚀 PHASE: ADVANCED OVERNIGHT LOOP
[2026-05-01T14:46:26Z] [INFO] 🔬 Advanced loop completed cycles: 0
[2026-05-01T14:46:26Z] [WARNING] ⚠️  Git commit skipped or failed (git not initialized?): Command '['git', '-C', '/home/avalonas/.hermes/gematria/unified_overnight_research', 'add', '.']' returned non-zero exit status 128.
[2026-05-01T14:46:26Z] [INFO] 
📊 CYCLE #36 SUMMARY
[2026-05-01T14:46:26Z] [INFO] ✅ Successful tasks: 7/7
[2026-05-01T14:46:26Z] [INFO] ⏱️  Cycle duration: 24.30s
[2026-05-01T14:46:26Z] [INFO]    ⚠️ task: result
[2026-05-01T14:46:26Z] [INFO]    ⚠️ task: result
[2026-05-01T14:46:26Z] [INFO]    ⚠️ task: result
[2026-05-01T14:46:26Z] [INFO]    ⚠️ task: result
[2026-05-01T14:46:26Z] [INFO]    ⚠️ task: result
[2026-05-01T14:46:26Z] [INFO]    ⚠️ task: result
[2026-05-01T14:46:26Z] [INFO]    ⚠️ task: result
[2026-05-01T14:46:26Z] [HEADER] ================================================================================
[2026-05-01T14:46:26Z] [INFO] 🔄 OVERNIGHT RESEARCH PIPELINE - CYCLE #37
[2026-05-01T14:46:26Z] [INFO] ================================================================================
[2026-05-01T14:46:26Z] [HEADER] ============================================================
[2026-05-01T14:46:26Z] [INFO] 🌙 STARTING OVERNIGHT RESEARCH CYCLE #37
[2026-05-01T14:46:26Z] [INFO] 🔍 Running overnight research protocol (web scraping + cross-symbol analysis)...
[2026-05-01T14:46:26Z] [INFO] 📊 Cycle duration: 0.17s, Files generated: 0
[2026-05-01T14:46:26Z] [WARNING] ⚠️ Database not initialized for cycle counting
[2026-05-01T14:46:26Z] [INFO] 💾 Database updated with cycle results
[2026-05-01T14:46:26Z] [SECTION] ============================================================
[2026-05-01T14:46:26Z] [INFO] 🔮 PHASE: HIDDEN LAYERING DETECTION
[2026-05-01T14:46:26Z] [INFO] 🔗 Hidden layering detection complete. Connections identified: 2
[2026-05-01T14:46:26Z] [SECTION] ============================================================
[2026-05-01T14:46:26Z] [INFO] 🔬 PHASE: DOMAIN CORRELATION ANALYSIS
[2026-05-01T14:46:26Z] [INFO] 📊 Domain correlation matrices created: 2
[2026-05-01T14:46:26Z] [SECTION] ============================================================
[2026-05-01T14:46:26Z] [INFO] 🖼️  PHASE: IMAGE-SEED ANALYSIS
[2026-05-01T14:46:26Z] [INFO] 📂 Image seed analysis bootstrapping from 0 images...
[2026-05-01T14:46:26Z] [SECTION] ============================================================
[2026-05-01T14:46:26Z] [INFO] 📤 PHASE: PUSH COMPONENTS TO TOLARIA
[2026-05-01T14:46:27Z] [INFO] 📦 Components pushed to Tolaria: 5
[2026-05-01T14:46:27Z] [SECTION] ============================================================
[2026-05-01T14:46:27Z] [INFO] 🧩 PHASE: COMPOSER - DOMAIN INTEGRATION SYNTHESIS
[2026-05-01T14:46:50Z] [INFO] 🎨 Domain integrations synthesized: 0
[2026-05-01T14:46:50Z] [SECTION] ============================================================
[2026-05-01T14:46:50Z] [INFO] 🚀 PHASE: ADVANCED OVERNIGHT LOOP
[2026-05-01T14:46:50Z] [INFO] 🔬 Advanced loop completed cycles: 0
[2026-05-01T14:46:50Z] [WARNING] ⚠️  Git commit skipped or failed (git not initialized?): Command '['git', '-C', '/home/avalonas/.hermes/gematria/unified_overnight_research', 'commit', '-m', '[2026-05-01T14:46:50Z] Cycle 36: Cycle 37: Web research + hidden layering detection']' returned non-zero exit status 128.
[2026-05-01T14:46:50Z] [INFO] 
📊 CYCLE #37 SUMMARY
[2026-05-01T14:46:50Z] [INFO] ✅ Successful tasks: 7/7
[2026-05-01T14:46:50Z] [INFO] ⏱️  Cycle duration: 24.32s
[2026-05-01T14:46:50Z] [INFO]    ⚠️ task: result
[2026-05-01T14:46:50Z] [INFO]    ⚠️ task: result
[2026-05-01T14:46:50Z] [INFO]    ⚠️ task: result
[2026-05-01T14:46:50Z] [INFO]    ⚠️ task: result
[2026-05-01T14:46:50Z] [INFO]    ⚠️ task: result
[2026-05-01T14:46:50Z] [INFO]    ⚠️ task: result
[2026-05-01T14:46:50Z] [INFO]    ⚠️ task: result
[2026-05-01T14:46:50Z] [HEADER] ================================================================================
[2026-05-01T14:46:50Z] [INFO] 🔄 OVERNIGHT RESEARCH PIPELINE - CYCLE #38
[2026-05-01T14:46:50Z] [INFO] ================================================================================
[2026-05-01T14:46:50Z] [HEADER] ============================================================
[2026-05-01T14:46:50Z] [INFO] 🌙 STARTING OVERNIGHT RESEARCH CYCLE #38
[2026-05-01T14:46:50Z] [INFO] 🔍 Running overnight research protocol (web scraping + cross-symbol analysis)...
[2026-05-01T14:46:51Z] [INFO] 📊 Cycle duration: 0.25s, Files generated: 0
[2026-05-01T14:46:51Z] [WARNING] ⚠️ Database not initialized for cycle counting
[2026-05-01T14:46:51Z] [INFO] 💾 Database updated with cycle results
[2026-05-01T14:46:51Z] [SECTION] ============================================================
[2026-05-01T14:46:51Z] [INFO] 🔮 PHASE: HIDDEN LAYERING DETECTION
[2026-05-01T14:46:51Z] [INFO] 🔗 Hidden layering detection complete. Connections identified: 2
[2026-05-01T14:46:51Z] [SECTION] ============================================================
[2026-05-01T14:46:51Z] [INFO] 🔬 PHASE: DOMAIN CORRELATION ANALYSIS
[2026-05-01T14:46:51Z] [INFO] 📊 Domain correlation matrices created: 2
[2026-05-01T14:46:51Z] [SECTION] ============================================================
[2026-05-01T14:46:51Z] [INFO] 🖼️  PHASE: IMAGE-SEED ANALYSIS
[2026-05-01T14:46:51Z] [INFO] 📂 Image seed analysis bootstrapping from 0 images...
[2026-05-01T14:46:51Z] [SECTION] ============================================================
[2026-05-01T14:46:51Z] [INFO] 📤 PHASE: PUSH COMPONENTS TO TOLARIA
[2026-05-01T14:46:52Z] [INFO] 📦 Components pushed to Tolaria: 5
[2026-05-01T14:46:52Z] [SECTION] ============================================================
[2026-05-01T14:46:52Z] [INFO] 🧩 PHASE: COMPOSER - DOMAIN INTEGRATION SYNTHESIS
[2026-05-01T14:47:14Z] [INFO] 🎨 Domain integrations synthesized: 0
[2026-05-01T14:47:14Z] [SECTION] ============================================================
[2026-05-01T14:47:14Z] [INFO] 🚀 PHASE: ADVANCED OVERNIGHT LOOP
[2026-05-01T14:47:14Z] [INFO] 🔬 Advanced loop completed cycles: 0
[2026-05-01T14:47:14Z] [WARNING] ⚠️  Git commit skipped or failed (git not initialized?): Command '['git', '-C', '/home/avalonas/.hermes/gematria/unified_overnight_research', 'add', '.']' returned non-zero exit status 128.
[2026-05-01T14:47:14Z] [INFO] 
📊 CYCLE #38 SUMMARY
[2026-05-01T14:47:14Z] [INFO] ✅ Successful tasks: 7/7
[2026-05-01T14:47:14Z] [INFO] ⏱️  Cycle duration: 24.15s
[2026-05-01T14:47:14Z] [INFO]    ⚠️ task: result
[2026-05-01T14:47:14Z] [INFO]    ⚠️ task: result
[2026-05-01T14:47:14Z] [INFO]    ⚠️ task: result
[2026-05-01T14:47:14Z] [INFO]    ⚠️ task: result
[2026-05-01T14:47:14Z] [INFO]    ⚠️ task: result
[2026-05-01T14:47:14Z] [INFO]    ⚠️ task: result
[2026-05-01T14:47:14Z] [INFO]    ⚠️ task: result
[2026-05-01T14:47:14Z] [HEADER] ================================================================================
[2026-05-01T14:47:14Z] [INFO] 🔄 OVERNIGHT RESEARCH PIPELINE - CYCLE #39
[2026-05-01T14:47:14Z] [INFO] ================================================================================
[2026-05-01T14:47:14Z] [HEADER] ============================================================
[2026-05-01T14:47:14Z] [INFO] 🌙 STARTING OVERNIGHT RESEARCH CYCLE #39
[2026-05-01T14:47:14Z] [INFO] 🔍 Running overnight research protocol (web scraping + cross-symbol analysis)...
[2026-05-01T14:47:15Z] [INFO] 📊 Cycle duration: 0.16s, Files generated: 0
[2026-05-01T14:47:15Z] [WARNING] ⚠️ Database not initialized for cycle counting
[2026-05-01T14:47:15Z] [INFO] 💾 Database updated with cycle results
[2026-05-01T14:47:15Z] [SECTION] ============================================================
[2026-05-01T14:47:15Z] [INFO] 🔮 PHASE: HIDDEN LAYERING DETECTION
[2026-05-01T14:47:15Z] [INFO] 🔗 Hidden layering detection complete. Connections identified: 2
[2026-05-01T14:47:15Z] [SECTION] ============================================================
[2026-05-01T14:47:15Z] [INFO] 🔬 PHASE: DOMAIN CORRELATION ANALYSIS
[2026-05-01T14:47:15Z] [INFO] 📊 Domain correlation matrices created: 2
[2026-05-01T14:47:15Z] [SECTION] ============================================================
[2026-05-01T14:47:15Z] [INFO] 🖼️  PHASE: IMAGE-SEED ANALYSIS
[2026-05-01T14:47:15Z] [INFO] 📂 Image seed analysis bootstrapping from 0 images...
[2026-05-01T14:47:15Z] [SECTION] ============================================================
[2026-05-01T14:47:15Z] [INFO] 📤 PHASE: PUSH COMPONENTS TO TOLARIA
[2026-05-01T14:47:16Z] [INFO] 📦 Components pushed to Tolaria: 5
[2026-05-01T14:47:16Z] [SECTION] ============================================================
[2026-05-01T14:47:16Z] [INFO] 🧩 PHASE: COMPOSER - DOMAIN INTEGRATION SYNTHESIS
[2026-05-01T14:47:39Z] [INFO] 🎨 Domain integrations synthesized: 0
[2026-05-01T14:47:39Z] [SECTION] ============================================================
[2026-05-01T14:47:39Z] [INFO] 🚀 PHASE: ADVANCED OVERNIGHT LOOP
[2026-05-01T14:47:39Z] [INFO] 🔬 Advanced loop completed cycles: 0
[2026-05-01T14:47:39Z] [WARNING] ⚠️  Git commit skipped or failed (git not initialized?): Command '['git', '-C', '/home/avalonas/.hermes/gematria/unified_overnight_research', 'add', '.']' returned non-zero exit status 128.
[2026-05-01T14:47:39Z] [INFO] 
📊 CYCLE #39 SUMMARY
[2026-05-01T14:47:39Z] [INFO] ✅ Successful tasks: 7/7
[2026-05-01T14:47:39Z] [INFO] ⏱️  Cycle duration: 24.27s
[2026-05-01T14:47:39Z] [INFO]    ⚠️ task: result
[2026-05-01T14:47:39Z] [INFO]    ⚠️ task: result
[2026-05-01T14:47:39Z] [INFO]    ⚠️ task: result
[2026-05-01T14:47:39Z] [INFO]    ⚠️ task: result
[2026-05-01T14:47:39Z] [INFO]    ⚠️ task: result
[2026-05-01T14:47:39Z] [INFO]    ⚠️ task: result
[2026-05-01T14:47:39Z] [INFO]    ⚠️ task: result
[2026-05-01T14:47:39Z] [HEADER] ================================================================================
[2026-05-01T14:47:39Z] [INFO] 🔄 OVERNIGHT RESEARCH PIPELINE - CYCLE #40
[2026-05-01T14:47:39Z] [INFO] ================================================================================
[2026-05-01T14:47:39Z] [HEADER] ============================================================
[2026-05-01T14:47:39Z] [INFO] 🌙 STARTING OVERNIGHT RESEARCH CYCLE #40
[2026-05-01T14:47:39Z] [INFO] 🔍 Running overnight research protocol (web scraping + cross-symbol analysis)...
[2026-05-01T14:47:39Z] [INFO] 📊 Cycle duration: 0.22s, Files generated: 0
[2026-05-01T14:47:39Z] [WARNING] ⚠️ Database not initialized for cycle counting
[2026-05-01T14:47:39Z] [INFO] 💾 Database updated with cycle results
[2026-05-01T14:47:39Z] [SECTION] ============================================================
[2026-05-01T14:47:39Z] [INFO] 🔮 PHASE: HIDDEN LAYERING DETECTION
[2026-05-01T14:47:39Z] [INFO] 🔗 Hidden layering detection complete. Connections identified: 2
[2026-05-01T14:47:39Z] [SECTION] ============================================================
[2026-05-01T14:47:39Z] [INFO] 🔬 PHASE: DOMAIN CORRELATION ANALYSIS
[2026-05-01T14:47:39Z] [INFO] 📊 Domain correlation matrices created: 2
[2026-05-01T14:47:39Z] [SECTION] ============================================================
[2026-05-01T14:47:39Z] [INFO] 🖼️  PHASE: IMAGE-SEED ANALYSIS
[2026-05-01T14:47:39Z] [INFO] 📂 Image seed analysis bootstrapping from 0 images...
[2026-05-01T14:47:39Z] [SECTION] ============================================================
[2026-05-01T14:47:39Z] [INFO] 📤 PHASE: PUSH COMPONENTS TO TOLARIA
[2026-05-01T14:47:40Z] [INFO] 📦 Components pushed to Tolaria: 5
[2026-05-01T14:47:40Z] [SECTION] ============================================================
[2026-05-01T14:47:40Z] [INFO] 🧩 PHASE: COMPOSER - DOMAIN INTEGRATION SYNTHESIS
[2026-05-01T14:48:03Z] [INFO] 🎨 Domain integrations synthesized: 0
[2026-05-01T14:48:03Z] [SECTION] ============================================================
[2026-05-01T14:48:03Z] [INFO] 🚀 PHASE: ADVANCED OVERNIGHT LOOP
[2026-05-01T14:48:03Z] [INFO] 🔬 Advanced loop completed cycles: 0
[2026-05-01T14:48:03Z] [WARNING] ⚠️  Git commit skipped or failed (git not initialized?): Command '['git', '-C', '/home/avalonas/.hermes/gematria/unified_overnight_research', 'commit', '-m', '[2026-05-01T14:48:03Z] Cycle 39: Cycle 40: Web research + hidden layering detection']' returned non-zero exit status 128.
[2026-05-01T14:48:03Z] [INFO] 
📊 CYCLE #40 SUMMARY
[2026-05-01T14:48:03Z] [INFO] ✅ Successful tasks: 7/7
[2026-05-01T14:48:03Z] [INFO] ⏱️  Cycle duration: 24.33s
[2026-05-01T14:48:03Z] [INFO]    ⚠️ task: result
[2026-05-01T14:48:03Z] [INFO]    ⚠️ task: result
[2026-05-01T14:48:03Z] [INFO]    ⚠️ task: result
[2026-05-01T14:48:03Z] [INFO]    ⚠️ task: result
[2026-05-01T14:48:03Z] [INFO]    ⚠️ task: result
[2026-05-01T14:48:03Z] [INFO]    ⚠️ task: result
[2026-05-01T14:48:03Z] [INFO]    ⚠️ task: result
[2026-05-01T14:48:03Z] [HEADER] ================================================================================
[2026-05-01T14:48:03Z] [INFO] 🔄 OVERNIGHT RESEARCH PIPELINE - CYCLE #41
[2026-05-01T14:48:03Z] [INFO] ================================================================================
[2026-05-01T14:48:03Z] [HEADER] ============================================================
[2026-05-01T14:48:03Z] [INFO] 🌙 STARTING OVERNIGHT RESEARCH CYCLE #41
[2026-05-01T14:48:03Z] [INFO] 🔍 Running overnight research protocol (web scraping + cross-symbol analysis)...
[2026-05-01T14:48:03Z] [INFO] 📊 Cycle duration: 0.15s, Files generated: 0
[2026-05-01T14:48:03Z] [WARNING] ⚠️ Database not initialized for cycle counting
[2026-05-01T14:48:03Z] [INFO] 💾 Database updated with cycle results
[2026-05-01T14:48:03Z] [SECTION] ============================================================
[2026-05-01T14:48:03Z] [INFO] 🔮 PHASE: HIDDEN LAYERING DETECTION
[2026-05-01T14:48:03Z] [INFO] 🔗 Hidden layering detection complete. Connections identified: 2
[2026-05-01T14:48:03Z] [SECTION] ============================================================
[2026-05-01T14:48:03Z] [INFO] 🔬 PHASE: DOMAIN CORRELATION ANALYSIS
[2026-05-01T14:48:03Z] [INFO] 📊 Domain correlation matrices created: 2
[2026-05-01T14:48:03Z] [SECTION] ============================================================
[2026-05-01T14:48:03Z] [INFO] 🖼️  PHASE: IMAGE-SEED ANALYSIS
[2026-05-01T14:48:03Z] [INFO] 📂 Image seed analysis bootstrapping from 0 images...
[2026-05-01T14:48:03Z] [SECTION] ============================================================
[2026-05-01T14:48:03Z] [INFO] 📤 PHASE: PUSH COMPONENTS TO TOLARIA
[2026-05-01T14:48:04Z] [INFO] 📦 Components pushed to Tolaria: 5
[2026-05-01T14:48:04Z] [SECTION] ============================================================
[2026-05-01T14:48:04Z] [INFO] 🧩 PHASE: COMPOSER - DOMAIN INTEGRATION SYNTHESIS
[2026-05-01T14:48:26Z] [INFO] 🎨 Domain integrations synthesized: 0
[2026-05-01T14:48:26Z] [SECTION] ============================================================
[2026-05-01T14:48:26Z] [INFO] 🚀 PHASE: ADVANCED OVERNIGHT LOOP
[2026-05-01T14:48:26Z] [INFO] 🔬 Advanced loop completed cycles: 0
[2026-05-01T14:48:26Z] [WARNING] ⚠️  Git commit skipped or failed (git not initialized?): Command '['git', '-C', '/home/avalonas/.hermes/gematria/unified_overnight_research', 'add', '.']' returned non-zero exit status 128.
[2026-05-01T14:48:26Z] [INFO] 
📊 CYCLE #41 SUMMARY
[2026-05-01T14:48:26Z] [INFO] ✅ Successful tasks: 7/7
[2026-05-01T14:48:26Z] [INFO] ⏱️  Cycle duration: 22.93s
[2026-05-01T14:48:26Z] [INFO]    ⚠️ task: result
[2026-05-01T14:48:26Z] [INFO]    ⚠️ task: result
[2026-05-01T14:48:26Z] [INFO]    ⚠️ task: result
[2026-05-01T14:48:26Z] [INFO]    ⚠️ task: result
[2026-05-01T14:48:26Z] [INFO]    ⚠️ task: result
[2026-05-01T14:48:26Z] [INFO]    ⚠️ task: result
[2026-05-01T14:48:26Z] [INFO]    ⚠️ task: result
[2026-05-01T14:48:26Z] [HEADER] ================================================================================
[2026-05-01T14:48:26Z] [INFO] 🔄 OVERNIGHT RESEARCH PIPELINE - CYCLE #42
[2026-05-01T14:48:26Z] [INFO] ================================================================================
[2026-05-01T14:48:26Z] [HEADER] ============================================================
[2026-05-01T14:48:26Z] [INFO] 🌙 STARTING OVERNIGHT RESEARCH CYCLE #42
[2026-05-01T14:48:26Z] [INFO] 🔍 Running overnight research protocol (web scraping + cross-symbol analysis)...
[2026-05-01T14:48:26Z] [INFO] 📊 Cycle duration: 0.17s, Files generated: 0
[2026-05-01T14:48:26Z] [WARNING] ⚠️ Database not initialized for cycle counting
[2026-05-01T14:48:26Z] [INFO] 💾 Database updated with cycle results
[2026-05-01T14:48:26Z] [SECTION] ============================================================
[2026-05-01T14:48:26Z] [INFO] 🔮 PHASE: HIDDEN LAYERING DETECTION
[2026-05-01T14:48:26Z] [INFO] 🔗 Hidden layering detection complete. Connections identified: 2
[2026-05-01T14:48:26Z] [SECTION] ============================================================
[2026-05-01T14:48:26Z] [INFO] 🔬 PHASE: DOMAIN CORRELATION ANALYSIS
[2026-05-01T14:48:26Z] [INFO] 📊 Domain correlation matrices created: 2
[2026-05-01T14:48:26Z] [SECTION] ============================================================
[2026-05-01T14:48:26Z] [INFO] 🖼️  PHASE: IMAGE-SEED ANALYSIS
[2026-05-01T14:48:26Z] [INFO] 📂 Image seed analysis bootstrapping from 0 images...
[2026-05-01T14:48:26Z] [SECTION] ============================================================
[2026-05-01T14:48:26Z] [INFO] 📤 PHASE: PUSH COMPONENTS TO TOLARIA
[2026-05-01T14:48:27Z] [INFO] 📦 Components pushed to Tolaria: 5
[2026-05-01T14:48:27Z] [SECTION] ============================================================
[2026-05-01T14:48:27Z] [INFO] 🧩 PHASE: COMPOSER - DOMAIN INTEGRATION SYNTHESIS
[2026-05-01T14:48:48Z] [INFO] 🎨 Domain integrations synthesized: 0
[2026-05-01T14:48:48Z] [SECTION] ============================================================
[2026-05-01T14:48:48Z] [INFO] 🚀 PHASE: ADVANCED OVERNIGHT LOOP
[2026-05-01T14:48:48Z] [INFO] 🔬 Advanced loop completed cycles: 0
[2026-05-01T14:48:48Z] [WARNING] ⚠️  Git commit skipped or failed (git not initialized?): Command '['git', '-C', '/home/avalonas/.hermes/gematria/unified_overnight_research', 'add', '.']' returned non-zero exit status 128.
[2026-05-01T14:48:48Z] [INFO] 
📊 CYCLE #42 SUMMARY
[2026-05-01T14:48:48Z] [INFO] ✅ Successful tasks: 7/7
[2026-05-01T14:48:48Z] [INFO] ⏱️  Cycle duration: 22.47s
[2026-05-01T14:48:48Z] [INFO]    ⚠️ task: result
[2026-05-01T14:48:48Z] [INFO]    ⚠️ task: result
[2026-05-01T14:48:48Z] [INFO]    ⚠️ task: result
[2026-05-01T14:48:48Z] [INFO]    ⚠️ task: result
[2026-05-01T14:48:48Z] [INFO]    ⚠️ task: result
[2026-05-01T14:48:48Z] [INFO]    ⚠️ task: result
[2026-05-01T14:48:48Z] [INFO]    ⚠️ task: result
[2026-05-01T14:48:48Z] [HEADER] ================================================================================
[2026-05-01T14:48:48Z] [INFO] 🔄 OVERNIGHT RESEARCH PIPELINE - CYCLE #43
[2026-05-01T14:48:48Z] [INFO] ================================================================================
[2026-05-01T14:48:48Z] [HEADER] ============================================================
[2026-05-01T14:48:48Z] [INFO] 🌙 STARTING OVERNIGHT RESEARCH CYCLE #43
[2026-05-01T14:48:48Z] [INFO] 🔍 Running overnight research protocol (web scraping + cross-symbol analysis)...
[2026-05-01T14:48:49Z] [INFO] 📊 Cycle duration: 0.16s, Files generated: 0
[2026-05-01T14:48:49Z] [WARNING] ⚠️ Database not initialized for cycle counting
[2026-05-01T14:48:49Z] [INFO] 💾 Database updated with cycle results
[2026-05-01T14:48:49Z] [SECTION] ============================================================
[2026-05-01T14:48:49Z] [INFO] 🔮 PHASE: HIDDEN LAYERING DETECTION
[2026-05-01T14:48:49Z] [INFO] 🔗 Hidden layering detection complete. Connections identified: 2
[2026-05-01T14:48:49Z] [SECTION] ============================================================
[2026-05-01T14:48:49Z] [INFO] 🔬 PHASE: DOMAIN CORRELATION ANALYSIS
[2026-05-01T14:48:49Z] [INFO] 📊 Domain correlation matrices created: 2
[2026-05-01T14:48:49Z] [SECTION] ============================================================
[2026-05-01T14:48:49Z] [INFO] 🖼️  PHASE: IMAGE-SEED ANALYSIS
[2026-05-01T14:48:49Z] [INFO] 📂 Image seed analysis bootstrapping from 0 images...
[2026-05-01T14:48:49Z] [SECTION] ============================================================
[2026-05-01T14:48:49Z] [INFO] 📤 PHASE: PUSH COMPONENTS TO TOLARIA
[2026-05-01T14:48:50Z] [INFO] 📦 Components pushed to Tolaria: 5
[2026-05-01T14:48:50Z] [SECTION] ============================================================
[2026-05-01T14:48:50Z] [INFO] 🧩 PHASE: COMPOSER - DOMAIN INTEGRATION SYNTHESIS
[2026-05-01T14:49:13Z] [INFO] 🎨 Domain integrations synthesized: 0
[2026-05-01T14:49:13Z] [SECTION] ============================================================
[2026-05-01T14:49:13Z] [INFO] 🚀 PHASE: ADVANCED OVERNIGHT LOOP
[2026-05-01T14:49:13Z] [INFO] 🔬 Advanced loop completed cycles: 0
[2026-05-01T14:49:13Z] [WARNING] ⚠️  Git commit skipped or failed (git not initialized?): Command '['git', '-C', '/home/avalonas/.hermes/gematria/unified_overnight_research', 'add', '.']' returned non-zero exit status 128.
[2026-05-01T14:49:13Z] [INFO] 
📊 CYCLE #43 SUMMARY
[2026-05-01T14:49:13Z] [INFO] ✅ Successful tasks: 7/7
[2026-05-01T14:49:13Z] [INFO] ⏱️  Cycle duration: 24.26s
[2026-05-01T14:49:13Z] [INFO]    ⚠️ task: result
[2026-05-01T14:49:13Z] [INFO]    ⚠️ task: result
[2026-05-01T14:49:13Z] [INFO]    ⚠️ task: result
[2026-05-01T14:49:13Z] [INFO]    ⚠️ task: result
[2026-05-01T14:49:13Z] [INFO]    ⚠️ task: result
[2026-05-01T14:49:13Z] [INFO]    ⚠️ task: result
[2026-05-01T14:49:13Z] [INFO]    ⚠️ task: result
[2026-05-01T14:49:13Z] [HEADER] ================================================================================
[2026-05-01T14:49:13Z] [INFO] 🔄 OVERNIGHT RESEARCH PIPELINE - CYCLE #44
[2026-05-01T14:49:13Z] [INFO] ================================================================================
[2026-05-01T14:49:13Z] [HEADER] ============================================================
[2026-05-01T14:49:13Z] [INFO] 🌙 STARTING OVERNIGHT RESEARCH CYCLE #44
[2026-05-01T14:49:13Z] [INFO] 🔍 Running overnight research protocol (web scraping + cross-symbol analysis)...
[2026-05-01T14:49:13Z] [INFO] 📊 Cycle duration: 0.18s, Files generated: 0
[2026-05-01T14:49:13Z] [WARNING] ⚠️ Database not initialized for cycle counting
[2026-05-01T14:49:13Z] [INFO] 💾 Database updated with cycle results
[2026-05-01T14:49:13Z] [SECTION] ============================================================
[2026-05-01T14:49:13Z] [INFO] 🔮 PHASE: HIDDEN LAYERING DETECTION
[2026-05-01T14:49:13Z] [INFO] 🔗 Hidden layering detection complete. Connections identified: 2
[2026-05-01T14:49:13Z] [SECTION] ============================================================
[2026-05-01T14:49:13Z] [INFO] 🔬 PHASE: DOMAIN CORRELATION ANALYSIS
[2026-05-01T14:49:13Z] [INFO] 📊 Domain correlation matrices created: 2
[2026-05-01T14:49:13Z] [SECTION] ============================================================
[2026-05-01T14:49:13Z] [INFO] 🖼️  PHASE: IMAGE-SEED ANALYSIS
[2026-05-01T14:49:13Z] [INFO] 📂 Image seed analysis bootstrapping from 0 images...
[2026-05-01T14:49:13Z] [SECTION] ============================================================
[2026-05-01T14:49:13Z] [INFO] 📤 PHASE: PUSH COMPONENTS TO TOLARIA
[2026-05-01T14:49:14Z] [INFO] 📦 Components pushed to Tolaria: 5
[2026-05-01T14:49:14Z] [SECTION] ============================================================
[2026-05-01T14:49:14Z] [INFO] 🧩 PHASE: COMPOSER - DOMAIN INTEGRATION SYNTHESIS
[2026-05-01T14:49:35Z] [INFO] 🎨 Domain integrations synthesized: 0
[2026-05-01T14:49:35Z] [SECTION] ============================================================
[2026-05-01T14:49:35Z] [INFO] 🚀 PHASE: ADVANCED OVERNIGHT LOOP
[2026-05-01T14:49:35Z] [INFO] 🔬 Advanced loop completed cycles: 0
[2026-05-01T14:49:35Z] [WARNING] ⚠️  Git commit skipped or failed (git not initialized?): Command '['git', '-C', '/home/avalonas/.hermes/gematria/unified_overnight_research', 'add', '.']' returned non-zero exit status 128.
[2026-05-01T14:49:35Z] [INFO] 
📊 CYCLE #44 SUMMARY
[2026-05-01T14:49:35Z] [INFO] ✅ Successful tasks: 7/7
[2026-05-01T14:49:35Z] [INFO] ⏱️  Cycle duration: 22.39s
[2026-05-01T14:49:35Z] [INFO]    ⚠️ task: result
[2026-05-01T14:49:35Z] [INFO]    ⚠️ task: result
[2026-05-01T14:49:35Z] [INFO]    ⚠️ task: result
[2026-05-01T14:49:35Z] [INFO]    ⚠️ task: result
[2026-05-01T14:49:35Z] [INFO]    ⚠️ task: result
[2026-05-01T14:49:35Z] [INFO]    ⚠️ task: result
[2026-05-01T14:49:35Z] [INFO]    ⚠️ task: result
[2026-05-01T14:49:35Z] [HEADER] ================================================================================
[2026-05-01T14:49:35Z] [INFO] 🔄 OVERNIGHT RESEARCH PIPELINE - CYCLE #45
[2026-05-01T14:49:35Z] [INFO] ================================================================================
[2026-05-01T14:49:35Z] [HEADER] ============================================================
[2026-05-01T14:49:35Z] [INFO] 🌙 STARTING OVERNIGHT RESEARCH CYCLE #45
[2026-05-01T14:49:35Z] [INFO] 🔍 Running overnight research protocol (web scraping + cross-symbol analysis)...
[2026-05-01T14:49:35Z] [INFO] 📊 Cycle duration: 0.28s, Files generated: 0
[2026-05-01T14:49:35Z] [WARNING] ⚠️ Database not initialized for cycle counting
[2026-05-01T14:49:35Z] [INFO] 💾 Database updated with cycle results
[2026-05-01T14:49:35Z] [SECTION] ============================================================
[2026-05-01T14:49:35Z] [INFO] 🔮 PHASE: HIDDEN LAYERING DETECTION
[2026-05-01T14:49:35Z] [INFO] 🔗 Hidden layering detection complete. Connections identified: 2
[2026-05-01T14:49:35Z] [SECTION] ============================================================
[2026-05-01T14:49:35Z] [INFO] 🔬 PHASE: DOMAIN CORRELATION ANALYSIS
[2026-05-01T14:49:35Z] [INFO] 📊 Domain correlation matrices created: 2
[2026-05-01T14:49:35Z] [SECTION] ============================================================
[2026-05-01T14:49:35Z] [INFO] 🖼️  PHASE: IMAGE-SEED ANALYSIS
[2026-05-01T14:49:35Z] [INFO] 📂 Image seed analysis bootstrapping from 0 images...
[2026-05-01T14:49:36Z] [SECTION] ============================================================
[2026-05-01T14:49:36Z] [INFO] 📤 PHASE: PUSH COMPONENTS TO TOLARIA
[2026-05-01T14:49:36Z] [INFO] 📦 Components pushed to Tolaria: 5
[2026-05-01T14:49:36Z] [SECTION] ============================================================
[2026-05-01T14:49:36Z] [INFO] 🧩 PHASE: COMPOSER - DOMAIN INTEGRATION SYNTHESIS
[2026-05-01T14:49:58Z] [INFO] 🎨 Domain integrations synthesized: 0
[2026-05-01T14:49:58Z] [SECTION] ============================================================
[2026-05-01T14:49:58Z] [INFO] 🚀 PHASE: ADVANCED OVERNIGHT LOOP
[2026-05-01T14:49:58Z] [INFO] 🔬 Advanced loop completed cycles: 0
[2026-05-01T14:49:58Z] [WARNING] ⚠️  Git commit skipped or failed (git not initialized?): Command '['git', '-C', '/home/avalonas/.hermes/gematria/unified_overnight_research', 'add', '.']' returned non-zero exit status 128.
[2026-05-01T14:49:58Z] [INFO] 
📊 CYCLE #45 SUMMARY
[2026-05-01T14:49:58Z] [INFO] ✅ Successful tasks: 7/7
[2026-05-01T14:49:58Z] [INFO] ⏱️  Cycle duration: 22.61s
[2026-05-01T14:49:58Z] [INFO]    ⚠️ task: result
[2026-05-01T14:49:58Z] [INFO]    ⚠️ task: result
[2026-05-01T14:49:58Z] [INFO]    ⚠️ task: result
[2026-05-01T14:49:58Z] [INFO]    ⚠️ task: result
[2026-05-01T14:49:58Z] [INFO]    ⚠️ task: result
[2026-05-01T14:49:58Z] [INFO]    ⚠️ task: result
[2026-05-01T14:49:58Z] [INFO]    ⚠️ task: result
[2026-05-01T14:49:58Z] [HEADER] ================================================================================
[2026-05-01T14:49:58Z] [INFO] 🔄 OVERNIGHT RESEARCH PIPELINE - CYCLE #46
[2026-05-01T14:49:58Z] [INFO] ================================================================================
[2026-05-01T14:49:58Z] [HEADER] ============================================================
[2026-05-01T14:49:58Z] [INFO] 🌙 STARTING OVERNIGHT RESEARCH CYCLE #46
[2026-05-01T14:49:58Z] [INFO] 🔍 Running overnight research protocol (web scraping + cross-symbol analysis)...
[2026-05-01T14:49:58Z] [INFO] 📊 Cycle duration: 0.15s, Files generated: 0
[2026-05-01T14:49:58Z] [WARNING] ⚠️ Database not initialized for cycle counting
[2026-05-01T14:49:58Z] [INFO] 💾 Database updated with cycle results
[2026-05-01T14:49:58Z] [SECTION] ============================================================
[2026-05-01T14:49:58Z] [INFO] 🔮 PHASE: HIDDEN LAYERING DETECTION
[2026-05-01T14:49:58Z] [INFO] 🔗 Hidden layering detection complete. Connections identified: 2
[2026-05-01T14:49:58Z] [SECTION] ============================================================
[2026-05-01T14:49:58Z] [INFO] 🔬 PHASE: DOMAIN CORRELATION ANALYSIS
[2026-05-01T14:49:58Z] [INFO] 📊 Domain correlation matrices created: 2
[2026-05-01T14:49:58Z] [SECTION] ============================================================
[2026-05-01T14:49:58Z] [INFO] 🖼️  PHASE: IMAGE-SEED ANALYSIS
[2026-05-01T14:49:58Z] [INFO] 📂 Image seed analysis bootstrapping from 0 images...
[2026-05-01T14:49:58Z] [SECTION] ============================================================
[2026-05-01T14:49:58Z] [INFO] 📤 PHASE: PUSH COMPONENTS TO TOLARIA
[2026-05-01T14:49:59Z] [INFO] 📦 Components pushed to Tolaria: 5
[2026-05-01T14:49:59Z] [SECTION] ============================================================
[2026-05-01T14:49:59Z] [INFO] 🧩 PHASE: COMPOSER - DOMAIN INTEGRATION SYNTHESIS
[2026-05-01T14:50:22Z] [INFO] 🎨 Domain integrations synthesized: 0
[2026-05-01T14:50:22Z] [SECTION] ============================================================
[2026-05-01T14:50:22Z] [INFO] 🚀 PHASE: ADVANCED OVERNIGHT LOOP
[2026-05-01T14:50:22Z] [INFO] 🔬 Advanced loop completed cycles: 0
[2026-05-01T14:50:22Z] [WARNING] ⚠️  Git commit skipped or failed (git not initialized?): Command '['git', '-C', '/home/avalonas/.hermes/gematria/unified_overnight_research', 'commit', '-m', '[2026-05-01T14:50:22Z] Cycle 45: Cycle 46: Web research + hidden layering detection']' returned non-zero exit status 128.
[2026-05-01T14:50:22Z] [INFO] 
📊 CYCLE #46 SUMMARY
[2026-05-01T14:50:22Z] [INFO] ✅ Successful tasks: 7/7
[2026-05-01T14:50:22Z] [INFO] ⏱️  Cycle duration: 24.16s
[2026-05-01T14:50:22Z] [INFO]    ⚠️ task: result
[2026-05-01T14:50:22Z] [INFO]    ⚠️ task: result
[2026-05-01T14:50:22Z] [INFO]    ⚠️ task: result
[2026-05-01T14:50:22Z] [INFO]    ⚠️ task: result
[2026-05-01T14:50:22Z] [INFO]    ⚠️ task: result
[2026-05-01T14:50:22Z] [INFO]    ⚠️ task: result
[2026-05-01T14:50:22Z] [INFO]    ⚠️ task: result
[2026-05-01T14:50:22Z] [HEADER] ================================================================================
[2026-05-01T14:50:22Z] [INFO] 🔄 OVERNIGHT RESEARCH PIPELINE - CYCLE #47
[2026-05-01T14:50:22Z] [INFO] ================================================================================
[2026-05-01T14:50:22Z] [HEADER] ============================================================
[2026-05-01T14:50:22Z] [INFO] 🌙 STARTING OVERNIGHT RESEARCH CYCLE #47
[2026-05-01T14:50:22Z] [INFO] 🔍 Running overnight research protocol (web scraping + cross-symbol analysis)...
[2026-05-01T14:50:22Z] [INFO] 📊 Cycle duration: 0.39s, Files generated: 0
[2026-05-01T14:50:22Z] [WARNING] ⚠️ Database not initialized for cycle counting
[2026-05-01T14:50:22Z] [INFO] 💾 Database updated with cycle results
[2026-05-01T14:50:22Z] [SECTION] ============================================================
[2026-05-01T14:50:22Z] [INFO] 🔮 PHASE: HIDDEN LAYERING DETECTION
[2026-05-01T14:50:22Z] [INFO] 🔗 Hidden layering detection complete. Connections identified: 2
[2026-05-01T14:50:22Z] [SECTION] ============================================================
[2026-05-01T14:50:22Z] [INFO] 🔬 PHASE: DOMAIN CORRELATION ANALYSIS
[2026-05-01T14:50:22Z] [INFO] 📊 Domain correlation matrices created: 2
[2026-05-01T14:50:22Z] [SECTION] ============================================================
[2026-05-01T14:50:22Z] [INFO] 🖼️  PHASE: IMAGE-SEED ANALYSIS
[2026-05-01T14:50:22Z] [INFO] 📂 Image seed analysis bootstrapping from 0 images...
[2026-05-01T14:50:22Z] [SECTION] ============================================================
[2026-05-01T14:50:22Z] [INFO] 📤 PHASE: PUSH COMPONENTS TO TOLARIA
[2026-05-01T14:50:23Z] [INFO] 📦 Components pushed to Tolaria: 5
[2026-05-01T14:50:23Z] [SECTION] ============================================================
[2026-05-01T14:50:23Z] [INFO] 🧩 PHASE: COMPOSER - DOMAIN INTEGRATION SYNTHESIS
[2026-05-01T14:50:46Z] [INFO] 🎨 Domain integrations synthesized: 0
[2026-05-01T14:50:46Z] [SECTION] ============================================================
[2026-05-01T14:50:46Z] [INFO] 🚀 PHASE: ADVANCED OVERNIGHT LOOP
[2026-05-01T14:50:46Z] [INFO] 🔬 Advanced loop completed cycles: 0
[2026-05-01T14:50:46Z] [WARNING] ⚠️  Git commit skipped or failed (git not initialized?): Command '['git', '-C', '/home/avalonas/.hermes/gematria/unified_overnight_research', 'add', '.']' returned non-zero exit status 128.
[2026-05-01T14:50:46Z] [INFO] 
📊 CYCLE #47 SUMMARY
[2026-05-01T14:50:46Z] [INFO] ✅ Successful tasks: 7/7
[2026-05-01T14:50:46Z] [INFO] ⏱️  Cycle duration: 24.06s
[2026-05-01T14:50:46Z] [INFO]    ⚠️ task: result
[2026-05-01T14:50:46Z] [INFO]    ⚠️ task: result
[2026-05-01T14:50:46Z] [INFO]    ⚠️ task: result
[2026-05-01T14:50:46Z] [INFO]    ⚠️ task: result
[2026-05-01T14:50:46Z] [INFO]    ⚠️ task: result
[2026-05-01T14:50:46Z] [INFO]    ⚠️ task: result
[2026-05-01T14:50:46Z] [INFO]    ⚠️ task: result
[2026-05-01T14:50:46Z] [HEADER] ================================================================================
[2026-05-01T14:50:46Z] [INFO] 🔄 OVERNIGHT RESEARCH PIPELINE - CYCLE #48
[2026-05-01T14:50:46Z] [INFO] ================================================================================
[2026-05-01T14:50:46Z] [HEADER] ============================================================
[2026-05-01T14:50:46Z] [INFO] 🌙 STARTING OVERNIGHT RESEARCH CYCLE #48
[2026-05-01T14:50:46Z] [INFO] 🔍 Running overnight research protocol (web scraping + cross-symbol analysis)...
[2026-05-01T14:50:46Z] [INFO] 📊 Cycle duration: 0.17s, Files generated: 0
[2026-05-01T14:50:46Z] [WARNING] ⚠️ Database not initialized for cycle counting
[2026-05-01T14:50:46Z] [INFO] 💾 Database updated with cycle results
[2026-05-01T14:50:46Z] [SECTION] ============================================================
[2026-05-01T14:50:46Z] [INFO] 🔮 PHASE: HIDDEN LAYERING DETECTION
[2026-05-01T14:50:46Z] [INFO] 🔗 Hidden layering detection complete. Connections identified: 2
[2026-05-01T14:50:46Z] [SECTION] ============================================================
[2026-05-01T14:50:46Z] [INFO] 🔬 PHASE: DOMAIN CORRELATION ANALYSIS
[2026-05-01T14:50:46Z] [INFO] 📊 Domain correlation matrices created: 2
[2026-05-01T14:50:46Z] [SECTION] ============================================================
[2026-05-01T14:50:46Z] [INFO] 🖼️  PHASE: IMAGE-SEED ANALYSIS
[2026-05-01T14:50:46Z] [INFO] 📂 Image seed analysis bootstrapping from 0 images...
[2026-05-01T14:50:46Z] [SECTION] ============================================================
[2026-05-01T14:50:46Z] [INFO] 📤 PHASE: PUSH COMPONENTS TO TOLARIA
[2026-05-01T14:50:47Z] [INFO] 📦 Components pushed to Tolaria: 5
[2026-05-01T14:50:47Z] [SECTION] ============================================================
[2026-05-01T14:50:47Z] [INFO] 🧩 PHASE: COMPOSER - DOMAIN INTEGRATION SYNTHESIS
[2026-05-01T14:51:10Z] [INFO] 🎨 Domain integrations synthesized: 0
[2026-05-01T14:51:10Z] [SECTION] ============================================================
[2026-05-01T14:51:10Z] [INFO] 🚀 PHASE: ADVANCED OVERNIGHT LOOP
[2026-05-01T14:51:10Z] [INFO] 🔬 Advanced loop completed cycles: 0
[2026-05-01T14:51:10Z] [WARNING] ⚠️  Git commit skipped or failed (git not initialized?): Command '['git', '-C', '/home/avalonas/.hermes/gematria/unified_overnight_research', 'add', '.']' returned non-zero exit status 128.
[2026-05-01T14:51:10Z] [INFO] 
📊 CYCLE #48 SUMMARY
[2026-05-01T14:51:10Z] [INFO] ✅ Successful tasks: 7/7
[2026-05-01T14:51:10Z] [INFO] ⏱️  Cycle duration: 24.01s
[2026-05-01T14:51:10Z] [INFO]    ⚠️ task: result
[2026-05-01T14:51:10Z] [INFO]    ⚠️ task: result
[2026-05-01T14:51:10Z] [INFO]    ⚠️ task: result
[2026-05-01T14:51:10Z] [INFO]    ⚠️ task: result
[2026-05-01T14:51:10Z] [INFO]    ⚠️ task: result
[2026-05-01T14:51:10Z] [INFO]    ⚠️ task: result
[2026-05-01T14:51:10Z] [INFO]    ⚠️ task: result
[2026-05-01T14:51:10Z] [HEADER] ================================================================================
[2026-05-01T14:51:10Z] [INFO] 🔄 OVERNIGHT RESEARCH PIPELINE - CYCLE #49
[2026-05-01T14:51:10Z] [INFO] ================================================================================
[2026-05-01T14:51:10Z] [HEADER] ============================================================
[2026-05-01T14:51:10Z] [INFO] 🌙 STARTING OVERNIGHT RESEARCH CYCLE #49
[2026-05-01T14:51:10Z] [INFO] 🔍 Running overnight research protocol (web scraping + cross-symbol analysis)...
[2026-05-01T14:51:10Z] [INFO] 📊 Cycle duration: 0.16s, Files generated: 0
[2026-05-01T14:51:10Z] [WARNING] ⚠️ Database not initialized for cycle counting
[2026-05-01T14:51:10Z] [INFO] 💾 Database updated with cycle results
[2026-05-01T14:51:10Z] [SECTION] ============================================================
[2026-05-01T14:51:10Z] [INFO] 🔮 PHASE: HIDDEN LAYERING DETECTION
[2026-05-01T14:51:10Z] [INFO] 🔗 Hidden layering detection complete. Connections identified: 2
[2026-05-01T14:51:10Z] [SECTION] ============================================================
[2026-05-01T14:51:10Z] [INFO] 🔬 PHASE: DOMAIN CORRELATION ANALYSIS
[2026-05-01T14:51:10Z] [INFO] 📊 Domain correlation matrices created: 2
[2026-05-01T14:51:10Z] [SECTION] ============================================================
[2026-05-01T14:51:10Z] [INFO] 🖼️  PHASE: IMAGE-SEED ANALYSIS
[2026-05-01T14:51:10Z] [INFO] 📂 Image seed analysis bootstrapping from 0 images...
[2026-05-01T14:51:10Z] [SECTION] ============================================================
[2026-05-01T14:51:10Z] [INFO] 📤 PHASE: PUSH COMPONENTS TO TOLARIA
[2026-05-01T14:51:11Z] [INFO] 📦 Components pushed to Tolaria: 5
[2026-05-01T14:51:11Z] [SECTION] ============================================================
[2026-05-01T14:51:11Z] [INFO] 🧩 PHASE: COMPOSER - DOMAIN INTEGRATION SYNTHESIS
[2026-05-01T14:51:34Z] [INFO] 🎨 Domain integrations synthesized: 0
[2026-05-01T14:51:34Z] [SECTION] ============================================================
[2026-05-01T14:51:34Z] [INFO] 🚀 PHASE: ADVANCED OVERNIGHT LOOP
[2026-05-01T14:51:34Z] [INFO] 🔬 Advanced loop completed cycles: 0
[2026-05-01T14:51:34Z] [WARNING] ⚠️  Git commit skipped or failed (git not initialized?): Command '['git', '-C', '/home/avalonas/.hermes/gematria/unified_overnight_research', 'add', '.']' returned non-zero exit status 128.
[2026-05-01T14:51:34Z] [INFO] 
📊 CYCLE #49 SUMMARY
[2026-05-01T14:51:34Z] [INFO] ✅ Successful tasks: 7/7
[2026-05-01T14:51:34Z] [INFO] ⏱️  Cycle duration: 24.30s
[2026-05-01T14:51:34Z] [INFO]    ⚠️ task: result
[2026-05-01T14:51:34Z] [INFO]    ⚠️ task: result
[2026-05-01T14:51:34Z] [INFO]    ⚠️ task: result
[2026-05-01T14:51:34Z] [INFO]    ⚠️ task: result
[2026-05-01T14:51:34Z] [INFO]    ⚠️ task: result
[2026-05-01T14:51:34Z] [INFO]    ⚠️ task: result
[2026-05-01T14:51:34Z] [INFO]    ⚠️ task: result
[2026-05-01T14:51:34Z] [HEADER] ================================================================================
[2026-05-01T14:51:34Z] [INFO] 🔄 OVERNIGHT RESEARCH PIPELINE - CYCLE #50
[2026-05-01T14:51:34Z] [INFO] ================================================================================
[2026-05-01T14:51:34Z] [HEADER] ============================================================
[2026-05-01T14:51:34Z] [INFO] 🌙 STARTING OVERNIGHT RESEARCH CYCLE #50
[2026-05-01T14:51:34Z] [INFO] 🔍 Running overnight research protocol (web scraping + cross-symbol analysis)...
[2026-05-01T14:51:34Z] [INFO] 📊 Cycle duration: 0.16s, Files generated: 0
[2026-05-01T14:51:34Z] [WARNING] ⚠️ Database not initialized for cycle counting
[2026-05-01T14:51:34Z] [INFO] 💾 Database updated with cycle results
[2026-05-01T14:51:34Z] [SECTION] ============================================================
[2026-05-01T14:51:34Z] [INFO] 🔮 PHASE: HIDDEN LAYERING DETECTION
[2026-05-01T14:51:34Z] [INFO] 🔗 Hidden layering detection complete. Connections identified: 2
[2026-05-01T14:51:34Z] [SECTION] ============================================================
[2026-05-01T14:51:34Z] [INFO] 🔬 PHASE: DOMAIN CORRELATION ANALYSIS
[2026-05-01T14:51:35Z] [INFO] 📊 Domain correlation matrices created: 2
[2026-05-01T14:51:35Z] [SECTION] ============================================================
[2026-05-01T14:51:35Z] [INFO] 🖼️  PHASE: IMAGE-SEED ANALYSIS
[2026-05-01T14:51:35Z] [INFO] 📂 Image seed analysis bootstrapping from 0 images...
[2026-05-01T14:51:35Z] [SECTION] ============================================================
[2026-05-01T14:51:35Z] [INFO] 📤 PHASE: PUSH COMPONENTS TO TOLARIA
[2026-05-01T14:51:36Z] [INFO] 📦 Components pushed to Tolaria: 5
[2026-05-01T14:51:36Z] [SECTION] ============================================================
[2026-05-01T14:51:36Z] [INFO] 🧩 PHASE: COMPOSER - DOMAIN INTEGRATION SYNTHESIS
[2026-05-01T14:51:58Z] [INFO] 🎨 Domain integrations synthesized: 0
[2026-05-01T14:51:58Z] [SECTION] ============================================================
[2026-05-01T14:51:58Z] [INFO] 🚀 PHASE: ADVANCED OVERNIGHT LOOP
[2026-05-01T14:51:58Z] [INFO] 🔬 Advanced loop completed cycles: 0
[2026-05-01T14:51:58Z] [WARNING] ⚠️  Git commit skipped or failed (git not initialized?): Command '['git', '-C', '/home/avalonas/.hermes/gematria/unified_overnight_research', 'add', '.']' returned non-zero exit status 128.
[2026-05-01T14:51:58Z] [INFO] 
📊 CYCLE #50 SUMMARY
[2026-05-01T14:51:58Z] [INFO] ✅ Successful tasks: 7/7
[2026-05-01T14:51:58Z] [INFO] ⏱️  Cycle duration: 24.19s
[2026-05-01T14:51:58Z] [INFO]    ⚠️ task: result
[2026-05-01T14:51:58Z] [INFO]    ⚠️ task: result
[2026-05-01T14:51:58Z] [INFO]    ⚠️ task: result
[2026-05-01T14:51:58Z] [INFO]    ⚠️ task: result
[2026-05-01T14:51:58Z] [INFO]    ⚠️ task: result
[2026-05-01T14:51:58Z] [INFO]    ⚠️ task: result
[2026-05-01T14:51:58Z] [INFO]    ⚠️ task: result
[2026-05-01T14:51:58Z] [HEADER] ================================================================================
[2026-05-01T14:51:58Z] [INFO] 🔄 OVERNIGHT RESEARCH PIPELINE - CYCLE #51
[2026-05-01T14:51:58Z] [INFO] ================================================================================
[2026-05-01T14:51:58Z] [HEADER] ============================================================
[2026-05-01T14:51:58Z] [INFO] 🌙 STARTING OVERNIGHT RESEARCH CYCLE #51
[2026-05-01T14:51:58Z] [INFO] 🔍 Running overnight research protocol (web scraping + cross-symbol analysis)...
[2026-05-01T14:51:59Z] [INFO] 📊 Cycle duration: 0.15s, Files generated: 0
[2026-05-01T14:51:59Z] [WARNING] ⚠️ Database not initialized for cycle counting
[2026-05-01T14:51:59Z] [INFO] 💾 Database updated with cycle results
[2026-05-01T14:51:59Z] [SECTION] ============================================================
[2026-05-01T14:51:59Z] [INFO] 🔮 PHASE: HIDDEN LAYERING DETECTION
[2026-05-01T14:51:59Z] [INFO] 🔗 Hidden layering detection complete. Connections identified: 2
[2026-05-01T14:51:59Z] [SECTION] ============================================================
[2026-05-01T14:51:59Z] [INFO] 🔬 PHASE: DOMAIN CORRELATION ANALYSIS
[2026-05-01T14:51:59Z] [INFO] 📊 Domain correlation matrices created: 2
[2026-05-01T14:51:59Z] [SECTION] ============================================================
[2026-05-01T14:51:59Z] [INFO] 🖼️  PHASE: IMAGE-SEED ANALYSIS
[2026-05-01T14:51:59Z] [INFO] 📂 Image seed analysis bootstrapping from 0 images...
[2026-05-01T14:51:59Z] [SECTION] ============================================================
[2026-05-01T14:51:59Z] [INFO] 📤 PHASE: PUSH COMPONENTS TO TOLARIA
[2026-05-01T14:52:00Z] [INFO] 📦 Components pushed to Tolaria: 5
[2026-05-01T14:52:00Z] [SECTION] ============================================================
[2026-05-01T14:52:00Z] [INFO] 🧩 PHASE: COMPOSER - DOMAIN INTEGRATION SYNTHESIS
[2026-05-01T14:52:23Z] [INFO] 🎨 Domain integrations synthesized: 0
[2026-05-01T14:52:23Z] [SECTION] ============================================================
[2026-05-01T14:52:23Z] [INFO] 🚀 PHASE: ADVANCED OVERNIGHT LOOP
[2026-05-01T14:52:23Z] [INFO] 🔬 Advanced loop completed cycles: 0
[2026-05-01T14:52:23Z] [WARNING] ⚠️  Git commit skipped or failed (git not initialized?): Command '['git', '-C', '/home/avalonas/.hermes/gematria/unified_overnight_research', 'add', '.']' returned non-zero exit status 128.
[2026-05-01T14:52:23Z] [INFO] 
📊 CYCLE #51 SUMMARY
[2026-05-01T14:52:23Z] [INFO] ✅ Successful tasks: 7/7
[2026-05-01T14:52:23Z] [INFO] ⏱️  Cycle duration: 24.26s
[2026-05-01T14:52:23Z] [INFO]    ⚠️ task: result
[2026-05-01T14:52:23Z] [INFO]    ⚠️ task: result
[2026-05-01T14:52:23Z] [INFO]    ⚠️ task: result
[2026-05-01T14:52:23Z] [INFO]    ⚠️ task: result
[2026-05-01T14:52:23Z] [INFO]    ⚠️ task: result
[2026-05-01T14:52:23Z] [INFO]    ⚠️ task: result
[2026-05-01T14:52:23Z] [INFO]    ⚠️ task: result
[2026-05-01T14:52:23Z] [HEADER] ================================================================================
[2026-05-01T14:52:23Z] [INFO] 🔄 OVERNIGHT RESEARCH PIPELINE - CYCLE #52
[2026-05-01T14:52:23Z] [INFO] ================================================================================
[2026-05-01T14:52:23Z] [HEADER] ============================================================
[2026-05-01T14:52:23Z] [INFO] 🌙 STARTING OVERNIGHT RESEARCH CYCLE #52
[2026-05-01T14:52:23Z] [INFO] 🔍 Running overnight research protocol (web scraping + cross-symbol analysis)...
[2026-05-01T14:52:23Z] [INFO] 📊 Cycle duration: 0.17s, Files generated: 0
[2026-05-01T14:52:23Z] [WARNING] ⚠️ Database not initialized for cycle counting
[2026-05-01T14:52:23Z] [INFO] 💾 Database updated with cycle results
[2026-05-01T14:52:23Z] [SECTION] ============================================================
[2026-05-01T14:52:23Z] [INFO] 🔮 PHASE: HIDDEN LAYERING DETECTION
[2026-05-01T14:52:23Z] [INFO] 🔗 Hidden layering detection complete. Connections identified: 2
[2026-05-01T14:52:23Z] [SECTION] ============================================================
[2026-05-01T14:52:23Z] [INFO] 🔬 PHASE: DOMAIN CORRELATION ANALYSIS
[2026-05-01T14:52:23Z] [INFO] 📊 Domain correlation matrices created: 2
[2026-05-01T14:52:23Z] [SECTION] ============================================================
[2026-05-01T14:52:23Z] [INFO] 🖼️  PHASE: IMAGE-SEED ANALYSIS
[2026-05-01T14:52:23Z] [INFO] 📂 Image seed analysis bootstrapping from 0 images...
[2026-05-01T14:52:23Z] [SECTION] ============================================================
[2026-05-01T14:52:23Z] [INFO] 📤 PHASE: PUSH COMPONENTS TO TOLARIA
[2026-05-01T14:52:24Z] [INFO] 📦 Components pushed to Tolaria: 5
[2026-05-01T14:52:24Z] [SECTION] ============================================================
[2026-05-01T14:52:24Z] [INFO] 🧩 PHASE: COMPOSER - DOMAIN INTEGRATION SYNTHESIS
[2026-05-01T14:52:47Z] [INFO] 🎨 Domain integrations synthesized: 0
[2026-05-01T14:52:47Z] [SECTION] ============================================================
[2026-05-01T14:52:47Z] [INFO] 🚀 PHASE: ADVANCED OVERNIGHT LOOP
[2026-05-01T14:52:47Z] [INFO] 🔬 Advanced loop completed cycles: 0
[2026-05-01T14:52:47Z] [WARNING] ⚠️  Git commit skipped or failed (git not initialized?): Command '['git', '-C', '/home/avalonas/.hermes/gematria/unified_overnight_research', 'add', '.']' returned non-zero exit status 128.
[2026-05-01T14:52:47Z] [INFO] 
📊 CYCLE #52 SUMMARY
[2026-05-01T14:52:47Z] [INFO] ✅ Successful tasks: 7/7
[2026-05-01T14:52:47Z] [INFO] ⏱️  Cycle duration: 23.99s
[2026-05-01T14:52:47Z] [INFO]    ⚠️ task: result
[2026-05-01T14:52:47Z] [INFO]    ⚠️ task: result
[2026-05-01T14:52:47Z] [INFO]    ⚠️ task: result
[2026-05-01T14:52:47Z] [INFO]    ⚠️ task: result
[2026-05-01T14:52:47Z] [INFO]    ⚠️ task: result
[2026-05-01T14:52:47Z] [INFO]    ⚠️ task: result
[2026-05-01T14:52:47Z] [INFO]    ⚠️ task: result
[2026-05-01T14:52:47Z] [HEADER] ================================================================================
[2026-05-01T14:52:47Z] [INFO] 🔄 OVERNIGHT RESEARCH PIPELINE - CYCLE #53
[2026-05-01T14:52:47Z] [INFO] ================================================================================
[2026-05-01T14:52:47Z] [HEADER] ============================================================
[2026-05-01T14:52:47Z] [INFO] 🌙 STARTING OVERNIGHT RESEARCH CYCLE #53
[2026-05-01T14:52:47Z] [INFO] 🔍 Running overnight research protocol (web scraping + cross-symbol analysis)...
[2026-05-01T14:52:47Z] [INFO] 📊 Cycle duration: 0.17s, Files generated: 0
[2026-05-01T14:52:47Z] [WARNING] ⚠️ Database not initialized for cycle counting
[2026-05-01T14:52:47Z] [INFO] 💾 Database updated with cycle results
[2026-05-01T14:52:47Z] [SECTION] ============================================================
[2026-05-01T14:52:47Z] [INFO] 🔮 PHASE: HIDDEN LAYERING DETECTION
[2026-05-01T14:52:47Z] [INFO] 🔗 Hidden layering detection complete. Connections identified: 2
[2026-05-01T14:52:47Z] [SECTION] ============================================================
[2026-05-01T14:52:47Z] [INFO] 🔬 PHASE: DOMAIN CORRELATION ANALYSIS
[2026-05-01T14:52:47Z] [INFO] 📊 Domain correlation matrices created: 2
[2026-05-01T14:52:47Z] [SECTION] ============================================================
[2026-05-01T14:52:47Z] [INFO] 🖼️  PHASE: IMAGE-SEED ANALYSIS
[2026-05-01T14:52:47Z] [INFO] 📂 Image seed analysis bootstrapping from 0 images...
[2026-05-01T14:52:47Z] [SECTION] ============================================================
[2026-05-01T14:52:47Z] [INFO] 📤 PHASE: PUSH COMPONENTS TO TOLARIA
[2026-05-01T14:52:48Z] [INFO] 📦 Components pushed to Tolaria: 5
[2026-05-01T14:52:48Z] [SECTION] ============================================================
[2026-05-01T14:52:48Z] [INFO] 🧩 PHASE: COMPOSER - DOMAIN INTEGRATION SYNTHESIS
[2026-05-01T14:53:11Z] [INFO] 🎨 Domain integrations synthesized: 0
[2026-05-01T14:53:11Z] [SECTION] ============================================================
[2026-05-01T14:53:11Z] [INFO] 🚀 PHASE: ADVANCED OVERNIGHT LOOP
[2026-05-01T14:53:11Z] [INFO] 🔬 Advanced loop completed cycles: 0
[2026-05-01T14:53:11Z] [WARNING] ⚠️  Git commit skipped or failed (git not initialized?): Command '['git', '-C', '/home/avalonas/.hermes/gematria/unified_overnight_research', 'add', '.']' returned non-zero exit status 128.
[2026-05-01T14:53:11Z] [INFO] 
📊 CYCLE #53 SUMMARY
[2026-05-01T14:53:11Z] [INFO] ✅ Successful tasks: 7/7
[2026-05-01T14:53:11Z] [INFO] ⏱️  Cycle duration: 24.27s
[2026-05-01T14:53:11Z] [INFO]    ⚠️ task: result
[2026-05-01T14:53:11Z] [INFO]    ⚠️ task: result
[2026-05-01T14:53:11Z] [INFO]    ⚠️ task: result
[2026-05-01T14:53:11Z] [INFO]    ⚠️ task: result
[2026-05-01T14:53:11Z] [INFO]    ⚠️ task: result
[2026-05-01T14:53:11Z] [INFO]    ⚠️ task: result
[2026-05-01T14:53:11Z] [INFO]    ⚠️ task: result
[2026-05-01T14:53:11Z] [HEADER] ================================================================================
[2026-05-01T14:53:11Z] [INFO] 🔄 OVERNIGHT RESEARCH PIPELINE - CYCLE #54
[2026-05-01T14:53:11Z] [INFO] ================================================================================
[2026-05-01T14:53:11Z] [HEADER] ============================================================
[2026-05-01T14:53:11Z] [INFO] 🌙 STARTING OVERNIGHT RESEARCH CYCLE #54
[2026-05-01T14:53:11Z] [INFO] 🔍 Running overnight research protocol (web scraping + cross-symbol analysis)...
[2026-05-01T14:53:11Z] [INFO] 📊 Cycle duration: 0.18s, Files generated: 0
[2026-05-01T14:53:11Z] [WARNING] ⚠️ Database not initialized for cycle counting
[2026-05-01T14:53:11Z] [INFO] 💾 Database updated with cycle results
[2026-05-01T14:53:11Z] [SECTION] ============================================================
[2026-05-01T14:53:11Z] [INFO] 🔮 PHASE: HIDDEN LAYERING DETECTION
[2026-05-01T14:53:11Z] [INFO] 🔗 Hidden layering detection complete. Connections identified: 2
[2026-05-01T14:53:11Z] [SECTION] ============================================================
[2026-05-01T14:53:11Z] [INFO] 🔬 PHASE: DOMAIN CORRELATION ANALYSIS
[2026-05-01T14:53:11Z] [INFO] 📊 Domain correlation matrices created: 2
[2026-05-01T14:53:11Z] [SECTION] ============================================================
[2026-05-01T14:53:11Z] [INFO] 🖼️  PHASE: IMAGE-SEED ANALYSIS
[2026-05-01T14:53:11Z] [INFO] 📂 Image seed analysis bootstrapping from 0 images...
[2026-05-01T14:53:11Z] [SECTION] ============================================================
[2026-05-01T14:53:11Z] [INFO] 📤 PHASE: PUSH COMPONENTS TO TOLARIA
[2026-05-01T14:53:12Z] [INFO] 📦 Components pushed to Tolaria: 5
[2026-05-01T14:53:12Z] [SECTION] ============================================================
[2026-05-01T14:53:12Z] [INFO] 🧩 PHASE: COMPOSER - DOMAIN INTEGRATION SYNTHESIS
[2026-05-01T14:53:35Z] [INFO] 🎨 Domain integrations synthesized: 0
[2026-05-01T14:53:35Z] [SECTION] ============================================================
[2026-05-01T14:53:35Z] [INFO] 🚀 PHASE: ADVANCED OVERNIGHT LOOP
[2026-05-01T14:53:35Z] [INFO] 🔬 Advanced loop completed cycles: 0
[2026-05-01T14:53:35Z] [WARNING] ⚠️  Git commit skipped or failed (git not initialized?): Command '['git', '-C', '/home/avalonas/.hermes/gematria/unified_overnight_research', 'add', '.']' returned non-zero exit status 128.
[2026-05-01T14:53:35Z] [INFO] 
📊 CYCLE #54 SUMMARY
[2026-05-01T14:53:35Z] [INFO] ✅ Successful tasks: 7/7
[2026-05-01T14:53:35Z] [INFO] ⏱️  Cycle duration: 23.98s
[2026-05-01T14:53:35Z] [INFO]    ⚠️ task: result
[2026-05-01T14:53:35Z] [INFO]    ⚠️ task: result
[2026-05-01T14:53:35Z] [INFO]    ⚠️ task: result
[2026-05-01T14:53:35Z] [INFO]    ⚠️ task: result
[2026-05-01T14:53:35Z] [INFO]    ⚠️ task: result
[2026-05-01T14:53:35Z] [INFO]    ⚠️ task: result
[2026-05-01T14:53:35Z] [INFO]    ⚠️ task: result
[2026-05-01T14:53:35Z] [HEADER] ================================================================================
[2026-05-01T14:53:35Z] [INFO] 🔄 OVERNIGHT RESEARCH PIPELINE - CYCLE #55
[2026-05-01T14:53:35Z] [INFO] ================================================================================
[2026-05-01T14:53:35Z] [HEADER] ============================================================
[2026-05-01T14:53:35Z] [INFO] 🌙 STARTING OVERNIGHT RESEARCH CYCLE #55
[2026-05-01T14:53:35Z] [INFO] 🔍 Running overnight research protocol (web scraping + cross-symbol analysis)...
[2026-05-01T14:53:35Z] [INFO] 📊 Cycle duration: 0.29s, Files generated: 0
[2026-05-01T14:53:35Z] [WARNING] ⚠️ Database not initialized for cycle counting
[2026-05-01T14:53:35Z] [INFO] 💾 Database updated with cycle results
[2026-05-01T14:53:35Z] [SECTION] ============================================================
[2026-05-01T14:53:35Z] [INFO] 🔮 PHASE: HIDDEN LAYERING DETECTION
[2026-05-01T14:53:35Z] [INFO] 🔗 Hidden layering detection complete. Connections identified: 2
[2026-05-01T14:53:35Z] [SECTION] ============================================================
[2026-05-01T14:53:35Z] [INFO] 🔬 PHASE: DOMAIN CORRELATION ANALYSIS
[2026-05-01T14:53:35Z] [INFO] 📊 Domain correlation matrices created: 2
[2026-05-01T14:53:35Z] [SECTION] ============================================================
[2026-05-01T14:53:35Z] [INFO] 🖼️  PHASE: IMAGE-SEED ANALYSIS
[2026-05-01T14:53:35Z] [INFO] 📂 Image seed analysis bootstrapping from 0 images...
[2026-05-01T14:53:35Z] [SECTION] ============================================================
[2026-05-01T14:53:35Z] [INFO] 📤 PHASE: PUSH COMPONENTS TO TOLARIA
[2026-05-01T14:53:36Z] [INFO] 📦 Components pushed to Tolaria: 5
[2026-05-01T14:53:36Z] [SECTION] ============================================================
[2026-05-01T14:53:36Z] [INFO] 🧩 PHASE: COMPOSER - DOMAIN INTEGRATION SYNTHESIS
[2026-05-01T14:53:59Z] [INFO] 🎨 Domain integrations synthesized: 0
[2026-05-01T14:53:59Z] [SECTION] ============================================================
[2026-05-01T14:53:59Z] [INFO] 🚀 PHASE: ADVANCED OVERNIGHT LOOP
[2026-05-01T14:53:59Z] [INFO] 🔬 Advanced loop completed cycles: 0
[2026-05-01T14:53:59Z] [WARNING] ⚠️  Git commit skipped or failed (git not initialized?): Command '['git', '-C', '/home/avalonas/.hermes/gematria/unified_overnight_research', 'add', '.']' returned non-zero exit status 128.
[2026-05-01T14:53:59Z] [INFO] 
📊 CYCLE #55 SUMMARY
[2026-05-01T14:53:59Z] [INFO] ✅ Successful tasks: 7/7
[2026-05-01T14:53:59Z] [INFO] ⏱️  Cycle duration: 23.99s
[2026-05-01T14:53:59Z] [INFO]    ⚠️ task: result
[2026-05-01T14:53:59Z] [INFO]    ⚠️ task: result
[2026-05-01T14:53:59Z] [INFO]    ⚠️ task: result
[2026-05-01T14:53:59Z] [INFO]    ⚠️ task: result
[2026-05-01T14:53:59Z] [INFO]    ⚠️ task: result
[2026-05-01T14:53:59Z] [INFO]    ⚠️ task: result
[2026-05-01T14:53:59Z] [INFO]    ⚠️ task: result
[2026-05-01T14:53:59Z] [HEADER] ================================================================================
[2026-05-01T14:53:59Z] [INFO] 🔄 OVERNIGHT RESEARCH PIPELINE - CYCLE #56
[2026-05-01T14:53:59Z] [INFO] ================================================================================
[2026-05-01T14:53:59Z] [HEADER] ============================================================
[2026-05-01T14:53:59Z] [INFO] 🌙 STARTING OVERNIGHT RESEARCH CYCLE #56
[2026-05-01T14:53:59Z] [INFO] 🔍 Running overnight research protocol (web scraping + cross-symbol analysis)...
[2026-05-01T14:53:59Z] [INFO] 📊 Cycle duration: 0.27s, Files generated: 0
[2026-05-01T14:53:59Z] [WARNING] ⚠️ Database not initialized for cycle counting
[2026-05-01T14:53:59Z] [INFO] 💾 Database updated with cycle results
[2026-05-01T14:53:59Z] [SECTION] ============================================================
[2026-05-01T14:53:59Z] [INFO] 🔮 PHASE: HIDDEN LAYERING DETECTION
[2026-05-01T14:53:59Z] [INFO] 🔗 Hidden layering detection complete. Connections identified: 2
[2026-05-01T14:53:59Z] [SECTION] ============================================================
[2026-05-01T14:53:59Z] [INFO] 🔬 PHASE: DOMAIN CORRELATION ANALYSIS
[2026-05-01T14:53:59Z] [INFO] 📊 Domain correlation matrices created: 2
[2026-05-01T14:53:59Z] [SECTION] ============================================================
[2026-05-01T14:53:59Z] [INFO] 🖼️  PHASE: IMAGE-SEED ANALYSIS
[2026-05-01T14:53:59Z] [INFO] 📂 Image seed analysis bootstrapping from 0 images...
[2026-05-01T14:53:59Z] [SECTION] ============================================================
[2026-05-01T14:53:59Z] [INFO] 📤 PHASE: PUSH COMPONENTS TO TOLARIA
[2026-05-01T14:54:00Z] [INFO] 📦 Components pushed to Tolaria: 5
[2026-05-01T14:54:00Z] [SECTION] ============================================================
[2026-05-01T14:54:00Z] [INFO] 🧩 PHASE: COMPOSER - DOMAIN INTEGRATION SYNTHESIS
[2026-05-01T14:54:23Z] [INFO] 🎨 Domain integrations synthesized: 0
[2026-05-01T14:54:23Z] [SECTION] ============================================================
[2026-05-01T14:54:23Z] [INFO] 🚀 PHASE: ADVANCED OVERNIGHT LOOP
[2026-05-01T14:54:23Z] [INFO] 🔬 Advanced loop completed cycles: 0
[2026-05-01T14:54:23Z] [WARNING] ⚠️  Git commit skipped or failed (git not initialized?): Command '['git', '-C', '/home/avalonas/.hermes/gematria/unified_overnight_research', 'add', '.']' returned non-zero exit status 128.
[2026-05-01T14:54:23Z] [INFO] 
📊 CYCLE #56 SUMMARY
[2026-05-01T14:54:23Z] [INFO] ✅ Successful tasks: 7/7
[2026-05-01T14:54:23Z] [INFO] ⏱️  Cycle duration: 24.23s
[2026-05-01T14:54:23Z] [INFO]    ⚠️ task: result
[2026-05-01T14:54:23Z] [INFO]    ⚠️ task: result
[2026-05-01T14:54:23Z] [INFO]    ⚠️ task: result
[2026-05-01T14:54:23Z] [INFO]    ⚠️ task: result
[2026-05-01T14:54:23Z] [INFO]    ⚠️ task: result
[2026-05-01T14:54:23Z] [INFO]    ⚠️ task: result
[2026-05-01T14:54:23Z] [INFO]    ⚠️ task: result
[2026-05-01T14:54:23Z] [HEADER] ================================================================================
[2026-05-01T14:54:23Z] [INFO] 🔄 OVERNIGHT RESEARCH PIPELINE - CYCLE #57
[2026-05-01T14:54:23Z] [INFO] ================================================================================
[2026-05-01T14:54:23Z] [HEADER] ============================================================
[2026-05-01T14:54:23Z] [INFO] 🌙 STARTING OVERNIGHT RESEARCH CYCLE #57
[2026-05-01T14:54:23Z] [INFO] 🔍 Running overnight research protocol (web scraping + cross-symbol analysis)...
[2026-05-01T14:54:24Z] [INFO] 📊 Cycle duration: 0.32s, Files generated: 0
[2026-05-01T14:54:24Z] [WARNING] ⚠️ Database not initialized for cycle counting
[2026-05-01T14:54:24Z] [INFO] 💾 Database updated with cycle results
[2026-05-01T14:54:24Z] [SECTION] ============================================================
[2026-05-01T14:54:24Z] [INFO] 🔮 PHASE: HIDDEN LAYERING DETECTION
[2026-05-01T14:54:24Z] [INFO] 🔗 Hidden layering detection complete. Connections identified: 2
[2026-05-01T14:54:24Z] [SECTION] ============================================================
[2026-05-01T14:54:24Z] [INFO] 🔬 PHASE: DOMAIN CORRELATION ANALYSIS
[2026-05-01T14:54:24Z] [INFO] 📊 Domain correlation matrices created: 2
[2026-05-01T14:54:24Z] [SECTION] ============================================================
[2026-05-01T14:54:24Z] [INFO] 🖼️  PHASE: IMAGE-SEED ANALYSIS
[2026-05-01T14:54:24Z] [INFO] 📂 Image seed analysis bootstrapping from 0 images...
[2026-05-01T14:54:24Z] [SECTION] ============================================================
[2026-05-01T14:54:24Z] [INFO] 📤 PHASE: PUSH COMPONENTS TO TOLARIA
[2026-05-01T14:54:24Z] [INFO] 📦 Components pushed to Tolaria: 5
[2026-05-01T14:54:24Z] [SECTION] ============================================================
[2026-05-01T14:54:24Z] [INFO] 🧩 PHASE: COMPOSER - DOMAIN INTEGRATION SYNTHESIS
[2026-05-01T14:54:46Z] [INFO] 🎨 Domain integrations synthesized: 0
[2026-05-01T14:54:46Z] [SECTION] ============================================================
[2026-05-01T14:54:46Z] [INFO] 🚀 PHASE: ADVANCED OVERNIGHT LOOP
[2026-05-01T14:54:46Z] [INFO] 🔬 Advanced loop completed cycles: 0
[2026-05-01T14:54:46Z] [WARNING] ⚠️  Git commit skipped or failed (git not initialized?): Command '['git', '-C', '/home/avalonas/.hermes/gematria/unified_overnight_research', 'commit', '-m', '[2026-05-01T14:54:46Z] Cycle 56: Cycle 57: Web research + hidden layering detection']' returned non-zero exit status 128.
[2026-05-01T14:54:46Z] [INFO] 
📊 CYCLE #57 SUMMARY
[2026-05-01T14:54:46Z] [INFO] ✅ Successful tasks: 7/7
[2026-05-01T14:54:46Z] [INFO] ⏱️  Cycle duration: 23.11s
[2026-05-01T14:54:46Z] [INFO]    ⚠️ task: result
[2026-05-01T14:54:46Z] [INFO]    ⚠️ task: result
[2026-05-01T14:54:46Z] [INFO]    ⚠️ task: result
[2026-05-01T14:54:46Z] [INFO]    ⚠️ task: result
[2026-05-01T14:54:46Z] [INFO]    ⚠️ task: result
[2026-05-01T14:54:46Z] [INFO]    ⚠️ task: result
[2026-05-01T14:54:46Z] [INFO]    ⚠️ task: result
[2026-05-01T14:54:46Z] [HEADER] ================================================================================
[2026-05-01T14:54:46Z] [INFO] 🔄 OVERNIGHT RESEARCH PIPELINE - CYCLE #58
[2026-05-01T14:54:46Z] [INFO] ================================================================================
[2026-05-01T14:54:46Z] [HEADER] ============================================================
[2026-05-01T14:54:46Z] [INFO] 🌙 STARTING OVERNIGHT RESEARCH CYCLE #58
[2026-05-01T14:54:46Z] [INFO] 🔍 Running overnight research protocol (web scraping + cross-symbol analysis)...
[2026-05-01T14:54:47Z] [INFO] 📊 Cycle duration: 0.24s, Files generated: 0
[2026-05-01T14:54:47Z] [WARNING] ⚠️ Database not initialized for cycle counting
[2026-05-01T14:54:47Z] [INFO] 💾 Database updated with cycle results
[2026-05-01T14:54:47Z] [SECTION] ============================================================
[2026-05-01T14:54:47Z] [INFO] 🔮 PHASE: HIDDEN LAYERING DETECTION
[2026-05-01T14:54:47Z] [INFO] 🔗 Hidden layering detection complete. Connections identified: 2
[2026-05-01T14:54:47Z] [SECTION] ============================================================
[2026-05-01T14:54:47Z] [INFO] 🔬 PHASE: DOMAIN CORRELATION ANALYSIS
[2026-05-01T14:54:47Z] [INFO] 📊 Domain correlation matrices created: 2
[2026-05-01T14:54:47Z] [SECTION] ============================================================
[2026-05-01T14:54:47Z] [INFO] 🖼️  PHASE: IMAGE-SEED ANALYSIS
[2026-05-01T14:54:47Z] [INFO] 📂 Image seed analysis bootstrapping from 0 images...
[2026-05-01T14:54:47Z] [SECTION] ============================================================
[2026-05-01T14:54:47Z] [INFO] 📤 PHASE: PUSH COMPONENTS TO TOLARIA
[2026-05-01T14:54:48Z] [INFO] 📦 Components pushed to Tolaria: 5
[2026-05-01T14:54:48Z] [SECTION] ============================================================
[2026-05-01T14:54:48Z] [INFO] 🧩 PHASE: COMPOSER - DOMAIN INTEGRATION SYNTHESIS
[2026-05-01T14:55:08Z] [INFO] 🎨 Domain integrations synthesized: 0
[2026-05-01T14:55:08Z] [SECTION] ============================================================
[2026-05-01T14:55:08Z] [INFO] 🚀 PHASE: ADVANCED OVERNIGHT LOOP
[2026-05-01T14:55:08Z] [INFO] 🔬 Advanced loop completed cycles: 0
[2026-05-01T14:55:08Z] [WARNING] ⚠️  Git commit skipped or failed (git not initialized?): Command '['git', '-C', '/home/avalonas/.hermes/gematria/unified_overnight_research', 'add', '.']' returned non-zero exit status 128.
[2026-05-01T14:55:08Z] [INFO] 
📊 CYCLE #58 SUMMARY
[2026-05-01T14:55:08Z] [INFO] ✅ Successful tasks: 7/7
[2026-05-01T14:55:08Z] [INFO] ⏱️  Cycle duration: 22.15s
[2026-05-01T14:55:08Z] [INFO]    ⚠️ task: result
[2026-05-01T14:55:08Z] [INFO]    ⚠️ task: result
[2026-05-01T14:55:08Z] [INFO]    ⚠️ task: result
[2026-05-01T14:55:08Z] [INFO]    ⚠️ task: result
[2026-05-01T14:55:08Z] [INFO]    ⚠️ task: result
[2026-05-01T14:55:08Z] [INFO]    ⚠️ task: result
[2026-05-01T14:55:08Z] [INFO]    ⚠️ task: result
[2026-05-01T14:55:08Z] [HEADER] ================================================================================
[2026-05-01T14:55:08Z] [INFO] 🔄 OVERNIGHT RESEARCH PIPELINE - CYCLE #59
[2026-05-01T14:55:08Z] [INFO] ================================================================================
[2026-05-01T14:55:08Z] [HEADER] ============================================================
[2026-05-01T14:55:08Z] [INFO] 🌙 STARTING OVERNIGHT RESEARCH CYCLE #59
[2026-05-01T14:55:08Z] [INFO] 🔍 Running overnight research protocol (web scraping + cross-symbol analysis)...
[2026-05-01T14:55:09Z] [INFO] 📊 Cycle duration: 0.19s, Files generated: 0
[2026-05-01T14:55:09Z] [WARNING] ⚠️ Database not initialized for cycle counting
[2026-05-01T14:55:09Z] [INFO] 💾 Database updated with cycle results
[2026-05-01T14:55:09Z] [SECTION] ============================================================
[2026-05-01T14:55:09Z] [INFO] 🔮 PHASE: HIDDEN LAYERING DETECTION
[2026-05-01T14:55:09Z] [INFO] 🔗 Hidden layering detection complete. Connections identified: 2
[2026-05-01T14:55:09Z] [SECTION] ============================================================
[2026-05-01T14:55:09Z] [INFO] 🔬 PHASE: DOMAIN CORRELATION ANALYSIS
[2026-05-01T14:55:09Z] [INFO] 📊 Domain correlation matrices created: 2
[2026-05-01T14:55:09Z] [SECTION] ============================================================
[2026-05-01T14:55:09Z] [INFO] 🖼️  PHASE: IMAGE-SEED ANALYSIS
[2026-05-01T14:55:09Z] [INFO] 📂 Image seed analysis bootstrapping from 0 images...
[2026-05-01T14:55:09Z] [SECTION] ============================================================
[2026-05-01T14:55:09Z] [INFO] 📤 PHASE: PUSH COMPONENTS TO TOLARIA
[2026-05-01T14:55:10Z] [INFO] 📦 Components pushed to Tolaria: 5
[2026-05-01T14:55:10Z] [SECTION] ============================================================
[2026-05-01T14:55:10Z] [INFO] 🧩 PHASE: COMPOSER - DOMAIN INTEGRATION SYNTHESIS
[2026-05-01T14:55:32Z] [INFO] 🎨 Domain integrations synthesized: 0
[2026-05-01T14:55:32Z] [SECTION] ============================================================
[2026-05-01T14:55:32Z] [INFO] 🚀 PHASE: ADVANCED OVERNIGHT LOOP
[2026-05-01T14:55:32Z] [INFO] 🔬 Advanced loop completed cycles: 0
[2026-05-01T14:55:33Z] [WARNING] ⚠️  Git commit skipped or failed (git not initialized?): Command '['git', '-C', '/home/avalonas/.hermes/gematria/unified_overnight_research', 'commit', '-m', '[2026-05-01T14:55:33Z] Cycle 58: Cycle 59: Web research + hidden layering detection']' returned non-zero exit status 1.
[2026-05-01T14:55:33Z] [INFO] 
📊 CYCLE #59 SUMMARY
[2026-05-01T14:55:33Z] [INFO] ✅ Successful tasks: 7/7
[2026-05-01T14:55:33Z] [INFO] ⏱️  Cycle duration: 24.24s
[2026-05-01T14:55:33Z] [INFO]    ⚠️ task: result
[2026-05-01T14:55:33Z] [INFO]    ⚠️ task: result
[2026-05-01T14:55:33Z] [INFO]    ⚠️ task: result
[2026-05-01T14:55:33Z] [INFO]    ⚠️ task: result
[2026-05-01T14:55:33Z] [INFO]    ⚠️ task: result
[2026-05-01T14:55:33Z] [INFO]    ⚠️ task: result
[2026-05-01T14:55:33Z] [INFO]    ⚠️ task: result
[2026-05-01T14:55:33Z] [HEADER] ================================================================================
[2026-05-01T14:55:33Z] [INFO] 🔄 OVERNIGHT RESEARCH PIPELINE - CYCLE #60
[2026-05-01T14:55:33Z] [INFO] ================================================================================
[2026-05-01T14:55:33Z] [HEADER] ============================================================
[2026-05-01T14:55:33Z] [INFO] 🌙 STARTING OVERNIGHT RESEARCH CYCLE #60
[2026-05-01T14:55:33Z] [INFO] 🔍 Running overnight research protocol (web scraping + cross-symbol analysis)...
[2026-05-01T14:55:33Z] [INFO] 📊 Cycle duration: 0.25s, Files generated: 0
[2026-05-01T14:55:33Z] [WARNING] ⚠️ Database not initialized for cycle counting
[2026-05-01T14:55:33Z] [INFO] 💾 Database updated with cycle results
[2026-05-01T14:55:33Z] [SECTION] ============================================================
[2026-05-01T14:55:33Z] [INFO] 🔮 PHASE: HIDDEN LAYERING DETECTION
[2026-05-01T14:55:33Z] [INFO] 🔗 Hidden layering detection complete. Connections identified: 2
[2026-05-01T14:55:33Z] [SECTION] ============================================================
[2026-05-01T14:55:33Z] [INFO] 🔬 PHASE: DOMAIN CORRELATION ANALYSIS
[2026-05-01T14:55:33Z] [INFO] 📊 Domain correlation matrices created: 2
[2026-05-01T14:55:33Z] [SECTION] ============================================================
[2026-05-01T14:55:33Z] [INFO] 🖼️  PHASE: IMAGE-SEED ANALYSIS
[2026-05-01T14:55:33Z] [INFO] 📂 Image seed analysis bootstrapping from 0 images...
[2026-05-01T14:55:33Z] [SECTION] ============================================================
[2026-05-01T14:55:33Z] [INFO] 📤 PHASE: PUSH COMPONENTS TO TOLARIA
[2026-05-01T14:55:34Z] [INFO] 📦 Components pushed to Tolaria: 5
[2026-05-01T14:55:34Z] [SECTION] ============================================================
[2026-05-01T14:55:34Z] [INFO] 🧩 PHASE: COMPOSER - DOMAIN INTEGRATION SYNTHESIS
[2026-05-01T14:55:56Z] [INFO] 🎨 Domain integrations synthesized: 0
[2026-05-01T14:55:56Z] [SECTION] ============================================================
[2026-05-01T14:55:56Z] [INFO] 🚀 PHASE: ADVANCED OVERNIGHT LOOP
[2026-05-01T14:55:56Z] [INFO] 🔬 Advanced loop completed cycles: 0
[2026-05-01T14:55:56Z] [WARNING] ⚠️  Git commit skipped or failed (git not initialized?): Command '['git', '-C', '/home/avalonas/.hermes/gematria/unified_overnight_research', 'add', '.']' returned non-zero exit status 128.
[2026-05-01T14:55:56Z] [INFO] 
📊 CYCLE #60 SUMMARY
[2026-05-01T14:55:56Z] [INFO] ✅ Successful tasks: 7/7
[2026-05-01T14:55:56Z] [INFO] ⏱️  Cycle duration: 23.75s
[2026-05-01T14:55:56Z] [INFO]    ⚠️ task: result
[2026-05-01T14:55:56Z] [INFO]    ⚠️ task: result
[2026-05-01T14:55:56Z] [INFO]    ⚠️ task: result
[2026-05-01T14:55:56Z] [INFO]    ⚠️ task: result
[2026-05-01T14:55:56Z] [INFO]    ⚠️ task: result
[2026-05-01T14:55:56Z] [INFO]    ⚠️ task: result
[2026-05-01T14:55:56Z] [INFO]    ⚠️ task: result
[2026-05-01T14:55:56Z] [HEADER] ================================================================================
[2026-05-01T14:55:56Z] [INFO] 🔄 OVERNIGHT RESEARCH PIPELINE - CYCLE #61
[2026-05-01T14:55:56Z] [INFO] ================================================================================
[2026-05-01T14:55:56Z] [HEADER] ============================================================
[2026-05-01T14:55:56Z] [INFO] 🌙 STARTING OVERNIGHT RESEARCH CYCLE #61
[2026-05-01T14:55:56Z] [INFO] 🔍 Running overnight research protocol (web scraping + cross-symbol analysis)...
[2026-05-01T14:55:57Z] [INFO] 📊 Cycle duration: 0.14s, Files generated: 0
[2026-05-01T14:55:57Z] [WARNING] ⚠️ Database not initialized for cycle counting
[2026-05-01T14:55:57Z] [INFO] 💾 Database updated with cycle results
[2026-05-01T14:55:57Z] [SECTION] ============================================================
[2026-05-01T14:55:57Z] [INFO] 🔮 PHASE: HIDDEN LAYERING DETECTION
[2026-05-01T14:55:57Z] [INFO] 🔗 Hidden layering detection complete. Connections identified: 2
[2026-05-01T14:55:57Z] [SECTION] ============================================================
[2026-05-01T14:55:57Z] [INFO] 🔬 PHASE: DOMAIN CORRELATION ANALYSIS
[2026-05-01T14:55:57Z] [INFO] 📊 Domain correlation matrices created: 2
[2026-05-01T14:55:57Z] [SECTION] ============================================================
[2026-05-01T14:55:57Z] [INFO] 🖼️  PHASE: IMAGE-SEED ANALYSIS
[2026-05-01T14:55:57Z] [INFO] 📂 Image seed analysis bootstrapping from 0 images...
[2026-05-01T14:55:57Z] [SECTION] ============================================================
[2026-05-01T14:55:57Z] [INFO] 📤 PHASE: PUSH COMPONENTS TO TOLARIA
[2026-05-01T14:55:58Z] [INFO] 📦 Components pushed to Tolaria: 5
[2026-05-01T14:55:58Z] [SECTION] ============================================================
[2026-05-01T14:55:58Z] [INFO] 🧩 PHASE: COMPOSER - DOMAIN INTEGRATION SYNTHESIS
[2026-05-01T14:56:21Z] [INFO] 🎨 Domain integrations synthesized: 0
[2026-05-01T14:56:21Z] [SECTION] ============================================================
[2026-05-01T14:56:21Z] [INFO] 🚀 PHASE: ADVANCED OVERNIGHT LOOP
[2026-05-01T14:56:21Z] [INFO] 🔬 Advanced loop completed cycles: 0
[2026-05-01T14:56:21Z] [WARNING] ⚠️  Git commit skipped or failed (git not initialized?): Command '['git', '-C', '/home/avalonas/.hermes/gematria/unified_overnight_research', 'add', '.']' returned non-zero exit status 128.
[2026-05-01T14:56:21Z] [INFO] 
📊 CYCLE #61 SUMMARY
[2026-05-01T14:56:21Z] [INFO] ✅ Successful tasks: 7/7
[2026-05-01T14:56:21Z] [INFO] ⏱️  Cycle duration: 24.28s
[2026-05-01T14:56:21Z] [INFO]    ⚠️ task: result
[2026-05-01T14:56:21Z] [INFO]    ⚠️ task: result
[2026-05-01T14:56:21Z] [INFO]    ⚠️ task: result
[2026-05-01T14:56:21Z] [INFO]    ⚠️ task: result
[2026-05-01T14:56:21Z] [INFO]    ⚠️ task: result
[2026-05-01T14:56:21Z] [INFO]    ⚠️ task: result
[2026-05-01T14:56:21Z] [INFO]    ⚠️ task: result
[2026-05-01T14:56:21Z] [HEADER] ================================================================================
[2026-05-01T14:56:21Z] [INFO] 🔄 OVERNIGHT RESEARCH PIPELINE - CYCLE #62
[2026-05-01T14:56:21Z] [INFO] ================================================================================
[2026-05-01T14:56:21Z] [HEADER] ============================================================
[2026-05-01T14:56:21Z] [INFO] 🌙 STARTING OVERNIGHT RESEARCH CYCLE #62
[2026-05-01T14:56:21Z] [INFO] 🔍 Running overnight research protocol (web scraping + cross-symbol analysis)...
[2026-05-01T14:56:21Z] [INFO] 📊 Cycle duration: 0.14s, Files generated: 0
[2026-05-01T14:56:21Z] [WARNING] ⚠️ Database not initialized for cycle counting
[2026-05-01T14:56:21Z] [INFO] 💾 Database updated with cycle results
[2026-05-01T14:56:21Z] [SECTION] ============================================================
[2026-05-01T14:56:21Z] [INFO] 🔮 PHASE: HIDDEN LAYERING DETECTION
[2026-05-01T14:56:21Z] [INFO] 🔗 Hidden layering detection complete. Connections identified: 2
[2026-05-01T14:56:21Z] [SECTION] ============================================================
[2026-05-01T14:56:21Z] [INFO] 🔬 PHASE: DOMAIN CORRELATION ANALYSIS
[2026-05-01T14:56:21Z] [INFO] 📊 Domain correlation matrices created: 2
[2026-05-01T14:56:21Z] [SECTION] ============================================================
[2026-05-01T14:56:21Z] [INFO] 🖼️  PHASE: IMAGE-SEED ANALYSIS
[2026-05-01T14:56:21Z] [INFO] 📂 Image seed analysis bootstrapping from 0 images...
[2026-05-01T14:56:21Z] [SECTION] ============================================================
[2026-05-01T14:56:21Z] [INFO] 📤 PHASE: PUSH COMPONENTS TO TOLARIA
[2026-05-01T14:56:22Z] [INFO] 📦 Components pushed to Tolaria: 5
[2026-05-01T14:56:22Z] [SECTION] ============================================================
[2026-05-01T14:56:22Z] [INFO] 🧩 PHASE: COMPOSER - DOMAIN INTEGRATION SYNTHESIS
[2026-05-01T14:56:45Z] [INFO] 🎨 Domain integrations synthesized: 0
[2026-05-01T14:56:45Z] [SECTION] ============================================================
[2026-05-01T14:56:45Z] [INFO] 🚀 PHASE: ADVANCED OVERNIGHT LOOP
[2026-05-01T14:56:45Z] [INFO] 🔬 Advanced loop completed cycles: 0
[2026-05-01T14:56:45Z] [WARNING] ⚠️  Git commit skipped or failed (git not initialized?): Command '['git', '-C', '/home/avalonas/.hermes/gematria/unified_overnight_research', 'add', '.']' returned non-zero exit status 128.
[2026-05-01T14:56:45Z] [INFO] 
📊 CYCLE #62 SUMMARY
[2026-05-01T14:56:45Z] [INFO] ✅ Successful tasks: 7/7
[2026-05-01T14:56:45Z] [INFO] ⏱️  Cycle duration: 24.37s
[2026-05-01T14:56:45Z] [INFO]    ⚠️ task: result
[2026-05-01T14:56:45Z] [INFO]    ⚠️ task: result
[2026-05-01T14:56:45Z] [INFO]    ⚠️ task: result
[2026-05-01T14:56:45Z] [INFO]    ⚠️ task: result
[2026-05-01T14:56:45Z] [INFO]    ⚠️ task: result
[2026-05-01T14:56:45Z] [INFO]    ⚠️ task: result
[2026-05-01T14:56:45Z] [INFO]    ⚠️ task: result
[2026-05-01T14:56:45Z] [HEADER] ================================================================================
[2026-05-01T14:56:45Z] [INFO] 🔄 OVERNIGHT RESEARCH PIPELINE - CYCLE #63
[2026-05-01T14:56:45Z] [INFO] ================================================================================
[2026-05-01T14:56:45Z] [HEADER] ============================================================
[2026-05-01T14:56:45Z] [INFO] 🌙 STARTING OVERNIGHT RESEARCH CYCLE #63
[2026-05-01T14:56:45Z] [INFO] 🔍 Running overnight research protocol (web scraping + cross-symbol analysis)...
[2026-05-01T14:56:45Z] [INFO] 📊 Cycle duration: 0.15s, Files generated: 0
[2026-05-01T14:56:45Z] [WARNING] ⚠️ Database not initialized for cycle counting
[2026-05-01T14:56:45Z] [INFO] 💾 Database updated with cycle results
[2026-05-01T14:56:45Z] [SECTION] ============================================================
[2026-05-01T14:56:45Z] [INFO] 🔮 PHASE: HIDDEN LAYERING DETECTION
[2026-05-01T14:56:45Z] [INFO] 🔗 Hidden layering detection complete. Connections identified: 2
[2026-05-01T14:56:45Z] [SECTION] ============================================================
[2026-05-01T14:56:45Z] [INFO] 🔬 PHASE: DOMAIN CORRELATION ANALYSIS
[2026-05-01T14:56:45Z] [INFO] 📊 Domain correlation matrices created: 2
[2026-05-01T14:56:45Z] [SECTION] ============================================================
[2026-05-01T14:56:45Z] [INFO] 🖼️  PHASE: IMAGE-SEED ANALYSIS
[2026-05-01T14:56:45Z] [INFO] 📂 Image seed analysis bootstrapping from 0 images...
[2026-05-01T14:56:45Z] [SECTION] ============================================================
[2026-05-01T14:56:45Z] [INFO] 📤 PHASE: PUSH COMPONENTS TO TOLARIA
[2026-05-01T14:56:46Z] [INFO] 📦 Components pushed to Tolaria: 5
[2026-05-01T14:56:46Z] [SECTION] ============================================================
[2026-05-01T14:56:46Z] [INFO] 🧩 PHASE: COMPOSER - DOMAIN INTEGRATION SYNTHESIS
[2026-05-01T14:57:09Z] [INFO] 🎨 Domain integrations synthesized: 0
[2026-05-01T14:57:09Z] [SECTION] ============================================================
[2026-05-01T14:57:09Z] [INFO] 🚀 PHASE: ADVANCED OVERNIGHT LOOP
[2026-05-01T14:57:09Z] [INFO] 🔬 Advanced loop completed cycles: 0
[2026-05-01T14:57:09Z] [WARNING] ⚠️  Git commit skipped or failed (git not initialized?): Command '['git', '-C', '/home/avalonas/.hermes/gematria/unified_overnight_research', 'commit', '-m', '[2026-05-01T14:57:09Z] Cycle 62: Cycle 63: Web research + hidden layering detection']' returned non-zero exit status 1.
[2026-05-01T14:57:09Z] [INFO] 
📊 CYCLE #63 SUMMARY
[2026-05-01T14:57:09Z] [INFO] ✅ Successful tasks: 7/7
[2026-05-01T14:57:09Z] [INFO] ⏱️  Cycle duration: 24.26s
[2026-05-01T14:57:09Z] [INFO]    ⚠️ task: result
[2026-05-01T14:57:09Z] [INFO]    ⚠️ task: result
[2026-05-01T14:57:09Z] [INFO]    ⚠️ task: result
[2026-05-01T14:57:09Z] [INFO]    ⚠️ task: result
[2026-05-01T14:57:09Z] [INFO]    ⚠️ task: result
[2026-05-01T14:57:09Z] [INFO]    ⚠️ task: result
[2026-05-01T14:57:09Z] [INFO]    ⚠️ task: result
[2026-05-01T14:57:09Z] [HEADER] ================================================================================
[2026-05-01T14:57:09Z] [INFO] 🔄 OVERNIGHT RESEARCH PIPELINE - CYCLE #64
[2026-05-01T14:57:09Z] [INFO] ================================================================================
[2026-05-01T14:57:09Z] [HEADER] ============================================================
[2026-05-01T14:57:09Z] [INFO] 🌙 STARTING OVERNIGHT RESEARCH CYCLE #64
[2026-05-01T14:57:09Z] [INFO] 🔍 Running overnight research protocol (web scraping + cross-symbol analysis)...
[2026-05-01T14:57:10Z] [INFO] 📊 Cycle duration: 0.24s, Files generated: 0
[2026-05-01T14:57:10Z] [WARNING] ⚠️ Database not initialized for cycle counting
[2026-05-01T14:57:10Z] [INFO] 💾 Database updated with cycle results
[2026-05-01T14:57:10Z] [SECTION] ============================================================
[2026-05-01T14:57:10Z] [INFO] 🔮 PHASE: HIDDEN LAYERING DETECTION
[2026-05-01T14:57:10Z] [INFO] 🔗 Hidden layering detection complete. Connections identified: 2
[2026-05-01T14:57:10Z] [SECTION] ============================================================
[2026-05-01T14:57:10Z] [INFO] 🔬 PHASE: DOMAIN CORRELATION ANALYSIS
[2026-05-01T14:57:10Z] [INFO] 📊 Domain correlation matrices created: 2
[2026-05-01T14:57:10Z] [SECTION] ============================================================
[2026-05-01T14:57:10Z] [INFO] 🖼️  PHASE: IMAGE-SEED ANALYSIS
[2026-05-01T14:57:10Z] [INFO] 📂 Image seed analysis bootstrapping from 0 images...
[2026-05-01T14:57:10Z] [SECTION] ============================================================
[2026-05-01T14:57:10Z] [INFO] 📤 PHASE: PUSH COMPONENTS TO TOLARIA
[2026-05-01T14:57:10Z] [INFO] 📦 Components pushed to Tolaria: 5
[2026-05-01T14:57:10Z] [SECTION] ============================================================
[2026-05-01T14:57:10Z] [INFO] 🧩 PHASE: COMPOSER - DOMAIN INTEGRATION SYNTHESIS
[2026-05-01T14:57:33Z] [INFO] 🎨 Domain integrations synthesized: 0
[2026-05-01T14:57:33Z] [SECTION] ============================================================
[2026-05-01T14:57:33Z] [INFO] 🚀 PHASE: ADVANCED OVERNIGHT LOOP
[2026-05-01T14:57:33Z] [INFO] 🔬 Advanced loop completed cycles: 0
[2026-05-01T14:57:33Z] [WARNING] ⚠️  Git commit skipped or failed (git not initialized?): Command '['git', '-C', '/home/avalonas/.hermes/gematria/unified_overnight_research', 'commit', '-m', '[2026-05-01T14:57:33Z] Cycle 63: Cycle 64: Web research + hidden layering detection']' returned non-zero exit status 128.
[2026-05-01T14:57:33Z] [INFO] 
📊 CYCLE #64 SUMMARY
[2026-05-01T14:57:33Z] [INFO] ✅ Successful tasks: 7/7
[2026-05-01T14:57:33Z] [INFO] ⏱️  Cycle duration: 24.00s
[2026-05-01T14:57:33Z] [INFO]    ⚠️ task: result
[2026-05-01T14:57:33Z] [INFO]    ⚠️ task: result
[2026-05-01T14:57:33Z] [INFO]    ⚠️ task: result
[2026-05-01T14:57:33Z] [INFO]    ⚠️ task: result
[2026-05-01T14:57:33Z] [INFO]    ⚠️ task: result
[2026-05-01T14:57:33Z] [INFO]    ⚠️ task: result
[2026-05-01T14:57:33Z] [INFO]    ⚠️ task: result
[2026-05-01T14:57:33Z] [HEADER] ================================================================================
[2026-05-01T14:57:33Z] [INFO] 🔄 OVERNIGHT RESEARCH PIPELINE - CYCLE #65
[2026-05-01T14:57:33Z] [INFO] ================================================================================
[2026-05-01T14:57:33Z] [HEADER] ============================================================
[2026-05-01T14:57:33Z] [INFO] 🌙 STARTING OVERNIGHT RESEARCH CYCLE #65
[2026-05-01T14:57:33Z] [INFO] 🔍 Running overnight research protocol (web scraping + cross-symbol analysis)...
[2026-05-01T14:57:34Z] [INFO] 📊 Cycle duration: 0.23s, Files generated: 0
[2026-05-01T14:57:34Z] [WARNING] ⚠️ Database not initialized for cycle counting
[2026-05-01T14:57:34Z] [INFO] 💾 Database updated with cycle results
[2026-05-01T14:57:34Z] [SECTION] ============================================================
[2026-05-01T14:57:34Z] [INFO] 🔮 PHASE: HIDDEN LAYERING DETECTION
[2026-05-01T14:57:34Z] [INFO] 🔗 Hidden layering detection complete. Connections identified: 2
[2026-05-01T14:57:34Z] [SECTION] ============================================================
[2026-05-01T14:57:34Z] [INFO] 🔬 PHASE: DOMAIN CORRELATION ANALYSIS
[2026-05-01T14:57:34Z] [INFO] 📊 Domain correlation matrices created: 2
[2026-05-01T14:57:34Z] [SECTION] ============================================================
[2026-05-01T14:57:34Z] [INFO] 🖼️  PHASE: IMAGE-SEED ANALYSIS
[2026-05-01T14:57:34Z] [INFO] 📂 Image seed analysis bootstrapping from 0 images...
[2026-05-01T14:57:34Z] [SECTION] ============================================================
[2026-05-01T14:57:34Z] [INFO] 📤 PHASE: PUSH COMPONENTS TO TOLARIA
[2026-05-01T14:57:35Z] [INFO] 📦 Components pushed to Tolaria: 5
[2026-05-01T14:57:35Z] [SECTION] ============================================================
[2026-05-01T14:57:35Z] [INFO] 🧩 PHASE: COMPOSER - DOMAIN INTEGRATION SYNTHESIS
[2026-05-01T14:57:57Z] [INFO] 🎨 Domain integrations synthesized: 0
[2026-05-01T14:57:57Z] [SECTION] ============================================================
[2026-05-01T14:57:57Z] [INFO] 🚀 PHASE: ADVANCED OVERNIGHT LOOP
[2026-05-01T14:57:57Z] [INFO] 🔬 Advanced loop completed cycles: 0
[2026-05-01T14:57:58Z] [WARNING] ⚠️  Git commit skipped or failed (git not initialized?): Command '['git', '-C', '/home/avalonas/.hermes/gematria/unified_overnight_research', 'add', '.']' returned non-zero exit status 128.
[2026-05-01T14:57:58Z] [INFO] 
📊 CYCLE #65 SUMMARY
[2026-05-01T14:57:58Z] [INFO] ✅ Successful tasks: 7/7
[2026-05-01T14:57:58Z] [INFO] ⏱️  Cycle duration: 24.12s
[2026-05-01T14:57:58Z] [INFO]    ⚠️ task: result
[2026-05-01T14:57:58Z] [INFO]    ⚠️ task: result
[2026-05-01T14:57:58Z] [INFO]    ⚠️ task: result
[2026-05-01T14:57:58Z] [INFO]    ⚠️ task: result
[2026-05-01T14:57:58Z] [INFO]    ⚠️ task: result
[2026-05-01T14:57:58Z] [INFO]    ⚠️ task: result
[2026-05-01T14:57:58Z] [INFO]    ⚠️ task: result
[2026-05-01T14:57:58Z] [HEADER] ================================================================================
[2026-05-01T14:57:58Z] [INFO] 🔄 OVERNIGHT RESEARCH PIPELINE - CYCLE #66
[2026-05-01T14:57:58Z] [INFO] ================================================================================
[2026-05-01T14:57:58Z] [HEADER] ============================================================
[2026-05-01T14:57:58Z] [INFO] 🌙 STARTING OVERNIGHT RESEARCH CYCLE #66
[2026-05-01T14:57:58Z] [INFO] 🔍 Running overnight research protocol (web scraping + cross-symbol analysis)...
[2026-05-01T14:57:58Z] [INFO] 📊 Cycle duration: 0.13s, Files generated: 0
[2026-05-01T14:57:58Z] [WARNING] ⚠️ Database not initialized for cycle counting
[2026-05-01T14:57:58Z] [INFO] 💾 Database updated with cycle results
[2026-05-01T14:57:58Z] [SECTION] ============================================================
[2026-05-01T14:57:58Z] [INFO] 🔮 PHASE: HIDDEN LAYERING DETECTION
[2026-05-01T14:57:58Z] [INFO] 🔗 Hidden layering detection complete. Connections identified: 2
[2026-05-01T14:57:58Z] [SECTION] ============================================================
[2026-05-01T14:57:58Z] [INFO] 🔬 PHASE: DOMAIN CORRELATION ANALYSIS
[2026-05-01T14:57:58Z] [INFO] 📊 Domain correlation matrices created: 2
[2026-05-01T14:57:58Z] [SECTION] ============================================================
[2026-05-01T14:57:58Z] [INFO] 🖼️  PHASE: IMAGE-SEED ANALYSIS
[2026-05-01T14:57:58Z] [INFO] 📂 Image seed analysis bootstrapping from 0 images...
[2026-05-01T14:57:58Z] [SECTION] ============================================================
[2026-05-01T14:57:58Z] [INFO] 📤 PHASE: PUSH COMPONENTS TO TOLARIA
[2026-05-01T14:57:59Z] [INFO] 📦 Components pushed to Tolaria: 5
[2026-05-01T14:57:59Z] [SECTION] ============================================================
[2026-05-01T14:57:59Z] [INFO] 🧩 PHASE: COMPOSER - DOMAIN INTEGRATION SYNTHESIS
[2026-05-01T14:58:21Z] [INFO] 🎨 Domain integrations synthesized: 0
[2026-05-01T14:58:21Z] [SECTION] ============================================================
[2026-05-01T14:58:21Z] [INFO] 🚀 PHASE: ADVANCED OVERNIGHT LOOP
[2026-05-01T14:58:22Z] [INFO] 🔬 Advanced loop completed cycles: 0
[2026-05-01T14:58:22Z] [WARNING] ⚠️  Git commit skipped or failed (git not initialized?): Command '['git', '-C', '/home/avalonas/.hermes/gematria/unified_overnight_research', 'add', '.']' returned non-zero exit status 128.
[2026-05-01T14:58:22Z] [INFO] 
📊 CYCLE #66 SUMMARY
[2026-05-01T14:58:22Z] [INFO] ✅ Successful tasks: 7/7
[2026-05-01T14:58:22Z] [INFO] ⏱️  Cycle duration: 24.02s
[2026-05-01T14:58:22Z] [INFO]    ⚠️ task: result
[2026-05-01T14:58:22Z] [INFO]    ⚠️ task: result
[2026-05-01T14:58:22Z] [INFO]    ⚠️ task: result
[2026-05-01T14:58:22Z] [INFO]    ⚠️ task: result
[2026-05-01T14:58:22Z] [INFO]    ⚠️ task: result
[2026-05-01T14:58:22Z] [INFO]    ⚠️ task: result
[2026-05-01T14:58:22Z] [INFO]    ⚠️ task: result
[2026-05-01T14:58:22Z] [HEADER] ================================================================================
[2026-05-01T14:58:22Z] [INFO] 🔄 OVERNIGHT RESEARCH PIPELINE - CYCLE #67
[2026-05-01T14:58:22Z] [INFO] ================================================================================
[2026-05-01T14:58:22Z] [HEADER] ============================================================
[2026-05-01T14:58:22Z] [INFO] 🌙 STARTING OVERNIGHT RESEARCH CYCLE #67
[2026-05-01T14:58:22Z] [INFO] 🔍 Running overnight research protocol (web scraping + cross-symbol analysis)...
[2026-05-01T14:58:22Z] [INFO] 📊 Cycle duration: 0.15s, Files generated: 0
[2026-05-01T14:58:22Z] [WARNING] ⚠️ Database not initialized for cycle counting
[2026-05-01T14:58:22Z] [INFO] 💾 Database updated with cycle results
[2026-05-01T14:58:22Z] [SECTION] ============================================================
[2026-05-01T14:58:22Z] [INFO] 🔮 PHASE: HIDDEN LAYERING DETECTION
[2026-05-01T14:58:22Z] [INFO] 🔗 Hidden layering detection complete. Connections identified: 2
[2026-05-01T14:58:22Z] [SECTION] ============================================================
[2026-05-01T14:58:22Z] [INFO] 🔬 PHASE: DOMAIN CORRELATION ANALYSIS
[2026-05-01T14:58:22Z] [INFO] 📊 Domain correlation matrices created: 2
[2026-05-01T14:58:22Z] [SECTION] ============================================================
[2026-05-01T14:58:22Z] [INFO] 🖼️  PHASE: IMAGE-SEED ANALYSIS
[2026-05-01T14:58:22Z] [INFO] 📂 Image seed analysis bootstrapping from 0 images...
[2026-05-01T14:58:22Z] [SECTION] ============================================================
[2026-05-01T14:58:22Z] [INFO] 📤 PHASE: PUSH COMPONENTS TO TOLARIA
[2026-05-01T14:58:23Z] [INFO] 📦 Components pushed to Tolaria: 5
[2026-05-01T14:58:23Z] [SECTION] ============================================================
[2026-05-01T14:58:23Z] [INFO] 🧩 PHASE: COMPOSER - DOMAIN INTEGRATION SYNTHESIS
[2026-05-01T14:58:46Z] [INFO] 🎨 Domain integrations synthesized: 0
[2026-05-01T14:58:46Z] [SECTION] ============================================================
[2026-05-01T14:58:46Z] [INFO] 🚀 PHASE: ADVANCED OVERNIGHT LOOP
[2026-05-01T14:58:46Z] [INFO] 🔬 Advanced loop completed cycles: 0
[2026-05-01T14:58:46Z] [WARNING] ⚠️  Git commit skipped or failed (git not initialized?): Command '['git', '-C', '/home/avalonas/.hermes/gematria/unified_overnight_research', 'add', '.']' returned non-zero exit status 128.
[2026-05-01T14:58:46Z] [INFO] 
📊 CYCLE #67 SUMMARY
[2026-05-01T14:58:46Z] [INFO] ✅ Successful tasks: 7/7
[2026-05-01T14:58:46Z] [INFO] ⏱️  Cycle duration: 24.20s
[2026-05-01T14:58:46Z] [INFO]    ⚠️ task: result
[2026-05-01T14:58:46Z] [INFO]    ⚠️ task: result
[2026-05-01T14:58:46Z] [INFO]    ⚠️ task: result
[2026-05-01T14:58:46Z] [INFO]    ⚠️ task: result
[2026-05-01T14:58:46Z] [INFO]    ⚠️ task: result
[2026-05-01T14:58:46Z] [INFO]    ⚠️ task: result
[2026-05-01T14:58:46Z] [INFO]    ⚠️ task: result
[2026-05-01T14:58:46Z] [HEADER] ================================================================================
[2026-05-01T14:58:46Z] [INFO] 🔄 OVERNIGHT RESEARCH PIPELINE - CYCLE #68
[2026-05-01T14:58:46Z] [INFO] ================================================================================
[2026-05-01T14:58:46Z] [HEADER] ============================================================
[2026-05-01T14:58:46Z] [INFO] 🌙 STARTING OVERNIGHT RESEARCH CYCLE #68
[2026-05-01T14:58:46Z] [INFO] 🔍 Running overnight research protocol (web scraping + cross-symbol analysis)...
[2026-05-01T14:58:46Z] [INFO] 📊 Cycle duration: 0.14s, Files generated: 0
[2026-05-01T14:58:46Z] [WARNING] ⚠️ Database not initialized for cycle counting
[2026-05-01T14:58:46Z] [INFO] 💾 Database updated with cycle results
[2026-05-01T14:58:46Z] [SECTION] ============================================================
[2026-05-01T14:58:46Z] [INFO] 🔮 PHASE: HIDDEN LAYERING DETECTION
[2026-05-01T14:58:46Z] [INFO] 🔗 Hidden layering detection complete. Connections identified: 2
[2026-05-01T14:58:46Z] [SECTION] ============================================================
[2026-05-01T14:58:46Z] [INFO] 🔬 PHASE: DOMAIN CORRELATION ANALYSIS
[2026-05-01T14:58:46Z] [INFO] 📊 Domain correlation matrices created: 2
[2026-05-01T14:58:46Z] [SECTION] ============================================================
[2026-05-01T14:58:46Z] [INFO] 🖼️  PHASE: IMAGE-SEED ANALYSIS
[2026-05-01T14:58:46Z] [INFO] 📂 Image seed analysis bootstrapping from 0 images...
[2026-05-01T14:58:46Z] [SECTION] ============================================================
[2026-05-01T14:58:46Z] [INFO] 📤 PHASE: PUSH COMPONENTS TO TOLARIA
[2026-05-01T14:58:47Z] [INFO] 📦 Components pushed to Tolaria: 5
[2026-05-01T14:58:47Z] [SECTION] ============================================================
[2026-05-01T14:58:47Z] [INFO] 🧩 PHASE: COMPOSER - DOMAIN INTEGRATION SYNTHESIS
[2026-05-01T14:59:10Z] [INFO] 🎨 Domain integrations synthesized: 0
[2026-05-01T14:59:10Z] [SECTION] ============================================================
[2026-05-01T14:59:10Z] [INFO] 🚀 PHASE: ADVANCED OVERNIGHT LOOP
[2026-05-01T14:59:10Z] [INFO] 🔬 Advanced loop completed cycles: 0
[2026-05-01T14:59:10Z] [WARNING] ⚠️  Git commit skipped or failed (git not initialized?): Command '['git', '-C', '/home/avalonas/.hermes/gematria/unified_overnight_research', 'add', '.']' returned non-zero exit status 128.
[2026-05-01T14:59:10Z] [INFO] 
📊 CYCLE #68 SUMMARY
[2026-05-01T14:59:10Z] [INFO] ✅ Successful tasks: 7/7
[2026-05-01T14:59:10Z] [INFO] ⏱️  Cycle duration: 23.98s
[2026-05-01T14:59:10Z] [INFO]    ⚠️ task: result
[2026-05-01T14:59:10Z] [INFO]    ⚠️ task: result
[2026-05-01T14:59:10Z] [INFO]    ⚠️ task: result
[2026-05-01T14:59:10Z] [INFO]    ⚠️ task: result
[2026-05-01T14:59:10Z] [INFO]    ⚠️ task: result
[2026-05-01T14:59:10Z] [INFO]    ⚠️ task: result
[2026-05-01T14:59:10Z] [INFO]    ⚠️ task: result
[2026-05-01T14:59:10Z] [HEADER] ================================================================================
[2026-05-01T14:59:10Z] [INFO] 🔄 OVERNIGHT RESEARCH PIPELINE - CYCLE #69
[2026-05-01T14:59:10Z] [INFO] ================================================================================
[2026-05-01T14:59:10Z] [HEADER] ============================================================
[2026-05-01T14:59:10Z] [INFO] 🌙 STARTING OVERNIGHT RESEARCH CYCLE #69
[2026-05-01T14:59:10Z] [INFO] 🔍 Running overnight research protocol (web scraping + cross-symbol analysis)...
[2026-05-01T14:59:10Z] [INFO] 📊 Cycle duration: 0.16s, Files generated: 0
[2026-05-01T14:59:10Z] [WARNING] ⚠️ Database not initialized for cycle counting
[2026-05-01T14:59:10Z] [INFO] 💾 Database updated with cycle results
[2026-05-01T14:59:10Z] [SECTION] ============================================================
[2026-05-01T14:59:10Z] [INFO] 🔮 PHASE: HIDDEN LAYERING DETECTION
[2026-05-01T14:59:10Z] [INFO] 🔗 Hidden layering detection complete. Connections identified: 2
[2026-05-01T14:59:10Z] [SECTION] ============================================================
[2026-05-01T14:59:10Z] [INFO] 🔬 PHASE: DOMAIN CORRELATION ANALYSIS
[2026-05-01T14:59:10Z] [INFO] 📊 Domain correlation matrices created: 2
[2026-05-01T14:59:10Z] [SECTION] ============================================================
[2026-05-01T14:59:10Z] [INFO] 🖼️  PHASE: IMAGE-SEED ANALYSIS
[2026-05-01T14:59:10Z] [INFO] 📂 Image seed analysis bootstrapping from 0 images...
[2026-05-01T14:59:10Z] [SECTION] ============================================================
[2026-05-01T14:59:10Z] [INFO] 📤 PHASE: PUSH COMPONENTS TO TOLARIA
[2026-05-01T14:59:11Z] [INFO] 📦 Components pushed to Tolaria: 5
[2026-05-01T14:59:11Z] [SECTION] ============================================================
[2026-05-01T14:59:11Z] [INFO] 🧩 PHASE: COMPOSER - DOMAIN INTEGRATION SYNTHESIS
[2026-05-01T14:59:34Z] [INFO] 🎨 Domain integrations synthesized: 0
[2026-05-01T14:59:34Z] [SECTION] ============================================================
[2026-05-01T14:59:34Z] [INFO] 🚀 PHASE: ADVANCED OVERNIGHT LOOP
[2026-05-01T14:59:34Z] [INFO] 🔬 Advanced loop completed cycles: 0
[2026-05-01T14:59:34Z] [WARNING] ⚠️  Git commit skipped or failed (git not initialized?): Command '['git', '-C', '/home/avalonas/.hermes/gematria/unified_overnight_research', 'add', '.']' returned non-zero exit status 128.
[2026-05-01T14:59:34Z] [INFO] 
📊 CYCLE #69 SUMMARY
[2026-05-01T14:59:34Z] [INFO] ✅ Successful tasks: 7/7
[2026-05-01T14:59:34Z] [INFO] ⏱️  Cycle duration: 24.00s
[2026-05-01T14:59:34Z] [INFO]    ⚠️ task: result
[2026-05-01T14:59:34Z] [INFO]    ⚠️ task: result
[2026-05-01T14:59:34Z] [INFO]    ⚠️ task: result
[2026-05-01T14:59:34Z] [INFO]    ⚠️ task: result
[2026-05-01T14:59:34Z] [INFO]    ⚠️ task: result
[2026-05-01T14:59:34Z] [INFO]    ⚠️ task: result
[2026-05-01T14:59:34Z] [INFO]    ⚠️ task: result
[2026-05-01T14:59:34Z] [HEADER] ================================================================================
[2026-05-01T14:59:34Z] [INFO] 🔄 OVERNIGHT RESEARCH PIPELINE - CYCLE #70
[2026-05-01T14:59:34Z] [INFO] ================================================================================
[2026-05-01T14:59:34Z] [HEADER] ============================================================
[2026-05-01T14:59:34Z] [INFO] 🌙 STARTING OVERNIGHT RESEARCH CYCLE #70
[2026-05-01T14:59:34Z] [INFO] 🔍 Running overnight research protocol (web scraping + cross-symbol analysis)...
[2026-05-01T14:59:34Z] [INFO] 📊 Cycle duration: 0.15s, Files generated: 0
[2026-05-01T14:59:34Z] [WARNING] ⚠️ Database not initialized for cycle counting
[2026-05-01T14:59:34Z] [INFO] 💾 Database updated with cycle results
[2026-05-01T14:59:34Z] [SECTION] ============================================================
[2026-05-01T14:59:34Z] [INFO] 🔮 PHASE: HIDDEN LAYERING DETECTION
[2026-05-01T14:59:34Z] [INFO] 🔗 Hidden layering detection complete. Connections identified: 2
[2026-05-01T14:59:34Z] [SECTION] ============================================================
[2026-05-01T14:59:34Z] [INFO] 🔬 PHASE: DOMAIN CORRELATION ANALYSIS
[2026-05-01T14:59:34Z] [INFO] 📊 Domain correlation matrices created: 2
[2026-05-01T14:59:34Z] [SECTION] ============================================================
[2026-05-01T14:59:34Z] [INFO] 🖼️  PHASE: IMAGE-SEED ANALYSIS
[2026-05-01T14:59:34Z] [INFO] 📂 Image seed analysis bootstrapping from 0 images...
[2026-05-01T14:59:34Z] [SECTION] ============================================================
[2026-05-01T14:59:34Z] [INFO] 📤 PHASE: PUSH COMPONENTS TO TOLARIA
[2026-05-01T14:59:35Z] [INFO] 📦 Components pushed to Tolaria: 5
[2026-05-01T14:59:35Z] [SECTION] ============================================================
[2026-05-01T14:59:35Z] [INFO] 🧩 PHASE: COMPOSER - DOMAIN INTEGRATION SYNTHESIS
[2026-05-01T14:59:58Z] [INFO] 🎨 Domain integrations synthesized: 0
[2026-05-01T14:59:58Z] [SECTION] ============================================================
[2026-05-01T14:59:58Z] [INFO] 🚀 PHASE: ADVANCED OVERNIGHT LOOP
[2026-05-01T14:59:58Z] [INFO] 🔬 Advanced loop completed cycles: 0
[2026-05-01T14:59:58Z] [WARNING] ⚠️  Git commit skipped or failed (git not initialized?): Command '['git', '-C', '/home/avalonas/.hermes/gematria/unified_overnight_research', 'add', '.']' returned non-zero exit status 128.
[2026-05-01T14:59:58Z] [INFO] 
📊 CYCLE #70 SUMMARY
[2026-05-01T14:59:58Z] [INFO] ✅ Successful tasks: 7/7
[2026-05-01T14:59:58Z] [INFO] ⏱️  Cycle duration: 24.25s
[2026-05-01T14:59:58Z] [INFO]    ⚠️ task: result
[2026-05-01T14:59:58Z] [INFO]    ⚠️ task: result
[2026-05-01T14:59:58Z] [INFO]    ⚠️ task: result
[2026-05-01T14:59:58Z] [INFO]    ⚠️ task: result
[2026-05-01T14:59:58Z] [INFO]    ⚠️ task: result
[2026-05-01T14:59:58Z] [INFO]    ⚠️ task: result
[2026-05-01T14:59:58Z] [INFO]    ⚠️ task: result
[2026-05-01T14:59:58Z] [HEADER] ================================================================================
[2026-05-01T14:59:58Z] [INFO] 🔄 OVERNIGHT RESEARCH PIPELINE - CYCLE #71
[2026-05-01T14:59:58Z] [INFO] ================================================================================
[2026-05-01T14:59:58Z] [HEADER] ============================================================
[2026-05-01T14:59:58Z] [INFO] 🌙 STARTING OVERNIGHT RESEARCH CYCLE #71
[2026-05-01T14:59:58Z] [INFO] 🔍 Running overnight research protocol (web scraping + cross-symbol analysis)...
[2026-05-01T14:59:58Z] [INFO] 📊 Cycle duration: 0.16s, Files generated: 0
[2026-05-01T14:59:58Z] [WARNING] ⚠️ Database not initialized for cycle counting
[2026-05-01T14:59:58Z] [INFO] 💾 Database updated with cycle results
[2026-05-01T14:59:58Z] [SECTION] ============================================================
[2026-05-01T14:59:58Z] [INFO] 🔮 PHASE: HIDDEN LAYERING DETECTION
[2026-05-01T14:59:58Z] [INFO] 🔗 Hidden layering detection complete. Connections identified: 2
[2026-05-01T14:59:58Z] [SECTION] ============================================================
[2026-05-01T14:59:58Z] [INFO] 🔬 PHASE: DOMAIN CORRELATION ANALYSIS
[2026-05-01T14:59:58Z] [INFO] 📊 Domain correlation matrices created: 2
[2026-05-01T14:59:58Z] [SECTION] ============================================================
[2026-05-01T14:59:58Z] [INFO] 🖼️  PHASE: IMAGE-SEED ANALYSIS
[2026-05-01T14:59:58Z] [INFO] 📂 Image seed analysis bootstrapping from 0 images...
[2026-05-01T14:59:58Z] [SECTION] ============================================================
[2026-05-01T14:59:58Z] [INFO] 📤 PHASE: PUSH COMPONENTS TO TOLARIA
[2026-05-01T14:59:59Z] [INFO] 📦 Components pushed to Tolaria: 5
[2026-05-01T14:59:59Z] [SECTION] ============================================================
[2026-05-01T14:59:59Z] [INFO] 🧩 PHASE: COMPOSER - DOMAIN INTEGRATION SYNTHESIS
[2026-05-01T15:00:22Z] [INFO] 🎨 Domain integrations synthesized: 0
[2026-05-01T15:00:22Z] [SECTION] ============================================================
[2026-05-01T15:00:22Z] [INFO] 🚀 PHASE: ADVANCED OVERNIGHT LOOP
[2026-05-01T15:00:22Z] [INFO] 🔬 Advanced loop completed cycles: 0
[2026-05-01T15:00:22Z] [WARNING] ⚠️  Git commit skipped or failed (git not initialized?): Command '['git', '-C', '/home/avalonas/.hermes/gematria/unified_overnight_research', 'add', '.']' returned non-zero exit status 128.
[2026-05-01T15:00:22Z] [INFO] 
📊 CYCLE #71 SUMMARY
[2026-05-01T15:00:22Z] [INFO] ✅ Successful tasks: 7/7
[2026-05-01T15:00:22Z] [INFO] ⏱️  Cycle duration: 24.26s
[2026-05-01T15:00:22Z] [INFO]    ⚠️ task: result
[2026-05-01T15:00:22Z] [INFO]    ⚠️ task: result
[2026-05-01T15:00:22Z] [INFO]    ⚠️ task: result
[2026-05-01T15:00:22Z] [INFO]    ⚠️ task: result
[2026-05-01T15:00:22Z] [INFO]    ⚠️ task: result
[2026-05-01T15:00:22Z] [INFO]    ⚠️ task: result
[2026-05-01T15:00:22Z] [INFO]    ⚠️ task: result
[2026-05-01T15:00:22Z] [HEADER] ================================================================================
[2026-05-01T15:00:22Z] [INFO] 🔄 OVERNIGHT RESEARCH PIPELINE - CYCLE #72
[2026-05-01T15:00:22Z] [INFO] ================================================================================
[2026-05-01T15:00:22Z] [HEADER] ============================================================
[2026-05-01T15:00:22Z] [INFO] 🌙 STARTING OVERNIGHT RESEARCH CYCLE #72
[2026-05-01T15:00:22Z] [INFO] 🔍 Running overnight research protocol (web scraping + cross-symbol analysis)...
[2026-05-01T15:00:22Z] [INFO] 📊 Cycle duration: 0.15s, Files generated: 0
[2026-05-01T15:00:22Z] [WARNING] ⚠️ Database not initialized for cycle counting
[2026-05-01T15:00:22Z] [INFO] 💾 Database updated with cycle results
[2026-05-01T15:00:22Z] [SECTION] ============================================================
[2026-05-01T15:00:22Z] [INFO] 🔮 PHASE: HIDDEN LAYERING DETECTION
[2026-05-01T15:00:22Z] [INFO] 🔗 Hidden layering detection complete. Connections identified: 2
[2026-05-01T15:00:22Z] [SECTION] ============================================================
[2026-05-01T15:00:22Z] [INFO] 🔬 PHASE: DOMAIN CORRELATION ANALYSIS
[2026-05-01T15:00:22Z] [INFO] 📊 Domain correlation matrices created: 2
[2026-05-01T15:00:22Z] [SECTION] ============================================================
[2026-05-01T15:00:22Z] [INFO] 🖼️  PHASE: IMAGE-SEED ANALYSIS
[2026-05-01T15:00:22Z] [INFO] 📂 Image seed analysis bootstrapping from 0 images...
[2026-05-01T15:00:22Z] [SECTION] ============================================================
[2026-05-01T15:00:22Z] [INFO] 📤 PHASE: PUSH COMPONENTS TO TOLARIA
[2026-05-01T15:00:24Z] [INFO] 📦 Components pushed to Tolaria: 5
[2026-05-01T15:00:24Z] [SECTION] ============================================================
[2026-05-01T15:00:24Z] [INFO] 🧩 PHASE: COMPOSER - DOMAIN INTEGRATION SYNTHESIS
[2026-05-01T15:00:46Z] [INFO] 🎨 Domain integrations synthesized: 0
[2026-05-01T15:00:46Z] [SECTION] ============================================================
[2026-05-01T15:00:46Z] [INFO] 🚀 PHASE: ADVANCED OVERNIGHT LOOP
[2026-05-01T15:00:46Z] [INFO] 🔬 Advanced loop completed cycles: 0
[2026-05-01T15:00:46Z] [WARNING] ⚠️  Git commit skipped or failed (git not initialized?): Command '['git', '-C', '/home/avalonas/.hermes/gematria/unified_overnight_research', 'add', '.']' returned non-zero exit status 128.
[2026-05-01T15:00:46Z] [INFO] 
📊 CYCLE #72 SUMMARY
[2026-05-01T15:00:46Z] [INFO] ✅ Successful tasks: 7/7
[2026-05-01T15:00:46Z] [INFO] ⏱️  Cycle duration: 24.24s
[2026-05-01T15:00:46Z] [INFO]    ⚠️ task: result
[2026-05-01T15:00:46Z] [INFO]    ⚠️ task: result
[2026-05-01T15:00:46Z] [INFO]    ⚠️ task: result
[2026-05-01T15:00:46Z] [INFO]    ⚠️ task: result
[2026-05-01T15:00:46Z] [INFO]    ⚠️ task: result
[2026-05-01T15:00:46Z] [INFO]    ⚠️ task: result
[2026-05-01T15:00:46Z] [INFO]    ⚠️ task: result
[2026-05-01T15:00:46Z] [HEADER] ================================================================================
[2026-05-01T15:00:46Z] [INFO] 🔄 OVERNIGHT RESEARCH PIPELINE - CYCLE #73
[2026-05-01T15:00:46Z] [INFO] ================================================================================
[2026-05-01T15:00:46Z] [HEADER] ============================================================
[2026-05-01T15:00:46Z] [INFO] 🌙 STARTING OVERNIGHT RESEARCH CYCLE #73
[2026-05-01T15:00:46Z] [INFO] 🔍 Running overnight research protocol (web scraping + cross-symbol analysis)...
[2026-05-01T15:00:47Z] [INFO] 📊 Cycle duration: 0.25s, Files generated: 0
[2026-05-01T15:00:47Z] [WARNING] ⚠️ Database not initialized for cycle counting
[2026-05-01T15:00:47Z] [INFO] 💾 Database updated with cycle results
[2026-05-01T15:00:47Z] [SECTION] ============================================================
[2026-05-01T15:00:47Z] [INFO] 🔮 PHASE: HIDDEN LAYERING DETECTION
[2026-05-01T15:00:47Z] [INFO] 🔗 Hidden layering detection complete. Connections identified: 2
[2026-05-01T15:00:47Z] [SECTION] ============================================================
[2026-05-01T15:00:47Z] [INFO] 🔬 PHASE: DOMAIN CORRELATION ANALYSIS
[2026-05-01T15:00:47Z] [INFO] 📊 Domain correlation matrices created: 2
[2026-05-01T15:00:47Z] [SECTION] ============================================================
[2026-05-01T15:00:47Z] [INFO] 🖼️  PHASE: IMAGE-SEED ANALYSIS
[2026-05-01T15:00:47Z] [INFO] 📂 Image seed analysis bootstrapping from 0 images...
[2026-05-01T15:00:47Z] [SECTION] ============================================================
[2026-05-01T15:00:47Z] [INFO] 📤 PHASE: PUSH COMPONENTS TO TOLARIA
[2026-05-01T15:00:48Z] [INFO] 📦 Components pushed to Tolaria: 5
[2026-05-01T15:00:48Z] [SECTION] ============================================================
[2026-05-01T15:00:48Z] [INFO] 🧩 PHASE: COMPOSER - DOMAIN INTEGRATION SYNTHESIS
[2026-05-01T15:01:11Z] [INFO] 🎨 Domain integrations synthesized: 0
[2026-05-01T15:01:11Z] [SECTION] ============================================================
[2026-05-01T15:01:11Z] [INFO] 🚀 PHASE: ADVANCED OVERNIGHT LOOP
[2026-05-01T15:01:11Z] [INFO] 🔬 Advanced loop completed cycles: 0
[2026-05-01T15:01:11Z] [WARNING] ⚠️  Git commit skipped or failed (git not initialized?): Command '['git', '-C', '/home/avalonas/.hermes/gematria/unified_overnight_research', 'add', '.']' returned non-zero exit status 128.
[2026-05-01T15:01:11Z] [INFO] 
📊 CYCLE #73 SUMMARY
[2026-05-01T15:01:11Z] [INFO] ✅ Successful tasks: 7/7
[2026-05-01T15:01:11Z] [INFO] ⏱️  Cycle duration: 24.24s
[2026-05-01T15:01:11Z] [INFO]    ⚠️ task: result
[2026-05-01T15:01:11Z] [INFO]    ⚠️ task: result
[2026-05-01T15:01:11Z] [INFO]    ⚠️ task: result
[2026-05-01T15:01:11Z] [INFO]    ⚠️ task: result
[2026-05-01T15:01:11Z] [INFO]    ⚠️ task: result
[2026-05-01T15:01:11Z] [INFO]    ⚠️ task: result
[2026-05-01T15:01:11Z] [INFO]    ⚠️ task: result
[2026-05-01T15:01:11Z] [HEADER] ================================================================================
[2026-05-01T15:01:11Z] [INFO] 🔄 OVERNIGHT RESEARCH PIPELINE - CYCLE #74
[2026-05-01T15:01:11Z] [INFO] ================================================================================
[2026-05-01T15:01:11Z] [HEADER] ============================================================
[2026-05-01T15:01:11Z] [INFO] 🌙 STARTING OVERNIGHT RESEARCH CYCLE #74
[2026-05-01T15:01:11Z] [INFO] 🔍 Running overnight research protocol (web scraping + cross-symbol analysis)...
[2026-05-01T15:01:11Z] [INFO] 📊 Cycle duration: 0.15s, Files generated: 0
[2026-05-01T15:01:11Z] [WARNING] ⚠️ Database not initialized for cycle counting
[2026-05-01T15:01:11Z] [INFO] 💾 Database updated with cycle results
[2026-05-01T15:01:11Z] [SECTION] ============================================================
[2026-05-01T15:01:11Z] [INFO] 🔮 PHASE: HIDDEN LAYERING DETECTION
[2026-05-01T15:01:11Z] [INFO] 🔗 Hidden layering detection complete. Connections identified: 2
[2026-05-01T15:01:11Z] [SECTION] ============================================================
[2026-05-01T15:01:11Z] [INFO] 🔬 PHASE: DOMAIN CORRELATION ANALYSIS
[2026-05-01T15:01:11Z] [INFO] 📊 Domain correlation matrices created: 2
[2026-05-01T15:01:11Z] [SECTION] ============================================================
[2026-05-01T15:01:11Z] [INFO] 🖼️  PHASE: IMAGE-SEED ANALYSIS
[2026-05-01T15:01:11Z] [INFO] 📂 Image seed analysis bootstrapping from 0 images...
[2026-05-01T15:01:11Z] [SECTION] ============================================================
[2026-05-01T15:01:11Z] [INFO] 📤 PHASE: PUSH COMPONENTS TO TOLARIA
[2026-05-01T15:01:12Z] [INFO] 📦 Components pushed to Tolaria: 5
[2026-05-01T15:01:12Z] [SECTION] ============================================================
[2026-05-01T15:01:12Z] [INFO] 🧩 PHASE: COMPOSER - DOMAIN INTEGRATION SYNTHESIS
[2026-05-01T15:01:35Z] [INFO] 🎨 Domain integrations synthesized: 0
[2026-05-01T15:01:35Z] [SECTION] ============================================================
[2026-05-01T15:01:35Z] [INFO] 🚀 PHASE: ADVANCED OVERNIGHT LOOP
[2026-05-01T15:01:35Z] [INFO] 🔬 Advanced loop completed cycles: 0
[2026-05-01T15:01:35Z] [WARNING] ⚠️  Git commit skipped or failed (git not initialized?): Command '['git', '-C', '/home/avalonas/.hermes/gematria/unified_overnight_research', 'add', '.']' returned non-zero exit status 128.
[2026-05-01T15:01:35Z] [INFO] 
📊 CYCLE #74 SUMMARY
[2026-05-01T15:01:35Z] [INFO] ✅ Successful tasks: 7/7
[2026-05-01T15:01:35Z] [INFO] ⏱️  Cycle duration: 24.01s
[2026-05-01T15:01:35Z] [INFO]    ⚠️ task: result
[2026-05-01T15:01:35Z] [INFO]    ⚠️ task: result
[2026-05-01T15:01:35Z] [INFO]    ⚠️ task: result
[2026-05-01T15:01:35Z] [INFO]    ⚠️ task: result
[2026-05-01T15:01:35Z] [INFO]    ⚠️ task: result
[2026-05-01T15:01:35Z] [INFO]    ⚠️ task: result
[2026-05-01T15:01:35Z] [INFO]    ⚠️ task: result
[2026-05-01T15:01:35Z] [HEADER] ================================================================================
[2026-05-01T15:01:35Z] [INFO] 🔄 OVERNIGHT RESEARCH PIPELINE - CYCLE #75
[2026-05-01T15:01:35Z] [INFO] ================================================================================
[2026-05-01T15:01:35Z] [HEADER] ============================================================
[2026-05-01T15:01:35Z] [INFO] 🌙 STARTING OVERNIGHT RESEARCH CYCLE #75
[2026-05-01T15:01:35Z] [INFO] 🔍 Running overnight research protocol (web scraping + cross-symbol analysis)...
[2026-05-01T15:01:35Z] [INFO] 📊 Cycle duration: 0.14s, Files generated: 0
[2026-05-01T15:01:35Z] [WARNING] ⚠️ Database not initialized for cycle counting
[2026-05-01T15:01:35Z] [INFO] 💾 Database updated with cycle results
[2026-05-01T15:01:35Z] [SECTION] ============================================================
[2026-05-01T15:01:35Z] [INFO] 🔮 PHASE: HIDDEN LAYERING DETECTION
[2026-05-01T15:01:35Z] [INFO] 🔗 Hidden layering detection complete. Connections identified: 2
[2026-05-01T15:01:35Z] [SECTION] ============================================================
[2026-05-01T15:01:35Z] [INFO] 🔬 PHASE: DOMAIN CORRELATION ANALYSIS
[2026-05-01T15:01:35Z] [INFO] 📊 Domain correlation matrices created: 2
[2026-05-01T15:01:35Z] [SECTION] ============================================================
[2026-05-01T15:01:35Z] [INFO] 🖼️  PHASE: IMAGE-SEED ANALYSIS
[2026-05-01T15:01:35Z] [INFO] 📂 Image seed analysis bootstrapping from 0 images...
[2026-05-01T15:01:35Z] [SECTION] ============================================================
[2026-05-01T15:01:35Z] [INFO] 📤 PHASE: PUSH COMPONENTS TO TOLARIA
[2026-05-01T15:01:36Z] [INFO] 📦 Components pushed to Tolaria: 5
[2026-05-01T15:01:36Z] [SECTION] ============================================================
[2026-05-01T15:01:36Z] [INFO] 🧩 PHASE: COMPOSER - DOMAIN INTEGRATION SYNTHESIS
[2026-05-01T15:01:59Z] [INFO] 🎨 Domain integrations synthesized: 0
[2026-05-01T15:01:59Z] [SECTION] ============================================================
[2026-05-01T15:01:59Z] [INFO] 🚀 PHASE: ADVANCED OVERNIGHT LOOP
[2026-05-01T15:01:59Z] [INFO] 🔬 Advanced loop completed cycles: 0
[2026-05-01T15:01:59Z] [WARNING] ⚠️  Git commit skipped or failed (git not initialized?): Command '['git', '-C', '/home/avalonas/.hermes/gematria/unified_overnight_research', 'add', '.']' returned non-zero exit status 128.
[2026-05-01T15:01:59Z] [INFO] 
📊 CYCLE #75 SUMMARY
[2026-05-01T15:01:59Z] [INFO] ✅ Successful tasks: 7/7
[2026-05-01T15:01:59Z] [INFO] ⏱️  Cycle duration: 24.26s
[2026-05-01T15:01:59Z] [INFO]    ⚠️ task: result
[2026-05-01T15:01:59Z] [INFO]    ⚠️ task: result
[2026-05-01T15:01:59Z] [INFO]    ⚠️ task: result
[2026-05-01T15:01:59Z] [INFO]    ⚠️ task: result
[2026-05-01T15:01:59Z] [INFO]    ⚠️ task: result
[2026-05-01T15:01:59Z] [INFO]    ⚠️ task: result
[2026-05-01T15:01:59Z] [INFO]    ⚠️ task: result
[2026-05-01T15:01:59Z] [HEADER] ================================================================================
[2026-05-01T15:01:59Z] [INFO] 🔄 OVERNIGHT RESEARCH PIPELINE - CYCLE #76
[2026-05-01T15:01:59Z] [INFO] ================================================================================
[2026-05-01T15:01:59Z] [HEADER] ============================================================
[2026-05-01T15:01:59Z] [INFO] 🌙 STARTING OVERNIGHT RESEARCH CYCLE #76
[2026-05-01T15:01:59Z] [INFO] 🔍 Running overnight research protocol (web scraping + cross-symbol analysis)...
[2026-05-01T15:01:59Z] [INFO] 📊 Cycle duration: 0.19s, Files generated: 0
[2026-05-01T15:01:59Z] [WARNING] ⚠️ Database not initialized for cycle counting
[2026-05-01T15:01:59Z] [INFO] 💾 Database updated with cycle results
[2026-05-01T15:01:59Z] [SECTION] ============================================================
[2026-05-01T15:01:59Z] [INFO] 🔮 PHASE: HIDDEN LAYERING DETECTION
[2026-05-01T15:01:59Z] [INFO] 🔗 Hidden layering detection complete. Connections identified: 2
[2026-05-01T15:01:59Z] [SECTION] ============================================================
[2026-05-01T15:01:59Z] [INFO] 🔬 PHASE: DOMAIN CORRELATION ANALYSIS
[2026-05-01T15:01:59Z] [INFO] 📊 Domain correlation matrices created: 2
[2026-05-01T15:01:59Z] [SECTION] ============================================================
[2026-05-01T15:01:59Z] [INFO] 🖼️  PHASE: IMAGE-SEED ANALYSIS
[2026-05-01T15:01:59Z] [INFO] 📂 Image seed analysis bootstrapping from 0 images...
[2026-05-01T15:01:59Z] [SECTION] ============================================================
[2026-05-01T15:01:59Z] [INFO] 📤 PHASE: PUSH COMPONENTS TO TOLARIA
[2026-05-01T15:02:00Z] [INFO] 📦 Components pushed to Tolaria: 5
[2026-05-01T15:02:00Z] [SECTION] ============================================================
[2026-05-01T15:02:00Z] [INFO] 🧩 PHASE: COMPOSER - DOMAIN INTEGRATION SYNTHESIS
[2026-05-01T15:02:23Z] [INFO] 🎨 Domain integrations synthesized: 0
[2026-05-01T15:02:23Z] [SECTION] ============================================================
[2026-05-01T15:02:23Z] [INFO] 🚀 PHASE: ADVANCED OVERNIGHT LOOP
[2026-05-01T15:02:23Z] [INFO] 🔬 Advanced loop completed cycles: 0
[2026-05-01T15:02:23Z] [WARNING] ⚠️  Git commit skipped or failed (git not initialized?): Command '['git', '-C', '/home/avalonas/.hermes/gematria/unified_overnight_research', 'add', '.']' returned non-zero exit status 128.
[2026-05-01T15:02:23Z] [INFO] 
📊 CYCLE #76 SUMMARY
[2026-05-01T15:02:23Z] [INFO] ✅ Successful tasks: 7/7
[2026-05-01T15:02:23Z] [INFO] ⏱️  Cycle duration: 24.02s
[2026-05-01T15:02:23Z] [INFO]    ⚠️ task: result
[2026-05-01T15:02:23Z] [INFO]    ⚠️ task: result
[2026-05-01T15:02:23Z] [INFO]    ⚠️ task: result
[2026-05-01T15:02:23Z] [INFO]    ⚠️ task: result
[2026-05-01T15:02:23Z] [INFO]    ⚠️ task: result
[2026-05-01T15:02:23Z] [INFO]    ⚠️ task: result
[2026-05-01T15:02:23Z] [INFO]    ⚠️ task: result
[2026-05-01T15:02:23Z] [HEADER] ================================================================================
[2026-05-01T15:02:23Z] [INFO] 🔄 OVERNIGHT RESEARCH PIPELINE - CYCLE #77
[2026-05-01T15:02:23Z] [INFO] ================================================================================
[2026-05-01T15:02:23Z] [HEADER] ============================================================
[2026-05-01T15:02:23Z] [INFO] 🌙 STARTING OVERNIGHT RESEARCH CYCLE #77
[2026-05-01T15:02:23Z] [INFO] 🔍 Running overnight research protocol (web scraping + cross-symbol analysis)...
[2026-05-01T15:02:23Z] [INFO] 📊 Cycle duration: 0.13s, Files generated: 0
[2026-05-01T15:02:23Z] [WARNING] ⚠️ Database not initialized for cycle counting
[2026-05-01T15:02:23Z] [INFO] 💾 Database updated with cycle results
[2026-05-01T15:02:23Z] [SECTION] ============================================================
[2026-05-01T15:02:23Z] [INFO] 🔮 PHASE: HIDDEN LAYERING DETECTION
[2026-05-01T15:02:23Z] [INFO] 🔗 Hidden layering detection complete. Connections identified: 2
[2026-05-01T15:02:23Z] [SECTION] ============================================================
[2026-05-01T15:02:23Z] [INFO] 🔬 PHASE: DOMAIN CORRELATION ANALYSIS
[2026-05-01T15:02:23Z] [INFO] 📊 Domain correlation matrices created: 2
[2026-05-01T15:02:23Z] [SECTION] ============================================================
[2026-05-01T15:02:23Z] [INFO] 🖼️  PHASE: IMAGE-SEED ANALYSIS
[2026-05-01T15:02:23Z] [INFO] 📂 Image seed analysis bootstrapping from 0 images...
[2026-05-01T15:02:23Z] [SECTION] ============================================================
[2026-05-01T15:02:23Z] [INFO] 📤 PHASE: PUSH COMPONENTS TO TOLARIA
[2026-05-01T15:02:24Z] [INFO] 📦 Components pushed to Tolaria: 5
[2026-05-01T15:02:24Z] [SECTION] ============================================================
[2026-05-01T15:02:24Z] [INFO] 🧩 PHASE: COMPOSER - DOMAIN INTEGRATION SYNTHESIS
[2026-05-01T15:02:43Z] [INFO] 🎨 Domain integrations synthesized: 0
[2026-05-01T15:02:43Z] [SECTION] ============================================================
[2026-05-01T15:02:43Z] [INFO] 🚀 PHASE: ADVANCED OVERNIGHT LOOP
[2026-05-01T15:02:43Z] [INFO] 🔬 Advanced loop completed cycles: 0
[2026-05-01T15:02:43Z] [WARNING] ⚠️  Git commit skipped or failed (git not initialized?): Command '['git', '-C', '/home/avalonas/.hermes/gematria/unified_overnight_research', 'add', '.']' returned non-zero exit status 128.
[2026-05-01T15:02:43Z] [INFO] 
📊 CYCLE #77 SUMMARY
[2026-05-01T15:02:43Z] [INFO] ✅ Successful tasks: 7/7
[2026-05-01T15:02:43Z] [INFO] ⏱️  Cycle duration: 20.48s
[2026-05-01T15:02:43Z] [INFO]    ⚠️ task: result
[2026-05-01T15:02:43Z] [INFO]    ⚠️ task: result
[2026-05-01T15:02:43Z] [INFO]    ⚠️ task: result
[2026-05-01T15:02:43Z] [INFO]    ⚠️ task: result
[2026-05-01T15:02:43Z] [INFO]    ⚠️ task: result
[2026-05-01T15:02:43Z] [INFO]    ⚠️ task: result
[2026-05-01T15:02:43Z] [INFO]    ⚠️ task: result
[2026-05-01T15:02:43Z] [HEADER] ================================================================================
[2026-05-01T15:02:43Z] [INFO] 🔄 OVERNIGHT RESEARCH PIPELINE - CYCLE #78
[2026-05-01T15:02:43Z] [INFO] ================================================================================
[2026-05-01T15:02:43Z] [HEADER] ============================================================
[2026-05-01T15:02:43Z] [INFO] 🌙 STARTING OVERNIGHT RESEARCH CYCLE #78
[2026-05-01T15:02:43Z] [INFO] 🔍 Running overnight research protocol (web scraping + cross-symbol analysis)...
[2026-05-01T15:02:44Z] [INFO] 📊 Cycle duration: 0.14s, Files generated: 0
[2026-05-01T15:02:44Z] [WARNING] ⚠️ Database not initialized for cycle counting
[2026-05-01T15:02:44Z] [INFO] 💾 Database updated with cycle results
[2026-05-01T15:02:44Z] [SECTION] ============================================================
[2026-05-01T15:02:44Z] [INFO] 🔮 PHASE: HIDDEN LAYERING DETECTION
[2026-05-01T15:02:44Z] [INFO] 🔗 Hidden layering detection complete. Connections identified: 2
[2026-05-01T15:02:44Z] [SECTION] ============================================================
[2026-05-01T15:02:44Z] [INFO] 🔬 PHASE: DOMAIN CORRELATION ANALYSIS
[2026-05-01T15:02:44Z] [INFO] 📊 Domain correlation matrices created: 2
[2026-05-01T15:02:44Z] [SECTION] ============================================================
[2026-05-01T15:02:44Z] [INFO] 🖼️  PHASE: IMAGE-SEED ANALYSIS
[2026-05-01T15:02:44Z] [INFO] 📂 Image seed analysis bootstrapping from 0 images...
[2026-05-01T15:02:44Z] [SECTION] ============================================================
[2026-05-01T15:02:44Z] [INFO] 📤 PHASE: PUSH COMPONENTS TO TOLARIA
[2026-05-01T15:02:45Z] [INFO] 📦 Components pushed to Tolaria: 5
[2026-05-01T15:02:45Z] [SECTION] ============================================================
[2026-05-01T15:02:45Z] [INFO] 🧩 PHASE: COMPOSER - DOMAIN INTEGRATION SYNTHESIS
[2026-05-01T15:03:07Z] [INFO] 🎨 Domain integrations synthesized: 0
[2026-05-01T15:03:07Z] [SECTION] ============================================================
[2026-05-01T15:03:07Z] [INFO] 🚀 PHASE: ADVANCED OVERNIGHT LOOP
[2026-05-01T15:03:07Z] [INFO] 🔬 Advanced loop completed cycles: 0
[2026-05-01T15:03:07Z] [WARNING] ⚠️  Git commit skipped or failed (git not initialized?): Command '['git', '-C', '/home/avalonas/.hermes/gematria/unified_overnight_research', 'add', '.']' returned non-zero exit status 128.
[2026-05-01T15:03:07Z] [INFO] 
📊 CYCLE #78 SUMMARY
[2026-05-01T15:03:07Z] [INFO] ✅ Successful tasks: 7/7
[2026-05-01T15:03:07Z] [INFO] ⏱️  Cycle duration: 24.00s
[2026-05-01T15:03:07Z] [INFO]    ⚠️ task: result
[2026-05-01T15:03:07Z] [INFO]    ⚠️ task: result
[2026-05-01T15:03:07Z] [INFO]    ⚠️ task: result
[2026-05-01T15:03:07Z] [INFO]    ⚠️ task: result
[2026-05-01T15:03:07Z] [INFO]    ⚠️ task: result
[2026-05-01T15:03:07Z] [INFO]    ⚠️ task: result
[2026-05-01T15:03:07Z] [INFO]    ⚠️ task: result
[2026-05-01T15:03:07Z] [HEADER] ================================================================================
[2026-05-01T15:03:07Z] [INFO] 🔄 OVERNIGHT RESEARCH PIPELINE - CYCLE #79
[2026-05-01T15:03:07Z] [INFO] ================================================================================
[2026-05-01T15:03:07Z] [HEADER] ============================================================
[2026-05-01T15:03:07Z] [INFO] 🌙 STARTING OVERNIGHT RESEARCH CYCLE #79
[2026-05-01T15:03:07Z] [INFO] 🔍 Running overnight research protocol (web scraping + cross-symbol analysis)...
[2026-05-01T15:03:08Z] [INFO] 📊 Cycle duration: 0.16s, Files generated: 0
[2026-05-01T15:03:08Z] [WARNING] ⚠️ Database not initialized for cycle counting
[2026-05-01T15:03:08Z] [INFO] 💾 Database updated with cycle results
[2026-05-01T15:03:08Z] [SECTION] ============================================================
[2026-05-01T15:03:08Z] [INFO] 🔮 PHASE: HIDDEN LAYERING DETECTION
[2026-05-01T15:03:08Z] [INFO] 🔗 Hidden layering detection complete. Connections identified: 2
[2026-05-01T15:03:08Z] [SECTION] ============================================================
[2026-05-01T15:03:08Z] [INFO] 🔬 PHASE: DOMAIN CORRELATION ANALYSIS
[2026-05-01T15:03:08Z] [INFO] 📊 Domain correlation matrices created: 2
[2026-05-01T15:03:08Z] [SECTION] ============================================================
[2026-05-01T15:03:08Z] [INFO] 🖼️  PHASE: IMAGE-SEED ANALYSIS
[2026-05-01T15:03:08Z] [INFO] 📂 Image seed analysis bootstrapping from 0 images...
[2026-05-01T15:03:08Z] [SECTION] ============================================================
[2026-05-01T15:03:08Z] [INFO] 📤 PHASE: PUSH COMPONENTS TO TOLARIA
[2026-05-01T15:03:09Z] [INFO] 📦 Components pushed to Tolaria: 5
[2026-05-01T15:03:09Z] [SECTION] ============================================================
[2026-05-01T15:03:09Z] [INFO] 🧩 PHASE: COMPOSER - DOMAIN INTEGRATION SYNTHESIS
[2026-05-01T15:03:31Z] [INFO] 🎨 Domain integrations synthesized: 0
[2026-05-01T15:03:31Z] [SECTION] ============================================================
[2026-05-01T15:03:31Z] [INFO] 🚀 PHASE: ADVANCED OVERNIGHT LOOP
[2026-05-01T15:03:31Z] [INFO] 🔬 Advanced loop completed cycles: 0
[2026-05-01T15:03:32Z] [WARNING] ⚠️  Git commit skipped or failed (git not initialized?): Command '['git', '-C', '/home/avalonas/.hermes/gematria/unified_overnight_research', 'commit', '-m', '[2026-05-01T15:03:32Z] Cycle 78: Cycle 79: Web research + hidden layering detection']' returned non-zero exit status 1.
[2026-05-01T15:03:32Z] [INFO] 
📊 CYCLE #79 SUMMARY
[2026-05-01T15:03:32Z] [INFO] ✅ Successful tasks: 7/7
[2026-05-01T15:03:32Z] [INFO] ⏱️  Cycle duration: 24.17s
[2026-05-01T15:03:32Z] [INFO]    ⚠️ task: result
[2026-05-01T15:03:32Z] [INFO]    ⚠️ task: result
[2026-05-01T15:03:32Z] [INFO]    ⚠️ task: result
[2026-05-01T15:03:32Z] [INFO]    ⚠️ task: result
[2026-05-01T15:03:32Z] [INFO]    ⚠️ task: result
[2026-05-01T15:03:32Z] [INFO]    ⚠️ task: result
[2026-05-01T15:03:32Z] [INFO]    ⚠️ task: result
[2026-05-01T15:03:32Z] [HEADER] ================================================================================
[2026-05-01T15:03:32Z] [INFO] 🔄 OVERNIGHT RESEARCH PIPELINE - CYCLE #80
[2026-05-01T15:03:32Z] [INFO] ================================================================================
[2026-05-01T15:03:32Z] [HEADER] ============================================================
[2026-05-01T15:03:32Z] [INFO] 🌙 STARTING OVERNIGHT RESEARCH CYCLE #80
[2026-05-01T15:03:32Z] [INFO] 🔍 Running overnight research protocol (web scraping + cross-symbol analysis)...
[2026-05-01T15:03:32Z] [INFO] 📊 Cycle duration: 0.23s, Files generated: 0
[2026-05-01T15:03:32Z] [WARNING] ⚠️ Database not initialized for cycle counting
[2026-05-01T15:03:32Z] [INFO] 💾 Database updated with cycle results
[2026-05-01T15:03:32Z] [SECTION] ============================================================
[2026-05-01T15:03:32Z] [INFO] 🔮 PHASE: HIDDEN LAYERING DETECTION
[2026-05-01T15:03:32Z] [INFO] 🔗 Hidden layering detection complete. Connections identified: 2
[2026-05-01T15:03:32Z] [SECTION] ============================================================
[2026-05-01T15:03:32Z] [INFO] 🔬 PHASE: DOMAIN CORRELATION ANALYSIS
[2026-05-01T15:03:32Z] [INFO] 📊 Domain correlation matrices created: 2
[2026-05-01T15:03:32Z] [SECTION] ============================================================
[2026-05-01T15:03:32Z] [INFO] 🖼️  PHASE: IMAGE-SEED ANALYSIS
[2026-05-01T15:03:32Z] [INFO] 📂 Image seed analysis bootstrapping from 0 images...
[2026-05-01T15:03:32Z] [SECTION] ============================================================
[2026-05-01T15:03:32Z] [INFO] 📤 PHASE: PUSH COMPONENTS TO TOLARIA
[2026-05-01T15:03:33Z] [INFO] 📦 Components pushed to Tolaria: 5
[2026-05-01T15:03:33Z] [SECTION] ============================================================
[2026-05-01T15:03:33Z] [INFO] 🧩 PHASE: COMPOSER - DOMAIN INTEGRATION SYNTHESIS
[2026-05-01T15:03:55Z] [INFO] 🎨 Domain integrations synthesized: 0
[2026-05-01T15:03:55Z] [SECTION] ============================================================
[2026-05-01T15:03:55Z] [INFO] 🚀 PHASE: ADVANCED OVERNIGHT LOOP
[2026-05-01T15:03:55Z] [INFO] 🔬 Advanced loop completed cycles: 0
[2026-05-01T15:03:55Z] [WARNING] ⚠️  Git commit skipped or failed (git not initialized?): Command '['git', '-C', '/home/avalonas/.hermes/gematria/unified_overnight_research', 'add', '.']' returned non-zero exit status 128.
[2026-05-01T15:03:55Z] [INFO] 
📊 CYCLE #80 SUMMARY
[2026-05-01T15:03:55Z] [INFO] ✅ Successful tasks: 7/7
[2026-05-01T15:03:55Z] [INFO] ⏱️  Cycle duration: 23.84s
[2026-05-01T15:03:55Z] [INFO]    ⚠️ task: result
[2026-05-01T15:03:55Z] [INFO]    ⚠️ task: result
[2026-05-01T15:03:55Z] [INFO]    ⚠️ task: result
[2026-05-01T15:03:55Z] [INFO]    ⚠️ task: result
[2026-05-01T15:03:55Z] [INFO]    ⚠️ task: result
[2026-05-01T15:03:55Z] [INFO]    ⚠️ task: result
[2026-05-01T15:03:55Z] [INFO]    ⚠️ task: result
[2026-05-01T15:03:55Z] [HEADER] ================================================================================
[2026-05-01T15:03:55Z] [INFO] 🔄 OVERNIGHT RESEARCH PIPELINE - CYCLE #81
[2026-05-01T15:03:55Z] [INFO] ================================================================================
[2026-05-01T15:03:55Z] [HEADER] ============================================================
[2026-05-01T15:03:55Z] [INFO] 🌙 STARTING OVERNIGHT RESEARCH CYCLE #81
[2026-05-01T15:03:55Z] [INFO] 🔍 Running overnight research protocol (web scraping + cross-symbol analysis)...
[2026-05-01T15:03:56Z] [INFO] 📊 Cycle duration: 0.22s, Files generated: 0
[2026-05-01T15:03:56Z] [WARNING] ⚠️ Database not initialized for cycle counting
[2026-05-01T15:03:56Z] [INFO] 💾 Database updated with cycle results
[2026-05-01T15:03:56Z] [SECTION] ============================================================
[2026-05-01T15:03:56Z] [INFO] 🔮 PHASE: HIDDEN LAYERING DETECTION
[2026-05-01T15:03:56Z] [INFO] 🔗 Hidden layering detection complete. Connections identified: 2
[2026-05-01T15:03:56Z] [SECTION] ============================================================
[2026-05-01T15:03:56Z] [INFO] 🔬 PHASE: DOMAIN CORRELATION ANALYSIS
[2026-05-01T15:03:56Z] [INFO] 📊 Domain correlation matrices created: 2
[2026-05-01T15:03:56Z] [SECTION] ============================================================
[2026-05-01T15:03:56Z] [INFO] 🖼️  PHASE: IMAGE-SEED ANALYSIS
[2026-05-01T15:03:56Z] [INFO] 📂 Image seed analysis bootstrapping from 0 images...
[2026-05-01T15:03:56Z] [SECTION] ============================================================
[2026-05-01T15:03:56Z] [INFO] 📤 PHASE: PUSH COMPONENTS TO TOLARIA
[2026-05-01T15:03:57Z] [INFO] 📦 Components pushed to Tolaria: 5
[2026-05-01T15:03:57Z] [SECTION] ============================================================
[2026-05-01T15:03:57Z] [INFO] 🧩 PHASE: COMPOSER - DOMAIN INTEGRATION SYNTHESIS
[2026-05-01T15:04:19Z] [INFO] 🎨 Domain integrations synthesized: 0
[2026-05-01T15:04:19Z] [SECTION] ============================================================
[2026-05-01T15:04:19Z] [INFO] 🚀 PHASE: ADVANCED OVERNIGHT LOOP
[2026-05-01T15:04:19Z] [INFO] 🔬 Advanced loop completed cycles: 0
[2026-05-01T15:04:19Z] [WARNING] ⚠️  Git commit skipped or failed (git not initialized?): Command '['git', '-C', '/home/avalonas/.hermes/gematria/unified_overnight_research', 'add', '.']' returned non-zero exit status 128.
[2026-05-01T15:04:19Z] [INFO] 
📊 CYCLE #81 SUMMARY
[2026-05-01T15:04:19Z] [INFO] ✅ Successful tasks: 7/7
[2026-05-01T15:04:19Z] [INFO] ⏱️  Cycle duration: 24.00s
[2026-05-01T15:04:19Z] [INFO]    ⚠️ task: result
[2026-05-01T15:04:19Z] [INFO]    ⚠️ task: result
[2026-05-01T15:04:19Z] [INFO]    ⚠️ task: result
[2026-05-01T15:04:19Z] [INFO]    ⚠️ task: result
[2026-05-01T15:04:19Z] [INFO]    ⚠️ task: result
[2026-05-01T15:04:19Z] [INFO]    ⚠️ task: result
[2026-05-01T15:04:19Z] [INFO]    ⚠️ task: result
[2026-05-01T15:04:19Z] [HEADER] ================================================================================
[2026-05-01T15:04:19Z] [INFO] 🔄 OVERNIGHT RESEARCH PIPELINE - CYCLE #82
[2026-05-01T15:04:19Z] [INFO] ================================================================================
[2026-05-01T15:04:19Z] [HEADER] ============================================================
[2026-05-01T15:04:19Z] [INFO] 🌙 STARTING OVERNIGHT RESEARCH CYCLE #82
[2026-05-01T15:04:19Z] [INFO] 🔍 Running overnight research protocol (web scraping + cross-symbol analysis)...
[2026-05-01T15:04:20Z] [INFO] 📊 Cycle duration: 0.15s, Files generated: 0
[2026-05-01T15:04:20Z] [WARNING] ⚠️ Database not initialized for cycle counting
[2026-05-01T15:04:20Z] [INFO] 💾 Database updated with cycle results
[2026-05-01T15:04:20Z] [SECTION] ============================================================
[2026-05-01T15:04:20Z] [INFO] 🔮 PHASE: HIDDEN LAYERING DETECTION
[2026-05-01T15:04:20Z] [INFO] 🔗 Hidden layering detection complete. Connections identified: 2
[2026-05-01T15:04:20Z] [SECTION] ============================================================
[2026-05-01T15:04:20Z] [INFO] 🔬 PHASE: DOMAIN CORRELATION ANALYSIS
[2026-05-01T15:04:20Z] [INFO] 📊 Domain correlation matrices created: 2
[2026-05-01T15:04:20Z] [SECTION] ============================================================
[2026-05-01T15:04:20Z] [INFO] 🖼️  PHASE: IMAGE-SEED ANALYSIS
[2026-05-01T15:04:20Z] [INFO] 📂 Image seed analysis bootstrapping from 0 images...
[2026-05-01T15:04:20Z] [SECTION] ============================================================
[2026-05-01T15:04:20Z] [INFO] 📤 PHASE: PUSH COMPONENTS TO TOLARIA
[2026-05-01T15:04:21Z] [INFO] 📦 Components pushed to Tolaria: 5
[2026-05-01T15:04:21Z] [SECTION] ============================================================
[2026-05-01T15:04:21Z] [INFO] 🧩 PHASE: COMPOSER - DOMAIN INTEGRATION SYNTHESIS
[2026-05-01T15:04:43Z] [INFO] 🎨 Domain integrations synthesized: 0
[2026-05-01T15:04:43Z] [SECTION] ============================================================
[2026-05-01T15:04:43Z] [INFO] 🚀 PHASE: ADVANCED OVERNIGHT LOOP
[2026-05-01T15:04:43Z] [INFO] 🔬 Advanced loop completed cycles: 0
[2026-05-01T15:04:43Z] [WARNING] ⚠️  Git commit skipped or failed (git not initialized?): Command '['git', '-C', '/home/avalonas/.hermes/gematria/unified_overnight_research', 'add', '.']' returned non-zero exit status 128.
[2026-05-01T15:04:43Z] [INFO] 
📊 CYCLE #82 SUMMARY
[2026-05-01T15:04:43Z] [INFO] ✅ Successful tasks: 7/7
[2026-05-01T15:04:43Z] [INFO] ⏱️  Cycle duration: 23.99s
[2026-05-01T15:04:43Z] [INFO]    ⚠️ task: result
[2026-05-01T15:04:43Z] [INFO]    ⚠️ task: result
[2026-05-01T15:04:43Z] [INFO]    ⚠️ task: result
[2026-05-01T15:04:43Z] [INFO]    ⚠️ task: result
[2026-05-01T15:04:43Z] [INFO]    ⚠️ task: result
[2026-05-01T15:04:43Z] [INFO]    ⚠️ task: result
[2026-05-01T15:04:43Z] [INFO]    ⚠️ task: result
[2026-05-01T15:04:43Z] [HEADER] ================================================================================
[2026-05-01T15:04:43Z] [INFO] 🔄 OVERNIGHT RESEARCH PIPELINE - CYCLE #83
[2026-05-01T15:04:43Z] [INFO] ================================================================================
[2026-05-01T15:04:43Z] [HEADER] ============================================================
[2026-05-01T15:04:43Z] [INFO] 🌙 STARTING OVERNIGHT RESEARCH CYCLE #83
[2026-05-01T15:04:43Z] [INFO] 🔍 Running overnight research protocol (web scraping + cross-symbol analysis)...
[2026-05-01T15:04:44Z] [INFO] 📊 Cycle duration: 0.15s, Files generated: 0
[2026-05-01T15:04:44Z] [WARNING] ⚠️ Database not initialized for cycle counting
[2026-05-01T15:04:44Z] [INFO] 💾 Database updated with cycle results
[2026-05-01T15:04:44Z] [SECTION] ============================================================
[2026-05-01T15:04:44Z] [INFO] 🔮 PHASE: HIDDEN LAYERING DETECTION
[2026-05-01T15:04:44Z] [INFO] 🔗 Hidden layering detection complete. Connections identified: 2
[2026-05-01T15:04:44Z] [SECTION] ============================================================
[2026-05-01T15:04:44Z] [INFO] 🔬 PHASE: DOMAIN CORRELATION ANALYSIS
[2026-05-01T15:04:44Z] [INFO] 📊 Domain correlation matrices created: 2
[2026-05-01T15:04:44Z] [SECTION] ============================================================
[2026-05-01T15:04:44Z] [INFO] 🖼️  PHASE: IMAGE-SEED ANALYSIS
[2026-05-01T15:04:44Z] [INFO] 📂 Image seed analysis bootstrapping from 0 images...
[2026-05-01T15:04:44Z] [SECTION] ============================================================
[2026-05-01T15:04:44Z] [INFO] 📤 PHASE: PUSH COMPONENTS TO TOLARIA
[2026-05-01T15:04:45Z] [INFO] 📦 Components pushed to Tolaria: 5
[2026-05-01T15:04:45Z] [SECTION] ============================================================
[2026-05-01T15:04:45Z] [INFO] 🧩 PHASE: COMPOSER - DOMAIN INTEGRATION SYNTHESIS
[2026-05-01T15:05:07Z] [INFO] 🎨 Domain integrations synthesized: 0
[2026-05-01T15:05:07Z] [SECTION] ============================================================
[2026-05-01T15:05:07Z] [INFO] 🚀 PHASE: ADVANCED OVERNIGHT LOOP
[2026-05-01T15:05:08Z] [INFO] 🔬 Advanced loop completed cycles: 0
[2026-05-01T15:05:08Z] [WARNING] ⚠️  Git commit skipped or failed (git not initialized?): Command '['git', '-C', '/home/avalonas/.hermes/gematria/unified_overnight_research', 'add', '.']' returned non-zero exit status 128.
[2026-05-01T15:05:08Z] [INFO] 
📊 CYCLE #83 SUMMARY
[2026-05-01T15:05:08Z] [INFO] ✅ Successful tasks: 7/7
[2026-05-01T15:05:08Z] [INFO] ⏱️  Cycle duration: 24.02s
[2026-05-01T15:05:08Z] [INFO]    ⚠️ task: result
[2026-05-01T15:05:08Z] [INFO]    ⚠️ task: result
[2026-05-01T15:05:08Z] [INFO]    ⚠️ task: result
[2026-05-01T15:05:08Z] [INFO]    ⚠️ task: result
[2026-05-01T15:05:08Z] [INFO]    ⚠️ task: result
[2026-05-01T15:05:08Z] [INFO]    ⚠️ task: result
[2026-05-01T15:05:08Z] [INFO]    ⚠️ task: result
[2026-05-01T15:05:08Z] [HEADER] ================================================================================
[2026-05-01T15:05:08Z] [INFO] 🔄 OVERNIGHT RESEARCH PIPELINE - CYCLE #84
[2026-05-01T15:05:08Z] [INFO] ================================================================================
[2026-05-01T15:05:08Z] [HEADER] ============================================================
[2026-05-01T15:05:08Z] [INFO] 🌙 STARTING OVERNIGHT RESEARCH CYCLE #84
[2026-05-01T15:05:08Z] [INFO] 🔍 Running overnight research protocol (web scraping + cross-symbol analysis)...
[2026-05-01T15:05:08Z] [INFO] 📊 Cycle duration: 0.25s, Files generated: 0
[2026-05-01T15:05:08Z] [WARNING] ⚠️ Database not initialized for cycle counting
[2026-05-01T15:05:08Z] [INFO] 💾 Database updated with cycle results
[2026-05-01T15:05:08Z] [SECTION] ============================================================
[2026-05-01T15:05:08Z] [INFO] 🔮 PHASE: HIDDEN LAYERING DETECTION
[2026-05-01T15:05:08Z] [INFO] 🔗 Hidden layering detection complete. Connections identified: 2
[2026-05-01T15:05:08Z] [SECTION] ============================================================
[2026-05-01T15:05:08Z] [INFO] 🔬 PHASE: DOMAIN CORRELATION ANALYSIS
[2026-05-01T15:05:08Z] [INFO] 📊 Domain correlation matrices created: 2
[2026-05-01T15:05:08Z] [SECTION] ============================================================
[2026-05-01T15:05:08Z] [INFO] 🖼️  PHASE: IMAGE-SEED ANALYSIS
[2026-05-01T15:05:08Z] [INFO] 📂 Image seed analysis bootstrapping from 0 images...
[2026-05-01T15:05:08Z] [SECTION] ============================================================
[2026-05-01T15:05:08Z] [INFO] 📤 PHASE: PUSH COMPONENTS TO TOLARIA
[2026-05-01T15:05:09Z] [INFO] 📦 Components pushed to Tolaria: 5
[2026-05-01T15:05:09Z] [SECTION] ============================================================
[2026-05-01T15:05:09Z] [INFO] 🧩 PHASE: COMPOSER - DOMAIN INTEGRATION SYNTHESIS
[2026-05-01T15:05:31Z] [INFO] 🎨 Domain integrations synthesized: 0
[2026-05-01T15:05:31Z] [SECTION] ============================================================
[2026-05-01T15:05:31Z] [INFO] 🚀 PHASE: ADVANCED OVERNIGHT LOOP
[2026-05-01T15:05:31Z] [INFO] 🔬 Advanced loop completed cycles: 0
[2026-05-01T15:05:31Z] [WARNING] ⚠️  Git commit skipped or failed (git not initialized?): Command '['git', '-C', '/home/avalonas/.hermes/gematria/unified_overnight_research', 'add', '.']' returned non-zero exit status 128.
[2026-05-01T15:05:31Z] [INFO] 
📊 CYCLE #84 SUMMARY
[2026-05-01T15:05:31Z] [INFO] ✅ Successful tasks: 7/7
[2026-05-01T15:05:31Z] [INFO] ⏱️  Cycle duration: 23.98s
[2026-05-01T15:05:31Z] [INFO]    ⚠️ task: result
[2026-05-01T15:05:31Z] [INFO]    ⚠️ task: result
[2026-05-01T15:05:31Z] [INFO]    ⚠️ task: result
[2026-05-01T15:05:31Z] [INFO]    ⚠️ task: result
[2026-05-01T15:05:31Z] [INFO]    ⚠️ task: result
[2026-05-01T15:05:31Z] [INFO]    ⚠️ task: result
[2026-05-01T15:05:31Z] [INFO]    ⚠️ task: result
[2026-05-01T15:05:31Z] [HEADER] ================================================================================
[2026-05-01T15:05:31Z] [INFO] 🔄 OVERNIGHT RESEARCH PIPELINE - CYCLE #85
[2026-05-01T15:05:31Z] [INFO] ================================================================================
[2026-05-01T15:05:31Z] [HEADER] ============================================================
[2026-05-01T15:05:31Z] [INFO] 🌙 STARTING OVERNIGHT RESEARCH CYCLE #85
[2026-05-01T15:05:31Z] [INFO] 🔍 Running overnight research protocol (web scraping + cross-symbol analysis)...
[2026-05-01T15:05:32Z] [INFO] 📊 Cycle duration: 0.19s, Files generated: 0
[2026-05-01T15:05:32Z] [WARNING] ⚠️ Database not initialized for cycle counting
[2026-05-01T15:05:32Z] [INFO] 💾 Database updated with cycle results
[2026-05-01T15:05:32Z] [SECTION] ============================================================
[2026-05-01T15:05:32Z] [INFO] 🔮 PHASE: HIDDEN LAYERING DETECTION
[2026-05-01T15:05:32Z] [INFO] 🔗 Hidden layering detection complete. Connections identified: 2
[2026-05-01T15:05:32Z] [SECTION] ============================================================
[2026-05-01T15:05:32Z] [INFO] 🔬 PHASE: DOMAIN CORRELATION ANALYSIS
[2026-05-01T15:05:32Z] [INFO] 📊 Domain correlation matrices created: 2
[2026-05-01T15:05:32Z] [SECTION] ============================================================
[2026-05-01T15:05:32Z] [INFO] 🖼️  PHASE: IMAGE-SEED ANALYSIS
[2026-05-01T15:05:32Z] [INFO] 📂 Image seed analysis bootstrapping from 0 images...
[2026-05-01T15:05:32Z] [SECTION] ============================================================
[2026-05-01T15:05:32Z] [INFO] 📤 PHASE: PUSH COMPONENTS TO TOLARIA
[2026-05-01T15:05:33Z] [INFO] 📦 Components pushed to Tolaria: 5
[2026-05-01T15:05:33Z] [SECTION] ============================================================
[2026-05-01T15:05:33Z] [INFO] 🧩 PHASE: COMPOSER - DOMAIN INTEGRATION SYNTHESIS
[2026-05-01T15:05:56Z] [INFO] 🎨 Domain integrations synthesized: 0
[2026-05-01T15:05:56Z] [SECTION] ============================================================
[2026-05-01T15:05:56Z] [INFO] 🚀 PHASE: ADVANCED OVERNIGHT LOOP
[2026-05-01T15:05:56Z] [INFO] 🔬 Advanced loop completed cycles: 0
[2026-05-01T15:05:56Z] [WARNING] ⚠️  Git commit skipped or failed (git not initialized?): Command '['git', '-C', '/home/avalonas/.hermes/gematria/unified_overnight_research', 'commit', '-m', '[2026-05-01T15:05:56Z] Cycle 84: Cycle 85: Web research + hidden layering detection']' returned non-zero exit status 128.
[2026-05-01T15:05:56Z] [INFO] 
📊 CYCLE #85 SUMMARY
[2026-05-01T15:05:56Z] [INFO] ✅ Successful tasks: 7/7
[2026-05-01T15:05:56Z] [INFO] ⏱️  Cycle duration: 24.38s
[2026-05-01T15:05:56Z] [INFO]    ⚠️ task: result
[2026-05-01T15:05:56Z] [INFO]    ⚠️ task: result
[2026-05-01T15:05:56Z] [INFO]    ⚠️ task: result
[2026-05-01T15:05:56Z] [INFO]    ⚠️ task: result
[2026-05-01T15:05:56Z] [INFO]    ⚠️ task: result
[2026-05-01T15:05:56Z] [INFO]    ⚠️ task: result
[2026-05-01T15:05:56Z] [INFO]    ⚠️ task: result
[2026-05-01T15:05:56Z] [HEADER] ================================================================================
[2026-05-01T15:05:56Z] [INFO] 🔄 OVERNIGHT RESEARCH PIPELINE - CYCLE #86
[2026-05-01T15:05:56Z] [INFO] ================================================================================
[2026-05-01T15:05:56Z] [HEADER] ============================================================
[2026-05-01T15:05:56Z] [INFO] 🌙 STARTING OVERNIGHT RESEARCH CYCLE #86
[2026-05-01T15:05:56Z] [INFO] 🔍 Running overnight research protocol (web scraping + cross-symbol analysis)...
[2026-05-01T15:05:56Z] [INFO] 📊 Cycle duration: 0.24s, Files generated: 0
[2026-05-01T15:05:56Z] [WARNING] ⚠️ Database not initialized for cycle counting
[2026-05-01T15:05:56Z] [INFO] 💾 Database updated with cycle results
[2026-05-01T15:05:56Z] [SECTION] ============================================================
[2026-05-01T15:05:56Z] [INFO] 🔮 PHASE: HIDDEN LAYERING DETECTION
[2026-05-01T15:05:56Z] [INFO] 🔗 Hidden layering detection complete. Connections identified: 2
[2026-05-01T15:05:56Z] [SECTION] ============================================================
[2026-05-01T15:05:56Z] [INFO] 🔬 PHASE: DOMAIN CORRELATION ANALYSIS
[2026-05-01T15:05:56Z] [INFO] 📊 Domain correlation matrices created: 2
[2026-05-01T15:05:56Z] [SECTION] ============================================================
[2026-05-01T15:05:56Z] [INFO] 🖼️  PHASE: IMAGE-SEED ANALYSIS
[2026-05-01T15:05:56Z] [INFO] 📂 Image seed analysis bootstrapping from 0 images...
[2026-05-01T15:05:56Z] [SECTION] ============================================================
[2026-05-01T15:05:56Z] [INFO] 📤 PHASE: PUSH COMPONENTS TO TOLARIA
[2026-05-01T15:05:57Z] [INFO] 📦 Components pushed to Tolaria: 5
[2026-05-01T15:05:57Z] [SECTION] ============================================================
[2026-05-01T15:05:57Z] [INFO] 🧩 PHASE: COMPOSER - DOMAIN INTEGRATION SYNTHESIS
[2026-05-01T15:06:20Z] [INFO] 🎨 Domain integrations synthesized: 0
[2026-05-01T15:06:20Z] [SECTION] ============================================================
[2026-05-01T15:06:20Z] [INFO] 🚀 PHASE: ADVANCED OVERNIGHT LOOP
[2026-05-01T15:06:20Z] [INFO] 🔬 Advanced loop completed cycles: 0
[2026-05-01T15:06:20Z] [WARNING] ⚠️  Git commit skipped or failed (git not initialized?): Command '['git', '-C', '/home/avalonas/.hermes/gematria/unified_overnight_research', 'add', '.']' returned non-zero exit status 128.
[2026-05-01T15:06:20Z] [INFO] 
📊 CYCLE #86 SUMMARY
[2026-05-01T15:06:20Z] [INFO] ✅ Successful tasks: 7/7
[2026-05-01T15:06:20Z] [INFO] ⏱️  Cycle duration: 23.86s
[2026-05-01T15:06:20Z] [INFO]    ⚠️ task: result
[2026-05-01T15:06:20Z] [INFO]    ⚠️ task: result
[2026-05-01T15:06:20Z] [INFO]    ⚠️ task: result
[2026-05-01T15:06:20Z] [INFO]    ⚠️ task: result
[2026-05-01T15:06:20Z] [INFO]    ⚠️ task: result
[2026-05-01T15:06:20Z] [INFO]    ⚠️ task: result
[2026-05-01T15:06:20Z] [INFO]    ⚠️ task: result
[2026-05-01T15:06:20Z] [HEADER] ================================================================================
[2026-05-01T15:06:20Z] [INFO] 🔄 OVERNIGHT RESEARCH PIPELINE - CYCLE #87
[2026-05-01T15:06:20Z] [INFO] ================================================================================
[2026-05-01T15:06:20Z] [HEADER] ============================================================
[2026-05-01T15:06:20Z] [INFO] 🌙 STARTING OVERNIGHT RESEARCH CYCLE #87
[2026-05-01T15:06:20Z] [INFO] 🔍 Running overnight research protocol (web scraping + cross-symbol analysis)...
[2026-05-01T15:06:20Z] [INFO] 📊 Cycle duration: 0.13s, Files generated: 0
[2026-05-01T15:06:20Z] [WARNING] ⚠️ Database not initialized for cycle counting
[2026-05-01T15:06:20Z] [INFO] 💾 Database updated with cycle results
[2026-05-01T15:06:20Z] [SECTION] ============================================================
[2026-05-01T15:06:20Z] [INFO] 🔮 PHASE: HIDDEN LAYERING DETECTION
[2026-05-01T15:06:20Z] [INFO] 🔗 Hidden layering detection complete. Connections identified: 2
[2026-05-01T15:06:20Z] [SECTION] ============================================================
[2026-05-01T15:06:20Z] [INFO] 🔬 PHASE: DOMAIN CORRELATION ANALYSIS
[2026-05-01T15:06:20Z] [INFO] 📊 Domain correlation matrices created: 2
[2026-05-01T15:06:20Z] [SECTION] ============================================================
[2026-05-01T15:06:20Z] [INFO] 🖼️  PHASE: IMAGE-SEED ANALYSIS
[2026-05-01T15:06:20Z] [INFO] 📂 Image seed analysis bootstrapping from 0 images...
[2026-05-01T15:06:20Z] [SECTION] ============================================================
[2026-05-01T15:06:20Z] [INFO] 📤 PHASE: PUSH COMPONENTS TO TOLARIA
[2026-05-01T15:06:21Z] [INFO] 📦 Components pushed to Tolaria: 5
[2026-05-01T15:06:21Z] [SECTION] ============================================================
[2026-05-01T15:06:21Z] [INFO] 🧩 PHASE: COMPOSER - DOMAIN INTEGRATION SYNTHESIS
[2026-05-01T15:06:44Z] [INFO] 🎨 Domain integrations synthesized: 0
[2026-05-01T15:06:44Z] [SECTION] ============================================================
[2026-05-01T15:06:44Z] [INFO] 🚀 PHASE: ADVANCED OVERNIGHT LOOP
[2026-05-01T15:06:44Z] [INFO] 🔬 Advanced loop completed cycles: 0
[2026-05-01T15:06:44Z] [WARNING] ⚠️  Git commit skipped or failed (git not initialized?): Command '['git', '-C', '/home/avalonas/.hermes/gematria/unified_overnight_research', 'commit', '-m', '[2026-05-01T15:06:44Z] Cycle 86: Cycle 87: Web research + hidden layering detection']' returned non-zero exit status 128.
[2026-05-01T15:06:44Z] [INFO] 
📊 CYCLE #87 SUMMARY
[2026-05-01T15:06:44Z] [INFO] ✅ Successful tasks: 7/7
[2026-05-01T15:06:44Z] [INFO] ⏱️  Cycle duration: 24.12s
[2026-05-01T15:06:44Z] [INFO]    ⚠️ task: result
[2026-05-01T15:06:44Z] [INFO]    ⚠️ task: result
[2026-05-01T15:06:44Z] [INFO]    ⚠️ task: result
[2026-05-01T15:06:44Z] [INFO]    ⚠️ task: result
[2026-05-01T15:06:44Z] [INFO]    ⚠️ task: result
[2026-05-01T15:06:44Z] [INFO]    ⚠️ task: result
[2026-05-01T15:06:44Z] [INFO]    ⚠️ task: result
[2026-05-01T15:06:44Z] [HEADER] ================================================================================
[2026-05-01T15:06:44Z] [INFO] 🔄 OVERNIGHT RESEARCH PIPELINE - CYCLE #88
[2026-05-01T15:06:44Z] [INFO] ================================================================================
[2026-05-01T15:06:44Z] [HEADER] ============================================================
[2026-05-01T15:06:44Z] [INFO] 🌙 STARTING OVERNIGHT RESEARCH CYCLE #88
[2026-05-01T15:06:44Z] [INFO] 🔍 Running overnight research protocol (web scraping + cross-symbol analysis)...
[2026-05-01T15:06:44Z] [INFO] 📊 Cycle duration: 0.24s, Files generated: 0
[2026-05-01T15:06:44Z] [WARNING] ⚠️ Database not initialized for cycle counting
[2026-05-01T15:06:44Z] [INFO] 💾 Database updated with cycle results
[2026-05-01T15:06:44Z] [SECTION] ============================================================
[2026-05-01T15:06:44Z] [INFO] 🔮 PHASE: HIDDEN LAYERING DETECTION
[2026-05-01T15:06:44Z] [INFO] 🔗 Hidden layering detection complete. Connections identified: 2
[2026-05-01T15:06:44Z] [SECTION] ============================================================
[2026-05-01T15:06:44Z] [INFO] 🔬 PHASE: DOMAIN CORRELATION ANALYSIS
[2026-05-01T15:06:44Z] [INFO] 📊 Domain correlation matrices created: 2
[2026-05-01T15:06:44Z] [SECTION] ============================================================
[2026-05-01T15:06:44Z] [INFO] 🖼️  PHASE: IMAGE-SEED ANALYSIS
[2026-05-01T15:06:44Z] [INFO] 📂 Image seed analysis bootstrapping from 0 images...
[2026-05-01T15:06:44Z] [SECTION] ============================================================
[2026-05-01T15:06:44Z] [INFO] 📤 PHASE: PUSH COMPONENTS TO TOLARIA
[2026-05-01T15:06:45Z] [INFO] 📦 Components pushed to Tolaria: 5
[2026-05-01T15:06:45Z] [SECTION] ============================================================
[2026-05-01T15:06:45Z] [INFO] 🧩 PHASE: COMPOSER - DOMAIN INTEGRATION SYNTHESIS
[2026-05-01T15:07:08Z] [INFO] 🎨 Domain integrations synthesized: 0
[2026-05-01T15:07:08Z] [SECTION] ============================================================
[2026-05-01T15:07:08Z] [INFO] 🚀 PHASE: ADVANCED OVERNIGHT LOOP
[2026-05-01T15:07:08Z] [INFO] 🔬 Advanced loop completed cycles: 0
[2026-05-01T15:07:08Z] [WARNING] ⚠️  Git commit skipped or failed (git not initialized?): Command '['git', '-C', '/home/avalonas/.hermes/gematria/unified_overnight_research', 'add', '.']' returned non-zero exit status 128.
[2026-05-01T15:07:08Z] [INFO] 
📊 CYCLE #88 SUMMARY
[2026-05-01T15:07:08Z] [INFO] ✅ Successful tasks: 7/7
[2026-05-01T15:07:08Z] [INFO] ⏱️  Cycle duration: 23.90s
[2026-05-01T15:07:08Z] [INFO]    ⚠️ task: result
[2026-05-01T15:07:08Z] [INFO]    ⚠️ task: result
[2026-05-01T15:07:08Z] [INFO]    ⚠️ task: result
[2026-05-01T15:07:08Z] [INFO]    ⚠️ task: result
[2026-05-01T15:07:08Z] [INFO]    ⚠️ task: result
[2026-05-01T15:07:08Z] [INFO]    ⚠️ task: result
[2026-05-01T15:07:08Z] [INFO]    ⚠️ task: result
[2026-05-01T15:07:08Z] [HEADER] ================================================================================
[2026-05-01T15:07:08Z] [INFO] 🔄 OVERNIGHT RESEARCH PIPELINE - CYCLE #89
[2026-05-01T15:07:08Z] [INFO] ================================================================================
[2026-05-01T15:07:08Z] [HEADER] ============================================================
[2026-05-01T15:07:08Z] [INFO] 🌙 STARTING OVERNIGHT RESEARCH CYCLE #89
[2026-05-01T15:07:08Z] [INFO] 🔍 Running overnight research protocol (web scraping + cross-symbol analysis)...
[2026-05-01T15:07:08Z] [INFO] 📊 Cycle duration: 0.15s, Files generated: 0
[2026-05-01T15:07:08Z] [WARNING] ⚠️ Database not initialized for cycle counting
[2026-05-01T15:07:08Z] [INFO] 💾 Database updated with cycle results
[2026-05-01T15:07:08Z] [SECTION] ============================================================
[2026-05-01T15:07:08Z] [INFO] 🔮 PHASE: HIDDEN LAYERING DETECTION
[2026-05-01T15:07:08Z] [INFO] 🔗 Hidden layering detection complete. Connections identified: 2
[2026-05-01T15:07:08Z] [SECTION] ============================================================
[2026-05-01T15:07:08Z] [INFO] 🔬 PHASE: DOMAIN CORRELATION ANALYSIS
[2026-05-01T15:07:08Z] [INFO] 📊 Domain correlation matrices created: 2
[2026-05-01T15:07:08Z] [SECTION] ============================================================
[2026-05-01T15:07:08Z] [INFO] 🖼️  PHASE: IMAGE-SEED ANALYSIS
[2026-05-01T15:07:08Z] [INFO] 📂 Image seed analysis bootstrapping from 0 images...
[2026-05-01T15:07:08Z] [SECTION] ============================================================
[2026-05-01T15:07:08Z] [INFO] 📤 PHASE: PUSH COMPONENTS TO TOLARIA
[2026-05-01T15:07:09Z] [INFO] 📦 Components pushed to Tolaria: 5
[2026-05-01T15:07:09Z] [SECTION] ============================================================
[2026-05-01T15:07:09Z] [INFO] 🧩 PHASE: COMPOSER - DOMAIN INTEGRATION SYNTHESIS
[2026-05-01T15:07:32Z] [INFO] 🎨 Domain integrations synthesized: 0
[2026-05-01T15:07:32Z] [SECTION] ============================================================
[2026-05-01T15:07:32Z] [INFO] 🚀 PHASE: ADVANCED OVERNIGHT LOOP
[2026-05-01T15:07:32Z] [INFO] 🔬 Advanced loop completed cycles: 0
[2026-05-01T15:07:32Z] [WARNING] ⚠️  Git commit skipped or failed (git not initialized?): Command '['git', '-C', '/home/avalonas/.hermes/gematria/unified_overnight_research', 'add', '.']' returned non-zero exit status 128.
[2026-05-01T15:07:32Z] [INFO] 
📊 CYCLE #89 SUMMARY
[2026-05-01T15:07:32Z] [INFO] ✅ Successful tasks: 7/7
[2026-05-01T15:07:32Z] [INFO] ⏱️  Cycle duration: 24.28s
[2026-05-01T15:07:32Z] [INFO]    ⚠️ task: result
[2026-05-01T15:07:32Z] [INFO]    ⚠️ task: result
[2026-05-01T15:07:32Z] [INFO]    ⚠️ task: result
[2026-05-01T15:07:32Z] [INFO]    ⚠️ task: result
[2026-05-01T15:07:32Z] [INFO]    ⚠️ task: result
[2026-05-01T15:07:32Z] [INFO]    ⚠️ task: result
[2026-05-01T15:07:32Z] [INFO]    ⚠️ task: result
[2026-05-01T15:07:32Z] [HEADER] ================================================================================
[2026-05-01T15:07:32Z] [INFO] 🔄 OVERNIGHT RESEARCH PIPELINE - CYCLE #90
[2026-05-01T15:07:32Z] [INFO] ================================================================================
[2026-05-01T15:07:32Z] [HEADER] ============================================================
[2026-05-01T15:07:32Z] [INFO] 🌙 STARTING OVERNIGHT RESEARCH CYCLE #90
[2026-05-01T15:07:32Z] [INFO] 🔍 Running overnight research protocol (web scraping + cross-symbol analysis)...
[2026-05-01T15:07:33Z] [INFO] 📊 Cycle duration: 0.49s, Files generated: 0
[2026-05-01T15:07:33Z] [WARNING] ⚠️ Database not initialized for cycle counting
[2026-05-01T15:07:33Z] [INFO] 💾 Database updated with cycle results
[2026-05-01T15:07:33Z] [SECTION] ============================================================
[2026-05-01T15:07:33Z] [INFO] 🔮 PHASE: HIDDEN LAYERING DETECTION
[2026-05-01T15:07:33Z] [INFO] 🔗 Hidden layering detection complete. Connections identified: 2
[2026-05-01T15:07:33Z] [SECTION] ============================================================
[2026-05-01T15:07:33Z] [INFO] 🔬 PHASE: DOMAIN CORRELATION ANALYSIS
[2026-05-01T15:07:33Z] [INFO] 📊 Domain correlation matrices created: 2
[2026-05-01T15:07:33Z] [SECTION] ============================================================
[2026-05-01T15:07:33Z] [INFO] 🖼️  PHASE: IMAGE-SEED ANALYSIS
[2026-05-01T15:07:33Z] [INFO] 📂 Image seed analysis bootstrapping from 0 images...
[2026-05-01T15:07:33Z] [SECTION] ============================================================
[2026-05-01T15:07:33Z] [INFO] 📤 PHASE: PUSH COMPONENTS TO TOLARIA
[2026-05-01T15:07:34Z] [INFO] 📦 Components pushed to Tolaria: 5
[2026-05-01T15:07:34Z] [SECTION] ============================================================
[2026-05-01T15:07:34Z] [INFO] 🧩 PHASE: COMPOSER - DOMAIN INTEGRATION SYNTHESIS
[2026-05-01T15:07:56Z] [INFO] 🎨 Domain integrations synthesized: 0
[2026-05-01T15:07:56Z] [SECTION] ============================================================
[2026-05-01T15:07:56Z] [INFO] 🚀 PHASE: ADVANCED OVERNIGHT LOOP
[2026-05-01T15:07:56Z] [INFO] 🔬 Advanced loop completed cycles: 0
[2026-05-01T15:07:56Z] [WARNING] ⚠️  Git commit skipped or failed (git not initialized?): Command '['git', '-C', '/home/avalonas/.hermes/gematria/unified_overnight_research', 'add', '.']' returned non-zero exit status 128.
[2026-05-01T15:07:56Z] [INFO] 
📊 CYCLE #90 SUMMARY
[2026-05-01T15:07:56Z] [INFO] ✅ Successful tasks: 7/7
[2026-05-01T15:07:56Z] [INFO] ⏱️  Cycle duration: 23.73s
[2026-05-01T15:07:56Z] [INFO]    ⚠️ task: result
[2026-05-01T15:07:56Z] [INFO]    ⚠️ task: result
[2026-05-01T15:07:56Z] [INFO]    ⚠️ task: result
[2026-05-01T15:07:56Z] [INFO]    ⚠️ task: result
[2026-05-01T15:07:56Z] [INFO]    ⚠️ task: result
[2026-05-01T15:07:56Z] [INFO]    ⚠️ task: result
[2026-05-01T15:07:56Z] [INFO]    ⚠️ task: result
[2026-05-01T15:07:56Z] [HEADER] ================================================================================
[2026-05-01T15:07:56Z] [INFO] 🔄 OVERNIGHT RESEARCH PIPELINE - CYCLE #91
[2026-05-01T15:07:56Z] [INFO] ================================================================================
[2026-05-01T15:07:56Z] [HEADER] ============================================================
[2026-05-01T15:07:56Z] [INFO] 🌙 STARTING OVERNIGHT RESEARCH CYCLE #91
[2026-05-01T15:07:56Z] [INFO] 🔍 Running overnight research protocol (web scraping + cross-symbol analysis)...
[2026-05-01T15:07:56Z] [INFO] 📊 Cycle duration: 0.16s, Files generated: 0
[2026-05-01T15:07:56Z] [WARNING] ⚠️ Database not initialized for cycle counting
[2026-05-01T15:07:56Z] [INFO] 💾 Database updated with cycle results
[2026-05-01T15:07:56Z] [SECTION] ============================================================
[2026-05-01T15:07:56Z] [INFO] 🔮 PHASE: HIDDEN LAYERING DETECTION
[2026-05-01T15:07:56Z] [INFO] 🔗 Hidden layering detection complete. Connections identified: 2
[2026-05-01T15:07:56Z] [SECTION] ============================================================
[2026-05-01T15:07:56Z] [INFO] 🔬 PHASE: DOMAIN CORRELATION ANALYSIS
[2026-05-01T15:07:56Z] [INFO] 📊 Domain correlation matrices created: 2
[2026-05-01T15:07:56Z] [SECTION] ============================================================
[2026-05-01T15:07:56Z] [INFO] 🖼️  PHASE: IMAGE-SEED ANALYSIS
[2026-05-01T15:07:56Z] [INFO] 📂 Image seed analysis bootstrapping from 0 images...
[2026-05-01T15:07:56Z] [SECTION] ============================================================
[2026-05-01T15:07:56Z] [INFO] 📤 PHASE: PUSH COMPONENTS TO TOLARIA
[2026-05-01T15:07:57Z] [INFO] 📦 Components pushed to Tolaria: 5
[2026-05-01T15:07:57Z] [SECTION] ============================================================
[2026-05-01T15:07:57Z] [INFO] 🧩 PHASE: COMPOSER - DOMAIN INTEGRATION SYNTHESIS
[2026-05-01T15:08:15Z] [INFO] 🎨 Domain integrations synthesized: 0
[2026-05-01T15:08:15Z] [SECTION] ============================================================
[2026-05-01T15:08:15Z] [INFO] 🚀 PHASE: ADVANCED OVERNIGHT LOOP
[2026-05-01T15:08:15Z] [INFO] 🔬 Advanced loop completed cycles: 0
[2026-05-01T15:08:15Z] [WARNING] ⚠️  Git commit skipped or failed (git not initialized?): Command '['git', '-C', '/home/avalonas/.hermes/gematria/unified_overnight_research', 'add', '.']' returned non-zero exit status 128.
[2026-05-01T15:08:15Z] [INFO] 
📊 CYCLE #91 SUMMARY
[2026-05-01T15:08:15Z] [INFO] ✅ Successful tasks: 7/7
[2026-05-01T15:08:15Z] [INFO] ⏱️  Cycle duration: 18.98s
[2026-05-01T15:08:15Z] [INFO]    ⚠️ task: result
[2026-05-01T15:08:15Z] [INFO]    ⚠️ task: result
[2026-05-01T15:08:15Z] [INFO]    ⚠️ task: result
[2026-05-01T15:08:15Z] [INFO]    ⚠️ task: result
[2026-05-01T15:08:15Z] [INFO]    ⚠️ task: result
[2026-05-01T15:08:15Z] [INFO]    ⚠️ task: result
[2026-05-01T15:08:15Z] [INFO]    ⚠️ task: result
[2026-05-01T15:08:15Z] [HEADER] ================================================================================
[2026-05-01T15:08:15Z] [INFO] 🔄 OVERNIGHT RESEARCH PIPELINE - CYCLE #92
[2026-05-01T15:08:15Z] [INFO] ================================================================================
[2026-05-01T15:08:15Z] [HEADER] ============================================================
[2026-05-01T15:08:15Z] [INFO] 🌙 STARTING OVERNIGHT RESEARCH CYCLE #92
[2026-05-01T15:08:15Z] [INFO] 🔍 Running overnight research protocol (web scraping + cross-symbol analysis)...
[2026-05-01T15:08:15Z] [INFO] 📊 Cycle duration: 0.17s, Files generated: 0
[2026-05-01T15:08:15Z] [WARNING] ⚠️ Database not initialized for cycle counting
[2026-05-01T15:08:15Z] [INFO] 💾 Database updated with cycle results
[2026-05-01T15:08:15Z] [SECTION] ============================================================
[2026-05-01T15:08:15Z] [INFO] 🔮 PHASE: HIDDEN LAYERING DETECTION
[2026-05-01T15:08:15Z] [INFO] 🔗 Hidden layering detection complete. Connections identified: 2
[2026-05-01T15:08:15Z] [SECTION] ============================================================
[2026-05-01T15:08:15Z] [INFO] 🔬 PHASE: DOMAIN CORRELATION ANALYSIS
[2026-05-01T15:08:15Z] [INFO] 📊 Domain correlation matrices created: 2
[2026-05-01T15:08:15Z] [SECTION] ============================================================
[2026-05-01T15:08:15Z] [INFO] 🖼️  PHASE: IMAGE-SEED ANALYSIS
[2026-05-01T15:08:15Z] [INFO] 📂 Image seed analysis bootstrapping from 0 images...
[2026-05-01T15:08:15Z] [SECTION] ============================================================
[2026-05-01T15:08:15Z] [INFO] 📤 PHASE: PUSH COMPONENTS TO TOLARIA
[2026-05-01T15:08:16Z] [INFO] 📦 Components pushed to Tolaria: 5
[2026-05-01T15:08:16Z] [SECTION] ============================================================
[2026-05-01T15:08:16Z] [INFO] 🧩 PHASE: COMPOSER - DOMAIN INTEGRATION SYNTHESIS
[2026-05-01T15:08:39Z] [INFO] 🎨 Domain integrations synthesized: 0
[2026-05-01T15:08:39Z] [SECTION] ============================================================
[2026-05-01T15:08:39Z] [INFO] 🚀 PHASE: ADVANCED OVERNIGHT LOOP
[2026-05-01T15:08:39Z] [INFO] 🔬 Advanced loop completed cycles: 0
[2026-05-01T15:08:39Z] [WARNING] ⚠️  Git commit skipped or failed (git not initialized?): Command '['git', '-C', '/home/avalonas/.hermes/gematria/unified_overnight_research', 'add', '.']' returned non-zero exit status 128.
[2026-05-01T15:08:39Z] [INFO] 
📊 CYCLE #92 SUMMARY
[2026-05-01T15:08:39Z] [INFO] ✅ Successful tasks: 7/7
[2026-05-01T15:08:39Z] [INFO] ⏱️  Cycle duration: 23.97s
[2026-05-01T15:08:39Z] [INFO]    ⚠️ task: result
[2026-05-01T15:08:39Z] [INFO]    ⚠️ task: result
[2026-05-01T15:08:39Z] [INFO]    ⚠️ task: result
[2026-05-01T15:08:39Z] [INFO]    ⚠️ task: result
[2026-05-01T15:08:39Z] [INFO]    ⚠️ task: result
[2026-05-01T15:08:39Z] [INFO]    ⚠️ task: result
[2026-05-01T15:08:39Z] [INFO]    ⚠️ task: result
[2026-05-01T15:08:39Z] [HEADER] ================================================================================
[2026-05-01T15:08:39Z] [INFO] 🔄 OVERNIGHT RESEARCH PIPELINE - CYCLE #93
[2026-05-01T15:08:39Z] [INFO] ================================================================================
[2026-05-01T15:08:39Z] [HEADER] ============================================================
[2026-05-01T15:08:39Z] [INFO] 🌙 STARTING OVERNIGHT RESEARCH CYCLE #93
[2026-05-01T15:08:39Z] [INFO] 🔍 Running overnight research protocol (web scraping + cross-symbol analysis)...
[2026-05-01T15:08:39Z] [INFO] 📊 Cycle duration: 0.16s, Files generated: 0
[2026-05-01T15:08:39Z] [WARNING] ⚠️ Database not initialized for cycle counting
[2026-05-01T15:08:39Z] [INFO] 💾 Database updated with cycle results
[2026-05-01T15:08:39Z] [SECTION] ============================================================
[2026-05-01T15:08:39Z] [INFO] 🔮 PHASE: HIDDEN LAYERING DETECTION
[2026-05-01T15:08:39Z] [INFO] 🔗 Hidden layering detection complete. Connections identified: 2
[2026-05-01T15:08:39Z] [SECTION] ============================================================
[2026-05-01T15:08:39Z] [INFO] 🔬 PHASE: DOMAIN CORRELATION ANALYSIS
[2026-05-01T15:08:39Z] [INFO] 📊 Domain correlation matrices created: 2
[2026-05-01T15:08:39Z] [SECTION] ============================================================
[2026-05-01T15:08:39Z] [INFO] 🖼️  PHASE: IMAGE-SEED ANALYSIS
[2026-05-01T15:08:39Z] [INFO] 📂 Image seed analysis bootstrapping from 0 images...
[2026-05-01T15:08:39Z] [SECTION] ============================================================
[2026-05-01T15:08:39Z] [INFO] 📤 PHASE: PUSH COMPONENTS TO TOLARIA
[2026-05-01T15:08:40Z] [INFO] 📦 Components pushed to Tolaria: 5
[2026-05-01T15:08:40Z] [SECTION] ============================================================
[2026-05-01T15:08:40Z] [INFO] 🧩 PHASE: COMPOSER - DOMAIN INTEGRATION SYNTHESIS
[2026-05-01T15:09:03Z] [INFO] 🎨 Domain integrations synthesized: 0
[2026-05-01T15:09:03Z] [SECTION] ============================================================
[2026-05-01T15:09:03Z] [INFO] 🚀 PHASE: ADVANCED OVERNIGHT LOOP
[2026-05-01T15:09:03Z] [INFO] 🔬 Advanced loop completed cycles: 0
[2026-05-01T15:09:03Z] [WARNING] ⚠️  Git commit skipped or failed (git not initialized?): Command '['git', '-C', '/home/avalonas/.hermes/gematria/unified_overnight_research', 'add', '.']' returned non-zero exit status 128.
[2026-05-01T15:09:03Z] [INFO] 
📊 CYCLE #93 SUMMARY
[2026-05-01T15:09:03Z] [INFO] ✅ Successful tasks: 7/7
[2026-05-01T15:09:03Z] [INFO] ⏱️  Cycle duration: 24.02s
[2026-05-01T15:09:03Z] [INFO]    ⚠️ task: result
[2026-05-01T15:09:03Z] [INFO]    ⚠️ task: result
[2026-05-01T15:09:03Z] [INFO]    ⚠️ task: result
[2026-05-01T15:09:03Z] [INFO]    ⚠️ task: result
[2026-05-01T15:09:03Z] [INFO]    ⚠️ task: result
[2026-05-01T15:09:03Z] [INFO]    ⚠️ task: result
[2026-05-01T15:09:03Z] [INFO]    ⚠️ task: result
[2026-05-01T15:09:03Z] [HEADER] ================================================================================
[2026-05-01T15:09:03Z] [INFO] 🔄 OVERNIGHT RESEARCH PIPELINE - CYCLE #94
[2026-05-01T15:09:03Z] [INFO] ================================================================================
[2026-05-01T15:09:03Z] [HEADER] ============================================================
[2026-05-01T15:09:03Z] [INFO] 🌙 STARTING OVERNIGHT RESEARCH CYCLE #94
[2026-05-01T15:09:03Z] [INFO] 🔍 Running overnight research protocol (web scraping + cross-symbol analysis)...
[2026-05-01T15:09:03Z] [INFO] 📊 Cycle duration: 0.14s, Files generated: 0
[2026-05-01T15:09:03Z] [WARNING] ⚠️ Database not initialized for cycle counting
[2026-05-01T15:09:03Z] [INFO] 💾 Database updated with cycle results
[2026-05-01T15:09:03Z] [SECTION] ============================================================
[2026-05-01T15:09:03Z] [INFO] 🔮 PHASE: HIDDEN LAYERING DETECTION
[2026-05-01T15:09:03Z] [INFO] 🔗 Hidden layering detection complete. Connections identified: 2
[2026-05-01T15:09:03Z] [SECTION] ============================================================
[2026-05-01T15:09:03Z] [INFO] 🔬 PHASE: DOMAIN CORRELATION ANALYSIS
[2026-05-01T15:09:03Z] [INFO] 📊 Domain correlation matrices created: 2
[2026-05-01T15:09:03Z] [SECTION] ============================================================
[2026-05-01T15:09:03Z] [INFO] 🖼️  PHASE: IMAGE-SEED ANALYSIS
[2026-05-01T15:09:03Z] [INFO] 📂 Image seed analysis bootstrapping from 0 images...
[2026-05-01T15:09:03Z] [SECTION] ============================================================
[2026-05-01T15:09:03Z] [INFO] 📤 PHASE: PUSH COMPONENTS TO TOLARIA
[2026-05-01T15:09:04Z] [INFO] 📦 Components pushed to Tolaria: 5
[2026-05-01T15:09:04Z] [SECTION] ============================================================
[2026-05-01T15:09:04Z] [INFO] 🧩 PHASE: COMPOSER - DOMAIN INTEGRATION SYNTHESIS
[2026-05-01T15:09:27Z] [INFO] 🎨 Domain integrations synthesized: 0
[2026-05-01T15:09:27Z] [SECTION] ============================================================
[2026-05-01T15:09:27Z] [INFO] 🚀 PHASE: ADVANCED OVERNIGHT LOOP
[2026-05-01T15:09:27Z] [INFO] 🔬 Advanced loop completed cycles: 0
[2026-05-01T15:09:27Z] [WARNING] ⚠️  Git commit skipped or failed (git not initialized?): Command '['git', '-C', '/home/avalonas/.hermes/gematria/unified_overnight_research', 'add', '.']' returned non-zero exit status 128.
[2026-05-01T15:09:27Z] [INFO] 
📊 CYCLE #94 SUMMARY
[2026-05-01T15:09:27Z] [INFO] ✅ Successful tasks: 7/7
[2026-05-01T15:09:27Z] [INFO] ⏱️  Cycle duration: 23.99s
[2026-05-01T15:09:27Z] [INFO]    ⚠️ task: result
[2026-05-01T15:09:27Z] [INFO]    ⚠️ task: result
[2026-05-01T15:09:27Z] [INFO]    ⚠️ task: result
[2026-05-01T15:09:27Z] [INFO]    ⚠️ task: result
[2026-05-01T15:09:27Z] [INFO]    ⚠️ task: result
[2026-05-01T15:09:27Z] [INFO]    ⚠️ task: result
[2026-05-01T15:09:27Z] [INFO]    ⚠️ task: result
[2026-05-01T15:09:27Z] [HEADER] ================================================================================
[2026-05-01T15:09:27Z] [INFO] 🔄 OVERNIGHT RESEARCH PIPELINE - CYCLE #95
[2026-05-01T15:09:27Z] [INFO] ================================================================================
[2026-05-01T15:09:27Z] [HEADER] ============================================================
[2026-05-01T15:09:27Z] [INFO] 🌙 STARTING OVERNIGHT RESEARCH CYCLE #95
[2026-05-01T15:09:27Z] [INFO] 🔍 Running overnight research protocol (web scraping + cross-symbol analysis)...
[2026-05-01T15:09:27Z] [INFO] 📊 Cycle duration: 0.13s, Files generated: 0
[2026-05-01T15:09:27Z] [WARNING] ⚠️ Database not initialized for cycle counting
[2026-05-01T15:09:27Z] [INFO] 💾 Database updated with cycle results
[2026-05-01T15:09:27Z] [SECTION] ============================================================
[2026-05-01T15:09:27Z] [INFO] 🔮 PHASE: HIDDEN LAYERING DETECTION
[2026-05-01T15:09:27Z] [INFO] 🔗 Hidden layering detection complete. Connections identified: 2
[2026-05-01T15:09:27Z] [SECTION] ============================================================
[2026-05-01T15:09:27Z] [INFO] 🔬 PHASE: DOMAIN CORRELATION ANALYSIS
[2026-05-01T15:09:27Z] [INFO] 📊 Domain correlation matrices created: 2
[2026-05-01T15:09:27Z] [SECTION] ============================================================
[2026-05-01T15:09:27Z] [INFO] 🖼️  PHASE: IMAGE-SEED ANALYSIS
[2026-05-01T15:09:27Z] [INFO] 📂 Image seed analysis bootstrapping from 0 images...
[2026-05-01T15:09:27Z] [SECTION] ============================================================
[2026-05-01T15:09:27Z] [INFO] 📤 PHASE: PUSH COMPONENTS TO TOLARIA
[2026-05-01T15:09:28Z] [INFO] 📦 Components pushed to Tolaria: 5
[2026-05-01T15:09:28Z] [SECTION] ============================================================
[2026-05-01T15:09:28Z] [INFO] 🧩 PHASE: COMPOSER - DOMAIN INTEGRATION SYNTHESIS
[2026-05-01T15:09:51Z] [INFO] 🎨 Domain integrations synthesized: 0
[2026-05-01T15:09:51Z] [SECTION] ============================================================
[2026-05-01T15:09:51Z] [INFO] 🚀 PHASE: ADVANCED OVERNIGHT LOOP
[2026-05-01T15:09:51Z] [INFO] 🔬 Advanced loop completed cycles: 0
[2026-05-01T15:09:51Z] [WARNING] ⚠️  Git commit skipped or failed (git not initialized?): Command '['git', '-C', '/home/avalonas/.hermes/gematria/unified_overnight_research', 'commit', '-m', '[2026-05-01T15:09:51Z] Cycle 94: Cycle 95: Web research + hidden layering detection']' returned non-zero exit status 128.
[2026-05-01T15:09:51Z] [INFO] 
📊 CYCLE #95 SUMMARY
[2026-05-01T15:09:51Z] [INFO] ✅ Successful tasks: 7/7
[2026-05-01T15:09:51Z] [INFO] ⏱️  Cycle duration: 24.10s
[2026-05-01T15:09:51Z] [INFO]    ⚠️ task: result
[2026-05-01T15:09:51Z] [INFO]    ⚠️ task: result
[2026-05-01T15:09:51Z] [INFO]    ⚠️ task: result
[2026-05-01T15:09:51Z] [INFO]    ⚠️ task: result
[2026-05-01T15:09:51Z] [INFO]    ⚠️ task: result
[2026-05-01T15:09:51Z] [INFO]    ⚠️ task: result
[2026-05-01T15:09:51Z] [INFO]    ⚠️ task: result
[2026-05-01T15:09:51Z] [HEADER] ================================================================================
[2026-05-01T15:09:51Z] [INFO] 🔄 OVERNIGHT RESEARCH PIPELINE - CYCLE #96
[2026-05-01T15:09:51Z] [INFO] ================================================================================
[2026-05-01T15:09:51Z] [HEADER] ============================================================
[2026-05-01T15:09:51Z] [INFO] 🌙 STARTING OVERNIGHT RESEARCH CYCLE #96
[2026-05-01T15:09:51Z] [INFO] 🔍 Running overnight research protocol (web scraping + cross-symbol analysis)...
[2026-05-01T15:09:51Z] [INFO] 📊 Cycle duration: 0.24s, Files generated: 0
[2026-05-01T15:09:51Z] [WARNING] ⚠️ Database not initialized for cycle counting
[2026-05-01T15:09:51Z] [INFO] 💾 Database updated with cycle results
[2026-05-01T15:09:51Z] [SECTION] ============================================================
[2026-05-01T15:09:51Z] [INFO] 🔮 PHASE: HIDDEN LAYERING DETECTION
[2026-05-01T15:09:51Z] [INFO] 🔗 Hidden layering detection complete. Connections identified: 2
[2026-05-01T15:09:51Z] [SECTION] ============================================================
[2026-05-01T15:09:51Z] [INFO] 🔬 PHASE: DOMAIN CORRELATION ANALYSIS
[2026-05-01T15:09:51Z] [INFO] 📊 Domain correlation matrices created: 2
[2026-05-01T15:09:51Z] [SECTION] ============================================================
[2026-05-01T15:09:51Z] [INFO] 🖼️  PHASE: IMAGE-SEED ANALYSIS
[2026-05-01T15:09:51Z] [INFO] 📂 Image seed analysis bootstrapping from 0 images...
[2026-05-01T15:09:51Z] [SECTION] ============================================================
[2026-05-01T15:09:51Z] [INFO] 📤 PHASE: PUSH COMPONENTS TO TOLARIA
[2026-05-01T15:09:52Z] [INFO] 📦 Components pushed to Tolaria: 5
[2026-05-01T15:09:52Z] [SECTION] ============================================================
[2026-05-01T15:09:52Z] [INFO] 🧩 PHASE: COMPOSER - DOMAIN INTEGRATION SYNTHESIS
[2026-05-01T15:10:15Z] [INFO] 🎨 Domain integrations synthesized: 0
[2026-05-01T15:10:15Z] [SECTION] ============================================================
[2026-05-01T15:10:15Z] [INFO] 🚀 PHASE: ADVANCED OVERNIGHT LOOP
[2026-05-01T15:10:15Z] [INFO] 🔬 Advanced loop completed cycles: 0
[2026-05-01T15:10:15Z] [WARNING] ⚠️  Git commit skipped or failed (git not initialized?): Command '['git', '-C', '/home/avalonas/.hermes/gematria/unified_overnight_research', 'add', '.']' returned non-zero exit status 128.
[2026-05-01T15:10:15Z] [INFO] 
📊 CYCLE #96 SUMMARY
[2026-05-01T15:10:15Z] [INFO] ✅ Successful tasks: 7/7
[2026-05-01T15:10:15Z] [INFO] ⏱️  Cycle duration: 23.89s
[2026-05-01T15:10:15Z] [INFO]    ⚠️ task: result
[2026-05-01T15:10:15Z] [INFO]    ⚠️ task: result
[2026-05-01T15:10:15Z] [INFO]    ⚠️ task: result
[2026-05-01T15:10:15Z] [INFO]    ⚠️ task: result
[2026-05-01T15:10:15Z] [INFO]    ⚠️ task: result
[2026-05-01T15:10:15Z] [INFO]    ⚠️ task: result
[2026-05-01T15:10:15Z] [INFO]    ⚠️ task: result
[2026-05-01T15:10:15Z] [HEADER] ================================================================================
[2026-05-01T15:10:15Z] [INFO] 🔄 OVERNIGHT RESEARCH PIPELINE - CYCLE #97
[2026-05-01T15:10:15Z] [INFO] ================================================================================
[2026-05-01T15:10:15Z] [HEADER] ============================================================
[2026-05-01T15:10:15Z] [INFO] 🌙 STARTING OVERNIGHT RESEARCH CYCLE #97
[2026-05-01T15:10:15Z] [INFO] 🔍 Running overnight research protocol (web scraping + cross-symbol analysis)...
[2026-05-01T15:10:15Z] [INFO] 📊 Cycle duration: 0.13s, Files generated: 0
[2026-05-01T15:10:15Z] [WARNING] ⚠️ Database not initialized for cycle counting
[2026-05-01T15:10:15Z] [INFO] 💾 Database updated with cycle results
[2026-05-01T15:10:15Z] [SECTION] ============================================================
[2026-05-01T15:10:15Z] [INFO] 🔮 PHASE: HIDDEN LAYERING DETECTION
[2026-05-01T15:10:15Z] [INFO] 🔗 Hidden layering detection complete. Connections identified: 2
[2026-05-01T15:10:15Z] [SECTION] ============================================================
[2026-05-01T15:10:15Z] [INFO] 🔬 PHASE: DOMAIN CORRELATION ANALYSIS
[2026-05-01T15:10:15Z] [INFO] 📊 Domain correlation matrices created: 2
[2026-05-01T15:10:15Z] [SECTION] ============================================================
[2026-05-01T15:10:15Z] [INFO] 🖼️  PHASE: IMAGE-SEED ANALYSIS
[2026-05-01T15:10:15Z] [INFO] 📂 Image seed analysis bootstrapping from 0 images...
[2026-05-01T15:10:15Z] [SECTION] ============================================================
[2026-05-01T15:10:15Z] [INFO] 📤 PHASE: PUSH COMPONENTS TO TOLARIA
[2026-05-01T15:10:16Z] [INFO] 📦 Components pushed to Tolaria: 5
[2026-05-01T15:10:16Z] [SECTION] ============================================================
[2026-05-01T15:10:16Z] [INFO] 🧩 PHASE: COMPOSER - DOMAIN INTEGRATION SYNTHESIS
[2026-05-01T15:10:39Z] [INFO] 🎨 Domain integrations synthesized: 0
[2026-05-01T15:10:39Z] [SECTION] ============================================================
[2026-05-01T15:10:39Z] [INFO] 🚀 PHASE: ADVANCED OVERNIGHT LOOP
[2026-05-01T15:10:39Z] [INFO] 🔬 Advanced loop completed cycles: 0
[2026-05-01T15:10:39Z] [WARNING] ⚠️  Git commit skipped or failed (git not initialized?): Command '['git', '-C', '/home/avalonas/.hermes/gematria/unified_overnight_research', 'commit', '-m', '[2026-05-01T15:10:39Z] Cycle 96: Cycle 97: Web research + hidden layering detection']' returned non-zero exit status 128.
[2026-05-01T15:10:39Z] [INFO] 
📊 CYCLE #97 SUMMARY
[2026-05-01T15:10:39Z] [INFO] ✅ Successful tasks: 7/7
[2026-05-01T15:10:39Z] [INFO] ⏱️  Cycle duration: 24.12s
[2026-05-01T15:10:39Z] [INFO]    ⚠️ task: result
[2026-05-01T15:10:39Z] [INFO]    ⚠️ task: result
[2026-05-01T15:10:39Z] [INFO]    ⚠️ task: result
[2026-05-01T15:10:39Z] [INFO]    ⚠️ task: result
[2026-05-01T15:10:39Z] [INFO]    ⚠️ task: result
[2026-05-01T15:10:39Z] [INFO]    ⚠️ task: result
[2026-05-01T15:10:39Z] [INFO]    ⚠️ task: result
[2026-05-01T15:10:39Z] [HEADER] ================================================================================
[2026-05-01T15:10:39Z] [INFO] 🔄 OVERNIGHT RESEARCH PIPELINE - CYCLE #98
[2026-05-01T15:10:39Z] [INFO] ================================================================================
[2026-05-01T15:10:39Z] [HEADER] ============================================================
[2026-05-01T15:10:39Z] [INFO] 🌙 STARTING OVERNIGHT RESEARCH CYCLE #98
[2026-05-01T15:10:39Z] [INFO] 🔍 Running overnight research protocol (web scraping + cross-symbol analysis)...
[2026-05-01T15:10:39Z] [INFO] 📊 Cycle duration: 0.24s, Files generated: 0
[2026-05-01T15:10:39Z] [WARNING] ⚠️ Database not initialized for cycle counting
[2026-05-01T15:10:39Z] [INFO] 💾 Database updated with cycle results
[2026-05-01T15:10:39Z] [SECTION] ============================================================
[2026-05-01T15:10:39Z] [INFO] 🔮 PHASE: HIDDEN LAYERING DETECTION
[2026-05-01T15:10:39Z] [INFO] 🔗 Hidden layering detection complete. Connections identified: 2
[2026-05-01T15:10:39Z] [SECTION] ============================================================
[2026-05-01T15:10:39Z] [INFO] 🔬 PHASE: DOMAIN CORRELATION ANALYSIS
[2026-05-01T15:10:39Z] [INFO] 📊 Domain correlation matrices created: 2
[2026-05-01T15:10:39Z] [SECTION] ============================================================
[2026-05-01T15:10:39Z] [INFO] 🖼️  PHASE: IMAGE-SEED ANALYSIS
[2026-05-01T15:10:39Z] [INFO] 📂 Image seed analysis bootstrapping from 0 images...
[2026-05-01T15:10:39Z] [SECTION] ============================================================
[2026-05-01T15:10:39Z] [INFO] 📤 PHASE: PUSH COMPONENTS TO TOLARIA
[2026-05-01T15:10:40Z] [INFO] 📦 Components pushed to Tolaria: 5
[2026-05-01T15:10:40Z] [SECTION] ============================================================
[2026-05-01T15:10:40Z] [INFO] 🧩 PHASE: COMPOSER - DOMAIN INTEGRATION SYNTHESIS
[2026-05-01T15:11:03Z] [INFO] 🎨 Domain integrations synthesized: 0
[2026-05-01T15:11:03Z] [SECTION] ============================================================
[2026-05-01T15:11:03Z] [INFO] 🚀 PHASE: ADVANCED OVERNIGHT LOOP
[2026-05-01T15:11:03Z] [INFO] 🔬 Advanced loop completed cycles: 0
[2026-05-01T15:11:03Z] [WARNING] ⚠️  Git commit skipped or failed (git not initialized?): Command '['git', '-C', '/home/avalonas/.hermes/gematria/unified_overnight_research', 'add', '.']' returned non-zero exit status 128.
[2026-05-01T15:11:03Z] [INFO] 
📊 CYCLE #98 SUMMARY
[2026-05-01T15:11:03Z] [INFO] ✅ Successful tasks: 7/7
[2026-05-01T15:11:03Z] [INFO] ⏱️  Cycle duration: 23.89s
[2026-05-01T15:11:03Z] [INFO]    ⚠️ task: result
[2026-05-01T15:11:03Z] [INFO]    ⚠️ task: result
[2026-05-01T15:11:03Z] [INFO]    ⚠️ task: result
[2026-05-01T15:11:03Z] [INFO]    ⚠️ task: result
[2026-05-01T15:11:03Z] [INFO]    ⚠️ task: result
[2026-05-01T15:11:03Z] [INFO]    ⚠️ task: result
[2026-05-01T15:11:03Z] [INFO]    ⚠️ task: result
[2026-05-01T15:11:03Z] [HEADER] ================================================================================
[2026-05-01T15:11:03Z] [INFO] 🔄 OVERNIGHT RESEARCH PIPELINE - CYCLE #99
[2026-05-01T15:11:03Z] [INFO] ================================================================================
[2026-05-01T15:11:03Z] [HEADER] ============================================================
[2026-05-01T15:11:03Z] [INFO] 🌙 STARTING OVERNIGHT RESEARCH CYCLE #99
[2026-05-01T15:11:03Z] [INFO] 🔍 Running overnight research protocol (web scraping + cross-symbol analysis)...
[2026-05-01T15:11:03Z] [INFO] 📊 Cycle duration: 0.13s, Files generated: 0
[2026-05-01T15:11:03Z] [WARNING] ⚠️ Database not initialized for cycle counting
[2026-05-01T15:11:03Z] [INFO] 💾 Database updated with cycle results
[2026-05-01T15:11:03Z] [SECTION] ============================================================
[2026-05-01T15:11:03Z] [INFO] 🔮 PHASE: HIDDEN LAYERING DETECTION
[2026-05-01T15:11:03Z] [INFO] 🔗 Hidden layering detection complete. Connections identified: 2
[2026-05-01T15:11:03Z] [SECTION] ============================================================
[2026-05-01T15:11:03Z] [INFO] 🔬 PHASE: DOMAIN CORRELATION ANALYSIS
[2026-05-01T15:11:03Z] [INFO] 📊 Domain correlation matrices created: 2
[2026-05-01T15:11:03Z] [SECTION] ============================================================
[2026-05-01T15:11:03Z] [INFO] 🖼️  PHASE: IMAGE-SEED ANALYSIS
[2026-05-01T15:11:03Z] [INFO] 📂 Image seed analysis bootstrapping from 0 images...
[2026-05-01T15:11:03Z] [SECTION] ============================================================
[2026-05-01T15:11:03Z] [INFO] 📤 PHASE: PUSH COMPONENTS TO TOLARIA
[2026-05-01T15:11:04Z] [INFO] 📦 Components pushed to Tolaria: 5
[2026-05-01T15:11:04Z] [SECTION] ============================================================
[2026-05-01T15:11:04Z] [INFO] 🧩 PHASE: COMPOSER - DOMAIN INTEGRATION SYNTHESIS
[2026-05-01T15:11:27Z] [INFO] 🎨 Domain integrations synthesized: 0
[2026-05-01T15:11:27Z] [SECTION] ============================================================
[2026-05-01T15:11:27Z] [INFO] 🚀 PHASE: ADVANCED OVERNIGHT LOOP
[2026-05-01T15:11:27Z] [INFO] 🔬 Advanced loop completed cycles: 0
[2026-05-01T15:11:27Z] [WARNING] ⚠️  Git commit skipped or failed (git not initialized?): Command '['git', '-C', '/home/avalonas/.hermes/gematria/unified_overnight_research', 'add', '.']' returned non-zero exit status 128.
[2026-05-01T15:11:27Z] [INFO] 
📊 CYCLE #99 SUMMARY
[2026-05-01T15:11:27Z] [INFO] ✅ Successful tasks: 7/7
[2026-05-01T15:11:27Z] [INFO] ⏱️  Cycle duration: 23.99s
[2026-05-01T15:11:27Z] [INFO]    ⚠️ task: result
[2026-05-01T15:11:27Z] [INFO]    ⚠️ task: result
[2026-05-01T15:11:27Z] [INFO]    ⚠️ task: result
[2026-05-01T15:11:27Z] [INFO]    ⚠️ task: result
[2026-05-01T15:11:27Z] [INFO]    ⚠️ task: result
[2026-05-01T15:11:27Z] [INFO]    ⚠️ task: result
[2026-05-01T15:11:27Z] [INFO]    ⚠️ task: result
[2026-05-01T15:11:27Z] [HEADER] ================================================================================
[2026-05-01T15:11:27Z] [INFO] 🔄 OVERNIGHT RESEARCH PIPELINE - CYCLE #100
[2026-05-01T15:11:27Z] [INFO] ================================================================================
[2026-05-01T15:11:27Z] [HEADER] ============================================================
[2026-05-01T15:11:27Z] [INFO] 🌙 STARTING OVERNIGHT RESEARCH CYCLE #100
[2026-05-01T15:11:27Z] [INFO] 🔍 Running overnight research protocol (web scraping + cross-symbol analysis)...
[2026-05-01T15:11:27Z] [INFO] 📊 Cycle duration: 0.13s, Files generated: 0
[2026-05-01T15:11:27Z] [WARNING] ⚠️ Database not initialized for cycle counting
[2026-05-01T15:11:27Z] [INFO] 💾 Database updated with cycle results
[2026-05-01T15:11:27Z] [SECTION] ============================================================
[2026-05-01T15:11:27Z] [INFO] 🔮 PHASE: HIDDEN LAYERING DETECTION
[2026-05-01T15:11:27Z] [INFO] 🔗 Hidden layering detection complete. Connections identified: 2
[2026-05-01T15:11:27Z] [SECTION] ============================================================
[2026-05-01T15:11:27Z] [INFO] 🔬 PHASE: DOMAIN CORRELATION ANALYSIS
[2026-05-01T15:11:27Z] [INFO] 📊 Domain correlation matrices created: 2
[2026-05-01T15:11:27Z] [SECTION] ============================================================
[2026-05-01T15:11:27Z] [INFO] 🖼️  PHASE: IMAGE-SEED ANALYSIS
[2026-05-01T15:11:27Z] [INFO] 📂 Image seed analysis bootstrapping from 0 images...
[2026-05-01T15:11:27Z] [SECTION] ============================================================
[2026-05-01T15:11:27Z] [INFO] 📤 PHASE: PUSH COMPONENTS TO TOLARIA
[2026-05-01T15:11:28Z] [INFO] 📦 Components pushed to Tolaria: 5
[2026-05-01T15:11:28Z] [SECTION] ============================================================
[2026-05-01T15:11:28Z] [INFO] 🧩 PHASE: COMPOSER - DOMAIN INTEGRATION SYNTHESIS
[2026-05-01T15:11:51Z] [INFO] 🎨 Domain integrations synthesized: 0
[2026-05-01T15:11:51Z] [SECTION] ============================================================
[2026-05-01T15:11:51Z] [INFO] 🚀 PHASE: ADVANCED OVERNIGHT LOOP
[2026-05-01T15:11:51Z] [INFO] 🔬 Advanced loop completed cycles: 0
[2026-05-01T15:11:51Z] [WARNING] ⚠️  Git commit skipped or failed (git not initialized?): Command '['git', '-C', '/home/avalonas/.hermes/gematria/unified_overnight_research', 'add', '.']' returned non-zero exit status 128.
[2026-05-01T15:11:51Z] [INFO] 
📊 CYCLE #100 SUMMARY
[2026-05-01T15:11:51Z] [INFO] ✅ Successful tasks: 7/7
[2026-05-01T15:11:51Z] [INFO] ⏱️  Cycle duration: 23.97s
[2026-05-01T15:11:51Z] [INFO]    ⚠️ task: result
[2026-05-01T15:11:51Z] [INFO]    ⚠️ task: result
[2026-05-01T15:11:51Z] [INFO]    ⚠️ task: result
[2026-05-01T15:11:51Z] [INFO]    ⚠️ task: result
[2026-05-01T15:11:51Z] [INFO]    ⚠️ task: result
[2026-05-01T15:11:51Z] [INFO]    ⚠️ task: result
[2026-05-01T15:11:51Z] [INFO]    ⚠️ task: result
[2026-05-01T15:11:51Z] [HEADER] ================================================================================
[2026-05-01T15:11:51Z] [INFO] 🔄 OVERNIGHT RESEARCH PIPELINE - CYCLE #101
[2026-05-01T15:11:51Z] [INFO] ================================================================================
[2026-05-01T15:11:51Z] [HEADER] ============================================================
[2026-05-01T15:11:51Z] [INFO] 🌙 STARTING OVERNIGHT RESEARCH CYCLE #101
[2026-05-01T15:11:51Z] [INFO] 🔍 Running overnight research protocol (web scraping + cross-symbol analysis)...
[2026-05-01T15:11:51Z] [INFO] 📊 Cycle duration: 0.14s, Files generated: 0
[2026-05-01T15:11:51Z] [WARNING] ⚠️ Database not initialized for cycle counting
[2026-05-01T15:11:51Z] [INFO] 💾 Database updated with cycle results
[2026-05-01T15:11:51Z] [SECTION] ============================================================
[2026-05-01T15:11:51Z] [INFO] 🔮 PHASE: HIDDEN LAYERING DETECTION
[2026-05-01T15:11:51Z] [INFO] 🔗 Hidden layering detection complete. Connections identified: 2
[2026-05-01T15:11:51Z] [SECTION] ============================================================
[2026-05-01T15:11:51Z] [INFO] 🔬 PHASE: DOMAIN CORRELATION ANALYSIS
[2026-05-01T15:11:51Z] [INFO] 📊 Domain correlation matrices created: 2
[2026-05-01T15:11:51Z] [SECTION] ============================================================
[2026-05-01T15:11:51Z] [INFO] 🖼️  PHASE: IMAGE-SEED ANALYSIS
[2026-05-01T15:11:51Z] [INFO] 📂 Image seed analysis bootstrapping from 0 images...
[2026-05-01T15:11:51Z] [SECTION] ============================================================
[2026-05-01T15:11:51Z] [INFO] 📤 PHASE: PUSH COMPONENTS TO TOLARIA
[2026-05-01T15:11:52Z] [INFO] 📦 Components pushed to Tolaria: 5
[2026-05-01T15:11:52Z] [SECTION] ============================================================
[2026-05-01T15:11:52Z] [INFO] 🧩 PHASE: COMPOSER - DOMAIN INTEGRATION SYNTHESIS
[2026-05-01T15:12:15Z] [INFO] 🎨 Domain integrations synthesized: 0
[2026-05-01T15:12:15Z] [SECTION] ============================================================
[2026-05-01T15:12:15Z] [INFO] 🚀 PHASE: ADVANCED OVERNIGHT LOOP
[2026-05-01T15:12:15Z] [INFO] 🔬 Advanced loop completed cycles: 0
[2026-05-01T15:12:15Z] [WARNING] ⚠️  Git commit skipped or failed (git not initialized?): Command '['git', '-C', '/home/avalonas/.hermes/gematria/unified_overnight_research', 'add', '.']' returned non-zero exit status 128.
[2026-05-01T15:12:15Z] [INFO] 
📊 CYCLE #101 SUMMARY
[2026-05-01T15:12:15Z] [INFO] ✅ Successful tasks: 7/7
[2026-05-01T15:12:15Z] [INFO] ⏱️  Cycle duration: 24.03s
[2026-05-01T15:12:15Z] [INFO]    ⚠️ task: result
[2026-05-01T15:12:15Z] [INFO]    ⚠️ task: result
[2026-05-01T15:12:15Z] [INFO]    ⚠️ task: result
[2026-05-01T15:12:15Z] [INFO]    ⚠️ task: result
[2026-05-01T15:12:15Z] [INFO]    ⚠️ task: result
[2026-05-01T15:12:15Z] [INFO]    ⚠️ task: result
[2026-05-01T15:12:15Z] [INFO]    ⚠️ task: result
[2026-05-01T15:12:15Z] [HEADER] ================================================================================
[2026-05-01T15:12:15Z] [INFO] 🔄 OVERNIGHT RESEARCH PIPELINE - CYCLE #102
[2026-05-01T15:12:15Z] [INFO] ================================================================================
[2026-05-01T15:12:15Z] [HEADER] ============================================================
[2026-05-01T15:12:15Z] [INFO] 🌙 STARTING OVERNIGHT RESEARCH CYCLE #102
[2026-05-01T15:12:15Z] [INFO] 🔍 Running overnight research protocol (web scraping + cross-symbol analysis)...
[2026-05-01T15:12:15Z] [INFO] 📊 Cycle duration: 0.14s, Files generated: 0
[2026-05-01T15:12:15Z] [WARNING] ⚠️ Database not initialized for cycle counting
[2026-05-01T15:12:15Z] [INFO] 💾 Database updated with cycle results
[2026-05-01T15:12:15Z] [SECTION] ============================================================
[2026-05-01T15:12:15Z] [INFO] 🔮 PHASE: HIDDEN LAYERING DETECTION
[2026-05-01T15:12:15Z] [INFO] 🔗 Hidden layering detection complete. Connections identified: 2
[2026-05-01T15:12:15Z] [SECTION] ============================================================
[2026-05-01T15:12:15Z] [INFO] 🔬 PHASE: DOMAIN CORRELATION ANALYSIS
[2026-05-01T15:12:15Z] [INFO] 📊 Domain correlation matrices created: 2
[2026-05-01T15:12:15Z] [SECTION] ============================================================
[2026-05-01T15:12:15Z] [INFO] 🖼️  PHASE: IMAGE-SEED ANALYSIS
[2026-05-01T15:12:15Z] [INFO] 📂 Image seed analysis bootstrapping from 0 images...
[2026-05-01T15:12:15Z] [SECTION] ============================================================
[2026-05-01T15:12:15Z] [INFO] 📤 PHASE: PUSH COMPONENTS TO TOLARIA
[2026-05-01T15:12:17Z] [INFO] 📦 Components pushed to Tolaria: 5
[2026-05-01T15:12:17Z] [SECTION] ============================================================
[2026-05-01T15:12:17Z] [INFO] 🧩 PHASE: COMPOSER - DOMAIN INTEGRATION SYNTHESIS
[2026-05-01T15:12:39Z] [INFO] 🎨 Domain integrations synthesized: 0
[2026-05-01T15:12:39Z] [SECTION] ============================================================
[2026-05-01T15:12:39Z] [INFO] 🚀 PHASE: ADVANCED OVERNIGHT LOOP
[2026-05-01T15:12:39Z] [INFO] 🔬 Advanced loop completed cycles: 0
[2026-05-01T15:12:39Z] [WARNING] ⚠️  Git commit skipped or failed (git not initialized?): Command '['git', '-C', '/home/avalonas/.hermes/gematria/unified_overnight_research', 'commit', '-m', '[2026-05-01T15:12:39Z] Cycle 101: Cycle 102: Web research + hidden layering detection']' returned non-zero exit status 1.
[2026-05-01T15:12:39Z] [INFO] 
📊 CYCLE #102 SUMMARY
[2026-05-01T15:12:39Z] [INFO] ✅ Successful tasks: 7/7
[2026-05-01T15:12:39Z] [INFO] ⏱️  Cycle duration: 24.24s
[2026-05-01T15:12:39Z] [INFO]    ⚠️ task: result
[2026-05-01T15:12:39Z] [INFO]    ⚠️ task: result
[2026-05-01T15:12:39Z] [INFO]    ⚠️ task: result
[2026-05-01T15:12:39Z] [INFO]    ⚠️ task: result
[2026-05-01T15:12:39Z] [INFO]    ⚠️ task: result
[2026-05-01T15:12:39Z] [INFO]    ⚠️ task: result
[2026-05-01T15:12:39Z] [INFO]    ⚠️ task: result
[2026-05-01T15:12:39Z] [HEADER] ================================================================================
[2026-05-01T15:12:39Z] [INFO] 🔄 OVERNIGHT RESEARCH PIPELINE - CYCLE #103
[2026-05-01T15:12:39Z] [INFO] ================================================================================
[2026-05-01T15:12:39Z] [HEADER] ============================================================
[2026-05-01T15:12:39Z] [INFO] 🌙 STARTING OVERNIGHT RESEARCH CYCLE #103
[2026-05-01T15:12:39Z] [INFO] 🔍 Running overnight research protocol (web scraping + cross-symbol analysis)...
[2026-05-01T15:12:39Z] [INFO] 📊 Cycle duration: 0.29s, Files generated: 0
[2026-05-01T15:12:39Z] [WARNING] ⚠️ Database not initialized for cycle counting
[2026-05-01T15:12:39Z] [INFO] 💾 Database updated with cycle results
[2026-05-01T15:12:39Z] [SECTION] ============================================================
[2026-05-01T15:12:39Z] [INFO] 🔮 PHASE: HIDDEN LAYERING DETECTION
[2026-05-01T15:12:39Z] [INFO] 🔗 Hidden layering detection complete. Connections identified: 2
[2026-05-01T15:12:39Z] [SECTION] ============================================================
[2026-05-01T15:12:39Z] [INFO] 🔬 PHASE: DOMAIN CORRELATION ANALYSIS
[2026-05-01T15:12:39Z] [INFO] 📊 Domain correlation matrices created: 2
[2026-05-01T15:12:39Z] [SECTION] ============================================================
[2026-05-01T15:12:39Z] [INFO] 🖼️  PHASE: IMAGE-SEED ANALYSIS
[2026-05-01T15:12:39Z] [INFO] 📂 Image seed analysis bootstrapping from 0 images...
[2026-05-01T15:12:39Z] [SECTION] ============================================================
[2026-05-01T15:12:39Z] [INFO] 📤 PHASE: PUSH COMPONENTS TO TOLARIA
[2026-05-01T15:12:40Z] [INFO] 📦 Components pushed to Tolaria: 5
[2026-05-01T15:12:40Z] [SECTION] ============================================================
[2026-05-01T15:12:40Z] [INFO] 🧩 PHASE: COMPOSER - DOMAIN INTEGRATION SYNTHESIS
[2026-05-01T15:13:03Z] [INFO] 🎨 Domain integrations synthesized: 0
[2026-05-01T15:13:03Z] [SECTION] ============================================================
[2026-05-01T15:13:03Z] [INFO] 🚀 PHASE: ADVANCED OVERNIGHT LOOP
[2026-05-01T15:13:03Z] [INFO] 🔬 Advanced loop completed cycles: 0
[2026-05-01T15:13:03Z] [WARNING] ⚠️  Git commit skipped or failed (git not initialized?): Command '['git', '-C', '/home/avalonas/.hermes/gematria/unified_overnight_research', 'add', '.']' returned non-zero exit status 128.
[2026-05-01T15:13:03Z] [INFO] 
📊 CYCLE #103 SUMMARY
[2026-05-01T15:13:03Z] [INFO] ✅ Successful tasks: 7/7
[2026-05-01T15:13:03Z] [INFO] ⏱️  Cycle duration: 23.77s
[2026-05-01T15:13:03Z] [INFO]    ⚠️ task: result
[2026-05-01T15:13:03Z] [INFO]    ⚠️ task: result
[2026-05-01T15:13:03Z] [INFO]    ⚠️ task: result
[2026-05-01T15:13:03Z] [INFO]    ⚠️ task: result
[2026-05-01T15:13:03Z] [INFO]    ⚠️ task: result
[2026-05-01T15:13:03Z] [INFO]    ⚠️ task: result
[2026-05-01T15:13:03Z] [INFO]    ⚠️ task: result
[2026-05-01T15:13:03Z] [HEADER] ================================================================================
[2026-05-01T15:13:03Z] [INFO] 🔄 OVERNIGHT RESEARCH PIPELINE - CYCLE #104
[2026-05-01T15:13:03Z] [INFO] ================================================================================
[2026-05-01T15:13:03Z] [HEADER] ============================================================
[2026-05-01T15:13:03Z] [INFO] 🌙 STARTING OVERNIGHT RESEARCH CYCLE #104
[2026-05-01T15:13:03Z] [INFO] 🔍 Running overnight research protocol (web scraping + cross-symbol analysis)...
[2026-05-01T15:13:03Z] [INFO] 📊 Cycle duration: 0.19s, Files generated: 0
[2026-05-01T15:13:03Z] [WARNING] ⚠️ Database not initialized for cycle counting
[2026-05-01T15:13:03Z] [INFO] 💾 Database updated with cycle results
[2026-05-01T15:13:03Z] [SECTION] ============================================================
[2026-05-01T15:13:03Z] [INFO] 🔮 PHASE: HIDDEN LAYERING DETECTION
[2026-05-01T15:13:03Z] [INFO] 🔗 Hidden layering detection complete. Connections identified: 2
[2026-05-01T15:13:03Z] [SECTION] ============================================================
[2026-05-01T15:13:03Z] [INFO] 🔬 PHASE: DOMAIN CORRELATION ANALYSIS
[2026-05-01T15:13:03Z] [INFO] 📊 Domain correlation matrices created: 2
[2026-05-01T15:13:03Z] [SECTION] ============================================================
[2026-05-01T15:13:03Z] [INFO] 🖼️  PHASE: IMAGE-SEED ANALYSIS
[2026-05-01T15:13:03Z] [INFO] 📂 Image seed analysis bootstrapping from 0 images...
[2026-05-01T15:13:03Z] [SECTION] ============================================================
[2026-05-01T15:13:03Z] [INFO] 📤 PHASE: PUSH COMPONENTS TO TOLARIA
[2026-05-01T15:13:04Z] [INFO] 📦 Components pushed to Tolaria: 5
[2026-05-01T15:13:04Z] [SECTION] ============================================================
[2026-05-01T15:13:04Z] [INFO] 🧩 PHASE: COMPOSER - DOMAIN INTEGRATION SYNTHESIS
