[2026-04-30T15:30:14Z] [HEADER] ================================================================================
[2026-04-30T15:30:14Z] [INFO] 🔄 OVERNIGHT RESEARCH PIPELINE - CYCLE #2
[2026-04-30T15:30:14Z] [INFO] ================================================================================
[2026-04-30T15:30:14Z] [HEADER] ============================================================
[2026-04-30T15:30:14Z] [INFO] 🌙 STARTING OVERNIGHT RESEARCH CYCLE #2
[2026-04-30T15:30:14Z] [INFO] 🔍 Running overnight research protocol (web scraping + cross-symbol analysis)...
[2026-04-30T15:30:14Z] [INFO] 📊 Cycle duration: 0.05s, Files generated: 0
[2026-04-30T15:30:14Z] [WARNING] ⚠️ Database not initialized for cycle counting
[2026-04-30T15:30:14Z] [INFO] 💾 Database updated with cycle results
[2026-04-30T15:30:14Z] [SECTION] ============================================================
[2026-04-30T15:30:14Z] [INFO] 🔮 PHASE: HIDDEN LAYERING DETECTION
[2026-04-30T15:30:14Z] [INFO] 🔗 Hidden layering detection complete. Connections identified: 2
[2026-04-30T15:30:14Z] [SECTION] ============================================================
[2026-04-30T15:30:14Z] [INFO] 🔬 PHASE: DOMAIN CORRELATION ANALYSIS
[2026-04-30T15:30:14Z] [INFO] 📊 Domain correlation matrices created: 2
[2026-04-30T15:30:14Z] [SECTION] ============================================================
[2026-04-30T15:30:14Z] [INFO] 🖼️  PHASE: IMAGE-SEED ANALYSIS
[2026-04-30T15:30:14Z] [INFO] 📂 Image seed analysis bootstrapping from 0 images...
[2026-04-30T15:30:14Z] [SECTION] ============================================================
[2026-04-30T15:30:14Z] [INFO] 📤 PHASE: PUSH COMPONENTS TO TOLARIA
[2026-04-30T15:30:14Z] [INFO] 📦 Components pushed to Tolaria: 5
[2026-04-30T15:30:14Z] [SECTION] ============================================================
[2026-04-30T15:30:14Z] [INFO] 🧩 PHASE: COMPOSER - DOMAIN INTEGRATION SYNTHESIS
[2026-04-30T15:30:15Z] [INFO] 🎨 Domain integrations synthesized: 0
[2026-04-30T15:30:15Z] [SECTION] ============================================================
[2026-04-30T15:30:15Z] [INFO] 🚀 PHASE: ADVANCED OVERNIGHT LOOP
[2026-04-30T15:30:20Z] [INFO] 🔬 Advanced loop completed cycles: 0
[2026-04-30T15:30:21Z] [COMMIT] ✅ Git commit: 430a27899f7ae2650651c9f77b610c09678e2c0a [2026-04-30T15:30:20Z] Cycle 1: Cycle 2: Web research + hidden layering detection
[2026-04-30T15:30:21Z] [INFO] 
📊 CYCLE #2 SUMMARY
[2026-04-30T15:30:21Z] [INFO] ✅ Successful tasks: 7/7
[2026-04-30T15:30:21Z] [INFO] ⏱️  Cycle duration: 7.16s
[2026-04-30T15:30:21Z] [INFO]    ⚠️ task: result
[2026-04-30T15:30:21Z] [INFO]    ⚠️ task: result
[2026-04-30T15:30:21Z] [INFO]    ⚠️ task: result
[2026-04-30T15:30:21Z] [INFO]    ⚠️ task: result
[2026-04-30T15:30:21Z] [INFO]    ⚠️ task: result
[2026-04-30T15:30:21Z] [INFO]    ⚠️ task: result
[2026-04-30T15:30:21Z] [INFO]    ⚠️ task: result
[2026-04-30T15:30:21Z] [HEADER] ================================================================================
[2026-04-30T15:30:21Z] [INFO] 🔄 OVERNIGHT RESEARCH PIPELINE - CYCLE #3
[2026-04-30T15:30:21Z] [INFO] ================================================================================
[2026-04-30T15:30:21Z] [HEADER] ============================================================
[2026-04-30T15:30:21Z] [INFO] 🌙 STARTING OVERNIGHT RESEARCH CYCLE #3
[2026-04-30T15:30:21Z] [INFO] 🔍 Running overnight research protocol (web scraping + cross-symbol analysis)...
[2026-04-30T15:30:21Z] [INFO] 📊 Cycle duration: 0.03s, Files generated: 0
[2026-04-30T15:30:21Z] [WARNING] ⚠️ Database not initialized for cycle counting
[2026-04-30T15:30:21Z] [INFO] 💾 Database updated with cycle results
[2026-04-30T15:30:21Z] [SECTION] ============================================================
[2026-04-30T15:30:21Z] [INFO] 🔮 PHASE: HIDDEN LAYERING DETECTION
[2026-04-30T15:30:21Z] [INFO] 🔗 Hidden layering detection complete. Connections identified: 2
[2026-04-30T15:30:21Z] [SECTION] ============================================================
[2026-04-30T15:30:21Z] [INFO] 🔬 PHASE: DOMAIN CORRELATION ANALYSIS
[2026-04-30T15:30:21Z] [INFO] 📊 Domain correlation matrices created: 2
[2026-04-30T15:30:21Z] [SECTION] ============================================================
[2026-04-30T15:30:21Z] [INFO] 🖼️  PHASE: IMAGE-SEED ANALYSIS
[2026-04-30T15:30:21Z] [INFO] 📂 Image seed analysis bootstrapping from 0 images...
[2026-04-30T15:30:21Z] [SECTION] ============================================================
[2026-04-30T15:30:21Z] [INFO] 📤 PHASE: PUSH COMPONENTS TO TOLARIA
[2026-04-30T15:30:22Z] [INFO] 📦 Components pushed to Tolaria: 5
[2026-04-30T15:30:22Z] [SECTION] ============================================================
[2026-04-30T15:30:22Z] [INFO] 🧩 PHASE: COMPOSER - DOMAIN INTEGRATION SYNTHESIS
[2026-04-30T15:30:22Z] [INFO] 🎨 Domain integrations synthesized: 0
[2026-04-30T15:30:22Z] [SECTION] ============================================================
[2026-04-30T15:30:22Z] [INFO] 🚀 PHASE: ADVANCED OVERNIGHT LOOP
[2026-04-30T15:30:27Z] [INFO] 🔬 Advanced loop completed cycles: 0
[2026-04-30T15:30:28Z] [COMMIT] ✅ Git commit: 0a0640dd2ab9fba25a5f316040ee16eaa01c169a [2026-04-30T15:30:28Z] Cycle 2: Cycle 3: Web research + hidden layering detection
[2026-04-30T15:30:28Z] [INFO] 
📊 CYCLE #3 SUMMARY
[2026-04-30T15:30:28Z] [INFO] ✅ Successful tasks: 7/7
[2026-04-30T15:30:28Z] [INFO] ⏱️  Cycle duration: 7.35s
[2026-04-30T15:30:28Z] [INFO]    ⚠️ task: result
[2026-04-30T15:30:28Z] [INFO]    ⚠️ task: result
[2026-04-30T15:30:28Z] [INFO]    ⚠️ task: result
[2026-04-30T15:30:28Z] [INFO]    ⚠️ task: result
[2026-04-30T15:30:28Z] [INFO]    ⚠️ task: result
[2026-04-30T15:30:28Z] [INFO]    ⚠️ task: result
[2026-04-30T15:30:28Z] [INFO]    ⚠️ task: result
[2026-04-30T15:30:28Z] [HEADER] ================================================================================
[2026-04-30T15:30:28Z] [INFO] 🔄 OVERNIGHT RESEARCH PIPELINE - CYCLE #4
[2026-04-30T15:30:28Z] [INFO] ================================================================================
[2026-04-30T15:30:28Z] [HEADER] ============================================================
[2026-04-30T15:30:28Z] [INFO] 🌙 STARTING OVERNIGHT RESEARCH CYCLE #4
[2026-04-30T15:30:28Z] [INFO] 🔍 Running overnight research protocol (web scraping + cross-symbol analysis)...
[2026-04-30T15:30:28Z] [INFO] 📊 Cycle duration: 0.04s, Files generated: 0
[2026-04-30T15:30:28Z] [WARNING] ⚠️ Database not initialized for cycle counting
[2026-04-30T15:30:28Z] [INFO] 💾 Database updated with cycle results
[2026-04-30T15:30:28Z] [SECTION] ============================================================
[2026-04-30T15:30:28Z] [INFO] 🔮 PHASE: HIDDEN LAYERING DETECTION
[2026-04-30T15:30:28Z] [INFO] 🔗 Hidden layering detection complete. Connections identified: 2
[2026-04-30T15:30:28Z] [SECTION] ============================================================
[2026-04-30T15:30:28Z] [INFO] 🔬 PHASE: DOMAIN CORRELATION ANALYSIS
[2026-04-30T15:30:28Z] [INFO] 📊 Domain correlation matrices created: 2
[2026-04-30T15:30:28Z] [SECTION] ============================================================
[2026-04-30T15:30:28Z] [INFO] 🖼️  PHASE: IMAGE-SEED ANALYSIS
[2026-04-30T15:30:28Z] [INFO] 📂 Image seed analysis bootstrapping from 0 images...
[2026-04-30T15:30:28Z] [SECTION] ============================================================
[2026-04-30T15:30:28Z] [INFO] 📤 PHASE: PUSH COMPONENTS TO TOLARIA
[2026-04-30T15:30:29Z] [INFO] 📦 Components pushed to Tolaria: 5
[2026-04-30T15:30:29Z] [SECTION] ============================================================
[2026-04-30T15:30:29Z] [INFO] 🧩 PHASE: COMPOSER - DOMAIN INTEGRATION SYNTHESIS
[2026-04-30T15:30:29Z] [INFO] 🎨 Domain integrations synthesized: 0
[2026-04-30T15:30:29Z] [SECTION] ============================================================
[2026-04-30T15:30:29Z] [INFO] 🚀 PHASE: ADVANCED OVERNIGHT LOOP
[2026-04-30T15:30:34Z] [INFO] 🔬 Advanced loop completed cycles: 0
[2026-04-30T15:30:34Z] [WARNING] ⚠️  Git commit skipped or failed (git not initialized?): Command '['git', '-C', '/home/avalonas/.hermes/gematria/unified_overnight_research', 'add', '.']' returned non-zero exit status 128.
[2026-04-30T15:30:34Z] [INFO] 
📊 CYCLE #4 SUMMARY
[2026-04-30T15:30:34Z] [INFO] ✅ Successful tasks: 7/7
[2026-04-30T15:30:34Z] [INFO] ⏱️  Cycle duration: 6.13s
[2026-04-30T15:30:34Z] [INFO]    ⚠️ task: result
[2026-04-30T15:30:34Z] [INFO]    ⚠️ task: result
[2026-04-30T15:30:34Z] [INFO]    ⚠️ task: result
[2026-04-30T15:30:34Z] [INFO]    ⚠️ task: result
[2026-04-30T15:30:34Z] [INFO]    ⚠️ task: result
[2026-04-30T15:30:34Z] [INFO]    ⚠️ task: result
[2026-04-30T15:30:34Z] [INFO]    ⚠️ task: result
[2026-04-30T15:30:34Z] [HEADER] ================================================================================
[2026-04-30T15:30:34Z] [INFO] 🔄 OVERNIGHT RESEARCH PIPELINE - CYCLE #5
[2026-04-30T15:30:34Z] [INFO] ================================================================================
[2026-04-30T15:30:34Z] [HEADER] ============================================================
[2026-04-30T15:30:34Z] [INFO] 🌙 STARTING OVERNIGHT RESEARCH CYCLE #5
[2026-04-30T15:30:34Z] [INFO] 🔍 Running overnight research protocol (web scraping + cross-symbol analysis)...
[2026-04-30T15:30:34Z] [INFO] 📊 Cycle duration: 0.08s, Files generated: 0
[2026-04-30T15:30:34Z] [WARNING] ⚠️ Database not initialized for cycle counting
[2026-04-30T15:30:34Z] [INFO] 💾 Database updated with cycle results
[2026-04-30T15:30:34Z] [SECTION] ============================================================
[2026-04-30T15:30:34Z] [INFO] 🔮 PHASE: HIDDEN LAYERING DETECTION
[2026-04-30T15:30:34Z] [INFO] 🔗 Hidden layering detection complete. Connections identified: 2
[2026-04-30T15:30:34Z] [SECTION] ============================================================
[2026-04-30T15:30:34Z] [INFO] 🔬 PHASE: DOMAIN CORRELATION ANALYSIS
[2026-04-30T15:30:34Z] [INFO] 📊 Domain correlation matrices created: 2
[2026-04-30T15:30:34Z] [SECTION] ============================================================
[2026-04-30T15:30:34Z] [INFO] 🖼️  PHASE: IMAGE-SEED ANALYSIS
[2026-04-30T15:30:34Z] [INFO] 📂 Image seed analysis bootstrapping from 0 images...
[2026-04-30T15:30:34Z] [SECTION] ============================================================
[2026-04-30T15:30:34Z] [INFO] 📤 PHASE: PUSH COMPONENTS TO TOLARIA
[2026-04-30T15:30:35Z] [INFO] 📦 Components pushed to Tolaria: 5
[2026-04-30T15:30:35Z] [SECTION] ============================================================
[2026-04-30T15:30:35Z] [INFO] 🧩 PHASE: COMPOSER - DOMAIN INTEGRATION SYNTHESIS
[2026-04-30T15:30:35Z] [INFO] 🎨 Domain integrations synthesized: 0
[2026-04-30T15:30:35Z] [SECTION] ============================================================
[2026-04-30T15:30:35Z] [INFO] 🚀 PHASE: ADVANCED OVERNIGHT LOOP
[2026-04-30T15:30:41Z] [INFO] 🔬 Advanced loop completed cycles: 0
[2026-04-30T15:30:41Z] [WARNING] ⚠️  Git commit skipped or failed (git not initialized?): Command '['git', '-C', '/home/avalonas/.hermes/gematria/unified_overnight_research', 'add', '.']' returned non-zero exit status 128.
[2026-04-30T15:30:41Z] [INFO] 
📊 CYCLE #5 SUMMARY
[2026-04-30T15:30:41Z] [INFO] ✅ Successful tasks: 7/7
[2026-04-30T15:30:41Z] [INFO] ⏱️  Cycle duration: 6.40s
[2026-04-30T15:30:41Z] [INFO]    ⚠️ task: result
[2026-04-30T15:30:41Z] [INFO]    ⚠️ task: result
[2026-04-30T15:30:41Z] [INFO]    ⚠️ task: result
[2026-04-30T15:30:41Z] [INFO]    ⚠️ task: result
[2026-04-30T15:30:41Z] [INFO]    ⚠️ task: result
[2026-04-30T15:30:41Z] [INFO]    ⚠️ task: result
[2026-04-30T15:30:41Z] [INFO]    ⚠️ task: result
[2026-04-30T15:30:41Z] [HEADER] ================================================================================
[2026-04-30T15:30:41Z] [INFO] 🔄 OVERNIGHT RESEARCH PIPELINE - CYCLE #6
[2026-04-30T15:30:41Z] [INFO] ================================================================================
[2026-04-30T15:30:41Z] [HEADER] ============================================================
[2026-04-30T15:30:41Z] [INFO] 🌙 STARTING OVERNIGHT RESEARCH CYCLE #6
[2026-04-30T15:30:41Z] [INFO] 🔍 Running overnight research protocol (web scraping + cross-symbol analysis)...
[2026-04-30T15:30:41Z] [INFO] 📊 Cycle duration: 0.07s, Files generated: 0
[2026-04-30T15:30:41Z] [WARNING] ⚠️ Database not initialized for cycle counting
[2026-04-30T15:30:41Z] [INFO] 💾 Database updated with cycle results
[2026-04-30T15:30:41Z] [SECTION] ============================================================
[2026-04-30T15:30:41Z] [INFO] 🔮 PHASE: HIDDEN LAYERING DETECTION
[2026-04-30T15:30:41Z] [INFO] 🔗 Hidden layering detection complete. Connections identified: 2
[2026-04-30T15:30:41Z] [SECTION] ============================================================
[2026-04-30T15:30:41Z] [INFO] 🔬 PHASE: DOMAIN CORRELATION ANALYSIS
[2026-04-30T15:30:41Z] [INFO] 📊 Domain correlation matrices created: 2
[2026-04-30T15:30:41Z] [SECTION] ============================================================
[2026-04-30T15:30:41Z] [INFO] 🖼️  PHASE: IMAGE-SEED ANALYSIS
[2026-04-30T15:30:41Z] [INFO] 📂 Image seed analysis bootstrapping from 0 images...
[2026-04-30T15:30:41Z] [SECTION] ============================================================
[2026-04-30T15:30:41Z] [INFO] 📤 PHASE: PUSH COMPONENTS TO TOLARIA
[2026-04-30T15:30:42Z] [INFO] 📦 Components pushed to Tolaria: 5
[2026-04-30T15:30:42Z] [SECTION] ============================================================
[2026-04-30T15:30:42Z] [INFO] 🧩 PHASE: COMPOSER - DOMAIN INTEGRATION SYNTHESIS
[2026-04-30T15:30:42Z] [INFO] 🎨 Domain integrations synthesized: 0
[2026-04-30T15:30:42Z] [SECTION] ============================================================
[2026-04-30T15:30:42Z] [INFO] 🚀 PHASE: ADVANCED OVERNIGHT LOOP
[2026-04-30T15:30:47Z] [INFO] 🔬 Advanced loop completed cycles: 0
[2026-04-30T15:30:47Z] [WARNING] ⚠️  Git commit skipped or failed (git not initialized?): Command '['git', '-C', '/home/avalonas/.hermes/gematria/unified_overnight_research', 'add', '.']' returned non-zero exit status 128.
[2026-04-30T15:30:47Z] [INFO] 
📊 CYCLE #6 SUMMARY
[2026-04-30T15:30:47Z] [INFO] ✅ Successful tasks: 7/7
[2026-04-30T15:30:47Z] [INFO] ⏱️  Cycle duration: 6.44s
[2026-04-30T15:30:47Z] [INFO]    ⚠️ task: result
[2026-04-30T15:30:47Z] [INFO]    ⚠️ task: result
[2026-04-30T15:30:47Z] [INFO]    ⚠️ task: result
[2026-04-30T15:30:47Z] [INFO]    ⚠️ task: result
[2026-04-30T15:30:47Z] [INFO]    ⚠️ task: result
[2026-04-30T15:30:47Z] [INFO]    ⚠️ task: result
[2026-04-30T15:30:47Z] [INFO]    ⚠️ task: result
[2026-04-30T15:30:47Z] [HEADER] ================================================================================
[2026-04-30T15:30:47Z] [INFO] 🔄 OVERNIGHT RESEARCH PIPELINE - CYCLE #7
[2026-04-30T15:30:47Z] [INFO] ================================================================================
[2026-04-30T15:30:47Z] [HEADER] ============================================================
[2026-04-30T15:30:47Z] [INFO] 🌙 STARTING OVERNIGHT RESEARCH CYCLE #7
[2026-04-30T15:30:47Z] [INFO] 🔍 Running overnight research protocol (web scraping + cross-symbol analysis)...
[2026-04-30T15:30:47Z] [INFO] 📊 Cycle duration: 0.07s, Files generated: 0
[2026-04-30T15:30:47Z] [WARNING] ⚠️ Database not initialized for cycle counting
[2026-04-30T15:30:47Z] [INFO] 💾 Database updated with cycle results
[2026-04-30T15:30:47Z] [SECTION] ============================================================
[2026-04-30T15:30:47Z] [INFO] 🔮 PHASE: HIDDEN LAYERING DETECTION
[2026-04-30T15:30:47Z] [INFO] 🔗 Hidden layering detection complete. Connections identified: 2
[2026-04-30T15:30:47Z] [SECTION] ============================================================
[2026-04-30T15:30:47Z] [INFO] 🔬 PHASE: DOMAIN CORRELATION ANALYSIS
[2026-04-30T15:30:47Z] [INFO] 📊 Domain correlation matrices created: 2
[2026-04-30T15:30:47Z] [SECTION] ============================================================
[2026-04-30T15:30:47Z] [INFO] 🖼️  PHASE: IMAGE-SEED ANALYSIS
[2026-04-30T15:30:47Z] [INFO] 📂 Image seed analysis bootstrapping from 0 images...
[2026-04-30T15:30:47Z] [SECTION] ============================================================
[2026-04-30T15:30:47Z] [INFO] 📤 PHASE: PUSH COMPONENTS TO TOLARIA
[2026-04-30T15:30:48Z] [INFO] 📦 Components pushed to Tolaria: 5
[2026-04-30T15:30:48Z] [SECTION] ============================================================
[2026-04-30T15:30:48Z] [INFO] 🧩 PHASE: COMPOSER - DOMAIN INTEGRATION SYNTHESIS
[2026-04-30T15:30:48Z] [INFO] 🎨 Domain integrations synthesized: 0
[2026-04-30T15:30:48Z] [SECTION] ============================================================
[2026-04-30T15:30:48Z] [INFO] 🚀 PHASE: ADVANCED OVERNIGHT LOOP
[2026-04-30T15:30:53Z] [INFO] 🔬 Advanced loop completed cycles: 0
[2026-04-30T15:30:54Z] [COMMIT] ✅ Git commit: b70babe7ee025bcc1e6e9cc8ef9c272174198a95 [2026-04-30T15:30:54Z] Cycle 6: Cycle 7: Web research + hidden layering detection
[2026-04-30T15:30:54Z] [INFO] 
📊 CYCLE #7 SUMMARY
[2026-04-30T15:30:54Z] [INFO] ✅ Successful tasks: 7/7
[2026-04-30T15:30:54Z] [INFO] ⏱️  Cycle duration: 7.46s
[2026-04-30T15:30:54Z] [INFO]    ⚠️ task: result
[2026-04-30T15:30:54Z] [INFO]    ⚠️ task: result
[2026-04-30T15:30:54Z] [INFO]    ⚠️ task: result
[2026-04-30T15:30:54Z] [INFO]    ⚠️ task: result
[2026-04-30T15:30:54Z] [INFO]    ⚠️ task: result
[2026-04-30T15:30:54Z] [INFO]    ⚠️ task: result
[2026-04-30T15:30:54Z] [INFO]    ⚠️ task: result
[2026-04-30T15:30:54Z] [HEADER] ================================================================================
[2026-04-30T15:30:54Z] [INFO] 🔄 OVERNIGHT RESEARCH PIPELINE - CYCLE #8
[2026-04-30T15:30:54Z] [INFO] ================================================================================
[2026-04-30T15:30:54Z] [HEADER] ============================================================
[2026-04-30T15:30:54Z] [INFO] 🌙 STARTING OVERNIGHT RESEARCH CYCLE #8
[2026-04-30T15:30:54Z] [INFO] 🔍 Running overnight research protocol (web scraping + cross-symbol analysis)...
[2026-04-30T15:30:55Z] [INFO] 📊 Cycle duration: 0.04s, Files generated: 0
[2026-04-30T15:30:55Z] [WARNING] ⚠️ Database not initialized for cycle counting
[2026-04-30T15:30:55Z] [INFO] 💾 Database updated with cycle results
[2026-04-30T15:30:55Z] [SECTION] ============================================================
[2026-04-30T15:30:55Z] [INFO] 🔮 PHASE: HIDDEN LAYERING DETECTION
[2026-04-30T15:30:55Z] [INFO] 🔗 Hidden layering detection complete. Connections identified: 2
[2026-04-30T15:30:55Z] [SECTION] ============================================================
[2026-04-30T15:30:55Z] [INFO] 🔬 PHASE: DOMAIN CORRELATION ANALYSIS
[2026-04-30T15:30:55Z] [INFO] 📊 Domain correlation matrices created: 2
[2026-04-30T15:30:55Z] [SECTION] ============================================================
[2026-04-30T15:30:55Z] [INFO] 🖼️  PHASE: IMAGE-SEED ANALYSIS
[2026-04-30T15:30:55Z] [INFO] 📂 Image seed analysis bootstrapping from 0 images...
[2026-04-30T15:30:55Z] [SECTION] ============================================================
[2026-04-30T15:30:55Z] [INFO] 📤 PHASE: PUSH COMPONENTS TO TOLARIA
[2026-04-30T15:30:55Z] [INFO] 📦 Components pushed to Tolaria: 5
[2026-04-30T15:30:55Z] [SECTION] ============================================================
[2026-04-30T15:30:55Z] [INFO] 🧩 PHASE: COMPOSER - DOMAIN INTEGRATION SYNTHESIS
[2026-04-30T15:30:55Z] [INFO] 🎨 Domain integrations synthesized: 0
[2026-04-30T15:30:55Z] [SECTION] ============================================================
[2026-04-30T15:30:55Z] [INFO] 🚀 PHASE: ADVANCED OVERNIGHT LOOP
[2026-04-30T15:31:01Z] [INFO] 🔬 Advanced loop completed cycles: 0
[2026-04-30T15:31:01Z] [WARNING] ⚠️  Git commit skipped or failed (git not initialized?): Command '['git', '-C', '/home/avalonas/.hermes/gematria/unified_overnight_research', 'add', '.']' returned non-zero exit status 128.
[2026-04-30T15:31:01Z] [INFO] 
📊 CYCLE #8 SUMMARY
[2026-04-30T15:31:01Z] [INFO] ✅ Successful tasks: 7/7
[2026-04-30T15:31:01Z] [INFO] ⏱️  Cycle duration: 6.11s
[2026-04-30T15:31:01Z] [INFO]    ⚠️ task: result
[2026-04-30T15:31:01Z] [INFO]    ⚠️ task: result
[2026-04-30T15:31:01Z] [INFO]    ⚠️ task: result
[2026-04-30T15:31:01Z] [INFO]    ⚠️ task: result
[2026-04-30T15:31:01Z] [INFO]    ⚠️ task: result
[2026-04-30T15:31:01Z] [INFO]    ⚠️ task: result
[2026-04-30T15:31:01Z] [INFO]    ⚠️ task: result
[2026-04-30T15:31:01Z] [HEADER] ================================================================================
[2026-04-30T15:31:01Z] [INFO] 🔄 OVERNIGHT RESEARCH PIPELINE - CYCLE #9
[2026-04-30T15:31:01Z] [INFO] ================================================================================
[2026-04-30T15:31:01Z] [HEADER] ============================================================
[2026-04-30T15:31:01Z] [INFO] 🌙 STARTING OVERNIGHT RESEARCH CYCLE #9
[2026-04-30T15:31:01Z] [INFO] 🔍 Running overnight research protocol (web scraping + cross-symbol analysis)...
[2026-04-30T15:31:01Z] [INFO] 📊 Cycle duration: 0.04s, Files generated: 0
[2026-04-30T15:31:01Z] [WARNING] ⚠️ Database not initialized for cycle counting
[2026-04-30T15:31:01Z] [INFO] 💾 Database updated with cycle results
[2026-04-30T15:31:01Z] [SECTION] ============================================================
[2026-04-30T15:31:01Z] [INFO] 🔮 PHASE: HIDDEN LAYERING DETECTION
[2026-04-30T15:31:01Z] [INFO] 🔗 Hidden layering detection complete. Connections identified: 2
[2026-04-30T15:31:01Z] [SECTION] ============================================================
[2026-04-30T15:31:01Z] [INFO] 🔬 PHASE: DOMAIN CORRELATION ANALYSIS
[2026-04-30T15:31:01Z] [INFO] 📊 Domain correlation matrices created: 2
[2026-04-30T15:31:01Z] [SECTION] ============================================================
[2026-04-30T15:31:01Z] [INFO] 🖼️  PHASE: IMAGE-SEED ANALYSIS
[2026-04-30T15:31:01Z] [INFO] 📂 Image seed analysis bootstrapping from 0 images...
[2026-04-30T15:31:01Z] [SECTION] ============================================================
[2026-04-30T15:31:01Z] [INFO] 📤 PHASE: PUSH COMPONENTS TO TOLARIA
[2026-04-30T15:31:02Z] [INFO] 📦 Components pushed to Tolaria: 5
[2026-04-30T15:31:02Z] [SECTION] ============================================================
[2026-04-30T15:31:02Z] [INFO] 🧩 PHASE: COMPOSER - DOMAIN INTEGRATION SYNTHESIS
[2026-04-30T15:31:02Z] [INFO] 🎨 Domain integrations synthesized: 0
[2026-04-30T15:31:02Z] [SECTION] ============================================================
[2026-04-30T15:31:02Z] [INFO] 🚀 PHASE: ADVANCED OVERNIGHT LOOP
[2026-04-30T15:31:07Z] [INFO] 🔬 Advanced loop completed cycles: 0
[2026-04-30T15:31:07Z] [WARNING] ⚠️  Git commit skipped or failed (git not initialized?): Command '['git', '-C', '/home/avalonas/.hermes/gematria/unified_overnight_research', 'add', '.']' returned non-zero exit status 128.
[2026-04-30T15:31:07Z] [INFO] 
📊 CYCLE #9 SUMMARY
[2026-04-30T15:31:07Z] [INFO] ✅ Successful tasks: 7/7
[2026-04-30T15:31:07Z] [INFO] ⏱️  Cycle duration: 6.41s
[2026-04-30T15:31:07Z] [INFO]    ⚠️ task: result
[2026-04-30T15:31:07Z] [INFO]    ⚠️ task: result
[2026-04-30T15:31:07Z] [INFO]    ⚠️ task: result
[2026-04-30T15:31:07Z] [INFO]    ⚠️ task: result
[2026-04-30T15:31:07Z] [INFO]    ⚠️ task: result
[2026-04-30T15:31:07Z] [INFO]    ⚠️ task: result
[2026-04-30T15:31:07Z] [INFO]    ⚠️ task: result
[2026-04-30T15:31:07Z] [HEADER] ================================================================================
[2026-04-30T15:31:07Z] [INFO] 🔄 OVERNIGHT RESEARCH PIPELINE - CYCLE #10
[2026-04-30T15:31:07Z] [INFO] ================================================================================
[2026-04-30T15:31:07Z] [HEADER] ============================================================
[2026-04-30T15:31:07Z] [INFO] 🌙 STARTING OVERNIGHT RESEARCH CYCLE #10
[2026-04-30T15:31:07Z] [INFO] 🔍 Running overnight research protocol (web scraping + cross-symbol analysis)...
[2026-04-30T15:31:07Z] [INFO] 📊 Cycle duration: 0.09s, Files generated: 0
[2026-04-30T15:31:07Z] [WARNING] ⚠️ Database not initialized for cycle counting
[2026-04-30T15:31:07Z] [INFO] 💾 Database updated with cycle results
[2026-04-30T15:31:07Z] [SECTION] ============================================================
[2026-04-30T15:31:07Z] [INFO] 🔮 PHASE: HIDDEN LAYERING DETECTION
[2026-04-30T15:31:07Z] [INFO] 🔗 Hidden layering detection complete. Connections identified: 2
[2026-04-30T15:31:07Z] [SECTION] ============================================================
[2026-04-30T15:31:07Z] [INFO] 🔬 PHASE: DOMAIN CORRELATION ANALYSIS
[2026-04-30T15:31:07Z] [INFO] 📊 Domain correlation matrices created: 2
[2026-04-30T15:31:07Z] [SECTION] ============================================================
[2026-04-30T15:31:07Z] [INFO] 🖼️  PHASE: IMAGE-SEED ANALYSIS
[2026-04-30T15:31:07Z] [INFO] 📂 Image seed analysis bootstrapping from 0 images...
[2026-04-30T15:31:07Z] [SECTION] ============================================================
[2026-04-30T15:31:07Z] [INFO] 📤 PHASE: PUSH COMPONENTS TO TOLARIA
[2026-04-30T15:31:08Z] [INFO] 📦 Components pushed to Tolaria: 5
[2026-04-30T15:31:08Z] [SECTION] ============================================================
[2026-04-30T15:31:08Z] [INFO] 🧩 PHASE: COMPOSER - DOMAIN INTEGRATION SYNTHESIS
[2026-04-30T15:31:08Z] [INFO] 🎨 Domain integrations synthesized: 0
[2026-04-30T15:31:08Z] [SECTION] ============================================================
[2026-04-30T15:31:08Z] [INFO] 🚀 PHASE: ADVANCED OVERNIGHT LOOP
[2026-04-30T15:31:13Z] [INFO] 🔬 Advanced loop completed cycles: 0
[2026-04-30T15:31:13Z] [WARNING] ⚠️  Git commit skipped or failed (git not initialized?): Command '['git', '-C', '/home/avalonas/.hermes/gematria/unified_overnight_research', 'add', '.']' returned non-zero exit status 128.
[2026-04-30T15:31:13Z] [INFO] 
📊 CYCLE #10 SUMMARY
[2026-04-30T15:31:13Z] [INFO] ✅ Successful tasks: 7/7
[2026-04-30T15:31:13Z] [INFO] ⏱️  Cycle duration: 6.41s
[2026-04-30T15:31:13Z] [INFO]    ⚠️ task: result
[2026-04-30T15:31:13Z] [INFO]    ⚠️ task: result
[2026-04-30T15:31:13Z] [INFO]    ⚠️ task: result
[2026-04-30T15:31:13Z] [INFO]    ⚠️ task: result
[2026-04-30T15:31:13Z] [INFO]    ⚠️ task: result
[2026-04-30T15:31:13Z] [INFO]    ⚠️ task: result
[2026-04-30T15:31:13Z] [INFO]    ⚠️ task: result
[2026-04-30T15:31:13Z] [HEADER] ================================================================================
[2026-04-30T15:31:13Z] [INFO] 🔄 OVERNIGHT RESEARCH PIPELINE - CYCLE #11
[2026-04-30T15:31:13Z] [INFO] ================================================================================
[2026-04-30T15:31:13Z] [HEADER] ============================================================
[2026-04-30T15:31:13Z] [INFO] 🌙 STARTING OVERNIGHT RESEARCH CYCLE #11
[2026-04-30T15:31:13Z] [INFO] 🔍 Running overnight research protocol (web scraping + cross-symbol analysis)...
[2026-04-30T15:31:13Z] [INFO] 📊 Cycle duration: 0.05s, Files generated: 0
[2026-04-30T15:31:13Z] [WARNING] ⚠️ Database not initialized for cycle counting
[2026-04-30T15:31:13Z] [INFO] 💾 Database updated with cycle results
[2026-04-30T15:31:13Z] [SECTION] ============================================================
[2026-04-30T15:31:13Z] [INFO] 🔮 PHASE: HIDDEN LAYERING DETECTION
[2026-04-30T15:31:14Z] [INFO] 🔗 Hidden layering detection complete. Connections identified: 2
[2026-04-30T15:31:14Z] [SECTION] ============================================================
[2026-04-30T15:31:14Z] [INFO] 🔬 PHASE: DOMAIN CORRELATION ANALYSIS
[2026-04-30T15:31:14Z] [INFO] 📊 Domain correlation matrices created: 2
[2026-04-30T15:31:14Z] [SECTION] ============================================================
[2026-04-30T15:31:14Z] [INFO] 🖼️  PHASE: IMAGE-SEED ANALYSIS
[2026-04-30T15:31:14Z] [INFO] 📂 Image seed analysis bootstrapping from 0 images...
[2026-04-30T15:31:14Z] [SECTION] ============================================================
[2026-04-30T15:31:14Z] [INFO] 📤 PHASE: PUSH COMPONENTS TO TOLARIA
[2026-04-30T15:31:14Z] [INFO] 📦 Components pushed to Tolaria: 5
[2026-04-30T15:31:14Z] [SECTION] ============================================================
[2026-04-30T15:31:14Z] [INFO] 🧩 PHASE: COMPOSER - DOMAIN INTEGRATION SYNTHESIS
[2026-04-30T15:31:15Z] [INFO] 🎨 Domain integrations synthesized: 0
[2026-04-30T15:31:15Z] [SECTION] ============================================================
[2026-04-30T15:31:15Z] [INFO] 🚀 PHASE: ADVANCED OVERNIGHT LOOP
[2026-04-30T15:31:20Z] [INFO] 🔬 Advanced loop completed cycles: 0
[2026-04-30T15:31:20Z] [WARNING] ⚠️  Git commit skipped or failed (git not initialized?): Command '['git', '-C', '/home/avalonas/.hermes/gematria/unified_overnight_research', 'add', '.']' returned non-zero exit status 128.
[2026-04-30T15:31:20Z] [INFO] 
📊 CYCLE #11 SUMMARY
[2026-04-30T15:31:20Z] [INFO] ✅ Successful tasks: 7/7
[2026-04-30T15:31:20Z] [INFO] ⏱️  Cycle duration: 6.27s
[2026-04-30T15:31:20Z] [INFO]    ⚠️ task: result
[2026-04-30T15:31:20Z] [INFO]    ⚠️ task: result
[2026-04-30T15:31:20Z] [INFO]    ⚠️ task: result
[2026-04-30T15:31:20Z] [INFO]    ⚠️ task: result
[2026-04-30T15:31:20Z] [INFO]    ⚠️ task: result
[2026-04-30T15:31:20Z] [INFO]    ⚠️ task: result
[2026-04-30T15:31:20Z] [INFO]    ⚠️ task: result
[2026-04-30T15:31:20Z] [HEADER] ================================================================================
[2026-04-30T15:31:20Z] [INFO] 🔄 OVERNIGHT RESEARCH PIPELINE - CYCLE #12
[2026-04-30T15:31:20Z] [INFO] ================================================================================
[2026-04-30T15:31:20Z] [HEADER] ============================================================
[2026-04-30T15:31:20Z] [INFO] 🌙 STARTING OVERNIGHT RESEARCH CYCLE #12
[2026-04-30T15:31:20Z] [INFO] 🔍 Running overnight research protocol (web scraping + cross-symbol analysis)...
[2026-04-30T15:31:20Z] [INFO] 📊 Cycle duration: 0.05s, Files generated: 0
[2026-04-30T15:31:20Z] [WARNING] ⚠️ Database not initialized for cycle counting
[2026-04-30T15:31:20Z] [INFO] 💾 Database updated with cycle results
[2026-04-30T15:31:20Z] [SECTION] ============================================================
[2026-04-30T15:31:20Z] [INFO] 🔮 PHASE: HIDDEN LAYERING DETECTION
[2026-04-30T15:31:20Z] [INFO] 🔗 Hidden layering detection complete. Connections identified: 2
[2026-04-30T15:31:20Z] [SECTION] ============================================================
[2026-04-30T15:31:20Z] [INFO] 🔬 PHASE: DOMAIN CORRELATION ANALYSIS
[2026-04-30T15:31:20Z] [INFO] 📊 Domain correlation matrices created: 2
[2026-04-30T15:31:20Z] [SECTION] ============================================================
[2026-04-30T15:31:20Z] [INFO] 🖼️  PHASE: IMAGE-SEED ANALYSIS
[2026-04-30T15:31:20Z] [INFO] 📂 Image seed analysis bootstrapping from 0 images...
[2026-04-30T15:31:20Z] [SECTION] ============================================================
[2026-04-30T15:31:20Z] [INFO] 📤 PHASE: PUSH COMPONENTS TO TOLARIA
[2026-04-30T15:31:21Z] [INFO] 📦 Components pushed to Tolaria: 5
[2026-04-30T15:31:21Z] [SECTION] ============================================================
[2026-04-30T15:31:21Z] [INFO] 🧩 PHASE: COMPOSER - DOMAIN INTEGRATION SYNTHESIS
[2026-04-30T15:31:21Z] [INFO] 🎨 Domain integrations synthesized: 0
[2026-04-30T15:31:21Z] [SECTION] ============================================================
[2026-04-30T15:31:21Z] [INFO] 🚀 PHASE: ADVANCED OVERNIGHT LOOP
[2026-04-30T15:31:26Z] [INFO] 🔬 Advanced loop completed cycles: 0
[2026-04-30T15:31:26Z] [WARNING] ⚠️  Git commit skipped or failed (git not initialized?): Command '['git', '-C', '/home/avalonas/.hermes/gematria/unified_overnight_research', 'add', '.']' returned non-zero exit status 128.
[2026-04-30T15:31:26Z] [INFO] 
📊 CYCLE #12 SUMMARY
[2026-04-30T15:31:26Z] [INFO] ✅ Successful tasks: 7/7
[2026-04-30T15:31:26Z] [INFO] ⏱️  Cycle duration: 6.22s
[2026-04-30T15:31:26Z] [INFO]    ⚠️ task: result
[2026-04-30T15:31:26Z] [INFO]    ⚠️ task: result
[2026-04-30T15:31:26Z] [INFO]    ⚠️ task: result
[2026-04-30T15:31:26Z] [INFO]    ⚠️ task: result
[2026-04-30T15:31:26Z] [INFO]    ⚠️ task: result
[2026-04-30T15:31:26Z] [INFO]    ⚠️ task: result
[2026-04-30T15:31:26Z] [INFO]    ⚠️ task: result
[2026-04-30T15:31:26Z] [HEADER] ================================================================================
[2026-04-30T15:31:26Z] [INFO] 🔄 OVERNIGHT RESEARCH PIPELINE - CYCLE #13
[2026-04-30T15:31:26Z] [INFO] ================================================================================
[2026-04-30T15:31:26Z] [HEADER] ============================================================
[2026-04-30T15:31:26Z] [INFO] 🌙 STARTING OVERNIGHT RESEARCH CYCLE #13
[2026-04-30T15:31:26Z] [INFO] 🔍 Running overnight research protocol (web scraping + cross-symbol analysis)...
[2026-04-30T15:31:26Z] [INFO] 📊 Cycle duration: 0.05s, Files generated: 0
[2026-04-30T15:31:26Z] [WARNING] ⚠️ Database not initialized for cycle counting
[2026-04-30T15:31:26Z] [INFO] 💾 Database updated with cycle results
[2026-04-30T15:31:26Z] [SECTION] ============================================================
[2026-04-30T15:31:26Z] [INFO] 🔮 PHASE: HIDDEN LAYERING DETECTION
[2026-04-30T15:31:26Z] [INFO] 🔗 Hidden layering detection complete. Connections identified: 2
[2026-04-30T15:31:26Z] [SECTION] ============================================================
[2026-04-30T15:31:26Z] [INFO] 🔬 PHASE: DOMAIN CORRELATION ANALYSIS
[2026-04-30T15:31:26Z] [INFO] 📊 Domain correlation matrices created: 2
[2026-04-30T15:31:26Z] [SECTION] ============================================================
[2026-04-30T15:31:26Z] [INFO] 🖼️  PHASE: IMAGE-SEED ANALYSIS
[2026-04-30T15:31:26Z] [INFO] 📂 Image seed analysis bootstrapping from 0 images...
[2026-04-30T15:31:26Z] [SECTION] ============================================================
[2026-04-30T15:31:26Z] [INFO] 📤 PHASE: PUSH COMPONENTS TO TOLARIA
[2026-04-30T15:31:27Z] [INFO] 📦 Components pushed to Tolaria: 5
[2026-04-30T15:31:27Z] [SECTION] ============================================================
[2026-04-30T15:31:27Z] [INFO] 🧩 PHASE: COMPOSER - DOMAIN INTEGRATION SYNTHESIS
[2026-04-30T15:31:27Z] [INFO] 🎨 Domain integrations synthesized: 0
[2026-04-30T15:31:27Z] [SECTION] ============================================================
[2026-04-30T15:31:27Z] [INFO] 🚀 PHASE: ADVANCED OVERNIGHT LOOP
[2026-04-30T15:31:32Z] [INFO] 🔬 Advanced loop completed cycles: 0
[2026-04-30T15:31:32Z] [WARNING] ⚠️  Git commit skipped or failed (git not initialized?): Command '['git', '-C', '/home/avalonas/.hermes/gematria/unified_overnight_research', 'add', '.']' returned non-zero exit status 128.
[2026-04-30T15:31:32Z] [INFO] 
📊 CYCLE #13 SUMMARY
[2026-04-30T15:31:32Z] [INFO] ✅ Successful tasks: 7/7
[2026-04-30T15:31:32Z] [INFO] ⏱️  Cycle duration: 6.26s
[2026-04-30T15:31:32Z] [INFO]    ⚠️ task: result
[2026-04-30T15:31:32Z] [INFO]    ⚠️ task: result
[2026-04-30T15:31:32Z] [INFO]    ⚠️ task: result
[2026-04-30T15:31:32Z] [INFO]    ⚠️ task: result
[2026-04-30T15:31:32Z] [INFO]    ⚠️ task: result
[2026-04-30T15:31:32Z] [INFO]    ⚠️ task: result
[2026-04-30T15:31:32Z] [INFO]    ⚠️ task: result
[2026-04-30T15:31:32Z] [HEADER] ================================================================================
[2026-04-30T15:31:32Z] [INFO] 🔄 OVERNIGHT RESEARCH PIPELINE - CYCLE #14
[2026-04-30T15:31:32Z] [INFO] ================================================================================
[2026-04-30T15:31:32Z] [HEADER] ============================================================
[2026-04-30T15:31:32Z] [INFO] 🌙 STARTING OVERNIGHT RESEARCH CYCLE #14
[2026-04-30T15:31:32Z] [INFO] 🔍 Running overnight research protocol (web scraping + cross-symbol analysis)...
[2026-04-30T15:31:32Z] [INFO] 📊 Cycle duration: 0.03s, Files generated: 0
[2026-04-30T15:31:32Z] [WARNING] ⚠️ Database not initialized for cycle counting
[2026-04-30T15:31:32Z] [INFO] 💾 Database updated with cycle results
[2026-04-30T15:31:32Z] [SECTION] ============================================================
[2026-04-30T15:31:32Z] [INFO] 🔮 PHASE: HIDDEN LAYERING DETECTION
[2026-04-30T15:31:32Z] [INFO] 🔗 Hidden layering detection complete. Connections identified: 2
[2026-04-30T15:31:32Z] [SECTION] ============================================================
[2026-04-30T15:31:32Z] [INFO] 🔬 PHASE: DOMAIN CORRELATION ANALYSIS
[2026-04-30T15:31:32Z] [INFO] 📊 Domain correlation matrices created: 2
[2026-04-30T15:31:32Z] [SECTION] ============================================================
[2026-04-30T15:31:32Z] [INFO] 🖼️  PHASE: IMAGE-SEED ANALYSIS
[2026-04-30T15:31:32Z] [INFO] 📂 Image seed analysis bootstrapping from 0 images...
[2026-04-30T15:31:32Z] [SECTION] ============================================================
[2026-04-30T15:31:32Z] [INFO] 📤 PHASE: PUSH COMPONENTS TO TOLARIA
[2026-04-30T15:31:33Z] [INFO] 📦 Components pushed to Tolaria: 5
[2026-04-30T15:31:33Z] [SECTION] ============================================================
[2026-04-30T15:31:33Z] [INFO] 🧩 PHASE: COMPOSER - DOMAIN INTEGRATION SYNTHESIS
[2026-04-30T15:31:33Z] [INFO] 🎨 Domain integrations synthesized: 0
[2026-04-30T15:31:33Z] [SECTION] ============================================================
[2026-04-30T15:31:33Z] [INFO] 🚀 PHASE: ADVANCED OVERNIGHT LOOP
[2026-04-30T15:31:38Z] [INFO] 🔬 Advanced loop completed cycles: 0
[2026-04-30T15:31:38Z] [WARNING] ⚠️  Git commit skipped or failed (git not initialized?): Command '['git', '-C', '/home/avalonas/.hermes/gematria/unified_overnight_research', 'add', '.']' returned non-zero exit status 128.
[2026-04-30T15:31:38Z] [INFO] 
📊 CYCLE #14 SUMMARY
[2026-04-30T15:31:38Z] [INFO] ✅ Successful tasks: 7/7
[2026-04-30T15:31:38Z] [INFO] ⏱️  Cycle duration: 6.27s
[2026-04-30T15:31:38Z] [INFO]    ⚠️ task: result
[2026-04-30T15:31:38Z] [INFO]    ⚠️ task: result
[2026-04-30T15:31:38Z] [INFO]    ⚠️ task: result
[2026-04-30T15:31:38Z] [INFO]    ⚠️ task: result
[2026-04-30T15:31:38Z] [INFO]    ⚠️ task: result
[2026-04-30T15:31:38Z] [INFO]    ⚠️ task: result
[2026-04-30T15:31:38Z] [INFO]    ⚠️ task: result
[2026-04-30T15:31:38Z] [HEADER] ================================================================================
[2026-04-30T15:31:38Z] [INFO] 🔄 OVERNIGHT RESEARCH PIPELINE - CYCLE #15
[2026-04-30T15:31:38Z] [INFO] ================================================================================
[2026-04-30T15:31:38Z] [HEADER] ============================================================
[2026-04-30T15:31:38Z] [INFO] 🌙 STARTING OVERNIGHT RESEARCH CYCLE #15
[2026-04-30T15:31:38Z] [INFO] 🔍 Running overnight research protocol (web scraping + cross-symbol analysis)...
[2026-04-30T15:31:38Z] [INFO] 📊 Cycle duration: 0.06s, Files generated: 0
[2026-04-30T15:31:38Z] [WARNING] ⚠️ Database not initialized for cycle counting
[2026-04-30T15:31:38Z] [INFO] 💾 Database updated with cycle results
[2026-04-30T15:31:38Z] [SECTION] ============================================================
[2026-04-30T15:31:38Z] [INFO] 🔮 PHASE: HIDDEN LAYERING DETECTION
[2026-04-30T15:31:39Z] [INFO] 🔗 Hidden layering detection complete. Connections identified: 2
[2026-04-30T15:31:39Z] [SECTION] ============================================================
[2026-04-30T15:31:39Z] [INFO] 🔬 PHASE: DOMAIN CORRELATION ANALYSIS
[2026-04-30T15:31:39Z] [INFO] 📊 Domain correlation matrices created: 2
[2026-04-30T15:31:39Z] [SECTION] ============================================================
[2026-04-30T15:31:39Z] [INFO] 🖼️  PHASE: IMAGE-SEED ANALYSIS
[2026-04-30T15:31:39Z] [INFO] 📂 Image seed analysis bootstrapping from 0 images...
[2026-04-30T15:31:39Z] [SECTION] ============================================================
[2026-04-30T15:31:39Z] [INFO] 📤 PHASE: PUSH COMPONENTS TO TOLARIA
[2026-04-30T15:31:40Z] [INFO] 📦 Components pushed to Tolaria: 5
[2026-04-30T15:31:40Z] [SECTION] ============================================================
[2026-04-30T15:31:40Z] [INFO] 🧩 PHASE: COMPOSER - DOMAIN INTEGRATION SYNTHESIS
[2026-04-30T15:31:40Z] [INFO] 🎨 Domain integrations synthesized: 0
[2026-04-30T15:31:40Z] [SECTION] ============================================================
[2026-04-30T15:31:40Z] [INFO] 🚀 PHASE: ADVANCED OVERNIGHT LOOP
[2026-04-30T15:31:45Z] [INFO] 🔬 Advanced loop completed cycles: 0
[2026-04-30T15:31:45Z] [WARNING] ⚠️  Git commit skipped or failed (git not initialized?): Command '['git', '-C', '/home/avalonas/.hermes/gematria/unified_overnight_research', 'add', '.']' returned non-zero exit status 128.
[2026-04-30T15:31:45Z] [INFO] 
📊 CYCLE #15 SUMMARY
[2026-04-30T15:31:45Z] [INFO] ✅ Successful tasks: 7/7
[2026-04-30T15:31:45Z] [INFO] ⏱️  Cycle duration: 6.52s
[2026-04-30T15:31:45Z] [INFO]    ⚠️ task: result
[2026-04-30T15:31:45Z] [INFO]    ⚠️ task: result
[2026-04-30T15:31:45Z] [INFO]    ⚠️ task: result
[2026-04-30T15:31:45Z] [INFO]    ⚠️ task: result
[2026-04-30T15:31:45Z] [INFO]    ⚠️ task: result
[2026-04-30T15:31:45Z] [INFO]    ⚠️ task: result
[2026-04-30T15:31:45Z] [INFO]    ⚠️ task: result
[2026-04-30T15:31:45Z] [HEADER] ================================================================================
[2026-04-30T15:31:45Z] [INFO] 🔄 OVERNIGHT RESEARCH PIPELINE - CYCLE #16
[2026-04-30T15:31:45Z] [INFO] ================================================================================
[2026-04-30T15:31:45Z] [HEADER] ============================================================
[2026-04-30T15:31:45Z] [INFO] 🌙 STARTING OVERNIGHT RESEARCH CYCLE #16
[2026-04-30T15:31:45Z] [INFO] 🔍 Running overnight research protocol (web scraping + cross-symbol analysis)...
[2026-04-30T15:31:45Z] [INFO] 📊 Cycle duration: 0.03s, Files generated: 0
[2026-04-30T15:31:45Z] [WARNING] ⚠️ Database not initialized for cycle counting
[2026-04-30T15:31:45Z] [INFO] 💾 Database updated with cycle results
[2026-04-30T15:31:45Z] [SECTION] ============================================================
[2026-04-30T15:31:45Z] [INFO] 🔮 PHASE: HIDDEN LAYERING DETECTION
[2026-04-30T15:31:45Z] [INFO] 🔗 Hidden layering detection complete. Connections identified: 2
[2026-04-30T15:31:45Z] [SECTION] ============================================================
[2026-04-30T15:31:45Z] [INFO] 🔬 PHASE: DOMAIN CORRELATION ANALYSIS
[2026-04-30T15:31:45Z] [INFO] 📊 Domain correlation matrices created: 2
[2026-04-30T15:31:45Z] [SECTION] ============================================================
[2026-04-30T15:31:45Z] [INFO] 🖼️  PHASE: IMAGE-SEED ANALYSIS
[2026-04-30T15:31:45Z] [INFO] 📂 Image seed analysis bootstrapping from 0 images...
[2026-04-30T15:31:45Z] [SECTION] ============================================================
[2026-04-30T15:31:45Z] [INFO] 📤 PHASE: PUSH COMPONENTS TO TOLARIA
[2026-04-30T15:31:46Z] [INFO] 📦 Components pushed to Tolaria: 5
[2026-04-30T15:31:46Z] [SECTION] ============================================================
[2026-04-30T15:31:46Z] [INFO] 🧩 PHASE: COMPOSER - DOMAIN INTEGRATION SYNTHESIS
[2026-04-30T15:31:46Z] [INFO] 🎨 Domain integrations synthesized: 0
[2026-04-30T15:31:46Z] [SECTION] ============================================================
[2026-04-30T15:31:46Z] [INFO] 🚀 PHASE: ADVANCED OVERNIGHT LOOP
[2026-04-30T15:31:51Z] [INFO] 🔬 Advanced loop completed cycles: 0
[2026-04-30T15:31:51Z] [WARNING] ⚠️  Git commit skipped or failed (git not initialized?): Command '['git', '-C', '/home/avalonas/.hermes/gematria/unified_overnight_research', 'add', '.']' returned non-zero exit status 128.
[2026-04-30T15:31:51Z] [INFO] 
📊 CYCLE #16 SUMMARY
[2026-04-30T15:31:51Z] [INFO] ✅ Successful tasks: 7/7
[2026-04-30T15:31:51Z] [INFO] ⏱️  Cycle duration: 6.47s
[2026-04-30T15:31:51Z] [INFO]    ⚠️ task: result
[2026-04-30T15:31:51Z] [INFO]    ⚠️ task: result
[2026-04-30T15:31:51Z] [INFO]    ⚠️ task: result
[2026-04-30T15:31:51Z] [INFO]    ⚠️ task: result
[2026-04-30T15:31:51Z] [INFO]    ⚠️ task: result
[2026-04-30T15:31:51Z] [INFO]    ⚠️ task: result
[2026-04-30T15:31:51Z] [INFO]    ⚠️ task: result
[2026-04-30T15:31:51Z] [HEADER] ================================================================================
[2026-04-30T15:31:51Z] [INFO] 🔄 OVERNIGHT RESEARCH PIPELINE - CYCLE #17
[2026-04-30T15:31:51Z] [INFO] ================================================================================
[2026-04-30T15:31:51Z] [HEADER] ============================================================
[2026-04-30T15:31:51Z] [INFO] 🌙 STARTING OVERNIGHT RESEARCH CYCLE #17
[2026-04-30T15:31:51Z] [INFO] 🔍 Running overnight research protocol (web scraping + cross-symbol analysis)...
[2026-04-30T15:31:51Z] [INFO] 📊 Cycle duration: 0.03s, Files generated: 0
[2026-04-30T15:31:51Z] [WARNING] ⚠️ Database not initialized for cycle counting
[2026-04-30T15:31:51Z] [INFO] 💾 Database updated with cycle results
[2026-04-30T15:31:51Z] [SECTION] ============================================================
[2026-04-30T15:31:51Z] [INFO] 🔮 PHASE: HIDDEN LAYERING DETECTION
[2026-04-30T15:31:51Z] [INFO] 🔗 Hidden layering detection complete. Connections identified: 2
[2026-04-30T15:31:51Z] [SECTION] ============================================================
[2026-04-30T15:31:51Z] [INFO] 🔬 PHASE: DOMAIN CORRELATION ANALYSIS
[2026-04-30T15:31:52Z] [INFO] 📊 Domain correlation matrices created: 2
[2026-04-30T15:31:52Z] [SECTION] ============================================================
[2026-04-30T15:31:52Z] [INFO] 🖼️  PHASE: IMAGE-SEED ANALYSIS
[2026-04-30T15:31:52Z] [INFO] 📂 Image seed analysis bootstrapping from 0 images...
[2026-04-30T15:31:52Z] [SECTION] ============================================================
[2026-04-30T15:31:52Z] [INFO] 📤 PHASE: PUSH COMPONENTS TO TOLARIA
[2026-04-30T15:31:52Z] [INFO] 📦 Components pushed to Tolaria: 5
[2026-04-30T15:31:52Z] [SECTION] ============================================================
[2026-04-30T15:31:52Z] [INFO] 🧩 PHASE: COMPOSER - DOMAIN INTEGRATION SYNTHESIS
[2026-04-30T15:31:53Z] [INFO] 🎨 Domain integrations synthesized: 0
[2026-04-30T15:31:53Z] [SECTION] ============================================================
[2026-04-30T15:31:53Z] [INFO] 🚀 PHASE: ADVANCED OVERNIGHT LOOP
[2026-04-30T15:31:58Z] [INFO] 🔬 Advanced loop completed cycles: 0
[2026-04-30T15:31:58Z] [COMMIT] ✅ Git commit: 0ce2250df667b86f6f0b227f2282a706acd6d396 [2026-04-30T15:31:58Z] Cycle 16: Cycle 17: Web research + hidden layering detection
[2026-04-30T15:31:58Z] [INFO] 
📊 CYCLE #17 SUMMARY
[2026-04-30T15:31:58Z] [INFO] ✅ Successful tasks: 7/7
[2026-04-30T15:31:58Z] [INFO] ⏱️  Cycle duration: 6.34s
[2026-04-30T15:31:58Z] [INFO]    ⚠️ task: result
[2026-04-30T15:31:58Z] [INFO]    ⚠️ task: result
[2026-04-30T15:31:58Z] [INFO]    ⚠️ task: result
[2026-04-30T15:31:58Z] [INFO]    ⚠️ task: result
[2026-04-30T15:31:58Z] [INFO]    ⚠️ task: result
[2026-04-30T15:31:58Z] [INFO]    ⚠️ task: result
[2026-04-30T15:31:58Z] [INFO]    ⚠️ task: result
[2026-04-30T15:31:58Z] [HEADER] ================================================================================
[2026-04-30T15:31:58Z] [INFO] 🔄 OVERNIGHT RESEARCH PIPELINE - CYCLE #18
[2026-04-30T15:31:58Z] [INFO] ================================================================================
[2026-04-30T15:31:58Z] [HEADER] ============================================================
[2026-04-30T15:31:58Z] [INFO] 🌙 STARTING OVERNIGHT RESEARCH CYCLE #18
[2026-04-30T15:31:58Z] [INFO] 🔍 Running overnight research protocol (web scraping + cross-symbol analysis)...
[2026-04-30T15:31:58Z] [INFO] 📊 Cycle duration: 0.04s, Files generated: 0
[2026-04-30T15:31:58Z] [WARNING] ⚠️ Database not initialized for cycle counting
[2026-04-30T15:31:58Z] [INFO] 💾 Database updated with cycle results
[2026-04-30T15:31:58Z] [SECTION] ============================================================
[2026-04-30T15:31:58Z] [INFO] 🔮 PHASE: HIDDEN LAYERING DETECTION
[2026-04-30T15:31:58Z] [INFO] 🔗 Hidden layering detection complete. Connections identified: 2
[2026-04-30T15:31:58Z] [SECTION] ============================================================
[2026-04-30T15:31:58Z] [INFO] 🔬 PHASE: DOMAIN CORRELATION ANALYSIS
[2026-04-30T15:31:58Z] [INFO] 📊 Domain correlation matrices created: 2
[2026-04-30T15:31:58Z] [SECTION] ============================================================
[2026-04-30T15:31:58Z] [INFO] 🖼️  PHASE: IMAGE-SEED ANALYSIS
[2026-04-30T15:31:58Z] [INFO] 📂 Image seed analysis bootstrapping from 0 images...
[2026-04-30T15:31:58Z] [SECTION] ============================================================
[2026-04-30T15:31:58Z] [INFO] 📤 PHASE: PUSH COMPONENTS TO TOLARIA
[2026-04-30T15:31:59Z] [INFO] 📦 Components pushed to Tolaria: 5
[2026-04-30T15:31:59Z] [SECTION] ============================================================
[2026-04-30T15:31:59Z] [INFO] 🧩 PHASE: COMPOSER - DOMAIN INTEGRATION SYNTHESIS
[2026-04-30T15:31:59Z] [INFO] 🎨 Domain integrations synthesized: 0
[2026-04-30T15:31:59Z] [SECTION] ============================================================
[2026-04-30T15:31:59Z] [INFO] 🚀 PHASE: ADVANCED OVERNIGHT LOOP
[2026-04-30T15:32:04Z] [INFO] 🔬 Advanced loop completed cycles: 0
[2026-04-30T15:32:04Z] [WARNING] ⚠️  Git commit skipped or failed (git not initialized?): Command '['git', '-C', '/home/avalonas/.hermes/gematria/unified_overnight_research', 'add', '.']' returned non-zero exit status 128.
[2026-04-30T15:32:04Z] [INFO] 
📊 CYCLE #18 SUMMARY
[2026-04-30T15:32:04Z] [INFO] ✅ Successful tasks: 7/7
[2026-04-30T15:32:04Z] [INFO] ⏱️  Cycle duration: 6.51s
[2026-04-30T15:32:04Z] [INFO]    ⚠️ task: result
[2026-04-30T15:32:04Z] [INFO]    ⚠️ task: result
[2026-04-30T15:32:04Z] [INFO]    ⚠️ task: result
[2026-04-30T15:32:04Z] [INFO]    ⚠️ task: result
[2026-04-30T15:32:04Z] [INFO]    ⚠️ task: result
[2026-04-30T15:32:04Z] [INFO]    ⚠️ task: result
[2026-04-30T15:32:04Z] [INFO]    ⚠️ task: result
[2026-04-30T15:32:04Z] [HEADER] ================================================================================
[2026-04-30T15:32:04Z] [INFO] 🔄 OVERNIGHT RESEARCH PIPELINE - CYCLE #19
[2026-04-30T15:32:04Z] [INFO] ================================================================================
[2026-04-30T15:32:04Z] [HEADER] ============================================================
[2026-04-30T15:32:04Z] [INFO] 🌙 STARTING OVERNIGHT RESEARCH CYCLE #19
[2026-04-30T15:32:04Z] [INFO] 🔍 Running overnight research protocol (web scraping + cross-symbol analysis)...
[2026-04-30T15:32:04Z] [INFO] 📊 Cycle duration: 0.05s, Files generated: 0
[2026-04-30T15:32:04Z] [WARNING] ⚠️ Database not initialized for cycle counting
[2026-04-30T15:32:04Z] [INFO] 💾 Database updated with cycle results
[2026-04-30T15:32:04Z] [SECTION] ============================================================
[2026-04-30T15:32:04Z] [INFO] 🔮 PHASE: HIDDEN LAYERING DETECTION
[2026-04-30T15:32:04Z] [INFO] 🔗 Hidden layering detection complete. Connections identified: 2
[2026-04-30T15:32:04Z] [SECTION] ============================================================
[2026-04-30T15:32:04Z] [INFO] 🔬 PHASE: DOMAIN CORRELATION ANALYSIS
[2026-04-30T15:32:04Z] [INFO] 📊 Domain correlation matrices created: 2
[2026-04-30T15:32:04Z] [SECTION] ============================================================
[2026-04-30T15:32:04Z] [INFO] 🖼️  PHASE: IMAGE-SEED ANALYSIS
[2026-04-30T15:32:04Z] [INFO] 📂 Image seed analysis bootstrapping from 0 images...
[2026-04-30T15:32:04Z] [SECTION] ============================================================
[2026-04-30T15:32:04Z] [INFO] 📤 PHASE: PUSH COMPONENTS TO TOLARIA
[2026-04-30T15:32:05Z] [INFO] 📦 Components pushed to Tolaria: 5
[2026-04-30T15:32:05Z] [SECTION] ============================================================
[2026-04-30T15:32:05Z] [INFO] 🧩 PHASE: COMPOSER - DOMAIN INTEGRATION SYNTHESIS
[2026-04-30T15:32:05Z] [INFO] 🎨 Domain integrations synthesized: 0
[2026-04-30T15:32:05Z] [SECTION] ============================================================
[2026-04-30T15:32:05Z] [INFO] 🚀 PHASE: ADVANCED OVERNIGHT LOOP
[2026-04-30T15:32:10Z] [INFO] 🔬 Advanced loop completed cycles: 0
[2026-04-30T15:32:11Z] [COMMIT] ✅ Git commit: 5dd6bd11f5a31a99b32f837ee87c1481e37a8caa [2026-04-30T15:32:11Z] Cycle 18: Cycle 19: Web research + hidden layering detection
[2026-04-30T15:32:11Z] [INFO] 
📊 CYCLE #19 SUMMARY
[2026-04-30T15:32:11Z] [INFO] ✅ Successful tasks: 7/7
[2026-04-30T15:32:11Z] [INFO] ⏱️  Cycle duration: 6.47s
[2026-04-30T15:32:11Z] [INFO]    ⚠️ task: result
[2026-04-30T15:32:11Z] [INFO]    ⚠️ task: result
[2026-04-30T15:32:11Z] [INFO]    ⚠️ task: result
[2026-04-30T15:32:11Z] [INFO]    ⚠️ task: result
[2026-04-30T15:32:11Z] [INFO]    ⚠️ task: result
[2026-04-30T15:32:11Z] [INFO]    ⚠️ task: result
[2026-04-30T15:32:11Z] [INFO]    ⚠️ task: result
[2026-04-30T15:32:11Z] [HEADER] ================================================================================
[2026-04-30T15:32:11Z] [INFO] 🔄 OVERNIGHT RESEARCH PIPELINE - CYCLE #20
[2026-04-30T15:32:11Z] [INFO] ================================================================================
[2026-04-30T15:32:11Z] [HEADER] ============================================================
[2026-04-30T15:32:11Z] [INFO] 🌙 STARTING OVERNIGHT RESEARCH CYCLE #20
[2026-04-30T15:32:11Z] [INFO] 🔍 Running overnight research protocol (web scraping + cross-symbol analysis)...
[2026-04-30T15:32:11Z] [INFO] 📊 Cycle duration: 0.05s, Files generated: 0
[2026-04-30T15:32:11Z] [WARNING] ⚠️ Database not initialized for cycle counting
[2026-04-30T15:32:11Z] [INFO] 💾 Database updated with cycle results
[2026-04-30T15:32:11Z] [SECTION] ============================================================
[2026-04-30T15:32:11Z] [INFO] 🔮 PHASE: HIDDEN LAYERING DETECTION
[2026-04-30T15:32:11Z] [INFO] 🔗 Hidden layering detection complete. Connections identified: 2
[2026-04-30T15:32:11Z] [SECTION] ============================================================
[2026-04-30T15:32:11Z] [INFO] 🔬 PHASE: DOMAIN CORRELATION ANALYSIS
[2026-04-30T15:32:11Z] [INFO] 📊 Domain correlation matrices created: 2
[2026-04-30T15:32:11Z] [SECTION] ============================================================
[2026-04-30T15:32:11Z] [INFO] 🖼️  PHASE: IMAGE-SEED ANALYSIS
[2026-04-30T15:32:11Z] [INFO] 📂 Image seed analysis bootstrapping from 0 images...
[2026-04-30T15:32:11Z] [SECTION] ============================================================
[2026-04-30T15:32:11Z] [INFO] 📤 PHASE: PUSH COMPONENTS TO TOLARIA
[2026-04-30T15:32:12Z] [INFO] 📦 Components pushed to Tolaria: 5
[2026-04-30T15:32:12Z] [SECTION] ============================================================
[2026-04-30T15:32:12Z] [INFO] 🧩 PHASE: COMPOSER - DOMAIN INTEGRATION SYNTHESIS
[2026-04-30T15:32:12Z] [INFO] 🎨 Domain integrations synthesized: 0
[2026-04-30T15:32:12Z] [SECTION] ============================================================
[2026-04-30T15:32:12Z] [INFO] 🚀 PHASE: ADVANCED OVERNIGHT LOOP
[2026-04-30T15:32:17Z] [INFO] 🔬 Advanced loop completed cycles: 0
[2026-04-30T15:32:18Z] [COMMIT] ✅ Git commit: 7c3c9b0038a803549eb03ad8b83e518c7ea6ec8a [2026-04-30T15:32:17Z] Cycle 19: Cycle 20: Web research + hidden layering detection
[2026-04-30T15:32:18Z] [INFO] 
📊 CYCLE #20 SUMMARY
[2026-04-30T15:32:18Z] [INFO] ✅ Successful tasks: 7/7
[2026-04-30T15:32:18Z] [INFO] ⏱️  Cycle duration: 6.83s
[2026-04-30T15:32:18Z] [INFO]    ⚠️ task: result
[2026-04-30T15:32:18Z] [INFO]    ⚠️ task: result
[2026-04-30T15:32:18Z] [INFO]    ⚠️ task: result
[2026-04-30T15:32:18Z] [INFO]    ⚠️ task: result
[2026-04-30T15:32:18Z] [INFO]    ⚠️ task: result
[2026-04-30T15:32:18Z] [INFO]    ⚠️ task: result
[2026-04-30T15:32:18Z] [INFO]    ⚠️ task: result
[2026-04-30T15:32:18Z] [HEADER] ================================================================================
[2026-04-30T15:32:18Z] [INFO] 🔄 OVERNIGHT RESEARCH PIPELINE - CYCLE #21
[2026-04-30T15:32:18Z] [INFO] ================================================================================
[2026-04-30T15:32:18Z] [HEADER] ============================================================
[2026-04-30T15:32:18Z] [INFO] 🌙 STARTING OVERNIGHT RESEARCH CYCLE #21
[2026-04-30T15:32:18Z] [INFO] 🔍 Running overnight research protocol (web scraping + cross-symbol analysis)...
[2026-04-30T15:32:18Z] [INFO] 📊 Cycle duration: 0.05s, Files generated: 0
[2026-04-30T15:32:18Z] [WARNING] ⚠️ Database not initialized for cycle counting
[2026-04-30T15:32:18Z] [INFO] 💾 Database updated with cycle results
[2026-04-30T15:32:18Z] [SECTION] ============================================================
[2026-04-30T15:32:18Z] [INFO] 🔮 PHASE: HIDDEN LAYERING DETECTION
[2026-04-30T15:32:18Z] [INFO] 🔗 Hidden layering detection complete. Connections identified: 2
[2026-04-30T15:32:18Z] [SECTION] ============================================================
[2026-04-30T15:32:18Z] [INFO] 🔬 PHASE: DOMAIN CORRELATION ANALYSIS
[2026-04-30T15:32:18Z] [INFO] 📊 Domain correlation matrices created: 2
[2026-04-30T15:32:18Z] [SECTION] ============================================================
[2026-04-30T15:32:18Z] [INFO] 🖼️  PHASE: IMAGE-SEED ANALYSIS
[2026-04-30T15:32:18Z] [INFO] 📂 Image seed analysis bootstrapping from 0 images...
[2026-04-30T15:32:18Z] [SECTION] ============================================================
[2026-04-30T15:32:18Z] [INFO] 📤 PHASE: PUSH COMPONENTS TO TOLARIA
[2026-04-30T15:32:19Z] [INFO] 📦 Components pushed to Tolaria: 5
[2026-04-30T15:32:19Z] [SECTION] ============================================================
[2026-04-30T15:32:19Z] [INFO] 🧩 PHASE: COMPOSER - DOMAIN INTEGRATION SYNTHESIS
[2026-04-30T15:32:19Z] [INFO] 🎨 Domain integrations synthesized: 0
[2026-04-30T15:32:19Z] [SECTION] ============================================================
[2026-04-30T15:32:19Z] [INFO] 🚀 PHASE: ADVANCED OVERNIGHT LOOP
[2026-04-30T15:32:24Z] [INFO] 🔬 Advanced loop completed cycles: 0
[2026-04-30T15:32:24Z] [COMMIT] ✅ Git commit: 627c5e7f610eae0c679dc5ef3cc544b7ebde85b5 [2026-04-30T15:32:24Z] Cycle 20: Cycle 21: Web research + hidden layering detection
[2026-04-30T15:32:24Z] [INFO] 
📊 CYCLE #21 SUMMARY
[2026-04-30T15:32:24Z] [INFO] ✅ Successful tasks: 7/7
[2026-04-30T15:32:24Z] [INFO] ⏱️  Cycle duration: 6.43s
[2026-04-30T15:32:24Z] [INFO]    ⚠️ task: result
[2026-04-30T15:32:24Z] [INFO]    ⚠️ task: result
[2026-04-30T15:32:24Z] [INFO]    ⚠️ task: result
[2026-04-30T15:32:24Z] [INFO]    ⚠️ task: result
[2026-04-30T15:32:24Z] [INFO]    ⚠️ task: result
[2026-04-30T15:32:24Z] [INFO]    ⚠️ task: result
[2026-04-30T15:32:24Z] [INFO]    ⚠️ task: result
[2026-04-30T15:32:24Z] [HEADER] ================================================================================
[2026-04-30T15:32:24Z] [INFO] 🔄 OVERNIGHT RESEARCH PIPELINE - CYCLE #22
[2026-04-30T15:32:24Z] [INFO] ================================================================================
[2026-04-30T15:32:24Z] [HEADER] ============================================================
[2026-04-30T15:32:24Z] [INFO] 🌙 STARTING OVERNIGHT RESEARCH CYCLE #22
[2026-04-30T15:32:24Z] [INFO] 🔍 Running overnight research protocol (web scraping + cross-symbol analysis)...
[2026-04-30T15:32:24Z] [INFO] 📊 Cycle duration: 0.05s, Files generated: 0
[2026-04-30T15:32:24Z] [WARNING] ⚠️ Database not initialized for cycle counting
[2026-04-30T15:32:24Z] [INFO] 💾 Database updated with cycle results
[2026-04-30T15:32:24Z] [SECTION] ============================================================
[2026-04-30T15:32:24Z] [INFO] 🔮 PHASE: HIDDEN LAYERING DETECTION
[2026-04-30T15:32:24Z] [INFO] 🔗 Hidden layering detection complete. Connections identified: 2
[2026-04-30T15:32:24Z] [SECTION] ============================================================
[2026-04-30T15:32:24Z] [INFO] 🔬 PHASE: DOMAIN CORRELATION ANALYSIS
[2026-04-30T15:32:24Z] [INFO] 📊 Domain correlation matrices created: 2
[2026-04-30T15:32:24Z] [SECTION] ============================================================
[2026-04-30T15:32:24Z] [INFO] 🖼️  PHASE: IMAGE-SEED ANALYSIS
[2026-04-30T15:32:24Z] [INFO] 📂 Image seed analysis bootstrapping from 0 images...
[2026-04-30T15:32:24Z] [SECTION] ============================================================
[2026-04-30T15:32:24Z] [INFO] 📤 PHASE: PUSH COMPONENTS TO TOLARIA
[2026-04-30T15:32:25Z] [INFO] 📦 Components pushed to Tolaria: 5
[2026-04-30T15:32:25Z] [SECTION] ============================================================
[2026-04-30T15:32:25Z] [INFO] 🧩 PHASE: COMPOSER - DOMAIN INTEGRATION SYNTHESIS
[2026-04-30T15:32:25Z] [INFO] 🎨 Domain integrations synthesized: 0
[2026-04-30T15:32:25Z] [SECTION] ============================================================
[2026-04-30T15:32:25Z] [INFO] 🚀 PHASE: ADVANCED OVERNIGHT LOOP
[2026-04-30T15:32:30Z] [INFO] 🔬 Advanced loop completed cycles: 0
[2026-04-30T15:32:30Z] [WARNING] ⚠️  Git commit skipped or failed (git not initialized?): Command '['git', '-C', '/home/avalonas/.hermes/gematria/unified_overnight_research', 'add', '.']' returned non-zero exit status 128.
[2026-04-30T15:32:30Z] [INFO] 
📊 CYCLE #22 SUMMARY
[2026-04-30T15:32:30Z] [INFO] ✅ Successful tasks: 7/7
[2026-04-30T15:32:30Z] [INFO] ⏱️  Cycle duration: 6.50s
[2026-04-30T15:32:30Z] [INFO]    ⚠️ task: result
[2026-04-30T15:32:30Z] [INFO]    ⚠️ task: result
[2026-04-30T15:32:30Z] [INFO]    ⚠️ task: result
[2026-04-30T15:32:30Z] [INFO]    ⚠️ task: result
[2026-04-30T15:32:30Z] [INFO]    ⚠️ task: result
[2026-04-30T15:32:30Z] [INFO]    ⚠️ task: result
[2026-04-30T15:32:30Z] [INFO]    ⚠️ task: result
[2026-04-30T15:32:30Z] [HEADER] ================================================================================
[2026-04-30T15:32:30Z] [INFO] 🔄 OVERNIGHT RESEARCH PIPELINE - CYCLE #23
[2026-04-30T15:32:30Z] [INFO] ================================================================================
[2026-04-30T15:32:30Z] [HEADER] ============================================================
[2026-04-30T15:32:30Z] [INFO] 🌙 STARTING OVERNIGHT RESEARCH CYCLE #23
[2026-04-30T15:32:30Z] [INFO] 🔍 Running overnight research protocol (web scraping + cross-symbol analysis)...
[2026-04-30T15:32:31Z] [INFO] 📊 Cycle duration: 0.05s, Files generated: 0
[2026-04-30T15:32:31Z] [WARNING] ⚠️ Database not initialized for cycle counting
[2026-04-30T15:32:31Z] [INFO] 💾 Database updated with cycle results
[2026-04-30T15:32:31Z] [SECTION] ============================================================
[2026-04-30T15:32:31Z] [INFO] 🔮 PHASE: HIDDEN LAYERING DETECTION
[2026-04-30T15:32:31Z] [INFO] 🔗 Hidden layering detection complete. Connections identified: 2
[2026-04-30T15:32:31Z] [SECTION] ============================================================
[2026-04-30T15:32:31Z] [INFO] 🔬 PHASE: DOMAIN CORRELATION ANALYSIS
[2026-04-30T15:32:31Z] [INFO] 📊 Domain correlation matrices created: 2
[2026-04-30T15:32:31Z] [SECTION] ============================================================
[2026-04-30T15:32:31Z] [INFO] 🖼️  PHASE: IMAGE-SEED ANALYSIS
[2026-04-30T15:32:31Z] [INFO] 📂 Image seed analysis bootstrapping from 0 images...
[2026-04-30T15:32:31Z] [SECTION] ============================================================
[2026-04-30T15:32:31Z] [INFO] 📤 PHASE: PUSH COMPONENTS TO TOLARIA
[2026-04-30T15:32:31Z] [INFO] 📦 Components pushed to Tolaria: 5
[2026-04-30T15:32:31Z] [SECTION] ============================================================
[2026-04-30T15:32:31Z] [INFO] 🧩 PHASE: COMPOSER - DOMAIN INTEGRATION SYNTHESIS
[2026-04-30T15:32:32Z] [INFO] 🎨 Domain integrations synthesized: 0
[2026-04-30T15:32:32Z] [SECTION] ============================================================
[2026-04-30T15:32:32Z] [INFO] 🚀 PHASE: ADVANCED OVERNIGHT LOOP
[2026-04-30T15:32:37Z] [INFO] 🔬 Advanced loop completed cycles: 0
[2026-04-30T15:32:37Z] [WARNING] ⚠️  Git commit skipped or failed (git not initialized?): Command '['git', '-C', '/home/avalonas/.hermes/gematria/unified_overnight_research', 'add', '.']' returned non-zero exit status 128.
[2026-04-30T15:32:37Z] [INFO] 
📊 CYCLE #23 SUMMARY
[2026-04-30T15:32:37Z] [INFO] ✅ Successful tasks: 7/7
[2026-04-30T15:32:37Z] [INFO] ⏱️  Cycle duration: 6.20s
[2026-04-30T15:32:37Z] [INFO]    ⚠️ task: result
[2026-04-30T15:32:37Z] [INFO]    ⚠️ task: result
[2026-04-30T15:32:37Z] [INFO]    ⚠️ task: result
[2026-04-30T15:32:37Z] [INFO]    ⚠️ task: result
[2026-04-30T15:32:37Z] [INFO]    ⚠️ task: result
[2026-04-30T15:32:37Z] [INFO]    ⚠️ task: result
[2026-04-30T15:32:37Z] [INFO]    ⚠️ task: result
[2026-04-30T15:32:37Z] [HEADER] ================================================================================
[2026-04-30T15:32:37Z] [INFO] 🔄 OVERNIGHT RESEARCH PIPELINE - CYCLE #24
[2026-04-30T15:32:37Z] [INFO] ================================================================================
[2026-04-30T15:32:37Z] [HEADER] ============================================================
[2026-04-30T15:32:37Z] [INFO] 🌙 STARTING OVERNIGHT RESEARCH CYCLE #24
[2026-04-30T15:32:37Z] [INFO] 🔍 Running overnight research protocol (web scraping + cross-symbol analysis)...
[2026-04-30T15:32:37Z] [INFO] 📊 Cycle duration: 0.03s, Files generated: 0
[2026-04-30T15:32:37Z] [WARNING] ⚠️ Database not initialized for cycle counting
[2026-04-30T15:32:37Z] [INFO] 💾 Database updated with cycle results
[2026-04-30T15:32:37Z] [SECTION] ============================================================
[2026-04-30T15:32:37Z] [INFO] 🔮 PHASE: HIDDEN LAYERING DETECTION
[2026-04-30T15:32:37Z] [INFO] 🔗 Hidden layering detection complete. Connections identified: 2
[2026-04-30T15:32:37Z] [SECTION] ============================================================
[2026-04-30T15:32:37Z] [INFO] 🔬 PHASE: DOMAIN CORRELATION ANALYSIS
[2026-04-30T15:32:37Z] [INFO] 📊 Domain correlation matrices created: 2
[2026-04-30T15:32:37Z] [SECTION] ============================================================
[2026-04-30T15:32:37Z] [INFO] 🖼️  PHASE: IMAGE-SEED ANALYSIS
[2026-04-30T15:32:37Z] [INFO] 📂 Image seed analysis bootstrapping from 0 images...
[2026-04-30T15:32:37Z] [SECTION] ============================================================
[2026-04-30T15:32:37Z] [INFO] 📤 PHASE: PUSH COMPONENTS TO TOLARIA
[2026-04-30T15:32:38Z] [INFO] 📦 Components pushed to Tolaria: 5
[2026-04-30T15:32:38Z] [SECTION] ============================================================
[2026-04-30T15:32:38Z] [INFO] 🧩 PHASE: COMPOSER - DOMAIN INTEGRATION SYNTHESIS
[2026-04-30T15:32:38Z] [INFO] 🎨 Domain integrations synthesized: 0
[2026-04-30T15:32:38Z] [SECTION] ============================================================
[2026-04-30T15:32:38Z] [INFO] 🚀 PHASE: ADVANCED OVERNIGHT LOOP
[2026-04-30T15:32:43Z] [INFO] 🔬 Advanced loop completed cycles: 0
[2026-04-30T15:32:43Z] [WARNING] ⚠️  Git commit skipped or failed (git not initialized?): Command '['git', '-C', '/home/avalonas/.hermes/gematria/unified_overnight_research', 'add', '.']' returned non-zero exit status 128.
[2026-04-30T15:32:43Z] [INFO] 
📊 CYCLE #24 SUMMARY
[2026-04-30T15:32:43Z] [INFO] ✅ Successful tasks: 7/7
[2026-04-30T15:32:43Z] [INFO] ⏱️  Cycle duration: 6.25s
[2026-04-30T15:32:43Z] [INFO]    ⚠️ task: result
[2026-04-30T15:32:43Z] [INFO]    ⚠️ task: result
[2026-04-30T15:32:43Z] [INFO]    ⚠️ task: result
[2026-04-30T15:32:43Z] [INFO]    ⚠️ task: result
[2026-04-30T15:32:43Z] [INFO]    ⚠️ task: result
[2026-04-30T15:32:43Z] [INFO]    ⚠️ task: result
[2026-04-30T15:32:43Z] [INFO]    ⚠️ task: result
[2026-04-30T15:32:43Z] [HEADER] ================================================================================
[2026-04-30T15:32:43Z] [INFO] 🔄 OVERNIGHT RESEARCH PIPELINE - CYCLE #25
[2026-04-30T15:32:43Z] [INFO] ================================================================================
[2026-04-30T15:32:43Z] [HEADER] ============================================================
[2026-04-30T15:32:43Z] [INFO] 🌙 STARTING OVERNIGHT RESEARCH CYCLE #25
[2026-04-30T15:32:43Z] [INFO] 🔍 Running overnight research protocol (web scraping + cross-symbol analysis)...
[2026-04-30T15:32:43Z] [INFO] 📊 Cycle duration: 0.03s, Files generated: 0
[2026-04-30T15:32:43Z] [WARNING] ⚠️ Database not initialized for cycle counting
[2026-04-30T15:32:43Z] [INFO] 💾 Database updated with cycle results
[2026-04-30T15:32:43Z] [SECTION] ============================================================
[2026-04-30T15:32:43Z] [INFO] 🔮 PHASE: HIDDEN LAYERING DETECTION
[2026-04-30T15:32:43Z] [INFO] 🔗 Hidden layering detection complete. Connections identified: 2
[2026-04-30T15:32:43Z] [SECTION] ============================================================
[2026-04-30T15:32:43Z] [INFO] 🔬 PHASE: DOMAIN CORRELATION ANALYSIS
[2026-04-30T15:32:43Z] [INFO] 📊 Domain correlation matrices created: 2
[2026-04-30T15:32:43Z] [SECTION] ============================================================
[2026-04-30T15:32:43Z] [INFO] 🖼️  PHASE: IMAGE-SEED ANALYSIS
[2026-04-30T15:32:43Z] [INFO] 📂 Image seed analysis bootstrapping from 0 images...
[2026-04-30T15:32:43Z] [SECTION] ============================================================
[2026-04-30T15:32:43Z] [INFO] 📤 PHASE: PUSH COMPONENTS TO TOLARIA
[2026-04-30T15:32:44Z] [INFO] 📦 Components pushed to Tolaria: 5
[2026-04-30T15:32:44Z] [SECTION] ============================================================
[2026-04-30T15:32:44Z] [INFO] 🧩 PHASE: COMPOSER - DOMAIN INTEGRATION SYNTHESIS
[2026-04-30T15:32:44Z] [INFO] 🎨 Domain integrations synthesized: 0
[2026-04-30T15:32:44Z] [SECTION] ============================================================
[2026-04-30T15:32:44Z] [INFO] 🚀 PHASE: ADVANCED OVERNIGHT LOOP
[2026-04-30T15:32:49Z] [INFO] 🔬 Advanced loop completed cycles: 0
[2026-04-30T15:32:49Z] [WARNING] ⚠️  Git commit skipped or failed (git not initialized?): Command '['git', '-C', '/home/avalonas/.hermes/gematria/unified_overnight_research', 'add', '.']' returned non-zero exit status 128.
[2026-04-30T15:32:49Z] [INFO] 
📊 CYCLE #25 SUMMARY
[2026-04-30T15:32:49Z] [INFO] ✅ Successful tasks: 7/7
[2026-04-30T15:32:49Z] [INFO] ⏱️  Cycle duration: 6.39s
[2026-04-30T15:32:49Z] [INFO]    ⚠️ task: result
[2026-04-30T15:32:49Z] [INFO]    ⚠️ task: result
[2026-04-30T15:32:49Z] [INFO]    ⚠️ task: result
[2026-04-30T15:32:49Z] [INFO]    ⚠️ task: result
[2026-04-30T15:32:49Z] [INFO]    ⚠️ task: result
[2026-04-30T15:32:49Z] [INFO]    ⚠️ task: result
[2026-04-30T15:32:49Z] [INFO]    ⚠️ task: result
[2026-04-30T15:32:49Z] [HEADER] ================================================================================
[2026-04-30T15:32:49Z] [INFO] 🔄 OVERNIGHT RESEARCH PIPELINE - CYCLE #26
[2026-04-30T15:32:49Z] [INFO] ================================================================================
[2026-04-30T15:32:49Z] [HEADER] ============================================================
[2026-04-30T15:32:49Z] [INFO] 🌙 STARTING OVERNIGHT RESEARCH CYCLE #26
[2026-04-30T15:32:49Z] [INFO] 🔍 Running overnight research protocol (web scraping + cross-symbol analysis)...
[2026-04-30T15:32:49Z] [INFO] 📊 Cycle duration: 0.03s, Files generated: 0
[2026-04-30T15:32:49Z] [WARNING] ⚠️ Database not initialized for cycle counting
[2026-04-30T15:32:49Z] [INFO] 💾 Database updated with cycle results
[2026-04-30T15:32:49Z] [SECTION] ============================================================
[2026-04-30T15:32:49Z] [INFO] 🔮 PHASE: HIDDEN LAYERING DETECTION
[2026-04-30T15:32:49Z] [INFO] 🔗 Hidden layering detection complete. Connections identified: 2
[2026-04-30T15:32:49Z] [SECTION] ============================================================
[2026-04-30T15:32:49Z] [INFO] 🔬 PHASE: DOMAIN CORRELATION ANALYSIS
[2026-04-30T15:32:49Z] [INFO] 📊 Domain correlation matrices created: 2
[2026-04-30T15:32:49Z] [SECTION] ============================================================
[2026-04-30T15:32:49Z] [INFO] 🖼️  PHASE: IMAGE-SEED ANALYSIS
[2026-04-30T15:32:49Z] [INFO] 📂 Image seed analysis bootstrapping from 0 images...
[2026-04-30T15:32:49Z] [SECTION] ============================================================
[2026-04-30T15:32:49Z] [INFO] 📤 PHASE: PUSH COMPONENTS TO TOLARIA
[2026-04-30T15:32:50Z] [INFO] 📦 Components pushed to Tolaria: 5
[2026-04-30T15:32:50Z] [SECTION] ============================================================
[2026-04-30T15:32:50Z] [INFO] 🧩 PHASE: COMPOSER - DOMAIN INTEGRATION SYNTHESIS
[2026-04-30T15:32:50Z] [INFO] 🎨 Domain integrations synthesized: 0
[2026-04-30T15:32:50Z] [SECTION] ============================================================
[2026-04-30T15:32:50Z] [INFO] 🚀 PHASE: ADVANCED OVERNIGHT LOOP
[2026-04-30T15:32:56Z] [INFO] 🔬 Advanced loop completed cycles: 0
[2026-04-30T15:32:56Z] [WARNING] ⚠️  Git commit skipped or failed (git not initialized?): Command '['git', '-C', '/home/avalonas/.hermes/gematria/unified_overnight_research', 'add', '.']' returned non-zero exit status 128.
[2026-04-30T15:32:56Z] [INFO] 
📊 CYCLE #26 SUMMARY
[2026-04-30T15:32:56Z] [INFO] ✅ Successful tasks: 7/7
[2026-04-30T15:32:56Z] [INFO] ⏱️  Cycle duration: 6.19s
[2026-04-30T15:32:56Z] [INFO]    ⚠️ task: result
[2026-04-30T15:32:56Z] [INFO]    ⚠️ task: result
[2026-04-30T15:32:56Z] [INFO]    ⚠️ task: result
[2026-04-30T15:32:56Z] [INFO]    ⚠️ task: result
[2026-04-30T15:32:56Z] [INFO]    ⚠️ task: result
[2026-04-30T15:32:56Z] [INFO]    ⚠️ task: result
[2026-04-30T15:32:56Z] [INFO]    ⚠️ task: result
[2026-04-30T15:32:56Z] [HEADER] ================================================================================
[2026-04-30T15:32:56Z] [INFO] 🔄 OVERNIGHT RESEARCH PIPELINE - CYCLE #27
[2026-04-30T15:32:56Z] [INFO] ================================================================================
[2026-04-30T15:32:56Z] [HEADER] ============================================================
[2026-04-30T15:32:56Z] [INFO] 🌙 STARTING OVERNIGHT RESEARCH CYCLE #27
[2026-04-30T15:32:56Z] [INFO] 🔍 Running overnight research protocol (web scraping + cross-symbol analysis)...
[2026-04-30T15:32:56Z] [INFO] 📊 Cycle duration: 0.03s, Files generated: 0
[2026-04-30T15:32:56Z] [WARNING] ⚠️ Database not initialized for cycle counting
[2026-04-30T15:32:56Z] [INFO] 💾 Database updated with cycle results
[2026-04-30T15:32:56Z] [SECTION] ============================================================
[2026-04-30T15:32:56Z] [INFO] 🔮 PHASE: HIDDEN LAYERING DETECTION
[2026-04-30T15:32:56Z] [INFO] 🔗 Hidden layering detection complete. Connections identified: 2
[2026-04-30T15:32:56Z] [SECTION] ============================================================
[2026-04-30T15:32:56Z] [INFO] 🔬 PHASE: DOMAIN CORRELATION ANALYSIS
[2026-04-30T15:32:56Z] [INFO] 📊 Domain correlation matrices created: 2
[2026-04-30T15:32:56Z] [SECTION] ============================================================
[2026-04-30T15:32:56Z] [INFO] 🖼️  PHASE: IMAGE-SEED ANALYSIS
[2026-04-30T15:32:56Z] [INFO] 📂 Image seed analysis bootstrapping from 0 images...
[2026-04-30T15:32:56Z] [SECTION] ============================================================
[2026-04-30T15:32:56Z] [INFO] 📤 PHASE: PUSH COMPONENTS TO TOLARIA
[2026-04-30T15:32:57Z] [INFO] 📦 Components pushed to Tolaria: 5
[2026-04-30T15:32:57Z] [SECTION] ============================================================
[2026-04-30T15:32:57Z] [INFO] 🧩 PHASE: COMPOSER - DOMAIN INTEGRATION SYNTHESIS
[2026-04-30T15:32:57Z] [INFO] 🎨 Domain integrations synthesized: 0
[2026-04-30T15:32:57Z] [SECTION] ============================================================
[2026-04-30T15:32:57Z] [INFO] 🚀 PHASE: ADVANCED OVERNIGHT LOOP
[2026-04-30T15:33:02Z] [INFO] 🔬 Advanced loop completed cycles: 0
[2026-04-30T15:33:02Z] [WARNING] ⚠️  Git commit skipped or failed (git not initialized?): Command '['git', '-C', '/home/avalonas/.hermes/gematria/unified_overnight_research', 'add', '.']' returned non-zero exit status 128.
[2026-04-30T15:33:02Z] [INFO] 
📊 CYCLE #27 SUMMARY
[2026-04-30T15:33:02Z] [INFO] ✅ Successful tasks: 7/7
[2026-04-30T15:33:02Z] [INFO] ⏱️  Cycle duration: 6.61s
[2026-04-30T15:33:02Z] [INFO]    ⚠️ task: result
[2026-04-30T15:33:02Z] [INFO]    ⚠️ task: result
[2026-04-30T15:33:02Z] [INFO]    ⚠️ task: result
[2026-04-30T15:33:02Z] [INFO]    ⚠️ task: result
[2026-04-30T15:33:02Z] [INFO]    ⚠️ task: result
[2026-04-30T15:33:02Z] [INFO]    ⚠️ task: result
[2026-04-30T15:33:02Z] [INFO]    ⚠️ task: result
[2026-04-30T15:33:02Z] [HEADER] ================================================================================
[2026-04-30T15:33:02Z] [INFO] 🔄 OVERNIGHT RESEARCH PIPELINE - CYCLE #28
[2026-04-30T15:33:02Z] [INFO] ================================================================================
[2026-04-30T15:33:02Z] [HEADER] ============================================================
[2026-04-30T15:33:02Z] [INFO] 🌙 STARTING OVERNIGHT RESEARCH CYCLE #28
[2026-04-30T15:33:02Z] [INFO] 🔍 Running overnight research protocol (web scraping + cross-symbol analysis)...
[2026-04-30T15:33:02Z] [INFO] 📊 Cycle duration: 0.03s, Files generated: 0
[2026-04-30T15:33:02Z] [WARNING] ⚠️ Database not initialized for cycle counting
[2026-04-30T15:33:02Z] [INFO] 💾 Database updated with cycle results
[2026-04-30T15:33:02Z] [SECTION] ============================================================
[2026-04-30T15:33:02Z] [INFO] 🔮 PHASE: HIDDEN LAYERING DETECTION
[2026-04-30T15:33:02Z] [INFO] 🔗 Hidden layering detection complete. Connections identified: 2
[2026-04-30T15:33:02Z] [SECTION] ============================================================
[2026-04-30T15:33:02Z] [INFO] 🔬 PHASE: DOMAIN CORRELATION ANALYSIS
[2026-04-30T15:33:02Z] [INFO] 📊 Domain correlation matrices created: 2
[2026-04-30T15:33:02Z] [SECTION] ============================================================
[2026-04-30T15:33:02Z] [INFO] 🖼️  PHASE: IMAGE-SEED ANALYSIS
[2026-04-30T15:33:02Z] [INFO] 📂 Image seed analysis bootstrapping from 0 images...
[2026-04-30T15:33:02Z] [SECTION] ============================================================
[2026-04-30T15:33:02Z] [INFO] 📤 PHASE: PUSH COMPONENTS TO TOLARIA
[2026-04-30T15:33:03Z] [INFO] 📦 Components pushed to Tolaria: 5
[2026-04-30T15:33:03Z] [SECTION] ============================================================
[2026-04-30T15:33:03Z] [INFO] 🧩 PHASE: COMPOSER - DOMAIN INTEGRATION SYNTHESIS
[2026-04-30T15:33:03Z] [INFO] 🎨 Domain integrations synthesized: 0
[2026-04-30T15:33:03Z] [SECTION] ============================================================
[2026-04-30T15:33:03Z] [INFO] 🚀 PHASE: ADVANCED OVERNIGHT LOOP
[2026-04-30T15:33:08Z] [INFO] 🔬 Advanced loop completed cycles: 0
[2026-04-30T15:33:08Z] [WARNING] ⚠️  Git commit skipped or failed (git not initialized?): Command '['git', '-C', '/home/avalonas/.hermes/gematria/unified_overnight_research', 'add', '.']' returned non-zero exit status 128.
[2026-04-30T15:33:08Z] [INFO] 
📊 CYCLE #28 SUMMARY
[2026-04-30T15:33:08Z] [INFO] ✅ Successful tasks: 7/7
[2026-04-30T15:33:08Z] [INFO] ⏱️  Cycle duration: 6.10s
[2026-04-30T15:33:08Z] [INFO]    ⚠️ task: result
[2026-04-30T15:33:08Z] [INFO]    ⚠️ task: result
[2026-04-30T15:33:08Z] [INFO]    ⚠️ task: result
[2026-04-30T15:33:08Z] [INFO]    ⚠️ task: result
[2026-04-30T15:33:08Z] [INFO]    ⚠️ task: result
[2026-04-30T15:33:08Z] [INFO]    ⚠️ task: result
[2026-04-30T15:33:08Z] [INFO]    ⚠️ task: result
[2026-04-30T15:33:08Z] [HEADER] ================================================================================
[2026-04-30T15:33:08Z] [INFO] 🔄 OVERNIGHT RESEARCH PIPELINE - CYCLE #29
[2026-04-30T15:33:08Z] [INFO] ================================================================================
[2026-04-30T15:33:08Z] [HEADER] ============================================================
[2026-04-30T15:33:08Z] [INFO] 🌙 STARTING OVERNIGHT RESEARCH CYCLE #29
[2026-04-30T15:33:08Z] [INFO] 🔍 Running overnight research protocol (web scraping + cross-symbol analysis)...
[2026-04-30T15:33:08Z] [INFO] 📊 Cycle duration: 0.02s, Files generated: 0
[2026-04-30T15:33:08Z] [WARNING] ⚠️ Database not initialized for cycle counting
[2026-04-30T15:33:08Z] [INFO] 💾 Database updated with cycle results
[2026-04-30T15:33:08Z] [SECTION] ============================================================
[2026-04-30T15:33:08Z] [INFO] 🔮 PHASE: HIDDEN LAYERING DETECTION
[2026-04-30T15:33:08Z] [INFO] 🔗 Hidden layering detection complete. Connections identified: 2
[2026-04-30T15:33:08Z] [SECTION] ============================================================
[2026-04-30T15:33:08Z] [INFO] 🔬 PHASE: DOMAIN CORRELATION ANALYSIS
[2026-04-30T15:33:08Z] [INFO] 📊 Domain correlation matrices created: 2
[2026-04-30T15:33:08Z] [SECTION] ============================================================
[2026-04-30T15:33:08Z] [INFO] 🖼️  PHASE: IMAGE-SEED ANALYSIS
[2026-04-30T15:33:08Z] [INFO] 📂 Image seed analysis bootstrapping from 0 images...
[2026-04-30T15:33:08Z] [SECTION] ============================================================
[2026-04-30T15:33:08Z] [INFO] 📤 PHASE: PUSH COMPONENTS TO TOLARIA
[2026-04-30T15:33:09Z] [INFO] 📦 Components pushed to Tolaria: 5
[2026-04-30T15:33:09Z] [SECTION] ============================================================
[2026-04-30T15:33:09Z] [INFO] 🧩 PHASE: COMPOSER - DOMAIN INTEGRATION SYNTHESIS
[2026-04-30T15:33:09Z] [INFO] 🎨 Domain integrations synthesized: 0
[2026-04-30T15:33:09Z] [SECTION] ============================================================
[2026-04-30T15:33:09Z] [INFO] 🚀 PHASE: ADVANCED OVERNIGHT LOOP
[2026-04-30T15:33:14Z] [INFO] 🔬 Advanced loop completed cycles: 0
[2026-04-30T15:33:14Z] [WARNING] ⚠️  Git commit skipped or failed (git not initialized?): Command '['git', '-C', '/home/avalonas/.hermes/gematria/unified_overnight_research', 'add', '.']' returned non-zero exit status 128.
[2026-04-30T15:33:14Z] [INFO] 
📊 CYCLE #29 SUMMARY
[2026-04-30T15:33:14Z] [INFO] ✅ Successful tasks: 7/7
[2026-04-30T15:33:14Z] [INFO] ⏱️  Cycle duration: 6.13s
[2026-04-30T15:33:14Z] [INFO]    ⚠️ task: result
[2026-04-30T15:33:14Z] [INFO]    ⚠️ task: result
[2026-04-30T15:33:14Z] [INFO]    ⚠️ task: result
[2026-04-30T15:33:14Z] [INFO]    ⚠️ task: result
[2026-04-30T15:33:14Z] [INFO]    ⚠️ task: result
[2026-04-30T15:33:14Z] [INFO]    ⚠️ task: result
[2026-04-30T15:33:14Z] [INFO]    ⚠️ task: result
[2026-04-30T15:33:14Z] [HEADER] ================================================================================
[2026-04-30T15:33:14Z] [INFO] 🔄 OVERNIGHT RESEARCH PIPELINE - CYCLE #30
[2026-04-30T15:33:14Z] [INFO] ================================================================================
[2026-04-30T15:33:14Z] [HEADER] ============================================================
[2026-04-30T15:33:14Z] [INFO] 🌙 STARTING OVERNIGHT RESEARCH CYCLE #30
[2026-04-30T15:33:14Z] [INFO] 🔍 Running overnight research protocol (web scraping + cross-symbol analysis)...
[2026-04-30T15:33:14Z] [INFO] 📊 Cycle duration: 0.03s, Files generated: 0
[2026-04-30T15:33:14Z] [WARNING] ⚠️ Database not initialized for cycle counting
[2026-04-30T15:33:14Z] [INFO] 💾 Database updated with cycle results
[2026-04-30T15:33:14Z] [SECTION] ============================================================
[2026-04-30T15:33:14Z] [INFO] 🔮 PHASE: HIDDEN LAYERING DETECTION
[2026-04-30T15:33:14Z] [INFO] 🔗 Hidden layering detection complete. Connections identified: 2
[2026-04-30T15:33:14Z] [SECTION] ============================================================
[2026-04-30T15:33:14Z] [INFO] 🔬 PHASE: DOMAIN CORRELATION ANALYSIS
[2026-04-30T15:33:14Z] [INFO] 📊 Domain correlation matrices created: 2
[2026-04-30T15:33:14Z] [SECTION] ============================================================
[2026-04-30T15:33:14Z] [INFO] 🖼️  PHASE: IMAGE-SEED ANALYSIS
[2026-04-30T15:33:14Z] [INFO] 📂 Image seed analysis bootstrapping from 0 images...
[2026-04-30T15:33:14Z] [SECTION] ============================================================
[2026-04-30T15:33:14Z] [INFO] 📤 PHASE: PUSH COMPONENTS TO TOLARIA
[2026-04-30T15:33:15Z] [INFO] 📦 Components pushed to Tolaria: 5
[2026-04-30T15:33:15Z] [SECTION] ============================================================
[2026-04-30T15:33:15Z] [INFO] 🧩 PHASE: COMPOSER - DOMAIN INTEGRATION SYNTHESIS
[2026-04-30T15:33:15Z] [INFO] 🎨 Domain integrations synthesized: 0
[2026-04-30T15:33:15Z] [SECTION] ============================================================
[2026-04-30T15:33:15Z] [INFO] 🚀 PHASE: ADVANCED OVERNIGHT LOOP
[2026-04-30T15:33:20Z] [INFO] 🔬 Advanced loop completed cycles: 0
[2026-04-30T15:33:21Z] [WARNING] ⚠️  Git commit skipped or failed (git not initialized?): Command '['git', '-C', '/home/avalonas/.hermes/gematria/unified_overnight_research', 'add', '.']' returned non-zero exit status 128.
[2026-04-30T15:33:21Z] [INFO] 
📊 CYCLE #30 SUMMARY
[2026-04-30T15:33:21Z] [INFO] ✅ Successful tasks: 7/7
[2026-04-30T15:33:21Z] [INFO] ⏱️  Cycle duration: 6.22s
[2026-04-30T15:33:21Z] [INFO]    ⚠️ task: result
[2026-04-30T15:33:21Z] [INFO]    ⚠️ task: result
[2026-04-30T15:33:21Z] [INFO]    ⚠️ task: result
[2026-04-30T15:33:21Z] [INFO]    ⚠️ task: result
[2026-04-30T15:33:21Z] [INFO]    ⚠️ task: result
[2026-04-30T15:33:21Z] [INFO]    ⚠️ task: result
[2026-04-30T15:33:21Z] [INFO]    ⚠️ task: result
[2026-04-30T15:33:21Z] [HEADER] ================================================================================
[2026-04-30T15:33:21Z] [INFO] 🔄 OVERNIGHT RESEARCH PIPELINE - CYCLE #31
[2026-04-30T15:33:21Z] [INFO] ================================================================================
[2026-04-30T15:33:21Z] [HEADER] ============================================================
[2026-04-30T15:33:21Z] [INFO] 🌙 STARTING OVERNIGHT RESEARCH CYCLE #31
[2026-04-30T15:33:21Z] [INFO] 🔍 Running overnight research protocol (web scraping + cross-symbol analysis)...
[2026-04-30T15:33:21Z] [INFO] 📊 Cycle duration: 0.03s, Files generated: 0
[2026-04-30T15:33:21Z] [WARNING] ⚠️ Database not initialized for cycle counting
[2026-04-30T15:33:21Z] [INFO] 💾 Database updated with cycle results
[2026-04-30T15:33:21Z] [SECTION] ============================================================
[2026-04-30T15:33:21Z] [INFO] 🔮 PHASE: HIDDEN LAYERING DETECTION
[2026-04-30T15:33:21Z] [INFO] 🔗 Hidden layering detection complete. Connections identified: 2
[2026-04-30T15:33:21Z] [SECTION] ============================================================
[2026-04-30T15:33:21Z] [INFO] 🔬 PHASE: DOMAIN CORRELATION ANALYSIS
[2026-04-30T15:33:21Z] [INFO] 📊 Domain correlation matrices created: 2
[2026-04-30T15:33:21Z] [SECTION] ============================================================
[2026-04-30T15:33:21Z] [INFO] 🖼️  PHASE: IMAGE-SEED ANALYSIS
[2026-04-30T15:33:21Z] [INFO] 📂 Image seed analysis bootstrapping from 0 images...
[2026-04-30T15:33:21Z] [SECTION] ============================================================
[2026-04-30T15:33:21Z] [INFO] 📤 PHASE: PUSH COMPONENTS TO TOLARIA
[2026-04-30T15:33:22Z] [INFO] 📦 Components pushed to Tolaria: 5
[2026-04-30T15:33:22Z] [SECTION] ============================================================
[2026-04-30T15:33:22Z] [INFO] 🧩 PHASE: COMPOSER - DOMAIN INTEGRATION SYNTHESIS
[2026-04-30T15:33:22Z] [INFO] 🎨 Domain integrations synthesized: 0
[2026-04-30T15:33:22Z] [SECTION] ============================================================
[2026-04-30T15:33:22Z] [INFO] 🚀 PHASE: ADVANCED OVERNIGHT LOOP
[2026-04-30T15:33:27Z] [INFO] 🔬 Advanced loop completed cycles: 0
[2026-04-30T15:33:27Z] [COMMIT] ✅ Git commit: 6a1e8b73be2f8b286751a1f7266ebf74ac4a0787 [2026-04-30T15:33:27Z] Cycle 30: Cycle 31: Web research + hidden layering detection
[2026-04-30T15:33:27Z] [INFO] 
📊 CYCLE #31 SUMMARY
[2026-04-30T15:33:27Z] [INFO] ✅ Successful tasks: 7/7
[2026-04-30T15:33:27Z] [INFO] ⏱️  Cycle duration: 6.78s
[2026-04-30T15:33:27Z] [INFO]    ⚠️ task: result
[2026-04-30T15:33:27Z] [INFO]    ⚠️ task: result
[2026-04-30T15:33:27Z] [INFO]    ⚠️ task: result
[2026-04-30T15:33:27Z] [INFO]    ⚠️ task: result
[2026-04-30T15:33:27Z] [INFO]    ⚠️ task: result
[2026-04-30T15:33:27Z] [INFO]    ⚠️ task: result
[2026-04-30T15:33:27Z] [INFO]    ⚠️ task: result
[2026-04-30T15:33:27Z] [HEADER] ================================================================================
[2026-04-30T15:33:27Z] [INFO] 🔄 OVERNIGHT RESEARCH PIPELINE - CYCLE #32
[2026-04-30T15:33:27Z] [INFO] ================================================================================
[2026-04-30T15:33:27Z] [HEADER] ============================================================
[2026-04-30T15:33:27Z] [INFO] 🌙 STARTING OVERNIGHT RESEARCH CYCLE #32
[2026-04-30T15:33:27Z] [INFO] 🔍 Running overnight research protocol (web scraping + cross-symbol analysis)...
[2026-04-30T15:33:27Z] [INFO] 📊 Cycle duration: 0.03s, Files generated: 0
[2026-04-30T15:33:27Z] [WARNING] ⚠️ Database not initialized for cycle counting
[2026-04-30T15:33:27Z] [INFO] 💾 Database updated with cycle results
[2026-04-30T15:33:27Z] [SECTION] ============================================================
[2026-04-30T15:33:27Z] [INFO] 🔮 PHASE: HIDDEN LAYERING DETECTION
[2026-04-30T15:33:27Z] [INFO] 🔗 Hidden layering detection complete. Connections identified: 2
[2026-04-30T15:33:27Z] [SECTION] ============================================================
[2026-04-30T15:33:27Z] [INFO] 🔬 PHASE: DOMAIN CORRELATION ANALYSIS
[2026-04-30T15:33:27Z] [INFO] 📊 Domain correlation matrices created: 2
[2026-04-30T15:33:27Z] [SECTION] ============================================================
[2026-04-30T15:33:27Z] [INFO] 🖼️  PHASE: IMAGE-SEED ANALYSIS
[2026-04-30T15:33:27Z] [INFO] 📂 Image seed analysis bootstrapping from 0 images...
[2026-04-30T15:33:27Z] [SECTION] ============================================================
[2026-04-30T15:33:27Z] [INFO] 📤 PHASE: PUSH COMPONENTS TO TOLARIA
[2026-04-30T15:33:28Z] [INFO] 📦 Components pushed to Tolaria: 5
[2026-04-30T15:33:28Z] [SECTION] ============================================================
[2026-04-30T15:33:28Z] [INFO] 🧩 PHASE: COMPOSER - DOMAIN INTEGRATION SYNTHESIS
[2026-04-30T15:33:28Z] [INFO] 🎨 Domain integrations synthesized: 0
[2026-04-30T15:33:28Z] [SECTION] ============================================================
[2026-04-30T15:33:28Z] [INFO] 🚀 PHASE: ADVANCED OVERNIGHT LOOP
[2026-04-30T15:33:34Z] [INFO] 🔬 Advanced loop completed cycles: 0
[2026-04-30T15:33:34Z] [COMMIT] ✅ Git commit: 541914c0f2e8991dd9228d1ba11098ab28dc25b6 [2026-04-30T15:33:34Z] Cycle 31: Cycle 32: Web research + hidden layering detection
[2026-04-30T15:33:34Z] [INFO] 
📊 CYCLE #32 SUMMARY
[2026-04-30T15:33:34Z] [INFO] ✅ Successful tasks: 7/7
[2026-04-30T15:33:34Z] [INFO] ⏱️  Cycle duration: 6.27s
[2026-04-30T15:33:34Z] [INFO]    ⚠️ task: result
[2026-04-30T15:33:34Z] [INFO]    ⚠️ task: result
[2026-04-30T15:33:34Z] [INFO]    ⚠️ task: result
[2026-04-30T15:33:34Z] [INFO]    ⚠️ task: result
[2026-04-30T15:33:34Z] [INFO]    ⚠️ task: result
[2026-04-30T15:33:34Z] [INFO]    ⚠️ task: result
[2026-04-30T15:33:34Z] [INFO]    ⚠️ task: result
[2026-04-30T15:33:34Z] [HEADER] ================================================================================
[2026-04-30T15:33:34Z] [INFO] 🔄 OVERNIGHT RESEARCH PIPELINE - CYCLE #33
[2026-04-30T15:33:34Z] [INFO] ================================================================================
[2026-04-30T15:33:34Z] [HEADER] ============================================================
[2026-04-30T15:33:34Z] [INFO] 🌙 STARTING OVERNIGHT RESEARCH CYCLE #33
[2026-04-30T15:33:34Z] [INFO] 🔍 Running overnight research protocol (web scraping + cross-symbol analysis)...
[2026-04-30T15:33:34Z] [INFO] 📊 Cycle duration: 0.03s, Files generated: 0
[2026-04-30T15:33:34Z] [WARNING] ⚠️ Database not initialized for cycle counting
[2026-04-30T15:33:34Z] [INFO] 💾 Database updated with cycle results
[2026-04-30T15:33:34Z] [SECTION] ============================================================
[2026-04-30T15:33:34Z] [INFO] 🔮 PHASE: HIDDEN LAYERING DETECTION
[2026-04-30T15:33:34Z] [INFO] 🔗 Hidden layering detection complete. Connections identified: 2
[2026-04-30T15:33:34Z] [SECTION] ============================================================
[2026-04-30T15:33:34Z] [INFO] 🔬 PHASE: DOMAIN CORRELATION ANALYSIS
[2026-04-30T15:33:34Z] [INFO] 📊 Domain correlation matrices created: 2
[2026-04-30T15:33:34Z] [SECTION] ============================================================
[2026-04-30T15:33:34Z] [INFO] 🖼️  PHASE: IMAGE-SEED ANALYSIS
[2026-04-30T15:33:34Z] [INFO] 📂 Image seed analysis bootstrapping from 0 images...
[2026-04-30T15:33:34Z] [SECTION] ============================================================
[2026-04-30T15:33:34Z] [INFO] 📤 PHASE: PUSH COMPONENTS TO TOLARIA
[2026-04-30T15:33:35Z] [INFO] 📦 Components pushed to Tolaria: 5
[2026-04-30T15:33:35Z] [SECTION] ============================================================
[2026-04-30T15:33:35Z] [INFO] 🧩 PHASE: COMPOSER - DOMAIN INTEGRATION SYNTHESIS
[2026-04-30T15:33:35Z] [INFO] 🎨 Domain integrations synthesized: 0
[2026-04-30T15:33:35Z] [SECTION] ============================================================
[2026-04-30T15:33:35Z] [INFO] 🚀 PHASE: ADVANCED OVERNIGHT LOOP
[2026-04-30T15:33:40Z] [INFO] 🔬 Advanced loop completed cycles: 0
[2026-04-30T15:33:40Z] [WARNING] ⚠️  Git commit skipped or failed (git not initialized?): Command '['git', '-C', '/home/avalonas/.hermes/gematria/unified_overnight_research', 'add', '.']' returned non-zero exit status 128.
[2026-04-30T15:33:40Z] [INFO] 
📊 CYCLE #33 SUMMARY
[2026-04-30T15:33:40Z] [INFO] ✅ Successful tasks: 7/7
[2026-04-30T15:33:40Z] [INFO] ⏱️  Cycle duration: 6.30s
[2026-04-30T15:33:40Z] [INFO]    ⚠️ task: result
[2026-04-30T15:33:40Z] [INFO]    ⚠️ task: result
[2026-04-30T15:33:40Z] [INFO]    ⚠️ task: result
[2026-04-30T15:33:40Z] [INFO]    ⚠️ task: result
[2026-04-30T15:33:40Z] [INFO]    ⚠️ task: result
[2026-04-30T15:33:40Z] [INFO]    ⚠️ task: result
[2026-04-30T15:33:40Z] [INFO]    ⚠️ task: result
[2026-04-30T15:33:40Z] [HEADER] ================================================================================
[2026-04-30T15:33:40Z] [INFO] 🔄 OVERNIGHT RESEARCH PIPELINE - CYCLE #34
[2026-04-30T15:33:40Z] [INFO] ================================================================================
[2026-04-30T15:33:40Z] [HEADER] ============================================================
[2026-04-30T15:33:40Z] [INFO] 🌙 STARTING OVERNIGHT RESEARCH CYCLE #34
[2026-04-30T15:33:40Z] [INFO] 🔍 Running overnight research protocol (web scraping + cross-symbol analysis)...
[2026-04-30T15:33:40Z] [INFO] 📊 Cycle duration: 0.02s, Files generated: 0
[2026-04-30T15:33:40Z] [WARNING] ⚠️ Database not initialized for cycle counting
[2026-04-30T15:33:40Z] [INFO] 💾 Database updated with cycle results
[2026-04-30T15:33:40Z] [SECTION] ============================================================
[2026-04-30T15:33:40Z] [INFO] 🔮 PHASE: HIDDEN LAYERING DETECTION
[2026-04-30T15:33:40Z] [INFO] 🔗 Hidden layering detection complete. Connections identified: 2
[2026-04-30T15:33:40Z] [SECTION] ============================================================
[2026-04-30T15:33:40Z] [INFO] 🔬 PHASE: DOMAIN CORRELATION ANALYSIS
[2026-04-30T15:33:40Z] [INFO] 📊 Domain correlation matrices created: 2
[2026-04-30T15:33:40Z] [SECTION] ============================================================
[2026-04-30T15:33:40Z] [INFO] 🖼️  PHASE: IMAGE-SEED ANALYSIS
[2026-04-30T15:33:40Z] [INFO] 📂 Image seed analysis bootstrapping from 0 images...
[2026-04-30T15:33:40Z] [SECTION] ============================================================
[2026-04-30T15:33:40Z] [INFO] 📤 PHASE: PUSH COMPONENTS TO TOLARIA
[2026-04-30T15:33:41Z] [INFO] 📦 Components pushed to Tolaria: 5
[2026-04-30T15:33:41Z] [SECTION] ============================================================
[2026-04-30T15:33:41Z] [INFO] 🧩 PHASE: COMPOSER - DOMAIN INTEGRATION SYNTHESIS
[2026-04-30T15:33:41Z] [INFO] 🎨 Domain integrations synthesized: 0
[2026-04-30T15:33:41Z] [SECTION] ============================================================
[2026-04-30T15:33:41Z] [INFO] 🚀 PHASE: ADVANCED OVERNIGHT LOOP
[2026-04-30T15:33:46Z] [INFO] 🔬 Advanced loop completed cycles: 0
[2026-04-30T15:33:46Z] [WARNING] ⚠️  Git commit skipped or failed (git not initialized?): Command '['git', '-C', '/home/avalonas/.hermes/gematria/unified_overnight_research', 'add', '.']' returned non-zero exit status 128.
[2026-04-30T15:33:46Z] [INFO] 
📊 CYCLE #34 SUMMARY
[2026-04-30T15:33:46Z] [INFO] ✅ Successful tasks: 7/7
[2026-04-30T15:33:46Z] [INFO] ⏱️  Cycle duration: 6.10s
[2026-04-30T15:33:46Z] [INFO]    ⚠️ task: result
[2026-04-30T15:33:46Z] [INFO]    ⚠️ task: result
[2026-04-30T15:33:46Z] [INFO]    ⚠️ task: result
[2026-04-30T15:33:46Z] [INFO]    ⚠️ task: result
[2026-04-30T15:33:46Z] [INFO]    ⚠️ task: result
[2026-04-30T15:33:46Z] [INFO]    ⚠️ task: result
[2026-04-30T15:33:46Z] [INFO]    ⚠️ task: result
[2026-04-30T15:33:46Z] [HEADER] ================================================================================
[2026-04-30T15:33:46Z] [INFO] 🔄 OVERNIGHT RESEARCH PIPELINE - CYCLE #35
[2026-04-30T15:33:46Z] [INFO] ================================================================================
[2026-04-30T15:33:46Z] [HEADER] ============================================================
[2026-04-30T15:33:46Z] [INFO] 🌙 STARTING OVERNIGHT RESEARCH CYCLE #35
[2026-04-30T15:33:46Z] [INFO] 🔍 Running overnight research protocol (web scraping + cross-symbol analysis)...
[2026-04-30T15:33:46Z] [INFO] 📊 Cycle duration: 0.03s, Files generated: 0
[2026-04-30T15:33:46Z] [WARNING] ⚠️ Database not initialized for cycle counting
[2026-04-30T15:33:46Z] [INFO] 💾 Database updated with cycle results
[2026-04-30T15:33:46Z] [SECTION] ============================================================
[2026-04-30T15:33:46Z] [INFO] 🔮 PHASE: HIDDEN LAYERING DETECTION
[2026-04-30T15:33:46Z] [INFO] 🔗 Hidden layering detection complete. Connections identified: 2
[2026-04-30T15:33:46Z] [SECTION] ============================================================
[2026-04-30T15:33:46Z] [INFO] 🔬 PHASE: DOMAIN CORRELATION ANALYSIS
[2026-04-30T15:33:46Z] [INFO] 📊 Domain correlation matrices created: 2
[2026-04-30T15:33:46Z] [SECTION] ============================================================
[2026-04-30T15:33:46Z] [INFO] 🖼️  PHASE: IMAGE-SEED ANALYSIS
[2026-04-30T15:33:46Z] [INFO] 📂 Image seed analysis bootstrapping from 0 images...
[2026-04-30T15:33:46Z] [SECTION] ============================================================
[2026-04-30T15:33:46Z] [INFO] 📤 PHASE: PUSH COMPONENTS TO TOLARIA
[2026-04-30T15:33:47Z] [INFO] 📦 Components pushed to Tolaria: 5
[2026-04-30T15:33:47Z] [SECTION] ============================================================
[2026-04-30T15:33:47Z] [INFO] 🧩 PHASE: COMPOSER - DOMAIN INTEGRATION SYNTHESIS
[2026-04-30T15:33:47Z] [INFO] 🎨 Domain integrations synthesized: 0
[2026-04-30T15:33:47Z] [SECTION] ============================================================
[2026-04-30T15:33:47Z] [INFO] 🚀 PHASE: ADVANCED OVERNIGHT LOOP
[2026-04-30T15:33:52Z] [INFO] 🔬 Advanced loop completed cycles: 0
[2026-04-30T15:33:52Z] [WARNING] ⚠️  Git commit skipped or failed (git not initialized?): Command '['git', '-C', '/home/avalonas/.hermes/gematria/unified_overnight_research', 'add', '.']' returned non-zero exit status 128.
[2026-04-30T15:33:52Z] [INFO] 
📊 CYCLE #35 SUMMARY
[2026-04-30T15:33:52Z] [INFO] ✅ Successful tasks: 7/7
[2026-04-30T15:33:52Z] [INFO] ⏱️  Cycle duration: 6.14s
[2026-04-30T15:33:52Z] [INFO]    ⚠️ task: result
[2026-04-30T15:33:52Z] [INFO]    ⚠️ task: result
[2026-04-30T15:33:52Z] [INFO]    ⚠️ task: result
[2026-04-30T15:33:52Z] [INFO]    ⚠️ task: result
[2026-04-30T15:33:52Z] [INFO]    ⚠️ task: result
[2026-04-30T15:33:52Z] [INFO]    ⚠️ task: result
[2026-04-30T15:33:52Z] [INFO]    ⚠️ task: result
[2026-04-30T15:33:52Z] [HEADER] ================================================================================
[2026-04-30T15:33:52Z] [INFO] 🔄 OVERNIGHT RESEARCH PIPELINE - CYCLE #36
[2026-04-30T15:33:52Z] [INFO] ================================================================================
[2026-04-30T15:33:52Z] [HEADER] ============================================================
[2026-04-30T15:33:52Z] [INFO] 🌙 STARTING OVERNIGHT RESEARCH CYCLE #36
[2026-04-30T15:33:52Z] [INFO] 🔍 Running overnight research protocol (web scraping + cross-symbol analysis)...
[2026-04-30T15:33:52Z] [INFO] 📊 Cycle duration: 0.03s, Files generated: 0
[2026-04-30T15:33:52Z] [WARNING] ⚠️ Database not initialized for cycle counting
[2026-04-30T15:33:52Z] [INFO] 💾 Database updated with cycle results
[2026-04-30T15:33:52Z] [SECTION] ============================================================
[2026-04-30T15:33:52Z] [INFO] 🔮 PHASE: HIDDEN LAYERING DETECTION
[2026-04-30T15:33:52Z] [INFO] 🔗 Hidden layering detection complete. Connections identified: 2
[2026-04-30T15:33:52Z] [SECTION] ============================================================
[2026-04-30T15:33:52Z] [INFO] 🔬 PHASE: DOMAIN CORRELATION ANALYSIS
[2026-04-30T15:33:52Z] [INFO] 📊 Domain correlation matrices created: 2
[2026-04-30T15:33:52Z] [SECTION] ============================================================
[2026-04-30T15:33:52Z] [INFO] 🖼️  PHASE: IMAGE-SEED ANALYSIS
[2026-04-30T15:33:52Z] [INFO] 📂 Image seed analysis bootstrapping from 0 images...
[2026-04-30T15:33:52Z] [SECTION] ============================================================
[2026-04-30T15:33:52Z] [INFO] 📤 PHASE: PUSH COMPONENTS TO TOLARIA
[2026-04-30T15:33:53Z] [INFO] 📦 Components pushed to Tolaria: 5
[2026-04-30T15:33:53Z] [SECTION] ============================================================
[2026-04-30T15:33:53Z] [INFO] 🧩 PHASE: COMPOSER - DOMAIN INTEGRATION SYNTHESIS
[2026-04-30T15:33:53Z] [INFO] 🎨 Domain integrations synthesized: 0
[2026-04-30T15:33:53Z] [SECTION] ============================================================
[2026-04-30T15:33:53Z] [INFO] 🚀 PHASE: ADVANCED OVERNIGHT LOOP
[2026-04-30T15:33:59Z] [INFO] 🔬 Advanced loop completed cycles: 0
[2026-04-30T15:33:59Z] [WARNING] ⚠️  Git commit skipped or failed (git not initialized?): Command '['git', '-C', '/home/avalonas/.hermes/gematria/unified_overnight_research', 'add', '.']' returned non-zero exit status 128.
[2026-04-30T15:33:59Z] [INFO] 
📊 CYCLE #36 SUMMARY
[2026-04-30T15:33:59Z] [INFO] ✅ Successful tasks: 7/7
[2026-04-30T15:33:59Z] [INFO] ⏱️  Cycle duration: 6.36s
[2026-04-30T15:33:59Z] [INFO]    ⚠️ task: result
[2026-04-30T15:33:59Z] [INFO]    ⚠️ task: result
[2026-04-30T15:33:59Z] [INFO]    ⚠️ task: result
[2026-04-30T15:33:59Z] [INFO]    ⚠️ task: result
[2026-04-30T15:33:59Z] [INFO]    ⚠️ task: result
[2026-04-30T15:33:59Z] [INFO]    ⚠️ task: result
[2026-04-30T15:33:59Z] [INFO]    ⚠️ task: result
[2026-04-30T15:33:59Z] [HEADER] ================================================================================
[2026-04-30T15:33:59Z] [INFO] 🔄 OVERNIGHT RESEARCH PIPELINE - CYCLE #37
[2026-04-30T15:33:59Z] [INFO] ================================================================================
[2026-04-30T15:33:59Z] [HEADER] ============================================================
[2026-04-30T15:33:59Z] [INFO] 🌙 STARTING OVERNIGHT RESEARCH CYCLE #37
[2026-04-30T15:33:59Z] [INFO] 🔍 Running overnight research protocol (web scraping + cross-symbol analysis)...
[2026-04-30T15:33:59Z] [INFO] 📊 Cycle duration: 0.03s, Files generated: 0
[2026-04-30T15:33:59Z] [WARNING] ⚠️ Database not initialized for cycle counting
[2026-04-30T15:33:59Z] [INFO] 💾 Database updated with cycle results
[2026-04-30T15:33:59Z] [SECTION] ============================================================
[2026-04-30T15:33:59Z] [INFO] 🔮 PHASE: HIDDEN LAYERING DETECTION
[2026-04-30T15:33:59Z] [INFO] 🔗 Hidden layering detection complete. Connections identified: 2
[2026-04-30T15:33:59Z] [SECTION] ============================================================
[2026-04-30T15:33:59Z] [INFO] 🔬 PHASE: DOMAIN CORRELATION ANALYSIS
[2026-04-30T15:33:59Z] [INFO] 📊 Domain correlation matrices created: 2
[2026-04-30T15:33:59Z] [SECTION] ============================================================
[2026-04-30T15:33:59Z] [INFO] 🖼️  PHASE: IMAGE-SEED ANALYSIS
[2026-04-30T15:33:59Z] [INFO] 📂 Image seed analysis bootstrapping from 0 images...
[2026-04-30T15:33:59Z] [SECTION] ============================================================
[2026-04-30T15:33:59Z] [INFO] 📤 PHASE: PUSH COMPONENTS TO TOLARIA
[2026-04-30T15:33:59Z] [INFO] 📦 Components pushed to Tolaria: 5
[2026-04-30T15:33:59Z] [SECTION] ============================================================
[2026-04-30T15:33:59Z] [INFO] 🧩 PHASE: COMPOSER - DOMAIN INTEGRATION SYNTHESIS
[2026-04-30T15:33:59Z] [INFO] 🎨 Domain integrations synthesized: 0
[2026-04-30T15:33:59Z] [SECTION] ============================================================
[2026-04-30T15:33:59Z] [INFO] 🚀 PHASE: ADVANCED OVERNIGHT LOOP
[2026-04-30T15:34:05Z] [INFO] 🔬 Advanced loop completed cycles: 0
[2026-04-30T15:34:05Z] [COMMIT] ✅ Git commit: 3efb2444d9761e5d65ab61765e5d629dd6e2b872 [2026-04-30T15:34:05Z] Cycle 36: Cycle 37: Web research + hidden layering detection
[2026-04-30T15:34:05Z] [INFO] 
📊 CYCLE #37 SUMMARY
[2026-04-30T15:34:05Z] [INFO] ✅ Successful tasks: 7/7
[2026-04-30T15:34:05Z] [INFO] ⏱️  Cycle duration: 6.95s
[2026-04-30T15:34:05Z] [INFO]    ⚠️ task: result
[2026-04-30T15:34:05Z] [INFO]    ⚠️ task: result
[2026-04-30T15:34:05Z] [INFO]    ⚠️ task: result
[2026-04-30T15:34:05Z] [INFO]    ⚠️ task: result
[2026-04-30T15:34:05Z] [INFO]    ⚠️ task: result
[2026-04-30T15:34:05Z] [INFO]    ⚠️ task: result
[2026-04-30T15:34:05Z] [INFO]    ⚠️ task: result
[2026-04-30T15:34:05Z] [HEADER] ================================================================================
[2026-04-30T15:34:05Z] [INFO] 🔄 OVERNIGHT RESEARCH PIPELINE - CYCLE #38
[2026-04-30T15:34:05Z] [INFO] ================================================================================
[2026-04-30T15:34:05Z] [HEADER] ============================================================
[2026-04-30T15:34:05Z] [INFO] 🌙 STARTING OVERNIGHT RESEARCH CYCLE #38
[2026-04-30T15:34:05Z] [INFO] 🔍 Running overnight research protocol (web scraping + cross-symbol analysis)...
[2026-04-30T15:34:06Z] [INFO] 📊 Cycle duration: 0.03s, Files generated: 0
[2026-04-30T15:34:06Z] [WARNING] ⚠️ Database not initialized for cycle counting
[2026-04-30T15:34:06Z] [INFO] 💾 Database updated with cycle results
[2026-04-30T15:34:06Z] [SECTION] ============================================================
[2026-04-30T15:34:06Z] [INFO] 🔮 PHASE: HIDDEN LAYERING DETECTION
[2026-04-30T15:34:06Z] [INFO] 🔗 Hidden layering detection complete. Connections identified: 2
[2026-04-30T15:34:06Z] [SECTION] ============================================================
[2026-04-30T15:34:06Z] [INFO] 🔬 PHASE: DOMAIN CORRELATION ANALYSIS
[2026-04-30T15:34:06Z] [INFO] 📊 Domain correlation matrices created: 2
[2026-04-30T15:34:06Z] [SECTION] ============================================================
[2026-04-30T15:34:06Z] [INFO] 🖼️  PHASE: IMAGE-SEED ANALYSIS
[2026-04-30T15:34:06Z] [INFO] 📂 Image seed analysis bootstrapping from 0 images...
[2026-04-30T15:34:06Z] [SECTION] ============================================================
[2026-04-30T15:34:06Z] [INFO] 📤 PHASE: PUSH COMPONENTS TO TOLARIA
[2026-04-30T15:34:08Z] [INFO] 📦 Components pushed to Tolaria: 5
[2026-04-30T15:34:08Z] [SECTION] ============================================================
[2026-04-30T15:34:08Z] [INFO] 🧩 PHASE: COMPOSER - DOMAIN INTEGRATION SYNTHESIS
[2026-04-30T15:34:08Z] [INFO] 🎨 Domain integrations synthesized: 0
[2026-04-30T15:34:08Z] [SECTION] ============================================================
[2026-04-30T15:34:08Z] [INFO] 🚀 PHASE: ADVANCED OVERNIGHT LOOP
[2026-04-30T15:34:13Z] [INFO] 🔬 Advanced loop completed cycles: 0
[2026-04-30T15:34:13Z] [WARNING] ⚠️  Git commit skipped or failed (git not initialized?): Command '['git', '-C', '/home/avalonas/.hermes/gematria/unified_overnight_research', 'add', '.']' returned non-zero exit status 128.
[2026-04-30T15:34:13Z] [INFO] 
📊 CYCLE #38 SUMMARY
[2026-04-30T15:34:13Z] [INFO] ✅ Successful tasks: 7/7
[2026-04-30T15:34:13Z] [INFO] ⏱️  Cycle duration: 7.42s
[2026-04-30T15:34:13Z] [INFO]    ⚠️ task: result
[2026-04-30T15:34:13Z] [INFO]    ⚠️ task: result
[2026-04-30T15:34:13Z] [INFO]    ⚠️ task: result
[2026-04-30T15:34:13Z] [INFO]    ⚠️ task: result
[2026-04-30T15:34:13Z] [INFO]    ⚠️ task: result
[2026-04-30T15:34:13Z] [INFO]    ⚠️ task: result
[2026-04-30T15:34:13Z] [INFO]    ⚠️ task: result
[2026-04-30T15:34:13Z] [HEADER] ================================================================================
[2026-04-30T15:34:13Z] [INFO] 🔄 OVERNIGHT RESEARCH PIPELINE - CYCLE #39
[2026-04-30T15:34:13Z] [INFO] ================================================================================
[2026-04-30T15:34:13Z] [HEADER] ============================================================
[2026-04-30T15:34:13Z] [INFO] 🌙 STARTING OVERNIGHT RESEARCH CYCLE #39
[2026-04-30T15:34:13Z] [INFO] 🔍 Running overnight research protocol (web scraping + cross-symbol analysis)...
[2026-04-30T15:34:13Z] [INFO] 📊 Cycle duration: 0.03s, Files generated: 0
[2026-04-30T15:34:13Z] [WARNING] ⚠️ Database not initialized for cycle counting
[2026-04-30T15:34:13Z] [INFO] 💾 Database updated with cycle results
[2026-04-30T15:34:13Z] [SECTION] ============================================================
[2026-04-30T15:34:13Z] [INFO] 🔮 PHASE: HIDDEN LAYERING DETECTION
[2026-04-30T15:34:13Z] [INFO] 🔗 Hidden layering detection complete. Connections identified: 2
[2026-04-30T15:34:13Z] [SECTION] ============================================================
[2026-04-30T15:34:13Z] [INFO] 🔬 PHASE: DOMAIN CORRELATION ANALYSIS
[2026-04-30T15:34:13Z] [INFO] 📊 Domain correlation matrices created: 2
[2026-04-30T15:34:13Z] [SECTION] ============================================================
[2026-04-30T15:34:13Z] [INFO] 🖼️  PHASE: IMAGE-SEED ANALYSIS
[2026-04-30T15:34:13Z] [INFO] 📂 Image seed analysis bootstrapping from 0 images...
[2026-04-30T15:34:13Z] [SECTION] ============================================================
[2026-04-30T15:34:13Z] [INFO] 📤 PHASE: PUSH COMPONENTS TO TOLARIA
[2026-04-30T15:34:14Z] [INFO] 📦 Components pushed to Tolaria: 5
[2026-04-30T15:34:14Z] [SECTION] ============================================================
[2026-04-30T15:34:14Z] [INFO] 🧩 PHASE: COMPOSER - DOMAIN INTEGRATION SYNTHESIS
[2026-04-30T15:34:14Z] [INFO] 🎨 Domain integrations synthesized: 0
[2026-04-30T15:34:14Z] [SECTION] ============================================================
[2026-04-30T15:34:14Z] [INFO] 🚀 PHASE: ADVANCED OVERNIGHT LOOP
[2026-04-30T15:34:19Z] [INFO] 🔬 Advanced loop completed cycles: 0
[2026-04-30T15:34:19Z] [WARNING] ⚠️  Git commit skipped or failed (git not initialized?): Command '['git', '-C', '/home/avalonas/.hermes/gematria/unified_overnight_research', 'add', '.']' returned non-zero exit status 128.
[2026-04-30T15:34:19Z] [INFO] 
📊 CYCLE #39 SUMMARY
[2026-04-30T15:34:19Z] [INFO] ✅ Successful tasks: 7/7
[2026-04-30T15:34:19Z] [INFO] ⏱️  Cycle duration: 6.10s
[2026-04-30T15:34:19Z] [INFO]    ⚠️ task: result
[2026-04-30T15:34:19Z] [INFO]    ⚠️ task: result
[2026-04-30T15:34:19Z] [INFO]    ⚠️ task: result
[2026-04-30T15:34:19Z] [INFO]    ⚠️ task: result
[2026-04-30T15:34:19Z] [INFO]    ⚠️ task: result
[2026-04-30T15:34:19Z] [INFO]    ⚠️ task: result
[2026-04-30T15:34:19Z] [INFO]    ⚠️ task: result
[2026-04-30T15:34:19Z] [HEADER] ================================================================================
[2026-04-30T15:34:19Z] [INFO] 🔄 OVERNIGHT RESEARCH PIPELINE - CYCLE #40
[2026-04-30T15:34:19Z] [INFO] ================================================================================
[2026-04-30T15:34:19Z] [HEADER] ============================================================
[2026-04-30T15:34:19Z] [INFO] 🌙 STARTING OVERNIGHT RESEARCH CYCLE #40
[2026-04-30T15:34:19Z] [INFO] 🔍 Running overnight research protocol (web scraping + cross-symbol analysis)...
[2026-04-30T15:34:19Z] [INFO] 📊 Cycle duration: 0.04s, Files generated: 0
[2026-04-30T15:34:19Z] [WARNING] ⚠️ Database not initialized for cycle counting
[2026-04-30T15:34:19Z] [INFO] 💾 Database updated with cycle results
[2026-04-30T15:34:19Z] [SECTION] ============================================================
[2026-04-30T15:34:19Z] [INFO] 🔮 PHASE: HIDDEN LAYERING DETECTION
[2026-04-30T15:34:19Z] [INFO] 🔗 Hidden layering detection complete. Connections identified: 2
[2026-04-30T15:34:19Z] [SECTION] ============================================================
[2026-04-30T15:34:19Z] [INFO] 🔬 PHASE: DOMAIN CORRELATION ANALYSIS
[2026-04-30T15:34:19Z] [INFO] 📊 Domain correlation matrices created: 2
[2026-04-30T15:34:19Z] [SECTION] ============================================================
[2026-04-30T15:34:19Z] [INFO] 🖼️  PHASE: IMAGE-SEED ANALYSIS
[2026-04-30T15:34:19Z] [INFO] 📂 Image seed analysis bootstrapping from 0 images...
[2026-04-30T15:34:19Z] [SECTION] ============================================================
[2026-04-30T15:34:19Z] [INFO] 📤 PHASE: PUSH COMPONENTS TO TOLARIA
[2026-04-30T15:34:20Z] [INFO] 📦 Components pushed to Tolaria: 5
[2026-04-30T15:34:20Z] [SECTION] ============================================================
[2026-04-30T15:34:20Z] [INFO] 🧩 PHASE: COMPOSER - DOMAIN INTEGRATION SYNTHESIS
[2026-04-30T15:34:20Z] [INFO] 🎨 Domain integrations synthesized: 0
[2026-04-30T15:34:20Z] [SECTION] ============================================================
[2026-04-30T15:34:20Z] [INFO] 🚀 PHASE: ADVANCED OVERNIGHT LOOP
[2026-04-30T15:34:25Z] [INFO] 🔬 Advanced loop completed cycles: 0
[2026-04-30T15:34:25Z] [WARNING] ⚠️  Git commit skipped or failed (git not initialized?): Command '['git', '-C', '/home/avalonas/.hermes/gematria/unified_overnight_research', 'add', '.']' returned non-zero exit status 128.
[2026-04-30T15:34:25Z] [INFO] 
📊 CYCLE #40 SUMMARY
[2026-04-30T15:34:25Z] [INFO] ✅ Successful tasks: 7/7
[2026-04-30T15:34:25Z] [INFO] ⏱️  Cycle duration: 6.30s
[2026-04-30T15:34:25Z] [INFO]    ⚠️ task: result
[2026-04-30T15:34:25Z] [INFO]    ⚠️ task: result
[2026-04-30T15:34:25Z] [INFO]    ⚠️ task: result
[2026-04-30T15:34:25Z] [INFO]    ⚠️ task: result
[2026-04-30T15:34:25Z] [INFO]    ⚠️ task: result
[2026-04-30T15:34:25Z] [INFO]    ⚠️ task: result
[2026-04-30T15:34:25Z] [INFO]    ⚠️ task: result
[2026-04-30T15:34:25Z] [HEADER] ================================================================================
[2026-04-30T15:34:25Z] [INFO] 🔄 OVERNIGHT RESEARCH PIPELINE - CYCLE #41
[2026-04-30T15:34:25Z] [INFO] ================================================================================
[2026-04-30T15:34:25Z] [HEADER] ============================================================
[2026-04-30T15:34:25Z] [INFO] 🌙 STARTING OVERNIGHT RESEARCH CYCLE #41
[2026-04-30T15:34:25Z] [INFO] 🔍 Running overnight research protocol (web scraping + cross-symbol analysis)...
[2026-04-30T15:34:25Z] [INFO] 📊 Cycle duration: 0.03s, Files generated: 0
[2026-04-30T15:34:25Z] [WARNING] ⚠️ Database not initialized for cycle counting
[2026-04-30T15:34:25Z] [INFO] 💾 Database updated with cycle results
[2026-04-30T15:34:25Z] [SECTION] ============================================================
[2026-04-30T15:34:25Z] [INFO] 🔮 PHASE: HIDDEN LAYERING DETECTION
[2026-04-30T15:34:25Z] [INFO] 🔗 Hidden layering detection complete. Connections identified: 2
[2026-04-30T15:34:25Z] [SECTION] ============================================================
[2026-04-30T15:34:25Z] [INFO] 🔬 PHASE: DOMAIN CORRELATION ANALYSIS
[2026-04-30T15:34:25Z] [INFO] 📊 Domain correlation matrices created: 2
[2026-04-30T15:34:25Z] [SECTION] ============================================================
[2026-04-30T15:34:25Z] [INFO] 🖼️  PHASE: IMAGE-SEED ANALYSIS
[2026-04-30T15:34:25Z] [INFO] 📂 Image seed analysis bootstrapping from 0 images...
[2026-04-30T15:34:25Z] [SECTION] ============================================================
[2026-04-30T15:34:25Z] [INFO] 📤 PHASE: PUSH COMPONENTS TO TOLARIA
[2026-04-30T15:34:26Z] [INFO] 📦 Components pushed to Tolaria: 5
[2026-04-30T15:34:26Z] [SECTION] ============================================================
[2026-04-30T15:34:26Z] [INFO] 🧩 PHASE: COMPOSER - DOMAIN INTEGRATION SYNTHESIS
[2026-04-30T15:34:26Z] [INFO] 🎨 Domain integrations synthesized: 0
[2026-04-30T15:34:26Z] [SECTION] ============================================================
[2026-04-30T15:34:26Z] [INFO] 🚀 PHASE: ADVANCED OVERNIGHT LOOP
[2026-04-30T15:34:32Z] [INFO] 🔬 Advanced loop completed cycles: 0
[2026-04-30T15:34:33Z] [WARNING] ⚠️  Git commit skipped or failed (git not initialized?): Command '['git', '-C', '/home/avalonas/.hermes/gematria/unified_overnight_research', 'commit', '-m', '[2026-04-30T15:34:33Z] Cycle 40: Cycle 41: Web research + hidden layering detection']' returned non-zero exit status 128.
[2026-04-30T15:34:33Z] [INFO] 
📊 CYCLE #41 SUMMARY
[2026-04-30T15:34:33Z] [INFO] ✅ Successful tasks: 7/7
[2026-04-30T15:34:33Z] [INFO] ⏱️  Cycle duration: 7.26s
[2026-04-30T15:34:33Z] [INFO]    ⚠️ task: result
[2026-04-30T15:34:33Z] [INFO]    ⚠️ task: result
[2026-04-30T15:34:33Z] [INFO]    ⚠️ task: result
[2026-04-30T15:34:33Z] [INFO]    ⚠️ task: result
[2026-04-30T15:34:33Z] [INFO]    ⚠️ task: result
[2026-04-30T15:34:33Z] [INFO]    ⚠️ task: result
[2026-04-30T15:34:33Z] [INFO]    ⚠️ task: result
[2026-04-30T15:34:33Z] [HEADER] ================================================================================
[2026-04-30T15:34:33Z] [INFO] 🔄 OVERNIGHT RESEARCH PIPELINE - CYCLE #42
[2026-04-30T15:34:33Z] [INFO] ================================================================================
[2026-04-30T15:34:33Z] [HEADER] ============================================================
[2026-04-30T15:34:33Z] [INFO] 🌙 STARTING OVERNIGHT RESEARCH CYCLE #42
[2026-04-30T15:34:33Z] [INFO] 🔍 Running overnight research protocol (web scraping + cross-symbol analysis)...
[2026-04-30T15:34:33Z] [INFO] 📊 Cycle duration: 0.02s, Files generated: 0
[2026-04-30T15:34:33Z] [WARNING] ⚠️ Database not initialized for cycle counting
[2026-04-30T15:34:33Z] [INFO] 💾 Database updated with cycle results
[2026-04-30T15:34:33Z] [SECTION] ============================================================
[2026-04-30T15:34:33Z] [INFO] 🔮 PHASE: HIDDEN LAYERING DETECTION
[2026-04-30T15:34:33Z] [INFO] 🔗 Hidden layering detection complete. Connections identified: 2
[2026-04-30T15:34:33Z] [SECTION] ============================================================
[2026-04-30T15:34:33Z] [INFO] 🔬 PHASE: DOMAIN CORRELATION ANALYSIS
[2026-04-30T15:34:33Z] [INFO] 📊 Domain correlation matrices created: 2
[2026-04-30T15:34:33Z] [SECTION] ============================================================
[2026-04-30T15:34:33Z] [INFO] 🖼️  PHASE: IMAGE-SEED ANALYSIS
[2026-04-30T15:34:33Z] [INFO] 📂 Image seed analysis bootstrapping from 0 images...
[2026-04-30T15:34:33Z] [SECTION] ============================================================
[2026-04-30T15:34:33Z] [INFO] 📤 PHASE: PUSH COMPONENTS TO TOLARIA
[2026-04-30T15:34:33Z] [INFO] 📦 Components pushed to Tolaria: 5
[2026-04-30T15:34:33Z] [SECTION] ============================================================
[2026-04-30T15:34:33Z] [INFO] 🧩 PHASE: COMPOSER - DOMAIN INTEGRATION SYNTHESIS
[2026-04-30T15:34:33Z] [INFO] 🎨 Domain integrations synthesized: 0
[2026-04-30T15:34:33Z] [SECTION] ============================================================
[2026-04-30T15:34:33Z] [INFO] 🚀 PHASE: ADVANCED OVERNIGHT LOOP
[2026-04-30T15:34:39Z] [INFO] 🔬 Advanced loop completed cycles: 0
[2026-04-30T15:34:39Z] [WARNING] ⚠️  Git commit skipped or failed (git not initialized?): Command '['git', '-C', '/home/avalonas/.hermes/gematria/unified_overnight_research', 'add', '.']' returned non-zero exit status 128.
[2026-04-30T15:34:39Z] [INFO] 
📊 CYCLE #42 SUMMARY
[2026-04-30T15:34:39Z] [INFO] ✅ Successful tasks: 7/7
[2026-04-30T15:34:39Z] [INFO] ⏱️  Cycle duration: 6.04s
[2026-04-30T15:34:39Z] [INFO]    ⚠️ task: result
[2026-04-30T15:34:39Z] [INFO]    ⚠️ task: result
[2026-04-30T15:34:39Z] [INFO]    ⚠️ task: result
[2026-04-30T15:34:39Z] [INFO]    ⚠️ task: result
[2026-04-30T15:34:39Z] [INFO]    ⚠️ task: result
[2026-04-30T15:34:39Z] [INFO]    ⚠️ task: result
[2026-04-30T15:34:39Z] [INFO]    ⚠️ task: result
[2026-04-30T15:34:39Z] [HEADER] ================================================================================
[2026-04-30T15:34:39Z] [INFO] 🔄 OVERNIGHT RESEARCH PIPELINE - CYCLE #43
[2026-04-30T15:34:39Z] [INFO] ================================================================================
[2026-04-30T15:34:39Z] [HEADER] ============================================================
[2026-04-30T15:34:39Z] [INFO] 🌙 STARTING OVERNIGHT RESEARCH CYCLE #43
[2026-04-30T15:34:39Z] [INFO] 🔍 Running overnight research protocol (web scraping + cross-symbol analysis)...
[2026-04-30T15:34:39Z] [INFO] 📊 Cycle duration: 0.03s, Files generated: 0
[2026-04-30T15:34:39Z] [WARNING] ⚠️ Database not initialized for cycle counting
[2026-04-30T15:34:39Z] [INFO] 💾 Database updated with cycle results
[2026-04-30T15:34:39Z] [SECTION] ============================================================
[2026-04-30T15:34:39Z] [INFO] 🔮 PHASE: HIDDEN LAYERING DETECTION
[2026-04-30T15:34:39Z] [INFO] 🔗 Hidden layering detection complete. Connections identified: 2
[2026-04-30T15:34:39Z] [SECTION] ============================================================
[2026-04-30T15:34:39Z] [INFO] 🔬 PHASE: DOMAIN CORRELATION ANALYSIS
[2026-04-30T15:34:39Z] [INFO] 📊 Domain correlation matrices created: 2
[2026-04-30T15:34:39Z] [SECTION] ============================================================
[2026-04-30T15:34:39Z] [INFO] 🖼️  PHASE: IMAGE-SEED ANALYSIS
[2026-04-30T15:34:39Z] [INFO] 📂 Image seed analysis bootstrapping from 0 images...
[2026-04-30T15:34:39Z] [SECTION] ============================================================
[2026-04-30T15:34:39Z] [INFO] 📤 PHASE: PUSH COMPONENTS TO TOLARIA
[2026-04-30T15:34:39Z] [INFO] 📦 Components pushed to Tolaria: 5
[2026-04-30T15:34:39Z] [SECTION] ============================================================
[2026-04-30T15:34:39Z] [INFO] 🧩 PHASE: COMPOSER - DOMAIN INTEGRATION SYNTHESIS
[2026-04-30T15:34:40Z] [INFO] 🎨 Domain integrations synthesized: 0
[2026-04-30T15:34:40Z] [SECTION] ============================================================
[2026-04-30T15:34:40Z] [INFO] 🚀 PHASE: ADVANCED OVERNIGHT LOOP
[2026-04-30T15:34:45Z] [INFO] 🔬 Advanced loop completed cycles: 0
[2026-04-30T15:34:45Z] [WARNING] ⚠️  Git commit skipped or failed (git not initialized?): Command '['git', '-C', '/home/avalonas/.hermes/gematria/unified_overnight_research', 'add', '.']' returned non-zero exit status 128.
[2026-04-30T15:34:45Z] [INFO] 
📊 CYCLE #43 SUMMARY
[2026-04-30T15:34:45Z] [INFO] ✅ Successful tasks: 7/7
[2026-04-30T15:34:45Z] [INFO] ⏱️  Cycle duration: 6.21s
[2026-04-30T15:34:45Z] [INFO]    ⚠️ task: result
[2026-04-30T15:34:45Z] [INFO]    ⚠️ task: result
[2026-04-30T15:34:45Z] [INFO]    ⚠️ task: result
[2026-04-30T15:34:45Z] [INFO]    ⚠️ task: result
[2026-04-30T15:34:45Z] [INFO]    ⚠️ task: result
[2026-04-30T15:34:45Z] [INFO]    ⚠️ task: result
[2026-04-30T15:34:45Z] [INFO]    ⚠️ task: result
[2026-04-30T15:34:45Z] [HEADER] ================================================================================
[2026-04-30T15:34:45Z] [INFO] 🔄 OVERNIGHT RESEARCH PIPELINE - CYCLE #44
[2026-04-30T15:34:45Z] [INFO] ================================================================================
[2026-04-30T15:34:45Z] [HEADER] ============================================================
[2026-04-30T15:34:45Z] [INFO] 🌙 STARTING OVERNIGHT RESEARCH CYCLE #44
[2026-04-30T15:34:45Z] [INFO] 🔍 Running overnight research protocol (web scraping + cross-symbol analysis)...
[2026-04-30T15:34:45Z] [INFO] 📊 Cycle duration: 0.03s, Files generated: 0
[2026-04-30T15:34:45Z] [WARNING] ⚠️ Database not initialized for cycle counting
[2026-04-30T15:34:45Z] [INFO] 💾 Database updated with cycle results
[2026-04-30T15:34:45Z] [SECTION] ============================================================
[2026-04-30T15:34:45Z] [INFO] 🔮 PHASE: HIDDEN LAYERING DETECTION
[2026-04-30T15:34:45Z] [INFO] 🔗 Hidden layering detection complete. Connections identified: 2
[2026-04-30T15:34:45Z] [SECTION] ============================================================
[2026-04-30T15:34:45Z] [INFO] 🔬 PHASE: DOMAIN CORRELATION ANALYSIS
[2026-04-30T15:34:45Z] [INFO] 📊 Domain correlation matrices created: 2
[2026-04-30T15:34:45Z] [SECTION] ============================================================
[2026-04-30T15:34:45Z] [INFO] 🖼️  PHASE: IMAGE-SEED ANALYSIS
[2026-04-30T15:34:45Z] [INFO] 📂 Image seed analysis bootstrapping from 0 images...
[2026-04-30T15:34:45Z] [SECTION] ============================================================
[2026-04-30T15:34:45Z] [INFO] 📤 PHASE: PUSH COMPONENTS TO TOLARIA
[2026-04-30T15:34:46Z] [INFO] 📦 Components pushed to Tolaria: 5
[2026-04-30T15:34:46Z] [SECTION] ============================================================
[2026-04-30T15:34:46Z] [INFO] 🧩 PHASE: COMPOSER - DOMAIN INTEGRATION SYNTHESIS
[2026-04-30T15:34:46Z] [INFO] 🎨 Domain integrations synthesized: 0
[2026-04-30T15:34:46Z] [SECTION] ============================================================
[2026-04-30T15:34:46Z] [INFO] 🚀 PHASE: ADVANCED OVERNIGHT LOOP
[2026-04-30T15:34:51Z] [INFO] 🔬 Advanced loop completed cycles: 0
[2026-04-30T15:34:51Z] [WARNING] ⚠️  Git commit skipped or failed (git not initialized?): Command '['git', '-C', '/home/avalonas/.hermes/gematria/unified_overnight_research', 'add', '.']' returned non-zero exit status 128.
[2026-04-30T15:34:51Z] [INFO] 
📊 CYCLE #44 SUMMARY
[2026-04-30T15:34:51Z] [INFO] ✅ Successful tasks: 7/7
[2026-04-30T15:34:51Z] [INFO] ⏱️  Cycle duration: 6.01s
[2026-04-30T15:34:51Z] [INFO]    ⚠️ task: result
[2026-04-30T15:34:51Z] [INFO]    ⚠️ task: result
[2026-04-30T15:34:51Z] [INFO]    ⚠️ task: result
[2026-04-30T15:34:51Z] [INFO]    ⚠️ task: result
[2026-04-30T15:34:51Z] [INFO]    ⚠️ task: result
[2026-04-30T15:34:51Z] [INFO]    ⚠️ task: result
[2026-04-30T15:34:51Z] [INFO]    ⚠️ task: result
[2026-04-30T15:34:51Z] [HEADER] ================================================================================
[2026-04-30T15:34:51Z] [INFO] 🔄 OVERNIGHT RESEARCH PIPELINE - CYCLE #45
[2026-04-30T15:34:51Z] [INFO] ================================================================================
[2026-04-30T15:34:51Z] [HEADER] ============================================================
[2026-04-30T15:34:51Z] [INFO] 🌙 STARTING OVERNIGHT RESEARCH CYCLE #45
[2026-04-30T15:34:51Z] [INFO] 🔍 Running overnight research protocol (web scraping + cross-symbol analysis)...
[2026-04-30T15:34:51Z] [INFO] 📊 Cycle duration: 0.03s, Files generated: 0
[2026-04-30T15:34:51Z] [WARNING] ⚠️ Database not initialized for cycle counting
[2026-04-30T15:34:51Z] [INFO] 💾 Database updated with cycle results
[2026-04-30T15:34:51Z] [SECTION] ============================================================
[2026-04-30T15:34:51Z] [INFO] 🔮 PHASE: HIDDEN LAYERING DETECTION
[2026-04-30T15:34:51Z] [INFO] 🔗 Hidden layering detection complete. Connections identified: 2
[2026-04-30T15:34:51Z] [SECTION] ============================================================
[2026-04-30T15:34:51Z] [INFO] 🔬 PHASE: DOMAIN CORRELATION ANALYSIS
[2026-04-30T15:34:51Z] [INFO] 📊 Domain correlation matrices created: 2
[2026-04-30T15:34:51Z] [SECTION] ============================================================
[2026-04-30T15:34:51Z] [INFO] 🖼️  PHASE: IMAGE-SEED ANALYSIS
[2026-04-30T15:34:51Z] [INFO] 📂 Image seed analysis bootstrapping from 0 images...
[2026-04-30T15:34:51Z] [SECTION] ============================================================
[2026-04-30T15:34:51Z] [INFO] 📤 PHASE: PUSH COMPONENTS TO TOLARIA
[2026-04-30T15:34:52Z] [INFO] 📦 Components pushed to Tolaria: 5
[2026-04-30T15:34:52Z] [SECTION] ============================================================
[2026-04-30T15:34:52Z] [INFO] 🧩 PHASE: COMPOSER - DOMAIN INTEGRATION SYNTHESIS
[2026-04-30T15:34:52Z] [INFO] 🎨 Domain integrations synthesized: 0
[2026-04-30T15:34:52Z] [SECTION] ============================================================
[2026-04-30T15:34:52Z] [INFO] 🚀 PHASE: ADVANCED OVERNIGHT LOOP
[2026-04-30T15:34:57Z] [INFO] 🔬 Advanced loop completed cycles: 0
[2026-04-30T15:34:57Z] [WARNING] ⚠️  Git commit skipped or failed (git not initialized?): Command '['git', '-C', '/home/avalonas/.hermes/gematria/unified_overnight_research', 'add', '.']' returned non-zero exit status 128.
[2026-04-30T15:34:57Z] [INFO] 
📊 CYCLE #45 SUMMARY
[2026-04-30T15:34:57Z] [INFO] ✅ Successful tasks: 7/7
[2026-04-30T15:34:57Z] [INFO] ⏱️  Cycle duration: 6.06s
[2026-04-30T15:34:57Z] [INFO]    ⚠️ task: result
[2026-04-30T15:34:57Z] [INFO]    ⚠️ task: result
[2026-04-30T15:34:57Z] [INFO]    ⚠️ task: result
[2026-04-30T15:34:57Z] [INFO]    ⚠️ task: result
[2026-04-30T15:34:57Z] [INFO]    ⚠️ task: result
[2026-04-30T15:34:57Z] [INFO]    ⚠️ task: result
[2026-04-30T15:34:57Z] [INFO]    ⚠️ task: result
[2026-04-30T15:34:57Z] [HEADER] ================================================================================
[2026-04-30T15:34:57Z] [INFO] 🔄 OVERNIGHT RESEARCH PIPELINE - CYCLE #46
[2026-04-30T15:34:57Z] [INFO] ================================================================================
[2026-04-30T15:34:57Z] [HEADER] ============================================================
[2026-04-30T15:34:57Z] [INFO] 🌙 STARTING OVERNIGHT RESEARCH CYCLE #46
[2026-04-30T15:34:57Z] [INFO] 🔍 Running overnight research protocol (web scraping + cross-symbol analysis)...
[2026-04-30T15:34:57Z] [INFO] 📊 Cycle duration: 0.05s, Files generated: 0
[2026-04-30T15:34:57Z] [WARNING] ⚠️ Database not initialized for cycle counting
[2026-04-30T15:34:57Z] [INFO] 💾 Database updated with cycle results
[2026-04-30T15:34:57Z] [SECTION] ============================================================
[2026-04-30T15:34:57Z] [INFO] 🔮 PHASE: HIDDEN LAYERING DETECTION
[2026-04-30T15:34:57Z] [INFO] 🔗 Hidden layering detection complete. Connections identified: 2
[2026-04-30T15:34:57Z] [SECTION] ============================================================
[2026-04-30T15:34:57Z] [INFO] 🔬 PHASE: DOMAIN CORRELATION ANALYSIS
[2026-04-30T15:34:57Z] [INFO] 📊 Domain correlation matrices created: 2
[2026-04-30T15:34:57Z] [SECTION] ============================================================
[2026-04-30T15:34:57Z] [INFO] 🖼️  PHASE: IMAGE-SEED ANALYSIS
[2026-04-30T15:34:57Z] [INFO] 📂 Image seed analysis bootstrapping from 0 images...
[2026-04-30T15:34:57Z] [SECTION] ============================================================
[2026-04-30T15:34:57Z] [INFO] 📤 PHASE: PUSH COMPONENTS TO TOLARIA
[2026-04-30T15:34:58Z] [INFO] 📦 Components pushed to Tolaria: 5
[2026-04-30T15:34:58Z] [SECTION] ============================================================
[2026-04-30T15:34:58Z] [INFO] 🧩 PHASE: COMPOSER - DOMAIN INTEGRATION SYNTHESIS
[2026-04-30T15:34:58Z] [INFO] 🎨 Domain integrations synthesized: 0
[2026-04-30T15:34:58Z] [SECTION] ============================================================
[2026-04-30T15:34:58Z] [INFO] 🚀 PHASE: ADVANCED OVERNIGHT LOOP
[2026-04-30T15:35:03Z] [INFO] 🔬 Advanced loop completed cycles: 0
[2026-04-30T15:35:03Z] [WARNING] ⚠️  Git commit skipped or failed (git not initialized?): Command '['git', '-C', '/home/avalonas/.hermes/gematria/unified_overnight_research', 'add', '.']' returned non-zero exit status 128.
[2026-04-30T15:35:03Z] [INFO] 
📊 CYCLE #46 SUMMARY
[2026-04-30T15:35:03Z] [INFO] ✅ Successful tasks: 7/7
[2026-04-30T15:35:03Z] [INFO] ⏱️  Cycle duration: 6.09s
[2026-04-30T15:35:03Z] [INFO]    ⚠️ task: result
[2026-04-30T15:35:03Z] [INFO]    ⚠️ task: result
[2026-04-30T15:35:03Z] [INFO]    ⚠️ task: result
[2026-04-30T15:35:03Z] [INFO]    ⚠️ task: result
[2026-04-30T15:35:03Z] [INFO]    ⚠️ task: result
[2026-04-30T15:35:03Z] [INFO]    ⚠️ task: result
[2026-04-30T15:35:03Z] [INFO]    ⚠️ task: result
[2026-04-30T15:35:03Z] [HEADER] ================================================================================
[2026-04-30T15:35:03Z] [INFO] 🔄 OVERNIGHT RESEARCH PIPELINE - CYCLE #47
[2026-04-30T15:35:03Z] [INFO] ================================================================================
[2026-04-30T15:35:03Z] [HEADER] ============================================================
[2026-04-30T15:35:03Z] [INFO] 🌙 STARTING OVERNIGHT RESEARCH CYCLE #47
[2026-04-30T15:35:03Z] [INFO] 🔍 Running overnight research protocol (web scraping + cross-symbol analysis)...
[2026-04-30T15:35:03Z] [INFO] 📊 Cycle duration: 0.05s, Files generated: 0
[2026-04-30T15:35:03Z] [WARNING] ⚠️ Database not initialized for cycle counting
[2026-04-30T15:35:03Z] [INFO] 💾 Database updated with cycle results
[2026-04-30T15:35:03Z] [SECTION] ============================================================
[2026-04-30T15:35:03Z] [INFO] 🔮 PHASE: HIDDEN LAYERING DETECTION
[2026-04-30T15:35:03Z] [INFO] 🔗 Hidden layering detection complete. Connections identified: 2
[2026-04-30T15:35:03Z] [SECTION] ============================================================
[2026-04-30T15:35:03Z] [INFO] 🔬 PHASE: DOMAIN CORRELATION ANALYSIS
[2026-04-30T15:35:03Z] [INFO] 📊 Domain correlation matrices created: 2
[2026-04-30T15:35:03Z] [SECTION] ============================================================
[2026-04-30T15:35:03Z] [INFO] 🖼️  PHASE: IMAGE-SEED ANALYSIS
[2026-04-30T15:35:03Z] [INFO] 📂 Image seed analysis bootstrapping from 0 images...
[2026-04-30T15:35:03Z] [SECTION] ============================================================
[2026-04-30T15:35:03Z] [INFO] 📤 PHASE: PUSH COMPONENTS TO TOLARIA
[2026-04-30T15:35:04Z] [INFO] 📦 Components pushed to Tolaria: 5
[2026-04-30T15:35:04Z] [SECTION] ============================================================
[2026-04-30T15:35:04Z] [INFO] 🧩 PHASE: COMPOSER - DOMAIN INTEGRATION SYNTHESIS
[2026-04-30T15:35:04Z] [INFO] 🎨 Domain integrations synthesized: 0
[2026-04-30T15:35:04Z] [SECTION] ============================================================
[2026-04-30T15:35:04Z] [INFO] 🚀 PHASE: ADVANCED OVERNIGHT LOOP
[2026-04-30T15:35:09Z] [INFO] 🔬 Advanced loop completed cycles: 0
[2026-04-30T15:35:09Z] [WARNING] ⚠️  Git commit skipped or failed (git not initialized?): Command '['git', '-C', '/home/avalonas/.hermes/gematria/unified_overnight_research', 'add', '.']' returned non-zero exit status 128.
[2026-04-30T15:35:09Z] [INFO] 
📊 CYCLE #47 SUMMARY
[2026-04-30T15:35:09Z] [INFO] ✅ Successful tasks: 7/7
[2026-04-30T15:35:09Z] [INFO] ⏱️  Cycle duration: 6.31s
[2026-04-30T15:35:09Z] [INFO]    ⚠️ task: result
[2026-04-30T15:35:09Z] [INFO]    ⚠️ task: result
[2026-04-30T15:35:09Z] [INFO]    ⚠️ task: result
[2026-04-30T15:35:09Z] [INFO]    ⚠️ task: result
[2026-04-30T15:35:09Z] [INFO]    ⚠️ task: result
[2026-04-30T15:35:09Z] [INFO]    ⚠️ task: result
[2026-04-30T15:35:09Z] [INFO]    ⚠️ task: result
[2026-04-30T15:35:09Z] [HEADER] ================================================================================
[2026-04-30T15:35:09Z] [INFO] 🔄 OVERNIGHT RESEARCH PIPELINE - CYCLE #48
[2026-04-30T15:35:09Z] [INFO] ================================================================================
[2026-04-30T15:35:09Z] [HEADER] ============================================================
[2026-04-30T15:35:09Z] [INFO] 🌙 STARTING OVERNIGHT RESEARCH CYCLE #48
[2026-04-30T15:35:09Z] [INFO] 🔍 Running overnight research protocol (web scraping + cross-symbol analysis)...
[2026-04-30T15:35:09Z] [INFO] 📊 Cycle duration: 0.05s, Files generated: 0
[2026-04-30T15:35:09Z] [WARNING] ⚠️ Database not initialized for cycle counting
[2026-04-30T15:35:09Z] [INFO] 💾 Database updated with cycle results
[2026-04-30T15:35:09Z] [SECTION] ============================================================
[2026-04-30T15:35:09Z] [INFO] 🔮 PHASE: HIDDEN LAYERING DETECTION
[2026-04-30T15:35:09Z] [INFO] 🔗 Hidden layering detection complete. Connections identified: 2
[2026-04-30T15:35:09Z] [SECTION] ============================================================
[2026-04-30T15:35:09Z] [INFO] 🔬 PHASE: DOMAIN CORRELATION ANALYSIS
[2026-04-30T15:35:09Z] [INFO] 📊 Domain correlation matrices created: 2
[2026-04-30T15:35:09Z] [SECTION] ============================================================
[2026-04-30T15:35:09Z] [INFO] 🖼️  PHASE: IMAGE-SEED ANALYSIS
[2026-04-30T15:35:09Z] [INFO] 📂 Image seed analysis bootstrapping from 0 images...
[2026-04-30T15:35:10Z] [SECTION] ============================================================
[2026-04-30T15:35:10Z] [INFO] 📤 PHASE: PUSH COMPONENTS TO TOLARIA
[2026-04-30T15:35:10Z] [INFO] 📦 Components pushed to Tolaria: 5
[2026-04-30T15:35:10Z] [SECTION] ============================================================
[2026-04-30T15:35:10Z] [INFO] 🧩 PHASE: COMPOSER - DOMAIN INTEGRATION SYNTHESIS
[2026-04-30T15:35:11Z] [INFO] 🎨 Domain integrations synthesized: 0
[2026-04-30T15:35:11Z] [SECTION] ============================================================
[2026-04-30T15:35:11Z] [INFO] 🚀 PHASE: ADVANCED OVERNIGHT LOOP
