[2026-05-04T09:44:31Z] [HEADER] ================================================================================
[2026-05-04T09:44:31Z] [INFO] 🔄 OVERNIGHT RESEARCH PIPELINE - CYCLE #2
[2026-05-04T09:44:31Z] [INFO] ================================================================================
[2026-05-04T09:44:31Z] [HEADER] ============================================================
[2026-05-04T09:44:31Z] [INFO] 🌙 STARTING OVERNIGHT RESEARCH CYCLE #2
[2026-05-04T09:44:31Z] [INFO] 🔍 Running overnight research protocol (web scraping + cross-symbol analysis)...
[2026-05-04T09:44:31Z] [INFO] 📊 Cycle duration: 0.10s, Files generated: 0
[2026-05-04T09:44:31Z] [WARNING] ⚠️ Database not initialized for cycle counting
[2026-05-04T09:44:31Z] [INFO] 💾 Database updated with cycle results
[2026-05-04T09:44:31Z] [SECTION] ============================================================
[2026-05-04T09:44:31Z] [INFO] 🔮 PHASE: HIDDEN LAYERING DETECTION
[2026-05-04T09:44:31Z] [INFO] 🔗 Hidden layering detection complete. Connections identified: 2
[2026-05-04T09:44:31Z] [SECTION] ============================================================
[2026-05-04T09:44:31Z] [INFO] 🔬 PHASE: DOMAIN CORRELATION ANALYSIS
[2026-05-04T09:44:31Z] [INFO] 📊 Domain correlation matrices created: 1
[2026-05-04T09:44:31Z] [SECTION] ============================================================
[2026-05-04T09:44:31Z] [INFO] 🖼️  PHASE: IMAGE-SEED ANALYSIS
[2026-05-04T09:44:31Z] [INFO] 📂 Image seed analysis bootstrapping from 8 images...
[2026-05-04T09:44:31Z] [SECTION] ============================================================
[2026-05-04T09:44:31Z] [INFO] 📤 PHASE: PUSH COMPONENTS TO TOLARIA
[2026-05-04T09:44:32Z] [INFO] 📦 Components pushed to Tolaria: 5
[2026-05-04T09:44:32Z] [SECTION] ============================================================
[2026-05-04T09:44:32Z] [INFO] 🧩 PHASE: COMPOSER - DOMAIN INTEGRATION SYNTHESIS
[2026-05-04T09:44:32Z] [INFO] 🎨 Domain integrations synthesized: 0
[2026-05-04T09:44:32Z] [SECTION] ============================================================
[2026-05-04T09:44:32Z] [INFO] 🚀 PHASE: ADVANCED OVERNIGHT LOOP
[2026-05-04T09:44:38Z] [INFO] 🔬 Advanced loop completed cycles: 0
[2026-05-04T09:44:38Z] [WARNING] ⚠️  Git commit skipped or failed (git not initialized?): Command '['git', '-C', '/home/avalonas/.hermes/gematria/unified_overnight_research', 'add', '.']' returned non-zero exit status 128.
[2026-05-04T09:44:38Z] [INFO] 
📊 CYCLE #2 SUMMARY
[2026-05-04T09:44:38Z] [INFO] ✅ Successful tasks: 7/7
[2026-05-04T09:44:38Z] [INFO] ⏱️  Cycle duration: 6.52s
[2026-05-04T09:44:38Z] [INFO]    ⚠️ task: result
[2026-05-04T09:44:38Z] [INFO]    ⚠️ task: result
[2026-05-04T09:44:38Z] [INFO]    ⚠️ task: result
[2026-05-04T09:44:38Z] [INFO]    ⚠️ task: result
[2026-05-04T09:44:38Z] [INFO]    ⚠️ task: result
[2026-05-04T09:44:38Z] [INFO]    ⚠️ task: result
[2026-05-04T09:44:38Z] [INFO]    ⚠️ task: result
[2026-05-04T09:44:38Z] [HEADER] ================================================================================
[2026-05-04T09:44:38Z] [INFO] 🔄 OVERNIGHT RESEARCH PIPELINE - CYCLE #3
[2026-05-04T09:44:38Z] [INFO] ================================================================================
[2026-05-04T09:44:38Z] [HEADER] ============================================================
[2026-05-04T09:44:38Z] [INFO] 🌙 STARTING OVERNIGHT RESEARCH CYCLE #3
[2026-05-04T09:44:38Z] [INFO] 🔍 Running overnight research protocol (web scraping + cross-symbol analysis)...
[2026-05-04T09:44:38Z] [INFO] 📊 Cycle duration: 0.12s, Files generated: 0
[2026-05-04T09:44:38Z] [WARNING] ⚠️ Database not initialized for cycle counting
[2026-05-04T09:44:38Z] [INFO] 💾 Database updated with cycle results
[2026-05-04T09:44:38Z] [SECTION] ============================================================
[2026-05-04T09:44:38Z] [INFO] 🔮 PHASE: HIDDEN LAYERING DETECTION
[2026-05-04T09:44:38Z] [INFO] 🔗 Hidden layering detection complete. Connections identified: 2
[2026-05-04T09:44:38Z] [SECTION] ============================================================
[2026-05-04T09:44:38Z] [INFO] 🔬 PHASE: DOMAIN CORRELATION ANALYSIS
[2026-05-04T09:44:38Z] [INFO] 📊 Domain correlation matrices created: 1
[2026-05-04T09:44:38Z] [SECTION] ============================================================
[2026-05-04T09:44:38Z] [INFO] 🖼️  PHASE: IMAGE-SEED ANALYSIS
[2026-05-04T09:44:38Z] [INFO] 📂 Image seed analysis bootstrapping from 8 images...
[2026-05-04T09:44:38Z] [SECTION] ============================================================
[2026-05-04T09:44:38Z] [INFO] 📤 PHASE: PUSH COMPONENTS TO TOLARIA
[2026-05-04T09:44:39Z] [INFO] 📦 Components pushed to Tolaria: 5
[2026-05-04T09:44:39Z] [SECTION] ============================================================
[2026-05-04T09:44:39Z] [INFO] 🧩 PHASE: COMPOSER - DOMAIN INTEGRATION SYNTHESIS
[2026-05-04T09:44:39Z] [INFO] 🎨 Domain integrations synthesized: 0
[2026-05-04T09:44:39Z] [SECTION] ============================================================
[2026-05-04T09:44:39Z] [INFO] 🚀 PHASE: ADVANCED OVERNIGHT LOOP
[2026-05-04T09:44:44Z] [INFO] 🔬 Advanced loop completed cycles: 0
[2026-05-04T09:44:44Z] [WARNING] ⚠️  Git commit skipped or failed (git not initialized?): Command '['git', '-C', '/home/avalonas/.hermes/gematria/unified_overnight_research', 'add', '.']' returned non-zero exit status 128.
[2026-05-04T09:44:44Z] [INFO] 
📊 CYCLE #3 SUMMARY
[2026-05-04T09:44:44Z] [INFO] ✅ Successful tasks: 7/7
[2026-05-04T09:44:44Z] [INFO] ⏱️  Cycle duration: 6.43s
[2026-05-04T09:44:44Z] [INFO]    ⚠️ task: result
[2026-05-04T09:44:44Z] [INFO]    ⚠️ task: result
[2026-05-04T09:44:44Z] [INFO]    ⚠️ task: result
[2026-05-04T09:44:44Z] [INFO]    ⚠️ task: result
[2026-05-04T09:44:44Z] [INFO]    ⚠️ task: result
[2026-05-04T09:44:44Z] [INFO]    ⚠️ task: result
[2026-05-04T09:44:44Z] [INFO]    ⚠️ task: result
[2026-05-04T09:44:44Z] [HEADER] ================================================================================
[2026-05-04T09:44:44Z] [INFO] 🔄 OVERNIGHT RESEARCH PIPELINE - CYCLE #4
[2026-05-04T09:44:44Z] [INFO] ================================================================================
[2026-05-04T09:44:44Z] [HEADER] ============================================================
[2026-05-04T09:44:44Z] [INFO] 🌙 STARTING OVERNIGHT RESEARCH CYCLE #4
[2026-05-04T09:44:44Z] [INFO] 🔍 Running overnight research protocol (web scraping + cross-symbol analysis)...
[2026-05-04T09:44:44Z] [INFO] 📊 Cycle duration: 0.10s, Files generated: 0
[2026-05-04T09:44:44Z] [WARNING] ⚠️ Database not initialized for cycle counting
[2026-05-04T09:44:44Z] [INFO] 💾 Database updated with cycle results
[2026-05-04T09:44:44Z] [SECTION] ============================================================
[2026-05-04T09:44:44Z] [INFO] 🔮 PHASE: HIDDEN LAYERING DETECTION
[2026-05-04T09:44:44Z] [INFO] 🔗 Hidden layering detection complete. Connections identified: 2
[2026-05-04T09:44:44Z] [SECTION] ============================================================
[2026-05-04T09:44:44Z] [INFO] 🔬 PHASE: DOMAIN CORRELATION ANALYSIS
[2026-05-04T09:44:44Z] [INFO] 📊 Domain correlation matrices created: 1
[2026-05-04T09:44:44Z] [SECTION] ============================================================
[2026-05-04T09:44:44Z] [INFO] 🖼️  PHASE: IMAGE-SEED ANALYSIS
[2026-05-04T09:44:44Z] [INFO] 📂 Image seed analysis bootstrapping from 8 images...
[2026-05-04T09:44:44Z] [SECTION] ============================================================
[2026-05-04T09:44:44Z] [INFO] 📤 PHASE: PUSH COMPONENTS TO TOLARIA
[2026-05-04T09:44:45Z] [INFO] 📦 Components pushed to Tolaria: 5
[2026-05-04T09:44:45Z] [SECTION] ============================================================
[2026-05-04T09:44:45Z] [INFO] 🧩 PHASE: COMPOSER - DOMAIN INTEGRATION SYNTHESIS
[2026-05-04T09:44:45Z] [INFO] 🎨 Domain integrations synthesized: 0
[2026-05-04T09:44:45Z] [SECTION] ============================================================
[2026-05-04T09:44:45Z] [INFO] 🚀 PHASE: ADVANCED OVERNIGHT LOOP
[2026-05-04T09:44:50Z] [INFO] 🔬 Advanced loop completed cycles: 0
[2026-05-04T09:44:50Z] [WARNING] ⚠️  Git commit skipped or failed (git not initialized?): Command '['git', '-C', '/home/avalonas/.hermes/gematria/unified_overnight_research', 'add', '.']' returned non-zero exit status 128.
[2026-05-04T09:44:50Z] [INFO] 
📊 CYCLE #4 SUMMARY
[2026-05-04T09:44:50Z] [INFO] ✅ Successful tasks: 7/7
[2026-05-04T09:44:50Z] [INFO] ⏱️  Cycle duration: 6.45s
[2026-05-04T09:44:50Z] [INFO]    ⚠️ task: result
[2026-05-04T09:44:50Z] [INFO]    ⚠️ task: result
[2026-05-04T09:44:50Z] [INFO]    ⚠️ task: result
[2026-05-04T09:44:50Z] [INFO]    ⚠️ task: result
[2026-05-04T09:44:50Z] [INFO]    ⚠️ task: result
[2026-05-04T09:44:50Z] [INFO]    ⚠️ task: result
[2026-05-04T09:44:50Z] [INFO]    ⚠️ task: result
[2026-05-04T09:44:50Z] [HEADER] ================================================================================
[2026-05-04T09:44:50Z] [INFO] 🔄 OVERNIGHT RESEARCH PIPELINE - CYCLE #5
[2026-05-04T09:44:50Z] [INFO] ================================================================================
[2026-05-04T09:44:50Z] [HEADER] ============================================================
[2026-05-04T09:44:50Z] [INFO] 🌙 STARTING OVERNIGHT RESEARCH CYCLE #5
[2026-05-04T09:44:50Z] [INFO] 🔍 Running overnight research protocol (web scraping + cross-symbol analysis)...
[2026-05-04T09:44:51Z] [INFO] 📊 Cycle duration: 0.10s, Files generated: 0
[2026-05-04T09:44:51Z] [WARNING] ⚠️ Database not initialized for cycle counting
[2026-05-04T09:44:51Z] [INFO] 💾 Database updated with cycle results
[2026-05-04T09:44:51Z] [SECTION] ============================================================
[2026-05-04T09:44:51Z] [INFO] 🔮 PHASE: HIDDEN LAYERING DETECTION
[2026-05-04T09:44:51Z] [INFO] 🔗 Hidden layering detection complete. Connections identified: 2
[2026-05-04T09:44:51Z] [SECTION] ============================================================
[2026-05-04T09:44:51Z] [INFO] 🔬 PHASE: DOMAIN CORRELATION ANALYSIS
[2026-05-04T09:44:51Z] [INFO] 📊 Domain correlation matrices created: 1
[2026-05-04T09:44:51Z] [SECTION] ============================================================
[2026-05-04T09:44:51Z] [INFO] 🖼️  PHASE: IMAGE-SEED ANALYSIS
[2026-05-04T09:44:51Z] [INFO] 📂 Image seed analysis bootstrapping from 8 images...
[2026-05-04T09:44:51Z] [SECTION] ============================================================
[2026-05-04T09:44:51Z] [INFO] 📤 PHASE: PUSH COMPONENTS TO TOLARIA
[2026-05-04T09:44:52Z] [INFO] 📦 Components pushed to Tolaria: 5
[2026-05-04T09:44:52Z] [SECTION] ============================================================
[2026-05-04T09:44:52Z] [INFO] 🧩 PHASE: COMPOSER - DOMAIN INTEGRATION SYNTHESIS
[2026-05-04T09:44:52Z] [INFO] 🎨 Domain integrations synthesized: 0
[2026-05-04T09:44:52Z] [SECTION] ============================================================
[2026-05-04T09:44:52Z] [INFO] 🚀 PHASE: ADVANCED OVERNIGHT LOOP
[2026-05-04T09:44:57Z] [INFO] 🔬 Advanced loop completed cycles: 0
[2026-05-04T09:44:57Z] [WARNING] ⚠️  Git commit skipped or failed (git not initialized?): Command '['git', '-C', '/home/avalonas/.hermes/gematria/unified_overnight_research', 'add', '.']' returned non-zero exit status 128.
[2026-05-04T09:44:57Z] [INFO] 
📊 CYCLE #5 SUMMARY
[2026-05-04T09:44:57Z] [INFO] ✅ Successful tasks: 7/7
[2026-05-04T09:44:57Z] [INFO] ⏱️  Cycle duration: 6.57s
[2026-05-04T09:44:57Z] [INFO]    ⚠️ task: result
[2026-05-04T09:44:57Z] [INFO]    ⚠️ task: result
[2026-05-04T09:44:57Z] [INFO]    ⚠️ task: result
[2026-05-04T09:44:57Z] [INFO]    ⚠️ task: result
[2026-05-04T09:44:57Z] [INFO]    ⚠️ task: result
[2026-05-04T09:44:57Z] [INFO]    ⚠️ task: result
[2026-05-04T09:44:57Z] [INFO]    ⚠️ task: result
[2026-05-04T09:44:57Z] [HEADER] ================================================================================
[2026-05-04T09:44:57Z] [INFO] 🔄 OVERNIGHT RESEARCH PIPELINE - CYCLE #6
[2026-05-04T09:44:57Z] [INFO] ================================================================================
[2026-05-04T09:44:57Z] [HEADER] ============================================================
[2026-05-04T09:44:57Z] [INFO] 🌙 STARTING OVERNIGHT RESEARCH CYCLE #6
[2026-05-04T09:44:57Z] [INFO] 🔍 Running overnight research protocol (web scraping + cross-symbol analysis)...
[2026-05-04T09:44:57Z] [INFO] 📊 Cycle duration: 0.11s, Files generated: 0
[2026-05-04T09:44:57Z] [WARNING] ⚠️ Database not initialized for cycle counting
[2026-05-04T09:44:57Z] [INFO] 💾 Database updated with cycle results
[2026-05-04T09:44:57Z] [SECTION] ============================================================
[2026-05-04T09:44:57Z] [INFO] 🔮 PHASE: HIDDEN LAYERING DETECTION
[2026-05-04T09:44:57Z] [INFO] 🔗 Hidden layering detection complete. Connections identified: 2
[2026-05-04T09:44:57Z] [SECTION] ============================================================
[2026-05-04T09:44:57Z] [INFO] 🔬 PHASE: DOMAIN CORRELATION ANALYSIS
[2026-05-04T09:44:57Z] [INFO] 📊 Domain correlation matrices created: 1
[2026-05-04T09:44:57Z] [SECTION] ============================================================
[2026-05-04T09:44:57Z] [INFO] 🖼️  PHASE: IMAGE-SEED ANALYSIS
[2026-05-04T09:44:57Z] [INFO] 📂 Image seed analysis bootstrapping from 8 images...
[2026-05-04T09:44:57Z] [SECTION] ============================================================
[2026-05-04T09:44:57Z] [INFO] 📤 PHASE: PUSH COMPONENTS TO TOLARIA
[2026-05-04T09:44:58Z] [INFO] 📦 Components pushed to Tolaria: 5
[2026-05-04T09:44:58Z] [SECTION] ============================================================
[2026-05-04T09:44:58Z] [INFO] 🧩 PHASE: COMPOSER - DOMAIN INTEGRATION SYNTHESIS
[2026-05-04T09:44:59Z] [INFO] 🎨 Domain integrations synthesized: 0
[2026-05-04T09:44:59Z] [SECTION] ============================================================
[2026-05-04T09:44:59Z] [INFO] 🚀 PHASE: ADVANCED OVERNIGHT LOOP
[2026-05-04T09:45:04Z] [INFO] 🔬 Advanced loop completed cycles: 0
[2026-05-04T09:45:04Z] [WARNING] ⚠️  Git commit skipped or failed (git not initialized?): Command '['git', '-C', '/home/avalonas/.hermes/gematria/unified_overnight_research', 'add', '.']' returned non-zero exit status 128.
[2026-05-04T09:45:04Z] [INFO] 
📊 CYCLE #6 SUMMARY
[2026-05-04T09:45:04Z] [INFO] ✅ Successful tasks: 7/7
[2026-05-04T09:45:04Z] [INFO] ⏱️  Cycle duration: 6.57s
[2026-05-04T09:45:04Z] [INFO]    ⚠️ task: result
[2026-05-04T09:45:04Z] [INFO]    ⚠️ task: result
[2026-05-04T09:45:04Z] [INFO]    ⚠️ task: result
[2026-05-04T09:45:04Z] [INFO]    ⚠️ task: result
[2026-05-04T09:45:04Z] [INFO]    ⚠️ task: result
[2026-05-04T09:45:04Z] [INFO]    ⚠️ task: result
[2026-05-04T09:45:04Z] [INFO]    ⚠️ task: result
[2026-05-04T09:45:04Z] [HEADER] ================================================================================
[2026-05-04T09:45:04Z] [INFO] 🔄 OVERNIGHT RESEARCH PIPELINE - CYCLE #7
[2026-05-04T09:45:04Z] [INFO] ================================================================================
[2026-05-04T09:45:04Z] [HEADER] ============================================================
[2026-05-04T09:45:04Z] [INFO] 🌙 STARTING OVERNIGHT RESEARCH CYCLE #7
[2026-05-04T09:45:04Z] [INFO] 🔍 Running overnight research protocol (web scraping + cross-symbol analysis)...
[2026-05-04T09:45:04Z] [INFO] 📊 Cycle duration: 0.11s, Files generated: 0
[2026-05-04T09:45:04Z] [WARNING] ⚠️ Database not initialized for cycle counting
[2026-05-04T09:45:04Z] [INFO] 💾 Database updated with cycle results
[2026-05-04T09:45:04Z] [SECTION] ============================================================
[2026-05-04T09:45:04Z] [INFO] 🔮 PHASE: HIDDEN LAYERING DETECTION
[2026-05-04T09:45:04Z] [INFO] 🔗 Hidden layering detection complete. Connections identified: 2
[2026-05-04T09:45:04Z] [SECTION] ============================================================
[2026-05-04T09:45:04Z] [INFO] 🔬 PHASE: DOMAIN CORRELATION ANALYSIS
[2026-05-04T09:45:04Z] [INFO] 📊 Domain correlation matrices created: 1
[2026-05-04T09:45:04Z] [SECTION] ============================================================
[2026-05-04T09:45:04Z] [INFO] 🖼️  PHASE: IMAGE-SEED ANALYSIS
[2026-05-04T09:45:04Z] [INFO] 📂 Image seed analysis bootstrapping from 8 images...
[2026-05-04T09:45:04Z] [SECTION] ============================================================
[2026-05-04T09:45:04Z] [INFO] 📤 PHASE: PUSH COMPONENTS TO TOLARIA
[2026-05-04T09:45:05Z] [INFO] 📦 Components pushed to Tolaria: 5
[2026-05-04T09:45:05Z] [SECTION] ============================================================
[2026-05-04T09:45:05Z] [INFO] 🧩 PHASE: COMPOSER - DOMAIN INTEGRATION SYNTHESIS
[2026-05-04T09:45:05Z] [INFO] 🎨 Domain integrations synthesized: 0
[2026-05-04T09:45:05Z] [SECTION] ============================================================
[2026-05-04T09:45:05Z] [INFO] 🚀 PHASE: ADVANCED OVERNIGHT LOOP
[2026-05-04T09:45:10Z] [INFO] 🔬 Advanced loop completed cycles: 0
[2026-05-04T09:45:10Z] [WARNING] ⚠️  Git commit skipped or failed (git not initialized?): Command '['git', '-C', '/home/avalonas/.hermes/gematria/unified_overnight_research', 'add', '.']' returned non-zero exit status 128.
[2026-05-04T09:45:10Z] [INFO] 
📊 CYCLE #7 SUMMARY
[2026-05-04T09:45:10Z] [INFO] ✅ Successful tasks: 7/7
[2026-05-04T09:45:10Z] [INFO] ⏱️  Cycle duration: 6.62s
[2026-05-04T09:45:10Z] [INFO]    ⚠️ task: result
[2026-05-04T09:45:10Z] [INFO]    ⚠️ task: result
[2026-05-04T09:45:10Z] [INFO]    ⚠️ task: result
[2026-05-04T09:45:10Z] [INFO]    ⚠️ task: result
[2026-05-04T09:45:10Z] [INFO]    ⚠️ task: result
[2026-05-04T09:45:10Z] [INFO]    ⚠️ task: result
[2026-05-04T09:45:10Z] [INFO]    ⚠️ task: result
[2026-05-04T09:45:10Z] [HEADER] ================================================================================
[2026-05-04T09:45:10Z] [INFO] 🔄 OVERNIGHT RESEARCH PIPELINE - CYCLE #8
[2026-05-04T09:45:10Z] [INFO] ================================================================================
[2026-05-04T09:45:10Z] [HEADER] ============================================================
[2026-05-04T09:45:10Z] [INFO] 🌙 STARTING OVERNIGHT RESEARCH CYCLE #8
[2026-05-04T09:45:10Z] [INFO] 🔍 Running overnight research protocol (web scraping + cross-symbol analysis)...
[2026-05-04T09:45:10Z] [INFO] 📊 Cycle duration: 0.10s, Files generated: 0
[2026-05-04T09:45:10Z] [WARNING] ⚠️ Database not initialized for cycle counting
[2026-05-04T09:45:10Z] [INFO] 💾 Database updated with cycle results
[2026-05-04T09:45:10Z] [SECTION] ============================================================
[2026-05-04T09:45:10Z] [INFO] 🔮 PHASE: HIDDEN LAYERING DETECTION
[2026-05-04T09:45:10Z] [INFO] 🔗 Hidden layering detection complete. Connections identified: 2
[2026-05-04T09:45:10Z] [SECTION] ============================================================
[2026-05-04T09:45:10Z] [INFO] 🔬 PHASE: DOMAIN CORRELATION ANALYSIS
[2026-05-04T09:45:10Z] [INFO] 📊 Domain correlation matrices created: 1
[2026-05-04T09:45:10Z] [SECTION] ============================================================
[2026-05-04T09:45:10Z] [INFO] 🖼️  PHASE: IMAGE-SEED ANALYSIS
[2026-05-04T09:45:10Z] [INFO] 📂 Image seed analysis bootstrapping from 8 images...
[2026-05-04T09:45:10Z] [SECTION] ============================================================
[2026-05-04T09:45:10Z] [INFO] 📤 PHASE: PUSH COMPONENTS TO TOLARIA
[2026-05-04T09:45:11Z] [INFO] 📦 Components pushed to Tolaria: 5
[2026-05-04T09:45:11Z] [SECTION] ============================================================
[2026-05-04T09:45:11Z] [INFO] 🧩 PHASE: COMPOSER - DOMAIN INTEGRATION SYNTHESIS
[2026-05-04T09:45:12Z] [INFO] 🎨 Domain integrations synthesized: 0
[2026-05-04T09:45:12Z] [SECTION] ============================================================
[2026-05-04T09:45:12Z] [INFO] 🚀 PHASE: ADVANCED OVERNIGHT LOOP
[2026-05-04T09:45:17Z] [INFO] 🔬 Advanced loop completed cycles: 0
[2026-05-04T09:45:17Z] [WARNING] ⚠️  Git commit skipped or failed (git not initialized?): Command '['git', '-C', '/home/avalonas/.hermes/gematria/unified_overnight_research', 'add', '.']' returned non-zero exit status 128.
[2026-05-04T09:45:17Z] [INFO] 
📊 CYCLE #8 SUMMARY
[2026-05-04T09:45:17Z] [INFO] ✅ Successful tasks: 7/7
[2026-05-04T09:45:17Z] [INFO] ⏱️  Cycle duration: 6.46s
[2026-05-04T09:45:17Z] [INFO]    ⚠️ task: result
[2026-05-04T09:45:17Z] [INFO]    ⚠️ task: result
[2026-05-04T09:45:17Z] [INFO]    ⚠️ task: result
[2026-05-04T09:45:17Z] [INFO]    ⚠️ task: result
[2026-05-04T09:45:17Z] [INFO]    ⚠️ task: result
[2026-05-04T09:45:17Z] [INFO]    ⚠️ task: result
[2026-05-04T09:45:17Z] [INFO]    ⚠️ task: result
[2026-05-04T09:45:17Z] [HEADER] ================================================================================
[2026-05-04T09:45:17Z] [INFO] 🔄 OVERNIGHT RESEARCH PIPELINE - CYCLE #9
[2026-05-04T09:45:17Z] [INFO] ================================================================================
[2026-05-04T09:45:17Z] [HEADER] ============================================================
[2026-05-04T09:45:17Z] [INFO] 🌙 STARTING OVERNIGHT RESEARCH CYCLE #9
[2026-05-04T09:45:17Z] [INFO] 🔍 Running overnight research protocol (web scraping + cross-symbol analysis)...
[2026-05-04T09:45:17Z] [INFO] 📊 Cycle duration: 0.10s, Files generated: 0
[2026-05-04T09:45:17Z] [WARNING] ⚠️ Database not initialized for cycle counting
[2026-05-04T09:45:17Z] [INFO] 💾 Database updated with cycle results
[2026-05-04T09:45:17Z] [SECTION] ============================================================
[2026-05-04T09:45:17Z] [INFO] 🔮 PHASE: HIDDEN LAYERING DETECTION
[2026-05-04T09:45:17Z] [INFO] 🔗 Hidden layering detection complete. Connections identified: 2
[2026-05-04T09:45:17Z] [SECTION] ============================================================
[2026-05-04T09:45:17Z] [INFO] 🔬 PHASE: DOMAIN CORRELATION ANALYSIS
[2026-05-04T09:45:17Z] [INFO] 📊 Domain correlation matrices created: 1
[2026-05-04T09:45:17Z] [SECTION] ============================================================
[2026-05-04T09:45:17Z] [INFO] 🖼️  PHASE: IMAGE-SEED ANALYSIS
[2026-05-04T09:45:17Z] [INFO] 📂 Image seed analysis bootstrapping from 8 images...
[2026-05-04T09:45:17Z] [SECTION] ============================================================
[2026-05-04T09:45:17Z] [INFO] 📤 PHASE: PUSH COMPONENTS TO TOLARIA
[2026-05-04T09:45:18Z] [INFO] 📦 Components pushed to Tolaria: 5
[2026-05-04T09:45:18Z] [SECTION] ============================================================
[2026-05-04T09:45:18Z] [INFO] 🧩 PHASE: COMPOSER - DOMAIN INTEGRATION SYNTHESIS
[2026-05-04T09:45:18Z] [INFO] 🎨 Domain integrations synthesized: 0
[2026-05-04T09:45:18Z] [SECTION] ============================================================
[2026-05-04T09:45:18Z] [INFO] 🚀 PHASE: ADVANCED OVERNIGHT LOOP
[2026-05-04T09:45:23Z] [INFO] 🔬 Advanced loop completed cycles: 0
[2026-05-04T09:45:23Z] [WARNING] ⚠️  Git commit skipped or failed (git not initialized?): Command '['git', '-C', '/home/avalonas/.hermes/gematria/unified_overnight_research', 'add', '.']' returned non-zero exit status 128.
[2026-05-04T09:45:23Z] [INFO] 
📊 CYCLE #9 SUMMARY
[2026-05-04T09:45:23Z] [INFO] ✅ Successful tasks: 7/7
[2026-05-04T09:45:23Z] [INFO] ⏱️  Cycle duration: 6.43s
[2026-05-04T09:45:23Z] [INFO]    ⚠️ task: result
[2026-05-04T09:45:23Z] [INFO]    ⚠️ task: result
[2026-05-04T09:45:23Z] [INFO]    ⚠️ task: result
[2026-05-04T09:45:23Z] [INFO]    ⚠️ task: result
[2026-05-04T09:45:23Z] [INFO]    ⚠️ task: result
[2026-05-04T09:45:23Z] [INFO]    ⚠️ task: result
[2026-05-04T09:45:23Z] [INFO]    ⚠️ task: result
[2026-05-04T09:45:23Z] [HEADER] ================================================================================
[2026-05-04T09:45:23Z] [INFO] 🔄 OVERNIGHT RESEARCH PIPELINE - CYCLE #10
[2026-05-04T09:45:23Z] [INFO] ================================================================================
[2026-05-04T09:45:23Z] [HEADER] ============================================================
[2026-05-04T09:45:23Z] [INFO] 🌙 STARTING OVERNIGHT RESEARCH CYCLE #10
[2026-05-04T09:45:23Z] [INFO] 🔍 Running overnight research protocol (web scraping + cross-symbol analysis)...
[2026-05-04T09:45:23Z] [INFO] 📊 Cycle duration: 0.12s, Files generated: 0
[2026-05-04T09:45:23Z] [WARNING] ⚠️ Database not initialized for cycle counting
[2026-05-04T09:45:23Z] [INFO] 💾 Database updated with cycle results
[2026-05-04T09:45:23Z] [SECTION] ============================================================
[2026-05-04T09:45:23Z] [INFO] 🔮 PHASE: HIDDEN LAYERING DETECTION
[2026-05-04T09:45:23Z] [INFO] 🔗 Hidden layering detection complete. Connections identified: 2
[2026-05-04T09:45:23Z] [SECTION] ============================================================
[2026-05-04T09:45:23Z] [INFO] 🔬 PHASE: DOMAIN CORRELATION ANALYSIS
[2026-05-04T09:45:23Z] [INFO] 📊 Domain correlation matrices created: 1
[2026-05-04T09:45:23Z] [SECTION] ============================================================
[2026-05-04T09:45:23Z] [INFO] 🖼️  PHASE: IMAGE-SEED ANALYSIS
[2026-05-04T09:45:23Z] [INFO] 📂 Image seed analysis bootstrapping from 8 images...
[2026-05-04T09:45:23Z] [SECTION] ============================================================
[2026-05-04T09:45:23Z] [INFO] 📤 PHASE: PUSH COMPONENTS TO TOLARIA
[2026-05-04T09:45:24Z] [INFO] 📦 Components pushed to Tolaria: 5
[2026-05-04T09:45:24Z] [SECTION] ============================================================
[2026-05-04T09:45:24Z] [INFO] 🧩 PHASE: COMPOSER - DOMAIN INTEGRATION SYNTHESIS
[2026-05-04T09:45:24Z] [INFO] 🎨 Domain integrations synthesized: 0
[2026-05-04T09:45:24Z] [SECTION] ============================================================
[2026-05-04T09:45:24Z] [INFO] 🚀 PHASE: ADVANCED OVERNIGHT LOOP
[2026-05-04T09:45:30Z] [INFO] 🔬 Advanced loop completed cycles: 0
[2026-05-04T09:45:30Z] [WARNING] ⚠️  Git commit skipped or failed (git not initialized?): Command '['git', '-C', '/home/avalonas/.hermes/gematria/unified_overnight_research', 'add', '.']' returned non-zero exit status 128.
[2026-05-04T09:45:30Z] [INFO] 
📊 CYCLE #10 SUMMARY
[2026-05-04T09:45:30Z] [INFO] ✅ Successful tasks: 7/7
[2026-05-04T09:45:30Z] [INFO] ⏱️  Cycle duration: 6.41s
[2026-05-04T09:45:30Z] [INFO]    ⚠️ task: result
[2026-05-04T09:45:30Z] [INFO]    ⚠️ task: result
[2026-05-04T09:45:30Z] [INFO]    ⚠️ task: result
[2026-05-04T09:45:30Z] [INFO]    ⚠️ task: result
[2026-05-04T09:45:30Z] [INFO]    ⚠️ task: result
[2026-05-04T09:45:30Z] [INFO]    ⚠️ task: result
[2026-05-04T09:45:30Z] [INFO]    ⚠️ task: result
[2026-05-04T09:45:30Z] [HEADER] ================================================================================
[2026-05-04T09:45:30Z] [INFO] 🔄 OVERNIGHT RESEARCH PIPELINE - CYCLE #11
[2026-05-04T09:45:30Z] [INFO] ================================================================================
[2026-05-04T09:45:30Z] [HEADER] ============================================================
[2026-05-04T09:45:30Z] [INFO] 🌙 STARTING OVERNIGHT RESEARCH CYCLE #11
[2026-05-04T09:45:30Z] [INFO] 🔍 Running overnight research protocol (web scraping + cross-symbol analysis)...
[2026-05-04T09:45:30Z] [INFO] 📊 Cycle duration: 0.11s, Files generated: 0
[2026-05-04T09:45:30Z] [WARNING] ⚠️ Database not initialized for cycle counting
[2026-05-04T09:45:30Z] [INFO] 💾 Database updated with cycle results
[2026-05-04T09:45:30Z] [SECTION] ============================================================
[2026-05-04T09:45:30Z] [INFO] 🔮 PHASE: HIDDEN LAYERING DETECTION
[2026-05-04T09:45:30Z] [INFO] 🔗 Hidden layering detection complete. Connections identified: 2
[2026-05-04T09:45:30Z] [SECTION] ============================================================
[2026-05-04T09:45:30Z] [INFO] 🔬 PHASE: DOMAIN CORRELATION ANALYSIS
[2026-05-04T09:45:30Z] [INFO] 📊 Domain correlation matrices created: 1
[2026-05-04T09:45:30Z] [SECTION] ============================================================
[2026-05-04T09:45:30Z] [INFO] 🖼️  PHASE: IMAGE-SEED ANALYSIS
[2026-05-04T09:45:30Z] [INFO] 📂 Image seed analysis bootstrapping from 8 images...
[2026-05-04T09:45:30Z] [SECTION] ============================================================
[2026-05-04T09:45:30Z] [INFO] 📤 PHASE: PUSH COMPONENTS TO TOLARIA
[2026-05-04T09:45:31Z] [INFO] 📦 Components pushed to Tolaria: 5
[2026-05-04T09:45:31Z] [SECTION] ============================================================
[2026-05-04T09:45:31Z] [INFO] 🧩 PHASE: COMPOSER - DOMAIN INTEGRATION SYNTHESIS
[2026-05-04T09:45:31Z] [INFO] 🎨 Domain integrations synthesized: 0
[2026-05-04T09:45:31Z] [SECTION] ============================================================
[2026-05-04T09:45:31Z] [INFO] 🚀 PHASE: ADVANCED OVERNIGHT LOOP
[2026-05-04T09:45:36Z] [INFO] 🔬 Advanced loop completed cycles: 0
[2026-05-04T09:45:36Z] [WARNING] ⚠️  Git commit skipped or failed (git not initialized?): Command '['git', '-C', '/home/avalonas/.hermes/gematria/unified_overnight_research', 'add', '.']' returned non-zero exit status 128.
[2026-05-04T09:45:36Z] [INFO] 
📊 CYCLE #11 SUMMARY
[2026-05-04T09:45:36Z] [INFO] ✅ Successful tasks: 7/7
[2026-05-04T09:45:36Z] [INFO] ⏱️  Cycle duration: 6.45s
[2026-05-04T09:45:36Z] [INFO]    ⚠️ task: result
[2026-05-04T09:45:36Z] [INFO]    ⚠️ task: result
[2026-05-04T09:45:36Z] [INFO]    ⚠️ task: result
[2026-05-04T09:45:36Z] [INFO]    ⚠️ task: result
[2026-05-04T09:45:36Z] [INFO]    ⚠️ task: result
[2026-05-04T09:45:36Z] [INFO]    ⚠️ task: result
[2026-05-04T09:45:36Z] [INFO]    ⚠️ task: result
[2026-05-04T09:45:36Z] [HEADER] ================================================================================
[2026-05-04T09:45:36Z] [INFO] 🔄 OVERNIGHT RESEARCH PIPELINE - CYCLE #12
[2026-05-04T09:45:36Z] [INFO] ================================================================================
[2026-05-04T09:45:36Z] [HEADER] ============================================================
[2026-05-04T09:45:36Z] [INFO] 🌙 STARTING OVERNIGHT RESEARCH CYCLE #12
[2026-05-04T09:45:36Z] [INFO] 🔍 Running overnight research protocol (web scraping + cross-symbol analysis)...
[2026-05-04T09:45:36Z] [INFO] 📊 Cycle duration: 0.11s, Files generated: 0
[2026-05-04T09:45:36Z] [WARNING] ⚠️ Database not initialized for cycle counting
[2026-05-04T09:45:36Z] [INFO] 💾 Database updated with cycle results
[2026-05-04T09:45:36Z] [SECTION] ============================================================
[2026-05-04T09:45:36Z] [INFO] 🔮 PHASE: HIDDEN LAYERING DETECTION
[2026-05-04T09:45:36Z] [INFO] 🔗 Hidden layering detection complete. Connections identified: 2
[2026-05-04T09:45:36Z] [SECTION] ============================================================
[2026-05-04T09:45:36Z] [INFO] 🔬 PHASE: DOMAIN CORRELATION ANALYSIS
[2026-05-04T09:45:36Z] [INFO] 📊 Domain correlation matrices created: 1
[2026-05-04T09:45:36Z] [SECTION] ============================================================
[2026-05-04T09:45:36Z] [INFO] 🖼️  PHASE: IMAGE-SEED ANALYSIS
[2026-05-04T09:45:36Z] [INFO] 📂 Image seed analysis bootstrapping from 8 images...
[2026-05-04T09:45:36Z] [SECTION] ============================================================
[2026-05-04T09:45:36Z] [INFO] 📤 PHASE: PUSH COMPONENTS TO TOLARIA
[2026-05-04T09:45:37Z] [INFO] 📦 Components pushed to Tolaria: 5
[2026-05-04T09:45:37Z] [SECTION] ============================================================
[2026-05-04T09:45:37Z] [INFO] 🧩 PHASE: COMPOSER - DOMAIN INTEGRATION SYNTHESIS
[2026-05-04T09:45:37Z] [INFO] 🎨 Domain integrations synthesized: 0
[2026-05-04T09:45:37Z] [SECTION] ============================================================
[2026-05-04T09:45:37Z] [INFO] 🚀 PHASE: ADVANCED OVERNIGHT LOOP
[2026-05-04T09:45:42Z] [INFO] 🔬 Advanced loop completed cycles: 0
[2026-05-04T09:45:42Z] [WARNING] ⚠️  Git commit skipped or failed (git not initialized?): Command '['git', '-C', '/home/avalonas/.hermes/gematria/unified_overnight_research', 'add', '.']' returned non-zero exit status 128.
[2026-05-04T09:45:42Z] [INFO] 
📊 CYCLE #12 SUMMARY
[2026-05-04T09:45:42Z] [INFO] ✅ Successful tasks: 7/7
[2026-05-04T09:45:42Z] [INFO] ⏱️  Cycle duration: 6.42s
[2026-05-04T09:45:42Z] [INFO]    ⚠️ task: result
[2026-05-04T09:45:42Z] [INFO]    ⚠️ task: result
[2026-05-04T09:45:42Z] [INFO]    ⚠️ task: result
[2026-05-04T09:45:42Z] [INFO]    ⚠️ task: result
[2026-05-04T09:45:42Z] [INFO]    ⚠️ task: result
[2026-05-04T09:45:42Z] [INFO]    ⚠️ task: result
[2026-05-04T09:45:42Z] [INFO]    ⚠️ task: result
[2026-05-04T09:45:42Z] [HEADER] ================================================================================
[2026-05-04T09:45:42Z] [INFO] 🔄 OVERNIGHT RESEARCH PIPELINE - CYCLE #13
[2026-05-04T09:45:42Z] [INFO] ================================================================================
[2026-05-04T09:45:42Z] [HEADER] ============================================================
[2026-05-04T09:45:42Z] [INFO] 🌙 STARTING OVERNIGHT RESEARCH CYCLE #13
[2026-05-04T09:45:42Z] [INFO] 🔍 Running overnight research protocol (web scraping + cross-symbol analysis)...
[2026-05-04T09:45:43Z] [INFO] 📊 Cycle duration: 0.10s, Files generated: 0
[2026-05-04T09:45:43Z] [WARNING] ⚠️ Database not initialized for cycle counting
[2026-05-04T09:45:43Z] [INFO] 💾 Database updated with cycle results
[2026-05-04T09:45:43Z] [SECTION] ============================================================
[2026-05-04T09:45:43Z] [INFO] 🔮 PHASE: HIDDEN LAYERING DETECTION
[2026-05-04T09:45:43Z] [INFO] 🔗 Hidden layering detection complete. Connections identified: 2
[2026-05-04T09:45:43Z] [SECTION] ============================================================
[2026-05-04T09:45:43Z] [INFO] 🔬 PHASE: DOMAIN CORRELATION ANALYSIS
[2026-05-04T09:45:43Z] [INFO] 📊 Domain correlation matrices created: 1
[2026-05-04T09:45:43Z] [SECTION] ============================================================
[2026-05-04T09:45:43Z] [INFO] 🖼️  PHASE: IMAGE-SEED ANALYSIS
[2026-05-04T09:45:43Z] [INFO] 📂 Image seed analysis bootstrapping from 8 images...
[2026-05-04T09:45:43Z] [SECTION] ============================================================
[2026-05-04T09:45:43Z] [INFO] 📤 PHASE: PUSH COMPONENTS TO TOLARIA
[2026-05-04T09:45:44Z] [INFO] 📦 Components pushed to Tolaria: 5
[2026-05-04T09:45:44Z] [SECTION] ============================================================
[2026-05-04T09:45:44Z] [INFO] 🧩 PHASE: COMPOSER - DOMAIN INTEGRATION SYNTHESIS
[2026-05-04T09:45:44Z] [INFO] 🎨 Domain integrations synthesized: 0
[2026-05-04T09:45:44Z] [SECTION] ============================================================
[2026-05-04T09:45:44Z] [INFO] 🚀 PHASE: ADVANCED OVERNIGHT LOOP
[2026-05-04T09:45:49Z] [INFO] 🔬 Advanced loop completed cycles: 0
[2026-05-04T09:45:49Z] [WARNING] ⚠️  Git commit skipped or failed (git not initialized?): Command '['git', '-C', '/home/avalonas/.hermes/gematria/unified_overnight_research', 'add', '.']' returned non-zero exit status 128.
[2026-05-04T09:45:49Z] [INFO] 
📊 CYCLE #13 SUMMARY
[2026-05-04T09:45:49Z] [INFO] ✅ Successful tasks: 7/7
[2026-05-04T09:45:49Z] [INFO] ⏱️  Cycle duration: 6.70s
[2026-05-04T09:45:49Z] [INFO]    ⚠️ task: result
[2026-05-04T09:45:49Z] [INFO]    ⚠️ task: result
[2026-05-04T09:45:49Z] [INFO]    ⚠️ task: result
[2026-05-04T09:45:49Z] [INFO]    ⚠️ task: result
[2026-05-04T09:45:49Z] [INFO]    ⚠️ task: result
[2026-05-04T09:45:49Z] [INFO]    ⚠️ task: result
[2026-05-04T09:45:49Z] [INFO]    ⚠️ task: result
[2026-05-04T09:45:49Z] [HEADER] ================================================================================
[2026-05-04T09:45:49Z] [INFO] 🔄 OVERNIGHT RESEARCH PIPELINE - CYCLE #14
[2026-05-04T09:45:49Z] [INFO] ================================================================================
[2026-05-04T09:45:49Z] [HEADER] ============================================================
[2026-05-04T09:45:49Z] [INFO] 🌙 STARTING OVERNIGHT RESEARCH CYCLE #14
[2026-05-04T09:45:49Z] [INFO] 🔍 Running overnight research protocol (web scraping + cross-symbol analysis)...
[2026-05-04T09:45:49Z] [INFO] 📊 Cycle duration: 0.11s, Files generated: 0
[2026-05-04T09:45:49Z] [WARNING] ⚠️ Database not initialized for cycle counting
[2026-05-04T09:45:49Z] [INFO] 💾 Database updated with cycle results
[2026-05-04T09:45:49Z] [SECTION] ============================================================
[2026-05-04T09:45:49Z] [INFO] 🔮 PHASE: HIDDEN LAYERING DETECTION
[2026-05-04T09:45:49Z] [INFO] 🔗 Hidden layering detection complete. Connections identified: 2
[2026-05-04T09:45:49Z] [SECTION] ============================================================
[2026-05-04T09:45:49Z] [INFO] 🔬 PHASE: DOMAIN CORRELATION ANALYSIS
[2026-05-04T09:45:49Z] [INFO] 📊 Domain correlation matrices created: 1
[2026-05-04T09:45:49Z] [SECTION] ============================================================
[2026-05-04T09:45:49Z] [INFO] 🖼️  PHASE: IMAGE-SEED ANALYSIS
[2026-05-04T09:45:49Z] [INFO] 📂 Image seed analysis bootstrapping from 8 images...
[2026-05-04T09:45:49Z] [SECTION] ============================================================
[2026-05-04T09:45:49Z] [INFO] 📤 PHASE: PUSH COMPONENTS TO TOLARIA
[2026-05-04T09:45:50Z] [INFO] 📦 Components pushed to Tolaria: 5
[2026-05-04T09:45:50Z] [SECTION] ============================================================
[2026-05-04T09:45:50Z] [INFO] 🧩 PHASE: COMPOSER - DOMAIN INTEGRATION SYNTHESIS
[2026-05-04T09:45:50Z] [INFO] 🎨 Domain integrations synthesized: 0
[2026-05-04T09:45:50Z] [SECTION] ============================================================
[2026-05-04T09:45:50Z] [INFO] 🚀 PHASE: ADVANCED OVERNIGHT LOOP
[2026-05-04T09:45:56Z] [INFO] 🔬 Advanced loop completed cycles: 0
[2026-05-04T09:45:56Z] [WARNING] ⚠️  Git commit skipped or failed (git not initialized?): Command '['git', '-C', '/home/avalonas/.hermes/gematria/unified_overnight_research', 'add', '.']' returned non-zero exit status 128.
[2026-05-04T09:45:56Z] [INFO] 
📊 CYCLE #14 SUMMARY
[2026-05-04T09:45:56Z] [INFO] ✅ Successful tasks: 7/7
[2026-05-04T09:45:56Z] [INFO] ⏱️  Cycle duration: 6.37s
[2026-05-04T09:45:56Z] [INFO]    ⚠️ task: result
[2026-05-04T09:45:56Z] [INFO]    ⚠️ task: result
[2026-05-04T09:45:56Z] [INFO]    ⚠️ task: result
[2026-05-04T09:45:56Z] [INFO]    ⚠️ task: result
[2026-05-04T09:45:56Z] [INFO]    ⚠️ task: result
[2026-05-04T09:45:56Z] [INFO]    ⚠️ task: result
[2026-05-04T09:45:56Z] [INFO]    ⚠️ task: result
[2026-05-04T09:45:56Z] [HEADER] ================================================================================
[2026-05-04T09:45:56Z] [INFO] 🔄 OVERNIGHT RESEARCH PIPELINE - CYCLE #15
[2026-05-04T09:45:56Z] [INFO] ================================================================================
[2026-05-04T09:45:56Z] [HEADER] ============================================================
[2026-05-04T09:45:56Z] [INFO] 🌙 STARTING OVERNIGHT RESEARCH CYCLE #15
[2026-05-04T09:45:56Z] [INFO] 🔍 Running overnight research protocol (web scraping + cross-symbol analysis)...
[2026-05-04T09:45:56Z] [INFO] 📊 Cycle duration: 0.11s, Files generated: 0
[2026-05-04T09:45:56Z] [WARNING] ⚠️ Database not initialized for cycle counting
[2026-05-04T09:45:56Z] [INFO] 💾 Database updated with cycle results
[2026-05-04T09:45:56Z] [SECTION] ============================================================
[2026-05-04T09:45:56Z] [INFO] 🔮 PHASE: HIDDEN LAYERING DETECTION
[2026-05-04T09:45:56Z] [INFO] 🔗 Hidden layering detection complete. Connections identified: 2
[2026-05-04T09:45:56Z] [SECTION] ============================================================
[2026-05-04T09:45:56Z] [INFO] 🔬 PHASE: DOMAIN CORRELATION ANALYSIS
[2026-05-04T09:45:56Z] [INFO] 📊 Domain correlation matrices created: 1
[2026-05-04T09:45:56Z] [SECTION] ============================================================
[2026-05-04T09:45:56Z] [INFO] 🖼️  PHASE: IMAGE-SEED ANALYSIS
[2026-05-04T09:45:56Z] [INFO] 📂 Image seed analysis bootstrapping from 8 images...
[2026-05-04T09:45:56Z] [SECTION] ============================================================
[2026-05-04T09:45:56Z] [INFO] 📤 PHASE: PUSH COMPONENTS TO TOLARIA
[2026-05-04T09:45:57Z] [INFO] 📦 Components pushed to Tolaria: 5
[2026-05-04T09:45:57Z] [SECTION] ============================================================
[2026-05-04T09:45:57Z] [INFO] 🧩 PHASE: COMPOSER - DOMAIN INTEGRATION SYNTHESIS
[2026-05-04T09:45:57Z] [INFO] 🎨 Domain integrations synthesized: 0
[2026-05-04T09:45:57Z] [SECTION] ============================================================
[2026-05-04T09:45:57Z] [INFO] 🚀 PHASE: ADVANCED OVERNIGHT LOOP
[2026-05-04T09:46:02Z] [INFO] 🔬 Advanced loop completed cycles: 0
[2026-05-04T09:46:02Z] [WARNING] ⚠️  Git commit skipped or failed (git not initialized?): Command '['git', '-C', '/home/avalonas/.hermes/gematria/unified_overnight_research', 'add', '.']' returned non-zero exit status 128.
[2026-05-04T09:46:02Z] [INFO] 
📊 CYCLE #15 SUMMARY
[2026-05-04T09:46:02Z] [INFO] ✅ Successful tasks: 7/7
[2026-05-04T09:46:02Z] [INFO] ⏱️  Cycle duration: 6.67s
[2026-05-04T09:46:02Z] [INFO]    ⚠️ task: result
[2026-05-04T09:46:02Z] [INFO]    ⚠️ task: result
[2026-05-04T09:46:02Z] [INFO]    ⚠️ task: result
[2026-05-04T09:46:02Z] [INFO]    ⚠️ task: result
[2026-05-04T09:46:02Z] [INFO]    ⚠️ task: result
[2026-05-04T09:46:02Z] [INFO]    ⚠️ task: result
[2026-05-04T09:46:02Z] [INFO]    ⚠️ task: result
[2026-05-04T09:46:02Z] [HEADER] ================================================================================
[2026-05-04T09:46:02Z] [INFO] 🔄 OVERNIGHT RESEARCH PIPELINE - CYCLE #16
[2026-05-04T09:46:02Z] [INFO] ================================================================================
[2026-05-04T09:46:02Z] [HEADER] ============================================================
[2026-05-04T09:46:02Z] [INFO] 🌙 STARTING OVERNIGHT RESEARCH CYCLE #16
[2026-05-04T09:46:02Z] [INFO] 🔍 Running overnight research protocol (web scraping + cross-symbol analysis)...
[2026-05-04T09:46:02Z] [INFO] 📊 Cycle duration: 0.11s, Files generated: 0
[2026-05-04T09:46:02Z] [WARNING] ⚠️ Database not initialized for cycle counting
[2026-05-04T09:46:02Z] [INFO] 💾 Database updated with cycle results
[2026-05-04T09:46:02Z] [SECTION] ============================================================
[2026-05-04T09:46:02Z] [INFO] 🔮 PHASE: HIDDEN LAYERING DETECTION
[2026-05-04T09:46:02Z] [INFO] 🔗 Hidden layering detection complete. Connections identified: 2
[2026-05-04T09:46:02Z] [SECTION] ============================================================
[2026-05-04T09:46:02Z] [INFO] 🔬 PHASE: DOMAIN CORRELATION ANALYSIS
[2026-05-04T09:46:02Z] [INFO] 📊 Domain correlation matrices created: 1
[2026-05-04T09:46:02Z] [SECTION] ============================================================
[2026-05-04T09:46:02Z] [INFO] 🖼️  PHASE: IMAGE-SEED ANALYSIS
[2026-05-04T09:46:02Z] [INFO] 📂 Image seed analysis bootstrapping from 8 images...
[2026-05-04T09:46:02Z] [SECTION] ============================================================
[2026-05-04T09:46:02Z] [INFO] 📤 PHASE: PUSH COMPONENTS TO TOLARIA
[2026-05-04T09:46:04Z] [INFO] 📦 Components pushed to Tolaria: 5
[2026-05-04T09:46:04Z] [SECTION] ============================================================
[2026-05-04T09:46:04Z] [INFO] 🧩 PHASE: COMPOSER - DOMAIN INTEGRATION SYNTHESIS
[2026-05-04T09:46:04Z] [INFO] 🎨 Domain integrations synthesized: 0
[2026-05-04T09:46:04Z] [SECTION] ============================================================
[2026-05-04T09:46:04Z] [INFO] 🚀 PHASE: ADVANCED OVERNIGHT LOOP
[2026-05-04T09:46:09Z] [INFO] 🔬 Advanced loop completed cycles: 0
[2026-05-04T09:46:09Z] [WARNING] ⚠️  Git commit skipped or failed (git not initialized?): Command '['git', '-C', '/home/avalonas/.hermes/gematria/unified_overnight_research', 'add', '.']' returned non-zero exit status 128.
[2026-05-04T09:46:09Z] [INFO] 
📊 CYCLE #16 SUMMARY
[2026-05-04T09:46:09Z] [INFO] ✅ Successful tasks: 7/7
[2026-05-04T09:46:09Z] [INFO] ⏱️  Cycle duration: 6.98s
[2026-05-04T09:46:09Z] [INFO]    ⚠️ task: result
[2026-05-04T09:46:09Z] [INFO]    ⚠️ task: result
[2026-05-04T09:46:09Z] [INFO]    ⚠️ task: result
[2026-05-04T09:46:09Z] [INFO]    ⚠️ task: result
[2026-05-04T09:46:09Z] [INFO]    ⚠️ task: result
[2026-05-04T09:46:09Z] [INFO]    ⚠️ task: result
[2026-05-04T09:46:09Z] [INFO]    ⚠️ task: result
[2026-05-04T09:46:09Z] [HEADER] ================================================================================
[2026-05-04T09:46:09Z] [INFO] 🔄 OVERNIGHT RESEARCH PIPELINE - CYCLE #17
[2026-05-04T09:46:09Z] [INFO] ================================================================================
[2026-05-04T09:46:09Z] [HEADER] ============================================================
[2026-05-04T09:46:09Z] [INFO] 🌙 STARTING OVERNIGHT RESEARCH CYCLE #17
[2026-05-04T09:46:09Z] [INFO] 🔍 Running overnight research protocol (web scraping + cross-symbol analysis)...
[2026-05-04T09:46:09Z] [INFO] 📊 Cycle duration: 0.11s, Files generated: 0
[2026-05-04T09:46:09Z] [WARNING] ⚠️ Database not initialized for cycle counting
[2026-05-04T09:46:09Z] [INFO] 💾 Database updated with cycle results
[2026-05-04T09:46:09Z] [SECTION] ============================================================
[2026-05-04T09:46:09Z] [INFO] 🔮 PHASE: HIDDEN LAYERING DETECTION
[2026-05-04T09:46:09Z] [INFO] 🔗 Hidden layering detection complete. Connections identified: 2
[2026-05-04T09:46:09Z] [SECTION] ============================================================
[2026-05-04T09:46:09Z] [INFO] 🔬 PHASE: DOMAIN CORRELATION ANALYSIS
[2026-05-04T09:46:09Z] [INFO] 📊 Domain correlation matrices created: 1
[2026-05-04T09:46:09Z] [SECTION] ============================================================
[2026-05-04T09:46:09Z] [INFO] 🖼️  PHASE: IMAGE-SEED ANALYSIS
[2026-05-04T09:46:09Z] [INFO] 📂 Image seed analysis bootstrapping from 8 images...
[2026-05-04T09:46:09Z] [SECTION] ============================================================
[2026-05-04T09:46:09Z] [INFO] 📤 PHASE: PUSH COMPONENTS TO TOLARIA
[2026-05-04T09:46:10Z] [INFO] 📦 Components pushed to Tolaria: 5
[2026-05-04T09:46:10Z] [SECTION] ============================================================
[2026-05-04T09:46:10Z] [INFO] 🧩 PHASE: COMPOSER - DOMAIN INTEGRATION SYNTHESIS
[2026-05-04T09:46:11Z] [INFO] 🎨 Domain integrations synthesized: 0
[2026-05-04T09:46:11Z] [SECTION] ============================================================
[2026-05-04T09:46:11Z] [INFO] 🚀 PHASE: ADVANCED OVERNIGHT LOOP
[2026-05-04T09:46:16Z] [INFO] 🔬 Advanced loop completed cycles: 0
[2026-05-04T09:46:16Z] [WARNING] ⚠️  Git commit skipped or failed (git not initialized?): Command '['git', '-C', '/home/avalonas/.hermes/gematria/unified_overnight_research', 'add', '.']' returned non-zero exit status 128.
[2026-05-04T09:46:16Z] [INFO] 
📊 CYCLE #17 SUMMARY
[2026-05-04T09:46:16Z] [INFO] ✅ Successful tasks: 7/7
[2026-05-04T09:46:16Z] [INFO] ⏱️  Cycle duration: 6.56s
[2026-05-04T09:46:16Z] [INFO]    ⚠️ task: result
[2026-05-04T09:46:16Z] [INFO]    ⚠️ task: result
[2026-05-04T09:46:16Z] [INFO]    ⚠️ task: result
[2026-05-04T09:46:16Z] [INFO]    ⚠️ task: result
[2026-05-04T09:46:16Z] [INFO]    ⚠️ task: result
[2026-05-04T09:46:16Z] [INFO]    ⚠️ task: result
[2026-05-04T09:46:16Z] [INFO]    ⚠️ task: result
[2026-05-04T09:46:16Z] [HEADER] ================================================================================
[2026-05-04T09:46:16Z] [INFO] 🔄 OVERNIGHT RESEARCH PIPELINE - CYCLE #18
[2026-05-04T09:46:16Z] [INFO] ================================================================================
[2026-05-04T09:46:16Z] [HEADER] ============================================================
[2026-05-04T09:46:16Z] [INFO] 🌙 STARTING OVERNIGHT RESEARCH CYCLE #18
[2026-05-04T09:46:16Z] [INFO] 🔍 Running overnight research protocol (web scraping + cross-symbol analysis)...
[2026-05-04T09:46:16Z] [INFO] 📊 Cycle duration: 0.11s, Files generated: 0
[2026-05-04T09:46:16Z] [WARNING] ⚠️ Database not initialized for cycle counting
[2026-05-04T09:46:16Z] [INFO] 💾 Database updated with cycle results
[2026-05-04T09:46:16Z] [SECTION] ============================================================
[2026-05-04T09:46:16Z] [INFO] 🔮 PHASE: HIDDEN LAYERING DETECTION
[2026-05-04T09:46:16Z] [INFO] 🔗 Hidden layering detection complete. Connections identified: 2
[2026-05-04T09:46:16Z] [SECTION] ============================================================
[2026-05-04T09:46:16Z] [INFO] 🔬 PHASE: DOMAIN CORRELATION ANALYSIS
[2026-05-04T09:46:16Z] [INFO] 📊 Domain correlation matrices created: 1
[2026-05-04T09:46:16Z] [SECTION] ============================================================
[2026-05-04T09:46:16Z] [INFO] 🖼️  PHASE: IMAGE-SEED ANALYSIS
[2026-05-04T09:46:16Z] [INFO] 📂 Image seed analysis bootstrapping from 8 images...
[2026-05-04T09:46:16Z] [SECTION] ============================================================
[2026-05-04T09:46:16Z] [INFO] 📤 PHASE: PUSH COMPONENTS TO TOLARIA
[2026-05-04T09:46:17Z] [INFO] 📦 Components pushed to Tolaria: 5
[2026-05-04T09:46:17Z] [SECTION] ============================================================
[2026-05-04T09:46:17Z] [INFO] 🧩 PHASE: COMPOSER - DOMAIN INTEGRATION SYNTHESIS
[2026-05-04T09:46:17Z] [INFO] 🎨 Domain integrations synthesized: 0
[2026-05-04T09:46:17Z] [SECTION] ============================================================
[2026-05-04T09:46:17Z] [INFO] 🚀 PHASE: ADVANCED OVERNIGHT LOOP
[2026-05-04T09:46:22Z] [INFO] 🔬 Advanced loop completed cycles: 0
[2026-05-04T09:46:22Z] [WARNING] ⚠️  Git commit skipped or failed (git not initialized?): Command '['git', '-C', '/home/avalonas/.hermes/gematria/unified_overnight_research', 'add', '.']' returned non-zero exit status 128.
[2026-05-04T09:46:22Z] [INFO] 
📊 CYCLE #18 SUMMARY
[2026-05-04T09:46:22Z] [INFO] ✅ Successful tasks: 7/7
[2026-05-04T09:46:22Z] [INFO] ⏱️  Cycle duration: 6.40s
[2026-05-04T09:46:22Z] [INFO]    ⚠️ task: result
[2026-05-04T09:46:22Z] [INFO]    ⚠️ task: result
[2026-05-04T09:46:22Z] [INFO]    ⚠️ task: result
[2026-05-04T09:46:22Z] [INFO]    ⚠️ task: result
[2026-05-04T09:46:22Z] [INFO]    ⚠️ task: result
[2026-05-04T09:46:22Z] [INFO]    ⚠️ task: result
[2026-05-04T09:46:22Z] [INFO]    ⚠️ task: result
[2026-05-04T09:46:22Z] [HEADER] ================================================================================
[2026-05-04T09:46:22Z] [INFO] 🔄 OVERNIGHT RESEARCH PIPELINE - CYCLE #19
[2026-05-04T09:46:22Z] [INFO] ================================================================================
[2026-05-04T09:46:22Z] [HEADER] ============================================================
[2026-05-04T09:46:22Z] [INFO] 🌙 STARTING OVERNIGHT RESEARCH CYCLE #19
[2026-05-04T09:46:22Z] [INFO] 🔍 Running overnight research protocol (web scraping + cross-symbol analysis)...
[2026-05-04T09:46:22Z] [INFO] 📊 Cycle duration: 0.10s, Files generated: 0
[2026-05-04T09:46:22Z] [WARNING] ⚠️ Database not initialized for cycle counting
[2026-05-04T09:46:22Z] [INFO] 💾 Database updated with cycle results
[2026-05-04T09:46:22Z] [SECTION] ============================================================
[2026-05-04T09:46:22Z] [INFO] 🔮 PHASE: HIDDEN LAYERING DETECTION
[2026-05-04T09:46:22Z] [INFO] 🔗 Hidden layering detection complete. Connections identified: 2
[2026-05-04T09:46:22Z] [SECTION] ============================================================
[2026-05-04T09:46:22Z] [INFO] 🔬 PHASE: DOMAIN CORRELATION ANALYSIS
[2026-05-04T09:46:22Z] [INFO] 📊 Domain correlation matrices created: 1
[2026-05-04T09:46:22Z] [SECTION] ============================================================
[2026-05-04T09:46:22Z] [INFO] 🖼️  PHASE: IMAGE-SEED ANALYSIS
[2026-05-04T09:46:22Z] [INFO] 📂 Image seed analysis bootstrapping from 8 images...
[2026-05-04T09:46:22Z] [SECTION] ============================================================
[2026-05-04T09:46:22Z] [INFO] 📤 PHASE: PUSH COMPONENTS TO TOLARIA
[2026-05-04T09:46:23Z] [INFO] 📦 Components pushed to Tolaria: 5
[2026-05-04T09:46:23Z] [SECTION] ============================================================
[2026-05-04T09:46:23Z] [INFO] 🧩 PHASE: COMPOSER - DOMAIN INTEGRATION SYNTHESIS
[2026-05-04T09:46:23Z] [INFO] 🎨 Domain integrations synthesized: 0
[2026-05-04T09:46:23Z] [SECTION] ============================================================
[2026-05-04T09:46:23Z] [INFO] 🚀 PHASE: ADVANCED OVERNIGHT LOOP
[2026-05-04T09:46:28Z] [INFO] 🔬 Advanced loop completed cycles: 0
[2026-05-04T09:46:28Z] [WARNING] ⚠️  Git commit skipped or failed (git not initialized?): Command '['git', '-C', '/home/avalonas/.hermes/gematria/unified_overnight_research', 'add', '.']' returned non-zero exit status 128.
[2026-05-04T09:46:28Z] [INFO] 
📊 CYCLE #19 SUMMARY
[2026-05-04T09:46:28Z] [INFO] ✅ Successful tasks: 7/7
[2026-05-04T09:46:28Z] [INFO] ⏱️  Cycle duration: 6.37s
[2026-05-04T09:46:28Z] [INFO]    ⚠️ task: result
[2026-05-04T09:46:28Z] [INFO]    ⚠️ task: result
[2026-05-04T09:46:28Z] [INFO]    ⚠️ task: result
[2026-05-04T09:46:28Z] [INFO]    ⚠️ task: result
[2026-05-04T09:46:28Z] [INFO]    ⚠️ task: result
[2026-05-04T09:46:28Z] [INFO]    ⚠️ task: result
[2026-05-04T09:46:28Z] [INFO]    ⚠️ task: result
[2026-05-04T09:46:28Z] [HEADER] ================================================================================
[2026-05-04T09:46:28Z] [INFO] 🔄 OVERNIGHT RESEARCH PIPELINE - CYCLE #20
[2026-05-04T09:46:28Z] [INFO] ================================================================================
[2026-05-04T09:46:28Z] [HEADER] ============================================================
[2026-05-04T09:46:28Z] [INFO] 🌙 STARTING OVERNIGHT RESEARCH CYCLE #20
[2026-05-04T09:46:28Z] [INFO] 🔍 Running overnight research protocol (web scraping + cross-symbol analysis)...
[2026-05-04T09:46:29Z] [INFO] 📊 Cycle duration: 0.12s, Files generated: 0
[2026-05-04T09:46:29Z] [WARNING] ⚠️ Database not initialized for cycle counting
[2026-05-04T09:46:29Z] [INFO] 💾 Database updated with cycle results
[2026-05-04T09:46:29Z] [SECTION] ============================================================
[2026-05-04T09:46:29Z] [INFO] 🔮 PHASE: HIDDEN LAYERING DETECTION
[2026-05-04T09:46:29Z] [INFO] 🔗 Hidden layering detection complete. Connections identified: 2
[2026-05-04T09:46:29Z] [SECTION] ============================================================
[2026-05-04T09:46:29Z] [INFO] 🔬 PHASE: DOMAIN CORRELATION ANALYSIS
[2026-05-04T09:46:29Z] [INFO] 📊 Domain correlation matrices created: 1
[2026-05-04T09:46:29Z] [SECTION] ============================================================
[2026-05-04T09:46:29Z] [INFO] 🖼️  PHASE: IMAGE-SEED ANALYSIS
[2026-05-04T09:46:29Z] [INFO] 📂 Image seed analysis bootstrapping from 8 images...
[2026-05-04T09:46:29Z] [SECTION] ============================================================
[2026-05-04T09:46:29Z] [INFO] 📤 PHASE: PUSH COMPONENTS TO TOLARIA
[2026-05-04T09:46:30Z] [INFO] 📦 Components pushed to Tolaria: 5
[2026-05-04T09:46:30Z] [SECTION] ============================================================
[2026-05-04T09:46:30Z] [INFO] 🧩 PHASE: COMPOSER - DOMAIN INTEGRATION SYNTHESIS
[2026-05-04T09:46:30Z] [INFO] 🎨 Domain integrations synthesized: 0
[2026-05-04T09:46:30Z] [SECTION] ============================================================
[2026-05-04T09:46:30Z] [INFO] 🚀 PHASE: ADVANCED OVERNIGHT LOOP
[2026-05-04T09:46:35Z] [INFO] 🔬 Advanced loop completed cycles: 0
[2026-05-04T09:46:35Z] [WARNING] ⚠️  Git commit skipped or failed (git not initialized?): Command '['git', '-C', '/home/avalonas/.hermes/gematria/unified_overnight_research', 'add', '.']' returned non-zero exit status 128.
[2026-05-04T09:46:35Z] [INFO] 
📊 CYCLE #20 SUMMARY
[2026-05-04T09:46:35Z] [INFO] ✅ Successful tasks: 7/7
[2026-05-04T09:46:35Z] [INFO] ⏱️  Cycle duration: 6.46s
[2026-05-04T09:46:35Z] [INFO]    ⚠️ task: result
[2026-05-04T09:46:35Z] [INFO]    ⚠️ task: result
[2026-05-04T09:46:35Z] [INFO]    ⚠️ task: result
[2026-05-04T09:46:35Z] [INFO]    ⚠️ task: result
[2026-05-04T09:46:35Z] [INFO]    ⚠️ task: result
[2026-05-04T09:46:35Z] [INFO]    ⚠️ task: result
[2026-05-04T09:46:35Z] [INFO]    ⚠️ task: result
[2026-05-04T09:46:35Z] [HEADER] ================================================================================
[2026-05-04T09:46:35Z] [INFO] 🔄 OVERNIGHT RESEARCH PIPELINE - CYCLE #21
[2026-05-04T09:46:35Z] [INFO] ================================================================================
[2026-05-04T09:46:35Z] [HEADER] ============================================================
[2026-05-04T09:46:35Z] [INFO] 🌙 STARTING OVERNIGHT RESEARCH CYCLE #21
[2026-05-04T09:46:35Z] [INFO] 🔍 Running overnight research protocol (web scraping + cross-symbol analysis)...
[2026-05-04T09:46:35Z] [INFO] 📊 Cycle duration: 0.11s, Files generated: 0
[2026-05-04T09:46:35Z] [WARNING] ⚠️ Database not initialized for cycle counting
[2026-05-04T09:46:35Z] [INFO] 💾 Database updated with cycle results
[2026-05-04T09:46:35Z] [SECTION] ============================================================
[2026-05-04T09:46:35Z] [INFO] 🔮 PHASE: HIDDEN LAYERING DETECTION
[2026-05-04T09:46:35Z] [INFO] 🔗 Hidden layering detection complete. Connections identified: 2
[2026-05-04T09:46:35Z] [SECTION] ============================================================
[2026-05-04T09:46:35Z] [INFO] 🔬 PHASE: DOMAIN CORRELATION ANALYSIS
[2026-05-04T09:46:35Z] [INFO] 📊 Domain correlation matrices created: 1
[2026-05-04T09:46:35Z] [SECTION] ============================================================
[2026-05-04T09:46:35Z] [INFO] 🖼️  PHASE: IMAGE-SEED ANALYSIS
[2026-05-04T09:46:35Z] [INFO] 📂 Image seed analysis bootstrapping from 8 images...
[2026-05-04T09:46:35Z] [SECTION] ============================================================
[2026-05-04T09:46:35Z] [INFO] 📤 PHASE: PUSH COMPONENTS TO TOLARIA
[2026-05-04T09:46:36Z] [INFO] 📦 Components pushed to Tolaria: 5
[2026-05-04T09:46:36Z] [SECTION] ============================================================
[2026-05-04T09:46:36Z] [INFO] 🧩 PHASE: COMPOSER - DOMAIN INTEGRATION SYNTHESIS
[2026-05-04T09:46:36Z] [INFO] 🎨 Domain integrations synthesized: 0
[2026-05-04T09:46:36Z] [SECTION] ============================================================
[2026-05-04T09:46:36Z] [INFO] 🚀 PHASE: ADVANCED OVERNIGHT LOOP
[2026-05-04T09:46:41Z] [INFO] 🔬 Advanced loop completed cycles: 0
[2026-05-04T09:46:41Z] [WARNING] ⚠️  Git commit skipped or failed (git not initialized?): Command '['git', '-C', '/home/avalonas/.hermes/gematria/unified_overnight_research', 'add', '.']' returned non-zero exit status 128.
[2026-05-04T09:46:41Z] [INFO] 
📊 CYCLE #21 SUMMARY
[2026-05-04T09:46:41Z] [INFO] ✅ Successful tasks: 7/7
[2026-05-04T09:46:41Z] [INFO] ⏱️  Cycle duration: 6.37s
[2026-05-04T09:46:41Z] [INFO]    ⚠️ task: result
[2026-05-04T09:46:41Z] [INFO]    ⚠️ task: result
[2026-05-04T09:46:41Z] [INFO]    ⚠️ task: result
[2026-05-04T09:46:41Z] [INFO]    ⚠️ task: result
[2026-05-04T09:46:41Z] [INFO]    ⚠️ task: result
[2026-05-04T09:46:41Z] [INFO]    ⚠️ task: result
[2026-05-04T09:46:41Z] [INFO]    ⚠️ task: result
[2026-05-04T09:46:41Z] [HEADER] ================================================================================
[2026-05-04T09:46:41Z] [INFO] 🔄 OVERNIGHT RESEARCH PIPELINE - CYCLE #22
[2026-05-04T09:46:41Z] [INFO] ================================================================================
[2026-05-04T09:46:41Z] [HEADER] ============================================================
[2026-05-04T09:46:41Z] [INFO] 🌙 STARTING OVERNIGHT RESEARCH CYCLE #22
[2026-05-04T09:46:41Z] [INFO] 🔍 Running overnight research protocol (web scraping + cross-symbol analysis)...
[2026-05-04T09:46:41Z] [INFO] 📊 Cycle duration: 0.11s, Files generated: 0
[2026-05-04T09:46:41Z] [WARNING] ⚠️ Database not initialized for cycle counting
[2026-05-04T09:46:41Z] [INFO] 💾 Database updated with cycle results
[2026-05-04T09:46:41Z] [SECTION] ============================================================
[2026-05-04T09:46:41Z] [INFO] 🔮 PHASE: HIDDEN LAYERING DETECTION
[2026-05-04T09:46:41Z] [INFO] 🔗 Hidden layering detection complete. Connections identified: 2
[2026-05-04T09:46:41Z] [SECTION] ============================================================
[2026-05-04T09:46:41Z] [INFO] 🔬 PHASE: DOMAIN CORRELATION ANALYSIS
[2026-05-04T09:46:41Z] [INFO] 📊 Domain correlation matrices created: 1
[2026-05-04T09:46:41Z] [SECTION] ============================================================
[2026-05-04T09:46:41Z] [INFO] 🖼️  PHASE: IMAGE-SEED ANALYSIS
[2026-05-04T09:46:41Z] [INFO] 📂 Image seed analysis bootstrapping from 8 images...
[2026-05-04T09:46:42Z] [SECTION] ============================================================
[2026-05-04T09:46:42Z] [INFO] 📤 PHASE: PUSH COMPONENTS TO TOLARIA
[2026-05-04T09:46:42Z] [INFO] 📦 Components pushed to Tolaria: 5
[2026-05-04T09:46:42Z] [SECTION] ============================================================
[2026-05-04T09:46:42Z] [INFO] 🧩 PHASE: COMPOSER - DOMAIN INTEGRATION SYNTHESIS
[2026-05-04T09:46:43Z] [INFO] 🎨 Domain integrations synthesized: 0
[2026-05-04T09:46:43Z] [SECTION] ============================================================
[2026-05-04T09:46:43Z] [INFO] 🚀 PHASE: ADVANCED OVERNIGHT LOOP
[2026-05-04T09:46:48Z] [INFO] 🔬 Advanced loop completed cycles: 0
[2026-05-04T09:46:48Z] [WARNING] ⚠️  Git commit skipped or failed (git not initialized?): Command '['git', '-C', '/home/avalonas/.hermes/gematria/unified_overnight_research', 'add', '.']' returned non-zero exit status 128.
[2026-05-04T09:46:48Z] [INFO] 
📊 CYCLE #22 SUMMARY
[2026-05-04T09:46:48Z] [INFO] ✅ Successful tasks: 7/7
[2026-05-04T09:46:48Z] [INFO] ⏱️  Cycle duration: 6.39s
[2026-05-04T09:46:48Z] [INFO]    ⚠️ task: result
[2026-05-04T09:46:48Z] [INFO]    ⚠️ task: result
[2026-05-04T09:46:48Z] [INFO]    ⚠️ task: result
[2026-05-04T09:46:48Z] [INFO]    ⚠️ task: result
[2026-05-04T09:46:48Z] [INFO]    ⚠️ task: result
[2026-05-04T09:46:48Z] [INFO]    ⚠️ task: result
[2026-05-04T09:46:48Z] [INFO]    ⚠️ task: result
[2026-05-04T09:46:48Z] [HEADER] ================================================================================
[2026-05-04T09:46:48Z] [INFO] 🔄 OVERNIGHT RESEARCH PIPELINE - CYCLE #23
[2026-05-04T09:46:48Z] [INFO] ================================================================================
[2026-05-04T09:46:48Z] [HEADER] ============================================================
[2026-05-04T09:46:48Z] [INFO] 🌙 STARTING OVERNIGHT RESEARCH CYCLE #23
[2026-05-04T09:46:48Z] [INFO] 🔍 Running overnight research protocol (web scraping + cross-symbol analysis)...
[2026-05-04T09:46:48Z] [INFO] 📊 Cycle duration: 0.11s, Files generated: 0
[2026-05-04T09:46:48Z] [WARNING] ⚠️ Database not initialized for cycle counting
[2026-05-04T09:46:48Z] [INFO] 💾 Database updated with cycle results
[2026-05-04T09:46:48Z] [SECTION] ============================================================
[2026-05-04T09:46:48Z] [INFO] 🔮 PHASE: HIDDEN LAYERING DETECTION
[2026-05-04T09:46:48Z] [INFO] 🔗 Hidden layering detection complete. Connections identified: 2
[2026-05-04T09:46:48Z] [SECTION] ============================================================
[2026-05-04T09:46:48Z] [INFO] 🔬 PHASE: DOMAIN CORRELATION ANALYSIS
[2026-05-04T09:46:48Z] [INFO] 📊 Domain correlation matrices created: 1
[2026-05-04T09:46:48Z] [SECTION] ============================================================
[2026-05-04T09:46:48Z] [INFO] 🖼️  PHASE: IMAGE-SEED ANALYSIS
[2026-05-04T09:46:48Z] [INFO] 📂 Image seed analysis bootstrapping from 8 images...
[2026-05-04T09:46:48Z] [SECTION] ============================================================
[2026-05-04T09:46:48Z] [INFO] 📤 PHASE: PUSH COMPONENTS TO TOLARIA
[2026-05-04T09:46:49Z] [INFO] 📦 Components pushed to Tolaria: 5
[2026-05-04T09:46:49Z] [SECTION] ============================================================
[2026-05-04T09:46:49Z] [INFO] 🧩 PHASE: COMPOSER - DOMAIN INTEGRATION SYNTHESIS
[2026-05-04T09:46:49Z] [INFO] 🎨 Domain integrations synthesized: 0
[2026-05-04T09:46:49Z] [SECTION] ============================================================
[2026-05-04T09:46:49Z] [INFO] 🚀 PHASE: ADVANCED OVERNIGHT LOOP
[2026-05-04T09:46:54Z] [INFO] 🔬 Advanced loop completed cycles: 0
[2026-05-04T09:46:54Z] [WARNING] ⚠️  Git commit skipped or failed (git not initialized?): Command '['git', '-C', '/home/avalonas/.hermes/gematria/unified_overnight_research', 'add', '.']' returned non-zero exit status 128.
[2026-05-04T09:46:54Z] [INFO] 
📊 CYCLE #23 SUMMARY
[2026-05-04T09:46:54Z] [INFO] ✅ Successful tasks: 7/7
[2026-05-04T09:46:54Z] [INFO] ⏱️  Cycle duration: 6.31s
[2026-05-04T09:46:54Z] [INFO]    ⚠️ task: result
[2026-05-04T09:46:54Z] [INFO]    ⚠️ task: result
[2026-05-04T09:46:54Z] [INFO]    ⚠️ task: result
[2026-05-04T09:46:54Z] [INFO]    ⚠️ task: result
[2026-05-04T09:46:54Z] [INFO]    ⚠️ task: result
[2026-05-04T09:46:54Z] [INFO]    ⚠️ task: result
[2026-05-04T09:46:54Z] [INFO]    ⚠️ task: result
[2026-05-04T09:46:54Z] [HEADER] ================================================================================
[2026-05-04T09:46:54Z] [INFO] 🔄 OVERNIGHT RESEARCH PIPELINE - CYCLE #24
[2026-05-04T09:46:54Z] [INFO] ================================================================================
[2026-05-04T09:46:54Z] [HEADER] ============================================================
[2026-05-04T09:46:54Z] [INFO] 🌙 STARTING OVERNIGHT RESEARCH CYCLE #24
[2026-05-04T09:46:54Z] [INFO] 🔍 Running overnight research protocol (web scraping + cross-symbol analysis)...
[2026-05-04T09:46:54Z] [INFO] 📊 Cycle duration: 0.11s, Files generated: 0
[2026-05-04T09:46:54Z] [WARNING] ⚠️ Database not initialized for cycle counting
[2026-05-04T09:46:54Z] [INFO] 💾 Database updated with cycle results
[2026-05-04T09:46:54Z] [SECTION] ============================================================
[2026-05-04T09:46:54Z] [INFO] 🔮 PHASE: HIDDEN LAYERING DETECTION
[2026-05-04T09:46:54Z] [INFO] 🔗 Hidden layering detection complete. Connections identified: 2
[2026-05-04T09:46:54Z] [SECTION] ============================================================
[2026-05-04T09:46:54Z] [INFO] 🔬 PHASE: DOMAIN CORRELATION ANALYSIS
[2026-05-04T09:46:54Z] [INFO] 📊 Domain correlation matrices created: 1
[2026-05-04T09:46:54Z] [SECTION] ============================================================
[2026-05-04T09:46:54Z] [INFO] 🖼️  PHASE: IMAGE-SEED ANALYSIS
[2026-05-04T09:46:54Z] [INFO] 📂 Image seed analysis bootstrapping from 8 images...
[2026-05-04T09:46:54Z] [SECTION] ============================================================
[2026-05-04T09:46:54Z] [INFO] 📤 PHASE: PUSH COMPONENTS TO TOLARIA
[2026-05-04T09:46:55Z] [INFO] 📦 Components pushed to Tolaria: 5
[2026-05-04T09:46:55Z] [SECTION] ============================================================
[2026-05-04T09:46:55Z] [INFO] 🧩 PHASE: COMPOSER - DOMAIN INTEGRATION SYNTHESIS
[2026-05-04T09:46:55Z] [INFO] 🎨 Domain integrations synthesized: 0
[2026-05-04T09:46:55Z] [SECTION] ============================================================
[2026-05-04T09:46:55Z] [INFO] 🚀 PHASE: ADVANCED OVERNIGHT LOOP
[2026-05-04T09:47:01Z] [INFO] 🔬 Advanced loop completed cycles: 0
[2026-05-04T09:47:01Z] [WARNING] ⚠️  Git commit skipped or failed (git not initialized?): Command '['git', '-C', '/home/avalonas/.hermes/gematria/unified_overnight_research', 'add', '.']' returned non-zero exit status 128.
[2026-05-04T09:47:01Z] [INFO] 
📊 CYCLE #24 SUMMARY
[2026-05-04T09:47:01Z] [INFO] ✅ Successful tasks: 7/7
[2026-05-04T09:47:01Z] [INFO] ⏱️  Cycle duration: 6.50s
[2026-05-04T09:47:01Z] [INFO]    ⚠️ task: result
[2026-05-04T09:47:01Z] [INFO]    ⚠️ task: result
[2026-05-04T09:47:01Z] [INFO]    ⚠️ task: result
[2026-05-04T09:47:01Z] [INFO]    ⚠️ task: result
[2026-05-04T09:47:01Z] [INFO]    ⚠️ task: result
[2026-05-04T09:47:01Z] [INFO]    ⚠️ task: result
[2026-05-04T09:47:01Z] [INFO]    ⚠️ task: result
[2026-05-04T09:47:01Z] [HEADER] ================================================================================
[2026-05-04T09:47:01Z] [INFO] 🔄 OVERNIGHT RESEARCH PIPELINE - CYCLE #25
[2026-05-04T09:47:01Z] [INFO] ================================================================================
[2026-05-04T09:47:01Z] [HEADER] ============================================================
[2026-05-04T09:47:01Z] [INFO] 🌙 STARTING OVERNIGHT RESEARCH CYCLE #25
[2026-05-04T09:47:01Z] [INFO] 🔍 Running overnight research protocol (web scraping + cross-symbol analysis)...
[2026-05-04T09:47:01Z] [INFO] 📊 Cycle duration: 0.11s, Files generated: 0
[2026-05-04T09:47:01Z] [WARNING] ⚠️ Database not initialized for cycle counting
[2026-05-04T09:47:01Z] [INFO] 💾 Database updated with cycle results
[2026-05-04T09:47:01Z] [SECTION] ============================================================
[2026-05-04T09:47:01Z] [INFO] 🔮 PHASE: HIDDEN LAYERING DETECTION
[2026-05-04T09:47:01Z] [INFO] 🔗 Hidden layering detection complete. Connections identified: 2
[2026-05-04T09:47:01Z] [SECTION] ============================================================
[2026-05-04T09:47:01Z] [INFO] 🔬 PHASE: DOMAIN CORRELATION ANALYSIS
[2026-05-04T09:47:01Z] [INFO] 📊 Domain correlation matrices created: 1
[2026-05-04T09:47:01Z] [SECTION] ============================================================
[2026-05-04T09:47:01Z] [INFO] 🖼️  PHASE: IMAGE-SEED ANALYSIS
[2026-05-04T09:47:01Z] [INFO] 📂 Image seed analysis bootstrapping from 8 images...
[2026-05-04T09:47:01Z] [SECTION] ============================================================
[2026-05-04T09:47:01Z] [INFO] 📤 PHASE: PUSH COMPONENTS TO TOLARIA
[2026-05-04T09:47:02Z] [INFO] 📦 Components pushed to Tolaria: 5
[2026-05-04T09:47:02Z] [SECTION] ============================================================
[2026-05-04T09:47:02Z] [INFO] 🧩 PHASE: COMPOSER - DOMAIN INTEGRATION SYNTHESIS
[2026-05-04T09:47:02Z] [INFO] 🎨 Domain integrations synthesized: 0
[2026-05-04T09:47:02Z] [SECTION] ============================================================
[2026-05-04T09:47:02Z] [INFO] 🚀 PHASE: ADVANCED OVERNIGHT LOOP
[2026-05-04T09:47:07Z] [INFO] 🔬 Advanced loop completed cycles: 0
[2026-05-04T09:47:07Z] [WARNING] ⚠️  Git commit skipped or failed (git not initialized?): Command '['git', '-C', '/home/avalonas/.hermes/gematria/unified_overnight_research', 'add', '.']' returned non-zero exit status 128.
[2026-05-04T09:47:07Z] [INFO] 
📊 CYCLE #25 SUMMARY
[2026-05-04T09:47:07Z] [INFO] ✅ Successful tasks: 7/7
[2026-05-04T09:47:07Z] [INFO] ⏱️  Cycle duration: 6.68s
[2026-05-04T09:47:07Z] [INFO]    ⚠️ task: result
[2026-05-04T09:47:07Z] [INFO]    ⚠️ task: result
[2026-05-04T09:47:07Z] [INFO]    ⚠️ task: result
[2026-05-04T09:47:07Z] [INFO]    ⚠️ task: result
[2026-05-04T09:47:07Z] [INFO]    ⚠️ task: result
[2026-05-04T09:47:07Z] [INFO]    ⚠️ task: result
[2026-05-04T09:47:07Z] [INFO]    ⚠️ task: result
[2026-05-04T09:47:07Z] [HEADER] ================================================================================
[2026-05-04T09:47:07Z] [INFO] 🔄 OVERNIGHT RESEARCH PIPELINE - CYCLE #26
[2026-05-04T09:47:07Z] [INFO] ================================================================================
[2026-05-04T09:47:07Z] [HEADER] ============================================================
[2026-05-04T09:47:07Z] [INFO] 🌙 STARTING OVERNIGHT RESEARCH CYCLE #26
[2026-05-04T09:47:07Z] [INFO] 🔍 Running overnight research protocol (web scraping + cross-symbol analysis)...
[2026-05-04T09:47:07Z] [INFO] 📊 Cycle duration: 0.11s, Files generated: 0
[2026-05-04T09:47:07Z] [WARNING] ⚠️ Database not initialized for cycle counting
[2026-05-04T09:47:07Z] [INFO] 💾 Database updated with cycle results
[2026-05-04T09:47:07Z] [SECTION] ============================================================
[2026-05-04T09:47:07Z] [INFO] 🔮 PHASE: HIDDEN LAYERING DETECTION
[2026-05-04T09:47:07Z] [INFO] 🔗 Hidden layering detection complete. Connections identified: 2
[2026-05-04T09:47:07Z] [SECTION] ============================================================
[2026-05-04T09:47:07Z] [INFO] 🔬 PHASE: DOMAIN CORRELATION ANALYSIS
[2026-05-04T09:47:07Z] [INFO] 📊 Domain correlation matrices created: 1
[2026-05-04T09:47:07Z] [SECTION] ============================================================
[2026-05-04T09:47:07Z] [INFO] 🖼️  PHASE: IMAGE-SEED ANALYSIS
[2026-05-04T09:47:07Z] [INFO] 📂 Image seed analysis bootstrapping from 8 images...
[2026-05-04T09:47:07Z] [SECTION] ============================================================
[2026-05-04T09:47:07Z] [INFO] 📤 PHASE: PUSH COMPONENTS TO TOLARIA
[2026-05-04T09:47:08Z] [INFO] 📦 Components pushed to Tolaria: 5
[2026-05-04T09:47:08Z] [SECTION] ============================================================
[2026-05-04T09:47:08Z] [INFO] 🧩 PHASE: COMPOSER - DOMAIN INTEGRATION SYNTHESIS
[2026-05-04T09:47:08Z] [INFO] 🎨 Domain integrations synthesized: 0
[2026-05-04T09:47:08Z] [SECTION] ============================================================
[2026-05-04T09:47:08Z] [INFO] 🚀 PHASE: ADVANCED OVERNIGHT LOOP
[2026-05-04T09:47:14Z] [INFO] 🔬 Advanced loop completed cycles: 0
[2026-05-04T09:47:14Z] [WARNING] ⚠️  Git commit skipped or failed (git not initialized?): Command '['git', '-C', '/home/avalonas/.hermes/gematria/unified_overnight_research', 'add', '.']' returned non-zero exit status 128.
[2026-05-04T09:47:14Z] [INFO] 
📊 CYCLE #26 SUMMARY
[2026-05-04T09:47:14Z] [INFO] ✅ Successful tasks: 7/7
[2026-05-04T09:47:14Z] [INFO] ⏱️  Cycle duration: 6.42s
[2026-05-04T09:47:14Z] [INFO]    ⚠️ task: result
[2026-05-04T09:47:14Z] [INFO]    ⚠️ task: result
[2026-05-04T09:47:14Z] [INFO]    ⚠️ task: result
[2026-05-04T09:47:14Z] [INFO]    ⚠️ task: result
[2026-05-04T09:47:14Z] [INFO]    ⚠️ task: result
[2026-05-04T09:47:14Z] [INFO]    ⚠️ task: result
[2026-05-04T09:47:14Z] [INFO]    ⚠️ task: result
[2026-05-04T09:47:14Z] [HEADER] ================================================================================
[2026-05-04T09:47:14Z] [INFO] 🔄 OVERNIGHT RESEARCH PIPELINE - CYCLE #27
[2026-05-04T09:47:14Z] [INFO] ================================================================================
[2026-05-04T09:47:14Z] [HEADER] ============================================================
[2026-05-04T09:47:14Z] [INFO] 🌙 STARTING OVERNIGHT RESEARCH CYCLE #27
[2026-05-04T09:47:14Z] [INFO] 🔍 Running overnight research protocol (web scraping + cross-symbol analysis)...
[2026-05-04T09:47:14Z] [INFO] 📊 Cycle duration: 0.11s, Files generated: 0
[2026-05-04T09:47:14Z] [WARNING] ⚠️ Database not initialized for cycle counting
[2026-05-04T09:47:14Z] [INFO] 💾 Database updated with cycle results
[2026-05-04T09:47:14Z] [SECTION] ============================================================
[2026-05-04T09:47:14Z] [INFO] 🔮 PHASE: HIDDEN LAYERING DETECTION
[2026-05-04T09:47:14Z] [INFO] 🔗 Hidden layering detection complete. Connections identified: 2
[2026-05-04T09:47:14Z] [SECTION] ============================================================
[2026-05-04T09:47:14Z] [INFO] 🔬 PHASE: DOMAIN CORRELATION ANALYSIS
[2026-05-04T09:47:14Z] [INFO] 📊 Domain correlation matrices created: 1
[2026-05-04T09:47:14Z] [SECTION] ============================================================
[2026-05-04T09:47:14Z] [INFO] 🖼️  PHASE: IMAGE-SEED ANALYSIS
[2026-05-04T09:47:14Z] [INFO] 📂 Image seed analysis bootstrapping from 8 images...
[2026-05-04T09:47:14Z] [SECTION] ============================================================
[2026-05-04T09:47:14Z] [INFO] 📤 PHASE: PUSH COMPONENTS TO TOLARIA
[2026-05-04T09:47:15Z] [INFO] 📦 Components pushed to Tolaria: 5
[2026-05-04T09:47:15Z] [SECTION] ============================================================
[2026-05-04T09:47:15Z] [INFO] 🧩 PHASE: COMPOSER - DOMAIN INTEGRATION SYNTHESIS
[2026-05-04T09:47:15Z] [INFO] 🎨 Domain integrations synthesized: 0
[2026-05-04T09:47:15Z] [SECTION] ============================================================
[2026-05-04T09:47:15Z] [INFO] 🚀 PHASE: ADVANCED OVERNIGHT LOOP
[2026-05-04T09:47:20Z] [INFO] 🔬 Advanced loop completed cycles: 0
[2026-05-04T09:47:20Z] [WARNING] ⚠️  Git commit skipped or failed (git not initialized?): Command '['git', '-C', '/home/avalonas/.hermes/gematria/unified_overnight_research', 'add', '.']' returned non-zero exit status 128.
[2026-05-04T09:47:20Z] [INFO] 
📊 CYCLE #27 SUMMARY
[2026-05-04T09:47:20Z] [INFO] ✅ Successful tasks: 7/7
[2026-05-04T09:47:20Z] [INFO] ⏱️  Cycle duration: 6.41s
[2026-05-04T09:47:20Z] [INFO]    ⚠️ task: result
[2026-05-04T09:47:20Z] [INFO]    ⚠️ task: result
[2026-05-04T09:47:20Z] [INFO]    ⚠️ task: result
[2026-05-04T09:47:20Z] [INFO]    ⚠️ task: result
[2026-05-04T09:47:20Z] [INFO]    ⚠️ task: result
[2026-05-04T09:47:20Z] [INFO]    ⚠️ task: result
[2026-05-04T09:47:20Z] [INFO]    ⚠️ task: result
[2026-05-04T09:47:20Z] [HEADER] ================================================================================
[2026-05-04T09:47:20Z] [INFO] 🔄 OVERNIGHT RESEARCH PIPELINE - CYCLE #28
[2026-05-04T09:47:20Z] [INFO] ================================================================================
[2026-05-04T09:47:20Z] [HEADER] ============================================================
[2026-05-04T09:47:20Z] [INFO] 🌙 STARTING OVERNIGHT RESEARCH CYCLE #28
[2026-05-04T09:47:20Z] [INFO] 🔍 Running overnight research protocol (web scraping + cross-symbol analysis)...
[2026-05-04T09:47:20Z] [INFO] 📊 Cycle duration: 0.11s, Files generated: 0
[2026-05-04T09:47:20Z] [WARNING] ⚠️ Database not initialized for cycle counting
[2026-05-04T09:47:20Z] [INFO] 💾 Database updated with cycle results
[2026-05-04T09:47:20Z] [SECTION] ============================================================
[2026-05-04T09:47:20Z] [INFO] 🔮 PHASE: HIDDEN LAYERING DETECTION
[2026-05-04T09:47:20Z] [INFO] 🔗 Hidden layering detection complete. Connections identified: 2
[2026-05-04T09:47:20Z] [SECTION] ============================================================
[2026-05-04T09:47:20Z] [INFO] 🔬 PHASE: DOMAIN CORRELATION ANALYSIS
[2026-05-04T09:47:20Z] [INFO] 📊 Domain correlation matrices created: 1
[2026-05-04T09:47:20Z] [SECTION] ============================================================
[2026-05-04T09:47:20Z] [INFO] 🖼️  PHASE: IMAGE-SEED ANALYSIS
[2026-05-04T09:47:20Z] [INFO] 📂 Image seed analysis bootstrapping from 8 images...
[2026-05-04T09:47:20Z] [SECTION] ============================================================
[2026-05-04T09:47:20Z] [INFO] 📤 PHASE: PUSH COMPONENTS TO TOLARIA
[2026-05-04T09:47:21Z] [INFO] 📦 Components pushed to Tolaria: 5
[2026-05-04T09:47:21Z] [SECTION] ============================================================
[2026-05-04T09:47:21Z] [INFO] 🧩 PHASE: COMPOSER - DOMAIN INTEGRATION SYNTHESIS
[2026-05-04T09:47:21Z] [INFO] 🎨 Domain integrations synthesized: 0
[2026-05-04T09:47:21Z] [SECTION] ============================================================
[2026-05-04T09:47:21Z] [INFO] 🚀 PHASE: ADVANCED OVERNIGHT LOOP
[2026-05-04T09:47:26Z] [INFO] 🔬 Advanced loop completed cycles: 0
[2026-05-04T09:47:26Z] [WARNING] ⚠️  Git commit skipped or failed (git not initialized?): Command '['git', '-C', '/home/avalonas/.hermes/gematria/unified_overnight_research', 'add', '.']' returned non-zero exit status 128.
[2026-05-04T09:47:26Z] [INFO] 
📊 CYCLE #28 SUMMARY
[2026-05-04T09:47:26Z] [INFO] ✅ Successful tasks: 7/7
[2026-05-04T09:47:26Z] [INFO] ⏱️  Cycle duration: 6.43s
[2026-05-04T09:47:26Z] [INFO]    ⚠️ task: result
[2026-05-04T09:47:26Z] [INFO]    ⚠️ task: result
[2026-05-04T09:47:26Z] [INFO]    ⚠️ task: result
[2026-05-04T09:47:26Z] [INFO]    ⚠️ task: result
[2026-05-04T09:47:26Z] [INFO]    ⚠️ task: result
[2026-05-04T09:47:26Z] [INFO]    ⚠️ task: result
[2026-05-04T09:47:26Z] [INFO]    ⚠️ task: result
[2026-05-04T09:47:26Z] [HEADER] ================================================================================
[2026-05-04T09:47:26Z] [INFO] 🔄 OVERNIGHT RESEARCH PIPELINE - CYCLE #29
[2026-05-04T09:47:26Z] [INFO] ================================================================================
[2026-05-04T09:47:26Z] [HEADER] ============================================================
[2026-05-04T09:47:26Z] [INFO] 🌙 STARTING OVERNIGHT RESEARCH CYCLE #29
[2026-05-04T09:47:26Z] [INFO] 🔍 Running overnight research protocol (web scraping + cross-symbol analysis)...
[2026-05-04T09:47:27Z] [INFO] 📊 Cycle duration: 0.11s, Files generated: 0
[2026-05-04T09:47:27Z] [WARNING] ⚠️ Database not initialized for cycle counting
[2026-05-04T09:47:27Z] [INFO] 💾 Database updated with cycle results
[2026-05-04T09:47:27Z] [SECTION] ============================================================
[2026-05-04T09:47:27Z] [INFO] 🔮 PHASE: HIDDEN LAYERING DETECTION
[2026-05-04T09:47:27Z] [INFO] 🔗 Hidden layering detection complete. Connections identified: 2
[2026-05-04T09:47:27Z] [SECTION] ============================================================
[2026-05-04T09:47:27Z] [INFO] 🔬 PHASE: DOMAIN CORRELATION ANALYSIS
[2026-05-04T09:47:27Z] [INFO] 📊 Domain correlation matrices created: 1
[2026-05-04T09:47:27Z] [SECTION] ============================================================
[2026-05-04T09:47:27Z] [INFO] 🖼️  PHASE: IMAGE-SEED ANALYSIS
[2026-05-04T09:47:27Z] [INFO] 📂 Image seed analysis bootstrapping from 8 images...
[2026-05-04T09:47:27Z] [SECTION] ============================================================
[2026-05-04T09:47:27Z] [INFO] 📤 PHASE: PUSH COMPONENTS TO TOLARIA
[2026-05-04T09:47:28Z] [INFO] 📦 Components pushed to Tolaria: 5
[2026-05-04T09:47:28Z] [SECTION] ============================================================
[2026-05-04T09:47:28Z] [INFO] 🧩 PHASE: COMPOSER - DOMAIN INTEGRATION SYNTHESIS
[2026-05-04T09:47:28Z] [INFO] 🎨 Domain integrations synthesized: 0
[2026-05-04T09:47:28Z] [SECTION] ============================================================
[2026-05-04T09:47:28Z] [INFO] 🚀 PHASE: ADVANCED OVERNIGHT LOOP
[2026-05-04T09:47:33Z] [INFO] 🔬 Advanced loop completed cycles: 0
[2026-05-04T09:47:33Z] [WARNING] ⚠️  Git commit skipped or failed (git not initialized?): Command '['git', '-C', '/home/avalonas/.hermes/gematria/unified_overnight_research', 'add', '.']' returned non-zero exit status 128.
[2026-05-04T09:47:33Z] [INFO] 
📊 CYCLE #29 SUMMARY
[2026-05-04T09:47:33Z] [INFO] ✅ Successful tasks: 7/7
[2026-05-04T09:47:33Z] [INFO] ⏱️  Cycle duration: 6.50s
[2026-05-04T09:47:33Z] [INFO]    ⚠️ task: result
[2026-05-04T09:47:33Z] [INFO]    ⚠️ task: result
[2026-05-04T09:47:33Z] [INFO]    ⚠️ task: result
[2026-05-04T09:47:33Z] [INFO]    ⚠️ task: result
[2026-05-04T09:47:33Z] [INFO]    ⚠️ task: result
[2026-05-04T09:47:33Z] [INFO]    ⚠️ task: result
[2026-05-04T09:47:33Z] [INFO]    ⚠️ task: result
[2026-05-04T09:47:33Z] [HEADER] ================================================================================
[2026-05-04T09:47:33Z] [INFO] 🔄 OVERNIGHT RESEARCH PIPELINE - CYCLE #30
[2026-05-04T09:47:33Z] [INFO] ================================================================================
[2026-05-04T09:47:33Z] [HEADER] ============================================================
[2026-05-04T09:47:33Z] [INFO] 🌙 STARTING OVERNIGHT RESEARCH CYCLE #30
[2026-05-04T09:47:33Z] [INFO] 🔍 Running overnight research protocol (web scraping + cross-symbol analysis)...
[2026-05-04T09:47:33Z] [INFO] 📊 Cycle duration: 0.11s, Files generated: 0
[2026-05-04T09:47:33Z] [WARNING] ⚠️ Database not initialized for cycle counting
[2026-05-04T09:47:33Z] [INFO] 💾 Database updated with cycle results
[2026-05-04T09:47:33Z] [SECTION] ============================================================
[2026-05-04T09:47:33Z] [INFO] 🔮 PHASE: HIDDEN LAYERING DETECTION
[2026-05-04T09:47:33Z] [INFO] 🔗 Hidden layering detection complete. Connections identified: 2
[2026-05-04T09:47:33Z] [SECTION] ============================================================
[2026-05-04T09:47:33Z] [INFO] 🔬 PHASE: DOMAIN CORRELATION ANALYSIS
[2026-05-04T09:47:33Z] [INFO] 📊 Domain correlation matrices created: 1
[2026-05-04T09:47:33Z] [SECTION] ============================================================
[2026-05-04T09:47:33Z] [INFO] 🖼️  PHASE: IMAGE-SEED ANALYSIS
[2026-05-04T09:47:33Z] [INFO] 📂 Image seed analysis bootstrapping from 8 images...
[2026-05-04T09:47:33Z] [SECTION] ============================================================
[2026-05-04T09:47:33Z] [INFO] 📤 PHASE: PUSH COMPONENTS TO TOLARIA
[2026-05-04T09:47:34Z] [INFO] 📦 Components pushed to Tolaria: 5
[2026-05-04T09:47:34Z] [SECTION] ============================================================
[2026-05-04T09:47:34Z] [INFO] 🧩 PHASE: COMPOSER - DOMAIN INTEGRATION SYNTHESIS
[2026-05-04T09:47:34Z] [INFO] 🎨 Domain integrations synthesized: 0
[2026-05-04T09:47:34Z] [SECTION] ============================================================
[2026-05-04T09:47:34Z] [INFO] 🚀 PHASE: ADVANCED OVERNIGHT LOOP
[2026-05-04T09:47:39Z] [INFO] 🔬 Advanced loop completed cycles: 0
[2026-05-04T09:47:39Z] [WARNING] ⚠️  Git commit skipped or failed (git not initialized?): Command '['git', '-C', '/home/avalonas/.hermes/gematria/unified_overnight_research', 'add', '.']' returned non-zero exit status 128.
[2026-05-04T09:47:39Z] [INFO] 
📊 CYCLE #30 SUMMARY
[2026-05-04T09:47:39Z] [INFO] ✅ Successful tasks: 7/7
[2026-05-04T09:47:39Z] [INFO] ⏱️  Cycle duration: 6.46s
[2026-05-04T09:47:39Z] [INFO]    ⚠️ task: result
[2026-05-04T09:47:39Z] [INFO]    ⚠️ task: result
[2026-05-04T09:47:39Z] [INFO]    ⚠️ task: result
[2026-05-04T09:47:39Z] [INFO]    ⚠️ task: result
[2026-05-04T09:47:39Z] [INFO]    ⚠️ task: result
[2026-05-04T09:47:39Z] [INFO]    ⚠️ task: result
[2026-05-04T09:47:39Z] [INFO]    ⚠️ task: result
[2026-05-04T09:47:39Z] [HEADER] ================================================================================
[2026-05-04T09:47:39Z] [INFO] 🔄 OVERNIGHT RESEARCH PIPELINE - CYCLE #31
[2026-05-04T09:47:39Z] [INFO] ================================================================================
[2026-05-04T09:47:39Z] [HEADER] ============================================================
[2026-05-04T09:47:39Z] [INFO] 🌙 STARTING OVERNIGHT RESEARCH CYCLE #31
[2026-05-04T09:47:39Z] [INFO] 🔍 Running overnight research protocol (web scraping + cross-symbol analysis)...
[2026-05-04T09:47:40Z] [INFO] 📊 Cycle duration: 0.11s, Files generated: 0
[2026-05-04T09:47:40Z] [WARNING] ⚠️ Database not initialized for cycle counting
[2026-05-04T09:47:40Z] [INFO] 💾 Database updated with cycle results
[2026-05-04T09:47:40Z] [SECTION] ============================================================
[2026-05-04T09:47:40Z] [INFO] 🔮 PHASE: HIDDEN LAYERING DETECTION
[2026-05-04T09:47:40Z] [INFO] 🔗 Hidden layering detection complete. Connections identified: 2
[2026-05-04T09:47:40Z] [SECTION] ============================================================
[2026-05-04T09:47:40Z] [INFO] 🔬 PHASE: DOMAIN CORRELATION ANALYSIS
[2026-05-04T09:47:40Z] [INFO] 📊 Domain correlation matrices created: 1
[2026-05-04T09:47:40Z] [SECTION] ============================================================
[2026-05-04T09:47:40Z] [INFO] 🖼️  PHASE: IMAGE-SEED ANALYSIS
[2026-05-04T09:47:40Z] [INFO] 📂 Image seed analysis bootstrapping from 8 images...
[2026-05-04T09:47:40Z] [SECTION] ============================================================
[2026-05-04T09:47:40Z] [INFO] 📤 PHASE: PUSH COMPONENTS TO TOLARIA
[2026-05-04T09:47:41Z] [INFO] 📦 Components pushed to Tolaria: 5
[2026-05-04T09:47:41Z] [SECTION] ============================================================
[2026-05-04T09:47:41Z] [INFO] 🧩 PHASE: COMPOSER - DOMAIN INTEGRATION SYNTHESIS
[2026-05-04T09:47:41Z] [INFO] 🎨 Domain integrations synthesized: 0
[2026-05-04T09:47:41Z] [SECTION] ============================================================
[2026-05-04T09:47:41Z] [INFO] 🚀 PHASE: ADVANCED OVERNIGHT LOOP
[2026-05-04T09:47:46Z] [INFO] 🔬 Advanced loop completed cycles: 0
[2026-05-04T09:47:46Z] [WARNING] ⚠️  Git commit skipped or failed (git not initialized?): Command '['git', '-C', '/home/avalonas/.hermes/gematria/unified_overnight_research', 'add', '.']' returned non-zero exit status 128.
[2026-05-04T09:47:46Z] [INFO] 
📊 CYCLE #31 SUMMARY
[2026-05-04T09:47:46Z] [INFO] ✅ Successful tasks: 7/7
[2026-05-04T09:47:46Z] [INFO] ⏱️  Cycle duration: 6.52s
[2026-05-04T09:47:46Z] [INFO]    ⚠️ task: result
[2026-05-04T09:47:46Z] [INFO]    ⚠️ task: result
[2026-05-04T09:47:46Z] [INFO]    ⚠️ task: result
[2026-05-04T09:47:46Z] [INFO]    ⚠️ task: result
[2026-05-04T09:47:46Z] [INFO]    ⚠️ task: result
[2026-05-04T09:47:46Z] [INFO]    ⚠️ task: result
[2026-05-04T09:47:46Z] [INFO]    ⚠️ task: result
[2026-05-04T09:47:46Z] [HEADER] ================================================================================
[2026-05-04T09:47:46Z] [INFO] 🔄 OVERNIGHT RESEARCH PIPELINE - CYCLE #32
[2026-05-04T09:47:46Z] [INFO] ================================================================================
[2026-05-04T09:47:46Z] [HEADER] ============================================================
[2026-05-04T09:47:46Z] [INFO] 🌙 STARTING OVERNIGHT RESEARCH CYCLE #32
[2026-05-04T09:47:46Z] [INFO] 🔍 Running overnight research protocol (web scraping + cross-symbol analysis)...
[2026-05-04T09:47:46Z] [INFO] 📊 Cycle duration: 0.11s, Files generated: 0
[2026-05-04T09:47:46Z] [WARNING] ⚠️ Database not initialized for cycle counting
[2026-05-04T09:47:46Z] [INFO] 💾 Database updated with cycle results
[2026-05-04T09:47:46Z] [SECTION] ============================================================
[2026-05-04T09:47:46Z] [INFO] 🔮 PHASE: HIDDEN LAYERING DETECTION
[2026-05-04T09:47:46Z] [INFO] 🔗 Hidden layering detection complete. Connections identified: 2
[2026-05-04T09:47:46Z] [SECTION] ============================================================
[2026-05-04T09:47:46Z] [INFO] 🔬 PHASE: DOMAIN CORRELATION ANALYSIS
[2026-05-04T09:47:46Z] [INFO] 📊 Domain correlation matrices created: 1
[2026-05-04T09:47:46Z] [SECTION] ============================================================
[2026-05-04T09:47:46Z] [INFO] 🖼️  PHASE: IMAGE-SEED ANALYSIS
[2026-05-04T09:47:46Z] [INFO] 📂 Image seed analysis bootstrapping from 8 images...
[2026-05-04T09:47:46Z] [SECTION] ============================================================
[2026-05-04T09:47:46Z] [INFO] 📤 PHASE: PUSH COMPONENTS TO TOLARIA
[2026-05-04T09:47:47Z] [INFO] 📦 Components pushed to Tolaria: 5
[2026-05-04T09:47:47Z] [SECTION] ============================================================
[2026-05-04T09:47:47Z] [INFO] 🧩 PHASE: COMPOSER - DOMAIN INTEGRATION SYNTHESIS
[2026-05-04T09:47:47Z] [INFO] 🎨 Domain integrations synthesized: 0
[2026-05-04T09:47:47Z] [SECTION] ============================================================
[2026-05-04T09:47:47Z] [INFO] 🚀 PHASE: ADVANCED OVERNIGHT LOOP
[2026-05-04T09:47:52Z] [INFO] 🔬 Advanced loop completed cycles: 0
[2026-05-04T09:47:52Z] [WARNING] ⚠️  Git commit skipped or failed (git not initialized?): Command '['git', '-C', '/home/avalonas/.hermes/gematria/unified_overnight_research', 'add', '.']' returned non-zero exit status 128.
[2026-05-04T09:47:52Z] [INFO] 
📊 CYCLE #32 SUMMARY
[2026-05-04T09:47:52Z] [INFO] ✅ Successful tasks: 7/7
[2026-05-04T09:47:52Z] [INFO] ⏱️  Cycle duration: 6.36s
[2026-05-04T09:47:52Z] [INFO]    ⚠️ task: result
[2026-05-04T09:47:52Z] [INFO]    ⚠️ task: result
[2026-05-04T09:47:52Z] [INFO]    ⚠️ task: result
[2026-05-04T09:47:52Z] [INFO]    ⚠️ task: result
[2026-05-04T09:47:52Z] [INFO]    ⚠️ task: result
[2026-05-04T09:47:52Z] [INFO]    ⚠️ task: result
[2026-05-04T09:47:52Z] [INFO]    ⚠️ task: result
[2026-05-04T09:47:52Z] [HEADER] ================================================================================
[2026-05-04T09:47:52Z] [INFO] 🔄 OVERNIGHT RESEARCH PIPELINE - CYCLE #33
[2026-05-04T09:47:52Z] [INFO] ================================================================================
[2026-05-04T09:47:52Z] [HEADER] ============================================================
[2026-05-04T09:47:52Z] [INFO] 🌙 STARTING OVERNIGHT RESEARCH CYCLE #33
[2026-05-04T09:47:52Z] [INFO] 🔍 Running overnight research protocol (web scraping + cross-symbol analysis)...
[2026-05-04T09:47:52Z] [INFO] 📊 Cycle duration: 0.11s, Files generated: 0
[2026-05-04T09:47:52Z] [WARNING] ⚠️ Database not initialized for cycle counting
[2026-05-04T09:47:52Z] [INFO] 💾 Database updated with cycle results
[2026-05-04T09:47:52Z] [SECTION] ============================================================
[2026-05-04T09:47:52Z] [INFO] 🔮 PHASE: HIDDEN LAYERING DETECTION
[2026-05-04T09:47:52Z] [INFO] 🔗 Hidden layering detection complete. Connections identified: 2
[2026-05-04T09:47:52Z] [SECTION] ============================================================
[2026-05-04T09:47:52Z] [INFO] 🔬 PHASE: DOMAIN CORRELATION ANALYSIS
[2026-05-04T09:47:52Z] [INFO] 📊 Domain correlation matrices created: 1
[2026-05-04T09:47:52Z] [SECTION] ============================================================
[2026-05-04T09:47:52Z] [INFO] 🖼️  PHASE: IMAGE-SEED ANALYSIS
[2026-05-04T09:47:52Z] [INFO] 📂 Image seed analysis bootstrapping from 8 images...
[2026-05-04T09:47:52Z] [SECTION] ============================================================
[2026-05-04T09:47:52Z] [INFO] 📤 PHASE: PUSH COMPONENTS TO TOLARIA
[2026-05-04T09:47:54Z] [INFO] 📦 Components pushed to Tolaria: 5
[2026-05-04T09:47:54Z] [SECTION] ============================================================
[2026-05-04T09:47:54Z] [INFO] 🧩 PHASE: COMPOSER - DOMAIN INTEGRATION SYNTHESIS
[2026-05-04T09:47:54Z] [INFO] 🎨 Domain integrations synthesized: 0
[2026-05-04T09:47:54Z] [SECTION] ============================================================
[2026-05-04T09:47:54Z] [INFO] 🚀 PHASE: ADVANCED OVERNIGHT LOOP
[2026-05-04T09:47:59Z] [INFO] 🔬 Advanced loop completed cycles: 0
[2026-05-04T09:47:59Z] [WARNING] ⚠️  Git commit skipped or failed (git not initialized?): Command '['git', '-C', '/home/avalonas/.hermes/gematria/unified_overnight_research', 'add', '.']' returned non-zero exit status 128.
[2026-05-04T09:47:59Z] [INFO] 
📊 CYCLE #33 SUMMARY
[2026-05-04T09:47:59Z] [INFO] ✅ Successful tasks: 7/7
[2026-05-04T09:47:59Z] [INFO] ⏱️  Cycle duration: 6.50s
[2026-05-04T09:47:59Z] [INFO]    ⚠️ task: result
[2026-05-04T09:47:59Z] [INFO]    ⚠️ task: result
[2026-05-04T09:47:59Z] [INFO]    ⚠️ task: result
[2026-05-04T09:47:59Z] [INFO]    ⚠️ task: result
[2026-05-04T09:47:59Z] [INFO]    ⚠️ task: result
[2026-05-04T09:47:59Z] [INFO]    ⚠️ task: result
[2026-05-04T09:47:59Z] [INFO]    ⚠️ task: result
[2026-05-04T09:47:59Z] [HEADER] ================================================================================
[2026-05-04T09:47:59Z] [INFO] 🔄 OVERNIGHT RESEARCH PIPELINE - CYCLE #34
[2026-05-04T09:47:59Z] [INFO] ================================================================================
[2026-05-04T09:47:59Z] [HEADER] ============================================================
[2026-05-04T09:47:59Z] [INFO] 🌙 STARTING OVERNIGHT RESEARCH CYCLE #34
[2026-05-04T09:47:59Z] [INFO] 🔍 Running overnight research protocol (web scraping + cross-symbol analysis)...
[2026-05-04T09:47:59Z] [INFO] 📊 Cycle duration: 0.10s, Files generated: 0
[2026-05-04T09:47:59Z] [WARNING] ⚠️ Database not initialized for cycle counting
[2026-05-04T09:47:59Z] [INFO] 💾 Database updated with cycle results
[2026-05-04T09:47:59Z] [SECTION] ============================================================
[2026-05-04T09:47:59Z] [INFO] 🔮 PHASE: HIDDEN LAYERING DETECTION
[2026-05-04T09:47:59Z] [INFO] 🔗 Hidden layering detection complete. Connections identified: 2
[2026-05-04T09:47:59Z] [SECTION] ============================================================
[2026-05-04T09:47:59Z] [INFO] 🔬 PHASE: DOMAIN CORRELATION ANALYSIS
[2026-05-04T09:47:59Z] [INFO] 📊 Domain correlation matrices created: 1
[2026-05-04T09:47:59Z] [SECTION] ============================================================
[2026-05-04T09:47:59Z] [INFO] 🖼️  PHASE: IMAGE-SEED ANALYSIS
[2026-05-04T09:47:59Z] [INFO] 📂 Image seed analysis bootstrapping from 8 images...
[2026-05-04T09:47:59Z] [SECTION] ============================================================
[2026-05-04T09:47:59Z] [INFO] 📤 PHASE: PUSH COMPONENTS TO TOLARIA
[2026-05-04T09:48:00Z] [INFO] 📦 Components pushed to Tolaria: 5
[2026-05-04T09:48:00Z] [SECTION] ============================================================
[2026-05-04T09:48:00Z] [INFO] 🧩 PHASE: COMPOSER - DOMAIN INTEGRATION SYNTHESIS
[2026-05-04T09:48:00Z] [INFO] 🎨 Domain integrations synthesized: 0
[2026-05-04T09:48:00Z] [SECTION] ============================================================
[2026-05-04T09:48:00Z] [INFO] 🚀 PHASE: ADVANCED OVERNIGHT LOOP
[2026-05-04T09:48:05Z] [INFO] 🔬 Advanced loop completed cycles: 0
[2026-05-04T09:48:05Z] [WARNING] ⚠️  Git commit skipped or failed (git not initialized?): Command '['git', '-C', '/home/avalonas/.hermes/gematria/unified_overnight_research', 'add', '.']' returned non-zero exit status 128.
[2026-05-04T09:48:05Z] [INFO] 
📊 CYCLE #34 SUMMARY
[2026-05-04T09:48:05Z] [INFO] ✅ Successful tasks: 7/7
[2026-05-04T09:48:05Z] [INFO] ⏱️  Cycle duration: 6.70s
[2026-05-04T09:48:05Z] [INFO]    ⚠️ task: result
[2026-05-04T09:48:05Z] [INFO]    ⚠️ task: result
[2026-05-04T09:48:05Z] [INFO]    ⚠️ task: result
[2026-05-04T09:48:05Z] [INFO]    ⚠️ task: result
[2026-05-04T09:48:05Z] [INFO]    ⚠️ task: result
[2026-05-04T09:48:05Z] [INFO]    ⚠️ task: result
[2026-05-04T09:48:05Z] [INFO]    ⚠️ task: result
[2026-05-04T09:48:05Z] [HEADER] ================================================================================
[2026-05-04T09:48:05Z] [INFO] 🔄 OVERNIGHT RESEARCH PIPELINE - CYCLE #35
[2026-05-04T09:48:05Z] [INFO] ================================================================================
[2026-05-04T09:48:05Z] [HEADER] ============================================================
[2026-05-04T09:48:05Z] [INFO] 🌙 STARTING OVERNIGHT RESEARCH CYCLE #35
[2026-05-04T09:48:05Z] [INFO] 🔍 Running overnight research protocol (web scraping + cross-symbol analysis)...
[2026-05-04T09:48:06Z] [INFO] 📊 Cycle duration: 0.12s, Files generated: 0
[2026-05-04T09:48:06Z] [WARNING] ⚠️ Database not initialized for cycle counting
[2026-05-04T09:48:06Z] [INFO] 💾 Database updated with cycle results
[2026-05-04T09:48:06Z] [SECTION] ============================================================
[2026-05-04T09:48:06Z] [INFO] 🔮 PHASE: HIDDEN LAYERING DETECTION
[2026-05-04T09:48:06Z] [INFO] 🔗 Hidden layering detection complete. Connections identified: 2
[2026-05-04T09:48:06Z] [SECTION] ============================================================
[2026-05-04T09:48:06Z] [INFO] 🔬 PHASE: DOMAIN CORRELATION ANALYSIS
[2026-05-04T09:48:06Z] [INFO] 📊 Domain correlation matrices created: 1
[2026-05-04T09:48:06Z] [SECTION] ============================================================
[2026-05-04T09:48:06Z] [INFO] 🖼️  PHASE: IMAGE-SEED ANALYSIS
[2026-05-04T09:48:06Z] [INFO] 📂 Image seed analysis bootstrapping from 8 images...
[2026-05-04T09:48:06Z] [SECTION] ============================================================
[2026-05-04T09:48:06Z] [INFO] 📤 PHASE: PUSH COMPONENTS TO TOLARIA
[2026-05-04T09:48:07Z] [INFO] 📦 Components pushed to Tolaria: 5
[2026-05-04T09:48:07Z] [SECTION] ============================================================
[2026-05-04T09:48:07Z] [INFO] 🧩 PHASE: COMPOSER - DOMAIN INTEGRATION SYNTHESIS
[2026-05-04T09:48:07Z] [INFO] 🎨 Domain integrations synthesized: 0
[2026-05-04T09:48:07Z] [SECTION] ============================================================
[2026-05-04T09:48:07Z] [INFO] 🚀 PHASE: ADVANCED OVERNIGHT LOOP
[2026-05-04T09:48:12Z] [INFO] 🔬 Advanced loop completed cycles: 0
[2026-05-04T09:48:12Z] [WARNING] ⚠️  Git commit skipped or failed (git not initialized?): Command '['git', '-C', '/home/avalonas/.hermes/gematria/unified_overnight_research', 'add', '.']' returned non-zero exit status 128.
[2026-05-04T09:48:12Z] [INFO] 
📊 CYCLE #35 SUMMARY
[2026-05-04T09:48:12Z] [INFO] ✅ Successful tasks: 7/7
[2026-05-04T09:48:12Z] [INFO] ⏱️  Cycle duration: 6.51s
[2026-05-04T09:48:12Z] [INFO]    ⚠️ task: result
[2026-05-04T09:48:12Z] [INFO]    ⚠️ task: result
[2026-05-04T09:48:12Z] [INFO]    ⚠️ task: result
[2026-05-04T09:48:12Z] [INFO]    ⚠️ task: result
[2026-05-04T09:48:12Z] [INFO]    ⚠️ task: result
[2026-05-04T09:48:12Z] [INFO]    ⚠️ task: result
[2026-05-04T09:48:12Z] [INFO]    ⚠️ task: result
[2026-05-04T09:48:12Z] [HEADER] ================================================================================
[2026-05-04T09:48:12Z] [INFO] 🔄 OVERNIGHT RESEARCH PIPELINE - CYCLE #36
[2026-05-04T09:48:12Z] [INFO] ================================================================================
[2026-05-04T09:48:12Z] [HEADER] ============================================================
[2026-05-04T09:48:12Z] [INFO] 🌙 STARTING OVERNIGHT RESEARCH CYCLE #36
[2026-05-04T09:48:12Z] [INFO] 🔍 Running overnight research protocol (web scraping + cross-symbol analysis)...
[2026-05-04T09:48:12Z] [INFO] 📊 Cycle duration: 0.11s, Files generated: 0
[2026-05-04T09:48:12Z] [WARNING] ⚠️ Database not initialized for cycle counting
[2026-05-04T09:48:12Z] [INFO] 💾 Database updated with cycle results
[2026-05-04T09:48:12Z] [SECTION] ============================================================
[2026-05-04T09:48:12Z] [INFO] 🔮 PHASE: HIDDEN LAYERING DETECTION
[2026-05-04T09:48:12Z] [INFO] 🔗 Hidden layering detection complete. Connections identified: 2
[2026-05-04T09:48:12Z] [SECTION] ============================================================
[2026-05-04T09:48:12Z] [INFO] 🔬 PHASE: DOMAIN CORRELATION ANALYSIS
[2026-05-04T09:48:12Z] [INFO] 📊 Domain correlation matrices created: 1
[2026-05-04T09:48:12Z] [SECTION] ============================================================
[2026-05-04T09:48:12Z] [INFO] 🖼️  PHASE: IMAGE-SEED ANALYSIS
[2026-05-04T09:48:12Z] [INFO] 📂 Image seed analysis bootstrapping from 8 images...
[2026-05-04T09:48:12Z] [SECTION] ============================================================
[2026-05-04T09:48:12Z] [INFO] 📤 PHASE: PUSH COMPONENTS TO TOLARIA
[2026-05-04T09:48:13Z] [INFO] 📦 Components pushed to Tolaria: 5
[2026-05-04T09:48:13Z] [SECTION] ============================================================
[2026-05-04T09:48:13Z] [INFO] 🧩 PHASE: COMPOSER - DOMAIN INTEGRATION SYNTHESIS
[2026-05-04T09:48:13Z] [INFO] 🎨 Domain integrations synthesized: 0
[2026-05-04T09:48:13Z] [SECTION] ============================================================
[2026-05-04T09:48:13Z] [INFO] 🚀 PHASE: ADVANCED OVERNIGHT LOOP
[2026-05-04T09:48:18Z] [INFO] 🔬 Advanced loop completed cycles: 0
[2026-05-04T09:48:18Z] [WARNING] ⚠️  Git commit skipped or failed (git not initialized?): Command '['git', '-C', '/home/avalonas/.hermes/gematria/unified_overnight_research', 'add', '.']' returned non-zero exit status 128.
[2026-05-04T09:48:18Z] [INFO] 
📊 CYCLE #36 SUMMARY
[2026-05-04T09:48:18Z] [INFO] ✅ Successful tasks: 7/7
[2026-05-04T09:48:18Z] [INFO] ⏱️  Cycle duration: 6.49s
[2026-05-04T09:48:18Z] [INFO]    ⚠️ task: result
[2026-05-04T09:48:18Z] [INFO]    ⚠️ task: result
[2026-05-04T09:48:18Z] [INFO]    ⚠️ task: result
[2026-05-04T09:48:18Z] [INFO]    ⚠️ task: result
[2026-05-04T09:48:18Z] [INFO]    ⚠️ task: result
[2026-05-04T09:48:18Z] [INFO]    ⚠️ task: result
[2026-05-04T09:48:18Z] [INFO]    ⚠️ task: result
[2026-05-04T09:48:18Z] [HEADER] ================================================================================
[2026-05-04T09:48:18Z] [INFO] 🔄 OVERNIGHT RESEARCH PIPELINE - CYCLE #37
[2026-05-04T09:48:18Z] [INFO] ================================================================================
[2026-05-04T09:48:18Z] [HEADER] ============================================================
[2026-05-04T09:48:18Z] [INFO] 🌙 STARTING OVERNIGHT RESEARCH CYCLE #37
[2026-05-04T09:48:18Z] [INFO] 🔍 Running overnight research protocol (web scraping + cross-symbol analysis)...
[2026-05-04T09:48:19Z] [INFO] 📊 Cycle duration: 0.11s, Files generated: 0
[2026-05-04T09:48:19Z] [WARNING] ⚠️ Database not initialized for cycle counting
[2026-05-04T09:48:19Z] [INFO] 💾 Database updated with cycle results
[2026-05-04T09:48:19Z] [SECTION] ============================================================
[2026-05-04T09:48:19Z] [INFO] 🔮 PHASE: HIDDEN LAYERING DETECTION
[2026-05-04T09:48:19Z] [INFO] 🔗 Hidden layering detection complete. Connections identified: 2
[2026-05-04T09:48:19Z] [SECTION] ============================================================
[2026-05-04T09:48:19Z] [INFO] 🔬 PHASE: DOMAIN CORRELATION ANALYSIS
[2026-05-04T09:48:19Z] [INFO] 📊 Domain correlation matrices created: 1
[2026-05-04T09:48:19Z] [SECTION] ============================================================
[2026-05-04T09:48:19Z] [INFO] 🖼️  PHASE: IMAGE-SEED ANALYSIS
[2026-05-04T09:48:19Z] [INFO] 📂 Image seed analysis bootstrapping from 8 images...
[2026-05-04T09:48:19Z] [SECTION] ============================================================
[2026-05-04T09:48:19Z] [INFO] 📤 PHASE: PUSH COMPONENTS TO TOLARIA
[2026-05-04T09:48:20Z] [INFO] 📦 Components pushed to Tolaria: 5
[2026-05-04T09:48:20Z] [SECTION] ============================================================
[2026-05-04T09:48:20Z] [INFO] 🧩 PHASE: COMPOSER - DOMAIN INTEGRATION SYNTHESIS
[2026-05-04T09:48:20Z] [INFO] 🎨 Domain integrations synthesized: 0
[2026-05-04T09:48:20Z] [SECTION] ============================================================
[2026-05-04T09:48:20Z] [INFO] 🚀 PHASE: ADVANCED OVERNIGHT LOOP
[2026-05-04T09:48:25Z] [INFO] 🔬 Advanced loop completed cycles: 0
[2026-05-04T09:48:25Z] [WARNING] ⚠️  Git commit skipped or failed (git not initialized?): Command '['git', '-C', '/home/avalonas/.hermes/gematria/unified_overnight_research', 'add', '.']' returned non-zero exit status 128.
[2026-05-04T09:48:25Z] [INFO] 
📊 CYCLE #37 SUMMARY
[2026-05-04T09:48:25Z] [INFO] ✅ Successful tasks: 7/7
[2026-05-04T09:48:25Z] [INFO] ⏱️  Cycle duration: 6.36s
[2026-05-04T09:48:25Z] [INFO]    ⚠️ task: result
[2026-05-04T09:48:25Z] [INFO]    ⚠️ task: result
[2026-05-04T09:48:25Z] [INFO]    ⚠️ task: result
[2026-05-04T09:48:25Z] [INFO]    ⚠️ task: result
[2026-05-04T09:48:25Z] [INFO]    ⚠️ task: result
[2026-05-04T09:48:25Z] [INFO]    ⚠️ task: result
[2026-05-04T09:48:25Z] [INFO]    ⚠️ task: result
[2026-05-04T09:48:25Z] [HEADER] ================================================================================
[2026-05-04T09:48:25Z] [INFO] 🔄 OVERNIGHT RESEARCH PIPELINE - CYCLE #38
[2026-05-04T09:48:25Z] [INFO] ================================================================================
[2026-05-04T09:48:25Z] [HEADER] ============================================================
[2026-05-04T09:48:25Z] [INFO] 🌙 STARTING OVERNIGHT RESEARCH CYCLE #38
[2026-05-04T09:48:25Z] [INFO] 🔍 Running overnight research protocol (web scraping + cross-symbol analysis)...
[2026-05-04T09:48:25Z] [INFO] 📊 Cycle duration: 0.11s, Files generated: 0
[2026-05-04T09:48:25Z] [WARNING] ⚠️ Database not initialized for cycle counting
[2026-05-04T09:48:25Z] [INFO] 💾 Database updated with cycle results
[2026-05-04T09:48:25Z] [SECTION] ============================================================
[2026-05-04T09:48:25Z] [INFO] 🔮 PHASE: HIDDEN LAYERING DETECTION
[2026-05-04T09:48:25Z] [INFO] 🔗 Hidden layering detection complete. Connections identified: 2
[2026-05-04T09:48:25Z] [SECTION] ============================================================
[2026-05-04T09:48:25Z] [INFO] 🔬 PHASE: DOMAIN CORRELATION ANALYSIS
[2026-05-04T09:48:25Z] [INFO] 📊 Domain correlation matrices created: 1
[2026-05-04T09:48:25Z] [SECTION] ============================================================
[2026-05-04T09:48:25Z] [INFO] 🖼️  PHASE: IMAGE-SEED ANALYSIS
[2026-05-04T09:48:25Z] [INFO] 📂 Image seed analysis bootstrapping from 8 images...
[2026-05-04T09:48:25Z] [SECTION] ============================================================
[2026-05-04T09:48:25Z] [INFO] 📤 PHASE: PUSH COMPONENTS TO TOLARIA
[2026-05-04T09:48:26Z] [INFO] 📦 Components pushed to Tolaria: 5
[2026-05-04T09:48:26Z] [SECTION] ============================================================
[2026-05-04T09:48:26Z] [INFO] 🧩 PHASE: COMPOSER - DOMAIN INTEGRATION SYNTHESIS
[2026-05-04T09:48:26Z] [INFO] 🎨 Domain integrations synthesized: 0
[2026-05-04T09:48:26Z] [SECTION] ============================================================
[2026-05-04T09:48:26Z] [INFO] 🚀 PHASE: ADVANCED OVERNIGHT LOOP
[2026-05-04T09:48:31Z] [INFO] 🔬 Advanced loop completed cycles: 0
[2026-05-04T09:48:31Z] [WARNING] ⚠️  Git commit skipped or failed (git not initialized?): Command '['git', '-C', '/home/avalonas/.hermes/gematria/unified_overnight_research', 'add', '.']' returned non-zero exit status 128.
[2026-05-04T09:48:31Z] [INFO] 
📊 CYCLE #38 SUMMARY
[2026-05-04T09:48:31Z] [INFO] ✅ Successful tasks: 7/7
[2026-05-04T09:48:31Z] [INFO] ⏱️  Cycle duration: 6.29s
[2026-05-04T09:48:31Z] [INFO]    ⚠️ task: result
[2026-05-04T09:48:31Z] [INFO]    ⚠️ task: result
[2026-05-04T09:48:31Z] [INFO]    ⚠️ task: result
[2026-05-04T09:48:31Z] [INFO]    ⚠️ task: result
[2026-05-04T09:48:31Z] [INFO]    ⚠️ task: result
[2026-05-04T09:48:31Z] [INFO]    ⚠️ task: result
[2026-05-04T09:48:31Z] [INFO]    ⚠️ task: result
[2026-05-04T09:48:31Z] [HEADER] ================================================================================
[2026-05-04T09:48:31Z] [INFO] 🔄 OVERNIGHT RESEARCH PIPELINE - CYCLE #39
[2026-05-04T09:48:31Z] [INFO] ================================================================================
[2026-05-04T09:48:31Z] [HEADER] ============================================================
[2026-05-04T09:48:31Z] [INFO] 🌙 STARTING OVERNIGHT RESEARCH CYCLE #39
[2026-05-04T09:48:31Z] [INFO] 🔍 Running overnight research protocol (web scraping + cross-symbol analysis)...
[2026-05-04T09:48:31Z] [INFO] 📊 Cycle duration: 0.11s, Files generated: 0
[2026-05-04T09:48:31Z] [WARNING] ⚠️ Database not initialized for cycle counting
[2026-05-04T09:48:31Z] [INFO] 💾 Database updated with cycle results
[2026-05-04T09:48:31Z] [SECTION] ============================================================
[2026-05-04T09:48:31Z] [INFO] 🔮 PHASE: HIDDEN LAYERING DETECTION
[2026-05-04T09:48:31Z] [INFO] 🔗 Hidden layering detection complete. Connections identified: 2
[2026-05-04T09:48:31Z] [SECTION] ============================================================
[2026-05-04T09:48:31Z] [INFO] 🔬 PHASE: DOMAIN CORRELATION ANALYSIS
[2026-05-04T09:48:31Z] [INFO] 📊 Domain correlation matrices created: 1
[2026-05-04T09:48:31Z] [SECTION] ============================================================
[2026-05-04T09:48:31Z] [INFO] 🖼️  PHASE: IMAGE-SEED ANALYSIS
[2026-05-04T09:48:31Z] [INFO] 📂 Image seed analysis bootstrapping from 8 images...
[2026-05-04T09:48:31Z] [SECTION] ============================================================
[2026-05-04T09:48:31Z] [INFO] 📤 PHASE: PUSH COMPONENTS TO TOLARIA
[2026-05-04T09:48:32Z] [INFO] 📦 Components pushed to Tolaria: 5
[2026-05-04T09:48:32Z] [SECTION] ============================================================
[2026-05-04T09:48:32Z] [INFO] 🧩 PHASE: COMPOSER - DOMAIN INTEGRATION SYNTHESIS
[2026-05-04T09:48:32Z] [INFO] 🎨 Domain integrations synthesized: 0
[2026-05-04T09:48:32Z] [SECTION] ============================================================
[2026-05-04T09:48:32Z] [INFO] 🚀 PHASE: ADVANCED OVERNIGHT LOOP
[2026-05-04T09:48:38Z] [INFO] 🔬 Advanced loop completed cycles: 0
[2026-05-04T09:48:38Z] [WARNING] ⚠️  Git commit skipped or failed (git not initialized?): Command '['git', '-C', '/home/avalonas/.hermes/gematria/unified_overnight_research', 'add', '.']' returned non-zero exit status 128.
[2026-05-04T09:48:38Z] [INFO] 
📊 CYCLE #39 SUMMARY
[2026-05-04T09:48:38Z] [INFO] ✅ Successful tasks: 7/7
[2026-05-04T09:48:38Z] [INFO] ⏱️  Cycle duration: 6.48s
[2026-05-04T09:48:38Z] [INFO]    ⚠️ task: result
[2026-05-04T09:48:38Z] [INFO]    ⚠️ task: result
[2026-05-04T09:48:38Z] [INFO]    ⚠️ task: result
[2026-05-04T09:48:38Z] [INFO]    ⚠️ task: result
[2026-05-04T09:48:38Z] [INFO]    ⚠️ task: result
[2026-05-04T09:48:38Z] [INFO]    ⚠️ task: result
[2026-05-04T09:48:38Z] [INFO]    ⚠️ task: result
[2026-05-04T09:48:38Z] [HEADER] ================================================================================
[2026-05-04T09:48:38Z] [INFO] 🔄 OVERNIGHT RESEARCH PIPELINE - CYCLE #40
[2026-05-04T09:48:38Z] [INFO] ================================================================================
[2026-05-04T09:48:38Z] [HEADER] ============================================================
[2026-05-04T09:48:38Z] [INFO] 🌙 STARTING OVERNIGHT RESEARCH CYCLE #40
[2026-05-04T09:48:38Z] [INFO] 🔍 Running overnight research protocol (web scraping + cross-symbol analysis)...
[2026-05-04T09:48:38Z] [INFO] 📊 Cycle duration: 0.11s, Files generated: 0
[2026-05-04T09:48:38Z] [WARNING] ⚠️ Database not initialized for cycle counting
[2026-05-04T09:48:38Z] [INFO] 💾 Database updated with cycle results
[2026-05-04T09:48:38Z] [SECTION] ============================================================
[2026-05-04T09:48:38Z] [INFO] 🔮 PHASE: HIDDEN LAYERING DETECTION
[2026-05-04T09:48:38Z] [INFO] 🔗 Hidden layering detection complete. Connections identified: 2
[2026-05-04T09:48:38Z] [SECTION] ============================================================
[2026-05-04T09:48:38Z] [INFO] 🔬 PHASE: DOMAIN CORRELATION ANALYSIS
[2026-05-04T09:48:38Z] [INFO] 📊 Domain correlation matrices created: 1
[2026-05-04T09:48:38Z] [SECTION] ============================================================
[2026-05-04T09:48:38Z] [INFO] 🖼️  PHASE: IMAGE-SEED ANALYSIS
[2026-05-04T09:48:38Z] [INFO] 📂 Image seed analysis bootstrapping from 8 images...
[2026-05-04T09:48:38Z] [SECTION] ============================================================
[2026-05-04T09:48:38Z] [INFO] 📤 PHASE: PUSH COMPONENTS TO TOLARIA
[2026-05-04T09:48:39Z] [INFO] 📦 Components pushed to Tolaria: 5
[2026-05-04T09:48:39Z] [SECTION] ============================================================
[2026-05-04T09:48:39Z] [INFO] 🧩 PHASE: COMPOSER - DOMAIN INTEGRATION SYNTHESIS
[2026-05-04T09:48:39Z] [INFO] 🎨 Domain integrations synthesized: 0
[2026-05-04T09:48:39Z] [SECTION] ============================================================
[2026-05-04T09:48:39Z] [INFO] 🚀 PHASE: ADVANCED OVERNIGHT LOOP
[2026-05-04T09:48:44Z] [INFO] 🔬 Advanced loop completed cycles: 0
[2026-05-04T09:48:44Z] [WARNING] ⚠️  Git commit skipped or failed (git not initialized?): Command '['git', '-C', '/home/avalonas/.hermes/gematria/unified_overnight_research', 'add', '.']' returned non-zero exit status 128.
[2026-05-04T09:48:44Z] [INFO] 
📊 CYCLE #40 SUMMARY
[2026-05-04T09:48:44Z] [INFO] ✅ Successful tasks: 7/7
[2026-05-04T09:48:44Z] [INFO] ⏱️  Cycle duration: 6.44s
[2026-05-04T09:48:44Z] [INFO]    ⚠️ task: result
[2026-05-04T09:48:44Z] [INFO]    ⚠️ task: result
[2026-05-04T09:48:44Z] [INFO]    ⚠️ task: result
[2026-05-04T09:48:44Z] [INFO]    ⚠️ task: result
[2026-05-04T09:48:44Z] [INFO]    ⚠️ task: result
[2026-05-04T09:48:44Z] [INFO]    ⚠️ task: result
[2026-05-04T09:48:44Z] [INFO]    ⚠️ task: result
[2026-05-04T09:48:44Z] [HEADER] ================================================================================
[2026-05-04T09:48:44Z] [INFO] 🔄 OVERNIGHT RESEARCH PIPELINE - CYCLE #41
[2026-05-04T09:48:44Z] [INFO] ================================================================================
[2026-05-04T09:48:44Z] [HEADER] ============================================================
[2026-05-04T09:48:44Z] [INFO] 🌙 STARTING OVERNIGHT RESEARCH CYCLE #41
[2026-05-04T09:48:44Z] [INFO] 🔍 Running overnight research protocol (web scraping + cross-symbol analysis)...
[2026-05-04T09:48:44Z] [INFO] 📊 Cycle duration: 0.10s, Files generated: 0
[2026-05-04T09:48:44Z] [WARNING] ⚠️ Database not initialized for cycle counting
[2026-05-04T09:48:44Z] [INFO] 💾 Database updated with cycle results
[2026-05-04T09:48:44Z] [SECTION] ============================================================
[2026-05-04T09:48:44Z] [INFO] 🔮 PHASE: HIDDEN LAYERING DETECTION
[2026-05-04T09:48:44Z] [INFO] 🔗 Hidden layering detection complete. Connections identified: 2
[2026-05-04T09:48:44Z] [SECTION] ============================================================
[2026-05-04T09:48:44Z] [INFO] 🔬 PHASE: DOMAIN CORRELATION ANALYSIS
[2026-05-04T09:48:44Z] [INFO] 📊 Domain correlation matrices created: 1
[2026-05-04T09:48:44Z] [SECTION] ============================================================
[2026-05-04T09:48:44Z] [INFO] 🖼️  PHASE: IMAGE-SEED ANALYSIS
[2026-05-04T09:48:44Z] [INFO] 📂 Image seed analysis bootstrapping from 8 images...
[2026-05-04T09:48:44Z] [SECTION] ============================================================
[2026-05-04T09:48:44Z] [INFO] 📤 PHASE: PUSH COMPONENTS TO TOLARIA
[2026-05-04T09:48:45Z] [INFO] 📦 Components pushed to Tolaria: 5
[2026-05-04T09:48:45Z] [SECTION] ============================================================
[2026-05-04T09:48:45Z] [INFO] 🧩 PHASE: COMPOSER - DOMAIN INTEGRATION SYNTHESIS
[2026-05-04T09:48:46Z] [INFO] 🎨 Domain integrations synthesized: 0
[2026-05-04T09:48:46Z] [SECTION] ============================================================
[2026-05-04T09:48:46Z] [INFO] 🚀 PHASE: ADVANCED OVERNIGHT LOOP
[2026-05-04T09:48:51Z] [INFO] 🔬 Advanced loop completed cycles: 0
[2026-05-04T09:48:51Z] [WARNING] ⚠️  Git commit skipped or failed (git not initialized?): Command '['git', '-C', '/home/avalonas/.hermes/gematria/unified_overnight_research', 'add', '.']' returned non-zero exit status 128.
[2026-05-04T09:48:51Z] [INFO] 
📊 CYCLE #41 SUMMARY
[2026-05-04T09:48:51Z] [INFO] ✅ Successful tasks: 7/7
[2026-05-04T09:48:51Z] [INFO] ⏱️  Cycle duration: 6.67s
[2026-05-04T09:48:51Z] [INFO]    ⚠️ task: result
[2026-05-04T09:48:51Z] [INFO]    ⚠️ task: result
[2026-05-04T09:48:51Z] [INFO]    ⚠️ task: result
[2026-05-04T09:48:51Z] [INFO]    ⚠️ task: result
[2026-05-04T09:48:51Z] [INFO]    ⚠️ task: result
[2026-05-04T09:48:51Z] [INFO]    ⚠️ task: result
[2026-05-04T09:48:51Z] [INFO]    ⚠️ task: result
[2026-05-04T09:48:51Z] [HEADER] ================================================================================
[2026-05-04T09:48:51Z] [INFO] 🔄 OVERNIGHT RESEARCH PIPELINE - CYCLE #42
[2026-05-04T09:48:51Z] [INFO] ================================================================================
[2026-05-04T09:48:51Z] [HEADER] ============================================================
[2026-05-04T09:48:51Z] [INFO] 🌙 STARTING OVERNIGHT RESEARCH CYCLE #42
[2026-05-04T09:48:51Z] [INFO] 🔍 Running overnight research protocol (web scraping + cross-symbol analysis)...
[2026-05-04T09:48:51Z] [INFO] 📊 Cycle duration: 0.11s, Files generated: 0
[2026-05-04T09:48:51Z] [WARNING] ⚠️ Database not initialized for cycle counting
[2026-05-04T09:48:51Z] [INFO] 💾 Database updated with cycle results
[2026-05-04T09:48:51Z] [SECTION] ============================================================
[2026-05-04T09:48:51Z] [INFO] 🔮 PHASE: HIDDEN LAYERING DETECTION
[2026-05-04T09:48:51Z] [INFO] 🔗 Hidden layering detection complete. Connections identified: 2
[2026-05-04T09:48:51Z] [SECTION] ============================================================
[2026-05-04T09:48:51Z] [INFO] 🔬 PHASE: DOMAIN CORRELATION ANALYSIS
[2026-05-04T09:48:51Z] [INFO] 📊 Domain correlation matrices created: 1
[2026-05-04T09:48:51Z] [SECTION] ============================================================
[2026-05-04T09:48:51Z] [INFO] 🖼️  PHASE: IMAGE-SEED ANALYSIS
[2026-05-04T09:48:51Z] [INFO] 📂 Image seed analysis bootstrapping from 8 images...
[2026-05-04T09:48:51Z] [SECTION] ============================================================
[2026-05-04T09:48:51Z] [INFO] 📤 PHASE: PUSH COMPONENTS TO TOLARIA
[2026-05-04T09:48:52Z] [INFO] 📦 Components pushed to Tolaria: 5
[2026-05-04T09:48:52Z] [SECTION] ============================================================
[2026-05-04T09:48:52Z] [INFO] 🧩 PHASE: COMPOSER - DOMAIN INTEGRATION SYNTHESIS
[2026-05-04T09:48:52Z] [INFO] 🎨 Domain integrations synthesized: 0
[2026-05-04T09:48:52Z] [SECTION] ============================================================
[2026-05-04T09:48:52Z] [INFO] 🚀 PHASE: ADVANCED OVERNIGHT LOOP
[2026-05-04T09:48:57Z] [INFO] 🔬 Advanced loop completed cycles: 0
[2026-05-04T09:48:57Z] [WARNING] ⚠️  Git commit skipped or failed (git not initialized?): Command '['git', '-C', '/home/avalonas/.hermes/gematria/unified_overnight_research', 'add', '.']' returned non-zero exit status 128.
[2026-05-04T09:48:57Z] [INFO] 
📊 CYCLE #42 SUMMARY
[2026-05-04T09:48:57Z] [INFO] ✅ Successful tasks: 7/7
[2026-05-04T09:48:57Z] [INFO] ⏱️  Cycle duration: 6.74s
[2026-05-04T09:48:57Z] [INFO]    ⚠️ task: result
[2026-05-04T09:48:57Z] [INFO]    ⚠️ task: result
[2026-05-04T09:48:57Z] [INFO]    ⚠️ task: result
[2026-05-04T09:48:57Z] [INFO]    ⚠️ task: result
[2026-05-04T09:48:57Z] [INFO]    ⚠️ task: result
[2026-05-04T09:48:57Z] [INFO]    ⚠️ task: result
[2026-05-04T09:48:57Z] [INFO]    ⚠️ task: result
[2026-05-04T09:48:57Z] [HEADER] ================================================================================
[2026-05-04T09:48:57Z] [INFO] 🔄 OVERNIGHT RESEARCH PIPELINE - CYCLE #43
[2026-05-04T09:48:57Z] [INFO] ================================================================================
[2026-05-04T09:48:57Z] [HEADER] ============================================================
[2026-05-04T09:48:57Z] [INFO] 🌙 STARTING OVERNIGHT RESEARCH CYCLE #43
[2026-05-04T09:48:57Z] [INFO] 🔍 Running overnight research protocol (web scraping + cross-symbol analysis)...
[2026-05-04T09:48:58Z] [INFO] 📊 Cycle duration: 0.11s, Files generated: 0
[2026-05-04T09:48:58Z] [WARNING] ⚠️ Database not initialized for cycle counting
[2026-05-04T09:48:58Z] [INFO] 💾 Database updated with cycle results
[2026-05-04T09:48:58Z] [SECTION] ============================================================
[2026-05-04T09:48:58Z] [INFO] 🔮 PHASE: HIDDEN LAYERING DETECTION
[2026-05-04T09:48:58Z] [INFO] 🔗 Hidden layering detection complete. Connections identified: 2
[2026-05-04T09:48:58Z] [SECTION] ============================================================
[2026-05-04T09:48:58Z] [INFO] 🔬 PHASE: DOMAIN CORRELATION ANALYSIS
[2026-05-04T09:48:58Z] [INFO] 📊 Domain correlation matrices created: 1
[2026-05-04T09:48:58Z] [SECTION] ============================================================
[2026-05-04T09:48:58Z] [INFO] 🖼️  PHASE: IMAGE-SEED ANALYSIS
[2026-05-04T09:48:58Z] [INFO] 📂 Image seed analysis bootstrapping from 8 images...
[2026-05-04T09:48:58Z] [SECTION] ============================================================
[2026-05-04T09:48:58Z] [INFO] 📤 PHASE: PUSH COMPONENTS TO TOLARIA
[2026-05-04T09:48:59Z] [INFO] 📦 Components pushed to Tolaria: 5
[2026-05-04T09:48:59Z] [SECTION] ============================================================
[2026-05-04T09:48:59Z] [INFO] 🧩 PHASE: COMPOSER - DOMAIN INTEGRATION SYNTHESIS
[2026-05-04T09:48:59Z] [INFO] 🎨 Domain integrations synthesized: 0
[2026-05-04T09:48:59Z] [SECTION] ============================================================
[2026-05-04T09:48:59Z] [INFO] 🚀 PHASE: ADVANCED OVERNIGHT LOOP
[2026-05-04T09:49:04Z] [INFO] 🔬 Advanced loop completed cycles: 0
[2026-05-04T09:49:04Z] [WARNING] ⚠️  Git commit skipped or failed (git not initialized?): Command '['git', '-C', '/home/avalonas/.hermes/gematria/unified_overnight_research', 'add', '.']' returned non-zero exit status 128.
[2026-05-04T09:49:04Z] [INFO] 
📊 CYCLE #43 SUMMARY
[2026-05-04T09:49:04Z] [INFO] ✅ Successful tasks: 7/7
[2026-05-04T09:49:04Z] [INFO] ⏱️  Cycle duration: 6.60s
[2026-05-04T09:49:04Z] [INFO]    ⚠️ task: result
[2026-05-04T09:49:04Z] [INFO]    ⚠️ task: result
[2026-05-04T09:49:04Z] [INFO]    ⚠️ task: result
[2026-05-04T09:49:04Z] [INFO]    ⚠️ task: result
[2026-05-04T09:49:04Z] [INFO]    ⚠️ task: result
[2026-05-04T09:49:04Z] [INFO]    ⚠️ task: result
[2026-05-04T09:49:04Z] [INFO]    ⚠️ task: result
[2026-05-04T09:49:04Z] [HEADER] ================================================================================
[2026-05-04T09:49:04Z] [INFO] 🔄 OVERNIGHT RESEARCH PIPELINE - CYCLE #44
[2026-05-04T09:49:04Z] [INFO] ================================================================================
[2026-05-04T09:49:04Z] [HEADER] ============================================================
[2026-05-04T09:49:04Z] [INFO] 🌙 STARTING OVERNIGHT RESEARCH CYCLE #44
[2026-05-04T09:49:04Z] [INFO] 🔍 Running overnight research protocol (web scraping + cross-symbol analysis)...
[2026-05-04T09:49:04Z] [INFO] 📊 Cycle duration: 0.11s, Files generated: 0
[2026-05-04T09:49:04Z] [WARNING] ⚠️ Database not initialized for cycle counting
[2026-05-04T09:49:04Z] [INFO] 💾 Database updated with cycle results
[2026-05-04T09:49:04Z] [SECTION] ============================================================
[2026-05-04T09:49:04Z] [INFO] 🔮 PHASE: HIDDEN LAYERING DETECTION
[2026-05-04T09:49:04Z] [INFO] 🔗 Hidden layering detection complete. Connections identified: 2
[2026-05-04T09:49:04Z] [SECTION] ============================================================
[2026-05-04T09:49:04Z] [INFO] 🔬 PHASE: DOMAIN CORRELATION ANALYSIS
[2026-05-04T09:49:04Z] [INFO] 📊 Domain correlation matrices created: 1
[2026-05-04T09:49:04Z] [SECTION] ============================================================
[2026-05-04T09:49:04Z] [INFO] 🖼️  PHASE: IMAGE-SEED ANALYSIS
[2026-05-04T09:49:04Z] [INFO] 📂 Image seed analysis bootstrapping from 8 images...
[2026-05-04T09:49:04Z] [SECTION] ============================================================
[2026-05-04T09:49:04Z] [INFO] 📤 PHASE: PUSH COMPONENTS TO TOLARIA
[2026-05-04T09:49:05Z] [INFO] 📦 Components pushed to Tolaria: 5
[2026-05-04T09:49:05Z] [SECTION] ============================================================
[2026-05-04T09:49:05Z] [INFO] 🧩 PHASE: COMPOSER - DOMAIN INTEGRATION SYNTHESIS
[2026-05-04T09:49:05Z] [INFO] 🎨 Domain integrations synthesized: 0
[2026-05-04T09:49:05Z] [SECTION] ============================================================
[2026-05-04T09:49:05Z] [INFO] 🚀 PHASE: ADVANCED OVERNIGHT LOOP
[2026-05-04T09:49:11Z] [INFO] 🔬 Advanced loop completed cycles: 0
[2026-05-04T09:49:11Z] [WARNING] ⚠️  Git commit skipped or failed (git not initialized?): Command '['git', '-C', '/home/avalonas/.hermes/gematria/unified_overnight_research', 'add', '.']' returned non-zero exit status 128.
[2026-05-04T09:49:11Z] [INFO] 
📊 CYCLE #44 SUMMARY
[2026-05-04T09:49:11Z] [INFO] ✅ Successful tasks: 7/7
[2026-05-04T09:49:11Z] [INFO] ⏱️  Cycle duration: 6.48s
[2026-05-04T09:49:11Z] [INFO]    ⚠️ task: result
[2026-05-04T09:49:11Z] [INFO]    ⚠️ task: result
[2026-05-04T09:49:11Z] [INFO]    ⚠️ task: result
[2026-05-04T09:49:11Z] [INFO]    ⚠️ task: result
[2026-05-04T09:49:11Z] [INFO]    ⚠️ task: result
[2026-05-04T09:49:11Z] [INFO]    ⚠️ task: result
[2026-05-04T09:49:11Z] [INFO]    ⚠️ task: result
[2026-05-04T09:49:11Z] [HEADER] ================================================================================
[2026-05-04T09:49:11Z] [INFO] 🔄 OVERNIGHT RESEARCH PIPELINE - CYCLE #45
[2026-05-04T09:49:11Z] [INFO] ================================================================================
[2026-05-04T09:49:11Z] [HEADER] ============================================================
[2026-05-04T09:49:11Z] [INFO] 🌙 STARTING OVERNIGHT RESEARCH CYCLE #45
[2026-05-04T09:49:11Z] [INFO] 🔍 Running overnight research protocol (web scraping + cross-symbol analysis)...
[2026-05-04T09:49:11Z] [INFO] 📊 Cycle duration: 0.11s, Files generated: 0
[2026-05-04T09:49:11Z] [WARNING] ⚠️ Database not initialized for cycle counting
[2026-05-04T09:49:11Z] [INFO] 💾 Database updated with cycle results
[2026-05-04T09:49:11Z] [SECTION] ============================================================
[2026-05-04T09:49:11Z] [INFO] 🔮 PHASE: HIDDEN LAYERING DETECTION
[2026-05-04T09:49:11Z] [INFO] 🔗 Hidden layering detection complete. Connections identified: 2
[2026-05-04T09:49:11Z] [SECTION] ============================================================
[2026-05-04T09:49:11Z] [INFO] 🔬 PHASE: DOMAIN CORRELATION ANALYSIS
[2026-05-04T09:49:11Z] [INFO] 📊 Domain correlation matrices created: 1
[2026-05-04T09:49:11Z] [SECTION] ============================================================
[2026-05-04T09:49:11Z] [INFO] 🖼️  PHASE: IMAGE-SEED ANALYSIS
[2026-05-04T09:49:11Z] [INFO] 📂 Image seed analysis bootstrapping from 8 images...
[2026-05-04T09:49:11Z] [SECTION] ============================================================
[2026-05-04T09:49:11Z] [INFO] 📤 PHASE: PUSH COMPONENTS TO TOLARIA
[2026-05-04T09:49:12Z] [INFO] 📦 Components pushed to Tolaria: 5
[2026-05-04T09:49:12Z] [SECTION] ============================================================
[2026-05-04T09:49:12Z] [INFO] 🧩 PHASE: COMPOSER - DOMAIN INTEGRATION SYNTHESIS
[2026-05-04T09:49:12Z] [INFO] 🎨 Domain integrations synthesized: 0
[2026-05-04T09:49:12Z] [SECTION] ============================================================
[2026-05-04T09:49:12Z] [INFO] 🚀 PHASE: ADVANCED OVERNIGHT LOOP
[2026-05-04T09:49:17Z] [INFO] 🔬 Advanced loop completed cycles: 0
[2026-05-04T09:49:17Z] [WARNING] ⚠️  Git commit skipped or failed (git not initialized?): Command '['git', '-C', '/home/avalonas/.hermes/gematria/unified_overnight_research', 'add', '.']' returned non-zero exit status 128.
[2026-05-04T09:49:17Z] [INFO] 
📊 CYCLE #45 SUMMARY
[2026-05-04T09:49:17Z] [INFO] ✅ Successful tasks: 7/7
[2026-05-04T09:49:17Z] [INFO] ⏱️  Cycle duration: 6.24s
[2026-05-04T09:49:17Z] [INFO]    ⚠️ task: result
[2026-05-04T09:49:17Z] [INFO]    ⚠️ task: result
[2026-05-04T09:49:17Z] [INFO]    ⚠️ task: result
[2026-05-04T09:49:17Z] [INFO]    ⚠️ task: result
[2026-05-04T09:49:17Z] [INFO]    ⚠️ task: result
[2026-05-04T09:49:17Z] [INFO]    ⚠️ task: result
[2026-05-04T09:49:17Z] [INFO]    ⚠️ task: result
[2026-05-04T09:49:17Z] [HEADER] ================================================================================
[2026-05-04T09:49:17Z] [INFO] 🔄 OVERNIGHT RESEARCH PIPELINE - CYCLE #46
[2026-05-04T09:49:17Z] [INFO] ================================================================================
[2026-05-04T09:49:17Z] [HEADER] ============================================================
[2026-05-04T09:49:17Z] [INFO] 🌙 STARTING OVERNIGHT RESEARCH CYCLE #46
[2026-05-04T09:49:17Z] [INFO] 🔍 Running overnight research protocol (web scraping + cross-symbol analysis)...
[2026-05-04T09:49:17Z] [INFO] 📊 Cycle duration: 0.10s, Files generated: 0
[2026-05-04T09:49:17Z] [WARNING] ⚠️ Database not initialized for cycle counting
[2026-05-04T09:49:17Z] [INFO] 💾 Database updated with cycle results
[2026-05-04T09:49:17Z] [SECTION] ============================================================
[2026-05-04T09:49:17Z] [INFO] 🔮 PHASE: HIDDEN LAYERING DETECTION
[2026-05-04T09:49:17Z] [INFO] 🔗 Hidden layering detection complete. Connections identified: 2
[2026-05-04T09:49:17Z] [SECTION] ============================================================
[2026-05-04T09:49:17Z] [INFO] 🔬 PHASE: DOMAIN CORRELATION ANALYSIS
[2026-05-04T09:49:17Z] [INFO] 📊 Domain correlation matrices created: 1
[2026-05-04T09:49:17Z] [SECTION] ============================================================
[2026-05-04T09:49:17Z] [INFO] 🖼️  PHASE: IMAGE-SEED ANALYSIS
[2026-05-04T09:49:17Z] [INFO] 📂 Image seed analysis bootstrapping from 8 images...
[2026-05-04T09:49:17Z] [SECTION] ============================================================
[2026-05-04T09:49:17Z] [INFO] 📤 PHASE: PUSH COMPONENTS TO TOLARIA
[2026-05-04T09:49:18Z] [INFO] 📦 Components pushed to Tolaria: 5
[2026-05-04T09:49:18Z] [SECTION] ============================================================
[2026-05-04T09:49:18Z] [INFO] 🧩 PHASE: COMPOSER - DOMAIN INTEGRATION SYNTHESIS
[2026-05-04T09:49:18Z] [INFO] 🎨 Domain integrations synthesized: 0
[2026-05-04T09:49:18Z] [SECTION] ============================================================
[2026-05-04T09:49:18Z] [INFO] 🚀 PHASE: ADVANCED OVERNIGHT LOOP
[2026-05-04T09:49:23Z] [INFO] 🔬 Advanced loop completed cycles: 0
[2026-05-04T09:49:23Z] [WARNING] ⚠️  Git commit skipped or failed (git not initialized?): Command '['git', '-C', '/home/avalonas/.hermes/gematria/unified_overnight_research', 'add', '.']' returned non-zero exit status 128.
[2026-05-04T09:49:23Z] [INFO] 
📊 CYCLE #46 SUMMARY
[2026-05-04T09:49:23Z] [INFO] ✅ Successful tasks: 7/7
[2026-05-04T09:49:23Z] [INFO] ⏱️  Cycle duration: 6.45s
[2026-05-04T09:49:23Z] [INFO]    ⚠️ task: result
[2026-05-04T09:49:23Z] [INFO]    ⚠️ task: result
[2026-05-04T09:49:23Z] [INFO]    ⚠️ task: result
[2026-05-04T09:49:23Z] [INFO]    ⚠️ task: result
[2026-05-04T09:49:23Z] [INFO]    ⚠️ task: result
[2026-05-04T09:49:23Z] [INFO]    ⚠️ task: result
[2026-05-04T09:49:23Z] [INFO]    ⚠️ task: result
[2026-05-04T09:49:23Z] [HEADER] ================================================================================
[2026-05-04T09:49:23Z] [INFO] 🔄 OVERNIGHT RESEARCH PIPELINE - CYCLE #47
[2026-05-04T09:49:23Z] [INFO] ================================================================================
[2026-05-04T09:49:23Z] [HEADER] ============================================================
[2026-05-04T09:49:23Z] [INFO] 🌙 STARTING OVERNIGHT RESEARCH CYCLE #47
[2026-05-04T09:49:23Z] [INFO] 🔍 Running overnight research protocol (web scraping + cross-symbol analysis)...
[2026-05-04T09:49:23Z] [INFO] 📊 Cycle duration: 0.11s, Files generated: 0
[2026-05-04T09:49:23Z] [WARNING] ⚠️ Database not initialized for cycle counting
[2026-05-04T09:49:23Z] [INFO] 💾 Database updated with cycle results
[2026-05-04T09:49:23Z] [SECTION] ============================================================
[2026-05-04T09:49:23Z] [INFO] 🔮 PHASE: HIDDEN LAYERING DETECTION
[2026-05-04T09:49:23Z] [INFO] 🔗 Hidden layering detection complete. Connections identified: 2
[2026-05-04T09:49:23Z] [SECTION] ============================================================
[2026-05-04T09:49:23Z] [INFO] 🔬 PHASE: DOMAIN CORRELATION ANALYSIS
[2026-05-04T09:49:23Z] [INFO] 📊 Domain correlation matrices created: 1
[2026-05-04T09:49:23Z] [SECTION] ============================================================
[2026-05-04T09:49:23Z] [INFO] 🖼️  PHASE: IMAGE-SEED ANALYSIS
[2026-05-04T09:49:23Z] [INFO] 📂 Image seed analysis bootstrapping from 8 images...
[2026-05-04T09:49:23Z] [SECTION] ============================================================
[2026-05-04T09:49:23Z] [INFO] 📤 PHASE: PUSH COMPONENTS TO TOLARIA
[2026-05-04T09:49:24Z] [INFO] 📦 Components pushed to Tolaria: 5
[2026-05-04T09:49:24Z] [SECTION] ============================================================
[2026-05-04T09:49:24Z] [INFO] 🧩 PHASE: COMPOSER - DOMAIN INTEGRATION SYNTHESIS
[2026-05-04T09:49:25Z] [INFO] 🎨 Domain integrations synthesized: 0
[2026-05-04T09:49:25Z] [SECTION] ============================================================
[2026-05-04T09:49:25Z] [INFO] 🚀 PHASE: ADVANCED OVERNIGHT LOOP
[2026-05-04T09:49:30Z] [INFO] 🔬 Advanced loop completed cycles: 0
[2026-05-04T09:49:30Z] [WARNING] ⚠️  Git commit skipped or failed (git not initialized?): Command '['git', '-C', '/home/avalonas/.hermes/gematria/unified_overnight_research', 'add', '.']' returned non-zero exit status 128.
[2026-05-04T09:49:30Z] [INFO] 
📊 CYCLE #47 SUMMARY
[2026-05-04T09:49:30Z] [INFO] ✅ Successful tasks: 7/7
[2026-05-04T09:49:30Z] [INFO] ⏱️  Cycle duration: 6.42s
[2026-05-04T09:49:30Z] [INFO]    ⚠️ task: result
[2026-05-04T09:49:30Z] [INFO]    ⚠️ task: result
[2026-05-04T09:49:30Z] [INFO]    ⚠️ task: result
[2026-05-04T09:49:30Z] [INFO]    ⚠️ task: result
[2026-05-04T09:49:30Z] [INFO]    ⚠️ task: result
[2026-05-04T09:49:30Z] [INFO]    ⚠️ task: result
[2026-05-04T09:49:30Z] [INFO]    ⚠️ task: result
[2026-05-04T09:49:30Z] [HEADER] ================================================================================
[2026-05-04T09:49:30Z] [INFO] 🔄 OVERNIGHT RESEARCH PIPELINE - CYCLE #48
[2026-05-04T09:49:30Z] [INFO] ================================================================================
[2026-05-04T09:49:30Z] [HEADER] ============================================================
[2026-05-04T09:49:30Z] [INFO] 🌙 STARTING OVERNIGHT RESEARCH CYCLE #48
[2026-05-04T09:49:30Z] [INFO] 🔍 Running overnight research protocol (web scraping + cross-symbol analysis)...
[2026-05-04T09:49:30Z] [INFO] 📊 Cycle duration: 0.11s, Files generated: 0
[2026-05-04T09:49:30Z] [WARNING] ⚠️ Database not initialized for cycle counting
[2026-05-04T09:49:30Z] [INFO] 💾 Database updated with cycle results
[2026-05-04T09:49:30Z] [SECTION] ============================================================
[2026-05-04T09:49:30Z] [INFO] 🔮 PHASE: HIDDEN LAYERING DETECTION
[2026-05-04T09:49:30Z] [INFO] 🔗 Hidden layering detection complete. Connections identified: 2
[2026-05-04T09:49:30Z] [SECTION] ============================================================
[2026-05-04T09:49:30Z] [INFO] 🔬 PHASE: DOMAIN CORRELATION ANALYSIS
[2026-05-04T09:49:30Z] [INFO] 📊 Domain correlation matrices created: 1
[2026-05-04T09:49:30Z] [SECTION] ============================================================
[2026-05-04T09:49:30Z] [INFO] 🖼️  PHASE: IMAGE-SEED ANALYSIS
[2026-05-04T09:49:30Z] [INFO] 📂 Image seed analysis bootstrapping from 8 images...
[2026-05-04T09:49:30Z] [SECTION] ============================================================
[2026-05-04T09:49:30Z] [INFO] 📤 PHASE: PUSH COMPONENTS TO TOLARIA
[2026-05-04T09:49:31Z] [INFO] 📦 Components pushed to Tolaria: 5
[2026-05-04T09:49:31Z] [SECTION] ============================================================
[2026-05-04T09:49:31Z] [INFO] 🧩 PHASE: COMPOSER - DOMAIN INTEGRATION SYNTHESIS
[2026-05-04T09:49:31Z] [INFO] 🎨 Domain integrations synthesized: 0
[2026-05-04T09:49:31Z] [SECTION] ============================================================
[2026-05-04T09:49:31Z] [INFO] 🚀 PHASE: ADVANCED OVERNIGHT LOOP
[2026-05-04T09:49:36Z] [INFO] 🔬 Advanced loop completed cycles: 0
[2026-05-04T09:49:36Z] [WARNING] ⚠️  Git commit skipped or failed (git not initialized?): Command '['git', '-C', '/home/avalonas/.hermes/gematria/unified_overnight_research', 'add', '.']' returned non-zero exit status 128.
[2026-05-04T09:49:36Z] [INFO] 
📊 CYCLE #48 SUMMARY
[2026-05-04T09:49:36Z] [INFO] ✅ Successful tasks: 7/7
[2026-05-04T09:49:36Z] [INFO] ⏱️  Cycle duration: 6.55s
[2026-05-04T09:49:36Z] [INFO]    ⚠️ task: result
[2026-05-04T09:49:36Z] [INFO]    ⚠️ task: result
[2026-05-04T09:49:36Z] [INFO]    ⚠️ task: result
[2026-05-04T09:49:36Z] [INFO]    ⚠️ task: result
[2026-05-04T09:49:36Z] [INFO]    ⚠️ task: result
[2026-05-04T09:49:36Z] [INFO]    ⚠️ task: result
[2026-05-04T09:49:36Z] [INFO]    ⚠️ task: result
[2026-05-04T09:49:36Z] [HEADER] ================================================================================
[2026-05-04T09:49:36Z] [INFO] 🔄 OVERNIGHT RESEARCH PIPELINE - CYCLE #49
[2026-05-04T09:49:36Z] [INFO] ================================================================================
[2026-05-04T09:49:36Z] [HEADER] ============================================================
[2026-05-04T09:49:36Z] [INFO] 🌙 STARTING OVERNIGHT RESEARCH CYCLE #49
[2026-05-04T09:49:36Z] [INFO] 🔍 Running overnight research protocol (web scraping + cross-symbol analysis)...
[2026-05-04T09:49:36Z] [INFO] 📊 Cycle duration: 0.11s, Files generated: 0
[2026-05-04T09:49:36Z] [WARNING] ⚠️ Database not initialized for cycle counting
[2026-05-04T09:49:36Z] [INFO] 💾 Database updated with cycle results
[2026-05-04T09:49:36Z] [SECTION] ============================================================
[2026-05-04T09:49:36Z] [INFO] 🔮 PHASE: HIDDEN LAYERING DETECTION
[2026-05-04T09:49:36Z] [INFO] 🔗 Hidden layering detection complete. Connections identified: 2
[2026-05-04T09:49:36Z] [SECTION] ============================================================
[2026-05-04T09:49:36Z] [INFO] 🔬 PHASE: DOMAIN CORRELATION ANALYSIS
[2026-05-04T09:49:36Z] [INFO] 📊 Domain correlation matrices created: 1
[2026-05-04T09:49:36Z] [SECTION] ============================================================
[2026-05-04T09:49:36Z] [INFO] 🖼️  PHASE: IMAGE-SEED ANALYSIS
[2026-05-04T09:49:36Z] [INFO] 📂 Image seed analysis bootstrapping from 8 images...
[2026-05-04T09:49:36Z] [SECTION] ============================================================
[2026-05-04T09:49:36Z] [INFO] 📤 PHASE: PUSH COMPONENTS TO TOLARIA
[2026-05-04T09:49:37Z] [INFO] 📦 Components pushed to Tolaria: 5
[2026-05-04T09:49:37Z] [SECTION] ============================================================
[2026-05-04T09:49:37Z] [INFO] 🧩 PHASE: COMPOSER - DOMAIN INTEGRATION SYNTHESIS
[2026-05-04T09:49:37Z] [INFO] 🎨 Domain integrations synthesized: 0
[2026-05-04T09:49:37Z] [SECTION] ============================================================
[2026-05-04T09:49:37Z] [INFO] 🚀 PHASE: ADVANCED OVERNIGHT LOOP
[2026-05-04T09:49:43Z] [INFO] 🔬 Advanced loop completed cycles: 0
[2026-05-04T09:49:43Z] [WARNING] ⚠️  Git commit skipped or failed (git not initialized?): Command '['git', '-C', '/home/avalonas/.hermes/gematria/unified_overnight_research', 'add', '.']' returned non-zero exit status 128.
[2026-05-04T09:49:43Z] [INFO] 
📊 CYCLE #49 SUMMARY
[2026-05-04T09:49:43Z] [INFO] ✅ Successful tasks: 7/7
[2026-05-04T09:49:43Z] [INFO] ⏱️  Cycle duration: 6.31s
[2026-05-04T09:49:43Z] [INFO]    ⚠️ task: result
[2026-05-04T09:49:43Z] [INFO]    ⚠️ task: result
[2026-05-04T09:49:43Z] [INFO]    ⚠️ task: result
[2026-05-04T09:49:43Z] [INFO]    ⚠️ task: result
[2026-05-04T09:49:43Z] [INFO]    ⚠️ task: result
[2026-05-04T09:49:43Z] [INFO]    ⚠️ task: result
[2026-05-04T09:49:43Z] [INFO]    ⚠️ task: result
[2026-05-04T09:49:43Z] [HEADER] ================================================================================
[2026-05-04T09:49:43Z] [INFO] 🔄 OVERNIGHT RESEARCH PIPELINE - CYCLE #50
[2026-05-04T09:49:43Z] [INFO] ================================================================================
[2026-05-04T09:49:43Z] [HEADER] ============================================================
[2026-05-04T09:49:43Z] [INFO] 🌙 STARTING OVERNIGHT RESEARCH CYCLE #50
[2026-05-04T09:49:43Z] [INFO] 🔍 Running overnight research protocol (web scraping + cross-symbol analysis)...
[2026-05-04T09:49:43Z] [INFO] 📊 Cycle duration: 0.11s, Files generated: 0
[2026-05-04T09:49:43Z] [WARNING] ⚠️ Database not initialized for cycle counting
[2026-05-04T09:49:43Z] [INFO] 💾 Database updated with cycle results
[2026-05-04T09:49:43Z] [SECTION] ============================================================
[2026-05-04T09:49:43Z] [INFO] 🔮 PHASE: HIDDEN LAYERING DETECTION
[2026-05-04T09:49:43Z] [INFO] 🔗 Hidden layering detection complete. Connections identified: 2
[2026-05-04T09:49:43Z] [SECTION] ============================================================
[2026-05-04T09:49:43Z] [INFO] 🔬 PHASE: DOMAIN CORRELATION ANALYSIS
[2026-05-04T09:49:43Z] [INFO] 📊 Domain correlation matrices created: 1
[2026-05-04T09:49:43Z] [SECTION] ============================================================
[2026-05-04T09:49:43Z] [INFO] 🖼️  PHASE: IMAGE-SEED ANALYSIS
[2026-05-04T09:49:43Z] [INFO] 📂 Image seed analysis bootstrapping from 8 images...
[2026-05-04T09:49:43Z] [SECTION] ============================================================
[2026-05-04T09:49:43Z] [INFO] 📤 PHASE: PUSH COMPONENTS TO TOLARIA
[2026-05-04T09:49:44Z] [INFO] 📦 Components pushed to Tolaria: 5
[2026-05-04T09:49:44Z] [SECTION] ============================================================
[2026-05-04T09:49:44Z] [INFO] 🧩 PHASE: COMPOSER - DOMAIN INTEGRATION SYNTHESIS
[2026-05-04T09:49:44Z] [INFO] 🎨 Domain integrations synthesized: 0
[2026-05-04T09:49:44Z] [SECTION] ============================================================
[2026-05-04T09:49:44Z] [INFO] 🚀 PHASE: ADVANCED OVERNIGHT LOOP
[2026-05-04T09:49:49Z] [INFO] 🔬 Advanced loop completed cycles: 0
[2026-05-04T09:49:49Z] [WARNING] ⚠️  Git commit skipped or failed (git not initialized?): Command '['git', '-C', '/home/avalonas/.hermes/gematria/unified_overnight_research', 'add', '.']' returned non-zero exit status 128.
[2026-05-04T09:49:49Z] [INFO] 
📊 CYCLE #50 SUMMARY
[2026-05-04T09:49:49Z] [INFO] ✅ Successful tasks: 7/7
[2026-05-04T09:49:49Z] [INFO] ⏱️  Cycle duration: 6.34s
[2026-05-04T09:49:49Z] [INFO]    ⚠️ task: result
[2026-05-04T09:49:49Z] [INFO]    ⚠️ task: result
[2026-05-04T09:49:49Z] [INFO]    ⚠️ task: result
[2026-05-04T09:49:49Z] [INFO]    ⚠️ task: result
[2026-05-04T09:49:49Z] [INFO]    ⚠️ task: result
[2026-05-04T09:49:49Z] [INFO]    ⚠️ task: result
[2026-05-04T09:49:49Z] [INFO]    ⚠️ task: result
[2026-05-04T09:49:49Z] [HEADER] ================================================================================
[2026-05-04T09:49:49Z] [INFO] 🔄 OVERNIGHT RESEARCH PIPELINE - CYCLE #51
[2026-05-04T09:49:49Z] [INFO] ================================================================================
[2026-05-04T09:49:49Z] [HEADER] ============================================================
[2026-05-04T09:49:49Z] [INFO] 🌙 STARTING OVERNIGHT RESEARCH CYCLE #51
[2026-05-04T09:49:49Z] [INFO] 🔍 Running overnight research protocol (web scraping + cross-symbol analysis)...
[2026-05-04T09:49:49Z] [INFO] 📊 Cycle duration: 0.11s, Files generated: 0
[2026-05-04T09:49:49Z] [WARNING] ⚠️ Database not initialized for cycle counting
[2026-05-04T09:49:49Z] [INFO] 💾 Database updated with cycle results
[2026-05-04T09:49:49Z] [SECTION] ============================================================
[2026-05-04T09:49:49Z] [INFO] 🔮 PHASE: HIDDEN LAYERING DETECTION
[2026-05-04T09:49:49Z] [INFO] 🔗 Hidden layering detection complete. Connections identified: 2
[2026-05-04T09:49:49Z] [SECTION] ============================================================
[2026-05-04T09:49:49Z] [INFO] 🔬 PHASE: DOMAIN CORRELATION ANALYSIS
[2026-05-04T09:49:49Z] [INFO] 📊 Domain correlation matrices created: 1
[2026-05-04T09:49:49Z] [SECTION] ============================================================
[2026-05-04T09:49:49Z] [INFO] 🖼️  PHASE: IMAGE-SEED ANALYSIS
[2026-05-04T09:49:49Z] [INFO] 📂 Image seed analysis bootstrapping from 8 images...
[2026-05-04T09:49:49Z] [SECTION] ============================================================
[2026-05-04T09:49:49Z] [INFO] 📤 PHASE: PUSH COMPONENTS TO TOLARIA
[2026-05-04T09:49:50Z] [INFO] 📦 Components pushed to Tolaria: 5
[2026-05-04T09:49:50Z] [SECTION] ============================================================
[2026-05-04T09:49:50Z] [INFO] 🧩 PHASE: COMPOSER - DOMAIN INTEGRATION SYNTHESIS
[2026-05-04T09:49:50Z] [INFO] 🎨 Domain integrations synthesized: 0
[2026-05-04T09:49:50Z] [SECTION] ============================================================
[2026-05-04T09:49:50Z] [INFO] 🚀 PHASE: ADVANCED OVERNIGHT LOOP
[2026-05-04T09:49:55Z] [INFO] 🔬 Advanced loop completed cycles: 0
[2026-05-04T09:49:55Z] [WARNING] ⚠️  Git commit skipped or failed (git not initialized?): Command '['git', '-C', '/home/avalonas/.hermes/gematria/unified_overnight_research', 'add', '.']' returned non-zero exit status 128.
[2026-05-04T09:49:55Z] [INFO] 
📊 CYCLE #51 SUMMARY
[2026-05-04T09:49:55Z] [INFO] ✅ Successful tasks: 7/7
[2026-05-04T09:49:55Z] [INFO] ⏱️  Cycle duration: 6.44s
[2026-05-04T09:49:55Z] [INFO]    ⚠️ task: result
[2026-05-04T09:49:55Z] [INFO]    ⚠️ task: result
[2026-05-04T09:49:55Z] [INFO]    ⚠️ task: result
[2026-05-04T09:49:55Z] [INFO]    ⚠️ task: result
[2026-05-04T09:49:55Z] [INFO]    ⚠️ task: result
[2026-05-04T09:49:55Z] [INFO]    ⚠️ task: result
[2026-05-04T09:49:55Z] [INFO]    ⚠️ task: result
[2026-05-04T09:49:55Z] [HEADER] ================================================================================
[2026-05-04T09:49:55Z] [INFO] 🔄 OVERNIGHT RESEARCH PIPELINE - CYCLE #52
[2026-05-04T09:49:55Z] [INFO] ================================================================================
[2026-05-04T09:49:55Z] [HEADER] ============================================================
[2026-05-04T09:49:55Z] [INFO] 🌙 STARTING OVERNIGHT RESEARCH CYCLE #52
[2026-05-04T09:49:55Z] [INFO] 🔍 Running overnight research protocol (web scraping + cross-symbol analysis)...
[2026-05-04T09:49:55Z] [INFO] 📊 Cycle duration: 0.11s, Files generated: 0
[2026-05-04T09:49:55Z] [WARNING] ⚠️ Database not initialized for cycle counting
[2026-05-04T09:49:55Z] [INFO] 💾 Database updated with cycle results
[2026-05-04T09:49:55Z] [SECTION] ============================================================
[2026-05-04T09:49:55Z] [INFO] 🔮 PHASE: HIDDEN LAYERING DETECTION
[2026-05-04T09:49:55Z] [INFO] 🔗 Hidden layering detection complete. Connections identified: 2
[2026-05-04T09:49:55Z] [SECTION] ============================================================
[2026-05-04T09:49:55Z] [INFO] 🔬 PHASE: DOMAIN CORRELATION ANALYSIS
[2026-05-04T09:49:55Z] [INFO] 📊 Domain correlation matrices created: 1
[2026-05-04T09:49:55Z] [SECTION] ============================================================
[2026-05-04T09:49:55Z] [INFO] 🖼️  PHASE: IMAGE-SEED ANALYSIS
[2026-05-04T09:49:55Z] [INFO] 📂 Image seed analysis bootstrapping from 8 images...
[2026-05-04T09:49:56Z] [SECTION] ============================================================
[2026-05-04T09:49:56Z] [INFO] 📤 PHASE: PUSH COMPONENTS TO TOLARIA
[2026-05-04T09:49:57Z] [INFO] 📦 Components pushed to Tolaria: 5
[2026-05-04T09:49:57Z] [SECTION] ============================================================
[2026-05-04T09:49:57Z] [INFO] 🧩 PHASE: COMPOSER - DOMAIN INTEGRATION SYNTHESIS
[2026-05-04T09:49:57Z] [INFO] 🎨 Domain integrations synthesized: 0
[2026-05-04T09:49:57Z] [SECTION] ============================================================
[2026-05-04T09:49:57Z] [INFO] 🚀 PHASE: ADVANCED OVERNIGHT LOOP
[2026-05-04T09:50:02Z] [INFO] 🔬 Advanced loop completed cycles: 0
[2026-05-04T09:50:02Z] [WARNING] ⚠️  Git commit skipped or failed (git not initialized?): Command '['git', '-C', '/home/avalonas/.hermes/gematria/unified_overnight_research', 'add', '.']' returned non-zero exit status 128.
[2026-05-04T09:50:02Z] [INFO] 
📊 CYCLE #52 SUMMARY
[2026-05-04T09:50:02Z] [INFO] ✅ Successful tasks: 7/7
[2026-05-04T09:50:02Z] [INFO] ⏱️  Cycle duration: 6.78s
[2026-05-04T09:50:02Z] [INFO]    ⚠️ task: result
[2026-05-04T09:50:02Z] [INFO]    ⚠️ task: result
[2026-05-04T09:50:02Z] [INFO]    ⚠️ task: result
[2026-05-04T09:50:02Z] [INFO]    ⚠️ task: result
[2026-05-04T09:50:02Z] [INFO]    ⚠️ task: result
[2026-05-04T09:50:02Z] [INFO]    ⚠️ task: result
[2026-05-04T09:50:02Z] [INFO]    ⚠️ task: result
[2026-05-04T09:50:02Z] [HEADER] ================================================================================
[2026-05-04T09:50:02Z] [INFO] 🔄 OVERNIGHT RESEARCH PIPELINE - CYCLE #53
[2026-05-04T09:50:02Z] [INFO] ================================================================================
[2026-05-04T09:50:02Z] [HEADER] ============================================================
[2026-05-04T09:50:02Z] [INFO] 🌙 STARTING OVERNIGHT RESEARCH CYCLE #53
[2026-05-04T09:50:02Z] [INFO] 🔍 Running overnight research protocol (web scraping + cross-symbol analysis)...
[2026-05-04T09:50:02Z] [INFO] 📊 Cycle duration: 0.11s, Files generated: 0
[2026-05-04T09:50:02Z] [WARNING] ⚠️ Database not initialized for cycle counting
[2026-05-04T09:50:02Z] [INFO] 💾 Database updated with cycle results
[2026-05-04T09:50:02Z] [SECTION] ============================================================
[2026-05-04T09:50:02Z] [INFO] 🔮 PHASE: HIDDEN LAYERING DETECTION
[2026-05-04T09:50:02Z] [INFO] 🔗 Hidden layering detection complete. Connections identified: 2
[2026-05-04T09:50:02Z] [SECTION] ============================================================
[2026-05-04T09:50:02Z] [INFO] 🔬 PHASE: DOMAIN CORRELATION ANALYSIS
[2026-05-04T09:50:02Z] [INFO] 📊 Domain correlation matrices created: 1
[2026-05-04T09:50:02Z] [SECTION] ============================================================
[2026-05-04T09:50:02Z] [INFO] 🖼️  PHASE: IMAGE-SEED ANALYSIS
[2026-05-04T09:50:02Z] [INFO] 📂 Image seed analysis bootstrapping from 8 images...
[2026-05-04T09:50:02Z] [SECTION] ============================================================
[2026-05-04T09:50:02Z] [INFO] 📤 PHASE: PUSH COMPONENTS TO TOLARIA
[2026-05-04T09:50:04Z] [INFO] 📦 Components pushed to Tolaria: 5
[2026-05-04T09:50:04Z] [SECTION] ============================================================
[2026-05-04T09:50:04Z] [INFO] 🧩 PHASE: COMPOSER - DOMAIN INTEGRATION SYNTHESIS
[2026-05-04T09:50:04Z] [INFO] 🎨 Domain integrations synthesized: 0
[2026-05-04T09:50:04Z] [SECTION] ============================================================
[2026-05-04T09:50:04Z] [INFO] 🚀 PHASE: ADVANCED OVERNIGHT LOOP
[2026-05-04T09:50:09Z] [INFO] 🔬 Advanced loop completed cycles: 0
[2026-05-04T09:50:09Z] [WARNING] ⚠️  Git commit skipped or failed (git not initialized?): Command '['git', '-C', '/home/avalonas/.hermes/gematria/unified_overnight_research', 'add', '.']' returned non-zero exit status 128.
[2026-05-04T09:50:09Z] [INFO] 
📊 CYCLE #53 SUMMARY
[2026-05-04T09:50:09Z] [INFO] ✅ Successful tasks: 7/7
[2026-05-04T09:50:09Z] [INFO] ⏱️  Cycle duration: 6.75s
[2026-05-04T09:50:09Z] [INFO]    ⚠️ task: result
[2026-05-04T09:50:09Z] [INFO]    ⚠️ task: result
[2026-05-04T09:50:09Z] [INFO]    ⚠️ task: result
[2026-05-04T09:50:09Z] [INFO]    ⚠️ task: result
[2026-05-04T09:50:09Z] [INFO]    ⚠️ task: result
[2026-05-04T09:50:09Z] [INFO]    ⚠️ task: result
[2026-05-04T09:50:09Z] [INFO]    ⚠️ task: result
[2026-05-04T09:50:09Z] [HEADER] ================================================================================
[2026-05-04T09:50:09Z] [INFO] 🔄 OVERNIGHT RESEARCH PIPELINE - CYCLE #54
[2026-05-04T09:50:09Z] [INFO] ================================================================================
[2026-05-04T09:50:09Z] [HEADER] ============================================================
[2026-05-04T09:50:09Z] [INFO] 🌙 STARTING OVERNIGHT RESEARCH CYCLE #54
[2026-05-04T09:50:09Z] [INFO] 🔍 Running overnight research protocol (web scraping + cross-symbol analysis)...
[2026-05-04T09:50:09Z] [INFO] 📊 Cycle duration: 0.11s, Files generated: 0
[2026-05-04T09:50:09Z] [WARNING] ⚠️ Database not initialized for cycle counting
[2026-05-04T09:50:09Z] [INFO] 💾 Database updated with cycle results
[2026-05-04T09:50:09Z] [SECTION] ============================================================
[2026-05-04T09:50:09Z] [INFO] 🔮 PHASE: HIDDEN LAYERING DETECTION
[2026-05-04T09:50:09Z] [INFO] 🔗 Hidden layering detection complete. Connections identified: 2
[2026-05-04T09:50:09Z] [SECTION] ============================================================
[2026-05-04T09:50:09Z] [INFO] 🔬 PHASE: DOMAIN CORRELATION ANALYSIS
[2026-05-04T09:50:09Z] [INFO] 📊 Domain correlation matrices created: 1
[2026-05-04T09:50:09Z] [SECTION] ============================================================
[2026-05-04T09:50:09Z] [INFO] 🖼️  PHASE: IMAGE-SEED ANALYSIS
[2026-05-04T09:50:09Z] [INFO] 📂 Image seed analysis bootstrapping from 8 images...
[2026-05-04T09:50:09Z] [SECTION] ============================================================
[2026-05-04T09:50:09Z] [INFO] 📤 PHASE: PUSH COMPONENTS TO TOLARIA
[2026-05-04T09:50:10Z] [INFO] 📦 Components pushed to Tolaria: 5
[2026-05-04T09:50:10Z] [SECTION] ============================================================
[2026-05-04T09:50:10Z] [INFO] 🧩 PHASE: COMPOSER - DOMAIN INTEGRATION SYNTHESIS
[2026-05-04T09:50:10Z] [INFO] 🎨 Domain integrations synthesized: 0
[2026-05-04T09:50:10Z] [SECTION] ============================================================
[2026-05-04T09:50:10Z] [INFO] 🚀 PHASE: ADVANCED OVERNIGHT LOOP
[2026-05-04T09:50:15Z] [INFO] 🔬 Advanced loop completed cycles: 0
[2026-05-04T09:50:15Z] [WARNING] ⚠️  Git commit skipped or failed (git not initialized?): Command '['git', '-C', '/home/avalonas/.hermes/gematria/unified_overnight_research', 'add', '.']' returned non-zero exit status 128.
[2026-05-04T09:50:15Z] [INFO] 
📊 CYCLE #54 SUMMARY
[2026-05-04T09:50:15Z] [INFO] ✅ Successful tasks: 7/7
[2026-05-04T09:50:15Z] [INFO] ⏱️  Cycle duration: 6.61s
[2026-05-04T09:50:15Z] [INFO]    ⚠️ task: result
[2026-05-04T09:50:15Z] [INFO]    ⚠️ task: result
[2026-05-04T09:50:15Z] [INFO]    ⚠️ task: result
[2026-05-04T09:50:15Z] [INFO]    ⚠️ task: result
[2026-05-04T09:50:15Z] [INFO]    ⚠️ task: result
[2026-05-04T09:50:15Z] [INFO]    ⚠️ task: result
[2026-05-04T09:50:15Z] [INFO]    ⚠️ task: result
[2026-05-04T09:50:15Z] [HEADER] ================================================================================
[2026-05-04T09:50:15Z] [INFO] 🔄 OVERNIGHT RESEARCH PIPELINE - CYCLE #55
[2026-05-04T09:50:15Z] [INFO] ================================================================================
[2026-05-04T09:50:15Z] [HEADER] ============================================================
[2026-05-04T09:50:15Z] [INFO] 🌙 STARTING OVERNIGHT RESEARCH CYCLE #55
[2026-05-04T09:50:15Z] [INFO] 🔍 Running overnight research protocol (web scraping + cross-symbol analysis)...
[2026-05-04T09:50:16Z] [INFO] 📊 Cycle duration: 0.11s, Files generated: 0
[2026-05-04T09:50:16Z] [WARNING] ⚠️ Database not initialized for cycle counting
[2026-05-04T09:50:16Z] [INFO] 💾 Database updated with cycle results
[2026-05-04T09:50:16Z] [SECTION] ============================================================
[2026-05-04T09:50:16Z] [INFO] 🔮 PHASE: HIDDEN LAYERING DETECTION
[2026-05-04T09:50:16Z] [INFO] 🔗 Hidden layering detection complete. Connections identified: 2
[2026-05-04T09:50:16Z] [SECTION] ============================================================
[2026-05-04T09:50:16Z] [INFO] 🔬 PHASE: DOMAIN CORRELATION ANALYSIS
[2026-05-04T09:50:16Z] [INFO] 📊 Domain correlation matrices created: 1
[2026-05-04T09:50:16Z] [SECTION] ============================================================
[2026-05-04T09:50:16Z] [INFO] 🖼️  PHASE: IMAGE-SEED ANALYSIS
[2026-05-04T09:50:16Z] [INFO] 📂 Image seed analysis bootstrapping from 8 images...
[2026-05-04T09:50:16Z] [SECTION] ============================================================
[2026-05-04T09:50:16Z] [INFO] 📤 PHASE: PUSH COMPONENTS TO TOLARIA
[2026-05-04T09:50:17Z] [INFO] 📦 Components pushed to Tolaria: 5
[2026-05-04T09:50:17Z] [SECTION] ============================================================
[2026-05-04T09:50:17Z] [INFO] 🧩 PHASE: COMPOSER - DOMAIN INTEGRATION SYNTHESIS
[2026-05-04T09:50:17Z] [INFO] 🎨 Domain integrations synthesized: 0
[2026-05-04T09:50:17Z] [SECTION] ============================================================
[2026-05-04T09:50:17Z] [INFO] 🚀 PHASE: ADVANCED OVERNIGHT LOOP
[2026-05-04T09:50:22Z] [INFO] 🔬 Advanced loop completed cycles: 0
[2026-05-04T09:50:22Z] [WARNING] ⚠️  Git commit skipped or failed (git not initialized?): Command '['git', '-C', '/home/avalonas/.hermes/gematria/unified_overnight_research', 'add', '.']' returned non-zero exit status 128.
[2026-05-04T09:50:22Z] [INFO] 
📊 CYCLE #55 SUMMARY
[2026-05-04T09:50:22Z] [INFO] ✅ Successful tasks: 7/7
[2026-05-04T09:50:22Z] [INFO] ⏱️  Cycle duration: 6.49s
[2026-05-04T09:50:22Z] [INFO]    ⚠️ task: result
[2026-05-04T09:50:22Z] [INFO]    ⚠️ task: result
[2026-05-04T09:50:22Z] [INFO]    ⚠️ task: result
[2026-05-04T09:50:22Z] [INFO]    ⚠️ task: result
[2026-05-04T09:50:22Z] [INFO]    ⚠️ task: result
[2026-05-04T09:50:22Z] [INFO]    ⚠️ task: result
[2026-05-04T09:50:22Z] [INFO]    ⚠️ task: result
[2026-05-04T09:50:22Z] [HEADER] ================================================================================
[2026-05-04T09:50:22Z] [INFO] 🔄 OVERNIGHT RESEARCH PIPELINE - CYCLE #56
[2026-05-04T09:50:22Z] [INFO] ================================================================================
[2026-05-04T09:50:22Z] [HEADER] ============================================================
[2026-05-04T09:50:22Z] [INFO] 🌙 STARTING OVERNIGHT RESEARCH CYCLE #56
[2026-05-04T09:50:22Z] [INFO] 🔍 Running overnight research protocol (web scraping + cross-symbol analysis)...
[2026-05-04T09:50:22Z] [INFO] 📊 Cycle duration: 0.11s, Files generated: 0
[2026-05-04T09:50:22Z] [WARNING] ⚠️ Database not initialized for cycle counting
[2026-05-04T09:50:22Z] [INFO] 💾 Database updated with cycle results
[2026-05-04T09:50:22Z] [SECTION] ============================================================
[2026-05-04T09:50:22Z] [INFO] 🔮 PHASE: HIDDEN LAYERING DETECTION
[2026-05-04T09:50:22Z] [INFO] 🔗 Hidden layering detection complete. Connections identified: 2
[2026-05-04T09:50:22Z] [SECTION] ============================================================
[2026-05-04T09:50:22Z] [INFO] 🔬 PHASE: DOMAIN CORRELATION ANALYSIS
[2026-05-04T09:50:22Z] [INFO] 📊 Domain correlation matrices created: 1
[2026-05-04T09:50:22Z] [SECTION] ============================================================
[2026-05-04T09:50:22Z] [INFO] 🖼️  PHASE: IMAGE-SEED ANALYSIS
[2026-05-04T09:50:22Z] [INFO] 📂 Image seed analysis bootstrapping from 8 images...
[2026-05-04T09:50:22Z] [SECTION] ============================================================
[2026-05-04T09:50:22Z] [INFO] 📤 PHASE: PUSH COMPONENTS TO TOLARIA
[2026-05-04T09:50:23Z] [INFO] 📦 Components pushed to Tolaria: 5
[2026-05-04T09:50:23Z] [SECTION] ============================================================
[2026-05-04T09:50:23Z] [INFO] 🧩 PHASE: COMPOSER - DOMAIN INTEGRATION SYNTHESIS
[2026-05-04T09:50:23Z] [INFO] 🎨 Domain integrations synthesized: 0
[2026-05-04T09:50:23Z] [SECTION] ============================================================
[2026-05-04T09:50:23Z] [INFO] 🚀 PHASE: ADVANCED OVERNIGHT LOOP
[2026-05-04T09:50:29Z] [INFO] 🔬 Advanced loop completed cycles: 0
[2026-05-04T09:50:29Z] [WARNING] ⚠️  Git commit skipped or failed (git not initialized?): Command '['git', '-C', '/home/avalonas/.hermes/gematria/unified_overnight_research', 'add', '.']' returned non-zero exit status 128.
[2026-05-04T09:50:29Z] [INFO] 
📊 CYCLE #56 SUMMARY
[2026-05-04T09:50:29Z] [INFO] ✅ Successful tasks: 7/7
[2026-05-04T09:50:29Z] [INFO] ⏱️  Cycle duration: 6.61s
[2026-05-04T09:50:29Z] [INFO]    ⚠️ task: result
[2026-05-04T09:50:29Z] [INFO]    ⚠️ task: result
[2026-05-04T09:50:29Z] [INFO]    ⚠️ task: result
[2026-05-04T09:50:29Z] [INFO]    ⚠️ task: result
[2026-05-04T09:50:29Z] [INFO]    ⚠️ task: result
[2026-05-04T09:50:29Z] [INFO]    ⚠️ task: result
[2026-05-04T09:50:29Z] [INFO]    ⚠️ task: result
[2026-05-04T09:50:29Z] [HEADER] ================================================================================
[2026-05-04T09:50:29Z] [INFO] 🔄 OVERNIGHT RESEARCH PIPELINE - CYCLE #57
[2026-05-04T09:50:29Z] [INFO] ================================================================================
[2026-05-04T09:50:29Z] [HEADER] ============================================================
[2026-05-04T09:50:29Z] [INFO] 🌙 STARTING OVERNIGHT RESEARCH CYCLE #57
[2026-05-04T09:50:29Z] [INFO] 🔍 Running overnight research protocol (web scraping + cross-symbol analysis)...
[2026-05-04T09:50:29Z] [INFO] 📊 Cycle duration: 0.11s, Files generated: 0
[2026-05-04T09:50:29Z] [WARNING] ⚠️ Database not initialized for cycle counting
[2026-05-04T09:50:29Z] [INFO] 💾 Database updated with cycle results
[2026-05-04T09:50:29Z] [SECTION] ============================================================
[2026-05-04T09:50:29Z] [INFO] 🔮 PHASE: HIDDEN LAYERING DETECTION
[2026-05-04T09:50:29Z] [INFO] 🔗 Hidden layering detection complete. Connections identified: 2
[2026-05-04T09:50:29Z] [SECTION] ============================================================
[2026-05-04T09:50:29Z] [INFO] 🔬 PHASE: DOMAIN CORRELATION ANALYSIS
[2026-05-04T09:50:29Z] [INFO] 📊 Domain correlation matrices created: 1
[2026-05-04T09:50:29Z] [SECTION] ============================================================
[2026-05-04T09:50:29Z] [INFO] 🖼️  PHASE: IMAGE-SEED ANALYSIS
[2026-05-04T09:50:29Z] [INFO] 📂 Image seed analysis bootstrapping from 8 images...
[2026-05-04T09:50:29Z] [SECTION] ============================================================
[2026-05-04T09:50:29Z] [INFO] 📤 PHASE: PUSH COMPONENTS TO TOLARIA
[2026-05-04T09:50:30Z] [INFO] 📦 Components pushed to Tolaria: 5
[2026-05-04T09:50:30Z] [SECTION] ============================================================
[2026-05-04T09:50:30Z] [INFO] 🧩 PHASE: COMPOSER - DOMAIN INTEGRATION SYNTHESIS
[2026-05-04T09:50:30Z] [INFO] 🎨 Domain integrations synthesized: 0
[2026-05-04T09:50:30Z] [SECTION] ============================================================
[2026-05-04T09:50:30Z] [INFO] 🚀 PHASE: ADVANCED OVERNIGHT LOOP
[2026-05-04T09:50:35Z] [INFO] 🔬 Advanced loop completed cycles: 0
[2026-05-04T09:50:35Z] [WARNING] ⚠️  Git commit skipped or failed (git not initialized?): Command '['git', '-C', '/home/avalonas/.hermes/gematria/unified_overnight_research', 'add', '.']' returned non-zero exit status 128.
[2026-05-04T09:50:35Z] [INFO] 
📊 CYCLE #57 SUMMARY
[2026-05-04T09:50:35Z] [INFO] ✅ Successful tasks: 7/7
[2026-05-04T09:50:35Z] [INFO] ⏱️  Cycle duration: 6.45s
[2026-05-04T09:50:35Z] [INFO]    ⚠️ task: result
[2026-05-04T09:50:35Z] [INFO]    ⚠️ task: result
[2026-05-04T09:50:35Z] [INFO]    ⚠️ task: result
[2026-05-04T09:50:35Z] [INFO]    ⚠️ task: result
[2026-05-04T09:50:35Z] [INFO]    ⚠️ task: result
[2026-05-04T09:50:35Z] [INFO]    ⚠️ task: result
[2026-05-04T09:50:35Z] [INFO]    ⚠️ task: result
[2026-05-04T09:50:35Z] [HEADER] ================================================================================
[2026-05-04T09:50:35Z] [INFO] 🔄 OVERNIGHT RESEARCH PIPELINE - CYCLE #58
[2026-05-04T09:50:35Z] [INFO] ================================================================================
[2026-05-04T09:50:35Z] [HEADER] ============================================================
[2026-05-04T09:50:35Z] [INFO] 🌙 STARTING OVERNIGHT RESEARCH CYCLE #58
[2026-05-04T09:50:35Z] [INFO] 🔍 Running overnight research protocol (web scraping + cross-symbol analysis)...
[2026-05-04T09:50:35Z] [INFO] 📊 Cycle duration: 0.13s, Files generated: 0
[2026-05-04T09:50:35Z] [WARNING] ⚠️ Database not initialized for cycle counting
[2026-05-04T09:50:35Z] [INFO] 💾 Database updated with cycle results
[2026-05-04T09:50:35Z] [SECTION] ============================================================
[2026-05-04T09:50:35Z] [INFO] 🔮 PHASE: HIDDEN LAYERING DETECTION
[2026-05-04T09:50:35Z] [INFO] 🔗 Hidden layering detection complete. Connections identified: 2
[2026-05-04T09:50:35Z] [SECTION] ============================================================
[2026-05-04T09:50:35Z] [INFO] 🔬 PHASE: DOMAIN CORRELATION ANALYSIS
[2026-05-04T09:50:35Z] [INFO] 📊 Domain correlation matrices created: 1
[2026-05-04T09:50:35Z] [SECTION] ============================================================
[2026-05-04T09:50:35Z] [INFO] 🖼️  PHASE: IMAGE-SEED ANALYSIS
[2026-05-04T09:50:35Z] [INFO] 📂 Image seed analysis bootstrapping from 8 images...
[2026-05-04T09:50:35Z] [SECTION] ============================================================
[2026-05-04T09:50:35Z] [INFO] 📤 PHASE: PUSH COMPONENTS TO TOLARIA
[2026-05-04T09:50:36Z] [INFO] 📦 Components pushed to Tolaria: 5
[2026-05-04T09:50:36Z] [SECTION] ============================================================
[2026-05-04T09:50:36Z] [INFO] 🧩 PHASE: COMPOSER - DOMAIN INTEGRATION SYNTHESIS
[2026-05-04T09:50:36Z] [INFO] 🎨 Domain integrations synthesized: 0
[2026-05-04T09:50:36Z] [SECTION] ============================================================
[2026-05-04T09:50:36Z] [INFO] 🚀 PHASE: ADVANCED OVERNIGHT LOOP
[2026-05-04T09:50:42Z] [INFO] 🔬 Advanced loop completed cycles: 0
[2026-05-04T09:50:42Z] [WARNING] ⚠️  Git commit skipped or failed (git not initialized?): Command '['git', '-C', '/home/avalonas/.hermes/gematria/unified_overnight_research', 'add', '.']' returned non-zero exit status 128.
[2026-05-04T09:50:42Z] [INFO] 
📊 CYCLE #58 SUMMARY
[2026-05-04T09:50:42Z] [INFO] ✅ Successful tasks: 7/7
[2026-05-04T09:50:42Z] [INFO] ⏱️  Cycle duration: 6.52s
[2026-05-04T09:50:42Z] [INFO]    ⚠️ task: result
[2026-05-04T09:50:42Z] [INFO]    ⚠️ task: result
[2026-05-04T09:50:42Z] [INFO]    ⚠️ task: result
[2026-05-04T09:50:42Z] [INFO]    ⚠️ task: result
[2026-05-04T09:50:42Z] [INFO]    ⚠️ task: result
[2026-05-04T09:50:42Z] [INFO]    ⚠️ task: result
[2026-05-04T09:50:42Z] [INFO]    ⚠️ task: result
[2026-05-04T09:50:42Z] [HEADER] ================================================================================
[2026-05-04T09:50:42Z] [INFO] 🔄 OVERNIGHT RESEARCH PIPELINE - CYCLE #59
[2026-05-04T09:50:42Z] [INFO] ================================================================================
[2026-05-04T09:50:42Z] [HEADER] ============================================================
[2026-05-04T09:50:42Z] [INFO] 🌙 STARTING OVERNIGHT RESEARCH CYCLE #59
[2026-05-04T09:50:42Z] [INFO] 🔍 Running overnight research protocol (web scraping + cross-symbol analysis)...
[2026-05-04T09:50:42Z] [INFO] 📊 Cycle duration: 0.11s, Files generated: 0
[2026-05-04T09:50:42Z] [WARNING] ⚠️ Database not initialized for cycle counting
[2026-05-04T09:50:42Z] [INFO] 💾 Database updated with cycle results
[2026-05-04T09:50:42Z] [SECTION] ============================================================
[2026-05-04T09:50:42Z] [INFO] 🔮 PHASE: HIDDEN LAYERING DETECTION
[2026-05-04T09:50:42Z] [INFO] 🔗 Hidden layering detection complete. Connections identified: 2
[2026-05-04T09:50:42Z] [SECTION] ============================================================
[2026-05-04T09:50:42Z] [INFO] 🔬 PHASE: DOMAIN CORRELATION ANALYSIS
[2026-05-04T09:50:42Z] [INFO] 📊 Domain correlation matrices created: 1
[2026-05-04T09:50:42Z] [SECTION] ============================================================
[2026-05-04T09:50:42Z] [INFO] 🖼️  PHASE: IMAGE-SEED ANALYSIS
[2026-05-04T09:50:42Z] [INFO] 📂 Image seed analysis bootstrapping from 8 images...
[2026-05-04T09:50:42Z] [SECTION] ============================================================
[2026-05-04T09:50:42Z] [INFO] 📤 PHASE: PUSH COMPONENTS TO TOLARIA
[2026-05-04T09:50:43Z] [INFO] 📦 Components pushed to Tolaria: 5
[2026-05-04T09:50:43Z] [SECTION] ============================================================
[2026-05-04T09:50:43Z] [INFO] 🧩 PHASE: COMPOSER - DOMAIN INTEGRATION SYNTHESIS
[2026-05-04T09:50:43Z] [INFO] 🎨 Domain integrations synthesized: 0
[2026-05-04T09:50:43Z] [SECTION] ============================================================
[2026-05-04T09:50:43Z] [INFO] 🚀 PHASE: ADVANCED OVERNIGHT LOOP
[2026-05-04T09:50:48Z] [INFO] 🔬 Advanced loop completed cycles: 0
[2026-05-04T09:50:48Z] [WARNING] ⚠️  Git commit skipped or failed (git not initialized?): Command '['git', '-C', '/home/avalonas/.hermes/gematria/unified_overnight_research', 'add', '.']' returned non-zero exit status 128.
[2026-05-04T09:50:48Z] [INFO] 
📊 CYCLE #59 SUMMARY
[2026-05-04T09:50:48Z] [INFO] ✅ Successful tasks: 7/7
[2026-05-04T09:50:48Z] [INFO] ⏱️  Cycle duration: 6.30s
[2026-05-04T09:50:48Z] [INFO]    ⚠️ task: result
[2026-05-04T09:50:48Z] [INFO]    ⚠️ task: result
[2026-05-04T09:50:48Z] [INFO]    ⚠️ task: result
[2026-05-04T09:50:48Z] [INFO]    ⚠️ task: result
[2026-05-04T09:50:48Z] [INFO]    ⚠️ task: result
[2026-05-04T09:50:48Z] [INFO]    ⚠️ task: result
[2026-05-04T09:50:48Z] [INFO]    ⚠️ task: result
[2026-05-04T09:50:48Z] [HEADER] ================================================================================
[2026-05-04T09:50:48Z] [INFO] 🔄 OVERNIGHT RESEARCH PIPELINE - CYCLE #60
[2026-05-04T09:50:48Z] [INFO] ================================================================================
[2026-05-04T09:50:48Z] [HEADER] ============================================================
[2026-05-04T09:50:48Z] [INFO] 🌙 STARTING OVERNIGHT RESEARCH CYCLE #60
[2026-05-04T09:50:48Z] [INFO] 🔍 Running overnight research protocol (web scraping + cross-symbol analysis)...
[2026-05-04T09:50:48Z] [INFO] 📊 Cycle duration: 0.10s, Files generated: 0
[2026-05-04T09:50:48Z] [WARNING] ⚠️ Database not initialized for cycle counting
[2026-05-04T09:50:48Z] [INFO] 💾 Database updated with cycle results
[2026-05-04T09:50:48Z] [SECTION] ============================================================
[2026-05-04T09:50:48Z] [INFO] 🔮 PHASE: HIDDEN LAYERING DETECTION
[2026-05-04T09:50:48Z] [INFO] 🔗 Hidden layering detection complete. Connections identified: 2
[2026-05-04T09:50:48Z] [SECTION] ============================================================
[2026-05-04T09:50:48Z] [INFO] 🔬 PHASE: DOMAIN CORRELATION ANALYSIS
[2026-05-04T09:50:48Z] [INFO] 📊 Domain correlation matrices created: 1
[2026-05-04T09:50:48Z] [SECTION] ============================================================
[2026-05-04T09:50:48Z] [INFO] 🖼️  PHASE: IMAGE-SEED ANALYSIS
[2026-05-04T09:50:48Z] [INFO] 📂 Image seed analysis bootstrapping from 8 images...
[2026-05-04T09:50:48Z] [SECTION] ============================================================
[2026-05-04T09:50:48Z] [INFO] 📤 PHASE: PUSH COMPONENTS TO TOLARIA
[2026-05-04T09:50:49Z] [INFO] 📦 Components pushed to Tolaria: 5
[2026-05-04T09:50:49Z] [SECTION] ============================================================
[2026-05-04T09:50:49Z] [INFO] 🧩 PHASE: COMPOSER - DOMAIN INTEGRATION SYNTHESIS
[2026-05-04T09:50:49Z] [INFO] 🎨 Domain integrations synthesized: 0
[2026-05-04T09:50:49Z] [SECTION] ============================================================
[2026-05-04T09:50:49Z] [INFO] 🚀 PHASE: ADVANCED OVERNIGHT LOOP
[2026-05-04T09:50:54Z] [INFO] 🔬 Advanced loop completed cycles: 0
[2026-05-04T09:50:54Z] [WARNING] ⚠️  Git commit skipped or failed (git not initialized?): Command '['git', '-C', '/home/avalonas/.hermes/gematria/unified_overnight_research', 'add', '.']' returned non-zero exit status 128.
[2026-05-04T09:50:54Z] [INFO] 
📊 CYCLE #60 SUMMARY
[2026-05-04T09:50:54Z] [INFO] ✅ Successful tasks: 7/7
[2026-05-04T09:50:54Z] [INFO] ⏱️  Cycle duration: 6.34s
[2026-05-04T09:50:54Z] [INFO]    ⚠️ task: result
[2026-05-04T09:50:54Z] [INFO]    ⚠️ task: result
[2026-05-04T09:50:54Z] [INFO]    ⚠️ task: result
[2026-05-04T09:50:54Z] [INFO]    ⚠️ task: result
[2026-05-04T09:50:54Z] [INFO]    ⚠️ task: result
[2026-05-04T09:50:54Z] [INFO]    ⚠️ task: result
[2026-05-04T09:50:54Z] [INFO]    ⚠️ task: result
[2026-05-04T09:50:54Z] [HEADER] ================================================================================
[2026-05-04T09:50:54Z] [INFO] 🔄 OVERNIGHT RESEARCH PIPELINE - CYCLE #61
[2026-05-04T09:50:54Z] [INFO] ================================================================================
[2026-05-04T09:50:54Z] [HEADER] ============================================================
[2026-05-04T09:50:54Z] [INFO] 🌙 STARTING OVERNIGHT RESEARCH CYCLE #61
[2026-05-04T09:50:54Z] [INFO] 🔍 Running overnight research protocol (web scraping + cross-symbol analysis)...
[2026-05-04T09:50:54Z] [INFO] 📊 Cycle duration: 0.11s, Files generated: 0
[2026-05-04T09:50:54Z] [WARNING] ⚠️ Database not initialized for cycle counting
[2026-05-04T09:50:54Z] [INFO] 💾 Database updated with cycle results
[2026-05-04T09:50:54Z] [SECTION] ============================================================
[2026-05-04T09:50:54Z] [INFO] 🔮 PHASE: HIDDEN LAYERING DETECTION
[2026-05-04T09:50:54Z] [INFO] 🔗 Hidden layering detection complete. Connections identified: 2
[2026-05-04T09:50:54Z] [SECTION] ============================================================
[2026-05-04T09:50:54Z] [INFO] 🔬 PHASE: DOMAIN CORRELATION ANALYSIS
[2026-05-04T09:50:54Z] [INFO] 📊 Domain correlation matrices created: 1
[2026-05-04T09:50:54Z] [SECTION] ============================================================
[2026-05-04T09:50:54Z] [INFO] 🖼️  PHASE: IMAGE-SEED ANALYSIS
[2026-05-04T09:50:54Z] [INFO] 📂 Image seed analysis bootstrapping from 8 images...
[2026-05-04T09:50:54Z] [SECTION] ============================================================
[2026-05-04T09:50:54Z] [INFO] 📤 PHASE: PUSH COMPONENTS TO TOLARIA
[2026-05-04T09:50:55Z] [INFO] 📦 Components pushed to Tolaria: 5
[2026-05-04T09:50:55Z] [SECTION] ============================================================
[2026-05-04T09:50:55Z] [INFO] 🧩 PHASE: COMPOSER - DOMAIN INTEGRATION SYNTHESIS
[2026-05-04T09:50:55Z] [INFO] 🎨 Domain integrations synthesized: 0
[2026-05-04T09:50:55Z] [SECTION] ============================================================
[2026-05-04T09:50:55Z] [INFO] 🚀 PHASE: ADVANCED OVERNIGHT LOOP
[2026-05-04T09:51:00Z] [INFO] 🔬 Advanced loop completed cycles: 0
[2026-05-04T09:51:01Z] [WARNING] ⚠️  Git commit skipped or failed (git not initialized?): Command '['git', '-C', '/home/avalonas/.hermes/gematria/unified_overnight_research', 'add', '.']' returned non-zero exit status 128.
[2026-05-04T09:51:01Z] [INFO] 
📊 CYCLE #61 SUMMARY
[2026-05-04T09:51:01Z] [INFO] ✅ Successful tasks: 7/7
[2026-05-04T09:51:01Z] [INFO] ⏱️  Cycle duration: 6.33s
[2026-05-04T09:51:01Z] [INFO]    ⚠️ task: result
[2026-05-04T09:51:01Z] [INFO]    ⚠️ task: result
[2026-05-04T09:51:01Z] [INFO]    ⚠️ task: result
[2026-05-04T09:51:01Z] [INFO]    ⚠️ task: result
[2026-05-04T09:51:01Z] [INFO]    ⚠️ task: result
[2026-05-04T09:51:01Z] [INFO]    ⚠️ task: result
[2026-05-04T09:51:01Z] [INFO]    ⚠️ task: result
[2026-05-04T09:51:01Z] [HEADER] ================================================================================
[2026-05-04T09:51:01Z] [INFO] 🔄 OVERNIGHT RESEARCH PIPELINE - CYCLE #62
[2026-05-04T09:51:01Z] [INFO] ================================================================================
[2026-05-04T09:51:01Z] [HEADER] ============================================================
[2026-05-04T09:51:01Z] [INFO] 🌙 STARTING OVERNIGHT RESEARCH CYCLE #62
[2026-05-04T09:51:01Z] [INFO] 🔍 Running overnight research protocol (web scraping + cross-symbol analysis)...
[2026-05-04T09:51:01Z] [INFO] 📊 Cycle duration: 0.11s, Files generated: 0
[2026-05-04T09:51:01Z] [WARNING] ⚠️ Database not initialized for cycle counting
[2026-05-04T09:51:01Z] [INFO] 💾 Database updated with cycle results
[2026-05-04T09:51:01Z] [SECTION] ============================================================
[2026-05-04T09:51:01Z] [INFO] 🔮 PHASE: HIDDEN LAYERING DETECTION
[2026-05-04T09:51:01Z] [INFO] 🔗 Hidden layering detection complete. Connections identified: 2
[2026-05-04T09:51:01Z] [SECTION] ============================================================
[2026-05-04T09:51:01Z] [INFO] 🔬 PHASE: DOMAIN CORRELATION ANALYSIS
[2026-05-04T09:51:01Z] [INFO] 📊 Domain correlation matrices created: 1
[2026-05-04T09:51:01Z] [SECTION] ============================================================
[2026-05-04T09:51:01Z] [INFO] 🖼️  PHASE: IMAGE-SEED ANALYSIS
[2026-05-04T09:51:01Z] [INFO] 📂 Image seed analysis bootstrapping from 8 images...
[2026-05-04T09:51:01Z] [SECTION] ============================================================
[2026-05-04T09:51:01Z] [INFO] 📤 PHASE: PUSH COMPONENTS TO TOLARIA
[2026-05-04T09:51:02Z] [INFO] 📦 Components pushed to Tolaria: 5
[2026-05-04T09:51:02Z] [SECTION] ============================================================
[2026-05-04T09:51:02Z] [INFO] 🧩 PHASE: COMPOSER - DOMAIN INTEGRATION SYNTHESIS
[2026-05-04T09:51:02Z] [INFO] 🎨 Domain integrations synthesized: 0
[2026-05-04T09:51:02Z] [SECTION] ============================================================
[2026-05-04T09:51:02Z] [INFO] 🚀 PHASE: ADVANCED OVERNIGHT LOOP
[2026-05-04T09:51:07Z] [INFO] 🔬 Advanced loop completed cycles: 0
[2026-05-04T09:51:07Z] [WARNING] ⚠️  Git commit skipped or failed (git not initialized?): Command '['git', '-C', '/home/avalonas/.hermes/gematria/unified_overnight_research', 'add', '.']' returned non-zero exit status 128.
[2026-05-04T09:51:07Z] [INFO] 
📊 CYCLE #62 SUMMARY
[2026-05-04T09:51:07Z] [INFO] ✅ Successful tasks: 7/7
[2026-05-04T09:51:07Z] [INFO] ⏱️  Cycle duration: 6.41s
[2026-05-04T09:51:07Z] [INFO]    ⚠️ task: result
[2026-05-04T09:51:07Z] [INFO]    ⚠️ task: result
[2026-05-04T09:51:07Z] [INFO]    ⚠️ task: result
[2026-05-04T09:51:07Z] [INFO]    ⚠️ task: result
[2026-05-04T09:51:07Z] [INFO]    ⚠️ task: result
[2026-05-04T09:51:07Z] [INFO]    ⚠️ task: result
[2026-05-04T09:51:07Z] [INFO]    ⚠️ task: result
[2026-05-04T09:51:07Z] [HEADER] ================================================================================
[2026-05-04T09:51:07Z] [INFO] 🔄 OVERNIGHT RESEARCH PIPELINE - CYCLE #63
[2026-05-04T09:51:07Z] [INFO] ================================================================================
[2026-05-04T09:51:07Z] [HEADER] ============================================================
[2026-05-04T09:51:07Z] [INFO] 🌙 STARTING OVERNIGHT RESEARCH CYCLE #63
[2026-05-04T09:51:07Z] [INFO] 🔍 Running overnight research protocol (web scraping + cross-symbol analysis)...
[2026-05-04T09:51:07Z] [INFO] 📊 Cycle duration: 0.10s, Files generated: 0
[2026-05-04T09:51:07Z] [WARNING] ⚠️ Database not initialized for cycle counting
[2026-05-04T09:51:07Z] [INFO] 💾 Database updated with cycle results
[2026-05-04T09:51:07Z] [SECTION] ============================================================
[2026-05-04T09:51:07Z] [INFO] 🔮 PHASE: HIDDEN LAYERING DETECTION
[2026-05-04T09:51:07Z] [INFO] 🔗 Hidden layering detection complete. Connections identified: 2
[2026-05-04T09:51:07Z] [SECTION] ============================================================
[2026-05-04T09:51:07Z] [INFO] 🔬 PHASE: DOMAIN CORRELATION ANALYSIS
[2026-05-04T09:51:07Z] [INFO] 📊 Domain correlation matrices created: 1
[2026-05-04T09:51:07Z] [SECTION] ============================================================
[2026-05-04T09:51:07Z] [INFO] 🖼️  PHASE: IMAGE-SEED ANALYSIS
[2026-05-04T09:51:07Z] [INFO] 📂 Image seed analysis bootstrapping from 8 images...
[2026-05-04T09:51:07Z] [SECTION] ============================================================
[2026-05-04T09:51:07Z] [INFO] 📤 PHASE: PUSH COMPONENTS TO TOLARIA
[2026-05-04T09:51:08Z] [INFO] 📦 Components pushed to Tolaria: 5
[2026-05-04T09:51:08Z] [SECTION] ============================================================
[2026-05-04T09:51:08Z] [INFO] 🧩 PHASE: COMPOSER - DOMAIN INTEGRATION SYNTHESIS
[2026-05-04T09:51:08Z] [INFO] 🎨 Domain integrations synthesized: 0
[2026-05-04T09:51:08Z] [SECTION] ============================================================
[2026-05-04T09:51:08Z] [INFO] 🚀 PHASE: ADVANCED OVERNIGHT LOOP
[2026-05-04T09:51:13Z] [INFO] 🔬 Advanced loop completed cycles: 0
[2026-05-04T09:51:13Z] [WARNING] ⚠️  Git commit skipped or failed (git not initialized?): Command '['git', '-C', '/home/avalonas/.hermes/gematria/unified_overnight_research', 'add', '.']' returned non-zero exit status 128.
[2026-05-04T09:51:13Z] [INFO] 
📊 CYCLE #63 SUMMARY
[2026-05-04T09:51:13Z] [INFO] ✅ Successful tasks: 7/7
[2026-05-04T09:51:13Z] [INFO] ⏱️  Cycle duration: 6.32s
[2026-05-04T09:51:13Z] [INFO]    ⚠️ task: result
[2026-05-04T09:51:13Z] [INFO]    ⚠️ task: result
[2026-05-04T09:51:13Z] [INFO]    ⚠️ task: result
[2026-05-04T09:51:13Z] [INFO]    ⚠️ task: result
[2026-05-04T09:51:13Z] [INFO]    ⚠️ task: result
[2026-05-04T09:51:13Z] [INFO]    ⚠️ task: result
[2026-05-04T09:51:13Z] [INFO]    ⚠️ task: result
[2026-05-04T09:51:13Z] [HEADER] ================================================================================
[2026-05-04T09:51:13Z] [INFO] 🔄 OVERNIGHT RESEARCH PIPELINE - CYCLE #64
[2026-05-04T09:51:13Z] [INFO] ================================================================================
[2026-05-04T09:51:13Z] [HEADER] ============================================================
[2026-05-04T09:51:13Z] [INFO] 🌙 STARTING OVERNIGHT RESEARCH CYCLE #64
[2026-05-04T09:51:13Z] [INFO] 🔍 Running overnight research protocol (web scraping + cross-symbol analysis)...
[2026-05-04T09:51:13Z] [INFO] 📊 Cycle duration: 0.11s, Files generated: 0
[2026-05-04T09:51:13Z] [WARNING] ⚠️ Database not initialized for cycle counting
[2026-05-04T09:51:13Z] [INFO] 💾 Database updated with cycle results
[2026-05-04T09:51:13Z] [SECTION] ============================================================
[2026-05-04T09:51:13Z] [INFO] 🔮 PHASE: HIDDEN LAYERING DETECTION
[2026-05-04T09:51:13Z] [INFO] 🔗 Hidden layering detection complete. Connections identified: 2
[2026-05-04T09:51:13Z] [SECTION] ============================================================
[2026-05-04T09:51:13Z] [INFO] 🔬 PHASE: DOMAIN CORRELATION ANALYSIS
[2026-05-04T09:51:13Z] [INFO] 📊 Domain correlation matrices created: 1
[2026-05-04T09:51:13Z] [SECTION] ============================================================
[2026-05-04T09:51:13Z] [INFO] 🖼️  PHASE: IMAGE-SEED ANALYSIS
[2026-05-04T09:51:13Z] [INFO] 📂 Image seed analysis bootstrapping from 8 images...
[2026-05-04T09:51:13Z] [SECTION] ============================================================
[2026-05-04T09:51:13Z] [INFO] 📤 PHASE: PUSH COMPONENTS TO TOLARIA
[2026-05-04T09:51:14Z] [INFO] 📦 Components pushed to Tolaria: 5
[2026-05-04T09:51:14Z] [SECTION] ============================================================
[2026-05-04T09:51:14Z] [INFO] 🧩 PHASE: COMPOSER - DOMAIN INTEGRATION SYNTHESIS
[2026-05-04T09:51:15Z] [INFO] 🎨 Domain integrations synthesized: 0
[2026-05-04T09:51:15Z] [SECTION] ============================================================
[2026-05-04T09:51:15Z] [INFO] 🚀 PHASE: ADVANCED OVERNIGHT LOOP
[2026-05-04T09:51:20Z] [INFO] 🔬 Advanced loop completed cycles: 0
[2026-05-04T09:51:20Z] [WARNING] ⚠️  Git commit skipped or failed (git not initialized?): Command '['git', '-C', '/home/avalonas/.hermes/gematria/unified_overnight_research', 'add', '.']' returned non-zero exit status 128.
[2026-05-04T09:51:20Z] [INFO] 
📊 CYCLE #64 SUMMARY
[2026-05-04T09:51:20Z] [INFO] ✅ Successful tasks: 7/7
[2026-05-04T09:51:20Z] [INFO] ⏱️  Cycle duration: 6.41s
[2026-05-04T09:51:20Z] [INFO]    ⚠️ task: result
[2026-05-04T09:51:20Z] [INFO]    ⚠️ task: result
[2026-05-04T09:51:20Z] [INFO]    ⚠️ task: result
[2026-05-04T09:51:20Z] [INFO]    ⚠️ task: result
[2026-05-04T09:51:20Z] [INFO]    ⚠️ task: result
[2026-05-04T09:51:20Z] [INFO]    ⚠️ task: result
[2026-05-04T09:51:20Z] [INFO]    ⚠️ task: result
[2026-05-04T09:51:20Z] [HEADER] ================================================================================
[2026-05-04T09:51:20Z] [INFO] 🔄 OVERNIGHT RESEARCH PIPELINE - CYCLE #65
[2026-05-04T09:51:20Z] [INFO] ================================================================================
[2026-05-04T09:51:20Z] [HEADER] ============================================================
[2026-05-04T09:51:20Z] [INFO] 🌙 STARTING OVERNIGHT RESEARCH CYCLE #65
[2026-05-04T09:51:20Z] [INFO] 🔍 Running overnight research protocol (web scraping + cross-symbol analysis)...
[2026-05-04T09:51:20Z] [INFO] 📊 Cycle duration: 0.11s, Files generated: 0
[2026-05-04T09:51:20Z] [WARNING] ⚠️ Database not initialized for cycle counting
[2026-05-04T09:51:20Z] [INFO] 💾 Database updated with cycle results
[2026-05-04T09:51:20Z] [SECTION] ============================================================
[2026-05-04T09:51:20Z] [INFO] 🔮 PHASE: HIDDEN LAYERING DETECTION
[2026-05-04T09:51:20Z] [INFO] 🔗 Hidden layering detection complete. Connections identified: 2
[2026-05-04T09:51:20Z] [SECTION] ============================================================
[2026-05-04T09:51:20Z] [INFO] 🔬 PHASE: DOMAIN CORRELATION ANALYSIS
[2026-05-04T09:51:20Z] [INFO] 📊 Domain correlation matrices created: 1
[2026-05-04T09:51:20Z] [SECTION] ============================================================
[2026-05-04T09:51:20Z] [INFO] 🖼️  PHASE: IMAGE-SEED ANALYSIS
[2026-05-04T09:51:20Z] [INFO] 📂 Image seed analysis bootstrapping from 8 images...
[2026-05-04T09:51:20Z] [SECTION] ============================================================
[2026-05-04T09:51:20Z] [INFO] 📤 PHASE: PUSH COMPONENTS TO TOLARIA
[2026-05-04T09:51:21Z] [INFO] 📦 Components pushed to Tolaria: 5
[2026-05-04T09:51:21Z] [SECTION] ============================================================
[2026-05-04T09:51:21Z] [INFO] 🧩 PHASE: COMPOSER - DOMAIN INTEGRATION SYNTHESIS
[2026-05-04T09:51:21Z] [INFO] 🎨 Domain integrations synthesized: 0
[2026-05-04T09:51:21Z] [SECTION] ============================================================
[2026-05-04T09:51:21Z] [INFO] 🚀 PHASE: ADVANCED OVERNIGHT LOOP
[2026-05-04T09:51:26Z] [INFO] 🔬 Advanced loop completed cycles: 0
[2026-05-04T09:51:26Z] [WARNING] ⚠️  Git commit skipped or failed (git not initialized?): Command '['git', '-C', '/home/avalonas/.hermes/gematria/unified_overnight_research', 'add', '.']' returned non-zero exit status 128.
[2026-05-04T09:51:26Z] [INFO] 
📊 CYCLE #65 SUMMARY
[2026-05-04T09:51:26Z] [INFO] ✅ Successful tasks: 7/7
[2026-05-04T09:51:26Z] [INFO] ⏱️  Cycle duration: 6.48s
[2026-05-04T09:51:26Z] [INFO]    ⚠️ task: result
[2026-05-04T09:51:26Z] [INFO]    ⚠️ task: result
[2026-05-04T09:51:26Z] [INFO]    ⚠️ task: result
[2026-05-04T09:51:26Z] [INFO]    ⚠️ task: result
[2026-05-04T09:51:26Z] [INFO]    ⚠️ task: result
[2026-05-04T09:51:26Z] [INFO]    ⚠️ task: result
[2026-05-04T09:51:26Z] [INFO]    ⚠️ task: result
[2026-05-04T09:51:26Z] [HEADER] ================================================================================
[2026-05-04T09:51:26Z] [INFO] 🔄 OVERNIGHT RESEARCH PIPELINE - CYCLE #66
[2026-05-04T09:51:26Z] [INFO] ================================================================================
[2026-05-04T09:51:26Z] [HEADER] ============================================================
[2026-05-04T09:51:26Z] [INFO] 🌙 STARTING OVERNIGHT RESEARCH CYCLE #66
[2026-05-04T09:51:26Z] [INFO] 🔍 Running overnight research protocol (web scraping + cross-symbol analysis)...
[2026-05-04T09:51:26Z] [INFO] 📊 Cycle duration: 0.11s, Files generated: 0
[2026-05-04T09:51:26Z] [WARNING] ⚠️ Database not initialized for cycle counting
[2026-05-04T09:51:26Z] [INFO] 💾 Database updated with cycle results
[2026-05-04T09:51:26Z] [SECTION] ============================================================
[2026-05-04T09:51:26Z] [INFO] 🔮 PHASE: HIDDEN LAYERING DETECTION
[2026-05-04T09:51:26Z] [INFO] 🔗 Hidden layering detection complete. Connections identified: 2
[2026-05-04T09:51:26Z] [SECTION] ============================================================
[2026-05-04T09:51:26Z] [INFO] 🔬 PHASE: DOMAIN CORRELATION ANALYSIS
[2026-05-04T09:51:26Z] [INFO] 📊 Domain correlation matrices created: 1
[2026-05-04T09:51:26Z] [SECTION] ============================================================
[2026-05-04T09:51:26Z] [INFO] 🖼️  PHASE: IMAGE-SEED ANALYSIS
[2026-05-04T09:51:26Z] [INFO] 📂 Image seed analysis bootstrapping from 8 images...
[2026-05-04T09:51:26Z] [SECTION] ============================================================
[2026-05-04T09:51:26Z] [INFO] 📤 PHASE: PUSH COMPONENTS TO TOLARIA
[2026-05-04T09:51:27Z] [INFO] 📦 Components pushed to Tolaria: 5
[2026-05-04T09:51:27Z] [SECTION] ============================================================
[2026-05-04T09:51:27Z] [INFO] 🧩 PHASE: COMPOSER - DOMAIN INTEGRATION SYNTHESIS
[2026-05-04T09:51:27Z] [INFO] 🎨 Domain integrations synthesized: 0
[2026-05-04T09:51:27Z] [SECTION] ============================================================
[2026-05-04T09:51:27Z] [INFO] 🚀 PHASE: ADVANCED OVERNIGHT LOOP
[2026-05-04T09:51:33Z] [INFO] 🔬 Advanced loop completed cycles: 0
[2026-05-04T09:51:33Z] [WARNING] ⚠️  Git commit skipped or failed (git not initialized?): Command '['git', '-C', '/home/avalonas/.hermes/gematria/unified_overnight_research', 'add', '.']' returned non-zero exit status 128.
[2026-05-04T09:51:33Z] [INFO] 
📊 CYCLE #66 SUMMARY
[2026-05-04T09:51:33Z] [INFO] ✅ Successful tasks: 7/7
[2026-05-04T09:51:33Z] [INFO] ⏱️  Cycle duration: 6.43s
[2026-05-04T09:51:33Z] [INFO]    ⚠️ task: result
[2026-05-04T09:51:33Z] [INFO]    ⚠️ task: result
[2026-05-04T09:51:33Z] [INFO]    ⚠️ task: result
[2026-05-04T09:51:33Z] [INFO]    ⚠️ task: result
[2026-05-04T09:51:33Z] [INFO]    ⚠️ task: result
[2026-05-04T09:51:33Z] [INFO]    ⚠️ task: result
[2026-05-04T09:51:33Z] [INFO]    ⚠️ task: result
[2026-05-04T09:51:33Z] [HEADER] ================================================================================
[2026-05-04T09:51:33Z] [INFO] 🔄 OVERNIGHT RESEARCH PIPELINE - CYCLE #67
[2026-05-04T09:51:33Z] [INFO] ================================================================================
[2026-05-04T09:51:33Z] [HEADER] ============================================================
[2026-05-04T09:51:33Z] [INFO] 🌙 STARTING OVERNIGHT RESEARCH CYCLE #67
[2026-05-04T09:51:33Z] [INFO] 🔍 Running overnight research protocol (web scraping + cross-symbol analysis)...
[2026-05-04T09:51:33Z] [INFO] 📊 Cycle duration: 0.11s, Files generated: 0
[2026-05-04T09:51:33Z] [WARNING] ⚠️ Database not initialized for cycle counting
[2026-05-04T09:51:33Z] [INFO] 💾 Database updated with cycle results
[2026-05-04T09:51:33Z] [SECTION] ============================================================
[2026-05-04T09:51:33Z] [INFO] 🔮 PHASE: HIDDEN LAYERING DETECTION
[2026-05-04T09:51:33Z] [INFO] 🔗 Hidden layering detection complete. Connections identified: 2
[2026-05-04T09:51:33Z] [SECTION] ============================================================
[2026-05-04T09:51:33Z] [INFO] 🔬 PHASE: DOMAIN CORRELATION ANALYSIS
[2026-05-04T09:51:33Z] [INFO] 📊 Domain correlation matrices created: 1
[2026-05-04T09:51:33Z] [SECTION] ============================================================
[2026-05-04T09:51:33Z] [INFO] 🖼️  PHASE: IMAGE-SEED ANALYSIS
[2026-05-04T09:51:33Z] [INFO] 📂 Image seed analysis bootstrapping from 8 images...
[2026-05-04T09:51:33Z] [SECTION] ============================================================
[2026-05-04T09:51:33Z] [INFO] 📤 PHASE: PUSH COMPONENTS TO TOLARIA
[2026-05-04T09:51:34Z] [INFO] 📦 Components pushed to Tolaria: 5
[2026-05-04T09:51:34Z] [SECTION] ============================================================
[2026-05-04T09:51:34Z] [INFO] 🧩 PHASE: COMPOSER - DOMAIN INTEGRATION SYNTHESIS
[2026-05-04T09:51:34Z] [INFO] 🎨 Domain integrations synthesized: 0
[2026-05-04T09:51:34Z] [SECTION] ============================================================
[2026-05-04T09:51:34Z] [INFO] 🚀 PHASE: ADVANCED OVERNIGHT LOOP
[2026-05-04T09:51:39Z] [INFO] 🔬 Advanced loop completed cycles: 0
[2026-05-04T09:51:39Z] [WARNING] ⚠️  Git commit skipped or failed (git not initialized?): Command '['git', '-C', '/home/avalonas/.hermes/gematria/unified_overnight_research', 'add', '.']' returned non-zero exit status 128.
[2026-05-04T09:51:39Z] [INFO] 
📊 CYCLE #67 SUMMARY
[2026-05-04T09:51:39Z] [INFO] ✅ Successful tasks: 7/7
[2026-05-04T09:51:39Z] [INFO] ⏱️  Cycle duration: 6.56s
[2026-05-04T09:51:39Z] [INFO]    ⚠️ task: result
[2026-05-04T09:51:39Z] [INFO]    ⚠️ task: result
[2026-05-04T09:51:39Z] [INFO]    ⚠️ task: result
[2026-05-04T09:51:39Z] [INFO]    ⚠️ task: result
[2026-05-04T09:51:39Z] [INFO]    ⚠️ task: result
[2026-05-04T09:51:39Z] [INFO]    ⚠️ task: result
[2026-05-04T09:51:39Z] [INFO]    ⚠️ task: result
[2026-05-04T09:51:39Z] [HEADER] ================================================================================
[2026-05-04T09:51:39Z] [INFO] 🔄 OVERNIGHT RESEARCH PIPELINE - CYCLE #68
[2026-05-04T09:51:39Z] [INFO] ================================================================================
[2026-05-04T09:51:39Z] [HEADER] ============================================================
[2026-05-04T09:51:39Z] [INFO] 🌙 STARTING OVERNIGHT RESEARCH CYCLE #68
[2026-05-04T09:51:39Z] [INFO] 🔍 Running overnight research protocol (web scraping + cross-symbol analysis)...
[2026-05-04T09:51:39Z] [INFO] 📊 Cycle duration: 0.10s, Files generated: 0
[2026-05-04T09:51:39Z] [WARNING] ⚠️ Database not initialized for cycle counting
[2026-05-04T09:51:39Z] [INFO] 💾 Database updated with cycle results
[2026-05-04T09:51:39Z] [SECTION] ============================================================
[2026-05-04T09:51:39Z] [INFO] 🔮 PHASE: HIDDEN LAYERING DETECTION
[2026-05-04T09:51:39Z] [INFO] 🔗 Hidden layering detection complete. Connections identified: 2
[2026-05-04T09:51:39Z] [SECTION] ============================================================
[2026-05-04T09:51:39Z] [INFO] 🔬 PHASE: DOMAIN CORRELATION ANALYSIS
[2026-05-04T09:51:39Z] [INFO] 📊 Domain correlation matrices created: 1
[2026-05-04T09:51:39Z] [SECTION] ============================================================
[2026-05-04T09:51:39Z] [INFO] 🖼️  PHASE: IMAGE-SEED ANALYSIS
[2026-05-04T09:51:39Z] [INFO] 📂 Image seed analysis bootstrapping from 8 images...
[2026-05-04T09:51:39Z] [SECTION] ============================================================
[2026-05-04T09:51:39Z] [INFO] 📤 PHASE: PUSH COMPONENTS TO TOLARIA
[2026-05-04T09:51:40Z] [INFO] 📦 Components pushed to Tolaria: 5
[2026-05-04T09:51:40Z] [SECTION] ============================================================
[2026-05-04T09:51:40Z] [INFO] 🧩 PHASE: COMPOSER - DOMAIN INTEGRATION SYNTHESIS
[2026-05-04T09:51:41Z] [INFO] 🎨 Domain integrations synthesized: 0
[2026-05-04T09:51:41Z] [SECTION] ============================================================
[2026-05-04T09:51:41Z] [INFO] 🚀 PHASE: ADVANCED OVERNIGHT LOOP
[2026-05-04T09:51:46Z] [INFO] 🔬 Advanced loop completed cycles: 0
[2026-05-04T09:51:46Z] [WARNING] ⚠️  Git commit skipped or failed (git not initialized?): Command '['git', '-C', '/home/avalonas/.hermes/gematria/unified_overnight_research', 'add', '.']' returned non-zero exit status 128.
[2026-05-04T09:51:46Z] [INFO] 
📊 CYCLE #68 SUMMARY
[2026-05-04T09:51:46Z] [INFO] ✅ Successful tasks: 7/7
[2026-05-04T09:51:46Z] [INFO] ⏱️  Cycle duration: 6.61s
[2026-05-04T09:51:46Z] [INFO]    ⚠️ task: result
[2026-05-04T09:51:46Z] [INFO]    ⚠️ task: result
[2026-05-04T09:51:46Z] [INFO]    ⚠️ task: result
[2026-05-04T09:51:46Z] [INFO]    ⚠️ task: result
[2026-05-04T09:51:46Z] [INFO]    ⚠️ task: result
[2026-05-04T09:51:46Z] [INFO]    ⚠️ task: result
[2026-05-04T09:51:46Z] [INFO]    ⚠️ task: result
[2026-05-04T09:51:46Z] [HEADER] ================================================================================
[2026-05-04T09:51:46Z] [INFO] 🔄 OVERNIGHT RESEARCH PIPELINE - CYCLE #69
[2026-05-04T09:51:46Z] [INFO] ================================================================================
[2026-05-04T09:51:46Z] [HEADER] ============================================================
[2026-05-04T09:51:46Z] [INFO] 🌙 STARTING OVERNIGHT RESEARCH CYCLE #69
[2026-05-04T09:51:46Z] [INFO] 🔍 Running overnight research protocol (web scraping + cross-symbol analysis)...
[2026-05-04T09:51:46Z] [INFO] 📊 Cycle duration: 0.10s, Files generated: 0
[2026-05-04T09:51:46Z] [WARNING] ⚠️ Database not initialized for cycle counting
[2026-05-04T09:51:46Z] [INFO] 💾 Database updated with cycle results
[2026-05-04T09:51:46Z] [SECTION] ============================================================
[2026-05-04T09:51:46Z] [INFO] 🔮 PHASE: HIDDEN LAYERING DETECTION
[2026-05-04T09:51:46Z] [INFO] 🔗 Hidden layering detection complete. Connections identified: 2
[2026-05-04T09:51:46Z] [SECTION] ============================================================
[2026-05-04T09:51:46Z] [INFO] 🔬 PHASE: DOMAIN CORRELATION ANALYSIS
[2026-05-04T09:51:46Z] [INFO] 📊 Domain correlation matrices created: 1
[2026-05-04T09:51:46Z] [SECTION] ============================================================
[2026-05-04T09:51:46Z] [INFO] 🖼️  PHASE: IMAGE-SEED ANALYSIS
[2026-05-04T09:51:46Z] [INFO] 📂 Image seed analysis bootstrapping from 8 images...
[2026-05-04T09:51:46Z] [SECTION] ============================================================
[2026-05-04T09:51:46Z] [INFO] 📤 PHASE: PUSH COMPONENTS TO TOLARIA
[2026-05-04T09:51:47Z] [INFO] 📦 Components pushed to Tolaria: 5
[2026-05-04T09:51:47Z] [SECTION] ============================================================
[2026-05-04T09:51:47Z] [INFO] 🧩 PHASE: COMPOSER - DOMAIN INTEGRATION SYNTHESIS
[2026-05-04T09:51:47Z] [INFO] 🎨 Domain integrations synthesized: 0
[2026-05-04T09:51:47Z] [SECTION] ============================================================
[2026-05-04T09:51:47Z] [INFO] 🚀 PHASE: ADVANCED OVERNIGHT LOOP
[2026-05-04T09:51:52Z] [INFO] 🔬 Advanced loop completed cycles: 0
[2026-05-04T09:51:52Z] [WARNING] ⚠️  Git commit skipped or failed (git not initialized?): Command '['git', '-C', '/home/avalonas/.hermes/gematria/unified_overnight_research', 'add', '.']' returned non-zero exit status 128.
[2026-05-04T09:51:52Z] [INFO] 
📊 CYCLE #69 SUMMARY
[2026-05-04T09:51:52Z] [INFO] ✅ Successful tasks: 7/7
[2026-05-04T09:51:52Z] [INFO] ⏱️  Cycle duration: 6.39s
[2026-05-04T09:51:52Z] [INFO]    ⚠️ task: result
[2026-05-04T09:51:52Z] [INFO]    ⚠️ task: result
[2026-05-04T09:51:52Z] [INFO]    ⚠️ task: result
[2026-05-04T09:51:52Z] [INFO]    ⚠️ task: result
[2026-05-04T09:51:52Z] [INFO]    ⚠️ task: result
[2026-05-04T09:51:52Z] [INFO]    ⚠️ task: result
[2026-05-04T09:51:52Z] [INFO]    ⚠️ task: result
[2026-05-04T09:51:52Z] [HEADER] ================================================================================
[2026-05-04T09:51:52Z] [INFO] 🔄 OVERNIGHT RESEARCH PIPELINE - CYCLE #70
[2026-05-04T09:51:52Z] [INFO] ================================================================================
[2026-05-04T09:51:52Z] [HEADER] ============================================================
[2026-05-04T09:51:52Z] [INFO] 🌙 STARTING OVERNIGHT RESEARCH CYCLE #70
[2026-05-04T09:51:52Z] [INFO] 🔍 Running overnight research protocol (web scraping + cross-symbol analysis)...
[2026-05-04T09:51:52Z] [INFO] 📊 Cycle duration: 0.11s, Files generated: 0
[2026-05-04T09:51:52Z] [WARNING] ⚠️ Database not initialized for cycle counting
[2026-05-04T09:51:52Z] [INFO] 💾 Database updated with cycle results
[2026-05-04T09:51:52Z] [SECTION] ============================================================
[2026-05-04T09:51:52Z] [INFO] 🔮 PHASE: HIDDEN LAYERING DETECTION
[2026-05-04T09:51:52Z] [INFO] 🔗 Hidden layering detection complete. Connections identified: 2
[2026-05-04T09:51:52Z] [SECTION] ============================================================
[2026-05-04T09:51:52Z] [INFO] 🔬 PHASE: DOMAIN CORRELATION ANALYSIS
[2026-05-04T09:51:52Z] [INFO] 📊 Domain correlation matrices created: 1
[2026-05-04T09:51:52Z] [SECTION] ============================================================
[2026-05-04T09:51:52Z] [INFO] 🖼️  PHASE: IMAGE-SEED ANALYSIS
[2026-05-04T09:51:52Z] [INFO] 📂 Image seed analysis bootstrapping from 8 images...
[2026-05-04T09:51:52Z] [SECTION] ============================================================
[2026-05-04T09:51:52Z] [INFO] 📤 PHASE: PUSH COMPONENTS TO TOLARIA
[2026-05-04T09:51:53Z] [INFO] 📦 Components pushed to Tolaria: 5
[2026-05-04T09:51:53Z] [SECTION] ============================================================
[2026-05-04T09:51:53Z] [INFO] 🧩 PHASE: COMPOSER - DOMAIN INTEGRATION SYNTHESIS
[2026-05-04T09:51:53Z] [INFO] 🎨 Domain integrations synthesized: 0
[2026-05-04T09:51:53Z] [SECTION] ============================================================
[2026-05-04T09:51:53Z] [INFO] 🚀 PHASE: ADVANCED OVERNIGHT LOOP
[2026-05-04T09:51:59Z] [INFO] 🔬 Advanced loop completed cycles: 0
[2026-05-04T09:51:59Z] [WARNING] ⚠️  Git commit skipped or failed (git not initialized?): Command '['git', '-C', '/home/avalonas/.hermes/gematria/unified_overnight_research', 'add', '.']' returned non-zero exit status 128.
[2026-05-04T09:51:59Z] [INFO] 
📊 CYCLE #70 SUMMARY
[2026-05-04T09:51:59Z] [INFO] ✅ Successful tasks: 7/7
[2026-05-04T09:51:59Z] [INFO] ⏱️  Cycle duration: 6.45s
[2026-05-04T09:51:59Z] [INFO]    ⚠️ task: result
[2026-05-04T09:51:59Z] [INFO]    ⚠️ task: result
[2026-05-04T09:51:59Z] [INFO]    ⚠️ task: result
[2026-05-04T09:51:59Z] [INFO]    ⚠️ task: result
[2026-05-04T09:51:59Z] [INFO]    ⚠️ task: result
[2026-05-04T09:51:59Z] [INFO]    ⚠️ task: result
[2026-05-04T09:51:59Z] [INFO]    ⚠️ task: result
[2026-05-04T09:51:59Z] [HEADER] ================================================================================
[2026-05-04T09:51:59Z] [INFO] 🔄 OVERNIGHT RESEARCH PIPELINE - CYCLE #71
[2026-05-04T09:51:59Z] [INFO] ================================================================================
[2026-05-04T09:51:59Z] [HEADER] ============================================================
[2026-05-04T09:51:59Z] [INFO] 🌙 STARTING OVERNIGHT RESEARCH CYCLE #71
[2026-05-04T09:51:59Z] [INFO] 🔍 Running overnight research protocol (web scraping + cross-symbol analysis)...
[2026-05-04T09:51:59Z] [INFO] 📊 Cycle duration: 0.11s, Files generated: 0
[2026-05-04T09:51:59Z] [WARNING] ⚠️ Database not initialized for cycle counting
[2026-05-04T09:51:59Z] [INFO] 💾 Database updated with cycle results
[2026-05-04T09:51:59Z] [SECTION] ============================================================
[2026-05-04T09:51:59Z] [INFO] 🔮 PHASE: HIDDEN LAYERING DETECTION
[2026-05-04T09:51:59Z] [INFO] 🔗 Hidden layering detection complete. Connections identified: 2
[2026-05-04T09:51:59Z] [SECTION] ============================================================
[2026-05-04T09:51:59Z] [INFO] 🔬 PHASE: DOMAIN CORRELATION ANALYSIS
[2026-05-04T09:51:59Z] [INFO] 📊 Domain correlation matrices created: 1
[2026-05-04T09:51:59Z] [SECTION] ============================================================
[2026-05-04T09:51:59Z] [INFO] 🖼️  PHASE: IMAGE-SEED ANALYSIS
[2026-05-04T09:51:59Z] [INFO] 📂 Image seed analysis bootstrapping from 8 images...
[2026-05-04T09:51:59Z] [SECTION] ============================================================
[2026-05-04T09:51:59Z] [INFO] 📤 PHASE: PUSH COMPONENTS TO TOLARIA
[2026-05-04T09:52:00Z] [INFO] 📦 Components pushed to Tolaria: 5
[2026-05-04T09:52:00Z] [SECTION] ============================================================
[2026-05-04T09:52:00Z] [INFO] 🧩 PHASE: COMPOSER - DOMAIN INTEGRATION SYNTHESIS
[2026-05-04T09:52:00Z] [INFO] 🎨 Domain integrations synthesized: 0
[2026-05-04T09:52:00Z] [SECTION] ============================================================
[2026-05-04T09:52:00Z] [INFO] 🚀 PHASE: ADVANCED OVERNIGHT LOOP
[2026-05-04T09:52:05Z] [INFO] 🔬 Advanced loop completed cycles: 0
[2026-05-04T09:52:05Z] [WARNING] ⚠️  Git commit skipped or failed (git not initialized?): Command '['git', '-C', '/home/avalonas/.hermes/gematria/unified_overnight_research', 'add', '.']' returned non-zero exit status 128.
[2026-05-04T09:52:05Z] [INFO] 
📊 CYCLE #71 SUMMARY
[2026-05-04T09:52:05Z] [INFO] ✅ Successful tasks: 7/7
[2026-05-04T09:52:05Z] [INFO] ⏱️  Cycle duration: 6.35s
[2026-05-04T09:52:05Z] [INFO]    ⚠️ task: result
[2026-05-04T09:52:05Z] [INFO]    ⚠️ task: result
[2026-05-04T09:52:05Z] [INFO]    ⚠️ task: result
[2026-05-04T09:52:05Z] [INFO]    ⚠️ task: result
[2026-05-04T09:52:05Z] [INFO]    ⚠️ task: result
[2026-05-04T09:52:05Z] [INFO]    ⚠️ task: result
[2026-05-04T09:52:05Z] [INFO]    ⚠️ task: result
[2026-05-04T09:52:05Z] [HEADER] ================================================================================
[2026-05-04T09:52:05Z] [INFO] 🔄 OVERNIGHT RESEARCH PIPELINE - CYCLE #72
[2026-05-04T09:52:05Z] [INFO] ================================================================================
[2026-05-04T09:52:05Z] [HEADER] ============================================================
[2026-05-04T09:52:05Z] [INFO] 🌙 STARTING OVERNIGHT RESEARCH CYCLE #72
[2026-05-04T09:52:05Z] [INFO] 🔍 Running overnight research protocol (web scraping + cross-symbol analysis)...
[2026-05-04T09:52:05Z] [INFO] 📊 Cycle duration: 0.11s, Files generated: 0
[2026-05-04T09:52:05Z] [WARNING] ⚠️ Database not initialized for cycle counting
[2026-05-04T09:52:05Z] [INFO] 💾 Database updated with cycle results
[2026-05-04T09:52:05Z] [SECTION] ============================================================
[2026-05-04T09:52:05Z] [INFO] 🔮 PHASE: HIDDEN LAYERING DETECTION
[2026-05-04T09:52:05Z] [INFO] 🔗 Hidden layering detection complete. Connections identified: 2
[2026-05-04T09:52:05Z] [SECTION] ============================================================
[2026-05-04T09:52:05Z] [INFO] 🔬 PHASE: DOMAIN CORRELATION ANALYSIS
[2026-05-04T09:52:05Z] [INFO] 📊 Domain correlation matrices created: 1
[2026-05-04T09:52:05Z] [SECTION] ============================================================
[2026-05-04T09:52:05Z] [INFO] 🖼️  PHASE: IMAGE-SEED ANALYSIS
[2026-05-04T09:52:05Z] [INFO] 📂 Image seed analysis bootstrapping from 8 images...
[2026-05-04T09:52:05Z] [SECTION] ============================================================
[2026-05-04T09:52:05Z] [INFO] 📤 PHASE: PUSH COMPONENTS TO TOLARIA
[2026-05-04T09:52:08Z] [INFO] 📦 Components pushed to Tolaria: 5
[2026-05-04T09:52:08Z] [SECTION] ============================================================
[2026-05-04T09:52:08Z] [INFO] 🧩 PHASE: COMPOSER - DOMAIN INTEGRATION SYNTHESIS
[2026-05-04T09:52:08Z] [INFO] 🎨 Domain integrations synthesized: 0
[2026-05-04T09:52:08Z] [SECTION] ============================================================
[2026-05-04T09:52:08Z] [INFO] 🚀 PHASE: ADVANCED OVERNIGHT LOOP
[2026-05-04T09:52:13Z] [INFO] 🔬 Advanced loop completed cycles: 0
[2026-05-04T09:52:13Z] [WARNING] ⚠️  Git commit skipped or failed (git not initialized?): Command '['git', '-C', '/home/avalonas/.hermes/gematria/unified_overnight_research', 'add', '.']' returned non-zero exit status 128.
[2026-05-04T09:52:13Z] [INFO] 
📊 CYCLE #72 SUMMARY
[2026-05-04T09:52:13Z] [INFO] ✅ Successful tasks: 7/7
[2026-05-04T09:52:13Z] [INFO] ⏱️  Cycle duration: 8.47s
[2026-05-04T09:52:13Z] [INFO]    ⚠️ task: result
[2026-05-04T09:52:13Z] [INFO]    ⚠️ task: result
[2026-05-04T09:52:13Z] [INFO]    ⚠️ task: result
[2026-05-04T09:52:13Z] [INFO]    ⚠️ task: result
[2026-05-04T09:52:13Z] [INFO]    ⚠️ task: result
[2026-05-04T09:52:13Z] [INFO]    ⚠️ task: result
[2026-05-04T09:52:13Z] [INFO]    ⚠️ task: result
[2026-05-04T09:52:13Z] [HEADER] ================================================================================
[2026-05-04T09:52:13Z] [INFO] 🔄 OVERNIGHT RESEARCH PIPELINE - CYCLE #73
[2026-05-04T09:52:13Z] [INFO] ================================================================================
[2026-05-04T09:52:13Z] [HEADER] ============================================================
[2026-05-04T09:52:13Z] [INFO] 🌙 STARTING OVERNIGHT RESEARCH CYCLE #73
[2026-05-04T09:52:13Z] [INFO] 🔍 Running overnight research protocol (web scraping + cross-symbol analysis)...
[2026-05-04T09:52:13Z] [INFO] 📊 Cycle duration: 0.11s, Files generated: 0
[2026-05-04T09:52:13Z] [WARNING] ⚠️ Database not initialized for cycle counting
[2026-05-04T09:52:13Z] [INFO] 💾 Database updated with cycle results
[2026-05-04T09:52:13Z] [SECTION] ============================================================
[2026-05-04T09:52:13Z] [INFO] 🔮 PHASE: HIDDEN LAYERING DETECTION
[2026-05-04T09:52:14Z] [INFO] 🔗 Hidden layering detection complete. Connections identified: 2
[2026-05-04T09:52:14Z] [SECTION] ============================================================
[2026-05-04T09:52:14Z] [INFO] 🔬 PHASE: DOMAIN CORRELATION ANALYSIS
[2026-05-04T09:52:14Z] [INFO] 📊 Domain correlation matrices created: 1
[2026-05-04T09:52:14Z] [SECTION] ============================================================
[2026-05-04T09:52:14Z] [INFO] 🖼️  PHASE: IMAGE-SEED ANALYSIS
[2026-05-04T09:52:14Z] [INFO] 📂 Image seed analysis bootstrapping from 8 images...
[2026-05-04T09:52:14Z] [SECTION] ============================================================
[2026-05-04T09:52:14Z] [INFO] 📤 PHASE: PUSH COMPONENTS TO TOLARIA
[2026-05-04T09:52:15Z] [INFO] 📦 Components pushed to Tolaria: 5
[2026-05-04T09:52:15Z] [SECTION] ============================================================
[2026-05-04T09:52:15Z] [INFO] 🧩 PHASE: COMPOSER - DOMAIN INTEGRATION SYNTHESIS
[2026-05-04T09:52:15Z] [INFO] 🎨 Domain integrations synthesized: 0
[2026-05-04T09:52:15Z] [SECTION] ============================================================
[2026-05-04T09:52:15Z] [INFO] 🚀 PHASE: ADVANCED OVERNIGHT LOOP
[2026-05-04T09:52:20Z] [INFO] 🔬 Advanced loop completed cycles: 0
[2026-05-04T09:52:20Z] [WARNING] ⚠️  Git commit skipped or failed (git not initialized?): Command '['git', '-C', '/home/avalonas/.hermes/gematria/unified_overnight_research', 'add', '.']' returned non-zero exit status 128.
[2026-05-04T09:52:20Z] [INFO] 
📊 CYCLE #73 SUMMARY
[2026-05-04T09:52:20Z] [INFO] ✅ Successful tasks: 7/7
[2026-05-04T09:52:20Z] [INFO] ⏱️  Cycle duration: 6.44s
[2026-05-04T09:52:20Z] [INFO]    ⚠️ task: result
[2026-05-04T09:52:20Z] [INFO]    ⚠️ task: result
[2026-05-04T09:52:20Z] [INFO]    ⚠️ task: result
[2026-05-04T09:52:20Z] [INFO]    ⚠️ task: result
[2026-05-04T09:52:20Z] [INFO]    ⚠️ task: result
[2026-05-04T09:52:20Z] [INFO]    ⚠️ task: result
[2026-05-04T09:52:20Z] [INFO]    ⚠️ task: result
[2026-05-04T09:52:20Z] [HEADER] ================================================================================
[2026-05-04T09:52:20Z] [INFO] 🔄 OVERNIGHT RESEARCH PIPELINE - CYCLE #74
[2026-05-04T09:52:20Z] [INFO] ================================================================================
[2026-05-04T09:52:20Z] [HEADER] ============================================================
[2026-05-04T09:52:20Z] [INFO] 🌙 STARTING OVERNIGHT RESEARCH CYCLE #74
[2026-05-04T09:52:20Z] [INFO] 🔍 Running overnight research protocol (web scraping + cross-symbol analysis)...
[2026-05-04T09:52:20Z] [INFO] 📊 Cycle duration: 0.10s, Files generated: 0
[2026-05-04T09:52:20Z] [WARNING] ⚠️ Database not initialized for cycle counting
[2026-05-04T09:52:20Z] [INFO] 💾 Database updated with cycle results
[2026-05-04T09:52:20Z] [SECTION] ============================================================
[2026-05-04T09:52:20Z] [INFO] 🔮 PHASE: HIDDEN LAYERING DETECTION
[2026-05-04T09:52:20Z] [INFO] 🔗 Hidden layering detection complete. Connections identified: 2
[2026-05-04T09:52:20Z] [SECTION] ============================================================
[2026-05-04T09:52:20Z] [INFO] 🔬 PHASE: DOMAIN CORRELATION ANALYSIS
[2026-05-04T09:52:20Z] [INFO] 📊 Domain correlation matrices created: 1
[2026-05-04T09:52:20Z] [SECTION] ============================================================
[2026-05-04T09:52:20Z] [INFO] 🖼️  PHASE: IMAGE-SEED ANALYSIS
[2026-05-04T09:52:20Z] [INFO] 📂 Image seed analysis bootstrapping from 8 images...
[2026-05-04T09:52:20Z] [SECTION] ============================================================
[2026-05-04T09:52:20Z] [INFO] 📤 PHASE: PUSH COMPONENTS TO TOLARIA
[2026-05-04T09:52:21Z] [INFO] 📦 Components pushed to Tolaria: 5
[2026-05-04T09:52:21Z] [SECTION] ============================================================
[2026-05-04T09:52:21Z] [INFO] 🧩 PHASE: COMPOSER - DOMAIN INTEGRATION SYNTHESIS
[2026-05-04T09:52:21Z] [INFO] 🎨 Domain integrations synthesized: 0
[2026-05-04T09:52:21Z] [SECTION] ============================================================
[2026-05-04T09:52:21Z] [INFO] 🚀 PHASE: ADVANCED OVERNIGHT LOOP
[2026-05-04T09:52:26Z] [INFO] 🔬 Advanced loop completed cycles: 0
[2026-05-04T09:52:26Z] [WARNING] ⚠️  Git commit skipped or failed (git not initialized?): Command '['git', '-C', '/home/avalonas/.hermes/gematria/unified_overnight_research', 'add', '.']' returned non-zero exit status 128.
[2026-05-04T09:52:26Z] [INFO] 
📊 CYCLE #74 SUMMARY
[2026-05-04T09:52:26Z] [INFO] ✅ Successful tasks: 7/7
[2026-05-04T09:52:26Z] [INFO] ⏱️  Cycle duration: 6.49s
[2026-05-04T09:52:26Z] [INFO]    ⚠️ task: result
[2026-05-04T09:52:26Z] [INFO]    ⚠️ task: result
[2026-05-04T09:52:26Z] [INFO]    ⚠️ task: result
[2026-05-04T09:52:26Z] [INFO]    ⚠️ task: result
[2026-05-04T09:52:26Z] [INFO]    ⚠️ task: result
[2026-05-04T09:52:26Z] [INFO]    ⚠️ task: result
[2026-05-04T09:52:26Z] [INFO]    ⚠️ task: result
[2026-05-04T09:52:26Z] [HEADER] ================================================================================
[2026-05-04T09:52:26Z] [INFO] 🔄 OVERNIGHT RESEARCH PIPELINE - CYCLE #75
[2026-05-04T09:52:26Z] [INFO] ================================================================================
[2026-05-04T09:52:26Z] [HEADER] ============================================================
[2026-05-04T09:52:26Z] [INFO] 🌙 STARTING OVERNIGHT RESEARCH CYCLE #75
[2026-05-04T09:52:26Z] [INFO] 🔍 Running overnight research protocol (web scraping + cross-symbol analysis)...
[2026-05-04T09:52:26Z] [INFO] 📊 Cycle duration: 0.13s, Files generated: 0
[2026-05-04T09:52:26Z] [WARNING] ⚠️ Database not initialized for cycle counting
[2026-05-04T09:52:26Z] [INFO] 💾 Database updated with cycle results
[2026-05-04T09:52:26Z] [SECTION] ============================================================
[2026-05-04T09:52:26Z] [INFO] 🔮 PHASE: HIDDEN LAYERING DETECTION
[2026-05-04T09:52:26Z] [INFO] 🔗 Hidden layering detection complete. Connections identified: 2
[2026-05-04T09:52:26Z] [SECTION] ============================================================
[2026-05-04T09:52:26Z] [INFO] 🔬 PHASE: DOMAIN CORRELATION ANALYSIS
[2026-05-04T09:52:27Z] [INFO] 📊 Domain correlation matrices created: 1
[2026-05-04T09:52:27Z] [SECTION] ============================================================
[2026-05-04T09:52:27Z] [INFO] 🖼️  PHASE: IMAGE-SEED ANALYSIS
[2026-05-04T09:52:27Z] [INFO] 📂 Image seed analysis bootstrapping from 8 images...
[2026-05-04T09:52:27Z] [SECTION] ============================================================
[2026-05-04T09:52:27Z] [INFO] 📤 PHASE: PUSH COMPONENTS TO TOLARIA
[2026-05-04T09:52:27Z] [INFO] 📦 Components pushed to Tolaria: 5
[2026-05-04T09:52:27Z] [SECTION] ============================================================
[2026-05-04T09:52:27Z] [INFO] 🧩 PHASE: COMPOSER - DOMAIN INTEGRATION SYNTHESIS
[2026-05-04T09:52:28Z] [INFO] 🎨 Domain integrations synthesized: 0
[2026-05-04T09:52:28Z] [SECTION] ============================================================
[2026-05-04T09:52:28Z] [INFO] 🚀 PHASE: ADVANCED OVERNIGHT LOOP
[2026-05-04T09:52:33Z] [INFO] 🔬 Advanced loop completed cycles: 0
[2026-05-04T09:52:33Z] [WARNING] ⚠️  Git commit skipped or failed (git not initialized?): Command '['git', '-C', '/home/avalonas/.hermes/gematria/unified_overnight_research', 'add', '.']' returned non-zero exit status 128.
[2026-05-04T09:52:33Z] [INFO] 
📊 CYCLE #75 SUMMARY
[2026-05-04T09:52:33Z] [INFO] ✅ Successful tasks: 7/7
[2026-05-04T09:52:33Z] [INFO] ⏱️  Cycle duration: 6.39s
[2026-05-04T09:52:33Z] [INFO]    ⚠️ task: result
[2026-05-04T09:52:33Z] [INFO]    ⚠️ task: result
[2026-05-04T09:52:33Z] [INFO]    ⚠️ task: result
[2026-05-04T09:52:33Z] [INFO]    ⚠️ task: result
[2026-05-04T09:52:33Z] [INFO]    ⚠️ task: result
[2026-05-04T09:52:33Z] [INFO]    ⚠️ task: result
[2026-05-04T09:52:33Z] [INFO]    ⚠️ task: result
[2026-05-04T09:52:33Z] [HEADER] ================================================================================
[2026-05-04T09:52:33Z] [INFO] 🔄 OVERNIGHT RESEARCH PIPELINE - CYCLE #76
[2026-05-04T09:52:33Z] [INFO] ================================================================================
[2026-05-04T09:52:33Z] [HEADER] ============================================================
[2026-05-04T09:52:33Z] [INFO] 🌙 STARTING OVERNIGHT RESEARCH CYCLE #76
[2026-05-04T09:52:33Z] [INFO] 🔍 Running overnight research protocol (web scraping + cross-symbol analysis)...
[2026-05-04T09:52:33Z] [INFO] 📊 Cycle duration: 0.11s, Files generated: 0
[2026-05-04T09:52:33Z] [WARNING] ⚠️ Database not initialized for cycle counting
[2026-05-04T09:52:33Z] [INFO] 💾 Database updated with cycle results
[2026-05-04T09:52:33Z] [SECTION] ============================================================
[2026-05-04T09:52:33Z] [INFO] 🔮 PHASE: HIDDEN LAYERING DETECTION
[2026-05-04T09:52:33Z] [INFO] 🔗 Hidden layering detection complete. Connections identified: 2
[2026-05-04T09:52:33Z] [SECTION] ============================================================
[2026-05-04T09:52:33Z] [INFO] 🔬 PHASE: DOMAIN CORRELATION ANALYSIS
[2026-05-04T09:52:33Z] [INFO] 📊 Domain correlation matrices created: 1
[2026-05-04T09:52:33Z] [SECTION] ============================================================
[2026-05-04T09:52:33Z] [INFO] 🖼️  PHASE: IMAGE-SEED ANALYSIS
[2026-05-04T09:52:33Z] [INFO] 📂 Image seed analysis bootstrapping from 8 images...
[2026-05-04T09:52:33Z] [SECTION] ============================================================
[2026-05-04T09:52:33Z] [INFO] 📤 PHASE: PUSH COMPONENTS TO TOLARIA
[2026-05-04T09:52:34Z] [INFO] 📦 Components pushed to Tolaria: 5
[2026-05-04T09:52:34Z] [SECTION] ============================================================
[2026-05-04T09:52:34Z] [INFO] 🧩 PHASE: COMPOSER - DOMAIN INTEGRATION SYNTHESIS
[2026-05-04T09:52:34Z] [INFO] 🎨 Domain integrations synthesized: 0
[2026-05-04T09:52:34Z] [SECTION] ============================================================
[2026-05-04T09:52:34Z] [INFO] 🚀 PHASE: ADVANCED OVERNIGHT LOOP
[2026-05-04T09:52:39Z] [INFO] 🔬 Advanced loop completed cycles: 0
[2026-05-04T09:52:39Z] [WARNING] ⚠️  Git commit skipped or failed (git not initialized?): Command '['git', '-C', '/home/avalonas/.hermes/gematria/unified_overnight_research', 'add', '.']' returned non-zero exit status 128.
[2026-05-04T09:52:39Z] [INFO] 
📊 CYCLE #76 SUMMARY
[2026-05-04T09:52:39Z] [INFO] ✅ Successful tasks: 7/7
[2026-05-04T09:52:39Z] [INFO] ⏱️  Cycle duration: 6.52s
[2026-05-04T09:52:39Z] [INFO]    ⚠️ task: result
[2026-05-04T09:52:39Z] [INFO]    ⚠️ task: result
[2026-05-04T09:52:39Z] [INFO]    ⚠️ task: result
[2026-05-04T09:52:39Z] [INFO]    ⚠️ task: result
[2026-05-04T09:52:39Z] [INFO]    ⚠️ task: result
[2026-05-04T09:52:39Z] [INFO]    ⚠️ task: result
[2026-05-04T09:52:39Z] [INFO]    ⚠️ task: result
[2026-05-04T09:52:39Z] [HEADER] ================================================================================
[2026-05-04T09:52:39Z] [INFO] 🔄 OVERNIGHT RESEARCH PIPELINE - CYCLE #77
[2026-05-04T09:52:39Z] [INFO] ================================================================================
[2026-05-04T09:52:39Z] [HEADER] ============================================================
[2026-05-04T09:52:39Z] [INFO] 🌙 STARTING OVERNIGHT RESEARCH CYCLE #77
[2026-05-04T09:52:39Z] [INFO] 🔍 Running overnight research protocol (web scraping + cross-symbol analysis)...
[2026-05-04T09:52:39Z] [INFO] 📊 Cycle duration: 0.11s, Files generated: 0
[2026-05-04T09:52:39Z] [WARNING] ⚠️ Database not initialized for cycle counting
[2026-05-04T09:52:39Z] [INFO] 💾 Database updated with cycle results
[2026-05-04T09:52:39Z] [SECTION] ============================================================
[2026-05-04T09:52:39Z] [INFO] 🔮 PHASE: HIDDEN LAYERING DETECTION
[2026-05-04T09:52:39Z] [INFO] 🔗 Hidden layering detection complete. Connections identified: 2
[2026-05-04T09:52:39Z] [SECTION] ============================================================
[2026-05-04T09:52:39Z] [INFO] 🔬 PHASE: DOMAIN CORRELATION ANALYSIS
[2026-05-04T09:52:39Z] [INFO] 📊 Domain correlation matrices created: 1
[2026-05-04T09:52:39Z] [SECTION] ============================================================
[2026-05-04T09:52:39Z] [INFO] 🖼️  PHASE: IMAGE-SEED ANALYSIS
[2026-05-04T09:52:39Z] [INFO] 📂 Image seed analysis bootstrapping from 8 images...
[2026-05-04T09:52:39Z] [SECTION] ============================================================
[2026-05-04T09:52:39Z] [INFO] 📤 PHASE: PUSH COMPONENTS TO TOLARIA
[2026-05-04T09:52:40Z] [INFO] 📦 Components pushed to Tolaria: 5
[2026-05-04T09:52:40Z] [SECTION] ============================================================
[2026-05-04T09:52:40Z] [INFO] 🧩 PHASE: COMPOSER - DOMAIN INTEGRATION SYNTHESIS
[2026-05-04T09:52:40Z] [INFO] 🎨 Domain integrations synthesized: 0
[2026-05-04T09:52:40Z] [SECTION] ============================================================
[2026-05-04T09:52:40Z] [INFO] 🚀 PHASE: ADVANCED OVERNIGHT LOOP
[2026-05-04T09:52:46Z] [INFO] 🔬 Advanced loop completed cycles: 0
[2026-05-04T09:52:46Z] [WARNING] ⚠️  Git commit skipped or failed (git not initialized?): Command '['git', '-C', '/home/avalonas/.hermes/gematria/unified_overnight_research', 'add', '.']' returned non-zero exit status 128.
[2026-05-04T09:52:46Z] [INFO] 
📊 CYCLE #77 SUMMARY
[2026-05-04T09:52:46Z] [INFO] ✅ Successful tasks: 7/7
[2026-05-04T09:52:46Z] [INFO] ⏱️  Cycle duration: 6.38s
[2026-05-04T09:52:46Z] [INFO]    ⚠️ task: result
[2026-05-04T09:52:46Z] [INFO]    ⚠️ task: result
[2026-05-04T09:52:46Z] [INFO]    ⚠️ task: result
[2026-05-04T09:52:46Z] [INFO]    ⚠️ task: result
[2026-05-04T09:52:46Z] [INFO]    ⚠️ task: result
[2026-05-04T09:52:46Z] [INFO]    ⚠️ task: result
[2026-05-04T09:52:46Z] [INFO]    ⚠️ task: result
[2026-05-04T09:52:46Z] [HEADER] ================================================================================
[2026-05-04T09:52:46Z] [INFO] 🔄 OVERNIGHT RESEARCH PIPELINE - CYCLE #78
[2026-05-04T09:52:46Z] [INFO] ================================================================================
[2026-05-04T09:52:46Z] [HEADER] ============================================================
[2026-05-04T09:52:46Z] [INFO] 🌙 STARTING OVERNIGHT RESEARCH CYCLE #78
[2026-05-04T09:52:46Z] [INFO] 🔍 Running overnight research protocol (web scraping + cross-symbol analysis)...
[2026-05-04T09:52:46Z] [INFO] 📊 Cycle duration: 0.10s, Files generated: 0
[2026-05-04T09:52:46Z] [WARNING] ⚠️ Database not initialized for cycle counting
[2026-05-04T09:52:46Z] [INFO] 💾 Database updated with cycle results
[2026-05-04T09:52:46Z] [SECTION] ============================================================
[2026-05-04T09:52:46Z] [INFO] 🔮 PHASE: HIDDEN LAYERING DETECTION
[2026-05-04T09:52:46Z] [INFO] 🔗 Hidden layering detection complete. Connections identified: 2
[2026-05-04T09:52:46Z] [SECTION] ============================================================
[2026-05-04T09:52:46Z] [INFO] 🔬 PHASE: DOMAIN CORRELATION ANALYSIS
[2026-05-04T09:52:46Z] [INFO] 📊 Domain correlation matrices created: 1
[2026-05-04T09:52:46Z] [SECTION] ============================================================
[2026-05-04T09:52:46Z] [INFO] 🖼️  PHASE: IMAGE-SEED ANALYSIS
[2026-05-04T09:52:46Z] [INFO] 📂 Image seed analysis bootstrapping from 8 images...
[2026-05-04T09:52:46Z] [SECTION] ============================================================
[2026-05-04T09:52:46Z] [INFO] 📤 PHASE: PUSH COMPONENTS TO TOLARIA
[2026-05-04T09:52:47Z] [INFO] 📦 Components pushed to Tolaria: 5
[2026-05-04T09:52:47Z] [SECTION] ============================================================
[2026-05-04T09:52:47Z] [INFO] 🧩 PHASE: COMPOSER - DOMAIN INTEGRATION SYNTHESIS
[2026-05-04T09:52:47Z] [INFO] 🎨 Domain integrations synthesized: 0
[2026-05-04T09:52:47Z] [SECTION] ============================================================
[2026-05-04T09:52:47Z] [INFO] 🚀 PHASE: ADVANCED OVERNIGHT LOOP
[2026-05-04T09:52:52Z] [INFO] 🔬 Advanced loop completed cycles: 0
[2026-05-04T09:52:52Z] [WARNING] ⚠️  Git commit skipped or failed (git not initialized?): Command '['git', '-C', '/home/avalonas/.hermes/gematria/unified_overnight_research', 'add', '.']' returned non-zero exit status 128.
[2026-05-04T09:52:52Z] [INFO] 
📊 CYCLE #78 SUMMARY
[2026-05-04T09:52:52Z] [INFO] ✅ Successful tasks: 7/7
[2026-05-04T09:52:52Z] [INFO] ⏱️  Cycle duration: 6.43s
[2026-05-04T09:52:52Z] [INFO]    ⚠️ task: result
[2026-05-04T09:52:52Z] [INFO]    ⚠️ task: result
[2026-05-04T09:52:52Z] [INFO]    ⚠️ task: result
[2026-05-04T09:52:52Z] [INFO]    ⚠️ task: result
[2026-05-04T09:52:52Z] [INFO]    ⚠️ task: result
[2026-05-04T09:52:52Z] [INFO]    ⚠️ task: result
[2026-05-04T09:52:52Z] [INFO]    ⚠️ task: result
[2026-05-04T09:52:52Z] [HEADER] ================================================================================
[2026-05-04T09:52:52Z] [INFO] 🔄 OVERNIGHT RESEARCH PIPELINE - CYCLE #79
[2026-05-04T09:52:52Z] [INFO] ================================================================================
[2026-05-04T09:52:52Z] [HEADER] ============================================================
[2026-05-04T09:52:52Z] [INFO] 🌙 STARTING OVERNIGHT RESEARCH CYCLE #79
[2026-05-04T09:52:52Z] [INFO] 🔍 Running overnight research protocol (web scraping + cross-symbol analysis)...
[2026-05-04T09:52:52Z] [INFO] 📊 Cycle duration: 0.10s, Files generated: 0
[2026-05-04T09:52:52Z] [WARNING] ⚠️ Database not initialized for cycle counting
[2026-05-04T09:52:52Z] [INFO] 💾 Database updated with cycle results
[2026-05-04T09:52:52Z] [SECTION] ============================================================
[2026-05-04T09:52:52Z] [INFO] 🔮 PHASE: HIDDEN LAYERING DETECTION
[2026-05-04T09:52:52Z] [INFO] 🔗 Hidden layering detection complete. Connections identified: 2
[2026-05-04T09:52:52Z] [SECTION] ============================================================
[2026-05-04T09:52:52Z] [INFO] 🔬 PHASE: DOMAIN CORRELATION ANALYSIS
[2026-05-04T09:52:52Z] [INFO] 📊 Domain correlation matrices created: 1
[2026-05-04T09:52:52Z] [SECTION] ============================================================
[2026-05-04T09:52:52Z] [INFO] 🖼️  PHASE: IMAGE-SEED ANALYSIS
[2026-05-04T09:52:52Z] [INFO] 📂 Image seed analysis bootstrapping from 8 images...
[2026-05-04T09:52:52Z] [SECTION] ============================================================
[2026-05-04T09:52:52Z] [INFO] 📤 PHASE: PUSH COMPONENTS TO TOLARIA
[2026-05-04T09:52:53Z] [INFO] 📦 Components pushed to Tolaria: 5
[2026-05-04T09:52:53Z] [SECTION] ============================================================
[2026-05-04T09:52:53Z] [INFO] 🧩 PHASE: COMPOSER - DOMAIN INTEGRATION SYNTHESIS
[2026-05-04T09:52:53Z] [INFO] 🎨 Domain integrations synthesized: 0
[2026-05-04T09:52:53Z] [SECTION] ============================================================
[2026-05-04T09:52:53Z] [INFO] 🚀 PHASE: ADVANCED OVERNIGHT LOOP
[2026-05-04T09:52:59Z] [INFO] 🔬 Advanced loop completed cycles: 0
[2026-05-04T09:52:59Z] [WARNING] ⚠️  Git commit skipped or failed (git not initialized?): Command '['git', '-C', '/home/avalonas/.hermes/gematria/unified_overnight_research', 'add', '.']' returned non-zero exit status 128.
[2026-05-04T09:52:59Z] [INFO] 
📊 CYCLE #79 SUMMARY
[2026-05-04T09:52:59Z] [INFO] ✅ Successful tasks: 7/7
[2026-05-04T09:52:59Z] [INFO] ⏱️  Cycle duration: 6.50s
[2026-05-04T09:52:59Z] [INFO]    ⚠️ task: result
[2026-05-04T09:52:59Z] [INFO]    ⚠️ task: result
[2026-05-04T09:52:59Z] [INFO]    ⚠️ task: result
[2026-05-04T09:52:59Z] [INFO]    ⚠️ task: result
[2026-05-04T09:52:59Z] [INFO]    ⚠️ task: result
[2026-05-04T09:52:59Z] [INFO]    ⚠️ task: result
[2026-05-04T09:52:59Z] [INFO]    ⚠️ task: result
[2026-05-04T09:52:59Z] [HEADER] ================================================================================
[2026-05-04T09:52:59Z] [INFO] 🔄 OVERNIGHT RESEARCH PIPELINE - CYCLE #80
[2026-05-04T09:52:59Z] [INFO] ================================================================================
[2026-05-04T09:52:59Z] [HEADER] ============================================================
[2026-05-04T09:52:59Z] [INFO] 🌙 STARTING OVERNIGHT RESEARCH CYCLE #80
[2026-05-04T09:52:59Z] [INFO] 🔍 Running overnight research protocol (web scraping + cross-symbol analysis)...
[2026-05-04T09:52:59Z] [INFO] 📊 Cycle duration: 0.10s, Files generated: 0
[2026-05-04T09:52:59Z] [WARNING] ⚠️ Database not initialized for cycle counting
[2026-05-04T09:52:59Z] [INFO] 💾 Database updated with cycle results
[2026-05-04T09:52:59Z] [SECTION] ============================================================
[2026-05-04T09:52:59Z] [INFO] 🔮 PHASE: HIDDEN LAYERING DETECTION
[2026-05-04T09:52:59Z] [INFO] 🔗 Hidden layering detection complete. Connections identified: 2
[2026-05-04T09:52:59Z] [SECTION] ============================================================
[2026-05-04T09:52:59Z] [INFO] 🔬 PHASE: DOMAIN CORRELATION ANALYSIS
[2026-05-04T09:52:59Z] [INFO] 📊 Domain correlation matrices created: 1
[2026-05-04T09:52:59Z] [SECTION] ============================================================
[2026-05-04T09:52:59Z] [INFO] 🖼️  PHASE: IMAGE-SEED ANALYSIS
[2026-05-04T09:52:59Z] [INFO] 📂 Image seed analysis bootstrapping from 8 images...
[2026-05-04T09:52:59Z] [SECTION] ============================================================
[2026-05-04T09:52:59Z] [INFO] 📤 PHASE: PUSH COMPONENTS TO TOLARIA
[2026-05-04T09:53:00Z] [INFO] 📦 Components pushed to Tolaria: 5
[2026-05-04T09:53:00Z] [SECTION] ============================================================
[2026-05-04T09:53:00Z] [INFO] 🧩 PHASE: COMPOSER - DOMAIN INTEGRATION SYNTHESIS
[2026-05-04T09:53:00Z] [INFO] 🎨 Domain integrations synthesized: 0
[2026-05-04T09:53:00Z] [SECTION] ============================================================
[2026-05-04T09:53:00Z] [INFO] 🚀 PHASE: ADVANCED OVERNIGHT LOOP
[2026-05-04T09:53:05Z] [INFO] 🔬 Advanced loop completed cycles: 0
[2026-05-04T09:53:05Z] [WARNING] ⚠️  Git commit skipped or failed (git not initialized?): Command '['git', '-C', '/home/avalonas/.hermes/gematria/unified_overnight_research', 'add', '.']' returned non-zero exit status 128.
[2026-05-04T09:53:05Z] [INFO] 
📊 CYCLE #80 SUMMARY
[2026-05-04T09:53:05Z] [INFO] ✅ Successful tasks: 7/7
[2026-05-04T09:53:05Z] [INFO] ⏱️  Cycle duration: 6.43s
[2026-05-04T09:53:05Z] [INFO]    ⚠️ task: result
[2026-05-04T09:53:05Z] [INFO]    ⚠️ task: result
[2026-05-04T09:53:05Z] [INFO]    ⚠️ task: result
[2026-05-04T09:53:05Z] [INFO]    ⚠️ task: result
[2026-05-04T09:53:05Z] [INFO]    ⚠️ task: result
[2026-05-04T09:53:05Z] [INFO]    ⚠️ task: result
[2026-05-04T09:53:05Z] [INFO]    ⚠️ task: result
[2026-05-04T09:53:05Z] [HEADER] ================================================================================
[2026-05-04T09:53:05Z] [INFO] 🔄 OVERNIGHT RESEARCH PIPELINE - CYCLE #81
[2026-05-04T09:53:05Z] [INFO] ================================================================================
[2026-05-04T09:53:05Z] [HEADER] ============================================================
[2026-05-04T09:53:05Z] [INFO] 🌙 STARTING OVERNIGHT RESEARCH CYCLE #81
[2026-05-04T09:53:05Z] [INFO] 🔍 Running overnight research protocol (web scraping + cross-symbol analysis)...
[2026-05-04T09:53:05Z] [INFO] 📊 Cycle duration: 0.10s, Files generated: 0
[2026-05-04T09:53:05Z] [WARNING] ⚠️ Database not initialized for cycle counting
[2026-05-04T09:53:05Z] [INFO] 💾 Database updated with cycle results
[2026-05-04T09:53:05Z] [SECTION] ============================================================
[2026-05-04T09:53:05Z] [INFO] 🔮 PHASE: HIDDEN LAYERING DETECTION
[2026-05-04T09:53:05Z] [INFO] 🔗 Hidden layering detection complete. Connections identified: 2
[2026-05-04T09:53:05Z] [SECTION] ============================================================
[2026-05-04T09:53:05Z] [INFO] 🔬 PHASE: DOMAIN CORRELATION ANALYSIS
[2026-05-04T09:53:05Z] [INFO] 📊 Domain correlation matrices created: 1
[2026-05-04T09:53:05Z] [SECTION] ============================================================
[2026-05-04T09:53:05Z] [INFO] 🖼️  PHASE: IMAGE-SEED ANALYSIS
[2026-05-04T09:53:05Z] [INFO] 📂 Image seed analysis bootstrapping from 8 images...
[2026-05-04T09:53:05Z] [SECTION] ============================================================
[2026-05-04T09:53:05Z] [INFO] 📤 PHASE: PUSH COMPONENTS TO TOLARIA
[2026-05-04T09:53:06Z] [INFO] 📦 Components pushed to Tolaria: 5
[2026-05-04T09:53:06Z] [SECTION] ============================================================
[2026-05-04T09:53:06Z] [INFO] 🧩 PHASE: COMPOSER - DOMAIN INTEGRATION SYNTHESIS
[2026-05-04T09:53:06Z] [INFO] 🎨 Domain integrations synthesized: 0
[2026-05-04T09:53:06Z] [SECTION] ============================================================
[2026-05-04T09:53:06Z] [INFO] 🚀 PHASE: ADVANCED OVERNIGHT LOOP
[2026-05-04T09:53:11Z] [INFO] 🔬 Advanced loop completed cycles: 0
[2026-05-04T09:53:11Z] [WARNING] ⚠️  Git commit skipped or failed (git not initialized?): Command '['git', '-C', '/home/avalonas/.hermes/gematria/unified_overnight_research', 'add', '.']' returned non-zero exit status 128.
[2026-05-04T09:53:11Z] [INFO] 
📊 CYCLE #81 SUMMARY
[2026-05-04T09:53:11Z] [INFO] ✅ Successful tasks: 7/7
[2026-05-04T09:53:11Z] [INFO] ⏱️  Cycle duration: 6.46s
[2026-05-04T09:53:11Z] [INFO]    ⚠️ task: result
[2026-05-04T09:53:11Z] [INFO]    ⚠️ task: result
[2026-05-04T09:53:11Z] [INFO]    ⚠️ task: result
[2026-05-04T09:53:11Z] [INFO]    ⚠️ task: result
[2026-05-04T09:53:11Z] [INFO]    ⚠️ task: result
[2026-05-04T09:53:11Z] [INFO]    ⚠️ task: result
[2026-05-04T09:53:11Z] [INFO]    ⚠️ task: result
[2026-05-04T09:53:11Z] [HEADER] ================================================================================
[2026-05-04T09:53:11Z] [INFO] 🔄 OVERNIGHT RESEARCH PIPELINE - CYCLE #82
[2026-05-04T09:53:11Z] [INFO] ================================================================================
[2026-05-04T09:53:11Z] [HEADER] ============================================================
[2026-05-04T09:53:11Z] [INFO] 🌙 STARTING OVERNIGHT RESEARCH CYCLE #82
[2026-05-04T09:53:11Z] [INFO] 🔍 Running overnight research protocol (web scraping + cross-symbol analysis)...
[2026-05-04T09:53:12Z] [INFO] 📊 Cycle duration: 0.11s, Files generated: 0
[2026-05-04T09:53:12Z] [WARNING] ⚠️ Database not initialized for cycle counting
[2026-05-04T09:53:12Z] [INFO] 💾 Database updated with cycle results
[2026-05-04T09:53:12Z] [SECTION] ============================================================
[2026-05-04T09:53:12Z] [INFO] 🔮 PHASE: HIDDEN LAYERING DETECTION
[2026-05-04T09:53:12Z] [INFO] 🔗 Hidden layering detection complete. Connections identified: 2
[2026-05-04T09:53:12Z] [SECTION] ============================================================
[2026-05-04T09:53:12Z] [INFO] 🔬 PHASE: DOMAIN CORRELATION ANALYSIS
[2026-05-04T09:53:12Z] [INFO] 📊 Domain correlation matrices created: 1
[2026-05-04T09:53:12Z] [SECTION] ============================================================
[2026-05-04T09:53:12Z] [INFO] 🖼️  PHASE: IMAGE-SEED ANALYSIS
[2026-05-04T09:53:12Z] [INFO] 📂 Image seed analysis bootstrapping from 8 images...
[2026-05-04T09:53:12Z] [SECTION] ============================================================
[2026-05-04T09:53:12Z] [INFO] 📤 PHASE: PUSH COMPONENTS TO TOLARIA
[2026-05-04T09:53:13Z] [INFO] 📦 Components pushed to Tolaria: 5
[2026-05-04T09:53:13Z] [SECTION] ============================================================
[2026-05-04T09:53:13Z] [INFO] 🧩 PHASE: COMPOSER - DOMAIN INTEGRATION SYNTHESIS
[2026-05-04T09:53:13Z] [INFO] 🎨 Domain integrations synthesized: 0
[2026-05-04T09:53:13Z] [SECTION] ============================================================
[2026-05-04T09:53:13Z] [INFO] 🚀 PHASE: ADVANCED OVERNIGHT LOOP
[2026-05-04T09:53:18Z] [INFO] 🔬 Advanced loop completed cycles: 0
[2026-05-04T09:53:18Z] [WARNING] ⚠️  Git commit skipped or failed (git not initialized?): Command '['git', '-C', '/home/avalonas/.hermes/gematria/unified_overnight_research', 'add', '.']' returned non-zero exit status 128.
[2026-05-04T09:53:18Z] [INFO] 
📊 CYCLE #82 SUMMARY
[2026-05-04T09:53:18Z] [INFO] ✅ Successful tasks: 7/7
[2026-05-04T09:53:18Z] [INFO] ⏱️  Cycle duration: 6.56s
[2026-05-04T09:53:18Z] [INFO]    ⚠️ task: result
[2026-05-04T09:53:18Z] [INFO]    ⚠️ task: result
[2026-05-04T09:53:18Z] [INFO]    ⚠️ task: result
[2026-05-04T09:53:18Z] [INFO]    ⚠️ task: result
[2026-05-04T09:53:18Z] [INFO]    ⚠️ task: result
[2026-05-04T09:53:18Z] [INFO]    ⚠️ task: result
[2026-05-04T09:53:18Z] [INFO]    ⚠️ task: result
[2026-05-04T09:53:18Z] [HEADER] ================================================================================
[2026-05-04T09:53:18Z] [INFO] 🔄 OVERNIGHT RESEARCH PIPELINE - CYCLE #83
[2026-05-04T09:53:18Z] [INFO] ================================================================================
[2026-05-04T09:53:18Z] [HEADER] ============================================================
[2026-05-04T09:53:18Z] [INFO] 🌙 STARTING OVERNIGHT RESEARCH CYCLE #83
[2026-05-04T09:53:18Z] [INFO] 🔍 Running overnight research protocol (web scraping + cross-symbol analysis)...
[2026-05-04T09:53:18Z] [INFO] 📊 Cycle duration: 0.11s, Files generated: 0
[2026-05-04T09:53:18Z] [WARNING] ⚠️ Database not initialized for cycle counting
[2026-05-04T09:53:18Z] [INFO] 💾 Database updated with cycle results
[2026-05-04T09:53:18Z] [SECTION] ============================================================
[2026-05-04T09:53:18Z] [INFO] 🔮 PHASE: HIDDEN LAYERING DETECTION
[2026-05-04T09:53:18Z] [INFO] 🔗 Hidden layering detection complete. Connections identified: 2
[2026-05-04T09:53:18Z] [SECTION] ============================================================
[2026-05-04T09:53:18Z] [INFO] 🔬 PHASE: DOMAIN CORRELATION ANALYSIS
[2026-05-04T09:53:18Z] [INFO] 📊 Domain correlation matrices created: 1
[2026-05-04T09:53:18Z] [SECTION] ============================================================
[2026-05-04T09:53:18Z] [INFO] 🖼️  PHASE: IMAGE-SEED ANALYSIS
[2026-05-04T09:53:18Z] [INFO] 📂 Image seed analysis bootstrapping from 8 images...
[2026-05-04T09:53:18Z] [SECTION] ============================================================
[2026-05-04T09:53:18Z] [INFO] 📤 PHASE: PUSH COMPONENTS TO TOLARIA
[2026-05-04T09:53:19Z] [INFO] 📦 Components pushed to Tolaria: 5
[2026-05-04T09:53:19Z] [SECTION] ============================================================
[2026-05-04T09:53:19Z] [INFO] 🧩 PHASE: COMPOSER - DOMAIN INTEGRATION SYNTHESIS
[2026-05-04T09:53:19Z] [INFO] 🎨 Domain integrations synthesized: 0
[2026-05-04T09:53:19Z] [SECTION] ============================================================
[2026-05-04T09:53:19Z] [INFO] 🚀 PHASE: ADVANCED OVERNIGHT LOOP
[2026-05-04T09:53:25Z] [INFO] 🔬 Advanced loop completed cycles: 0
[2026-05-04T09:53:25Z] [WARNING] ⚠️  Git commit skipped or failed (git not initialized?): Command '['git', '-C', '/home/avalonas/.hermes/gematria/unified_overnight_research', 'add', '.']' returned non-zero exit status 128.
[2026-05-04T09:53:25Z] [INFO] 
📊 CYCLE #83 SUMMARY
[2026-05-04T09:53:25Z] [INFO] ✅ Successful tasks: 7/7
[2026-05-04T09:53:25Z] [INFO] ⏱️  Cycle duration: 6.56s
[2026-05-04T09:53:25Z] [INFO]    ⚠️ task: result
[2026-05-04T09:53:25Z] [INFO]    ⚠️ task: result
[2026-05-04T09:53:25Z] [INFO]    ⚠️ task: result
[2026-05-04T09:53:25Z] [INFO]    ⚠️ task: result
[2026-05-04T09:53:25Z] [INFO]    ⚠️ task: result
[2026-05-04T09:53:25Z] [INFO]    ⚠️ task: result
[2026-05-04T09:53:25Z] [INFO]    ⚠️ task: result
[2026-05-04T09:53:25Z] [HEADER] ================================================================================
[2026-05-04T09:53:25Z] [INFO] 🔄 OVERNIGHT RESEARCH PIPELINE - CYCLE #84
[2026-05-04T09:53:25Z] [INFO] ================================================================================
[2026-05-04T09:53:25Z] [HEADER] ============================================================
[2026-05-04T09:53:25Z] [INFO] 🌙 STARTING OVERNIGHT RESEARCH CYCLE #84
[2026-05-04T09:53:25Z] [INFO] 🔍 Running overnight research protocol (web scraping + cross-symbol analysis)...
[2026-05-04T09:53:25Z] [INFO] 📊 Cycle duration: 0.11s, Files generated: 0
[2026-05-04T09:53:25Z] [WARNING] ⚠️ Database not initialized for cycle counting
[2026-05-04T09:53:25Z] [INFO] 💾 Database updated with cycle results
[2026-05-04T09:53:25Z] [SECTION] ============================================================
[2026-05-04T09:53:25Z] [INFO] 🔮 PHASE: HIDDEN LAYERING DETECTION
[2026-05-04T09:53:25Z] [INFO] 🔗 Hidden layering detection complete. Connections identified: 2
[2026-05-04T09:53:25Z] [SECTION] ============================================================
[2026-05-04T09:53:25Z] [INFO] 🔬 PHASE: DOMAIN CORRELATION ANALYSIS
[2026-05-04T09:53:25Z] [INFO] 📊 Domain correlation matrices created: 1
[2026-05-04T09:53:25Z] [SECTION] ============================================================
[2026-05-04T09:53:25Z] [INFO] 🖼️  PHASE: IMAGE-SEED ANALYSIS
[2026-05-04T09:53:25Z] [INFO] 📂 Image seed analysis bootstrapping from 8 images...
[2026-05-04T09:53:25Z] [SECTION] ============================================================
[2026-05-04T09:53:25Z] [INFO] 📤 PHASE: PUSH COMPONENTS TO TOLARIA
[2026-05-04T09:53:26Z] [INFO] 📦 Components pushed to Tolaria: 5
[2026-05-04T09:53:26Z] [SECTION] ============================================================
[2026-05-04T09:53:26Z] [INFO] 🧩 PHASE: COMPOSER - DOMAIN INTEGRATION SYNTHESIS
[2026-05-04T09:53:26Z] [INFO] 🎨 Domain integrations synthesized: 0
[2026-05-04T09:53:26Z] [SECTION] ============================================================
[2026-05-04T09:53:26Z] [INFO] 🚀 PHASE: ADVANCED OVERNIGHT LOOP
[2026-05-04T09:53:31Z] [INFO] 🔬 Advanced loop completed cycles: 0
[2026-05-04T09:53:31Z] [WARNING] ⚠️  Git commit skipped or failed (git not initialized?): Command '['git', '-C', '/home/avalonas/.hermes/gematria/unified_overnight_research', 'add', '.']' returned non-zero exit status 128.
[2026-05-04T09:53:31Z] [INFO] 
📊 CYCLE #84 SUMMARY
[2026-05-04T09:53:31Z] [INFO] ✅ Successful tasks: 7/7
[2026-05-04T09:53:31Z] [INFO] ⏱️  Cycle duration: 6.44s
[2026-05-04T09:53:31Z] [INFO]    ⚠️ task: result
[2026-05-04T09:53:31Z] [INFO]    ⚠️ task: result
[2026-05-04T09:53:31Z] [INFO]    ⚠️ task: result
[2026-05-04T09:53:31Z] [INFO]    ⚠️ task: result
[2026-05-04T09:53:31Z] [INFO]    ⚠️ task: result
[2026-05-04T09:53:31Z] [INFO]    ⚠️ task: result
[2026-05-04T09:53:31Z] [INFO]    ⚠️ task: result
[2026-05-04T09:53:31Z] [HEADER] ================================================================================
[2026-05-04T09:53:31Z] [INFO] 🔄 OVERNIGHT RESEARCH PIPELINE - CYCLE #85
[2026-05-04T09:53:31Z] [INFO] ================================================================================
[2026-05-04T09:53:31Z] [HEADER] ============================================================
[2026-05-04T09:53:31Z] [INFO] 🌙 STARTING OVERNIGHT RESEARCH CYCLE #85
[2026-05-04T09:53:31Z] [INFO] 🔍 Running overnight research protocol (web scraping + cross-symbol analysis)...
[2026-05-04T09:53:31Z] [INFO] 📊 Cycle duration: 0.10s, Files generated: 0
[2026-05-04T09:53:31Z] [WARNING] ⚠️ Database not initialized for cycle counting
[2026-05-04T09:53:31Z] [INFO] 💾 Database updated with cycle results
[2026-05-04T09:53:31Z] [SECTION] ============================================================
[2026-05-04T09:53:31Z] [INFO] 🔮 PHASE: HIDDEN LAYERING DETECTION
[2026-05-04T09:53:31Z] [INFO] 🔗 Hidden layering detection complete. Connections identified: 2
[2026-05-04T09:53:31Z] [SECTION] ============================================================
[2026-05-04T09:53:31Z] [INFO] 🔬 PHASE: DOMAIN CORRELATION ANALYSIS
[2026-05-04T09:53:31Z] [INFO] 📊 Domain correlation matrices created: 1
[2026-05-04T09:53:31Z] [SECTION] ============================================================
[2026-05-04T09:53:31Z] [INFO] 🖼️  PHASE: IMAGE-SEED ANALYSIS
[2026-05-04T09:53:31Z] [INFO] 📂 Image seed analysis bootstrapping from 8 images...
[2026-05-04T09:53:31Z] [SECTION] ============================================================
[2026-05-04T09:53:31Z] [INFO] 📤 PHASE: PUSH COMPONENTS TO TOLARIA
[2026-05-04T09:53:32Z] [INFO] 📦 Components pushed to Tolaria: 5
[2026-05-04T09:53:32Z] [SECTION] ============================================================
[2026-05-04T09:53:32Z] [INFO] 🧩 PHASE: COMPOSER - DOMAIN INTEGRATION SYNTHESIS
[2026-05-04T09:53:32Z] [INFO] 🎨 Domain integrations synthesized: 0
[2026-05-04T09:53:32Z] [SECTION] ============================================================
[2026-05-04T09:53:32Z] [INFO] 🚀 PHASE: ADVANCED OVERNIGHT LOOP
[2026-05-04T09:53:37Z] [INFO] 🔬 Advanced loop completed cycles: 0
[2026-05-04T09:53:37Z] [WARNING] ⚠️  Git commit skipped or failed (git not initialized?): Command '['git', '-C', '/home/avalonas/.hermes/gematria/unified_overnight_research', 'add', '.']' returned non-zero exit status 128.
[2026-05-04T09:53:37Z] [INFO] 
📊 CYCLE #85 SUMMARY
[2026-05-04T09:53:37Z] [INFO] ✅ Successful tasks: 7/7
[2026-05-04T09:53:37Z] [INFO] ⏱️  Cycle duration: 6.47s
[2026-05-04T09:53:37Z] [INFO]    ⚠️ task: result
[2026-05-04T09:53:37Z] [INFO]    ⚠️ task: result
[2026-05-04T09:53:37Z] [INFO]    ⚠️ task: result
[2026-05-04T09:53:37Z] [INFO]    ⚠️ task: result
[2026-05-04T09:53:37Z] [INFO]    ⚠️ task: result
[2026-05-04T09:53:37Z] [INFO]    ⚠️ task: result
[2026-05-04T09:53:37Z] [INFO]    ⚠️ task: result
[2026-05-04T09:53:37Z] [HEADER] ================================================================================
[2026-05-04T09:53:37Z] [INFO] 🔄 OVERNIGHT RESEARCH PIPELINE - CYCLE #86
[2026-05-04T09:53:37Z] [INFO] ================================================================================
[2026-05-04T09:53:37Z] [HEADER] ============================================================
[2026-05-04T09:53:37Z] [INFO] 🌙 STARTING OVERNIGHT RESEARCH CYCLE #86
[2026-05-04T09:53:37Z] [INFO] 🔍 Running overnight research protocol (web scraping + cross-symbol analysis)...
[2026-05-04T09:53:38Z] [INFO] 📊 Cycle duration: 0.10s, Files generated: 0
[2026-05-04T09:53:38Z] [WARNING] ⚠️ Database not initialized for cycle counting
[2026-05-04T09:53:38Z] [INFO] 💾 Database updated with cycle results
[2026-05-04T09:53:38Z] [SECTION] ============================================================
[2026-05-04T09:53:38Z] [INFO] 🔮 PHASE: HIDDEN LAYERING DETECTION
[2026-05-04T09:53:38Z] [INFO] 🔗 Hidden layering detection complete. Connections identified: 2
[2026-05-04T09:53:38Z] [SECTION] ============================================================
[2026-05-04T09:53:38Z] [INFO] 🔬 PHASE: DOMAIN CORRELATION ANALYSIS
[2026-05-04T09:53:38Z] [INFO] 📊 Domain correlation matrices created: 1
[2026-05-04T09:53:38Z] [SECTION] ============================================================
[2026-05-04T09:53:38Z] [INFO] 🖼️  PHASE: IMAGE-SEED ANALYSIS
[2026-05-04T09:53:38Z] [INFO] 📂 Image seed analysis bootstrapping from 8 images...
[2026-05-04T09:53:38Z] [SECTION] ============================================================
[2026-05-04T09:53:38Z] [INFO] 📤 PHASE: PUSH COMPONENTS TO TOLARIA
[2026-05-04T09:53:39Z] [INFO] 📦 Components pushed to Tolaria: 5
[2026-05-04T09:53:39Z] [SECTION] ============================================================
[2026-05-04T09:53:39Z] [INFO] 🧩 PHASE: COMPOSER - DOMAIN INTEGRATION SYNTHESIS
[2026-05-04T09:53:39Z] [INFO] 🎨 Domain integrations synthesized: 0
[2026-05-04T09:53:39Z] [SECTION] ============================================================
[2026-05-04T09:53:39Z] [INFO] 🚀 PHASE: ADVANCED OVERNIGHT LOOP
[2026-05-04T09:53:44Z] [INFO] 🔬 Advanced loop completed cycles: 0
[2026-05-04T09:53:44Z] [WARNING] ⚠️  Git commit skipped or failed (git not initialized?): Command '['git', '-C', '/home/avalonas/.hermes/gematria/unified_overnight_research', 'add', '.']' returned non-zero exit status 128.
[2026-05-04T09:53:44Z] [INFO] 
📊 CYCLE #86 SUMMARY
[2026-05-04T09:53:44Z] [INFO] ✅ Successful tasks: 7/7
[2026-05-04T09:53:44Z] [INFO] ⏱️  Cycle duration: 6.53s
[2026-05-04T09:53:44Z] [INFO]    ⚠️ task: result
[2026-05-04T09:53:44Z] [INFO]    ⚠️ task: result
[2026-05-04T09:53:44Z] [INFO]    ⚠️ task: result
[2026-05-04T09:53:44Z] [INFO]    ⚠️ task: result
[2026-05-04T09:53:44Z] [INFO]    ⚠️ task: result
[2026-05-04T09:53:44Z] [INFO]    ⚠️ task: result
[2026-05-04T09:53:44Z] [INFO]    ⚠️ task: result
[2026-05-04T09:53:44Z] [HEADER] ================================================================================
[2026-05-04T09:53:44Z] [INFO] 🔄 OVERNIGHT RESEARCH PIPELINE - CYCLE #87
[2026-05-04T09:53:44Z] [INFO] ================================================================================
[2026-05-04T09:53:44Z] [HEADER] ============================================================
[2026-05-04T09:53:44Z] [INFO] 🌙 STARTING OVERNIGHT RESEARCH CYCLE #87
[2026-05-04T09:53:44Z] [INFO] 🔍 Running overnight research protocol (web scraping + cross-symbol analysis)...
[2026-05-04T09:53:44Z] [INFO] 📊 Cycle duration: 0.11s, Files generated: 0
[2026-05-04T09:53:44Z] [WARNING] ⚠️ Database not initialized for cycle counting
[2026-05-04T09:53:44Z] [INFO] 💾 Database updated with cycle results
[2026-05-04T09:53:44Z] [SECTION] ============================================================
[2026-05-04T09:53:44Z] [INFO] 🔮 PHASE: HIDDEN LAYERING DETECTION
[2026-05-04T09:53:44Z] [INFO] 🔗 Hidden layering detection complete. Connections identified: 2
[2026-05-04T09:53:44Z] [SECTION] ============================================================
[2026-05-04T09:53:44Z] [INFO] 🔬 PHASE: DOMAIN CORRELATION ANALYSIS
[2026-05-04T09:53:44Z] [INFO] 📊 Domain correlation matrices created: 1
[2026-05-04T09:53:44Z] [SECTION] ============================================================
[2026-05-04T09:53:44Z] [INFO] 🖼️  PHASE: IMAGE-SEED ANALYSIS
[2026-05-04T09:53:44Z] [INFO] 📂 Image seed analysis bootstrapping from 8 images...
[2026-05-04T09:53:44Z] [SECTION] ============================================================
[2026-05-04T09:53:44Z] [INFO] 📤 PHASE: PUSH COMPONENTS TO TOLARIA
[2026-05-04T09:53:45Z] [INFO] 📦 Components pushed to Tolaria: 5
[2026-05-04T09:53:45Z] [SECTION] ============================================================
[2026-05-04T09:53:45Z] [INFO] 🧩 PHASE: COMPOSER - DOMAIN INTEGRATION SYNTHESIS
[2026-05-04T09:53:45Z] [INFO] 🎨 Domain integrations synthesized: 0
[2026-05-04T09:53:45Z] [SECTION] ============================================================
[2026-05-04T09:53:45Z] [INFO] 🚀 PHASE: ADVANCED OVERNIGHT LOOP
[2026-05-04T09:53:50Z] [INFO] 🔬 Advanced loop completed cycles: 0
[2026-05-04T09:53:50Z] [WARNING] ⚠️  Git commit skipped or failed (git not initialized?): Command '['git', '-C', '/home/avalonas/.hermes/gematria/unified_overnight_research', 'add', '.']' returned non-zero exit status 128.
[2026-05-04T09:53:50Z] [INFO] 
📊 CYCLE #87 SUMMARY
[2026-05-04T09:53:50Z] [INFO] ✅ Successful tasks: 7/7
[2026-05-04T09:53:50Z] [INFO] ⏱️  Cycle duration: 6.49s
[2026-05-04T09:53:50Z] [INFO]    ⚠️ task: result
[2026-05-04T09:53:50Z] [INFO]    ⚠️ task: result
[2026-05-04T09:53:50Z] [INFO]    ⚠️ task: result
[2026-05-04T09:53:50Z] [INFO]    ⚠️ task: result
[2026-05-04T09:53:50Z] [INFO]    ⚠️ task: result
[2026-05-04T09:53:50Z] [INFO]    ⚠️ task: result
[2026-05-04T09:53:50Z] [INFO]    ⚠️ task: result
[2026-05-04T09:53:50Z] [HEADER] ================================================================================
[2026-05-04T09:53:50Z] [INFO] 🔄 OVERNIGHT RESEARCH PIPELINE - CYCLE #88
[2026-05-04T09:53:50Z] [INFO] ================================================================================
[2026-05-04T09:53:50Z] [HEADER] ============================================================
[2026-05-04T09:53:50Z] [INFO] 🌙 STARTING OVERNIGHT RESEARCH CYCLE #88
[2026-05-04T09:53:50Z] [INFO] 🔍 Running overnight research protocol (web scraping + cross-symbol analysis)...
[2026-05-04T09:53:51Z] [INFO] 📊 Cycle duration: 0.10s, Files generated: 0
[2026-05-04T09:53:51Z] [WARNING] ⚠️ Database not initialized for cycle counting
[2026-05-04T09:53:51Z] [INFO] 💾 Database updated with cycle results
[2026-05-04T09:53:51Z] [SECTION] ============================================================
[2026-05-04T09:53:51Z] [INFO] 🔮 PHASE: HIDDEN LAYERING DETECTION
[2026-05-04T09:53:51Z] [INFO] 🔗 Hidden layering detection complete. Connections identified: 2
[2026-05-04T09:53:51Z] [SECTION] ============================================================
[2026-05-04T09:53:51Z] [INFO] 🔬 PHASE: DOMAIN CORRELATION ANALYSIS
[2026-05-04T09:53:51Z] [INFO] 📊 Domain correlation matrices created: 1
[2026-05-04T09:53:51Z] [SECTION] ============================================================
[2026-05-04T09:53:51Z] [INFO] 🖼️  PHASE: IMAGE-SEED ANALYSIS
[2026-05-04T09:53:51Z] [INFO] 📂 Image seed analysis bootstrapping from 8 images...
[2026-05-04T09:53:51Z] [SECTION] ============================================================
[2026-05-04T09:53:51Z] [INFO] 📤 PHASE: PUSH COMPONENTS TO TOLARIA
[2026-05-04T09:53:52Z] [INFO] 📦 Components pushed to Tolaria: 5
[2026-05-04T09:53:52Z] [SECTION] ============================================================
[2026-05-04T09:53:52Z] [INFO] 🧩 PHASE: COMPOSER - DOMAIN INTEGRATION SYNTHESIS
[2026-05-04T09:53:52Z] [INFO] 🎨 Domain integrations synthesized: 0
[2026-05-04T09:53:52Z] [SECTION] ============================================================
[2026-05-04T09:53:52Z] [INFO] 🚀 PHASE: ADVANCED OVERNIGHT LOOP
[2026-05-04T09:53:57Z] [INFO] 🔬 Advanced loop completed cycles: 0
[2026-05-04T09:53:57Z] [WARNING] ⚠️  Git commit skipped or failed (git not initialized?): Command '['git', '-C', '/home/avalonas/.hermes/gematria/unified_overnight_research', 'add', '.']' returned non-zero exit status 128.
[2026-05-04T09:53:57Z] [INFO] 
📊 CYCLE #88 SUMMARY
[2026-05-04T09:53:57Z] [INFO] ✅ Successful tasks: 7/7
[2026-05-04T09:53:57Z] [INFO] ⏱️  Cycle duration: 6.54s
[2026-05-04T09:53:57Z] [INFO]    ⚠️ task: result
[2026-05-04T09:53:57Z] [INFO]    ⚠️ task: result
[2026-05-04T09:53:57Z] [INFO]    ⚠️ task: result
[2026-05-04T09:53:57Z] [INFO]    ⚠️ task: result
[2026-05-04T09:53:57Z] [INFO]    ⚠️ task: result
[2026-05-04T09:53:57Z] [INFO]    ⚠️ task: result
[2026-05-04T09:53:57Z] [INFO]    ⚠️ task: result
[2026-05-04T09:53:57Z] [HEADER] ================================================================================
[2026-05-04T09:53:57Z] [INFO] 🔄 OVERNIGHT RESEARCH PIPELINE - CYCLE #89
[2026-05-04T09:53:57Z] [INFO] ================================================================================
[2026-05-04T09:53:57Z] [HEADER] ============================================================
[2026-05-04T09:53:57Z] [INFO] 🌙 STARTING OVERNIGHT RESEARCH CYCLE #89
[2026-05-04T09:53:57Z] [INFO] 🔍 Running overnight research protocol (web scraping + cross-symbol analysis)...
[2026-05-04T09:53:57Z] [INFO] 📊 Cycle duration: 0.10s, Files generated: 0
[2026-05-04T09:53:57Z] [WARNING] ⚠️ Database not initialized for cycle counting
[2026-05-04T09:53:57Z] [INFO] 💾 Database updated with cycle results
[2026-05-04T09:53:57Z] [SECTION] ============================================================
[2026-05-04T09:53:57Z] [INFO] 🔮 PHASE: HIDDEN LAYERING DETECTION
[2026-05-04T09:53:57Z] [INFO] 🔗 Hidden layering detection complete. Connections identified: 2
[2026-05-04T09:53:57Z] [SECTION] ============================================================
[2026-05-04T09:53:57Z] [INFO] 🔬 PHASE: DOMAIN CORRELATION ANALYSIS
[2026-05-04T09:53:57Z] [INFO] 📊 Domain correlation matrices created: 1
[2026-05-04T09:53:57Z] [SECTION] ============================================================
[2026-05-04T09:53:57Z] [INFO] 🖼️  PHASE: IMAGE-SEED ANALYSIS
[2026-05-04T09:53:57Z] [INFO] 📂 Image seed analysis bootstrapping from 8 images...
[2026-05-04T09:53:57Z] [SECTION] ============================================================
[2026-05-04T09:53:57Z] [INFO] 📤 PHASE: PUSH COMPONENTS TO TOLARIA
[2026-05-04T09:53:58Z] [INFO] 📦 Components pushed to Tolaria: 5
[2026-05-04T09:53:58Z] [SECTION] ============================================================
[2026-05-04T09:53:58Z] [INFO] 🧩 PHASE: COMPOSER - DOMAIN INTEGRATION SYNTHESIS
[2026-05-04T09:53:58Z] [INFO] 🎨 Domain integrations synthesized: 0
[2026-05-04T09:53:58Z] [SECTION] ============================================================
[2026-05-04T09:53:58Z] [INFO] 🚀 PHASE: ADVANCED OVERNIGHT LOOP
[2026-05-04T09:54:04Z] [INFO] 🔬 Advanced loop completed cycles: 0
[2026-05-04T09:54:04Z] [WARNING] ⚠️  Git commit skipped or failed (git not initialized?): Command '['git', '-C', '/home/avalonas/.hermes/gematria/unified_overnight_research', 'add', '.']' returned non-zero exit status 128.
[2026-05-04T09:54:04Z] [INFO] 
📊 CYCLE #89 SUMMARY
[2026-05-04T09:54:04Z] [INFO] ✅ Successful tasks: 7/7
[2026-05-04T09:54:04Z] [INFO] ⏱️  Cycle duration: 6.54s
[2026-05-04T09:54:04Z] [INFO]    ⚠️ task: result
[2026-05-04T09:54:04Z] [INFO]    ⚠️ task: result
[2026-05-04T09:54:04Z] [INFO]    ⚠️ task: result
[2026-05-04T09:54:04Z] [INFO]    ⚠️ task: result
[2026-05-04T09:54:04Z] [INFO]    ⚠️ task: result
[2026-05-04T09:54:04Z] [INFO]    ⚠️ task: result
[2026-05-04T09:54:04Z] [INFO]    ⚠️ task: result
[2026-05-04T09:54:04Z] [HEADER] ================================================================================
[2026-05-04T09:54:04Z] [INFO] 🔄 OVERNIGHT RESEARCH PIPELINE - CYCLE #90
[2026-05-04T09:54:04Z] [INFO] ================================================================================
[2026-05-04T09:54:04Z] [HEADER] ============================================================
[2026-05-04T09:54:04Z] [INFO] 🌙 STARTING OVERNIGHT RESEARCH CYCLE #90
[2026-05-04T09:54:04Z] [INFO] 🔍 Running overnight research protocol (web scraping + cross-symbol analysis)...
[2026-05-04T09:54:04Z] [INFO] 📊 Cycle duration: 0.11s, Files generated: 0
[2026-05-04T09:54:04Z] [WARNING] ⚠️ Database not initialized for cycle counting
[2026-05-04T09:54:04Z] [INFO] 💾 Database updated with cycle results
[2026-05-04T09:54:04Z] [SECTION] ============================================================
[2026-05-04T09:54:04Z] [INFO] 🔮 PHASE: HIDDEN LAYERING DETECTION
[2026-05-04T09:54:04Z] [INFO] 🔗 Hidden layering detection complete. Connections identified: 2
[2026-05-04T09:54:04Z] [SECTION] ============================================================
[2026-05-04T09:54:04Z] [INFO] 🔬 PHASE: DOMAIN CORRELATION ANALYSIS
[2026-05-04T09:54:04Z] [INFO] 📊 Domain correlation matrices created: 1
[2026-05-04T09:54:04Z] [SECTION] ============================================================
[2026-05-04T09:54:04Z] [INFO] 🖼️  PHASE: IMAGE-SEED ANALYSIS
[2026-05-04T09:54:04Z] [INFO] 📂 Image seed analysis bootstrapping from 8 images...
[2026-05-04T09:54:04Z] [SECTION] ============================================================
[2026-05-04T09:54:04Z] [INFO] 📤 PHASE: PUSH COMPONENTS TO TOLARIA
[2026-05-04T09:54:05Z] [INFO] 📦 Components pushed to Tolaria: 5
[2026-05-04T09:54:05Z] [SECTION] ============================================================
[2026-05-04T09:54:05Z] [INFO] 🧩 PHASE: COMPOSER - DOMAIN INTEGRATION SYNTHESIS
[2026-05-04T09:54:05Z] [INFO] 🎨 Domain integrations synthesized: 0
[2026-05-04T09:54:05Z] [SECTION] ============================================================
[2026-05-04T09:54:05Z] [INFO] 🚀 PHASE: ADVANCED OVERNIGHT LOOP
[2026-05-04T09:54:10Z] [INFO] 🔬 Advanced loop completed cycles: 0
[2026-05-04T09:54:10Z] [WARNING] ⚠️  Git commit skipped or failed (git not initialized?): Command '['git', '-C', '/home/avalonas/.hermes/gematria/unified_overnight_research', 'add', '.']' returned non-zero exit status 128.
[2026-05-04T09:54:10Z] [INFO] 
📊 CYCLE #90 SUMMARY
[2026-05-04T09:54:10Z] [INFO] ✅ Successful tasks: 7/7
[2026-05-04T09:54:10Z] [INFO] ⏱️  Cycle duration: 6.65s
[2026-05-04T09:54:10Z] [INFO]    ⚠️ task: result
[2026-05-04T09:54:10Z] [INFO]    ⚠️ task: result
[2026-05-04T09:54:10Z] [INFO]    ⚠️ task: result
[2026-05-04T09:54:10Z] [INFO]    ⚠️ task: result
[2026-05-04T09:54:10Z] [INFO]    ⚠️ task: result
[2026-05-04T09:54:10Z] [INFO]    ⚠️ task: result
[2026-05-04T09:54:10Z] [INFO]    ⚠️ task: result
[2026-05-04T09:54:10Z] [HEADER] ================================================================================
[2026-05-04T09:54:10Z] [INFO] 🔄 OVERNIGHT RESEARCH PIPELINE - CYCLE #91
[2026-05-04T09:54:10Z] [INFO] ================================================================================
[2026-05-04T09:54:10Z] [HEADER] ============================================================
[2026-05-04T09:54:10Z] [INFO] 🌙 STARTING OVERNIGHT RESEARCH CYCLE #91
[2026-05-04T09:54:10Z] [INFO] 🔍 Running overnight research protocol (web scraping + cross-symbol analysis)...
[2026-05-04T09:54:10Z] [INFO] 📊 Cycle duration: 0.12s, Files generated: 0
[2026-05-04T09:54:10Z] [WARNING] ⚠️ Database not initialized for cycle counting
[2026-05-04T09:54:10Z] [INFO] 💾 Database updated with cycle results
[2026-05-04T09:54:10Z] [SECTION] ============================================================
[2026-05-04T09:54:10Z] [INFO] 🔮 PHASE: HIDDEN LAYERING DETECTION
[2026-05-04T09:54:10Z] [INFO] 🔗 Hidden layering detection complete. Connections identified: 2
[2026-05-04T09:54:10Z] [SECTION] ============================================================
[2026-05-04T09:54:10Z] [INFO] 🔬 PHASE: DOMAIN CORRELATION ANALYSIS
[2026-05-04T09:54:10Z] [INFO] 📊 Domain correlation matrices created: 1
[2026-05-04T09:54:10Z] [SECTION] ============================================================
[2026-05-04T09:54:10Z] [INFO] 🖼️  PHASE: IMAGE-SEED ANALYSIS
[2026-05-04T09:54:10Z] [INFO] 📂 Image seed analysis bootstrapping from 8 images...
[2026-05-04T09:54:10Z] [SECTION] ============================================================
[2026-05-04T09:54:10Z] [INFO] 📤 PHASE: PUSH COMPONENTS TO TOLARIA
[2026-05-04T09:54:11Z] [INFO] 📦 Components pushed to Tolaria: 5
[2026-05-04T09:54:11Z] [SECTION] ============================================================
[2026-05-04T09:54:11Z] [INFO] 🧩 PHASE: COMPOSER - DOMAIN INTEGRATION SYNTHESIS
[2026-05-04T09:54:11Z] [INFO] 🎨 Domain integrations synthesized: 0
[2026-05-04T09:54:11Z] [SECTION] ============================================================
[2026-05-04T09:54:11Z] [INFO] 🚀 PHASE: ADVANCED OVERNIGHT LOOP
[2026-05-04T09:54:17Z] [INFO] 🔬 Advanced loop completed cycles: 0
[2026-05-04T09:54:17Z] [WARNING] ⚠️  Git commit skipped or failed (git not initialized?): Command '['git', '-C', '/home/avalonas/.hermes/gematria/unified_overnight_research', 'add', '.']' returned non-zero exit status 128.
[2026-05-04T09:54:17Z] [INFO] 
📊 CYCLE #91 SUMMARY
[2026-05-04T09:54:17Z] [INFO] ✅ Successful tasks: 7/7
[2026-05-04T09:54:17Z] [INFO] ⏱️  Cycle duration: 6.38s
[2026-05-04T09:54:17Z] [INFO]    ⚠️ task: result
[2026-05-04T09:54:17Z] [INFO]    ⚠️ task: result
[2026-05-04T09:54:17Z] [INFO]    ⚠️ task: result
[2026-05-04T09:54:17Z] [INFO]    ⚠️ task: result
[2026-05-04T09:54:17Z] [INFO]    ⚠️ task: result
[2026-05-04T09:54:17Z] [INFO]    ⚠️ task: result
[2026-05-04T09:54:17Z] [INFO]    ⚠️ task: result
[2026-05-04T09:54:17Z] [HEADER] ================================================================================
[2026-05-04T09:54:17Z] [INFO] 🔄 OVERNIGHT RESEARCH PIPELINE - CYCLE #92
[2026-05-04T09:54:17Z] [INFO] ================================================================================
[2026-05-04T09:54:17Z] [HEADER] ============================================================
[2026-05-04T09:54:17Z] [INFO] 🌙 STARTING OVERNIGHT RESEARCH CYCLE #92
[2026-05-04T09:54:17Z] [INFO] 🔍 Running overnight research protocol (web scraping + cross-symbol analysis)...
[2026-05-04T09:54:17Z] [INFO] 📊 Cycle duration: 0.10s, Files generated: 0
[2026-05-04T09:54:17Z] [WARNING] ⚠️ Database not initialized for cycle counting
[2026-05-04T09:54:17Z] [INFO] 💾 Database updated with cycle results
[2026-05-04T09:54:17Z] [SECTION] ============================================================
[2026-05-04T09:54:17Z] [INFO] 🔮 PHASE: HIDDEN LAYERING DETECTION
[2026-05-04T09:54:17Z] [INFO] 🔗 Hidden layering detection complete. Connections identified: 2
[2026-05-04T09:54:17Z] [SECTION] ============================================================
[2026-05-04T09:54:17Z] [INFO] 🔬 PHASE: DOMAIN CORRELATION ANALYSIS
[2026-05-04T09:54:17Z] [INFO] 📊 Domain correlation matrices created: 1
[2026-05-04T09:54:17Z] [SECTION] ============================================================
[2026-05-04T09:54:17Z] [INFO] 🖼️  PHASE: IMAGE-SEED ANALYSIS
[2026-05-04T09:54:17Z] [INFO] 📂 Image seed analysis bootstrapping from 8 images...
[2026-05-04T09:54:17Z] [SECTION] ============================================================
[2026-05-04T09:54:17Z] [INFO] 📤 PHASE: PUSH COMPONENTS TO TOLARIA
[2026-05-04T09:54:18Z] [INFO] 📦 Components pushed to Tolaria: 5
[2026-05-04T09:54:18Z] [SECTION] ============================================================
[2026-05-04T09:54:18Z] [INFO] 🧩 PHASE: COMPOSER - DOMAIN INTEGRATION SYNTHESIS
[2026-05-04T09:54:18Z] [INFO] 🎨 Domain integrations synthesized: 0
[2026-05-04T09:54:18Z] [SECTION] ============================================================
[2026-05-04T09:54:18Z] [INFO] 🚀 PHASE: ADVANCED OVERNIGHT LOOP
[2026-05-04T09:54:23Z] [INFO] 🔬 Advanced loop completed cycles: 0
[2026-05-04T09:54:23Z] [WARNING] ⚠️  Git commit skipped or failed (git not initialized?): Command '['git', '-C', '/home/avalonas/.hermes/gematria/unified_overnight_research', 'add', '.']' returned non-zero exit status 128.
[2026-05-04T09:54:23Z] [INFO] 
📊 CYCLE #92 SUMMARY
[2026-05-04T09:54:23Z] [INFO] ✅ Successful tasks: 7/7
[2026-05-04T09:54:23Z] [INFO] ⏱️  Cycle duration: 6.42s
[2026-05-04T09:54:23Z] [INFO]    ⚠️ task: result
[2026-05-04T09:54:23Z] [INFO]    ⚠️ task: result
[2026-05-04T09:54:23Z] [INFO]    ⚠️ task: result
[2026-05-04T09:54:23Z] [INFO]    ⚠️ task: result
[2026-05-04T09:54:23Z] [INFO]    ⚠️ task: result
[2026-05-04T09:54:23Z] [INFO]    ⚠️ task: result
[2026-05-04T09:54:23Z] [INFO]    ⚠️ task: result
[2026-05-04T09:54:23Z] [HEADER] ================================================================================
[2026-05-04T09:54:23Z] [INFO] 🔄 OVERNIGHT RESEARCH PIPELINE - CYCLE #93
[2026-05-04T09:54:23Z] [INFO] ================================================================================
[2026-05-04T09:54:23Z] [HEADER] ============================================================
[2026-05-04T09:54:23Z] [INFO] 🌙 STARTING OVERNIGHT RESEARCH CYCLE #93
[2026-05-04T09:54:23Z] [INFO] 🔍 Running overnight research protocol (web scraping + cross-symbol analysis)...
[2026-05-04T09:54:23Z] [INFO] 📊 Cycle duration: 0.11s, Files generated: 0
[2026-05-04T09:54:23Z] [WARNING] ⚠️ Database not initialized for cycle counting
[2026-05-04T09:54:23Z] [INFO] 💾 Database updated with cycle results
[2026-05-04T09:54:23Z] [SECTION] ============================================================
[2026-05-04T09:54:23Z] [INFO] 🔮 PHASE: HIDDEN LAYERING DETECTION
[2026-05-04T09:54:23Z] [INFO] 🔗 Hidden layering detection complete. Connections identified: 2
[2026-05-04T09:54:23Z] [SECTION] ============================================================
[2026-05-04T09:54:23Z] [INFO] 🔬 PHASE: DOMAIN CORRELATION ANALYSIS
[2026-05-04T09:54:23Z] [INFO] 📊 Domain correlation matrices created: 1
[2026-05-04T09:54:23Z] [SECTION] ============================================================
[2026-05-04T09:54:23Z] [INFO] 🖼️  PHASE: IMAGE-SEED ANALYSIS
[2026-05-04T09:54:23Z] [INFO] 📂 Image seed analysis bootstrapping from 8 images...
[2026-05-04T09:54:23Z] [SECTION] ============================================================
[2026-05-04T09:54:23Z] [INFO] 📤 PHASE: PUSH COMPONENTS TO TOLARIA
[2026-05-04T09:54:24Z] [INFO] 📦 Components pushed to Tolaria: 5
[2026-05-04T09:54:24Z] [SECTION] ============================================================
[2026-05-04T09:54:24Z] [INFO] 🧩 PHASE: COMPOSER - DOMAIN INTEGRATION SYNTHESIS
[2026-05-04T09:54:24Z] [INFO] 🎨 Domain integrations synthesized: 0
[2026-05-04T09:54:24Z] [SECTION] ============================================================
[2026-05-04T09:54:24Z] [INFO] 🚀 PHASE: ADVANCED OVERNIGHT LOOP
[2026-05-04T09:54:29Z] [INFO] 🔬 Advanced loop completed cycles: 0
[2026-05-04T09:54:29Z] [WARNING] ⚠️  Git commit skipped or failed (git not initialized?): Command '['git', '-C', '/home/avalonas/.hermes/gematria/unified_overnight_research', 'add', '.']' returned non-zero exit status 128.
[2026-05-04T09:54:29Z] [INFO] 
📊 CYCLE #93 SUMMARY
[2026-05-04T09:54:29Z] [INFO] ✅ Successful tasks: 7/7
[2026-05-04T09:54:29Z] [INFO] ⏱️  Cycle duration: 6.44s
[2026-05-04T09:54:29Z] [INFO]    ⚠️ task: result
[2026-05-04T09:54:29Z] [INFO]    ⚠️ task: result
[2026-05-04T09:54:29Z] [INFO]    ⚠️ task: result
[2026-05-04T09:54:29Z] [INFO]    ⚠️ task: result
[2026-05-04T09:54:29Z] [INFO]    ⚠️ task: result
[2026-05-04T09:54:29Z] [INFO]    ⚠️ task: result
[2026-05-04T09:54:29Z] [INFO]    ⚠️ task: result
[2026-05-04T09:54:29Z] [HEADER] ================================================================================
[2026-05-04T09:54:29Z] [INFO] 🔄 OVERNIGHT RESEARCH PIPELINE - CYCLE #94
[2026-05-04T09:54:29Z] [INFO] ================================================================================
[2026-05-04T09:54:29Z] [HEADER] ============================================================
[2026-05-04T09:54:29Z] [INFO] 🌙 STARTING OVERNIGHT RESEARCH CYCLE #94
[2026-05-04T09:54:29Z] [INFO] 🔍 Running overnight research protocol (web scraping + cross-symbol analysis)...
[2026-05-04T09:54:30Z] [INFO] 📊 Cycle duration: 0.10s, Files generated: 0
[2026-05-04T09:54:30Z] [WARNING] ⚠️ Database not initialized for cycle counting
[2026-05-04T09:54:30Z] [INFO] 💾 Database updated with cycle results
[2026-05-04T09:54:30Z] [SECTION] ============================================================
[2026-05-04T09:54:30Z] [INFO] 🔮 PHASE: HIDDEN LAYERING DETECTION
[2026-05-04T09:54:30Z] [INFO] 🔗 Hidden layering detection complete. Connections identified: 2
[2026-05-04T09:54:30Z] [SECTION] ============================================================
[2026-05-04T09:54:30Z] [INFO] 🔬 PHASE: DOMAIN CORRELATION ANALYSIS
[2026-05-04T09:54:30Z] [INFO] 📊 Domain correlation matrices created: 1
[2026-05-04T09:54:30Z] [SECTION] ============================================================
[2026-05-04T09:54:30Z] [INFO] 🖼️  PHASE: IMAGE-SEED ANALYSIS
[2026-05-04T09:54:30Z] [INFO] 📂 Image seed analysis bootstrapping from 8 images...
[2026-05-04T09:54:30Z] [SECTION] ============================================================
[2026-05-04T09:54:30Z] [INFO] 📤 PHASE: PUSH COMPONENTS TO TOLARIA
[2026-05-04T09:54:31Z] [INFO] 📦 Components pushed to Tolaria: 5
[2026-05-04T09:54:31Z] [SECTION] ============================================================
[2026-05-04T09:54:31Z] [INFO] 🧩 PHASE: COMPOSER - DOMAIN INTEGRATION SYNTHESIS
[2026-05-04T09:54:31Z] [INFO] 🎨 Domain integrations synthesized: 0
[2026-05-04T09:54:31Z] [SECTION] ============================================================
[2026-05-04T09:54:31Z] [INFO] 🚀 PHASE: ADVANCED OVERNIGHT LOOP
